timestamp,invalid_x,global_vision_vx,invalid_y,global_vision_vy,t_s,global_vision_speed
1781277524434.0,0.0,-2.44758,0.0,-1.49242,0.0,2.866699376076954
1781277524442.0,-24.6649,-2.00427,14.4211,-2.45174,0.008,3.1667218476683425
1781277524459.0,-45.4363,-3.47739,34.6533,-4.36284,0.025,5.579123056332421
1781277524465.0,-61.0048,-3.08381,60.2109,-2.04531,0.031,3.7004293145795937
1781277524475.0,-75.5747,-3.34205,85.7303,-2.27057,0.041,4.040394328206098
1781277524492.0,-92.9368,-1.39747,108.494,-0.719487,0.058,1.5718091309281161
1781277524509.0,-109.467,0.446017,131.927,0.662417,0.075,0.7985783907532185
1781277524515.0,-125.741,0.0846296,155.529,1.6006,0.081,1.6028357773634079
1781277524529.0,-141.517,-0.450773,179.493,1.91268,0.095,1.965080425816969
1781277524541.0,-156.971,0.0379977,203.673,1.02201,0.107,1.022716121563208
1781277524560.0,-171.7,1.59609,228.368,1.87348,0.126,2.461184795682762
1781277524568.0,-185.515,3.03848,253.692,1.40632,0.134,3.3481482423572584
1781277524591.0,-199.436,2.6988,278.884,0.588966,0.157,2.7623182997540305
1781277524601.0,-212.085,2.40836,304.925,-0.218876,0.167,2.4182854655677026
1781277524626.0,-223.763,2.94741,331.557,0.882551,0.192,3.0767063518803677
1781277524634.0,-234.718,1.99271,358.582,1.6548,0.2,2.5902231919469796
1781277524640.0,-246.104,0.0312782,385.243,0.837944,0.206,0.838527562415953
1781277524659.0,-256.867,-0.267203,412.235,-0.452587,0.225,0.52557819187824
1781277524675.0,-266.363,-1.75517,439.932,0.148466,0.241,1.761438015388563
1781277524692.0,-274.821,-0.528361,468.153,-0.04143,0.258,0.5299828216282109
1781277524702.0,-282.468,-3.00613,496.732,-0.315753,0.268,3.0226672879939995
1781277524711.0,-293.795,-1.77234,523.149,0.254059,0.277,1.7904566599281313
1781277524725.0,-307.35,-1.10362,548.304,0.0203134,0.291,1.1038069299563036
1781277524742.0,-323.887,1.19881,571.782,-0.220773,0.308,1.2189692915036867
1781277524758.0,-337.134,0.243237,597.113,-0.424803,0.324,0.4895118251666654
1781277524766.0,-352.678,2.01229,621.146,-0.730997,0.332,2.140950176465814
1781277524777.0,-365.913,3.23179,646.486,-0.893343,0.343,3.3529879689239865
1781277524791.0,-382.42,2.0514,669.968,-0.879803,0.357,2.2321055707132222
1781277524807.0,-393.811,1.30864,696.357,-0.263169,0.373,1.3348395304908378
1781277524816.0,-408.647,1.2493,720.79,0.799591,0.382,1.4832721453870157
1781277524828.0,-420.667,1.42892,746.815,-0.325381,0.394,1.4654982639228884
1781277524840.0,-433.977,1.09064,772.11,-1.66892,0.406,1.993687431870904
1781277524859.0,-448.125,-1.20945,796.933,-1.38319,0.425,1.8373850654122559
1781277524875.0,-464.314,0.313051,820.605,-3.37422,0.441,3.388710896048968
1781277524892.0,-476.902,0.936931,846.308,-1.66035,0.458,1.9064631707066886
1781277524902.0,-492.152,1.47398,870.509,-1.57774,0.468,2.159138844076499
1781277524910.0,-488.206,2.29472,872.728,-0.746222,0.476,2.4130037612245863
1781277524925.0,-488.209,-0.467941,872.727,-3.57453,0.491,3.605028918106067
1781277524941.0,-486.641,-2.57248,873.602,-2.53976,0.507,3.6149736109686885
1781277524950.0,-489.427,-2.92578,872.044,-1.4563,0.516,3.268179661279349
1781277524960.0,-486.996,-2.48356,873.404,0.104818,0.526,2.485770924024175
1781277524975.0,-487.351,-1.25009,873.206,-0.0402039,0.541,1.2507363277986332
1781277524991.0,-487.785,-1.55701,872.964,1.75817,0.557,2.348497794122873
1781277525007.0,-487.243,-0.322225,873.266,1.45317,0.573,1.4884663246190692
1781277525026.0,-484.949,0.577169,874.542,1.20393,0.592,1.3351297687719348
1781277525033.0,-487.076,0.308037,873.36,0.876965,0.599,0.9294914763428441
1781277525043.0,-486.324,-2.59264,873.778,-1.29696,0.609,2.898945913810742
1781277525060.0,-489.717,-1.26012,871.882,-1.15277,0.626,1.7078586262627244
1781277525076.0,-486.76,0.418088,873.536,-1.60429,0.642,1.6578733304580298
1781277525084.0,-490.411,1.88883,871.491,-0.514832,0.65,1.9577361306171983
1781277525097.0,-488.239,1.77084,872.71,-1.1888,0.663,2.1328665559757836
1781277525111.0,-490.776,2.89847,871.286,0.768053,0.677,2.998505252906688
1781277525126.0,-485.553,0.237013,874.207,0.852443,0.692,0.8847791986806651
1781277525138.0,-488.269,-0.501815,872.693,0.930877,0.704,1.0575208193477799
1781277525150.0,-485.771,-1.37318,874.086,0.0933184,0.716,1.376347207712705
1781277525165.0,-489.044,-1.41311,872.259,0.837487,0.731,1.6426394453041118
1781277525177.0,-487.457,-0.691106,873.147,1.48527,0.743,1.6381863374280718
1781277525191.0,-490.603,-0.652523,871.383,0.609733,0.757,0.8930624820347118
1781277525210.0,-489.056,-0.0630547,872.253,1.39552,0.776,1.396943794714766
1781277525226.0,-492.659,0.360066,870.222,1.9574,0.792,1.990241765302899
1781277525232.0,-491.684,0.1232,870.774,0.935477,0.798,0.9435546923888408
1781277525245.0,-490.534,-0.0579428,871.422,1.87607,0.811,1.8769645742452998
1781277525260.0,-488.25,-0.216441,872.704,2.53193,0.826,2.54116434560636
1781277525276.0,-490.419,-0.332793,871.487,2.95357,0.842,2.972259565675414
1781277525292.0,-488.144,-0.946558,872.763,2.43944,0.858,2.6166466251605316
1781277525301.0,-489.141,-0.649742,872.204,0.828421,0.867,1.0528276306238358
1781277525313.0,-489.319,-0.455716,872.105,-0.67409,0.879,0.8136795442654313
1781277525327.0,-491.08,-0.31757,871.114,-1.72258,0.893,1.751608563949149
1781277525342.0,-488.468,-0.825617,872.582,-1.83272,0.908,2.010100999723397
1781277525358.0,-491.881,-0.653485,870.662,-1.68351,0.924,1.8058927336154271
1781277525377.0,-490.337,0.727662,871.533,-3.86913,0.943,3.9369606225036087
1781277525383.0,-492.643,2.54268,870.231,-1.70583,0.949,3.0618748457930147
1781277525393.0,-489.017,0.56657,872.274,-0.702417,0.959,0.9024362618983127
1781277525410.0,-490.673,-0.467653,871.344,-0.527162,0.976,0.7046978804090445
1781277525427.0,-488.22,-0.376073,872.72,-0.52509,0.993,0.6458718212068087
1781277525434.0,-489.275,0.212445,872.129,1.84348,1.0,1.855680842285386
1781277525447.0,-491.228,-0.0116855,871.031,2.16838,1.013,2.1684114866210815
1781277525462.0,-493.188,-1.01407,869.923,1.22604,1.028,1.5910726088082845
1781277525476.0,-491.105,0.487514,871.1,2.5343,1.042,2.580764690977463
1781277525493.0,-493.047,-1.61447,870.002,3.23975,1.059,3.619736653874146
1781277525509.0,-488.725,-0.169093,872.438,3.88102,1.075,3.8847018782718705
1781277525517.0,-489.234,-0.476503,872.152,3.20702,1.083,3.2422264556025384
1781277525530.0,-487.136,-0.803153,873.326,1.41844,1.096,1.6300388875756922
1781277525542.0,-488.217,-1.11453,872.722,0.0191501,1.108,1.1146945084775515
1781277525561.0,-485.875,-1.03827,874.028,0.404631,1.127,1.1143297712351583
1781277525574.0,-487.139,-1.53118,873.324,-0.168901,1.14,1.5404673771946615
1781277525583.0,-482.83,-1.85638,875.714,-0.55703,1.149,1.9381509552405871
1781277525595.0,-483.18,-1.22721,875.521,1.743,1.161,2.131687919020981
1781277525610.0,-482.56,-0.361161,875.863,0.867863,1.176,0.9400124758161458
1781277525625.0,-488.183,-1.52915,872.741,0.165753,1.191,1.5381072067671355
1781277525643.0,-487.349,0.167463,873.207,-0.607107,1.209,0.6297799344358312
1781277525660.0,-490.162,1.97024,871.631,-0.482858,1.226,2.028545662725885
1781277525668.0,-487.76,0.727519,872.978,-0.97625,1.234,1.2175171283645252
1781277525678.0,-489.001,2.30742,872.283,-1.59145,1.244,2.803016260905384
1781277525692.0,-489.123,0.585981,872.215,-0.502946,1.258,0.7722230320814059
1781277525709.0,-493.003,-0.328079,870.027,0.778788,1.275,0.8450719372840397
1781277525726.0,-488.801,0.684821,872.395,0.725469,1.292,0.9976397506124143
1781277525742.0,-492.429,0.724207,870.352,-0.308831,1.308,0.7873070337612894
1781277525759.0,-489.715,-0.393642,871.883,-0.420304,1.325,0.5758554302774265
1781277525767.0,-492.426,-0.996629,870.354,-0.85786,1.333,1.3149878871080904
1781277525775.0,-492.135,-1.49701,870.519,-0.72442,1.341,1.663076449385295
1781277525792.0,-495.497,-0.0911687,868.609,-1.75533,1.358,1.757695975064997
1781277525808.0,-492.736,0.0266219,870.179,0.138418,1.374,0.14095484483908316
1781277525816.0,-493.756,-0.718547,869.601,1.8381,1.382,1.9735555227074308
1781277525827.0,-491.168,2.64496,871.065,0.690397,1.393,2.7335803297523564
1781277525843.0,-490.7,3.74324,871.328,0.841897,1.409,3.836748135623317
1781277525859.0,-489.803,4.38796,871.833,0.137061,1.425,4.3901000762307225
1781277525876.0,-492.28,3.38819,870.437,-0.853848,1.442,3.494121904456683
1781277525882.0,-489.527,4.9814,871.988,-0.86297,1.448,5.055597213079776
1781277525895.0,-493.223,4.7267,869.903,-1.41091,1.461,4.932784195370805
1781277525911.0,-490.319,3.64474,871.543,-1.87046,1.477,4.096675515488138
1781277525926.0,-492.632,2.94346,870.238,-2.52177,1.492,3.87598770695935
1781277525944.0,-491.38,2.42821,870.945,-2.275,1.51,3.327435770093842
1781277525952.0,-493.162,1.0926,869.937,-1.24824,1.518,1.6588784939229275
1781277525964.0,-489.706,0.0522949,871.887,-0.401289,1.53,0.40468211980146834
1781277525976.0,-490.845,1.1806,871.247,-1.79489,1.542,2.1483590184370955
1781277525993.0,-489.165,1.79131,872.191,0.167362,1.559,1.799111323721798
1781277526009.0,-487.579,1.16852,873.079,2.81667,1.575,3.0494374693211856
1781277526015.0,-485.2,-0.267731,874.403,1.12858,1.581,1.1599020237765774
1781277526028.0,-488.944,-0.246692,872.315,1.76694,1.594,1.7840778868827447
1781277526042.0,-487.723,-2.42101,872.998,1.45718,1.608,2.8257145950184
1781277526059.0,-491.667,-1.84075,870.783,0.659047,1.625,1.9551735244496844
1781277526076.0,-489.059,-1.98639,872.251,0.238283,1.642,2.0006309055368012
1781277526092.0,-491.252,-3.95966,871.017,0.542743,1.658,3.9966832848812275
1781277526101.0,-487.92,-5.13748,872.888,0.690314,1.667,5.18365066039331
1781277526111.0,-491.23,-3.05229,871.03,0.275578,1.677,3.0647051209184877
1781277526125.0,-489.359,-4.03296,872.082,-0.519385,1.691,4.066266978424436
1781277526142.0,-490.326,-4.04774,871.539,0.247539,1.708,4.055302043513035
1781277526158.0,-486.886,-3.49235,873.466,0.254096,1.724,3.501581542634128
1781277526166.0,-489.573,-2.58194,871.962,-1.0668,1.732,2.7936492986056787
1781277526177.0,-488.771,0.253547,872.412,-1.56065,1.743,1.5811117935519299
1781277526191.0,-490.329,-0.431971,871.537,-2.82045,1.757,2.853337895753148
1781277526209.0,-488.189,0.215411,872.738,-1.79947,1.775,1.812317350747655
1781277526226.0,-489.464,-0.200669,872.024,0.467311,1.792,0.5085741030390754
1781277526232.0,-490.289,0.78136,871.56,-0.716941,1.798,1.060437573401188
1781277526244.0,-490.811,1.21728,871.266,-0.41293,1.81,1.2854111339567587
1781277526261.0,-489.669,2.55533,871.908,0.0837596,1.827,2.5567023838319862
1781277526275.0,-491.908,2.19294,870.647,1.18514,1.841,2.492697868414863
1781277526292.0,-491.709,1.90376,870.76,0.15274,1.858,1.909877390096024
1781277526309.0,-495.72,1.43346,868.482,0.463001,1.875,1.5063789355938964
1781277526317.0,-493.394,1.00986,869.806,0.714041,1.883,1.236799001164296
1781277526329.0,-495.572,0.477425,868.567,-0.361214,1.895,0.598673687764044
1781277526344.0,-487.757,2.23315,872.979,1.60371,1.91,2.749335317235786
1781277526360.0,-491.526,0.957003,870.863,2.01872,1.926,2.234073673899095
1781277526375.0,-491.903,0.240195,870.65,1.36634,1.941,1.3872918343394802
1781277526391.0,-495.152,-0.56547,868.806,0.96932,1.957,1.1222021133913445
1781277526399.0,-491.621,-0.878772,870.809,-1.92141,1.965,2.112831421596148
1781277526410.0,-492.745,-1.11713,870.173,-1.329,1.976,1.7361510409235712
1781277526427.0,-491.782,-0.564358,870.718,-1.25625,1.993,1.3771942545131388
1781277526443.0,-491.921,1.3142,870.64,-2.93371,2.009,3.2146191071571764
1781277526459.0,-489.441,1.77784,872.036,-3.72362,2.025,4.126264772163803
1781277526468.0,-491.553,0.469746,870.848,-4.59933,2.034,4.623256185137916
1781277526478.0,-489.328,0.703176,872.1,-5.20023,2.044,5.247556435130164
1781277526492.0,-491.902,-1.3089,870.651,-3.03566,2.058,3.305820752188479
1781277526511.0,-489.451,-3.43086,872.031,-0.730919,2.077,3.507854461656156
1781277526517.0,-491.908,-2.23437,870.647,0.154281,2.083,2.239690140144614
1781277526530.0,-488.608,-2.88775,872.503,1.30173,2.096,3.1675859981064445
1781277526542.0,-491.933,-2.30807,870.633,2.52057,2.108,3.4176688326694262
1781277526558.0,-489.557,-1.43413,871.971,2.35766,2.124,2.759581405304073
1781277526575.0,-490.541,-2.35408,871.418,0.706724,2.141,2.4578753952501335
1781277526592.0,-489.46,-2.96212,872.026,-0.51873,2.158,3.0071973176531004
1781277526600.0,-492.67,-1.13028,870.216,0.728259,2.166,1.3445795065673878
1781277526610.0,-489.005,-3.28426,872.281,0.229885,2.176,3.292295682472187
1781277526626.0,-493.304,-1.47889,869.857,1.04202,2.192,1.8091216964317243
1781277526643.0,-492.34,0.0711609,870.403,0.749105,2.209,0.7524773582731975
1781277526660.0,-491.822,2.71408,870.696,3.82287,2.226,4.688343554316386
1781277526666.0,-489.835,3.896,871.815,2.37898,2.232,4.564905457991435
1781277526679.0,-491.801,3.53741,870.708,-0.0215199,2.245,3.537475457751758
1781277526693.0,-487.974,3.27716,872.858,-1.30713,2.259,3.5282242704369002
1781277526709.0,-489.197,2.93241,872.173,-2.18722,2.275,3.6582727804935486
1781277526726.0,-486.054,2.0481,873.929,-2.73051,2.292,3.413268004435046
1781277526742.0,-488.043,2.21566,872.82,-1.26879,2.308,2.553228798932834
1781277526750.0,-486.085,0.950985,873.911,-1.03634,2.316,1.40654650325718
1781277526760.0,-489.324,-0.0431145,872.102,-0.797303,2.326,0.798467866553971
1781277526775.0,-487.96,-1.11147,872.866,-0.147068,2.341,1.1211576862885968
1781277526791.0,-490.304,-1.92051,871.551,-0.694685,2.357,2.0422893794281456
1781277526808.0,-491.03,-0.23805,871.143,0.000375761,2.374,0.23805029656845447
1781277526816.0,-494.234,0.533574,869.329,-0.598698,2.382,0.8019604159059224
1781277526826.0,-493.755,0.0808449,869.601,-1.1545,2.392,1.1573271567953507
1781277526843.0,-495.704,-1.26441,868.491,-0.226176,2.409,1.2844797511350656
1781277526859.0,-490.702,-1.58235,871.327,0.183109,2.425,1.592909422528789
1781277526876.0,-492.518,-0.925575,870.302,1.28987,2.442,1.587593681495678
1781277526882.0,-491.733,0.536299,870.746,0.727701,2.448,0.9039719922663534
1781277526894.0,-491.97,0.558581,870.612,1.39281,2.46,1.500644004972865
1781277526909.0,-489.243,1.01272,872.147,1.95949,2.475,2.205720485124985
1781277526926.0,-491.009,0.506746,871.155,2.87175,2.492,2.9161172080381133
1781277526942.0,-491.292,-1.21651,870.995,2.33706,2.508,2.634719344389455
1781277526950.0,-493.223,-1.09212,869.903,2.59158,2.516,2.8122967465756523
1781277526962.0,-490.591,0.439416,871.39,2.92386,2.528,2.9566947290269923
1781277526975.0,-492.82,2.53903,870.131,1.33858,2.541,2.8702734638532266
1781277526991.0,-490.385,0.189678,871.506,1.30644,2.557,1.3201375751352584
1781277527008.0,-495.317,-0.768746,868.712,1.27036,2.574,1.4848518249697509
1781277527024.0,-490.844,-0.468983,871.247,0.124108,2.59,0.4851266329042346
1781277527032.0,-493.147,-0.00312769,869.946,-1.18657,2.598,1.1865741221452353
1781277527043.0,-489.437,-0.803605,872.039,-3.38228,2.609,3.4764348108982284
1781277527059.0,-492.058,-0.780019,870.562,-3.75155,2.625,3.831782488980944
1781277527076.0,-488.345,1.75916,872.651,-2.64515,2.642,3.1767062231342704
1781277527093.0,-491.714,1.94388,870.757,-2.16229,2.659,2.9076051139210772
1781277527100.0,-488.629,1.24305,872.492,-0.193242,2.666,1.2579808317553969
1781277527111.0,-489.201,1.00292,872.171,-1.03535,2.677,1.4414569535369415
1781277527125.0,-488.345,0.388628,872.651,-0.869625,2.691,0.9525121327358512
1781277527142.0,-491.662,-1.93506,870.786,-0.00565873,2.708,1.9350682739441554
1781277527158.0,-489.483,-0.652356,872.013,2.02456,2.724,2.1270664174717253
1781277527166.0,-490.242,0.530529,871.586,1.53251,2.732,1.6217422483061235
1781277527178.0,-489.893,-2.4235,871.782,1.68186,2.744,2.949916152977911
1781277527191.0,-492.881,-3.26515,870.097,2.40216,2.757,4.053588186792043
1781277527207.0,-488.937,-0.591716,872.319,0.457166,2.773,0.7477490061591523
1781277527226.0,-492.416,-2.51405,870.36,0.202816,2.792,2.522217621926387
1781277527232.0,-489.363,-2.05751,872.08,-1.4849,2.798,2.53737569352668
1781277527248.0,-491.202,-0.773969,871.045,-0.394663,2.814,0.8687847239276253
1781277527261.0,-489.743,-0.147868,871.867,-1.56003,2.827,1.567022190756723
1781277527275.0,-491.791,-0.219642,870.713,-1.56921,2.841,1.5845070628634006
1781277527292.0,-488.053,-0.485226,872.814,-2.75486,2.858,2.797266145842401
1781277527308.0,-490.607,-0.322918,871.381,0.543431,2.874,0.6321339149934925
1781277527316.0,-488.264,-1.14078,872.696,0.0473169,2.882,1.1417608757641022
1781277527327.0,-490.426,0.00963509,871.483,-1.08511,2.893,1.085152775907295
1781277527341.0,-489.621,-0.937885,871.935,0.884732,2.907,1.2893327673835797
1781277527358.0,-491.52,-0.538256,870.866,0.744547,2.924,0.9187326905825219
1781277527374.0,-489.573,-1.53153,871.962,1.45688,2.94,2.113784160055137
1781277527383.0,-490.207,-1.92182,871.606,0.582444,2.949,2.0081417095255008
1781277527395.0,-487.898,0.915195,872.9,0.177267,2.961,0.9322046327464802
1781277527408.0,-488.888,1.14302,872.346,0.738008,2.974,1.360569927811136
1781277527426.0,-486.481,0.772593,873.691,0.733927,2.992,1.065621314059549
1781277527443.0,-488.587,2.41191,872.515,0.483397,3.009,2.4598744902350203
1781277527459.0,-487.474,3.03346,873.137,-1.68981,3.025,3.4723676947725455
1781277527467.0,-489.555,3.43521,871.972,-1.0982,3.033,3.6064818014375173
1781277527478.0,-486.816,3.58625,873.504,-0.571274,3.044,3.631465688337975
1781277527492.0,-488.58,2.06375,872.519,-1.08851,3.058,2.3332205387832503
1781277527509.0,-487.434,1.75006,873.16,-1.60619,3.075,2.375406558823142
1781277527517.0,-489.462,1.42529,872.025,-1.90076,3.083,2.3757820105598917
1781277527529.0,-487.061,0.178534,873.368,-1.2968,3.095,1.309031943520096
1781277527546.0,-490.295,-1.02939,871.556,-1.30893,3.112,1.6652151563686897
1781277527558.0,-488.866,-1.39713,872.359,-0.850966,3.124,1.6358836664188563
1781277527574.0,-492.245,-1.63819,870.456,-0.441315,3.14,1.696592292015085
1781277527591.0,-491.067,0.126035,871.122,0.891477,3.157,0.9003421920325627
1781277527599.0,-495.165,0.693297,868.799,1.55059,3.165,1.6985258544717534
1781277527609.0,-491.653,-1.19249,870.791,1.40322,3.175,1.8414827635631021
1781277527626.0,-492.605,0.319252,870.253,0.103966,3.192,0.335754029998152
1781277527642.0,-486.934,0.127427,873.439,0.269971,3.208,0.2985330487065042
1781277527658.0,-489.884,-0.868259,871.788,-0.429182,3.224,0.9685405929567433
1781277527675.0,-485.067,-2.07787,874.477,0.397819,3.241,2.1156095324187305
1781277527681.0,-489.32,-0.297225,872.104,-0.282659,3.247,0.4101692466604487
1781277527692.0,-488.312,0.854392,872.669,1.54937,3.258,1.7693312540516541
1781277527708.0,-491.21,1.43087,871.041,3.63804,3.274,3.909312471330477
1781277527725.0,-489.097,1.76664,872.229,5.0807,3.291,5.3790825778751525
1781277527741.0,-491.423,1.83645,870.921,3.73208,3.307,4.15944343980057
1781277527749.0,-491.788,0.83713,870.715,0.266692,3.315,0.878584805106485
1781277527759.0,-494.002,-1.45515,869.46,0.445928,3.325,1.521943922647612
1781277527774.0,-492.384,-1.70458,870.378,-0.453402,3.34,1.763849866061168
1781277527792.0,-493.808,-3.88842,869.571,-0.842002,3.358,3.978539614532448
1781277527809.0,-492.183,-2.76929,870.492,-0.330158,3.375,2.7889014699454693
1781277527825.0,-492.691,-0.847309,870.204,-1.11088,3.391,1.397135253252526
1781277527831.0,-487.466,-1.02336,873.142,-0.734875,3.397,1.259883707024184
1781277527842.0,-488.399,1.59654,872.62,0.254501,3.408,1.6166974765245972
1781277527858.0,-484.345,0.349321,874.877,1.47319,3.424,1.5140389483566794
1781277527875.0,-488.803,1.01669,872.394,1.60208,3.441,1.8974506271573972
1781277527883.0,-487.042,2.50927,873.378,1.65353,3.449,3.0050952387237246
1781277527893.0,-488.823,3.07613,872.383,2.28048,3.459,3.829251207129143
1781277527908.0,-487.979,2.29743,872.855,2.13506,3.474,3.136345932530402
1781277527924.0,-489.998,2.44869,871.723,0.84543,3.49,2.5905278614598997
1781277527941.0,-487.33,2.16959,873.218,0.823411,3.507,2.320587521086201
1781277527949.0,-490.613,1.86488,871.377,0.799473,3.515,2.0290230388364248
1781277527961.0,-489.314,-0.176983,872.108,0.861839,3.527,0.879823530152496
1781277527976.0,-491.153,0.112944,871.073,-0.0213563,3.542,0.11494537261538632
1781277527992.0,-491.375,1.30697,870.948,0.189075,3.558,1.3205756080304527
1781277528009.0,-494.126,0.311488,869.39,1.25227,3.575,1.290428195229785
1781277528017.0,-487.949,0.513545,872.872,2.1939,3.583,2.253203425575463
1781277528029.0,-489.773,0.63475,871.85,2.83627,3.595,2.9064299536372795
1781277528042.0,-487.176,0.0321017,873.304,1.0897,3.608,1.0901727427994565
1781277528058.0,-487.763,-1.35997,872.976,0.902394,3.624,1.6321254033118902
1781277528075.0,-485.687,-2.40165,874.133,-1.19153,3.641,2.6809823690953287
1781277528091.0,-488.007,-2.22267,872.839,-2.02884,3.657,3.009394237134776
1781277528101.0,-486.769,-1.09692,873.531,-1.15524,3.667,1.5930514567960445
1781277528114.0,-489.947,-2.72904,871.752,1.09816,3.68,2.941702688444228
1781277528126.0,-488.658,-3.03235,872.475,0.0820911,3.692,3.0334609724206456
1781277528140.0,-492.163,-3.22811,870.503,-1.08274,3.706,3.4048524314131443
1781277528159.0,-488.264,-1.35568,872.696,-0.651066,3.725,1.50391329495952
1781277528167.0,-491.313,-1.08589,870.983,-0.7793,3.733,1.3365872893679633
1781277528177.0,-489.998,-0.203369,871.724,-1.98023,3.743,1.990645574445888
1781277528192.0,-492.369,0.548413,870.386,-1.94879,3.758,2.0244849425641576
1781277528209.0,-490.731,1.25992,871.311,-1.99979,3.775,2.363590161280081
1781277528225.0,-491.166,0.326718,871.066,0.834545,3.791,0.8962198438714689
1781277528241.0,-491.423,-0.666121,870.921,1.3443,3.807,1.500286531513564
1781277528249.0,-492.29,-0.164619,870.431,0.247945,3.815,0.29761743595764006
1781277528260.0,-490.048,-1.05954,871.695,-0.436696,3.826,1.1460054136067594
1781277528274.0,-490.837,0.523671,871.251,0.0613639,3.84,0.5272540606426943
1781277528291.0,-486.723,1.62763,873.556,2.92549,3.857,3.3477860082448516
1781277528309.0,-487.581,1.80483,873.078,0.370765,3.875,1.8425194745578675
1781277528326.0,-486.051,0.528909,873.93,-0.252521,3.892,0.5860986143320933
1781277528332.0,-488.216,0.941973,872.723,0.55131,3.898,1.0914466770433633
1781277528342.0,-487.664,2.25982,873.031,-3.24544,3.908,3.954701913671876
1781277528359.0,-490.379,2.09461,871.509,-2.6258,3.925,3.358901113772181
1781277528375.0,-488.451,0.664878,872.591,-1.51551,3.941,1.6549420881058043
1781277528381.0,-490.944,1.68411,871.191,-1.87926,3.947,2.523458864277363
1781277528394.0,-487.199,-1.22547,873.291,-1.22717,3.96,1.7342787924091099
1781277528408.0,-490.147,-2.25845,871.639,-2.87192,3.974,3.653562766519825
1781277528425.0,-487.519,-1.61362,873.112,-2.3996,3.991,2.8916863011744547
1781277528441.0,-489.82,-1.40982,871.824,-2.1391,4.007,2.5619018799321727
1781277528449.0,-487.361,-2.19563,873.2,-0.304317,4.015,2.2166190320821935
1781277528462.0,-490.296,2.4456,871.556,0.497283,4.028,2.4956461572284243
1781277528476.0,-489.943,3.36932,871.754,-0.410198,4.042,3.394197940840222
1781277528492.0,-494.275,3.51571,869.306,0.98065,4.058,3.649916605430869
1781277528509.0,-493.517,4.45216,869.736,2.11665,4.075,4.929699370965738
1781277528526.0,-496.009,1.99966,868.317,-0.112875,4.092,2.002843199360599
1781277528542.0,-492.221,2.18292,870.47,0.599587,4.108,2.2637677215140695
1781277528548.0,-491.687,1.14464,870.772,0.368886,4.114,1.2026128265555796
1781277528560.0,-486.92,0.816951,873.446,1.89862,4.126,2.066922069358446
1781277528575.0,-489.241,-0.503223,872.149,0.73856,4.141,0.8937025575262723
1781277528591.0,-486.522,-2.59129,873.668,0.799093,4.157,2.711703060209395
1781277528599.0,-485.677,-1.70091,874.138,0.392895,4.165,1.7456979432665318
1781277528610.0,-483.11,-0.534008,875.559,0.940134,4.176,1.0812106557096077
1781277528624.0,-485.321,-3.54177,874.336,0.101047,4.19,3.543211146560278
1781277528641.0,-485.299,-3.1284,874.348,-2.90891,4.207,4.271843155840346
1781277528659.0,-486.815,-1.19418,873.505,-0.609001,4.225,1.3405029244283655
1781277528665.0,-482.176,2.76937,876.074,-0.426236,4.231,2.801979179900522
1781277528678.0,-477.779,8.83277,878.48,-1.3071,4.244,8.928960537649386
1781277528692.0,-470.541,20.797,882.378,-1.20922,4.258,20.832124759812668
1781277528709.0,-464.215,39.0003,885.722,-7.15139,4.275,39.650545759448256
1781277528725.0,-452.111,65.0859,891.961,-13.9351,4.291,66.56095996017486
1781277528742.0,-443.291,96.9055,896.377,-20.2663,4.308,99.00201435294133
1781277528748.0,-428.667,133.547,903.461,-30.3688,4.314,136.9564354911444
1781277528758.0,-416.92,173.47,908.941,-42.8608,4.324,178.68656658137456
1781277528775.0,-406.777,223.329,913.525,-58.3381,4.341,230.8228241587257
1781277528791.0,-395.691,276.449,918.379,-76.2757,4.357,286.77871610614693
1781277528807.0,-386.505,332.231,922.28,-96.2002,4.373,345.878469756416
1781277528818.0,-374.887,390.807,927.061,-119.245,4.384,408.5945193881093
1781277528826.0,-368.737,454.737,929.52,-143.993,4.392,476.9902758107339
1781277528843.0,-360.698,522.186,932.664,-169.492,4.409,549.0043320958406
1781277528859.0,-356.686,593.103,934.201,-196.553,4.425,624.8233753773941
1781277528875.0,-351.87,662.269,936.019,-222.733,4.441,698.7204145078344
1781277528882.0,-350.93,732.775,936.364,-252.292,4.448,774.9906153554377
1781277528894.0,-347.077,806.911,937.791,-276.023,4.46,852.8153718419949
1781277528909.0,-350.945,882.338,936.34,-304.263,4.475,933.3254091757065
1781277528925.0,-351.258,956.755,936.212,-329.863,4.491,1012.0225930254719
1781277528942.0,-352.543,1027.7,935.716,-362.692,4.508,1089.8223602330795
1781277528958.0,-344.958,1102.69,938.526,-389.278,4.524,1169.3855640395088
1781277528966.0,-344.699,1169.2,938.606,-425.858,4.532,1244.3406592103306
1781277528977.0,-334.37,1241.01,942.319,-453.982,4.543,1321.440682143546
1781277528991.0,-329.355,1242.77,944.066,-467.088,4.557,1327.6477215903321
1781277529007.0,-318.848,1323.95,947.655,-515.669,4.573,1420.8300813471678
1781277529024.0,-318.025,1396.82,947.973,-570.98,4.59,1509.0143381691241
1781277529042.0,-292.59,1466.36,956.119,-622.957,4.608,1593.2002615644399
1781277529048.0,-289.878,1525.48,956.979,-684.253,4.614,1671.9124972345294
1781277529059.0,-260.214,1583.13,965.46,-742.861,4.625,1748.7547175693337
1781277529075.0,-251.977,1630.86,967.67,-813.625,4.641,1822.5504054003554
1781277529092.0,-218.423,1676.05,975.787,-874.463,4.658,1890.457389329101
1781277529108.0,-209.248,1713.11,977.819,-944.217,4.674,1956.0909015659267
1781277529114.0,-175.88,1750.59,984.365,-1004.05,4.68,2018.0886379443295
1781277529127.0,-168.075,1779.62,985.747,-1079.23,4.693,2081.2940054927367
1781277529141.0,-131.109,1806.69,991.339,-1147.05,4.707,2140.058984841306
1781277529158.0,-118.128,1824.62,992.983,-1226.27,4.724,2198.4031152861844
1781277529334.0,-760.504,2458.78,1725.87,-1407.76,4.9,2833.2644257110915
1781277529341.0,-639.675,2491.92,1674.98,-1423.91,4.907,2870.049646696029
1781277529358.0,-548.731,2533.25,1790.88,-1424.81,4.924,2906.447848938632
1781277529374.0,-437.412,2576.89,1730.91,-1418.03,4.94,2941.2873292148797
1781277529391.0,-491.158,2602.03,1623.87,-1436.12,4.957,2972.036469375839
1781277529399.0,-520.902,2631.41,1520.35,-1445.79,4.965,3002.4368956232865
1781277529409.0,-552.754,2666.25,1413.44,-1436.45,4.975,3028.576838219562
1781277529426.0,-596.343,2702.23,1314.2,-1430.63,4.992,3057.572430834632
1781277529442.0,-711.771,2720.78,1367.1,-1455.3,5.008,3085.5375379988495
1781277529459.0,-729.55,2742.65,1275.55,-1463.64,5.025,3108.757158753318
1781277529475.0,-782.459,2783.23,1360.35,-1438.08,5.041,3132.801193708276
1781277529483.0,-911.127,2809.61,1398.05,-1432.51,5.049,3153.726882943417
1781277529492.0,-880.041,2835.48,1332.87,-1424.97,5.058,3173.402957599302
1781277529508.0,-999.12,2851.04,1371.62,-1428.52,5.074,3188.9023929872797
1781277529525.0,-1050.32,2895.05,1457.99,-1394.98,5.091,3213.6091397212576
1781277529531.0,-1080.59,2930.87,1345.0,-1375.73,5.097,3237.6892979098534
1781277529543.0,-1146.17,2953.25,1420.58,-1374.56,5.109,3257.46845818958
1781277529557.0,-1263.9,2972.53,1452.38,-1361.93,5.123,3269.677036925819
1781277529574.0,-1206.35,3005.98,1407.7,-1325.65,5.14,3285.3102871570595
1781277529592.0,-1341.51,3038.59,1420.84,-1298.27,5.158,3304.3205324241776
1781277529598.0,-1367.62,3057.06,1289.57,-1304.04,5.164,3323.57280124868
1781277529611.0,-1380.24,3157.24,1173.86,-1303.32,5.177,3415.6708623636437
1781277529625.0,-1402.27,3158.07,1049.28,-1289.57,5.191,3411.2163387566025
1781277529642.0,-1424.78,3169.86,925.408,-1259.51,5.208,3410.920383078444
1781277529659.0,-1451.99,3173.78,794.88,-1247.56,5.225,3410.1738140452608
1781277529664.0,-1475.16,3293.03,672.625,-1233.05,5.23,3516.313251603162
1781277529679.0,-1503.77,3276.13,538.796,-1213.98,5.245,3493.819574233907
1781277529691.0,-1528.76,3269.61,415.124,-1185.45,5.257,3477.878844151993
1781277529708.0,-1419.66,3270.07,391.56,-1158.41,5.274,3469.188886901375
1781277529724.0,-1446.37,3282.71,263.921,-1118.74,5.29,3468.1067070809686
1781277529740.0,-1474.11,3294.52,127.479,-1100.8,5.306,3473.560517739687
1781277529749.0,-1364.99,3316.17,105.35,-1063.85,5.315,3482.6369738173976
1781277529759.0,-1391.46,3340.19,-28.6929,-1037.79,5.325,3497.696001684538
1781277529775.0,-1417.26,3369.99,-160.44,-993.558,5.341,3513.401499894938
1781277529792.0,-1306.76,3399.02,-193.648,-976.307,5.358,3536.4547669451395
1781277529808.0,-1331.81,3435.45,-322.365,-939.25,5.374,3561.53158977988
1781277529825.0,-1354.57,3465.71,-458.213,-909.799,5.391,3583.138292684361
1781277529833.0,-1243.47,3502.71,-484.846,-864.492,5.399,3607.8142638118165
1781277529845.0,-1261.78,3537.8,-625.682,-840.35,5.411,3636.2366483082483
1781277529860.0,-1282.97,3568.9,-757.996,-843.788,5.426,3667.2912890775397
1781277529875.0,-1177.15,3587.12,-772.697,-884.188,5.441,3694.484850929017
1781277529891.0,-1212.76,3609.57,-885.457,-907.941,5.457,3722.009194558901
1781277529899.0,-1247.44,3839.98,-1002.75,-927.516,5.465,3950.409134590492
1781277529909.0,-1245.73,4015.72,-888.561,-927.101,5.475,4121.349703992734
1781277529924.0,-1269.93,4144.27,-1020.37,-930.386,5.49,4247.421799385599
1781277529942.0,-1401.88,4244.22,-1013.74,-898.229,5.508,4338.22760408453
1781277529948.0,-1286.65,4311.64,-1045.13,-851.441,5.514,4394.9051487012775
1781277529963.0,-1409.24,4349.34,-1051.95,-809.049,5.529,4423.9483179622475
1781277529975.0,-1424.53,4366.99,-1192.26,-781.305,5.541,4436.331723747109
1781277529992.0,-1417.66,4379.74,-1088.14,-718.575,5.558,4438.296125567221
1781277530008.0,-1425.87,4381.98,-1234.75,-632.371,5.574,4427.374142992773
1781277530025.0,-1536.29,4375.14,-1260.16,-508.898,5.591,4404.637010470216
1781277530034.0,-1392.98,4358.39,-1313.74,-348.302,5.6,4372.285177719313
1781277530044.0,-1214.54,4329.0,-1372.98,-186.182,5.61,4333.001815961309
1781277530058.0,-1030.9,4293.86,-1423.37,92.3748,5.624,4294.853525240999
1781277530075.0,-805.325,4239.66,-1484.4,389.175,5.641,4257.484479857208
1781277530093.0,-565.219,4163.4,-1526.59,686.428,5.659,4219.606967382626
1781277530109.0,-321.978,4072.13,-1542.37,985.799,5.675,4189.754456445032
1781277530126.0,-76.4241,3967.73,-1531.04,1253.04,5.692,4160.888197789025
1781277530132.0,158.688,3848.59,-1492.24,1517.43,5.698,4136.935918406279
1781277530143.0,391.361,3731.26,-1426.72,1739.65,5.709,4116.87785950713
1781277530159.0,603.354,3600.28,-1340.17,1967.93,5.725,4103.018957219184
1781277530175.0,768.419,3486.87,-1168.13,2145.73,5.741,4094.1934040540878
1781277530182.0,899.03,3366.14,-995.946,2301.32,5.748,4077.6184522340977
1781277530196.0,1008.21,3255.9,-820.165,2431.28,5.762,4063.4969236360944
1781277530211.0,1092.41,3185.01,-650.322,2497.5,5.777,4047.4430138174894
1781277530225.0,1152.58,3131.14,-497.999,2544.45,5.791,4034.633007114773
1781277530242.0,1199.09,3101.06,-356.821,2544.9,5.808,4011.6192657828337
1781277530250.0,1234.19,3089.43,-234.734,2515.38,5.816,3983.932011129206
1781277530260.0,1263.6,3114.68,-125.723,2433.01,5.826,3952.3118756621425
1781277530276.0,1126.82,3128.58,-52.837,2352.87,5.842,3914.589385018561
1781277530293.0,1160.8,3141.14,28.8523,2272.59,5.859,3877.03827782239
1781277530309.0,1033.83,3155.55,45.762,2174.77,5.875,3832.377898302828
1781277530317.0,962.903,3155.74,31.5092,2093.34,5.883,3786.920556758486
1781277530330.0,891.697,3145.27,22.8593,2004.95,5.896,3729.9527980123285
1781277530342.0,806.15,3116.3,14.2014,1943.77,5.908,3672.814656758492
1781277530359.0,720.458,3086.98,12.2023,1876.27,5.925,3612.4554853035906
1781277530375.0,634.785,3037.57,8.82219,1825.25,5.941,3543.7789247355713
1781277530394.0,549.538,2999.3,-84.3287,1763.67,5.96,3479.4155197245414
1781277530400.0,461.57,2944.17,-185.715,1713.57,5.966,3406.531833668959
1781277530414.0,372.168,2879.52,-282.988,1675.72,5.98,3331.6171672027385
1781277530429.0,282.167,2823.87,-377.844,1622.47,5.995,3256.785328786655
1781277530443.0,188.182,2769.59,-472.857,1561.41,6.009,3179.407170558688
1781277530459.0,88.8466,2724.63,-566.286,1480.74,6.025,3100.9997717671636
1781277530476.0,-18.6384,2581.87,-656.368,1372.29,6.042,2923.9070677776335
1781277530482.0,-125.097,2525.35,-742.711,1365.36,6.048,2870.818794716936
1781277530492.0,-132.002,2453.19,-842.863,1375.35,6.058,2812.424007613361
1781277530509.0,-152.8,2378.53,-940.754,1375.51,6.075,2747.6231038845194
1781277530526.0,-177.905,2225.67,-1037.89,1333.12,6.092,2594.3815993989783
1781277530531.0,-196.197,2032.92,-1136.19,1240.69,6.097,2381.611933649141
1781277530544.0,-218.588,1807.07,-1233.78,1133.21,6.11,2132.994816918222
1781277530559.0,-232.925,1575.8,-1332.79,1002.06,6.125,1867.423327368489
1781277530575.0,-252.316,1340.19,-1430.91,873.137,6.141,1599.5241345065726
1781277530591.0,-262.755,1118.55,-1530.6,738.189,6.157,1340.1780113928894
1781277530600.0,-279.484,908.772,-1629.19,614.658,6.166,1097.1194123467144
1781277530614.0,-286.562,721.672,-1729.4,495.539,6.18,875.4252544363796
1781277530629.0,-301.315,553.695,-1828.32,391.348,6.195,678.0349623205282
1781277530643.0,-305.803,410.135,-1928.89,296.677,6.209,506.1896488017115
1781277530660.0,-319.39,287.137,-2027.97,216.874,6.226,359.8360580111448
1781277530676.0,-322.089,186.269,-2128.74,148.114,6.242,237.9787750136554
1781277530682.0,-335.275,476.295,-2227.87,25.4175,6.248,476.97272074118666
1781277530692.0,-894.549,607.229,-2176.88,-199.977,6.258,639.3104558584977
1781277530708.0,-1315.56,576.497,-2071.32,-450.635,6.274,731.7244660621919
1781277530725.0,-1834.23,465.205,-1775.5,-641.648,6.291,792.5451709076273
1781277530741.0,-2162.43,336.353,-1536.63,-761.336,6.307,832.3255646109881
1781277530760.0,-2280.11,220.685,-1280.6,-820.981,6.326,850.1245035793287
1781277530766.0,-2323.71,109.559,-1119.49,-828.315,6.332,835.529121997552
1781277530776.0,-2359.45,23.0426,-954.843,-836.447,6.342,836.7643307549384
1781277530791.0,-2433.7,-50.1896,-1036.73,-839.721,6.357,841.2195633656887
1781277530810.0,-2480.44,-108.826,-1176.48,-814.181,6.376,821.4218155351123
1781277530818.0,-2542.21,-141.072,-1277.86,-818.163,6.384,830.236113255139
1781277530829.0,-2362.52,-145.509,-1453.56,-826.775,6.395,839.4818459657123
1781277530843.0,-2119.36,-139.344,-1676.75,-836.339,6.409,847.8677215562578
1781277530859.0,-1964.09,-126.337,-1999.0,-845.315,6.425,854.7037421200401
1781277530876.0,-1640.76,-111.639,-2183.19,-864.649,6.442,871.8263356437451
1781277530881.0,-1306.68,-93.5175,-2316.45,-880.659,6.447,885.610409315095
1781277530896.0,-969.93,-80.314,-2435.57,-892.819,6.462,896.4240655833598
1781277530908.0,-656.812,-77.7506,-2500.69,-913.514,6.474,916.8167668604017
1781277530925.0,-354.482,-82.7625,-2526.47,-936.215,6.491,939.8660317466793
1781277530941.0,-83.8939,-95.369,-2517.24,-959.311,6.507,964.0398544054079
1781277530960.0,153.389,-112.324,-2482.95,-983.573,6.526,989.965922294803
1781277530976.0,369.956,-141.056,-2430.26,-1009.49,6.542,1019.2972359601491
1781277530982.0,550.131,-177.522,-2367.22,-1025.54,6.548,1040.7912144536963
1781277530992.0,702.425,-224.73,-2298.81,-1042.32,6.558,1066.2713328698283
1781277531010.0,830.042,-273.781,-2228.94,-1059.69,6.576,1094.4856929448645
1781277531026.0,922.088,-318.772,-2166.49,-1073.52,6.592,1119.8485515390016
1781277531032.0,1035.58,-369.951,-2089.18,-1085.41,6.598,1146.725167815288
1781277531045.0,1131.43,-426.719,-2014.06,-1094.11,6.611,1174.3788984229068
1781277531061.0,1268.66,-477.384,-1896.51,-1104.68,6.627,1203.4173780762849
1781277531075.0,1401.06,-528.142,-1769.94,-1112.76,6.641,1231.7340580514935
1781277531094.0,1518.56,-574.97,-1642.15,-1117.24,6.66,1256.5093388033374
1781277531100.0,1634.31,-630.362,-1501.45,-1122.48,6.666,1287.3684792801166
1781277531112.0,1674.07,-673.006,-1432.55,-1125.94,6.678,1311.7461490837318
1781277531127.0,1769.0,-727.536,-1289.08,-1124.88,6.693,1339.650568505086
1781277531143.0,1741.39,-784.669,-1291.73,-1125.71,6.709,1372.198398068224
1781277531159.0,1709.03,-844.804,-1308.93,-1127.07,6.725,1408.5384564561948
1781277531176.0,1735.08,-903.048,-1252.73,-1124.72,6.742,1442.3906435858491
1781277531182.0,1764.22,-956.683,-1189.9,-1123.86,6.748,1475.9077417267652
1781277531193.0,1794.53,-1027.45,-1122.23,-1109.52,6.759,1512.1799274226596
1781277531209.0,1844.04,-1092.14,-1016.93,-1107.94,6.775,1555.7316038443137
1781277531225.0,1813.48,-1163.23,-1051.05,-1095.7,6.791,1598.0183111904569
1781277531242.0,1699.63,-1226.12,-869.449,-1092.05,6.808,1641.9328417752047
1781277531258.0,1598.34,-1301.07,-677.611,-1075.26,6.824,1687.8883886383007
1781277531267.0,1493.26,-1356.6,-508.903,-1071.99,6.833,1729.024615238314
1781277531276.0,1393.85,-1419.49,-337.96,-1051.99,6.842,1766.8148800029956
1781277531293.0,1292.92,-1414.35,-188.99,-993.72,6.859,1728.5442895396113
1781277531309.0,1194.49,-1350.75,-54.3233,-920.907,6.875,1634.8074091919818
1781277531326.0,1099.58,-1250.89,78.9197,-833.841,6.892,1503.3351606947135
1781277531332.0,1007.1,-1124.77,204.413,-744.535,6.898,1348.8661605678303
1781277531343.0,915.343,-991.365,327.134,-645.913,6.909,1183.2194077152387
1781277531359.0,827.027,-852.021,437.616,-552.771,6.925,1015.6257001878201
1781277531375.0,738.315,-719.084,545.105,-458.824,6.941,852.9954642505433
1781277531382.0,654.251,-591.769,641.977,-374.409,6.948,700.2661270131521
1781277531396.0,568.848,-477.21,735.696,-294.406,6.962,560.7176445734519
1781277531408.0,434.818,-373.625,666.851,-225.274,6.974,436.2843289656414
1781277531424.0,357.681,-284.389,755.214,-163.111,6.99,327.8449353612162
1781277531441.0,235.174,-207.477,681.3,-111.349,7.007,235.46826820189594
1781277531460.0,233.905,-143.773,743.725,-67.1766,7.026,158.6926939608752
1781277531476.0,244.312,-91.4424,799.147,-31.8952,7.042,96.84532152251859
1781277531482.0,203.276,-49.8883,696.98,-3.59047,7.048,50.01733651156267
1781277531492.0,213.973,-17.6738,754.981,17.7751,7.058,25.066259921456172
1781277531509.0,176.604,6.53221,654.206,33.4111,7.075,34.04366858454153
1781277531526.0,187.388,23.7297,714.581,44.0868,7.092,50.067400534978844
1781277531532.0,192.765,35.4834,773.137,50.4919,7.098,61.71307512326703
1781277531544.0,162.145,42.4041,669.76,53.6946,7.11,68.41942535545004
1781277531559.0,167.827,45.9843,730.625,54.0152,7.125,70.93798472983285
1781277531577.0,140.187,46.5297,628.877,52.5354,7.143,70.17821054465553
1781277531591.0,145.984,45.3052,691.863,49.341,7.157,66.98578526851797
1781277531599.0,153.714,42.4044,751.176,45.3732,7.165,62.10362644483815
1781277531612.0,125.272,121.954,648.56,-1033.61,7.178,1040.7797126270284
1781277531624.0,32.944,363.222,721.769,-1793.47,7.19,1829.8811060241046
1781277531643.0,-26.6316,543.401,780.941,-2293.69,7.209,2357.1801931335244
1781277531659.0,-42.0134,598.883,836.27,-2611.68,7.225,2679.4651089515983
1781277531665.0,-17.5319,464.775,890.286,-2793.9,7.231,2832.294654626351
1781277531680.0,60.8427,209.958,938.967,-2852.15,7.246,2859.8674766960794
1781277531692.0,176.554,-137.533,973.0,-2786.06,7.258,2789.4525716866024
1781277531709.0,330.612,-522.498,980.189,-2606.44,7.275,2658.295249516878
1781277531725.0,512.235,-887.073,948.209,-2319.38,7.291,2483.228159418502
1781277531742.0,706.228,-1176.82,867.777,-1960.02,7.308,2286.172284146582
1781277531750.0,890.235,-1376.67,740.406,-1572.47,7.316,2089.947891647062
1781277531760.0,1048.13,-1476.13,573.974,-1201.23,7.326,1903.1324940213701
1781277531775.0,1229.39,-1482.66,406.979,-891.769,7.341,1730.1828299231847
1781277531791.0,1374.91,-1453.37,235.881,-637.764,7.357,1587.144377993382
1781277531810.0,1493.83,-1406.36,59.2495,-403.331,7.376,1463.053090342589
1781277531816.0,1589.2,-1302.1,-135.943,-185.081,7.382,1315.1879662470303
1781277531829.0,1655.9,-1226.67,-361.965,-57.4188,7.395,1228.0131137302403
1781277531843.0,1715.12,-1153.26,-529.508,30.8667,7.409,1153.6729955966248
1781277531859.0,1776.09,-1094.91,-660.715,86.7636,7.425,1098.342310204319
1781277531876.0,1686.14,-1047.75,-694.52,112.385,7.442,1053.760148575092
1781277531884.0,1766.4,-1004.53,-761.547,118.086,7.45,1011.446896429071
1781277531896.0,1703.44,-971.316,-727.13,97.3844,7.462,976.1856858299859
1781277531908.0,1640.71,-959.808,-654.478,64.3272,7.474,961.9612183055199
1781277531925.0,1585.65,-961.085,-557.25,5.78859,7.491,961.1024321055421
1781277531941.0,1550.03,-965.751,-432.661,-56.5139,7.507,967.4031294626919
1781277531958.0,1431.62,-978.377,-291.352,-120.988,7.524,985.8294225032035
1781277531966.0,1470.16,-990.638,-194.064,-172.983,7.532,1005.6275480181517
1781277531981.0,1499.37,-1004.3,-114.897,-217.81,7.547,1027.6476468615106
1781277531993.0,1522.67,-1013.14,-52.6928,-243.558,7.559,1042.0043948870848
1781277532009.0,1542.29,-1022.62,-18.6308,-251.547,7.575,1053.103773428336
1781277532026.0,1560.26,-1031.26,-7.93313,-234.607,7.592,1057.609394837716
1781277532032.0,1577.04,-1036.57,-26.751,-208.977,7.598,1057.4255299684228
1781277532044.0,1592.37,-1032.66,-57.4964,-166.841,7.61,1046.050952335019
1781277532059.0,1605.51,-1017.9,-101.764,-112.438,7.625,1024.091164811024
1781277532076.0,1615.2,-989.469,-161.917,-69.7208,7.642,991.9223215119418
1781277532092.0,1623.0,-956.742,-214.683,-26.2974,7.658,957.1033422837683
1781277532108.0,1630.26,-915.336,-256.246,7.61149,7.674,915.3676461815876
1781277532117.0,1638.42,-864.606,-283.463,36.8171,7.683,865.3895273738931
1781277532125.0,1647.1,-806.577,-302.371,55.7049,7.691,808.4982948732854
1781277532141.0,1656.99,-744.959,-310.854,68.2031,7.707,748.0745781876362
1781277532158.0,1670.67,-675.193,-295.505,79.856,7.724,679.8989395380758
1781277532176.0,1683.78,-597.474,-279.177,80.6251,7.742,602.8893658259449
1781277532182.0,1698.4,-511.107,-248.154,81.1679,7.748,517.5119258909982
1781277532193.0,1711.97,-422.693,-216.503,76.6788,7.759,429.59167894459966
1781277532209.0,1724.28,-332.36,-186.441,71.3355,7.775,339.9292914125672
1781277532226.0,1736.7,-232.739,-143.382,60.9562,7.792,240.58906965911814
1781277532242.0,1748.22,-131.933,-88.995,42.9831,7.808,138.75829119231037
1781277532250.0,1757.92,-41.0497,-11.8729,37.6693,7.816,55.71403802077175
1781277532260.0,1764.41,48.6792,47.906,40.7806,7.826,63.50371523777172
1781277532275.0,1769.13,132.725,97.2927,49.0599,7.841,141.5019413754101
1781277532291.0,1771.33,218.54,156.351,51.7382,7.857,224.58088284455556
1781277532308.0,1771.39,305.036,214.332,61.8929,7.874,311.2518150411496
1781277532316.0,1766.69,392.46,288.485,71.278,7.882,398.8801886331283
1781277532328.0,1760.82,472.757,351.636,80.4689,7.894,479.5564877219471
1781277532342.0,1757.38,547.362,393.087,96.3261,7.908,555.7732240628455
1781277532359.0,1747.35,618.799,455.587,111.636,7.925,628.788357793781
1781277532375.0,1737.77,693.169,507.912,124.005,7.941,704.1736309930953
1781277532381.0,1723.11,721.303,570.055,132.478,7.947,733.3678737802741
1781277532394.0,1710.6,803.715,619.151,144.029,7.96,816.518312143702
1781277532408.0,1696.63,877.284,667.597,157.329,7.974,891.2797713944819
1781277532425.0,1685.02,949.536,706.365,173.493,7.991,965.2556326409082
1781277532441.0,1670.48,1023.9,749.049,185.483,8.007,1040.5648241647418
1781277532458.0,1659.72,1096.95,780.763,213.648,8.024,1117.5619760908116
1781277532466.0,1643.84,1164.12,821.058,226.481,8.032,1185.9464649641652
1781277532476.0,1484.22,1229.13,782.268,240.132,8.042,1252.367332025233
1781277532491.0,1479.22,1291.38,814.966,256.633,8.057,1316.6331307881478
1781277532508.0,1470.25,1357.16,852.295,269.264,8.074,1383.6135180374613
1781277532527.0,1462.5,1417.93,885.045,293.021,8.093,1447.890462480156
1781277532534.0,1311.8,1480.9,837.07,308.358,8.1,1512.663037878562
1781277532544.0,1310.41,1544.1,870.717,328.869,8.11,1578.7335523010208
1781277532559.0,1305.91,1607.49,906.406,347.525,8.125,1644.6269260002402
1781277532575.0,1303.09,1666.42,937.288,365.098,8.141,1705.9461204868107
1781277532592.0,1168.26,1727.23,870.728,378.588,8.158,1768.234245410941
1781277532608.0,1173.2,1785.48,900.9,395.782,8.174,1828.8198987117348
1781277532614.0,1046.76,1846.67,832.399,398.507,8.18,1889.179165126749
1781277532625.0,1060.54,1904.54,860.165,415.005,8.191,1949.2310693257996
1781277532641.0,1067.18,1964.62,894.12,441.256,8.207,2013.5636572842686
1781277532658.0,947.135,2017.62,823.029,461.046,8.224,2069.626507009417
1781277532674.0,958.667,2074.32,858.721,475.148,8.24,2128.0434874090333
1781277532682.0,850.627,2134.09,781.053,474.089,8.248,2186.115392201656
1781277532693.0,872.153,2189.19,812.651,478.367,8.259,2240.8453411132596
1781277532709.0,772.729,2247.29,732.327,469.4,8.275,2295.7893422742427
1781277532726.0,684.992,2305.86,648.872,461.97,8.292,2351.6816579843453
1781277532743.0,717.745,2366.87,683.83,446.051,8.309,2408.533805347353
1781277532749.0,633.815,2424.25,601.69,437.635,8.315,2463.435092655173
1781277532761.0,552.476,2481.02,525.344,410.301,8.327,2514.718105673278
1781277532776.0,477.837,2537.94,450.036,398.935,8.342,2569.1026795021253
1781277532792.0,403.369,2480.11,382.258,391.007,8.358,2510.743333387346
1781277532809.0,331.2,2568.84,319.342,382.668,8.375,2597.185735334306
1781277532825.0,266.162,2650.8,255.89,373.02,8.391,2676.9169879546134
1781277532835.0,256.477,2726.53,120.365,329.62,8.401,2746.382199421632
1781277532844.0,247.56,2792.33,-13.0569,323.498,8.41,2811.006543020489
1781277532854.0,236.766,2854.1,-136.606,302.673,8.42,2870.104136600099
1781277532873.0,224.094,2788.69,-255.371,288.46,8.439,2803.569347760101
1781277532883.0,267.772,2879.96,-320.509,278.137,8.449,2893.3596030167078
1781277532895.0,309.513,2960.05,-382.076,259.918,8.461,2971.4396122458893
1781277532909.0,345.473,3033.35,-443.354,226.672,8.475,3041.8074261997585
1781277532926.0,374.639,3098.48,-505.114,221.476,8.492,3106.385347791867
1781277532942.0,403.71,3154.58,-562.462,211.019,8.508,3161.629958543694
1781277532959.0,429.092,3202.48,-618.327,124.715,8.525,3204.90748409763
1781277532965.0,433.874,3232.87,-683.855,-15.3396,8.531,3232.9063921227535
1781277532978.0,419.789,3127.1,-755.461,-119.247,8.544,3129.372821670342
1781277532992.0,408.963,2924.88,-819.602,-213.466,8.558,2932.6593302932406
1781277533008.0,414.715,2982.08,-927.423,-548.804,8.574,3032.1587947889534
1781277533025.0,318.627,2984.79,-1069.25,-880.933,8.591,3112.0755605526356
1781277533033.0,135.208,2835.96,-1209.55,-1126.56,8.599,3051.5252833951745
1781277533043.0,114.652,2740.08,-1312.0,-1502.29,8.609,3124.8861820072743
1781277533060.0,-149.081,2595.88,-1407.3,-1830.1,8.626,3176.1390058371185
1781277533076.0,-354.419,2420.31,-1473.05,-2111.42,8.642,3211.8522557085344
1781277533093.0,-630.992,2246.81,-1487.28,-2316.94,8.659,3227.4395640662274
1781277533109.0,-794.483,2122.34,-1520.43,-2428.77,8.675,3225.407073300981
1781277533115.0,-1010.87,2059.4,-1508.39,-2468.83,8.681,3215.0038769650027
1781277533126.0,-1102.41,2071.06,-1566.78,-2436.16,8.692,3197.5248348058217
1781277533142.0,-1227.84,1946.95,-1598.79,-2363.12,8.708,3061.8540848479374
1781277533159.0,-1311.7,1736.5,-1660.15,-2252.38,8.725,2844.05483674278
1781277533175.0,-1502.82,1508.72,-1629.35,-2085.39,8.741,2573.9245308477866
1781277533183.0,-1564.93,1825.53,-1707.81,-2002.82,8.749,2709.9534559287176
1781277533193.0,-1493.34,2119.47,-1897.34,-1840.02,8.759,2806.7466364636475
1781277533208.0,-1394.5,2338.17,-2091.57,-1663.89,8.774,2869.76808836533
1781277533227.0,-1315.06,2494.45,-2259.27,-1479.69,8.793,2900.304001066095
1781277533241.0,-1100.95,2591.07,-2291.99,-1310.65,8.807,2903.6954329612468
1781277533249.0,-1069.9,2631.51,-2416.11,-1177.11,8.815,2882.7821340156806
1781277533261.0,-952.788,2625.73,-2387.85,-1097.4,8.827,2845.8293681983114
1781277533276.0,-1025.74,2585.48,-2465.94,-1051.39,8.842,2791.0800351297707
1781277533292.0,-1001.54,2527.47,-2398.63,-1013.38,8.858,2723.0577712013383
1781277533309.0,-1133.92,2391.0,-2449.63,-937.845,8.875,2568.3524376582354
1781277533315.0,-1094.83,2198.6,-2388.96,-845.273,8.881,2355.4889947798524
1781277533329.0,-1083.79,1972.59,-2315.27,-742.806,8.895,2107.8121504859014
1781277533342.0,-1135.95,1730.38,-2401.21,-637.017,8.908,1843.9104107003138
1781277533358.0,-1107.0,1789.55,-2335.89,-806.82,8.924,1963.0200495410127
1781277533375.0,-1453.14,1794.96,-2257.54,-978.14,8.941,2044.1720233874644
1781277533393.0,-1617.76,1711.44,-2052.43,-1084.17,8.959,2025.9445852490637
1781277533399.0,-1904.9,1704.99,-1932.68,-1200.36,8.965,2085.1510807852746
1781277533410.0,-1945.07,1709.24,-1788.28,-1276.5,8.976,2133.296422816107
1781277533426.0,-1992.99,1737.13,-1623.9,-1280.52,8.992,2158.08992104129
1781277533442.0,-2054.71,1751.87,-1706.28,-1265.13,9.008,2160.926286063456
1781277533460.0,-2041.04,1681.04,-1609.92,-1224.87,9.026,2079.9524029409904
1781277533465.0,-2116.08,1710.81,-1676.1,-1161.19,9.031,2067.663674827219
1781277533478.0,-2045.09,1739.21,-1650.92,-1080.54,9.044,2047.539527261928
1781277533492.0,-2020.45,1697.62,-1833.32,-967.81,9.058,1954.1161328078738
1781277533509.0,-1942.32,1715.1,-1813.58,-889.463,9.075,1932.0228876410858
1781277533525.0,-1861.95,1722.26,-2034.34,-803.896,9.091,1900.6389153166365
1781277533531.0,-1782.42,1701.56,-2008.04,-751.164,9.097,1859.9875775112048
1781277533543.0,-1750.67,1661.94,-1941.22,-722.281,9.109,1812.1077248775803
1781277533558.0,-1740.12,1597.97,-2083.23,-718.079,9.124,1751.8977056726228
1781277533574.0,-1785.47,1517.38,-1947.18,-738.399,9.14,1687.505599279896
1781277533591.0,-1923.95,1434.24,-1953.46,-753.477,9.157,1620.1148006017968
1781277533599.0,-1948.59,1352.36,-1825.81,-770.204,9.165,1556.3070941224935
1781277533611.0,-2094.81,1276.06,-1812.73,-773.941,9.177,1492.418773361217
1781277533626.0,-2099.95,1212.38,-1695.12,-757.251,9.192,1429.4384706593705
1781277533643.0,-2215.96,1148.27,-1709.44,-744.032,9.209,1368.2498346150091
1781277533659.0,-2197.86,1092.9,-1614.65,-714.105,9.225,1305.517660173542
1781277533667.0,-2148.87,1034.58,-1560.54,-691.742,9.233,1244.5331538227497
1781277533679.0,-2243.72,949.527,-1599.87,-651.721,9.245,1151.6691302496565
1781277533693.0,-2200.51,909.107,-1537.19,-612.481,9.259,1096.1790514373097
1781277533708.0,-2257.28,875.503,-1629.9,-560.648,9.274,1039.6305511637297
1781277533725.0,-2146.13,817.504,-1659.27,-499.47,9.291,958.0099534535119
1781277533741.0,-2172.7,743.024,-1786.31,-434.946,9.307,860.9661360889869
1781277533749.0,-2068.57,706.022,-1798.84,-406.003,9.315,814.4356945106225
1781277533759.0,-1975.77,652.927,-1795.7,-366.822,9.325,748.9139116166824
1781277533776.0,-2006.79,588.315,-1909.16,-324.411,9.342,671.8311068609432
1781277533792.0,-1917.14,537.291,-1898.97,-321.113,9.358,625.9354419187334
1781277533809.0,-2027.77,479.676,-1928.55,-310.401,9.375,571.3473950032502
1781277533817.0,-2011.48,420.944,-1841.31,-294.16,9.383,513.5406086532982
1781277533827.0,-2001.13,358.148,-1745.69,-273.721,9.393,450.7695372859617
1781277533842.0,-2135.57,296.851,-1741.39,-246.414,9.408,385.79836131974434
1781277533859.0,-2127.18,241.459,-1636.96,-214.554,9.425,323.0106307801649
1781277533875.0,-2240.87,190.798,-1652.23,-176.75,9.441,260.08544615952655
1781277533892.0,-2206.55,138.902,-1577.94,-136.568,9.458,194.79369658179394
1781277533900.0,-2310.23,92.4438,-1604.41,-105.229,9.466,140.06783570627482
1781277533910.0,-2277.45,54.8598,-1525.71,-72.8972,9.476,91.233762521777
1781277533924.0,-2227.61,25.239,-1471.66,-45.8965,9.49,52.37839089977851
1781277533943.0,-2317.92,-7.92226,-1516.32,-20.0049,9.509,21.5164641035092
1781277533959.0,-2228.34,-34.4271,-1521.8,-4.00415,9.525,34.65917528782963
1781277533965.0,-2269.11,-54.5615,-1637.74,9.05072,9.531,55.30707743832068
1781277533977.0,-2168.85,-71.1127,-1653.01,19.1758,9.543,73.65274880769897
1781277533992.0,-2082.27,-85.9922,-1648.04,26.398,9.558,89.95283689156223
1781277534009.0,-2134.34,-94.5425,-1742.87,27.9705,9.575,98.59327145652487
1781277534025.0,-2067.45,-96.1217,-1711.75,31.256,9.591,101.07580693167876
1781277534033.0,-2139.09,-95.7967,-1782.01,30.6178,9.599,100.5706587814259
1781277534044.0,-2091.08,-88.7386,-1728.01,32.3876,9.61,94.46425654034441
1781277534058.0,-2035.55,-81.4603,-1683.07,29.8752,9.624,86.76582305914006
1781277534074.0,-2115.34,-73.0416,-1743.5,26.7787,9.64,77.79572034662318
1781277534091.0,-2062.07,-61.576,-1695.83,24.0694,9.657,66.11308336751509
1781277534109.0,-2145.46,-50.8289,-1751.84,21.0348,9.675,55.00945269905891
1781277534118.0,-2095.1,-43.6616,-1700.55,16.2943,9.684,46.60299912076475
1781277534128.0,-2177.21,-34.6654,-1758.06,13.8505,9.694,37.32996527469587
1781277534138.0,-2129.8,-28.8045,-1703.02,14.9874,9.704,32.470315351255834
1781277534152.0,-2080.67,-23.4368,-1650.06,15.1666,9.718,27.91611272724052
1781277534169.0,-2165.2,-14.4276,-1704.38,13.1284,9.735,19.50667906948797
1781277534179.0,-2105.44,-10.4822,-1664.8,8.695,9.745,13.619087408486665
1781277534194.0,-2183.07,-7.68748,-1727.85,8.08203,9.76,11.15421703533242
1781277534210.0,-2125.33,-4.21221,-1685.7,6.2038,9.776,7.4986563812525775
1781277534226.0,-2072.31,-1.01125,-1637.61,3.83729,9.792,3.968302043267372
1781277534241.0,-2147.02,3.89937,-1704.34,3.93434,9.807,5.53932465491056
1781277534259.0,-2092.25,3.03175,-1658.45,2.41106,9.825,3.8735924393384495
1781277534265.0,-2171.41,2.19313,-1719.56,1.12986,9.831,2.467063602037856
1781277534278.0,-2116.14,1.56218,-1674.31,-3.73528,9.844,4.0487927868439995
1781277534292.0,-2197.05,0.945307,-1733.21,-7.24872,9.858,7.310098970783432
1781277534309.0,-2143.14,3.22421,-1686.21,-6.25291,9.875,7.035226619818298
1781277534315.0,-2092.53,3.76577,-1634.99,-6.73572,9.881,7.716926046768881
1781277534329.0,-2176.5,3.93565,-1689.92,-6.89993,9.895,7.94344855383353
1781277534342.0,-2124.66,3.82256,-1640.21,-6.82305,9.908,7.82086799889245
1781277534361.0,-2208.18,4.75397,-1695.64,-4.18729,9.927,6.335110757121773
1781277534377.0,-2147.99,5.50494,-1656.73,-5.34632,9.943,7.673819254191488
1781277534383.0,-2087.89,4.98679,-1617.69,-3.75293,9.949,6.241198449737038
1781277534397.0,-2159.98,4.32491,-1687.88,-2.49519,9.963,4.993077171865061
1781277534412.0,-2097.77,4.84241,-1651.47,-3.69072,9.978,6.08854241395262
1781277534426.0,-2167.9,4.61332,-1723.98,-2.22055,9.992,5.119918331858429
1781277534443.0,-2112.21,1.19576,-1679.26,-0.859206,10.009,1.4724391084306339
1781277534459.0,-2185.28,1.13802,-1748.02,-1.12896,10.025,1.6030097323472494
1781277534465.0,-2129.38,2.60354,-1703.55,1.06254,10.031,2.8120120524635026
1781277534477.0,-2076.87,-0.859615,-1654.83,0.130262,10.043,0.8694286266675373
1781277534492.0,-2155.67,-3.46492,-1716.41,-0.62517,10.058,3.520867525951523
1781277534508.0,-2100.19,-0.421785,-1671.41,0.86709,10.074,0.9642342320852335
1781277534525.0,-2185.85,1.77039,-1724.33,1.85429,10.091,2.5637223243167346
1781277534541.0,-2136.05,-1.91649,-1672.1,2.68745,10.107,3.300806177678417
1781277534558.0,-2079.81,-4.64781,-1628.07,3.13638,10.124,5.607050677539842
1781277534566.0,-2158.69,-3.42348,-1689.53,5.95376,10.132,6.867857995619886
1781277534576.0,-2100.83,-2.62023,-1647.56,4.89961,10.142,5.556238242282273
1781277534593.0,-2188.65,1.15551,-1697.57,5.69257,10.159,5.808662200971924
1781277534599.0,-2130.82,4.03411,-1655.58,5.22758,10.165,6.603153500298172
1781277534611.0,-2208.1,5.92398,-1719.1,4.62371,10.177,7.514800942440192
1781277534628.0,-2150.42,7.00791,-1676.91,3.93621,10.194,8.037695673027189
1781277534642.0,-2093.05,4.89717,-1634.33,7.91225,10.208,9.305158465679131
1781277534659.0,-2170.81,3.0668,-1697.23,10.4811,10.225,10.920564062812872
1781277534675.0,-2113.66,2.5141,-1654.35,5.12149,10.241,5.705292159924853
1781277534681.0,-2191.15,1.93398,-1717.59,0.901714,10.247,2.1338619398161636
1781277534693.0,-2133.86,1.75086,-1674.89,0.64423,10.259,1.8656213529277585
1781277534710.0,-2074.4,1.89781,-1634.96,-2.44977,10.276,3.0988797732406463
1781277534724.0,-2155.98,0.211251,-1692.98,-5.14531,10.29,5.149644840287629
1781277534741.0,-2100.45,-1.16224,-1648.05,-9.50528,10.307,9.576071725713003
1781277534759.0,-2176.64,-2.20132,-1712.94,-12.4272,10.325,12.62066201046522
1781277534765.0,-2118.34,-5.6939,-1671.52,-11.2101,10.331,12.57325889417696
1781277534778.0,-2203.43,-8.13423,-1725.08,-9.92332,10.344,12.83113313450141
1781277534792.0,-2152.76,-6.99819,-1673.91,-7.36238,10.358,10.157721326188272
1781277534809.0,-2093.53,-5.97772,-1633.72,-5.25047,10.375,7.956165635486732
1781277534825.0,-2169.86,-5.76386,-1698.44,-3.31296,10.391,6.648141549425674
1781277534831.0,-2110.7,-3.29795,-1658.12,-4.01518,10.397,5.1959738870494725
1781277534842.0,-2183.77,-1.29241,-1726.97,-4.60073,10.408,4.778811582496218
1781277534858.0,-2125.42,-2.16429,-1685.6,-3.22612,10.424,3.8848425268600013
1781277534877.0,-2072.96,-0.612276,-1636.78,-1.32076,10.443,1.4557777570000168
1781277534893.0,-2152.02,0.0973519,-1698.02,1.73556,10.459,1.738288211440672
1781277534899.0,-2092.48,0.526164,-1658.15,3.863,10.465,3.8986686900653664
1781277534910.0,-2167.64,1.28481,-1724.31,3.48843,10.476,3.717510000121049
1781277534924.0,-2115.06,0.807549,-1675.66,5.20167,10.49,5.2639819696025745
1781277534942.0,-2195.93,0.346902,-1734.62,6.20384,10.508,6.21353134241745
1781277534959.0,-2141.97,-2.25299,-1687.7,5.62546,10.525,6.059848525474874
1781277534975.0,-2085.41,-2.37251,-1644.07,4.31756,10.541,4.926472171209333
1781277534981.0,-2159.01,-0.323144,-1712.21,4.37756,10.547,4.3894707651761395
1781277534992.0,-2102.68,1.1198,-1668.29,4.18852,10.558,4.335625886812653
1781277535009.0,-2180.63,1.4482,-1730.93,2.64771,10.575,3.0178885804648257
1781277535025.0,-2128.7,1.62211,-1681.45,-0.834355,10.591,1.824113241584798
1781277535031.0,-2075.86,1.27978,-1633.09,-3.43764,10.597,3.668133805901851
1781277535045.0,-2150.11,2.69563,-1700.44,-4.47638,10.611,5.225361135969456
1781277535060.0,-2093.69,3.97261,-1656.62,-1.4519,10.626,4.229615091482912
1781277535074.0,-2172.73,2.39126,-1717.89,-0.402384,10.64,2.424878815746469
1781277535090.0,-2108.69,1.04148,-1683.67,0.312813,10.656,1.0874431310965185
1781277535109.0,-2179.46,-1.46529,-1755.27,2.15337,10.675,2.6046261038774836
1781277535115.0,-2127.84,-3.33795,-1705.47,3.37149,10.681,4.7443497997723565
1781277535126.0,-2075.36,-4.67078,-1656.73,4.08213,10.692,6.203222641925727
1781277535142.0,-2156.37,-5.55319,-1715.53,4.39063,10.708,7.079233784315927
1781277535158.0,-2102.9,-6.07311,-1668.01,4.38676,10.724,7.491750687903328
1781277535175.0,-2183.47,-4.3638,-1727.34,4.66405,10.741,6.387183482764527
1781277535181.0,-2130.49,-3.22335,-1679.18,3.1205,10.747,4.486368851588108
1781277535193.0,-2079.1,-2.52858,-1628.98,4.06357,10.759,4.786054529703982
1781277535208.0,-2150.13,-0.240052,-1700.41,4.79715,10.774,4.803152411198712
1781277535225.0,-2088.8,1.37222,-1662.79,5.09916,10.791,5.280570086079722
1781277535241.0,-2162.19,3.98758,-1731.14,-1.31987,10.807,4.200339399774737
1781277535249.0,-2108.65,2.02261,-1683.72,-2.17095,10.815,2.9671493246211926
1781277535261.0,-2185.87,0.413319,-1747.28,-2.7822,10.827,2.812733445558075
1781277535276.0,-2129.2,3.75878,-1703.78,-2.6844,10.842,4.618920918179916
1781277535292.0,-2074.09,1.24051,-1658.32,-2.75431,10.858,3.0207761645312283
1781277535309.0,-2158.82,-0.748617,-1712.45,-2.75048,10.875,2.8505381321934635
1781277535325.0,-2108.47,-1.11559,-1660.96,-6.53104,10.891,6.625633896443418
1781277535331.0,-2181.79,-1.40638,-1729.46,-9.13845,10.897,9.246035534589947
1781277535342.0,-2121.42,-0.708997,-1690.63,-8.28931,10.908,8.31957553136631
1781277535358.0,-2069.79,-0.247423,-1640.79,-7.41058,10.924,7.414709304978112
1781277535375.0,-2151.97,0.729736,-1698.09,-7.10168,10.941,7.139073711070366
1781277535385.0,-2089.23,1.34216,-1662.25,-6.66039,10.951,6.794276151121618
1781277535397.0,-2161.41,2.93832,-1732.11,-0.43986,10.963,2.9710606257698613
1781277535410.0,-2104.55,4.74151,-1688.85,0.079501,10.976,4.742176450650165
1781277535424.0,-2180.37,4.64708,-1754.14,1.34693,10.99,4.83834402986187
1781277535443.0,-2127.55,4.31791,-1705.83,2.16373,11.009,4.829707473646826
1781277535459.0,-2074.13,4.90458,-1658.27,-0.0593827,11.025,4.904939477858957
1781277535475.0,-2160.95,3.98532,-1709.76,4.06959,11.041,5.695993176830534
1781277535482.0,-2104.54,3.46204,-1665.94,5.52724,11.048,6.521970789508337
1781277535492.0,-2190.15,3.0702,-1718.86,6.57745,11.058,7.258717279416523
1781277535508.0,-2134.58,2.58024,-1673.98,7.0342,11.074,7.4925034599658344
1781277535525.0,-2079.08,4.26813,-1628.99,4.19896,11.091,5.987336534595328
1781277535541.0,-2152.62,3.8373,-1697.26,0.192125,11.107,3.8421066234066172
1781277535560.0,-2092.37,3.30358,-1658.3,-2.84086,11.126,4.357077731232254
1781277535566.0,-2166.96,3.58713,-1725.17,-2.05696,11.132,4.13504366101496
1781277535576.0,-2110.94,2.34875,-1680.85,1.2033,11.142,2.6390447992597625
1781277535593.0,-2187.91,1.25975,-1744.72,3.4998,11.159,3.719619617985151
1781277535609.0,-2130.92,0.320672,-1701.62,4.99375,11.175,5.004035331018757
1781277535615.0,-2074.06,2.50089,-1658.36,4.53215,11.181,5.176372708238849
1781277535630.0,-2155.15,0.977918,-1717.07,4.77238,11.196,4.871543336471923
1781277535642.0,-2098.55,-0.219317,-1673.47,2.88976,11.208,2.898070531248161
1781277535659.0,-2175.48,-2.73897,-1737.4,-0.297554,11.225,2.75508530608691
1781277535675.0,-2118.16,-2.75949,-1694.71,-2.21391,11.241,3.537821723631647
1781277535681.0,-2066.87,-2.57158,-1644.47,-3.53128,11.247,4.368404987498297
1781277535694.0,-2153.09,-0.618013,-1696.66,-0.396853,11.26,0.734460599200529
1781277535708.0,-2099.55,0.772927,-1649.2,1.86428,11.274,2.018156600893251
1781277535724.0,-2180.66,0.0567373,-1707.82,-0.0254201,11.29,0.06217155857222818
1781277535741.0,-2126.56,-1.06172,-1661.05,-0.370872,11.307,1.1246312279071748
1781277535749.0,-2204.39,-1.00758,-1723.86,-1.92345,11.315,2.171376834844657
1781277535761.0,-2141.97,-0.187862,-1687.7,-0.848839,11.327,0.8693789616530871
1781277535776.0,-2082.36,-0.543598,-1647.92,0.471815,11.342,0.7197973185758613
1781277535792.0,-2158.94,-0.281925,-1712.3,0.366607,11.358,0.4624742134151914
1781277535809.0,-2100.69,-1.74072,-1670.79,-1.7451,11.375,2.464848905795242
1781277535825.0,-2181.42,-1.20369,-1729.93,-1.56112,11.391,1.9712851824380966
1781277535831.0,-2122.94,-0.844599,-1688.71,-1.43088,11.397,1.6615550081778816
1781277535844.0,-2064.85,-0.0937863,-1647.0,-2.10705,11.41,2.1091362147968753
1781277535858.0,-2141.48,-1.47517,-1711.29,-1.85777,11.424,2.3722217227316675
1781277535875.0,-2081.7,-2.29832,-1671.67,-2.76856,11.441,3.598221685221743
1781277535885.0,-2159.16,-1.30137,-1734.92,-4.54782,11.451,4.730352061876578
1781277535895.0,-2102.57,-2.87891,-1691.31,-4.1624,11.461,5.060997584281186
1781277535910.0,-2179.36,-4.01404,-1755.38,-3.78457,11.476,5.5168367029032135
1781277535924.0,-2122.64,-4.78176,-1711.93,-3.42908,11.49,5.884200739607716
1781277535940.0,-2065.99,-0.765578,-1668.4,-0.93361,11.506,1.2073679249441738
1781277535959.0,-2145.63,-1.90777,-1728.94,-2.50613,11.525,3.149646638878717
1781277535975.0,-2092.62,-0.100929,-1680.89,-3.31791,11.541,3.319444747414995
1781277535982.0,-2177.91,-3.49428,-1734.35,-4.03735,11.548,5.339493210118353
1781277535992.0,-2118.49,-4.65412,-1694.29,-1.75594,11.558,4.974350033722999
1781277536008.0,-2055.02,-3.18305,-1659.24,2.75303,11.574,4.208441693002292
1781277536025.0,-2139.29,-2.18525,-1714.02,3.13877,11.591,3.8245515652687962
1781277536033.0,-2082.46,-1.9225,-1670.72,2.00653,11.599,2.7788790709384963
1781277536047.0,-2163.24,1.37857,-1729.82,-0.929553,11.613,1.6626857865240203
1781277536058.0,-2107.28,2.1502,-1685.44,0.586908,11.624,2.228860928919523
1781277536074.0,-2193.96,0.886187,-1737.11,1.77356,11.64,1.9826352343709117
1781277536091.0,-2146.21,-0.156698,-1682.3,2.52376,11.657,2.528619939968045
1781277536107.0,-2097.18,1.47477,-1629.02,-0.0535214,11.673,1.4757408624680552
1781277536115.0,-2176.02,1.59888,-1690.54,0.189462,11.681,1.6100661799578302
1781277536130.0,-2117.92,3.86185,-1648.9,0.797915,11.696,3.943419045666463
1781277536142.0,-2194.37,5.40828,-1713.47,1.42314,11.708,5.592389473024926
1781277536159.0,-2140.15,6.25967,-1666.85,1.76069,11.725,6.502576242152029
1781277536175.0,-2085.7,4.76309,-1620.51,0.432645,11.741,4.782698824317187
1781277536192.0,-2161.53,2.73479,-1685.89,-0.724638,11.758,2.8291653495587705
1781277536198.0,-2097.68,2.35947,-1651.57,-0.207764,11.764,2.368599704592568
1781277536208.0,-2174.56,2.16524,-1715.57,2.53003,11.774,3.330062470660273
1781277536225.0,-2115.55,1.84814,-1675.04,4.38903,11.791,4.762268976076425
1781277536241.0,-2191.2,0.951324,-1740.58,4.23249,11.807,4.338085862805853
1781277536247.0,-2129.55,-1.23578,-1703.33,2.94883,11.813,3.197303641711247
1781277536262.0,-2070.66,-2.883,-1662.6,1.81561,11.828,3.4070703943564182
1781277536274.0,-2145.62,-4.0661,-1728.96,0.839819,11.84,4.151923068020528
1781277536292.0,-2087.21,-4.864,-1687.6,0.0162328,11.858,4.864027087074644
1781277536309.0,-2162.2,-5.33756,-1753.89,-1.26206,11.875,5.484737204023544
1781277536326.0,-2109.07,-5.56771,-1706.0,-2.22407,11.892,5.995488471259035
1781277536332.0,-2055.33,-8.27764,-1658.86,-2.10183,11.898,8.540316933141298
1781277536342.0,-2132.63,-5.43381,-1722.31,-1.20234,11.908,5.565241467510642
1781277536359.0,-2083.38,-4.02042,-1669.57,-2.20033,11.925,4.583146199424583
1781277536375.0,-2164.87,-0.390368,-1727.79,-0.242466,11.941,0.45953991837488933
1781277536392.0,-2112.3,2.29957,-1679.14,2.00006,11.958,3.0476650387632827
1781277536408.0,-2194.15,1.21568,-1736.87,1.84692,11.974,2.2111063630680454
1781277536416.0,-2138.81,4.14246,-1691.69,-1.5939,11.982,4.43852363535444
1781277536426.0,-2084.67,3.32123,-1645.0,-2.58969,11.992,4.211539268367327
1781277536441.0,-2163.7,2.50616,-1706.28,-3.28887,12.007,4.134912795029661
1781277536457.0,-2108.18,2.25377,-1661.33,-2.33909,12.023,3.2482027709180965
1781277536476.0,-2190.55,1.90186,-1718.36,-1.61122,12.042,2.492609345244457
1781277536492.0,-2137.73,1.48615,-1669.95,-1.07709,12.058,1.835419486275549
1781277536498.0,-2084.48,3.47294,-1622.08,1.38521,12.064,3.7389997309039753
1781277536505.0,-2166.33,1.87737,-1679.72,4.86068,12.071,5.210636062833404
1781277536519.0,-2111.92,-0.322912,-1633.32,3.15832,12.085,3.174784619803995
1781277536531.0,-2185.7,-1.06767,-1701.36,4.7865,12.097,4.904131062573675
1781277536546.0,-2130.97,-0.677298,-1655.39,4.14924,12.112,4.20415570101822
1781277536558.0,-2202.78,2.21113,-1725.92,1.11319,12.124,2.4755378916510242
1781277536575.0,-2137.2,4.19867,-1693.73,-1.21447,12.141,4.3707856444579845
1781277536591.0,-2073.12,5.44074,-1659.53,-2.93583,12.157,6.182293226344089
1781277536607.0,-2143.59,7.79506,-1731.48,-1.90487,12.173,8.024430828445093
1781277536616.0,-2090.41,5.04032,-1683.64,-1.45885,12.182,5.247196301349894
1781277536626.0,-2168.81,4.65047,-1745.71,-2.17897,12.192,5.135638371400385
1781277536640.0,-2115.45,3.33055,-1698.08,0.359716,12.206,3.3499192383035146
1781277536659.0,-2055.81,2.62785,-1658.26,-1.73662,12.225,3.14983247918044
1781277536675.0,-2133.62,1.92939,-1721.08,-3.28193,12.241,3.807047451372257
1781277536683.0,-2077.83,2.06803,-1676.48,-2.95171,12.249,3.604072696963811
1781277536694.0,-2157.7,-1.81064,-1736.73,-1.74184,12.26,2.5124537399124387
1781277536710.0,-2107.26,-3.33946,-1685.46,-0.823012,12.276,3.439381026252253
1781277536725.0,-2195.68,-6.04971,-1734.93,-2.68873,12.291,6.620291541692103
1781277536741.0,-2139.83,-5.44906,-1690.4,0.130144,12.307,5.4506139419643365
1781277536747.0,-2082.79,-4.29807,-1647.38,-1.64909,12.313,4.603575083888607
1781277536762.0,-2161.41,-1.473,-1709.18,-0.733714,12.328,1.645620015008325
1781277536774.0,-2111.45,-0.974624,-1657.17,-3.41222,12.34,3.548681060588004
1781277536791.0,-2184.83,1.10929,-1725.62,-4.17298,12.357,4.317903007768933
1781277536809.0,-2129.6,-1.55226,-1680.3,-5.19729,12.375,5.424143660680458
1781277536826.0,-2077.34,-2.51919,-1631.21,-2.71935,12.392,3.706910125508845
1781277536832.0,-2156.88,-0.711004,-1691.84,1.12293,12.398,1.3290968636318423
1781277536842.0,-2100.12,1.99059,-1648.46,0.704352,12.408,2.1115303189876293
1781277536859.0,-2178.36,4.2427,-1710.75,2.39255,12.425,4.870810896811741
1781277536875.0,-2123.24,3.03706,-1665.28,0.829751,12.441,3.1483678574145366
1781277536883.0,-2201.74,-0.388398,-1727.23,1.28682,12.449,1.3441572522603151
1781277536898.0,-2144.07,-1.57676,-1685.02,-0.782798,12.464,1.7603820058169193
1781277536910.0,-2093.34,1.28712,-1633.95,0.416376,12.476,1.3527922485644275
1781277536925.0,-2171.7,-0.30648,-1696.08,-0.154361,12.491,0.34315784811220623
1781277536941.0,-2110.21,-2.00985,-1658.74,-1.04941,12.507,2.267324055048153
1781277536958.0,-2191.54,0.433317,-1717.09,1.7465,12.524,1.7994515476914068
1781277536966.0,-2131.2,2.70117,-1678.28,1.46438,12.532,3.0725767937189135
1781277536978.0,-2073.34,2.04563,-1636.29,1.4686,12.544,2.5182112812272126
1781277536991.0,-2151.05,3.42278,-1699.24,1.25933,12.557,3.647099529393186
1781277537009.0,-2094.85,1.16783,-1655.16,1.74917,12.575,2.1031934285272
1781277537025.0,-2183.94,1.48687,-1703.62,0.689331,12.591,1.6388897536018094
1781277537042.0,-2125.09,-1.92413,-1662.92,2.27452,12.608,2.9792142399129333
1781277537048.0,-2196.21,-0.590546,-1734.26,5.01745,12.614,5.052083637531746
1781277537058.0,-2135.51,1.20146,-1695.86,4.69626,12.624,4.847511126258505
1781277537075.0,-2074.91,1.22335,-1657.29,6.20924,12.641,6.328605423005925
1781277537092.0,-2151.07,-2.62378,-1722.17,2.44205,12.658,3.5843869337586867
1781277537108.0,-2089.93,-5.43113,-1684.23,-0.519346,12.674,5.455904447900091
1781277537114.0,-2162.69,-3.87871,-1753.29,-0.632652,12.68,3.9299668977236943
1781277537126.0,-2107.69,-2.66599,-1707.7,-0.760237,12.692,2.7722667577758457
1781277537141.0,-2052.37,-5.43759,-1662.52,-2.978,12.707,6.19966684654103
1781277537157.0,-2145.86,-5.41418,-1705.79,-5.86139,12.723,7.979300583666466
1781277537176.0,-2093.1,-2.94756,-1657.37,-3.03864,12.742,4.233372533004863
1781277537182.0,-2165.08,-1.19499,-1727.52,-1.39291,12.748,1.8352654762186313
1781277537194.0,-2113.42,0.363234,-1677.74,0.16726,12.76,0.3998935437788412
1781277537209.0,-2185.23,1.41112,-1748.08,1.25668,12.775,1.889577803849315
1781277537225.0,-2123.88,0.647414,-1710.4,2.19547,12.791,2.288937178756988
1781277537242.0,-2071.67,1.49239,-1661.34,1.97762,12.808,2.477540872821274
1781277537258.0,-2148.26,0.849789,-1725.68,3.32149,12.824,3.428474466088525
1781277537266.0,-2096.64,-1.13315,-1675.87,1.27573,12.832,1.706316487466496
1781277537275.0,-2181.76,-0.944406,-1729.5,-0.754335,12.841,1.2086868846235572
1781277537291.0,-2127.68,1.10412,-1682.74,-3.08528,12.857,3.2768939031955244
1781277537307.0,-2073.14,2.91684,-1636.55,1.42642,12.873,3.2469415766225302
1781277537324.0,-2150.24,1.14071,-1700.27,-2.09266,12.89,2.3833684523589715
1781277537332.0,-2091.54,2.74794,-1659.34,-0.125715,12.898,2.7508141530872274
1781277537345.0,-2166.86,3.40669,-1725.29,-0.44028,12.911,3.4350230326010918
1781277537359.0,-2110.25,3.67935,-1681.71,-0.721399,12.925,3.7494043446527607
1781277537375.0,-2187.77,0.441644,-1744.9,-2.17687,12.941,2.2212186789319057
1781277537392.0,-2129.12,-2.04707,-1703.88,-3.24273,12.958,3.8348133511032843
1781277537409.0,-2070.9,-0.211507,-1662.3,-2.04849,12.975,2.0593801230343565
1781277537417.0,-2151.59,-1.27995,-1721.52,-1.5898,12.983,2.0410134841543797
1781277537427.0,-2095.68,-2.75445,-1677.07,-0.12582,12.993,2.7573221565315866
1781277537441.0,-2167.41,-4.46741,-1747.45,-0.35672,13.007,4.481629309358373
1781277537458.0,-2117.01,-3.71162,-1696.14,3.2263,13.024,4.9178384188991
1781277537464.0,-2064.44,-2.59117,-1647.51,1.3197,13.03,2.907880681682108
1781277537479.0,-2160.47,-1.77042,-1687.25,-0.214806,13.045,1.783403654262265
1781277537491.0,-2119.39,-1.62552,-1623.62,1.70203,13.057,2.3535550538069
1781277537507.0,-2195.42,-0.695774,-1688.8,-0.362355,13.073,0.7844760067082995
1781277537526.0,-2131.14,-0.053058,-1655.16,-1.9327,13.092,1.9334281577974395
1781277537542.0,-2203.42,0.351196,-1725.09,-3.07876,13.108,3.098725829759064
1781277537548.0,-2141.57,1.54111,-1688.2,-4.44743,13.114,4.706873021125596
1781277537559.0,-2081.2,2.2852,-1649.39,-5.34758,13.125,5.815389144021232
1781277537575.0,-2155.6,3.37137,-1716.5,-0.282311,13.141,3.383169398304052
1781277537592.0,-2098.68,5.99609,-1673.31,2.96655,13.158,6.689806737911043
1781277537608.0,-2180.23,5.05126,-1731.43,0.368098,13.174,5.064654353971651
1781277537616.0,-2124.99,7.19058,-1686.14,0.59472,13.182,7.215132196626753
1781277537627.0,-2068.23,8.41259,-1642.74,0.676728,13.193,8.439764883815425
1781277537643.0,-2145.75,5.14507,-1705.93,-2.50352,13.209,5.721831673100843
1781277537657.0,-2090.96,2.4485,-1660.06,-4.81931,13.223,5.4056360519461535
1781277537674.0,-2170.24,0.0742,-1721.03,-1.97564,13.24,1.977032890368797
1781277537682.0,-2109.3,-0.580823,-1682.91,-2.73465,13.248,2.7956512621979512
1781277537695.0,-2180.74,-1.14723,-1753.67,-2.64576,13.261,2.883779230541062
1781277537709.0,-2127.41,-4.24717,-1706.01,-0.442668,13.275,4.270176573295769
1781277537725.0,-2087.27,-6.42705,-1641.7,1.18191,13.291,6.534820804781107
1781277537742.0,-2179.89,-3.49191,-1685.55,0.833181,13.308,3.5899339864210593
1781277537758.0,-2121.53,-7.62617,-1644.24,2.18104,13.324,7.931923118040164
1781277537775.0,-2193.8,-7.12329,-1714.2,2.14814,13.341,7.440145555276456
1781277537781.0,-2139.01,-7.55633,-1668.31,1.78349,13.347,7.763952579002527
1781277537791.0,-2080.75,-6.29101,-1626.86,2.411,13.357,6.737189905301765
1781277537808.0,-2157.38,-3.51688,-1691.2,2.32621,13.374,4.216597905717357
1781277537824.0,-2099.67,-0.701224,-1649.03,4.03687,13.39,4.0973204042491
1781277537830.0,-2171.61,1.39875,-1719.3,3.69196,13.396,3.9480463781597095
1781277537843.0,-2115.79,1.13557,-1674.74,0.473407,13.409,1.2302980990593297
1781277537857.0,-2195.36,-0.166366,-1735.33,-0.04977,13.423,0.17365108365915835
1781277537876.0,-2136.51,1.93778,-1694.6,3.08833,13.442,3.645925605014452
1781277537892.0,-2082.43,2.41134,-1647.83,2.61251,13.458,3.555245293323655
1781277537898.0,-2155.85,1.25458,-1716.19,-0.0846661,13.464,1.2574336264348946
1781277537911.0,-2103.27,1.41587,-1667.54,-0.939247,13.477,1.6990799816103421
1781277537928.0,-2184.28,0.416503,-1726.32,-3.10841,13.494,3.136189961897876
1781277537938.0,-2127.44,-0.419805,-1683.04,-4.65829,13.504,4.677168156280572
1781277537953.0,-2070.72,-1.92595,-1639.6,-4.50294,13.519,4.897525093973485
1781277537968.0,-2149.27,-3.04399,-1701.5,-4.27789,13.534,5.2503540806501805
1781277537980.0,-2093.37,-3.8354,-1657.03,-4.01248,13.546,5.550701659285968
1781277537995.0,-2171.85,-2.16738,-1719.01,-2.57929,13.561,3.3690166174271092
1781277538009.0,-2116.11,0.502628,-1674.34,-2.25027,13.575,2.30572114083295
1781277538025.0,-2197.31,1.85969,-1732.86,4.06851,13.591,4.473390270946634
1781277538042.0,-2138.98,5.80713,-1691.47,5.12206,13.608,7.743271755563019
1781277538048.0,-2081.44,6.23715,-1649.08,5.30675,13.614,8.189239017454552
1781277538060.0,-2160.51,3.81407,-1710.31,4.328,13.626,5.7687705765526855
1781277538075.0,-2101.47,1.79632,-1669.81,3.36758,13.641,3.8167211843151443
1781277538091.0,-2176.96,0.507528,-1735.53,0.311597,13.657,0.5955479503725959
1781277538107.0,-2122.47,-1.16079,-1689.3,1.70338,13.673,2.061294944567613
1781277538116.0,-2064.31,-2.43277,-1647.67,2.59772,13.682,3.559005348591092
1781277538130.0,-2140.34,-3.3677,-1712.71,-1.94102,13.696,3.8870248173120787
1781277538144.0,-2078.84,-2.15432,-1675.23,-0.289025,13.71,2.1736214281757986
1781277538159.0,-2165.33,-1.07378,-1727.21,-0.154172,13.725,1.0847914518394768
1781277538175.0,-2111.13,1.1354,-1680.61,-2.6654,13.741,2.897152105085268
1781277538192.0,-2196.55,1.08041,-1733.83,-1.41165,13.758,1.7776505535678266
1781277538198.0,-2149.65,1.63062,-1677.89,-2.0126,13.764,2.5902664620459417
1781277538210.0,-2091.95,1.097,-1635.73,-2.92568,13.776,3.124581966023615
1781277538225.0,-2163.19,-1.41984,-1706.92,-0.789923,13.791,1.6247842846141145
1781277538241.0,-2109.52,1.40875,-1659.63,-2.0523,13.807,2.4892793841792846
1781277538258.0,-2176.38,1.00153,-1736.26,-1.89881,13.824,2.1467514427618304
1781277538266.0,-2120.1,-0.619294,-1692.27,-1.85935,13.832,1.9597723033393446
1781277538276.0,-2064.98,-0.39699,-1646.83,-2.37141,13.842,2.4044097920695635
1781277538291.0,-2139.56,1.93294,-1713.69,1.32925,13.857,2.3458820528960955
1781277538309.0,-2085.27,2.27379,-1667.21,1.13471,13.875,2.541198093065552
1781277538326.0,-2163.33,-1.88894,-1729.72,0.0411437,13.892,1.8893880299318324
1781277538342.0,-2100.54,-3.98045,-1693.83,1.23595,13.908,4.167919697522974
1781277538348.0,-2179.22,-2.42599,-1755.56,-0.0913263,13.914,2.427708378939219
1781277538358.0,-2120.15,-0.0654531,-1715.02,1.25036,13.924,1.2520719779228389
1781277538375.0,-2065.32,-0.544485,-1669.23,2.83614,13.941,2.8879324810017635
1781277538392.0,-2135.47,2.84337,-1741.47,2.58761,13.958,3.844538784951974
1781277538398.0,-2089.06,5.1535,-1685.31,2.21257,13.964,5.608389096246801
1781277538410.0,-2174.81,6.30643,-1738.23,0.566387,13.976,6.331812819301357
1781277538426.0,-2118.61,6.16288,-1694.13,2.59858,13.992,6.688326241355157
1781277538441.0,-2068.33,4.98539,-1642.61,4.07527,14.007,6.439094581150365
1781277538457.0,-2146.92,3.84547,-1704.45,4.94627,14.023,6.26523953522928
1781277538474.0,-2091.35,2.77402,-1659.58,5.33419,14.04,6.012384711285531
1781277538482.0,-2170.13,0.571329,-1721.17,3.06009,14.048,3.1129676571305716
1781277538494.0,-2108.67,0.0580633,-1683.69,3.7673,14.06,3.767747422108718
1781277538509.0,-2187.13,1.2361,-1745.69,0.0107922,14.075,1.236147111625813
1781277538525.0,-2131.72,1.97414,-1700.61,-2.83162,14.091,3.4518546556887357
1781277538542.0,-2076.25,2.36107,-1655.62,-4.8878,14.108,5.42818942050662
1781277538558.0,-2154.76,-0.949803,-1717.55,-3.78287,14.124,3.9002860376783905
1781277538564.0,-2105.19,-3.43753,-1665.11,-2.8689,14.13,4.477409933309659
1781277538577.0,-2189.36,-9.10973,-1719.87,-1.27434,14.143,9.198430469841037
1781277538591.0,-2134.46,-19.9452,-1674.12,-0.541179,14.157,19.952540633965416
1781277538608.0,-2071.76,-27.2675,-1638.3,-0.103392,14.174,27.267696018469618
1781277538616.0,-2144.41,-50.902,-1707.62,-1.82519,14.182,50.93471235352272
1781277538626.0,-2075.81,-80.7698,-1678.97,-0.517377,14.192,80.77145703155372
1781277538643.0,-2135.69,-99.8235,-1763.72,-0.0662382,14.209,99.82352197628141
1781277538659.0,-2064.99,-150.359,-1736.98,3.50709,14.225,150.39989548290285
1781277538676.0,-2124.38,-202.824,-1821.53,7.56088,14.242,202.96487844544535
1781277538692.0,-2060.72,-233.886,-1785.96,9.82885,14.258,234.09243321457978
1781277538698.0,-1998.23,-314.418,-1748.94,15.5631,14.264,314.8029364628132
1781277538711.0,-2063.95,-402.741,-1825.62,14.9692,14.277,403.01909387725044
1781277538725.0,-2003.18,-452.585,-1786.44,13.7406,14.291,452.79353607727217
1781277538742.0,-1943.55,-560.615,-1745.94,17.4504,14.308,560.8865256762369
1781277538758.0,-2016.05,-671.505,-1814.81,21.6128,14.324,671.8527205785804
1781277538774.0,-1966.14,-772.145,-1763.41,30.6824,14.34,772.7543663382046
1781277538780.0,-2039.59,-816.801,-1831.21,37.4379,14.346,817.6585289455556
1781277538791.0,-1986.47,-914.352,-1783.4,42.2494,14.357,915.3275870989359
1781277538809.0,-1918.98,-951.348,-1751.42,43.9859,14.375,952.3643087090202
1781277538826.0,-1980.97,-1055.88,-1831.7,42.2154,14.392,1056.7235752064778
1781277538832.0,-1896.19,-1153.98,-1817.42,40.6722,14.398,1154.6965264747444
1781277538843.0,-1768.07,-1246.39,-1845.48,40.4707,14.409,1247.0468754856372
1781277538859.0,-1887.16,-1335.12,-1868.75,43.6174,14.425,1335.8322843765827
1781277538875.0,-1769.92,-1422.28,-1881.94,38.7265,14.441,1422.8071338738255
1781277538892.0,-1699.1,-1501.42,-1850.2,34.8977,14.458,1501.8255111248077
1781277538908.0,-1689.37,-1573.23,-1992.81,24.9097,14.474,1573.4271912147985
1781277538917.0,-1694.78,-1642.46,-1893.96,18.0501,14.483,1642.559179363109
1781277538929.0,-1568.92,-1708.67,-1905.99,11.2643,14.495,1708.7071291928557
1781277538945.0,-1549.65,-1773.38,-2049.11,9.30782,14.511,1773.4044264953081
1781277538958.0,-1565.05,-1838.28,-1947.41,-1.84154,14.524,1838.2809224026591
1781277538974.0,-1536.49,-1815.59,-2093.11,-9.75462,14.54,1815.6162041332811
1781277538991.0,-1403.44,-1894.48,-2082.16,-26.9615,14.557,1894.6718430594385
1781277538999.0,-1352.63,-1969.86,-2030.2,-44.8701,14.565,1970.3709664613946
1781277539009.0,-1314.21,-1949.64,-2173.23,-61.4524,14.575,1950.6082454110974
1781277539026.0,-1272.09,-2047.76,-2115.15,-51.6859,14.592,2048.412177726643
1781277539042.0,-1175.16,-2135.88,-2088.93,-60.6288,14.608,2136.7403271781623
1781277539048.0,-1218.27,-2218.35,-2179.4,-65.4921,14.614,2219.3165474222938
1781277539058.0,-1104.61,-2294.69,-2159.08,-72.2685,14.624,2295.8277226726423
1781277539075.0,-1056.79,-2360.47,-2103.22,-90.679,14.641,2362.211104440287
1781277539092.0,-1005.87,-2416.13,-2237.98,-102.299,14.658,2418.294701292835
1781277539108.0,-957.614,-2468.8,-2181.23,-99.8242,14.674,2470.8173366126525
1781277539116.0,-855.424,-2522.92,-2146.32,-111.327,14.682,2525.3750270660794
1781277539127.0,-871.745,-2576.73,-2247.3,-126.144,14.693,2579.8158464580374
1781277539141.0,-756.125,-2627.9,-2213.0,-121.092,14.707,2630.6884426826373
1781277539159.0,-656.674,-2671.56,-2170.75,-134.092,14.725,2674.9230826444336
1781277539176.0,-682.714,-2712.69,-2267.33,-133.411,14.742,2715.968617458788
1781277539182.0,-579.086,-2753.65,-2221.68,-134.168,14.748,2756.9166426868987
1781277539194.0,-476.543,-2796.46,-2173.32,-140.066,14.76,2799.965538351499
1781277539208.0,-488.51,-2838.48,-2273.05,-148.04,14.774,2842.337867319788
1781277539225.0,-385.756,-2876.89,-2219.53,-133.564,14.791,2879.9887871649776
1781277539242.0,-327.493,-2914.89,-2330.06,-132.547,14.808,2917.9020578677755
1781277539258.0,-300.322,-2953.22,-2261.61,-146.848,14.824,2956.868732883487
1781277539266.0,-195.838,-2996.17,-2200.49,-151.925,14.832,3000.019312358672
1781277539276.0,-112.128,-3037.15,-2306.37,-139.027,14.842,3040.33034870045
1781277539291.0,-34.1693,-3074.81,-2237.97,-136.164,14.857,3077.8234470151147
1781277539307.0,-25.743,-3113.96,-2338.06,-135.399,14.873,3116.9022716153613
1781277539326.0,58.887,-3023.19,-2264.94,-129.924,14.892,3025.980505865165
1781277539334.0,141.851,-3098.94,-2189.87,-93.6987,14.9,3100.356200500467
1781277539342.0,207.146,-3169.14,-2285.77,-63.4766,14.908,3169.7756416420957
1781277539359.0,188.777,-3234.4,-2215.64,-35.6426,14.925,3234.596382075322
1781277539375.0,264.683,-3158.08,-2307.35,-19.6869,14.941,3158.1413616922864
1781277539392.0,329.236,-3246.04,-2226.76,12.0553,14.958,3246.062385700264
1781277539408.0,382.745,-3322.27,-2132.28,48.4427,14.974,3322.6231576998453
1781277539425.0,444.728,-3389.24,-2038.57,91.3552,14.991,3390.4709923795303
1781277539433.0,505.075,-3446.09,-1947.71,131.893,14.999,3448.6130620220356
1781277539442.0,573.34,-3491.61,-1857.36,185.282,15.008,3496.5225312621683
1781277539458.0,633.518,-3532.91,-1772.48,226.177,15.024,3540.1425258637537
1781277539466.0,703.053,-3566.74,-1687.59,290.086,15.032,3578.517027344707
1781277539482.0,765.941,-3595.89,-1609.19,330.671,15.048,3611.0619216985187
1781277539495.0,656.372,-3616.85,-1536.86,385.929,15.061,3637.3816290761956
1781277539509.0,542.568,-3635.42,-1464.37,425.108,15.075,3660.1906218206723
1781277539526.0,436.228,-3507.84,-1387.02,448.212,15.092,3536.3590686670946
1781277539542.0,332.209,-3565.89,-1307.1,512.239,15.108,3602.4936204275227
1781277539548.0,225.005,-3611.33,-1225.72,577.678,15.114,3657.2416163803014
1781277539560.0,118.488,-3649.53,-1155.51,629.107,15.126,3703.3558886973046
1781277539575.0,19.3792,-3684.98,-1081.65,660.232,15.141,3743.6591583935633
1781277539592.0,-81.889,-3718.03,-1176.71,674.132,15.158,3778.6506896409464
1781277539608.0,-69.1141,-3743.19,-1105.88,710.135,15.174,3809.955786400283
1781277539616.0,-89.0711,-3757.72,-1204.75,772.007,15.182,3836.203123721292
1781277539627.0,-104.604,-3764.87,-1131.79,851.729,15.193,3860.011451581588
1781277539641.0,-141.495,-3624.95,-1228.49,875.812,15.207,3729.2504825827937
1781277539657.0,-152.523,-3375.15,-1155.16,885.317,15.223,3489.329980524771
1781277539676.0,-192.08,-3506.17,-1250.52,958.95,15.242,3634.9433518832175
1781277539692.0,-201.568,-3604.99,-1176.61,1045.6,15.258,3753.562609055562
1781277539698.0,-212.595,-3674.32,-1102.01,1155.39,15.264,3851.694888552311
1781277539709.0,-265.769,-3729.15,-1193.08,1238.58,15.275,3929.457995563765
1781277539725.0,-274.088,-3771.98,-1117.78,1299.21,15.291,3989.458577864921
1781277539742.0,-302.318,-3796.59,-1149.26,1379.67,15.308,4039.503055698807
1781277539758.0,-337.98,-3809.24,-1176.35,1457.97,15.324,4078.723562402826
1781277539766.0,-326.095,-3958.71,-1045.19,1435.85,15.332,4211.06282149768
1781277539777.0,-357.356,-4058.79,-1077.42,1438.57,15.343,4306.188559387524
1781277539791.0,-389.438,-4115.85,-1106.87,1449.39,15.357,4363.59399974379
1781277539808.0,-362.886,-4137.94,-981.946,1476.43,15.374,4393.448871729361
1781277539824.0,-393.486,-4129.76,-1015.98,1518.61,15.39,4400.124315255195
1781277539832.0,-426.032,-4106.73,-1046.65,1556.44,15.398,4391.780591798729
1781277539845.0,-455.142,-4065.34,-1076.25,1610.08,15.411,4372.567543446298
1781277539859.0,-422.64,-4020.54,-952.713,1657.76,15.425,4348.897574006543
1781277539875.0,-454.378,-3961.83,-985.426,1705.51,15.441,4313.335288265915
1781277539892.0,-487.247,-3904.41,-1014.99,1746.52,15.458,4277.236205600528
1781277539898.0,-519.591,-3829.64,-1042.25,1821.49,15.464,4240.75091813938
1781277539910.0,-562.179,-3754.23,-1061.7,1899.71,15.476,4207.510068555986
1781277539928.0,-606.424,-3697.26,-1077.34,1943.07,15.494,4176.751432932058
1781277539941.0,-642.235,-3632.7,-1095.03,2008.19,15.507,4150.823576845925
1781277539958.0,-686.121,-3540.29,-1105.37,2117.6,15.524,4125.2736932353955
1781277539976.0,-745.036,-3449.93,-1102.88,2218.27,15.542,4101.553217721305
1781277539982.0,-707.782,-3371.53,-964.763,2310.86,15.548,4087.455012657632
1781277539993.0,-764.226,-3295.2,-965.967,2397.06,15.559,4074.8300189823867
1781277540009.0,-820.415,-3230.71,-963.059,2470.5,15.575,4067.0452854744563
1781277540026.0,-763.747,-3169.19,-838.267,2529.26,15.592,4054.7406086826322
1781277540042.0,-815.729,-3125.14,-841.972,2560.55,15.608,4040.1629078664637
1781277540048.0,-861.935,-3102.17,-847.366,2556.73,15.614,4019.9909206116376
1781277540061.0,-781.744,-2952.17,-745.763,2472.79,15.627,3850.973655194229
1781277540077.0,-824.721,-3024.72,-759.836,2415.66,15.643,3870.9616781879927
1781277540092.0,-846.66,-3118.08,-793.417,2317.36,15.658,3884.917020478044
1781277540108.0,-740.478,-3219.74,-722.339,2173.61,15.674,3884.7530294344324
1781277540116.0,-746.675,-3341.51,-777.153,1965.88,15.682,3876.902533531118
1781277540127.0,-735.341,-3466.02,-843.251,1705.46,15.693,3862.8860262762087
1781277540143.0,-607.162,-3581.07,-788.326,1398.09,15.709,3844.309820110757
1781277540158.0,-573.564,-3677.38,-867.884,1028.49,15.724,3818.496476952676
1781277540176.0,-438.066,-3740.15,-809.484,612.145,15.742,3789.913392615325
1781277540193.0,-349.113,-3615.11,-833.08,245.72,15.759,3623.4512043768436
1781277540209.0,-271.378,-3633.3,-843.553,-223.211,15.775,3640.1500024753104
1781277540215.0,-167.634,-3590.31,-852.665,-653.555,15.781,3649.3095284073947
1781277540224.0,-71.4332,-3380.43,-848.844,-966.897,15.79,3515.9915804092875
1781277540239.0,6.70777,-3308.22,-834.675,-1309.15,15.805,3557.835478335107
1781277540253.0,81.3659,-3204.8,-813.5,-1610.07,15.819,3586.5120165559183
1781277540263.0,144.127,-3091.73,-787.333,-1860.7,15.829,3608.462121583099
1781277540279.0,192.948,-2998.92,-759.136,-2027.73,15.845,3620.111893201645
1781277540291.0,222.139,-2803.05,-733.219,-2078.69,15.857,3489.7050618354556
1781277540308.0,244.113,-2831.47,-708.09,-2094.72,15.874,3522.0837922031324
1781277540325.0,235.925,-2868.33,-692.774,-2072.97,15.891,3539.00008615428
1781277540332.0,215.655,-2917.77,-674.227,-2004.3,15.898,3539.8587913785486
1781277540347.0,187.754,-2983.15,-657.605,-1882.62,15.913,3527.526326889709
1781277540359.0,153.09,-2920.36,-641.861,-1707.36,15.925,3382.8361916001786
1781277540376.0,123.307,-3029.17,-623.764,-1509.65,15.942,3384.5108969243993
1781277540392.0,76.5251,-3127.34,-606.978,-1259.2,15.958,3371.3261657098683
1781277540409.0,25.4543,-3195.67,-587.159,-986.026,15.975,3344.3316255383525
1781277540417.0,-24.0498,-3227.62,-563.106,-695.261,15.983,3301.653937426059
1781277540425.0,-71.3484,-3221.86,-534.772,-410.782,15.991,3247.9414574656357
1781277540442.0,-112.519,-3179.77,-502.954,-162.815,16.008,3183.9356113346576
1781277540458.0,-144.997,-3013.62,-469.362,63.0873,16.024,3014.280264312078
1781277540466.0,-171.427,-2956.56,-434.508,200.37,16.032,2963.341892272979
1781277540483.0,-183.35,-2886.36,-403.216,269.528,16.049,2898.91693437118
1781277540497.0,-185.265,-2807.14,-375.567,317.019,16.063,2824.984252338586
1781277540512.0,-183.971,-2637.83,-349.088,356.545,16.078,2661.817320163989
1781277540526.0,-182.072,-2575.87,-322.58,354.849,16.092,2600.196929023069
1781277540542.0,-173.135,-2510.94,-299.827,307.925,16.108,2529.7504796372705
1781277540559.0,-159.219,-2442.45,-279.914,215.373,16.125,2451.9273096136026
1781277540565.0,-140.857,-2368.4,-262.412,113.549,16.131,2371.1203966481753
1781277540575.0,-121.993,-2284.97,-244.918,-6.44931,16.141,2284.979101545455
1781277540592.0,-102.456,-2191.9,-227.392,-129.139,16.158,2195.7009111718744
1781277540608.0,-83.6958,-2087.81,-209.063,-243.882,16.174,2102.0059528992774
1781277540625.0,-66.77,-1975.1,-189.562,-350.764,16.191,2006.004833916409
1781277540631.0,-51.4769,-1872.29,-169.1,-411.092,16.197,1916.8897924930375
1781277540641.0,-41.021,-1779.24,-146.926,-444.279,16.207,1833.8698992679388
1781277540657.0,-33.1722,-1694.1,-123.968,-443.547,16.223,1751.2020874841942
1781277540674.0,-27.9093,-1611.65,-100.31,-434.105,16.24,1669.0904329978648
1781277540692.0,-22.7674,-1535.68,-76.6093,-407.415,16.258,1588.8045961114917
1781277540699.0,-18.0868,-1459.53,-52.733,-382.864,16.265,1508.9110853181508
1781277540709.0,-12.5904,-1386.56,-29.0568,-345.862,16.275,1429.044840669459
1781277540725.0,-6.4874,-1314.06,-5.48753,-320.561,16.291,1352.5949276560962
1781277540742.0,-3.6153,-1239.45,25.724,-297.345,16.308,1274.617727605026
1781277540758.0,-31.4463,-1162.6,43.5334,-279.011,16.324,1195.6110981924683
1781277540764.0,-28.1927,-1083.05,77.0303,-271.008,16.33,1116.4419548565882
1781277540777.0,-56.1766,-1000.77,95.1939,-262.812,16.343,1034.7032136047515
1781277540791.0,-53.1987,-917.146,128.37,-258.251,16.357,952.8118199922794
1781277540808.0,-81.4193,-833.186,146.475,-248.056,16.374,869.3277228594519
1781277540824.0,-78.7589,-745.549,179.489,-241.639,16.39,783.7300030763146
1781277540832.0,-108.135,-657.525,196.941,-229.288,16.398,696.3563115022366
1781277540845.0,-106.463,-567.608,229.627,-220.536,16.411,608.9457849102824
1781277540859.0,-137.528,-480.272,245.938,-202.566,16.425,521.2429168247756
1781277540876.0,-136.951,-394.146,278.367,-180.456,16.442,433.49214208795064
1781277540892.0,-167.052,-311.047,294.849,-152.583,16.458,346.4560695066548
1781277540909.0,-164.555,-233.139,328.46,-124.634,16.475,264.3623030558631
1781277540915.0,-193.754,-161.041,345.35,-97.9983,16.481,188.5149078558245
1781277540925.0,-189.313,-94.8272,379.979,-69.8606,16.491,117.78243201853152
1781277540942.0,-216.485,-34.5078,398.032,-40.7462,16.508,53.39514093323474
1781277540958.0,-208.95,19.5736,434.006,-15.5118,16.524,24.974822445815306
1781277540974.0,-235.783,67.6334,452.452,6.91223,16.54,67.98570231403731
1781277540982.0,-237.711,109.276,483.457,24.8435,16.548,112.06446211109925
1781277540993.0,-249.102,142.146,509.691,42.5792,16.559,148.38623112890224
1781277541009.0,-259.17,169.011,536.564,57.0676,16.575,178.38561906936332
1781277541026.0,-272.06,187.965,562.066,66.6616,16.592,199.43572934547112
1781277541042.0,-282.798,201.428,588.608,76.5046,16.608,215.46738269436514
1781277541048.0,-297.356,204.857,613.305,81.1336,16.614,220.33849300101878
1781277541061.0,-309.272,200.807,639.28,82.0954,16.627,216.94032808622742
1781277541075.0,-324.096,195.009,663.842,82.4963,16.641,211.74076035258304
1781277541092.0,-336.441,183.575,689.609,79.2032,16.658,199.93230733235686
1781277541108.0,-354.363,166.984,712.631,71.6847,16.674,181.72053398031275
1781277541116.0,-367.236,149.437,738.138,64.4892,16.682,162.7583296966395
1781277541131.0,-383.654,129.292,761.871,57.9028,16.697,141.665646900863
1781277541141.0,-396.667,105.488,787.307,48.3563,16.707,116.04331042197133
1781277541157.0,-415.687,85.7995,809.688,41.1786,16.723,95.16948722258621
1781277541174.0,-429.992,66.1323,834.459,33.8385,16.74,74.28677665331833
1781277541192.0,-447.607,47.0871,857.509,27.794,16.758,54.6781622076858
1781277541198.0,-462.089,30.6571,882.178,21.5481,16.764,37.47236840686748
1781277541209.0,-463.024,19.0881,881.688,14.1414,16.775,23.75573100474915
1781277541225.0,-459.548,11.0819,883.505,9.6008,16.791,14.662328200187035
1781277541242.0,-465.367,2.16776,880.453,4.89415,16.808,5.352745803800139
1781277541259.0,-462.244,-0.741395,882.097,1.47239,16.825,1.6485141364650169
1781277541266.0,-461.615,-8.03954,882.426,0.0726913,16.832,8.039868620611639
1781277541277.0,-461.606,-9.906,882.431,-2.61824,16.843,10.246170830978762
1781277541291.0,-464.603,-11.7196,880.857,-2.80116,16.857,12.049710432437786
1781277541308.0,-462.316,-13.262,882.059,-5.76172,16.874,14.45953185128758
1781277541324.0,-461.414,-12.5728,882.531,-5.46074,16.89,13.707479023788437
1781277541343.0,-457.464,-13.4751,884.585,-5.13708,16.909,14.421092570828327
1781277541349.0,-459.614,-12.3887,883.47,-6.00072,16.915,13.765483217395603
1781277541361.0,-457.833,-10.0705,884.394,-5.32225,16.927,11.390404528044646
1781277541376.0,-458.15,-9.30344,884.23,-6.40899,16.942,11.29730714169089
1781277541392.0,-455.822,-5.73038,885.432,-5.20301,16.958,7.740062532337836
1781277541408.0,-458.591,-6.23032,884.001,-4.62345,16.974,7.758426206705842
1781277541414.0,-457.531,-6.00883,884.551,-3.69085,16.98,7.051837469156531
1781277541429.0,-457.399,-7.03258,884.619,-0.278324,16.995,7.038085372128985
1781277541442.0,-455.503,-4.39981,885.597,-0.490795,17.008,4.427099249861585
1781277541458.0,-456.888,-4.01758,884.883,1.26831,17.024,4.213022586279356
1781277541474.0,-457.443,-2.43415,884.596,0.378172,17.04,2.463351433328992
1781277541482.0,-461.302,-1.18474,882.59,-0.245852,17.048,1.2099801955007363
1781277541493.0,-460.482,0.207484,883.018,-1.03839,17.059,1.0589161451012068
1781277541509.0,-464.431,-0.805273,880.947,-0.498412,17.075,0.9470370247635517
1781277541526.0,-462.578,0.484944,881.922,1.07705,17.092,1.1811889711794639
1781277541542.0,-465.411,0.578426,880.43,1.89272,17.108,1.9791325463131568
1781277541548.0,-461.633,0.229665,882.417,0.499827,17.114,0.5500663979502839
1781277541561.0,-463.46,1.68312,881.459,-0.217937,17.127,1.6971710197764396
1781277541575.0,-459.144,-1.49357,883.714,0.583338,17.141,1.6034445943480555
1781277541592.0,-463.023,-1.47492,881.688,1.55182,17.158,2.14091903602168
1781277541608.0,-460.68,-0.652691,882.914,0.932803,17.174,1.1384757258237876
1781277541624.0,-463.563,-0.674796,881.404,0.762578,17.19,1.018270517937154
1781277541633.0,-460.094,0.432846,883.22,1.26809,17.199,1.339928321894869
1781277541641.0,-463.319,0.0269946,881.533,-0.0895821,17.207,0.09356100186279538
1781277541657.0,-461.124,0.869177,882.683,-0.778553,17.223,1.1668819268195048
1781277541674.0,-463.202,0.54853,881.594,-0.859984,17.24,1.0200282550772797
1781277541692.0,-458.877,2.33961,883.853,-1.5192,17.258,2.789577672713201
1781277541698.0,-460.86,0.56373,882.821,0.822642,17.264,0.9972619380403526
1781277541709.0,-459.626,1.16524,883.464,0.0165214,17.275,1.1653571187657283
1781277541725.0,-460.602,1.34886,882.955,1.03575,17.291,1.700647336192898
1781277541742.0,-456.79,0.236044,884.933,1.11714,17.308,1.1418049524923248
1781277541758.0,-459.732,1.05293,883.408,0.643258,17.324,1.2338729429985893
1781277541764.0,-458.254,0.187079,884.176,0.365468,17.33,0.41056718240137025
1781277541777.0,-460.577,0.762874,882.968,1.01657,17.343,1.2709804501942585
1781277541791.0,-457.583,2.03923,884.524,0.859006,17.357,2.2127698255661388
1781277541808.0,-460.043,-0.0505166,883.247,1.8254,17.374,1.8260988710569752
1781277541824.0,-458.319,-0.586204,884.142,2.0577,17.39,2.139571083094927
1781277541834.0,-461.225,1.12605,882.63,1.88259,17.4,2.1936576101570635
1781277541845.0,-460.546,0.418358,882.984,-0.170495,17.411,0.45176538290245305
1781277541859.0,-463.307,-1.00069,881.539,-0.865442,17.425,1.323015620264553
1781277541875.0,-460.371,-0.444937,883.076,-1.00097,17.441,1.095403977931886
1781277541892.0,-463.101,0.124208,881.647,-3.18721,17.458,3.189629321937582
1781277541908.0,-460.98,1.54557,882.758,-1.40054,17.474,2.085737019976392
1781277541914.0,-462.676,0.28837,881.871,-2.59426,17.48,2.610237959363092
1781277541925.0,-458.387,-1.65639,884.107,-2.17237,17.491,2.731816108196157
1781277541941.0,-460.672,0.07128,882.919,-2.0821,17.507,2.083319766238491
1781277541960.0,-459.499,-1.43034,883.53,-1.98472,17.526,2.446423102000143
1781277541972.0,-461.958,-1.26301,882.247,-0.395047,17.538,1.3233504419876845
1781277541985.0,-459.339,-1.75213,883.613,0.294037,17.551,1.7766308829548698
1781277541997.0,-462.899,-0.933753,881.753,1.43045,17.563,1.7082394057944572
1781277542007.0,-459.468,-0.921623,883.546,0.41347,17.573,1.0101219703723903
1781277542019.0,-460.779,-2.7318,882.863,1.89292,17.585,3.3235338671961805
1781277542034.0,-458.282,-5.9918,884.162,3.16359,17.6,6.775689553698576
1781277542050.0,-459.669,-12.8438,883.441,4.60998,17.616,13.64606588143264
1781277542065.0,-456.663,-26.0697,884.999,6.70568,17.631,26.918309797466854
1781277542077.0,-458.546,-41.8878,884.025,13.147,17.643,43.90252154307313
1781277542091.0,-457.265,-62.9655,884.688,20.2599,17.657,66.14467278821478
1781277542104.0,-458.153,-90.8991,884.228,29.5895,17.67,95.59385383517082
1781277542114.0,-457.207,-126.297,884.717,39.6006,17.68,132.35988716132997
1781277542131.0,-460.517,-169.14,882.998,53.3164,17.697,177.3442361875908
1781277542143.0,-459.481,-223.634,883.536,67.381,17.709,233.56447742968106
1781277542157.0,-461.286,-285.747,882.594,86.9849,17.723,298.6933558635177
1781277542174.0,-457.104,-321.049,884.764,96.876,17.74,335.3467157689188
1781277542192.0,-457.877,-406.9,884.362,122.687,17.758,424.993776388549
1781277542198.0,-455.018,-496.333,885.831,142.936,17.764,516.504740525196
1781277542209.0,-455.069,-588.398,885.797,165.031,17.775,611.1034588062811
1781277542225.0,-452.138,-680.82,887.287,186.912,17.791,706.0113087932799
1781277542242.0,-450.846,-772.049,887.933,211.742,17.808,800.558762968091
1781277542258.0,-444.707,-862.921,891.011,233.798,17.824,894.032525719842
1781277542275.0,-443.148,-946.466,891.772,256.233,17.841,980.5372198162597
1781277542281.0,-428.578,-973.147,898.926,258.021,17.847,1006.7720298309841
1781277542293.0,-449.08,-1065.43,888.881,282.524,17.859,1102.2526459374003
1781277542308.0,-436.92,-1094.33,894.787,283.484,17.874,1130.4518243410464
1781277542324.0,-441.394,-1198.55,892.582,300.855,17.89,1235.7329135072027
1781277542332.0,-434.472,-1299.23,896.005,316.023,17.898,1337.1122351653955
1781277542345.0,-446.784,-1397.57,889.925,315.897,17.911,1432.8268630609211
1781277542359.0,-449.235,-1486.67,888.711,315.879,17.925,1519.857635287266
1781277542375.0,-464.483,-1567.55,880.836,314.174,17.941,1598.7239614067214
1781277542392.0,-463.034,-1643.24,881.613,316.418,17.958,1673.4270370482245
1781277542408.0,-473.514,-1715.9,876.027,306.991,17.974,1743.145514316289
1781277542415.0,-471.756,-1785.25,876.978,299.553,17.981,1810.207049568916
1781277542425.0,-484.091,-1853.44,870.229,286.375,17.991,1875.433409701608
1781277542441.0,-484.597,-1917.12,869.94,275.93,18.007,1936.875437218408
1781277542458.0,-493.716,-1979.43,864.797,255.363,18.024,1995.8340077944858
1781277542466.0,-494.952,-2037.16,864.069,245.561,18.032,2051.9066914265377
1781277542481.0,-502.422,-2097.5,859.744,221.371,18.047,2109.1494422257047
1781277542493.0,-502.752,-2155.14,859.516,209.292,18.059,2165.2786335398036
1781277542507.0,-509.459,-2116.2,855.549,176.393,18.073,2123.5387753580108
1781277542526.0,-508.518,-2200.09,856.118,164.966,18.092,2206.266028668347
1781277542542.0,-518.692,-2277.4,849.988,143.832,18.108,2281.9374233804047
1781277542548.0,-517.421,-2345.65,850.692,135.17,18.114,2349.5414129995665
1781277542560.0,-512.564,-2411.76,853.655,109.168,18.126,2414.229473315244
1781277542575.0,-525.064,-2368.4,846.02,64.3023,18.141,2369.272746178728
1781277542591.0,-528.954,-2244.83,843.57,31.4007,18.157,2245.049605879676
1781277542608.0,-542.795,-2390.14,834.731,33.5152,18.174,2390.37496812342
1781277542616.0,-533.002,-2511.69,840.882,38.9964,18.182,2511.9927100437535
1781277542630.0,-521.406,-2622.24,848.02,16.3046,18.196,2622.290688993339
1781277542641.0,-517.563,-2603.01,850.294,1.54525,18.207,2603.0104586608104
1781277542657.0,-509.776,-2714.98,855.001,-12.3214,18.223,2715.007958975067
1781277542676.0,-502.899,-2808.6,859.082,-3.8661,18.242,2808.6026608848056
1781277542692.0,-489.52,-2888.6,866.791,-6.55127,18.258,2888.6074290458046
1781277542698.0,-478.755,-2956.36,872.79,-27.3767,18.264,2956.486755137403
1781277542709.0,-472.236,-3013.35,876.323,-36.6917,18.275,3013.5733777940254
1781277542725.0,-462.569,-3064.86,881.43,-35.3007,18.291,3065.06328793069
1781277542742.0,-449.943,-3106.77,887.878,-12.6544,18.308,3106.795771649524
1781277542758.0,-431.471,-3018.24,896.903,-10.1261,18.324,3018.2569863252547
1781277542764.0,-418.023,-3085.41,903.204,17.5472,18.33,3085.4598964056945
1781277542779.0,-397.685,-3148.31,912.239,41.304,18.345,3148.5809305965126
1781277542791.0,-379.078,-3204.66,919.956,36.31,18.357,3204.865696359209
1781277542808.0,-367.887,-3252.88,924.239,55.2709,18.374,3253.3495303743202
1781277542824.0,-349.421,-3290.23,931.046,77.0218,18.39,3291.1313876196496
1781277542832.0,-329.974,-3327.93,937.697,98.6444,18.398,3329.3916565269637
1781277542845.0,-310.176,-3361.85,943.917,126.753,18.411,3364.2386576325107
1781277542859.0,-288.314,-3390.02,950.206,201.179,18.425,3395.98418583494
1781277542876.0,-253.437,-3402.06,959.375,331.066,18.442,3418.13062066914
1781277542892.0,-201.937,-3401.69,970.693,473.82,18.458,3434.5305717812444
1781277542909.0,-145.877,-3392.15,979.751,629.078,18.475,3449.9885148481294
1781277542914.0,-86.4224,-3341.94,985.726,824.238,18.48,3442.0823993977833
1781277542925.0,-14.2114,-3128.35,988.253,1038.03,18.491,3296.0703881137006
1781277542941.0,71.0045,-2736.32,997.476,1209.65,18.507,2991.772094411605
1781277542958.0,155.259,-2309.11,986.908,1308.05,18.524,2653.862052669656
1781277542967.0,243.741,-1673.99,968.101,1372.28,18.533,2164.5773071202607
1781277542981.0,356.483,-1133.13,932.151,1307.49,18.547,1730.1773599836522
1781277542997.0,441.757,-534.572,894.891,1125.05,18.563,1245.5941255818445
1781277543009.0,497.654,-12.1625,864.904,852.882,18.575,852.9687170877077
1781277543026.0,547.229,410.711,834.223,535.866,18.592,675.1562007987485
1781277543042.0,579.948,755.267,811.53,246.579,18.608,794.4994930961252
1781277543048.0,582.426,1048.9,809.359,9.1833,18.614,1048.9401999155577
1781277543061.0,568.604,1297.9,818.624,-177.783,18.627,1310.0195437813131
1781277543075.0,540.869,1513.29,836.602,-294.721,18.641,1541.7221189115112
1781277543091.0,489.882,1703.24,866.752,-343.854,18.657,1737.602391491218
1781277543108.0,421.383,1873.05,901.286,-305.942,18.674,1897.8716526319686
1781277543116.0,327.121,2012.56,938.808,-164.431,18.682,2019.2660318444916
1781277543128.0,203.703,2100.91,972.239,58.4562,18.694,2101.7230919934336
1781277543143.0,58.1492,2127.47,990.79,313.5,18.709,2150.4443380148205
1781277543159.0,-89.4926,2097.85,987.577,560.85,18.725,2171.5265011046954
1781277543176.0,-227.787,2042.04,964.213,746.987,18.742,2174.3773682985666
1781277543192.0,-333.794,1985.77,931.925,856.68,18.758,2162.6796145753997
1781277543209.0,-403.902,1939.34,902.849,895.609,18.775,2136.154281993929
1781277543215.0,-441.972,1901.99,883.964,886.304,18.781,2098.356676191157
1781277543225.0,-456.19,1888.07,875.896,803.088,18.791,2051.7696412229125
1781277543242.0,-435.656,1884.36,885.561,678.404,18.808,2002.7592458445922
1781277543258.0,-390.89,1883.53,905.585,521.014,18.824,1954.2622262879668
1781277543266.0,-324.635,1865.59,930.872,364.341,18.832,1900.8341359469005
1781277543276.0,-253.705,1825.72,952.239,222.646,18.842,1839.245704009119
1781277543293.0,-185.787,1772.38,967.49,90.0599,18.859,1774.6666306627874
1781277543309.0,-122.713,1712.47,992.442,-28.8243,18.875,1712.7125681708796
1781277543326.0,-60.549,1654.03,998.117,-112.765,18.892,1657.8694719805296
1781277543332.0,-6.45722,1598.21,999.921,-142.857,18.898,1604.5819787561495
1781277543344.0,2.159,1547.26,999.921,-144.361,18.91,1553.9799245553336
1781277543359.0,2.36172,1499.98,999.919,-127.654,18.925,1505.4021204037147
1781277543375.0,-31.3534,1457.55,999.423,-77.1936,18.941,1459.5927015373022
1781277543392.0,-75.5593,1415.25,997.056,-19.691,18.958,1415.386978172754
1781277543409.0,-147.065,1368.72,989.044,38.2515,18.975,1369.2544013631104
1781277543414.0,-205.623,1317.6,978.547,87.9292,18.98,1320.5306903713522
1781277543425.0,-276.804,1262.47,960.864,134.758,18.991,1269.6417681629728
1781277543441.0,-322.98,1216.69,946.338,151.919,19.007,1226.137813894099
1781277543458.0,-365.208,1175.48,930.889,160.501,19.024,1186.3868683532367
1781277543474.0,-380.209,1138.78,924.856,155.42,19.04,1149.3368804662973
1781277543482.0,-397.072,1100.32,917.78,136.607,19.048,1108.7675928024773
1781277543493.0,-377.473,1062.23,926.003,102.826,19.059,1067.1952769648112
1781277543509.0,-361.977,1019.96,932.187,71.9439,19.075,1022.4941693463147
1781277543526.0,-308.586,975.965,951.197,32.5762,19.092,976.5085202042224
1781277543542.0,-275.292,928.969,961.218,10.5934,19.108,929.0293983962833
1781277543548.0,-242.354,879.148,970.037,4.43837,19.114,879.1592034621813
1781277543561.0,-226.111,826.857,973.941,3.10267,19.127,826.8628211560421
1781277543575.0,-215.615,773.914,976.311,5.11343,19.141,773.9308926269612
1781277543593.0,-217.281,719.935,975.936,19.2499,19.159,720.1923096472289
1781277543608.0,-237.572,662.807,971.192,35.0642,19.174,663.7338452803504
1781277543624.0,-265.531,603.591,963.92,45.6018,19.19,605.3111757139793
1781277543632.0,-294.598,541.629,955.435,57.6367,19.198,544.6870319990096
1781277543647.0,-333.555,481.936,942.541,61.1604,19.213,485.8012995290976
1781277543659.0,-371.859,418.745,928.096,59.1859,19.225,422.90701789378005
1781277543676.0,-400.671,356.788,916.026,52.3543,19.242,360.6087210155767
1781277543692.0,-425.44,297.595,904.789,44.3098,19.258,300.8756261331915
1781277543709.0,-447.427,236.638,894.12,29.1089,19.275,238.4216246551684
1781277543715.0,-441.009,175.507,897.303,15.5012,19.281,176.1902217787355
1781277543725.0,-430.508,121.949,902.387,5.15556,19.291,122.05793050807308
1781277543742.0,-408.082,73.1403,912.747,-1.66598,19.308,73.15927127473591
1781277543758.0,-391.652,27.9975,919.915,-4.76507,19.324,28.400103844086555
1781277543766.0,-373.379,-10.1864,927.481,-2.92129,19.332,10.597012797203748
1781277543777.0,-352.753,-43.8734,935.519,-0.847962,19.343,43.8815937166535
1781277543791.0,-336.906,-70.0047,941.34,2.62442,19.357,70.05387642683594
1781277543808.0,-320.324,-87.0765,947.11,6.79344,19.374,87.3410995996936
1781277543824.0,-312.62,-98.9788,949.68,11.1364,19.39,99.6033245147972
1781277543832.0,-312.829,-106.507,949.611,12.9878,19.398,107.29596449932309
1781277543847.0,-314.759,-107.933,948.972,14.3661,19.413,108.8848810359363
1781277543859.0,-313.866,-106.199,949.268,13.8568,19.425,107.0991993772129
1781277543876.0,-313.938,-100.718,949.244,10.7029,19.442,101.28508079875337
1781277543892.0,-318.515,-91.9823,947.718,8.92553,19.458,92.41433113468332
1781277543909.0,-325.87,-81.9623,945.214,7.72671,19.475,82.32569871379228
1781277543915.0,-327.771,-71.4525,944.556,6.25046,19.481,71.72536515390911
1781277543925.0,-334.015,-60.7502,942.366,3.72556,19.491,60.86432943320414
1781277543942.0,-331.276,-49.8455,943.333,0.876186,19.508,49.85320021981133
1781277543958.0,-334.872,-41.1025,942.062,-0.0722588,19.524,41.10256351596792
1781277543975.0,-334.308,-31.5739,942.262,-1.59473,19.541,31.614147544776532
1781277543983.0,-334.131,-25.1873,942.325,-0.73468,19.549,25.198012540523905
1781277543993.0,-332.036,-18.2285,943.066,-1.15831,19.559,18.265264693020466
1781277544008.0,-336.888,-12.6176,941.343,0.171739,19.574,12.618768721397544
1781277544026.0,-338.479,-8.94047,940.772,-1.094,19.592,9.007154923775875
1781277544043.0,-344.378,-4.74053,938.629,-1.08487,19.609,4.863082108889381
1781277544049.0,-338.714,-1.99461,940.688,-4.11032,19.615,4.5687196843864255
1781277544061.0,-340.162,0.873876,940.165,-2.51208,19.627,2.6597378047048172
1781277544075.0,-336.424,5.25272,941.509,-1.97097,19.641,5.610328879780578
1781277544092.0,-335.599,4.94259,941.803,-1.84205,19.658,5.2746890060552385
1781277544108.0,-331.295,5.98051,943.326,-2.26362,19.674,6.394566081017539
1781277544125.0,-332.866,3.88307,942.773,-2.46388,19.691,4.5987973731509415
1781277544133.0,-329.221,4.64653,944.052,-2.36973,19.699,5.215923821702154
1781277544141.0,-331.282,4.89562,943.331,-2.45909,19.707,5.478523415346512
1781277544158.0,-328.408,4.99179,944.335,0.184399,19.724,4.995194730468573
1781277544174.0,-332.668,4.85237,942.843,2.14554,19.74,5.305547710510197
1781277544191.0,-331.831,5.34058,943.138,1.3699,19.757,5.513476285103619
1781277544199.0,-334.731,4.6843,942.112,1.70012,19.765,4.983279492904247
1781277544209.0,-330.319,2.58548,943.668,2.05231,19.775,3.3010124456748113
1781277544226.0,-330.838,1.78248,943.486,0.0888434,19.792,1.7846927186839645
1781277544242.0,-330.164,1.11266,943.722,-1.32275,19.808,1.7284906242441698
1781277544259.0,-334.05,0.155042,942.354,-1.68127,19.825,1.6884036349949025
1781277544265.0,-331.456,-0.911684,943.27,-2.31772,19.831,2.4905809993365002
1781277544277.0,-334.058,-1.03158,942.351,-0.255668,19.843,1.0627903944917831
1781277544292.0,-333.302,-1.09729,942.619,1.30847,19.858,1.7076706605783212
1781277544308.0,-337.166,0.105679,941.244,1.95262,19.874,1.9554776693792748
1781277544325.0,-331.573,-1.58016,943.228,1.06052,19.891,1.903052362915955
1781277544341.0,-332.539,-1.72975,942.888,-0.19388,19.907,1.740581660508923
1781277544357.0,-330.176,-2.38301,943.718,0.0873264,19.923,2.3846095194469386
1781277544366.0,-332.107,-0.388087,943.041,-0.46943,19.932,0.6090780282270901
1781277544374.0,-324.445,0.763752,945.704,0.375758,19.94,0.8511822319973555
1781277544393.0,-326.464,2.10726,945.009,-1.75504,19.959,2.7423913121945236
1781277544409.0,-324.83,1.91621,945.572,-2.25973,19.975,2.9628095512536743
1781277544415.0,-328.038,0.444738,944.464,-1.94394,19.981,1.9941651416680617
1781277544425.0,-324.045,0.0751792,945.841,0.758449,19.991,0.7621658597140389
1781277544442.0,-323.766,0.712351,945.937,-0.0674309,20.008,0.7155353754188607
1781277544459.0,-321.975,0.00474856,946.548,-1.13965,20.025,1.1396598928285901
1781277544475.0,-328.544,-0.528364,944.288,-1.85585,20.041,1.929597817939272
1781277544483.0,-329.735,-2.014,943.872,-4.59117,20.049,5.01348561072035
1781277544494.0,-329.851,-3.07587,943.832,-6.38496,20.06,7.087220220827064
1781277544510.0,-325.478,1.88722,945.349,-2.29686,20.076,2.972736986011376
1781277544524.0,-329.435,2.45871,943.977,-1.16782,20.09,2.7219585625978953
1781277544541.0,-328.972,2.10663,944.138,-0.19515,20.107,2.1156496589463956
1781277544557.0,-333.273,1.91698,942.629,0.70418,20.123,2.0422247165285214
1781277544565.0,-329.575,1.88997,943.928,1.07896,20.131,2.1762677414555407
1781277544576.0,-335.639,1.66394,941.789,1.52187,20.142,2.2549467001461476
1781277544592.0,-332.866,0.849684,942.773,1.08953,20.158,1.3816796013388923
1781277544609.0,-334.301,-2.46499,942.265,2.42557,20.175,3.4582604767426064
1781277544617.0,-329.604,-4.83723,943.918,3.3558,20.183,5.887290354050834
1781277544630.0,-330.027,-5.54424,943.77,2.6939,20.196,6.164064761794769
1781277544642.0,-326.605,-2.82363,944.96,3.07619,20.208,4.175623461592292
1781277544660.0,-332.946,-1.94562,942.744,1.86519,20.226,2.6952496953900207
1781277544675.0,-328.425,-2.35,944.329,-0.732745,20.241,2.461587949886211
1781277544691.0,-334.389,-2.56005,942.234,-2.58018,20.257,3.6347193612299695
1781277544699.0,-335.116,-1.46077,941.975,-2.91998,20.265,3.2649857876107204
1781277544710.0,-335.81,-0.33526,941.728,-2.31228,20.276,2.3364584451686703
1781277544726.0,-330.72,0.140908,943.528,-1.13983,20.292,1.148506636186313
1781277544740.0,-334.22,1.98331,942.294,-0.440391,20.306,2.031615807425459
1781277544759.0,-329.111,2.18131,944.09,0.0478149,20.325,2.181833994776415
1781277544767.0,-329.788,3.09908,943.854,0.704675,20.333,3.178185599052547
1781277544777.0,-326.879,5.12717,944.865,-0.576928,20.343,5.159526928516217
1781277544792.0,-332.171,4.37217,943.018,0.0535684,20.358,4.372498151214996
1781277544808.0,-328.986,2.5565,944.134,-0.74182,20.374,2.661952133754475
1781277544825.0,-333.484,2.05714,942.554,-0.918136,20.391,2.2527313852512463
1781277544841.0,-331.989,2.62162,943.082,0.862556,20.407,2.759872148766316
1781277544847.0,-336.053,2.77672,941.641,-0.324336,20.413,2.7955979323386257
1781277544858.0,-333.813,2.41149,942.438,0.0615197,20.424,2.412274589176798
1781277544874.0,-338.28,0.223721,940.844,-0.604265,20.44,0.6443502743585976
1781277544891.0,-336.107,-1.46974,941.622,2.19013,20.457,2.6375756073523275
1781277544909.0,-333.63,-0.495289,942.503,2.51817,20.475,2.5664160501409357
1781277544915.0,-332.013,-2.1114,943.073,3.4288,20.481,4.026745509713769
1781277544926.0,-333.568,-0.086698,942.525,1.52342,20.492,1.5258850020902623
1781277544942.0,-331.482,-0.0503074,943.26,1.0848,20.508,1.0859658716989038
1781277544959.0,-329.839,-0.0313799,943.836,0.75547,20.525,0.7561214314010747
1781277544977.0,-323.84,-1.44195,945.911,-0.244635,20.543,1.462554643671477
1781277544983.0,-327.819,0.00238843,944.54,-1.24929,20.549,1.249292283133881
1781277544996.0,-328.591,-1.3905,944.271,-1.07482,20.562,1.7574778184659972
1781277545008.0,-329.712,-1.70004,943.88,-0.0507391,20.574,1.700797006661527
1781277545025.0,-329.038,-2.78108,944.115,0.533405,20.591,2.831770975983934
1781277545041.0,-331.086,0.41502,943.399,0.212651,20.607,0.4663282622799094
1781277545058.0,-326.45,-0.371156,945.013,0.956679,20.624,1.0261537337928464
1781277545066.0,-332.014,-0.444176,943.073,1.01316,20.632,1.1062483918975883
1781277545076.0,-327.369,-0.497778,944.696,1.0506,20.642,1.162558943574045
1781277545092.0,-327.815,-2.172,944.541,-0.356899,20.658,2.2011271876475016
1781277545109.0,-327.713,-1.53017,944.576,-0.501576,20.675,1.6102790791275903
1781277545125.0,-331.234,-1.01166,943.347,-0.545377,20.691,1.1493006689848397
1781277545131.0,-329.808,-0.936114,943.847,1.16743,20.697,1.4963964133530927
1781277545142.0,-330.469,0.108219,943.615,1.67716,20.708,1.680647797000014
1781277545159.0,-327.983,-1.98078,944.482,-1.26036,20.725,2.347764199829276
1781277545177.0,-329.296,-2.50527,944.025,-3.09261,20.743,3.9800269326978177
1781277545193.0,-327.309,-2.79431,944.716,-4.3022,20.759,5.130018831943992
1781277545199.0,-330.074,-0.608502,943.754,-3.98145,20.765,4.027681564685073
1781277545210.0,-326.381,-1.37203,945.037,-0.881314,20.776,1.6306994473219154
1781277545224.0,-326.434,1.11607,945.019,0.170643,20.79,1.1290399808461167
1781277545241.0,-325.496,1.20291,945.343,0.591125,20.807,1.3403063954652308
1781277545259.0,-328.463,1.24498,944.316,0.55869,20.825,1.3645914100931458
1781277545269.0,-327.841,2.40468,944.532,1.21938,20.835,2.6961775695973733
1781277545277.0,-330.829,2.80235,943.49,2.10699,20.843,3.5060764941170355
1781277545292.0,-325.85,6.25706,945.22,0.70559,20.858,6.296717961898881
1781277545308.0,-325.046,10.6684,945.497,0.721699,20.874,10.69278298697776
1781277545325.0,-318.103,19.7701,947.856,1.72427,20.891,19.8451495596002
1781277545342.0,-318.137,34.2069,947.844,-0.954781,20.908,34.22022230155673
1781277545348.0,-315.218,56.4926,948.819,-3.72823,20.914,56.61548863776502
1781277545358.0,-318.896,83.5024,947.588,-7.80774,20.924,83.86662989334673
1781277545375.0,-313.17,122.936,949.494,-10.8342,20.941,123.41247905151246
1781277545391.0,-316.066,165.78,948.531,-18.7994,20.957,166.84251808325118
1781277545410.0,-312.393,213.796,949.743,-22.0194,20.976,214.92692616877952
1781277545416.0,-319.049,265.671,947.523,-30.0397,20.982,267.3639164455256
1781277545426.0,-322.641,325.315,946.298,-34.8632,20.992,327.17776810052356
1781277545442.0,-335.183,391.497,941.919,-43.2226,21.008,393.8757344134823
1781277545459.0,-357.476,458.552,933.752,-50.2216,21.025,461.29399065082134
1781277545475.0,-349.312,527.089,936.869,-59.483,21.041,530.4347662154132
1781277545494.0,-369.038,599.169,929.136,-64.6505,21.06,602.646810089666
1781277545500.0,-396.441,675.272,917.839,-69.6467,21.066,678.854135146049
1781277545510.0,-388.703,757.728,921.211,-80.5553,21.076,761.997951665285
1781277545525.0,-409.77,835.745,911.826,-84.6002,21.091,840.0160110765985
1781277545541.0,-435.021,911.524,900.02,-91.4052,21.107,916.0954716420337
1781277545551.0,-442.016,990.451,896.605,-90.126,21.117,994.54305048952
1781277545566.0,-467.683,1072.76,883.491,-92.8492,21.132,1076.7706308869313
1781277545576.0,-473.152,1150.03,880.573,-100.888,21.142,1154.4467893515057
1781277545593.0,-489.118,1226.37,871.795,-109.99,21.159,1231.292482312793
1781277545609.0,-491.878,1302.37,870.24,-119.045,21.175,1307.7994222834784
1781277545615.0,-510.119,1375.61,859.655,-141.805,21.181,1382.8996818732007
1781277545629.0,-505.472,1447.69,862.393,-154.955,21.195,1455.9592673303055
1781277545642.0,-519.303,1519.71,854.107,-173.839,21.208,1529.6203718638817
1781277545658.0,-517.42,1589.16,855.243,-190.606,21.224,1600.549953246071
1781277545675.0,-528.573,1578.32,848.359,-203.69,21.241,1591.4093246239322
1781277545694.0,-522.677,1668.17,852.004,-229.342,21.26,1683.8613071936775
1781277545700.0,-531.085,1750.77,846.737,-267.376,21.266,1771.0690326116596
1781277545710.0,-534.174,1825.2,844.862,-310.838,21.276,1851.4792200411
1781277545724.0,-520.644,1897.2,853.266,-352.082,21.29,1929.5931111827697
1781277545741.0,-522.582,1964.66,852.026,-400.663,21.307,2005.098440268956
1781277545757.0,-521.45,2029.65,852.782,-442.932,21.323,2077.4185613698555
1781277545766.0,-509.944,2085.16,859.711,-492.932,21.332,2142.6325355095305
1781277545778.0,-509.149,2040.95,860.129,-529.144,21.344,2108.4283898762133
1781277545792.0,-492.163,2117.57,869.956,-590.29,21.358,2198.3050263782775
1781277545809.0,-492.204,2188.4,869.874,-647.167,21.375,2282.086695524296
1781277545825.0,-492.337,2156.87,869.847,-662.215,21.391,2256.239549144771
1781277545842.0,-480.392,2242.82,876.497,-731.225,21.408,2359.0107149025416
1781277545848.0,-478.873,2313.58,877.262,-810.768,21.414,2451.529556465514
1781277545858.0,-473.175,2379.85,880.384,-875.073,21.424,2535.63380199685
1781277545875.0,-459.121,2438.25,887.793,-936.861,21.441,2612.0435669837134
1781277545891.0,-459.129,2494.16,887.73,-981.363,21.457,2680.281224679418
1781277545910.0,-454.671,2537.9,890.001,-1039.68,21.476,2742.6029447224037
1781277545916.0,-455.937,2462.68,889.301,-1065.25,21.482,2683.1977834106824
1781277545926.0,-439.578,2533.1,897.497,-1124.82,21.492,2771.6088545103185
1781277545943.0,-443.747,2594.4,895.386,-1178.04,21.509,2849.3314306342113
1781277545959.0,-437.878,2656.0,898.252,-1212.64,21.525,2919.731455048563
1781277545976.0,-448.604,2703.93,892.894,-1247.81,21.542,2977.9636063927983
1781277545981.0,-447.302,2750.91,893.533,-1265.73,21.547,3028.1311499008757
1781277545994.0,-461.962,2788.98,886.005,-1306.48,21.56,3079.8213309865882
1781277546009.0,-457.64,2818.98,888.236,-1355.24,21.575,3127.830509794289
1781277546025.0,-460.759,2851.8,886.585,-1385.56,21.591,3170.574041652395
1781277546042.0,-457.956,2881.83,888.03,-1407.98,21.608,3207.390189749292
1781277546052.0,-468.897,2916.06,882.274,-1407.42,21.618,3237.9371488649995
1781277546062.0,-473.068,2940.83,880.04,-1428.86,21.628,3269.5752000068755
1781277546074.0,-483.186,2979.6,874.504,-1427.5,21.64,3303.9026029833267
1781277546091.0,-487.19,3008.3,872.278,-1438.64,21.657,3334.599517123458
1781277546107.0,-500.938,3026.09,864.441,-1468.65,21.673,3363.651811736762
1781277546126.0,-495.075,3049.96,867.81,-1486.46,21.692,3392.907209636008
1781277546132.0,-506.069,3076.85,861.435,-1495.37,21.698,3420.984852261114
1781277546142.0,-504.923,3110.43,862.106,-1488.41,21.708,3448.2081017537207
1781277546159.0,-501.007,3140.02,836.97,-1490.6,21.725,3475.8616141037605
1781277546175.0,-493.983,3178.48,813.656,-1471.78,21.741,3502.694888054054
1781277546187.0,-491.347,3203.71,787.613,-1478.01,21.753,3528.2107822804464
1781277546198.0,-482.623,3244.28,765.317,-1446.26,21.764,3552.0445810828446
1781277546210.0,-482.611,3277.87,737.412,-1435.01,21.776,3578.2237824093672
1781277546226.0,-477.75,3298.5,712.512,-1447.88,21.792,3602.2852114178854
1781277546241.0,-467.224,3327.56,691.394,-1442.7,21.807,3626.8497134014256
1781277546257.0,-460.604,3359.53,667.643,-1434.42,21.823,3652.944368218602
1781277546265.0,-455.223,3394.55,642.987,-1410.3,21.831,3675.8557904928753
1781277546278.0,-452.323,3284.94,616.437,-1349.87,21.844,3551.475724329254
1781277546292.0,-445.779,3358.07,592.435,-1340.62,21.858,3615.7843007154065
1781277546309.0,-388.675,3434.39,451.102,-1300.39,21.875,3672.335608873459
1781277546325.0,-334.866,3368.32,315.041,-1191.79,21.891,3572.945987067255
1781277546342.0,-280.803,3478.63,186.039,-1145.41,21.908,3662.3531704356424
1781277546348.0,-224.802,3572.83,65.3656,-1096.02,21.914,3737.1612287002013
1781277546358.0,-171.803,3641.84,-59.7128,-1069.91,21.924,3795.748410221626
1781277546375.0,-118.2,3694.29,-175.641,-1044.03,21.941,3838.9812769796104
1781277546391.0,-65.1503,3738.09,-284.519,-1035.63,21.957,3878.897568253124
1781277546408.0,-168.726,3788.24,-333.784,-994.295,21.974,3916.552673541491
1781277546416.0,-108.944,3819.25,-434.845,-985.191,21.982,3944.2707651707938
1781277546426.0,-208.369,3841.65,-478.676,-936.355,21.992,3954.1162613819283
1781277546443.0,-141.025,3850.42,-572.584,-904.467,22.009,3955.223726982963
1781277546459.0,-232.825,3861.45,-613.397,-857.309,22.025,3955.4740327779928
1781277546476.0,-161.112,3869.99,-699.081,-819.076,22.042,3955.718404269444
1781277546492.0,-249.927,3877.98,-735.947,-768.148,22.058,3953.325211806385
1781277546501.0,-171.299,3893.33,-814.892,-704.555,22.067,3956.5662179375945
1781277546513.0,-248.761,3909.85,-851.011,-614.315,22.079,3957.816309750239
1781277546525.0,-155.025,3920.24,-923.86,-526.404,22.091,3955.4244814957597
1781277546542.0,-223.29,3929.78,-959.765,-444.862,22.108,3954.879650184567
1781277546548.0,-125.278,3942.6,-1023.07,-367.96,22.114,3959.7334912339743
1781277546564.0,-191.241,3954.5,-1057.41,-294.214,22.13,3965.429627139536
1781277546577.0,-91.3291,3964.52,-1111.76,-207.788,22.143,3969.9615468344273
1781277546591.0,-151.876,3975.83,-1145.03,-138.52,22.157,3978.2423228481193
1781277546607.0,-49.3175,3988.99,-1191.0,-73.4539,22.173,3989.6662386125995
1781277546624.0,-103.989,3997.89,-1059.89,4.75371,22.19,3997.8928262096724
1781277546633.0,1.29758,4005.1,-1106.45,74.1611,22.199,4005.7865493250147
1781277546643.0,-61.5213,4013.2,-1144.75,139.5,22.209,4015.6237983655788
1781277546659.0,42.9451,4023.2,-1183.08,212.361,22.225,4028.8007439337325
1781277546676.0,-16.2834,4169.41,-1219.79,404.895,22.242,4189.023717899553
1781277546692.0,86.3262,4269.6,-1145.12,605.924,22.258,4312.3807871958625
1781277546708.0,37.2247,4336.27,-1247.9,752.363,22.274,4401.055282164609
1781277546716.0,141.801,4377.69,-1168.35,867.589,22.282,4462.833226664537
1781277546727.0,88.0121,4402.93,-1273.97,943.681,22.293,4502.924207074887
1781277546741.0,181.25,4412.51,-1191.77,977.379,22.307,4519.459504159872
1781277546759.0,117.975,4249.65,-1300.22,965.549,22.325,4357.959384149995
1781277546777.0,201.656,4290.67,-1217.44,1006.62,22.343,4407.168350914224
1781277546783.0,145.973,4323.88,-1326.1,1003.51,22.349,4438.802831226005
1781277546793.0,226.127,4345.87,-1242.17,1007.24,22.359,4461.066965928666
1781277546809.0,166.028,4363.33,-1352.52,992.509,22.375,4474.787459084621
1781277546826.0,243.795,4369.93,-1267.92,990.74,22.392,4480.831837114622
1781277546842.0,183.154,4377.73,-1379.12,969.353,22.408,4483.766852938386
1781277546859.0,258.689,4382.18,-1294.1,950.271,22.425,4484.029050512609
1781277546865.0,167.018,4381.1,-1237.23,938.926,22.431,4480.582466987524
1781277546876.0,274.573,4210.25,-1320.01,902.817,22.442,4305.959079925052
1781277546892.0,184.78,4256.16,-1263.57,915.366,22.458,4353.480545443611
1781277546910.0,297.458,4289.94,-1344.3,941.566,22.476,4392.0532483060815
1781277546916.0,392.765,4326.87,-1237.32,939.877,22.482,4427.772890746431
1781277546927.0,477.476,4186.9,-1132.04,907.239,22.493,4284.065150429087
1781277546944.0,561.898,4262.45,-1026.03,919.175,22.51,4360.431479008126
1781277546960.0,646.072,4323.14,-919.084,928.75,22.526,4421.777473154885
1781277546976.0,729.972,4368.06,-810.94,949.904,22.542,4470.152768397967
1781277546992.0,814.681,4408.65,-699.879,966.897,22.558,4513.433796025926
1781277546999.0,897.001,4437.88,-588.786,990.301,22.565,4547.029246112345
1781277547009.0,798.337,4456.58,-518.241,1023.26,22.575,4572.544841114191
1781277547026.0,736.545,4475.23,-622.967,1029.14,22.592,4592.037967231979
1781277547043.0,659.141,4484.66,-724.586,1053.13,22.609,4606.653678376529
1781277547058.0,574.764,4497.79,-814.227,1049.12,22.624,4618.5244027178205
1781277547064.0,476.565,4504.99,-897.904,1065.86,22.63,4629.361990566303
1781277547079.0,375.483,4516.72,-969.655,1038.62,22.645,4634.597184524238
1781277547091.0,259.78,4524.2,-1035.12,1016.43,22.657,4636.97267459061
1781277547108.0,140.013,4532.87,-1090.44,952.39,22.674,4631.84165845509
1781277547126.0,6.32636,4546.03,-1136.84,835.111,22.692,4622.098997557387
1781277547132.0,-142.826,4564.06,-1171.19,676.845,22.698,4613.974733093475
1781277547143.0,-305.734,4577.55,-1189.82,460.919,22.709,4600.696721917345
1781277547159.0,-485.626,4405.09,-1187.18,282.576,22.725,4414.143983138294
1781277547175.0,-654.854,4439.34,-1173.21,13.1896,22.741,4439.35959358421
1781277547192.0,-850.008,4282.32,-1124.15,-209.134,22.758,4287.423656737925
1781277547208.0,-1032.31,4324.73,-1061.43,-434.422,22.774,4346.494224887915
1781277547216.0,-1209.32,4351.1,-979.058,-589.282,22.782,4390.822757243112
1781277547227.0,-1366.04,4362.21,-898.598,-701.315,22.793,4418.225754001825
1781277547241.0,-1509.59,4188.4,-819.767,-823.583,22.807,4268.604399319408
1781277547258.0,-1656.61,4213.73,-715.289,-854.88,22.824,4299.574435604062
1781277547274.0,-1777.31,4216.79,-654.385,-902.476,22.84,4312.282555060139
1781277547281.0,-1898.83,4224.4,-582.323,-884.726,22.847,4316.050909694647
1781277547293.0,-2009.92,4244.05,-538.068,-774.967,22.859,4314.22464106692
1781277547310.0,-2109.73,4251.3,-538.905,-608.932,22.876,4294.6885650328595
1781277547326.0,-2203.65,4246.26,-570.458,-367.906,22.892,4262.168322865253
1781277547343.0,-2267.99,4214.76,-708.837,-173.537,22.909,4218.3310619211725
1781277547349.0,-2351.7,4023.8,-775.974,-12.4201,22.915,4023.8191682634065
1781277547361.0,-2400.99,3996.48,-934.114,123.392,22.927,3998.3844207459592
1781277547375.0,-2485.71,3941.89,-992.517,240.765,22.941,3949.235946018546
1781277547392.0,-2533.61,3747.46,-1135.61,320.02,22.958,3761.0994738241106
1781277547408.0,-2601.64,3725.18,-1226.78,387.968,22.974,3745.3284504064527
1781277547416.0,-2682.72,3697.63,-1288.79,461.819,22.982,3726.3580619233303
1781277547427.0,-2605.61,3659.28,-1283.73,506.368,22.993,3694.149248450041
1781277547443.0,-2688.93,3489.05,-1340.57,524.623,23.009,3528.271417369843
1781277547458.0,-2617.36,3230.39,-1323.8,507.559,23.024,3270.020747729439
1781277547474.0,-2702.96,3286.83,-1376.03,383.911,23.04,3309.1749885463896
1781277547482.0,-2864.76,3310.89,-1268.39,220.632,23.048,3318.2331249512895
1781277547495.0,-2869.24,3196.51,-1067.84,71.7111,23.061,3197.3142888936036
1781277547509.0,-3016.19,3185.39,-947.38,-102.389,23.075,3187.0351362074753
1781277547526.0,-3001.18,3047.97,-735.57,-233.068,23.092,3056.8679745000436
1781277547542.0,-3133.0,2824.73,-600.244,-322.938,23.108,2843.130057655471
1781277547559.0,-3085.05,2827.38,-455.876,-425.155,23.125,2859.1667384790626
1781277547575.0,-3199.75,2821.81,-346.93,-456.884,23.141,2858.5581445120197
1781277547583.0,-3304.06,2698.47,-308.969,-520.037,23.149,2748.1227815126817
1781277547591.0,-3241.0,2690.48,-197.732,-530.366,23.157,2742.256502290769
1781277547608.0,-3342.06,2667.8,-181.668,-497.77,23.174,2713.840786210569
1781277547624.0,-3268.05,2638.37,-221.272,-404.333,23.19,2669.1724245145724
1781277547630.0,-3358.24,2594.48,-340.917,-300.004,23.196,2611.767384438361
1781277547642.0,-3270.56,2522.18,-469.187,-219.501,23.208,2531.7133805786543
1781277547659.0,-3349.89,2437.65,-604.601,-148.995,23.225,2442.1992204824323
1781277547676.0,-3429.58,2280.41,-718.292,-88.8513,23.242,2282.1402940248195
1781277547692.0,-3341.63,2223.29,-784.824,-78.4047,23.258,2224.672047984172
1781277547698.0,-3436.95,2165.72,-816.195,-85.7231,23.264,2167.4158734016896
1781277547710.0,-3376.45,2102.36,-760.779,-133.112,23.276,2106.569812311949
1781277547727.0,-3495.74,2026.13,-679.105,-187.759,23.293,2034.8111015475124
1781277547741.0,-3447.66,1947.64,-539.787,-250.712,23.307,1963.7102832505614
1781277547758.0,-3567.84,1856.2,-395.149,-314.372,23.324,1882.6333138410146
1781277547774.0,-3510.79,1760.93,-228.47,-367.587,23.34,1798.8870635670824
1781277547791.0,-3617.35,1663.66,-79.1076,-404.259,23.357,1712.0718252109052
1781277547799.0,-3546.61,1588.51,34.6921,-407.386,23.365,1639.9168799350778
1781277547807.0,-3645.84,1531.64,82.7498,-401.658,23.373,1583.4298969528145
1781277547826.0,-3574.26,1485.32,88.1151,-385.489,23.392,1534.5283547464999
1781277547842.0,-3503.46,1444.13,55.9856,-365.716,23.408,1489.7179765163607
1781277547859.0,-3603.89,1359.16,-7.20029,-333.335,23.425,1399.438504481351
1781277547865.0,-3531.8,1244.92,-68.7455,-293.191,23.431,1278.9787992304641
1781277547875.0,-3629.91,1112.77,-136.126,-251.365,23.441,1140.8073615317355
1781277547892.0,-3555.67,972.163,-195.432,-211.183,23.458,994.8362468557325
1781277547908.0,-3651.72,830.606,-260.991,-174.368,23.474,848.7110972881172
1781277547914.0,-3576.11,693.021,-311.006,-145.243,23.48,708.0774219603389
1781277547927.0,-3672.59,564.76,-353.947,-117.748,23.493,576.9041940426504
1781277547943.0,-3597.44,447.882,-386.813,-94.5787,23.509,457.7591248874128
1781277547959.0,-3522.85,344.394,-411.034,-73.2045,23.525,352.0882361798673
1781277547976.0,-3616.44,254.253,-469.173,-56.4694,23.542,260.4484231961484
1781277547982.0,-3541.1,177.806,-493.46,-42.1007,23.548,182.72231001300855
1781277547994.0,-3633.45,114.251,-553.151,-30.8195,23.56,118.33483249343789
1781277548009.0,-3555.83,62.5987,-586.629,-22.3911,23.575,66.48276920300476
1781277548026.0,-3480.22,21.8696,-605.256,-15.8229,23.592,26.993398610956717
1781277548042.0,-3572.34,-9.26382,-658.145,-10.9073,23.608,14.310400213914354
1781277548050.0,-3496.84,-32.0903,-673.1,-7.1925,23.616,32.88646241753588
1781277548064.0,-3590.81,-47.8557,-713.603,-4.62709,23.63,48.0788725362617
1781277548077.0,-3513.58,-57.8286,-734.839,-2.8804,23.643,57.900290863863546
1781277548091.0,-3436.78,-63.1316,-752.379,-1.57681,23.657,63.15128857225401
1781277548108.0,-3529.47,-64.7662,-796.282,-0.61717,23.674,64.76914050108199
1781277548124.0,-3456.03,-63.6264,-797.044,-0.100574,23.69,63.62647948841328
1781277548130.0,-3548.14,-60.4781,-842.289,0.127991,23.696,60.47823543479159
1781277548143.0,-3472.64,-55.969,-850.671,0.178213,23.709,55.969283726642146
1781277548159.0,-3396.96,-50.6234,-859.028,0.127633,23.725,50.62356089552264
1781277548175.0,-3487.16,-44.8614,-909.797,0.0278743,23.741,44.86140865974452
1781277548192.0,-3411.29,-39.0157,-917.259,-0.0902462,23.758,39.01580437292834
1781277548198.0,-3500.82,-33.3294,-969.023,-0.207252,23.764,33.3300443706801
1781277548211.0,-3425.01,-27.9824,-974.824,-0.313734,23.777,27.98415871136304
1781277548225.0,-3513.95,-23.0885,-1027.28,-0.403682,23.791,23.092028741691884
1781277548242.0,-3438.27,-18.7204,-1031.28,-0.478084,23.808,18.726503690519916
1781277548258.0,-3362.84,-14.9057,-1033.84,-0.537818,23.824,14.915399447923745
1781277548274.0,-3451.19,-11.6434,-1086.51,-0.584929,23.84,11.658083268489765
1781277548282.0,-3375.93,-8.91778,-1087.44,-0.624073,23.848,8.939589880846269
1781277548297.0,-3463.76,-6.69039,-1140.66,-0.657585,23.863,6.722628681128016
1781277548312.0,-3388.7,-4.91992,-1140.0,-0.689675,23.878,4.968024195998345
1781277548326.0,-3313.92,-3.55205,-1138.06,-0.721577,23.892,3.6246010221028464
1781277548342.0,-3401.21,-2.53116,-1191.56,-0.75408,23.908,2.641099693688218
1781277548349.0,-3326.65,-1.80912,-1188.15,-0.789768,23.915,1.973993077045611
1781277548359.0,-3413.48,-1.33261,-1242.16,-0.828116,23.925,1.5689568259056716
1781277548375.0,-3339.16,-1.05903,-1237.33,-0.870641,23.941,1.3709705656143751
1781277548392.0,-3425.54,-0.942955,-1291.85,-0.915828,23.958,1.314498024954393
1781277548402.0,-3351.47,-0.950908,-1285.66,-0.964517,23.968,1.3544441914501313
1781277548416.0,-3277.7,-1.04727,-1278.37,-1.01468,23.982,1.4582009310448267
1781277548431.0,-3363.61,-1.20234,-1333.17,-1.06452,23.997,1.6058718211613279
1781277548443.0,-3290.11,-1.39809,-1324.61,-1.11492,24.009,1.7882120272775262
1781277548458.0,-3375.61,-1.61353,-1379.87,-1.16392,24.024,1.989519747904001
1781277548474.0,-3302.39,-1.83848,-1370.09,-1.21245,24.04,2.2022814790348666
1781277548482.0,-3229.48,-2.05899,-1359.31,-1.25867,24.048,2.41323227000635
1781277548495.0,-3314.54,-2.26494,-1414.86,-1.30108,24.061,2.612041800967205
1781277548509.0,-3241.92,-2.4555,-1402.93,-1.34122,24.075,2.797919108623407
1781277548526.0,-3326.61,-2.62458,-1458.92,-1.37767,24.092,2.9641853527234088
1781277548542.0,-3254.28,-2.77456,-1445.9,-1.41212,24.108,3.113240448150448
1781277548558.0,-3338.59,-2.90192,-1502.32,-1.4432,24.124,3.2409822471590304
1781277548575.0,-3266.56,-3.01091,-1488.23,-1.47269,24.141,3.351774882685292
1781277548583.0,-3194.84,-3.09941,-1473.27,-1.49925,24.149,3.4429773322808854
1781277548594.0,-3278.79,-3.16661,-1529.95,-1.52191,24.16,3.5133501021389826
1781277548608.0,-3207.37,-3.21876,-1514.0,-1.54284,24.174,3.5694216903022262
1781277548625.0,-3290.97,-3.25508,-1571.08,-1.561,24.191,3.610023103305573
1781277548633.0,-3219.85,-3.28152,-1554.17,-1.5785,24.199,3.641433201419463
1781277548645.0,-3149.05,-3.29693,-1536.47,-1.59406,24.211,3.6620724608478192
1781277548657.0,-3232.3,-3.30095,-1593.81,-1.60679,24.223,3.671245702292343
1781277548676.0,-3161.8,-3.2996,-1575.21,-1.61903,24.242,3.6754072292604527
1781277548693.0,-3244.74,-3.29164,-1632.93,-1.62964,24.259,3.6729579931167193
1781277548709.0,-3174.54,-3.2823,-1613.46,-1.64076,24.275,3.669548564551231
1781277548715.0,-3257.16,-3.26963,-1671.54,-1.65101,24.281,3.662828737055556
1781277548727.0,-3187.27,-3.25818,-1651.24,-1.6624,24.293,3.65777400510201
1781277548742.0,-3117.67,-3.2454,-1630.24,-1.67336,24.308,3.6514045036944345
1781277548758.0,-3199.99,-3.22946,-1688.57,-1.68271,24.324,3.6415552770348
1781277548775.0,-3130.7,-3.21496,-1666.78,-1.69267,24.341,3.633331739670904
1781277548781.0,-3212.72,-3.19945,-1725.45,-1.70181,24.347,3.6238981192356943
1781277548793.0,-3143.73,-3.18695,-1702.91,-1.7122,24.359,3.617772677007222
1781277548808.0,-3075.02,-3.17451,-1679.73,-1.72219,24.374,3.611571975774538
1781277548824.0,-3156.77,-3.16001,-1738.63,-1.73057,24.39,3.6028510550673616
1781277548843.0,-3088.36,-3.15649,-1714.74,-1.72357,24.409,3.5964041298218974
1781277548849.0,-3178.83,-3.16083,-1757.78,-1.70036,24.415,3.589160127174601
1781277548861.0,-3128.11,-3.17197,-1701.73,-1.67147,24.427,3.5854156860537105
1781277548876.0,-3232.39,-3.16559,-1718.95,-1.67559,24.442,3.5816981860843606
1781277548892.0,-3168.19,-3.1632,-1687.54,-1.68066,24.458,3.5819620706534567
1781277548908.0,-3104.12,-3.16998,-1655.9,-1.66887,24.474,3.5824433390215678
1781277548914.0,-3200.02,-3.16597,-1688.52,-1.6719,24.48,3.5803094350768063
1781277548929.0,-3135.96,-3.14691,-1656.85,-1.70724,24.495,3.5801830910862646
1781277548946.0,-3205.99,-3.13619,-1737.93,-1.72386,24.512,3.5787401436399375
1781277548960.0,-3133.7,-3.14601,-1721.29,-1.70901,24.526,3.5802365983549187
1781277548974.0,-3078.98,-3.1462,-1672.46,-1.71053,24.54,3.5811293359637264
1781277548991.0,-3166.24,-3.14362,-1721.32,-1.71034,24.557,3.5787720827121694
1781277549008.0,-3102.95,-3.13374,-1688.19,-1.72674,24.574,3.577982310632628
1781277549015.0,-3181.41,-3.13165,-1753.11,-1.72564,24.581,3.575620943570501
1781277549026.0,-3118.45,-3.12311,-1719.37,-1.74189,24.592,3.576030878529994
1781277549042.0,-3196.61,-3.12312,-1784.61,-1.74128,24.608,3.575742520484382
1781277549059.0,-3133.97,-3.117,-1750.28,-1.7584,24.625,3.578779059958857
1781277549067.0,-3062.62,-3.11969,-1731.46,-1.75895,24.633,3.581392298897176
1781277549078.0,-3149.52,-3.11049,-1780.92,-1.77412,24.644,3.580872772732927
1781277549094.0,-3078.33,-3.11187,-1761.62,-1.77373,24.66,3.5818784191817565
1781277549108.0,-3165.11,-3.10256,-1811.31,-1.7887,24.674,3.581246465073299
1781277549125.0,-3094.07,-3.10488,-1791.55,-1.78878,24.691,3.58329648547256
1781277549141.0,-3032.37,-3.0971,-1755.56,-1.80457,24.707,3.584480617174544
1781277549158.0,-3109.84,-3.09573,-1821.24,-1.80247,24.724,3.582239848725934
1781277549174.0,-3048.44,-3.08612,-1784.74,-1.81718,24.74,3.581379595463179
1781277549182.0,-3125.65,-3.08452,-1850.7,-1.81489,24.748,3.5788391054223156
1781277549192.0,-3064.55,-3.07575,-1813.7,-1.83,24.758,3.578985619208326
1781277549209.0,-3141.49,-3.07586,-1879.94,-1.82862,24.775,3.5783747489607625
1781277549225.0,-3080.69,-3.06926,-1842.45,-1.8449,24.791,3.58106310438674
1781277549231.0,-3010.68,-3.07192,-1820.27,-1.84491,24.797,3.5833483495886918
1781277549244.0,-3096.86,-3.06227,-1871.0,-1.85924,24.81,3.5824950705478993
1781277549259.0,-3027.0,-3.06365,-1848.43,-1.85831,24.825,3.5831923446279017
1781277549275.0,-3113.08,-3.05396,-1899.34,-1.87243,24.841,3.58227103755425
1781277549291.0,-3043.35,-3.05635,-1876.41,-1.87193,24.857,3.5840476067429687
1781277549297.0,-2983.37,-3.0483,-1837.59,-1.88684,24.863,3.585010191840464
1781277549310.0,-3059.74,-3.04721,-1904.21,-1.88398,24.876,3.582578599905381
1781277549324.0,-3000.04,-3.03752,-1864.95,-1.89766,24.89,3.5815696595208086
1781277549341.0,-3076.17,-3.03636,-1931.82,-1.89451,24.907,3.5789174605877685
1781277549349.0,-3016.74,-3.02766,-1892.15,-1.90853,24.915,3.5789959257450965
1781277549359.0,-3092.65,-3.02829,-1959.26,-1.90628,24.925,3.578329744797145
1781277549376.0,-3033.48,-3.0218,-1919.18,-1.92152,24.942,3.5809934865062236
1781277549392.0,-2964.7,-3.02502,-1894.23,-1.9207,24.958,3.583271478746761
1781277549409.0,-3050.26,-3.01561,-1946.04,-1.93387,24.975,3.582423320742539
1781277549415.0,-2981.61,-3.01764,-1920.79,-1.93207,24.981,3.5831614050304794
1781277549427.0,-3067.08,-3.00826,-1972.76,-1.945,24.993,3.582269284629507
1781277549442.0,-2998.55,-3.01132,-1947.21,-1.94359,25.008,3.58407452914975
1781277549458.0,-2940.1,-3.00356,-1906.06,-1.95734,25.024,3.585045683000427
1781277549475.0,-3015.53,-3.00318,-1973.48,-1.95351,25.041,3.582637496663596
1781277549483.0,-2957.33,-2.99382,-1931.97,-1.96602,25.049,3.5816466649852554
1781277549497.0,-3032.55,-2.99336,-1999.61,-1.9619,25.063,3.5790020535897993
1781277549509.0,-2974.59,-2.98494,-1957.74,-1.97479,25.075,3.5790588634025005
1781277549524.0,-3049.61,-2.98623,-2025.6,-1.97162,25.09,3.5783872117617457
1781277549542.0,-2991.9,-2.98,-1983.38,-1.98578,25.108,3.581022508781535
1781277549559.0,-2924.22,-2.98381,-1956.14,-1.98411,25.125,3.583268704437333
1781277549565.0,-3009.24,-2.97471,-2008.9,-1.99619,25.131,3.5824117714467163
1781277549575.0,-2941.67,-2.97735,-1981.42,-1.99354,25.141,3.583129184679224
1781277549592.0,-3026.62,-2.96827,-2034.29,-2.00542,25.158,3.582225030522231
1781277549608.0,-2959.15,-2.97189,-2006.57,-2.00326,25.174,3.584017410630144
1781277549625.0,-2902.06,-2.98481,-1963.5,-1.98571,25.191,3.5849874393364334
1781277549631.0,-2997.24,-2.98423,-2001.14,-1.98221,25.197,3.5825668419444736
1781277549643.0,-2939.93,-2.96454,-1958.34,-2.0098,25.209,3.5815909106987633
1781277549658.0,-3004.68,-2.95441,-2041.24,-2.01997,25.224,3.5789407998736165
1781277549674.0,-2937.58,-2.96729,-2012.85,-2.00113,25.24,3.5790126041968615
1781277549693.0,-3032.9,-2.96868,-2050.53,-1.99785,25.259,3.5783327912451073
1781277549701.0,-2976.03,-2.95226,-2007.11,-2.0267,25.267,3.580970817753197
1781277549715.0,-2898.92,-2.9465,-1993.45,-2.03906,25.281,3.583242656254248
1781277549728.0,-2973.26,-2.95904,-2061.78,-2.01929,25.294,3.582380469143388
1781277549742.0,-2927.23,-2.96185,-2002.68,-2.01642,25.308,3.583085965881924
1781277549759.0,-3012.27,-2.96326,-2055.48,-2.01276,25.325,3.5821938313273893
1781277549775.0,-2955.75,-2.95657,-2011.57,-2.02577,25.341,3.583999198911741
1781277549783.0,-2889.09,-2.95987,-1982.52,-2.02265,25.349,3.5849607305241156
1781277549794.0,-2974.13,-2.94995,-2035.33,-2.03282,25.36,3.582535715788469
1781277549808.0,-2907.55,-2.95191,-2006.1,-2.02825,25.374,3.581559815303941
1781277549825.0,-2992.54,-2.94199,-2059.0,-2.03799,25.391,3.578925592995753
1781277549842.0,-2926.04,-2.94498,-2029.59,-2.0338,25.408,3.579001207096751
1781277549850.0,-3010.99,-2.9368,-2082.57,-2.04445,25.416,3.5783473898575022
1781277552528.0,2417.0,-11.0801,-1040.58,-104.855,28.094,105.43879571111385
1781277552542.0,-90.5682,-79.9025,-42.3957,-186.535,28.108,202.9278584405059
1781277552558.0,-187.651,-176.769,-69.19,-234.316,28.124,293.51536112612575
1781277552566.0,-286.914,-289.229,-87.6366,-252.421,28.132,383.88771233526086
1781277552576.0,-388.581,-410.294,-94.8927,-237.846,28.142,474.2487597790847
1781277552591.0,-491.44,-530.673,-92.1206,-204.439,28.157,568.6907223175001
1781277552608.0,-593.336,-650.56,-89.1738,-162.557,28.174,670.561773328155
1781277552626.0,-694.347,-714.072,-88.7769,-115.817,28.192,723.4033443888686
1781277552642.0,-795.863,-847.041,-81.2547,-74.8142,28.208,850.3385327048517
1781277552649.0,-895.341,-975.23,-91.4576,-27.8239,28.215,975.6268355837748
1781277552661.0,-994.381,-1103.38,-105.828,13.3034,28.227,1103.4601963150099
1781277552676.0,-1093.62,-1223.8,-118.231,52.726,28.242,1224.935292607736
1781277552692.0,-1132.48,-1331.74,-130.534,87.8117,28.258,1334.6319051547098
1781277552708.0,-1169.59,-1423.68,-140.262,125.92,28.274,1429.2377649642483
1781277552714.0,-1205.64,-1507.98,-142.8,170.857,28.28,1517.628345428814
1781277552727.0,-1240.38,-1588.78,-141.007,208.89,28.293,1602.453406654933
1781277552741.0,-1272.2,-1660.91,-149.073,241.469,28.307,1678.3710275326491
1781277552758.0,-1303.91,-1733.98,-144.14,279.7,28.324,1756.3936718173406
1781277552775.0,-1334.16,-1800.27,-137.872,327.577,28.341,1829.8302554687962
1781277552782.0,-1361.76,-1861.24,-141.221,376.981,28.348,1899.0337047985747
1781277552793.0,-1390.2,-1910.33,-122.728,432.605,28.359,1958.7005373269799
1781277552809.0,-1417.56,-1952.95,-96.3495,487.048,28.375,2012.7666175699558
1781277552825.0,-1443.07,-1906.26,-70.3361,518.028,28.391,1975.3936813668306
1781277552842.0,-1466.9,-1961.67,-43.5399,596.517,28.408,2050.3613633184273
1781277552849.0,-1489.16,-2017.37,-2.58128,670.99,28.415,2126.031349016284
1781277552861.0,-1509.36,-2067.39,29.8996,749.968,28.427,2199.2165453006214
1781277552876.0,-1527.32,-2116.18,75.2711,829.924,28.442,2273.101765908425
1781277552891.0,-1543.86,-2143.78,107.211,921.595,28.457,2333.4802404188044
1781277552908.0,-1556.71,-2082.26,162.724,949.37,28.474,2288.4733130408144
1781277552924.0,-1569.04,-1952.4,201.566,941.012,28.49,2167.341538416131
1781277552933.0,-1579.73,-2049.1,239.886,1034.32,28.499,2295.3493573746023
1781277552941.0,-1600.98,-2132.01,201.085,1116.22,28.507,2406.53562793074
1781277552957.0,-1595.38,-2201.31,321.828,1204.61,28.523,2509.3526990441183
1781277552976.0,-1616.4,-2258.7,285.149,1288.15,28.542,2600.2030906258074
1781277552992.0,-1602.17,-2198.78,411.984,1325.76,28.558,2567.542222827115
1781277552999.0,-1621.87,-2247.47,383.076,1422.94,28.565,2660.052564236278
1781277553011.0,-1619.15,-2268.36,441.082,1528.87,28.577,2735.4890909122632
1781277553025.0,-1613.51,-2189.66,500.111,1556.08,28.591,2686.2605759680127
1781277553042.0,-1608.25,-2030.05,550.259,1537.83,28.608,2546.7673846270295
1781277553058.0,-1597.94,-1832.97,608.249,1464.14,28.624,2345.95075832806
1781277553064.0,-1588.45,-1605.16,657.892,1365.72,28.63,2107.5411606893945
1781277553077.0,-1573.28,-1833.98,715.49,1594.22,28.643,2430.0247012736313
1781277553092.0,-1592.16,-2020.47,695.816,1784.58,28.658,2695.741975282501
1781277553110.0,-1543.66,-2146.19,814.296,1966.73,28.676,2911.0407776257616
1781277553128.0,-1562.49,-2221.6,795.422,2134.03,28.694,3080.51791114741
1781277553136.0,-1529.13,-2250.69,872.509,2280.08,28.702,3203.805593743166
1781277553148.0,-1500.48,-2260.4,934.172,2393.26,28.714,3291.975332167603
1781277553160.0,-1518.58,-2248.28,918.378,2488.95,28.726,3354.0475638994744
1781277553176.0,-1441.52,-2140.97,1045.24,2473.61,28.742,3271.4674036279193
1781277553193.0,-1462.2,-2159.97,1027.06,2551.24,28.759,3342.7976215290087
1781277553210.0,-1387.14,-2183.02,1135.08,2600.51,28.776,3395.3245177007752
1781277553215.0,-1422.71,-2174.29,1097.1,2640.14,28.781,3420.2158153689657
1781277553228.0,-1392.24,-2185.93,1143.59,2642.79,28.794,3429.668927024881
1781277553243.0,-1384.95,-2188.29,1160.08,2648.59,28.809,3435.64289648968
1781277553259.0,-1427.34,-2224.51,1115.87,2618.77,28.825,3436.044390429204
1781277553277.0,-1378.66,-2249.2,1181.77,2600.53,28.843,3438.26364912582
1781277553283.0,-1429.58,-2185.93,1126.91,2483.17,28.849,3308.2356647917327
1781277553293.0,-1377.14,-2254.69,1196.22,2483.94,28.859,3354.636331959099
1781277553308.0,-1431.3,-2329.69,1137.27,2463.19,28.874,3390.3923773215397
1781277553327.0,-1387.59,-2282.43,1195.56,2365.39,28.893,3287.028529994834
1781277553343.0,-1442.16,-2385.85,1132.63,2350.2,28.909,3348.9879460069724
1781277553354.0,-1450.01,-2458.41,1127.9,2360.26,28.92,3408.0209793515064
1781277553362.0,-1452.68,-2547.85,1129.59,2345.25,28.928,3462.90877514843
1781277553376.0,-1464.13,-2613.33,1119.63,2341.04,28.942,3508.555539035972
1781277553392.0,-1467.75,-2681.74,1119.58,2316.44,28.958,3543.673757726577
1781277553409.0,-1476.91,-2733.65,1111.96,2300.82,28.975,3573.0400214523206
1781277553425.0,-1481.24,-2782.25,1110.47,2288.03,28.991,3602.221029226275
1781277553431.0,-1484.56,-2843.18,1110.09,2260.28,28.997,3632.153382058638
1781277553444.0,-1491.73,-2903.54,1104.34,2223.44,29.01,3657.079431076115
1781277553458.0,-1501.96,-2952.42,1094.12,2192.32,29.024,3677.3700981543866
1781277553474.0,-1509.02,-2994.78,1087.94,2154.2,29.04,3689.0764275628662
1781277553485.0,-1517.35,-3065.75,1079.71,2060.54,29.051,3693.86628806458
1781277553497.0,-1541.83,-3145.19,1047.82,1933.81,29.063,3692.1323448923117
1781277553510.0,-1575.36,-3241.24,1000.04,1763.59,29.076,3689.9710602794703
1781277553526.0,-1618.89,-3337.15,931.341,1573.48,29.092,3689.499889266837
1781277553543.0,-1662.79,-3420.08,854.027,1383.01,29.109,3689.1277921075057
1781277553559.0,-1702.61,-3498.06,775.305,1160.44,29.125,3685.5182481165384
1781277553571.0,-1744.8,-3566.7,679.035,924.427,29.137,3684.5507417226595
1781277553581.0,-1783.58,-3619.66,573.986,681.04,29.147,3683.171730614797
1781277553592.0,-1817.06,-3662.75,462.435,436.684,29.158,3688.6895340155697
1781277553605.0,-1843.53,-3685.04,348.742,211.982,29.171,3691.1320986824626
1781277553619.0,-1861.7,-3696.52,242.386,-20.3473,29.185,3696.5759998973767
1781277553635.0,-1874.12,-3698.75,128.881,-235.485,29.201,3706.238625308009
1781277553645.0,-1879.51,-3693.49,20.5425,-430.322,29.211,3718.4735314082845
1781277553662.0,-1878.92,-3670.0,-80.386,-647.336,29.228,3726.6531763629414
1781277553676.0,-1871.66,-3641.41,-193.177,-828.384,29.242,3734.445988303486
1781277553693.0,-1860.17,-3604.31,-289.27,-993.936,29.259,3738.8446541941266
1781277553703.0,-1844.59,-3564.97,-380.366,-1126.75,29.269,3738.7934769655303
1781277553715.0,-1828.71,-3523.55,-454.019,-1214.94,29.281,3727.128090916651
1781277553730.0,-1816.52,-3466.47,-503.519,-1313.58,29.296,3707.0077795035713
1781277553745.0,-1800.76,-3399.29,-559.798,-1398.26,29.311,3675.636479808633
1781277553758.0,-1784.07,-3321.05,-493.553,-1474.49,29.324,3633.6612201194544
1781277553777.0,-1772.5,-3225.92,-430.33,-1561.66,29.343,3584.039871709019
1781277553785.0,-1763.42,-3120.64,-379.453,-1648.79,29.351,3529.4337327254066
1781277553793.0,-1758.35,-3022.46,-333.958,-1697.59,29.359,3466.565484698075
1781277553812.0,-1759.63,-2925.69,-276.97,-1727.84,29.378,3397.807093067527
1781277553826.0,-1764.48,-2830.61,-216.24,-1736.32,29.392,3320.716807332417
1781277553841.0,-1772.15,-2731.06,-147.705,-1744.01,29.407,3240.4104066769073
1781277553859.0,-1780.68,-2624.29,-81.4318,-1746.58,29.425,3152.370489092296
1781277553865.0,-1786.01,-2520.75,-92.3493,-1741.08,29.431,3063.582890815915
1781277553876.0,-1791.39,-2430.66,-95.6653,-1710.73,29.442,2972.323193816581
1781277553892.0,-1797.31,-2358.28,-82.6719,-1658.95,29.458,2883.3313477469082
1781277553909.0,-1803.47,-2289.68,-51.6408,-1600.13,29.475,2793.3940859284426
1781277553926.0,-1808.9,-2222.95,-14.7085,-1530.94,29.492,2699.1265228032566
1781277553934.0,-1813.24,-2154.62,29.8426,-1465.32,29.5,2605.6765046336814
1781277553944.0,-1816.26,-2171.98,74.2024,-1447.82,29.51,2610.302640078349
1781277553958.0,-1815.78,-2159.04,148.262,-1424.01,29.524,2586.360029404259
1781277553975.0,-1813.98,-2125.27,206.267,-1385.12,29.541,2536.795219819684
1781277553991.0,-1810.98,-2074.46,258.452,-1327.8,29.557,2463.0138309802483
1781277554000.0,-1806.06,-2013.65,312.072,-1263.29,29.566,2377.117571051125
1781277554010.0,-1799.88,-1868.31,363.12,-1144.41,29.576,2190.9487680454786
1781277554026.0,-1796.41,-1729.39,395.014,-1052.0,29.592,2024.2267096597654
1781277554043.0,-1794.82,-1607.88,415.768,-972.582,29.609,1879.1471047057491
1781277554059.0,-1793.1,-1562.67,435.463,-960.122,29.625,1834.058827787157
1781277554067.0,-1789.77,-1489.28,459.931,-962.286,29.633,1773.1185138608191
1781277554080.0,-1793.49,-1415.81,455.803,-953.723,29.646,1707.0751350860337
1781277554094.0,-1797.41,-1333.41,450.288,-944.784,29.66,1634.1967552152341
1781277554108.0,-1803.23,-1237.86,436.397,-937.585,29.674,1552.856404122738
1781277554125.0,-1812.0,-1087.51,408.624,-870.578,29.691,1393.0484751737822
1781277554137.0,-1822.71,-1003.82,368.708,-871.441,29.703,1329.3095985815344
1781277554145.0,-1832.51,-920.957,327.975,-862.274,29.711,1261.6173139763896
1781277554162.0,-1841.53,-829.216,285.568,-849.293,29.728,1186.969997306166
1781277554172.0,-1850.73,-737.918,233.063,-829.719,29.738,1110.3857859703537
1781277554186.0,-1858.12,-652.172,182.646,-799.283,29.752,1031.5917950783635
1781277554201.0,-1864.09,-573.043,131.396,-760.017,29.767,951.8424870418424
1781277554215.0,-1868.26,-498.982,86.7797,-710.987,29.781,868.6112769777975
1781277554230.0,-1871.0,-427.4,53.1803,-655.057,29.796,782.1575501451098
1781277554244.0,-1872.97,-373.283,27.1041,-588.156,29.81,696.6115692586508
1781277554258.0,-1874.14,-320.307,37.0277,-519.872,29.824,610.6254749296004
1781277554275.0,-1875.31,-273.872,42.0674,-449.114,29.841,526.0316125291331
1781277554285.0,-1875.66,-226.187,70.837,-382.036,29.851,443.9730445252279
1781277554293.0,-1876.04,-135.812,88.9962,-248.351,29.859,283.0602736962571
1781277554310.0,-1876.04,-103.711,109.439,-201.998,29.876,227.06642976230546
1781277554326.0,-1876.06,-72.5436,125.765,-154.674,29.892,170.840920674644
1781277554343.0,-1875.28,-42.3138,149.822,-108.785,29.909,116.72460706911804
1781277554349.0,-1875.51,-13.3073,158.459,-63.8633,29.915,65.23500072951636
1781277554361.0,-1875.34,10.7382,170.529,-24.9818,29.927,27.19189714749598
1781277554376.0,-1875.93,79.893,173.398,74.9474,29.942,109.54453074325528
1781277554393.0,-1876.9,86.1249,171.489,88.8468,29.959,123.73864501541141
1781277554409.0,-1877.46,91.0885,173.765,100.229,29.975,135.43621108569891
1781277554425.0,-1877.33,96.7008,182.764,108.617,29.991,145.4259172556254
1781277554442.0,-1877.36,98.7415,189.509,117.802,30.008,153.7114017444705
1781277554448.0,-1877.36,148.46,195.933,185.376,30.014,237.49659571454916
1781277554460.0,-1879.2,133.957,183.753,167.909,30.026,214.79736993268796
1781277554470.0,-1878.28,170.862,198.695,215.19,30.036,274.7736507454818
1781277554483.0,-1879.65,191.654,190.857,242.72,30.049,309.26405241476095
1781277554497.0,-1880.14,149.331,191.231,193.686,30.063,244.56903760901542
1781277554510.0,-1880.75,113.149,190.321,147.402,30.076,185.8226191963723
1781277554526.0,-1880.75,85.3749,194.985,109.533,30.092,138.87530968105884
1781277554543.0,-1881.86,58.6613,188.679,75.0608,30.109,95.26422106084739
1781277554559.0,-1882.6,36.0484,185.557,46.7436,30.125,59.0292409193952
1781277554567.0,-1884.45,17.7733,170.378,23.8158,30.133,29.716704435889252
1781277554577.0,-1885.01,1.16582,168.617,5.15671,30.143,5.286851075687682
1781277554592.0,-1886.3,37.346,158.06,53.6052,30.158,65.3317777428412
1781277554609.0,-1886.96,17.7229,154.317,23.249,30.175,29.23383631017318
1781277554627.0,-1887.9,1.6688,146.691,0.185219,30.193,1.6790472053998362
1781277554633.0,-1888.13,-11.0603,147.849,-14.7018,30.199,18.397640047843094
1781277554646.0,-1888.93,-19.8036,141.435,-26.6349,30.212,33.19036714123542
1781277554660.0,-1888.86,-24.7499,146.194,-31.3338,30.226,39.92949501872018
1781277554675.0,-1889.54,-30.5906,140.795,-35.8176,30.241,47.10292218238694
1781277554693.0,-1889.5,-31.3962,144.859,-37.7072,30.259,49.066835095408386
1781277554709.0,-1890.38,-31.9183,136.301,-37.4382,30.275,49.19752731723415
1781277554715.0,-1889.83,-33.6048,146.879,-36.9747,30.281,49.96409734129097
1781277554726.0,-1890.21,-30.8311,144.792,-34.7918,30.292,46.48683764733841
1781277554742.0,-1890.17,-25.7625,148.077,-31.9901,30.308,41.07399304012212
1781277554759.0,-1890.86,25.2445,141.74,33.2847,30.325,41.77506474369609
1781277554771.0,-1890.81,13.0381,144.824,18.2364,30.337,22.417812930123223
1781277554781.0,-1891.09,2.43048,143.579,6.73253,30.347,7.157806453886553
1781277554796.0,-1890.84,-7.59899,149.1,-3.56771,30.362,8.394831961641637
1781277554810.0,-1891.61,-20.1741,141.216,-11.4602,30.376,23.20195023807266
1781277554825.0,-1891.19,9.13195,148.719,47.7564,30.391,48.62166442813841
1781277554841.0,-1892.23,-18.6019,136.892,25.148,30.407,31.280226783225217
1781277554858.0,-1892.37,-48.2786,136.856,7.92539,30.424,48.92478946926701
1781277554866.0,-1893.1,-81.5451,128.414,-6.02312,30.432,81.76723860168204
1781277554878.0,-1893.44,-122.056,125.236,-21.0894,30.444,123.86456284329267
1781277554893.0,-1894.15,-165.358,116.043,-31.9547,30.459,168.41725272694006
1781277554903.0,-1894.15,-216.585,117.828,-42.1199,30.469,220.6425802083768
1781277554917.0,-1894.74,-274.576,109.885,-51.081,30.483,279.28703574817075
1781277554931.0,-1895.34,-340.013,100.978,-61.3679,30.497,345.5066704412666
1781277554944.0,-1895.88,-412.05,92.2074,-71.3567,30.51,418.18295175065424
1781277554958.0,-1896.07,-489.799,90.1442,-85.0589,30.524,497.1298390463099
1781277554975.0,-1896.71,-572.221,77.763,-93.8036,30.541,579.858593291468
1781277554991.0,-1896.56,-655.029,83.3768,-107.686,30.557,663.8217120861594
1781277554998.0,-1897.09,-744.262,72.4265,-115.054,30.564,753.1024814459184
1781277555010.0,-1897.1,-833.613,74.089,-127.515,30.576,843.3093791687604
1781277555024.0,-1897.45,-890.701,66.6055,-84.3038,30.59,894.6817322911204
1781277555043.0,-1897.7,-972.176,60.9614,-112.453,30.609,978.6581896581666
1781277555059.0,-1897.9,-1051.75,56.714,-132.605,30.625,1060.0764823940772
1781277555076.0,-1897.79,-1107.45,62.2989,-107.037,30.642,1112.6106335412223
1781277555082.0,-1898.2,-1186.02,50.2645,-134.572,30.648,1193.6302038671777
1781277555092.0,-1897.85,-1245.77,63.7102,-116.689,30.658,1251.223087870824
1781277555108.0,-1898.17,-1307.75,55.3975,-101.727,30.674,1311.7005927531634
1781277555125.0,-1897.99,-1394.18,62.5444,-151.944,30.691,1402.435328824827
1781277555144.0,-1897.79,-1475.0,69.6647,-184.986,30.71,1486.5546811994504
1781277555150.0,-1897.33,-1549.41,82.1443,-221.265,30.716,1565.1292433294445
1781277555162.0,-1897.27,-1618.14,84.3417,-242.324,30.728,1636.1839690499355
1781277555177.0,-1896.83,-1683.1,94.5134,-265.451,30.743,1703.9042940849113
1781277555193.0,-1897.01,-1748.33,91.5483,-276.756,30.759,1770.0993397083678
1781277555201.0,-1896.55,-1810.31,101.18,-298.797,30.767,1834.8029712503192
1781277555214.0,-1896.82,-1864.87,96.6431,-274.262,30.78,1884.929643658882
1781277555226.0,-1897.05,-1920.54,92.7856,-300.592,30.792,1943.9211511951814
1781277555243.0,-1897.18,-1974.35,90.6162,-309.564,30.809,1998.4713639669696
1781277555259.0,-1896.6,-2028.7,102.354,-322.472,30.825,2054.1693895061335
1781277555276.0,-1896.42,-2084.93,106.07,-324.77,30.842,2110.0731403911095
1781277555292.0,-1895.65,-2143.94,119.323,-332.444,30.858,2169.561646217042
1781277555300.0,-1895.1,-2202.31,128.118,-334.547,30.866,2227.5751460520924
1781277555308.0,-1894.21,-2252.93,140.944,-340.044,30.874,2278.4476089732675
1781277555327.0,-1893.53,-2305.73,149.896,-332.356,30.893,2329.5603326885525
1781277555344.0,-1892.19,-2355.71,166.114,-335.05,30.91,2379.417598194987
1781277555350.0,-1891.33,-2407.05,175.76,-325.083,30.916,2428.9027686156974
1781277555364.0,-1889.48,-2458.74,194.768,-327.026,30.93,2480.392789917758
1781277555376.0,-1888.0,-2404.14,208.662,-303.073,30.942,2423.167840437183
1781277555393.0,-1885.61,-2483.55,229.345,-299.536,30.959,2501.54800429574
1781277555409.0,-1883.13,-2561.55,248.914,-281.425,30.975,2576.9630251761473
1781277555420.0,-1878.76,-2629.84,279.965,-271.825,30.986,2643.8508384977017
1781277555430.0,-1874.89,-2694.52,304.775,-247.049,30.996,2705.8217307873406
1781277555446.0,-1868.56,-2751.36,341.36,-223.644,31.012,2760.4344745593944
1781277555459.0,-1862.23,-2808.43,374.271,-221.039,31.025,2817.1150676571588
1781277555475.0,-1857.92,-2865.58,394.973,-207.806,31.041,2873.1049528403933
1781277555492.0,-1851.73,-2913.22,422.919,-197.998,31.058,2919.9407487830977
1781277555502.0,-1844.94,-2837.63,451.483,-164.466,31.068,2842.3921407954954
1781277555813.0,-350.759,-2253.0,2280.27,-922.762,31.379,2434.6454995838717
1781277555825.0,-139.963,-2179.6,990.157,-844.666,31.391,2337.5450394711115
1781277555843.0,-147.445,-2107.15,988.443,-752.624,31.409,2237.5263144544247
1781277555858.0,-145.985,-2031.53,989.287,-659.576,31.424,2135.920092296526
1781277555876.0,-143.025,-1951.94,989.719,-560.01,31.442,2030.6848509062158
1781277555882.0,-135.601,-1869.14,990.764,-462.479,31.448,1925.5054310598557
1781277555895.0,-126.46,-1735.92,991.972,-364.878,31.461,1773.8529254941066
1781277555909.0,-119.403,-1569.88,992.846,-274.315,31.475,1593.6661926592408
1781277555926.0,-113.802,-1511.91,993.503,-237.212,31.492,1530.405626310881
1781277555932.0,-122.876,-1443.91,992.422,-206.071,31.498,1458.5408273822848
1781277555942.0,-135.39,-1370.67,990.792,-184.931,31.508,1383.089195844216
1781277555959.0,-153.166,-1290.14,988.2,-170.299,31.525,1301.3312295495718
1781277555975.0,-175.538,-1205.01,984.473,-160.331,31.541,1215.6295199035765
1781277555992.0,-201.868,-1117.85,979.413,-152.098,31.558,1128.1500007108982
1781277556008.0,-230.58,-1024.89,973.053,-144.365,31.574,1035.0076160710125
1781277556014.0,-258.084,-931.92,966.122,-133.32,31.58,941.4080458547186
1781277556026.0,-283.856,-839.355,958.867,-125.632,31.592,848.7050226368406
1781277556041.0,-311.643,-745.212,950.199,-111.68,31.607,753.5339059020503
1781277556057.0,-333.535,-648.733,942.738,-96.5234,31.623,655.8744331322573
1781277556074.0,-352.135,-553.435,935.949,-81.2872,31.64,559.3727809867405
1781277556082.0,-369.278,-460.036,929.319,-67.4553,31.648,464.95520084637184
1781277556092.0,-383.997,-373.368,923.334,-55.0348,31.658,377.4022954819432
1781277556109.0,-398.204,-287.348,917.297,-42.8202,31.675,290.5209848393744
1781277556125.0,-405.31,-208.396,914.179,-33.8674,31.691,211.13003954615266
1781277556142.0,-414.223,-135.363,910.176,-23.1086,31.708,137.32133542519895
1781277556150.0,-420.239,-69.004,907.414,-17.6132,31.716,71.2164084340119
1781277556162.0,-428.6,-12.7864,903.494,-12.5506,31.728,17.916740365367804
1781277556177.0,-436.157,36.6904,899.871,-8.70887,31.743,37.7098113073627
1781277556192.0,-442.854,77.111,896.594,-5.12144,31.758,77.28088682639195
1781277556210.0,-451.013,110.779,892.517,-0.704983,31.776,110.78124318687838
1781277556218.0,-455.468,136.244,886.32,2.05023,31.784,136.25942528519963
1781277556228.0,-456.591,151.964,882.105,2.8982,31.794,151.99163417517426
1781277556243.0,-460.135,160.616,876.922,3.149,31.809,160.64686631553073
1781277556259.0,-464.774,166.49,871.433,1.7727,31.825,166.49943713205158
1781277556276.0,-466.448,165.087,867.812,1.58886,31.842,165.09464571905292
1781277556284.0,-468.598,159.378,864.243,1.2323,31.85,159.38276395924998
1781277556294.0,-472.703,151.797,859.915,2.07288,31.86,151.81115255637314
1781277556310.0,-487.261,136.687,873.257,2.86627,31.876,136.71704894676782
1781277556327.0,-488.654,119.68,871.09,1.98896,31.893,119.69652610615566
1781277556341.0,-490.912,101.676,868.764,0.455759,31.907,101.67702145650256
1781277556358.0,-493.597,83.3963,866.522,-0.927152,31.924,83.40145361155946
1781277556374.0,-497.638,65.5955,863.827,-1.57333,31.94,65.61436571010117
1781277556382.0,-502.135,50.3623,861.183,0.392697,31.948,50.363830992328296
1781277556393.0,-474.421,38.1762,876.791,0.882539,31.959,38.18639969316983
1781277556409.0,-485.003,27.1288,870.948,-0.809463,31.975,27.140873600316716
1781277556426.0,-470.447,18.4793,878.926,-1.1339,31.992,18.514055679402066
1781277556433.0,-487.483,10.0645,869.565,-2.06902,31.999,10.274969781483545
1781277556444.0,-471.111,5.03469,878.568,-3.40676,32.01,6.0789898086524214
1781277556459.0,-487.572,-0.0998771,869.518,0.545104,32.025,0.5541784964435286
1781277556475.0,-467.855,-3.00831,880.305,-1.45879,32.041,3.3433512110156776
1781277556491.0,-485.5,-4.72214,870.678,-0.0319418,32.057,4.722248030142766
1781277556497.0,-469.087,-5.5226,879.648,-0.958348,32.063,5.605135292667251
1781277556512.0,-484.807,-6.3144,871.065,-0.0927928,32.078,6.31508177807159
1781277556524.0,-468.635,-6.35958,879.888,-0.185919,32.09,6.362297042025073
1781277556541.0,-487.285,-8.6777,869.681,-0.332471,32.107,8.684066688818149
1781277556557.0,-470.603,-7.02918,878.836,0.801136,32.123,7.074686591142819
1781277556576.0,-488.118,-5.62551,869.214,1.14568,32.142,5.740988192158211
1781277556582.0,-469.445,-5.41987,879.456,-1.18017e-05,32.148,5.41987000001285
1781277556592.0,-490.24,-3.98467,868.019,0.358914,32.158,4.000801703195998
1781277556609.0,-472.716,-3.72109,877.702,-1.12715,32.175,3.888055800859859
1781277556625.0,-487.934,-3.59775,869.318,-2.05752,32.191,4.144537804496419
1781277556642.0,-470.62,-3.66246,878.827,-2.01908,32.208,4.18214027717866
1781277556652.0,-487.29,-4.33677,869.68,-0.123115,32.218,4.3385171817252255
1781277556660.0,-470.362,-2.63599,878.965,2.13542,32.226,3.392412394815819
1781277556677.0,-489.094,-1.68898,868.665,0.915921,32.243,1.9213445080570533
1781277556693.0,-472.054,-1.32962,878.058,-0.0132818,32.259,1.3296863354232231
1781277556708.0,-490.632,-0.766705,867.798,-0.390257,32.274,0.8603122009328938
1781277556716.0,-472.412,-0.134897,877.865,1.65289,32.282,1.6583855259586053
1781277556726.0,-490.319,3.71118,867.974,1.22519,32.292,3.908189802005527
1781277556743.0,-473.409,8.80458,877.329,-2.10765,32.309,9.05333184517722
1781277556759.0,-490.533,16.0882,867.851,-3.61843,32.325,16.49009444802849
1781277556775.0,-473.95,28.06,877.041,-9.20823,32.341,29.532272173554475
1781277556792.0,-492.289,35.7782,866.851,-13.0445,32.358,38.08199805012862
1781277556798.0,-476.121,63.3268,875.868,-20.3433,32.364,66.51415979421223
1781277556810.0,-493.69,81.1417,866.041,-25.169,32.376,84.95560040332832
1781277556825.0,-486.882,126.585,869.868,-40.4236,32.391,132.88276661012142
1781277556841.0,-489.872,176.447,868.187,-57.5066,32.407,185.58166087348178
1781277556858.0,-490.472,230.667,867.847,-74.3351,32.424,242.34886420408495
1781277556866.0,-497.667,288.936,863.74,-89.3543,32.432,302.4371058988794
1781277556877.0,-502.592,351.622,860.882,-101.847,32.443,366.0749134985898
1781277556893.0,-513.819,422.493,854.226,-118.473,32.459,438.7894560925547
1781277556909.0,-524.412,494.498,847.761,-128.596,32.475,510.94540140801735
1781277556926.0,-541.212,565.168,837.132,-136.243,32.492,581.3579132281593
1781277556932.0,-552.274,635.819,829.871,-146.384,32.498,652.4523555149449
1781277556944.0,-561.99,709.3,823.318,-153.589,32.51,725.7382936851272
1781277556959.0,-573.131,785.313,815.596,-158.871,32.525,801.2218810104977
1781277556975.0,-587.232,863.354,805.496,-158.127,32.541,877.7153738228584
1781277557460.0,-3208.52,2868.93,721.268,759.709,33.026,2967.813523384008
1781277557475.0,-3322.61,2918.94,625.06,765.006,33.041,3017.522974831509
1781277557492.0,-3435.39,2840.34,524.941,752.479,33.058,2938.325366776287
1781277557498.0,-3547.66,2919.11,413.446,734.178,33.064,3010.020021159992
1781277557510.0,-3652.35,2866.46,357.836,685.288,33.076,2947.2381265422036
1781277557525.0,-3757.24,2957.52,306.567,653.372,33.091,3028.8313787307475
1781277557542.0,-3681.39,3038.5,352.588,612.704,33.108,3099.6594073568795
1781277557558.0,-3783.01,3110.58,316.812,548.034,33.124,3158.4884361915906
1781277557574.0,-3712.85,3172.2,294.468,480.566,33.14,3208.3946952262586
1781277557582.0,-3804.94,3220.18,386.032,418.328,33.148,3247.2384495112146
1781277557595.0,-3899.33,3261.73,443.341,351.91,33.161,3280.658964446015
1781277557609.0,-3822.01,3296.46,487.718,293.504,33.175,3309.5004350530007
1781277557626.0,-3914.84,3325.47,547.839,237.522,33.192,3333.9417243533217
1781277557634.0,-3837.78,3350.86,581.208,194.016,33.2,3356.4720984772093
1781277557646.0,-3932.33,3376.22,623.935,152.197,33.212,3379.6487118055625
1781277557661.0,-3927.49,3398.11,653.592,92.2205,33.227,3399.361144791805
1781277557675.0,-3846.48,3415.57,614.796,54.9468,33.241,3416.0119402206783
1781277557692.0,-3769.03,3434.64,645.211,40.6818,33.258,3434.8809205635116
1781277557708.0,-3868.39,3458.63,657.346,11.9543,33.274,3458.65065917165
1781277557716.0,-3795.94,3477.74,657.152,-30.9378,33.282,3477.877607833381
1781277557729.0,-3888.62,3495.1,707.152,-58.8594,33.295,3495.595577146813
1781277557741.0,-3815.07,3516.15,712.037,-89.5375,33.307,3517.2898354281597
1781277557757.0,-3910.14,3533.95,747.446,-143.07,33.323,3536.844869004011
1781277557776.0,-3901.63,3549.54,790.63,-215.694,33.342,3556.087472663742
1781277557782.0,-3888.11,3553.34,854.559,-312.55,33.348,3567.059385278019
1781277557796.0,-3866.23,3533.9,948.64,-458.506,33.362,3563.520304703763
1781277557809.0,-3827.44,3489.69,1094.66,-657.612,33.375,3551.111071009185
1781277557825.0,-3784.04,3426.51,1232.42,-874.773,33.391,3536.410409105397
1781277557842.0,-3703.09,3346.63,1457.57,-1094.87,33.408,3521.1748996322235
1781277557858.0,-3595.9,3239.32,1704.95,-1322.61,33.424,3498.927160502202
1781277557866.0,-3460.63,3108.29,1965.02,-1545.47,33.432,3471.3029607051008
1781277557877.0,-3298.59,3058.34,2226.32,-1723.12,33.443,3510.354126010651
1781277557891.0,-2989.39,2967.56,2314.41,-1849.86,33.457,3496.912119742216
1781277557908.0,-2799.8,2897.74,2398.3,-1922.8,33.474,3477.6510675454483
1781277557924.0,-2654.33,2843.04,2427.86,-1957.03,33.49,3451.4986400837533
1781277557932.0,-2543.47,2828.09,2422.26,-1932.56,33.498,3425.329356675063
1781277557945.0,-2490.79,2908.84,2360.66,-1836.75,33.511,3440.203585269337
1781277557959.0,-2639.91,2995.38,2346.04,-1692.35,33.525,3440.399666739316
1781277557975.0,-2827.82,3071.47,2278.75,-1523.04,33.541,3428.3492824535833
1781277557992.0,-3031.22,3132.97,2176.53,-1326.16,33.558,3402.0877952369187
1781277557998.0,-3247.0,3182.24,2034.42,-1093.27,33.564,3364.801734203666
1781277558010.0,-3474.12,3213.96,1840.83,-845.248,33.576,3323.2488716772327
1781277558025.0,-3667.31,3212.43,1597.13,-619.325,33.591,3271.5852366284143
1781277558041.0,-3768.34,3183.49,1341.47,-453.82,33.607,3215.674295151796
1781277558058.0,-3830.27,3136.3,1152.8,-348.835,33.624,3155.639958427609
1781277558074.0,-3862.58,3077.84,1039.42,-296.879,33.64,3092.124869121718
1781277558082.0,-3874.62,3010.73,993.56,-284.094,33.648,3024.1039224431424
1781277558093.0,-3872.57,2941.29,1001.52,-295.113,33.659,2956.0579403775223
1781277558107.0,-3860.59,2868.64,1046.72,-358.032,33.673,2890.8964634908666
1781277558126.0,-3824.41,2790.49,1171.99,-447.838,33.692,2826.197677860485
1781277558142.0,-3767.72,2699.82,1343.1,-553.992,33.708,2756.072417129855
1781277558148.0,-3688.57,2597.92,1547.25,-674.673,33.714,2684.096120359515
1781277558161.0,-3583.17,2485.6,1777.75,-800.627,33.727,2611.36189623901
1781277558175.0,-3457.28,2374.73,2011.63,-906.077,33.741,2541.7155825994773
1781277558192.0,-3333.24,2281.33,2211.09,-976.797,33.758,2481.652463200478
1781277558209.0,-3233.14,2213.38,2355.02,-1010.73,33.775,2433.233683249515
1781277558216.0,-3216.87,2160.35,2377.23,-1026.38,33.782,2391.770897661396
1781277558228.0,-3120.6,2136.13,2502.37,-985.874,33.794,2352.6578418410104
1781277558241.0,-3204.54,2124.72,2393.57,-918.735,33.807,2314.8453681887695
1781277558258.0,-3256.57,2119.55,2322.12,-833.945,33.824,2277.708599782905
1781277558274.0,-3351.36,2113.63,2183.08,-751.696,33.84,2243.318669586646
1781277558295.0,-3445.7,2107.99,2030.91,-663.105,33.861,2209.8258033440097
1781277558300.0,-3538.88,2098.2,1863.8,-573.596,33.866,2175.190936726245
1781277558321.0,-3624.62,2082.99,1691.03,-486.349,33.887,2139.014420218106
1781277558332.0,-3697.85,2058.7,1524.25,-415.456,33.898,2100.202223105194
1781277558349.0,-3749.2,2021.61,1393.17,-377.637,33.915,2056.5788815090464
1781277558365.0,-3774.52,1978.06,1323.02,-357.745,33.931,2010.1499567507394
1781277558367.0,-3783.17,1925.41,1298.09,-374.72,33.933,1961.534793599135
1781277558384.0,-3762.42,1865.98,1357.05,-403.815,33.95,1909.174668443147
1781277558398.0,-3725.54,1794.62,1455.24,-449.666,33.964,1850.0974179637135
1781277558415.0,-3663.58,1717.29,1604.85,-502.157,33.981,1789.2027824561976
1781277558431.0,-3582.91,1632.65,1777.67,-546.586,33.997,1721.714923527121
1781277558448.0,-3497.72,1543.69,1939.92,-585.692,34.014,1651.064485404492
1781277558450.0,-3414.98,1472.56,2082.12,-613.972,34.016,1595.429274641781
1781277558467.0,-3343.89,1411.36,2194.48,-633.349,34.033,1546.9544289994453
1781277558483.0,-3284.88,1369.46,2281.85,-627.805,34.049,1506.5058279425937
1781277558501.0,-3273.22,1338.25,2298.55,-608.885,34.067,1470.2564421640873
1781277558503.0,-3299.09,1322.3,2261.27,-567.404,34.069,1438.897004380786
1781277558518.0,-3374.27,1306.25,2147.46,-532.752,34.084,1410.7139171369934
1781277558534.0,-3445.18,1292.83,2031.75,-495.36,34.1,1384.4821914708762
1781277558548.0,-3516.97,1278.18,1904.79,-449.008,34.114,1354.7517471714145
1781277558565.0,-3593.49,1259.04,1756.16,-403.214,34.131,1322.029973713153
1781277558581.0,-3660.77,1232.87,1611.23,-364.26,34.147,1285.555827064698
1781277558590.0,-3709.62,1199.29,1495.32,-339.053,34.156,1246.2958881858674
1781277558600.0,-3735.36,1157.54,1429.82,-329.794,34.166,1203.6041434109472
1781277558614.0,-3734.1,1107.57,1433.1,-334.606,34.18,1157.010146945998
1781277558630.0,-3705.02,1049.44,1506.7,-342.919,34.196,1104.0460833502377
1781277558649.0,-3659.18,986.254,1614.84,-352.204,34.215,1047.2557520166695
1781277558659.0,-3596.03,915.957,1750.96,-361.434,34.225,984.6886625756387
1781277558669.0,-3516.44,845.065,1905.76,-363.551,34.235,919.9479245185568
1781277558682.0,-3436.92,778.179,2045.69,-353.839,34.248,854.8477022031468
1781277558698.0,-3392.97,717.831,2117.79,-340.15,34.264,794.3446147995213
1781277558715.0,-3365.64,666.867,2160.96,-318.509,34.281,739.0261015485177
1781277558724.0,-3373.87,625.339,2148.09,-295.71,34.29,691.7320789301303
1781277558736.0,-3409.92,590.342,2090.39,-272.253,34.302,650.0964335950475
1781277558748.0,-3479.71,552.397,1972.02,-260.785,34.314,610.8610822715751
1781277558765.0,-3529.12,518.143,1882.19,-251.468,34.331,575.9412500186108
1781277558781.0,-3582.28,487.141,1778.92,-243.166,34.347,544.4594176217361
1781277558784.0,-3637.81,459.217,1662.42,-236.288,34.35,516.4419348126175
1781277558805.0,-3690.39,429.433,1542.18,-231.611,34.371,487.91019338603695
1781277558818.0,-3720.25,393.925,1468.68,-231.232,34.384,456.7769077449078
1781277558833.0,-3726.65,359.716,1452.37,-231.42,34.399,427.7275032728197
1781277558849.0,-3714.66,324.066,1482.75,-228.695,34.415,396.6360742305218
1781277558866.0,-3688.09,284.96,1547.67,-221.225,34.432,360.75296564962565
1781277558882.0,-3654.0,247.506,1626.52,-204.198,34.448,320.86764131024495
1781277558899.0,-3617.47,207.259,1706.23,-186.225,34.465,278.6324527150418
1781277558901.0,-3580.15,168.009,1783.19,-163.305,34.467,234.29798784027147
1781277558916.0,-3541.95,131.815,1857.92,-136.454,34.482,189.72318872768292
1781277558932.0,-3510.2,99.2086,1917.23,-107.579,34.498,146.3406558512022
1781277558948.0,-3504.07,69.2578,1928.4,-80.1646,34.514,105.93868959922055
1781277558950.0,-3506.5,37.1836,1923.98,-56.7371,34.516,67.83596852238493
1781277558967.0,-3521.3,10.3824,1896.77,-36.2868,34.533,37.74289448359784
1781277558981.0,-3541.78,-13.1886,1858.25,-17.7769,34.547,22.13498008966803
1781277559000.0,-3566.53,-32.7144,1810.28,-2.5597,34.566,32.81438756780324
1781277559001.0,-3572.3,-51.1608,1798.87,9.84297,34.567,52.09905483846037
1781277559018.0,-3580.6,-64.0437,1782.29,19.128,34.584,66.83917933136223
1781277559032.0,-3582.98,-69.1354,1777.51,25.942,34.598,73.8423381073487
1781277559049.0,-3583.23,-71.5432,1777.0,28.8381,34.615,77.1366675314017
1781277559066.0,-3586.49,-72.8064,1770.42,29.2885,34.632,78.47667241422765
1781277559082.0,-3601.88,-69.0039,1738.88,27.9676,34.648,74.45619426864363
1781277559098.0,-3618.86,-62.6073,1703.26,26.0669,34.664,67.81708699804202
1781277559100.0,-3618.02,-54.29,1705.04,25.068,34.666,59.79806622291393
1781277559117.0,-3607.86,-44.8817,1726.45,23.2655,34.683,50.55344187233941
1781277559133.0,-3614.65,-36.6844,1712.19,20.537,34.699,42.041807434504996
1781277559147.0,-3620.31,-29.2437,1700.18,17.2867,34.713,33.97092855045326
1781277559166.0,-3625.89,-22.0319,1688.25,16.415,34.732,27.474658189138587
1781277559168.0,-3619.7,-17.3907,1701.48,14.7125,34.734,22.779247194321414
1781277559185.0,-3616.71,-11.6783,1707.82,12.0149,34.751,16.755312975292345
1781277559199.0,-3610.18,-7.87225,1721.58,9.30372,34.765,12.18735106169097
1781277559215.0,-3617.88,-2.98101,1705.35,6.23782,34.781,6.913524352492005
1781277559232.0,-3619.78,1.47931,1701.31,5.05495,34.798,5.2669609433334506
1781277559248.0,-3624.54,4.80301,1691.15,2.58251,34.814,5.453280018502626
1781277559251.0,-3620.62,5.05156,1699.53,1.78758,34.817,5.358516650156086
1781277559266.0,-3617.28,4.58513,1706.61,1.89534,34.832,4.961424274590916
1781277559282.0,-3610.65,5.15204,1720.6,2.17472,34.848,5.592219884804245
1781277559298.0,-3618.91,5.22526,1703.17,1.01021,34.864,5.322017128091566
1781277559300.0,-3619.46,5.15261,1702.0,-1.44325,34.866,5.350921450983933
1781277559316.0,-3616.67,5.45352,1707.91,-0.388065,34.882,5.467309652345018
1781277559333.0,-3612.68,3.36532,1716.33,0.239274,34.899,3.373815458716733
1781277559350.0,-3619.2,2.20527,1702.55,0.320073,34.916,2.2283766508893867
1781277559366.0,-3622.47,0.984102,1695.57,0.0737717,34.932,0.9868632175356876
1781277559369.0,-3628.87,0.229229,1681.83,0.854936,34.935,0.8851336049077563
1781277559384.0,-3636.46,0.424803,1665.36,1.27935,34.95,1.3480333865705998
1781277559399.0,-3619.86,1.48259,1701.15,0.841924,34.965,1.7049660201528944
1781277559416.0,-3610.88,1.64466,1720.12,-0.966784,34.982,1.907767757945395
1781277559432.0,-3617.72,2.2947,1705.69,-2.79632,34.998,3.617326862809055
1781277559435.0,-3623.4,1.84097,1693.58,-2.38198,35.001,3.0104815663444944
1781277559451.0,-3619.3,-0.376222,1702.34,-2.68502,35.017,2.711249784450706
1781277559467.0,-3616.28,0.971345,1708.73,-1.09877,35.033,1.4665628598614517
1781277559481.0,-3626.83,2.07197,1686.22,-0.852441,35.047,2.2404721242142247
1781277559499.0,-3626.25,0.933522,1687.47,-0.114154,35.065,0.9404756563569309
1781277559501.0,-3629.21,-0.144558,1681.09,-0.014279,35.067,0.1452615062740298
1781277559520.0,-3633.35,-1.31409,1672.14,0.93928,35.086,1.6152645128584977
1781277559532.0,-3624.62,-3.40252,1690.98,0.979132,35.098,3.540599076967625
1781277559549.0,-3616.05,-2.00459,1709.23,-0.907475,35.115,2.2004299451982106
1781277559565.0,-3622.87,-2.89088,1694.72,-0.68372,35.131,2.970632965009309
1781277559582.0,-3626.51,-1.16697,1686.92,-1.07705,35.148,1.5880351644091513
1781277559583.0,-3630.43,1.04695,1678.46,-1.57954,35.149,1.8950068374810682
1781277559600.0,-3633.88,-0.319249,1670.98,-1.48994,35.166,1.5237588810573017
1781277559615.0,-3622.74,0.0129702,1695.01,-0.266637,35.181,0.2669522726201071
1781277559631.0,-3617.11,0.643937,1706.97,0.862075,35.197,1.0760242402446147
1781277559648.0,-3625.66,0.0465391,1688.75,-0.0654529,35.214,0.08031170492039127
1781277559657.0,-3627.65,0.423189,1684.47,1.19564,35.223,1.268323278711307
1781277559667.0,-3622.86,0.188464,1694.74,-0.257013,35.233,0.31870732885360514
1781277559683.0,-3626.76,1.98268,1686.37,-1.55745,35.249,2.521243836859101
1781277559700.0,-3635.47,1.44296,1667.52,-0.308942,35.266,1.4756621296773866
1781277559716.0,-3634.23,-0.168427,1670.23,1.03654,35.282,1.0501346703775665
1781277559718.0,-3633.02,-0.69308,1672.86,1.07258,35.284,1.2770230001061063
1781277559735.0,-3635.42,-1.27494,1667.63,-1.41244,35.301,1.9027503139403235
1781277559751.0,-3638.39,-0.885059,1661.14,-1.4376,35.317,1.6882011709156586
1781277559766.0,-3630.92,-1.2622,1677.4,-1.16814,35.332,1.7197964703999133
1781277559782.0,-3629.15,-1.25794,1681.24,-1.28709,35.348,1.7997260101748822
1781277559801.0,-3626.72,-1.51988,1686.48,0.242661,35.367,1.539129486209981
1781277559803.0,-3632.1,-1.22961,1674.85,0.289947,35.369,1.2633328994801807
1781277559817.0,-3635.0,-1.22772,1668.54,-0.00254504,35.383,1.2277226379067063
1781277559832.0,-3639.63,1.09686,1658.43,0.157896,35.398,1.1081665066297572
1781277559850.0,-3632.52,2.19582,1673.93,-0.682783,35.416,2.299525624447138
1781277559864.0,-3627.48,3.05678,1684.83,-0.223676,35.43,3.064952678488854
1781277559873.0,-3625.18,3.25346,1689.78,0.42445,35.439,3.281030291554773
1781277559884.0,-3620.45,3.01906,1699.88,-1.58229,35.45,3.408572271156943
1781277559899.0,-3617.02,1.79554,1707.18,-0.430426,35.465,1.8464101475771844
1781277559916.0,-3627.34,0.733117,1685.13,-1.44737,35.482,1.6224489060025897
1781277559933.0,-3629.23,1.45552,1681.07,-2.70535,35.499,3.0720444483926337
1781277559935.0,-3633.84,0.607384,1671.07,-2.65953,35.501,2.728005708270421
1781277559951.0,-3640.17,0.452446,1657.24,-0.817089,35.517,0.9339924072694595
1781277559965.0,-3627.08,-0.39384,1685.69,-1.53984,35.531,1.5894078051903484
1781277559984.0,-3615.81,-1.11256,1709.73,-1.19418,35.55,1.6321322330007455
1781277560001.0,-3621.96,-1.04771,1696.66,0.630557,35.567,1.2228239343212906
1781277560003.0,-3628.67,0.769931,1682.28,1.33006,35.569,1.5368322447036957
1781277560021.0,-3625.71,-0.134212,1688.63,1.41181,35.587,1.4181750022631199
1781277560033.0,-3619.1,-0.521998,1702.76,2.26315,35.599,2.322569661927065
1781277560049.0,-3629.68,0.0645965,1680.08,1.41795,35.615,1.4194206248720815
1781277560065.0,-3628.08,-1.50665,1683.55,0.495561,35.631,1.58605640732636
1781277560082.0,-3635.59,-3.47397,1667.26,0.337408,35.648,3.4903168508552342
1781277560084.0,-3631.96,-2.95541,1675.15,1.8922,35.65,3.509254779593525
1781277560101.0,-3627.9,-2.53282,1683.93,1.64724,35.667,3.0213534665775206
1781277560116.0,-3623.08,-0.790913,1694.28,0.652978,35.682,1.0256332882921653
1781277560133.0,-3628.06,-0.751731,1683.59,0.424919,35.699,0.8635135510934383
1781277560151.0,-3627.57,0.106742,1684.65,0.768509,35.717,0.7758865494677686
1781277560159.0,-3630.94,-0.639964,1677.37,-0.228579,35.725,0.6795603582736415
1781277560171.0,-3635.77,-0.648132,1666.86,0.217855,35.737,0.6837659617508026
1781277560184.0,-3621.95,0.889127,1696.7,-0.694623,35.75,1.1282942587188858
1781277560198.0,-3604.38,2.59008,1733.71,-1.64348,35.764,3.0674975006998784
1781277560217.0,-3613.46,2.16623,1714.69,-0.880812,35.783,2.3384572248052775
1781277560219.0,-3626.13,1.60888,1687.73,-0.638685,35.785,1.7310151309636206
1781277560236.0,-3623.43,-3.27724,1693.53,0.417262,35.802,3.3036963532146837
1781277560249.0,-3617.53,-8.79579,1706.1,-0.466804,35.815,8.808168237409864
1781277560266.0,-3625.87,-18.3337,1688.29,-0.377793,35.832,18.337592078592245
1781277560282.0,-3622.59,-29.9826,1695.31,-1.09392,35.848,30.00254928712559
1781277560299.0,-3626.34,-51.1645,1687.3,-2.60959,35.865,51.2310064337809
1781277560308.0,-3624.97,-78.4427,1690.23,-3.10751,35.874,78.50422792238709
1781277560317.0,-3622.13,-115.008,1696.31,-5.35488,35.883,115.13259661718048
1781277560331.0,-3630.7,-159.772,1677.88,-4.80404,35.897,159.84420785352717
1781277560348.0,-3643.92,-211.824,1648.97,-6.77194,35.914,211.93222064462876
1781277560364.0,-3644.96,-275.377,1646.67,-6.4432,35.93,275.4523678519392
1781277560367.0,-3634.06,-347.202,1670.58,-6.34522,35.933,347.2599755526807
1781277560385.0,-3629.86,-425.367,1679.69,-9.6532,35.951,425.47651986830016
1781277560400.0,-3649.16,-509.725,1637.33,-12.4843,35.966,509.87786122903003
1781277560416.0,-3664.73,-598.153,1602.18,-9.92661,35.982,598.2353625414434
1781277560433.0,-3663.32,-691.452,1605.38,-5.82156,35.999,691.4765063722944
1781277560435.0,-3661.68,-781.925,1609.13,-9.60983,36.001,781.984050002063
1781277560451.0,-3668.68,-866.698,1593.08,-10.8723,36.017,866.7661911445842
1781277560466.0,-3671.27,-947.355,1587.09,-3.98478,36.032,947.363380386137
1781277560482.0,-3657.39,-1026.94,1618.82,-0.365097,36.048,1026.9400648995147
1781277560498.0,-3655.37,-1105.42,1623.36,5.91442,36.064,1105.4358220918737
1781277560515.0,-3645.39,-1184.36,1645.62,8.3927,36.081,1184.389736114464
1781277560531.0,-3641.21,-1262.77,1654.84,3.93464,36.097,1262.7761299184942
1781277560540.0,-3647.13,-1341.58,1641.75,-6.86748,36.106,1341.5975770258196
1781277560552.0,-3658.12,-1417.52,1617.09,7.26207,36.118,1417.5386019649288
1781277560566.0,-3640.39,-1492.54,1656.59,14.9109,36.132,1492.614480212091
1781277560583.0,-3629.76,-1563.28,1679.74,9.66273,36.149,1563.309862679518
1781277560585.0,-3636.18,-1633.21,1665.77,-1.03067,36.151,1633.2103252124782
1781277560601.0,-3647.83,-1699.97,1640.08,13.605,36.167,1700.0244400963768
1781277560616.0,-3631.36,-1766.15,1676.2,19.5508,36.182,1766.2582077036868
1781277560632.0,-3625.53,-1831.44,1688.74,7.76762,36.198,1831.456472188314
1781277560649.0,-3634.56,-1894.44,1669.19,-8.42943,36.215,1894.4587535468079
1781277560650.0,-3647.25,-1956.72,1641.23,-14.3526,36.216,1956.7726376681478
1781277560661.0,-3651.33,-2015.41,1632.11,-23.3401,36.227,2015.5451442148376
1781277560675.0,-3655.8,-2076.69,1622.03,-27.0077,36.241,2076.8656123975115
1781277560693.0,-3656.61,-2136.95,1620.16,-53.2969,36.259,2137.61452606629
1781277560708.0,-3673.81,-2196.98,1580.74,-57.3323,36.274,2197.727943359526
1781277560726.0,-3673.11,-2252.04,1582.31,-46.766,36.292,2252.5255204671935
1781277560732.0,-3665.14,-2306.18,1600.64,-52.309,36.298,2306.7731626410514
1781277560745.0,-3666.63,-2361.6,1597.18,-63.8435,36.311,2362.462815049636
1781277560759.0,-3670.85,-2413.83,1587.39,-82.0884,36.325,2415.225408593277
1781277560776.0,-3680.4,-2464.04,1565.07,-107.5,36.342,2466.3838654191686
1781277560792.0,-3693.53,-2514.12,1533.77,-125.491,36.358,2517.249960866223
1781277560800.0,-3701.54,-2562.25,1514.26,-143.361,36.366,2566.257477109614
1781277560811.0,-3707.24,-2609.89,1500.18,-160.807,36.377,2614.8393264881497
1781277560825.0,-3712.37,-2656.95,1487.38,-173.945,36.391,2662.6378209446734
1781277560842.0,-3714.93,-2704.1,1480.89,-184.918,36.408,2710.415369777112
1781277560858.0,-3715.2,-2751.29,1480.12,-192.774,36.424,2758.0352570581836
1781277560866.0,-3714.8,-2797.33,1481.03,-193.386,36.432,2804.006646549897
1781277560878.0,-3708.93,-2838.47,1495.57,-188.318,36.444,2844.7101100154296
1781277560892.0,-3699.61,-2879.96,1518.39,-182.448,36.458,2885.733333886553
1781277560909.0,-3690.19,-2921.67,1541.05,-166.8,36.475,2926.4274856725906
1781277560925.0,-3676.36,-2961.43,1573.66,-164.821,36.491,2966.0130827326097
1781277560942.0,-3668.25,-3037.71,1592.35,-180.564,36.508,3043.071705069731
1781277560958.0,-3667.65,-3098.98,1593.6,-201.766,36.524,3105.5412666966768
1781277560964.0,-3669.12,-3152.62,1590.07,-187.22,36.53,3158.1741865831277
1781277560975.0,-3653.23,-3195.57,1626.1,-169.823,36.541,3200.0792921783986
1781277560991.0,-3634.87,-3254.87,1666.59,-172.243,36.557,3259.42423871901
1781277561010.0,-3623.18,-3296.11,1691.7,-154.271,36.576,3299.7182718439767
1781277561016.0,-3604.26,-3326.64,1731.48,-131.167,36.582,3329.2249055131433
1781277561026.0,-3581.23,-3350.14,1778.47,-95.3414,36.592,3351.496382536308
1781277561043.0,-3549.61,-3326.5,1840.6,-71.9827,36.609,3327.278731801604
1781277561059.0,-3531.52,-3345.92,1874.94,-32.3176,36.625,3346.0760711122157
1781277561076.0,-3496.09,-3363.97,1940.05,-5.58419,36.642,3363.9746348743406
1781277561084.0,-3466.01,-3352.67,1993.11,2.69118,36.65,3352.6710801016243
1781277561510.0,-1658.82,-3947.88,3093.52,598.96,37.076,3993.0576725111296
1781277561855.0,-1471.88,-3988.55,2866.08,665.334,37.421,4043.6617605897754
1781277565866.0,-1614.82,3925.59,1677.77,95.6011,41.432,3926.7539289368783
1781277565883.0,-1521.56,3977.51,1740.04,96.5265,41.449,3978.6810836384275
1781277565885.0,-1415.05,4020.54,1820.51,83.1474,41.451,4021.399679430877
1781277565900.0,-1302.77,4057.05,1909.67,94.0824,41.466,4058.140731971941
1781277565916.0,-1204.94,4086.37,1993.38,119.934,41.482,4088.129638509033
1781277565925.0,-1120.28,4106.91,2075.06,150.686,41.491,4109.673468622051
1781277565942.0,-1042.2,4121.53,2159.66,176.876,41.508,4125.323582493378
1781277565950.0,-963.995,4135.99,2250.41,209.532,41.516,4141.294114057102
1781277566259.0,-3083.44,4319.25,1353.13,443.889,41.825,4341.999309859572
1781277566275.0,-2962.58,4309.4,1352.92,466.482,41.841,4334.574237029976
1781277566292.0,-2862.44,4297.44,1342.83,480.946,41.858,4324.268679038803
1781277566298.0,-2887.46,4283.1,1456.18,473.183,41.864,4309.158590895559
1781277566310.0,-2779.7,4340.99,1469.33,442.395,41.876,4363.474248362765
1781277566325.0,-2793.79,4299.59,1612.11,389.664,41.891,4317.211160112046
1781277566341.0,-2669.37,4257.15,1656.96,341.08,41.907,4270.791693456847
1781277566358.0,-2679.13,4215.71,1806.83,314.23,41.924,4227.404794551853
1781277566374.0,-2564.8,4222.9,1835.58,289.696,41.94,4232.825082898654
1781277566382.0,-2587.09,4218.46,1968.93,287.751,41.948,4228.262694015238
1781277566395.0,-2525.14,4205.09,1932.26,289.746,41.961,4215.060456579004
1781277566409.0,-2666.88,4239.05,1909.02,317.684,41.975,4250.937311506252
1781277566425.0,-2627.07,4249.77,1841.64,350.05,41.991,4264.162292338321
1781277566442.0,-2781.23,4241.96,1791.76,382.175,42.008,4259.141036902277
1781277566458.0,-2737.74,4216.48,1727.07,423.566,42.024,4237.701233777105
1781277566467.0,-2891.76,4178.24,1665.73,451.935,42.033,4202.610467533839
1781277566475.0,-2987.77,4129.82,1699.18,446.917,42.041,4153.931636087551
1781277566491.0,-2971.21,4067.56,1581.73,438.398,42.057,4091.116859734515
1781277566508.0,-3020.15,3864.82,1701.47,418.134,42.074,3887.3731071709594
1781277566516.0,-2999.88,3832.7,1587.51,390.174,42.082,3852.5089279943268
1781277566528.0,-3113.72,3795.45,1586.15,344.232,42.094,3811.0282565633124
1781277566541.0,-2984.89,3746.82,1676.2,294.428,42.107,3758.3703861625986
1781277566557.0,-3084.57,3686.85,1700.65,235.977,42.123,3694.3941407257835
1781277566576.0,-3029.54,3615.76,1653.41,193.011,42.142,3620.907845240058
1781277566582.0,-3045.38,3539.16,1827.28,146.828,42.148,3542.204393761602
1781277566596.0,-2994.69,3451.26,1771.31,108.096,42.162,3452.952408130758
1781277566609.0,-3057.27,3351.64,1861.33,66.437,42.175,3352.298400287331
1781277566624.0,-2978.66,3241.87,1852.67,48.0905,42.19,3242.2266720712555
1781277566640.0,-3056.82,3124.99,1916.19,55.4994,42.206,3125.4827920659486
1781277566657.0,-3003.07,3002.98,1867.31,62.4835,42.223,3003.6299819006085
1781277566666.0,-3092.64,2875.84,1912.54,92.2903,42.232,2877.3204905039847
1781277567019.0,-3049.47,2740.67,1846.17,103.45,42.585,2742.6217295500305
1781277567021.0,-3140.51,21.9262,1888.78,0.467778,42.587,21.931189267736578
1781277567043.0,-2957.03,-7.65541,2327.75,2.69419,42.609,8.115661527207747
1781277567055.0,-2909.84,-29.3266,2272.11,4.3274,42.621,29.644153864126395
1781277567067.0,-2988.55,-44.3085,2333.79,5.53401,42.633,44.652753990432664
1781277567082.0,-2927.65,-53.7643,2295.71,6.50039,42.648,54.15584017114036
1781277567100.0,-2861.06,-58.7788,2264.82,7.19525,42.666,59.21755611305231
1781277567117.0,-2927.7,-60.3194,2341.66,7.63204,42.683,60.80031291795792
1781277567119.0,-2859.92,-59.2392,2311.98,7.83826,42.685,59.755511348055585
1781277567133.0,-2925.09,-56.2668,2390.34,7.83991,42.699,56.81035971588369
1781277567149.0,-2857.42,-52.0127,2360.18,7.67396,42.715,52.57576079688815
1781277567165.0,-2790.24,-46.9742,2329.29,7.37438,42.731,47.54952098627704
1781277567167.0,-2854.57,-41.5487,2408.19,6.97466,42.733,42.13004098984001
1781277567185.0,-2787.78,-36.0473,2376.5,6.50595,42.751,36.62970410326161
1781277567201.0,-2851.45,-30.702,2455.89,5.99997,42.767,31.282781909556892
1781277567215.0,-2785.17,-25.6806,2423.32,5.48451,42.781,26.259723271582658
1781277567231.0,-2848.15,-21.0896,2503.2,4.97757,42.797,21.669043155268763
1781277567248.0,-2782.3,-16.9957,2469.86,4.49762,42.814,17.580739579278227
1781277567256.0,-2716.95,-13.424,2435.82,4.05409,42.822,14.022817895419593
1781277567268.0,-2779.18,-10.3756,2516.14,3.65457,42.834,11.000407139960775
1781277567283.0,-2714.27,-7.83072,2481.35,3.30535,42.849,8.499736133604383
1781277567299.0,-2775.83,-5.75307,2562.16,3.00637,42.865,6.491230623063704
1781277567316.0,-2711.36,-4.10265,2526.63,2.76031,42.882,4.94480012928733
1781277567325.0,-2647.38,-2.82863,2490.46,2.56278,42.891,3.816934503669142
1781277567336.0,-2708.2,-1.88146,2571.68,2.41003,42.902,3.05747221287455
1781277567349.0,-2644.66,-1.21183,2534.81,2.2993,42.915,2.5990983896151376
1781277567365.0,-2704.82,-0.770318,2616.5,2.22369,42.931,2.353335300636949
1781277567381.0,-2641.72,-0.516399,2578.95,2.1812,42.947,2.241495341775441
1781277567390.0,-2701.23,-0.408222,2661.09,2.16436,42.956,2.202521148793809
1781277567400.0,-2638.56,-0.411715,2622.86,2.16798,42.966,2.2067275594474727
1781277567417.0,-2576.4,-0.499731,2584.03,2.1905,42.983,2.2467802122951412
1781277567430.0,-2635.22,-0.64188,2666.54,2.22378,42.996,2.314564197165419
1781277567449.0,-2573.5,-0.820727,2627.07,2.26734,43.015,2.4113115692769775
1781277567466.0,-2631.69,-1.01735,2709.99,2.31571,43.032,2.5293307072425306
1781277567482.0,-2570.42,-1.22171,2669.88,2.36921,43.048,2.6656577702698443
1781277567485.0,-2509.64,-1.42154,2629.2,2.42311,43.051,2.80931273511868
1781277567501.0,-2567.19,-1.61031,2712.46,2.47535,43.067,2.9530418077975127
1781277567516.0,-2506.86,-1.78354,2671.17,2.5261,43.082,3.092280087831631
1781277567532.0,-2563.81,-1.93627,2754.82,2.57225,43.098,3.2195669856985427
1781277567549.0,-2503.94,-2.07019,2712.92,2.6164,43.115,3.336350640460322
1781277567557.0,-2560.3,-2.18277,2796.94,2.65573,43.123,3.437642608794579
1781277567560.0,-2500.88,-2.27528,2754.45,2.68995,43.126,3.5231704586778085
1781277567582.0,-2441.95,-2.35161,2711.44,2.72223,43.148,3.5973053477568455
1781277567598.0,-2497.71,-2.40852,2795.76,2.74851,43.164,3.6544870789893347
1781277567607.0,-2439.23,-2.45106,2752.19,2.77249,43.173,3.7005939960633345
1781277567617.0,-2494.43,-2.49559,2836.85,2.78109,43.183,3.7366336502525903
1781277567633.0,-2450.61,-2.5436,2780.26,2.77566,43.199,3.764862467023198
1781277567649.0,-2420.62,-2.58722,2711.38,2.76058,43.215,3.783452030196762
1781277567666.0,-2511.97,-2.59136,2763.68,2.76759,43.232,3.7913982984777532
1781277567682.0,-2460.56,-2.59051,2713.88,2.77336,43.248,3.795031982697906
1781277567684.0,-2524.35,-2.58407,2791.02,2.77603,43.25,3.792592823623438
1781277567699.0,-2473.22,-2.57379,2740.95,2.77627,43.265,3.7857720582465073
1781277567715.0,-2536.99,-2.56866,2818.1,2.76918,43.281,3.7770851285084905
1781277567732.0,-2493.18,-2.5506,2761.42,2.77783,43.298,3.771193427669814
1781277567734.0,-2435.48,-2.52538,2717.26,2.79227,43.3,3.7648792672939724
1781277567750.0,-2485.02,-2.50104,2807.05,2.80553,43.316,3.7584836919294995
1781277567765.0,-2420.8,-2.49949,2768.41,2.80011,43.331,3.7534072883448184
1781277567782.0,-2491.09,-2.48223,2839.78,2.80646,43.348,3.7466896728312045
1781277567798.0,-2434.23,-2.4745,2794.61,2.80823,43.364,3.7429007444627755
1781277567800.0,-2384.8,-2.46665,2742.94,2.8095,43.366,3.738669880117794
1781277567819.0,-2447.92,-2.45903,2820.57,2.81032,43.385,3.734263922555555
1781277567834.0,-2398.75,-2.43083,2768.67,2.83044,43.4,3.7309951866090634
1781277567850.0,-2440.04,-2.41692,2865.02,2.83567,43.416,3.7259262788332244
1781277567866.0,-2384.33,-2.39788,2818.62,2.84878,43.432,3.723624038863215
1781277567883.0,-2431.91,-2.39351,2909.27,2.8486,43.449,3.7206736056929257
1781277567892.0,-2384.02,-2.39126,2856.2,2.85117,43.458,3.721195339739638
1781277567901.0,-2336.29,-2.3761,2803.0,2.86781,43.467,3.7242697815947756
1781277567917.0,-2383.66,-2.35352,2893.61,2.8891,43.483,3.726386346099932
1781277567932.0,-2314.64,-2.35383,2857.76,2.89194,43.498,3.728784337086284
1781277567948.0,-2375.79,-2.34476,2936.92,2.89898,43.514,3.728536508873153
1781277567967.0,-2321.84,-2.34433,2888.66,2.90147,43.533,3.73020258294372
1781277567969.0,-2275.54,-2.34278,2834.24,2.90305,43.535,3.730458072529431
1781277567983.0,-2336.63,-2.34048,2913.44,2.9039,43.549,3.7296758358334574
1781277568000.0,-2290.53,-2.31604,2858.84,2.9229,43.566,3.7292607433109315
1781277568017.0,-2329.15,-2.30571,2955.87,2.92739,43.583,3.726380390700874
1781277568019.0,-2276.28,-2.30424,2906.58,2.9276,43.585,3.7256360178632586
1781277568036.0,-2336.73,-2.30388,2986.25,2.92899,43.602,3.726505799606382
1781277568051.0,-2406.25,-2.28213,3058.79,2.94992,43.617,3.7296307247903244
1781277568069.0,-2442.9,-2.2797,3157.03,2.96254,43.635,3.7381379511195143
1781277568084.0,-2390.27,-2.27432,3107.42,2.98682,43.65,3.7541477294853487
1781277568098.0,-2421.67,-2.28582,3183.63,3.00094,43.664,3.77234859948017
1781277568115.0,-2377.59,-2.28396,3127.41,3.03015,43.681,3.794506859145204
1781277568131.0,-2317.93,-2.29737,3082.97,3.04696,43.697,3.8160023792576436
1781277568140.0,-2377.35,-2.30793,3163.41,3.06079,43.706,3.833402706343282
1781277568150.0,-2333.86,-2.31601,3106.74,3.07187,43.716,3.847114193392237
1781277568167.0,-2393.42,-2.29895,3187.08,3.09909,43.733,3.8586953663900445
1781277568183.0,-2326.09,-2.29939,3148.16,3.11545,43.749,3.872108350059435
1781277568193.0,-2368.47,-2.30658,3223.41,3.12446,43.759,3.8836273750193904
1781277568203.0,-2325.91,-2.3286,3166.04,3.12018,43.769,3.8933149361951185
1781277568216.0,-2299.28,-2.31065,3096.91,3.14743,43.782,3.904538260460512
1781277568232.0,-2334.42,-2.29857,3195.23,3.16422,43.798,3.910973312782893
1781277568250.0,-2276.23,-2.31104,3149.21,3.16319,43.816,3.9174834853129887
1781277568266.0,-2343.11,-2.31304,3224.25,3.16615,43.832,3.9210534125538254
1781277568283.0,-2301.26,-2.31579,3166.36,3.17048,43.849,3.926172023039744
1781277568285.0,-2351.88,-2.31739,3235.53,3.1734,43.851,3.9294737525653485
1781277568300.0,-2310.18,-2.31809,3177.54,3.17516,43.866,3.9313079596617713
1781277568315.0,-2268.54,-2.29411,3119.5,3.19405,43.881,3.932543209501963
1781277568334.0,-2303.27,-2.28543,3217.75,3.19779,43.9,3.930528103067067
1781277568344.0,-2254.16,-2.2696,3165.05,3.20843,43.91,3.930026364402661
1781277568346.0,-2296.2,-2.25323,3257.82,3.21741,43.912,3.9279476245235245
1781277568364.0,-2239.39,-2.23712,3210.41,3.22479,43.93,3.924789986547051
1781277568378.0,-2272.45,-2.24591,3291.8,3.2153,43.944,3.9220231791895364
1781277568391.0,-2240.95,-2.23942,3226.74,3.22094,43.957,3.9229397675722733
1781277568405.0,-2193.02,-2.24103,3173.05,3.22086,43.971,3.9237933942168772
1781277568419.0,-2250.87,-2.22425,3254.62,3.23012,43.985,3.9218571209186086
1781277568432.0,-2194.97,-2.22535,3206.38,3.22922,43.998,3.921739974921846
1781277568449.0,-2252.61,-2.20884,3288.11,3.23872,44.015,3.920239965104177
1781277568465.0,-2196.96,-2.21088,3239.6,3.23901,44.031,3.921629272955311
1781277568467.0,-2246.38,-2.21222,3309.65,3.23895,44.033,3.9223353287168092
1781277568483.0,-2207.62,-2.21301,3249.63,3.23862,44.049,3.922508478575923
1781277568499.0,-2168.89,-2.18896,3189.59,3.25531,44.065,3.922829218523284
1781277568516.0,-2201.53,-2.18091,3288.2,3.25792,44.082,3.920511593465832
1781277568532.0,-2155.11,-2.1657,3233.3,3.26765,44.098,3.9201776761391827
1781277568534.0,-2195.31,-2.15018,3326.64,3.276,44.1,3.9186030715549642
1781277568553.0,-2140.99,-2.13502,3276.85,3.28298,44.119,3.916154757003354
1781277568565.0,-2172.6,-2.14527,3358.54,3.27399,44.131,3.9142296678912443
1781277568582.0,-2144.07,-2.13988,3291.9,3.27971,44.148,3.916067427726443
1781277568598.0,-2098.74,-2.1428,3236.18,3.27997,44.164,3.9178814480405095
1781277568615.0,-2155.16,-2.12707,3318.77,3.28897,44.181,3.9168546623279243
1781277568617.0,-2101.66,-2.11271,3268.3,3.29913,44.183,3.917627126335532
1781277568633.0,-2140.8,-2.09991,3361.98,3.30972,44.199,3.919677089570007
1781277568648.0,-2087.77,-2.11352,3311.02,3.3058,44.214,3.9236819991431515
1781277568666.0,-2144.42,-2.10855,3376.6,3.31204,44.232,3.926269484396098
1781277568682.0,-2100.01,-2.11315,3320.19,3.31469,44.248,3.930976051644172
1781277568685.0,-2064.19,-2.11673,3258.32,3.31641,44.251,3.9343514307951697
1781277568699.0,-2120.19,-2.11945,3341.23,3.31737,44.265,3.9366244448003926
1781277568715.0,-2084.42,-2.09675,3279.33,3.33466,44.281,3.9390757644528747
1781277568732.0,-2114.9,-2.09052,3378.33,3.33826,44.298,3.9388137424864356
1781277568748.0,-2071.19,-2.07682,3321.42,3.34866,44.314,3.940394029535625
1781277568765.0,-2101.99,-2.07984,3403.18,3.34696,44.331,3.940542560003635
1781277568767.0,-2067.25,-2.08368,3340.68,3.34736,44.333,3.9429102591867347
1781277568784.0,-2032.46,-2.088,3278.21,3.34928,44.35,3.9468241053282322
1781277568798.0,-2088.08,-2.06418,3361.38,3.36334,44.364,3.9462507558440834
1781277568814.0,-2028.03,-2.05874,3314.49,3.36665,44.38,3.946231444061536
1781277568823.0,-2074.63,-2.06073,3403.21,3.36267,44.389,3.9438759693732766
1781277568837.0,-2040.54,-2.06181,3340.33,3.35732,44.403,3.9398804624632966
1781277568852.0,-2088.44,-2.03694,3411.51,3.36785,44.418,3.9359291388565416
1781277568866.0,-2028.68,-2.03185,3364.25,3.37035,44.432,3.9354381642963214
