1781277524434
0 -2.44758
0 -1.49242
1781277524442
-24.6649 -2.00427
14.4211 -2.45174
1781277524459
-45.4363 -3.47739
34.6533 -4.36284
1781277524465
-61.0048 -3.08381
60.2109 -2.04531
1781277524475
-75.5747 -3.34205
85.7303 -2.27057
1781277524492
-92.9368 -1.39747
108.494 -0.719487
1781277524509
-109.467 0.446017
131.927 0.662417
1781277524515
-125.741 0.0846296
155.529 1.6006
1781277524529
-141.517 -0.450773
179.493 1.91268
1781277524541
-156.971 0.0379977
203.673 1.02201
1781277524560
-171.7 1.59609
228.368 1.87348
1781277524568
-185.515 3.03848
253.692 1.40632
1781277524591
-199.436 2.6988
278.884 0.588966
1781277524601
-212.085 2.40836
304.925 -0.218876
1781277524626
-223.763 2.94741
331.557 0.882551
1781277524634
-234.718 1.99271
358.582 1.6548
1781277524640
-246.104 0.0312782
385.243 0.837944
1781277524659
-256.867 -0.267203
412.235 -0.452587
1781277524675
-266.363 -1.75517
439.932 0.148466
1781277524692
-274.821 -0.528361
468.153 -0.04143
1781277524702
-282.468 -3.00613
496.732 -0.315753
1781277524711
-293.795 -1.77234
523.149 0.254059
1781277524725
-307.35 -1.10362
548.304 0.0203134
1781277524742
-323.887 1.19881
571.782 -0.220773
1781277524758
-337.134 0.243237
597.113 -0.424803
1781277524766
-352.678 2.01229
621.146 -0.730997
1781277524777
-365.913 3.23179
646.486 -0.893343
1781277524791
-382.42 2.0514
669.968 -0.879803
1781277524807
-393.811 1.30864
696.357 -0.263169
1781277524816
-408.647 1.2493
720.79 0.799591
1781277524828
-420.667 1.42892
746.815 -0.325381
1781277524840
-433.977 1.09064
772.11 -1.66892
1781277524859
-448.125 -1.20945
796.933 -1.38319
1781277524875
-464.314 0.313051
820.605 -3.37422
1781277524892
-476.902 0.936931
846.308 -1.66035
1781277524902
-492.152 1.47398
870.509 -1.57774
1781277524910
-488.206 2.29472
872.728 -0.746222
1781277524925
-488.209 -0.467941
872.727 -3.57453
1781277524941
-486.641 -2.57248
873.602 -2.53976
1781277524950
-489.427 -2.92578
872.044 -1.4563
1781277524960
-486.996 -2.48356
873.404 0.104818
1781277524975
-487.351 -1.25009
873.206 -0.0402039
1781277524991
-487.785 -1.55701
872.964 1.75817
1781277525007
-487.243 -0.322225
873.266 1.45317
1781277525026
-484.949 0.577169
874.542 1.20393
1781277525033
-487.076 0.308037
873.36 0.876965
1781277525043
-486.324 -2.59264
873.778 -1.29696
1781277525060
-489.717 -1.26012
871.882 -1.15277
1781277525076
-486.76 0.418088
873.536 -1.60429
1781277525084
-490.411 1.88883
871.491 -0.514832
1781277525097
-488.239 1.77084
872.71 -1.1888
1781277525111
-490.776 2.89847
871.286 0.768053
1781277525126
-485.553 0.237013
874.207 0.852443
1781277525138
-488.269 -0.501815
872.693 0.930877
1781277525150
-485.771 -1.37318
874.086 0.0933184
1781277525165
-489.044 -1.41311
872.259 0.837487
1781277525177
-487.457 -0.691106
873.147 1.48527
1781277525191
-490.603 -0.652523
871.383 0.609733
1781277525210
-489.056 -0.0630547
872.253 1.39552
1781277525226
-492.659 0.360066
870.222 1.9574
1781277525232
-491.684 0.1232
870.774 0.935477
1781277525245
-490.534 -0.0579428
871.422 1.87607
1781277525260
-488.25 -0.216441
872.704 2.53193
1781277525276
-490.419 -0.332793
871.487 2.95357
1781277525292
-488.144 -0.946558
872.763 2.43944
1781277525301
-489.141 -0.649742
872.204 0.828421
1781277525313
-489.319 -0.455716
872.105 -0.67409
1781277525327
-491.08 -0.31757
871.114 -1.72258
1781277525342
-488.468 -0.825617
872.582 -1.83272
1781277525358
-491.881 -0.653485
870.662 -1.68351
1781277525377
-490.337 0.727662
871.533 -3.86913
1781277525383
-492.643 2.54268
870.231 -1.70583
1781277525393
-489.017 0.56657
872.274 -0.702417
1781277525410
-490.673 -0.467653
871.344 -0.527162
1781277525427
-488.22 -0.376073
872.72 -0.52509
1781277525434
-489.275 0.212445
872.129 1.84348
1781277525447
-491.228 -0.0116855
871.031 2.16838
1781277525462
-493.188 -1.01407
869.923 1.22604
1781277525476
-491.105 0.487514
871.1 2.5343
1781277525493
-493.047 -1.61447
870.002 3.23975
1781277525509
-488.725 -0.169093
872.438 3.88102
1781277525517
-489.234 -0.476503
872.152 3.20702
1781277525530
-487.136 -0.803153
873.326 1.41844
1781277525542
-488.217 -1.11453
872.722 0.0191501
1781277525561
-485.875 -1.03827
874.028 0.404631
1781277525574
-487.139 -1.53118
873.324 -0.168901
1781277525583
-482.83 -1.85638
875.714 -0.55703
1781277525595
-483.18 -1.22721
875.521 1.743
1781277525610
-482.56 -0.361161
875.863 0.867863
1781277525625
-488.183 -1.52915
872.741 0.165753
1781277525643
-487.349 0.167463
873.207 -0.607107
1781277525660
-490.162 1.97024
871.631 -0.482858
1781277525668
-487.76 0.727519
872.978 -0.97625
1781277525678
-489.001 2.30742
872.283 -1.59145
1781277525692
-489.123 0.585981
872.215 -0.502946
1781277525709
-493.003 -0.328079
870.027 0.778788
1781277525726
-488.801 0.684821
872.395 0.725469
1781277525742
-492.429 0.724207
870.352 -0.308831
1781277525759
-489.715 -0.393642
871.883 -0.420304
1781277525767
-492.426 -0.996629
870.354 -0.85786
1781277525775
-492.135 -1.49701
870.519 -0.72442
1781277525792
-495.497 -0.0911687
868.609 -1.75533
1781277525808
-492.736 0.0266219
870.179 0.138418
1781277525816
-493.756 -0.718547
869.601 1.8381
1781277525827
-491.168 2.64496
871.065 0.690397
1781277525843
-490.7 3.74324
871.328 0.841897
1781277525859
-489.803 4.38796
871.833 0.137061
1781277525876
-492.28 3.38819
870.437 -0.853848
1781277525882
-489.527 4.9814
871.988 -0.86297
1781277525895
-493.223 4.7267
869.903 -1.41091
1781277525911
-490.319 3.64474
871.543 -1.87046
1781277525926
-492.632 2.94346
870.238 -2.52177
1781277525944
-491.38 2.42821
870.945 -2.275
1781277525952
-493.162 1.0926
869.937 -1.24824
1781277525964
-489.706 0.0522949
871.887 -0.401289
1781277525976
-490.845 1.1806
871.247 -1.79489
1781277525993
-489.165 1.79131
872.191 0.167362
1781277526009
-487.579 1.16852
873.079 2.81667
1781277526015
-485.2 -0.267731
874.403 1.12858
1781277526028
-488.944 -0.246692
872.315 1.76694
1781277526042
-487.723 -2.42101
872.998 1.45718
1781277526059
-491.667 -1.84075
870.783 0.659047
1781277526076
-489.059 -1.98639
872.251 0.238283
1781277526092
-491.252 -3.95966
871.017 0.542743
1781277526101
-487.92 -5.13748
872.888 0.690314
1781277526111
-491.23 -3.05229
871.03 0.275578
1781277526125
-489.359 -4.03296
872.082 -0.519385
1781277526142
-490.326 -4.04774
871.539 0.247539
1781277526158
-486.886 -3.49235
873.466 0.254096
1781277526166
-489.573 -2.58194
871.962 -1.0668
1781277526177
-488.771 0.253547
872.412 -1.56065
1781277526191
-490.329 -0.431971
871.537 -2.82045
1781277526209
-488.189 0.215411
872.738 -1.79947
1781277526226
-489.464 -0.200669
872.024 0.467311
1781277526232
-490.289 0.78136
871.56 -0.716941
1781277526244
-490.811 1.21728
871.266 -0.41293
1781277526261
-489.669 2.55533
871.908 0.0837596
1781277526275
-491.908 2.19294
870.647 1.18514
1781277526292
-491.709 1.90376
870.76 0.15274
1781277526309
-495.72 1.43346
868.482 0.463001
1781277526317
-493.394 1.00986
869.806 0.714041
1781277526329
-495.572 0.477425
868.567 -0.361214
1781277526344
-487.757 2.23315
872.979 1.60371
1781277526360
-491.526 0.957003
870.863 2.01872
1781277526375
-491.903 0.240195
870.65 1.36634
1781277526391
-495.152 -0.56547
868.806 0.96932
1781277526399
-491.621 -0.878772
870.809 -1.92141
1781277526410
-492.745 -1.11713
870.173 -1.329
1781277526427
-491.782 -0.564358
870.718 -1.25625
1781277526443
-491.921 1.3142
870.64 -2.93371
1781277526459
-489.441 1.77784
872.036 -3.72362
1781277526468
-491.553 0.469746
870.848 -4.59933
1781277526478
-489.328 0.703176
872.1 -5.20023
1781277526492
-491.902 -1.3089
870.651 -3.03566
1781277526511
-489.451 -3.43086
872.031 -0.730919
1781277526517
-491.908 -2.23437
870.647 0.154281
1781277526530
-488.608 -2.88775
872.503 1.30173
1781277526542
-491.933 -2.30807
870.633 2.52057
1781277526558
-489.557 -1.43413
871.971 2.35766
1781277526575
-490.541 -2.35408
871.418 0.706724
1781277526592
-489.46 -2.96212
872.026 -0.51873
1781277526600
-492.67 -1.13028
870.216 0.728259
1781277526610
-489.005 -3.28426
872.281 0.229885
1781277526626
-493.304 -1.47889
869.857 1.04202
1781277526643
-492.34 0.0711609
870.403 0.749105
1781277526660
-491.822 2.71408
870.696 3.82287
1781277526666
-489.835 3.896
871.815 2.37898
1781277526679
-491.801 3.53741
870.708 -0.0215199
1781277526693
-487.974 3.27716
872.858 -1.30713
1781277526709
-489.197 2.93241
872.173 -2.18722
1781277526726
-486.054 2.0481
873.929 -2.73051
1781277526742
-488.043 2.21566
872.82 -1.26879
1781277526750
-486.085 0.950985
873.911 -1.03634
1781277526760
-489.324 -0.0431145
872.102 -0.797303
1781277526775
-487.96 -1.11147
872.866 -0.147068
1781277526791
-490.304 -1.92051
871.551 -0.694685
1781277526808
-491.03 -0.23805
871.143 0.000375761
1781277526816
-494.234 0.533574
869.329 -0.598698
1781277526826
-493.755 0.0808449
869.601 -1.1545
1781277526843
-495.704 -1.26441
868.491 -0.226176
1781277526859
-490.702 -1.58235
871.327 0.183109
1781277526876
-492.518 -0.925575
870.302 1.28987
1781277526882
-491.733 0.536299
870.746 0.727701
1781277526894
-491.97 0.558581
870.612 1.39281
1781277526909
-489.243 1.01272
872.147 1.95949
1781277526926
-491.009 0.506746
871.155 2.87175
1781277526942
-491.292 -1.21651
870.995 2.33706
1781277526950
-493.223 -1.09212
869.903 2.59158
1781277526962
-490.591 0.439416
871.39 2.92386
1781277526975
-492.82 2.53903
870.131 1.33858
1781277526991
-490.385 0.189678
871.506 1.30644
1781277527008
-495.317 -0.768746
868.712 1.27036
1781277527024
-490.844 -0.468983
871.247 0.124108
1781277527032
-493.147 -0.00312769
869.946 -1.18657
1781277527043
-489.437 -0.803605
872.039 -3.38228
1781277527059
-492.058 -0.780019
870.562 -3.75155
1781277527076
-488.345 1.75916
872.651 -2.64515
1781277527093
-491.714 1.94388
870.757 -2.16229
1781277527100
-488.629 1.24305
872.492 -0.193242
1781277527111
-489.201 1.00292
872.171 -1.03535
1781277527125
-488.345 0.388628
872.651 -0.869625
1781277527142
-491.662 -1.93506
870.786 -0.00565873
1781277527158
-489.483 -0.652356
872.013 2.02456
1781277527166
-490.242 0.530529
871.586 1.53251
1781277527178
-489.893 -2.4235
871.782 1.68186
1781277527191
-492.881 -3.26515
870.097 2.40216
1781277527207
-488.937 -0.591716
872.319 0.457166
1781277527226
-492.416 -2.51405
870.36 0.202816
1781277527232
-489.363 -2.05751
872.08 -1.4849
1781277527248
-491.202 -0.773969
871.045 -0.394663
1781277527261
-489.743 -0.147868
871.867 -1.56003
1781277527275
-491.791 -0.219642
870.713 -1.56921
1781277527292
-488.053 -0.485226
872.814 -2.75486
1781277527308
-490.607 -0.322918
871.381 0.543431
1781277527316
-488.264 -1.14078
872.696 0.0473169
1781277527327
-490.426 0.00963509
871.483 -1.08511
1781277527341
-489.621 -0.937885
871.935 0.884732
1781277527358
-491.52 -0.538256
870.866 0.744547
1781277527374
-489.573 -1.53153
871.962 1.45688
1781277527383
-490.207 -1.92182
871.606 0.582444
1781277527395
-487.898 0.915195
872.9 0.177267
1781277527408
-488.888 1.14302
872.346 0.738008
1781277527426
-486.481 0.772593
873.691 0.733927
1781277527443
-488.587 2.41191
872.515 0.483397
1781277527459
-487.474 3.03346
873.137 -1.68981
1781277527467
-489.555 3.43521
871.972 -1.0982
1781277527478
-486.816 3.58625
873.504 -0.571274
1781277527492
-488.58 2.06375
872.519 -1.08851
1781277527509
-487.434 1.75006
873.16 -1.60619
1781277527517
-489.462 1.42529
872.025 -1.90076
1781277527529
-487.061 0.178534
873.368 -1.2968
1781277527546
-490.295 -1.02939
871.556 -1.30893
1781277527558
-488.866 -1.39713
872.359 -0.850966
1781277527574
-492.245 -1.63819
870.456 -0.441315
1781277527591
-491.067 0.126035
871.122 0.891477
1781277527599
-495.165 0.693297
868.799 1.55059
1781277527609
-491.653 -1.19249
870.791 1.40322
1781277527626
-492.605 0.319252
870.253 0.103966
1781277527642
-486.934 0.127427
873.439 0.269971
1781277527658
-489.884 -0.868259
871.788 -0.429182
1781277527675
-485.067 -2.07787
874.477 0.397819
1781277527681
-489.32 -0.297225
872.104 -0.282659
1781277527692
-488.312 0.854392
872.669 1.54937
1781277527708
-491.21 1.43087
871.041 3.63804
1781277527725
-489.097 1.76664
872.229 5.0807
1781277527741
-491.423 1.83645
870.921 3.73208
1781277527749
-491.788 0.83713
870.715 0.266692
1781277527759
-494.002 -1.45515
869.46 0.445928
1781277527774
-492.384 -1.70458
870.378 -0.453402
1781277527792
-493.808 -3.88842
869.571 -0.842002
1781277527809
-492.183 -2.76929
870.492 -0.330158
1781277527825
-492.691 -0.847309
870.204 -1.11088
1781277527831
-487.466 -1.02336
873.142 -0.734875
1781277527842
-488.399 1.59654
872.62 0.254501
1781277527858
-484.345 0.349321
874.877 1.47319
1781277527875
-488.803 1.01669
872.394 1.60208
1781277527883
-487.042 2.50927
873.378 1.65353
1781277527893
-488.823 3.07613
872.383 2.28048
1781277527908
-487.979 2.29743
872.855 2.13506
1781277527924
-489.998 2.44869
871.723 0.84543
1781277527941
-487.33 2.16959
873.218 0.823411
1781277527949
-490.613 1.86488
871.377 0.799473
1781277527961
-489.314 -0.176983
872.108 0.861839
1781277527976
-491.153 0.112944
871.073 -0.0213563
1781277527992
-491.375 1.30697
870.948 0.189075
1781277528009
-494.126 0.311488
869.39 1.25227
1781277528017
-487.949 0.513545
872.872 2.1939
1781277528029
-489.773 0.63475
871.85 2.83627
1781277528042
-487.176 0.0321017
873.304 1.0897
1781277528058
-487.763 -1.35997
872.976 0.902394
1781277528075
-485.687 -2.40165
874.133 -1.19153
1781277528091
-488.007 -2.22267
872.839 -2.02884
1781277528101
-486.769 -1.09692
873.531 -1.15524
1781277528114
-489.947 -2.72904
871.752 1.09816
1781277528126
-488.658 -3.03235
872.475 0.0820911
1781277528140
-492.163 -3.22811
870.503 -1.08274
1781277528159
-488.264 -1.35568
872.696 -0.651066
1781277528167
-491.313 -1.08589
870.983 -0.7793
1781277528177
-489.998 -0.203369
871.724 -1.98023
1781277528192
-492.369 0.548413
870.386 -1.94879
1781277528209
-490.731 1.25992
871.311 -1.99979
1781277528225
-491.166 0.326718
871.066 0.834545
1781277528241
-491.423 -0.666121
870.921 1.3443
1781277528249
-492.29 -0.164619
870.431 0.247945
1781277528260
-490.048 -1.05954
871.695 -0.436696
1781277528274
-490.837 0.523671
871.251 0.0613639
1781277528291
-486.723 1.62763
873.556 2.92549
1781277528309
-487.581 1.80483
873.078 0.370765
1781277528326
-486.051 0.528909
873.93 -0.252521
1781277528332
-488.216 0.941973
872.723 0.55131
1781277528342
-487.664 2.25982
873.031 -3.24544
1781277528359
-490.379 2.09461
871.509 -2.6258
1781277528375
-488.451 0.664878
872.591 -1.51551
1781277528381
-490.944 1.68411
871.191 -1.87926
1781277528394
-487.199 -1.22547
873.291 -1.22717
1781277528408
-490.147 -2.25845
871.639 -2.87192
1781277528425
-487.519 -1.61362
873.112 -2.3996
1781277528441
-489.82 -1.40982
871.824 -2.1391
1781277528449
-487.361 -2.19563
873.2 -0.304317
1781277528462
-490.296 2.4456
871.556 0.497283
1781277528476
-489.943 3.36932
871.754 -0.410198
1781277528492
-494.275 3.51571
869.306 0.98065
1781277528509
-493.517 4.45216
869.736 2.11665
1781277528526
-496.009 1.99966
868.317 -0.112875
1781277528542
-492.221 2.18292
870.47 0.599587
1781277528548
-491.687 1.14464
870.772 0.368886
1781277528560
-486.92 0.816951
873.446 1.89862
1781277528575
-489.241 -0.503223
872.149 0.73856
1781277528591
-486.522 -2.59129
873.668 0.799093
1781277528599
-485.677 -1.70091
874.138 0.392895
1781277528610
-483.11 -0.534008
875.559 0.940134
1781277528624
-485.321 -3.54177
874.336 0.101047
1781277528641
-485.299 -3.1284
874.348 -2.90891
1781277528659
-486.815 -1.19418
873.505 -0.609001
1781277528665
-482.176 2.76937
876.074 -0.426236
1781277528678
-477.779 8.83277
878.48 -1.3071
1781277528692
-470.541 20.797
882.378 -1.20922
1781277528709
-464.215 39.0003
885.722 -7.15139
1781277528725
-452.111 65.0859
891.961 -13.9351
1781277528742
-443.291 96.9055
896.377 -20.2663
1781277528748
-428.667 133.547
903.461 -30.3688
1781277528758
-416.92 173.47
908.941 -42.8608
1781277528775
-406.777 223.329
913.525 -58.3381
1781277528791
-395.691 276.449
918.379 -76.2757
1781277528807
-386.505 332.231
922.28 -96.2002
1781277528818
-374.887 390.807
927.061 -119.245
1781277528826
-368.737 454.737
929.52 -143.993
1781277528843
-360.698 522.186
932.664 -169.492
1781277528859
-356.686 593.103
934.201 -196.553
1781277528875
-351.87 662.269
936.019 -222.733
1781277528882
-350.93 732.775
936.364 -252.292
1781277528894
-347.077 806.911
937.791 -276.023
1781277528909
-350.945 882.338
936.34 -304.263
1781277528925
-351.258 956.755
936.212 -329.863
1781277528942
-352.543 1027.7
935.716 -362.692
1781277528958
-344.958 1102.69
938.526 -389.278
1781277528966
-344.699 1169.2
938.606 -425.858
1781277528977
-334.37 1241.01
942.319 -453.982
1781277528991
-329.355 1242.77
944.066 -467.088
1781277529007
-318.848 1323.95
947.655 -515.669
1781277529024
-318.025 1396.82
947.973 -570.98
1781277529042
-292.59 1466.36
956.119 -622.957
1781277529048
-289.878 1525.48
956.979 -684.253
1781277529059
-260.214 1583.13
965.46 -742.861
1781277529075
-251.977 1630.86
967.67 -813.625
1781277529092
-218.423 1676.05
975.787 -874.463
1781277529108
-209.248 1713.11
977.819 -944.217
1781277529114
-175.88 1750.59
984.365 -1004.05
1781277529127
-168.075 1779.62
985.747 -1079.23
1781277529141
-131.109 1806.69
991.339 -1147.05
1781277529158
-118.128 1824.62
992.983 -1226.27
1781277529334
-760.504 2458.78
1725.87 -1407.76
1781277529341
-639.675 2491.92
1674.98 -1423.91
1781277529358
-548.731 2533.25
1790.88 -1424.81
1781277529374
-437.412 2576.89
1730.91 -1418.03
1781277529391
-491.158 2602.03
1623.87 -1436.12
1781277529399
-520.902 2631.41
1520.35 -1445.79
1781277529409
-552.754 2666.25
1413.44 -1436.45
1781277529426
-596.343 2702.23
1314.2 -1430.63
1781277529442
-711.771 2720.78
1367.1 -1455.3
1781277529459
-729.55 2742.65
1275.55 -1463.64
1781277529475
-782.459 2783.23
1360.35 -1438.08
1781277529483
-911.127 2809.61
1398.05 -1432.51
1781277529492
-880.041 2835.48
1332.87 -1424.97
1781277529508
-999.12 2851.04
1371.62 -1428.52
1781277529525
-1050.32 2895.05
1457.99 -1394.98
1781277529531
-1080.59 2930.87
1345 -1375.73
1781277529543
-1146.17 2953.25
1420.58 -1374.56
1781277529557
-1263.9 2972.53
1452.38 -1361.93
1781277529574
-1206.35 3005.98
1407.7 -1325.65
1781277529592
-1341.51 3038.59
1420.84 -1298.27
1781277529598
-1367.62 3057.06
1289.57 -1304.04
1781277529611
-1380.24 3157.24
1173.86 -1303.32
1781277529625
-1402.27 3158.07
1049.28 -1289.57
1781277529642
-1424.78 3169.86
925.408 -1259.51
1781277529659
-1451.99 3173.78
794.88 -1247.56
1781277529664
-1475.16 3293.03
672.625 -1233.05
1781277529679
-1503.77 3276.13
538.796 -1213.98
1781277529691
-1528.76 3269.61
415.124 -1185.45
1781277529708
-1419.66 3270.07
391.56 -1158.41
1781277529724
-1446.37 3282.71
263.921 -1118.74
1781277529740
-1474.11 3294.52
127.479 -1100.8
1781277529749
-1364.99 3316.17
105.35 -1063.85
1781277529759
-1391.46 3340.19
-28.6929 -1037.79
1781277529775
-1417.26 3369.99
-160.44 -993.558
1781277529792
-1306.76 3399.02
-193.648 -976.307
1781277529808
-1331.81 3435.45
-322.365 -939.25
1781277529825
-1354.57 3465.71
-458.213 -909.799
1781277529833
-1243.47 3502.71
-484.846 -864.492
1781277529845
-1261.78 3537.8
-625.682 -840.35
1781277529860
-1282.97 3568.9
-757.996 -843.788
1781277529875
-1177.15 3587.12
-772.697 -884.188
1781277529891
-1212.76 3609.57
-885.457 -907.941
1781277529899
-1247.44 3839.98
-1002.75 -927.516
1781277529909
-1245.73 4015.72
-888.561 -927.101
1781277529924
-1269.93 4144.27
-1020.37 -930.386
1781277529942
-1401.88 4244.22
-1013.74 -898.229
1781277529948
-1286.65 4311.64
-1045.13 -851.441
1781277529963
-1409.24 4349.34
-1051.95 -809.049
1781277529975
-1424.53 4366.99
-1192.26 -781.305
1781277529992
-1417.66 4379.74
-1088.14 -718.575
1781277530008
-1425.87 4381.98
-1234.75 -632.371
1781277530025
-1536.29 4375.14
-1260.16 -508.898
1781277530034
-1392.98 4358.39
-1313.74 -348.302
1781277530044
-1214.54 4329
-1372.98 -186.182
1781277530058
-1030.9 4293.86
-1423.37 92.3748
1781277530075
-805.325 4239.66
-1484.4 389.175
1781277530093
-565.219 4163.4
-1526.59 686.428
1781277530109
-321.978 4072.13
-1542.37 985.799
1781277530126
-76.4241 3967.73
-1531.04 1253.04
1781277530132
158.688 3848.59
-1492.24 1517.43
1781277530143
391.361 3731.26
-1426.72 1739.65
1781277530159
603.354 3600.28
-1340.17 1967.93
1781277530175
768.419 3486.87
-1168.13 2145.73
1781277530182
899.03 3366.14
-995.946 2301.32
1781277530196
1008.21 3255.9
-820.165 2431.28
1781277530211
1092.41 3185.01
-650.322 2497.5
1781277530225
1152.58 3131.14
-497.999 2544.45
1781277530242
1199.09 3101.06
-356.821 2544.9
1781277530250
1234.19 3089.43
-234.734 2515.38
1781277530260
1263.6 3114.68
-125.723 2433.01
1781277530276
1126.82 3128.58
-52.837 2352.87
1781277530293
1160.8 3141.14
28.8523 2272.59
1781277530309
1033.83 3155.55
45.762 2174.77
1781277530317
962.903 3155.74
31.5092 2093.34
1781277530330
891.697 3145.27
22.8593 2004.95
1781277530342
806.15 3116.3
14.2014 1943.77
1781277530359
720.458 3086.98
12.2023 1876.27
1781277530375
634.785 3037.57
8.82219 1825.25
1781277530394
549.538 2999.3
-84.3287 1763.67
1781277530400
461.57 2944.17
-185.715 1713.57
1781277530414
372.168 2879.52
-282.988 1675.72
1781277530429
282.167 2823.87
-377.844 1622.47
1781277530443
188.182 2769.59
-472.857 1561.41
1781277530459
88.8466 2724.63
-566.286 1480.74
1781277530476
-18.6384 2581.87
-656.368 1372.29
1781277530482
-125.097 2525.35
-742.711 1365.36
1781277530492
-132.002 2453.19
-842.863 1375.35
1781277530509
-152.8 2378.53
-940.754 1375.51
1781277530526
-177.905 2225.67
-1037.89 1333.12
1781277530531
-196.197 2032.92
-1136.19 1240.69
1781277530544
-218.588 1807.07
-1233.78 1133.21
1781277530559
-232.925 1575.8
-1332.79 1002.06
1781277530575
-252.316 1340.19
-1430.91 873.137
1781277530591
-262.755 1118.55
-1530.6 738.189
1781277530600
-279.484 908.772
-1629.19 614.658
1781277530614
-286.562 721.672
-1729.4 495.539
1781277530629
-301.315 553.695
-1828.32 391.348
1781277530643
-305.803 410.135
-1928.89 296.677
1781277530660
-319.39 287.137
-2027.97 216.874
1781277530676
-322.089 186.269
-2128.74 148.114
1781277530682
-335.275 476.295
-2227.87 25.4175
1781277530692
-894.549 607.229
-2176.88 -199.977
1781277530708
-1315.56 576.497
-2071.32 -450.635
1781277530725
-1834.23 465.205
-1775.5 -641.648
1781277530741
-2162.43 336.353
-1536.63 -761.336
1781277530760
-2280.11 220.685
-1280.6 -820.981
1781277530766
-2323.71 109.559
-1119.49 -828.315
1781277530776
-2359.45 23.0426
-954.843 -836.447
1781277530791
-2433.7 -50.1896
-1036.73 -839.721
1781277530810
-2480.44 -108.826
-1176.48 -814.181
1781277530818
-2542.21 -141.072
-1277.86 -818.163
1781277530829
-2362.52 -145.509
-1453.56 -826.775
1781277530843
-2119.36 -139.344
-1676.75 -836.339
1781277530859
-1964.09 -126.337
-1999 -845.315
1781277530876
-1640.76 -111.639
-2183.19 -864.649
1781277530881
-1306.68 -93.5175
-2316.45 -880.659
1781277530896
-969.93 -80.314
-2435.57 -892.819
1781277530908
-656.812 -77.7506
-2500.69 -913.514
1781277530925
-354.482 -82.7625
-2526.47 -936.215
1781277530941
-83.8939 -95.369
-2517.24 -959.311
1781277530960
153.389 -112.324
-2482.95 -983.573
1781277530976
369.956 -141.056
-2430.26 -1009.49
1781277530982
550.131 -177.522
-2367.22 -1025.54
1781277530992
702.425 -224.73
-2298.81 -1042.32
1781277531010
830.042 -273.781
-2228.94 -1059.69
1781277531026
922.088 -318.772
-2166.49 -1073.52
1781277531032
1035.58 -369.951
-2089.18 -1085.41
1781277531045
1131.43 -426.719
-2014.06 -1094.11
1781277531061
1268.66 -477.384
-1896.51 -1104.68
1781277531075
1401.06 -528.142
-1769.94 -1112.76
1781277531094
1518.56 -574.97
-1642.15 -1117.24
1781277531100
1634.31 -630.362
-1501.45 -1122.48
1781277531112
1674.07 -673.006
-1432.55 -1125.94
1781277531127
1769 -727.536
-1289.08 -1124.88
1781277531143
1741.39 -784.669
-1291.73 -1125.71
1781277531159
1709.03 -844.804
-1308.93 -1127.07
1781277531176
1735.08 -903.048
-1252.73 -1124.72
1781277531182
1764.22 -956.683
-1189.9 -1123.86
1781277531193
1794.53 -1027.45
-1122.23 -1109.52
1781277531209
1844.04 -1092.14
-1016.93 -1107.94
1781277531225
1813.48 -1163.23
-1051.05 -1095.7
1781277531242
1699.63 -1226.12
-869.449 -1092.05
1781277531258
1598.34 -1301.07
-677.611 -1075.26
1781277531267
1493.26 -1356.6
-508.903 -1071.99
1781277531276
1393.85 -1419.49
-337.96 -1051.99
1781277531293
1292.92 -1414.35
-188.99 -993.72
1781277531309
1194.49 -1350.75
-54.3233 -920.907
1781277531326
1099.58 -1250.89
78.9197 -833.841
1781277531332
1007.1 -1124.77
204.413 -744.535
1781277531343
915.343 -991.365
327.134 -645.913
1781277531359
827.027 -852.021
437.616 -552.771
1781277531375
738.315 -719.084
545.105 -458.824
1781277531382
654.251 -591.769
641.977 -374.409
1781277531396
568.848 -477.21
735.696 -294.406
1781277531408
434.818 -373.625
666.851 -225.274
1781277531424
357.681 -284.389
755.214 -163.111
1781277531441
235.174 -207.477
681.3 -111.349
1781277531460
233.905 -143.773
743.725 -67.1766
1781277531476
244.312 -91.4424
799.147 -31.8952
1781277531482
203.276 -49.8883
696.98 -3.59047
1781277531492
213.973 -17.6738
754.981 17.7751
1781277531509
176.604 6.53221
654.206 33.4111
1781277531526
187.388 23.7297
714.581 44.0868
1781277531532
192.765 35.4834
773.137 50.4919
1781277531544
162.145 42.4041
669.76 53.6946
1781277531559
167.827 45.9843
730.625 54.0152
1781277531577
140.187 46.5297
628.877 52.5354
1781277531591
145.984 45.3052
691.863 49.341
1781277531599
153.714 42.4044
751.176 45.3732
1781277531612
125.272 121.954
648.56 -1033.61
1781277531624
32.944 363.222
721.769 -1793.47
1781277531643
-26.6316 543.401
780.941 -2293.69
1781277531659
-42.0134 598.883
836.27 -2611.68
1781277531665
-17.5319 464.775
890.286 -2793.9
1781277531680
60.8427 209.958
938.967 -2852.15
1781277531692
176.554 -137.533
973 -2786.06
1781277531709
330.612 -522.498
980.189 -2606.44
1781277531725
512.235 -887.073
948.209 -2319.38
1781277531742
706.228 -1176.82
867.777 -1960.02
1781277531750
890.235 -1376.67
740.406 -1572.47
1781277531760
1048.13 -1476.13
573.974 -1201.23
1781277531775
1229.39 -1482.66
406.979 -891.769
1781277531791
1374.91 -1453.37
235.881 -637.764
1781277531810
1493.83 -1406.36
59.2495 -403.331
1781277531816
1589.2 -1302.1
-135.943 -185.081
1781277531829
1655.9 -1226.67
-361.965 -57.4188
1781277531843
1715.12 -1153.26
-529.508 30.8667
1781277531859
1776.09 -1094.91
-660.715 86.7636
1781277531876
1686.14 -1047.75
-694.52 112.385
1781277531884
1766.4 -1004.53
-761.547 118.086
1781277531896
1703.44 -971.316
-727.13 97.3844
1781277531908
1640.71 -959.808
-654.478 64.3272
1781277531925
1585.65 -961.085
-557.25 5.78859
1781277531941
1550.03 -965.751
-432.661 -56.5139
1781277531958
1431.62 -978.377
-291.352 -120.988
1781277531966
1470.16 -990.638
-194.064 -172.983
1781277531981
1499.37 -1004.3
-114.897 -217.81
1781277531993
1522.67 -1013.14
-52.6928 -243.558
1781277532009
1542.29 -1022.62
-18.6308 -251.547
1781277532026
1560.26 -1031.26
-7.93313 -234.607
1781277532032
1577.04 -1036.57
-26.751 -208.977
1781277532044
1592.37 -1032.66
-57.4964 -166.841
1781277532059
1605.51 -1017.9
-101.764 -112.438
1781277532076
1615.2 -989.469
-161.917 -69.7208
1781277532092
1623 -956.742
-214.683 -26.2974
1781277532108
1630.26 -915.336
-256.246 7.61149
1781277532117
1638.42 -864.606
-283.463 36.8171
1781277532125
1647.1 -806.577
-302.371 55.7049
1781277532141
1656.99 -744.959
-310.854 68.2031
1781277532158
1670.67 -675.193
-295.505 79.856
1781277532176
1683.78 -597.474
-279.177 80.6251
1781277532182
1698.4 -511.107
-248.154 81.1679
1781277532193
1711.97 -422.693
-216.503 76.6788
1781277532209
1724.28 -332.36
-186.441 71.3355
1781277532226
1736.7 -232.739
-143.382 60.9562
1781277532242
1748.22 -131.933
-88.995 42.9831
1781277532250
1757.92 -41.0497
-11.8729 37.6693
1781277532260
1764.41 48.6792
47.906 40.7806
1781277532275
1769.13 132.725
97.2927 49.0599
1781277532291
1771.33 218.54
156.351 51.7382
1781277532308
1771.39 305.036
214.332 61.8929
1781277532316
1766.69 392.46
288.485 71.278
1781277532328
1760.82 472.757
351.636 80.4689
1781277532342
1757.38 547.362
393.087 96.3261
1781277532359
1747.35 618.799
455.587 111.636
1781277532375
1737.77 693.169
507.912 124.005
1781277532381
1723.11 721.303
570.055 132.478
1781277532394
1710.6 803.715
619.151 144.029
1781277532408
1696.63 877.284
667.597 157.329
1781277532425
1685.02 949.536
706.365 173.493
1781277532441
1670.48 1023.9
749.049 185.483
1781277532458
1659.72 1096.95
780.763 213.648
1781277532466
1643.84 1164.12
821.058 226.481
1781277532476
1484.22 1229.13
782.268 240.132
1781277532491
1479.22 1291.38
814.966 256.633
1781277532508
1470.25 1357.16
852.295 269.264
1781277532527
1462.5 1417.93
885.045 293.021
1781277532534
1311.8 1480.9
837.07 308.358
1781277532544
1310.41 1544.1
870.717 328.869
1781277532559
1305.91 1607.49
906.406 347.525
1781277532575
1303.09 1666.42
937.288 365.098
1781277532592
1168.26 1727.23
870.728 378.588
1781277532608
1173.2 1785.48
900.9 395.782
1781277532614
1046.76 1846.67
832.399 398.507
1781277532625
1060.54 1904.54
860.165 415.005
1781277532641
1067.18 1964.62
894.12 441.256
1781277532658
947.135 2017.62
823.029 461.046
1781277532674
958.667 2074.32
858.721 475.148
1781277532682
850.627 2134.09
781.053 474.089
1781277532693
872.153 2189.19
812.651 478.367
1781277532709
772.729 2247.29
732.327 469.4
1781277532726
684.992 2305.86
648.872 461.97
1781277532743
717.745 2366.87
683.83 446.051
1781277532749
633.815 2424.25
601.69 437.635
1781277532761
552.476 2481.02
525.344 410.301
1781277532776
477.837 2537.94
450.036 398.935
1781277532792
403.369 2480.11
382.258 391.007
1781277532809
331.2 2568.84
319.342 382.668
1781277532825
266.162 2650.8
255.89 373.02
1781277532835
256.477 2726.53
120.365 329.62
1781277532844
247.56 2792.33
-13.0569 323.498
1781277532854
236.766 2854.1
-136.606 302.673
1781277532873
224.094 2788.69
-255.371 288.46
1781277532883
267.772 2879.96
-320.509 278.137
1781277532895
309.513 2960.05
-382.076 259.918
1781277532909
345.473 3033.35
-443.354 226.672
1781277532926
374.639 3098.48
-505.114 221.476
1781277532942
403.71 3154.58
-562.462 211.019
1781277532959
429.092 3202.48
-618.327 124.715
1781277532965
433.874 3232.87
-683.855 -15.3396
1781277532978
419.789 3127.1
-755.461 -119.247
1781277532992
408.963 2924.88
-819.602 -213.466
1781277533008
414.715 2982.08
-927.423 -548.804
1781277533025
318.627 2984.79
-1069.25 -880.933
1781277533033
135.208 2835.96
-1209.55 -1126.56
1781277533043
114.652 2740.08
-1312 -1502.29
1781277533060
-149.081 2595.88
-1407.3 -1830.1
1781277533076
-354.419 2420.31
-1473.05 -2111.42
1781277533093
-630.992 2246.81
-1487.28 -2316.94
1781277533109
-794.483 2122.34
-1520.43 -2428.77
1781277533115
-1010.87 2059.4
-1508.39 -2468.83
1781277533126
-1102.41 2071.06
-1566.78 -2436.16
1781277533142
-1227.84 1946.95
-1598.79 -2363.12
1781277533159
-1311.7 1736.5
-1660.15 -2252.38
1781277533175
-1502.82 1508.72
-1629.35 -2085.39
1781277533183
-1564.93 1825.53
-1707.81 -2002.82
1781277533193
-1493.34 2119.47
-1897.34 -1840.02
1781277533208
-1394.5 2338.17
-2091.57 -1663.89
1781277533227
-1315.06 2494.45
-2259.27 -1479.69
1781277533241
-1100.95 2591.07
-2291.99 -1310.65
1781277533249
-1069.9 2631.51
-2416.11 -1177.11
1781277533261
-952.788 2625.73
-2387.85 -1097.4
1781277533276
-1025.74 2585.48
-2465.94 -1051.39
1781277533292
-1001.54 2527.47
-2398.63 -1013.38
1781277533309
-1133.92 2391
-2449.63 -937.845
1781277533315
-1094.83 2198.6
-2388.96 -845.273
1781277533329
-1083.79 1972.59
-2315.27 -742.806
1781277533342
-1135.95 1730.38
-2401.21 -637.017
1781277533358
-1107 1789.55
-2335.89 -806.82
1781277533375
-1453.14 1794.96
-2257.54 -978.14
1781277533393
-1617.76 1711.44
-2052.43 -1084.17
1781277533399
-1904.9 1704.99
-1932.68 -1200.36
1781277533410
-1945.07 1709.24
-1788.28 -1276.5
1781277533426
-1992.99 1737.13
-1623.9 -1280.52
1781277533442
-2054.71 1751.87
-1706.28 -1265.13
1781277533460
-2041.04 1681.04
-1609.92 -1224.87
1781277533465
-2116.08 1710.81
-1676.1 -1161.19
1781277533478
-2045.09 1739.21
-1650.92 -1080.54
1781277533492
-2020.45 1697.62
-1833.32 -967.81
1781277533509
-1942.32 1715.1
-1813.58 -889.463
1781277533525
-1861.95 1722.26
-2034.34 -803.896
1781277533531
-1782.42 1701.56
-2008.04 -751.164
1781277533543
-1750.67 1661.94
-1941.22 -722.281
1781277533558
-1740.12 1597.97
-2083.23 -718.079
1781277533574
-1785.47 1517.38
-1947.18 -738.399
1781277533591
-1923.95 1434.24
-1953.46 -753.477
1781277533599
-1948.59 1352.36
-1825.81 -770.204
1781277533611
-2094.81 1276.06
-1812.73 -773.941
1781277533626
-2099.95 1212.38
-1695.12 -757.251
1781277533643
-2215.96 1148.27
-1709.44 -744.032
1781277533659
-2197.86 1092.9
-1614.65 -714.105
1781277533667
-2148.87 1034.58
-1560.54 -691.742
1781277533679
-2243.72 949.527
-1599.87 -651.721
1781277533693
-2200.51 909.107
-1537.19 -612.481
1781277533708
-2257.28 875.503
-1629.9 -560.648
1781277533725
-2146.13 817.504
-1659.27 -499.47
1781277533741
-2172.7 743.024
-1786.31 -434.946
1781277533749
-2068.57 706.022
-1798.84 -406.003
1781277533759
-1975.77 652.927
-1795.7 -366.822
1781277533776
-2006.79 588.315
-1909.16 -324.411
1781277533792
-1917.14 537.291
-1898.97 -321.113
1781277533809
-2027.77 479.676
-1928.55 -310.401
1781277533817
-2011.48 420.944
-1841.31 -294.16
1781277533827
-2001.13 358.148
-1745.69 -273.721
1781277533842
-2135.57 296.851
-1741.39 -246.414
1781277533859
-2127.18 241.459
-1636.96 -214.554
1781277533875
-2240.87 190.798
-1652.23 -176.75
1781277533892
-2206.55 138.902
-1577.94 -136.568
1781277533900
-2310.23 92.4438
-1604.41 -105.229
1781277533910
-2277.45 54.8598
-1525.71 -72.8972
1781277533924
-2227.61 25.239
-1471.66 -45.8965
1781277533943
-2317.92 -7.92226
-1516.32 -20.0049
1781277533959
-2228.34 -34.4271
-1521.8 -4.00415
1781277533965
-2269.11 -54.5615
-1637.74 9.05072
1781277533977
-2168.85 -71.1127
-1653.01 19.1758
1781277533992
-2082.27 -85.9922
-1648.04 26.398
1781277534009
-2134.34 -94.5425
-1742.87 27.9705
1781277534025
-2067.45 -96.1217
-1711.75 31.256
1781277534033
-2139.09 -95.7967
-1782.01 30.6178
1781277534044
-2091.08 -88.7386
-1728.01 32.3876
1781277534058
-2035.55 -81.4603
-1683.07 29.8752
1781277534074
-2115.34 -73.0416
-1743.5 26.7787
1781277534091
-2062.07 -61.576
-1695.83 24.0694
1781277534109
-2145.46 -50.8289
-1751.84 21.0348
1781277534118
-2095.1 -43.6616
-1700.55 16.2943
1781277534128
-2177.21 -34.6654
-1758.06 13.8505
1781277534138
-2129.8 -28.8045
-1703.02 14.9874
1781277534152
-2080.67 -23.4368
-1650.06 15.1666
1781277534169
-2165.2 -14.4276
-1704.38 13.1284
1781277534179
-2105.44 -10.4822
-1664.8 8.695
1781277534194
-2183.07 -7.68748
-1727.85 8.08203
1781277534210
-2125.33 -4.21221
-1685.7 6.2038
1781277534226
-2072.31 -1.01125
-1637.61 3.83729
1781277534241
-2147.02 3.89937
-1704.34 3.93434
1781277534259
-2092.25 3.03175
-1658.45 2.41106
1781277534265
-2171.41 2.19313
-1719.56 1.12986
1781277534278
-2116.14 1.56218
-1674.31 -3.73528
1781277534292
-2197.05 0.945307
-1733.21 -7.24872
1781277534309
-2143.14 3.22421
-1686.21 -6.25291
1781277534315
-2092.53 3.76577
-1634.99 -6.73572
1781277534329
-2176.5 3.93565
-1689.92 -6.89993
1781277534342
-2124.66 3.82256
-1640.21 -6.82305
1781277534361
-2208.18 4.75397
-1695.64 -4.18729
1781277534377
-2147.99 5.50494
-1656.73 -5.34632
1781277534383
-2087.89 4.98679
-1617.69 -3.75293
1781277534397
-2159.98 4.32491
-1687.88 -2.49519
1781277534412
-2097.77 4.84241
-1651.47 -3.69072
1781277534426
-2167.9 4.61332
-1723.98 -2.22055
1781277534443
-2112.21 1.19576
-1679.26 -0.859206
1781277534459
-2185.28 1.13802
-1748.02 -1.12896
1781277534465
-2129.38 2.60354
-1703.55 1.06254
1781277534477
-2076.87 -0.859615
-1654.83 0.130262
1781277534492
-2155.67 -3.46492
-1716.41 -0.62517
1781277534508
-2100.19 -0.421785
-1671.41 0.86709
1781277534525
-2185.85 1.77039
-1724.33 1.85429
1781277534541
-2136.05 -1.91649
-1672.1 2.68745
1781277534558
-2079.81 -4.64781
-1628.07 3.13638
1781277534566
-2158.69 -3.42348
-1689.53 5.95376
1781277534576
-2100.83 -2.62023
-1647.56 4.89961
1781277534593
-2188.65 1.15551
-1697.57 5.69257
1781277534599
-2130.82 4.03411
-1655.58 5.22758
1781277534611
-2208.1 5.92398
-1719.1 4.62371
1781277534628
-2150.42 7.00791
-1676.91 3.93621
1781277534642
-2093.05 4.89717
-1634.33 7.91225
1781277534659
-2170.81 3.0668
-1697.23 10.4811
1781277534675
-2113.66 2.5141
-1654.35 5.12149
1781277534681
-2191.15 1.93398
-1717.59 0.901714
1781277534693
-2133.86 1.75086
-1674.89 0.64423
1781277534710
-2074.4 1.89781
-1634.96 -2.44977
1781277534724
-2155.98 0.211251
-1692.98 -5.14531
1781277534741
-2100.45 -1.16224
-1648.05 -9.50528
1781277534759
-2176.64 -2.20132
-1712.94 -12.4272
1781277534765
-2118.34 -5.6939
-1671.52 -11.2101
1781277534778
-2203.43 -8.13423
-1725.08 -9.92332
1781277534792
-2152.76 -6.99819
-1673.91 -7.36238
1781277534809
-2093.53 -5.97772
-1633.72 -5.25047
1781277534825
-2169.86 -5.76386
-1698.44 -3.31296
1781277534831
-2110.7 -3.29795
-1658.12 -4.01518
1781277534842
-2183.77 -1.29241
-1726.97 -4.60073
1781277534858
-2125.42 -2.16429
-1685.6 -3.22612
1781277534877
-2072.96 -0.612276
-1636.78 -1.32076
1781277534893
-2152.02 0.0973519
-1698.02 1.73556
1781277534899
-2092.48 0.526164
-1658.15 3.863
1781277534910
-2167.64 1.28481
-1724.31 3.48843
1781277534924
-2115.06 0.807549
-1675.66 5.20167
1781277534942
-2195.93 0.346902
-1734.62 6.20384
1781277534959
-2141.97 -2.25299
-1687.7 5.62546
1781277534975
-2085.41 -2.37251
-1644.07 4.31756
1781277534981
-2159.01 -0.323144
-1712.21 4.37756
1781277534992
-2102.68 1.1198
-1668.29 4.18852
1781277535009
-2180.63 1.4482
-1730.93 2.64771
1781277535025
-2128.7 1.62211
-1681.45 -0.834355
1781277535031
-2075.86 1.27978
-1633.09 -3.43764
1781277535045
-2150.11 2.69563
-1700.44 -4.47638
1781277535060
-2093.69 3.97261
-1656.62 -1.4519
1781277535074
-2172.73 2.39126
-1717.89 -0.402384
1781277535090
-2108.69 1.04148
-1683.67 0.312813
1781277535109
-2179.46 -1.46529
-1755.27 2.15337
1781277535115
-2127.84 -3.33795
-1705.47 3.37149
1781277535126
-2075.36 -4.67078
-1656.73 4.08213
1781277535142
-2156.37 -5.55319
-1715.53 4.39063
1781277535158
-2102.9 -6.07311
-1668.01 4.38676
1781277535175
-2183.47 -4.3638
-1727.34 4.66405
1781277535181
-2130.49 -3.22335
-1679.18 3.1205
1781277535193
-2079.1 -2.52858
-1628.98 4.06357
1781277535208
-2150.13 -0.240052
-1700.41 4.79715
1781277535225
-2088.8 1.37222
-1662.79 5.09916
1781277535241
-2162.19 3.98758
-1731.14 -1.31987
1781277535249
-2108.65 2.02261
-1683.72 -2.17095
1781277535261
-2185.87 0.413319
-1747.28 -2.7822
1781277535276
-2129.2 3.75878
-1703.78 -2.6844
1781277535292
-2074.09 1.24051
-1658.32 -2.75431
1781277535309
-2158.82 -0.748617
-1712.45 -2.75048
1781277535325
-2108.47 -1.11559
-1660.96 -6.53104
1781277535331
-2181.79 -1.40638
-1729.46 -9.13845
1781277535342
-2121.42 -0.708997
-1690.63 -8.28931
1781277535358
-2069.79 -0.247423
-1640.79 -7.41058
1781277535375
-2151.97 0.729736
-1698.09 -7.10168
1781277535385
-2089.23 1.34216
-1662.25 -6.66039
1781277535397
-2161.41 2.93832
-1732.11 -0.43986
1781277535410
-2104.55 4.74151
-1688.85 0.079501
1781277535424
-2180.37 4.64708
-1754.14 1.34693
1781277535443
-2127.55 4.31791
-1705.83 2.16373
1781277535459
-2074.13 4.90458
-1658.27 -0.0593827
1781277535475
-2160.95 3.98532
-1709.76 4.06959
1781277535482
-2104.54 3.46204
-1665.94 5.52724
1781277535492
-2190.15 3.0702
-1718.86 6.57745
1781277535508
-2134.58 2.58024
-1673.98 7.0342
1781277535525
-2079.08 4.26813
-1628.99 4.19896
1781277535541
-2152.62 3.8373
-1697.26 0.192125
1781277535560
-2092.37 3.30358
-1658.3 -2.84086
1781277535566
-2166.96 3.58713
-1725.17 -2.05696
1781277535576
-2110.94 2.34875
-1680.85 1.2033
1781277535593
-2187.91 1.25975
-1744.72 3.4998
1781277535609
-2130.92 0.320672
-1701.62 4.99375
1781277535615
-2074.06 2.50089
-1658.36 4.53215
1781277535630
-2155.15 0.977918
-1717.07 4.77238
1781277535642
-2098.55 -0.219317
-1673.47 2.88976
1781277535659
-2175.48 -2.73897
-1737.4 -0.297554
1781277535675
-2118.16 -2.75949
-1694.71 -2.21391
1781277535681
-2066.87 -2.57158
-1644.47 -3.53128
1781277535694
-2153.09 -0.618013
-1696.66 -0.396853
1781277535708
-2099.55 0.772927
-1649.2 1.86428
1781277535724
-2180.66 0.0567373
-1707.82 -0.0254201
1781277535741
-2126.56 -1.06172
-1661.05 -0.370872
1781277535749
-2204.39 -1.00758
-1723.86 -1.92345
1781277535761
-2141.97 -0.187862
-1687.7 -0.848839
1781277535776
-2082.36 -0.543598
-1647.92 0.471815
1781277535792
-2158.94 -0.281925
-1712.3 0.366607
1781277535809
-2100.69 -1.74072
-1670.79 -1.7451
1781277535825
-2181.42 -1.20369
-1729.93 -1.56112
1781277535831
-2122.94 -0.844599
-1688.71 -1.43088
1781277535844
-2064.85 -0.0937863
-1647 -2.10705
1781277535858
-2141.48 -1.47517
-1711.29 -1.85777
1781277535875
-2081.7 -2.29832
-1671.67 -2.76856
1781277535885
-2159.16 -1.30137
-1734.92 -4.54782
1781277535895
-2102.57 -2.87891
-1691.31 -4.1624
1781277535910
-2179.36 -4.01404
-1755.38 -3.78457
1781277535924
-2122.64 -4.78176
-1711.93 -3.42908
1781277535940
-2065.99 -0.765578
-1668.4 -0.93361
1781277535959
-2145.63 -1.90777
-1728.94 -2.50613
1781277535975
-2092.62 -0.100929
-1680.89 -3.31791
1781277535982
-2177.91 -3.49428
-1734.35 -4.03735
1781277535992
-2118.49 -4.65412
-1694.29 -1.75594
1781277536008
-2055.02 -3.18305
-1659.24 2.75303
1781277536025
-2139.29 -2.18525
-1714.02 3.13877
1781277536033
-2082.46 -1.9225
-1670.72 2.00653
1781277536047
-2163.24 1.37857
-1729.82 -0.929553
1781277536058
-2107.28 2.1502
-1685.44 0.586908
1781277536074
-2193.96 0.886187
-1737.11 1.77356
1781277536091
-2146.21 -0.156698
-1682.3 2.52376
1781277536107
-2097.18 1.47477
-1629.02 -0.0535214
1781277536115
-2176.02 1.59888
-1690.54 0.189462
1781277536130
-2117.92 3.86185
-1648.9 0.797915
1781277536142
-2194.37 5.40828
-1713.47 1.42314
1781277536159
-2140.15 6.25967
-1666.85 1.76069
1781277536175
-2085.7 4.76309
-1620.51 0.432645
1781277536192
-2161.53 2.73479
-1685.89 -0.724638
1781277536198
-2097.68 2.35947
-1651.57 -0.207764
1781277536208
-2174.56 2.16524
-1715.57 2.53003
1781277536225
-2115.55 1.84814
-1675.04 4.38903
1781277536241
-2191.2 0.951324
-1740.58 4.23249
1781277536247
-2129.55 -1.23578
-1703.33 2.94883
1781277536262
-2070.66 -2.883
-1662.6 1.81561
1781277536274
-2145.62 -4.0661
-1728.96 0.839819
1781277536292
-2087.21 -4.864
-1687.6 0.0162328
1781277536309
-2162.2 -5.33756
-1753.89 -1.26206
1781277536326
-2109.07 -5.56771
-1706 -2.22407
1781277536332
-2055.33 -8.27764
-1658.86 -2.10183
1781277536342
-2132.63 -5.43381
-1722.31 -1.20234
1781277536359
-2083.38 -4.02042
-1669.57 -2.20033
1781277536375
-2164.87 -0.390368
-1727.79 -0.242466
1781277536392
-2112.3 2.29957
-1679.14 2.00006
1781277536408
-2194.15 1.21568
-1736.87 1.84692
1781277536416
-2138.81 4.14246
-1691.69 -1.5939
1781277536426
-2084.67 3.32123
-1645 -2.58969
1781277536441
-2163.7 2.50616
-1706.28 -3.28887
1781277536457
-2108.18 2.25377
-1661.33 -2.33909
1781277536476
-2190.55 1.90186
-1718.36 -1.61122
1781277536492
-2137.73 1.48615
-1669.95 -1.07709
1781277536498
-2084.48 3.47294
-1622.08 1.38521
1781277536505
-2166.33 1.87737
-1679.72 4.86068
1781277536519
-2111.92 -0.322912
-1633.32 3.15832
1781277536531
-2185.7 -1.06767
-1701.36 4.7865
1781277536546
-2130.97 -0.677298
-1655.39 4.14924
1781277536558
-2202.78 2.21113
-1725.92 1.11319
1781277536575
-2137.2 4.19867
-1693.73 -1.21447
1781277536591
-2073.12 5.44074
-1659.53 -2.93583
1781277536607
-2143.59 7.79506
-1731.48 -1.90487
1781277536616
-2090.41 5.04032
-1683.64 -1.45885
1781277536626
-2168.81 4.65047
-1745.71 -2.17897
1781277536640
-2115.45 3.33055
-1698.08 0.359716
1781277536659
-2055.81 2.62785
-1658.26 -1.73662
1781277536675
-2133.62 1.92939
-1721.08 -3.28193
1781277536683
-2077.83 2.06803
-1676.48 -2.95171
1781277536694
-2157.7 -1.81064
-1736.73 -1.74184
1781277536710
-2107.26 -3.33946
-1685.46 -0.823012
1781277536725
-2195.68 -6.04971
-1734.93 -2.68873
1781277536741
-2139.83 -5.44906
-1690.4 0.130144
1781277536747
-2082.79 -4.29807
-1647.38 -1.64909
1781277536762
-2161.41 -1.473
-1709.18 -0.733714
1781277536774
-2111.45 -0.974624
-1657.17 -3.41222
1781277536791
-2184.83 1.10929
-1725.62 -4.17298
1781277536809
-2129.6 -1.55226
-1680.3 -5.19729
1781277536826
-2077.34 -2.51919
-1631.21 -2.71935
1781277536832
-2156.88 -0.711004
-1691.84 1.12293
1781277536842
-2100.12 1.99059
-1648.46 0.704352
1781277536859
-2178.36 4.2427
-1710.75 2.39255
1781277536875
-2123.24 3.03706
-1665.28 0.829751
1781277536883
-2201.74 -0.388398
-1727.23 1.28682
1781277536898
-2144.07 -1.57676
-1685.02 -0.782798
1781277536910
-2093.34 1.28712
-1633.95 0.416376
1781277536925
-2171.7 -0.30648
-1696.08 -0.154361
1781277536941
-2110.21 -2.00985
-1658.74 -1.04941
1781277536958
-2191.54 0.433317
-1717.09 1.7465
1781277536966
-2131.2 2.70117
-1678.28 1.46438
1781277536978
-2073.34 2.04563
-1636.29 1.4686
1781277536991
-2151.05 3.42278
-1699.24 1.25933
1781277537009
-2094.85 1.16783
-1655.16 1.74917
1781277537025
-2183.94 1.48687
-1703.62 0.689331
1781277537042
-2125.09 -1.92413
-1662.92 2.27452
1781277537048
-2196.21 -0.590546
-1734.26 5.01745
1781277537058
-2135.51 1.20146
-1695.86 4.69626
1781277537075
-2074.91 1.22335
-1657.29 6.20924
1781277537092
-2151.07 -2.62378
-1722.17 2.44205
1781277537108
-2089.93 -5.43113
-1684.23 -0.519346
1781277537114
-2162.69 -3.87871
-1753.29 -0.632652
1781277537126
-2107.69 -2.66599
-1707.7 -0.760237
1781277537141
-2052.37 -5.43759
-1662.52 -2.978
1781277537157
-2145.86 -5.41418
-1705.79 -5.86139
1781277537176
-2093.1 -2.94756
-1657.37 -3.03864
1781277537182
-2165.08 -1.19499
-1727.52 -1.39291
1781277537194
-2113.42 0.363234
-1677.74 0.16726
1781277537209
-2185.23 1.41112
-1748.08 1.25668
1781277537225
-2123.88 0.647414
-1710.4 2.19547
1781277537242
-2071.67 1.49239
-1661.34 1.97762
1781277537258
-2148.26 0.849789
-1725.68 3.32149
1781277537266
-2096.64 -1.13315
-1675.87 1.27573
1781277537275
-2181.76 -0.944406
-1729.5 -0.754335
1781277537291
-2127.68 1.10412
-1682.74 -3.08528
1781277537307
-2073.14 2.91684
-1636.55 1.42642
1781277537324
-2150.24 1.14071
-1700.27 -2.09266
1781277537332
-2091.54 2.74794
-1659.34 -0.125715
1781277537345
-2166.86 3.40669
-1725.29 -0.44028
1781277537359
-2110.25 3.67935
-1681.71 -0.721399
1781277537375
-2187.77 0.441644
-1744.9 -2.17687
1781277537392
-2129.12 -2.04707
-1703.88 -3.24273
1781277537409
-2070.9 -0.211507
-1662.3 -2.04849
1781277537417
-2151.59 -1.27995
-1721.52 -1.5898
1781277537427
-2095.68 -2.75445
-1677.07 -0.12582
1781277537441
-2167.41 -4.46741
-1747.45 -0.35672
1781277537458
-2117.01 -3.71162
-1696.14 3.2263
1781277537464
-2064.44 -2.59117
-1647.51 1.3197
1781277537479
-2160.47 -1.77042
-1687.25 -0.214806
1781277537491
-2119.39 -1.62552
-1623.62 1.70203
1781277537507
-2195.42 -0.695774
-1688.8 -0.362355
1781277537526
-2131.14 -0.053058
-1655.16 -1.9327
1781277537542
-2203.42 0.351196
-1725.09 -3.07876
1781277537548
-2141.57 1.54111
-1688.2 -4.44743
1781277537559
-2081.2 2.2852
-1649.39 -5.34758
1781277537575
-2155.6 3.37137
-1716.5 -0.282311
1781277537592
-2098.68 5.99609
-1673.31 2.96655
1781277537608
-2180.23 5.05126
-1731.43 0.368098
1781277537616
-2124.99 7.19058
-1686.14 0.59472
1781277537627
-2068.23 8.41259
-1642.74 0.676728
1781277537643
-2145.75 5.14507
-1705.93 -2.50352
1781277537657
-2090.96 2.4485
-1660.06 -4.81931
1781277537674
-2170.24 0.0742
-1721.03 -1.97564
1781277537682
-2109.3 -0.580823
-1682.91 -2.73465
1781277537695
-2180.74 -1.14723
-1753.67 -2.64576
1781277537709
-2127.41 -4.24717
-1706.01 -0.442668
1781277537725
-2087.27 -6.42705
-1641.7 1.18191
1781277537742
-2179.89 -3.49191
-1685.55 0.833181
1781277537758
-2121.53 -7.62617
-1644.24 2.18104
1781277537775
-2193.8 -7.12329
-1714.2 2.14814
1781277537781
-2139.01 -7.55633
-1668.31 1.78349
1781277537791
-2080.75 -6.29101
-1626.86 2.411
1781277537808
-2157.38 -3.51688
-1691.2 2.32621
1781277537824
-2099.67 -0.701224
-1649.03 4.03687
1781277537830
-2171.61 1.39875
-1719.3 3.69196
1781277537843
-2115.79 1.13557
-1674.74 0.473407
1781277537857
-2195.36 -0.166366
-1735.33 -0.04977
1781277537876
-2136.51 1.93778
-1694.6 3.08833
1781277537892
-2082.43 2.41134
-1647.83 2.61251
1781277537898
-2155.85 1.25458
-1716.19 -0.0846661
1781277537911
-2103.27 1.41587
-1667.54 -0.939247
1781277537928
-2184.28 0.416503
-1726.32 -3.10841
1781277537938
-2127.44 -0.419805
-1683.04 -4.65829
1781277537953
-2070.72 -1.92595
-1639.6 -4.50294
1781277537968
-2149.27 -3.04399
-1701.5 -4.27789
1781277537980
-2093.37 -3.8354
-1657.03 -4.01248
1781277537995
-2171.85 -2.16738
-1719.01 -2.57929
1781277538009
-2116.11 0.502628
-1674.34 -2.25027
1781277538025
-2197.31 1.85969
-1732.86 4.06851
1781277538042
-2138.98 5.80713
-1691.47 5.12206
1781277538048
-2081.44 6.23715
-1649.08 5.30675
1781277538060
-2160.51 3.81407
-1710.31 4.328
1781277538075
-2101.47 1.79632
-1669.81 3.36758
1781277538091
-2176.96 0.507528
-1735.53 0.311597
1781277538107
-2122.47 -1.16079
-1689.3 1.70338
1781277538116
-2064.31 -2.43277
-1647.67 2.59772
1781277538130
-2140.34 -3.3677
-1712.71 -1.94102
1781277538144
-2078.84 -2.15432
-1675.23 -0.289025
1781277538159
-2165.33 -1.07378
-1727.21 -0.154172
1781277538175
-2111.13 1.1354
-1680.61 -2.6654
1781277538192
-2196.55 1.08041
-1733.83 -1.41165
1781277538198
-2149.65 1.63062
-1677.89 -2.0126
1781277538210
-2091.95 1.097
-1635.73 -2.92568
1781277538225
-2163.19 -1.41984
-1706.92 -0.789923
1781277538241
-2109.52 1.40875
-1659.63 -2.0523
1781277538258
-2176.38 1.00153
-1736.26 -1.89881
1781277538266
-2120.1 -0.619294
-1692.27 -1.85935
1781277538276
-2064.98 -0.39699
-1646.83 -2.37141
1781277538291
-2139.56 1.93294
-1713.69 1.32925
1781277538309
-2085.27 2.27379
-1667.21 1.13471
1781277538326
-2163.33 -1.88894
-1729.72 0.0411437
1781277538342
-2100.54 -3.98045
-1693.83 1.23595
1781277538348
-2179.22 -2.42599
-1755.56 -0.0913263
1781277538358
-2120.15 -0.0654531
-1715.02 1.25036
1781277538375
-2065.32 -0.544485
-1669.23 2.83614
1781277538392
-2135.47 2.84337
-1741.47 2.58761
1781277538398
-2089.06 5.1535
-1685.31 2.21257
1781277538410
-2174.81 6.30643
-1738.23 0.566387
1781277538426
-2118.61 6.16288
-1694.13 2.59858
1781277538441
-2068.33 4.98539
-1642.61 4.07527
1781277538457
-2146.92 3.84547
-1704.45 4.94627
1781277538474
-2091.35 2.77402
-1659.58 5.33419
1781277538482
-2170.13 0.571329
-1721.17 3.06009
1781277538494
-2108.67 0.0580633
-1683.69 3.7673
1781277538509
-2187.13 1.2361
-1745.69 0.0107922
1781277538525
-2131.72 1.97414
-1700.61 -2.83162
1781277538542
-2076.25 2.36107
-1655.62 -4.8878
1781277538558
-2154.76 -0.949803
-1717.55 -3.78287
1781277538564
-2105.19 -3.43753
-1665.11 -2.8689
1781277538577
-2189.36 -9.10973
-1719.87 -1.27434
1781277538591
-2134.46 -19.9452
-1674.12 -0.541179
1781277538608
-2071.76 -27.2675
-1638.3 -0.103392
1781277538616
-2144.41 -50.902
-1707.62 -1.82519
1781277538626
-2075.81 -80.7698
-1678.97 -0.517377
1781277538643
-2135.69 -99.8235
-1763.72 -0.0662382
1781277538659
-2064.99 -150.359
-1736.98 3.50709
1781277538676
-2124.38 -202.824
-1821.53 7.56088
1781277538692
-2060.72 -233.886
-1785.96 9.82885
1781277538698
-1998.23 -314.418
-1748.94 15.5631
1781277538711
-2063.95 -402.741
-1825.62 14.9692
1781277538725
-2003.18 -452.585
-1786.44 13.7406
1781277538742
-1943.55 -560.615
-1745.94 17.4504
1781277538758
-2016.05 -671.505
-1814.81 21.6128
1781277538774
-1966.14 -772.145
-1763.41 30.6824
1781277538780
-2039.59 -816.801
-1831.21 37.4379
1781277538791
-1986.47 -914.352
-1783.4 42.2494
1781277538809
-1918.98 -951.348
-1751.42 43.9859
1781277538826
-1980.97 -1055.88
-1831.7 42.2154
1781277538832
-1896.19 -1153.98
-1817.42 40.6722
1781277538843
-1768.07 -1246.39
-1845.48 40.4707
1781277538859
-1887.16 -1335.12
-1868.75 43.6174
1781277538875
-1769.92 -1422.28
-1881.94 38.7265
1781277538892
-1699.1 -1501.42
-1850.2 34.8977
1781277538908
-1689.37 -1573.23
-1992.81 24.9097
1781277538917
-1694.78 -1642.46
-1893.96 18.0501
1781277538929
-1568.92 -1708.67
-1905.99 11.2643
1781277538945
-1549.65 -1773.38
-2049.11 9.30782
1781277538958
-1565.05 -1838.28
-1947.41 -1.84154
1781277538974
-1536.49 -1815.59
-2093.11 -9.75462
1781277538991
-1403.44 -1894.48
-2082.16 -26.9615
1781277538999
-1352.63 -1969.86
-2030.2 -44.8701
1781277539009
-1314.21 -1949.64
-2173.23 -61.4524
1781277539026
-1272.09 -2047.76
-2115.15 -51.6859
1781277539042
-1175.16 -2135.88
-2088.93 -60.6288
1781277539048
-1218.27 -2218.35
-2179.4 -65.4921
1781277539058
-1104.61 -2294.69
-2159.08 -72.2685
1781277539075
-1056.79 -2360.47
-2103.22 -90.679
1781277539092
-1005.87 -2416.13
-2237.98 -102.299
1781277539108
-957.614 -2468.8
-2181.23 -99.8242
1781277539116
-855.424 -2522.92
-2146.32 -111.327
1781277539127
-871.745 -2576.73
-2247.3 -126.144
1781277539141
-756.125 -2627.9
-2213 -121.092
1781277539159
-656.674 -2671.56
-2170.75 -134.092
1781277539176
-682.714 -2712.69
-2267.33 -133.411
1781277539182
-579.086 -2753.65
-2221.68 -134.168
1781277539194
-476.543 -2796.46
-2173.32 -140.066
1781277539208
-488.51 -2838.48
-2273.05 -148.04
1781277539225
-385.756 -2876.89
-2219.53 -133.564
1781277539242
-327.493 -2914.89
-2330.06 -132.547
1781277539258
-300.322 -2953.22
-2261.61 -146.848
1781277539266
-195.838 -2996.17
-2200.49 -151.925
1781277539276
-112.128 -3037.15
-2306.37 -139.027
1781277539291
-34.1693 -3074.81
-2237.97 -136.164
1781277539307
-25.743 -3113.96
-2338.06 -135.399
1781277539326
58.887 -3023.19
-2264.94 -129.924
1781277539334
141.851 -3098.94
-2189.87 -93.6987
1781277539342
207.146 -3169.14
-2285.77 -63.4766
1781277539359
188.777 -3234.4
-2215.64 -35.6426
1781277539375
264.683 -3158.08
-2307.35 -19.6869
1781277539392
329.236 -3246.04
-2226.76 12.0553
1781277539408
382.745 -3322.27
-2132.28 48.4427
1781277539425
444.728 -3389.24
-2038.57 91.3552
1781277539433
505.075 -3446.09
-1947.71 131.893
1781277539442
573.34 -3491.61
-1857.36 185.282
1781277539458
633.518 -3532.91
-1772.48 226.177
1781277539466
703.053 -3566.74
-1687.59 290.086
1781277539482
765.941 -3595.89
-1609.19 330.671
1781277539495
656.372 -3616.85
-1536.86 385.929
1781277539509
542.568 -3635.42
-1464.37 425.108
1781277539526
436.228 -3507.84
-1387.02 448.212
1781277539542
332.209 -3565.89
-1307.1 512.239
1781277539548
225.005 -3611.33
-1225.72 577.678
1781277539560
118.488 -3649.53
-1155.51 629.107
1781277539575
19.3792 -3684.98
-1081.65 660.232
1781277539592
-81.889 -3718.03
-1176.71 674.132
1781277539608
-69.1141 -3743.19
-1105.88 710.135
1781277539616
-89.0711 -3757.72
-1204.75 772.007
1781277539627
-104.604 -3764.87
-1131.79 851.729
1781277539641
-141.495 -3624.95
-1228.49 875.812
1781277539657
-152.523 -3375.15
-1155.16 885.317
1781277539676
-192.08 -3506.17
-1250.52 958.95
1781277539692
-201.568 -3604.99
-1176.61 1045.6
1781277539698
-212.595 -3674.32
-1102.01 1155.39
1781277539709
-265.769 -3729.15
-1193.08 1238.58
1781277539725
-274.088 -3771.98
-1117.78 1299.21
1781277539742
-302.318 -3796.59
-1149.26 1379.67
1781277539758
-337.98 -3809.24
-1176.35 1457.97
1781277539766
-326.095 -3958.71
-1045.19 1435.85
1781277539777
-357.356 -4058.79
-1077.42 1438.57
1781277539791
-389.438 -4115.85
-1106.87 1449.39
1781277539808
-362.886 -4137.94
-981.946 1476.43
1781277539824
-393.486 -4129.76
-1015.98 1518.61
1781277539832
-426.032 -4106.73
-1046.65 1556.44
1781277539845
-455.142 -4065.34
-1076.25 1610.08
1781277539859
-422.64 -4020.54
-952.713 1657.76
1781277539875
-454.378 -3961.83
-985.426 1705.51
1781277539892
-487.247 -3904.41
-1014.99 1746.52
1781277539898
-519.591 -3829.64
-1042.25 1821.49
1781277539910
-562.179 -3754.23
-1061.7 1899.71
1781277539928
-606.424 -3697.26
-1077.34 1943.07
1781277539941
-642.235 -3632.7
-1095.03 2008.19
1781277539958
-686.121 -3540.29
-1105.37 2117.6
1781277539976
-745.036 -3449.93
-1102.88 2218.27
1781277539982
-707.782 -3371.53
-964.763 2310.86
1781277539993
-764.226 -3295.2
-965.967 2397.06
1781277540009
-820.415 -3230.71
-963.059 2470.5
1781277540026
-763.747 -3169.19
-838.267 2529.26
1781277540042
-815.729 -3125.14
-841.972 2560.55
1781277540048
-861.935 -3102.17
-847.366 2556.73
1781277540061
-781.744 -2952.17
-745.763 2472.79
1781277540077
-824.721 -3024.72
-759.836 2415.66
1781277540092
-846.66 -3118.08
-793.417 2317.36
1781277540108
-740.478 -3219.74
-722.339 2173.61
1781277540116
-746.675 -3341.51
-777.153 1965.88
1781277540127
-735.341 -3466.02
-843.251 1705.46
1781277540143
-607.162 -3581.07
-788.326 1398.09
1781277540158
-573.564 -3677.38
-867.884 1028.49
1781277540176
-438.066 -3740.15
-809.484 612.145
1781277540193
-349.113 -3615.11
-833.08 245.72
1781277540209
-271.378 -3633.3
-843.553 -223.211
1781277540215
-167.634 -3590.31
-852.665 -653.555
1781277540224
-71.4332 -3380.43
-848.844 -966.897
1781277540239
6.70777 -3308.22
-834.675 -1309.15
1781277540253
81.3659 -3204.8
-813.5 -1610.07
1781277540263
144.127 -3091.73
-787.333 -1860.7
1781277540279
192.948 -2998.92
-759.136 -2027.73
1781277540291
222.139 -2803.05
-733.219 -2078.69
1781277540308
244.113 -2831.47
-708.09 -2094.72
1781277540325
235.925 -2868.33
-692.774 -2072.97
1781277540332
215.655 -2917.77
-674.227 -2004.3
1781277540347
187.754 -2983.15
-657.605 -1882.62
1781277540359
153.09 -2920.36
-641.861 -1707.36
1781277540376
123.307 -3029.17
-623.764 -1509.65
1781277540392
76.5251 -3127.34
-606.978 -1259.2
1781277540409
25.4543 -3195.67
-587.159 -986.026
1781277540417
-24.0498 -3227.62
-563.106 -695.261
1781277540425
-71.3484 -3221.86
-534.772 -410.782
1781277540442
-112.519 -3179.77
-502.954 -162.815
1781277540458
-144.997 -3013.62
-469.362 63.0873
1781277540466
-171.427 -2956.56
-434.508 200.37
1781277540483
-183.35 -2886.36
-403.216 269.528
1781277540497
-185.265 -2807.14
-375.567 317.019
1781277540512
-183.971 -2637.83
-349.088 356.545
1781277540526
-182.072 -2575.87
-322.58 354.849
1781277540542
-173.135 -2510.94
-299.827 307.925
1781277540559
-159.219 -2442.45
-279.914 215.373
1781277540565
-140.857 -2368.4
-262.412 113.549
1781277540575
-121.993 -2284.97
-244.918 -6.44931
1781277540592
-102.456 -2191.9
-227.392 -129.139
1781277540608
-83.6958 -2087.81
-209.063 -243.882
1781277540625
-66.77 -1975.1
-189.562 -350.764
1781277540631
-51.4769 -1872.29
-169.1 -411.092
1781277540641
-41.021 -1779.24
-146.926 -444.279
1781277540657
-33.1722 -1694.1
-123.968 -443.547
1781277540674
-27.9093 -1611.65
-100.31 -434.105
1781277540692
-22.7674 -1535.68
-76.6093 -407.415
1781277540699
-18.0868 -1459.53
-52.733 -382.864
1781277540709
-12.5904 -1386.56
-29.0568 -345.862
1781277540725
-6.4874 -1314.06
-5.48753 -320.561
1781277540742
-3.6153 -1239.45
25.724 -297.345
1781277540758
-31.4463 -1162.6
43.5334 -279.011
1781277540764
-28.1927 -1083.05
77.0303 -271.008
1781277540777
-56.1766 -1000.77
95.1939 -262.812
1781277540791
-53.1987 -917.146
128.37 -258.251
1781277540808
-81.4193 -833.186
146.475 -248.056
1781277540824
-78.7589 -745.549
179.489 -241.639
1781277540832
-108.135 -657.525
196.941 -229.288
1781277540845
-106.463 -567.608
229.627 -220.536
1781277540859
-137.528 -480.272
245.938 -202.566
1781277540876
-136.951 -394.146
278.367 -180.456
1781277540892
-167.052 -311.047
294.849 -152.583
1781277540909
-164.555 -233.139
328.46 -124.634
1781277540915
-193.754 -161.041
345.35 -97.9983
1781277540925
-189.313 -94.8272
379.979 -69.8606
1781277540942
-216.485 -34.5078
398.032 -40.7462
1781277540958
-208.95 19.5736
434.006 -15.5118
1781277540974
-235.783 67.6334
452.452 6.91223
1781277540982
-237.711 109.276
483.457 24.8435
1781277540993
-249.102 142.146
509.691 42.5792
1781277541009
-259.17 169.011
536.564 57.0676
1781277541026
-272.06 187.965
562.066 66.6616
1781277541042
-282.798 201.428
588.608 76.5046
1781277541048
-297.356 204.857
613.305 81.1336
1781277541061
-309.272 200.807
639.28 82.0954
1781277541075
-324.096 195.009
663.842 82.4963
1781277541092
-336.441 183.575
689.609 79.2032
1781277541108
-354.363 166.984
712.631 71.6847
1781277541116
-367.236 149.437
738.138 64.4892
1781277541131
-383.654 129.292
761.871 57.9028
1781277541141
-396.667 105.488
787.307 48.3563
1781277541157
-415.687 85.7995
809.688 41.1786
1781277541174
-429.992 66.1323
834.459 33.8385
1781277541192
-447.607 47.0871
857.509 27.794
1781277541198
-462.089 30.6571
882.178 21.5481
1781277541209
-463.024 19.0881
881.688 14.1414
1781277541225
-459.548 11.0819
883.505 9.6008
1781277541242
-465.367 2.16776
880.453 4.89415
1781277541259
-462.244 -0.741395
882.097 1.47239
1781277541266
-461.615 -8.03954
882.426 0.0726913
1781277541277
-461.606 -9.906
882.431 -2.61824
1781277541291
-464.603 -11.7196
880.857 -2.80116
1781277541308
-462.316 -13.262
882.059 -5.76172
1781277541324
-461.414 -12.5728
882.531 -5.46074
1781277541343
-457.464 -13.4751
884.585 -5.13708
1781277541349
-459.614 -12.3887
883.47 -6.00072
1781277541361
-457.833 -10.0705
884.394 -5.32225
1781277541376
-458.15 -9.30344
884.23 -6.40899
1781277541392
-455.822 -5.73038
885.432 -5.20301
1781277541408
-458.591 -6.23032
884.001 -4.62345
1781277541414
-457.531 -6.00883
884.551 -3.69085
1781277541429
-457.399 -7.03258
884.619 -0.278324
1781277541442
-455.503 -4.39981
885.597 -0.490795
1781277541458
-456.888 -4.01758
884.883 1.26831
1781277541474
-457.443 -2.43415
884.596 0.378172
1781277541482
-461.302 -1.18474
882.59 -0.245852
1781277541493
-460.482 0.207484
883.018 -1.03839
1781277541509
-464.431 -0.805273
880.947 -0.498412
1781277541526
-462.578 0.484944
881.922 1.07705
1781277541542
-465.411 0.578426
880.43 1.89272
1781277541548
-461.633 0.229665
882.417 0.499827
1781277541561
-463.46 1.68312
881.459 -0.217937
1781277541575
-459.144 -1.49357
883.714 0.583338
1781277541592
-463.023 -1.47492
881.688 1.55182
1781277541608
-460.68 -0.652691
882.914 0.932803
1781277541624
-463.563 -0.674796
881.404 0.762578
1781277541633
-460.094 0.432846
883.22 1.26809
1781277541641
-463.319 0.0269946
881.533 -0.0895821
1781277541657
-461.124 0.869177
882.683 -0.778553
1781277541674
-463.202 0.54853
881.594 -0.859984
1781277541692
-458.877 2.33961
883.853 -1.5192
1781277541698
-460.86 0.56373
882.821 0.822642
1781277541709
-459.626 1.16524
883.464 0.0165214
1781277541725
-460.602 1.34886
882.955 1.03575
1781277541742
-456.79 0.236044
884.933 1.11714
1781277541758
-459.732 1.05293
883.408 0.643258
1781277541764
-458.254 0.187079
884.176 0.365468
1781277541777
-460.577 0.762874
882.968 1.01657
1781277541791
-457.583 2.03923
884.524 0.859006
1781277541808
-460.043 -0.0505166
883.247 1.8254
1781277541824
-458.319 -0.586204
884.142 2.0577
1781277541834
-461.225 1.12605
882.63 1.88259
1781277541845
-460.546 0.418358
882.984 -0.170495
1781277541859
-463.307 -1.00069
881.539 -0.865442
1781277541875
-460.371 -0.444937
883.076 -1.00097
1781277541892
-463.101 0.124208
881.647 -3.18721
1781277541908
-460.98 1.54557
882.758 -1.40054
1781277541914
-462.676 0.28837
881.871 -2.59426
1781277541925
-458.387 -1.65639
884.107 -2.17237
1781277541941
-460.672 0.07128
882.919 -2.0821
1781277541960
-459.499 -1.43034
883.53 -1.98472
1781277541972
-461.958 -1.26301
882.247 -0.395047
1781277541985
-459.339 -1.75213
883.613 0.294037
1781277541997
-462.899 -0.933753
881.753 1.43045
1781277542007
-459.468 -0.921623
883.546 0.41347
1781277542019
-460.779 -2.7318
882.863 1.89292
1781277542034
-458.282 -5.9918
884.162 3.16359
1781277542050
-459.669 -12.8438
883.441 4.60998
1781277542065
-456.663 -26.0697
884.999 6.70568
1781277542077
-458.546 -41.8878
884.025 13.147
1781277542091
-457.265 -62.9655
884.688 20.2599
1781277542104
-458.153 -90.8991
884.228 29.5895
1781277542114
-457.207 -126.297
884.717 39.6006
1781277542131
-460.517 -169.14
882.998 53.3164
1781277542143
-459.481 -223.634
883.536 67.381
1781277542157
-461.286 -285.747
882.594 86.9849
1781277542174
-457.104 -321.049
884.764 96.876
1781277542192
-457.877 -406.9
884.362 122.687
1781277542198
-455.018 -496.333
885.831 142.936
1781277542209
-455.069 -588.398
885.797 165.031
1781277542225
-452.138 -680.82
887.287 186.912
1781277542242
-450.846 -772.049
887.933 211.742
1781277542258
-444.707 -862.921
891.011 233.798
1781277542275
-443.148 -946.466
891.772 256.233
1781277542281
-428.578 -973.147
898.926 258.021
1781277542293
-449.08 -1065.43
888.881 282.524
1781277542308
-436.92 -1094.33
894.787 283.484
1781277542324
-441.394 -1198.55
892.582 300.855
1781277542332
-434.472 -1299.23
896.005 316.023
1781277542345
-446.784 -1397.57
889.925 315.897
1781277542359
-449.235 -1486.67
888.711 315.879
1781277542375
-464.483 -1567.55
880.836 314.174
1781277542392
-463.034 -1643.24
881.613 316.418
1781277542408
-473.514 -1715.9
876.027 306.991
1781277542415
-471.756 -1785.25
876.978 299.553
1781277542425
-484.091 -1853.44
870.229 286.375
1781277542441
-484.597 -1917.12
869.94 275.93
1781277542458
-493.716 -1979.43
864.797 255.363
1781277542466
-494.952 -2037.16
864.069 245.561
1781277542481
-502.422 -2097.5
859.744 221.371
1781277542493
-502.752 -2155.14
859.516 209.292
1781277542507
-509.459 -2116.2
855.549 176.393
1781277542526
-508.518 -2200.09
856.118 164.966
1781277542542
-518.692 -2277.4
849.988 143.832
1781277542548
-517.421 -2345.65
850.692 135.17
1781277542560
-512.564 -2411.76
853.655 109.168
1781277542575
-525.064 -2368.4
846.02 64.3023
1781277542591
-528.954 -2244.83
843.57 31.4007
1781277542608
-542.795 -2390.14
834.731 33.5152
1781277542616
-533.002 -2511.69
840.882 38.9964
1781277542630
-521.406 -2622.24
848.02 16.3046
1781277542641
-517.563 -2603.01
850.294 1.54525
1781277542657
-509.776 -2714.98
855.001 -12.3214
1781277542676
-502.899 -2808.6
859.082 -3.8661
1781277542692
-489.52 -2888.6
866.791 -6.55127
1781277542698
-478.755 -2956.36
872.79 -27.3767
1781277542709
-472.236 -3013.35
876.323 -36.6917
1781277542725
-462.569 -3064.86
881.43 -35.3007
1781277542742
-449.943 -3106.77
887.878 -12.6544
1781277542758
-431.471 -3018.24
896.903 -10.1261
1781277542764
-418.023 -3085.41
903.204 17.5472
1781277542779
-397.685 -3148.31
912.239 41.304
1781277542791
-379.078 -3204.66
919.956 36.31
1781277542808
-367.887 -3252.88
924.239 55.2709
1781277542824
-349.421 -3290.23
931.046 77.0218
1781277542832
-329.974 -3327.93
937.697 98.6444
1781277542845
-310.176 -3361.85
943.917 126.753
1781277542859
-288.314 -3390.02
950.206 201.179
1781277542876
-253.437 -3402.06
959.375 331.066
1781277542892
-201.937 -3401.69
970.693 473.82
1781277542909
-145.877 -3392.15
979.751 629.078
1781277542914
-86.4224 -3341.94
985.726 824.238
1781277542925
-14.2114 -3128.35
988.253 1038.03
1781277542941
71.0045 -2736.32
997.476 1209.65
1781277542958
155.259 -2309.11
986.908 1308.05
1781277542967
243.741 -1673.99
968.101 1372.28
1781277542981
356.483 -1133.13
932.151 1307.49
1781277542997
441.757 -534.572
894.891 1125.05
1781277543009
497.654 -12.1625
864.904 852.882
1781277543026
547.229 410.711
834.223 535.866
1781277543042
579.948 755.267
811.53 246.579
1781277543048
582.426 1048.9
809.359 9.1833
1781277543061
568.604 1297.9
818.624 -177.783
1781277543075
540.869 1513.29
836.602 -294.721
1781277543091
489.882 1703.24
866.752 -343.854
1781277543108
421.383 1873.05
901.286 -305.942
1781277543116
327.121 2012.56
938.808 -164.431
1781277543128
203.703 2100.91
972.239 58.4562
1781277543143
58.1492 2127.47
990.79 313.5
1781277543159
-89.4926 2097.85
987.577 560.85
1781277543176
-227.787 2042.04
964.213 746.987
1781277543192
-333.794 1985.77
931.925 856.68
1781277543209
-403.902 1939.34
902.849 895.609
1781277543215
-441.972 1901.99
883.964 886.304
1781277543225
-456.19 1888.07
875.896 803.088
1781277543242
-435.656 1884.36
885.561 678.404
1781277543258
-390.89 1883.53
905.585 521.014
1781277543266
-324.635 1865.59
930.872 364.341
1781277543276
-253.705 1825.72
952.239 222.646
1781277543293
-185.787 1772.38
967.49 90.0599
1781277543309
-122.713 1712.47
992.442 -28.8243
1781277543326
-60.549 1654.03
998.117 -112.765
1781277543332
-6.45722 1598.21
999.921 -142.857
1781277543344
2.159 1547.26
999.921 -144.361
1781277543359
2.36172 1499.98
999.919 -127.654
1781277543375
-31.3534 1457.55
999.423 -77.1936
1781277543392
-75.5593 1415.25
997.056 -19.691
1781277543409
-147.065 1368.72
989.044 38.2515
1781277543414
-205.623 1317.6
978.547 87.9292
1781277543425
-276.804 1262.47
960.864 134.758
1781277543441
-322.98 1216.69
946.338 151.919
1781277543458
-365.208 1175.48
930.889 160.501
1781277543474
-380.209 1138.78
924.856 155.42
1781277543482
-397.072 1100.32
917.78 136.607
1781277543493
-377.473 1062.23
926.003 102.826
1781277543509
-361.977 1019.96
932.187 71.9439
1781277543526
-308.586 975.965
951.197 32.5762
1781277543542
-275.292 928.969
961.218 10.5934
1781277543548
-242.354 879.148
970.037 4.43837
1781277543561
-226.111 826.857
973.941 3.10267
1781277543575
-215.615 773.914
976.311 5.11343
1781277543593
-217.281 719.935
975.936 19.2499
1781277543608
-237.572 662.807
971.192 35.0642
1781277543624
-265.531 603.591
963.92 45.6018
1781277543632
-294.598 541.629
955.435 57.6367
1781277543647
-333.555 481.936
942.541 61.1604
1781277543659
-371.859 418.745
928.096 59.1859
1781277543676
-400.671 356.788
916.026 52.3543
1781277543692
-425.44 297.595
904.789 44.3098
1781277543709
-447.427 236.638
894.12 29.1089
1781277543715
-441.009 175.507
897.303 15.5012
1781277543725
-430.508 121.949
902.387 5.15556
1781277543742
-408.082 73.1403
912.747 -1.66598
1781277543758
-391.652 27.9975
919.915 -4.76507
1781277543766
-373.379 -10.1864
927.481 -2.92129
1781277543777
-352.753 -43.8734
935.519 -0.847962
1781277543791
-336.906 -70.0047
941.34 2.62442
1781277543808
-320.324 -87.0765
947.11 6.79344
1781277543824
-312.62 -98.9788
949.68 11.1364
1781277543832
-312.829 -106.507
949.611 12.9878
1781277543847
-314.759 -107.933
948.972 14.3661
1781277543859
-313.866 -106.199
949.268 13.8568
1781277543876
-313.938 -100.718
949.244 10.7029
1781277543892
-318.515 -91.9823
947.718 8.92553
1781277543909
-325.87 -81.9623
945.214 7.72671
1781277543915
-327.771 -71.4525
944.556 6.25046
1781277543925
-334.015 -60.7502
942.366 3.72556
1781277543942
-331.276 -49.8455
943.333 0.876186
1781277543958
-334.872 -41.1025
942.062 -0.0722588
1781277543975
-334.308 -31.5739
942.262 -1.59473
1781277543983
-334.131 -25.1873
942.325 -0.73468
1781277543993
-332.036 -18.2285
943.066 -1.15831
1781277544008
-336.888 -12.6176
941.343 0.171739
1781277544026
-338.479 -8.94047
940.772 -1.094
1781277544043
-344.378 -4.74053
938.629 -1.08487
1781277544049
-338.714 -1.99461
940.688 -4.11032
1781277544061
-340.162 0.873876
940.165 -2.51208
1781277544075
-336.424 5.25272
941.509 -1.97097
1781277544092
-335.599 4.94259
941.803 -1.84205
1781277544108
-331.295 5.98051
943.326 -2.26362
1781277544125
-332.866 3.88307
942.773 -2.46388
1781277544133
-329.221 4.64653
944.052 -2.36973
1781277544141
-331.282 4.89562
943.331 -2.45909
1781277544158
-328.408 4.99179
944.335 0.184399
1781277544174
-332.668 4.85237
942.843 2.14554
1781277544191
-331.831 5.34058
943.138 1.3699
1781277544199
-334.731 4.6843
942.112 1.70012
1781277544209
-330.319 2.58548
943.668 2.05231
1781277544226
-330.838 1.78248
943.486 0.0888434
1781277544242
-330.164 1.11266
943.722 -1.32275
1781277544259
-334.05 0.155042
942.354 -1.68127
1781277544265
-331.456 -0.911684
943.27 -2.31772
1781277544277
-334.058 -1.03158
942.351 -0.255668
1781277544292
-333.302 -1.09729
942.619 1.30847
1781277544308
-337.166 0.105679
941.244 1.95262
1781277544325
-331.573 -1.58016
943.228 1.06052
1781277544341
-332.539 -1.72975
942.888 -0.19388
1781277544357
-330.176 -2.38301
943.718 0.0873264
1781277544366
-332.107 -0.388087
943.041 -0.46943
1781277544374
-324.445 0.763752
945.704 0.375758
1781277544393
-326.464 2.10726
945.009 -1.75504
1781277544409
-324.83 1.91621
945.572 -2.25973
1781277544415
-328.038 0.444738
944.464 -1.94394
1781277544425
-324.045 0.0751792
945.841 0.758449
1781277544442
-323.766 0.712351
945.937 -0.0674309
1781277544459
-321.975 0.00474856
946.548 -1.13965
1781277544475
-328.544 -0.528364
944.288 -1.85585
1781277544483
-329.735 -2.014
943.872 -4.59117
1781277544494
-329.851 -3.07587
943.832 -6.38496
1781277544510
-325.478 1.88722
945.349 -2.29686
1781277544524
-329.435 2.45871
943.977 -1.16782
1781277544541
-328.972 2.10663
944.138 -0.19515
1781277544557
-333.273 1.91698
942.629 0.70418
1781277544565
-329.575 1.88997
943.928 1.07896
1781277544576
-335.639 1.66394
941.789 1.52187
1781277544592
-332.866 0.849684
942.773 1.08953
1781277544609
-334.301 -2.46499
942.265 2.42557
1781277544617
-329.604 -4.83723
943.918 3.3558
1781277544630
-330.027 -5.54424
943.77 2.6939
1781277544642
-326.605 -2.82363
944.96 3.07619
1781277544660
-332.946 -1.94562
942.744 1.86519
1781277544675
-328.425 -2.35
944.329 -0.732745
1781277544691
-334.389 -2.56005
942.234 -2.58018
1781277544699
-335.116 -1.46077
941.975 -2.91998
1781277544710
-335.81 -0.33526
941.728 -2.31228
1781277544726
-330.72 0.140908
943.528 -1.13983
1781277544740
-334.22 1.98331
942.294 -0.440391
1781277544759
-329.111 2.18131
944.09 0.0478149
1781277544767
-329.788 3.09908
943.854 0.704675
1781277544777
-326.879 5.12717
944.865 -0.576928
1781277544792
-332.171 4.37217
943.018 0.0535684
1781277544808
-328.986 2.5565
944.134 -0.74182
1781277544825
-333.484 2.05714
942.554 -0.918136
1781277544841
-331.989 2.62162
943.082 0.862556
1781277544847
-336.053 2.77672
941.641 -0.324336
1781277544858
-333.813 2.41149
942.438 0.0615197
1781277544874
-338.28 0.223721
940.844 -0.604265
1781277544891
-336.107 -1.46974
941.622 2.19013
1781277544909
-333.63 -0.495289
942.503 2.51817
1781277544915
-332.013 -2.1114
943.073 3.4288
1781277544926
-333.568 -0.086698
942.525 1.52342
1781277544942
-331.482 -0.0503074
943.26 1.0848
1781277544959
-329.839 -0.0313799
943.836 0.75547
1781277544977
-323.84 -1.44195
945.911 -0.244635
1781277544983
-327.819 0.00238843
944.54 -1.24929
1781277544996
-328.591 -1.3905
944.271 -1.07482
1781277545008
-329.712 -1.70004
943.88 -0.0507391
1781277545025
-329.038 -2.78108
944.115 0.533405
1781277545041
-331.086 0.41502
943.399 0.212651
1781277545058
-326.45 -0.371156
945.013 0.956679
1781277545066
-332.014 -0.444176
943.073 1.01316
1781277545076
-327.369 -0.497778
944.696 1.0506
1781277545092
-327.815 -2.172
944.541 -0.356899
1781277545109
-327.713 -1.53017
944.576 -0.501576
1781277545125
-331.234 -1.01166
943.347 -0.545377
1781277545131
-329.808 -0.936114
943.847 1.16743
1781277545142
-330.469 0.108219
943.615 1.67716
1781277545159
-327.983 -1.98078
944.482 -1.26036
1781277545177
-329.296 -2.50527
944.025 -3.09261
1781277545193
-327.309 -2.79431
944.716 -4.3022
1781277545199
-330.074 -0.608502
943.754 -3.98145
1781277545210
-326.381 -1.37203
945.037 -0.881314
1781277545224
-326.434 1.11607
945.019 0.170643
1781277545241
-325.496 1.20291
945.343 0.591125
1781277545259
-328.463 1.24498
944.316 0.55869
1781277545269
-327.841 2.40468
944.532 1.21938
1781277545277
-330.829 2.80235
943.49 2.10699
1781277545292
-325.85 6.25706
945.22 0.70559
1781277545308
-325.046 10.6684
945.497 0.721699
1781277545325
-318.103 19.7701
947.856 1.72427
1781277545342
-318.137 34.2069
947.844 -0.954781
1781277545348
-315.218 56.4926
948.819 -3.72823
1781277545358
-318.896 83.5024
947.588 -7.80774
1781277545375
-313.17 122.936
949.494 -10.8342
1781277545391
-316.066 165.78
948.531 -18.7994
1781277545410
-312.393 213.796
949.743 -22.0194
1781277545416
-319.049 265.671
947.523 -30.0397
1781277545426
-322.641 325.315
946.298 -34.8632
1781277545442
-335.183 391.497
941.919 -43.2226
1781277545459
-357.476 458.552
933.752 -50.2216
1781277545475
-349.312 527.089
936.869 -59.483
1781277545494
-369.038 599.169
929.136 -64.6505
1781277545500
-396.441 675.272
917.839 -69.6467
1781277545510
-388.703 757.728
921.211 -80.5553
1781277545525
-409.77 835.745
911.826 -84.6002
1781277545541
-435.021 911.524
900.02 -91.4052
1781277545551
-442.016 990.451
896.605 -90.126
1781277545566
-467.683 1072.76
883.491 -92.8492
1781277545576
-473.152 1150.03
880.573 -100.888
1781277545593
-489.118 1226.37
871.795 -109.99
1781277545609
-491.878 1302.37
870.24 -119.045
1781277545615
-510.119 1375.61
859.655 -141.805
1781277545629
-505.472 1447.69
862.393 -154.955
1781277545642
-519.303 1519.71
854.107 -173.839
1781277545658
-517.42 1589.16
855.243 -190.606
1781277545675
-528.573 1578.32
848.359 -203.69
1781277545694
-522.677 1668.17
852.004 -229.342
1781277545700
-531.085 1750.77
846.737 -267.376
1781277545710
-534.174 1825.2
844.862 -310.838
1781277545724
-520.644 1897.2
853.266 -352.082
1781277545741
-522.582 1964.66
852.026 -400.663
1781277545757
-521.45 2029.65
852.782 -442.932
1781277545766
-509.944 2085.16
859.711 -492.932
1781277545778
-509.149 2040.95
860.129 -529.144
1781277545792
-492.163 2117.57
869.956 -590.29
1781277545809
-492.204 2188.4
869.874 -647.167
1781277545825
-492.337 2156.87
869.847 -662.215
1781277545842
-480.392 2242.82
876.497 -731.225
1781277545848
-478.873 2313.58
877.262 -810.768
1781277545858
-473.175 2379.85
880.384 -875.073
1781277545875
-459.121 2438.25
887.793 -936.861
1781277545891
-459.129 2494.16
887.73 -981.363
1781277545910
-454.671 2537.9
890.001 -1039.68
1781277545916
-455.937 2462.68
889.301 -1065.25
1781277545926
-439.578 2533.1
897.497 -1124.82
1781277545943
-443.747 2594.4
895.386 -1178.04
1781277545959
-437.878 2656
898.252 -1212.64
1781277545976
-448.604 2703.93
892.894 -1247.81
1781277545981
-447.302 2750.91
893.533 -1265.73
1781277545994
-461.962 2788.98
886.005 -1306.48
1781277546009
-457.64 2818.98
888.236 -1355.24
1781277546025
-460.759 2851.8
886.585 -1385.56
1781277546042
-457.956 2881.83
888.03 -1407.98
1781277546052
-468.897 2916.06
882.274 -1407.42
1781277546062
-473.068 2940.83
880.04 -1428.86
1781277546074
-483.186 2979.6
874.504 -1427.5
1781277546091
-487.19 3008.3
872.278 -1438.64
1781277546107
-500.938 3026.09
864.441 -1468.65
1781277546126
-495.075 3049.96
867.81 -1486.46
1781277546132
-506.069 3076.85
861.435 -1495.37
1781277546142
-504.923 3110.43
862.106 -1488.41
1781277546159
-501.007 3140.02
836.97 -1490.6
1781277546175
-493.983 3178.48
813.656 -1471.78
1781277546187
-491.347 3203.71
787.613 -1478.01
1781277546198
-482.623 3244.28
765.317 -1446.26
1781277546210
-482.611 3277.87
737.412 -1435.01
1781277546226
-477.75 3298.5
712.512 -1447.88
1781277546241
-467.224 3327.56
691.394 -1442.7
1781277546257
-460.604 3359.53
667.643 -1434.42
1781277546265
-455.223 3394.55
642.987 -1410.3
1781277546278
-452.323 3284.94
616.437 -1349.87
1781277546292
-445.779 3358.07
592.435 -1340.62
1781277546309
-388.675 3434.39
451.102 -1300.39
1781277546325
-334.866 3368.32
315.041 -1191.79
1781277546342
-280.803 3478.63
186.039 -1145.41
1781277546348
-224.802 3572.83
65.3656 -1096.02
1781277546358
-171.803 3641.84
-59.7128 -1069.91
1781277546375
-118.2 3694.29
-175.641 -1044.03
1781277546391
-65.1503 3738.09
-284.519 -1035.63
1781277546408
-168.726 3788.24
-333.784 -994.295
1781277546416
-108.944 3819.25
-434.845 -985.191
1781277546426
-208.369 3841.65
-478.676 -936.355
1781277546443
-141.025 3850.42
-572.584 -904.467
1781277546459
-232.825 3861.45
-613.397 -857.309
1781277546476
-161.112 3869.99
-699.081 -819.076
1781277546492
-249.927 3877.98
-735.947 -768.148
1781277546501
-171.299 3893.33
-814.892 -704.555
1781277546513
-248.761 3909.85
-851.011 -614.315
1781277546525
-155.025 3920.24
-923.86 -526.404
1781277546542
-223.29 3929.78
-959.765 -444.862
1781277546548
-125.278 3942.6
-1023.07 -367.96
1781277546564
-191.241 3954.5
-1057.41 -294.214
1781277546577
-91.3291 3964.52
-1111.76 -207.788
1781277546591
-151.876 3975.83
-1145.03 -138.52
1781277546607
-49.3175 3988.99
-1191 -73.4539
1781277546624
-103.989 3997.89
-1059.89 4.75371
1781277546633
1.29758 4005.1
-1106.45 74.1611
1781277546643
-61.5213 4013.2
-1144.75 139.5
1781277546659
42.9451 4023.2
-1183.08 212.361
1781277546676
-16.2834 4169.41
-1219.79 404.895
1781277546692
86.3262 4269.6
-1145.12 605.924
1781277546708
37.2247 4336.27
-1247.9 752.363
1781277546716
141.801 4377.69
-1168.35 867.589
1781277546727
88.0121 4402.93
-1273.97 943.681
1781277546741
181.25 4412.51
-1191.77 977.379
1781277546759
117.975 4249.65
-1300.22 965.549
1781277546777
201.656 4290.67
-1217.44 1006.62
1781277546783
145.973 4323.88
-1326.1 1003.51
1781277546793
226.127 4345.87
-1242.17 1007.24
1781277546809
166.028 4363.33
-1352.52 992.509
1781277546826
243.795 4369.93
-1267.92 990.74
1781277546842
183.154 4377.73
-1379.12 969.353
1781277546859
258.689 4382.18
-1294.1 950.271
1781277546865
167.018 4381.1
-1237.23 938.926
1781277546876
274.573 4210.25
-1320.01 902.817
1781277546892
184.78 4256.16
-1263.57 915.366
1781277546910
297.458 4289.94
-1344.3 941.566
1781277546916
392.765 4326.87
-1237.32 939.877
1781277546927
477.476 4186.9
-1132.04 907.239
1781277546944
561.898 4262.45
-1026.03 919.175
1781277546960
646.072 4323.14
-919.084 928.75
1781277546976
729.972 4368.06
-810.94 949.904
1781277546992
814.681 4408.65
-699.879 966.897
1781277546999
897.001 4437.88
-588.786 990.301
1781277547009
798.337 4456.58
-518.241 1023.26
1781277547026
736.545 4475.23
-622.967 1029.14
1781277547043
659.141 4484.66
-724.586 1053.13
1781277547058
574.764 4497.79
-814.227 1049.12
1781277547064
476.565 4504.99
-897.904 1065.86
1781277547079
375.483 4516.72
-969.655 1038.62
1781277547091
259.78 4524.2
-1035.12 1016.43
1781277547108
140.013 4532.87
-1090.44 952.39
1781277547126
6.32636 4546.03
-1136.84 835.111
1781277547132
-142.826 4564.06
-1171.19 676.845
1781277547143
-305.734 4577.55
-1189.82 460.919
1781277547159
-485.626 4405.09
-1187.18 282.576
1781277547175
-654.854 4439.34
-1173.21 13.1896
1781277547192
-850.008 4282.32
-1124.15 -209.134
1781277547208
-1032.31 4324.73
-1061.43 -434.422
1781277547216
-1209.32 4351.1
-979.058 -589.282
1781277547227
-1366.04 4362.21
-898.598 -701.315
1781277547241
-1509.59 4188.4
-819.767 -823.583
1781277547258
-1656.61 4213.73
-715.289 -854.88
1781277547274
-1777.31 4216.79
-654.385 -902.476
1781277547281
-1898.83 4224.4
-582.323 -884.726
1781277547293
-2009.92 4244.05
-538.068 -774.967
1781277547310
-2109.73 4251.3
-538.905 -608.932
1781277547326
-2203.65 4246.26
-570.458 -367.906
1781277547343
-2267.99 4214.76
-708.837 -173.537
1781277547349
-2351.7 4023.8
-775.974 -12.4201
1781277547361
-2400.99 3996.48
-934.114 123.392
1781277547375
-2485.71 3941.89
-992.517 240.765
1781277547392
-2533.61 3747.46
-1135.61 320.02
1781277547408
-2601.64 3725.18
-1226.78 387.968
1781277547416
-2682.72 3697.63
-1288.79 461.819
1781277547427
-2605.61 3659.28
-1283.73 506.368
1781277547443
-2688.93 3489.05
-1340.57 524.623
1781277547458
-2617.36 3230.39
-1323.8 507.559
1781277547474
-2702.96 3286.83
-1376.03 383.911
1781277547482
-2864.76 3310.89
-1268.39 220.632
1781277547495
-2869.24 3196.51
-1067.84 71.7111
1781277547509
-3016.19 3185.39
-947.38 -102.389
1781277547526
-3001.18 3047.97
-735.57 -233.068
1781277547542
-3133 2824.73
-600.244 -322.938
1781277547559
-3085.05 2827.38
-455.876 -425.155
1781277547575
-3199.75 2821.81
-346.93 -456.884
1781277547583
-3304.06 2698.47
-308.969 -520.037
1781277547591
-3241 2690.48
-197.732 -530.366
1781277547608
-3342.06 2667.8
-181.668 -497.77
1781277547624
-3268.05 2638.37
-221.272 -404.333
1781277547630
-3358.24 2594.48
-340.917 -300.004
1781277547642
-3270.56 2522.18
-469.187 -219.501
1781277547659
-3349.89 2437.65
-604.601 -148.995
1781277547676
-3429.58 2280.41
-718.292 -88.8513
1781277547692
-3341.63 2223.29
-784.824 -78.4047
1781277547698
-3436.95 2165.72
-816.195 -85.7231
1781277547710
-3376.45 2102.36
-760.779 -133.112
1781277547727
-3495.74 2026.13
-679.105 -187.759
1781277547741
-3447.66 1947.64
-539.787 -250.712
1781277547758
-3567.84 1856.2
-395.149 -314.372
1781277547774
-3510.79 1760.93
-228.47 -367.587
1781277547791
-3617.35 1663.66
-79.1076 -404.259
1781277547799
-3546.61 1588.51
34.6921 -407.386
1781277547807
-3645.84 1531.64
82.7498 -401.658
1781277547826
-3574.26 1485.32
88.1151 -385.489
1781277547842
-3503.46 1444.13
55.9856 -365.716
1781277547859
-3603.89 1359.16
-7.20029 -333.335
1781277547865
-3531.8 1244.92
-68.7455 -293.191
1781277547875
-3629.91 1112.77
-136.126 -251.365
1781277547892
-3555.67 972.163
-195.432 -211.183
1781277547908
-3651.72 830.606
-260.991 -174.368
1781277547914
-3576.11 693.021
-311.006 -145.243
1781277547927
-3672.59 564.76
-353.947 -117.748
1781277547943
-3597.44 447.882
-386.813 -94.5787
1781277547959
-3522.85 344.394
-411.034 -73.2045
1781277547976
-3616.44 254.253
-469.173 -56.4694
1781277547982
-3541.1 177.806
-493.46 -42.1007
1781277547994
-3633.45 114.251
-553.151 -30.8195
1781277548009
-3555.83 62.5987
-586.629 -22.3911
1781277548026
-3480.22 21.8696
-605.256 -15.8229
1781277548042
-3572.34 -9.26382
-658.145 -10.9073
1781277548050
-3496.84 -32.0903
-673.1 -7.1925
1781277548064
-3590.81 -47.8557
-713.603 -4.62709
1781277548077
-3513.58 -57.8286
-734.839 -2.8804
1781277548091
-3436.78 -63.1316
-752.379 -1.57681
1781277548108
-3529.47 -64.7662
-796.282 -0.61717
1781277548124
-3456.03 -63.6264
-797.044 -0.100574
1781277548130
-3548.14 -60.4781
-842.289 0.127991
1781277548143
-3472.64 -55.969
-850.671 0.178213
1781277548159
-3396.96 -50.6234
-859.028 0.127633
1781277548175
-3487.16 -44.8614
-909.797 0.0278743
1781277548192
-3411.29 -39.0157
-917.259 -0.0902462
1781277548198
-3500.82 -33.3294
-969.023 -0.207252
1781277548211
-3425.01 -27.9824
-974.824 -0.313734
1781277548225
-3513.95 -23.0885
-1027.28 -0.403682
1781277548242
-3438.27 -18.7204
-1031.28 -0.478084
1781277548258
-3362.84 -14.9057
-1033.84 -0.537818
1781277548274
-3451.19 -11.6434
-1086.51 -0.584929
1781277548282
-3375.93 -8.91778
-1087.44 -0.624073
1781277548297
-3463.76 -6.69039
-1140.66 -0.657585
1781277548312
-3388.7 -4.91992
-1140 -0.689675
1781277548326
-3313.92 -3.55205
-1138.06 -0.721577
1781277548342
-3401.21 -2.53116
-1191.56 -0.75408
1781277548349
-3326.65 -1.80912
-1188.15 -0.789768
1781277548359
-3413.48 -1.33261
-1242.16 -0.828116
1781277548375
-3339.16 -1.05903
-1237.33 -0.870641
1781277548392
-3425.54 -0.942955
-1291.85 -0.915828
1781277548402
-3351.47 -0.950908
-1285.66 -0.964517
1781277548416
-3277.7 -1.04727
-1278.37 -1.01468
1781277548431
-3363.61 -1.20234
-1333.17 -1.06452
1781277548443
-3290.11 -1.39809
-1324.61 -1.11492
1781277548458
-3375.61 -1.61353
-1379.87 -1.16392
1781277548474
-3302.39 -1.83848
-1370.09 -1.21245
1781277548482
-3229.48 -2.05899
-1359.31 -1.25867
1781277548495
-3314.54 -2.26494
-1414.86 -1.30108
1781277548509
-3241.92 -2.4555
-1402.93 -1.34122
1781277548526
-3326.61 -2.62458
-1458.92 -1.37767
1781277548542
-3254.28 -2.77456
-1445.9 -1.41212
1781277548558
-3338.59 -2.90192
-1502.32 -1.4432
1781277548575
-3266.56 -3.01091
-1488.23 -1.47269
1781277548583
-3194.84 -3.09941
-1473.27 -1.49925
1781277548594
-3278.79 -3.16661
-1529.95 -1.52191
1781277548608
-3207.37 -3.21876
-1514 -1.54284
1781277548625
-3290.97 -3.25508
-1571.08 -1.561
1781277548633
-3219.85 -3.28152
-1554.17 -1.5785
1781277548645
-3149.05 -3.29693
-1536.47 -1.59406
1781277548657
-3232.3 -3.30095
-1593.81 -1.60679
1781277548676
-3161.8 -3.2996
-1575.21 -1.61903
1781277548693
-3244.74 -3.29164
-1632.93 -1.62964
1781277548709
-3174.54 -3.2823
-1613.46 -1.64076
1781277548715
-3257.16 -3.26963
-1671.54 -1.65101
1781277548727
-3187.27 -3.25818
-1651.24 -1.6624
1781277548742
-3117.67 -3.2454
-1630.24 -1.67336
1781277548758
-3199.99 -3.22946
-1688.57 -1.68271
1781277548775
-3130.7 -3.21496
-1666.78 -1.69267
1781277548781
-3212.72 -3.19945
-1725.45 -1.70181
1781277548793
-3143.73 -3.18695
-1702.91 -1.7122
1781277548808
-3075.02 -3.17451
-1679.73 -1.72219
1781277548824
-3156.77 -3.16001
-1738.63 -1.73057
1781277548843
-3088.36 -3.15649
-1714.74 -1.72357
1781277548849
-3178.83 -3.16083
-1757.78 -1.70036
1781277548861
-3128.11 -3.17197
-1701.73 -1.67147
1781277548876
-3232.39 -3.16559
-1718.95 -1.67559
1781277548892
-3168.19 -3.1632
-1687.54 -1.68066
1781277548908
-3104.12 -3.16998
-1655.9 -1.66887
1781277548914
-3200.02 -3.16597
-1688.52 -1.6719
1781277548929
-3135.96 -3.14691
-1656.85 -1.70724
1781277548946
-3205.99 -3.13619
-1737.93 -1.72386
1781277548960
-3133.7 -3.14601
-1721.29 -1.70901
1781277548974
-3078.98 -3.1462
-1672.46 -1.71053
1781277548991
-3166.24 -3.14362
-1721.32 -1.71034
1781277549008
-3102.95 -3.13374
-1688.19 -1.72674
1781277549015
-3181.41 -3.13165
-1753.11 -1.72564
1781277549026
-3118.45 -3.12311
-1719.37 -1.74189
1781277549042
-3196.61 -3.12312
-1784.61 -1.74128
1781277549059
-3133.97 -3.117
-1750.28 -1.7584
1781277549067
-3062.62 -3.11969
-1731.46 -1.75895
1781277549078
-3149.52 -3.11049
-1780.92 -1.77412
1781277549094
-3078.33 -3.11187
-1761.62 -1.77373
1781277549108
-3165.11 -3.10256
-1811.31 -1.7887
1781277549125
-3094.07 -3.10488
-1791.55 -1.78878
1781277549141
-3032.37 -3.0971
-1755.56 -1.80457
1781277549158
-3109.84 -3.09573
-1821.24 -1.80247
1781277549174
-3048.44 -3.08612
-1784.74 -1.81718
1781277549182
-3125.65 -3.08452
-1850.7 -1.81489
1781277549192
-3064.55 -3.07575
-1813.7 -1.83
1781277549209
-3141.49 -3.07586
-1879.94 -1.82862
1781277549225
-3080.69 -3.06926
-1842.45 -1.8449
1781277549231
-3010.68 -3.07192
-1820.27 -1.84491
1781277549244
-3096.86 -3.06227
-1871 -1.85924
1781277549259
-3027 -3.06365
-1848.43 -1.85831
1781277549275
-3113.08 -3.05396
-1899.34 -1.87243
1781277549291
-3043.35 -3.05635
-1876.41 -1.87193
1781277549297
-2983.37 -3.0483
-1837.59 -1.88684
1781277549310
-3059.74 -3.04721
-1904.21 -1.88398
1781277549324
-3000.04 -3.03752
-1864.95 -1.89766
1781277549341
-3076.17 -3.03636
-1931.82 -1.89451
1781277549349
-3016.74 -3.02766
-1892.15 -1.90853
1781277549359
-3092.65 -3.02829
-1959.26 -1.90628
1781277549376
-3033.48 -3.0218
-1919.18 -1.92152
1781277549392
-2964.7 -3.02502
-1894.23 -1.9207
1781277549409
-3050.26 -3.01561
-1946.04 -1.93387
1781277549415
-2981.61 -3.01764
-1920.79 -1.93207
1781277549427
-3067.08 -3.00826
-1972.76 -1.945
1781277549442
-2998.55 -3.01132
-1947.21 -1.94359
1781277549458
-2940.1 -3.00356
-1906.06 -1.95734
1781277549475
-3015.53 -3.00318
-1973.48 -1.95351
1781277549483
-2957.33 -2.99382
-1931.97 -1.96602
1781277549497
-3032.55 -2.99336
-1999.61 -1.9619
1781277549509
-2974.59 -2.98494
-1957.74 -1.97479
1781277549524
-3049.61 -2.98623
-2025.6 -1.97162
1781277549542
-2991.9 -2.98
-1983.38 -1.98578
1781277549559
-2924.22 -2.98381
-1956.14 -1.98411
1781277549565
-3009.24 -2.97471
-2008.9 -1.99619
1781277549575
-2941.67 -2.97735
-1981.42 -1.99354
1781277549592
-3026.62 -2.96827
-2034.29 -2.00542
1781277549608
-2959.15 -2.97189
-2006.57 -2.00326
1781277549625
-2902.06 -2.98481
-1963.5 -1.98571
1781277549631
-2997.24 -2.98423
-2001.14 -1.98221
1781277549643
-2939.93 -2.96454
-1958.34 -2.0098
1781277549658
-3004.68 -2.95441
-2041.24 -2.01997
1781277549674
-2937.58 -2.96729
-2012.85 -2.00113
1781277549693
-3032.9 -2.96868
-2050.53 -1.99785
1781277549701
-2976.03 -2.95226
-2007.11 -2.0267
1781277549715
-2898.92 -2.9465
-1993.45 -2.03906
1781277549728
-2973.26 -2.95904
-2061.78 -2.01929
1781277549742
-2927.23 -2.96185
-2002.68 -2.01642
1781277549759
-3012.27 -2.96326
-2055.48 -2.01276
1781277549775
-2955.75 -2.95657
-2011.57 -2.02577
1781277549783
-2889.09 -2.95987
-1982.52 -2.02265
1781277549794
-2974.13 -2.94995
-2035.33 -2.03282
1781277549808
-2907.55 -2.95191
-2006.1 -2.02825
1781277549825
-2992.54 -2.94199
-2059 -2.03799
1781277549842
-2926.04 -2.94498
-2029.59 -2.0338
1781277549850
-3010.99 -2.9368
-2082.57 -2.04445
1781277552528
2417 -11.0801
-1040.58 -104.855
1781277552542
-90.5682 -79.9025
-42.3957 -186.535
1781277552558
-187.651 -176.769
-69.19 -234.316
1781277552566
-286.914 -289.229
-87.6366 -252.421
1781277552576
-388.581 -410.294
-94.8927 -237.846
1781277552591
-491.44 -530.673
-92.1206 -204.439
1781277552608
-593.336 -650.56
-89.1738 -162.557
1781277552626
-694.347 -714.072
-88.7769 -115.817
1781277552642
-795.863 -847.041
-81.2547 -74.8142
1781277552649
-895.341 -975.23
-91.4576 -27.8239
1781277552661
-994.381 -1103.38
-105.828 13.3034
1781277552676
-1093.62 -1223.8
-118.231 52.726
1781277552692
-1132.48 -1331.74
-130.534 87.8117
1781277552708
-1169.59 -1423.68
-140.262 125.92
1781277552714
-1205.64 -1507.98
-142.8 170.857
1781277552727
-1240.38 -1588.78
-141.007 208.89
1781277552741
-1272.2 -1660.91
-149.073 241.469
1781277552758
-1303.91 -1733.98
-144.14 279.7
1781277552775
-1334.16 -1800.27
-137.872 327.577
1781277552782
-1361.76 -1861.24
-141.221 376.981
1781277552793
-1390.2 -1910.33
-122.728 432.605
1781277552809
-1417.56 -1952.95
-96.3495 487.048
1781277552825
-1443.07 -1906.26
-70.3361 518.028
1781277552842
-1466.9 -1961.67
-43.5399 596.517
1781277552849
-1489.16 -2017.37
-2.58128 670.99
1781277552861
-1509.36 -2067.39
29.8996 749.968
1781277552876
-1527.32 -2116.18
75.2711 829.924
1781277552891
-1543.86 -2143.78
107.211 921.595
1781277552908
-1556.71 -2082.26
162.724 949.37
1781277552924
-1569.04 -1952.4
201.566 941.012
1781277552933
-1579.73 -2049.1
239.886 1034.32
1781277552941
-1600.98 -2132.01
201.085 1116.22
1781277552957
-1595.38 -2201.31
321.828 1204.61
1781277552976
-1616.4 -2258.7
285.149 1288.15
1781277552992
-1602.17 -2198.78
411.984 1325.76
1781277552999
-1621.87 -2247.47
383.076 1422.94
1781277553011
-1619.15 -2268.36
441.082 1528.87
1781277553025
-1613.51 -2189.66
500.111 1556.08
1781277553042
-1608.25 -2030.05
550.259 1537.83
1781277553058
-1597.94 -1832.97
608.249 1464.14
1781277553064
-1588.45 -1605.16
657.892 1365.72
1781277553077
-1573.28 -1833.98
715.49 1594.22
1781277553092
-1592.16 -2020.47
695.816 1784.58
1781277553110
-1543.66 -2146.19
814.296 1966.73
1781277553128
-1562.49 -2221.6
795.422 2134.03
1781277553136
-1529.13 -2250.69
872.509 2280.08
1781277553148
-1500.48 -2260.4
934.172 2393.26
1781277553160
-1518.58 -2248.28
918.378 2488.95
1781277553176
-1441.52 -2140.97
1045.24 2473.61
1781277553193
-1462.2 -2159.97
1027.06 2551.24
1781277553210
-1387.14 -2183.02
1135.08 2600.51
1781277553215
-1422.71 -2174.29
1097.1 2640.14
1781277553228
-1392.24 -2185.93
1143.59 2642.79
1781277553243
-1384.95 -2188.29
1160.08 2648.59
1781277553259
-1427.34 -2224.51
1115.87 2618.77
1781277553277
-1378.66 -2249.2
1181.77 2600.53
1781277553283
-1429.58 -2185.93
1126.91 2483.17
1781277553293
-1377.14 -2254.69
1196.22 2483.94
1781277553308
-1431.3 -2329.69
1137.27 2463.19
1781277553327
-1387.59 -2282.43
1195.56 2365.39
1781277553343
-1442.16 -2385.85
1132.63 2350.2
1781277553354
-1450.01 -2458.41
1127.9 2360.26
1781277553362
-1452.68 -2547.85
1129.59 2345.25
1781277553376
-1464.13 -2613.33
1119.63 2341.04
1781277553392
-1467.75 -2681.74
1119.58 2316.44
1781277553409
-1476.91 -2733.65
1111.96 2300.82
1781277553425
-1481.24 -2782.25
1110.47 2288.03
1781277553431
-1484.56 -2843.18
1110.09 2260.28
1781277553444
-1491.73 -2903.54
1104.34 2223.44
1781277553458
-1501.96 -2952.42
1094.12 2192.32
1781277553474
-1509.02 -2994.78
1087.94 2154.2
1781277553485
-1517.35 -3065.75
1079.71 2060.54
1781277553497
-1541.83 -3145.19
1047.82 1933.81
1781277553510
-1575.36 -3241.24
1000.04 1763.59
1781277553526
-1618.89 -3337.15
931.341 1573.48
1781277553543
-1662.79 -3420.08
854.027 1383.01
1781277553559
-1702.61 -3498.06
775.305 1160.44
1781277553571
-1744.8 -3566.7
679.035 924.427
1781277553581
-1783.58 -3619.66
573.986 681.04
1781277553592
-1817.06 -3662.75
462.435 436.684
1781277553605
-1843.53 -3685.04
348.742 211.982
1781277553619
-1861.7 -3696.52
242.386 -20.3473
1781277553635
-1874.12 -3698.75
128.881 -235.485
1781277553645
-1879.51 -3693.49
20.5425 -430.322
1781277553662
-1878.92 -3670
-80.386 -647.336
1781277553676
-1871.66 -3641.41
-193.177 -828.384
1781277553693
-1860.17 -3604.31
-289.27 -993.936
1781277553703
-1844.59 -3564.97
-380.366 -1126.75
1781277553715
-1828.71 -3523.55
-454.019 -1214.94
1781277553730
-1816.52 -3466.47
-503.519 -1313.58
1781277553745
-1800.76 -3399.29
-559.798 -1398.26
1781277553758
-1784.07 -3321.05
-493.553 -1474.49
1781277553777
-1772.5 -3225.92
-430.33 -1561.66
1781277553785
-1763.42 -3120.64
-379.453 -1648.79
1781277553793
-1758.35 -3022.46
-333.958 -1697.59
1781277553812
-1759.63 -2925.69
-276.97 -1727.84
1781277553826
-1764.48 -2830.61
-216.24 -1736.32
1781277553841
-1772.15 -2731.06
-147.705 -1744.01
1781277553859
-1780.68 -2624.29
-81.4318 -1746.58
1781277553865
-1786.01 -2520.75
-92.3493 -1741.08
1781277553876
-1791.39 -2430.66
-95.6653 -1710.73
1781277553892
-1797.31 -2358.28
-82.6719 -1658.95
1781277553909
-1803.47 -2289.68
-51.6408 -1600.13
1781277553926
-1808.9 -2222.95
-14.7085 -1530.94
1781277553934
-1813.24 -2154.62
29.8426 -1465.32
1781277553944
-1816.26 -2171.98
74.2024 -1447.82
1781277553958
-1815.78 -2159.04
148.262 -1424.01
1781277553975
-1813.98 -2125.27
206.267 -1385.12
1781277553991
-1810.98 -2074.46
258.452 -1327.8
1781277554000
-1806.06 -2013.65
312.072 -1263.29
1781277554010
-1799.88 -1868.31
363.12 -1144.41
1781277554026
-1796.41 -1729.39
395.014 -1052
1781277554043
-1794.82 -1607.88
415.768 -972.582
1781277554059
-1793.1 -1562.67
435.463 -960.122
1781277554067
-1789.77 -1489.28
459.931 -962.286
1781277554080
-1793.49 -1415.81
455.803 -953.723
1781277554094
-1797.41 -1333.41
450.288 -944.784
1781277554108
-1803.23 -1237.86
436.397 -937.585
1781277554125
-1812 -1087.51
408.624 -870.578
1781277554137
-1822.71 -1003.82
368.708 -871.441
1781277554145
-1832.51 -920.957
327.975 -862.274
1781277554162
-1841.53 -829.216
285.568 -849.293
1781277554172
-1850.73 -737.918
233.063 -829.719
1781277554186
-1858.12 -652.172
182.646 -799.283
1781277554201
-1864.09 -573.043
131.396 -760.017
1781277554215
-1868.26 -498.982
86.7797 -710.987
1781277554230
-1871 -427.4
53.1803 -655.057
1781277554244
-1872.97 -373.283
27.1041 -588.156
1781277554258
-1874.14 -320.307
37.0277 -519.872
1781277554275
-1875.31 -273.872
42.0674 -449.114
1781277554285
-1875.66 -226.187
70.837 -382.036
1781277554293
-1876.04 -135.812
88.9962 -248.351
1781277554310
-1876.04 -103.711
109.439 -201.998
1781277554326
-1876.06 -72.5436
125.765 -154.674
1781277554343
-1875.28 -42.3138
149.822 -108.785
1781277554349
-1875.51 -13.3073
158.459 -63.8633
1781277554361
-1875.34 10.7382
170.529 -24.9818
1781277554376
-1875.93 79.893
173.398 74.9474
1781277554393
-1876.9 86.1249
171.489 88.8468
1781277554409
-1877.46 91.0885
173.765 100.229
1781277554425
-1877.33 96.7008
182.764 108.617
1781277554442
-1877.36 98.7415
189.509 117.802
1781277554448
-1877.36 148.46
195.933 185.376
1781277554460
-1879.2 133.957
183.753 167.909
1781277554470
-1878.28 170.862
198.695 215.19
1781277554483
-1879.65 191.654
190.857 242.72
1781277554497
-1880.14 149.331
191.231 193.686
1781277554510
-1880.75 113.149
190.321 147.402
1781277554526
-1880.75 85.3749
194.985 109.533
1781277554543
-1881.86 58.6613
188.679 75.0608
1781277554559
-1882.6 36.0484
185.557 46.7436
1781277554567
-1884.45 17.7733
170.378 23.8158
1781277554577
-1885.01 1.16582
168.617 5.15671
1781277554592
-1886.3 37.346
158.06 53.6052
1781277554609
-1886.96 17.7229
154.317 23.249
1781277554627
-1887.9 1.6688
146.691 0.185219
1781277554633
-1888.13 -11.0603
147.849 -14.7018
1781277554646
-1888.93 -19.8036
141.435 -26.6349
1781277554660
-1888.86 -24.7499
146.194 -31.3338
1781277554675
-1889.54 -30.5906
140.795 -35.8176
1781277554693
-1889.5 -31.3962
144.859 -37.7072
1781277554709
-1890.38 -31.9183
136.301 -37.4382
1781277554715
-1889.83 -33.6048
146.879 -36.9747
1781277554726
-1890.21 -30.8311
144.792 -34.7918
1781277554742
-1890.17 -25.7625
148.077 -31.9901
1781277554759
-1890.86 25.2445
141.74 33.2847
1781277554771
-1890.81 13.0381
144.824 18.2364
1781277554781
-1891.09 2.43048
143.579 6.73253
1781277554796
-1890.84 -7.59899
149.1 -3.56771
1781277554810
-1891.61 -20.1741
141.216 -11.4602
1781277554825
-1891.19 9.13195
148.719 47.7564
1781277554841
-1892.23 -18.6019
136.892 25.148
1781277554858
-1892.37 -48.2786
136.856 7.92539
1781277554866
-1893.1 -81.5451
128.414 -6.02312
1781277554878
-1893.44 -122.056
125.236 -21.0894
1781277554893
-1894.15 -165.358
116.043 -31.9547
1781277554903
-1894.15 -216.585
117.828 -42.1199
1781277554917
-1894.74 -274.576
109.885 -51.081
1781277554931
-1895.34 -340.013
100.978 -61.3679
1781277554944
-1895.88 -412.05
92.2074 -71.3567
1781277554958
-1896.07 -489.799
90.1442 -85.0589
1781277554975
-1896.71 -572.221
77.763 -93.8036
1781277554991
-1896.56 -655.029
83.3768 -107.686
1781277554998
-1897.09 -744.262
72.4265 -115.054
1781277555010
-1897.1 -833.613
74.089 -127.515
1781277555024
-1897.45 -890.701
66.6055 -84.3038
1781277555043
-1897.7 -972.176
60.9614 -112.453
1781277555059
-1897.9 -1051.75
56.714 -132.605
1781277555076
-1897.79 -1107.45
62.2989 -107.037
1781277555082
-1898.2 -1186.02
50.2645 -134.572
1781277555092
-1897.85 -1245.77
63.7102 -116.689
1781277555108
-1898.17 -1307.75
55.3975 -101.727
1781277555125
-1897.99 -1394.18
62.5444 -151.944
1781277555144
-1897.79 -1475
69.6647 -184.986
1781277555150
-1897.33 -1549.41
82.1443 -221.265
1781277555162
-1897.27 -1618.14
84.3417 -242.324
1781277555177
-1896.83 -1683.1
94.5134 -265.451
1781277555193
-1897.01 -1748.33
91.5483 -276.756
1781277555201
-1896.55 -1810.31
101.18 -298.797
1781277555214
-1896.82 -1864.87
96.6431 -274.262
1781277555226
-1897.05 -1920.54
92.7856 -300.592
1781277555243
-1897.18 -1974.35
90.6162 -309.564
1781277555259
-1896.6 -2028.7
102.354 -322.472
1781277555276
-1896.42 -2084.93
106.07 -324.77
1781277555292
-1895.65 -2143.94
119.323 -332.444
1781277555300
-1895.1 -2202.31
128.118 -334.547
1781277555308
-1894.21 -2252.93
140.944 -340.044
1781277555327
-1893.53 -2305.73
149.896 -332.356
1781277555344
-1892.19 -2355.71
166.114 -335.05
1781277555350
-1891.33 -2407.05
175.76 -325.083
1781277555364
-1889.48 -2458.74
194.768 -327.026
1781277555376
-1888 -2404.14
208.662 -303.073
1781277555393
-1885.61 -2483.55
229.345 -299.536
1781277555409
-1883.13 -2561.55
248.914 -281.425
1781277555420
-1878.76 -2629.84
279.965 -271.825
1781277555430
-1874.89 -2694.52
304.775 -247.049
1781277555446
-1868.56 -2751.36
341.36 -223.644
1781277555459
-1862.23 -2808.43
374.271 -221.039
1781277555475
-1857.92 -2865.58
394.973 -207.806
1781277555492
-1851.73 -2913.22
422.919 -197.998
1781277555502
-1844.94 -2837.63
451.483 -164.466
1781277555813
-350.759 -2253
2280.27 -922.762
1781277555825
-139.963 -2179.6
990.157 -844.666
1781277555843
-147.445 -2107.15
988.443 -752.624
1781277555858
-145.985 -2031.53
989.287 -659.576
1781277555876
-143.025 -1951.94
989.719 -560.01
1781277555882
-135.601 -1869.14
990.764 -462.479
1781277555895
-126.46 -1735.92
991.972 -364.878
1781277555909
-119.403 -1569.88
992.846 -274.315
1781277555926
-113.802 -1511.91
993.503 -237.212
1781277555932
-122.876 -1443.91
992.422 -206.071
1781277555942
-135.39 -1370.67
990.792 -184.931
1781277555959
-153.166 -1290.14
988.2 -170.299
1781277555975
-175.538 -1205.01
984.473 -160.331
1781277555992
-201.868 -1117.85
979.413 -152.098
1781277556008
-230.58 -1024.89
973.053 -144.365
1781277556014
-258.084 -931.92
966.122 -133.32
1781277556026
-283.856 -839.355
958.867 -125.632
1781277556041
-311.643 -745.212
950.199 -111.68
1781277556057
-333.535 -648.733
942.738 -96.5234
1781277556074
-352.135 -553.435
935.949 -81.2872
1781277556082
-369.278 -460.036
929.319 -67.4553
1781277556092
-383.997 -373.368
923.334 -55.0348
1781277556109
-398.204 -287.348
917.297 -42.8202
1781277556125
-405.31 -208.396
914.179 -33.8674
1781277556142
-414.223 -135.363
910.176 -23.1086
1781277556150
-420.239 -69.004
907.414 -17.6132
1781277556162
-428.6 -12.7864
903.494 -12.5506
1781277556177
-436.157 36.6904
899.871 -8.70887
1781277556192
-442.854 77.111
896.594 -5.12144
1781277556210
-451.013 110.779
892.517 -0.704983
1781277556218
-455.468 136.244
886.32 2.05023
1781277556228
-456.591 151.964
882.105 2.8982
1781277556243
-460.135 160.616
876.922 3.149
1781277556259
-464.774 166.49
871.433 1.7727
1781277556276
-466.448 165.087
867.812 1.58886
1781277556284
-468.598 159.378
864.243 1.2323
1781277556294
-472.703 151.797
859.915 2.07288
1781277556310
-487.261 136.687
873.257 2.86627
1781277556327
-488.654 119.68
871.09 1.98896
1781277556341
-490.912 101.676
868.764 0.455759
1781277556358
-493.597 83.3963
866.522 -0.927152
1781277556374
-497.638 65.5955
863.827 -1.57333
1781277556382
-502.135 50.3623
861.183 0.392697
1781277556393
-474.421 38.1762
876.791 0.882539
1781277556409
-485.003 27.1288
870.948 -0.809463
1781277556426
-470.447 18.4793
878.926 -1.1339
1781277556433
-487.483 10.0645
869.565 -2.06902
1781277556444
-471.111 5.03469
878.568 -3.40676
1781277556459
-487.572 -0.0998771
869.518 0.545104
1781277556475
-467.855 -3.00831
880.305 -1.45879
1781277556491
-485.5 -4.72214
870.678 -0.0319418
1781277556497
-469.087 -5.5226
879.648 -0.958348
1781277556512
-484.807 -6.3144
871.065 -0.0927928
1781277556524
-468.635 -6.35958
879.888 -0.185919
1781277556541
-487.285 -8.6777
869.681 -0.332471
1781277556557
-470.603 -7.02918
878.836 0.801136
1781277556576
-488.118 -5.62551
869.214 1.14568
1781277556582
-469.445 -5.41987
879.456 -1.18017e-05
1781277556592
-490.24 -3.98467
868.019 0.358914
1781277556609
-472.716 -3.72109
877.702 -1.12715
1781277556625
-487.934 -3.59775
869.318 -2.05752
1781277556642
-470.62 -3.66246
878.827 -2.01908
1781277556652
-487.29 -4.33677
869.68 -0.123115
1781277556660
-470.362 -2.63599
878.965 2.13542
1781277556677
-489.094 -1.68898
868.665 0.915921
1781277556693
-472.054 -1.32962
878.058 -0.0132818
1781277556708
-490.632 -0.766705
867.798 -0.390257
1781277556716
-472.412 -0.134897
877.865 1.65289
1781277556726
-490.319 3.71118
867.974 1.22519
1781277556743
-473.409 8.80458
877.329 -2.10765
1781277556759
-490.533 16.0882
867.851 -3.61843
1781277556775
-473.95 28.06
877.041 -9.20823
1781277556792
-492.289 35.7782
866.851 -13.0445
1781277556798
-476.121 63.3268
875.868 -20.3433
1781277556810
-493.69 81.1417
866.041 -25.169
1781277556825
-486.882 126.585
869.868 -40.4236
1781277556841
-489.872 176.447
868.187 -57.5066
1781277556858
-490.472 230.667
867.847 -74.3351
1781277556866
-497.667 288.936
863.74 -89.3543
1781277556877
-502.592 351.622
860.882 -101.847
1781277556893
-513.819 422.493
854.226 -118.473
1781277556909
-524.412 494.498
847.761 -128.596
1781277556926
-541.212 565.168
837.132 -136.243
1781277556932
-552.274 635.819
829.871 -146.384
1781277556944
-561.99 709.3
823.318 -153.589
1781277556959
-573.131 785.313
815.596 -158.871
1781277556975
-587.232 863.354
805.496 -158.127
1781277557460
-3208.52 2868.93
721.268 759.709
1781277557475
-3322.61 2918.94
625.06 765.006
1781277557492
-3435.39 2840.34
524.941 752.479
1781277557498
-3547.66 2919.11
413.446 734.178
1781277557510
-3652.35 2866.46
357.836 685.288
1781277557525
-3757.24 2957.52
306.567 653.372
1781277557542
-3681.39 3038.5
352.588 612.704
1781277557558
-3783.01 3110.58
316.812 548.034
1781277557574
-3712.85 3172.2
294.468 480.566
1781277557582
-3804.94 3220.18
386.032 418.328
1781277557595
-3899.33 3261.73
443.341 351.91
1781277557609
-3822.01 3296.46
487.718 293.504
1781277557626
-3914.84 3325.47
547.839 237.522
1781277557634
-3837.78 3350.86
581.208 194.016
1781277557646
-3932.33 3376.22
623.935 152.197
1781277557661
-3927.49 3398.11
653.592 92.2205
1781277557675
-3846.48 3415.57
614.796 54.9468
1781277557692
-3769.03 3434.64
645.211 40.6818
1781277557708
-3868.39 3458.63
657.346 11.9543
1781277557716
-3795.94 3477.74
657.152 -30.9378
1781277557729
-3888.62 3495.1
707.152 -58.8594
1781277557741
-3815.07 3516.15
712.037 -89.5375
1781277557757
-3910.14 3533.95
747.446 -143.07
1781277557776
-3901.63 3549.54
790.63 -215.694
1781277557782
-3888.11 3553.34
854.559 -312.55
1781277557796
-3866.23 3533.9
948.64 -458.506
1781277557809
-3827.44 3489.69
1094.66 -657.612
1781277557825
-3784.04 3426.51
1232.42 -874.773
1781277557842
-3703.09 3346.63
1457.57 -1094.87
1781277557858
-3595.9 3239.32
1704.95 -1322.61
1781277557866
-3460.63 3108.29
1965.02 -1545.47
1781277557877
-3298.59 3058.34
2226.32 -1723.12
1781277557891
-2989.39 2967.56
2314.41 -1849.86
1781277557908
-2799.8 2897.74
2398.3 -1922.8
1781277557924
-2654.33 2843.04
2427.86 -1957.03
1781277557932
-2543.47 2828.09
2422.26 -1932.56
1781277557945
-2490.79 2908.84
2360.66 -1836.75
1781277557959
-2639.91 2995.38
2346.04 -1692.35
1781277557975
-2827.82 3071.47
2278.75 -1523.04
1781277557992
-3031.22 3132.97
2176.53 -1326.16
1781277557998
-3247 3182.24
2034.42 -1093.27
1781277558010
-3474.12 3213.96
1840.83 -845.248
1781277558025
-3667.31 3212.43
1597.13 -619.325
1781277558041
-3768.34 3183.49
1341.47 -453.82
1781277558058
-3830.27 3136.3
1152.8 -348.835
1781277558074
-3862.58 3077.84
1039.42 -296.879
1781277558082
-3874.62 3010.73
993.56 -284.094
1781277558093
-3872.57 2941.29
1001.52 -295.113
1781277558107
-3860.59 2868.64
1046.72 -358.032
1781277558126
-3824.41 2790.49
1171.99 -447.838
1781277558142
-3767.72 2699.82
1343.1 -553.992
1781277558148
-3688.57 2597.92
1547.25 -674.673
1781277558161
-3583.17 2485.6
1777.75 -800.627
1781277558175
-3457.28 2374.73
2011.63 -906.077
1781277558192
-3333.24 2281.33
2211.09 -976.797
1781277558209
-3233.14 2213.38
2355.02 -1010.73
1781277558216
-3216.87 2160.35
2377.23 -1026.38
1781277558228
-3120.6 2136.13
2502.37 -985.874
1781277558241
-3204.54 2124.72
2393.57 -918.735
1781277558258
-3256.57 2119.55
2322.12 -833.945
1781277558274
-3351.36 2113.63
2183.08 -751.696
1781277558295
-3445.7 2107.99
2030.91 -663.105
1781277558300
-3538.88 2098.2
1863.8 -573.596
1781277558321
-3624.62 2082.99
1691.03 -486.349
1781277558332
-3697.85 2058.7
1524.25 -415.456
1781277558349
-3749.2 2021.61
1393.17 -377.637
1781277558365
-3774.52 1978.06
1323.02 -357.745
1781277558367
-3783.17 1925.41
1298.09 -374.72
1781277558384
-3762.42 1865.98
1357.05 -403.815
1781277558398
-3725.54 1794.62
1455.24 -449.666
1781277558415
-3663.58 1717.29
1604.85 -502.157
1781277558431
-3582.91 1632.65
1777.67 -546.586
1781277558448
-3497.72 1543.69
1939.92 -585.692
1781277558450
-3414.98 1472.56
2082.12 -613.972
1781277558467
-3343.89 1411.36
2194.48 -633.349
1781277558483
-3284.88 1369.46
2281.85 -627.805
1781277558501
-3273.22 1338.25
2298.55 -608.885
1781277558503
-3299.09 1322.3
2261.27 -567.404
1781277558518
-3374.27 1306.25
2147.46 -532.752
1781277558534
-3445.18 1292.83
2031.75 -495.36
1781277558548
-3516.97 1278.18
1904.79 -449.008
1781277558565
-3593.49 1259.04
1756.16 -403.214
1781277558581
-3660.77 1232.87
1611.23 -364.26
1781277558590
-3709.62 1199.29
1495.32 -339.053
1781277558600
-3735.36 1157.54
1429.82 -329.794
1781277558614
-3734.1 1107.57
1433.1 -334.606
1781277558630
-3705.02 1049.44
1506.7 -342.919
1781277558649
-3659.18 986.254
1614.84 -352.204
1781277558659
-3596.03 915.957
1750.96 -361.434
1781277558669
-3516.44 845.065
1905.76 -363.551
1781277558682
-3436.92 778.179
2045.69 -353.839
1781277558698
-3392.97 717.831
2117.79 -340.15
1781277558715
-3365.64 666.867
2160.96 -318.509
1781277558724
-3373.87 625.339
2148.09 -295.71
1781277558736
-3409.92 590.342
2090.39 -272.253
1781277558748
-3479.71 552.397
1972.02 -260.785
1781277558765
-3529.12 518.143
1882.19 -251.468
1781277558781
-3582.28 487.141
1778.92 -243.166
1781277558784
-3637.81 459.217
1662.42 -236.288
1781277558805
-3690.39 429.433
1542.18 -231.611
1781277558818
-3720.25 393.925
1468.68 -231.232
1781277558833
-3726.65 359.716
1452.37 -231.42
1781277558849
-3714.66 324.066
1482.75 -228.695
1781277558866
-3688.09 284.96
1547.67 -221.225
1781277558882
-3654 247.506
1626.52 -204.198
1781277558899
-3617.47 207.259
1706.23 -186.225
1781277558901
-3580.15 168.009
1783.19 -163.305
1781277558916
-3541.95 131.815
1857.92 -136.454
1781277558932
-3510.2 99.2086
1917.23 -107.579
1781277558948
-3504.07 69.2578
1928.4 -80.1646
1781277558950
-3506.5 37.1836
1923.98 -56.7371
1781277558967
-3521.3 10.3824
1896.77 -36.2868
1781277558981
-3541.78 -13.1886
1858.25 -17.7769
1781277559000
-3566.53 -32.7144
1810.28 -2.5597
1781277559001
-3572.3 -51.1608
1798.87 9.84297
1781277559018
-3580.6 -64.0437
1782.29 19.128
1781277559032
-3582.98 -69.1354
1777.51 25.942
1781277559049
-3583.23 -71.5432
1777 28.8381
1781277559066
-3586.49 -72.8064
1770.42 29.2885
1781277559082
-3601.88 -69.0039
1738.88 27.9676
1781277559098
-3618.86 -62.6073
1703.26 26.0669
1781277559100
-3618.02 -54.29
1705.04 25.068
1781277559117
-3607.86 -44.8817
1726.45 23.2655
1781277559133
-3614.65 -36.6844
1712.19 20.537
1781277559147
-3620.31 -29.2437
1700.18 17.2867
1781277559166
-3625.89 -22.0319
1688.25 16.415
1781277559168
-3619.7 -17.3907
1701.48 14.7125
1781277559185
-3616.71 -11.6783
1707.82 12.0149
1781277559199
-3610.18 -7.87225
1721.58 9.30372
1781277559215
-3617.88 -2.98101
1705.35 6.23782
1781277559232
-3619.78 1.47931
1701.31 5.05495
1781277559248
-3624.54 4.80301
1691.15 2.58251
1781277559251
-3620.62 5.05156
1699.53 1.78758
1781277559266
-3617.28 4.58513
1706.61 1.89534
1781277559282
-3610.65 5.15204
1720.6 2.17472
1781277559298
-3618.91 5.22526
1703.17 1.01021
1781277559300
-3619.46 5.15261
1702 -1.44325
1781277559316
-3616.67 5.45352
1707.91 -0.388065
1781277559333
-3612.68 3.36532
1716.33 0.239274
1781277559350
-3619.2 2.20527
1702.55 0.320073
1781277559366
-3622.47 0.984102
1695.57 0.0737717
1781277559369
-3628.87 0.229229
1681.83 0.854936
1781277559384
-3636.46 0.424803
1665.36 1.27935
1781277559399
-3619.86 1.48259
1701.15 0.841924
1781277559416
-3610.88 1.64466
1720.12 -0.966784
1781277559432
-3617.72 2.2947
1705.69 -2.79632
1781277559435
-3623.4 1.84097
1693.58 -2.38198
1781277559451
-3619.3 -0.376222
1702.34 -2.68502
1781277559467
-3616.28 0.971345
1708.73 -1.09877
1781277559481
-3626.83 2.07197
1686.22 -0.852441
1781277559499
-3626.25 0.933522
1687.47 -0.114154
1781277559501
-3629.21 -0.144558
1681.09 -0.014279
1781277559520
-3633.35 -1.31409
1672.14 0.93928
1781277559532
-3624.62 -3.40252
1690.98 0.979132
1781277559549
-3616.05 -2.00459
1709.23 -0.907475
1781277559565
-3622.87 -2.89088
1694.72 -0.68372
1781277559582
-3626.51 -1.16697
1686.92 -1.07705
1781277559583
-3630.43 1.04695
1678.46 -1.57954
1781277559600
-3633.88 -0.319249
1670.98 -1.48994
1781277559615
-3622.74 0.0129702
1695.01 -0.266637
1781277559631
-3617.11 0.643937
1706.97 0.862075
1781277559648
-3625.66 0.0465391
1688.75 -0.0654529
1781277559657
-3627.65 0.423189
1684.47 1.19564
1781277559667
-3622.86 0.188464
1694.74 -0.257013
1781277559683
-3626.76 1.98268
1686.37 -1.55745
1781277559700
-3635.47 1.44296
1667.52 -0.308942
1781277559716
-3634.23 -0.168427
1670.23 1.03654
1781277559718
-3633.02 -0.69308
1672.86 1.07258
1781277559735
-3635.42 -1.27494
1667.63 -1.41244
1781277559751
-3638.39 -0.885059
1661.14 -1.4376
1781277559766
-3630.92 -1.2622
1677.4 -1.16814
1781277559782
-3629.15 -1.25794
1681.24 -1.28709
1781277559801
-3626.72 -1.51988
1686.48 0.242661
1781277559803
-3632.1 -1.22961
1674.85 0.289947
1781277559817
-3635 -1.22772
1668.54 -0.00254504
1781277559832
-3639.63 1.09686
1658.43 0.157896
1781277559850
-3632.52 2.19582
1673.93 -0.682783
1781277559864
-3627.48 3.05678
1684.83 -0.223676
1781277559873
-3625.18 3.25346
1689.78 0.42445
1781277559884
-3620.45 3.01906
1699.88 -1.58229
1781277559899
-3617.02 1.79554
1707.18 -0.430426
1781277559916
-3627.34 0.733117
1685.13 -1.44737
1781277559933
-3629.23 1.45552
1681.07 -2.70535
1781277559935
-3633.84 0.607384
1671.07 -2.65953
1781277559951
-3640.17 0.452446
1657.24 -0.817089
1781277559965
-3627.08 -0.39384
1685.69 -1.53984
1781277559984
-3615.81 -1.11256
1709.73 -1.19418
1781277560001
-3621.96 -1.04771
1696.66 0.630557
1781277560003
-3628.67 0.769931
1682.28 1.33006
1781277560021
-3625.71 -0.134212
1688.63 1.41181
1781277560033
-3619.1 -0.521998
1702.76 2.26315
1781277560049
-3629.68 0.0645965
1680.08 1.41795
1781277560065
-3628.08 -1.50665
1683.55 0.495561
1781277560082
-3635.59 -3.47397
1667.26 0.337408
1781277560084
-3631.96 -2.95541
1675.15 1.8922
1781277560101
-3627.9 -2.53282
1683.93 1.64724
1781277560116
-3623.08 -0.790913
1694.28 0.652978
1781277560133
-3628.06 -0.751731
1683.59 0.424919
1781277560151
-3627.57 0.106742
1684.65 0.768509
1781277560159
-3630.94 -0.639964
1677.37 -0.228579
1781277560171
-3635.77 -0.648132
1666.86 0.217855
1781277560184
-3621.95 0.889127
1696.7 -0.694623
1781277560198
-3604.38 2.59008
1733.71 -1.64348
1781277560217
-3613.46 2.16623
1714.69 -0.880812
1781277560219
-3626.13 1.60888
1687.73 -0.638685
1781277560236
-3623.43 -3.27724
1693.53 0.417262
1781277560249
-3617.53 -8.79579
1706.1 -0.466804
1781277560266
-3625.87 -18.3337
1688.29 -0.377793
1781277560282
-3622.59 -29.9826
1695.31 -1.09392
1781277560299
-3626.34 -51.1645
1687.3 -2.60959
1781277560308
-3624.97 -78.4427
1690.23 -3.10751
1781277560317
-3622.13 -115.008
1696.31 -5.35488
1781277560331
-3630.7 -159.772
1677.88 -4.80404
1781277560348
-3643.92 -211.824
1648.97 -6.77194
1781277560364
-3644.96 -275.377
1646.67 -6.4432
1781277560367
-3634.06 -347.202
1670.58 -6.34522
1781277560385
-3629.86 -425.367
1679.69 -9.6532
1781277560400
-3649.16 -509.725
1637.33 -12.4843
1781277560416
-3664.73 -598.153
1602.18 -9.92661
1781277560433
-3663.32 -691.452
1605.38 -5.82156
1781277560435
-3661.68 -781.925
1609.13 -9.60983
1781277560451
-3668.68 -866.698
1593.08 -10.8723
1781277560466
-3671.27 -947.355
1587.09 -3.98478
1781277560482
-3657.39 -1026.94
1618.82 -0.365097
1781277560498
-3655.37 -1105.42
1623.36 5.91442
1781277560515
-3645.39 -1184.36
1645.62 8.3927
1781277560531
-3641.21 -1262.77
1654.84 3.93464
1781277560540
-3647.13 -1341.58
1641.75 -6.86748
1781277560552
-3658.12 -1417.52
1617.09 7.26207
1781277560566
-3640.39 -1492.54
1656.59 14.9109
1781277560583
-3629.76 -1563.28
1679.74 9.66273
1781277560585
-3636.18 -1633.21
1665.77 -1.03067
1781277560601
-3647.83 -1699.97
1640.08 13.605
1781277560616
-3631.36 -1766.15
1676.2 19.5508
1781277560632
-3625.53 -1831.44
1688.74 7.76762
1781277560649
-3634.56 -1894.44
1669.19 -8.42943
1781277560650
-3647.25 -1956.72
1641.23 -14.3526
1781277560661
-3651.33 -2015.41
1632.11 -23.3401
1781277560675
-3655.8 -2076.69
1622.03 -27.0077
1781277560693
-3656.61 -2136.95
1620.16 -53.2969
1781277560708
-3673.81 -2196.98
1580.74 -57.3323
1781277560726
-3673.11 -2252.04
1582.31 -46.766
1781277560732
-3665.14 -2306.18
1600.64 -52.309
1781277560745
-3666.63 -2361.6
1597.18 -63.8435
1781277560759
-3670.85 -2413.83
1587.39 -82.0884
1781277560776
-3680.4 -2464.04
1565.07 -107.5
1781277560792
-3693.53 -2514.12
1533.77 -125.491
1781277560800
-3701.54 -2562.25
1514.26 -143.361
1781277560811
-3707.24 -2609.89
1500.18 -160.807
1781277560825
-3712.37 -2656.95
1487.38 -173.945
1781277560842
-3714.93 -2704.1
1480.89 -184.918
1781277560858
-3715.2 -2751.29
1480.12 -192.774
1781277560866
-3714.8 -2797.33
1481.03 -193.386
1781277560878
-3708.93 -2838.47
1495.57 -188.318
1781277560892
-3699.61 -2879.96
1518.39 -182.448
1781277560909
-3690.19 -2921.67
1541.05 -166.8
1781277560925
-3676.36 -2961.43
1573.66 -164.821
1781277560942
-3668.25 -3037.71
1592.35 -180.564
1781277560958
-3667.65 -3098.98
1593.6 -201.766
1781277560964
-3669.12 -3152.62
1590.07 -187.22
1781277560975
-3653.23 -3195.57
1626.1 -169.823
1781277560991
-3634.87 -3254.87
1666.59 -172.243
1781277561010
-3623.18 -3296.11
1691.7 -154.271
1781277561016
-3604.26 -3326.64
1731.48 -131.167
1781277561026
-3581.23 -3350.14
1778.47 -95.3414
1781277561043
-3549.61 -3326.5
1840.6 -71.9827
1781277561059
-3531.52 -3345.92
1874.94 -32.3176
1781277561076
-3496.09 -3363.97
1940.05 -5.58419
1781277561084
-3466.01 -3352.67
1993.11 2.69118
1781277561510
-1658.82 -3947.88
3093.52 598.96
1781277561855
-1471.88 -3988.55
2866.08 665.334
1781277565866
-1614.82 3925.59
1677.77 95.6011
1781277565883
-1521.56 3977.51
1740.04 96.5265
1781277565885
-1415.05 4020.54
1820.51 83.1474
1781277565900
-1302.77 4057.05
1909.67 94.0824
1781277565916
-1204.94 4086.37
1993.38 119.934
1781277565925
-1120.28 4106.91
2075.06 150.686
1781277565942
-1042.2 4121.53
2159.66 176.876
1781277565950
-963.995 4135.99
2250.41 209.532
1781277566259
-3083.44 4319.25
1353.13 443.889
1781277566275
-2962.58 4309.4
1352.92 466.482
1781277566292
-2862.44 4297.44
1342.83 480.946
1781277566298
-2887.46 4283.1
1456.18 473.183
1781277566310
-2779.7 4340.99
1469.33 442.395
1781277566325
-2793.79 4299.59
1612.11 389.664
1781277566341
-2669.37 4257.15
1656.96 341.08
1781277566358
-2679.13 4215.71
1806.83 314.23
1781277566374
-2564.8 4222.9
1835.58 289.696
1781277566382
-2587.09 4218.46
1968.93 287.751
1781277566395
-2525.14 4205.09
1932.26 289.746
1781277566409
-2666.88 4239.05
1909.02 317.684
1781277566425
-2627.07 4249.77
1841.64 350.05
1781277566442
-2781.23 4241.96
1791.76 382.175
1781277566458
-2737.74 4216.48
1727.07 423.566
1781277566467
-2891.76 4178.24
1665.73 451.935
1781277566475
-2987.77 4129.82
1699.18 446.917
1781277566491
-2971.21 4067.56
1581.73 438.398
1781277566508
-3020.15 3864.82
1701.47 418.134
1781277566516
-2999.88 3832.7
1587.51 390.174
1781277566528
-3113.72 3795.45
1586.15 344.232
1781277566541
-2984.89 3746.82
1676.2 294.428
1781277566557
-3084.57 3686.85
1700.65 235.977
1781277566576
-3029.54 3615.76
1653.41 193.011
1781277566582
-3045.38 3539.16
1827.28 146.828
1781277566596
-2994.69 3451.26
1771.31 108.096
1781277566609
-3057.27 3351.64
1861.33 66.437
1781277566624
-2978.66 3241.87
1852.67 48.0905
1781277566640
-3056.82 3124.99
1916.19 55.4994
1781277566657
-3003.07 3002.98
1867.31 62.4835
1781277566666
-3092.64 2875.84
1912.54 92.2903
1781277567019
-3049.47 2740.67
1846.17 103.45
1781277567021
-3140.51 21.9262
1888.78 0.467778
1781277567043
-2957.03 -7.65541
2327.75 2.69419
1781277567055
-2909.84 -29.3266
2272.11 4.3274
1781277567067
-2988.55 -44.3085
2333.79 5.53401
1781277567082
-2927.65 -53.7643
2295.71 6.50039
1781277567100
-2861.06 -58.7788
2264.82 7.19525
1781277567117
-2927.7 -60.3194
2341.66 7.63204
1781277567119
-2859.92 -59.2392
2311.98 7.83826
1781277567133
-2925.09 -56.2668
2390.34 7.83991
1781277567149
-2857.42 -52.0127
2360.18 7.67396
1781277567165
-2790.24 -46.9742
2329.29 7.37438
1781277567167
-2854.57 -41.5487
2408.19 6.97466
1781277567185
-2787.78 -36.0473
2376.5 6.50595
1781277567201
-2851.45 -30.702
2455.89 5.99997
1781277567215
-2785.17 -25.6806
2423.32 5.48451
1781277567231
-2848.15 -21.0896
2503.2 4.97757
1781277567248
-2782.3 -16.9957
2469.86 4.49762
1781277567256
-2716.95 -13.424
2435.82 4.05409
1781277567268
-2779.18 -10.3756
2516.14 3.65457
1781277567283
-2714.27 -7.83072
2481.35 3.30535
1781277567299
-2775.83 -5.75307
2562.16 3.00637
1781277567316
-2711.36 -4.10265
2526.63 2.76031
1781277567325
-2647.38 -2.82863
2490.46 2.56278
1781277567336
-2708.2 -1.88146
2571.68 2.41003
1781277567349
-2644.66 -1.21183
2534.81 2.2993
1781277567365
-2704.82 -0.770318
2616.5 2.22369
1781277567381
-2641.72 -0.516399
2578.95 2.1812
1781277567390
-2701.23 -0.408222
2661.09 2.16436
1781277567400
-2638.56 -0.411715
2622.86 2.16798
1781277567417
-2576.4 -0.499731
2584.03 2.1905
1781277567430
-2635.22 -0.64188
2666.54 2.22378
1781277567449
-2573.5 -0.820727
2627.07 2.26734
1781277567466
-2631.69 -1.01735
2709.99 2.31571
1781277567482
-2570.42 -1.22171
2669.88 2.36921
1781277567485
-2509.64 -1.42154
2629.2 2.42311
1781277567501
-2567.19 -1.61031
2712.46 2.47535
1781277567516
-2506.86 -1.78354
2671.17 2.5261
1781277567532
-2563.81 -1.93627
2754.82 2.57225
1781277567549
-2503.94 -2.07019
2712.92 2.6164
1781277567557
-2560.3 -2.18277
2796.94 2.65573
1781277567560
-2500.88 -2.27528
2754.45 2.68995
1781277567582
-2441.95 -2.35161
2711.44 2.72223
1781277567598
-2497.71 -2.40852
2795.76 2.74851
1781277567607
-2439.23 -2.45106
2752.19 2.77249
1781277567617
-2494.43 -2.49559
2836.85 2.78109
1781277567633
-2450.61 -2.5436
2780.26 2.77566
1781277567649
-2420.62 -2.58722
2711.38 2.76058
1781277567666
-2511.97 -2.59136
2763.68 2.76759
1781277567682
-2460.56 -2.59051
2713.88 2.77336
1781277567684
-2524.35 -2.58407
2791.02 2.77603
1781277567699
-2473.22 -2.57379
2740.95 2.77627
1781277567715
-2536.99 -2.56866
2818.1 2.76918
1781277567732
-2493.18 -2.5506
2761.42 2.77783
1781277567734
-2435.48 -2.52538
2717.26 2.79227
1781277567750
-2485.02 -2.50104
2807.05 2.80553
1781277567765
-2420.8 -2.49949
2768.41 2.80011
1781277567782
-2491.09 -2.48223
2839.78 2.80646
1781277567798
-2434.23 -2.4745
2794.61 2.80823
1781277567800
-2384.8 -2.46665
2742.94 2.8095
1781277567819
-2447.92 -2.45903
2820.57 2.81032
1781277567834
-2398.75 -2.43083
2768.67 2.83044
1781277567850
-2440.04 -2.41692
2865.02 2.83567
1781277567866
-2384.33 -2.39788
2818.62 2.84878
1781277567883
-2431.91 -2.39351
2909.27 2.8486
1781277567892
-2384.02 -2.39126
2856.2 2.85117
1781277567901
-2336.29 -2.3761
2803 2.86781
1781277567917
-2383.66 -2.35352
2893.61 2.8891
1781277567932
-2314.64 -2.35383
2857.76 2.89194
1781277567948
-2375.79 -2.34476
2936.92 2.89898
1781277567967
-2321.84 -2.34433
2888.66 2.90147
1781277567969
-2275.54 -2.34278
2834.24 2.90305
1781277567983
-2336.63 -2.34048
2913.44 2.9039
1781277568000
-2290.53 -2.31604
2858.84 2.9229
1781277568017
-2329.15 -2.30571
2955.87 2.92739
1781277568019
-2276.28 -2.30424
2906.58 2.9276
1781277568036
-2336.73 -2.30388
2986.25 2.92899
1781277568051
-2406.25 -2.28213
3058.79 2.94992
1781277568069
-2442.9 -2.2797
3157.03 2.96254
1781277568084
-2390.27 -2.27432
3107.42 2.98682
1781277568098
-2421.67 -2.28582
3183.63 3.00094
1781277568115
-2377.59 -2.28396
3127.41 3.03015
1781277568131
-2317.93 -2.29737
3082.97 3.04696
1781277568140
-2377.35 -2.30793
3163.41 3.06079
1781277568150
-2333.86 -2.31601
3106.74 3.07187
1781277568167
-2393.42 -2.29895
3187.08 3.09909
1781277568183
-2326.09 -2.29939
3148.16 3.11545
1781277568193
-2368.47 -2.30658
3223.41 3.12446
1781277568203
-2325.91 -2.3286
3166.04 3.12018
1781277568216
-2299.28 -2.31065
3096.91 3.14743
1781277568232
-2334.42 -2.29857
3195.23 3.16422
1781277568250
-2276.23 -2.31104
3149.21 3.16319
1781277568266
-2343.11 -2.31304
3224.25 3.16615
1781277568283
-2301.26 -2.31579
3166.36 3.17048
1781277568285
-2351.88 -2.31739
3235.53 3.1734
1781277568300
-2310.18 -2.31809
3177.54 3.17516
1781277568315
-2268.54 -2.29411
3119.5 3.19405
1781277568334
-2303.27 -2.28543
3217.75 3.19779
1781277568344
-2254.16 -2.2696
3165.05 3.20843
1781277568346
-2296.2 -2.25323
3257.82 3.21741
1781277568364
-2239.39 -2.23712
3210.41 3.22479
1781277568378
-2272.45 -2.24591
3291.8 3.2153
1781277568391
-2240.95 -2.23942
3226.74 3.22094
1781277568405
-2193.02 -2.24103
3173.05 3.22086
1781277568419
-2250.87 -2.22425
3254.62 3.23012
1781277568432
-2194.97 -2.22535
3206.38 3.22922
1781277568449
-2252.61 -2.20884
3288.11 3.23872
1781277568465
-2196.96 -2.21088
3239.6 3.23901
1781277568467
-2246.38 -2.21222
3309.65 3.23895
1781277568483
-2207.62 -2.21301
3249.63 3.23862
1781277568499
-2168.89 -2.18896
3189.59 3.25531
1781277568516
-2201.53 -2.18091
3288.2 3.25792
1781277568532
-2155.11 -2.1657
3233.3 3.26765
1781277568534
-2195.31 -2.15018
3326.64 3.276
1781277568553
-2140.99 -2.13502
3276.85 3.28298
1781277568565
-2172.6 -2.14527
3358.54 3.27399
1781277568582
-2144.07 -2.13988
3291.9 3.27971
1781277568598
-2098.74 -2.1428
3236.18 3.27997
1781277568615
-2155.16 -2.12707
3318.77 3.28897
1781277568617
-2101.66 -2.11271
3268.3 3.29913
1781277568633
-2140.8 -2.09991
3361.98 3.30972
1781277568648
-2087.77 -2.11352
3311.02 3.3058
1781277568666
-2144.42 -2.10855
3376.6 3.31204
1781277568682
-2100.01 -2.11315
3320.19 3.31469
1781277568685
-2064.19 -2.11673
3258.32 3.31641
1781277568699
-2120.19 -2.11945
3341.23 3.31737
1781277568715
-2084.42 -2.09675
3279.33 3.33466
1781277568732
-2114.9 -2.09052
3378.33 3.33826
1781277568748
-2071.19 -2.07682
3321.42 3.34866
1781277568765
-2101.99 -2.07984
3403.18 3.34696
1781277568767
-2067.25 -2.08368
3340.68 3.34736
1781277568784
-2032.46 -2.088
3278.21 3.34928
1781277568798
-2088.08 -2.06418
3361.38 3.36334
1781277568814
-2028.03 -2.05874
3314.49 3.36665
1781277568823
-2074.63 -2.06073
3403.21 3.36267
1781277568837
-2040.54 -2.06181
3340.33 3.35732
1781277568852
-2088.44 -2.03694
3411.51 3.36785
1781277568866
-2028.68 -2.03185
3364.25 3.37035
