time_ms,target_vx,target_vy,target_vr,optflow_body_vx,optflow_body_vy,optflow_kf_vx,optflow_kf_vy,wheel_chassis_vx,wheel_chassis_vy,fused_chassis_vx,fused_chassis_vy,odom_vx,odom_vy
570593,0,0,0,0,0,0,0,0,0,0,0,0,0
570603,0,0,0,0,0,0,0,0,0,0,0,0,0
570613,0,0,0,0,0,0,0,0,0,0,0,0,0
570623,0,0,0,0,0,0,0,0,0,0,0,0,0
570633,0,0,0,0,0,0,0,0,0,0,0,0,0
570643,0,0,0,0,0,0,0,0,0,0,0,0,0
570653,0,0,0,0,0,0,0,0,0,0,0,0,0
570663,0,0,0,0,0,0,0,0,0,0,0,0,0
570673,0,0,0,0,0,0,0,0,0,0,0,0,0
570683,0,0,0,0,0,0,0,0,0,0,0,0,0
570693,0,0,0,0,0,0,0,0,0,0,0,0,0
570703,0,0,0,0,0,0,0,0,0,0,0,0,0
570713,0,0,0,0,0,0,0,0,0,0,0,0,0
570723,0,0,0,0,0,0,0,0,0,0,0,0,0
570733,0,0,0,0,0,0,0,0,0,0,0,0,0
570743,0,0,0,0,0,0,0,0,0,0,0,0,0
570753,0,0,0,0,0,0,0,0,0,0,0,0,0
570763,0,0,0,0,0,0,0,0,0,0,0,0,0
570772,0,0,0,0,0,0,0,0,0,0,0,0,0
570782,0,0,0,0,0,0,0,0,0,0,0,0,0
570792,0,0,0,0,0,0,0,0,0,0,0,0,0
570802,0,0,0,0,0,0,0,0,0,0,0,0,0
570812,0,0,0,0,0,0,0,0,0,0,0,0,0
570822,0,0,0,0,0,0,0,0,0,0,0,0,0
570832,0,0,0,0,0,0,0,0,0,0,0,0,0
570842,0,0,0,0,0,0,0,0,0,0,0,0,0
570852,0,0,0,0,0,0,0,0,0,0,0,0,0
570862,0,0,0,0,0,0,0,0,0,0,0,0,0
570872,0,0,0,0,0,0,0,0,0,0,0,0,0
570883,0,0,0,0,0,0,0,0,0,0,0,0,0
570892,0,0,0,0,0,0,0,0,0,0,0,0,0
570902,0,0,0,0,0,0,0,0,0,0,0,0,0
570912,0,0,0,0,0,0,0,0,0,0,0,0,0
570922,0,0,0,0,0,0,0,0,0,0,0,0,0
570932,0,0,0,0,0,0,0,0,0,0,0,0,0
570942,0,0,0,0,0,0,0,0,0,0,0,0,0
570952,0,0,0,0,0,0,0,0,0,0,0,0,0
570962,0,0,0,0,0,0,0,0,0,0,0,0,0
570972,0,0,0,0,0,0,0,0,0,0,0,0,0
570982,0,0,0,0,0,0,0,0,0,0,0,0,0
570992,0,0,0,0,0,0,0,0,0,0,0,0,0
571002,0,0,0,0,0,0,0,0,0,0,0,0,0
571012,0,0,0,0,0,0,0,0,0,0,0,0,0
571024,0,0,0,0,0,0,0,0,0,0,0,0,0
571032,0,0,0,0,0,0,0,0,0,0,0,0,0
571042,0,0,0,0,0,0,0,0,0,0,0,0,0
571052,0,0,0,0,0,0,0,0,0,0,0,0,0
571062,0,0,0,0,0,0,0,0,0,0,0,0,0
571072,0,0,0,0,0,0,0,0,0,0,0,0,0
571082,0,0,0,0,0,0,0,0,0,0,0,0,0
571092,0,0,0,0,0,0,0,0,0,0,0,0,0
571102,0,0,0,0,0,0,0,0,0,0,0,0,0
571112,0,0,0,0,0,0,0,0,0,0,0,0,0
571122,0,0,0,0,0,0,0,0,0,0,0,0,0
571132,0,0,0,0,0,0,0,0,0,0,0,0,0
571142,0,0,0,0,0,0,0,0,0,0,0,0,0
571152,0,0,0,0,0,0,0,0,0,0,0,0,0
571162,0,0,0,0,0,0,0,0,0,0,0,0,0
571172,0,0,0,0,0,0,0,0,0,0,0,0,0
571182,0,0,0,0,0,0,0,0,0,0,0,0,0
571192,0,0,0,0,0,0,0,0,0,0,0,0,0
571202,0,0,0,0,0,0,0,0,0,0,0,0,0
571212,0,0,0,0,0,0,0,0,0,0,0,0,0
571222,0,0,0,0,0,0,0,0,0,0,0,0,0
571232,0,0,0,0,0,0,0,0,0,0,0,0,0
571242,0,0,0,0,0,0,0,0,0,0,0,0,0
571252,0,0,0,0,0,0,0,0,0,0,0,0,0
571262,0,0,0,0,0,0,0,0,0,0,0,0,0
571272,0,0,0,0,0,0,0,0,0,0,0,0,0
571282,0,0,0,0,0,0,0,0,0,0,0,0,0
571292,0,0,0,0,0,0,0,0,0,0,0,0,0
571302,0,0,0,0,0,0,0,0,0,0,0,0,0
571312,0,0,0,0,0,0,0,0,0,0,0,0,0
571322,0,0,0,0,0,0,0,0,0,0,0,0,0
571332,0,0,0,0,0,0,0,0,0,0,0,0,0
571342,0,0,0,0,0,0,0,0,0,0,0,0,0
571352,0,0,0,0,0,0,0,0,0,0,0,0,0
571362,0,0,0,0,0,0,0,0,0,0,0,0,0
571372,0,0,0,0,0,0,0,0,0,0,0,0,0
571382,0,0,0,0,0,0,0,0,0,0,0,0,0
571392,0,0,0,0,0,0,0,0,0,0,0,0,0
571402,0,0,0,0,0,0,0,0,0,0,0,0,0
571412,0,0,0,0,0,0,0,0,0,0,0,0,0
571422,0,0,0,0,0,0,0,0,0,0,0,0,0
571432,0,0,0,0,0,0,0,0,0,0,0,0,0
571442,0,0,0,0,0,0,0,0,0,0,0,0,0
571452,0,0,0,0,0,0,0,0,0,0,0,0,0
571462,0,0,0,0,0,0,0,0,0,0,0,0,0
571472,0,0,0,0,0,0,0,0,0,0,0,0,0
571482,0,0,0,0,0,0,0,0,0,0,0,0,0
571492,0,0,0,0,0,0,0,0,0,0,0,0,0
571502,0,0,0,0,0,0,0,0,0,0,0,0,0
571512,0,0,0,0,0,0,0,0,0,0,0,0,0
571522,0,0,0,0,0,0,0,0,0,0,0,0,0
571532,0,0,0,0,0,0,0,0,0,0,0,0,0
571542,0,0,0,0,0,0,0,0,0,0,0,0,0
571552,0,0,0,0,0,0,0,0,0,0,0,0,0
571562,0,0,0,0,0,0,0,0,0,0,0,0,0
571572,0,0,0,0,0,0,0,0,0,0,0,0,0
571582,0,0,0,0,0,0,0,0,0,0,0,0,0
571592,0,0,0,0,0,0,0,0,0,0,0,0,0
571602,0,0,0,0,0,0,0,0,0,0,0,0,0
571612,0,0,0,0,0,0,0,0,0,0,0,0,0
571622,0,0,0,0,0,0,0,0,0,0,0,0,0
571632,0,0,0,0,0,0,0,0,0,0,0,0,0
571642,0,0,0,0,0,0,0,0,0,0,0,0,0
571652,0,0,0,0,0,0,0,0,0,0,0,0,0
571662,0,0,0,0,0,0,0,0,0,0,0,0,0
571672,0,0,0,0,0,0,0,0,0,0,0,0,0
571682,0,0,0,0,0,0,0,0,0,0,0,0,0
571692,0,0,0,0,0,0,0,0,0,0,0,0,0
571702,0,0,0,0,0,0,0,0,0,0,0,0,0
571712,0,0,0,0,0,0,0,0,0,0,0,0,0
571722,0,0,0,0,0,0,0,0,0,0,0,0,0
571732,0,0,0,0,0,0,0,0,0,0,0,0,0
571742,0,0,0,0,0,0,0,0,0,0,0,0,0
571752,0,0,0,0,0,0,0,0,0,0,0,0,0
571762,0,0,0,0,0,0,0,0,0,0,0,0,0
571772,0,0,0,0,0,0,0,0,0,0,0,0,0
571782,0,0,0,0,0,0,0,0,0,0,0,0,0
571792,0,0,0,0,0,0,0,0,0,0,0,0,0
571802,0,0,0,0,0,0,0,0,0,0,0,0,0
571812,0,0,0,0,0,0,0,0,0,0,0,0,0
571822,0,0,0,0,0,0,0,0,0,0,0,0,0
571832,0,0,0,0,0,0,0,0,0,0,0,0,0
571842,0,0,0,0,0,0,0,0,0,0,0,0,0
571852,0,0,0,0,0,0,0,0,0,0,0,0,0
571862,0,0,0,0,0,0,0,0,0,0,0,0,0
571872,0,0,0,0,0,0,0,0,0,0,0,0,0
571882,0,0,0,0,0,0,0,0,0,0,0,0,0
571892,0,0,0,0,0,0,0,0,0,0,0,0,0
571902,0,0,0,0,0,0,0,0,0,0,0,0,0
571912,0,0,0,0,0,0,0,0,0,0,0,0,0
571922,0,0,0,0,0,0,0,0,0,0,0,0,0
571932,0,0,0,0,0,0,0,0,0,0,0,0,0
571942,0,0,0,0,0,0,0,0,0,0,0,0,0
571952,0,0,0,0,0,0,0,0,0,0,0,0,0
571962,0,0,0,0,0,0,0,0,0,0,0,0,0
571972,0,0,0,0,0,0,0,0,0,0,0,0,0
571982,0,0,0,0,0,0,0,0,0,0,0,0,0
571992,0,0,0,0,0,0,0,0,0,0,0,0,0
572002,0,0,0,0,0,0,0,0,0,0,0,0,0
572012,0,0,0,0,0,0,0,0,0,0,0,0,0
572022,0,0,0,0,0,0,0,0,0,0,0,0,0
572032,0,0,0,0,0,0,0,0,0,0,0,0,0
572042,0,0,0,0,0,0,0,0,0,0,0,0,0
572052,0,0,0,0,0,0,0,0,0,0,0,0,0
572062,0,0,0,0,0,0,0,0,0,0,0,0,0
572072,0,0,0,0,0,0,0,0,0,0,0,0,0
572082,0,0,0,0,0,0,0,0,0,0,0,0,0
572092,0,0,0,0,0,0,0,0,0,0,0,0,0
572102,0,0,0,0,0,0,0,0,0,0,0,0,0
572112,0,0,0,0,0,0,0,0,0,0,0,0,0
572122,0,0,0,0,0,0,0,0,0,0,0,0,0
572132,0,0,0,0,0,0,0,0,0,0,0,0,0
572142,0,0,0,0,0,0,0,0,0,0,0,0,0
572152,0,0,0,0,0,0,0,0,0,0,0,0,0
572162,0,0,0,0,0,0,0,0,0,0,0,0,0
572172,0,0,0,0,0,0,0,0,0,0,0,0,0
572182,0,0,0.174,0,0,0,0,0,0,0,0,0,0
572192,0,0,0.174,0,0,0,0,0,0,0,0,0,0
572202,0,0,0.174,0,0,0,0,0,0,0,0,0,0
572212,0,0,0.174,0,0,0,0,0,0,0,0,0,0
572222,0,0,0.174,0,0,0,0,0,0,0,0,0,0
572232,0,0,0.174,0,0,0,0,0,0,0,0,0,0
572242,0,0,0.174,0,0,0,0,0,0,0,0,0,0
572252,0,0,0.174,0,0,0,0,0,0,0,0,0,0
572262,0,0,0.174,0,0,0,0,0,0,0,0,0,0
572272,0,0,0.174,0,0,0,0,0,0,0,0,0,0
572282,0,0,0.174,0,0,0,0,0,0,0,0,0,0
572292,0,0,0.174,0,0,0,0,0,0,0,0,0,0
572302,0,0,0.174,0,0,0,0,-0.001,0,0,0,0,0
572312,0,0,0.174,0,0,0,0,-0.001,0,0,0,0,0
572322,0,0,0.174,0,0,0,0,-0.001,-0.001,0,0,0,0
572332,0,0,0.174,0,0,0,0,0,0,0,0,0,0
572342,0,0,0.174,0,0,0,0,-0.001,0,0,0,0,0
572352,0,0,0.174,0,0,0,0,0,0,0,0,0,0
572362,0,0,0.174,0,0,0,0,0,0,0,0,0,0
572372,0,0,0.174,0,0,0,0,0,0,0,0,0,0
572382,0,0,0.174,0,0,0,0,0,0,0,0,0,0
572392,0,0,0.174,0,0,0,0,0,0,0,0,0,0
572402,0,0,0.174,0,0,0,0,0,0,0,0,0,0
572412,0,0,0.174,0,0,0,0,0,0,0,0,0,0
572422,0,0,0.174,0,0,0,0,0,0,0,0,0,0
572432,0,0,0.174,0,0,0,0,0,0,0,0,0,0
572442,0,0,0.174,0,0,0,0,0,0,0,0,0,0
572452,0,0,0.174,0,0,0,0,0,0,0,0,0,0
572462,0,0,0.174,0,0,0,0,0,0,0,0,0,0
572472,0,0,0.174,0,0,0,0,0,-0.001,0,0,0,0
572482,0,0,0.174,0,0,0,0,0,-0.001,0,0,0,0
572492,0,0,0.174,0,0,0,0,0,-0.001,0,0,0,0
572502,0,0,0.174,0,0,0,0,0,0,0,0,0,0
572512,0,0,0.174,0,0,0,0,0,-0.001,0,0,0,0
572522,0,0,0.174,0,0,0,0,-0.001,0,0,0,0,0
572532,0,0,0.174,0,0,0,0,-0.001,-0.001,0,0,0,0
572542,0,0,0.174,0,0,0,0,0,0,0,0,0,0
572552,0,0,0.174,0,0,0,0,-0.001,0,0,0,0,0
572562,0,0,0.174,0,0,0,0,-0.001,0,0,0,0,0
572572,0,0,0.174,0,0,0,0,-0.001,0,0,0,0,0
572582,0,0,0.174,0,0,0,0,-0.001,0,0,0,0,0
572592,0,0,0.174,0,0,0,0,-0.001,0,0,0,0,0
572602,0,0,0.174,0,0,0,0,0,0,0,0,0,0
572612,0,0,0.174,0,0,0,0,-0.001,0,0,0,0,0
572622,0,0,0.174,0,0,0,0,0,0,0,0,0,0
572632,0,0,0.174,0,0,0,0,0,0,0,0,0,0
572642,0,0,0.174,0,0,0,0,0,0,0,0,0,0
572652,0,0,0.174,0,0,0,0,0,0,0,0,0,0
572662,0,0,0.174,0,0,0,0,0,0,0,0,0,0
572672,0,0,0.174,0,0,0,0,0,0,0,0,0,0
572682,0,0,0.174,0,0,0,0,0,0,0,0,0,0
572692,0,0,0.174,0,0,0,0,0,0,0,0,0,0
572702,0,0,0.174,0,0,0,0,0,0,0,0,0,0
572712,0,0,0.174,0,0,0,0,0,0,0,0,0,0
572723,0,0,0.174,0,0,0,0,0,0,0,0,0,0
572732,0,0,0.174,0,0,0,0,0,0,0,0,0,0
572742,0,0,0.174,0,0,0,0,0,0,0,0,0,0
572752,0,0,0.174,0,0,0,0,0,0,0,0,0,0
572762,0,0,0.174,0,0,0,0,0,0,0,0,0,0
572772,0,0,0.174,0,0,0,0,0,0,0,0,0,0
572782,0,0,0.174,0,0,0,0,0,0,0,0,0,0
572792,0,0,0.174,0,0,0,0,0,0,0,0,0,0
572802,0,0,0.174,0,0,0,0,0,0,0,0,0,0
572812,0,0,0.174,0,0,0,0,0,0,0,0,0,0
572822,0,0,0.174,0,0,0,0,0,0,0,0,0,0
572832,0,0,0.174,0,0,0,0,0,0,0,0,0,0
572842,0,0,0.174,0,0,0,0,0,0,0,0,0,0
572852,0,0,0.174,0,0,0,0,0,0,0,0,0,0
572862,0,0,0.174,0,0,0,0,0,0,0,0,0,0
572872,0,0,0.174,0,0,0,0,0,0,0,0,0,0
572882,0,0,0.174,0,0,0,0,0,0,0,0,0,0
572892,0,0,0.174,0,0,0,0,0,0,0,0,0,0
572902,0,0,0.174,0,0,0,0,0,0,0,0,0,0
572912,0,0,0.174,0,0,0,0,0,0,0,0,0,0
572922,0,0,0.174,0,0,0,0,0,0,0,0,0,0
572932,0,0,0.174,0,0,0,0,0,0,0,0,0,0
572942,0,0,0.174,0,0,0,0,0,0,0,0,0,0
572952,0,0,0.174,0,0,0,0,0,0,0,0,0,0
572962,0,0,0.174,0,0,0,0,0,0,0,0,0,0
572972,0,0,0.174,0,0,0,0,0,0,0,0,0,0
572982,0,0,0.174,0,0,0,0,0,0,0,0,0,0
572992,0,0,0.174,0,0,0,0,0,0,0,0,0,0
573002,0,0,0.174,0,0,0,0,0,0,0,0,0,0
573012,0,0,0.174,0,0,0,0,0,0,0,0,0,0
573022,0,0,0.174,0,0,0,0,0,0,0,0,0,0
573032,0,0,0.174,0,0,0,0,0,0,0,0,0,0
573042,0,0,0.174,0,0,0,0,0,0,0,0,0,0
573052,0,0,0.174,0,0,0,0,0,0,0,0,0,0
573062,0,0,0.174,0,0,0,0,0,0,0,0,0,0
573072,0,0,0.174,0,0,0,0,0,0,0,0,0,0
573082,0,0,0.174,0,0,0,0,0,0,0,0,0,0
573092,0,0,0.174,0,0,0,0,0,0,0,0,0,0
573102,0,0,0.174,0,0,0,0,0,0,0,0,0,0
573112,0,0,0.174,0,0,0,0,0,0,0,0,0,0
573122,0,0,0.174,0,0,0,0,0,0,0,0,0,0
573132,0,0,0.174,0,0,0,0,0,0,0,0,0,0
573142,0,0,0.174,0,0,0,0,0,0,0,0,0,0
573152,0,0,0.174,0,0,0,0,0,0,0,0,0,0
573162,0,0,0.174,0,0,0,0,0,0,0,0,0,0
573172,0,0,0.174,0,0,0,0,0,0,0,0,0,0
573182,0,0,0.174,0,0,0,0,0,0,0,0,0,0
573192,0,0,0.174,0,0,0,0,0,0,0,0,0,0
573202,0,0,0.174,0,0,0,0,0,0,0,0,0,0
573212,0,0,0.174,0,0,0,0,0,0,0,0,0,0
573222,0,0,0.174,0,0,0,0,0,0,0,0,0,0
573232,0,0,0.174,0,0,0,0,0,0,0,0,0,0
573242,0,0,0.174,0,0,0,0,0,0,0,0,0,0
573252,0,0,0.174,0,0,0,0,0,0,0,0,0,0
573262,0,0,0.174,0,0,0,0,0,0,0,0,0,0
573272,0,0,0.174,0,0,0,0,0,0,0,0,0,0
573282,0,0,0.174,0,0,0,0,0,0,0,0,0,0
573292,0,0,0.174,0,0,0,0,0,0,0,0,0,0
573302,0,0,0.174,0,0,0,0,0,0,0,0,0,0
573312,0,0,0.174,0,0,0,0,0,0,0,0,0,0
573322,0,0,0.174,0,0,0,0,0,0,0,0,0,0
573332,0,0,0.174,0,0,0,0,0,0,0,0,0,0
573342,0,0,0.174,0,0,0,0,0,0,0,0,0,0
573352,0,0,0.174,0,0,0,0,0,0,0,0,0,0
573362,0,0,0.174,0,0,0,0,0,0,0,0,0,0
573372,0,0,0.174,0,0,0,0,0,0,0,0,0,0
573382,0,0,0.174,0,0,0,0,0,0,0,0,0,0
573392,0,0,0.174,0,0,0,0,0,0,0,0,0,0
573402,0,0,0.174,0,0,0,0,0,0,0,0,0,0
573412,0,0,0.174,0,0,0,0,0,0,0,0,0,0
573422,0,0,0.174,0,0,0,0,0,0,0,0,0,0
573432,0,0,0.174,0,0,0,0,0,0,0,0,0,0
573442,0,0,0.174,0,0,0,0,0,0,0,0,0,0
573452,0,0,0.174,0,0,0,0,0,0,0,0,0,0
573462,0,0,0.174,0,0,0,0,0,0,0,0,0,0
573472,0,0,0.174,0,0,0,0,0,0,0,0,0,0
573482,0,0,0.174,0,0,0,0,0,0,0,0,0,0
573492,0,0,0.174,0,0,0,0,0,0,0,0,0,0
573502,0,0,0.174,0,0,0,0,0,0,0,0,0,0
573512,0,0,0.174,0,0,0,0,0,0,0,0,0,0
573522,0,0,0.174,0,0,0,0,0,0,0,0,0,0
573532,0,0,0.174,0,0,0,0,0,0,0,0,0,0
573542,0,0,0.174,0,0,0,0,0,0,0,0,0,0
573552,0,0,0.174,0,0,0,0,0,0,0,0,0,0
573562,0,0,0.174,0,0,0,0,0,0,0,0,0,0
573572,0,0,0.174,0,0,0,0,0,0,0,0,0,0
573582,0,0,0.174,0,0,0,0,0,0,0,0,0,0
573592,0,0,0.174,0,0,0,0,0,0,0,0,0,0
573602,0,0,0.174,0,0,0,0,0,0,0,0,0,0
573612,0,0,0.174,0,0,0,0,0,0,0,0,0,0
573622,0,0,0.174,0,0,0,0,0,0,0,0,0,0
573632,0,0,0.174,0,0,0,0,0,0,0,0,0,0
573642,0,0,0.174,0,0,0,0,0,0,0,0,0,0
573652,0,0,0.174,0,0,0,0,0,0,0,0,0,0
573662,0,0,0.174,0,0,0,0,0,0,0,0,0,0
573672,0,0,0.174,0,0,0,0,0,0,0,0,0,0
573682,0,0,0.174,0,0,0,0,0,0,0,0,0,0
573692,0,0,0.174,0,0,0,0,0,0,0,0,0,0
573702,0,0,0.174,0,0,0,0,0,0,0,0,0,0
573712,0,0,0.174,0,0,0,0,0,0,0,0,0,0
573722,0,0,0.174,0,0,0,0,0,0,0,0,0,0
573732,0,0,0.174,0,0,0,0,0,0,0,0,0,0
573742,0,0,0.174,0,0,0,0,0,0,0,0,0,0
573752,0,0,0.174,0,0,0,0,0,0,0,0,0,0
573762,0,0,0.174,0,0,0,0,0,0,0,0,0,0
573772,0,0,0.174,0,0,0,0,0,0,0,0,0,0
573782,0,0,0.174,0,0,0,0,0,0,0,0,0,0
573792,0,0,0.174,0,0,0,0,0,0,0,0,0,0
573802,0,0,0.174,0,0,0,0,0,0,0,0,0,0
573812,0,0,0.174,0,0,0,0,0,0,0,0,0,0
573822,0,0,0.174,0,0,0,0,0,0,0,0,0,0
573832,0,0,0.174,0,0,0,0,0,0,0,0,0,0
573842,0,0,0.174,0,0,0,0,0,0,0,0,0,0
573852,0,0,0.174,0,0,0,0,0,0,0,0,0,0
573862,0,0,0.174,0,0,0,0,0,0,0,0,0,0
573872,0,0,0.174,0,0,0,0,0,0,0,0,0,0
573882,0,0,0.174,0,0,0,0,0,0,0,0,0,0
573892,0,0,0.174,0,0,0,0,0,0,0,0,0,0
573902,0,0,0.174,0,0,0,0,0,0,0,0,0,0
573912,0,0,0.174,0,0,0,0,0,0,0,0,0,0
573922,0,0,0.174,0,0,0,0,0,0,0,0,0,0
573932,0,0,0.174,0,0,0,0,0,0,0,0,0,0
573942,0,0,0.174,0,0,0,0,0,0,0,0,0,0
573952,0,0,0.174,0,0,0,0,0,0,0,0,0,0
573962,0,0,0.174,0,0,0,0,0,0,0,0,0,0
573972,0,0,0.174,0,0,0,0,0,0,0,0,0,0
573982,0,0,0.174,0,0,0,0,0,0,0,0,0,0
573992,0,0,0.174,0,0,0,0,0,0,0,0,0,0
574002,0,0,0.174,0,0,0,0,0,0,0,0,0,0
574012,0,0,0.174,0,0,0,0,0,0,0,0,0,0
574022,0,0,0.174,0,0,0,0,0,0,0,0,0,0
574032,0,0,0.174,0,0,0,0,0,0,0,0,0,0
574042,0,0,0.174,0,0,0,0,0,0,0,0,0,0
574052,0,0,0.174,0,0,0,0,0,0,0,0,0,0
574062,0,0,0.174,0,0,0,0,0,0,0,0,0,0
574072,0,0,0.174,0,0,0,0,0,0,0,0,0,0
574082,0,0,0.174,0,0,0,0,0,0,0,0,0,0
574092,0,0,0.174,0,0,0,0,0,0,0,0,0,0
574102,0,0,0.174,0,0,0,0,0,0,0,0,0,0
574112,0,0,0.174,0,0,0,0,0,0,0,0,0,0
574122,0,0,0.174,0,0,0,0,0,0,0,0,0,0
574132,0,0,0.174,0,0,0,0,0,0,0,0,0,0
574142,0,0,0.174,0,0,0,0,0,0,0,0,0,0
574152,0,0,0.174,0,0,0,0,0,0,0,0,0,0
574162,0,0,0.174,0,0,0,0,0,0,0,0,0,0
574172,0,0,0.174,0,0,0,0,0,0,0,0,0,0
574182,0,0,0.174,0,0,0,0,0,0,0,0,0,0
574192,0,0,0.174,0,0,0,0,0,0,0,0,0,0
574202,0,0,0.174,0,0,0,0,0,0,0,0,0,0
574212,0,0,0.174,0,0,0,0,0,0,0,0,0,0
574222,0,0,0.174,0,0,0,0,0,0,0,0,0,0
574232,0,0,0.174,0,0,0,0,0,0,0,0,0,0
574242,0,0,0.174,0,0,0,0,0,0,0,0,0,0
574252,0,0,0.174,0,0,0,0,0,0,0,0,0,0
574262,0,0,0.174,0,0,0,0,0,0,0,0,0,0
574272,0,0,0.174,0,0,0,0,0,0,0,0,0,0
574282,0,0,0.174,0,0,0,0,0,0,0,0,0,0
574292,0,0,0.174,0,0,0,0,0,0,0,0,0,0
574302,0,0,0.174,0,0,0,0,0,0,0,0,0,0
574312,0,0,0.174,0,0,0,0,0,0,0,0,0,0
574322,0,0,0.174,0,0,0,0,0,0,0,0,0,0
574332,0,0,0.174,0,0,0,0,0,0,0,0,0,0
574342,0,0,0.174,0,0,0,0,0,0,0,0,0,0
574352,0,0,0.174,0,0,0,0,0,0,0,0,0,0
574362,0,0,0.174,0,0,0,0,0,0,0,0,0,0
574372,0,0,0.174,0,0,0,0,0,0,0,0,0,0
574382,0,0,0.174,0,0,0,0,0,0,0,0,0,0
574392,0,0,0.174,0,0,0,0,0,0,0,0,0,0
574402,0,0,0.174,0,0,0,0,0,0,0,0,0,0
574412,0,0,0.174,0,0,0,0,0,0,0,0,0,0
574422,0,0,0.174,0,0,0,0,0,0,0,0,0,0
574432,0,0,0.174,0,0,0,0,0,0,0,0,0,0
574442,0,0,0.174,0,0,0,0,0,0,0,0,0,0
574453,0,0,0.174,0,0,0,0,0,0,0,0,0,0
574462,0,0,0.174,0,0,0,0,0,0,0,0,0,0
574472,0,0,0.174,0,0,0,0,0,0,0,0,0,0
574482,0,0,0.174,0,0,0,0,0,0,0,0,0,0
574492,0,0,0.174,0,0,0,0,0,0,0,0,0,0
574502,0,0,0.174,0,0,0,0,0,0,0,0,0,0
574512,0,0,0.174,0,0,0,0,0,0,0,0,0,0
574522,0,0,0.174,0,0,0,0,0,0,0,0,0,0
574532,0,0,0.174,0,0,0,0,0,0,0,0,0,0
574542,0,0,0.174,0,0,0,0,0,0,0,0,0,0
574552,0,0,0.174,0,0,0,0,0,0,0,0,0,0
574562,0,0,0.174,0,0,0,0,0,0,0,0,0,0
574572,0,0,0.174,0,0,0,0,0,0,0,0,0,0
574582,0,0,0.174,0,0,0,0,0,0,0,0,0,0
574592,0,0,0.174,0,0,0,0,0,0,0,0,0,0
574602,0,0,0.174,0,0,0,0,0,0,0,0,0,0
574612,0,0,0.174,0,0,0,0,0,0,0,0,0,0
574622,0,0,0.174,0,0,0,0,0,0,0,0,0,0
574632,0,0,0.174,0,0,0,0,0,0,0,0,0,0
574642,0,0,0.174,0,0,0,0,0,0,0,0,0,0
574652,0,0,0.174,0,0,0,0,0,0,0,0,0,0
574662,0,0,0.174,0,0,0,0,0,0,0,0,0,0
574672,0,0,0.174,0,0,0,0,0,0,0,0,0,0
574682,0,0,0.174,0,0,0,0,0,0,0,0,0,0
574692,0,0,0.174,0,0,0,0,0,0,0,0,0,0
574702,0,0,0.174,0,0,0,0,0,0,0,0,0,0
574712,0,0,0.174,0,0,0,0,0,0,0,0,0,0
574722,0,0,0.174,0,0,0,0,0,0,0,0,0,0
574732,0,0,0.174,0,0,0,0,0,0,0,0,0,0
574742,0,0,0.174,0,0,0,0,0,0,0,0,0,0
574752,0,0,0.174,0,0,0,0,0,0,0,0,0,0
574762,0,0,0.174,0,0,0,0,0,0,0,0,0,0
574772,0,0,0.174,0,0,0,0,0,0,0,0,0,0
574782,0,0,0.174,0,0,0,0,0,0,0,0,0,0
574792,0,0,0.174,0,0,0,0,0,0,0,0,0,0
574802,0,0,0.174,0,0,0,0,0,0,0,0,0,0
574812,0,0,0.174,0,0,0,0,0,0,0,0,0,0
574822,0,0,0.174,0,0,0,0,0,0,0,0,0,0
574832,0,0,0.174,0,0,0,0,0,0,0,0,0,0
574842,0,0,0.174,0,0,0,0,0,0,0,0,0,0
574852,0,0,0.174,0,0,0,0,0,0,0,0,0,0
574862,0,0,0.174,0,0,0,0,0,0,0,0,0,0
574872,0,0,0.174,0,0,0,0,0,0,0,0,0,0
574882,0,0,0.174,0,0,0,0,0,0,0,0,0,0
574892,0,0,0.174,0,0,0,0,0,0,0,0,0,0
574902,0,0,0.174,0,0,0,0,0,0,0,0,0,0
574912,0,0,0.174,0,0,0,0,0,0,0,0,0,0
574922,0,0,0.174,0,0,0,0,0,0,0,0,0,0
574932,0,0,0.174,0,0,0,0,0,0,0,0,0,0
574942,0,0,0.174,0,0,0,0,0,0,0,0,0,0
574952,0,0,0.174,0,0,0,0,0,0,0,0,0,0
574962,0,0,0.174,0,0,0,0,0,0,0,0,0,0
574972,0,0,0.174,0,0,0,0,0,0,0,0,0,0
574982,0,0,0.174,0,0,0,0,0,0,0,0,0,0
574992,0,0,0.174,0,0,0,0,0,0,0,0,0,0
575002,0,0,0.174,0,0,0,0,0,0,0,0,0,0
575012,0,0,0.174,0,0,0,0,0,0,0,0,0,0
575022,0,0,0.174,0,0,0,0,0,0,0,0,0,0
575032,0,0,0.174,0,0,0,0,0,0,0,0,0,0
575042,0,0,0.174,0,0,0,0,0,0,0,0,0,0
575052,0,0,0.174,0,0,0,0,0,0,0,0,0,0
575062,0,0,0.174,0,0,0,0,0,0,0,0,0,0
575072,0,0,0.174,0,0,0,0,0,0,0,0,0,0
575082,0,0,0.174,0,0,0,0,0,0,0,0,0,0
575092,0,0,0.174,0,0,0,0,0,0,0,0,0,0
575102,0,0,0.174,0,0,0,0,0,0,0,0,0,0
575112,0,0,0.174,0,0,0,0,0,0,0,0,0,0
575122,0,0,0.174,0,0,0,0,0,0,0,0,0,0
575132,0,0,0.174,0,0,0,0,0,0,0,0,0,0
575142,0,0,0.174,0,0,0,0,0,0,0,0,0,0
575152,0,0,0.174,0,0,0,0,0,0,0,0,0,0
575162,0,0,0.174,0,0,0,0,0,0,0,0,0,0
575172,0,0,0.174,0,0,0,0,0,0,0,0,0,0
575182,0,0,0.174,0,0,0,0,0,0,0,0,0,0
575192,0,0,0.174,0,0,0,0,0,0,0,0,0,0
575202,0,0,0.174,0,0,0,0,0,0,0,0,0,0
575212,0,0,0.174,0,0,0,0,0,0,0,0,0,0
575222,0,0,0.174,0,0,0,0,0,0,0,0,0,0
575232,0,0,0.174,0,0,0,0,0,0,0,0,0,0
575242,0,0,0.174,0,0,0,0,0,0,0,0,0,0
575252,0,0,0.174,0,0,0,0,0,0,0,0,0,0
575262,0,0,0.174,0,0,0,0,0,0,0,0,0,0
575272,0,0,0.174,0,0,0,0,0,0,0,0,0,0
575282,0,0,0.174,0,0,0,0,0,0,0,0,0,0
575292,0,0,0.174,0,0,0,0,0,0,0,0,0,0
575302,0,0,0.174,0,0,0,0,0,0,0,0,0,0
575312,0,0,0.174,0,0,0,0,0,0,0,0,0,0
575322,0,0,0.174,0,0,0,0,0,0,0,0,0,0
575332,0,0,0.174,0,0,0,0,0,0,0,0,0,0
575342,0,0,0.174,0,0,0,0,0,0,0,0,0,0
575352,0,0,0.174,0,0,0,0,0,0,0,0,0,0
575362,0,0,0.174,0,0,0,0,0,0,0,0,0,0
575372,0,0,0.174,0,0,0,0,0,0,0,0,0,0
575382,0,0,0.174,0,0,0,0,0,0,0,0,0,0
575392,0,0,0.174,0,0,0,0,0,0,0,0,0,0
575402,0,0,0.174,0,0,0,0,0,0,0,0,0,0
575412,0,0,0.174,0,0,0,0,0,0,0,0,0,0
575422,0,0,0.174,0,0,0,0,0,0,0,0,0,0
575432,0,0,0.174,0,0,0,0,0,0,0,0,0,0
575442,0,0,0.174,0,0,0,0,0,0,0,0,0,0
575452,0,0,0.174,0,0,0,0,0,0,0,0,0,0
575462,0,0,0.174,0,0,0,0,0,0,0,0,0,0
575472,0,0,0.174,0,0,0,0,0,0,0,0,0,0
575482,0,0,0.174,0,0,0,0,0,0,0,0,0,0
575492,0,0,0.174,0,0,0,0,0,0,0,0,0,0
575502,0,0,0.174,0,0,0,0,0,0,0,0,0,0
575512,0,0,0.174,0,0,0,0,0,0,0,0,0,0
575522,0,0,0.174,0,0,0,0,0,0,0,0,0,0
575532,2,0,0.174,0,0,0,0,0,0,0,0,0,0
575542,2,0,0.174,0,0,0,0,0,0,0,0,0,0
575552,2,0,0.174,0,0,0,0,0,0,0,0,0,0
575562,2,0,0.174,0,0,0,0,0,0,0,0,0,0
575572,2,0,0.174,0,0,0,0,0,0,0,0,0,0
575582,2,0,0.174,0,0,0,0,0,0,0,0,0,0
575592,2,0,0.174,0,0,0,0,0,0,0,0,0,0
575602,2,0,0.174,0,0,0,0,0.001,0,0,0,0,0
575612,2,0,0.174,0,0,0,0,0.002,0,0,0,0,0
575622,2,0,0.174,0,0,0,0,0.005,0,0,0,0,0
575632,2,0,0.174,0,0,0,0,0.008,0,0,0,0,0
575642,2,0,0.174,0,0,-0.001,0,0.014,0,-0.001,0,-0.001,0
575652,2,0,0.174,0,0,-0.003,0,0.021,0.001,-0.001,0,-0.001,0
575662,2,0,0.174,0,0,-0.004,0,0.031,0.002,-0.003,0,-0.003,0
575672,2,0,0.174,0.011,0,0.002,0.001,0.048,0.004,-0.002,0,-0.002,0
575682,2,0,0.174,0.026,0,0.013,-0.002,0.072,0.006,0.004,0,0.004,0
575692,2,0,0.174,0.032,0,0.023,-0.001,0.115,0.005,0.013,-0.001,0.013,-0.001
575702,2,0,0.174,0.027,0,0.015,0.001,0.155,0.021,0.016,0,0.016,0
575712,2,0,0.174,0.031,0,0.013,-0.001,0.201,0.038,0.013,0.004,0.013,0.004
575722,2,0,0.174,0.065,0,0.041,0,0.259,0.057,0.02,0.006,0.02,0.006
575732,2,0,0.174,0.112,0,0.08,-0.001,0.33,0.064,0.033,0.009,0.033,0.009
575742,2,0,0.174,0.162,0,0.13,-0.002,0.469,0.017,0.061,0.006,0.061,0.006
575752,2,0,0.174,0.155,0,0.137,0,0.71,-0.033,0.104,0.002,0.104,0.002
575762,2,0,0.174,0.121,0,0.104,0.013,0.97,-0.03,0.124,0.001,0.124,0.001
575773,2,0,0.174,0.097,0,0.097,0.033,1.172,0.101,0.129,0.006,0.129,0.006
575783,2,0,0.174,0.129,0,0.107,-0.013,1.258,0.244,0.134,0.016,0.134,0.016
575793,2,0,0.174,0.12,0,0.081,0.007,1.359,0.201,0.148,0.032,0.148,0.032
575803,2,0,0.174,0.092,0,0.084,0.002,1.578,0.076,0.164,0.033,0.164,0.033
575813,2,0,0.174,0.086,0,0.057,-0.002,1.891,-0.106,0.199,0.019,0.199,0.019
575823,2,0,0.174,0.067,0,0.057,0.016,2.035,-0.269,0.246,-0.011,0.246,-0.011
575833,2,0,0.174,0.048,0,0.035,-0.011,1.967,-0.306,0.295,-0.03,0.295,-0.03
575843,2,0,0.174,0.049,0,0.002,-0.007,1.902,-0.188,0.412,-0.045,0.412,-0.045
575853,2,0,0.174,0.04,0,0.022,-0.014,1.941,-0.095,0.326,-0.029,0.326,-0.029
575863,2,0,0.174,0.089,0,0.053,0.009,2.083,-0.086,0.418,-0.029,0.418,-0.029
575873,2,0,0.174,0.229,0,0.161,0.005,2.261,-0.118,0.539,-0.03,0.539,-0.03
575883,2,0,0.174,0.274,0,0.241,-0.024,2.262,-0.145,0.667,-0.036,0.667,-0.036
575893,2,0,0.174,0.37,-0.006,0.327,0.006,2.148,-0.162,0.509,-0.015,0.509,-0.015
575903,2,0,0.174,0.455,-0.012,0.411,-0.01,2.045,-0.085,0.545,-0.017,0.545,-0.017
575913,2,0,0.174,0.598,-0.017,0.532,-0.016,1.972,-0.016,0.64,-0.019,0.64,-0.019
575923,2,0,0.174,0.661,-0.019,0.649,-0.008,1.968,0.038,0.745,-0.013,0.745,-0.013
575933,2,0,0.174,0.667,-0.017,0.641,-0.021,2.032,0.034,0.829,-0.012,0.829,-0.012
575943,2,0,0.174,0.756,-0.015,0.704,-0.026,2.137,0.026,0.876,-0.014,0.876,-0.014
575953,2,0,0.174,0.886,-0.017,0.822,-0.001,2.139,0.006,0.968,-0.01,0.968,-0.01
575963,2,0,0.174,0.997,-0.012,0.955,-0.024,2.05,0.019,1.083,-0.008,1.083,-0.008
575973,2,0,0.174,1.109,-0.008,1.086,-0.02,1.957,0.059,1.173,-0.007,1.173,-0.007
575983,2,0,0.174,1.206,-0.008,1.168,-0.001,1.926,0.088,1.255,0.003,1.255,0.003
575993,2,0,0.174,1.124,-0.003,1.146,-0.006,1.924,0.085,1.327,0.012,1.327,0.012
576003,2,0,0.174,1.011,0,1.04,-0.008,1.863,0.044,1.291,0.004,1.291,0.004
576013,2,0,0.174,0.926,0,0.984,0.03,1.796,0.006,1.3,0.005,1.3,0.005
576023,2,0,0.174,0.731,0,0.787,-0.02,1.761,0.007,1.324,0.006,1.324,0.006
576033,2,0,0.174,0.735,0,0.708,-0.022,1.768,0.002,1.304,0.002,1.304,0.002
576043,2,0,0.174,0.871,0,0.813,0.008,1.783,-0.011,1.291,-0.001,1.291,-0.001
576053,2,0,0.174,1.021,0,0.976,0.02,1.784,-0.007,1.25,0.002,1.25,0.002
576063,2,0,0.174,1.156,0.005,1.102,0.001,1.785,0.039,1.257,0.006,1.257,0.006
576073,2,0,0.174,1.243,0.01,1.207,0.011,1.783,0.041,1.299,0.008,1.299,0.008
576083,2,0,0.174,1.3,0.008,1.289,0.017,1.781,0.004,1.355,0.011,1.355,0.011
576093,2,0,0.174,1.33,0.006,1.326,-0.006,1.836,-0.026,1.398,0.007,1.398,0.007
576103,2,0,0.174,1.361,0.005,1.344,-0.002,1.91,-0.026,1.448,0.002,1.448,0.002
576113,2,0,0.174,1.403,0.008,1.362,0.032,1.931,-0.017,1.49,0.001,1.49,0.001
576123,2,0,0.174,1.419,0.018,1.408,0.02,1.884,-0.004,1.537,0.002,1.537,0.002
576133,2,0,0.174,1.264,0.019,1.376,-0.023,1.836,-0.02,1.567,-0.001,1.567,-0.001
576143,2,0,0.174,0.955,0.016,1.044,0.034,1.827,-0.018,1.577,-0.002,1.577,-0.002
576153,2,0,0.174,0.796,0.022,0.811,0.044,1.857,-0.007,1.449,0.006,1.449,0.006
576163,2,0,0.174,0.744,0.027,0.766,0.017,1.894,0.007,1.445,0.009,1.445,0.009
576173,2,0,0.174,0.742,0.027,0.738,-0.013,1.901,-0.025,1.231,0.002,1.231,0.002
576183,2,0,0.174,0.867,0.021,0.822,0.059,1.904,-0.031,1.273,0,1.273,0
576193,2,0,0.174,0.878,0.019,0.873,0.025,1.936,0.002,1.29,0.009,1.29,0.009
576203,2,0,0.174,0.906,0.016,0.88,0.005,2.01,0.032,1.226,0.006,1.226,0.006
576213,2,0,0.174,1.048,0.02,0.995,0.004,2.121,0.007,1.122,0.007,1.122,0.007
576223,4,0,0.174,1.001,0.019,1.006,0.029,2.207,-0.017,1.192,0.012,1.192,0.012
576233,4,0,0.174,0.936,0.024,0.931,0.008,2.194,0.005,1.254,0.013,1.254,0.013
576243,4,0,0.174,1.049,0.028,1.005,0.02,2.191,0.037,1.19,0.02,1.19,0.02
576253,4,0,0.174,1.227,0.029,1.166,0.035,2.234,0.041,1.278,0.021,1.278,0.021
576263,4,0,0.174,1.29,0.031,1.268,0.043,2.193,0.013,1.353,0.028,1.353,0.028
576273,4,0,0.174,1.139,0.027,1.179,0.013,2.087,-0.02,1.394,0.025,1.394,0.025
576283,4,0,0.174,1.181,0.029,1.186,0.017,1.973,-0.014,1.374,0.018,1.374,0.018
576293,4,0,0.174,1.285,0.028,1.254,0.056,1.894,-0.008,1.369,0.016,1.369,0.016
576303,4,0,0.174,1.33,0.03,1.324,0.036,1.841,0.004,1.365,0.021,1.365,0.021
576313,4,0,0.174,1.278,0.036,1.284,0.025,1.793,0.013,1.371,0.021,1.371,0.021
576323,4,0,0.174,1.321,0.042,1.332,0.021,1.746,0.018,1.368,0.02,1.368,0.02
576333,4,0,0.174,1.391,0.039,1.378,0.052,1.724,0.01,1.371,0.026,1.371,0.026
576343,4,0,0.174,1.481,0.042,1.445,0.05,1.722,0.009,1.393,0.03,1.393,0.03
576353,4,0,0.174,1.498,0.045,1.476,0.038,1.726,0.017,1.421,0.033,1.421,0.033
576363,4,0,0.174,1.506,0.05,1.508,0.034,1.733,0.021,1.442,0.034,1.442,0.034
576373,4,0,0.174,1.526,0.054,1.528,0.072,1.748,0.02,1.475,0.038,1.475,0.038
576383,4,0,0.174,1.557,0.053,1.541,0.047,1.763,0.019,1.495,0.037,1.495,0.037
576393,4,0,0.174,1.542,0.045,1.555,0.053,1.812,0.007,1.521,0.041,1.521,0.041
576403,4,0,0.174,1.258,0.034,1.353,0.046,1.914,0,1.513,0.045,1.513,0.045
576413,4,0,0.174,1.015,0.028,1.08,0.028,1.999,0.013,1.444,0.04,1.444,0.04
576423,4,0,0.174,1.035,0.029,1.019,0.012,2.016,0.03,1.289,0.034,1.289,0.034
576433,4,0,0.174,1.176,0.03,1.106,0.024,2.06,0.016,1.22,0.03,1.22,0.03
576443,4,0,0.174,1.294,0.024,1.268,0.041,2.214,0.034,1.228,0.03,1.228,0.03
576453,4,0,0.174,1.109,0.017,1.153,0.029,2.439,0.045,1.252,0.032,1.252,0.032
576463,4,0,0.174,0.926,0.013,0.954,0.003,2.713,0.048,1.222,0.03,1.222,0.03
576473,4,0,0.174,0.999,0.008,0.951,0.011,3.004,0.041,1.162,0.024,1.162,0.024
576483,4,0,0.174,1.196,0.006,1.116,0.028,3.209,-0.015,1.167,0.02,1.167,0.02
576493,4,0,0.174,1.362,0.007,1.308,0.02,3.316,-0.058,1.21,0.013,1.21,0.013
576503,4,0,0.174,1.47,0.01,1.418,-0.005,3.358,0,1.28,0.007,1.28,0.007
576513,4,0,0.174,1.259,0.007,1.345,0.016,3.474,0.036,1.352,0.009,1.352,0.009
576523,4,0,0.174,0.944,-0.007,1.026,0.008,3.758,0.062,1.327,0.015,1.327,0.015
576533,4,0,0.174,0.664,-0.021,0.73,-0.02,4.067,0.053,1.282,0.015,1.282,0.015
576543,4,0,0.174,0.631,-0.011,0.604,-0.014,4.194,0.095,1.214,0.014,1.214,0.014
576553,4,0,0.174,0.919,-0.002,0.804,0.006,4.101,0.101,0.863,0,0.863,0
576563,4,0,0.174,1.28,0.007,1.138,-0.002,4.008,0.103,0.929,0.006,0.929,0.006
576573,4,0,0.174,1.557,0.008,1.463,0.002,4.091,0.087,1.12,0.012,1.12,0.012
576583,4,0,0.174,1.752,0.006,1.652,0.013,4.294,0.06,1.37,0.017,1.37,0.017
576593,4,0,0.174,1.788,0.007,1.796,0.008,4.519,0.005,1.645,0.016,1.645,0.016
576603,4,0,0.174,1.445,0.005,1.554,0.007,4.681,-0.042,1.968,0.01,1.968,0.01
576613,4,0,0.174,1.305,0.006,1.295,0.024,4.585,-0.072,2.17,0.002,2.17,0.002
576623,4,0,0.174,1.493,0.013,1.422,0.016,4.36,-0.01,2.294,0.001,2.294,0.001
576633,4,0,0.174,1.725,0.017,1.647,0.022,4.158,0.105,2.499,0.01,2.499,0.01
576643,4,0,0.174,1.981,0.022,1.889,0.016,3.96,0.148,2.182,0.024,2.182,0.024
576653,4,0,0.174,2.163,0.022,2.09,0.022,3.754,0.1,2.236,0.029,2.236,0.029
576663,4,0,0.174,2.292,0.013,2.257,0.025,3.593,0.031,2.377,0.03,2.377,0.03
576673,4,0,0.174,2.389,0.007,2.357,0.01,3.608,-0.016,2.531,0.024,2.531,0.024
576683,4,0,0.174,2.429,0.003,2.389,-0.011,3.72,0.023,2.639,0.016,2.639,0.016
576693,4,0,0.174,2.45,-0.008,2.42,0.009,3.733,0.062,2.806,0.018,2.806,0.018
576703,4,0,0.174,2.459,-0.029,2.517,-0.008,3.541,0.05,2.877,0.016,2.877,0.016
576713,4,0,0.174,2.456,-0.044,2.459,-0.05,3.388,-0.015,2.927,0.01,2.927,0.01
576723,4,0,0.174,2.439,-0.051,2.449,-0.057,3.393,-0.079,2.983,-0.004,2.983,-0.004
576733,4,0,0.174,2.476,-0.049,2.409,-0.066,3.446,-0.101,3.025,-0.023,3.025,-0.023
576743,4,0,0.174,2.468,-0.049,2.459,-0.025,3.386,-0.081,3.069,-0.035,3.069,-0.035
576753,4,0,0.174,2.473,-0.049,2.515,-0.05,3.257,-0.055,3.075,-0.039,3.075,-0.039
576763,4,0,0.174,2.5,-0.05,2.519,-0.06,3.219,-0.046,3.029,-0.045,3.029,-0.045
576773,4,0,0.174,2.302,-0.048,2.393,-0.053,3.323,-0.058,3.05,-0.047,3.05,-0.047
576783,4,0,0.174,2.175,-0.046,2.105,-0.037,3.431,-0.052,3.063,-0.049,3.063,-0.049
576793,4,0,0.174,2.198,-0.042,2.212,-0.053,3.433,-0.055,3.102,-0.049,3.102,-0.049
576803,4,0,0.174,2.26,-0.046,2.267,-0.035,3.391,-0.039,2.874,-0.043,2.874,-0.043
576817,4,0,0.174,2.324,-0.049,2.322,-0.056,3.472,-0.014,2.898,-0.04,2.898,-0.04
576823,4,0,0.174,2.438,-0.056,2.347,-0.049,3.722,0.005,3.011,-0.035,3.011,-0.035
576833,4,0,0.174,2.474,-0.055,2.431,-0.035,3.761,-0.004,3.027,-0.034,3.027,-0.034
576843,4,0,0.174,2.528,-0.055,2.497,-0.061,3.819,-0.002,3.103,-0.034,3.103,-0.034
576853,4,0,0.174,2.579,-0.05,2.578,-0.053,3.856,-0.004,3.061,-0.039,3.061,-0.039
576863,4,0,0.174,2.601,-0.048,2.585,-0.033,3.867,0.002,3.122,-0.037,3.122,-0.037
576872,4,0,0.174,2.61,-0.046,2.579,-0.055,3.849,0.022,3.075,-0.038,3.075,-0.038
576882,4,0,0.174,2.602,-0.048,2.605,-0.041,3.89,0.055,3.065,-0.033,3.065,-0.033
576892,4,0,0.174,2.593,-0.045,2.592,-0.041,4.014,0.06,2.89,-0.038,2.89,-0.038
576902,4,0,0.174,2.627,-0.047,2.586,-0.05,4.092,0.081,2.957,-0.033,2.957,-0.033
576912,4,0,0.174,2.665,-0.046,2.661,-0.047,4.093,0.079,3.03,-0.027,3.03,-0.027
576922,4,0,0.174,2.694,-0.041,2.675,-0.051,4.135,0.047,3.133,-0.024,3.133,-0.024
576932,4,0,0.174,2.707,-0.036,2.682,-0.043,4.222,0.011,3.144,-0.025,3.144,-0.025
576942,4,0,0.174,2.714,-0.031,2.696,-0.029,4.255,-0.007,3.268,-0.025,3.268,-0.025
576952,4,0,0.174,2.723,-0.022,2.732,-0.017,4.221,0.001,3.377,-0.023,3.377,-0.023
576962,4,0,0.174,2.733,-0.018,2.731,-0.029,4.138,0.011,3.36,-0.021,3.36,-0.021
576972,0,0,0.174,2.752,-0.022,2.722,-0.019,4.049,-0.005,3.382,-0.018,3.382,-0.018
576984,0,0,0.174,2.761,-0.025,2.75,-0.013,3.996,-0.015,3.32,-0.017,3.32,-0.017
576992,0,0,0.174,2.766,-0.017,2.76,-0.032,3.982,-0.005,3.374,-0.018,3.374,-0.018
577002,0,0,0.174,2.777,-0.018,2.778,-0.017,3.961,0.005,3.343,-0.019,3.343,-0.019
577012,0,0,0.174,2.822,-0.021,2.795,-0.016,3.811,0.018,3.297,-0.016,3.297,-0.016
577022,0,0,0.174,2.869,-0.017,2.867,-0.029,3.614,0.023,3.163,-0.013,3.163,-0.013
577032,0,0,0.174,2.888,-0.012,2.888,-0.011,3.498,-0.001,3.063,-0.012,3.063,-0.012
577042,0,0,0.174,2.903,-0.008,2.892,-0.009,3.465,-0.011,3.046,-0.013,3.046,-0.013
577052,0,0,0.174,2.924,-0.009,2.894,-0.002,3.462,-0.022,3.019,-0.012,3.019,-0.012
577062,0,0,0.174,2.915,-0.007,2.929,-0.011,3.451,-0.004,3.024,-0.012,3.024,-0.012
577072,0,0,0.174,2.911,-0.012,2.926,-0.008,3.442,0.001,2.987,-0.013,2.987,-0.013
577082,0,0,0.174,2.919,-0.014,2.915,-0.016,3.433,0.01,2.989,-0.011,2.989,-0.011
577092,0,0,0.174,2.919,-0.013,2.919,-0.018,3.4,-0.004,2.983,-0.011,2.983,-0.011
577102,0,0,0.174,2.917,-0.016,2.921,-0.003,3.335,-0.018,2.963,-0.01,2.963,-0.01
577112,0,0,0.174,2.9,-0.012,2.909,-0.017,3.265,-0.029,2.953,-0.013,2.953,-0.013
577122,0,0,0.174,2.867,-0.009,2.881,-0.004,3.185,-0.021,2.931,-0.013,2.931,-0.013
577132,0,0,0.174,2.831,-0.003,2.849,-0.011,3.101,-0.019,2.922,-0.011,2.922,-0.011
577142,0,0,0.174,2.825,0,2.839,-0.023,3.016,-0.017,2.904,-0.013,2.904,-0.013
577156,0,0,0.174,2.817,0,2.828,0.027,2.929,-0.027,2.884,-0.006,2.884,-0.006
577162,0,0,0.174,2.808,0.006,2.825,0.005,2.808,-0.028,2.867,-0.004,2.867,-0.004
577172,0,0,0.174,2.828,0.017,2.853,-0.019,2.683,-0.038,2.852,-0.006,2.852,-0.006
577182,0,0,0.174,2.836,0.021,2.843,0.048,2.59,-0.037,2.844,-0.003,2.844,-0.003
577192,0,0,0.174,2.838,0.024,2.844,0.03,2.502,-0.031,2.839,0.005,2.839,0.005
577202,0,0,0.174,2.78,0.026,2.825,0.018,2.382,-0.001,2.826,0.007,2.826,0.007
577212,0,0,0.174,2.738,0.027,2.774,0.04,2.264,0.021,2.803,0.01,2.803,0.01
577222,0,0,0.174,2.703,0.024,2.755,0.018,2.113,0.009,2.77,0.016,2.77,0.016
577234,0,0,0.174,2.66,0.016,2.687,0.026,1.955,-0.007,2.737,0.013,2.737,0.013
577242,0,0,0.174,2.609,0.009,2.654,0.013,1.783,-0.038,2.696,0.009,2.696,0.009
577252,0,0,0.174,2.55,0.015,2.592,0.004,1.639,-0.099,2.648,0.007,2.648,0.007
577263,0,0,0.174,2.495,0.019,2.524,0.022,1.562,-0.091,2.598,-0.002,2.598,-0.002
577272,0,0,0.174,2.423,0.018,2.496,0.021,1.525,-0.083,2.553,-0.006,2.553,-0.006
577282,0,0,0.174,2.359,0.018,2.417,0.004,1.481,-0.099,2.496,-0.004,2.496,-0.004
577292,0,0,0.174,2.297,0.008,2.326,0.021,1.352,-0.081,2.437,-0.013,2.437,-0.013
577302,0,0,0.174,1.916,0.001,2.078,0.021,1.147,-0.094,2.36,-0.014,2.36,-0.014
577312,0,0,0.174,1.408,0,1.625,-0.008,0.988,-0.084,2.157,-0.018,2.157,-0.018
577322,0,0,0.174,0.971,0,1.151,0.003,0.925,-0.024,1.743,-0.013,1.743,-0.013
577332,0,0,0.174,0.689,0,0.796,0,0.9,0,1.447,-0.009,1.447,-0.009
577342,0,0,0.174,0.779,0,0.77,0.001,0.944,0.002,1.296,-0.006,1.296,-0.006
577353,0,0,0.174,0.95,0,0.937,0,1.045,-0.007,1.225,-0.004,1.225,-0.004
577362,0,0,0.174,0.816,0,0.864,-0.01,1.143,-0.01,1.157,-0.004,1.157,-0.004
577372,0,0,0.174,0.609,0,0.678,0.006,1.219,-0.055,0.982,-0.008,0.982,-0.008
577382,0,0,0.174,0.614,0,0.635,0.013,1.255,-0.075,0.942,-0.013,0.942,-0.013
577392,0,0,0.174,0.795,0,0.742,0.007,1.209,-0.072,0.893,-0.016,0.893,-0.016
577402,0,0,0.174,0.976,0,0.94,-0.01,1.073,-0.035,0.903,-0.017,0.903,-0.017
577412,0,0,0.174,1.109,0,1.09,-0.002,0.935,0.021,0.964,-0.009,0.964,-0.009
577422,0,0,0.174,1.167,0,1.192,-0.016,0.861,0.057,0.994,-0.004,0.994,-0.004
577432,0,0,0.174,0.971,0,1.06,0.015,0.806,0.026,0.994,0.002,0.994,0.002
577442,0,0,0.174,0.712,0,0.814,-0.004,0.801,0.004,0.937,0.001,0.937,0.001
577452,0,0,0.174,0.491,0,0.583,-0.004,0.767,0.033,0.869,0.003,0.869,0.003
577462,0,0,0.174,0.326,0,0.395,0.012,0.651,0.067,0.808,0.008,0.808,0.008
577472,0,0,0.174,0.263,0,0.335,-0.03,0.53,0.072,0.723,0.014,0.723,0.014
577482,0,0,0.174,0.32,-0.006,0.329,0.012,0.415,0.072,0.625,0.016,0.625,0.016
577492,0,0,0.174,0.28,-0.008,0.31,-0.002,0.277,0.013,0.523,0.016,0.523,0.016
577502,0,0,0.174,0.21,-0.006,0.262,0,0.168,-0.045,0.445,0.009,0.445,0.009
577512,0,0,0.174,0.134,-0.004,0.185,0.001,0.183,0.013,0.337,-0.002,0.337,-0.002
577522,0,0,0.174,0.098,-0.003,0.158,-0.011,0.211,0.03,0.269,0.001,0.269,0.001
577532,0,0,0.174,0.064,-0.002,0.098,-0.005,0.24,0.049,0.242,0.003,0.242,0.003
577542,0,0,0.174,0.049,-0.002,0.083,0.005,0.245,0.049,0.223,0.008,0.223,0.008
577552,0,0,0.174,0.036,-0.001,0.059,0.007,0.258,0.059,0.211,0.013,0.211,0.013
577562,0,0,0.174,0.025,0,0.049,0,0.255,0.035,0.196,0.016,0.196,0.016
577572,0,0,0.174,0.017,0,0.023,0,0.276,0.016,0.125,0.006,0.125,0.006
577582,0,0,0.174,0.011,0,0.033,0.003,0.254,-0.003,0.123,0.005,0.123,0.005
577592,0,0,0.174,0.007,0,0.031,-0.001,0.205,-0.012,0.119,0.003,0.119,0.003
577602,0,0,0.174,0.011,0,0.035,-0.004,0.144,-0.016,0.106,0,0.106,0
577612,0,0,0.174,0.011,0,0.038,-0.001,0.1,-0.024,0.081,-0.003,0.081,-0.003
577622,0,0,0.174,0.01,0,0.037,0,0.069,-0.033,0.06,-0.003,0.06,-0.003
577632,0,0,0.174,0.008,0,0.032,-0.003,0.043,-0.031,0.056,-0.005,0.056,-0.005
577642,0,0,0.174,0.002,0,0.019,-0.002,0.019,-0.028,0.049,-0.008,0.049,-0.008
577652,0,0,0.174,-0.012,0,-0.019,-0.002,-0.008,-0.022,0.032,-0.008,0.032,-0.008
577662,0,0,0.174,-0.035,0,-0.025,0,-0.045,-0.014,0.002,-0.006,0.002,-0.006
577672,0,0,0.174,-0.067,0,-0.045,-0.002,-0.078,-0.007,-0.015,-0.005,-0.015,-0.005
577682,0,0,0.174,-0.09,0,-0.074,-0.001,-0.101,-0.001,-0.046,-0.003,-0.046,-0.003
577692,0,0,0.174,-0.104,0,-0.1,0.001,-0.117,0.002,-0.061,-0.002,-0.061,-0.002
577702,0,0,0.174,-0.119,0,-0.119,-0.002,-0.131,0.006,-0.092,-0.001,-0.092,-0.001
577712,-2,0,0.174,-0.125,0,-0.121,-0.002,-0.141,0.008,-0.107,-0.001,-0.107,-0.001
577722,-2,0,0.174,-0.132,0,-0.129,0.003,-0.145,0.008,-0.116,0,-0.116,0
577732,-2,0,0.174,-0.133,0,-0.137,0,-0.145,0.011,-0.124,0.001,-0.124,0.001
577742,-2,0,0.174,-0.134,0,-0.14,-0.001,-0.142,0.012,-0.134,0,-0.134,0
577752,-2,0,0.174,-0.129,0,-0.133,-0.001,-0.137,0.014,-0.135,0,-0.135,0
577762,-2,0,0.174,-0.123,0,-0.127,-0.002,-0.131,0.014,-0.132,-0.001,-0.132,-0.001
577772,-2,0,0.174,-0.121,0,-0.127,-0.001,-0.124,0.016,-0.13,-0.001,-0.13,-0.001
577782,-2,0,0.174,-0.117,0,-0.122,0.001,-0.119,0.016,-0.128,0,-0.128,0
577792,-2,0,0.174,-0.111,0,-0.114,-0.001,-0.115,0.017,-0.123,0.001,-0.123,0.001
577802,-2,0,0.174,-0.107,0,-0.107,0.002,-0.113,0.017,-0.115,0.001,-0.115,0.001
577812,-2,0,0.174,-0.101,0,-0.102,0.002,-0.113,0.018,-0.107,0.002,-0.107,0.002
577822,-2,0,0.174,-0.102,0,-0.101,0.002,-0.118,0.018,-0.104,0.003,-0.104,0.003
577832,-2,0,0.174,-0.103,0,-0.098,0,-0.132,0.02,-0.102,0.003,-0.102,0.003
577842,-2,0,0.174,-0.108,0,-0.099,0,-0.155,0.016,-0.1,0.002,-0.1,0.002
577852,-2,0,0.174,-0.122,0,-0.109,0,-0.18,0.011,-0.103,0.001,-0.103,0.001
577862,-2,0,0.174,-0.134,0,-0.122,0.001,-0.205,0.004,-0.109,0.001,-0.109,0.001
577872,-2,0,0.174,-0.149,0,-0.135,0.004,-0.26,-0.005,-0.115,0.001,-0.115,0.001
577882,-2,0,0.174,-0.172,0,-0.152,-0.003,-0.355,-0.034,-0.122,-0.001,-0.122,-0.001
577892,-2,0,0.174,-0.204,0,-0.168,-0.02,-0.462,-0.114,-0.136,-0.011,-0.136,-0.011
577902,-2,0,0.174,-0.235,0,-0.202,-0.012,-0.615,-0.208,-0.153,-0.03,-0.153,-0.03
577912,-2,0,0.174,-0.26,0,-0.238,0.006,-0.799,-0.26,-0.178,-0.049,-0.178,-0.049
577922,-2,0,0.174,-0.29,0.005,-0.262,0.008,-1.013,-0.218,-0.218,-0.046,-0.218,-0.046
577932,-2,0,0.174,-0.319,0.017,-0.309,0.012,-1.196,-0.066,-0.256,-0.032,-0.256,-0.032
577942,-2,0,0.174,-0.267,0.018,-0.251,0.021,-1.198,0.047,-0.274,-0.019,-0.274,-0.019
577952,-2,0,0.174,-0.196,0.014,-0.212,0.012,-1.174,0.054,-0.286,-0.002,-0.286,-0.002
577962,-2,0,0.174,-0.136,0.01,-0.137,0.001,-1.193,0.053,-0.283,0.004,-0.283,0.004
577972,-2,0,0.174,-0.09,0.007,-0.092,0,-1.346,0.048,-0.277,0.01,-0.277,0.01
577982,-2,0,0.174,-0.059,0.005,-0.044,0.006,-1.607,0.02,-0.273,0.012,-0.273,0.012
577992,-4,0,0.174,-0.038,0.003,-0.026,0.012,-1.881,0.051,-0.256,0.012,-0.256,0.012
578002,-4,0,0.174,-0.024,0.002,0.021,-0.017,-2.141,0.054,-0.273,0.013,-0.273,0.013
578012,-4,0,0.174,-0.015,0.001,-0.005,0.016,-2.309,0.099,-0.417,0.017,-0.417,0.017
578022,-4,0,0.174,-0.009,0,0.017,0.008,-2.46,-0.005,-0.548,0.022,-0.548,0.022
578032,-4,0,0.174,-0.024,0.005,0.031,-0.018,-2.242,-0.067,-0.719,0.009,-0.719,0.009
578042,-4,0,0.174,-0.166,0.027,-0.197,0.02,-1.783,0.032,-0.775,0.006,-0.775,0.006
578052,-4,0,0.174,-0.392,0.05,-0.326,0.058,-1.491,0.092,-0.756,0.02,-0.756,0.02
578062,-4,0,0.174,-0.571,0.07,-0.502,0.072,-1.241,0.115,-0.722,0.038,-0.722,0.038
578072,-4,0,0.174,-0.685,0.086,-0.628,0.08,-1.015,0.158,-0.667,0.059,-0.667,0.059
578082,-4,0,0.174,-0.755,0.098,-0.769,0.099,-0.885,0.152,-0.682,0.074,-0.682,0.074
578092,-4,0,0.174,-0.777,0.103,-0.801,0.104,-0.821,0.138,-0.73,0.092,-0.73,0.092
578102,-4,0,0.174,-0.76,0.098,-0.785,0.097,-0.78,0.151,-0.745,0.1,-0.745,0.1
578112,-4,0,0.174,-0.603,0.078,-0.654,0.083,-0.738,0.143,-0.737,0.101,-0.737,0.101
578122,-4,0,0.174,-0.52,0.071,-0.56,0.074,-0.7,0.109,-0.715,0.101,-0.715,0.101
578132,-4,0,0.174,-0.518,0.069,-0.554,0.071,-0.677,0.096,-0.669,0.093,-0.669,0.093
578142,-4,0,0.174,-0.546,0.067,-0.548,0.073,-0.671,0.084,-0.649,0.09,-0.649,0.09
578152,-4,0,0.174,-0.59,0.072,-0.57,0.079,-0.676,0.056,-0.631,0.085,-0.631,0.085
578162,-4,0,0.174,-0.605,0.076,-0.592,0.082,-0.681,0.037,-0.618,0.079,-0.618,0.079
578172,-4,0,0.174,-0.616,0.076,-0.621,0.06,-0.704,0.016,-0.618,0.069,-0.618,0.069
578182,-4,0,0.174,-0.632,0.068,-0.627,0.078,-0.739,-0.013,-0.621,0.061,-0.621,0.061
578192,-4,0,0.174,-0.598,0.06,-0.607,0.075,-0.81,-0.051,-0.624,0.057,-0.624,0.057
578202,-4,0,0.174,-0.484,0.044,-0.508,0.042,-0.924,-0.084,-0.616,0.044,-0.616,0.044
578212,-4,0,0.174,-0.444,0.035,-0.443,0.048,-0.993,-0.107,-0.511,0.032,-0.511,0.032
578222,-4,0,0.174,-0.374,0.027,-0.383,0.028,-1.1,-0.152,-0.491,0.022,-0.491,0.022
578232,-4,0,0.174,-0.401,0.028,-0.369,0.01,-1.229,-0.17,-0.466,0.008,-0.466,0.008
578242,-4,0,0.174,-0.496,0.03,-0.449,0.027,-1.339,-0.222,-0.463,-0.009,-0.463,-0.009
578252,-4,0,0.174,-0.619,0.032,-0.559,0.038,-1.538,-0.272,-0.488,-0.025,-0.488,-0.025
578262,-6,0,0.174,-0.594,0.029,-0.593,0.032,-1.819,-0.323,-0.532,-0.044,-0.532,-0.044
578272,-6,0,0.174,-0.462,0.022,-0.496,0.021,-2.128,-0.255,-0.561,-0.058,-0.561,-0.058
578282,-6,0,0.174,-0.394,0.017,-0.366,0.029,-2.403,-0.144,-0.557,-0.056,-0.557,-0.056
578292,-6,0,0.174,-0.346,0.015,-0.328,-0.004,-2.554,-0.062,-0.525,-0.039,-0.525,-0.039
578302,-6,0,0.174,-0.269,0.013,-0.285,0.017,-2.467,-0.05,-0.544,-0.035,-0.544,-0.035
578312,-6,0,0.174,-0.219,0.018,-0.215,0.032,-2.228,-0.087,-0.564,-0.035,-0.564,-0.035
578322,-6,0,0.174,-0.311,0.031,-0.345,0.003,-1.932,-0.049,-0.549,-0.03,-0.549,-0.03
578332,-6,0,0.174,-0.41,0.035,-0.38,0.038,-1.729,-0.004,-0.577,-0.022,-0.577,-0.022
578342,-6,0,0.174,-0.43,0.037,-0.407,0.05,-1.589,0.034,-0.575,-0.005,-0.575,-0.005
578352,-6,0,0.174,-0.464,0.043,-0.425,0.027,-1.505,0.072,-0.549,0.012,-0.549,0.012
578362,-6,0,0.174,-0.544,0.05,-0.526,0.05,-1.464,0.096,-0.558,0.024,-0.558,0.024
578372,-6,0,0.174,-0.563,0.056,-0.557,0.05,-1.431,0.087,-0.572,0.039,-0.572,0.039
578382,-6,0,0.174,-0.682,0.066,-0.654,0.067,-1.422,0.069,-0.596,0.047,-0.596,0.047
578392,-6,0,0.174,-0.664,0.064,-0.659,0.062,-1.445,0.061,-0.626,0.051,-0.626,0.051
578402,-6,0,0.174,-0.533,0.051,-0.56,0.055,-1.463,0.066,-0.638,0.052,-0.638,0.052
578412,-6,0,0.174,-0.385,0.037,-0.428,0.044,-1.494,0.059,-0.626,0.053,-0.626,0.053
578422,-6,0,0.174,-0.337,0.039,-0.365,0.044,-1.528,0.064,-0.575,0.053,-0.575,0.053
578432,-6,0,0.174,-0.29,0.037,-0.302,0.033,-1.55,0.088,-0.426,0.045,-0.426,0.045
578442,-6,0,0.174,-0.437,0.045,-0.385,0.051,-1.585,0.089,-0.42,0.047,-0.42,0.047
578452,-6,0,0.174,-0.669,0.057,-0.561,0.05,-1.681,0.061,-0.45,0.05,-0.45,0.05
578462,-6,0,0.174,-0.863,0.068,-0.79,0.067,-1.843,0.009,-0.605,0.055,-0.605,0.055
578472,-6,0,0.174,-0.788,0.061,-0.797,0.053,-2.056,-0.041,-0.708,0.054,-0.708,0.054
578482,-6,0,0.174,-0.621,0.041,-0.671,0.069,-2.2,-0.085,-0.733,0.044,-0.733,0.044
578492,-6,0,0.174,-0.461,0.03,-0.498,0.032,-2.263,-0.093,-0.737,0.029,-0.737,0.029
578502,-6,0,0.174,-0.466,0.031,-0.443,0.028,-2.243,-0.038,-0.665,0.018,-0.665,0.018
578512,-6,0,0.174,-0.673,0.042,-0.596,0.03,-2.19,0.021,-0.631,0.023,-0.631,0.023
578522,-8,0,0.174,-0.923,0.053,-0.823,0.053,-2.249,0.006,-0.672,0.024,-0.672,0.024
578532,-8,0,0.174,-1.055,0.059,-1.013,0.062,-2.406,-0.03,-0.768,0.026,-0.768,0.026
578542,-8,0,0.174,-0.888,0.049,-0.918,0.048,-2.665,-0.063,-0.861,0.023,-0.861,0.023
578552,-8,0,0.174,-0.66,0.036,-0.715,0.046,-2.889,-0.104,-0.851,0.028,-0.851,0.028
578562,-8,0,0.174,-0.563,0.035,-0.561,0.029,-2.755,-0.175,-0.865,0.012,-0.865,0.012
578572,-8,0,0.174,-0.736,0.05,-0.693,0.031,-2.374,-0.156,-0.897,-0.009,-0.897,-0.009
578582,-8,0,0.174,-0.968,0.062,-0.952,0.069,-2.112,-0.077,-0.939,-0.013,-0.939,-0.013
578592,-8,0,0.174,-1.023,0.064,-1.011,0.065,-1.925,-0.023,-0.997,-0.009,-0.997,-0.009
578602,-8,0,0.174,-0.93,0.059,-0.929,0.053,-1.716,0.036,-1.001,0.022,-1.001,0.022
578612,-8,0,0.174,-1.015,0.065,-0.985,0.063,-1.529,0.088,-1.008,0.03,-1.008,0.03
578622,-8,0,0.174,-1.133,0.071,-1.124,0.074,-1.431,0.113,-1.031,0.044,-1.031,0.044
578632,-8,0,0.174,-1.223,0.076,-1.223,0.085,-1.395,0.123,-1.098,0.065,-1.098,0.065
578642,-8,0,0.174,-1.104,0.072,-1.156,0.079,-1.348,0.121,-1.123,0.074,-1.123,0.074
578654,-8,0,0.174,-1.03,0.076,-1.049,0.065,-1.296,0.099,-1.107,0.074,-1.107,0.074
578662,-8,0,0.174,-1.082,0.085,-1.084,0.073,-1.275,0.075,-1.088,0.073,-1.088,0.073
578672,-8,0,0.174,-1.164,0.087,-1.142,0.092,-1.303,0.066,-1.097,0.074,-1.097,0.074
578682,-8,0,0.174,-1.232,0.088,-1.219,0.093,-1.321,0.046,-1.151,0.082,-1.151,0.082
578692,-8,0,0.174,-1.243,0.09,-1.239,0.093,-1.338,0.02,-1.186,0.083,-1.186,0.083
578702,-8,0,0.174,-1.273,0.097,-1.267,0.1,-1.363,0.002,-1.206,0.08,-1.206,0.08
578712,-8,0,0.174,-1.277,0.098,-1.268,0.083,-1.384,0.005,-1.232,0.077,-1.232,0.077
578722,-8,0,0.174,-1.283,0.091,-1.285,0.102,-1.408,-0.002,-1.244,0.072,-1.244,0.072
578732,-8,0,0.174,-1.279,0.086,-1.285,0.091,-1.474,-0.022,-1.265,0.077,-1.265,0.077
578742,-8,0,0.174,-1.291,0.083,-1.288,0.079,-1.579,-0.044,-1.274,0.067,-1.274,0.067
578752,-8,0,0.174,-1.276,0.078,-1.249,0.079,-1.678,-0.068,-1.28,0.06,-1.28,0.06
578762,-8,0,0.174,-1.292,0.072,-1.279,0.093,-1.725,-0.083,-1.279,0.05,-1.279,0.05
578772,-8,0,0.174,-1.299,0.065,-1.293,0.05,-1.837,-0.068,-1.292,0.043,-1.292,0.043
578782,-8,0,0.174,-1.328,0.057,-1.293,0.068,-1.969,-0.063,-1.305,0.036,-1.305,0.036
578792,-8,0,0.174,-1.274,0.047,-1.295,0.059,-2.095,-0.089,-1.319,0.032,-1.319,0.032
578802,-8,0,0.174,-1.012,0.036,-1.104,0.036,-2.243,-0.117,-1.268,0.029,-1.268,0.029
578812,-8,0,0.174,-0.942,0.035,-0.909,0.019,-2.42,-0.119,-1.197,0.02,-1.197,0.02
578822,-8,0,0.174,-0.999,0.034,-0.975,0.046,-2.616,-0.126,-1.15,0.011,-1.15,0.011
578832,-8,0,0.174,-0.858,0.029,-0.896,0.033,-2.848,-0.166,-1.055,0.016,-1.055,0.016
578842,-8,0,0.174,-0.665,0.023,-0.7,0.021,-3.111,-0.18,-0.995,0.006,-0.995,0.006
578852,-8,0,0.174,-0.735,0.029,-0.691,0.028,-3.355,-0.137,-0.826,0.005,-0.826,0.005
578862,-8,0,0.174,-0.963,0.04,-0.839,0.035,-3.552,-0.127,-0.822,0.008,-0.822,0.008
578872,-8,0,0.174,-1.199,0.047,-1.111,0.034,-3.703,-0.108,-0.892,0.004,-0.892,0.004
578882,-8,0,0.174,-1.399,0.05,-1.304,0.051,-3.821,-0.128,-1.032,0.005,-1.032,0.005
578892,-8,0,0.174,-1.596,0.058,-1.529,0.066,-3.89,-0.239,-1.244,0.009,-1.244,0.009
578902,-8,0,0.174,-1.727,0.054,-1.66,0.052,-3.947,-0.373,-1.375,-0.006,-1.375,-0.006
578912,-8,0,0.174,-1.83,0.048,-1.769,0.049,-4.022,-0.466,-1.528,-0.024,-1.528,-0.024
578922,-8,0,0.174,-1.924,0.045,-1.859,0.048,-4.114,-0.493,-1.696,-0.027,-1.696,-0.027
578932,-8,0,0.174,-1.995,0.043,-1.956,0.043,-4.216,-0.431,-1.826,-0.03,-1.826,-0.03
578942,-8,0,0.174,-2.046,0.041,-2.02,0.032,-4.244,-0.362,-1.899,-0.046,-1.899,-0.046
578952,-8,0,0.174,-1.919,0.028,-1.954,0.04,-4.162,-0.367,-1.971,-0.061,-1.971,-0.061
578962,-8,0,0.174,-1.733,0.017,-1.779,0.032,-4.022,-0.4,-1.988,-0.072,-1.988,-0.072
578972,-8,0,0.174,-1.819,-0.004,-1.778,-0.019,-3.914,-0.336,-1.932,-0.07,-1.932,-0.07
578982,-8,0,0.174,-1.976,-0.025,-1.907,-0.01,-3.931,-0.322,-1.961,-0.085,-1.961,-0.085
578992,-8,0,0.174,-2.113,-0.04,-2.045,-0.025,-4.105,-0.343,-2.017,-0.102,-2.017,-0.102
579002,-8,0,0.174,-2.212,-0.039,-2.149,-0.044,-4.337,-0.334,-2.103,-0.104,-2.103,-0.104
579012,-8,0,0.174,-2.29,-0.041,-2.232,-0.044,-4.542,-0.333,-2.181,-0.102,-2.181,-0.102
579022,-8,0,0.174,-2.331,-0.046,-2.307,-0.041,-4.695,-0.434,-2.252,-0.124,-2.252,-0.124
579032,-8,0,0.174,-2.376,-0.048,-2.349,-0.067,-4.768,-0.562,-2.334,-0.153,-2.334,-0.153
579042,-8,0,0.174,-2.448,-0.052,-2.405,-0.039,-4.673,-0.584,-2.409,-0.175,-2.409,-0.175
579052,-8,0,0.174,-2.502,-0.061,-2.478,-0.049,-4.575,-0.491,-2.475,-0.182,-2.475,-0.182
579062,-8,0,0.174,-2.536,-0.058,-2.502,-0.058,-4.645,-0.38,-2.542,-0.193,-2.542,-0.193
579072,-8,0,0.174,-2.583,-0.051,-2.541,-0.062,-4.802,-0.255,-2.597,-0.17,-2.597,-0.17
579082,-8,0,0.174,-2.633,-0.04,-2.601,-0.043,-4.978,-0.187,-2.638,-0.129,-2.638,-0.129
579092,-8,0,0.174,-2.678,-0.037,-2.64,-0.05,-5.119,-0.15,-2.687,-0.108,-2.687,-0.108
579102,-8,0,0.174,-2.713,-0.037,-2.695,-0.03,-5.167,-0.122,-2.752,-0.1,-2.752,-0.1
579112,-8,0,0.174,-2.761,-0.041,-2.746,-0.029,-5.109,-0.052,-2.801,-0.079,-2.801,-0.079
579122,-8,0,0.174,-2.809,-0.046,-2.769,-0.051,-5.02,-0.011,-2.867,-0.068,-2.867,-0.068
579132,-8,0,0.174,-2.855,-0.046,-2.823,-0.047,-5.017,0.025,-2.923,-0.056,-2.923,-0.056
579142,-8,0,0.174,-2.864,-0.041,-2.845,-0.029,-5.124,-0.011,-2.952,-0.045,-2.952,-0.045
579152,-8,0,0.174,-2.864,-0.035,-2.843,-0.052,-5.272,-0.002,-2.988,-0.043,-2.988,-0.043
579162,-8,0,0.174,-2.86,-0.028,-2.842,-0.019,-5.384,-0.003,-3.041,-0.037,-3.041,-0.037
579172,-8,0,0.174,-2.89,-0.023,-2.885,-0.013,-5.392,0.021,-3.078,-0.027,-3.078,-0.027
579182,-8,0,0.174,-2.958,-0.009,-2.938,-0.024,-5.304,0.048,-3.133,-0.018,-3.133,-0.018
579192,-8,0,0.174,-3.072,-0.003,-3.025,-0.003,-5.223,0.083,-3.204,-0.007,-3.204,-0.007
579202,-8,0,0.174,-3.133,0,-3.09,-0.002,-5.268,0.036,-3.271,0.004,-3.271,0.004
579212,-8,0,0.174,-3.141,0.013,-3.106,-0.014,-5.359,0.021,-3.329,0.007,-3.329,0.007
579222,-8,0,0.174,-3.051,0.01,-3.103,0.017,-5.519,0.047,-3.407,0.008,-3.407,0.008
579232,-8,0,0.174,-2.47,0.003,-2.67,0.008,-5.781,0.044,-3.449,0.015,-3.449,0.015
579242,-8,0,0.174,-1.789,0,-2.001,0.022,-5.987,-0.06,-3.401,0.012,-3.401,0.012
579252,-8,0,0.174,-1.333,0.012,-1.456,-0.033,-5.922,-0.087,-3.079,-0.005,-3.079,-0.005
579262,-8,0,0.174,-1.579,0.023,-1.471,0.03,-5.621,-0.071,-2.846,-0.017,-2.846,-0.017
579272,-8,0,0.174,-2.047,0.032,-1.892,0.031,-5.46,-0.07,-2.651,-0.012,-2.651,-0.012
579282,-8,0,0.174,-2.444,0.049,-2.305,0.043,-5.516,-0.084,-2.637,-0.011,-2.637,-0.011
579292,-8,0,0.174,-2.731,0.062,-2.61,0.047,-5.66,-0.049,-2.627,0.022,-2.627,0.022
579302,-8,0,0.174,-2.832,0.068,-2.79,0.048,-5.761,-0.022,-2.693,0.03,-2.693,0.03
579312,-8,0,0.174,-2.556,0.061,-2.625,0.096,-5.785,0.012,-3.148,0.029,-3.148,0.029
579322,-8,0,0.174,-2.615,0.066,-2.605,0.059,-5.697,0.058,-3.635,0.037,-3.635,0.037
579332,-8,0,0.174,-2.844,0.074,-2.751,0.06,-5.61,0.103,-4.075,0.045,-4.075,0.045
579342,-8,0,0.174,-3.068,0.088,-2.972,0.091,-5.558,0.073,-4.265,0.059,-4.265,0.059
579352,-8,0,0.174,-3.237,0.109,-3.155,0.085,-5.601,0.039,-4.372,0.066,-4.372,0.066
579362,-8,0,0.174,-3.347,0.118,-3.303,0.122,-5.695,0.021,-4.579,0.069,-4.579,0.069
579372,-8,0,0.174,-3.438,0.124,-3.398,0.14,-5.764,0.028,-4.818,0.073,-4.818,0.073
579382,-8,0,0.174,-3.539,0.136,-3.501,0.116,-5.708,0.03,-4.932,0.081,-4.932,0.081
579392,-8,0,0.174,-3.648,0.141,-3.608,0.141,-5.642,0.024,-5.013,0.084,-5.013,0.084
579402,-8,0,0.174,-3.708,0.143,-3.662,0.136,-5.617,0.007,-5.027,0.09,-5.027,0.09
579412,-8,0,0.174,-3.739,0.143,-3.717,0.155,-5.657,0.021,-5.022,0.097,-5.022,0.097
579422,-8,0,0.174,-3.76,0.145,-3.746,0.148,-5.735,0.01,-5.125,0.099,-5.125,0.099
579432,-8,0,0.174,-3.791,0.141,-3.771,0.127,-5.773,0.043,-5.068,0.104,-5.068,0.104
579442,-8,0,0.174,-3.834,0.139,-3.812,0.152,-5.741,0.083,-5.062,0.112,-5.062,0.112
579452,-8,0,0.174,-3.852,0.134,-3.841,0.129,-5.696,0.156,-4.916,0.123,-4.916,0.123
579462,-8,0,0.174,-3.861,0.126,-3.853,0.138,-5.685,0.195,-4.796,0.133,-4.796,0.133
579472,0,0,0.174,-3.872,0.124,-3.865,0.121,-5.739,0.212,-4.891,0.14,-4.891,0.14
579482,0,0,0.174,-3.886,0.122,-3.866,0.119,-5.803,0.193,-4.886,0.138,-4.886,0.138
579492,0,0,0.174,-3.889,0.12,-3.869,0.109,-5.846,0.183,-5.014,0.137,-5.014,0.137
579502,0,0,0.174,-3.843,0.114,-3.866,0.138,-5.845,0.131,-5.256,0.136,-5.256,0.136
579512,0,0,0.174,-3.174,0.093,-3.426,0.106,-5.855,0.148,-5.391,0.135,-5.391,0.135
579522,0,0,0.174,-2.321,0.067,-2.626,0.063,-5.863,0.177,-5.329,0.131,-5.329,0.131
579532,0,0,0.174,-1.589,0.048,-1.831,0.051,-5.906,0.18,-5.335,0.134,-5.335,0.134
579542,0,0,0.174,-0.873,-0.133,-1.043,-0.077,-5.851,0.13,-5.008,0.115,-5.008,0.115
579552,0,0,0.174,-0.438,-0.2,-0.583,-0.175,-5.835,0.091,-4.75,0.088,-4.75,0.088
579562,0,0,0.174,-0.224,-0.178,-0.306,-0.185,-5.936,0.04,-4.096,0.032,-4.096,0.032
579572,0,0,0.174,-0.117,-0.136,-0.172,-0.148,-6.066,0.028,-3.01,-0.028,-3.01,-0.028
579582,0,0,0.174,-0.053,-0.102,-0.054,-0.125,-6.076,0.025,-2.87,-0.031,-2.87,-0.031
579592,0,0,0.174,-0.019,-0.077,0,-0.068,-5.955,0.049,-2.088,-0.041,-2.088,-0.041
579602,0,0,0.174,-0.009,-0.049,-0.009,-0.055,-5.915,0.041,-1.766,-0.034,-1.766,-0.034
579612,0,0,0.174,-0.004,-0.03,-0.012,-0.037,-6.036,0.035,-1.37,-0.029,-1.37,-0.029
579622,0,0,0.174,0.003,-0.019,-0.005,-0.034,-6.186,0.017,-0.864,-0.026,-0.864,-0.026
579632,0,0,0.174,-0.087,0.03,-0.004,0.021,-6.141,0.05,-0.825,-0.02,-0.825,-0.02
579642,0,0,0.174,-0.904,0.062,-0.609,0.072,-5.981,0.09,-0.802,0.007,-0.802,0.007
579652,0,0,0.174,-1.803,0.089,-1.505,0.073,-5.949,0.131,-0.965,0.029,-0.965,0.029
579662,0,0,0.174,-2.552,0.112,-2.294,0.088,-6.041,0.138,-1.445,0.057,-1.445,0.057
579672,0,0,0.174,-3.112,0.118,-2.894,0.102,-6.149,0.141,-1.756,0.072,-1.756,0.072
579682,0,0,0.174,-3.523,0.111,-3.397,0.153,-6.123,0.134,-2.067,0.087,-2.067,0.087
579692,0,0,0.174,-3.797,0.108,-3.726,0.103,-6.053,0.144,-2.485,0.099,-2.485,0.099
579702,0,0,0.174,-3.991,0.108,-3.929,0.087,-6.04,0.11,-2.885,0.102,-2.885,0.102
579712,0,0,0.174,-4.115,0.1,-4.054,0.108,-6.017,0.021,-3.207,0.095,-3.207,0.095
579722,0,0,0.174,-4.205,0.091,-4.167,0.106,-5.751,-0.122,-3.499,0.077,-3.499,0.077
579732,0,0,0.174,-4.223,0.081,-4.253,0.081,-5.232,-0.128,-3.713,0.05,-3.713,0.05
579742,0,0,0.174,-4.193,0.069,-4.24,0.06,-4.572,-0.077,-3.976,0.043,-3.976,0.043
579752,0,0,0.174,-4.141,0.073,-4.155,0.075,-3.771,-0.061,-4.044,0.037,-4.044,0.037
579762,0,0,0.174,-4.083,0.086,-4.134,0.094,-2.834,-0.163,-4.021,0.027,-4.021,0.027
579772,0,0,0.174,-3.997,0.098,-4.066,0.097,-1.901,-0.323,-3.947,0.004,-3.947,0.004
579782,0,0,0.174,-3.801,0.104,-3.924,0.091,-0.957,-0.343,-3.902,0.021,-3.902,0.021
579792,0,0,0.174,-3.032,0.086,-3.333,0.09,0.031,-0.244,-3.719,0.021,-3.719,0.021
579802,0,0,0.174,-2.182,0.063,-2.483,0.072,0.871,-0.192,-3.342,0.023,-3.342,0.023
579812,0,0,0.174,-1.487,0.044,-1.747,0.049,1.432,-0.308,-2.818,0.017,-2.818,0.017
579822,0,0,0.174,-0.982,0.029,-1.185,0.028,1.54,-0.64,-2.565,-0.035,-2.565,-0.035
579832,0,0,0.174,-0.625,0.018,-0.715,0.087,1.035,-1.007,-2.272,-0.131,-2.272,-0.131
579842,0,0,0.174,-0.582,0.046,-0.581,-0.005,0.067,-1.035,-1.999,-0.242,-1.999,-0.242
579852,0,0,0.174,-1.149,0.091,-0.989,0.063,-1.016,-0.821,-1.718,-0.292,-1.718,-0.292
579862,0,0,0.174,-1.779,0.118,-1.577,0.118,-1.99,-0.484,-1.642,-0.287,-1.642,-0.287
579872,0,0,0.174,-2.087,0.124,-2.011,0.15,-2.697,-0.181,-1.701,-0.232,-1.701,-0.232
579882,0,0,0.174,-2.098,0.127,-2.051,0.104,-3.207,-0.052,-1.797,-0.168,-1.797,-0.168
579892,0,0,0.174,-2.374,0.144,-2.265,0.095,-3.662,0.047,-1.921,-0.104,-1.921,-0.104
579902,0,0,0.174,-2.677,0.158,-2.598,0.172,-3.991,0.208,-2.065,-0.044,-2.065,-0.044
579912,0,0,0.174,-2.933,0.175,-2.865,0.187,-4.125,0.321,-2.345,0.052,-2.345,0.052
579922,0,0,0.174,-3.091,0.195,-3.053,0.179,-4.086,0.244,-2.512,0.1,-2.512,0.1
579932,0,0,0.174,-3.21,0.214,-3.159,0.183,-3.806,0.103,-2.724,0.124,-2.724,0.124
579942,0,0,0.174,-3.268,0.209,-3.29,0.197,-3.315,0.119,-2.84,0.13,-2.84,0.13
579952,0,0,0.174,-2.973,0.175,-3.085,0.234,-2.834,0.271,-2.896,0.15,-2.896,0.15
579962,0,0,0.174,-2.519,0.134,-2.704,0.167,-2.105,0.418,-2.891,0.188,-2.891,0.188
579972,0,0,0.174,-1.864,0.094,-2.095,0.093,-1.096,0.505,-2.779,0.223,-2.779,0.223
579982,0,0,0.174,-1.291,0.064,-1.521,0.067,-0.149,0.773,-2.53,0.268,-2.53,0.268
579992,0,0,0.174,-0.86,0.042,-1.02,0.054,0.647,0.873,-2.132,0.314,-2.132,0.314
580002,0,0,0.174,-0.56,0.027,-0.705,0.019,1.297,0.595,-1.674,0.305,-1.674,0.305
580012,0,0,0.174,-0.359,0.017,-0.46,0.032,1.64,0.104,-1.324,0.255,-1.324,0.255
580022,0,0,0.174,-0.227,0.011,-0.3,0.015,1.588,-0.473,-1.104,0.164,-1.104,0.164
580032,0,0,0.174,-0.143,0.007,-0.204,0.014,0.982,-0.871,-0.939,0.023,-0.939,0.023
580042,0,0,0.174,-0.232,0.007,-0.1,-0.031,-0.05,-0.869,-0.781,-0.119,-0.781,-0.119
580052,0,0,0.174,-0.743,0.003,-0.612,0.039,-1.039,-0.691,-0.73,-0.215,-0.73,-0.215
580062,0,0,0.174,-0.931,0,-0.942,0.017,-1.901,-0.485,-0.82,-0.252,-0.82,-0.252
580072,0,0,0.174,-0.788,0,-0.859,0.003,-2.654,-0.175,-1.003,-0.198,-1.003,-0.198
580082,0,0,0.174,-0.583,0,-0.666,0,-3.261,0.23,-1.286,-0.135,-1.286,-0.135
580092,0,0,0.174,-0.403,0,-0.469,-0.011,-3.612,0.75,-1.627,-0.025,-1.627,-0.025
580102,0,0,0.174,-0.262,0.011,-0.298,-0.067,-3.516,1.109,-1.911,0.125,-1.911,0.125
580112,0,0,0.174,-0.169,0.023,-0.185,0.102,-3.074,1.054,-2.034,0.265,-2.034,0.265
580122,0,0,0.174,-0.111,0.025,-0.184,-0.006,-2.399,0.856,-2.053,0.357,-2.053,0.357
580132,0,0,0.174,-0.071,0.02,-0.086,0.018,-1.486,0.761,-1.862,0.399,-1.862,0.399
580142,0,0,0.174,-0.045,0.015,-0.085,0.009,-0.462,0.648,-1.542,0.415,-1.542,0.415
580152,0,0,0.174,-0.028,0.01,-0.08,-0.004,0.479,0.429,-1.134,0.401,-1.134,0.401
580162,0,0,0.174,-0.018,0.007,-0.026,0.013,1.143,-0.138,-0.7,0.32,-0.7,0.32
580172,0,0,0.174,-0.011,0.004,-0.059,0.026,1.531,-1.093,-0.289,0.12,-0.289,0.12
580182,0,0,0.174,-0.007,0.003,-0.042,0.018,1.513,-1.939,-0.004,-0.133,-0.004,-0.133
580192,0,0,0.174,-0.004,0.002,-0.046,0.001,0.981,-2.02,0.167,-0.406,0.167,-0.406
580202,0,0,0.174,-0.003,0.001,-0.035,-0.016,0.084,-1.38,0.198,-0.59,0.198,-0.59
580212,0,0,0.174,-0.002,0,-0.021,-0.014,-0.839,-0.598,0.075,-0.622,0.075,-0.622
580222,0,0,0.174,-0.022,0,0.045,-0.074,-1.756,-0.059,-0.179,-0.53,-0.179,-0.53
580232,0,0,0.174,-0.356,0.008,-0.199,0.06,-2.294,0.274,-0.49,-0.365,-0.49,-0.365
580242,0,0,0.174,-0.806,0.046,-0.742,-0.014,-2.377,0.742,-0.827,-0.186,-0.827,-0.186
580252,0,0,0.174,-1.064,0.071,-1.016,0.039,-2.179,1.107,-1.074,0.017,-1.074,0.017
580262,0,0,0.174,-0.924,0.063,-0.971,0.068,-1.715,1.372,-1.162,0.171,-1.162,0.171
580272,0,0,0.174,-0.691,0.048,-0.777,0.043,-1.039,1.479,-1.095,0.258,-1.095,0.258
580282,0,0,0.174,-0.481,0.034,-0.608,0.018,-0.409,1.321,-0.979,0.352,-0.979,0.352
580292,0,0,0.174,-0.322,0.023,-0.422,0.042,-0.072,1.078,-0.835,0.44,-0.835,0.44
580302,0,0,0.174,-0.21,0.015,-0.258,0.057,-0.127,0.826,-0.675,0.474,-0.675,0.474
580312,0,0,0.174,-0.135,0.009,-0.183,0.004,-0.314,0.51,-0.561,0.446,-0.561,0.446
580322,0,0,0.174,-0.085,0.006,-0.129,0.004,-0.39,0.214,-0.436,0.312,-0.436,0.312
580332,0,0,0.174,-0.054,0.004,-0.099,0.01,-0.244,-0.082,-0.368,0.226,-0.368,0.226
580342,0,0,0.174,-0.034,0.002,-0.085,0.018,0.018,-0.365,-0.278,0.123,-0.278,0.123
580352,0,0,0.174,-0.021,0.001,-0.064,0.019,0.168,-0.456,-0.195,0.038,-0.195,0.038
580362,0,0,0.174,-0.013,0,-0.031,0.002,0.083,-0.315,-0.136,-0.018,-0.136,-0.018
580372,0,0,0.174,-0.008,0,-0.005,-0.011,-0.132,-0.203,-0.084,-0.039,-0.084,-0.039
580382,0,0,0.174,-0.07,0,-0.09,0.011,-0.312,-0.113,-0.098,-0.048,-0.098,-0.048
580392,0,0,0.174,-0.08,0,-0.139,0.01,-0.388,0.029,-0.137,-0.039,-0.137,-0.039
580402,0,0,0.174,-0.074,0,-0.113,0,-0.24,0.1,-0.155,-0.014,-0.155,-0.014
580412,0,0,0.174,-0.058,0,-0.096,-0.001,0.034,0.046,-0.129,0,-0.129,0
580422,0,0,0.174,-0.041,0,-0.076,-0.001,0.233,-0.034,-0.091,-0.001,-0.091,-0.001
580432,0,0,0.174,-0.03,0,-0.059,-0.002,0.245,-0.062,-0.045,-0.008,-0.045,-0.008
580442,0,0,0.174,-0.025,0,-0.011,-0.029,0.065,-0.073,-0.02,-0.017,-0.02,-0.017
580452,0,0,0.174,-0.024,0,-0.047,0.053,-0.104,-0.046,-0.022,-0.021,-0.022,-0.021
580462,0,0,0.174,-0.022,0,-0.088,0.009,-0.18,0.038,-0.047,-0.014,-0.047,-0.014
580472,0,0,0.174,-0.017,0,-0.059,0,-0.162,0.127,-0.069,0.004,-0.069,0.004
580482,0,0,0.174,-0.012,0,-0.045,-0.002,-0.068,0.183,-0.067,0.02,-0.067,0.02
580492,0,0,0.174,-0.008,0,-0.04,-0.005,0.008,0.217,-0.056,0.035,-0.056,0.035
580502,0,0,0.174,-0.005,0,-0.031,-0.016,-0.007,0.179,-0.046,0.049,-0.046,0.049
580512,0,0,0.174,-0.003,0,-0.035,0.012,-0.073,0.09,-0.045,0.052,-0.045,0.052
580522,0,0,0.174,-0.002,0,-0.005,0.019,-0.089,0.054,-0.044,0.048,-0.044,0.048
580532,0,0,0.174,-0.001,0,-0.032,-0.001,-0.07,0.037,-0.044,0.039,-0.044,0.039
580542,0,0,0.174,0,0,-0.025,-0.001,-0.038,0.025,-0.036,0.016,-0.036,0.016
580552,0,0,0.174,0,0,-0.017,-0.005,-0.011,0.009,-0.031,0.012,-0.031,0.012
580562,0,0,0.174,0,0,0.005,-0.003,0.019,-0.013,-0.024,0.007,-0.024,0.007
580572,0,0,0.174,0,0,0.006,0.005,0.053,-0.024,-0.008,0.004,-0.008,0.004
580582,0,0,0.174,0,0,-0.01,0,0.079,-0.029,0.001,0,0.001,0
580592,0,0,0.174,0,0,-0.001,0.003,0.092,-0.033,0.002,-0.002,0.002,-0.002
580602,0,0,0.174,0,0,0.01,0.001,0.094,-0.04,0.01,-0.001,0.01,-0.001
580612,0,0,0.174,0.007,0,0.007,0,0.092,-0.044,0.013,-0.003,0.013,-0.003
580622,0,0,0.174,0.021,0,0.021,0.001,0.086,-0.046,0.016,-0.001,0.016,-0.001
580632,0,0,0.174,0.022,0,0.029,-0.002,0.076,-0.046,0.023,-0.003,0.023,-0.003
580642,0,0,0.174,0.017,0,0.024,-0.001,0.063,-0.045,0.027,-0.003,0.027,-0.003
580652,0,0,0.174,0.012,0,0.018,-0.002,0.05,-0.043,0.024,-0.003,0.024,-0.003
580662,0,0,0.174,0.009,0,0.015,-0.003,0.038,-0.041,0.019,-0.003,0.019,-0.003
580672,0,0,0.174,0.006,0,0.01,-0.002,0.028,-0.037,0.014,-0.003,0.014,-0.003
580682,0,0,0.174,0.003,0,0.007,-0.002,0.017,-0.032,0.009,-0.002,0.009,-0.002
580692,0,0,0.174,0,0,0.003,-0.002,0.008,-0.027,0.005,-0.002,0.005,-0.002
580702,0,0,0.174,0,0,0.001,-0.002,0.002,-0.022,0.002,-0.002,0.002,-0.002
580712,0,0,0.174,0,0,0,-0.002,-0.004,-0.017,0.001,-0.002,0.001,-0.002
580722,0,0,0.174,0,0,-0.001,-0.001,-0.006,-0.013,-0.001,-0.001,-0.001,-0.001
580732,0,0,0.174,0,0,0,0,-0.007,-0.01,-0.001,-0.001,-0.001,-0.001
580742,0,0,0.174,0,0,0,0,-0.006,-0.007,-0.001,0,-0.001,0
580752,0,0,0.174,0,0,0,0,-0.004,-0.006,0,0,0,0
580762,0,0,0.174,0,0,0,0,-0.002,-0.005,0,0,0,0
580772,0,0,0.174,0,0,0,0,-0.001,-0.004,0,0,0,0
580782,0,0,0.174,0,0,0,0,0,-0.004,0,0,0,0
580792,0,0,0.174,0,0,0,0,0,-0.003,0,0,0,0
580802,0,0,0.174,0,0,0,0,0,-0.003,0,0,0,0
580812,0,0,0.174,0,0,0,0,-0.001,-0.003,0,0,0,0
580822,0,0,0.174,0,0,0,0,-0.001,-0.004,0,0,0,0
580832,0,0,0.174,0,0,0,0,-0.001,-0.004,0,0,0,0
580842,0,0,0.174,0,0,0,0,-0.002,-0.005,0,0,0,0
580852,2,0,0.174,0,0,0,0,-0.002,-0.005,0,0,0,0
580862,2,0,0.174,0,0,0,0,-0.002,-0.005,0,0,0,0
580872,2,0,0.174,0,0,0,0,-0.002,-0.005,0,0,0,0
580882,2,0,0.174,0,0,0,0,-0.001,-0.004,0,0,0,0
580892,2,0,0.174,0,0,0,0,-0.001,-0.004,0,0,0,0
580902,2,0,0.174,0,0,0,0,0,-0.003,0,0,0,0
580912,2,0,0.174,0,0,0,0,0.001,-0.002,0,0,0,0
580922,2,0,0.174,0,0,0,0,0.002,-0.002,0,0,0,0
580932,2,0,0.174,0,0,0,0,0.004,-0.002,0,0,0,0
580942,2,0,0.174,0,0,0,0,0.007,-0.003,0,0,0,0
580952,2,0,0.174,0,0,-0.001,0,0.01,-0.004,0,0,0,0
580962,2,0,0.174,0,0,-0.002,0,0.016,-0.006,-0.001,0,-0.001,0
580972,2,0,0.174,0,0,-0.002,0,0.021,-0.009,-0.002,0,-0.002,0
580982,2,0,0.174,0,0,-0.002,0.001,0.03,-0.01,-0.002,0,-0.002,0
580992,2,0,0.174,0,0,-0.005,0,0.043,-0.011,-0.002,0,-0.002,0
581002,2,0,0.174,0.001,0,-0.006,0.002,0.061,-0.012,-0.003,0,-0.003,0
581012,2,0,0.174,0.019,0,0.004,0.004,0.088,-0.007,-0.002,0,-0.002,0
581022,2,0,0.174,0.039,0,0.02,0.002,0.124,-0.001,0.006,0.002,0.006,0.002
581032,2,0,0.174,0.061,0,0.041,-0.002,0.162,-0.033,0.029,-0.002,0.029,-0.002
581042,2,0,0.174,0.088,-0.009,0.062,-0.003,0.212,-0.057,0.039,-0.004,0.039,-0.004
581052,2,0,0.174,0.122,-0.022,0.097,-0.016,0.268,-0.04,0.051,-0.008,0.051,-0.008
581062,2,0,0.174,0.152,-0.033,0.125,-0.026,0.365,-0.006,0.073,-0.012,0.073,-0.012
581072,2,0,0.174,0.18,-0.039,0.157,-0.033,0.478,-0.042,0.092,-0.017,0.092,-0.017
581082,2,0,0.174,0.216,-0.043,0.184,-0.037,0.692,-0.119,0.122,-0.029,0.122,-0.029
581092,2,0,0.174,0.206,-0.039,0.189,-0.039,1.111,-0.246,0.159,-0.047,0.159,-0.047
581102,2,0,0.174,0.16,-0.029,0.139,-0.039,1.594,-0.324,0.188,-0.071,0.188,-0.071
581112,2,0,0.174,0.114,-0.02,0.116,-0.024,1.924,-0.398,0.231,-0.103,0.231,-0.103
581122,2,0,0.174,0.077,-0.014,0.111,0.005,1.844,-0.505,0.262,-0.135,0.262,-0.135
581132,2,0,0.174,0.051,-0.009,0.006,-0.023,1.595,-0.402,0.293,-0.158,0.293,-0.158
581142,2,0,0.174,0.033,-0.006,0.046,-0.011,1.537,-0.191,0.289,-0.136,0.289,-0.136
581152,2,0,0.174,0.04,0,-0.005,-0.021,1.739,-0.079,0.333,-0.109,0.333,-0.109
581162,2,0,0.174,0.139,0,0.073,-0.008,2.02,-0.104,0.484,-0.091,0.484,-0.091
581172,2,0,0.174,0.261,0,0.209,-0.004,2.183,-0.348,0.672,-0.099,0.672,-0.099
581182,2,0,0.174,0.395,0,0.33,0.017,2.16,-0.483,0.673,-0.092,0.673,-0.092
581192,2,0,0.174,0.546,0.002,0.507,-0.019,1.934,-0.308,0.728,-0.091,0.728,-0.091
581202,2,0,0.174,0.651,0.01,0.602,0.014,1.705,-0.132,0.805,-0.085,0.805,-0.085
581212,2,0,0.174,0.729,0.019,0.673,0.015,1.644,-0.066,0.846,-0.058,0.846,-0.058
581222,2,0,0.174,0.795,0.027,0.768,0.027,1.701,-0.071,0.819,-0.014,0.819,-0.014
581232,2,0,0.174,0.827,0.036,0.795,0.022,1.875,-0.072,0.893,-0.009,0.893,-0.009
581242,2,0,0.174,0.798,0.044,0.794,0.034,1.959,-0.052,0.989,-0.009,0.989,-0.009
581252,2,0,0.174,0.661,0.043,0.71,0.04,1.855,0.028,1.04,0.008,1.04,0.008
581262,2,0,0.174,0.544,0.037,0.581,0.038,1.758,0.093,1.019,0.02,1.019,0.02
581272,2,0,0.174,0.557,0.042,0.539,0.052,1.75,0.116,1.033,0.032,1.033,0.032
581282,2,0,0.174,0.484,0.039,0.481,0.037,1.794,0.125,0.96,0.045,0.96,0.045
581292,2,0,0.174,0.512,0.045,0.492,0.049,1.843,0.089,0.978,0.05,0.978,0.05
581302,2,0,0.174,0.603,0.052,0.576,0.046,1.861,0.102,0.893,0.053,0.893,0.053
581312,2,0,0.174,0.666,0.058,0.635,0.061,1.861,0.123,0.913,0.056,0.913,0.056
581322,2,0,0.174,0.811,0.072,0.747,0.066,1.897,0.136,0.961,0.068,0.961,0.068
581332,2,0,0.174,0.944,0.086,0.893,0.073,1.985,0.109,1.04,0.074,1.04,0.074
581342,2,0,0.174,1.05,0.091,0.979,0.081,2.096,0.057,1.146,0.074,1.146,0.074
581352,2,0,0.174,0.94,0.077,0.979,0.113,2.18,0.028,1.267,0.072,1.267,0.072
581362,2,0,0.174,0.712,0.057,0.785,0.058,2.168,0.083,1.315,0.075,1.315,0.075
581372,2,0,0.174,0.529,0.041,0.577,0.031,2.111,0.122,1.216,0.071,1.216,0.071
581382,2,0,0.174,0.625,0.044,0.568,0.047,2.02,0.09,1.132,0.065,1.132,0.065
581392,2,0,0.174,0.818,0.053,0.748,0.066,1.975,0.049,1.03,0.059,1.03,0.059
581402,2,0,0.174,0.991,0.061,0.921,0.049,2.013,0.028,1.059,0.056,1.059,0.056
581412,2,0,0.174,1.166,0.063,1.115,0.068,2.098,0.019,1.154,0.052,1.154,0.052
581422,2,0,0.174,1.257,0.062,1.198,0.08,2.138,0.028,1.226,0.059,1.226,0.059
581432,2,0,0.174,1.333,0.067,1.292,0.062,2.148,0.04,1.332,0.058,1.332,0.058
581442,2,0,0.174,1.399,0.065,1.384,0.074,2.124,0.042,1.421,0.058,1.421,0.058
581452,2,0,0.174,1.441,0.06,1.429,0.066,2.12,0.018,1.484,0.059,1.484,0.059
581462,2,0,0.174,1.489,0.056,1.45,0.066,2.089,0.016,1.538,0.058,1.538,0.058
581472,2,0,0.174,1.539,0.054,1.525,0.047,2.05,-0.006,1.593,0.053,1.593,0.053
581482,2,0,0.174,1.556,0.048,1.544,0.062,2.009,-0.036,1.61,0.044,1.61,0.044
581492,2,0,0.174,1.566,0.044,1.577,0.033,1.954,-0.034,1.635,0.039,1.635,0.039
581502,2,0,0.174,1.38,0.033,1.454,0.048,1.909,-0.021,1.644,0.037,1.644,0.037
581512,2,0,0.174,1.039,0.023,1.152,0.027,1.887,-0.02,1.567,0.032,1.567,0.032
581522,2,0,0.174,0.765,0.014,0.845,0.015,1.873,-0.033,1.42,0.023,1.42,0.023
581532,2,0,0.174,0.789,0.004,0.781,0.003,1.857,-0.037,1.277,0.014,1.277,0.014
581542,2,0,0.174,0.956,0,0.902,0.006,1.871,-0.029,1.15,0.011,1.15,0.011
581552,2,0,0.174,1.132,0,1.066,-0.006,1.959,-0.014,1.184,0.006,1.184,0.006
581562,2,0,0.174,1.274,0,1.227,-0.005,2.075,0.014,1.231,0.001,1.231,0.001
581572,2,0,0.174,1.372,-0.005,1.315,0.012,2.151,0,1.329,0.003,1.329,0.003
581582,2,0,0.174,1.462,-0.013,1.43,-0.018,2.161,-0.008,1.427,0.002,1.427,0.002
581592,2,0,0.174,1.515,-0.013,1.491,-0.017,2.179,-0.019,1.513,-0.004,1.513,-0.004
581602,2,0,0.174,1.575,-0.011,1.543,-0.005,2.198,-0.007,1.586,-0.009,1.586,-0.009
581612,2,0,0.174,1.597,-0.014,1.591,-0.003,2.162,-0.019,1.644,-0.011,1.644,-0.011
581622,2,0,0.174,1.645,-0.015,1.619,-0.005,2.121,-0.031,1.688,-0.011,1.688,-0.011
581632,2,0,0.174,1.655,-0.013,1.648,-0.032,2.079,-0.044,1.726,-0.015,1.726,-0.015
581642,2,0,0.174,1.671,-0.017,1.667,-0.016,2.03,-0.056,1.761,-0.022,1.761,-0.022
581652,2,0,0.174,1.475,-0.018,1.57,-0.002,1.977,-0.05,1.701,-0.013,1.701,-0.013
581662,2,0,0.174,1.174,-0.018,1.264,-0.012,1.936,-0.028,1.69,-0.014,1.69,-0.014
581672,2,0,0.174,1.16,-0.018,1.143,-0.044,1.908,-0.015,1.604,-0.016,1.604,-0.016
581682,2,0,0.174,1.273,-0.022,1.242,-0.027,1.887,-0.023,1.592,-0.02,1.592,-0.02
581692,2,0,0.174,1.371,-0.024,1.343,0.001,1.888,-0.023,1.49,-0.009,1.49,-0.009
581702,2,0,0.174,1.388,-0.021,1.405,-0.025,1.921,-0.008,1.52,-0.011,1.52,-0.011
581712,2,0,0.174,1.132,-0.017,1.202,-0.026,1.969,-0.003,1.529,-0.016,1.529,-0.016
581722,2,0,0.174,1.083,-0.018,1.07,-0.011,1.979,-0.008,1.511,-0.017,1.511,-0.017
581732,2,0,0.174,1.217,-0.017,1.204,-0.012,1.985,-0.011,1.453,-0.016,1.453,-0.016
581742,2,0,0.174,1.357,-0.014,1.309,-0.023,2.038,0.001,1.49,-0.014,1.49,-0.014
581752,2,0,0.174,1.456,-0.01,1.409,-0.018,2.129,0.01,1.552,-0.012,1.552,-0.012
581762,2,0,0.174,1.359,-0.004,1.392,0.003,2.166,0.003,1.559,-0.01,1.559,-0.01
581772,2,0,0.174,1.259,0,1.281,-0.015,2.138,-0.014,1.601,-0.01,1.601,-0.01
581782,2,0,0.174,1.324,0,1.296,0.011,2.098,-0.013,1.577,-0.009,1.577,-0.009
581792,2,0,0.174,1.391,0,1.384,0.003,2.098,0.007,1.52,0.002,1.52,0.002
581802,2,0,0.174,1.162,0,1.237,-0.01,2.121,0.018,1.542,0.001,1.542,0.001
581812,4,0,0.174,0.96,0,0.988,-0.004,2.125,-0.007,1.442,-0.003,1.442,-0.003
581822,4,0,0.174,1.048,0,1.017,0.008,2.111,0.001,1.434,-0.002,1.434,-0.002
581832,4,0,0.174,1.217,0,1.17,0.011,2.13,0.015,1.434,0.002,1.434,0.002
581842,4,0,0.174,1.383,0,1.328,-0.015,2.164,0.038,1.449,0.003,1.449,0.003
581852,4,0,0.174,1.514,0,1.464,-0.002,2.126,0.013,1.516,0.002,1.516,0.002
581862,4,0,0.174,1.598,0,1.561,0.006,2.056,-0.007,1.551,0.003,1.551,0.003
581873,4,0,0.174,1.57,0,1.604,-0.001,1.995,-0.016,1.586,0.002,1.586,0.002
581883,4,0,0.174,1.302,0,1.401,-0.014,1.948,-0.009,1.589,0.001,1.589,0.001
581893,4,0,0.174,1.02,0,1.098,0.002,1.909,-0.017,1.545,-0.004,1.545,-0.004
581903,4,0,0.174,1.014,0,0.997,0.024,1.885,-0.017,1.391,-0.002,1.391,-0.002
581913,4,0,0.174,1.125,0,1.094,-0.012,1.867,-0.008,1.337,0,1.337,0
581923,4,0,0.174,1.279,0,1.226,-0.009,1.88,-0.006,1.273,-0.009,1.273,-0.009
581933,4,0,0.174,1.401,0,1.365,0.015,1.925,-0.02,1.291,-0.009,1.291,-0.009
581943,4,0,0.174,1.487,0,1.456,0.003,2.014,0.002,1.331,-0.003,1.331,-0.003
581953,4,0,0.174,1.53,0,1.504,-0.015,2.137,0.034,1.393,-0.001,1.393,-0.001
581963,4,0,0.174,1.587,0,1.562,-0.013,2.205,0.038,1.438,-0.001,1.438,-0.001
581973,4,0,0.174,1.628,0,1.627,0.025,2.212,0.018,1.499,0.007,1.499,0.007
581983,4,0,0.174,1.673,0,1.656,-0.006,2.301,0.034,1.551,0.01,1.551,0.01
581993,4,0,0.174,1.498,0,1.556,-0.005,2.415,0.043,1.592,0.008,1.592,0.008
582003,4,0,0.174,1.135,0,1.235,0.001,2.476,0.001,1.57,0.007,1.57,0.007
582013,4,0,0.174,0.819,0,0.927,0.006,2.506,-0.001,1.491,0.007,1.491,0.007
582023,4,0,0.174,0.835,0,0.823,-0.001,2.537,0.033,1.131,-0.001,1.131,-0.001
582033,4,0,0.174,1.064,-0.011,0.982,0.008,2.649,0.057,1.117,0.004,1.117,0.004
582043,4,0,0.174,1.272,-0.02,1.167,-0.015,2.862,0.057,1.146,0.008,1.146,0.008
582053,4,0,0.174,1.446,-0.029,1.37,-0.027,3.165,0.084,1.223,0.001,1.223,0.001
582063,4,0,0.174,1.509,-0.036,1.503,-0.038,3.561,0.071,1.354,-0.005,1.354,-0.005
582073,4,0,0.174,1.229,-0.031,1.293,-0.03,3.875,-0.007,1.432,-0.015,1.432,-0.015
582083,6,0,0.174,0.893,-0.023,0.99,-0.033,3.922,-0.111,1.437,-0.023,1.437,-0.023
582093,6,0,0.174,0.772,-0.018,0.786,-0.005,3.817,-0.096,1.32,-0.029,1.32,-0.029
582103,6,0,0.174,1.018,-0.015,0.92,-0.022,3.722,-0.046,1.21,-0.03,1.21,-0.03
582113,6,0,0.174,1.339,-0.022,1.217,-0.01,3.696,0.019,1.25,-0.026,1.25,-0.026
582123,6,0,0.174,1.54,-0.029,1.463,-0.02,3.519,0.022,1.346,-0.017,1.346,-0.017
582133,6,0,0.174,1.342,-0.027,1.418,-0.027,3.201,0.008,1.457,-0.014,1.457,-0.014
582143,6,0,0.174,1.286,-0.022,1.306,-0.029,2.918,-0.016,1.522,-0.016,1.522,-0.016
582153,6,0,0.174,1.468,-0.024,1.434,-0.059,2.706,-0.009,1.553,-0.017,1.553,-0.017
582163,6,0,0.174,1.694,-0.033,1.585,-0.002,2.526,-0.013,1.589,-0.017,1.589,-0.017
582173,6,0,0.174,1.842,-0.039,1.784,-0.035,2.344,-0.009,1.635,-0.018,1.635,-0.018
582183,6,0,0.174,1.918,-0.037,1.918,-0.052,2.183,-0.016,1.687,-0.02,1.687,-0.02
582193,6,0,0.174,1.966,-0.032,1.988,-0.037,2.075,-0.032,1.787,-0.023,1.787,-0.023
582203,6,0,0.174,2.001,-0.029,2,-0.021,1.989,-0.042,1.829,-0.026,1.829,-0.026
582213,6,0,0.174,2.032,-0.025,2.015,-0.034,1.922,-0.017,1.866,-0.029,1.866,-0.029
582223,6,0,0.174,2.034,-0.026,2.015,-0.024,1.871,0.004,1.891,-0.025,1.891,-0.025
582233,6,0,0.174,1.988,-0.029,2.024,-0.019,1.845,0.012,1.909,-0.02,1.909,-0.02
582243,6,0,0.174,1.682,-0.026,1.832,-0.037,1.832,0.019,1.923,-0.016,1.923,-0.016
582253,6,0,0.174,1.244,-0.02,1.401,-0.029,1.825,0.032,1.869,-0.013,1.869,-0.013
582263,6,0,0.174,0.894,-0.014,0.999,-0.014,1.819,0.033,1.719,-0.009,1.719,-0.009
582273,6,0,0.174,0.907,-0.005,0.869,0.004,1.855,0.021,1.489,-0.004,1.489,-0.004
582283,6,0,0.174,1.155,0,1.092,-0.018,1.938,0.003,1.422,-0.003,1.422,-0.003
582293,6,0,0.174,1.191,0,1.211,0.006,2.094,-0.001,1.38,-0.002,1.38,-0.002
582303,6,0,0.174,0.997,0,1.081,0.005,2.406,0.008,1.376,0,1.376,0
582313,6,0,0.174,0.747,0,0.785,0,2.761,0.038,1.324,0.003,1.324,0.003
582323,6,0,0.174,0.521,0,0.559,-0.015,3.023,0.046,1.22,0.008,1.22,0.008
582333,6,0,0.174,0.408,0,0.462,0.001,3.227,0.007,1.15,0.008,1.15,0.008
582343,6,0,0.174,0.299,0,0.327,-0.006,3.353,0.018,1.023,0.009,1.023,0.009
582353,6,0,0.174,0.288,0,0.234,-0.015,3.418,0.052,0.891,0.011,0.891,0.011
582363,6,0,0.174,0.546,0,0.481,0,3.545,0.014,0.615,0.004,0.615,0.004
582373,6,0,0.174,0.555,0,0.536,-0.001,3.854,-0.033,0.611,0.002,0.611,0.002
582383,6,0,0.174,0.441,0,0.463,-0.01,4.201,-0.084,0.585,-0.005,0.585,-0.005
582393,6,0,0.174,0.317,0,0.313,-0.004,4.445,-0.128,0.562,-0.012,0.562,-0.012
582403,6,0,0.174,0.217,0,0.24,-0.001,4.515,-0.173,0.563,-0.023,0.563,-0.023
582413,6,0,0.174,0.14,0,0.155,-0.003,4.569,-0.164,0.492,-0.026,0.492,-0.026
582423,6,0,0.174,0.083,0,0.065,-0.005,4.625,-0.128,0.418,-0.028,0.418,-0.028
582433,6,0,0.174,0.048,0,0.049,-0.005,4.683,-0.083,0.359,-0.026,0.359,-0.026
582443,6,0,0.174,0.028,0,0.014,-0.003,4.736,-0.065,0.233,-0.019,0.233,-0.019
582453,6,0,0.174,0.282,-0.002,0.161,-0.002,4.769,-0.07,0.218,-0.017,0.218,-0.017
582463,6,0,0.174,0.763,-0.013,0.552,-0.008,4.781,-0.08,0.306,-0.015,0.306,-0.015
582473,6,0,0.174,1.317,-0.027,1.149,-0.018,4.784,-0.05,0.528,-0.019,0.528,-0.019
582483,6,0,0.174,1.69,-0.036,1.549,-0.044,4.799,-0.045,1.041,-0.032,1.041,-0.032
582493,6,0,0.174,2.015,-0.049,1.934,-0.037,4.856,-0.076,1.277,-0.037,1.277,-0.037
582503,6,0,0.174,2.213,-0.054,2.114,-0.045,4.858,-0.097,1.548,-0.043,1.548,-0.043
582513,6,0,0.174,2.4,-0.059,2.332,-0.067,4.887,-0.105,1.876,-0.054,1.876,-0.054
582523,6,0,0.174,2.502,-0.068,2.445,-0.064,4.924,-0.067,2.1,-0.061,2.1,-0.061
582533,6,0,0.174,2.595,-0.086,2.547,-0.088,4.929,-0.05,2.301,-0.064,2.301,-0.064
582543,6,0,0.174,2.676,-0.093,2.635,-0.101,4.908,-0.011,2.448,-0.066,2.448,-0.066
582553,6,0,0.174,2.755,-0.094,2.72,-0.091,4.91,0.088,2.597,-0.069,2.597,-0.069
582563,6,0,0.174,2.807,-0.094,2.771,-0.099,4.923,0.124,2.678,-0.067,2.678,-0.067
582573,6,0,0.174,2.857,-0.093,2.842,-0.101,4.864,0.16,2.772,-0.055,2.772,-0.055
582583,6,0,0.174,2.913,-0.093,2.89,-0.082,4.771,0.167,2.851,-0.049,2.851,-0.049
582593,6,0,0.174,2.942,-0.088,2.928,-0.087,4.728,0.206,2.924,-0.031,2.924,-0.031
582603,6,0,0.174,2.927,-0.081,2.906,-0.099,4.789,0.237,2.981,-0.022,2.981,-0.022
582613,6,0,0.174,2.924,-0.062,2.908,-0.063,4.947,0.256,3.055,-0.007,3.055,-0.007
582623,6,0,0.174,2.891,-0.044,2.895,-0.031,5.113,0.253,3.287,0.013,3.287,0.013
582633,6,0,0.174,2.901,-0.003,2.869,-0.021,5.224,0.233,3.705,0.032,3.705,0.032
582643,6,0,0.174,2.97,0.039,2.932,0.019,5.191,0.215,3.812,0.036,3.812,0.036
582653,6,0,0.174,3.044,0.083,3.028,0.083,5.142,0.228,3.88,0.062,3.88,0.062
582663,6,0,0.174,3.077,0.116,3.051,0.104,5.173,0.209,3.965,0.08,3.965,0.08
582673,6,0,0.174,3.094,0.151,3.088,0.142,5.162,0.125,4.03,0.099,4.03,0.099
582683,6,0,0.174,3.119,0.179,3.093,0.167,5.07,0.101,4.094,0.112,4.094,0.112
582693,6,0,0.174,3.188,0.218,3.128,0.193,4.927,0.123,4.064,0.136,4.064,0.136
582703,6,0,0.174,3.219,0.232,3.196,0.237,4.834,0.204,4.222,0.146,4.222,0.146
582713,6,0,0.174,3.241,0.233,3.262,0.263,4.887,0.222,4.304,0.17,4.304,0.17
582723,6,0,0.174,3.258,0.226,3.267,0.229,5.007,0.158,4.362,0.18,4.362,0.18
582733,6,0,0.174,3.322,0.216,3.257,0.208,5.164,0.016,4.544,0.166,4.544,0.166
582743,6,0,0.174,3.373,0.2,3.322,0.214,5.173,-0.036,4.595,0.153,4.595,0.153
582753,6,0,0.174,3.43,0.169,3.411,0.174,5.204,-0.065,4.686,0.129,4.686,0.129
582763,6,0,0.174,3.478,0.133,3.477,0.149,5.313,-0.115,4.621,0.112,4.621,0.112
582775,6,0,0.174,3.53,0.105,3.504,0.119,5.357,-0.099,4.74,0.092,4.74,0.092
582783,6,0,0.174,3.6,0.063,3.549,0.087,5.33,-0.012,4.684,0.075,4.684,0.075
582793,6,0,0.174,3.632,0.035,3.618,0.048,5.326,0.068,4.767,0.07,4.767,0.07
582803,6,0,0.174,3.646,0.005,3.641,0.011,5.367,0.137,4.765,0.065,4.765,0.065
582813,6,0,0.174,3.67,-0.033,3.664,-0.017,5.365,0.145,4.783,0.058,4.783,0.058
582823,6,0,0.174,3.717,-0.072,3.682,-0.053,5.291,0.128,4.842,0.051,4.842,0.051
582833,0,0,0.174,3.748,-0.097,3.733,-0.075,5.246,0.115,4.76,0.024,4.76,0.024
582843,0,0,0.174,3.774,-0.114,3.759,-0.115,5.29,0.136,4.733,0.002,4.733,0.002
582853,0,0,0.174,3.806,-0.131,3.784,-0.139,5.38,0.135,4.444,-0.059,4.444,-0.059
582863,0,0,0.174,3.826,-0.149,3.812,-0.123,5.392,0.145,4.415,-0.076,4.415,-0.076
582876,0,0,0.174,3.823,-0.156,3.824,-0.154,5.275,0.142,4.415,-0.078,4.415,-0.078
582883,0,0,0.174,3.778,-0.148,3.772,-0.169,5.215,0.153,4.161,-0.115,4.161,-0.115
582893,0,0,0.174,3.789,-0.139,3.788,-0.139,5.28,0.154,4.193,-0.103,4.193,-0.103
582903,0,0,0.174,3.798,-0.124,3.789,-0.128,5.354,0.15,4.171,-0.092,4.171,-0.092
582913,0,0,0.174,3.807,-0.096,3.798,-0.117,5.406,0.126,4.034,-0.09,4.034,-0.09
582923,0,0,0.174,3.838,-0.062,3.818,-0.081,5.419,0.104,4.012,-0.083,4.012,-0.083
582933,0,0,0.174,3.877,-0.015,3.853,-0.03,5.489,0.084,3.989,-0.059,3.989,-0.059
582943,0,0,0.174,3.907,0.036,3.887,0.027,5.61,0.065,3.992,-0.028,3.992,-0.028
582953,0,0,0.174,3.947,0.088,3.926,0.051,5.641,0.039,4.032,-0.007,4.032,-0.007
582963,0,0,0.174,3.973,0.122,3.97,0.105,5.6,-0.003,4.071,0.007,4.071,0.007
582973,0,0,0.174,3.965,0.152,3.959,0.162,5.515,-0.036,4.082,0.051,4.082,0.051
582983,0,0,0.174,3.953,0.186,3.939,0.18,5.431,-0.034,4.094,0.08,4.094,0.08
582993,0,0,0.174,3.949,0.22,3.941,0.199,5.338,-0.004,4.129,0.084,4.129,0.084
583003,0,0,0.174,3.963,0.247,3.969,0.236,5.206,0.005,4.143,0.098,4.143,0.098
583013,0,0,0.174,3.999,0.266,4.005,0.284,4.987,-0.01,4.116,0.142,4.116,0.142
583023,0,0,0.174,4.037,0.271,4.024,0.257,4.761,-0.02,4.132,0.144,4.132,0.144
583033,0,0,0.174,4.056,0.261,4.052,0.269,4.509,-0.039,4.13,0.15,4.13,0.15
583043,0,0,0.174,4.029,0.241,4.061,0.261,4.315,-0.057,4.116,0.166,4.116,0.166
583053,0,0,0.174,4.019,0.233,4.041,0.225,4.177,-0.07,4.114,0.155,4.114,0.155
583063,0,0,0.174,3.993,0.216,3.999,0.225,3.971,-0.126,4.075,0.145,4.075,0.145
583073,0,0,0.174,3.967,0.194,3.975,0.216,3.781,-0.186,4.042,0.131,4.042,0.131
583083,0,0,0.174,3.947,0.166,3.991,0.175,3.632,-0.229,4.01,0.118,4.01,0.118
583093,0,0,0.174,3.93,0.133,3.958,0.143,3.521,-0.211,3.983,0.101,3.983,0.101
583103,0,0,0.174,3.89,0.109,3.906,0.119,3.417,-0.201,3.956,0.082,3.956,0.082
583113,0,0,0.174,3.819,0.084,3.869,0.1,3.237,-0.218,3.901,0.064,3.901,0.064
583123,0,0,0.174,3.742,0.067,3.8,0.081,3.15,-0.218,3.865,0.048,3.865,0.048
583133,0,0,0.174,3.687,0.055,3.724,0.049,3.068,-0.199,3.802,0.032,3.802,0.032
583143,0,0,0.174,3.635,0.036,3.67,0.054,2.941,-0.179,3.726,0.024,3.726,0.024
583153,0,0,0.174,3.551,0.023,3.615,0.019,2.817,-0.179,3.673,0.012,3.673,0.012
583163,0,0,0.174,3.49,0.022,3.538,0.017,2.751,-0.166,3.629,0.002,3.629,0.002
583173,0,0,0.174,3.442,0.023,3.47,0.024,2.659,-0.143,3.575,-0.007,3.575,-0.007
583183,0,0,0.174,3.383,0.022,3.424,0.019,2.534,-0.113,3.478,0.002,3.478,0.002
583193,0,0,0.174,3.319,0.028,3.391,0.016,2.482,-0.071,3.428,0.002,3.428,0.002
583203,0,0,0.174,3.257,0.032,3.289,0.047,2.453,-0.045,3.381,0.004,3.381,0.004
583213,0,0,0.174,3.177,0.03,3.222,0.032,2.345,-0.029,3.315,0.015,3.315,0.015
583223,0,0,0.174,3.097,0.031,3.14,0.028,2.191,-0.017,3.25,0.014,3.25,0.014
583233,0,0,0.174,3.015,0.037,3.073,0.047,2.087,-0.024,3.186,0.016,3.186,0.016
583243,0,0,0.174,2.949,0.037,3.01,0.024,2.005,-0.033,3.124,0.015,3.124,0.015
583253,0,0,0.174,2.851,0.024,2.901,0.037,1.923,-0.034,3.034,0.011,3.034,0.011
583263,0,0,0.174,2.769,0.013,2.815,0.029,1.855,-0.074,2.959,0.01,2.959,0.01
583273,0,0,0.174,2.686,0.012,2.742,0.008,1.707,-0.144,2.856,0.002,2.856,0.002
583283,0,0,0.174,2.621,0.02,2.685,0.011,1.634,-0.108,2.778,-0.007,2.778,-0.007
583293,0,0,0.174,2.576,0.021,2.614,0.027,1.595,-0.051,2.688,-0.003,2.688,-0.003
583303,0,0,0.174,2.561,0.024,2.61,0.012,1.603,-0.033,2.654,-0.002,2.654,-0.002
583313,0,0,0.174,2.514,0.017,2.542,0.021,1.54,-0.034,2.592,0.007,2.592,0.007
583323,0,0,0.174,2.434,0.011,2.476,0.004,1.449,-0.032,2.552,0.005,2.552,0.005
583333,0,0,0.174,2.397,0.014,2.465,0.017,1.343,-0.005,2.501,0.004,2.501,0.004
583343,0,0,0.174,2.343,0.02,2.372,0.02,1.196,-0.009,2.443,0.006,2.443,0.006
583353,0,0,0.174,2.249,0.015,2.3,0.018,1.032,0.011,2.378,0.01,2.378,0.01
583363,0,0,0.174,1.981,0.013,2.11,0.012,0.88,0.044,2.298,0.013,2.298,0.013
583373,0,0,0.174,1.496,0.01,1.69,-0.002,0.771,0.061,2.171,0.018,2.171,0.018
583383,0,0,0.174,1.088,0.007,1.288,0.009,0.705,0.077,1.977,0.024,1.977,0.024
583393,0,0,0.174,0.732,0.005,0.894,-0.003,0.659,0.091,1.726,0.028,1.726,0.028
583403,0,0,0.174,0.459,0.003,0.561,0.017,0.558,0.049,1.48,0.032,1.48,0.032
583413,0,0,0.174,0.295,0.002,0.398,0.019,0.442,-0.072,1.209,0.022,1.209,0.022
583423,0,0,0.174,0.196,0.001,0.254,-0.004,0.333,-0.163,0.965,-0.002,0.965,-0.002
583433,0,0,0.174,0.124,0,0.193,-0.011,0.314,-0.138,0.761,-0.024,0.761,-0.024
583443,0,0,0.174,0.074,0,0.132,-0.007,0.397,-0.082,0.595,-0.03,0.595,-0.03
583453,0,0,0.174,0.046,0,0.089,0.004,0.518,-0.029,0.379,-0.019,0.379,-0.019
583463,0,0,0.174,0.03,0,0.07,0.003,0.657,0.006,0.342,-0.013,0.342,-0.013
583473,0,0,0.174,0.019,0,0.051,0.001,0.82,0.033,0.369,-0.007,0.369,-0.007
583483,0,0,0.174,0.011,0,0.043,0.002,0.972,0.04,0.429,-0.001,0.429,-0.001
583493,0,0,0.174,0.007,0,0.037,-0.009,1.066,0.038,0.509,0.005,0.509,0.005
583503,0,0,0.174,0.053,0,-0.014,0.023,1.095,0.023,0.591,0.009,0.591,0.009
583513,0,0,0.174,0.234,0,0.156,0.001,1.016,0.01,0.624,0.011,0.624,0.011
583523,0,0,0.174,0.443,-0.005,0.382,-0.018,0.872,-0.024,0.659,0.006,0.659,0.006
583533,0,0,0.174,0.495,-0.012,0.521,0.004,0.679,-0.071,0.661,-0.005,0.661,-0.005
583543,0,0,0.174,0.417,-0.012,0.468,0.008,0.52,-0.098,0.632,-0.017,0.632,-0.017
583553,0,0,0.174,0.306,-0.009,0.377,-0.01,0.434,-0.07,0.579,-0.026,0.579,-0.026
583563,0,0,0.174,0.203,-0.006,0.277,-0.019,0.368,-0.03,0.501,-0.026,0.501,-0.026
583573,0,0,0.174,0.135,-0.004,0.195,-0.015,0.322,0.011,0.334,-0.02,0.334,-0.02
583583,0,0,0.174,0.091,-0.003,0.134,-0.01,0.291,0.009,0.309,-0.016,0.309,-0.016
583593,0,0,0.174,0.058,-0.002,0.104,0.014,0.271,-0.028,0.276,-0.012,0.276,-0.012
583603,0,0,0.174,0.035,-0.001,0.079,-0.002,0.258,-0.018,0.252,-0.012,0.252,-0.012
583613,0,0,0.174,0.031,0,0.061,-0.005,0.257,-0.006,0.237,-0.011,0.237,-0.011
583623,0,0,0.174,0.033,0,0.061,-0.004,0.251,0.002,0.226,-0.009,0.226,-0.009
583633,0,0,0.174,0.028,0,0.056,-0.002,0.247,0,0.219,-0.007,0.219,-0.007
583643,0,0,0.174,0.029,0,0.018,0.012,0.255,0.013,0.214,-0.005,0.214,-0.005
583653,0,0.2,0.174,0.069,0.01,0.037,-0.004,0.24,0.028,0.19,0.001,0.19,0.001
583663,0,0.2,0.174,0.099,0.014,0.11,0.014,0.177,0.027,0.18,0.006,0.18,0.006
583673,0,0.2,0.174,0.111,0.014,0.131,0.017,0.12,0.038,0.166,0.012,0.166,0.012
583683,0,0.2,0.174,0.093,0.011,0.125,0.01,0.078,0.043,0.148,0.016,0.148,0.016
583693,0,0.2,0.174,0.068,0.008,0.105,0.011,0.049,0.037,0.126,0.015,0.126,0.015
583703,0,0.2,0.174,0.049,0.006,0.081,0.01,0.033,0.03,0.113,0.015,0.113,0.015
583713,0,0.2,0.174,0.033,0.004,0.056,0.005,0.021,0.025,0.098,0.015,0.098,0.015
583723,0,0.2,0.174,0.02,0.002,0.009,0.005,0.005,0.017,0.08,0.014,0.08,0.014
583733,0,0.2,0.174,0.013,0.002,0.008,0.002,-0.025,0.014,0.041,0.01,0.041,0.01
583743,0,0.2,0.174,-0.002,0.003,0.013,0.001,-0.054,0.016,0.026,0.008,0.026,0.008
583753,0,0.2,0.174,-0.031,0.004,-0.01,0.003,-0.073,0.019,0.008,0.005,0.008,0.005
583763,0,0.2,0.174,-0.051,0.006,-0.04,0.004,-0.083,0.02,-0.001,0.006,-0.001,0.006
583773,0,0.2,0.174,-0.069,0.008,-0.072,0.004,-0.094,0.022,-0.049,0.005,-0.049,0.005
583783,0,0.2,0.174,-0.088,0.01,-0.085,0.007,-0.105,0.027,-0.063,0.006,-0.063,0.006
583793,0,0.2,0.174,-0.077,0.009,-0.081,0.007,-0.109,0.034,-0.078,0.008,-0.078,0.008
583803,0,0.2,0.174,-0.065,0.005,-0.072,0.002,-0.11,0.041,-0.077,0.006,-0.077,0.006
583813,0,0.2,0.174,-0.067,0.011,-0.071,0.007,-0.107,0.048,-0.076,0.006,-0.076,0.006
583823,0,0.2,0.174,-0.07,0.02,-0.071,0.015,-0.101,0.057,-0.074,0.011,-0.074,0.011
583833,0,0.2,0.174,-0.074,0.03,-0.077,0.026,-0.092,0.064,-0.074,0.019,-0.074,0.019
583843,0,0.2,0.174,-0.061,0.028,-0.072,0.028,-0.083,0.068,-0.075,0.025,-0.075,0.025
583853,0,0.2,0.174,-0.051,0.03,-0.058,0.03,-0.07,0.071,-0.069,0.029,-0.069,0.029
583863,0,0.2,0.174,-0.047,0.034,-0.052,0.034,-0.06,0.071,-0.062,0.032,-0.062,0.032
583873,0,0.2,0.174,-0.044,0.039,-0.047,0.039,-0.052,0.069,-0.055,0.036,-0.055,0.036
583883,0,0.2,0.174,-0.04,0.042,-0.043,0.043,-0.043,0.066,-0.048,0.041,-0.048,0.041
583893,0,0.2,0.174,-0.035,0.042,-0.039,0.044,-0.036,0.062,-0.044,0.044,-0.044,0.044
583903,0,0.2,0.174,-0.027,0.034,-0.032,0.039,-0.029,0.058,-0.037,0.043,-0.037,0.043
583913,0,0.2,0.174,-0.019,0.025,-0.023,0.029,-0.023,0.053,-0.029,0.036,-0.029,0.036
583923,0,0.2,0.174,-0.012,0.016,-0.016,0.02,-0.018,0.047,-0.023,0.029,-0.023,0.029
583933,0,0.2,0.174,-0.008,0.011,-0.011,0.014,-0.013,0.042,-0.016,0.021,-0.016,0.021
583943,0,0.2,0.174,-0.005,0.007,-0.008,0.009,-0.008,0.038,-0.011,0.015,-0.011,0.015
583953,0,0.2,0.174,-0.003,0.005,-0.004,0.005,-0.005,0.036,-0.008,0.012,-0.008,0.012
583963,0,0.2,0.174,-0.002,0.003,-0.002,0.003,-0.003,0.033,-0.004,0.007,-0.004,0.007
583973,0,0.2,0.174,-0.001,0.002,-0.002,0.002,-0.001,0.031,-0.002,0.004,-0.002,0.004
583983,0,0.2,0.174,0,0.001,-0.001,0.001,0,0.032,-0.001,0.003,-0.001,0.003
583993,0,0.2,0.174,0,0,0,-0.001,0.002,0.035,-0.001,0.002,-0.001,0.002
584003,0,0.2,0.174,0,0,0.001,-0.001,0.001,0.036,0.001,0,0.001,0
584013,0,0.2,0.174,0,0,0,0,0,0.037,0.001,0,0.001,0
584023,0,0.2,0.174,0,0,0,0,-0.001,0.039,0,0,0,0
584033,0,0.2,0.174,0,0,0,-0.001,-0.002,0.042,0,0,0,0
584043,0,0.2,0.174,0,0,0,0,-0.005,0.045,0,0,0,0
584053,0,0.2,0.174,0,0,0,0,-0.006,0.049,0,0.001,0,0.001
584063,0,0.4,0.174,0,0,0,0,-0.005,0.054,0,0.001,0,0.001
584073,0,0.4,0.174,0,0,0,0,-0.006,0.058,0,0.001,0,0.001
584083,0,0.4,0.174,0,0,0.001,-0.001,-0.007,0.062,0,0,0,0
584093,0,0.4,0.174,0,0.009,0,0,-0.007,0.063,0,0.001,0,0.001
584103,0,0.4,0.174,0,0.017,0,0.014,-0.007,0.064,0,0.005,0,0.005
584113,0,0.4,0.174,0,0.027,0,0.024,-0.007,0.067,0.001,0.016,0.001,0.016
584123,0,0.4,0.174,0,0.034,0,0.031,-0.007,0.068,0,0.021,0,0.021
584133,0,0.4,0.174,0,0.04,0,0.037,-0.01,0.07,0,0.031,0,0.031
584143,0,0.4,0.174,0,0.046,0.001,0.043,-0.013,0.074,0,0.038,0,0.038
584153,0,0.4,0.174,0,0.053,0.002,0.049,-0.014,0.083,0,0.043,0,0.043
584163,0,0.4,0.174,0,0.053,0.001,0.052,-0.016,0.089,0,0.048,0,0.048
584173,0,0.4,0.174,0,0.042,0,0.044,-0.016,0.097,0.001,0.048,0.001,0.048
584183,0,0.4,0.174,0,0.031,0,0.034,-0.02,0.107,0,0.044,0,0.044
584193,0,0.4,0.174,0,0.03,-0.002,0.025,-0.024,0.118,-0.002,0.038,-0.002,0.038
584203,0,0.4,0.174,0,0.04,0,0.032,-0.027,0.132,-0.002,0.037,-0.002,0.037
584213,0,0.4,0.174,0,0.058,0.002,0.049,-0.013,0.167,0,0.043,0,0.043
584223,0,0.4,0.174,-0.009,0.076,-0.008,0.064,-0.004,0.187,-0.002,0.055,-0.002,0.055
584233,0,0.4,0.174,-0.017,0.092,-0.016,0.083,-0.012,0.196,-0.007,0.07,-0.007,0.07
584243,0,0.4,0.174,-0.022,0.101,-0.017,0.093,-0.019,0.21,-0.011,0.082,-0.011,0.082
584253,0,0.4,0.174,-0.027,0.117,-0.022,0.104,-0.027,0.228,-0.017,0.096,-0.017,0.096
584263,0,0.4,0.174,-0.029,0.135,-0.027,0.127,-0.029,0.242,-0.02,0.109,-0.02,0.109
584273,0,0.6,0.174,-0.032,0.158,-0.033,0.144,-0.028,0.268,-0.023,0.129,-0.023,0.129
584283,0,0.6,0.174,-0.035,0.181,-0.041,0.173,-0.029,0.291,-0.032,0.154,-0.032,0.154
584293,0,0.6,0.174,-0.03,0.16,-0.031,0.16,-0.027,0.318,-0.033,0.169,-0.033,0.169
584303,0,0.6,0.174,-0.024,0.125,-0.026,0.129,-0.027,0.329,-0.03,0.16,-0.03,0.16
584313,0,0.6,0.174,-0.017,0.088,-0.018,0.106,-0.021,0.32,-0.027,0.158,-0.027,0.158
584323,0,0.6,0.174,-0.014,0.079,-0.022,0.084,-0.018,0.318,-0.024,0.127,-0.024,0.127
584333,0,0.6,0.174,-0.016,0.107,-0.016,0.099,-0.021,0.319,-0.023,0.123,-0.023,0.123
584343,0,0.6,0.174,-0.016,0.117,-0.009,0.116,-0.019,0.325,-0.02,0.124,-0.02,0.124
584353,0,0.6,0.174,-0.016,0.122,-0.013,0.116,-0.011,0.339,-0.014,0.123,-0.014,0.123
584363,0,0.6,0.174,-0.015,0.125,-0.016,0.13,-0.006,0.335,-0.014,0.126,-0.014,0.126
584373,0,0.6,0.174,-0.014,0.115,-0.022,0.118,-0.007,0.327,-0.015,0.129,-0.015,0.129
584383,0,0.6,0.174,-0.014,0.111,-0.016,0.111,-0.015,0.347,-0.017,0.129,-0.017,0.129
584393,0,0.6,0.174,-0.012,0.088,0,0.095,-0.013,0.377,-0.013,0.125,-0.013,0.125
584403,0,0.6,0.174,-0.012,0.101,-0.009,0.094,-0.017,0.391,-0.01,0.122,-0.01,0.122
584413,0,0.6,0.174,-0.013,0.134,-0.017,0.124,-0.019,0.399,-0.013,0.131,-0.013,0.131
584423,0,0.6,0.174,-0.011,0.123,-0.018,0.125,-0.015,0.414,-0.016,0.147,-0.016,0.147
584433,0,0.6,0.174,-0.008,0.094,-0.006,0.1,-0.008,0.427,-0.014,0.155,-0.014,0.155
584443,0,0.6,0.174,-0.007,0.074,-0.009,0.072,-0.002,0.45,-0.009,0.13,-0.009,0.13
584453,0,0.6,0.174,-0.009,0.098,-0.01,0.085,0.011,0.488,-0.007,0.115,-0.007,0.115
584463,0,0.6,0.174,-0.011,0.144,-0.014,0.126,0.023,0.497,-0.008,0.121,-0.008,0.121
584473,0,0.6,0.174,-0.01,0.134,-0.007,0.141,0.041,0.533,-0.006,0.154,-0.006,0.154
584483,0,0.6,0.174,-0.007,0.1,-0.007,0.103,0.042,0.562,-0.003,0.155,-0.003,0.155
584493,0,0.6,0.174,-0.007,0.108,-0.007,0.094,0.041,0.565,-0.003,0.135,-0.003,0.135
584503,0,0.6,0.174,-0.01,0.147,-0.002,0.124,0.036,0.582,-0.002,0.148,-0.002,0.148
584513,0,0.6,0.174,-0.013,0.191,-0.013,0.176,0.021,0.615,-0.001,0.189,-0.001,0.189
584523,0,0.6,0.174,-0.011,0.168,-0.007,0.18,0.013,0.6,-0.005,0.209,-0.005,0.209
584533,0,0.6,0.174,-0.008,0.127,-0.014,0.136,0.006,0.601,-0.005,0.229,-0.005,0.229
584543,0,0.8,0.174,-0.005,0.088,-0.006,0.101,0.007,0.641,-0.006,0.233,-0.006,0.233
584553,0,0.8,0.174,0,0.107,-0.006,0.079,0.008,0.672,-0.004,0.212,-0.004,0.212
584563,0,0.8,0.174,0,0.169,0.005,0.147,0.005,0.667,-0.002,0.239,-0.002,0.239
584573,0,0.8,0.174,-0.002,0.224,0,0.209,-0.002,0.634,-0.001,0.259,-0.001,0.259
584583,0,0.8,0.174,-0.011,0.276,-0.009,0.265,-0.011,0.604,-0.002,0.275,-0.002,0.275
584593,0,0.8,0.174,-0.018,0.324,-0.017,0.304,-0.019,0.6,-0.007,0.289,-0.007,0.289
584603,0,0.8,0.174,-0.024,0.362,-0.023,0.348,-0.02,0.567,-0.015,0.316,-0.015,0.316
584613,0,0.8,0.174,-0.027,0.386,-0.032,0.385,-0.022,0.54,-0.02,0.337,-0.02,0.337
584623,0,0.8,0.174,-0.03,0.401,-0.026,0.405,-0.022,0.518,-0.023,0.367,-0.023,0.367
584633,0,0.8,0.174,-0.033,0.409,-0.033,0.41,-0.018,0.506,-0.025,0.385,-0.025,0.385
584643,0,0.8,0.174,-0.034,0.413,-0.038,0.408,-0.018,0.489,-0.029,0.397,-0.029,0.397
584653,0,0.8,0.174,-0.034,0.408,-0.033,0.419,-0.019,0.47,-0.03,0.402,-0.03,0.402
584663,0,0.8,0.174,-0.034,0.401,-0.035,0.411,-0.018,0.452,-0.03,0.411,-0.03,0.411
584673,0,0.8,0.174,-0.033,0.385,-0.036,0.385,-0.017,0.441,-0.032,0.403,-0.032,0.403
584683,0,0.8,0.174,-0.028,0.327,-0.027,0.353,-0.016,0.433,-0.031,0.394,-0.031,0.394
584693,0,0.8,0.174,-0.024,0.297,-0.028,0.303,-0.011,0.433,-0.027,0.374,-0.027,0.374
584703,0,0.8,0.174,-0.023,0.299,-0.032,0.299,-0.006,0.437,-0.028,0.346,-0.028,0.346
584713,0,0.8,0.174,-0.019,0.256,-0.022,0.278,0.001,0.469,-0.025,0.342,-0.025,0.342
584723,0,0.8,0.174,-0.017,0.233,-0.017,0.236,0.013,0.491,-0.022,0.338,-0.022,0.338
584733,0,0.8,0.174,-0.018,0.24,-0.007,0.233,0.012,0.504,-0.015,0.306,-0.015,0.306
584743,0,0.8,0.174,-0.019,0.258,-0.013,0.25,0.019,0.53,-0.011,0.302,-0.011,0.302
584753,0,1,0.174,-0.019,0.286,-0.022,0.271,0.034,0.562,-0.009,0.318,-0.009,0.318
584763,0,1,0.174,-0.016,0.298,-0.029,0.301,0.027,0.588,-0.018,0.318,-0.018,0.318
584773,0,1,0.174,-0.014,0.252,-0.012,0.266,0.023,0.608,-0.016,0.33,-0.016,0.33
584783,0,1,0.174,-0.014,0.213,-0.021,0.215,0.018,0.651,-0.012,0.325,-0.012,0.325
584793,0,1,0.174,-0.011,0.18,-0.013,0.193,0.012,0.622,-0.011,0.295,-0.011,0.295
584803,0,1,0.174,-0.007,0.2,-0.004,0.195,0.022,0.621,-0.01,0.283,-0.01,0.283
584813,0,1,0.174,-0.007,0.24,-0.002,0.214,0.023,0.609,-0.003,0.249,-0.003,0.249
584823,0,1,0.174,-0.007,0.236,-0.004,0.244,0.027,0.619,0,0.255,0,0.255
584833,0,1,0.174,-0.006,0.187,-0.008,0.208,0.024,0.639,0,0.256,0,0.256
584843,0,1,0.174,-0.002,0.153,-0.011,0.15,0.022,0.668,-0.001,0.24,-0.001,0.24
584853,0,1,0.174,-0.004,0.182,-0.01,0.161,0.023,0.686,0,0.215,0,0.215
584864,0,1,0.174,-0.01,0.23,0,0.205,0.009,0.708,-0.001,0.217,-0.001,0.217
584873,0,1,0.174,-0.015,0.294,0.005,0.269,0.007,0.755,0.002,0.233,0.002,0.233
584882,0,1,0.174,-0.017,0.349,-0.027,0.333,0.046,0.828,0.002,0.26,0.002,0.26
584892,0,1,0.174,-0.018,0.387,-0.033,0.352,0.061,0.901,0.001,0.297,0.001,0.297
584902,0,1,0.174,-0.023,0.425,-0.017,0.401,0.02,0.922,-0.002,0.341,-0.002,0.341
584912,0,1,0.174,-0.029,0.465,-0.025,0.437,0.01,0.944,-0.004,0.402,-0.004,0.402
584922,0,1,0.174,-0.027,0.4,-0.018,0.441,0.045,0.992,-0.008,0.468,-0.008,0.468
584932,0,1,0.174,-0.02,0.327,-0.019,0.337,0.037,1.034,-0.005,0.512,-0.005,0.512
584942,0,1,0.174,-0.02,0.352,-0.015,0.344,0.017,0.97,-0.01,0.485,-0.01,0.485
584952,0,1,0.174,-0.024,0.406,-0.03,0.38,0.006,0.955,-0.013,0.48,-0.013,0.48
584962,0,1,0.174,-0.03,0.467,-0.031,0.447,0.017,0.952,-0.014,0.503,-0.014,0.503
584972,0,1,0.174,-0.034,0.494,-0.018,0.477,0.007,0.921,-0.017,0.532,-0.017,0.532
584982,0,1,0.174,-0.037,0.526,-0.032,0.508,-0.006,0.919,-0.017,0.554,-0.017,0.554
584992,0,1,0.174,-0.039,0.576,-0.034,0.55,-0.001,0.938,-0.018,0.586,-0.018,0.586
585002,0,1,0.174,-0.04,0.597,-0.062,0.577,0.009,0.955,-0.025,0.616,-0.025,0.616
585012,0,1,0.174,-0.046,0.612,-0.053,0.601,0.002,0.944,-0.03,0.645,-0.03,0.645
585022,0,1,0.174,-0.053,0.63,-0.026,0.641,-0.006,0.915,-0.028,0.667,-0.028,0.667
585032,0,1,0.174,-0.054,0.636,-0.047,0.631,-0.007,0.928,-0.027,0.69,-0.027,0.69
585042,0,1,0.174,-0.054,0.631,-0.065,0.609,-0.005,0.936,-0.033,0.7,-0.033,0.7
585052,0,1,0.174,-0.054,0.632,-0.062,0.638,-0.009,0.902,-0.038,0.706,-0.038,0.706
585062,0,1,0.174,-0.058,0.641,-0.047,0.65,-0.011,0.881,-0.039,0.711,-0.039,0.711
585072,0,1,0.174,-0.054,0.622,-0.052,0.619,-0.008,0.864,-0.037,0.709,-0.037,0.709
585082,0,1,0.174,-0.051,0.614,-0.06,0.618,-0.002,0.846,-0.039,0.699,-0.039,0.699
585092,0,1,0.174,-0.051,0.607,-0.057,0.612,-0.003,0.833,-0.041,0.684,-0.041,0.684
585102,0,1,0.174,-0.05,0.601,-0.056,0.614,-0.001,0.851,-0.045,0.659,-0.045,0.659
585112,0,1,0.174,-0.055,0.635,-0.062,0.61,0.005,0.878,-0.043,0.669,-0.043,0.669
585122,0,1,0.174,-0.053,0.602,-0.054,0.615,-0.006,0.879,-0.044,0.676,-0.044,0.676
585132,0,1,0.174,-0.048,0.546,-0.041,0.571,-0.015,0.883,-0.043,0.649,-0.043,0.649
585142,0,1,0.174,-0.043,0.525,-0.041,0.54,-0.018,0.893,-0.04,0.655,-0.04,0.655
585152,0,1,0.174,-0.04,0.539,-0.051,0.525,-0.007,0.915,-0.04,0.645,-0.04,0.645
585162,0,1,0.174,-0.038,0.548,-0.052,0.551,0.007,0.957,-0.039,0.651,-0.039,0.651
585172,0,1,0.174,-0.042,0.573,-0.03,0.552,0.018,0.994,-0.034,0.668,-0.034,0.668
585182,0,1,0.174,-0.043,0.594,-0.048,0.559,0.025,1.01,-0.027,0.666,-0.027,0.666
585192,0,1,0.174,-0.043,0.617,-0.042,0.62,0.039,1.021,-0.026,0.686,-0.026,0.686
585202,0,1,0.174,-0.045,0.655,-0.038,0.647,0.05,1.059,-0.023,0.71,-0.023,0.71
585212,0,1,0.174,-0.044,0.675,-0.046,0.653,0.042,1.061,-0.019,0.739,-0.019,0.739
585222,0,1,0.174,-0.044,0.69,-0.054,0.678,0.035,1.035,-0.021,0.753,-0.021,0.753
585232,0,1,0.174,-0.041,0.627,-0.049,0.678,0.032,1.028,-0.023,0.767,-0.023,0.767
585242,0,1,0.174,-0.038,0.51,-0.027,0.547,0.059,1.07,-0.019,0.777,-0.019,0.777
585252,0,1,0.174,-0.038,0.509,-0.025,0.493,0.047,1.074,-0.012,0.757,-0.012,0.757
585262,0,1,0.174,-0.038,0.538,-0.048,0.528,0.031,1.037,-0.012,0.745,-0.012,0.745
585272,0,1,0.174,-0.042,0.573,-0.051,0.569,0.007,1.02,-0.023,0.709,-0.023,0.709
585282,0,1,0.174,-0.051,0.617,-0.042,0.599,-0.009,1.028,-0.026,0.72,-0.026,0.72
585292,0,1,0.174,-0.056,0.653,-0.048,0.653,-0.014,1.034,-0.031,0.723,-0.031,0.723
585302,0,1,0.174,-0.05,0.59,-0.044,0.61,-0.012,1.056,-0.034,0.732,-0.034,0.732
585312,0,1,0.174,-0.041,0.481,-0.049,0.495,0.003,1.084,-0.032,0.741,-0.032,0.741
585322,0,1,0.174,-0.04,0.471,-0.056,0.467,0.002,1.053,-0.031,0.73,-0.031,0.73
585332,0,1,0.174,-0.043,0.507,-0.044,0.495,-0.006,1.045,-0.034,0.693,-0.034,0.693
585342,0,1,0.174,-0.046,0.566,-0.042,0.556,-0.013,1.075,-0.034,0.689,-0.034,0.689
585352,0,1,0.174,-0.047,0.629,-0.05,0.588,-0.008,1.112,-0.033,0.715,-0.033,0.715
585362,0,1,0.174,-0.046,0.662,-0.053,0.636,-0.003,1.118,-0.034,0.735,-0.034,0.735
585372,0,1,0.174,-0.047,0.682,-0.046,0.692,-0.003,1.113,-0.034,0.768,-0.034,0.768
585382,0,1,0.174,-0.048,0.694,-0.045,0.694,0.006,1.133,-0.032,0.795,-0.032,0.795
585392,0,1,0.174,-0.04,0.584,-0.034,0.608,0.009,1.143,-0.033,0.773,-0.033,0.773
585402,0,1,0.174,-0.038,0.567,-0.046,0.564,0.01,1.122,-0.033,0.74,-0.033,0.74
585412,0,1,0.174,-0.04,0.588,-0.048,0.592,-0.001,1.1,-0.034,0.726,-0.034,0.726
585422,0,1,0.174,-0.047,0.639,-0.036,0.624,-0.008,1.119,-0.033,0.735,-0.033,0.735
585432,0,1,0.174,-0.049,0.683,-0.043,0.669,-0.006,1.128,-0.032,0.745,-0.032,0.745
585442,0,1,0.174,-0.049,0.697,-0.059,0.695,0.001,1.095,-0.039,0.754,-0.039,0.754
585452,0,1,0.174,-0.053,0.721,-0.048,0.721,-0.005,1.106,-0.039,0.779,-0.039,0.779
585462,0,1,0.174,-0.057,0.761,-0.053,0.733,0,1.13,-0.038,0.787,-0.038,0.787
585472,0,1,0.174,-0.054,0.753,-0.055,0.758,0.012,1.124,-0.037,0.812,-0.037,0.812
585482,0,1,0.174,-0.054,0.747,-0.062,0.759,0.013,1.107,-0.038,0.829,-0.038,0.829
585492,0,1,0.174,-0.056,0.751,-0.06,0.735,0.006,1.095,-0.039,0.838,-0.039,0.838
585502,0,1,0.174,-0.054,0.748,-0.051,0.745,-0.004,1.065,-0.042,0.831,-0.042,0.831
585512,0,1,0.174,-0.054,0.759,-0.051,0.778,-0.007,1.04,-0.043,0.835,-0.043,0.835
585522,0,1,0.174,-0.05,0.731,-0.048,0.757,-0.003,1.043,-0.041,0.844,-0.041,0.844
585532,0,1,0.174,-0.045,0.685,-0.06,0.672,0.004,1.055,-0.039,0.844,-0.039,0.844
585542,0,1,0.174,-0.044,0.673,-0.044,0.673,-0.002,1.031,-0.04,0.818,-0.04,0.818
585552,0,1,0.174,-0.046,0.692,-0.039,0.725,-0.007,1.009,-0.038,0.795,-0.038,0.795
585562,0,1,0.174,-0.047,0.702,-0.054,0.697,0.002,1.04,-0.035,0.809,-0.035,0.809
585572,0,1,0.174,-0.048,0.719,-0.051,0.692,0.014,1.073,-0.036,0.791,-0.036,0.791
585582,0,1,0.174,-0.049,0.734,-0.038,0.734,0.016,1.061,-0.034,0.801,-0.034,0.801
585592,0,1,0.174,-0.048,0.734,-0.05,0.746,0.015,1.033,-0.031,0.818,-0.031,0.818
585602,0,1,0.174,-0.046,0.736,-0.056,0.731,0.024,1.03,-0.032,0.82,-0.032,0.82
585612,0,1,0.174,-0.05,0.737,-0.048,0.736,0.039,1.063,-0.031,0.826,-0.031,0.826
585622,0,1,0.174,-0.052,0.739,-0.03,0.744,0.03,1.065,-0.027,0.825,-0.027,0.825
585632,0,1,0.174,-0.049,0.741,-0.05,0.742,0.015,1.045,-0.023,0.841,-0.023,0.841
585642,0,1,0.174,-0.049,0.755,-0.069,0.747,0.004,1.027,-0.032,0.836,-0.032,0.836
585652,0,1,0.174,-0.053,0.746,-0.055,0.753,-0.009,1.047,-0.034,0.848,-0.034,0.848
585662,0,1,0.174,-0.051,0.708,-0.04,0.717,-0.013,1.045,-0.035,0.839,-0.035,0.839
585672,0,1,0.174,-0.048,0.686,-0.048,0.69,0.002,1.03,-0.036,0.8,-0.036,0.8
585682,0,1,0.174,-0.05,0.717,-0.05,0.707,0.007,1.011,-0.035,0.792,-0.035,0.792
585692,0,1,0.174,-0.051,0.712,-0.051,0.713,0.004,1.004,-0.049,0.744,-0.049,0.744
585702,0,1,0.174,-0.05,0.699,-0.05,0.705,0.003,1.017,-0.048,0.743,-0.048,0.743
585712,0,1,0.174,-0.049,0.705,-0.054,0.712,-0.004,1.055,-0.046,0.744,-0.046,0.744
585722,0,1,0.174,-0.05,0.737,-0.049,0.713,-0.005,1.073,-0.045,0.741,-0.045,0.741
585732,0,1,0.174,-0.048,0.708,-0.052,0.716,-0.001,1.057,-0.044,0.753,-0.044,0.753
585742,0,1,0.174,-0.045,0.673,-0.054,0.696,-0.002,1.08,-0.043,0.766,-0.043,0.766
585752,0,1,0.174,-0.037,0.536,-0.038,0.583,0.01,1.122,-0.041,0.764,-0.041,0.764
585762,0,1,0.174,-0.034,0.48,-0.03,0.485,0.017,1.134,-0.035,0.747,-0.035,0.747
585772,0,1,0.174,-0.036,0.525,-0.028,0.498,0.012,1.128,-0.032,0.647,-0.032,0.647
585782,0,0,0.174,-0.037,0.597,-0.032,0.565,0.009,1.14,-0.029,0.668,-0.029,0.668
585792,0,0,0.174,-0.031,0.555,-0.041,0.584,0.02,1.182,-0.032,0.67,-0.032,0.67
585802,0,0,0.174,-0.028,0.547,-0.033,0.542,0.046,1.238,-0.028,0.707,-0.028,0.707
585812,0,0,0.174,-0.027,0.508,-0.01,0.514,0.045,1.25,-0.019,0.711,-0.019,0.711
585822,0,0,0.174,-0.02,0.418,-0.017,0.434,0.042,1.202,-0.011,0.692,-0.011,0.692
585832,0,0,0.174,-0.017,0.353,-0.029,0.386,0.018,1.157,-0.011,0.651,-0.011,0.651
585842,0,0,0.174,-0.025,0.384,-0.029,0.377,0.007,1.141,-0.015,0.584,-0.015,0.584
585852,0,0,0.174,-0.032,0.47,-0.025,0.428,0.008,1.134,-0.015,0.563,-0.015,0.563
585862,0,0,0.174,-0.036,0.541,-0.024,0.522,0.007,1.118,-0.014,0.547,-0.014,0.547
585872,0,0,0.174,-0.035,0.61,-0.048,0.594,-0.006,1.108,-0.016,0.563,-0.016,0.563
585882,0,0,0.174,-0.034,0.675,-0.051,0.657,-0.006,1.066,-0.025,0.596,-0.025,0.596
585892,0,0,0.174,-0.034,0.607,-0.035,0.624,-0.011,1.009,-0.027,0.617,-0.027,0.617
585902,0,0,0.174,-0.037,0.584,-0.026,0.581,-0.02,0.953,-0.023,0.619,-0.023,0.619
585912,0,0,0.174,-0.036,0.599,-0.034,0.609,-0.018,0.882,-0.023,0.621,-0.023,0.621
585922,0,0,0.174,-0.034,0.643,-0.052,0.641,-0.014,0.812,-0.029,0.629,-0.029,0.629
585932,0,0,0.174,-0.036,0.68,-0.047,0.683,-0.019,0.744,-0.034,0.641,-0.034,0.641
585942,0,0,0.174,-0.038,0.686,-0.028,0.688,-0.024,0.668,-0.034,0.652,-0.034,0.652
585952,0,0,0.174,-0.038,0.673,-0.027,0.69,-0.02,0.599,-0.031,0.659,-0.031,0.659
585962,0,0,0.174,-0.034,0.666,-0.037,0.701,-0.01,0.523,-0.03,0.658,-0.03,0.658
585972,0,0,0.174,-0.029,0.643,-0.036,0.666,-0.003,0.45,-0.03,0.651,-0.03,0.651
585982,0,0,0.174,-0.027,0.603,-0.031,0.635,-0.004,0.378,-0.029,0.633,-0.029,0.633
585992,0,0,0.174,-0.027,0.561,-0.025,0.604,0,0.301,-0.026,0.604,-0.026,0.604
586002,0,0,0.174,-0.027,0.53,-0.027,0.558,0.01,0.244,-0.022,0.571,-0.022,0.571
586012,0,0,0.174,-0.028,0.502,-0.036,0.531,0.005,0.208,-0.026,0.533,-0.026,0.533
586022,0,0,0.174,-0.029,0.449,-0.033,0.485,-0.008,0.19,-0.028,0.505,-0.028,0.505
586032,0,0,0.174,-0.032,0.389,-0.027,0.432,-0.019,0.166,-0.028,0.466,-0.028,0.466
586042,0,0,0.174,-0.035,0.342,-0.029,0.378,-0.025,0.137,-0.027,0.415,-0.027,0.415
586052,0,0,0.174,-0.033,0.287,-0.036,0.322,-0.026,0.103,-0.028,0.377,-0.028,0.377
586062,0,0,0.174,-0.029,0.233,-0.036,0.268,-0.026,0.084,-0.032,0.322,-0.032,0.322
586072,0,0,0.174,-0.023,0.175,-0.027,0.21,-0.023,0.069,-0.032,0.28,-0.032,0.28
586082,0,0,0.174,-0.017,0.122,-0.016,0.151,-0.02,0.047,-0.025,0.214,-0.025,0.214
586092,0,0,0.174,-0.011,0.082,-0.017,0.102,-0.014,0.025,-0.021,0.166,-0.021,0.166
586102,0,0,0.174,-0.007,0.053,-0.013,0.065,-0.008,0.007,-0.018,0.124,-0.018,0.124
586112,0,0,0.174,-0.005,0.032,-0.006,0.039,-0.004,-0.008,-0.014,0.087,-0.014,0.087
586122,-2,0,0.174,-0.002,0.011,-0.004,0.017,0.001,-0.018,-0.006,0.039,-0.006,0.039
586132,-2,0,0.174,0,-0.007,-0.003,-0.003,0.006,-0.026,-0.004,0.012,-0.004,0.012
586142,-2,0,0.174,0,-0.019,-0.001,-0.018,0.01,-0.031,-0.002,-0.004,-0.002,-0.004
586152,-2,0,0.174,0,-0.027,-0.001,-0.028,0.013,-0.029,-0.001,-0.02,-0.001,-0.02
586162,-2,0,0.174,0,-0.029,0,-0.033,0.014,-0.026,-0.001,-0.027,-0.001,-0.027
586172,-2,0,0.174,0,-0.027,0.002,-0.032,0.014,-0.02,0,-0.03,0,-0.03
586182,-2,0,0.174,0,-0.022,0.003,-0.027,0.012,-0.012,0.002,-0.029,0.002,-0.029
586192,-2,0,0.174,0,-0.015,0.004,-0.02,0.008,-0.004,0.003,-0.025,0.003,-0.025
586202,-2,0,0.174,0,-0.008,0.003,-0.011,0.001,0.004,0.003,-0.017,0.003,-0.017
586212,-2,0,0.174,0,-0.002,0.001,0,-0.006,0.009,0.003,-0.009,0.003,-0.009
586222,-2,0,0.174,0,0,0.001,0,-0.014,0.014,0.001,-0.003,0.001,-0.003
586232,-2,0,0.174,0,0,0.001,-0.001,-0.026,0.023,0.001,-0.001,0.001,-0.001
586242,-2,0,0.174,-0.011,0,0.001,-0.001,-0.04,0.032,0.001,0.001,0.001,0.001
586252,-2,0,0.174,-0.024,0,-0.012,-0.002,-0.06,0.045,-0.003,0.001,-0.003,0.001
586262,-2,0,0.174,-0.037,0.001,-0.025,-0.003,-0.087,0.064,-0.013,0.001,-0.013,0.001
586272,-2,0,0.174,-0.052,0.012,-0.04,0.005,-0.115,0.075,-0.023,0.003,-0.023,0.003
586282,-2,0,0.174,-0.073,0.024,-0.057,0.018,-0.142,0.073,-0.032,0.009,-0.032,0.009
586292,-2,0,0.174,-0.095,0.034,-0.074,0.029,-0.183,0.082,-0.044,0.018,-0.044,0.018
586302,-2,0,0.174,-0.121,0.045,-0.099,0.028,-0.254,0.096,-0.065,0.027,-0.065,0.027
586312,-2,0,0.174,-0.155,0.051,-0.128,0.047,-0.318,0.064,-0.078,0.033,-0.078,0.033
586322,-2,0,0.174,-0.159,0.047,-0.139,0.053,-0.427,0.057,-0.127,0.049,-0.127,0.049
586332,-2,0,0.174,-0.13,0.037,-0.126,0.037,-0.617,0.108,-0.132,0.05,-0.132,0.05
586342,-2,0,0.174,-0.114,0.03,-0.096,0.029,-0.849,0.193,-0.129,0.05,-0.129,0.05
586352,-2,0,0.174,-0.129,0.03,-0.097,0.031,-1.028,0.261,-0.126,0.054,-0.126,0.054
586362,-2,0,0.174,-0.207,0.041,-0.159,0.033,-1.124,0.237,-0.13,0.058,-0.13,0.058
586372,-2,0,0.174,-0.229,0.043,-0.204,0.054,-1.211,0.18,-0.169,0.062,-0.169,0.062
586382,-2,0,0.174,-0.195,0.036,-0.198,0.04,-1.339,0.109,-0.198,0.063,-0.198,0.063
586393,-2,0,0.174,-0.145,0.027,-0.133,0.01,-1.502,0.111,-0.216,0.058,-0.216,0.058
586402,-2,0,0.174,-0.099,0.019,-0.107,0.007,-1.771,0.12,-0.253,0.057,-0.253,0.057
586413,-2,0,0.174,-0.081,0.014,-0.042,-0.005,-1.991,0.201,-0.3,0.057,-0.3,0.057
586422,-2,0,0.174,-0.064,0.009,-0.045,0.024,-2.256,0.271,-0.436,0.075,-0.436,0.075
586432,-2,0,0.174,-0.067,0.012,-0.028,0.017,-2.309,0.196,-0.567,0.081,-0.567,0.081
586442,-2,0,0.174,-0.087,0.011,-0.052,0.006,-2.254,0.138,-0.704,0.077,-0.704,0.077
586452,-2,0,0.174,-0.083,0.009,-0.085,0.032,-2.127,0.162,-0.759,0.075,-0.759,0.075
586462,-2,0,0.174,-0.1,0.013,-0.076,-0.006,-1.937,0.167,-0.78,0.073,-0.78,0.073
586472,-2,0,0.174,-0.271,0.027,-0.2,0.014,-1.846,0.183,-0.639,0.053,-0.639,0.053
586482,-2,0,0.174,-0.501,0.043,-0.432,0.054,-1.819,0.158,-0.722,0.064,-0.722,0.064
586492,-2,0,0.174,-0.699,0.055,-0.617,0.05,-1.836,0.15,-0.799,0.066,-0.799,0.066
586502,-2,0,0.174,-0.88,0.067,-0.787,0.066,-1.951,0.136,-0.897,0.073,-0.897,0.073
586512,-2,0,0.174,-0.991,0.077,-0.948,0.089,-2.049,0.122,-0.995,0.077,-0.995,0.077
586522,-2,0,0.174,-1.081,0.084,-1.032,0.082,-2.061,0.122,-1.117,0.082,-1.117,0.082
586532,-2,0,0.174,-1.155,0.089,-1.131,0.088,-2.011,0.115,-1.23,0.087,-1.23,0.087
586542,-2,0,0.174,-1.227,0.093,-1.207,0.078,-1.935,0.098,-1.313,0.091,-1.313,0.091
586552,-2,0,0.174,-1.281,0.086,-1.263,0.106,-1.835,0.086,-1.365,0.088,-1.365,0.088
586562,-2,0,0.174,-1.319,0.073,-1.296,0.083,-1.783,0.054,-1.386,0.088,-1.386,0.088
586572,-2,0,0.174,-1.159,0.057,-1.218,0.067,-1.778,0.008,-1.4,0.081,-1.4,0.081
586582,-2,0,0.174,-0.935,0.04,-0.978,0.034,-1.76,-0.02,-1.38,0.066,-1.38,0.066
586592,-2,0,0.174,-0.935,0.033,-0.939,0.026,-1.715,-0.035,-1.363,0.051,-1.363,0.051
586602,-2,0,0.174,-1.049,0.032,-1.024,0.043,-1.692,-0.043,-1.332,0.037,-1.332,0.037
586612,-2,0,0.174,-1.171,0.037,-1.122,0.047,-1.712,-0.058,-1.35,0.028,-1.35,0.028
586622,-2,0,0.174,-1.242,0.041,-1.213,0.04,-1.736,-0.066,-1.355,0.019,-1.355,0.019
586632,-2,0,0.174,-1.32,0.041,-1.285,0.022,-1.77,-0.058,-1.384,0.013,-1.384,0.013
586642,-2,0,0.174,-1.275,0.035,-1.308,0.046,-1.792,-0.048,-1.426,0.013,-1.426,0.013
586652,-2,0,0.174,-1.056,0.024,-1.13,0.034,-1.79,-0.052,-1.383,0.022,-1.383,0.022
586662,-4,0,0.174,-1.039,0.021,-1.032,0.024,-1.808,-0.065,-1.373,0.015,-1.373,0.015
586672,-4,0,0.174,-1.035,0.023,-1.019,0.013,-1.852,-0.053,-1.376,0.009,-1.376,0.009
586682,-4,0,0.174,-1.122,0.019,-1.079,0.008,-1.877,-0.05,-1.367,0.002,-1.367,0.002
586692,-4,0,0.174,-1.22,0.01,-1.179,0.031,-1.897,-0.048,-1.414,-0.003,-1.414,-0.003
586702,-4,0,0.174,-1.217,0.007,-1.249,0.015,-1.85,-0.042,-1.447,-0.002,-1.447,-0.002
586712,-4,0,0.174,-1.026,0.015,-1.109,-0.001,-1.797,-0.031,-1.435,-0.004,-1.435,-0.004
586722,-4,0,0.174,-0.909,0.012,-0.92,0.013,-1.757,-0.019,-1.402,-0.006,-1.402,-0.006
586732,-4,0,0.174,-0.991,0.011,-0.947,0.018,-1.717,-0.011,-1.248,-0.001,-1.248,-0.001
586742,-4,0,0.174,-1.115,0.013,-1.087,0.017,-1.698,-0.014,-1.22,0,-1.22,0
586752,-4,0,0.174,-1.22,0.014,-1.192,0.007,-1.705,-0.011,-1.206,0,-1.206,0
586762,-4,0,0.174,-1.327,0.014,-1.293,0.018,-1.727,-0.013,-1.225,0,-1.225,0
586772,-4,0,0.174,-1.404,0.017,-1.376,0.025,-1.771,0,-1.259,0.003,-1.259,0.003
586782,-4,0,0.174,-1.319,0.018,-1.339,0.012,-1.824,0.012,-1.303,0.008,-1.303,0.008
586792,-4,0,0.174,-1.274,0.019,-1.27,0.002,-1.886,0.023,-1.316,0.01,-1.316,0.01
586802,-4,0,0.174,-1.347,0.026,-1.338,0.027,-1.932,0.004,-1.322,0.019,-1.322,0.019
586812,-4,0,0.174,-1.424,0.029,-1.384,0.022,-1.945,-0.002,-1.338,0.018,-1.338,0.018
586822,-4,0,0.174,-1.489,0.028,-1.449,0.044,-1.972,0.004,-1.384,0.026,-1.384,0.026
586832,-4,0,0.174,-1.544,0.029,-1.517,0.033,-2.055,0.043,-1.425,0.029,-1.425,0.029
586842,-4,0,0.174,-1.581,0.033,-1.56,0.027,-2.167,0.065,-1.471,0.032,-1.471,0.032
586852,-4,0,0.174,-1.625,0.037,-1.574,0.026,-2.266,0.059,-1.523,0.033,-1.523,0.033
586862,-4,0,0.174,-1.669,0.032,-1.656,0.05,-2.31,0.028,-1.566,0.034,-1.566,0.034
586872,-4,0,0.174,-1.672,0.032,-1.647,0.03,-2.337,0.012,-1.608,0.037,-1.608,0.037
586882,-4,0,0.174,-1.706,0.032,-1.688,0.011,-2.367,0.008,-1.648,0.029,-1.648,0.029
586892,-4,0,0.174,-1.757,0.029,-1.724,0.041,-2.425,0.002,-1.671,0.027,-1.671,0.027
586902,-4,0,0.174,-1.777,0.031,-1.756,0.05,-2.512,-0.026,-1.703,0.025,-1.703,0.025
586912,-4,0,0.174,-1.801,0.036,-1.779,0.009,-2.649,-0.032,-1.742,0.019,-1.742,0.019
586922,-4,0,0.174,-1.82,0.032,-1.812,0.021,-2.805,0,-1.775,0.014,-1.775,0.014
586932,-4,0,0.174,-1.827,0.022,-1.818,0.022,-2.955,-0.011,-1.806,0.016,-1.806,0.016
586942,-4,0,0.174,-1.843,0.019,-1.821,0.027,-3.07,-0.042,-1.837,0.014,-1.837,0.014
586952,-4,0,0.174,-1.893,0.023,-1.87,0.015,-3.11,-0.021,-1.867,0.012,-1.867,0.012
586962,-4,0,0.174,-1.929,0.024,-1.892,0.02,-3.135,0.015,-1.905,0.011,-1.905,0.011
586972,-4,0,0.174,-1.972,0.018,-1.936,0.02,-3.179,0.029,-1.943,0.016,-1.943,0.016
586982,-4,0,0.174,-2.028,0.01,-2.008,0.008,-3.3,-0.032,-1.987,0.015,-1.987,0.015
586992,-4,0,0.174,-2.067,0.006,-2.033,0.003,-3.519,-0.108,-2.052,0.005,-2.052,0.005
587002,-4,0,0.174,-2.099,0.002,-2.065,0,-3.713,-0.138,-2.134,-0.012,-2.134,-0.012
587012,-4,0,0.174,-2.134,0,-2.109,0.005,-3.844,-0.157,-2.244,-0.024,-2.244,-0.024
587022,-4,0,0.174,-2.156,0,-2.132,-0.001,-3.922,-0.199,-2.409,-0.036,-2.409,-0.036
587032,-4,0,0.174,-1.833,0,-1.925,-0.009,-3.92,-0.17,-2.641,-0.05,-2.641,-0.05
587042,-4,0,0.174,-1.057,0.419,-1.361,0.199,-3.785,-0.099,-2.69,-0.045,-2.69,-0.045
587052,-4,0,0.174,-0.225,1.501,-0.507,1.214,-3.599,-0.067,-2.556,0.09,-2.556,0.09
587062,-4,0,0.174,0.229,1.694,0.104,1.601,-3.508,-0.053,-2.383,0.294,-2.383,0.294
587072,-4,0,0.174,0.257,2.409,0.307,2.152,-3.548,0.013,-2.057,0.571,-2.057,0.571
587082,-4,0,0.174,-1.174,2.879,-0.624,2.745,-3.7,-0.06,-1.881,0.918,-1.881,0.918
587092,-4,0,0.174,-2.816,2.958,-2.273,2.931,-3.899,-0.259,-1.92,1.503,-1.92,1.503
587102,-4,0,0.174,-4.555,3.201,-3.937,3.108,-4.034,-0.537,-2.361,1.506,-2.361,1.506
587112,-4,0,0.174,-5.158,3.103,-5.063,3.216,-3.985,-0.794,-2.923,1.42,-2.923,1.42
587122,-4,0,0.174,-5.396,2.714,-5.256,2.865,-3.753,-1.02,-4.777,2.759,-4.777,2.759
587132,-4,0,0.174,-5.663,2.375,-5.664,2.489,-3.502,-1.336,-4.747,2.426,-4.747,2.426
587142,0,0,0.174,-4.664,1.857,-5.022,2.061,-3.274,-1.79,-4.472,1.956,-4.472,1.956
587152,0,0,0.174,-3.406,1.321,-3.833,1.514,-3.031,-2.269,-4.165,1.463,-4.165,1.463
587162,0,0,0.174,-2.344,0.892,-2.701,1.051,-2.753,-2.83,-3.616,1.049,-3.616,1.049
587172,0,0,0.174,-1.559,0.586,-1.832,0.719,-2.428,-3.367,-3.194,0.653,-3.194,0.653
587182,0,0,0.174,-1.014,0.386,-1.234,0.457,-2.171,-3.649,-2.831,0.215,-2.831,0.215
587192,0,0,0.174,-0.957,0.252,-0.968,0.309,-2.153,-3.417,-2.479,-0.149,-2.479,-0.149
587202,0,0,0.174,-1.212,0.161,-1.127,0.214,-2.296,-2.769,-2.176,-0.397,-2.176,-0.397
587212,0,0,0.174,-1.552,0.107,-1.451,0.115,-2.552,-1.787,-2.026,-0.52,-2.026,-0.52
587222,0,0,0.174,-1.854,0.058,-1.74,0.043,-2.862,-0.781,-2.005,-0.539,-2.005,-0.539
587232,0,0,0.174,-2.097,0,-1.978,0.043,-3.155,-0.091,-2.017,-0.387,-2.017,-0.387
587242,0,0,0.174,-2.223,-0.039,-2.152,-0.022,-3.404,0.305,-2.079,-0.179,-2.079,-0.179
587252,0,0,0.174,-2.323,-0.072,-2.289,-0.073,-3.634,0.637,-2.142,-0.088,-2.142,-0.088
587262,0,0,0.174,-2.392,-0.109,-2.358,-0.118,-3.768,0.885,-2.222,0.005,-2.222,0.005
587272,0,0,0.174,-2.436,-0.143,-2.422,-0.14,-3.758,0.987,-2.321,0.047,-2.321,0.047
587282,0,0,0.174,-2.502,-0.166,-2.472,-0.16,-3.691,1.001,-2.386,0.087,-2.386,0.087
587292,0,0,0.174,-2.571,-0.186,-2.549,-0.214,-3.595,0.987,-2.444,0.131,-2.444,0.131
587302,0,0,0.174,-2.605,-0.204,-2.582,-0.218,-3.523,0.963,-2.504,0.125,-2.504,0.125
587312,0,0,0.174,-2.611,-0.22,-2.613,-0.208,-3.49,1.059,-2.548,0.183,-2.548,0.183
587322,0,0,0.174,-2.604,-0.222,-2.626,-0.235,-3.379,1.193,-2.592,0.194,-2.592,0.194
587332,0,0,0.174,-2.601,-0.213,-2.613,-0.224,-3.243,1.205,-2.622,0.17,-2.622,0.17
587342,0,0,0.174,-2.618,-0.197,-2.607,-0.215,-3.131,1.08,-2.636,0.206,-2.636,0.206
587352,0,0,0.174,-2.604,-0.17,-2.606,-0.174,-2.938,0.908,-2.642,0.209,-2.642,0.209
587362,0,0,0.174,-2.589,-0.133,-2.599,-0.151,-2.694,0.775,-2.634,0.183,-2.634,0.183
587372,0,0,0.174,-2.566,-0.082,-2.59,-0.124,-2.485,0.668,-2.625,0.198,-2.625,0.198
587382,0,0,0.174,-2.559,-0.04,-2.609,-0.06,-2.328,0.558,-2.611,0.197,-2.611,0.197
587392,0,0,0.174,-2.539,-0.006,-2.542,0.001,-2.183,0.512,-2.592,0.201,-2.592,0.201
587402,0,0,0.174,-2.486,0.027,-2.504,0.024,-1.995,0.504,-2.557,0.172,-2.557,0.172
587412,0,0,0.174,-2.435,0.058,-2.478,0.042,-1.809,0.492,-2.526,0.192,-2.526,0.192
587422,0,0,0.174,-2.379,0.08,-2.446,0.051,-1.72,0.409,-2.492,0.189,-2.492,0.189
587432,0,0,0.174,-2.343,0.095,-2.354,0.114,-1.677,0.334,-2.451,0.195,-2.451,0.195
587442,0,0,0.174,-2.279,0.105,-2.31,0.104,-1.594,0.328,-2.388,0.182,-2.388,0.182
587452,0,0,0.174,-2.216,0.114,-2.27,0.118,-1.504,0.336,-2.348,0.19,-2.348,0.19
587462,0,0,0.174,-2.162,0.115,-2.218,0.111,-1.421,0.282,-2.293,0.185,-2.293,0.185
587472,0,0,0.174,-2.113,0.111,-2.163,0.111,-1.3,0.194,-2.242,0.168,-2.242,0.168
587482,0,0,0.174,-1.855,0.1,-1.97,0.117,-1.12,0.12,-2.169,0.153,-2.169,0.153
587492,0,0,0.174,-1.66,0.09,-1.751,0.103,-0.975,0.151,-2.03,0.136,-2.03,0.136
587502,0,0,0.174,-1.621,0.088,-1.645,0.082,-0.944,0.273,-1.904,0.131,-1.904,0.131
587512,0,0,0.174,-1.646,0.091,-1.676,0.083,-0.981,0.311,-1.787,0.13,-1.787,0.13
587522,0,0,0.174,-1.671,0.093,-1.681,0.107,-1.068,0.221,-1.716,0.119,-1.716,0.119
587532,0,0,0.174,-1.658,0.089,-1.675,0.089,-1.084,0.162,-1.696,0.118,-1.696,0.118
587542,0,0,0.174,-1.519,0.081,-1.6,0.081,-0.979,0.139,-1.673,0.117,-1.673,0.117
587552,0,0,0.174,-1.311,0.071,-1.407,0.065,-0.799,0.141,-1.587,0.105,-1.587,0.105
587562,0,0,0.174,-1.218,0.063,-1.295,0.069,-0.592,0.095,-1.469,0.095,-1.469,0.095
587572,0,0,0.174,-0.953,0.049,-1.068,0.062,-0.464,0.056,-1.369,0.085,-1.369,0.085
587582,0,0,0.174,-0.687,0.036,-0.812,0.035,-0.454,0.077,-1.178,0.074,-1.178,0.074
587592,0,0,0.174,-0.469,0.025,-0.571,0.027,-0.503,0.09,-0.97,0.064,-0.97,0.064
587602,0,0,0.174,-0.352,0.021,-0.414,0.02,-0.535,0.081,-0.783,0.051,-0.783,0.051
587612,0,0,0.174,-0.363,0.028,-0.387,0.046,-0.556,0.096,-0.681,0.05,-0.681,0.05
587622,0,0,0.174,-0.487,0.044,-0.465,0.043,-0.541,0.13,-0.624,0.057,-0.624,0.057
587632,0,0,0.174,-0.505,0.05,-0.538,0.037,-0.487,0.124,-0.594,0.063,-0.594,0.063
587642,0,0,0.174,-0.404,0.041,-0.473,0.037,-0.401,0.005,-0.554,0.053,-0.554,0.053
587652,0,0,0.174,-0.33,0.038,-0.361,0.049,-0.303,-0.077,-0.514,0.039,-0.514,0.039
587662,0,0,0.174,-0.36,0.043,-0.367,0.05,-0.274,-0.034,-0.456,0.029,-0.456,0.029
587672,0,0,0.174,-0.412,0.054,-0.404,0.052,-0.351,0.036,-0.416,0.033,-0.416,0.033
587682,0,0,0.174,-0.467,0.065,-0.474,0.063,-0.374,0.025,-0.413,0.038,-0.413,0.038
587692,0,0,0.174,-0.498,0.069,-0.512,0.063,-0.357,0.032,-0.424,0.041,-0.424,0.041
587702,0,0,0.174,-0.502,0.069,-0.522,0.066,-0.291,0.014,-0.44,0.046,-0.44,0.046
587712,0,0,0.174,-0.494,0.067,-0.52,0.071,-0.194,-0.026,-0.447,0.049,-0.447,0.049
587722,0,0,0.174,-0.406,0.055,-0.469,0.07,-0.125,-0.052,-0.436,0.046,-0.436,0.046
587732,0,0,0.174,-0.305,0.043,-0.359,0.046,-0.118,-0.036,-0.398,0.038,-0.398,0.038
587742,0,0,0.174,-0.258,0.044,-0.282,0.033,-0.152,-0.008,-0.355,0.032,-0.355,0.032
587752,0,0,0.174,-0.234,0.046,-0.251,0.049,-0.163,0.024,-0.313,0.031,-0.313,0.031
587762,0,0,0.174,-0.211,0.048,-0.238,0.058,-0.142,0.044,-0.28,0.037,-0.28,0.037
587772,0,0,0.174,-0.185,0.055,-0.216,0.055,-0.107,0.057,-0.25,0.044,-0.25,0.044
587782,0,0,0.174,-0.151,0.056,-0.185,0.056,-0.071,0.051,-0.21,0.052,-0.21,0.052
587792,0,0,0.174,-0.116,0.051,-0.147,0.057,-0.045,0.041,-0.191,0.052,-0.191,0.052
587802,0,0,0.174,-0.082,0.044,-0.103,0.055,-0.023,0.031,-0.165,0.052,-0.165,0.052
587812,0,0,0.174,-0.049,0.036,-0.061,0.043,0.001,0.023,-0.117,0.048,-0.117,0.048
587822,0,0,0.174,-0.018,0.028,-0.032,0.034,0.026,0.016,-0.069,0.041,-0.069,0.041
587832,0,0,0.174,0.01,0.019,-0.003,0.023,0.046,0.009,-0.028,0.031,-0.028,0.031
587842,0,0,0.174,0.027,0.011,0.02,0.014,0.058,0.004,-0.012,0.026,-0.012,0.026
587852,0,0,0.174,0.039,0.006,0.037,0.009,0.066,-0.001,0.005,0.02,0.005,0.02
587862,0,0,0.174,0.049,0.002,0.049,0.003,0.07,-0.004,0.032,0.01,0.032,0.01
587872,0,0,0.174,0.057,0,0.056,-0.001,0.072,-0.007,0.052,0.001,0.052,0.001
587882,0,0,0.174,0.058,0,0.06,-0.002,0.069,-0.007,0.055,0,0.055,0
587892,2,0,0.174,0.057,0,0.063,-0.001,0.063,-0.006,0.059,-0.001,0.059,-0.001
587902,2,0,0.174,0.055,0,0.061,0,0.057,-0.006,0.061,-0.001,0.061,-0.001
587912,2,0,0.174,0.05,0,0.056,-0.001,0.047,-0.004,0.058,-0.001,0.058,-0.001
587922,2,0,0.174,0.043,0,0.05,0,0.037,-0.001,0.054,-0.001,0.054,-0.001
587932,2,0,0.174,0.034,0,0.041,0,0.027,0.001,0.045,0,0.045,0
587942,2,0,0.174,0.025,0,0.03,0.002,0.017,0.003,0.037,0.001,0.037,0.001
587952,2,0,0.174,0.017,0,0.019,0.002,0.01,0.002,0.028,0.002,0.028,0.002
587962,2,0,0.174,0.01,0,0.01,0.001,0.005,0.001,0.017,0.001,0.017,0.001
587972,2,0,0.174,0.005,0,0.001,0,0.003,0,0.009,0,0.009,0
587982,2,0,0.174,0.004,0,0,0,0.005,-0.001,0.001,0,0.001,0
587992,2,0,0.174,0.004,0,0,0,0.01,-0.001,0,0,0,0
588002,2,0,0.174,0.008,0,-0.001,0,0.017,-0.001,0,0,0,0
588012,2,0,0.174,0.012,0,0.003,-0.001,0.027,-0.002,0,0,0,0
588022,2,0,0.174,0.018,0,0.01,-0.001,0.041,0,0.004,-0.001,0.004,-0.001
588032,2,0,0.174,0.029,0,0.017,-0.001,0.064,-0.004,0.009,-0.001,0.009,-0.001
588042,2,0,0.174,0.038,0,0.025,-0.001,0.092,-0.004,0.013,-0.001,0.013,-0.001
588052,2,0,0.174,0.054,0,0.036,-0.002,0.124,-0.005,0.019,-0.002,0.019,-0.002
588062,2,0,0.174,0.078,0,0.056,0,0.165,-0.007,0.033,-0.002,0.033,-0.002
588072,2,0,0.174,0.083,0,0.071,-0.001,0.219,-0.01,0.046,-0.001,0.046,-0.001
588082,2,0,0.174,0.067,0,0.056,-0.005,0.342,-0.044,0.055,-0.004,0.055,-0.004
588092,2,0,0.174,0.08,0,0.061,-0.016,0.554,-0.131,0.059,-0.01,0.059,-0.01
588102,2,0,0.174,0.077,0,0.065,0.01,0.738,-0.324,0.067,-0.027,0.067,-0.027
588112,2,0,0.174,0.111,0.011,0.077,0.002,0.919,-0.488,0.077,-0.057,0.077,-0.057
588122,2,0,0.174,0.179,0.027,0.131,0.007,1.101,-0.548,0.1,-0.072,0.1,-0.072
588132,2,0,0.174,0.226,0.038,0.207,0.02,1.321,-0.597,0.142,-0.074,0.142,-0.074
588142,2,0,0.174,0.277,0.051,0.24,0.048,1.557,-0.591,0.184,-0.095,0.184,-0.095
588152,2,0,0.174,0.274,0.057,0.254,0.036,1.686,-0.658,0.229,-0.13,0.229,-0.13
588162,4,0,0.174,0.229,0.051,0.25,0.042,1.798,-0.736,0.284,-0.147,0.284,-0.147
588172,4,0,0.174,0.256,0.059,0.226,0.05,2.025,-0.682,0.343,-0.174,0.343,-0.174
588182,4,0,0.174,0.342,0.085,0.3,0.058,2.179,-0.72,0.418,-0.178,0.418,-0.178
588192,4,0,0.174,0.447,0.121,0.393,0.1,2.282,-0.845,0.538,-0.165,0.538,-0.165
588202,4,0,0.174,0.531,0.155,0.519,0.133,2.174,-0.923,0.697,-0.199,0.697,-0.199
588212,4,0,0.174,0.598,0.186,0.55,0.195,1.904,-0.719,0.771,-0.22,0.771,-0.22
588222,4,0,0.174,0.642,0.214,0.678,0.211,1.459,-0.278,0.782,-0.165,0.782,-0.165
588232,4,0,0.174,0.675,0.245,0.672,0.198,1.153,-0.02,0.77,-0.063,0.77,-0.063
588242,4,0,0.174,0.665,0.253,0.675,0.256,0.924,0.148,0.762,0,0.762,0
588252,4,0,0.174,0.639,0.26,0.667,0.278,0.762,0.247,0.737,0.088,0.737,0.088
588262,4,0,0.174,0.612,0.276,0.635,0.273,0.639,0.307,0.717,0.146,0.717,0.146
588272,4,0,0.174,0.586,0.294,0.618,0.267,0.541,0.343,0.67,0.211,0.67,0.211
588282,4,0,0.174,0.551,0.296,0.58,0.301,0.491,0.325,0.656,0.234,0.656,0.234
588292,4,0,0.174,0.514,0.289,0.523,0.315,0.47,0.282,0.622,0.258,0.622,0.258
588302,4,0,0.174,0.482,0.282,0.501,0.299,0.466,0.24,0.578,0.276,0.578,0.276
588312,4,0,0.174,0.449,0.272,0.461,0.284,0.468,0.194,0.545,0.274,0.545,0.274
588322,4,0,0.174,0.421,0.256,0.441,0.271,0.478,0.138,0.488,0.268,0.488,0.268
588332,4,0,0.174,0.406,0.234,0.406,0.247,0.496,0.083,0.475,0.253,0.475,0.253
588342,4,0,0.174,0.408,0.209,0.404,0.234,0.509,0.051,0.462,0.233,0.462,0.233
588352,4,0,0.174,0.418,0.18,0.407,0.213,0.565,0.013,0.448,0.211,0.448,0.211
588362,4,0,0.174,0.436,0.155,0.409,0.165,0.705,-0.048,0.442,0.182,0.442,0.182
588372,4,0,0.174,0.438,0.126,0.415,0.138,0.916,-0.149,0.43,0.147,0.43,0.147
588382,4,0,0.174,0.448,0.092,0.427,0.116,1.161,-0.286,0.438,0.102,0.438,0.102
588392,4,0,0.174,0.463,0.073,0.446,0.115,1.322,-0.358,0.447,0.067,0.447,0.067
588402,4,0,0.174,0.498,0.053,0.458,0.059,1.399,-0.287,0.461,0.032,0.461,0.032
588412,4,0,0.174,0.551,0.033,0.506,0.039,1.517,-0.209,0.476,0.035,0.476,0.035
588422,4,0,0.174,0.613,0.013,0.581,0.019,1.699,-0.211,0.505,0.02,0.505,0.02
588432,4,0,0.174,0.65,-0.003,0.601,0.003,1.883,-0.209,0.555,0.003,0.555,0.003
588442,4,0,0.174,0.696,-0.016,0.664,-0.014,2.051,-0.251,0.6,-0.015,0.6,-0.015
588452,4,0,0.174,0.742,-0.023,0.699,-0.028,2.242,-0.406,0.653,-0.037,0.653,-0.037
588462,4,0,0.174,0.792,-0.031,0.745,-0.007,2.386,-0.436,0.693,-0.064,0.693,-0.064
588472,4,0,0.174,0.849,-0.035,0.807,-0.052,2.468,-0.363,0.736,-0.087,0.736,-0.087
588482,4,0,0.174,0.904,-0.04,0.872,-0.051,2.525,-0.201,0.798,-0.082,0.798,-0.082
588492,4,0,0.174,0.825,-0.041,0.837,-0.051,2.649,-0.122,0.846,-0.075,0.846,-0.075
588502,4,0,0.174,0.643,-0.03,0.7,-0.008,2.771,-0.126,0.847,-0.068,0.847,-0.068
588512,4,0,0.174,0.57,-0.022,0.573,-0.026,2.811,-0.162,0.83,-0.067,0.83,-0.067
588522,4,0,0.174,0.689,-0.026,0.619,-0.029,2.857,-0.121,0.743,-0.062,0.743,-0.062
588532,4,0,0.174,0.85,-0.035,0.771,-0.011,2.961,-0.071,0.763,-0.055,0.763,-0.055
588542,4,0,0.174,1.007,-0.042,0.943,-0.041,3.161,0.005,0.82,-0.045,0.82,-0.045
588552,4,0,0.174,0.928,-0.038,0.944,-0.035,3.436,0.1,0.917,-0.037,0.917,-0.037
588562,4,0,0.174,0.959,-0.036,0.911,-0.026,3.767,0.13,0.954,-0.024,0.954,-0.024
588572,4,0,0.174,1.075,-0.033,1.038,-0.032,4.01,0.141,1.004,-0.01,1.004,-0.01
588582,4,0,0.174,1.197,-0.03,1.14,-0.02,4.016,0.186,1.084,0.001,1.084,0.001
588592,4,0,0.174,1.321,-0.03,1.261,-0.027,3.806,0.246,1.181,0.011,1.181,0.011
588602,4,0,0.174,1.437,-0.036,1.382,-0.024,3.718,0.291,1.288,0.024,1.288,0.024
588612,4,0,0.174,1.465,-0.04,1.433,-0.035,3.847,0.248,1.403,0.033,1.403,0.033
588622,6,0,0.174,1.058,-0.03,1.221,-0.027,4.054,0.212,1.504,0.037,1.504,0.037
588632,6,0,0.174,-0.151,-0.402,0.262,-0.22,4.212,0.211,1.498,0.033,1.498,0.033
588642,6,0,0.174,-1.974,-1.949,-1.372,-1.431,4.139,0.212,1.236,-0.106,1.236,-0.106
588652,6,0,0.174,-3.833,-3.698,-3.204,-3.075,3.876,0.181,0.654,-0.583,0.654,-0.583
588662,6,0,0.174,-5.443,-5.475,-4.927,-4.878,3.722,0.202,0.217,-1.045,0.217,-1.045
588672,6,0,0.174,-6.725,-6.479,-6.317,-6.159,3.529,0.421,-0.803,-1.854,-0.803,-1.854
588682,6,0,0.174,-7.027,-6.759,-7.023,-6.771,3.373,0.81,-1.872,-2.454,-1.872,-2.454
588692,6,0,0.174,-6.921,-6.815,-7.004,-6.854,3.261,1.091,-3.302,-3.162,-3.302,-3.162
588702,6,0,0.174,-5.911,-5.82,-6.259,-6.18,3.197,1.161,-3.492,-2.931,-3.492,-2.931
588712,6,0,0.174,-5.015,-4.568,-5.237,-4.97,3.249,1.153,-3.807,-2.953,-3.807,-2.953
588722,6,0,0.174,-5.626,-4.037,-5.407,-4.216,3.414,1.076,-3.701,-2.559,-3.701,-2.559
588732,6,0,0.174,-6.752,-3.261,-6.389,-3.555,3.632,0.871,-3.977,-2.38,-3.977,-2.38
588742,6,0,0.174,-7.275,-2.424,-7.197,-2.712,3.848,0.631,-4.852,-2.327,-4.852,-2.327
588752,6,0,0.174,-6.121,-1.723,-6.532,-1.944,4.071,0.386,-5.104,-2.004,-5.104,-2.004
588762,6,0,0.174,-5.766,-1.618,-5.9,-1.644,4.32,0.18,-5.057,-1.721,-5.057,-1.721
588772,6,0,0.174,-6.14,-1.435,-6.018,-1.557,4.503,0.076,-4.743,-1.514,-4.743,-1.514
588782,6,0,0.174,-6.598,-0.222,-6.461,-0.633,4.577,0.052,-4.637,-1.259,-4.637,-1.259
588792,6,0,0.174,-6.676,1.274,-6.703,0.769,4.602,0.042,-4.592,-0.871,-4.592,-0.871
588802,6,0,0.174,-5.573,1.716,-5.997,1.613,4.611,0.03,-4.768,-0.108,-4.768,-0.108
588812,6,0,0.174,-4.096,1.479,-4.615,1.562,4.691,-0.034,-4.559,0.491,-4.559,0.491
588822,6,0,0.174,-2.825,1.103,-3.257,1.228,4.747,-0.097,-4.046,0.613,-4.046,0.613
588832,6,0,0.174,-1.878,0.767,-2.204,0.893,4.623,-0.321,-3.45,0.614,-3.45,0.614
588842,6,0,0.174,-0.998,0.524,-1.312,0.62,4.219,-0.664,-2.801,0.516,-2.801,0.516
588852,6,0,0.174,0.015,0.356,-0.308,0.427,3.791,-1.15,-2.109,0.361,-2.109,0.361
588862,6,0,0.174,0.838,0.232,0.572,0.298,3.384,-1.726,-0.928,0.207,-0.928,0.207
588872,6,0,0.174,1.407,0.144,1.234,0.18,2.998,-2.321,-0.209,0.05,-0.209,0.05
588882,6,0,0.174,1.779,0.084,1.648,0.121,2.578,-2.852,0.262,-0.157,0.262,-0.157
588892,6,0,0.174,1.999,0.041,1.971,0.056,2.055,-3.1,0.482,-0.452,0.482,-0.452
588902,6,0,0.174,2.113,0.024,2.115,0.043,1.493,-3.01,0.689,-0.752,0.689,-0.752
588912,6,0,0.174,2.147,0.018,2.161,-0.004,0.913,-2.679,0.907,-0.975,0.907,-0.975
588922,6,0,0.174,2.075,0.01,2.154,0.031,0.267,-2.287,1.041,-1.127,1.041,-1.127
588932,6,0,0.174,1.651,0.005,1.833,0.005,-0.354,-1.799,1.103,-1.199,1.103,-1.199
588942,6,0,0.174,1.187,0.002,1.379,0.003,-0.909,-1.258,1.137,-1.106,1.137,-1.106
588952,6,0,0.174,0.808,0,0.953,0.003,-1.402,-0.694,1.086,-0.837,1.086,-0.837
588962,6,0,0.174,0.546,0,0.656,0.001,-1.826,-0.049,0.936,-0.568,0.936,-0.568
588972,6,0,0.174,0.363,0,0.45,-0.008,-2.221,0.664,0.786,-0.352,0.786,-0.352
588982,6,0,0.174,0.236,0,0.315,-0.028,-2.572,1.144,0.669,-0.15,0.669,-0.15
588992,6,0,0.174,0.151,0,0.2,-0.017,-2.6,1.288,0.55,0.064,0.55,0.064
589002,6,0,0.174,0.096,0,0.146,0.032,-2.118,0.994,0.438,0.233,0.438,0.233
589012,6,0,0.174,0.293,0.05,0.113,0.026,-1.212,0.94,0.337,0.337,0.337,0.337
589022,6,0,0.174,0.71,0.105,0.635,0.067,-0.311,0.905,0.3,0.432,0.3,0.432
589032,6,0,0.174,1.1,0.09,1.019,0.16,0.7,0.414,0.446,0.408,0.446,0.408
589042,6,0,0.174,1.415,0.031,1.318,0.026,1.626,-0.053,0.632,0.321,0.632,0.321
589052,6,0,0.174,1.601,-0.023,1.562,0.012,2.31,-0.668,0.778,0.185,0.778,0.185
589062,6,0,0.174,1.383,-0.037,1.438,-0.001,2.625,-1.351,0.926,-0.022,0.926,-0.022
589072,6,0,0.174,1.147,-0.062,1.211,-0.073,2.406,-1.975,1.028,-0.289,1.028,-0.289
589082,6,0,0.174,1.202,-0.167,1.199,-0.133,2.198,-2.051,1.099,-0.55,1.099,-0.55
589092,6,0,0.174,1.258,-0.258,1.281,-0.223,2.133,-1.724,1.164,-0.701,1.164,-0.701
589102,6,0,0.174,1.032,-0.235,1.119,-0.219,2.18,-1.373,1.21,-0.747,1.21,-0.747
589112,6,0,0.174,0.752,-0.179,0.839,-0.19,2.422,-1.104,1.224,-0.778,1.224,-0.778
589122,6,0,0.174,0.524,-0.127,0.517,-0.198,2.833,-0.813,1.19,-0.743,1.19,-0.743
589132,6,0,0.174,0.603,-0.128,0.562,-0.143,3.337,-0.543,1.174,-0.679,1.174,-0.679
589142,6,0,0.174,0.692,-0.136,0.672,-0.13,3.939,-0.344,1.216,-0.593,1.216,-0.593
589152,6,0,0.174,0.711,-0.115,0.7,-0.075,4.346,-0.188,1.162,-0.436,1.162,-0.436
589162,6,0,0.174,0.95,-0.085,0.824,-0.146,4.438,0.005,1.225,-0.342,1.225,-0.342
589172,6,0,0.174,1.214,-0.047,1.09,-0.041,4.238,0.253,1.27,-0.223,1.27,-0.223
589182,6,0,0.174,1.246,-0.016,1.246,-0.016,4.085,0.458,1.342,-0.093,1.342,-0.093
589192,6,0,0.174,1.121,0.015,1.126,-0.009,4.045,0.573,1.412,-0.018,1.412,-0.018
589202,6,0,0.174,1.256,0.09,1.184,0.06,3.979,0.649,1.488,0.046,1.488,0.046
589212,6,0,0.174,1.48,0.176,1.413,0.151,3.791,0.598,1.698,0.111,1.698,0.111
589222,6,0,0.174,1.708,0.262,1.632,0.225,3.566,0.483,1.885,0.169,1.885,0.169
589232,6,0,0.174,1.908,0.324,1.84,0.303,3.348,0.396,1.987,0.228,1.987,0.228
589242,6,0,0.174,2.062,0.355,2.017,0.348,3.262,0.322,2.085,0.275,2.085,0.275
589252,6,0,0.174,2.183,0.355,2.142,0.364,3.359,0.161,2.23,0.285,2.23,0.285
589262,6,0,0.174,2.268,0.329,2.217,0.37,3.544,0.016,2.409,0.274,2.409,0.274
589272,6,0,0.174,2.328,0.279,2.292,0.293,3.752,-0.067,2.593,0.248,2.593,0.248
589282,6,0,0.174,2.396,0.201,2.36,0.224,4.02,-0.078,2.703,0.22,2.703,0.22
589292,6,0,0.174,2.443,0.107,2.418,0.145,4.307,-0.068,2.825,0.182,2.825,0.182
589302,0,0,0.174,2.458,0.015,2.419,0.059,4.561,-0.08,2.897,0.136,2.897,0.136
589312,0,0,0.174,2.501,-0.08,2.468,-0.062,4.658,-0.087,3.108,0.094,3.108,0.094
589322,0,0,0.174,2.518,-0.169,2.49,-0.144,4.585,-0.138,3.109,0.002,3.109,0.002
589332,0,0,0.174,2.533,-0.269,2.527,-0.211,4.339,-0.328,3.119,-0.072,3.119,-0.072
589342,0,0,0.174,2.532,-0.359,2.545,-0.338,3.951,-0.486,3.16,-0.142,3.16,-0.142
589352,0,0,0.174,2.528,-0.45,2.522,-0.408,3.655,-0.529,2.987,-0.254,2.987,-0.254
589362,0,0,0.174,2.514,-0.514,2.535,-0.488,3.387,-0.545,2.938,-0.315,2.938,-0.315
589372,0,0,0.174,2.469,-0.527,2.481,-0.527,3.22,-0.558,2.907,-0.364,2.907,-0.364
589382,0,0,0.174,2.453,-0.526,2.421,-0.56,3.262,-0.457,2.799,-0.424,2.799,-0.424
589392,0,0,0.174,2.447,-0.503,2.458,-0.514,3.343,-0.296,2.785,-0.428,2.785,-0.428
589402,0,0,0.174,2.453,-0.455,2.452,-0.456,3.39,-0.076,2.711,-0.41,2.711,-0.41
589412,0,0,0.174,2.468,-0.383,2.462,-0.433,3.385,0.102,2.696,-0.358,2.696,-0.358
589422,0,0,0.174,2.494,-0.304,2.471,-0.377,3.286,0.276,2.671,-0.294,2.671,-0.294
589432,0,0,0.174,2.528,-0.237,2.488,-0.266,3.152,0.418,2.655,-0.215,2.655,-0.215
589442,0,0,0.174,2.558,-0.182,2.566,-0.183,3.076,0.499,2.651,-0.125,2.651,-0.125
589452,0,0,0.174,2.601,-0.123,2.606,-0.167,3.007,0.474,2.651,-0.053,2.651,-0.053
589462,0,0,0.174,2.604,-0.083,2.62,-0.117,2.878,0.385,2.655,-0.007,2.655,-0.007
589472,0,0,0.174,2.597,-0.063,2.594,-0.082,2.72,0.306,2.651,0.024,2.651,0.024
589482,0,0,0.174,2.579,-0.058,2.581,-0.023,2.561,0.256,2.638,0.046,2.638,0.046
589492,0,0,0.174,2.572,-0.057,2.599,-0.067,2.437,0.194,2.626,0.062,2.626,0.062
589502,0,0,0.174,2.554,-0.07,2.589,-0.107,2.296,0.158,2.612,0.043,2.612,0.043
589512,0,0,0.174,2.542,-0.086,2.557,-0.082,2.091,0.124,2.588,0.034,2.588,0.034
589522,0,0,0.174,2.181,-0.08,2.311,-0.062,1.834,0.041,2.53,0.005,2.53,0.005
589532,0,0,0.174,1.622,-0.061,1.847,-0.063,1.637,-0.025,2.403,-0.011,2.403,-0.011
589542,0,0,0.174,1.255,-0.054,1.386,-0.076,1.574,-0.001,2.208,-0.021,2.208,-0.021
589552,0,0,0.174,1.329,-0.065,1.296,-0.049,1.578,-0.025,1.83,-0.036,1.83,-0.036
589562,0,0,0.174,1.536,-0.086,1.508,-0.092,1.59,-0.083,1.693,-0.046,1.693,-0.046
589572,0,0,0.174,1.705,-0.105,1.663,-0.095,1.586,-0.115,1.645,-0.064,1.645,-0.064
589582,0,0,0.174,1.819,-0.111,1.807,-0.102,1.544,-0.121,1.667,-0.079,1.667,-0.079
589592,0,0,0.174,1.862,-0.114,1.861,-0.103,1.529,-0.091,1.744,-0.093,1.744,-0.093
589602,0,0,0.174,1.878,-0.115,1.891,-0.123,1.49,-0.039,1.798,-0.099,1.798,-0.099
589612,0,0,0.174,1.888,-0.119,1.91,-0.121,1.384,-0.008,1.821,-0.098,1.821,-0.098
589622,0,0,0.174,1.842,-0.125,1.873,-0.118,1.234,0.003,1.819,-0.092,1.819,-0.092
589632,0,0,0.174,1.567,-0.111,1.689,-0.11,1.044,-0.008,1.789,-0.085,1.789,-0.085
589642,0,0,0.174,1.348,-0.097,1.446,-0.095,0.849,-0.029,1.706,-0.079,1.706,-0.079
589652,0,0,0.174,1.225,-0.094,1.325,-0.108,0.667,-0.002,1.571,-0.074,1.571,-0.074
589662,0,0,0.174,0.944,-0.075,1.057,-0.091,0.491,0.049,1.395,-0.066,1.395,-0.066
589672,0,0,0.174,0.667,-0.054,0.793,-0.046,0.371,0.026,1.17,-0.051,1.17,-0.051
589682,0,0,0.174,0.45,-0.037,0.544,-0.042,0.269,-0.087,0.971,-0.05,0.971,-0.05
589692,0,0,0.174,0.295,-0.024,0.379,-0.029,0.246,-0.147,0.8,-0.059,0.8,-0.059
589702,0,0,0.174,0.19,-0.016,0.251,-0.02,0.3,-0.129,0.646,-0.063,0.646,-0.063
589712,0,0,0.174,0.121,-0.01,0.193,-0.013,0.31,-0.144,0.529,-0.064,0.529,-0.064
589722,0,0,0.174,0.076,-0.006,0.133,-0.017,0.349,-0.125,0.324,-0.045,0.324,-0.045
589732,0,0,0.174,0.048,-0.004,0.088,-0.007,0.385,-0.131,0.297,-0.047,0.297,-0.047
589742,0,0,0.174,0.03,-0.002,0.068,0.006,0.371,-0.211,0.281,-0.056,0.281,-0.056
589752,0,0,0.174,0.019,-0.002,0.053,0.006,0.359,-0.284,0.272,-0.077,0.272,-0.077
589762,0,0,0.174,0.012,0,0.043,0.005,0.408,-0.243,0.275,-0.098,0.275,-0.098
589772,0,0,0.174,0.04,-0.005,0.052,-0.015,0.449,-0.192,0.287,-0.11,0.287,-0.11
589782,0,0,0.174,0.157,-0.026,0.042,-0.037,0.508,-0.184,0.302,-0.117,0.302,-0.117
589792,0,0,0.174,0.267,-0.061,0.241,-0.026,0.488,-0.189,0.318,-0.12,0.318,-0.12
589802,0,0,0.174,0.35,-0.091,0.347,-0.082,0.419,-0.14,0.337,-0.121,0.337,-0.121
589812,0,0,0.174,0.369,-0.102,0.402,-0.103,0.327,-0.091,0.345,-0.116,0.345,-0.116
589822,0,0,0.174,0.299,-0.085,0.353,-0.095,0.258,-0.051,0.343,-0.107,0.343,-0.107
589832,0,0,0.174,0.217,-0.062,0.264,-0.08,0.206,-0.02,0.316,-0.091,0.316,-0.091
589842,0,0,0.174,0.148,-0.043,0.203,-0.056,0.172,-0.004,0.281,-0.078,0.281,-0.078
589852,0,0,0.174,0.098,-0.028,0.147,-0.027,0.158,-0.011,0.253,-0.066,0.253,-0.066
589862,0,0,0.174,0.099,-0.025,0.128,-0.019,0.137,-0.006,0.228,-0.054,0.228,-0.054
589872,0,0,0.174,0.089,-0.022,0.119,-0.029,0.119,0.018,0.206,-0.043,0.206,-0.043
589883,0,0,0.174,0.067,-0.016,0.063,-0.03,0.118,-0.01,0.184,-0.035,0.184,-0.035
589893,0,0,0.174,0.046,-0.011,0.054,-0.01,0.092,-0.048,0.136,-0.03,0.136,-0.03
589903,0,0,0.174,0.034,-0.013,0.062,-0.018,0.066,-0.043,0.12,-0.03,0.12,-0.03
589913,0,0,0.174,0.019,-0.019,0.043,-0.028,0.03,-0.032,0.069,-0.029,0.069,-0.029
589923,0,0,0.174,0.006,-0.022,0.029,-0.026,0.01,-0.028,0.057,-0.028,0.057,-0.028
589933,0,0,0.174,-0.014,-0.019,0.004,-0.025,-0.01,-0.025,0.046,-0.028,0.046,-0.028
589943,0,0,0.174,-0.036,-0.012,-0.037,-0.018,-0.031,-0.023,0.026,-0.026,0.026,-0.026
589953,0,0,0.174,-0.059,-0.006,-0.052,-0.007,-0.057,-0.013,-0.013,-0.019,-0.013,-0.019
589963,0,0,0.174,-0.072,-0.002,-0.065,-0.004,-0.069,-0.004,-0.038,-0.012,-0.038,-0.012
589973,0,0,0.174,-0.063,0,-0.067,-0.002,-0.079,0.005,-0.058,-0.006,-0.058,-0.006
589983,0,0,0.174,-0.047,0,-0.056,-0.001,-0.084,0.011,-0.061,-0.002,-0.061,-0.002
589993,0,0,0.174,-0.032,0,-0.038,-0.001,-0.086,0.016,-0.046,-0.001,-0.046,-0.001
590003,0,0,0.174,-0.021,0,-0.027,-0.001,-0.085,0.018,-0.04,0,-0.04,0
590013,0,0,0.174,-0.014,0,-0.02,0,-0.081,0.019,-0.033,0,-0.033,0
590023,0,0,0.174,-0.009,0,-0.015,0,-0.075,0.022,-0.02,0.001,-0.02,0.001
590033,0,0,0.174,-0.006,0,-0.01,-0.001,-0.068,0.024,-0.014,0,-0.014,0
590043,0,0,0.174,-0.004,0,-0.008,0,-0.06,0.024,-0.012,0,-0.012,0
590053,0,0,0.174,-0.002,0,-0.006,0.001,-0.052,0.025,-0.01,0.001,-0.01,0.001
590063,0,0,0.174,-0.001,0,-0.005,0.002,-0.045,0.024,-0.008,0.002,-0.008,0.002
590073,0,0,0.174,0,0,-0.003,0.002,-0.036,0.022,-0.006,0.002,-0.006,0.002
590083,0,0,0.174,0,0,-0.003,0.002,-0.028,0.019,-0.004,0.003,-0.004,0.003
590093,0,0,0.174,0,0,-0.002,0.002,-0.02,0.015,-0.003,0.003,-0.003,0.003
590103,0,0,0.174,0,0,-0.002,0.002,-0.013,0.011,-0.002,0.003,-0.002,0.003
590113,0,0,0.174,0,0,0,0,-0.007,0.006,-0.001,0.001,-0.001,0.001
590123,0,0,0.174,0,0,0,0,-0.003,0.002,0,0.001,0,0.001
590133,-2,0,0.174,0,0,0,0,-0.001,0,0,0,0,0
590143,-2,0,0.174,0,0,0,0,0,-0.001,0,0,0,0
590153,-2,0,0.174,0,0,0,0,0,-0.001,0,0,0,0
590163,-2,0,0.174,0,0,0,0,0,-0.001,0,0,0,0
590173,-2,0,0.174,0,0,0,0,-0.001,0,0,0,0,0
590183,-2,0,0.174,0,0,0,0,-0.001,-0.001,0,0,0,0
590193,-2,0,0.174,0,0,0,0,-0.002,-0.001,0,0,0,0
590203,-2,0,0.174,0,0,0,0,-0.003,-0.001,0,0,0,0
590213,-2,0,0.174,0,0,0,0,-0.005,-0.001,0,0,0,0
590223,-2,0,0.174,0,0,0.001,0,-0.008,-0.001,0,0,0,0
590233,-2,0,0.174,0,0,0.002,0,-0.014,0,0.001,0,0.001,0
590243,-2,0,0.174,0,0,0.003,-0.001,-0.023,0,0.002,0,0.002,0
590253,-2,0,0.174,0,0,0.004,0,-0.035,-0.002,0.002,-0.001,0.002,-0.001
590263,-2,0,0.174,0,0,0.005,0,-0.05,-0.002,0.003,0,0.003,0
590273,-2,0,0.174,0,0,0.007,-0.001,-0.072,-0.005,0.004,0,0.004,0
590283,-2,0,0.174,0,0,0.007,0.001,-0.101,-0.008,0.004,-0.001,0.004,-0.001
590293,-2,0,0.174,0,0,0.01,0.002,-0.136,-0.002,0.004,-0.001,0.004,-0.001
590303,-2,0,0.174,-0.006,0,0.013,-0.001,-0.2,-0.007,0.005,-0.001,0.005,-0.001
590313,-2,0,0.174,-0.034,0,-0.014,-0.006,-0.289,-0.062,0.001,-0.004,0.001,-0.004
590323,-2,0,0.174,-0.037,0,-0.021,-0.004,-0.387,-0.159,-0.01,-0.014,-0.01,-0.014
590333,-2,0,0.174,-0.042,0.005,-0.017,0.001,-0.505,-0.235,-0.017,-0.013,-0.017,-0.013
590343,-2,0,0.174,-0.085,0.012,-0.051,-0.004,-0.623,-0.259,-0.025,-0.022,-0.025,-0.022
590353,-2,0,0.174,-0.158,0.019,-0.115,0.021,-0.737,-0.263,-0.046,-0.033,-0.046,-0.033
590363,-2,0,0.174,-0.223,0.027,-0.189,0.025,-0.857,-0.236,-0.094,-0.027,-0.094,-0.027
590373,-2,0,0.174,-0.283,0.036,-0.255,0.022,-0.941,-0.217,-0.129,-0.037,-0.129,-0.037
590383,-2,0,0.174,-0.38,0.052,-0.308,0.037,-1.055,-0.235,-0.182,-0.042,-0.182,-0.042
590393,-2,0,0.174,-0.421,0.058,-0.384,0.051,-1.262,-0.219,-0.268,-0.034,-0.268,-0.034
590403,-2,0,0.174,-0.347,0.048,-0.354,0.058,-1.523,-0.131,-0.34,-0.006,-0.34,-0.006
590413,-2,0,0.174,-0.258,0.034,-0.272,0.034,-1.826,0.018,-0.356,0.015,-0.356,0.015
590423,-2,0,0.174,-0.184,0.022,-0.199,0.02,-2.044,0.184,-0.384,0.027,-0.384,0.027
590433,-2,0,0.174,-0.124,0.014,-0.099,0.001,-2.096,0.237,-0.457,0.045,-0.457,0.045
590443,-2,0,0.174,-0.082,0.009,-0.098,0.008,-2.01,0.22,-0.603,0.061,-0.603,0.061
590453,-2,0,0.174,-0.138,0.022,-0.091,0.015,-1.843,0.147,-0.621,0.062,-0.621,0.062
590463,-2,0,0.174,-0.308,0.044,-0.235,0.037,-1.681,0.138,-0.558,0.053,-0.558,0.053
590473,-2,0,0.174,-0.52,0.066,-0.434,0.057,-1.664,0.118,-0.587,0.058,-0.587,0.058
590483,-2,0,0.174,-0.69,0.084,-0.6,0.075,-1.775,0.059,-0.702,0.063,-0.702,0.063
590493,-2,0,0.174,-0.723,0.085,-0.736,0.101,-1.912,0.007,-0.824,0.064,-0.824,0.064
590503,-2,0,0.174,-0.633,0.067,-0.606,0.061,-2.042,-0.011,-0.869,0.06,-0.869,0.06
590513,-2,0,0.174,-0.624,0.063,-0.602,0.069,-2.082,-0.024,-0.937,0.055,-0.937,0.055
590523,-2,0,0.174,-0.558,0.056,-0.566,0.071,-2.066,-0.005,-1.04,0.048,-1.04,0.048
590533,-2,0,0.174,-0.655,0.07,-0.628,0.07,-1.977,0.015,-1.097,0.046,-1.097,0.046
590543,-2,0,0.174,-0.835,0.093,-0.762,0.066,-1.898,0.035,-1.139,0.049,-1.139,0.049
590553,-2,0,0.174,-0.857,0.091,-0.843,0.1,-1.843,0.054,-1.195,0.054,-1.195,0.054
590563,-2,0,0.174,-0.769,0.078,-0.784,0.096,-1.828,0.062,-1.11,0.074,-1.11,0.074
590573,-2,0,0.174,-0.775,0.074,-0.761,0.075,-1.844,0.067,-1.107,0.075,-1.107,0.075
590583,-2,0,0.174,-0.759,0.07,-0.749,0.063,-1.865,0.069,-1.122,0.074,-1.122,0.074
590593,-2,0,0.174,-0.826,0.071,-0.786,0.072,-1.852,0.085,-1.135,0.075,-1.135,0.075
590603,-2,0,0.174,-0.984,0.077,-0.94,0.085,-1.843,0.09,-1.089,0.076,-1.089,0.076
590613,-2,0,0.174,-1.113,0.082,-1.065,0.071,-1.892,0.065,-1.164,0.077,-1.164,0.077
590623,-2,0,0.174,-1.215,0.084,-1.176,0.087,-1.961,0.034,-1.25,0.074,-1.25,0.074
590633,-2,0,0.174,-1.2,0.079,-1.201,0.1,-2,0.009,-1.298,0.079,-1.298,0.079
590643,-2,0,0.174,-0.951,0.062,-1.022,0.062,-1.999,0.021,-1.365,0.073,-1.365,0.073
590653,-2,0,0.174,-0.78,0.047,-0.833,0.039,-1.998,0.025,-1.345,0.063,-1.345,0.063
590663,-2,0,0.174,-0.89,0.045,-0.869,0.052,-1.982,0.005,-1.331,0.054,-1.331,0.054
590673,-2,0,0.174,-1.057,0.047,-0.978,0.043,-1.956,-0.016,-1.345,0.047,-1.345,0.047
590683,-2,0,0.174,-1.208,0.049,-1.145,0.054,-1.947,-0.013,-1.14,0.043,-1.14,0.043
590693,-2,0,0.174,-1.332,0.052,-1.302,0.056,-1.993,-0.023,-1.232,0.039,-1.232,0.039
590703,-2,0,0.174,-1.42,0.053,-1.385,0.059,-2.05,-0.018,-1.346,0.042,-1.346,0.042
590713,-2,0,0.174,-1.316,0.05,-1.362,0.041,-2.045,-0.019,-1.419,0.041,-1.419,0.041
590723,-2,0,0.174,-1.203,0.042,-1.223,0.055,-2.019,-0.027,-1.433,0.038,-1.433,0.038
590733,-2,0,0.174,-1.262,0.041,-1.235,0.049,-2.028,-0.053,-1.443,0.036,-1.443,0.036
590743,-2,0,0.174,-1.36,0.042,-1.326,0.04,-2.028,-0.044,-1.478,0.029,-1.478,0.029
590753,-2,0,0.174,-1.461,0.036,-1.429,0.024,-2.018,-0.034,-1.491,0.024,-1.491,0.024
590763,-2,0,0.174,-1.344,0.026,-1.399,0.024,-2.005,-0.042,-1.548,0.018,-1.548,0.018
590773,-2,0,0.174,-1.03,0.018,-1.137,0.048,-1.995,-0.049,-1.567,0.015,-1.567,0.015
590783,-2,0,0.174,-0.773,0.014,-0.844,0.018,-1.998,-0.033,-1.554,0.011,-1.554,0.011
590793,-2,0,0.174,-0.839,0.018,-0.787,-0.02,-1.974,-0.015,-1.488,0.005,-1.488,0.005
590803,-2,0,0.174,-1.035,0.012,-0.995,0.038,-1.946,-0.026,-1.491,0.004,-1.491,0.004
590813,-2,0,0.174,-1.248,0.003,-1.197,0.017,-1.962,-0.04,-1.464,0.004,-1.464,0.004
590823,-2,0,0.174,-1.386,0.006,-1.334,0.006,-2.019,-0.02,-1.53,0,-1.53,0
590833,-2,0,0.174,-1.482,0.016,-1.413,0.004,-2.04,0.004,-1.564,-0.001,-1.564,-0.001
590843,-2,0,0.174,-1.548,0.014,-1.516,0.024,-2.03,0.019,-1.625,0.003,-1.625,0.003
590853,-2,0,0.174,-1.403,0.01,-1.486,0.012,-2,0.011,-1.675,0.008,-1.675,0.008
590863,-2,0,0.174,-1.336,0.008,-1.381,-0.007,-1.987,0.016,-1.692,0.008,-1.692,0.008
590873,-2,0,0.174,-1.132,0.008,-1.205,0.003,-1.982,0.015,-1.701,0.008,-1.701,0.008
590883,-2,0,0.174,-0.838,0.006,-0.896,0.024,-1.96,0,-1.564,0.011,-1.564,0.011
590893,-2,0,0.174,-0.58,0.004,-0.658,0.004,-1.943,-0.008,-1.546,0.009,-1.546,0.009
590903,-2,0,0.174,-0.387,0.003,-0.49,-0.012,-1.945,-0.016,-1.236,0.002,-1.236,0.002
590913,-2,0,0.174,-0.252,0.002,-0.286,0.007,-1.954,-0.04,-1.23,-0.002,-1.23,-0.002
590923,-2,0,0.174,-0.161,0.001,-0.174,0.01,-2.001,-0.049,-1.166,-0.005,-1.166,-0.005
590933,-2,0,0.174,-0.102,0,-0.113,-0.001,-2.102,-0.036,-0.953,-0.007,-0.953,-0.007
590943,-2,0,0.174,-0.064,0,-0.067,-0.004,-2.253,-0.009,-0.735,-0.009,-0.735,-0.009
590953,-4,0,0.174,-0.04,0,-0.037,-0.004,-2.383,-0.025,-0.764,-0.009,-0.764,-0.009
590963,-4,0,0.174,-0.025,0,-0.016,0.021,-2.492,-0.063,-0.747,-0.006,-0.747,-0.006
590973,-4,0,0.174,-0.037,0,-0.023,-0.016,-2.594,-0.076,-0.728,-0.011,-0.728,-0.011
590983,-4,0,0.174,-0.308,0,-0.193,-0.007,-2.707,-0.062,-0.793,-0.015,-0.793,-0.015
590993,-4,0,0.174,-0.419,0,-0.376,-0.004,-2.713,-0.044,-0.706,-0.015,-0.706,-0.015
591003,-4,0,0.174,-0.702,0.007,-0.595,0.006,-2.656,-0.022,-0.758,-0.012,-0.758,-0.012
591013,-4,0,0.174,-1.03,0.015,-0.908,-0.003,-2.54,-0.03,-0.81,-0.004,-0.81,-0.004
591023,-4,0,0.174,-1.304,0.015,-1.214,0.037,-2.413,-0.019,-0.96,0.003,-0.96,0.003
591033,-4,0,0.174,-1.526,0.019,-1.451,0.023,-2.319,-0.003,-1.082,0.007,-1.082,0.007
591043,-4,0,0.174,-1.694,0.027,-1.632,0.016,-2.248,0.024,-1.274,0.009,-1.274,0.009
591053,-4,0,0.174,-1.775,0.028,-1.736,0.009,-2.151,0.03,-1.401,0.013,-1.401,0.013
591063,-4,0,0.174,-1.839,0.025,-1.859,0.046,-2.022,0.02,-1.489,0.017,-1.489,0.017
591073,-4,0,0.174,-1.88,0.03,-1.872,0.032,-1.902,0.029,-1.572,0.023,-1.572,0.023
591083,-4,0,0.174,-1.904,0.036,-1.9,0.027,-1.753,0.059,-1.678,0.026,-1.678,0.026
591093,-4,0,0.174,-1.887,0.034,-1.888,0.024,-1.575,0.067,-1.732,0.03,-1.732,0.03
591103,-4,0,0.174,-1.869,0.031,-1.916,0.032,-1.45,0.05,-1.751,0.034,-1.751,0.034
591113,-4,0,0.174,-1.835,0.027,-1.875,0.03,-1.399,0.032,-1.802,0.035,-1.802,0.035
591123,-4,0,0.174,-1.799,0.028,-1.824,0.035,-1.358,0.025,-1.801,0.035,-1.801,0.035
591133,-4,0,0.174,-1.757,0.034,-1.782,0.021,-1.328,0.023,-1.79,0.032,-1.79,0.032
591143,-4,0,0.174,-1.723,0.037,-1.752,0.027,-1.335,0.016,-1.765,0.026,-1.765,0.026
591153,-4,0,0.174,-1.685,0.038,-1.7,0.044,-1.37,0.01,-1.753,0.028,-1.753,0.028
591163,-4,0,0.174,-1.645,0.037,-1.675,0.036,-1.418,0.018,-1.708,0.034,-1.708,0.034
591173,-4,0,0.174,-1.334,0.029,-1.451,0.031,-1.471,0.01,-1.663,0.034,-1.663,0.034
591183,-4,0,0.174,-1.137,0.022,-1.198,0.022,-1.549,0.005,-1.534,0.032,-1.534,0.032
591193,-4,0,0.174,-1.155,0.02,-1.134,0.023,-1.659,0.005,-1.457,0.027,-1.457,0.027
591203,-4,0,0.174,-1.239,0.019,-1.201,0.019,-1.787,0.008,-1.379,0.025,-1.379,0.025
591213,-4,0,0.174,-1.336,0.014,-1.302,0.011,-1.955,0.016,-1.344,0.018,-1.344,0.018
591223,-4,0,0.174,-1.399,0.014,-1.367,0.022,-2.192,-0.014,-1.354,0.019,-1.354,0.019
591233,-4,0,0.174,-1.257,0.015,-1.311,0.007,-2.459,-0.041,-1.37,0.012,-1.37,0.012
591243,-4,0,0.174,-0.953,0.012,-1.026,0.017,-2.748,-0.051,-1.338,0.007,-1.338,0.007
591253,-4,0,0.174,-0.67,0.01,-0.756,0.003,-3.037,-0.079,-1.209,0,-1.209,0
591263,-4,0,0.174,-0.459,0.013,-0.512,0.018,-3.3,-0.181,-1.088,-0.009,-1.088,-0.009
591273,-4,0,0.174,-0.303,0.01,-0.327,-0.001,-3.491,-0.221,-0.895,-0.024,-0.895,-0.024
591283,-4,0,0.174,-0.196,0.007,-0.215,0.01,-3.681,-0.217,-0.824,-0.038,-0.824,-0.038
591293,-4,0,0.174,-0.125,0.005,-0.122,0.021,-3.901,-0.282,-0.679,-0.046,-0.679,-0.046
591303,-4,0,0.174,-0.281,0.005,-0.205,-0.008,-4.069,-0.349,-0.576,-0.058,-0.576,-0.058
591313,-4,0,0.174,-0.704,0.005,-0.539,0.001,-4.113,-0.446,-0.511,-0.052,-0.511,-0.052
591323,-4,0,0.174,-1.099,0,-0.951,0.003,-4.136,-0.532,-0.666,-0.069,-0.666,-0.069
591333,-4,0,0.174,-1.447,0,-1.328,-0.009,-4.231,-0.543,-0.914,-0.097,-0.914,-0.097
591343,-4,0,0.174,-1.679,0,-1.561,-0.007,-4.382,-0.466,-1.287,-0.11,-1.287,-0.11
591353,-4,0,0.174,-1.887,-0.012,-1.796,-0.008,-4.493,-0.387,-1.746,-0.117,-1.746,-0.117
591363,-4,0,0.174,-2.033,-0.025,-1.975,-0.017,-4.604,-0.426,-2.192,-0.131,-2.192,-0.131
591373,-4,0,0.174,-2.115,-0.033,-2.072,-0.033,-4.646,-0.675,-2.605,-0.17,-2.605,-0.17
591383,-4,0,0.174,-2.164,-0.047,-2.128,-0.039,-4.49,-0.838,-2.934,-0.233,-2.934,-0.233
591393,-4,0,0.174,-2.22,-0.063,-2.217,-0.078,-4.035,-0.64,-3.054,-0.258,-3.054,-0.258
591403,-4,0,0.174,-2.266,-0.078,-2.274,-0.075,-3.537,-0.175,-2.973,-0.216,-2.973,-0.216
591413,-4,0,0.174,-2.252,-0.073,-2.264,-0.076,-3.204,0.275,-2.889,-0.15,-2.889,-0.15
591423,-4,0,0.174,-2.22,-0.036,-2.234,-0.055,-3.014,0.627,-2.81,-0.063,-2.81,-0.063
591433,-4,0,0.174,-2.218,0.017,-2.196,-0.032,-2.835,0.754,-2.735,0.026,-2.735,0.026
591443,-4,0,0.174,-2.219,0.067,-2.237,0.085,-2.689,0.778,-2.655,0.116,-2.655,0.116
591453,-4,0,0.174,-2.255,0.114,-2.255,0.097,-2.692,0.694,-2.605,0.186,-2.605,0.186
591463,-4,0,0.174,-2.281,0.149,-2.282,0.116,-2.845,0.577,-2.593,0.23,-2.593,0.23
591473,-4,0,0.174,-2.287,0.161,-2.27,0.138,-3.065,0.379,-2.637,0.25,-2.637,0.25
591483,-4,0,0.174,-2.311,0.156,-2.273,0.165,-3.21,0.081,-2.654,0.222,-2.654,0.222
591493,-4,0,0.174,-2.346,0.142,-2.322,0.17,-3.295,-0.115,-2.697,0.177,-2.697,0.177
591503,-4,0,0.174,-2.335,0.132,-2.344,0.14,-3.386,-0.112,-2.726,0.138,-2.726,0.138
591513,-4,0,0.174,-2.358,0.13,-2.341,0.112,-3.478,-0.051,-2.716,0.114,-2.716,0.114
591523,-4,0,0.174,-2.378,0.12,-2.346,0.13,-3.556,-0.06,-2.768,0.1,-2.768,0.1
591533,-4,0,0.174,-2.405,0.115,-2.369,0.126,-3.636,-0.213,-2.769,0.088,-2.769,0.088
591543,-4,0,0.174,-2.422,0.116,-2.414,0.11,-3.783,-0.32,-2.821,0.061,-2.821,0.061
591553,-4,0,0.174,-2.449,0.116,-2.432,0.111,-3.927,-0.292,-2.777,0.056,-2.777,0.056
591563,-4,0,0.174,-2.49,0.119,-2.459,0.128,-3.988,-0.182,-2.882,0.046,-2.882,0.046
591573,-4,0,0.174,-2.515,0.124,-2.493,0.125,-3.991,-0.116,-2.981,0.047,-2.981,0.047
591583,-4,0,0.174,-2.54,0.127,-2.512,0.128,-3.948,-0.032,-3.017,0.054,-3.017,0.054
591593,-4,0,0.174,-2.562,0.129,-2.549,0.138,-3.924,-0.023,-3.042,0.07,-3.042,0.07
591603,-4,0,0.174,-2.572,0.128,-2.57,0.127,-3.975,-0.037,-3.083,0.077,-3.083,0.077
591613,-4,0,0.174,-2.591,0.134,-2.552,0.125,-4.035,-0.055,-3.046,0.085,-3.046,0.085
591623,-4,0,0.174,-2.609,0.136,-2.575,0.141,-4.043,-0.058,-3.076,0.086,-3.076,0.086
591633,-4,0,0.174,-2.658,0.141,-2.638,0.146,-4.03,-0.051,-3.178,0.081,-3.178,0.081
591643,-4,0,0.174,-2.704,0.142,-2.696,0.134,-3.979,0.006,-3.179,0.088,-3.179,0.088
591653,-4,0,0.174,-2.78,0.142,-2.744,0.15,-3.926,0.027,-3.219,0.095,-3.219,0.095
591663,-4,0,0.174,-2.846,0.152,-2.83,0.15,-3.931,0.003,-3.2,0.106,-3.2,0.106
591673,-4,0,0.174,-2.87,0.161,-2.839,0.16,-3.977,-0.055,-3.22,0.111,-3.22,0.111
591683,-4,0,0.174,-2.92,0.164,-2.881,0.165,-4.012,-0.076,-3.177,0.118,-3.177,0.118
591693,-4,0,0.174,-2.983,0.163,-2.96,0.16,-4.027,-0.093,-3.26,0.111,-3.26,0.111
591703,0,0,0.174,-3.001,0.157,-3,0.153,-4.014,-0.075,-3.343,0.102,-3.343,0.102
591713,0,0,0.174,-3.033,0.151,-3.032,0.159,-3.972,-0.084,-3.23,0.131,-3.23,0.131
591723,0,0,0.174,-3.053,0.148,-3.044,0.152,-3.969,-0.092,-3.284,0.12,-3.284,0.12
591733,0,0,0.174,-3.085,0.142,-3.057,0.145,-4.025,-0.104,-3.367,0.106,-3.367,0.106
591743,0,0,0.174,-3.117,0.137,-3.089,0.149,-3.923,-0.102,-3.417,0.092,-3.417,0.092
591753,0,0,0.174,-3.136,0.137,-3.163,0.128,-3.721,-0.09,-3.437,0.075,-3.437,0.075
591763,0,0,0.174,-3.16,0.132,-3.171,0.134,-3.559,-0.045,-3.356,0.083,-3.356,0.083
591773,0,0,0.174,-3.158,0.127,-3.162,0.131,-3.448,-0.027,-3.337,0.077,-3.337,0.077
591783,0,0,0.174,-3.151,0.135,-3.15,0.144,-3.365,-0.016,-3.28,0.088,-3.28,0.088
591793,0,0,0.174,-3.152,0.148,-3.158,0.135,-3.289,-0.011,-3.255,0.087,-3.255,0.087
591803,0,0,0.174,-3.156,0.152,-3.163,0.134,-3.23,0.019,-3.232,0.088,-3.232,0.088
591813,0,0,0.174,-3.151,0.146,-3.153,0.158,-3.174,0.022,-3.219,0.088,-3.219,0.088
591823,0,0,0.174,-3.09,0.145,-3.131,0.179,-3.119,0.025,-3.2,0.096,-3.2,0.096
591833,0,0,0.174,-3.031,0.149,-3.071,0.13,-3.065,0.016,-3.183,0.091,-3.183,0.091
591843,0,0,0.174,-3.018,0.148,-3.032,0.116,-2.997,-0.001,-3.148,0.086,-3.148,0.086
591853,0,0,0.174,-2.995,0.142,-3.023,0.178,-2.916,-0.038,-3.121,0.078,-3.121,0.078
591863,0,0,0.174,-2.945,0.141,-2.959,0.16,-2.851,-0.021,-3.09,0.075,-3.09,0.075
591873,0,0,0.174,-2.922,0.15,-2.938,0.123,-2.786,0.022,-3.053,0.074,-3.053,0.074
591883,0,0,0.174,-2.868,0.149,-2.9,0.138,-2.716,0.043,-3.008,0.077,-3.008,0.077
591893,0,0,0.174,-2.825,0.136,-2.871,0.172,-2.637,0.029,-2.954,0.097,-2.954,0.097
591903,0,0,0.174,-2.763,0.128,-2.797,0.133,-2.552,0.037,-2.913,0.101,-2.913,0.101
591913,0,0,0.174,-2.691,0.12,-2.726,0.114,-2.447,0.056,-2.85,0.099,-2.85,0.099
591923,0,0,0.174,-2.649,0.111,-2.668,0.105,-2.348,0.064,-2.788,0.099,-2.788,0.099
591933,0,0,0.174,-2.616,0.101,-2.665,0.123,-2.311,0.042,-2.738,0.1,-2.738,0.1
591943,0,0,0.174,-2.572,0.099,-2.598,0.101,-2.276,0.03,-2.699,0.096,-2.699,0.096
591953,0,0,0.174,-2.548,0.102,-2.556,0.098,-2.147,0.013,-2.629,0.089,-2.629,0.089
591963,0,0,0.174,-2.516,0.106,-2.557,0.103,-2.002,0.012,-2.603,0.083,-2.603,0.083
591973,0,0,0.174,-2.476,0.096,-2.511,0.114,-1.955,0.021,-2.566,0.094,-2.566,0.094
591983,0,0,0.174,-2.458,0.095,-2.488,0.088,-1.891,0.03,-2.543,0.089,-2.543,0.089
591993,0,0,0.174,-2.419,0.089,-2.448,0.079,-1.771,0.036,-2.504,0.081,-2.504,0.081
592003,0,0,0.174,-2.369,0.081,-2.402,0.111,-1.666,0.056,-2.466,0.079,-2.466,0.079
592013,0,0,0.174,-2.32,0.078,-2.371,0.077,-1.587,0.054,-2.427,0.078,-2.427,0.078
592023,0,0,0.174,-2.264,0.076,-2.319,0.075,-1.444,0.053,-2.367,0.073,-2.367,0.073
592033,0,0,0.174,-2.203,0.073,-2.25,0.078,-1.239,-0.01,-2.307,0.075,-2.307,0.075
592043,0,0,0.174,-2.12,0.072,-2.172,0.07,-1.067,-0.101,-2.257,0.063,-2.257,0.063
592053,0,0,0.174,-2.028,0.069,-2.085,0.064,-0.957,-0.159,-2.191,0.049,-2.191,0.049
592063,0,0,0.174,-1.952,0.066,-1.999,0.066,-0.879,-0.181,-2.123,0.035,-2.123,0.035
592073,0,0,0.174,-1.898,0.067,-1.945,0.082,-0.804,-0.143,-2.032,0.036,-2.032,0.036
592083,0,0,0.174,-1.826,0.072,-1.885,0.064,-0.775,0.013,-1.975,0.034,-1.975,0.034
592093,0,0,0.174,-1.729,0.075,-1.795,0.066,-0.705,0.111,-1.897,0.045,-1.897,0.045
592103,0,0,0.174,-1.391,0.064,-1.539,0.068,-0.539,0.047,-1.782,0.054,-1.782,0.054
592113,0,0,0.174,-1.023,0.047,-1.174,0.058,-0.34,-0.066,-1.521,0.052,-1.521,0.052
592123,0,0,0.174,-0.758,0.038,-0.872,0.037,-0.21,-0.124,-1.305,0.038,-1.305,0.038
592133,0,0,0.174,-0.545,0.029,-0.639,0.036,-0.193,-0.123,-1.112,0.021,-1.112,0.021
592143,0,0,0.174,-0.373,0.022,-0.444,0.028,-0.324,-0.033,-0.9,0.012,-0.9,0.012
592153,0,0,0.174,-0.383,0.037,-0.397,0.025,-0.516,0.07,-0.674,0.019,-0.674,0.019
592163,0,0,0.174,-0.396,0.042,-0.413,0.043,-0.67,0.088,-0.61,0.028,-0.61,0.028
592173,0,0,0.174,-0.471,0.046,-0.465,0.059,-0.798,0.042,-0.585,0.036,-0.585,0.036
592183,0,0,0.174,-0.43,0.038,-0.456,0.04,-0.871,-0.019,-0.591,0.036,-0.591,0.036
592193,0,0,0.174,-0.494,0.038,-0.496,0.027,-0.855,-0.009,-0.547,0.03,-0.547,0.03
592203,0,0,0.174,-0.639,0.043,-0.614,0.034,-0.821,0.099,-0.576,0.034,-0.576,0.034
592213,0,0,0.174,-0.731,0.046,-0.7,0.064,-0.817,0.089,-0.622,0.044,-0.622,0.044
592223,0,0,0.174,-0.786,0.052,-0.781,0.058,-0.767,0.09,-0.662,0.051,-0.662,0.051
592233,0,0,0.174,-0.799,0.059,-0.83,0.034,-0.696,0.094,-0.688,0.055,-0.688,0.055
592243,0,0,0.174,-0.789,0.056,-0.813,0.054,-0.631,0.089,-0.709,0.057,-0.709,0.057
592253,0,0,0.174,-0.766,0.05,-0.805,0.06,-0.491,0.081,-0.706,0.061,-0.706,0.061
592263,0,0,0.174,-0.626,0.04,-0.694,0.052,-0.299,0.073,-0.699,0.061,-0.699,0.061
592273,0,0,0.174,-0.456,0.029,-0.536,0.031,-0.129,0.039,-0.631,0.057,-0.631,0.057
592283,0,0,0.174,-0.331,0.021,-0.398,0.022,-0.104,0.009,-0.537,0.047,-0.537,0.047
592293,0,0,0.174,-0.301,0.028,-0.321,0.016,-0.198,0.031,-0.455,0.04,-0.455,0.04
592303,0,0,0.174,-0.314,0.039,-0.316,0.03,-0.23,0.051,-0.4,0.035,-0.4,0.035
592312,0,0,0.174,-0.321,0.047,-0.34,0.053,-0.224,0.053,-0.364,0.039,-0.364,0.039
592322,0,0,0.174,-0.309,0.048,-0.343,0.052,-0.204,0.074,-0.346,0.043,-0.346,0.043
592332,0,0,0.174,-0.277,0.045,-0.32,0.05,-0.164,0.076,-0.327,0.049,-0.327,0.049
592343,0,0,0.174,-0.213,0.036,-0.256,0.038,-0.116,0.047,-0.302,0.048,-0.302,0.048
592352,0,0,0.174,-0.168,0.036,-0.205,0.04,-0.094,0.036,-0.261,0.045,-0.261,0.045
592362,0,0,0.174,-0.14,0.039,-0.168,0.04,-0.082,0.041,-0.236,0.044,-0.236,0.044
592372,0,0,0.174,-0.108,0.039,-0.13,0.037,-0.061,0.04,-0.188,0.042,-0.188,0.042
592382,0,0,0.174,-0.073,0.033,-0.096,0.042,-0.032,0.031,-0.147,0.041,-0.147,0.041
592392,0,0,0.174,-0.039,0.025,-0.058,0.034,-0.002,0.019,-0.112,0.039,-0.112,0.039
592402,0,0,0.174,-0.009,0.016,-0.024,0.021,0.024,0.009,-0.071,0.032,-0.071,0.032
592412,0,0,0.174,0.018,0.005,0.007,0.012,0.045,-0.003,-0.037,0.023,-0.037,0.023
592422,0,0,0.174,0.04,-0.006,0.031,0.003,0.061,-0.017,0,0.013,0,0.013
592432,0,0,0.174,0.057,-0.015,0.05,-0.009,0.073,-0.026,0.02,0.005,0.02,0.005
592442,0,0,0.174,0.068,-0.022,0.066,-0.018,0.078,-0.035,0.035,-0.003,0.035,-0.003
592452,2,0,0.174,0.072,-0.027,0.075,-0.026,0.079,-0.041,0.051,-0.013,0.051,-0.013
592462,2,0,0.174,0.062,-0.026,0.07,-0.028,0.078,-0.045,0.067,-0.024,0.067,-0.024
592472,2,0,0.174,0.053,-0.019,0.059,-0.022,0.076,-0.049,0.066,-0.026,0.066,-0.026
592482,2,0,0.174,0.054,-0.024,0.056,-0.023,0.071,-0.051,0.063,-0.025,0.063,-0.025
592492,2,0,0.174,0.053,-0.029,0.055,-0.027,0.065,-0.051,0.058,-0.026,0.058,-0.026
592502,2,0,0.174,0.05,-0.032,0.054,-0.032,0.057,-0.049,0.056,-0.029,0.056,-0.029
592512,2,0,0.174,0.046,-0.033,0.051,-0.035,0.049,-0.044,0.054,-0.033,0.054,-0.033
592522,2,0,0.174,0.041,-0.032,0.046,-0.035,0.041,-0.038,0.048,-0.035,0.048,-0.035
592532,2,0,0.174,0.036,-0.029,0.039,-0.032,0.034,-0.032,0.044,-0.034,0.044,-0.034
592542,2,0,0.174,0.031,-0.025,0.032,-0.029,0.03,-0.026,0.036,-0.03,0.036,-0.03
592552,2,0,0.174,0.026,-0.021,0.027,-0.024,0.027,-0.018,0.03,-0.027,0.03,-0.027
592562,2,0,0.174,0.024,-0.016,0.022,-0.018,0.026,-0.011,0.025,-0.022,0.025,-0.022
592572,2,0,0.174,0.023,-0.011,0.02,-0.013,0.03,-0.008,0.022,-0.017,0.022,-0.017
592582,2,0,0.174,0.025,-0.007,0.019,-0.01,0.041,-0.003,0.021,-0.013,0.021,-0.013
592592,2,0,0.174,0.03,-0.005,0.022,-0.006,0.056,-0.001,0.021,-0.01,0.021,-0.01
592602,2,0,0.174,0.039,-0.003,0.027,-0.002,0.081,0.001,0.022,-0.007,0.022,-0.007
592612,2,0,0.174,0.054,-0.002,0.037,0,0.122,0.004,0.027,-0.004,0.027,-0.004
592622,2,0,0.174,0.07,-0.005,0.053,-0.004,0.162,0.009,0.035,-0.003,0.035,-0.003
592632,2,0,0.174,0.067,-0.006,0.053,-0.005,0.201,-0.006,0.046,-0.004,0.046,-0.004
592642,2,0,0.174,0.082,-0.006,0.062,-0.004,0.264,-0.032,0.051,-0.006,0.051,-0.006
592652,2,0,0.174,0.112,-0.005,0.088,-0.007,0.347,-0.036,0.059,-0.008,0.059,-0.008
592662,2,0,0.174,0.16,-0.005,0.124,-0.009,0.493,-0.046,0.073,-0.011,0.073,-0.011
592672,2,0,0.174,0.222,-0.002,0.177,-0.002,0.779,-0.095,0.118,-0.012,0.118,-0.012
592682,2,0,0.174,0.27,0,0.23,0.007,1.169,-0.11,0.16,-0.014,0.16,-0.014
592692,2,0,0.174,0.251,0,0.242,-0.008,1.442,-0.133,0.193,-0.022,0.193,-0.022
592702,2,0,0.174,0.232,0,0.205,-0.02,1.381,-0.116,0.228,-0.027,0.228,-0.027
592712,2,0,0.174,0.276,0,0.263,0,1.307,-0.157,0.247,-0.025,0.247,-0.025
592722,2,0,0.174,0.364,0,0.297,0.007,1.464,-0.132,0.285,-0.029,0.285,-0.029
592732,2,0,0.174,0.437,0,0.395,-0.014,1.743,-0.11,0.345,-0.026,0.345,-0.026
592742,2,0,0.174,0.495,0,0.441,-0.011,2.01,-0.155,0.43,-0.033,0.43,-0.033
592752,2,0,0.174,0.561,0,0.534,0.022,2.08,-0.182,0.563,-0.042,0.563,-0.042
592762,2,0,0.174,0.633,0,0.583,0.001,1.913,-0.087,0.739,-0.044,0.739,-0.044
592772,2,0,0.174,0.717,0.007,0.681,-0.018,1.735,-0.061,0.846,-0.038,0.846,-0.038
592782,2,0,0.174,0.773,0.013,0.729,-0.004,1.73,-0.061,0.929,-0.035,0.929,-0.035
592792,2,0,0.174,0.83,0.015,0.794,0.034,1.771,-0.182,0.989,-0.031,0.989,-0.031
592802,2,0,0.174,0.753,0.015,0.771,0.029,1.752,-0.185,1.061,-0.039,1.061,-0.039
592812,2,0,0.174,0.595,0.013,0.643,-0.014,1.641,-0.076,1.047,-0.039,1.047,-0.039
592822,2,0,0.174,0.603,0.012,0.588,0.015,1.57,-0.017,1.021,-0.029,1.021,-0.029
592832,2,0,0.174,0.709,0.021,0.672,0.035,1.582,0.009,0.923,-0.007,0.923,-0.007
592842,2,0,0.174,0.794,0.029,0.734,0.019,1.627,0.072,0.93,0.003,0.93,0.003
592852,2,0,0.174,0.741,0.029,0.759,0.031,1.664,0.073,0.981,0.015,0.981,0.015
592862,2,0,0.174,0.732,0.031,0.723,0.033,1.735,0.05,0.931,0.024,0.931,0.024
592872,2,0,0.174,0.714,0.03,0.713,0.036,1.815,0.086,0.976,0.031,0.976,0.031
592882,2,0,0.174,0.62,0.028,0.617,0.043,1.849,0.116,0.904,0.033,0.904,0.033
592892,2,0,0.174,0.554,0.032,0.562,0.048,1.915,0.117,0.95,0.041,0.95,0.041
592902,2,0,0.174,0.578,0.032,0.567,0.013,1.996,0.1,0.943,0.041,0.943,0.041
592912,2,0,0.174,0.556,0.031,0.541,0.051,2.076,0.037,0.977,0.04,0.977,0.04
592922,2,0,0.174,0.682,0.037,0.602,0.043,2.1,0.027,0.928,0.038,0.928,0.038
592932,2,0,0.174,0.69,0.03,0.688,0.026,2.12,0.037,1.021,0.037,1.021,0.037
592942,2,0,0.174,0.778,0.028,0.731,0.024,2.212,0,1.055,0.032,1.055,0.032
592952,2,0,0.174,0.935,0.034,0.859,0.04,2.283,-0.058,1.03,0.028,1.03,0.028
592962,2,0,0.174,1.106,0.041,1.03,0.04,2.274,-0.077,1.14,0.021,1.14,0.021
592972,2,0,0.174,1.26,0.042,1.215,0.044,2.243,-0.081,1.262,0.016,1.262,0.016
592982,2,0,0.174,1.259,0.037,1.269,0.044,2.247,-0.05,1.364,0.018,1.364,0.018
592992,2,0,0.174,1.168,0.036,1.162,0.039,2.206,-0.021,1.367,0.026,1.367,0.026
593002,2,0,0.174,1.231,0.038,1.199,0.035,2.126,-0.008,1.423,0.025,1.423,0.025
593012,2,0,0.174,1.3,0.032,1.294,0.026,2.073,-0.013,1.476,0.021,1.476,0.021
593022,2,0,0.174,1.4,0.027,1.36,0.042,2.052,-0.018,1.531,0.02,1.531,0.02
593032,2,0,0.174,1.458,0.03,1.42,0.029,2.013,-0.014,1.575,0.02,1.575,0.02
593042,2,0,0.174,1.501,0.033,1.486,0.021,1.942,-0.005,1.613,0.017,1.613,0.017
593052,2,0,0.174,1.537,0.026,1.533,0.018,1.885,-0.018,1.628,0.016,1.628,0.016
593062,2,0,0.174,1.564,0.021,1.563,0.035,1.855,-0.02,1.644,0.015,1.644,0.015
593072,2,0,0.174,1.586,0.024,1.558,0.024,1.839,-0.01,1.653,0.015,1.653,0.015
593082,2,0,0.174,1.595,0.027,1.609,0.001,1.817,-0.002,1.663,0.014,1.663,0.014
593092,2,0,0.174,1.602,0.03,1.594,0.041,1.794,-0.019,1.666,0.013,1.666,0.013
593102,2,0,0.174,1.594,0.028,1.594,0.047,1.774,-0.016,1.648,0.021,1.648,0.021
593112,2,0,0.174,1.591,0.028,1.599,0.016,1.776,-0.011,1.649,0.022,1.649,0.022
593122,2,0,0.174,1.579,0.031,1.576,0.019,1.795,-0.018,1.638,0.021,1.638,0.021
593132,2,0,0.174,1.398,0.029,1.459,0.048,1.805,-0.027,1.627,0.019,1.627,0.019
593142,2,0,0.174,1.303,0.026,1.329,0.023,1.8,-0.02,1.538,0.025,1.538,0.025
593152,2,0,0.174,1.289,0.022,1.308,0.039,1.813,-0.02,1.503,0.023,1.503,0.023
593162,2,0,0.174,1.137,0.018,1.175,0.019,1.88,-0.007,1.476,0.021,1.476,0.021
593172,2,0,0.174,0.967,0.016,1.027,0.01,1.972,0,1.388,0.017,1.388,0.017
593182,2,0,0.174,0.901,0.017,0.893,0.02,2.026,-0.016,1.297,0.014,1.297,0.014
593192,2,0,0.174,1.05,0.019,0.996,0.032,2.022,-0.025,1.312,0.012,1.312,0.012
593202,2,0,0.174,1.218,0.018,1.177,0.017,2.08,-0.002,1.319,0.013,1.319,0.013
593212,2,0,0.174,1.372,0.017,1.318,0.005,2.211,0,1.414,0.011,1.414,0.011
593222,2,0,0.174,1.48,0.012,1.423,0.037,2.301,-0.023,1.492,0.015,1.492,0.015
593232,2,0,0.174,1.539,0.02,1.512,0.022,2.322,-0.033,1.58,0.014,1.58,0.014
593242,2,0,0.174,1.605,0.028,1.573,0.002,2.269,-0.027,1.664,0.007,1.664,0.007
593252,2,0,0.174,1.649,0.028,1.65,0.024,2.195,-0.014,1.739,0.006,1.739,0.006
593262,2,0,0.174,1.684,0.023,1.692,0.033,2.137,-0.002,1.789,0.011,1.789,0.011
593272,2,0,0.174,1.723,0.023,1.702,0.033,2.095,-0.028,1.832,0.009,1.832,0.009
593282,2,0,0.174,1.74,0.024,1.728,0.026,2.044,-0.036,1.821,0.009,1.821,0.009
593292,2,0,0.174,1.73,0.03,1.74,0.012,1.977,-0.027,1.818,0.01,1.818,0.01
593302,2,0,0.174,1.733,0.033,1.743,0.03,1.923,-0.022,1.803,0.01,1.803,0.01
593312,2,0,0.174,1.731,0.034,1.733,0.051,1.893,-0.015,1.806,0.011,1.806,0.011
593322,2,0,0.174,1.741,0.037,1.72,0.024,1.872,0.002,1.796,0.016,1.796,0.016
593332,2,0,0.174,1.733,0.033,1.726,0.047,1.845,0.009,1.792,0.018,1.792,0.018
593342,4,0,0.174,1.717,0.031,1.733,0.039,1.827,0.021,1.791,0.022,1.791,0.022
593352,4,0,0.174,1.71,0.034,1.72,0.011,1.84,0.018,1.783,0.023,1.783,0.023
593362,4,0,0.174,1.696,0.034,1.694,0.031,1.87,0.006,1.778,0.021,1.778,0.021
593372,4,0,0.174,1.689,0.032,1.691,0.046,1.881,0.007,1.767,0.026,1.767,0.026
593382,4,0,0.174,1.683,0.03,1.703,0.037,1.86,0.017,1.752,0.031,1.752,0.031
593392,4,0,0.174,1.688,0.029,1.683,0.017,1.834,0.002,1.739,0.025,1.739,0.025
593402,4,0,0.174,1.671,0.022,1.675,0.029,1.826,-0.016,1.727,0.022,1.727,0.022
593412,4,0,0.174,1.668,0.02,1.664,0.031,1.843,-0.021,1.707,0.021,1.707,0.021
593422,4,0,0.174,1.668,0.026,1.667,0.008,1.871,-0.007,1.706,0.019,1.706,0.019
593432,4,0,0.174,1.674,0.028,1.67,0.025,1.896,-0.009,1.703,0.016,1.703,0.016
593442,4,0,0.174,1.668,0.022,1.656,0.035,1.925,-0.006,1.698,0.014,1.698,0.014
593452,4,0,0.174,1.65,0.015,1.659,0.018,1.978,0.012,1.697,0.017,1.697,0.017
593462,4,0,0.174,1.659,0.016,1.665,0.013,2.047,0.033,1.69,0.018,1.69,0.018
593472,4,0,0.174,1.675,0.016,1.665,0.012,2.116,0.044,1.693,0.019,1.693,0.019
593482,4,0,0.174,1.664,0.011,1.635,0.011,2.174,0.044,1.691,0.021,1.691,0.021
593492,4,0,0.174,1.682,0.005,1.679,0.016,2.243,0.056,1.691,0.023,1.691,0.023
593502,4,0,0.174,1.649,0.003,1.665,-0.007,2.374,0.087,1.694,0.019,1.694,0.019
593512,4,0,0.174,1.348,0.002,1.439,0.013,2.516,0.087,1.674,0.021,1.674,0.021
593522,4,0,0.174,1.19,0.003,1.214,0.013,2.638,0.059,1.597,0.023,1.597,0.023
593532,4,0,0.174,1.292,0.003,1.255,0.007,2.695,0.009,1.47,0.015,1.47,0.015
593542,4,0,0.174,1.423,0,1.362,-0.008,2.813,0.003,1.386,0.008,1.386,0.008
593552,4,0,0.174,1.551,0,1.499,0.016,3.033,0.006,1.417,0.007,1.417,0.007
593562,4,0,0.174,1.668,-0.007,1.615,-0.005,3.267,0.06,1.483,0.008,1.483,0.008
593572,4,0,0.174,1.769,-0.02,1.731,-0.011,3.569,0.108,1.56,0.012,1.56,0.012
593582,4,0,0.174,1.861,-0.02,1.815,-0.001,3.921,0.13,1.686,0.012,1.686,0.012
593592,4,0,0.174,1.945,-0.014,1.893,-0.025,4.083,0.1,1.78,0.01,1.78,0.01
593602,4,0,0.174,1.976,-0.011,1.953,0,4.021,0.116,1.875,0.01,1.875,0.01
593612,4,0,0.174,2.001,-0.011,1.962,-0.017,3.928,0.096,1.955,0.011,1.955,0.011
593622,4,0,0.174,2.067,-0.01,2.034,-0.015,3.824,0.069,2.015,0.008,2.015,0.008
593632,4,0,0.174,2.121,-0.011,2.088,-0.013,3.745,0.058,2.083,0.005,2.083,0.005
593642,4,0,0.174,2.176,-0.014,2.14,-0.015,3.751,0.042,2.153,0.002,2.153,0.002
593652,4,0,0.174,2.217,-0.016,2.193,-0.016,3.806,-0.008,2.224,-0.004,2.224,-0.004
593662,4,0,0.174,2.275,-0.02,2.23,-0.021,3.864,-0.022,2.321,-0.009,2.321,-0.009
593672,4,0,0.174,2.319,-0.021,2.283,-0.027,3.879,-0.02,2.511,-0.012,2.511,-0.012
593682,4,0,0.174,2.337,-0.023,2.324,-0.027,3.837,0.006,2.631,-0.015,2.631,-0.015
593692,4,0,0.174,2.383,-0.028,2.355,-0.038,3.731,-0.01,2.707,-0.017,2.707,-0.017
593702,4,0,0.174,2.426,-0.037,2.397,-0.029,3.598,-0.024,2.669,-0.021,2.669,-0.021
593712,4,0,0.174,2.463,-0.045,2.445,-0.034,3.516,-0.056,2.716,-0.026,2.716,-0.026
593722,4,0,0.174,2.468,-0.052,2.455,-0.062,3.521,-0.049,2.746,-0.036,2.746,-0.036
593732,4,0,0.174,2.477,-0.065,2.459,-0.048,3.534,-0.042,2.765,-0.042,2.765,-0.042
593742,4,0,0.174,2.495,-0.075,2.475,-0.073,3.553,-0.039,2.644,-0.06,2.644,-0.06
593752,4,0,0.174,2.519,-0.083,2.495,-0.099,3.589,-0.031,2.691,-0.062,2.691,-0.062
593762,4,0,0.174,2.556,-0.091,2.547,-0.091,3.614,-0.016,2.784,-0.064,2.784,-0.064
593772,4,0,0.174,2.59,-0.087,2.573,-0.081,3.669,-0.034,2.877,-0.064,2.877,-0.064
593782,4,0,0.174,2.617,-0.078,2.591,-0.094,3.746,-0.016,2.947,-0.065,2.947,-0.065
593792,4,0,0.174,2.627,-0.078,2.606,-0.094,3.806,-0.021,2.969,-0.069,2.969,-0.069
593802,4,0,0.174,2.619,-0.078,2.622,-0.061,3.828,0.003,3.057,-0.064,3.057,-0.064
593812,4,0,0.174,2.651,-0.068,2.636,-0.08,3.807,0.053,3.035,-0.055,3.035,-0.055
593822,4,0,0.174,2.7,-0.061,2.678,-0.071,3.752,0.075,3.054,-0.051,3.054,-0.051
593832,4,0,0.174,2.714,-0.06,2.689,-0.061,3.719,0.067,3.063,-0.043,3.063,-0.043
593842,4,0,0.174,2.744,-0.063,2.74,-0.05,3.725,0.098,3.074,-0.034,3.074,-0.034
593852,4,0,0.174,2.764,-0.058,2.748,-0.072,3.807,0.096,3.053,-0.039,3.053,-0.039
593862,4,0,0.174,2.782,-0.057,2.757,-0.055,3.897,0.059,3.04,-0.044,3.04,-0.044
593872,4,0,0.174,2.808,-0.057,2.811,-0.058,3.959,-0.007,3.122,-0.041,3.122,-0.041
593882,4,0,0.174,2.846,-0.057,2.825,-0.049,3.926,-0.003,3.175,-0.042,3.175,-0.042
593892,4,0,0.174,2.874,-0.05,2.858,-0.042,3.874,0.018,3.203,-0.04,3.203,-0.04
593902,4,0,0.174,2.876,-0.049,2.87,-0.037,3.886,0.05,3.148,-0.041,3.148,-0.041
593912,4,0,0.174,2.862,-0.051,2.858,-0.051,3.95,0.075,3.2,-0.034,3.2,-0.034
593922,4,0,0.174,2.865,-0.049,2.863,-0.046,4.029,0.091,3.257,-0.027,3.257,-0.027
593932,4,0,0.174,2.885,-0.048,2.862,-0.056,4.043,0.089,3.301,-0.021,3.301,-0.021
593942,4,0,0.174,2.905,-0.05,2.898,-0.045,3.952,0.078,3.26,-0.024,3.26,-0.024
593952,4,0,0.174,2.922,-0.056,2.911,-0.05,3.901,0.043,3.207,-0.03,3.207,-0.03
593962,4,0,0.174,2.952,-0.062,2.927,-0.048,3.935,0.026,3.197,-0.035,3.197,-0.035
593972,4,0,0.174,2.985,-0.063,2.953,-0.054,4.011,0.029,3.248,-0.037,3.248,-0.037
593982,4,0,0.174,3,-0.063,2.98,-0.068,4.05,0.049,3.332,-0.036,3.332,-0.036
593992,4,0,0.174,2.999,-0.067,3.006,-0.067,4.049,0.049,3.411,-0.032,3.411,-0.032
594002,4,0,0.174,3.047,-0.069,3.034,-0.067,4.025,0.028,3.41,-0.037,3.41,-0.037
594012,4,0,0.174,3.082,-0.063,3.059,-0.063,4.007,-0.019,3.427,-0.042,3.427,-0.042
594022,4,0,0.174,3.124,-0.055,3.093,-0.067,3.988,-0.04,3.442,-0.047,3.442,-0.047
594032,4,0,0.174,3.141,-0.054,3.128,-0.05,3.955,-0.04,3.496,-0.049,3.496,-0.049
594042,4,0,0.174,3.151,-0.06,3.152,-0.057,3.934,-0.007,3.49,-0.044,3.49,-0.044
594052,4,0,0.174,3.15,-0.061,3.149,-0.078,3.961,0.003,3.508,-0.043,3.508,-0.043
594062,4,0,0.174,3.171,-0.059,3.159,-0.06,3.95,-0.011,3.531,-0.047,3.531,-0.047
594072,4,0,0.174,3.173,-0.057,3.187,-0.028,3.897,-0.036,3.493,-0.045,3.493,-0.045
594082,4,0,0.174,3.202,-0.045,3.175,-0.063,3.859,-0.003,3.545,-0.042,3.545,-0.042
594092,4,0,0.174,3.238,-0.036,3.227,-0.061,3.898,0.008,3.551,-0.041,3.551,-0.041
594102,4,0,0.174,3.217,-0.043,3.19,-0.019,3.964,-0.02,3.592,-0.037,3.592,-0.037
594112,4,0,0.174,3.193,-0.047,3.223,-0.048,3.987,-0.038,3.653,-0.036,3.653,-0.036
594122,4,0,0.174,3.14,-0.06,3.191,-0.064,3.943,-0.038,3.642,-0.044,3.642,-0.044
594132,4,0,0.174,3.13,-0.07,3.112,-0.059,3.926,-0.051,3.669,-0.046,3.669,-0.046
594142,4,0,0.174,3.13,-0.062,3.097,-0.056,3.924,-0.052,3.652,-0.048,3.652,-0.048
594152,4,0,0.174,3.168,-0.05,3.175,-0.087,3.902,-0.084,3.666,-0.054,3.666,-0.054
594162,4,0,0.174,3.198,-0.049,3.202,-0.036,3.883,-0.099,3.66,-0.062,3.66,-0.062
594172,4,0,0.174,3.219,-0.051,3.22,-0.026,3.902,-0.053,3.661,-0.06,3.661,-0.06
594182,4,0,0.174,3.211,-0.042,3.172,-0.049,3.908,0.027,3.655,-0.05,3.655,-0.05
594192,4,0,0.174,3.207,-0.034,3.211,-0.052,3.888,0.054,3.647,-0.038,3.647,-0.038
594202,4,0,0.174,3.173,-0.032,3.209,-0.007,3.879,0.056,3.613,-0.027,3.613,-0.027
594212,4,0,0.174,3.162,-0.037,3.18,-0.027,3.917,0.073,3.634,-0.014,3.634,-0.014
594222,4,0,0.174,3.164,-0.033,3.118,-0.066,3.977,0.101,3.647,-0.006,3.647,-0.006
594232,4,0,0.174,3.154,-0.039,3.142,-0.024,4.008,0.086,3.686,0.001,3.686,0.001
594242,4,0,0.174,3.132,-0.045,3.155,-0.029,4.017,0.081,3.703,0.006,3.703,0.006
594252,4,0,0.174,3.12,-0.047,3.132,-0.062,4.035,0.047,3.702,0.006,3.702,0.006
594262,4,0,0.174,3.164,-0.04,3.134,-0.044,4.043,0.004,3.722,-0.001,3.722,-0.001
594272,4,0,0.174,3.227,-0.032,3.187,-0.033,4.016,-0.029,3.717,-0.012,3.717,-0.012
594282,4,0,0.174,3.241,-0.029,3.245,-0.021,3.965,-0.029,3.717,-0.017,3.717,-0.017
594292,4,0,0.174,3.24,-0.02,3.25,-0.02,3.965,-0.02,3.652,-0.019,3.652,-0.019
594302,4,0,0.174,3.256,-0.005,3.243,-0.016,4.003,-0.024,3.674,-0.021,3.674,-0.021
594312,4,0,0.174,3.292,0.005,3.258,0.006,4.023,-0.056,3.656,-0.019,3.656,-0.019
594322,4,0,0.174,3.286,-0.003,3.296,0.011,4.03,-0.07,3.692,-0.021,3.692,-0.021
594332,4,0,0.174,3.242,-0.014,3.263,-0.001,4.057,-0.04,3.705,-0.019,3.705,-0.019
594342,4,0,0.174,3.206,-0.011,3.215,-0.026,4.083,0.021,3.72,-0.016,3.72,-0.016
594352,4,0,0.174,3.222,-0.009,3.196,-0.031,4.087,0.046,3.692,-0.014,3.692,-0.014
594362,4,0,0.174,3.257,-0.012,3.242,0.019,4.039,0.044,3.686,-0.004,3.686,-0.004
594372,4,0,0.174,3.28,-0.013,3.275,-0.02,4.014,0.016,3.656,0.001,3.656,0.001
594382,4,0,0.174,3.276,-0.004,3.274,-0.006,4.05,-0.019,3.637,-0.005,3.637,-0.005
594392,4,0,0.174,3.314,0,3.294,-0.01,4.103,-0.053,3.392,-0.013,3.392,-0.013
594402,4,0,0.174,3.31,0,3.313,0.01,4.133,-0.046,3.48,-0.015,3.48,-0.015
594412,4,0,0.174,3.312,0,3.321,0.005,4.184,-0.018,3.524,-0.005,3.524,-0.005
594422,4,0,0.174,3.336,0,3.315,-0.02,4.249,0.007,3.634,-0.005,3.634,-0.005
594432,6,0,0.174,3.354,0,3.326,0.015,4.314,-0.018,3.71,-0.004,3.71,-0.004
594442,6,0,0.174,3.332,0,3.339,0.006,4.325,-0.04,3.787,-0.004,3.787,-0.004
594452,6,0,0.174,3.32,0,3.339,-0.003,4.261,-0.05,3.811,-0.009,3.811,-0.009
594462,6,0,0.174,3.326,0,3.331,-0.001,4.143,-0.028,3.775,-0.012,3.775,-0.012
594472,6,0,0.174,3.329,0,3.329,0.001,3.976,-0.012,3.686,-0.006,3.686,-0.006
594482,6,0,0.174,3.33,0.004,3.342,-0.002,3.828,0,3.533,0.001,3.533,0.001
594492,6,0,0.174,3.339,0.005,3.337,0.008,3.765,-0.011,3.436,0.002,3.436,0.002
594502,6,0,0.174,3.337,0.011,3.335,0.024,3.785,-0.002,3.425,0.003,3.425,0.003
594512,6,0,0.174,3.361,0.024,3.352,0.006,3.841,0.013,3.432,0.006,3.432,0.006
594522,6,0,0.174,3.363,0.021,3.368,0.02,3.9,0.028,3.436,0.008,3.436,0.008
594532,6,0,0.174,3.343,0.022,3.36,0.023,3.994,0.026,3.423,0.019,3.423,0.019
594542,6,0,0.174,3.338,0.024,3.32,0.022,4.106,0.042,3.43,0.021,3.43,0.021
594552,6,0,0.174,3.338,0.026,3.334,0.032,4.187,0.053,3.42,0.025,3.42,0.025
594562,6,0,0.174,3.342,0.028,3.347,0.055,4.229,0.064,3.43,0.029,3.43,0.029
594572,6,0,0.174,3.369,0.028,3.355,0.001,4.305,0.07,3.445,0.033,3.445,0.033
594582,6,0,0.174,3.389,0.019,3.396,0.026,4.376,0.055,3.464,0.033,3.464,0.033
594592,6,0,0.174,3.402,0.012,3.413,0.014,4.414,0.021,3.499,0.033,3.499,0.033
594602,6,0,0.174,3.413,0.012,3.358,0.006,4.507,0,3.531,0.026,3.531,0.026
594612,6,0,0.174,3.385,-0.003,3.385,0.015,4.631,-0.008,3.556,0.019,3.556,0.019
594622,6,0,0.174,3.354,-0.005,3.374,0.011,4.78,0.024,3.593,0.017,3.593,0.017
594632,6,0,0.174,3.374,0.005,3.38,-0.013,4.921,0.044,3.611,0.018,3.611,0.018
594642,6,0,0.174,3.421,0.007,3.379,-0.02,4.948,-0.004,3.658,0.014,3.658,0.014
594652,6,0,0.174,3.467,-0.005,3.438,0.029,4.849,-0.045,3.661,0.008,3.661,0.008
594662,6,0,0.174,3.488,-0.015,3.48,-0.013,4.838,-0.031,3.657,0.002,3.657,0.002
594672,6,0,0.174,3.524,-0.014,3.509,-0.019,4.997,-0.03,3.633,-0.008,3.633,-0.008
594682,6,0,0.174,3.554,-0.018,3.525,-0.009,5.168,-0.017,3.627,-0.014,3.627,-0.014
594692,6,0,0.174,3.562,-0.024,3.561,-0.006,5.199,0,3.652,-0.014,3.652,-0.014
594702,0,0,0.174,3.587,-0.022,3.576,-0.029,5.215,0.029,3.694,-0.01,3.694,-0.01
594712,0,0,0.174,3.641,-0.013,3.604,-0.033,5.326,0.014,3.751,-0.008,3.751,-0.008
594722,0,0,0.174,3.685,-0.019,3.635,-0.023,5.459,0.037,3.817,-0.008,3.817,-0.008
594732,0,0,0.174,3.705,-0.029,3.691,-0.006,5.55,0.052,3.927,-0.002,3.927,-0.002
594742,0,0,0.174,3.719,-0.037,3.734,-0.029,5.293,0.061,4.033,0.003,4.033,0.003
594752,0,0,0.174,3.762,-0.033,3.754,-0.042,4.854,0.011,4.088,0,4.088,0
594762,0,0,0.174,3.772,-0.038,3.774,-0.049,4.492,-0.039,4.122,-0.01,4.122,-0.01
594772,0,0,0.174,3.771,-0.043,3.757,-0.024,4.255,-0.069,4.079,-0.021,4.079,-0.021
594782,0,0,0.174,3.772,-0.029,3.776,-0.027,4.087,-0.049,4.052,-0.026,4.052,-0.026
594792,0,0,0.174,3.772,-0.026,3.799,-0.047,3.959,-0.042,4.004,-0.03,4.004,-0.03
594802,0,0,0.174,3.751,-0.033,3.777,-0.03,3.873,-0.037,3.949,-0.033,3.949,-0.033
594812,0,0,0.174,3.74,-0.031,3.73,-0.021,3.842,-0.037,3.906,-0.031,3.906,-0.031
594822,0,0,0.174,3.762,-0.024,3.755,-0.026,3.834,-0.009,3.868,-0.029,3.868,-0.029
594832,0,0,0.174,3.746,-0.019,3.763,-0.024,3.832,-0.002,3.847,-0.027,3.847,-0.027
594842,0,0,0.174,3.738,-0.02,3.763,-0.006,3.829,-0.001,3.814,-0.019,3.814,-0.019
594852,0,0,0.174,3.708,-0.028,3.708,-0.035,3.843,-0.005,3.808,-0.018,3.808,-0.018
594862,0,0,0.174,3.69,-0.033,3.678,-0.027,3.86,0.003,3.779,-0.02,3.779,-0.02
594872,0,0,0.174,3.651,-0.034,3.663,-0.014,3.858,0.003,3.768,-0.018,3.768,-0.018
594882,0,0,0.174,3.631,-0.028,3.674,-0.048,3.827,0.004,3.752,-0.018,3.752,-0.018
594892,0,0,0.174,3.661,-0.024,3.666,-0.025,3.791,-0.016,3.737,-0.021,3.737,-0.021
594902,0,0,0.174,3.664,-0.022,3.653,-0.02,3.755,-0.017,3.728,-0.021,3.728,-0.021
594912,0,0,0.174,3.644,-0.021,3.635,-0.019,3.7,-0.023,3.691,-0.021,3.691,-0.021
594922,0,0,0.174,3.653,-0.019,3.646,-0.024,3.615,-0.017,3.68,-0.02,3.68,-0.02
594932,0,0,0.174,3.655,-0.03,3.692,-0.036,3.534,-0.027,3.675,-0.023,3.675,-0.023
594942,0,0,0.174,3.652,-0.042,3.661,-0.023,3.451,-0.031,3.67,-0.024,3.67,-0.024
594952,0,0,0.174,3.621,-0.045,3.636,-0.043,3.343,-0.042,3.654,-0.029,3.654,-0.029
594962,0,0,0.174,3.57,-0.043,3.596,-0.051,3.228,-0.031,3.629,-0.035,3.629,-0.035
594972,0,0,0.174,3.532,-0.041,3.568,-0.042,3.153,-0.036,3.594,-0.043,3.594,-0.043
594982,0,0,0.174,3.521,-0.045,3.548,-0.056,3.099,-0.041,3.567,-0.042,3.567,-0.042
594992,0,0,0.174,3.465,-0.05,3.492,-0.045,3.01,-0.051,3.54,-0.044,3.54,-0.044
595002,0,0,0.174,3.386,-0.056,3.418,-0.057,2.866,-0.033,3.5,-0.044,3.5,-0.044
595012,0,0,0.174,3.336,-0.056,3.375,-0.065,2.733,0.017,3.437,-0.047,3.437,-0.047
595022,0,0,0.174,3.315,-0.058,3.341,-0.049,2.626,0.042,3.381,-0.049,3.381,-0.049
595032,0,0,0.174,3.3,-0.059,3.335,-0.066,2.565,0.034,3.356,-0.044,3.356,-0.044
595042,0,0,0.174,2.972,-0.055,3.097,-0.05,2.513,0.051,3.311,-0.039,3.311,-0.039
595052,0,0,0.174,2.788,-0.055,2.86,-0.047,2.429,0.042,3.191,-0.035,3.191,-0.035
595062,0,0,0.174,2.733,-0.058,2.771,-0.063,2.339,0.018,3.099,-0.031,3.099,-0.031
595072,0,0,0.174,2.752,-0.064,2.801,-0.085,2.254,0.002,3.002,-0.032,3.002,-0.032
595082,0,0,0.174,2.741,-0.079,2.754,-0.053,2.166,0.002,2.902,-0.041,2.902,-0.041
595092,0,0,0.174,2.701,-0.09,2.731,-0.084,2.062,-0.022,2.819,-0.053,2.819,-0.053
595102,0,0,0.174,2.628,-0.094,2.683,-0.097,1.967,-0.014,2.743,-0.07,2.743,-0.07
595112,0,0,0.174,2.578,-0.095,2.625,-0.093,1.902,0.021,2.695,-0.074,2.695,-0.074
595122,0,0,0.174,2.593,-0.092,2.592,-0.077,1.873,0.044,2.655,-0.067,2.655,-0.067
595132,0,0,0.174,2.618,-0.087,2.637,-0.09,1.874,0.045,2.615,-0.067,2.615,-0.067
595142,0,0,0.174,2.606,-0.085,2.616,-0.089,1.91,0.026,2.605,-0.074,2.605,-0.074
595152,0,0,0.174,2.544,-0.09,2.579,-0.085,1.871,-0.005,2.568,-0.069,2.568,-0.069
595162,0,0,0.174,2.43,-0.095,2.503,-0.086,1.714,-0.032,2.494,-0.065,2.494,-0.065
595172,0,0,0.174,2.156,-0.087,2.297,-0.095,1.529,-0.013,2.353,-0.064,2.353,-0.064
595182,0,0,0.174,1.638,-0.067,1.852,-0.07,1.376,0.03,2.12,-0.065,2.12,-0.065
595192,0,0,0.174,1.15,-0.047,1.357,-0.063,1.276,0.041,1.883,-0.056,1.883,-0.056
595202,0,0,0.174,0.934,-0.043,0.995,-0.039,1.267,0.072,1.732,-0.045,1.732,-0.045
595212,0,0,0.174,0.824,-0.037,0.886,-0.026,1.341,0.075,1.596,-0.03,1.596,-0.03
595222,0,0,0.174,0.99,-0.037,0.912,-0.036,1.519,0.043,1.519,-0.018,1.519,-0.018
595232,0,0,0.174,1.261,-0.043,1.159,-0.056,1.656,0.011,1.459,-0.017,1.459,-0.017
595242,0,0,0.174,1.472,-0.057,1.42,-0.067,1.725,-0.002,1.484,-0.018,1.484,-0.018
595252,0,0,0.174,1.546,-0.067,1.556,-0.062,1.774,-0.011,1.534,-0.026,1.534,-0.026
595262,0,0,0.174,1.414,-0.06,1.461,-0.057,1.788,-0.009,1.563,-0.041,1.563,-0.041
595272,0,0,0.174,1.415,-0.051,1.432,-0.059,1.767,-0.003,1.575,-0.039,1.575,-0.039
595282,0,0,0.174,1.54,-0.05,1.498,-0.056,1.738,0.003,1.585,-0.037,1.585,-0.037
595292,0,0,0.174,1.639,-0.059,1.617,-0.042,1.706,-0.023,1.599,-0.039,1.599,-0.039
595302,0,0,0.174,1.678,-0.065,1.677,-0.047,1.638,-0.048,1.616,-0.04,1.616,-0.04
595312,0,0,0.174,1.668,-0.066,1.68,-0.07,1.529,-0.043,1.619,-0.044,1.619,-0.044
595322,0,0,0.174,1.627,-0.066,1.673,-0.086,1.403,-0.003,1.599,-0.044,1.599,-0.044
595332,0,0,0.174,1.603,-0.07,1.636,-0.048,1.31,-0.006,1.58,-0.048,1.58,-0.048
595342,0,0,0.174,1.569,-0.066,1.587,-0.065,1.192,-0.049,1.537,-0.046,1.537,-0.046
595352,0,0,0.174,1.545,-0.058,1.567,-0.111,1.118,-0.035,1.498,-0.057,1.498,-0.057
595362,0,0,0.174,1.514,-0.061,1.563,-0.041,1.12,-0.01,1.445,-0.055,1.445,-0.055
595372,0,0,0.174,1.402,-0.061,1.48,-0.037,1.164,-0.022,1.428,-0.04,1.428,-0.04
595382,0,0,0.174,1.082,-0.048,1.205,-0.084,1.156,0.007,1.366,-0.046,1.366,-0.046
595392,0,0,0.174,0.765,-0.035,0.875,-0.051,1.087,0.042,1.253,-0.047,1.253,-0.047
595402,0,0,0.174,0.523,-0.027,0.632,-0.014,1.03,0.053,1.12,-0.034,1.12,-0.034
595412,0,0,0.174,0.359,-0.024,0.453,-0.02,1.035,0.052,1.02,-0.023,1.02,-0.023
595422,0,0,0.174,0.245,-0.021,0.289,-0.016,1.086,0.064,0.985,-0.012,0.985,-0.012
595432,0,0,0.174,0.25,-0.017,0.199,-0.027,1.142,0.051,0.901,-0.004,0.901,-0.004
595442,0,0,0.174,0.418,-0.018,0.35,-0.038,1.157,0.041,0.86,0,0.86,0
595452,0,0,0.174,0.615,-0.027,0.582,-0.014,1.176,0.011,0.859,0,0.859,0
595462,0,0,0.174,0.778,-0.035,0.744,-0.042,1.222,-0.004,0.859,-0.005,0.859,-0.005
595472,0,0,0.174,0.871,-0.036,0.831,-0.03,1.275,-0.014,0.911,-0.008,0.911,-0.008
595482,0,0,0.174,0.787,-0.031,0.779,-0.046,1.284,-0.017,0.953,-0.012,0.953,-0.012
595492,0,0,0.174,0.742,-0.028,0.758,-0.033,1.257,-0.021,0.983,-0.016,0.983,-0.016
595502,0,0,0.174,0.8,-0.03,0.819,-0.03,1.232,-0.017,0.975,-0.02,0.975,-0.02
595512,0,0,0.174,0.883,-0.031,0.861,-0.02,1.226,-0.013,0.984,-0.02,0.984,-0.02
595522,0,0,0.174,0.803,-0.03,0.823,-0.034,1.21,-0.009,0.986,-0.021,0.986,-0.021
595532,0,0,0.174,0.761,-0.029,0.755,-0.026,1.184,-0.008,0.947,-0.025,0.947,-0.025
595542,0,0,0.174,0.797,-0.025,0.82,-0.044,1.146,-0.012,0.952,-0.024,0.952,-0.024
595552,0,0,0.174,0.863,-0.027,0.851,-0.014,1.122,-0.02,0.951,-0.026,0.951,-0.026
595562,0,0,0.174,0.817,-0.027,0.843,-0.018,1.105,-0.015,0.957,-0.024,0.957,-0.024
595572,0,0,0.174,0.648,-0.017,0.698,-0.015,1.089,-0.01,0.943,-0.021,0.943,-0.021
595582,0,0,0.174,0.509,-0.008,0.563,-0.039,1.071,-0.003,0.886,-0.021,0.886,-0.021
595592,0,0,0.174,0.531,-0.007,0.524,-0.003,1.056,-0.005,0.814,-0.017,0.814,-0.017
595602,-2,0,0.174,0.63,-0.009,0.596,-0.001,1.043,-0.001,0.703,-0.009,0.703,-0.009
595612,-2,0,0.174,0.717,-0.011,0.704,-0.01,1.043,0.003,0.706,-0.007,0.706,-0.007
595622,-2,0,0.174,0.78,-0.007,0.767,-0.019,1.059,0.003,0.741,-0.007,0.741,-0.007
595632,-2,0,0.174,0.857,-0.002,0.837,-0.015,1.069,-0.001,0.784,-0.008,0.784,-0.008
595642,-2,0,0.174,0.875,-0.004,0.866,0.006,1.064,-0.001,0.825,-0.006,0.825,-0.006
595652,-2,0,0.174,0.851,-0.002,0.876,0.002,1.058,0.009,0.849,-0.003,0.849,-0.003
595662,-2,0,0.174,0.678,-0.001,0.755,-0.005,1.043,0.021,0.854,0,0.854,0
595672,-2,0,0.174,0.488,0,0.56,-0.011,1.026,0.014,0.827,-0.002,0.827,-0.002
595682,-2,0,0.174,0.332,0,0.372,0.014,0.998,0.008,0.75,0,0.75,0
595692,-2,0,0.174,0.219,0,0.266,0.012,0.959,0.012,0.637,0.005,0.637,0.005
595702,-2,0,0.174,0.142,0,0.186,-0.024,0.939,0.02,0.536,0.003,0.536,0.003
595712,-2,0,0.174,0.091,0,0.095,0.015,0.929,0.015,0.458,0.003,0.458,0.003
595722,-2,0,0.174,0.057,0,0.071,0.005,0.911,0.013,0.363,0.006,0.363,0.006
595732,-2,0,0.174,0.036,0,0.069,-0.016,0.887,0.013,0.275,0.002,0.275,0.002
595742,-2,0,0.174,0.022,0,0.03,0.014,0.852,0.013,0.187,0.003,0.187,0.003
595752,-2,0,0.174,0.014,0,0.022,0.006,0.807,0.015,0.133,0.007,0.133,0.007
595762,-2,0,0.174,0.009,0,0.031,-0.01,0.774,0.025,0.09,0.002,0.09,0.002
595772,-2,0,0.174,0.005,0,0.01,0.006,0.734,0.025,0.081,0.003,0.081,0.003
595782,-2,0,0.174,0.003,0,0,0.008,0.656,0.037,0.067,0.007,0.067,0.007
595792,-2,0,0.174,0.002,0,0.035,-0.024,0.58,0.04,0.068,0.009,0.068,0.009
595802,-2,0,0.174,0.001,0,0.032,0.01,0.51,0.025,0.073,0.008,0.073,0.008
595812,-2,0,0.174,0,0,0.001,0.009,0.458,0.048,0.071,0.012,0.071,0.012
595822,-2,0,0.174,0,0,0.007,-0.005,0.402,0.069,0.051,0.015,0.051,0.015
595832,-2,0,0.174,0,0,0.014,0.004,0.371,0.065,0.047,0.017,0.047,0.017
595842,-2,0,0.174,0,0,0.028,0,0.325,0.06,0.046,0.019,0.046,0.019
595852,-2,0,0.174,0,0,0.016,-0.002,0.21,0.05,0.041,0.016,0.041,0.016
595862,-2,0,0.174,0,0,0.025,0.01,0.038,0.014,0.036,0.014,0.036,0.014
595872,-2,0,0.174,0,0,0.029,0.006,-0.154,-0.019,0.031,0.011,0.031,0.011
595882,-2,0,0.174,0,0,0.028,-0.003,-0.323,-0.032,0.025,0.003,0.025,0.003
595892,-2,0,0.174,0,0,0.033,0.001,-0.437,-0.042,0.022,-0.002,0.022,-0.002
595902,-2,0,0.174,0,0,0.028,0.001,-0.49,-0.059,0.018,-0.005,0.018,-0.005
595912,-2,0,0.174,0,0,0.025,0,-0.482,-0.092,0.015,-0.009,0.015,-0.009
595922,-2,0,0.174,0,0,0.023,-0.005,-0.467,-0.097,0.017,-0.009,0.017,-0.009
595932,-2,0,0.174,0,0,0.023,-0.001,-0.507,-0.071,0.015,-0.011,0.015,-0.011
595942,-2,0,0.174,0,0,0.015,0.002,-0.667,-0.046,0.009,-0.011,0.009,-0.011
595952,-2,0,0.174,0,0,0.039,0.001,-0.904,-0.041,-0.005,-0.011,-0.005,-0.011
595962,-2,0,0.174,0,0,0.017,0,-1.124,-0.039,-0.018,-0.011,-0.018,-0.011
595972,-2,0,0.174,0,0,0.031,0.009,-1.354,-0.074,-0.042,-0.012,-0.042,-0.012
595982,-2,0,0.174,0,0,0.074,-0.039,-1.562,-0.149,-0.097,-0.022,-0.097,-0.022
595992,-2,0,0.174,0,0,-0.029,0.035,-1.77,-0.072,-0.218,-0.03,-0.218,-0.03
596002,-2,0,0.174,0,0,0.042,0.017,-2.042,-0.208,-0.363,-0.027,-0.363,-0.027
596012,-2,0,0.174,0,0,0.065,-0.055,-2.158,-0.251,-0.56,-0.055,-0.56,-0.055
596022,-2,0,0.174,0,0,-0.025,0.062,-2.106,-0.029,-0.65,-0.045,-0.65,-0.045
596032,-2,0,0.174,0,0,0.017,-0.017,-1.952,0.071,-0.723,-0.023,-0.723,-0.023
596042,-2,0,0.174,0,0,-0.005,-0.013,-1.784,0.101,-0.699,-0.011,-0.699,-0.011
596052,-2,0,0.174,0,0,0.017,0.031,-1.668,0.118,-0.744,0.007,-0.744,0.007
596062,-2,0,0.174,0,0,0.026,-0.014,-1.616,0.125,-0.689,0.017,-0.689,0.017
596072,-2,0,0.174,0,0,0.027,0.006,-1.662,0.144,-0.346,0.018,-0.346,0.018
596082,-2,0,0.174,0,0,0.016,-0.004,-1.822,0.148,-0.251,0.018,-0.251,0.018
596092,-2,0,0.174,0,0,0.024,0.003,-2.005,0.133,-0.286,0.021,-0.286,0.021
596102,-2,0,0.174,0,0,0.029,0.014,-2.174,0.09,-0.262,0.015,-0.262,0.015
596112,-2,0,0.174,0,0,0.073,-0.018,-2.309,0.035,-0.39,0.015,-0.39,0.015
596122,-2,0,0.174,0,0,-0.016,0.014,-2.377,-0.005,-0.494,0.012,-0.494,0.012
596132,-2,0,0.174,0,0,0.017,-0.006,-2.452,0.004,-0.498,0.005,-0.498,0.005
596142,-2,0,0.174,0,0,0.026,0.001,-2.431,0.029,-0.497,0.009,-0.497,0.009
596152,-2,0,0.174,-0.046,0,-0.006,0.017,-2.454,0.046,-0.576,0.011,-0.576,0.011
596162,-2,0,0.174,-0.206,0,-0.12,-0.026,-2.485,0.041,-0.627,0.007,-0.627,0.007
596172,-2,0,0.174,-0.245,0,-0.218,0.018,-2.496,0.034,-0.732,0.011,-0.732,0.011
596182,-2,0,0.174,-0.215,0,-0.214,0.006,-2.495,0.035,-0.774,0.011,-0.774,0.011
596192,-2,0,0.174,-0.178,0.002,-0.183,0.003,-2.454,0.051,-0.655,0.009,-0.655,0.009
596202,-2,0,0.174,-0.357,0.01,-0.281,0.004,-2.376,0.051,-0.508,0.007,-0.508,0.007
596212,-2,0,0.174,-0.683,0.013,-0.567,0.006,-2.35,0.048,-0.558,0.01,-0.558,0.01
596222,-2,0,0.174,-0.963,0.015,-0.873,0.027,-2.366,0.047,-0.7,0.01,-0.7,0.01
596232,-2,0,0.174,-1.215,0.014,-1.123,0.006,-2.41,0.079,-0.903,0.015,-0.903,0.015
596242,-2,0,0.174,-1.351,0.011,-1.306,0.025,-2.45,0.091,-1.131,0.02,-1.131,0.02
596252,-2,0,0.174,-1.147,0.008,-1.207,0.02,-2.43,0.064,-1.299,0.025,-1.299,0.025
596262,-2,0,0.174,-0.869,0.006,-0.948,-0.009,-2.329,0.026,-1.405,0.025,-1.405,0.025
596272,-2,0,0.174,-0.879,0,-0.896,0.003,-2.2,0.002,-1.442,0.017,-1.442,0.017
596282,-2,0,0.174,-1.074,-0.007,-1.011,0.01,-2.092,-0.034,-1.458,0.011,-1.458,0.011
596292,-2,0,0.174,-1.075,-0.009,-1.132,0.029,-1.996,-0.063,-1.482,0.004,-1.482,0.004
596302,-2,0,0.174,-1.048,-0.009,-1.049,-0.066,-1.904,-0.079,-1.522,-0.008,-1.522,-0.008
596312,-2,0,0.174,-1.034,-0.012,-1.051,-0.008,-1.81,-0.085,-1.533,-0.022,-1.533,-0.022
596322,-2,0,0.174,-0.818,-0.011,-0.884,0.009,-1.705,-0.086,-1.494,-0.028,-1.494,-0.028
596332,-2,0,0.174,-0.609,-0.005,-0.672,0.024,-1.626,-0.061,-1.372,-0.025,-1.372,-0.025
596342,-2,0,0.174,-0.704,0.014,-0.679,0.002,-1.607,-0.033,-1.364,-0.024,-1.364,-0.024
596352,-2,0,0.174,-1.019,0.014,-0.905,-0.03,-1.658,-0.027,-1.318,-0.028,-1.318,-0.028
596362,-2,0,0.174,-1.049,0.004,-1.039,0.004,-1.704,-0.043,-1.348,-0.027,-1.348,-0.027
596372,-2,0,0.174,-0.855,0,-0.902,0.018,-1.766,-0.059,-1.383,-0.027,-1.383,-0.027
596382,-2,0,0.174,-0.621,0,-0.699,0.029,-1.827,-0.071,-1.332,-0.022,-1.332,-0.022
596392,-2,0,0.174,-0.44,0,-0.494,0.011,-1.879,-0.066,-1.333,-0.023,-1.333,-0.023
596402,-2,0,0.174,-0.55,0.015,-0.513,-0.003,-1.902,-0.047,-1.365,-0.025,-1.365,-0.025
596412,-2,0,0.174,-0.889,0.02,-0.809,-0.007,-1.883,-0.019,-1.358,-0.027,-1.358,-0.027
596422,-2,0,0.174,-1.173,0.006,-1.074,0.03,-1.873,-0.019,-1.388,-0.018,-1.388,-0.018
596432,-2,0,0.174,-1.333,0,-1.274,0.004,-1.913,-0.018,-1.386,-0.004,-1.386,-0.004
596442,-2,0,0.174,-1.278,0,-1.311,0,-1.989,0.001,-1.438,-0.003,-1.438,-0.003
596452,-2,0,0.174,-1.199,0.008,-1.2,0.003,-2.049,0.031,-1.472,0.001,-1.472,0.001
596462,-2,0,0.174,-1.288,0.023,-1.254,0.012,-2.017,0.044,-1.502,0.005,-1.502,0.005
596472,-2,0,0.174,-1.412,0.023,-1.398,0.026,-1.932,0.021,-1.534,0.01,-1.534,0.01
596482,-2,0,0.174,-1.482,0.016,-1.475,0.011,-1.904,-0.008,-1.529,0.017,-1.529,0.017
596492,-2,0,0.174,-1.533,0.013,-1.522,0.015,-1.948,-0.014,-1.569,0.014,-1.569,0.014
596502,-2,0,0.174,-1.58,0.02,-1.555,0.026,-1.991,-0.019,-1.62,0.011,-1.62,0.011
596512,-2,0,0.174,-1.623,0.026,-1.577,-0.01,-1.951,-0.016,-1.661,0.009,-1.661,0.009
596522,-2,0,0.174,-1.636,0.018,-1.668,0.036,-1.878,-0.024,-1.696,0.006,-1.696,0.006
596532,-2,0,0.174,-1.61,0.012,-1.639,0.02,-1.847,-0.018,-1.708,0.011,-1.708,0.011
596542,-2,0,0.174,-1.58,0.014,-1.591,0.011,-1.859,-0.013,-1.719,0.009,-1.719,0.009
596552,-2,0,0.174,-1.56,0.019,-1.563,0.008,-1.873,-0.007,-1.724,0.007,-1.724,0.007
596562,-2,0,0.174,-1.567,0.017,-1.532,0.031,-1.839,-0.017,-1.723,0.004,-1.723,0.004
596575,-2,0,0.174,-1.577,0.014,-1.599,0.036,-1.784,-0.009,-1.723,0.006,-1.723,0.006
596582,-2,0,0.174,-1.592,0.018,-1.6,0.002,-1.77,0,-1.714,0.005,-1.714,0.005
596592,-2,0,0.174,-1.609,0.015,-1.619,-0.006,-1.796,0.009,-1.707,0.004,-1.707,0.004
596602,-2,0,0.174,-1.634,0.008,-1.619,0.015,-1.826,-0.005,-1.716,0.004,-1.716,0.004
596612,-2,0,0.174,-1.667,0.007,-1.627,0.026,-1.828,-0.024,-1.712,0.006,-1.712,0.006
596622,-2,0,0.174,-1.684,0.015,-1.684,-0.001,-1.81,-0.025,-1.725,0.003,-1.725,0.003
596632,-2,0,0.174,-1.692,0.013,-1.731,0.007,-1.803,-0.017,-1.732,0,-1.732,0
596642,-2,0,0.174,-1.676,0.007,-1.672,0.022,-1.836,-0.025,-1.742,-0.001,-1.742,-0.001
596652,-2,0,0.174,-1.509,0.004,-1.565,0.013,-1.861,-0.026,-1.742,-0.002,-1.742,-0.002
596662,-2,0,0.174,-1.297,0.002,-1.351,-0.004,-1.861,-0.019,-1.69,-0.002,-1.69,-0.002
596672,-2,0,0.174,-1.268,0.005,-1.279,0.004,-1.859,-0.007,-1.651,-0.003,-1.651,-0.003
596682,-2,0,0.174,-1.294,0.006,-1.304,0.012,-1.871,-0.007,-1.568,-0.001,-1.568,-0.001
596692,-2,0,0.174,-1.378,0.008,-1.336,0.01,-1.909,0.006,-1.576,0.001,-1.576,0.001
596702,-2,0,0.174,-1.475,0.01,-1.429,0.021,-1.966,0.026,-1.601,0.004,-1.601,0.004
596712,-2,0,0.174,-1.555,0.015,-1.503,-0.014,-2.025,0.029,-1.61,0.009,-1.61,0.009
596722,-2,0,0.174,-1.605,0.013,-1.574,0.021,-2.064,0.01,-1.656,0.009,-1.656,0.009
596732,-2,0,0.174,-1.64,0.014,-1.642,0.023,-2.076,0.013,-1.708,0.011,-1.708,0.011
596742,-2,0,0.174,-1.662,0.014,-1.674,0.003,-2.084,0.038,-1.739,0.012,-1.739,0.012
596752,-2,0,0.174,-1.703,0.013,-1.687,0.013,-2.084,0.025,-1.781,0.014,-1.781,0.014
596762,-2,0,0.174,-1.725,0.017,-1.695,0.024,-2.074,-0.01,-1.811,0.014,-1.811,0.014
596772,-4,0,0.174,-1.747,0.019,-1.731,0.004,-2.047,-0.002,-1.827,0.011,-1.827,0.011
596782,-4,0,0.174,-1.75,0.013,-1.756,0.016,-2.033,-0.002,-1.849,0.009,-1.849,0.009
596792,-4,0,0.174,-1.752,0.011,-1.766,0.016,-2.027,0,-1.832,0.017,-1.832,0.017
596802,-4,0,0.174,-1.778,0.016,-1.775,0.009,-2.008,0.002,-1.848,0.015,-1.848,0.015
596812,-4,0,0.174,-1.809,0.017,-1.78,-0.003,-1.954,-0.001,-1.85,0.011,-1.85,0.011
596822,-4,0,0.174,-1.815,0.014,-1.809,0.036,-1.897,-0.024,-1.846,0.01,-1.846,0.01
596832,-4,0,0.174,-1.803,0.016,-1.821,0.019,-1.86,-0.016,-1.843,0.009,-1.843,0.009
596842,-4,0,0.174,-1.801,0.018,-1.812,-0.003,-1.844,0.004,-1.837,0.008,-1.837,0.008
596852,-4,0,0.174,-1.777,0.013,-1.787,0.022,-1.84,0.004,-1.831,0.006,-1.831,0.006
596862,-4,0,0.174,-1.75,0.006,-1.747,0.023,-1.843,-0.01,-1.784,0.017,-1.784,0.017
596872,-4,0,0.174,-1.723,0.008,-1.727,0.003,-1.843,-0.007,-1.778,0.016,-1.778,0.016
596882,-4,0,0.174,-1.709,0.01,-1.731,0.011,-1.859,-0.006,-1.767,0.011,-1.767,0.011
596892,-4,0,0.174,-1.698,0.007,-1.694,-0.013,-1.908,0.004,-1.759,0.008,-1.759,0.008
596902,-4,0,0.174,-1.7,0,-1.689,0.018,-1.958,-0.002,-1.749,0.008,-1.749,0.008
596912,-4,0,0.174,-1.687,0,-1.688,0.014,-2.024,-0.017,-1.723,0.008,-1.723,0.008
596922,-4,0,0.174,-1.714,0,-1.689,-0.003,-2.121,0.001,-1.721,0.005,-1.721,0.005
596932,-4,0,0.174,-1.737,0,-1.705,-0.012,-2.214,0.03,-1.722,0.003,-1.722,0.003
596942,-4,0,0.174,-1.755,0,-1.738,0.014,-2.274,0.009,-1.731,0.004,-1.731,0.004
596952,-4,0,0.174,-1.777,0,-1.766,-0.012,-2.375,-0.009,-1.753,0.004,-1.753,0.004
596962,-4,0,0.174,-1.803,0,-1.791,-0.012,-2.506,0.004,-1.771,0.002,-1.771,0.002
596972,-4,0,0.174,-1.85,0,-1.82,-0.01,-2.656,0.038,-1.794,0.003,-1.794,0.003
596982,-4,0,0.174,-1.876,0,-1.842,-0.003,-2.783,0.015,-1.823,0.004,-1.823,0.004
596992,-4,0,0.174,-1.913,0,-1.872,-0.003,-2.906,-0.025,-1.852,0.003,-1.852,0.003
597002,-4,0,0.174,-1.935,0,-1.923,0.009,-3.037,-0.02,-1.885,-0.003,-1.885,-0.003
597012,-4,0,0.174,-1.954,0,-1.933,-0.007,-3.204,-0.021,-1.924,-0.003,-1.924,-0.003
597022,-4,0,0.174,-2,0,-1.965,0.004,-3.33,-0.057,-1.956,-0.005,-1.956,-0.005
597032,-4,0,0.174,-2.021,0,-2.01,0.005,-3.392,-0.095,-1.99,-0.009,-1.99,-0.009
597042,-4,0,0.174,-2.075,0,-2.049,-0.02,-3.467,-0.09,-2.03,-0.017,-2.03,-0.017
597052,-4,0,0.174,-2.113,-0.011,-2.055,-0.005,-3.534,-0.088,-2.079,-0.023,-2.079,-0.023
597062,-4,0,0.174,-2.16,-0.02,-2.144,-0.014,-3.591,-0.164,-2.14,-0.03,-2.14,-0.03
597072,-4,0,0.174,-2.201,-0.029,-2.166,-0.038,-3.72,-0.184,-2.206,-0.043,-2.206,-0.043
597082,-4,0,0.174,-2.253,-0.037,-2.213,-0.031,-3.804,-0.164,-2.289,-0.054,-2.289,-0.054
597092,-4,0,0.174,-2.29,-0.041,-2.272,-0.033,-3.75,-0.162,-2.36,-0.052,-2.36,-0.052
597102,-4,0,0.174,-2.319,-0.048,-2.304,-0.055,-3.727,-0.148,-2.481,-0.06,-2.481,-0.06
597112,-4,0,0.174,-2.345,-0.053,-2.311,-0.055,-3.773,-0.104,-2.559,-0.064,-2.559,-0.064
597122,-4,0,0.174,-2.398,-0.058,-2.354,-0.059,-3.816,-0.113,-2.618,-0.061,-2.618,-0.061
597132,-4,0,0.174,-2.43,-0.066,-2.426,-0.059,-3.804,-0.091,-2.704,-0.065,-2.704,-0.065
597142,-4,0,0.174,-2.459,-0.063,-2.407,-0.075,-3.794,-0.027,-2.806,-0.066,-2.806,-0.066
597152,-4,0,0.174,-2.488,-0.057,-2.467,-0.046,-3.744,0.052,-2.87,-0.057,-2.87,-0.057
597162,-4,0,0.174,-2.509,-0.05,-2.512,-0.06,-3.72,0.106,-2.947,-0.041,-2.947,-0.041
597172,-4,0,0.174,-2.526,-0.034,-2.513,-0.047,-3.764,0.164,-2.956,-0.03,-2.956,-0.03
597182,-4,0,0.174,-2.552,-0.014,-2.508,-0.005,-3.775,0.189,-3.011,-0.01,-3.011,-0.01
597192,-4,0,0.174,-2.593,0.009,-2.561,-0.005,-3.707,0.171,-2.931,0.005,-2.931,0.005
597202,-4,0,0.174,-2.634,0.031,-2.629,0.024,-3.67,0.155,-2.924,0.019,-2.924,0.019
597212,-4,0,0.174,-2.64,0.047,-2.623,0.032,-3.72,0.174,-2.936,0.033,-2.936,0.033
597222,-4,0,0.174,-2.651,0.065,-2.634,0.064,-3.747,0.176,-2.874,0.051,-2.874,0.051
597232,-4,0,0.174,-2.683,0.082,-2.66,0.081,-3.775,0.169,-2.923,0.064,-2.923,0.064
597242,-4,0,0.174,-2.712,0.095,-2.705,0.096,-3.844,0.139,-2.879,0.074,-2.879,0.074
597252,-4,0,0.174,-2.754,0.112,-2.718,0.109,-3.939,0.105,-2.985,0.082,-2.985,0.082
597262,-4,0,0.174,-2.791,0.122,-2.776,0.118,-4.002,0.073,-2.989,0.095,-2.989,0.095
597272,-4,0,0.174,-2.823,0.127,-2.784,0.113,-4.057,0.043,-3.048,0.104,-3.048,0.104
597282,-4,0,0.174,-2.837,0.12,-2.826,0.132,-4.047,0.032,-3.154,0.101,-3.154,0.101
597292,-4,0,0.174,-2.876,0.112,-2.868,0.132,-4.038,0.03,-3.213,0.102,-3.213,0.102
597302,-4,0,0.174,-2.903,0.108,-2.899,0.109,-4.048,-0.001,-3.264,0.099,-3.264,0.099
597312,-4,0,0.174,-2.929,0.102,-2.91,0.104,-4.014,-0.035,-3.344,0.087,-3.344,0.087
597322,-4,0,0.174,-2.938,0.093,-2.93,0.11,-3.958,-0.058,-3.171,0.089,-3.171,0.089
597332,-4,0,0.174,-2.939,0.084,-2.923,0.066,-3.927,-0.066,-3.23,0.08,-3.23,0.08
597342,-4,0,0.174,-2.95,0.072,-2.947,0.078,-3.898,-0.073,-3.302,0.064,-3.302,0.064
597352,-4,0,0.174,-2.953,0.066,-2.951,0.093,-3.894,-0.065,-3.325,0.058,-3.325,0.058
597362,-4,0,0.174,-2.978,0.068,-2.972,0.057,-3.919,-0.075,-3.378,0.047,-3.378,0.047
597372,-4,0,0.174,-3.024,0.066,-2.994,0.056,-3.938,-0.061,-3.317,0.042,-3.317,0.042
597383,-4,0,0.174,-3.062,0.062,-3.061,0.069,-3.914,-0.059,-3.354,0.039,-3.354,0.039
597393,-4,0,0.174,-3.059,0.038,-3.063,0.039,-3.915,-0.078,-3.356,0.039,-3.356,0.039
597403,-4,0,0.174,-3.05,0.03,-3.037,0.028,-3.935,-0.073,-3.393,0.026,-3.393,0.026
597413,-4,0,0.174,-3.05,0.029,-3.037,0.048,-3.947,-0.064,-3.383,0.021,-3.383,0.021
597423,-4,0,0.174,-3.042,0.037,-3.064,0.056,-3.963,-0.034,-3.428,0.019,-3.428,0.019
597433,-4,0,0.174,-3.034,0.038,-3.058,0.002,-3.952,-0.008,-3.517,0.016,-3.517,0.016
597443,-4,0,0.174,-3.014,0.037,-3.006,0.047,-3.95,-0.002,-3.593,0.015,-3.593,0.015
597453,-4,0,0.174,-2.997,0.049,-2.955,0.07,-3.964,-0.051,-3.636,0.014,-3.636,0.014
597465,-4,0,0.174,-3.025,0.053,-2.984,0.013,-3.942,-0.053,-3.681,0.004,-3.681,0.004
597473,-4,0,0.174,-3.012,0.041,-3.033,0.053,-3.951,-0.012,-3.726,0.001,-3.726,0.001
597483,-4,0,0.174,-3,0.032,-3.07,0.065,-3.963,0.029,-3.693,0.014,-3.693,0.014
597493,-4,0,0.174,-2.982,0.031,-2.997,0.041,-3.97,0.032,-3.727,0.019,-3.727,0.019
597503,-4,0,0.174,-3.002,0.047,-2.954,0.007,-3.918,0.04,-3.728,0.022,-3.728,0.022
597513,-4,0,0.174,-3.051,0.049,-3.01,0.052,-3.809,0.023,-3.682,0.023,-3.682,0.023
597523,-4,0,0.174,-3.065,0.038,-3.08,0.062,-3.724,0.012,-3.668,0.024,-3.668,0.024
597533,-4,0,0.174,-3.078,0.036,-3.113,0.038,-3.709,0.028,-3.605,0.029,-3.605,0.029
597543,-4,0,0.174,-3.103,0.044,-3.096,0.033,-3.787,0.049,-3.598,0.031,-3.598,0.031
597553,-4,0,0.174,-3.106,0.05,-3.076,0.042,-3.874,0.047,-3.614,0.034,-3.614,0.034
597563,-4,0,0.174,-3.111,0.056,-3.073,0.068,-3.883,0.044,-3.558,0.041,-3.558,0.041
597573,-4,0,0.174,-3.092,0.062,-3.11,0.063,-3.891,0.033,-3.602,0.042,-3.602,0.042
597583,-6,0,0.174,-3.081,0.061,-3.104,0.047,-3.94,0.054,-3.464,0.051,-3.464,0.051
597593,-6,0,0.174,-3.096,0.055,-3.089,0.056,-3.983,0.068,-3.536,0.053,-3.536,0.053
597603,-6,0,0.174,-3.135,0.053,-3.104,0.061,-4.009,0.056,-3.566,0.056,-3.566,0.056
597613,-6,0,0.174,-3.163,0.055,-3.14,0.041,-4.035,0.023,-3.601,0.054,-3.601,0.054
597623,-6,0,0.174,-3.19,0.054,-3.186,0.049,-4.013,0.021,-3.643,0.049,-3.643,0.049
597633,-6,0,0.174,-3.176,0.049,-3.218,0.069,-3.964,0.016,-3.619,0.045,-3.619,0.045
597643,-6,0,0.174,-3.205,0.053,-3.192,0.053,-3.899,0.019,-3.607,0.044,-3.607,0.044
597653,-6,0,0.174,-3.23,0.058,-3.2,0.04,-3.822,0.012,-3.517,0.04,-3.517,0.04
597663,-6,0,0.174,-3.21,0.059,-3.216,0.064,-3.786,0.012,-3.476,0.04,-3.476,0.04
597673,-6,0,0.174,-3.185,0.059,-3.21,0.069,-3.817,0.007,-3.426,0.043,-3.426,0.043
597683,-6,0,0.174,-3.183,0.055,-3.192,0.056,-3.88,0.009,-3.395,0.042,-3.395,0.042
597693,-6,0,0.174,-3.201,0.046,-3.181,0.046,-3.946,-0.015,-3.372,0.038,-3.372,0.038
597703,-6,0,0.174,-3.205,0.042,-3.182,0.028,-4.022,-0.04,-3.327,0.036,-3.327,0.036
597713,-6,0,0.174,-3.22,0.041,-3.218,0.05,-4.133,-0.051,-3.33,0.028,-3.33,0.028
597723,-6,0,0.174,-3.238,0.04,-3.231,0.044,-4.298,-0.012,-3.329,0.027,-3.329,0.027
597733,-6,0,0.174,-3.249,0.04,-3.236,0.038,-4.445,0.013,-3.326,0.031,-3.326,0.031
597743,-6,0,0.174,-3.269,0.039,-3.247,0.029,-4.512,0.019,-3.337,0.029,-3.337,0.029
597753,-6,0,0.174,-3.3,0.032,-3.277,0.05,-4.565,-0.014,-3.362,0.029,-3.362,0.029
597763,-6,0,0.174,-3.321,0.028,-3.304,0.034,-4.657,-0.052,-3.349,0.028,-3.349,0.028
597773,-6,0,0.174,-3.359,0.029,-3.331,0.026,-4.8,-0.078,-3.358,0.019,-3.358,0.019
597783,-6,0,0.174,-3.362,0.028,-3.347,0.034,-4.946,-0.073,-3.392,0.014,-3.392,0.014
597793,-6,0,0.174,-3.391,0.022,-3.371,0.022,-4.992,-0.07,-3.434,0.008,-3.434,0.008
597803,-6,0,0.174,-3.419,0.015,-3.424,0.013,-4.963,-0.053,-3.476,0.004,-3.476,0.004
597813,-6,0,0.174,-3.444,0.006,-3.421,-0.008,-4.932,-0.072,-3.525,-0.004,-3.525,-0.004
597823,-6,0,0.174,-3.463,-0.005,-3.446,0.013,-4.955,-0.11,-3.554,-0.011,-3.554,-0.011
597833,-6,0,0.174,-3.484,0.002,-3.468,0.013,-5.097,-0.197,-3.583,-0.022,-3.583,-0.022
597843,-6,0,0.174,-3.52,0.014,-3.488,-0.013,-5.255,-0.231,-3.596,-0.035,-3.596,-0.035
597853,-6,0,0.174,-3.554,0.011,-3.535,0.016,-5.32,-0.27,-3.627,-0.043,-3.627,-0.043
597863,-6,0,0.174,-3.605,-0.002,-3.57,0.015,-5.256,-0.275,-3.683,-0.058,-3.683,-0.058
597873,-6,0,0.174,-3.615,-0.014,-3.613,0.001,-5.192,-0.226,-3.737,-0.061,-3.737,-0.061
597883,-6,0,0.174,-3.593,-0.031,-3.601,-0.028,-5.238,-0.138,-3.79,-0.061,-3.79,-0.061
597893,-6,0,0.174,-3.587,-0.043,-3.576,-0.047,-5.368,-0.098,-3.867,-0.062,-3.867,-0.062
597903,-6,0,0.174,-3.607,-0.051,-3.58,-0.049,-5.418,-0.106,-3.867,-0.058,-3.867,-0.058
597913,-6,0,0.174,-3.654,-0.066,-3.623,-0.054,-5.372,-0.165,-3.993,-0.068,-3.993,-0.068
597923,-6,0,0.174,-3.709,-0.076,-3.696,-0.072,-5.364,-0.229,-4.185,-0.081,-4.185,-0.081
597933,0,0,0.174,-3.761,-0.081,-3.754,-0.083,-5.434,-0.296,-4.403,-0.099,-4.403,-0.099
597943,0,0,0.174,-3.822,-0.087,-3.792,-0.097,-5.517,-0.314,-4.677,-0.122,-4.677,-0.122
597953,0,0,0.174,-3.916,-0.093,-3.841,-0.099,-5.48,-0.366,-4.875,-0.144,-4.875,-0.144
597963,0,0,0.174,-3.982,-0.095,-3.95,-0.087,-5.34,-0.378,-4.955,-0.164,-4.955,-0.164
597973,0,0,0.174,-3.994,-0.094,-4.009,-0.106,-4.973,-0.2,-4.969,-0.174,-4.969,-0.174
597983,0,0,0.174,-3.983,-0.089,-4.032,-0.102,-4.563,0.22,-4.769,-0.129,-4.769,-0.129
597993,0,0,0.174,-3.968,-0.075,-3.991,-0.075,-4.276,0.657,-4.635,-0.045,-4.635,-0.045
598003,0,0,0.174,-3.963,-0.04,-3.973,-0.045,-4.123,0.889,-4.52,0.07,-4.52,0.07
598013,0,0,0.174,-3.928,0.014,-3.912,-0.001,-4.056,0.807,-4.406,0.169,-4.406,0.169
598023,0,0,0.174,-3.943,0.061,-3.917,0.028,-4.005,0.637,-4.286,0.212,-4.286,0.212
598033,0,0,0.174,-3.915,0.09,-3.95,0.094,-3.983,0.46,-4.221,0.241,-4.221,0.241
598043,0,0,0.174,-3.862,0.108,-3.895,0.106,-4.02,0.283,-4.121,0.218,-4.121,0.218
598053,0,0,0.174,-3.803,0.127,-3.827,0.125,-4.087,0.077,-4.051,0.188,-4.051,0.188
598063,0,0,0.174,-3.78,0.144,-3.782,0.128,-4.123,-0.078,-3.994,0.151,-3.994,0.151
598073,0,0,0.174,-3.809,0.157,-3.798,0.177,-4.096,-0.128,-3.923,0.123,-3.923,0.123
598083,0,0,0.174,-3.824,0.157,-3.833,0.137,-4.05,-0.116,-3.916,0.098,-3.916,0.098
598093,0,0,0.174,-3.801,0.145,-3.847,0.161,-4.015,-0.144,-3.902,0.091,-3.902,0.091
598103,0,0,0.174,-3.76,0.139,-3.782,0.141,-3.988,-0.193,-3.89,0.069,-3.89,0.069
598113,0,0,0.174,-3.713,0.133,-3.726,0.139,-3.929,-0.26,-3.873,0.04,-3.873,0.04
598123,0,0,0.174,-3.685,0.124,-3.67,0.124,-3.833,-0.252,-3.823,0.029,-3.823,0.029
598133,0,0,0.174,-3.669,0.106,-3.698,0.12,-3.732,-0.187,-3.803,0.007,-3.803,0.007
598143,0,0,0.174,-3.648,0.069,-3.68,0.082,-3.626,-0.117,-3.777,0.001,-3.777,0.001
598153,0,0,0.174,-3.624,0.045,-3.636,0.058,-3.452,-0.112,-3.731,0.003,-3.731,0.003
598163,0,0,0.174,-3.592,0.041,-3.611,0.056,-3.214,-0.136,-3.68,0.004,-3.68,0.004
598173,0,0,0.174,-3.562,0.045,-3.606,0.064,-3.007,-0.152,-3.64,-0.004,-3.64,-0.004
598183,0,0,0.174,-3.545,0.051,-3.588,0.026,-2.917,-0.079,-3.601,-0.013,-3.601,-0.013
598193,0,0,0.174,-3.53,0.047,-3.517,0.05,-2.927,-0.031,-3.558,-0.011,-3.558,-0.011
598203,0,0,0.174,-3.477,0.038,-3.514,0.059,-2.931,-0.02,-3.52,-0.002,-3.52,-0.002
598213,0,0,0.174,-3.409,0.029,-3.436,0.034,-2.839,0.005,-3.482,0.005,-3.482,0.005
598223,0,0,0.174,-3.361,0.017,-3.407,0.01,-2.602,0.062,-3.434,0.012,-3.434,0.012
598233,0,0,0.174,-3.276,0.007,-3.325,0.012,-2.282,0.078,-3.372,0.019,-3.372,0.019
598243,0,0,0.174,-3.2,-0.008,-3.258,0.005,-2.013,0.037,-3.306,0.02,-3.306,0.02
598253,0,0,0.174,-3.16,-0.012,-3.193,0.005,-1.914,-0.011,-3.243,0.016,-3.243,0.016
598263,0,0,0.174,-3.1,-0.01,-3.119,-0.03,-1.983,0.002,-3.172,0.008,-3.172,0.008
598273,0,0,0.174,-3.061,-0.014,-3.088,-0.012,-2.087,0.032,-3.114,0.003,-3.114,0.003
598283,0,0,0.174,-2.994,-0.014,-3.068,-0.006,-2.094,0.033,-3.068,0.005,-3.068,0.005
598293,0,0,0.174,-2.908,-0.008,-2.954,-0.006,-1.95,0.005,-3.011,0.001,-3.011,0.001
598303,0,0,0.174,-2.85,-0.009,-2.89,-0.013,-1.637,0.024,-2.953,-0.002,-2.953,-0.002
598313,0,0,0.174,-2.778,-0.007,-2.832,-0.009,-1.321,0.056,-2.89,0.001,-2.89,0.001
598323,0,0,0.174,-2.702,0.002,-2.77,0.009,-1.141,0.006,-2.814,0.004,-2.814,0.004
598333,0,0,0.174,-2.645,0.02,-2.701,0.008,-1.125,-0.06,-2.758,0,-2.758,0
598343,0,0,0.174,-2.608,0.032,-2.631,0.026,-1.224,-0.038,-2.691,-0.004,-2.691,-0.004
598353,0,0,0.174,-2.567,0.039,-2.586,0.024,-1.353,0.053,-2.627,0.008,-2.627,0.008
598363,0,0,0.174,-2.521,0.036,-2.561,0.031,-1.401,0.08,-2.579,0.019,-2.579,0.019
598373,0,0,0.174,-2.449,0.024,-2.507,0.033,-1.276,0.043,-2.523,0.026,-2.523,0.026
598383,0,0,0.174,-2.336,0.016,-2.402,0.021,-0.939,-0.031,-2.445,0.022,-2.445,0.022
598393,0,0,0.174,-1.91,0.011,-2.097,0.017,-0.514,-0.121,-2.319,0.01,-2.319,0.01
598403,0,0,0.174,-1.391,0.007,-1.594,0.008,-0.236,-0.131,-2.068,-0.005,-2.068,-0.005
598413,0,0,0.174,-0.954,0.005,-1.126,0.004,-0.156,-0.079,-1.836,-0.014,-1.836,-0.014
598423,0,0,0.174,-0.634,0.003,-0.764,0,-0.228,-0.052,-1.6,-0.017,-1.6,-0.017
598433,0,0,0.174,-0.661,0.013,-0.674,0.02,-0.443,-0.02,-1.365,-0.018,-1.365,-0.018
598443,0,0,0.174,-0.909,0.036,-0.837,0.04,-0.743,0.094,-1.132,0,-1.132,0
598453,0,0,0.174,-1.16,0.057,-1.098,0.032,-0.963,0.172,-1.07,0.024,-1.07,0.024
598463,0,0,0.174,-1.358,0.065,-1.311,0.057,-1.09,0.145,-1.092,0.046,-1.092,0.046
598473,0,0,0.174,-1.496,0.065,-1.466,0.068,-1.139,-0.03,-1.152,0.049,-1.152,0.049
598483,0,0,0.174,-1.577,0.06,-1.577,0.069,-1.094,-0.207,-1.26,0.034,-1.26,0.034
598493,0,0,0.174,-1.453,0.046,-1.545,0.055,-0.952,-0.17,-1.386,0.028,-1.386,0.028
598503,0,0,0.174,-1.311,0.03,-1.382,0.037,-0.826,0.106,-1.345,0.028,-1.345,0.028
598513,0,0,0.174,-1.3,0.008,-1.315,0.026,-0.711,0.316,-1.266,0.054,-1.266,0.054
598523,0,0,0.174,-1.302,-0.01,-1.316,0.01,-0.661,0.29,-1.197,0.074,-1.197,0.074
598533,0,0,0.174,-1.315,-0.025,-1.351,-0.041,-0.718,0.154,-1.134,0.083,-1.134,0.083
598543,0,0,0.174,-1.303,-0.048,-1.359,-0.046,-0.633,0.048,-1.098,0.065,-1.098,0.065
598553,0,0,0.174,-1.078,-0.046,-1.191,-0.039,-0.366,-0.015,-1.04,0.037,-1.04,0.037
598563,0,0,0.174,-0.789,-0.036,-0.904,-0.03,-0.047,-0.085,-0.96,-0.005,-0.96,-0.005
598573,0,0,0.174,-0.543,-0.025,-0.651,-0.023,0.164,-0.159,-0.823,-0.02,-0.823,-0.02
598583,0,0,0.174,-0.361,-0.017,-0.442,-0.029,0.155,-0.067,-0.672,-0.032,-0.672,-0.032
598593,0,0,0.174,-0.294,-0.017,-0.332,-0.031,0.038,-0.01,-0.538,-0.03,-0.538,-0.03
598603,0,0,0.174,-0.398,-0.024,-0.39,-0.018,-0.18,-0.047,-0.458,-0.031,-0.458,-0.031
598613,0,0,0.174,-0.504,-0.029,-0.472,-0.017,-0.365,-0.061,-0.432,-0.03,-0.432,-0.03
598623,0,0,0.174,-0.577,-0.029,-0.565,-0.037,-0.447,-0.047,-0.444,-0.033,-0.444,-0.033
598633,0,0,0.174,-0.61,-0.033,-0.627,-0.039,-0.443,-0.055,-0.465,-0.037,-0.465,-0.037
598643,0,0,0.174,-0.611,-0.041,-0.628,-0.035,-0.339,-0.066,-0.477,-0.04,-0.477,-0.04
598653,0,0,0.174,-0.506,-0.037,-0.568,-0.033,-0.207,-0.066,-0.47,-0.043,-0.47,-0.043
598663,0,0,0.174,-0.371,-0.028,-0.449,-0.023,-0.089,-0.081,-0.438,-0.042,-0.438,-0.042
598673,0,0,0.174,-0.255,-0.02,-0.322,-0.025,-0.034,-0.071,-0.381,-0.044,-0.381,-0.044
598683,0,0,0.174,-0.192,-0.011,-0.236,-0.025,-0.046,-0.067,-0.323,-0.045,-0.323,-0.045
598693,0,0,0.174,-0.158,-0.005,-0.184,-0.017,-0.119,-0.063,-0.278,-0.045,-0.278,-0.045
598703,0,0,0.174,-0.153,-0.004,-0.155,0.003,-0.171,-0.052,-0.24,-0.04,-0.24,-0.04
598713,0,0,0.174,-0.166,-0.001,-0.181,0.004,-0.176,-0.034,-0.215,-0.029,-0.215,-0.029
598723,0,0,0.174,-0.169,0,-0.193,-0.007,-0.149,-0.016,-0.203,-0.023,-0.203,-0.023
598733,0,0,0.174,-0.156,0,-0.183,-0.005,-0.112,-0.003,-0.191,-0.016,-0.191,-0.016
598743,0,0,0.174,-0.135,0,-0.165,0.003,-0.083,0.008,-0.176,-0.008,-0.176,-0.008
598753,0,0,0.174,-0.11,0,-0.14,0.003,-0.059,0.013,-0.161,-0.003,-0.161,-0.003
598763,0,0,0.174,-0.084,0,-0.102,0,-0.036,0.014,-0.142,-0.001,-0.142,-0.001
598773,0,0,0.174,-0.054,0,-0.066,0.003,-0.009,0.014,-0.108,0.001,-0.108,0.001
598783,0,0,0.174,-0.023,0,-0.038,0.002,0.019,0.01,-0.069,0.003,-0.069,0.003
598793,0,0,0.174,0.006,0,-0.008,0,0.041,0.009,-0.042,0.002,-0.042,0.002
598803,0,0,0.174,0.032,0,0.023,-0.001,0.057,0.006,-0.015,0.001,-0.015,0.001
598813,0,0,0.174,0.048,0,0.045,0.001,0.067,0.004,0.013,0.001,0.013,0.001
598823,0,0,0.174,0.06,0,0.058,0,0.073,0.003,0.038,0.001,0.038,0.001
598833,0,0,0.174,0.067,0,0.066,0,0.076,0.001,0.056,0,0.056,0
598843,0,0,0.174,0.071,0,0.072,0.001,0.074,0.001,0.069,0.001,0.069,0.001
598853,0,0,0.174,0.071,0,0.075,0,0.072,-0.001,0.073,0,0.073,0
598863,0,0,0.174,0.068,0,0.073,0.001,0.067,-0.002,0.073,0,0.073,0
598873,0,0,0.174,0.063,0,0.07,0,0.059,-0.003,0.071,0,0.071,0
598883,0,0,0.174,0.056,0,0.064,0.001,0.05,-0.004,0.066,0.001,0.066,0.001
598893,0,0,0.174,0.047,0,0.055,0,0.038,-0.005,0.059,0.001,0.059,0.001
598903,0,0,0.174,0.037,0,0.045,0,0.026,-0.005,0.05,0,0.05,0
598913,0,0,0.174,0.026,0,0.032,-0.001,0.016,-0.004,0.039,-0.001,0.039,-0.001
598923,0,0,0.174,0.015,0,0.019,0,0.007,-0.003,0.026,-0.001,0.026,-0.001
598933,0,0,0.174,0.007,0,0.009,0,0,-0.002,0.014,0,0.014,0
598943,0,0,0.174,0.002,0,0,0,-0.003,-0.001,0.001,0,0.001,0
598953,0,0,0.174,0,0,-0.001,0,-0.004,-0.001,0,0,0,0
598963,0,0,0.174,0,0,0,0,-0.002,-0.001,0,0,0,0
598973,0,0,0.174,0,0,0,0,0,0,0,0,0,0
598983,0,0,0.174,0,0,0,0,0,0,0,0,0,0
598993,0,0,0.174,0,0,0,0,0,0,0,0,0,0
599003,0,0,0.174,0,0,0,0,0,0,0,0,0,0
599013,0,0,0.174,0,0,0,0,0,0,0,0,0,0
599023,0,0,0.174,0,0,0,0,0,0,0,0,0,0
599033,0,0,0.174,0,0,0,0,0,0,0,0,0,0
599043,0,0,0.174,0,0,0,0,0,0,0,0,0,0
599053,0,0,0.174,0,0,0,0,0,0,0,0,0,0
599063,0,0,0.174,0,0,0,0,0,0,0,0,0,0
599073,0,0,0.174,0,0,0,0,0,0,0,0,0,0
599083,0,0,0.174,0,0,0,0,0,0,0,0,0,0
599093,0,0,0.174,0,0,0,0,0,0,0,0,0,0
599103,0,0,0.174,0,0,0,0,0,0,0,0,0,0
599113,0,0,0.174,0,0,0,0,0,0,0,0,0,0
599123,0,0,0.174,0,0,0,0,0,0,0,0,0,0
599133,2,0,0.174,0,0,0,0,0,0,0,0,0,0
599143,2,0,0.174,0,0,0,0,0,0,0,0,0,0
599153,2,0,0.174,0,0,0,0,0,0,0,0,0,0
599163,2,0,0.174,0,0,0,0,0,0,0,0,0,0
599173,2,0,0.174,0,0,0,0,0,0,0,0,0,0
599183,2,0,0.174,0,0,0,0,0,0,0,0,0,0
599193,2,0,0.174,0,0,0,0,0,0,0,0,0,0
599203,2,0,0.174,0,0,0,0,0.001,0,0,0,0,0
599213,2,0,0.174,0,0,0,0,0.002,0,0,0,0,0
599223,2,0,0.174,0,0,0,0,0.004,0,0,0,0,0
599233,2,0,0.174,0,0,-0.001,0,0.009,0,0,0,0,0
599243,2,0,0.174,0,0,-0.001,0,0.015,0,-0.001,0,-0.001,0
599253,2,0,0.174,0,0,-0.001,0,0.024,-0.001,-0.001,0,-0.001,0
599263,2,0,0.174,0.003,0,-0.001,0,0.036,-0.003,-0.001,0,-0.001,0
599273,2,0,0.174,0.015,0,0.003,0,0.052,-0.003,0,0,0,0
599283,2,0,0.174,0.029,0,0.016,0,0.075,-0.006,0.008,0,0.008,0
599293,2,0,0.174,0.041,0,0.027,0,0.104,-0.01,0.02,0,0.02,0
599303,2,0,0.174,0.056,0,0.041,-0.002,0.14,-0.008,0.028,-0.001,0.028,-0.001
599313,2,0,0.174,0.078,0,0.059,0.002,0.19,0.004,0.034,-0.001,0.034,-0.001
599323,2,0,0.174,0.109,0,0.08,0.004,0.261,0.025,0.045,0.001,0.045,0.001
599333,2,0,0.174,0.142,0,0.115,0.005,0.386,0.049,0.077,0.003,0.077,0.003
599343,2,0,0.174,0.175,0,0.143,0.005,0.601,0.066,0.11,0.006,0.11,0.006
599353,2,0,0.174,0.21,0,0.179,-0.006,0.868,0.081,0.134,0.009,0.134,0.009
599363,2,0,0.174,0.25,0,0.215,-0.006,1.065,0.022,0.163,0.008,0.163,0.008
599373,2,0,0.174,0.293,0,0.263,0,1.148,-0.095,0.205,0.002,0.205,0.002
599383,2,0,0.174,0.341,0,0.297,-0.009,1.242,-0.108,0.243,-0.004,0.243,-0.004
599393,2,0,0.174,0.389,0,0.361,-0.012,1.417,-0.044,0.288,-0.01,0.288,-0.01
599403,2,0,0.174,0.444,0,0.402,0.007,1.657,-0.002,0.37,0,0.37,0
599413,2,0,0.174,0.492,0,0.454,0.005,1.868,-0.07,0.417,-0.003,0.417,-0.003
599423,2,0,0.174,0.544,0,0.515,-0.001,1.895,-0.212,0.495,-0.02,0.495,-0.02
599433,2,0,0.174,0.609,0,0.583,0.007,1.794,-0.355,0.58,-0.016,0.58,-0.016
599443,2,0,0.174,0.638,0,0.627,-0.006,1.738,-0.278,0.668,-0.035,0.668,-0.035
599453,2,0,0.174,0.668,0,0.641,0.005,1.673,-0.059,0.775,-0.042,0.775,-0.042
599463,2,0,0.174,0.571,0,0.582,0.009,1.707,0.06,0.847,-0.025,0.847,-0.025
599473,2,0,0.174,0.424,0,0.46,-0.001,1.837,0.122,0.854,-0.004,0.854,-0.004
599483,2,0,0.174,0.324,0,0.331,-0.013,1.919,0.048,0.771,-0.001,0.771,-0.001
599493,2,0,0.174,0.409,0,0.364,0.005,1.909,-0.102,0.764,-0.004,0.764,-0.004
599503,2,0,0.174,0.559,0,0.499,-0.001,1.836,-0.082,0.797,-0.009,0.797,-0.009
599513,2,0,0.174,0.704,0,0.65,-0.004,1.751,0.004,0.852,-0.013,0.852,-0.013
599523,2,0,0.174,0.858,0,0.803,0.007,1.758,0.05,0.935,-0.004,0.935,-0.004
599533,2,0,0.174,0.951,0,0.896,0.024,1.832,0.1,1,0.01,1,0.01
599543,2,0,0.174,1.014,0.005,0.965,-0.008,1.953,0.132,1.111,0.022,1.111,0.022
599553,2,0,0.174,1.081,0.013,1.053,-0.011,2.024,0.123,1.222,0.031,1.222,0.031
599563,2,0,0.174,1.14,0.01,1.114,0.027,2.011,0.041,1.312,0.032,1.312,0.032
599573,2,0,0.174,1.192,0.007,1.163,0.021,1.916,0.023,1.322,0.027,1.322,0.027
599583,2,0,0.174,1.248,0.008,1.217,-0.005,1.825,0.018,1.351,0.021,1.351,0.021
599593,2,0,0.174,1.3,0.006,1.275,-0.004,1.761,0.002,1.37,0.012,1.37,0.012
599603,2,0,0.174,1.229,0,1.238,0.009,1.751,-0.012,1.358,0.01,1.358,0.01
599613,2,0,0.174,1.218,0,1.202,-0.007,1.775,0.001,1.355,0.008,1.355,0.008
599623,2,0,0.174,1.255,0,1.246,0.004,1.781,0.027,1.383,0.008,1.383,0.008
599633,2,0,0.174,1.275,0,1.275,0.002,1.775,0.024,1.397,0.009,1.397,0.009
599643,2,0,0.174,1.31,0,1.283,-0.015,1.787,0.013,1.419,0.007,1.419,0.007
599653,2,0,0.174,1.363,-0.001,1.337,0.003,1.798,0.017,1.441,0.005,1.441,0.005
599663,2,0,0.174,1.373,-0.01,1.379,0.008,1.815,0.027,1.461,0.007,1.461,0.007
599673,2,0,0.174,1.325,-0.013,1.35,-0.024,1.85,0.042,1.493,0.008,1.493,0.008
599683,2,0,0.174,1.056,-0.011,1.138,-0.013,1.862,0.021,1.461,0,1.461,0
599693,2,0,0.174,0.952,-0.01,0.968,-0.001,1.88,-0.003,1.373,-0.003,1.373,-0.003
599703,2,0,0.174,1.024,-0.013,0.98,-0.016,1.883,-0.011,1.332,-0.002,1.332,-0.002
599713,2,0,0.174,1.151,-0.019,1.113,-0.03,1.882,-0.016,1.34,-0.008,1.34,-0.008
599723,2,0,0.174,1.165,-0.027,1.171,-0.023,1.943,-0.034,1.368,-0.014,1.368,-0.014
599733,2,0,0.174,1.204,-0.035,1.168,-0.015,2.032,-0.021,1.423,-0.016,1.423,-0.016
599743,2,0,0.174,1.285,-0.035,1.236,-0.034,2.083,-0.02,1.47,-0.018,1.47,-0.018
599753,2,0,0.174,1.359,-0.036,1.328,-0.04,2.1,-0.026,1.538,-0.023,1.538,-0.023
599763,2,0,0.174,1.427,-0.041,1.412,-0.032,2.12,-0.019,1.581,-0.028,1.581,-0.028
599773,2,0,0.174,1.49,-0.043,1.462,-0.027,2.101,0.018,1.62,-0.024,1.62,-0.024
599783,2,0,0.174,1.554,-0.039,1.518,-0.042,2.066,0.024,1.645,-0.026,1.645,-0.026
599793,2,0,0.174,1.577,-0.039,1.565,-0.063,2.032,0.014,1.647,-0.029,1.647,-0.029
599803,2,0,0.174,1.591,-0.048,1.589,-0.036,1.996,-0.011,1.679,-0.028,1.679,-0.028
599813,2,0,0.174,1.597,-0.052,1.594,-0.042,1.981,-0.014,1.695,-0.028,1.695,-0.028
599823,2,0,0.174,1.392,-0.04,1.456,-0.058,1.97,-0.017,1.704,-0.031,1.704,-0.031
599833,2,0,0.174,1.311,-0.033,1.327,-0.051,1.942,-0.026,1.623,-0.041,1.623,-0.041
599843,2,0,0.174,1.377,-0.033,1.356,-0.009,1.933,-0.037,1.606,-0.036,1.606,-0.036
599853,4,0,0.174,1.449,-0.027,1.407,-0.034,1.951,-0.019,1.62,-0.033,1.62,-0.033
599863,4,0,0.174,1.504,-0.029,1.486,-0.043,1.966,-0.015,1.642,-0.033,1.642,-0.033
599873,4,0,0.174,1.573,-0.041,1.562,-0.03,1.981,-0.018,1.673,-0.032,1.673,-0.032
599883,4,0,0.174,1.592,-0.044,1.577,-0.027,2.007,-0.008,1.706,-0.028,1.706,-0.028
599893,4,0,0.174,1.607,-0.041,1.563,-0.053,1.964,0.007,1.72,-0.028,1.72,-0.028
599903,4,0,0.174,1.628,-0.044,1.634,-0.059,1.893,-0.006,1.724,-0.028,1.724,-0.028
599913,4,0,0.174,1.62,-0.05,1.645,-0.038,1.851,-0.01,1.711,-0.027,1.711,-0.027
599923,4,0,0.174,1.616,-0.049,1.621,-0.056,1.838,-0.015,1.706,-0.03,1.706,-0.03
599933,4,0,0.174,1.63,-0.046,1.604,-0.04,1.832,-0.023,1.671,-0.035,1.671,-0.035
599943,4,0,0.174,1.644,-0.041,1.637,-0.041,1.814,-0.025,1.665,-0.034,1.665,-0.034
599953,4,0,0.174,1.646,-0.038,1.661,-0.049,1.802,-0.018,1.666,-0.036,1.666,-0.036
599963,4,0,0.174,1.649,-0.037,1.663,-0.039,1.83,-0.023,1.668,-0.037,1.668,-0.037
599973,4,0,0.174,1.651,-0.04,1.636,-0.027,1.888,-0.008,1.667,-0.034,1.667,-0.034
599983,4,0,0.174,1.647,-0.038,1.632,-0.047,1.953,0.012,1.66,-0.033,1.66,-0.033
599993,4,0,0.174,1.652,-0.034,1.657,-0.026,1.993,0.019,1.661,-0.029,1.661,-0.029
600003,4,0,0.174,1.686,-0.027,1.67,-0.042,2.026,-0.01,1.665,-0.028,1.665,-0.028
600013,4,0,0.174,1.69,-0.026,1.678,-0.023,2.094,-0.007,1.672,-0.025,1.672,-0.025
600023,4,0,0.174,1.678,-0.024,1.671,-0.036,2.24,0.035,1.682,-0.023,1.682,-0.023
600033,4,0,0.174,1.696,-0.026,1.678,-0.029,2.388,0.091,1.689,-0.016,1.689,-0.016
600043,4,0,0.174,1.698,-0.03,1.687,-0.035,2.451,0.079,1.696,-0.01,1.696,-0.01
600053,4,0,0.174,1.709,-0.033,1.699,-0.024,2.527,0.056,1.705,-0.014,1.705,-0.014
600063,4,0,0.174,1.74,-0.029,1.714,-0.028,2.628,0.056,1.717,-0.016,1.717,-0.016
600073,4,0,0.174,1.803,-0.019,1.772,-0.033,2.738,0.049,1.738,-0.011,1.738,-0.011
600083,4,0,0.174,1.845,-0.015,1.809,-0.009,2.885,0.044,1.775,-0.01,1.775,-0.01
600093,4,0,0.174,1.847,-0.018,1.827,-0.011,3.085,0.017,1.808,-0.009,1.808,-0.009
600103,4,0,0.174,1.875,-0.025,1.866,-0.015,3.284,0.038,1.846,-0.007,1.846,-0.007
600113,4,0,0.174,1.91,-0.021,1.861,-0.038,3.384,0.056,1.882,-0.007,1.882,-0.007
600123,4,0,0.174,1.94,-0.017,1.921,-0.015,3.375,0.022,1.914,-0.008,1.914,-0.008
600133,4,0,0.174,1.993,-0.016,1.967,-0.015,3.423,0.027,1.954,-0.004,1.954,-0.004
600143,4,0,0.174,2.011,-0.022,1.993,-0.024,3.562,0.034,2.001,-0.006,2.001,-0.006
600153,4,0,0.174,2.04,-0.026,2.002,-0.028,3.757,0.042,2.054,-0.008,2.054,-0.008
600163,4,0,0.174,2.065,-0.032,2.044,-0.028,3.976,-0.004,2.112,-0.012,2.112,-0.012
600173,4,0,0.174,2.087,-0.031,2.064,-0.028,4.08,0.028,2.188,-0.014,2.188,-0.014
600183,4,0,0.174,2.129,-0.029,2.102,-0.036,4.007,0.081,2.316,-0.009,2.316,-0.009
600192,4,0,0.174,2.189,-0.032,2.161,-0.034,3.919,0.065,2.334,-0.021,2.334,-0.021
600202,4,0,0.174,2.25,-0.03,2.213,-0.035,3.833,-0.02,2.455,-0.022,2.455,-0.022
600212,4,0,0.174,2.312,-0.028,2.282,-0.023,3.762,-0.082,2.565,-0.026,2.565,-0.026
600222,4,0,0.174,2.382,-0.019,2.349,-0.035,3.77,-0.101,2.651,-0.033,2.651,-0.033
600233,4,0,0.174,2.423,-0.017,2.399,-0.015,3.786,-0.053,2.797,-0.037,2.797,-0.037
600242,4,0,0.174,2.473,-0.013,2.43,0,3.755,-0.027,2.809,-0.025,2.809,-0.025
600252,4,0,0.174,2.504,-0.006,2.482,-0.016,3.695,0.005,2.917,-0.021,2.917,-0.021
600263,4,0,0.174,2.512,-0.002,2.51,-0.019,3.64,0.034,2.974,-0.014,2.974,-0.014
600272,4,0,0.174,2.529,-0.003,2.524,0.001,3.591,0.026,2.961,-0.009,2.961,-0.009
600282,4,0,0.174,2.549,-0.007,2.526,-0.001,3.546,-0.006,2.96,-0.004,2.96,-0.004
600292,4,0,0.174,2.578,-0.012,2.562,-0.02,3.531,0.007,2.929,-0.006,2.929,-0.006
600302,4,0,0.174,2.617,-0.016,2.602,-0.019,3.548,0.01,2.917,-0.01,2.917,-0.01
600312,4,0,0.174,2.62,-0.025,2.613,-0.023,3.617,-0.021,2.982,-0.012,2.982,-0.012
600322,4,0,0.174,2.607,-0.025,2.599,-0.021,3.705,-0.088,3.057,-0.019,3.057,-0.019
600332,4,0,0.174,2.634,-0.018,2.623,-0.036,3.766,-0.178,3.127,-0.034,3.127,-0.034
600342,4,0,0.174,2.65,-0.012,2.644,-0.016,3.748,-0.245,3.106,-0.051,3.106,-0.051
600352,4,0,0.174,2.685,-0.006,2.677,-0.008,3.752,-0.263,3.093,-0.061,3.093,-0.061
600362,4,0,0.174,2.722,0,2.7,-0.021,3.794,-0.221,3.137,-0.067,3.137,-0.067
600372,4,0,0.174,2.782,0.015,2.747,-0.009,3.836,-0.186,3.168,-0.065,3.168,-0.065
600382,4,0,0.174,2.814,0.023,2.787,0.003,3.866,-0.114,3.242,-0.062,3.242,-0.062
600392,4,0,0.174,2.847,0.024,2.843,0.056,3.856,-0.016,3.315,-0.048,3.315,-0.048
600402,4,0,0.174,2.88,0.032,2.859,0.028,3.815,0.115,3.294,-0.006,3.294,-0.006
600413,4,0,0.174,2.928,0.045,2.894,0.02,3.79,0.2,3.304,0.02,3.304,0.02
600422,4,0,0.174,2.945,0.048,2.955,0.045,3.781,0.234,3.325,0.048,3.325,0.048
600432,4,0,0.174,2.954,0.045,2.952,0.049,3.804,0.212,3.356,0.069,3.356,0.069
600442,4,0,0.174,2.933,0.042,2.921,0.042,3.835,0.193,3.395,0.078,3.395,0.078
600452,4,0,0.174,2.936,0.041,2.921,0.055,3.846,0.173,3.351,0.077,3.351,0.077
600462,4,0,0.174,2.954,0.046,2.948,0.048,3.849,0.147,3.376,0.078,3.376,0.078
600472,4,0,0.174,2.925,0.052,2.942,0.064,3.882,0.111,3.389,0.077,3.389,0.077
600482,4,0,0.174,2.898,0.049,2.889,0.048,3.895,0.066,3.362,0.072,3.362,0.072
600492,4,0,0.174,2.877,0.04,2.876,0.018,3.87,-0.012,3.338,0.059,3.338,0.059
600502,4,0,0.174,2.866,0.027,2.871,0.036,3.906,-0.077,3.38,0.042,3.38,0.042
600512,4,0,0.174,2.849,0.017,2.835,0.035,3.982,-0.119,3.335,0.028,3.335,0.028
600522,4,0,0.174,2.85,0.015,2.848,0.014,4.024,-0.114,3.36,0.013,3.36,0.013
600532,4,0,0.174,2.883,0.017,2.864,0.016,4.058,-0.118,3.249,0.003,3.249,0.003
600542,4,0,0.174,2.931,0.008,2.92,0.027,4.061,-0.047,3.316,-0.002,3.316,-0.002
600552,4,0,0.174,2.969,0.006,2.961,0.003,4.06,0.04,3.38,0.004,3.38,0.004
600562,4,0,0.174,2.994,0.007,2.966,-0.001,4.117,0.09,3.467,0.012,3.467,0.012
600572,4,0,0.174,2.976,-0.003,2.981,0.01,4.197,0.103,3.482,0.019,3.482,0.019
600582,4,0,0.174,2.946,0.004,2.944,0.013,4.243,0.106,3.411,0.023,3.411,0.023
600592,4,0,0.174,2.943,0,2.942,0.014,4.207,0.08,3.491,0.027,3.491,0.027
600602,4,0,0.174,2.974,-0.006,2.964,-0.02,4.123,0.042,3.501,0.02,3.501,0.02
600612,4,0,0.174,3.009,-0.027,2.998,-0.013,4.025,-0.016,3.552,0.011,3.552,0.011
600622,4,0,0.174,3.032,-0.034,3.024,-0.026,3.998,-0.058,3.535,-0.001,3.535,-0.001
600632,4,0,0.174,3.04,-0.023,3.023,-0.02,4.062,-0.083,3.517,-0.013,3.517,-0.013
600642,4,0,0.174,3.044,-0.001,3.032,-0.014,4.13,-0.053,3.6,-0.019,3.6,-0.019
600652,4,0,0.174,3.072,0.013,3.072,0.01,4.097,-0.053,3.606,-0.021,3.606,-0.021
600662,4,0,0.174,3.119,0.007,3.112,0.024,3.974,-0.045,3.635,-0.02,3.635,-0.02
600672,4,0,0.174,3.151,0,3.129,0.004,3.913,-0.042,3.64,-0.017,3.64,-0.017
600682,4,0,0.174,3.14,-0.007,3.121,-0.015,3.949,-0.026,3.589,-0.014,3.589,-0.014
600692,4,0,0.174,3.123,-0.01,3.106,-0.013,4.014,-0.001,3.618,-0.014,3.618,-0.014
600702,4,0,0.174,3.123,-0.014,3.137,0,4.026,0.02,3.683,-0.01,3.683,-0.01
600712,4,0,0.174,3.147,-0.016,3.164,-0.006,3.954,0.015,3.674,-0.004,3.674,-0.004
600722,4,0,0.174,3.172,-0.022,3.172,-0.038,3.905,0.003,3.695,-0.005,3.695,-0.005
600732,4,0,0.174,3.166,-0.029,3.139,-0.02,3.924,-0.035,3.687,-0.01,3.687,-0.01
600742,4,0,0.174,3.138,-0.03,3.142,-0.027,3.973,-0.063,3.672,-0.017,3.672,-0.017
600752,4,0,0.174,3.131,-0.033,3.135,-0.039,4.012,-0.069,3.712,-0.025,3.712,-0.025
600762,4,0,0.174,3.164,-0.037,3.198,-0.042,3.964,-0.062,3.648,-0.036,3.648,-0.036
600772,4,0,0.174,3.181,-0.038,3.17,-0.024,3.902,-0.05,3.674,-0.038,3.674,-0.038
600782,4,0,0.174,3.183,-0.039,3.152,-0.059,3.876,-0.033,3.586,-0.041,3.586,-0.041
600792,4,0,0.174,3.173,-0.046,3.178,-0.051,3.92,-0.048,3.582,-0.043,3.582,-0.043
600802,4,0,0.174,3.169,-0.041,3.173,-0.037,4.012,-0.038,3.494,-0.041,3.494,-0.041
600812,4,0,0.174,3.202,-0.033,3.184,-0.053,4.067,-0.021,3.496,-0.037,3.496,-0.037
600822,4,0,0.174,3.241,-0.031,3.213,-0.028,4.053,-0.021,3.521,-0.039,3.521,-0.039
600832,4,0,0.174,3.211,-0.037,3.222,-0.022,4.053,-0.03,3.546,-0.035,3.546,-0.035
600842,4,0,0.174,3.173,-0.041,3.193,-0.039,4.127,0,3.53,-0.031,3.53,-0.031
600852,4,0,0.174,3.152,-0.038,3.131,-0.048,4.219,0.024,3.478,-0.036,3.478,-0.036
600862,4,0,0.174,3.131,-0.038,3.13,-0.027,4.244,0.051,3.561,-0.031,3.561,-0.031
600872,4,0,0.174,3.158,-0.03,3.146,-0.041,4.232,0.056,3.557,-0.023,3.557,-0.023
600882,4,0,0.174,3.183,-0.02,3.178,-0.032,4.199,0.052,3.563,-0.018,3.563,-0.018
600892,4,0,0.174,3.227,-0.003,3.209,-0.016,4.182,0.043,3.553,-0.015,3.553,-0.015
600902,4,0,0.174,3.255,0.008,3.24,0.007,4.173,0.063,3.585,-0.007,3.585,-0.007
600912,4,0,0.174,3.272,0.016,3.262,0.016,4.197,0.076,3.569,0.008,3.569,0.008
600922,4,0,0.174,3.253,0.016,3.243,0.014,4.223,0.107,3.613,0.019,3.613,0.019
600932,4,0,0.174,3.237,0.008,3.251,0.017,4.213,0.106,3.694,0.027,3.694,0.027
600942,4,0,0.174,3.235,0,3.242,0.002,4.167,0.083,3.605,0.022,3.605,0.022
600952,4,0,0.174,3.249,-0.001,3.245,0.003,4.101,0.047,3.597,0.02,3.597,0.02
600962,4,0,0.174,3.282,-0.009,3.252,-0.017,4.08,0.034,3.589,0.014,3.589,0.014
600972,4,0,0.174,3.277,-0.032,3.279,-0.021,4.088,0.022,3.636,0.01,3.636,0.01
600982,4,0,0.174,3.29,-0.037,3.319,-0.027,4.061,0.042,3.675,0.009,3.675,0.009
600992,4,0,0.174,3.297,-0.033,3.282,-0.056,4.06,0.009,3.746,0.007,3.746,0.007
601002,0,0,0.174,3.291,-0.034,3.251,-0.021,4.058,-0.027,3.773,-0.003,3.773,-0.003
601012,0,0,0.174,3.3,-0.028,3.302,-0.021,4.046,-0.05,3.796,-0.009,3.796,-0.009
601022,0,0,0.174,3.317,-0.025,3.326,-0.04,4.007,-0.042,3.79,-0.016,3.79,-0.016
601032,0,0,0.174,3.336,-0.03,3.344,-0.042,3.954,-0.057,3.771,-0.027,3.771,-0.027
601042,0,0,0.174,3.355,-0.037,3.322,-0.024,3.858,-0.056,3.731,-0.03,3.731,-0.03
601052,0,0,0.174,3.329,-0.039,3.345,-0.033,3.765,-0.053,3.688,-0.032,3.688,-0.032
601062,0,0,0.174,3.308,-0.034,3.32,-0.053,3.715,-0.035,3.599,-0.036,3.599,-0.036
601072,0,0,0.174,3.302,-0.032,3.311,-0.052,3.69,-0.028,3.474,-0.04,3.474,-0.04
601082,0,0,0.174,3.3,-0.038,3.3,-0.02,3.682,-0.022,3.452,-0.036,3.452,-0.036
601092,0,0,0.174,3.332,-0.035,3.316,-0.036,3.713,-0.022,3.433,-0.035,3.433,-0.035
601102,0,0,0.174,3.34,-0.024,3.321,-0.025,3.745,-0.006,3.409,-0.032,3.409,-0.032
601112,0,0,0.174,3.357,-0.02,3.344,-0.04,3.756,-0.008,3.41,-0.029,3.41,-0.029
601122,0,0,0.174,3.372,-0.024,3.386,-0.004,3.724,-0.007,3.413,-0.023,3.413,-0.023
601132,0,0,0.174,3.371,-0.03,3.378,-0.016,3.686,0.004,3.413,-0.017,3.413,-0.017
601142,0,0,0.174,3.37,-0.032,3.369,-0.045,3.638,0.015,3.411,-0.019,3.411,-0.019
601152,0,0,0.174,3.37,-0.035,3.36,-0.041,3.564,-0.004,3.403,-0.022,3.403,-0.022
601162,0,0,0.174,3.352,-0.035,3.383,-0.021,3.467,-0.018,3.402,-0.021,3.402,-0.021
601172,0,0,0.174,3.286,-0.04,3.312,-0.035,3.36,-0.026,3.392,-0.022,3.392,-0.022
601182,0,0,0.174,3.249,-0.042,3.278,-0.063,3.25,-0.019,3.351,-0.034,3.351,-0.034
601192,0,0,0.174,3.25,-0.038,3.25,-0.025,3.149,-0.019,3.326,-0.035,3.326,-0.035
601202,0,0,0.174,3.277,-0.031,3.275,-0.024,3.05,-0.015,3.294,-0.03,3.294,-0.03
601212,0,0,0.174,3.267,-0.027,3.297,-0.064,2.958,-0.036,3.282,-0.03,3.282,-0.03
601222,0,0,0.174,3.239,-0.034,3.263,-0.002,2.87,-0.064,3.273,-0.035,3.273,-0.035
601232,0,0,0.174,3.185,-0.033,3.212,-0.026,2.712,-0.074,3.245,-0.032,3.245,-0.032
601242,0,0,0.174,3.111,-0.029,3.163,-0.037,2.498,-0.051,3.213,-0.034,3.213,-0.034
601252,0,0,0.174,3.039,-0.03,3.078,-0.023,2.375,-0.013,3.166,-0.034,3.166,-0.034
601262,0,0,0.174,2.98,-0.031,3.039,-0.05,2.298,-0.01,3.123,-0.03,3.123,-0.03
601272,0,0,0.174,2.919,-0.035,2.937,-0.028,2.257,-0.041,3.067,-0.033,3.067,-0.033
601282,0,0,0.174,2.847,-0.033,2.872,-0.017,2.209,-0.082,2.997,-0.033,2.997,-0.033
601292,0,0,0.174,2.786,-0.022,2.824,-0.042,2.107,-0.047,2.943,-0.036,2.943,-0.036
601302,0,0,0.174,2.743,-0.014,2.816,-0.016,1.983,0.033,2.881,-0.03,2.881,-0.03
601312,0,0,0.174,2.689,-0.019,2.745,-0.033,1.849,0.056,2.819,-0.018,2.819,-0.018
601322,0,0,0.174,2.644,-0.025,2.672,-0.017,1.703,0.045,2.764,-0.012,2.764,-0.012
601332,0,0,0.174,2.591,-0.023,2.637,-0.021,1.593,-0.021,2.702,-0.011,2.702,-0.011
601342,0,0,0.174,2.536,-0.016,2.582,-0.024,1.54,-0.02,2.638,-0.019,2.638,-0.019
601352,0,0,0.174,2.48,-0.017,2.533,-0.02,1.538,-0.004,2.582,-0.018,2.582,-0.018
601362,0,0,0.174,2.414,-0.025,2.456,-0.016,1.541,0.002,2.533,-0.017,2.533,-0.017
601372,0,0,0.174,2.337,-0.032,2.384,-0.029,1.484,0.02,2.493,-0.014,2.493,-0.014
601382,0,0,0.174,2.254,-0.039,2.316,-0.038,1.376,0.038,2.446,-0.01,2.446,-0.01
601392,0,0,0.174,2.166,-0.05,2.233,-0.062,1.224,0.06,2.381,-0.011,2.381,-0.011
601402,0,0,0.174,1.964,-0.058,2.075,-0.049,1.017,0.042,2.3,-0.009,2.3,-0.009
601412,0,0,0.174,1.505,-0.049,1.681,-0.04,0.846,-0.027,2.154,-0.016,2.154,-0.016
601422,0,0,0.174,1.061,-0.036,1.248,-0.04,0.714,-0.07,1.955,-0.025,1.955,-0.025
601432,0,0,0.174,0.715,-0.025,0.85,-0.02,0.654,-0.016,1.657,-0.03,1.657,-0.03
601442,0,0,0.174,0.469,-0.016,0.598,-0.03,0.663,0.023,1.225,-0.027,1.225,-0.027
601452,0,0,0.174,0.302,-0.011,0.375,-0.005,0.666,0.007,0.962,-0.021,0.962,-0.021
601462,0,0,0.174,0.192,-0.007,0.265,-0.015,0.703,-0.038,0.79,-0.018,0.79,-0.018
601472,0,0,0.174,0.121,-0.004,0.166,0.004,0.801,-0.069,0.728,-0.021,0.728,-0.021
601482,0,0,0.174,0.146,-0.009,0.14,0.007,0.908,-0.085,0.71,-0.026,0.71,-0.026
601492,0,0,0.174,0.403,-0.018,0.304,-0.037,1.036,-0.092,0.723,-0.035,0.723,-0.035
601503,0,0,0.174,0.688,-0.038,0.604,-0.017,1.15,-0.08,0.751,-0.044,0.751,-0.044
601512,0,0,0.174,0.9,-0.058,0.841,-0.038,1.161,-0.07,0.819,-0.046,0.819,-0.046
601522,0,0,0.174,1.003,-0.067,0.988,-0.079,1.044,-0.046,0.877,-0.049,0.877,-0.049
601532,0,0,0.174,1.054,-0.071,1.067,-0.091,0.853,0,0.914,-0.052,0.914,-0.052
601542,0,0,0.174,0.9,-0.061,0.976,-0.064,0.691,0.043,0.912,-0.046,0.912,-0.046
601552,0,0,0.174,0.668,-0.046,0.772,-0.044,0.609,0.033,0.874,-0.038,0.874,-0.038
601562,0,0,0.174,0.601,-0.047,0.644,-0.039,0.576,0.021,0.814,-0.031,0.814,-0.031
601572,0,0,0.174,0.654,-0.055,0.664,-0.056,0.54,0.01,0.761,-0.027,0.761,-0.027
601582,0,0,0.174,0.741,-0.067,0.738,-0.064,0.527,-0.003,0.721,-0.027,0.721,-0.027
601592,0,0,0.174,0.813,-0.077,0.798,-0.065,0.54,-0.021,0.704,-0.031,0.704,-0.031
601602,0,0,0.174,0.834,-0.082,0.845,-0.088,0.547,-0.032,0.709,-0.041,0.709,-0.041
601612,0,0,0.174,0.816,-0.09,0.857,-0.093,0.503,-0.047,0.7,-0.047,0.7,-0.047
601622,0,0,0.174,0.767,-0.101,0.826,-0.095,0.405,-0.039,0.679,-0.052,0.679,-0.052
601632,0,0,0.174,0.664,-0.099,0.733,-0.102,0.271,-0.006,0.637,-0.053,0.637,-0.053
601642,0,0,0.174,0.549,-0.089,0.622,-0.095,0.135,0.023,0.577,-0.05,0.577,-0.05
601652,0,0,0.174,0.403,-0.067,0.484,-0.075,0.055,0.041,0.503,-0.044,0.503,-0.044
601662,0,0,0.174,0.278,-0.047,0.354,-0.056,0.028,0.042,0.426,-0.036,0.426,-0.036
601672,0,0,0.174,0.185,-0.032,0.253,-0.044,0.029,0.029,0.35,-0.03,0.35,-0.03
601682,0,0,0.174,0.12,-0.021,0.177,-0.03,0.025,0.011,0.27,-0.027,0.27,-0.027
601692,0,0,0.174,0.077,-0.013,0.123,-0.02,0.008,0.003,0.193,-0.024,0.193,-0.024
601702,0,0,0.174,0.049,-0.008,0.089,-0.017,-0.013,0.019,0.159,-0.02,0.159,-0.02
601712,0,0,0.174,0.031,-0.005,0.065,-0.012,-0.024,0.049,0.131,-0.014,0.131,-0.014
601722,0,0,0.174,0.018,-0.002,0.048,-0.006,-0.025,0.067,0.106,-0.004,0.106,-0.004
601732,0,0,0.174,0.004,0,0.031,0,-0.021,0.065,0.085,0.006,0.085,0.006
601742,0,0,0.174,-0.011,0,-0.014,0.005,-0.028,0.038,0.065,0.012,0.065,0.012
601752,-2,0,0.174,-0.043,0,-0.058,-0.002,-0.065,0.021,0.025,0.013,0.025,0.013
601762,-2,0,0.174,-0.085,0,-0.067,-0.003,-0.11,0.011,0,0.011,0,0.011
601772,-2,0,0.174,-0.127,0,-0.091,0.005,-0.128,-0.006,-0.032,0.008,-0.032,0.008
601782,-2,0,0.174,-0.156,0,-0.127,0.002,-0.129,-0.023,-0.072,0.006,-0.072,0.006
601792,-2,0,0.174,-0.169,0,-0.174,-0.008,-0.126,-0.026,-0.086,0.001,-0.086,0.001
601802,-2,0,0.174,-0.176,0,-0.212,0.001,-0.129,-0.025,-0.118,-0.004,-0.118,-0.004
601812,-2,0,0.174,-0.181,0,-0.186,0.002,-0.13,-0.021,-0.135,-0.004,-0.135,-0.004
601822,-2,0,0.174,-0.166,0,-0.17,-0.002,-0.12,-0.017,-0.161,-0.003,-0.161,-0.003
601832,-2,0,0.174,-0.143,0,-0.16,-0.002,-0.104,-0.014,-0.162,-0.004,-0.162,-0.004
601842,-2,0,0.174,-0.116,0,-0.14,0.002,-0.084,-0.013,-0.155,-0.002,-0.155,-0.002
601852,-2,0,0.174,-0.09,0,-0.106,-0.001,-0.065,-0.011,-0.142,-0.002,-0.142,-0.002
601862,-2,0,0.174,-0.064,0,-0.076,-0.001,-0.047,-0.009,-0.111,-0.002,-0.111,-0.002
601872,-2,0,0.174,-0.042,0,-0.052,-0.001,-0.031,-0.007,-0.082,-0.001,-0.082,-0.001
601882,-2,0,0.174,-0.025,0,-0.029,-0.001,-0.023,-0.005,-0.063,-0.001,-0.063,-0.001
601892,-2,0,0.174,-0.015,0,-0.014,0,-0.02,-0.004,-0.039,-0.001,-0.039,-0.001
601902,-2,0,0.174,-0.012,0,-0.008,0.001,-0.028,-0.006,-0.023,0,-0.023,0
601912,-2,0,0.174,-0.016,0,-0.007,0.001,-0.04,-0.005,-0.016,0,-0.016,0
601922,-2,0,0.174,-0.025,0,-0.013,0.001,-0.06,0.002,-0.013,0.001,-0.013,0.001
601932,-2,0,0.174,-0.041,0,-0.025,0,-0.09,0.009,-0.016,0.001,-0.016,0.001
601942,-2,0,0.174,-0.064,0,-0.044,0,-0.131,0.012,-0.022,0.001,-0.022,0.001
601952,-2,0,0.174,-0.094,0,-0.068,0,-0.185,0.002,-0.031,0.001,-0.031,0.001
601962,-2,0,0.174,-0.129,0,-0.102,0.003,-0.271,-0.025,-0.047,0,-0.047,0
601972,-2,0,0.174,-0.165,0,-0.13,-0.003,-0.415,-0.053,-0.07,-0.003,-0.07,-0.003
601982,-2,0,0.174,-0.203,0,-0.168,-0.001,-0.626,-0.09,-0.112,-0.01,-0.112,-0.01
601992,-2,0,0.174,-0.233,0,-0.205,0.004,-0.882,-0.145,-0.148,-0.013,-0.148,-0.013
602002,-2,0,0.174,-0.269,0,-0.233,-0.015,-1.108,-0.171,-0.181,-0.023,-0.181,-0.023
602012,-2,0,0.174,-0.321,0,-0.272,-0.006,-1.273,-0.202,-0.22,-0.032,-0.22,-0.032
602022,-2,0,0.174,-0.381,0,-0.327,0.004,-1.385,-0.24,-0.274,-0.034,-0.274,-0.034
602032,-2,0,0.174,-0.446,0,-0.413,-0.011,-1.467,-0.221,-0.322,-0.044,-0.322,-0.044
602042,-2,0,0.174,-0.522,0.008,-0.468,0.004,-1.589,-0.147,-0.398,-0.042,-0.398,-0.042
602052,-2,0,0.174,-0.594,0.018,-0.546,0.006,-1.655,-0.083,-0.478,-0.025,-0.478,-0.025
602062,-2,0,0.174,-0.666,0.023,-0.605,0.035,-1.705,-0.097,-0.57,-0.024,-0.57,-0.024
602072,-2,0,0.174,-0.732,0.033,-0.724,0.036,-1.741,-0.152,-0.705,-0.022,-0.705,-0.022
602082,-2,0,0.174,-0.804,0.044,-0.73,0.03,-1.75,-0.072,-0.814,-0.018,-0.814,-0.018
602092,-2,0,0.174,-0.871,0.054,-0.833,0.048,-1.749,0.015,-0.908,-0.001,-0.908,-0.001
602102,-2,0,0.174,-0.932,0.059,-0.899,0.047,-1.752,0.068,-0.976,0.015,-0.976,0.015
602112,-2,0,0.174,-0.968,0.061,-0.939,0.051,-1.741,0.079,-1.038,0.035,-1.038,0.035
602122,-2,0,0.174,-1.005,0.066,-0.982,0.075,-1.723,0.109,-1.094,0.048,-1.094,0.048
602132,-2,0,0.174,-1.051,0.074,-1.014,0.075,-1.703,0.135,-1.143,0.062,-1.143,0.062
602142,-2,0,0.174,-1.106,0.084,-1.088,0.087,-1.702,0.135,-1.185,0.071,-1.185,0.071
602152,-2,0,0.174,-1.165,0.094,-1.114,0.073,-1.693,0.112,-1.22,0.078,-1.22,0.078
602162,-2,0,0.174,-1.202,0.092,-1.179,0.102,-1.687,0.11,-1.269,0.082,-1.269,0.082
602172,-2,0,0.174,-1.126,0.081,-1.171,0.097,-1.717,0.08,-1.304,0.09,-1.304,0.09
602182,-2,0,0.174,-1.014,0.074,-1.034,0.066,-1.764,0.053,-1.323,0.086,-1.323,0.086
602192,-2,0,0.174,-1.009,0.074,-0.993,0.081,-1.786,0.053,-1.305,0.078,-1.305,0.078
602202,-2,0,0.174,-1.053,0.077,-1.013,0.066,-1.767,0.026,-1.272,0.074,-1.272,0.074
602212,-2,0,0.174,-1.141,0.077,-1.108,0.086,-1.766,0.016,-1.292,0.069,-1.292,0.069
602222,-2,0,0.174,-1.237,0.078,-1.213,0.071,-1.814,-0.008,-1.322,0.066,-1.322,0.066
602232,-2,0,0.174,-1.32,0.079,-1.292,0.096,-1.854,-0.004,-1.376,0.06,-1.376,0.06
602242,-2,0,0.174,-1.394,0.078,-1.35,0.074,-1.882,-0.003,-1.423,0.058,-1.423,0.058
602252,-2,0,0.174,-1.446,0.077,-1.412,0.067,-1.897,-0.01,-1.42,0.068,-1.42,0.068
602262,-2,0,0.174,-1.484,0.076,-1.474,0.091,-1.922,-0.022,-1.473,0.064,-1.473,0.064
602272,-2,0,0.174,-1.515,0.076,-1.516,0.078,-1.942,-0.006,-1.529,0.06,-1.529,0.06
602282,-2,0,0.174,-1.557,0.075,-1.524,0.06,-1.936,-0.009,-1.583,0.055,-1.583,0.055
602292,-2,0,0.174,-1.584,0.064,-1.571,0.079,-1.913,-0.024,-1.621,0.048,-1.621,0.048
602302,-2,0,0.174,-1.579,0.053,-1.584,0.071,-1.907,-0.04,-1.649,0.047,-1.649,0.047
602312,-2,0,0.174,-1.574,0.049,-1.578,0.046,-1.926,-0.031,-1.672,0.04,-1.672,0.04
602322,-2,0,0.174,-1.588,0.046,-1.586,0.035,-1.922,-0.017,-1.618,0.038,-1.618,0.038
602332,-2,0,0.174,-1.595,0.04,-1.603,0.04,-1.878,-0.014,-1.635,0.036,-1.635,0.036
602342,-2,0,0.174,-1.592,0.033,-1.602,0.046,-1.865,-0.032,-1.632,0.036,-1.632,0.036
602352,-2,0,0.174,-1.594,0.033,-1.584,0.03,-1.904,-0.047,-1.652,0.03,-1.652,0.03
602362,-2,0,0.174,-1.47,0.033,-1.524,0.026,-1.933,-0.056,-1.653,0.024,-1.653,0.024
602372,-2,0,0.174,-1.131,0.026,-1.247,0.023,-1.93,-0.044,-1.625,0.018,-1.625,0.018
602382,-2,0,0.174,-0.919,0.015,-0.994,0.021,-1.898,-0.029,-1.505,0.017,-1.505,0.017
602392,-2,0,0.174,-1,0.015,-0.959,0.018,-1.9,-0.022,-1.45,0.015,-1.45,0.015
602402,-2,0,0.174,-1.154,0.021,-1.094,0.021,-1.975,-0.029,-1.438,0.01,-1.438,0.01
602412,-2,0,0.174,-1.291,0.024,-1.223,0.006,-2.068,-0.025,-1.405,0.006,-1.405,0.006
602422,-2,0,0.174,-1.38,0.022,-1.33,0.05,-2.117,-0.025,-1.484,0.006,-1.484,0.006
602432,-2,0,0.174,-1.305,0.02,-1.375,0.013,-2.106,-0.013,-1.551,0.007,-1.551,0.007
602442,-2,0,0.174,-1.02,0.017,-1.122,0.013,-2.115,-0.01,-1.572,0.007,-1.572,0.007
602452,-2,0,0.174,-0.915,0.016,-0.923,0.016,-2.147,-0.002,-1.551,0.006,-1.551,0.006
602462,-2,0,0.174,-0.721,0.012,-0.772,0.035,-2.182,-0.014,-1.338,0.012,-1.338,0.012
602472,-2,0,0.174,-0.563,0.009,-0.607,-0.005,-2.192,-0.041,-1.322,0.006,-1.322,0.006
602482,-2,0,0.174,-0.711,0.006,-0.65,0.003,-2.197,-0.053,-1.236,0,-1.236,0
602492,-4,0,0.174,-0.994,0.008,-0.893,0.001,-2.242,-0.024,-1.254,-0.001,-1.254,-0.001
602502,-4,0,0.174,-1.169,0.013,-1.114,0.007,-2.308,-0.005,-1.319,0.001,-1.319,0.001
602512,-4,0,0.174,-1.012,0.012,-1.048,0.023,-2.378,0.007,-1.379,0.005,-1.379,0.005
602522,-4,0,0.174,-0.756,0.009,-0.823,-0.01,-2.381,-0.003,-1.463,0.004,-1.463,0.004
602532,-4,0,0.174,-0.53,0.005,-0.629,0.027,-2.289,0.012,-1.501,0.005,-1.501,0.005
602542,-4,0,0.174,-0.498,0.011,-0.509,0.016,-2.191,0.03,-1.385,0.011,-1.385,0.011
602552,-4,0,0.174,-0.756,0.021,-0.681,-0.012,-2.116,0.042,-1.305,0.013,-1.305,0.013
602562,-4,0,0.174,-1.052,0.027,-0.936,0.027,-2.047,0.039,-1.275,0.016,-1.275,0.016
602572,-4,0,0.174,-1.305,0.037,-1.232,0.048,-1.992,0.043,-1.261,0.025,-1.261,0.025
602582,-4,0,0.174,-1.483,0.046,-1.443,0.026,-1.971,0.051,-1.314,0.028,-1.314,0.028
602592,-4,0,0.174,-1.616,0.046,-1.592,0.03,-1.985,0.059,-1.399,0.032,-1.399,0.032
602602,-4,0,0.174,-1.703,0.037,-1.675,0.054,-1.99,0.049,-1.446,0.035,-1.446,0.035
602612,-4,0,0.174,-1.718,0.037,-1.696,0.056,-1.971,0.031,-1.549,0.041,-1.549,0.041
602622,-4,0,0.174,-1.739,0.043,-1.716,0.027,-1.94,0.027,-1.584,0.04,-1.584,0.04
602632,-4,0,0.174,-1.732,0.044,-1.756,0.034,-1.923,0.021,-1.657,0.035,-1.657,0.035
602642,-4,0,0.174,-1.737,0.041,-1.731,0.036,-1.917,0.005,-1.68,0.033,-1.68,0.033
602652,-4,0,0.174,-1.723,0.04,-1.72,0.051,-1.905,0,-1.703,0.037,-1.703,0.037
602662,-4,0,0.174,-1.723,0.044,-1.735,0.023,-1.894,0.004,-1.714,0.036,-1.714,0.036
602672,-4,0,0.174,-1.729,0.041,-1.724,0.033,-1.905,0.014,-1.723,0.031,-1.723,0.031
602682,-4,0,0.174,-1.747,0.04,-1.734,0.058,-1.941,-0.001,-1.731,0.038,-1.731,0.038
602692,-4,0,0.174,-1.741,0.045,-1.745,0.057,-1.987,-0.002,-1.739,0.037,-1.739,0.037
602702,-4,0,0.174,-1.754,0.05,-1.748,0.018,-2.04,-0.004,-1.748,0.034,-1.748,0.034
602712,-4,0,0.174,-1.754,0.043,-1.758,0.052,-2.103,-0.004,-1.755,0.03,-1.755,0.03
602722,-4,0,0.174,-1.763,0.037,-1.75,0.063,-2.181,-0.018,-1.749,0.035,-1.749,0.035
602732,-4,0,0.174,-1.765,0.037,-1.752,0.025,-2.299,0.001,-1.76,0.033,-1.76,0.033
602742,-4,0,0.174,-1.774,0.033,-1.762,0.035,-2.461,0.012,-1.768,0.031,-1.768,0.031
602752,-4,0,0.174,-1.797,0.031,-1.758,0.014,-2.621,-0.009,-1.776,0.031,-1.776,0.031
602762,-4,0,0.174,-1.552,0.028,-1.634,0.057,-2.711,-0.047,-1.785,0.024,-1.785,0.024
602772,-4,0,0.174,-1.159,0.021,-1.298,0.021,-2.81,-0.043,-1.665,0.016,-1.665,0.016
602782,-4,0,0.174,-0.806,0.014,-0.903,0.013,-2.998,-0.015,-1.584,0.014,-1.584,0.014
602792,-4,0,0.174,-0.544,0.01,-0.633,0.021,-3.214,-0.021,-1.458,0.01,-1.458,0.01
602802,-4,0,0.174,-0.667,0.004,-0.591,-0.003,-3.465,-0.029,-1.259,0.007,-1.259,0.007
602812,-4,0,0.174,-0.757,0,-0.718,-0.016,-3.731,-0.001,-1.081,0.002,-1.081,0.002
602822,-4,0,0.174,-0.632,0,-0.67,-0.003,-3.983,-0.062,-1.026,-0.001,-1.026,-0.001
602832,-4,0,0.174,-0.571,0.011,-0.536,-0.012,-4.21,-0.158,-0.969,-0.011,-0.969,-0.011
602842,-4,0,0.174,-0.862,0.025,-0.735,0.014,-4.354,-0.255,-1.061,-0.029,-1.061,-0.029
602852,-4,0,0.174,-1.258,0.027,-1.131,0.041,-4.482,-0.305,-1.249,-0.042,-1.249,-0.042
602862,-4,0,0.174,-1.62,0.028,-1.493,0.026,-4.538,-0.386,-1.511,-0.033,-1.511,-0.033
602872,-4,0,0.174,-1.894,0.022,-1.77,0.028,-4.531,-0.493,-1.909,-0.061,-1.909,-0.061
602882,-4,0,0.174,-2.087,0.023,-2.007,0.01,-4.539,-0.576,-2.229,-0.078,-2.229,-0.078
602892,-4,0,0.174,-2.213,0.012,-2.163,0.031,-4.586,-0.648,-2.48,-0.092,-2.48,-0.092
602902,-4,0,0.174,-2.284,0.001,-2.218,-0.007,-4.556,-0.731,-2.734,-0.129,-2.734,-0.129
602912,-4,0,0.174,-2.356,-0.01,-2.328,-0.005,-4.364,-0.638,-3.006,-0.179,-3.006,-0.179
602922,-4,0,0.174,-2.391,-0.026,-2.39,-0.032,-4.034,-0.368,-3.037,-0.159,-3.037,-0.159
602932,-4,0,0.174,-2.451,-0.036,-2.465,-0.043,-3.699,-0.037,-3.105,-0.14,-3.105,-0.14
602942,-4,0,0.174,-2.466,-0.04,-2.473,-0.058,-3.471,0.229,-3.161,-0.098,-3.161,-0.098
602952,-4,0,0.174,-2.45,-0.019,-2.435,-0.026,-3.344,0.401,-3.147,-0.032,-3.147,-0.032
602962,-4,0,0.174,-2.446,0.024,-2.415,0.036,-3.25,0.472,-2.986,0.026,-2.986,0.026
602972,-4,0,0.174,-2.439,0.07,-2.421,0.022,-3.153,0.545,-2.986,0.088,-2.986,0.088
602982,-4,0,0.174,-2.428,0.093,-2.444,0.069,-3.004,0.536,-2.973,0.15,-2.973,0.15
602992,-4,0,0.174,-2.42,0.108,-2.471,0.137,-3.028,0.371,-2.92,0.186,-2.92,0.186
603002,-4,0,0.174,-2.411,0.135,-2.414,0.131,-3.264,0.185,-2.938,0.19,-2.938,0.19
603012,-4,0,0.174,-2.432,0.168,-2.378,0.121,-3.477,0.077,-3.003,0.173,-3.003,0.173
603022,-4,0,0.174,-2.484,0.182,-2.436,0.181,-3.558,0.014,-3.023,0.148,-3.023,0.148
603032,-4,0,0.174,-2.5,0.19,-2.498,0.195,-3.637,-0.062,-3.109,0.127,-3.109,0.127
603042,-4,0,0.174,-2.512,0.196,-2.507,0.204,-3.744,-0.154,-3.171,0.104,-3.171,0.104
603052,-4,0,0.174,-2.553,0.199,-2.533,0.183,-3.771,-0.17,-3.001,0.121,-3.001,0.121
603062,-4,0,0.174,-2.577,0.198,-2.564,0.222,-3.695,-0.122,-3.068,0.106,-3.068,0.106
603072,-4,0,0.174,-2.603,0.188,-2.586,0.186,-3.672,-0.095,-3.099,0.101,-3.099,0.101
603082,-4,0,0.174,-2.607,0.167,-2.594,0.17,-3.748,-0.124,-3.007,0.115,-3.007,0.115
603092,-4,0,0.174,-2.6,0.15,-2.586,0.169,-3.875,-0.164,-3.053,0.103,-3.053,0.103
603102,-4,0,0.174,-2.591,0.139,-2.583,0.136,-3.989,-0.187,-3.129,0.084,-3.129,0.084
603112,-4,0,0.174,-2.63,0.129,-2.621,0.134,-3.985,-0.094,-3.15,0.076,-3.15,0.076
603122,-4,0,0.174,-2.67,0.118,-2.66,0.129,-3.934,-0.029,-3.033,0.096,-3.033,0.096
603132,-4,0,0.174,-2.716,0.106,-2.697,0.111,-3.95,0,-3.13,0.09,-3.13,0.09
603142,-4,0,0.174,-2.747,0.101,-2.712,0.094,-4.032,-0.016,-3.23,0.082,-3.23,0.082
603152,-4,0,0.174,-2.785,0.103,-2.743,0.114,-4.1,-0.048,-3.262,0.076,-3.262,0.076
603162,-4,0,0.174,-2.837,0.104,-2.822,0.111,-4.14,-0.087,-3.363,0.065,-3.363,0.065
603172,-4,0,0.174,-2.867,0.098,-2.875,0.092,-4.119,-0.068,-3.351,0.062,-3.351,0.062
603182,-4,0,0.174,-2.906,0.092,-2.885,0.104,-4.025,-0.038,-3.348,0.063,-3.348,0.063
603192,-4,0,0.174,-2.944,0.09,-2.932,0.094,-3.954,-0.015,-3.374,0.062,-3.374,0.062
603202,-4,0,0.174,-2.96,0.09,-2.943,0.088,-3.952,-0.011,-3.401,0.061,-3.401,0.061
603212,-4,0,0.174,-2.964,0.093,-2.932,0.091,-3.953,0.008,-3.312,0.068,-3.312,0.068
603222,-4,0,0.174,-2.986,0.095,-2.979,0.104,-3.946,0.013,-3.378,0.067,-3.378,0.067
603232,-4,0,0.174,-2.986,0.094,-2.991,0.077,-3.943,0.032,-3.429,0.066,-3.429,0.066
603242,-4,0,0.174,-3.017,0.087,-3.018,0.091,-3.949,0.047,-3.387,0.075,-3.387,0.075
603252,-4,0,0.174,-3.042,0.084,-3.024,0.089,-3.967,0.045,-3.44,0.075,-3.44,0.075
603262,-4,0,0.174,-3.06,0.084,-3.025,0.085,-4.003,0.017,-3.472,0.073,-3.472,0.073
603272,-4,0,0.174,-3.076,0.077,-3.061,0.07,-4.013,0,-3.496,0.067,-3.496,0.067
603282,-4,0,0.174,-3.1,0.069,-3.102,0.075,-4.004,-0.019,-3.554,0.059,-3.554,0.059
603292,-4,0,0.174,-3.121,0.063,-3.119,0.048,-3.986,-0.018,-3.51,0.056,-3.51,0.056
603302,-4,0,0.174,-3.142,0.06,-3.138,0.062,-3.957,-0.002,-3.491,0.05,-3.491,0.05
603312,-4,0,0.174,-3.148,0.056,-3.132,0.055,-3.948,0.014,-3.496,0.051,-3.496,0.051
603322,-4,0,0.174,-3.145,0.052,-3.144,0.042,-3.977,0.012,-3.468,0.049,-3.468,0.049
603332,-4,0,0.174,-3.145,0.055,-3.124,0.054,-4.017,-0.004,-3.413,0.047,-3.413,0.047
603342,-4,0,0.174,-3.158,0.06,-3.151,0.07,-4.034,-0.031,-3.493,0.042,-3.493,0.042
603352,-4,0,0.174,-3.163,0.071,-3.163,0.046,-4.047,-0.025,-3.539,0.037,-3.539,0.037
603362,-4,0,0.174,-3.189,0.069,-3.19,0.076,-4.057,0.004,-3.571,0.039,-3.571,0.039
603372,-4,0,0.174,-3.198,0.06,-3.187,0.068,-4.083,0.033,-3.629,0.043,-3.629,0.043
603382,-4,0,0.174,-3.206,0.064,-3.181,0.058,-4.072,0.014,-3.631,0.046,-3.631,0.046
603392,-4,0,0.174,-3.213,0.06,-3.216,0.05,-4.007,-0.017,-3.595,0.043,-3.595,0.043
603402,-4,0,0.174,-3.194,0.053,-3.205,0.062,-3.969,-0.059,-3.61,0.036,-3.61,0.036
603412,-4,0,0.174,-3.21,0.053,-3.196,0.062,-3.984,-0.069,-3.564,0.037,-3.564,0.037
603422,-4,0,0.174,-3.238,0.058,-3.235,0.037,-3.989,-0.053,-3.574,0.03,-3.574,0.03
603432,-4,0,0.174,-3.251,0.054,-3.248,0.049,-3.987,-0.016,-3.604,0.028,-3.604,0.028
603442,-4,0,0.174,-3.258,0.055,-3.238,0.055,-3.994,0.005,-3.573,0.038,-3.573,0.038
603452,-4,0,0.174,-3.266,0.065,-3.254,0.066,-3.998,0.025,-3.596,0.04,-3.596,0.04
603462,-4,0,0.174,-3.285,0.072,-3.305,0.078,-4.005,0.038,-3.613,0.046,-3.613,0.046
603472,-4,0,0.174,-3.301,0.077,-3.296,0.066,-4.032,0.05,-3.669,0.048,-3.669,0.048
603482,-4,0,0.174,-3.293,0.076,-3.276,0.093,-4.045,0.024,-3.685,0.056,-3.685,0.056
603492,-4,0,0.174,-3.28,0.079,-3.274,0.055,-4.041,0.014,-3.72,0.055,-3.72,0.055
603502,-4,0,0.174,-3.262,0.076,-3.282,0.07,-4.05,0.022,-3.754,0.052,-3.754,0.052
603512,-4,0,0.174,-3.246,0.071,-3.29,0.085,-4.05,0.027,-3.779,0.051,-3.779,0.051
603522,-4,0,0.174,-3.271,0.08,-3.25,0.1,-4.007,-0.016,-3.803,0.049,-3.803,0.049
603532,-4,0,0.174,-3.296,0.093,-3.254,0.051,-3.947,-0.012,-3.782,0.044,-3.782,0.044
603542,-4,0,0.174,-3.278,0.087,-3.302,0.082,-3.904,0.002,-3.771,0.04,-3.771,0.04
603552,-4,0,0.174,-3.22,0.07,-3.247,0.092,-3.907,0,-3.759,0.041,-3.759,0.041
603562,-4,0,0.174,-3.18,0.067,-3.204,0.085,-3.915,-0.029,-3.684,0.05,-3.684,0.05
603572,-4,0,0.174,-3.167,0.076,-3.172,0.061,-3.918,-0.052,-3.699,0.04,-3.699,0.04
603582,-4,0,0.174,-3.205,0.086,-3.165,0.073,-3.913,-0.046,-3.671,0.033,-3.671,0.033
603592,-4,0,0.174,-3.255,0.093,-3.227,0.075,-3.929,-0.031,-3.645,0.037,-3.645,0.037
603602,-4,0,0.174,-3.3,0.099,-3.288,0.101,-3.984,-0.036,-3.676,0.036,-3.676,0.036
603612,-4,0,0.174,-3.316,0.105,-3.324,0.107,-4.046,-0.012,-3.682,0.048,-3.682,0.048
603622,-4,0,0.174,-3.341,0.111,-3.328,0.105,-4.075,0.009,-3.709,0.055,-3.709,0.055
603632,-4,0,0.174,-3.383,0.117,-3.349,0.113,-4.049,0.042,-3.739,0.061,-3.739,0.061
603642,-4,0,0.174,-3.405,0.116,-3.394,0.128,-4.011,0.054,-3.655,0.083,-3.655,0.083
603652,-4,0,0.174,-3.394,0.111,-3.398,0.104,-4.041,0.057,-3.693,0.087,-3.693,0.087
603662,-4,0,0.174,-3.394,0.108,-3.395,0.1,-4.098,0.056,-3.709,0.089,-3.709,0.089
603672,-4,0,0.174,-3.401,0.102,-3.407,0.106,-4.118,0.087,-3.619,0.097,-3.619,0.097
603682,-4,0,0.174,-3.401,0.097,-3.404,0.104,-4.108,0.095,-3.685,0.098,-3.685,0.098
603692,-4,0,0.174,-3.402,0.093,-3.388,0.089,-4.092,0.071,-3.733,0.096,-3.733,0.096
603702,-4,0,0.174,-3.415,0.088,-3.382,0.099,-4.092,0.012,-3.666,0.088,-3.666,0.088
603712,-4,0,0.174,-3.427,0.082,-3.416,0.088,-4.114,-0.036,-3.726,0.077,-3.726,0.077
603722,-4,0,0.174,-3.43,0.072,-3.441,0.079,-4.135,-0.063,-3.79,0.062,-3.79,0.062
603732,-4,0,0.174,-3.445,0.068,-3.468,0.061,-4.128,-0.032,-3.82,0.054,-3.82,0.054
603742,-4,0,0.174,-3.469,0.065,-3.457,0.054,-4.098,-0.011,-3.859,0.046,-3.859,0.046
603752,-4,0,0.174,-3.467,0.06,-3.444,0.076,-4.049,-0.016,-3.731,0.055,-3.731,0.055
603762,-4,0,0.174,-3.472,0.054,-3.468,0.056,-3.992,-0.046,-3.754,0.049,-3.754,0.049
603772,-4,0,0.174,-3.468,0.049,-3.482,0.047,-3.984,-0.054,-3.771,0.039,-3.771,0.039
603782,-4,0,0.174,-3.46,0.037,-3.476,0.026,-4.004,-0.045,-3.661,0.035,-3.661,0.035
603792,0,0,0.174,-3.453,0.021,-3.46,0.035,-4.017,-0.012,-3.709,0.029,-3.709,0.029
603802,0,0,0.174,-3.468,0.016,-3.453,0.024,-4.032,-0.014,-3.738,0.027,-3.738,0.027
603812,0,0,0.174,-3.47,0.019,-3.455,0.003,-4.047,-0.01,-3.767,0.021,-3.767,0.021
603822,0,0,0.174,-3.433,0.016,-3.446,0.014,-4.066,-0.032,-3.808,0.014,-3.808,0.014
603832,0,0,0.174,-3.436,0.005,-3.45,-0.006,-4.048,-0.053,-3.82,0.005,-3.82,0.005
603842,0,0,0.174,-3.461,0,-3.451,0.026,-3.973,-0.075,-3.782,-0.001,-3.782,-0.001
603852,0,0,0.174,-3.478,0.014,-3.473,0.01,-3.896,-0.056,-3.733,-0.005,-3.733,-0.005
603862,0,0,0.174,-3.471,0.027,-3.477,-0.003,-3.844,-0.031,-3.686,-0.006,-3.686,-0.006
603872,0,0,0.174,-3.462,0.03,-3.456,0.015,-3.806,-0.002,-3.653,-0.004,-3.653,-0.004
603882,0,0,0.174,-3.478,0.018,-3.47,0.054,-3.768,0.003,-3.63,0.002,-3.63,0.002
603892,0,0,0.174,-3.483,0.017,-3.493,0.031,-3.739,0.015,-3.598,0.011,-3.598,0.011
603902,0,0,0.174,-3.509,0.021,-3.5,-0.001,-3.715,0.013,-3.566,0.01,-3.566,0.01
603912,0,0,0.174,-3.484,0.023,-3.504,0.018,-3.685,0.019,-3.535,0.006,-3.535,0.006
603922,0,0,0.174,-3.453,0.026,-3.468,0.051,-3.651,0.017,-3.528,0.013,-3.528,0.013
603932,0,0,0.174,-3.431,0.042,-3.434,0.044,-3.609,0.035,-3.514,0.021,-3.514,0.021
603942,0,0,0.174,-3.447,0.058,-3.464,0.025,-3.551,0.041,-3.502,0.024,-3.502,0.024
603952,0,0,0.174,-3.424,0.059,-3.428,0.06,-3.483,0.045,-3.49,0.031,-3.49,0.031
603962,0,0,0.174,-3.358,0.056,-3.378,0.073,-3.389,0.032,-3.464,0.041,-3.464,0.041
603972,0,0,0.174,-3.32,0.058,-3.346,0.061,-3.29,0.032,-3.433,0.046,-3.433,0.046
603982,0,0,0.174,-3.318,0.061,-3.332,0.056,-3.203,0.044,-3.397,0.047,-3.397,0.047
603992,0,0,0.174,-3.331,0.067,-3.337,0.05,-3.115,0.04,-3.353,0.055,-3.353,0.055
604002,0,0,0.174,-3.296,0.064,-3.324,0.06,-3.024,0.041,-3.342,0.056,-3.342,0.056
604012,0,0,0.174,-3.229,0.06,-3.251,0.073,-2.926,0.085,-3.321,0.06,-3.321,0.06
604022,0,0,0.174,-3.194,0.066,-3.197,0.071,-2.793,0.122,-3.292,0.065,-3.292,0.065
604032,0,0,0.174,-3.179,0.067,-3.259,0.061,-2.669,0.14,-3.26,0.072,-3.26,0.072
604042,0,0,0.174,-3.131,0.057,-3.174,0.073,-2.579,0.101,-3.231,0.077,-3.231,0.077
604052,0,0,0.174,-3.066,0.05,-3.083,0.05,-2.402,0.012,-3.186,0.072,-3.186,0.072
604062,0,0,0.174,-2.937,0.057,-2.997,0.069,-2.155,-0.063,-3.12,0.054,-3.12,0.054
604072,0,0,0.174,-2.62,0.059,-2.747,0.036,-2.086,-0.028,-3.033,0.043,-3.033,0.043
604082,0,0,0.174,-2.511,0.05,-2.569,0.037,-2.178,-0.002,-2.904,0.035,-2.904,0.035
604092,0,0,0.174,-2.49,0.04,-2.489,0.054,-2.167,-0.003,-2.803,0.034,-2.803,0.034
604102,0,0,0.174,-2.497,0.038,-2.505,0.048,-2.012,0.023,-2.721,0.033,-2.721,0.033
604112,0,0,0.174,-2.507,0.032,-2.551,0.035,-1.822,0.099,-2.654,0.038,-2.654,0.038
604122,0,0,0.174,-2.488,0.023,-2.527,0.013,-1.661,0.181,-2.591,0.048,-2.591,0.048
604132,0,0,0.174,-2.473,0.015,-2.481,0.041,-1.559,0.251,-2.545,0.069,-2.545,0.069
604142,0,0,0.174,-2.471,0.016,-2.487,0.015,-1.571,0.284,-2.494,0.089,-2.494,0.089
604152,0,0,0.174,-2.446,0.018,-2.478,-0.011,-1.639,0.253,-2.463,0.094,-2.463,0.094
604162,0,0,0.174,-2.409,0.006,-2.439,0.017,-1.705,0.156,-2.446,0.082,-2.446,0.082
604172,0,0,0.174,-2.363,-0.007,-2.401,0.012,-1.66,0.053,-2.417,0.067,-2.417,0.067
604182,0,0,0.174,-2.302,-0.015,-2.338,-0.01,-1.489,0.023,-2.385,0.045,-2.385,0.045
604192,0,0,0.174,-2.234,-0.027,-2.282,-0.02,-1.243,0.082,-2.339,0.031,-2.339,0.031
604202,0,0,0.174,-2.18,-0.036,-2.232,-0.026,-0.964,0.11,-2.275,0.01,-2.275,0.01
604212,0,0,0.174,-1.895,-0.039,-2.027,-0.032,-0.71,0.049,-2.218,0.009,-2.218,0.009
604222,0,0,0.174,-1.418,-0.031,-1.6,-0.037,-0.538,-0.04,-2.061,-0.003,-2.061,-0.003
604232,0,0,0.174,-0.95,-0.022,-1.12,-0.034,-0.629,-0.035,-1.597,-0.021,-1.597,-0.021
604242,0,0,0.174,-0.747,-0.014,-0.832,-0.022,-0.767,-0.026,-1.401,-0.022,-1.401,-0.022
604252,0,0,0.174,-0.805,-0.013,-0.814,0.002,-0.8,0.004,-1.258,-0.019,-1.258,-0.019
604262,0,0,0.174,-0.7,-0.011,-0.784,-0.019,-0.714,0.071,-1.168,-0.011,-1.168,-0.011
604272,0,0,0.174,-0.507,-0.008,-0.606,-0.017,-0.516,0.03,-0.96,-0.003,-0.96,-0.003
604282,0,0,0.174,-0.373,-0.004,-0.442,-0.008,-0.407,-0.044,-0.785,-0.008,-0.785,-0.008
604292,0,0,0.174,-0.263,0,-0.322,0.003,-0.332,-0.093,-0.648,-0.016,-0.648,-0.016
604302,0,0,0.174,-0.23,0,-0.261,0.001,-0.395,-0.084,-0.586,-0.021,-0.586,-0.021
604312,0,0,0.174,-0.43,0,-0.339,-0.028,-0.655,-0.019,-0.525,-0.023,-0.525,-0.023
604322,0,0,0.174,-0.646,0,-0.588,0.03,-0.796,0.007,-0.543,-0.02,-0.543,-0.02
604332,0,0,0.174,-0.768,0,-0.773,0.008,-0.884,0.011,-0.603,-0.011,-0.603,-0.011
604342,0,0,0.174,-0.66,0,-0.708,0.001,-0.819,0.01,-0.663,-0.006,-0.663,-0.006
604352,0,0,0.174,-0.492,0,-0.582,-0.017,-0.608,0.021,-0.665,-0.004,-0.665,-0.004
604362,0,0,0.174,-0.342,0,-0.427,-0.001,-0.427,-0.02,-0.57,-0.005,-0.57,-0.005
604372,0,0,0.174,-0.228,0,-0.3,-0.002,-0.324,-0.064,-0.52,-0.009,-0.52,-0.009
604382,0,0,0.174,-0.149,0,-0.204,0.005,-0.312,-0.084,-0.47,-0.016,-0.47,-0.016
604392,0,0,0.174,-0.164,0,-0.146,0.004,-0.399,-0.072,-0.412,-0.02,-0.412,-0.02
604402,0,0,0.174,-0.292,0.007,-0.263,-0.002,-0.469,-0.014,-0.353,-0.017,-0.353,-0.017
604412,0,0,0.174,-0.31,0.012,-0.353,0.016,-0.463,-0.015,-0.362,-0.013,-0.362,-0.013
604422,0,0,0.174,-0.285,0.014,-0.304,0.018,-0.383,0.003,-0.36,-0.006,-0.36,-0.006
604432,0,0,0.174,-0.323,0.018,-0.343,0.016,-0.238,-0.023,-0.344,-0.002,-0.344,-0.002
604442,0,0,0.174,-0.372,0.024,-0.389,0.025,-0.103,-0.093,-0.333,0.002,-0.333,0.002
604452,0,0,0.174,-0.331,0.023,-0.365,0.025,-0.035,-0.136,-0.313,-0.007,-0.313,-0.007
604462,0,0,0.174,-0.25,0.018,-0.3,0.02,-0.079,-0.112,-0.287,-0.016,-0.287,-0.016
604472,0,0,0.174,-0.197,0.019,-0.219,0.004,-0.167,-0.028,-0.262,-0.014,-0.262,-0.014
604482,0,0,0.174,-0.194,0.024,-0.218,0.033,-0.195,0.011,-0.245,-0.003,-0.245,-0.003
604492,0,0,0.174,-0.205,0.034,-0.22,0.03,-0.156,0.037,-0.232,0.007,-0.232,0.007
604502,0,0,0.174,-0.174,0.032,-0.211,0.03,-0.077,0.015,-0.215,0.014,-0.215,0.014
604512,0,0,0.174,-0.129,0.024,-0.177,0.03,0,-0.051,-0.192,0.023,-0.192,0.023
604522,0,0,0.174,-0.09,0.017,-0.128,0.019,0.046,-0.094,-0.171,0.016,-0.171,0.016
604532,0,0,0.174,-0.06,0.012,-0.075,0.011,0.036,-0.067,-0.142,0.006,-0.142,0.006
604542,0,0,0.174,-0.039,0.008,-0.051,0.022,0.024,-0.027,-0.099,0.005,-0.099,0.005
604552,0,0,0.174,-0.025,0.005,-0.041,0.011,0.031,-0.002,-0.071,0.008,-0.071,0.008
604562,0,0,0.174,-0.016,0.003,-0.028,0.005,0.044,0.012,-0.044,0.008,-0.044,0.008
604572,0,0,0.174,-0.008,0.005,-0.017,0.006,0.056,0.016,-0.032,0.007,-0.032,0.007
604582,0,0,0.174,0.009,0.009,0.002,0.01,0.067,0.018,-0.017,0.008,-0.017,0.008
604592,0,0,0.174,0.026,0.012,0.021,0.012,0.08,0.017,0.003,0.01,0.003,0.01
604602,2,0,0.174,0.027,0.011,0.025,0.009,0.09,0.014,0.022,0.01,0.022,0.01
604612,2,0,0.174,0.022,0.008,0.022,0.008,0.097,0.011,0.026,0.01,0.026,0.01
604622,2,0,0.174,0.016,0.005,0.02,0.007,0.1,0.008,0.027,0.009,0.027,0.009
604632,2,0,0.174,0.023,0.005,0.023,0.005,0.103,0.008,0.026,0.007,0.026,0.007
604642,2,0,0.174,0.035,0.009,0.032,0.007,0.1,0.013,0.029,0.007,0.029,0.007
604652,2,0,0.174,0.046,0.014,0.045,0.012,0.095,0.015,0.034,0.008,0.034,0.008
604662,2,0,0.174,0.053,0.018,0.056,0.018,0.088,0.016,0.042,0.011,0.042,0.011
604672,2,0,0.174,0.058,0.02,0.06,0.021,0.082,0.016,0.057,0.019,0.057,0.019
604682,2,0,0.174,0.06,0.022,0.061,0.022,0.076,0.018,0.059,0.021,0.059,0.021
604692,2,0,0.174,0.062,0.022,0.061,0.022,0.072,0.015,0.06,0.022,0.06,0.022
604702,2,0,0.174,0.062,0.022,0.062,0.024,0.07,0.012,0.061,0.023,0.061,0.023
604712,2,0,0.174,0.059,0.021,0.059,0.022,0.072,0.01,0.061,0.023,0.061,0.023
604722,2,0,0.174,0.057,0.02,0.053,0.02,0.078,0.006,0.058,0.021,0.058,0.021
604732,2,0,0.174,0.059,0.019,0.052,0.02,0.088,0.004,0.053,0.02,0.053,0.02
604742,2,0,0.174,0.065,0.018,0.056,0.019,0.101,0.008,0.054,0.019,0.054,0.019
604752,2,0,0.174,0.077,0.017,0.067,0.017,0.123,0.011,0.058,0.019,0.058,0.019
604762,2,0,0.174,0.096,0.017,0.081,0.019,0.157,0.015,0.063,0.018,0.063,0.018
604772,2,0,0.174,0.109,0.016,0.086,0.017,0.215,0.022,0.071,0.019,0.071,0.019
604782,2,0,0.174,0.114,0.014,0.1,0.01,0.279,0.015,0.085,0.015,0.085,0.015
604792,2,0,0.174,0.092,0.01,0.08,0.011,0.332,-0.002,0.09,0.013,0.09,0.013
604802,2,0,0.174,0.099,0.008,0.082,0.012,0.448,0.006,0.091,0.012,0.091,0.012
604812,2,0,0.174,0.09,0.006,0.072,0.006,0.684,0.03,0.088,0.012,0.088,0.012
604822,2,0,0.174,0.07,0.004,0.051,-0.003,1.01,-0.008,0.089,0.01,0.089,0.01
604832,2,0,0.174,0.071,0.003,0.052,-0.011,1.272,-0.174,0.093,-0.002,0.093,-0.002
604842,2,0,0.174,0.056,0.002,0.036,0.004,1.4,-0.395,0.102,-0.029,0.102,-0.029
604852,2,0,0.174,0.054,0.001,0.056,-0.008,1.492,-0.514,0.111,-0.065,0.111,-0.065
604862,2,0,0.174,0.045,0.002,0.019,-0.008,1.574,-0.609,0.11,-0.096,0.11,-0.096
604872,2,0,0.174,0.114,0.01,0.066,0.009,1.689,-0.649,0.126,-0.126,0.126,-0.126
604882,2,0,0.174,0.251,0.029,0.198,0.031,1.845,-0.668,0.152,-0.092,0.152,-0.092
604892,2,0,0.174,0.376,0.05,0.308,0.028,2.052,-0.59,0.243,-0.084,0.243,-0.084
604902,2,0,0.174,0.515,0.075,0.457,0.057,2.213,-0.504,0.355,-0.089,0.355,-0.089
604912,2,0,0.174,0.599,0.091,0.562,0.081,2.376,-0.461,0.561,-0.095,0.561,-0.095
604922,2,0,0.174,0.528,0.08,0.52,0.078,2.464,-0.553,0.743,-0.077,0.743,-0.077
604932,2,0,0.174,0.528,0.084,0.512,0.049,2.506,-0.671,0.919,-0.115,0.919,-0.115
604942,2,0,0.174,0.626,0.1,0.59,0.141,2.421,-0.562,1.069,-0.143,1.069,-0.143
604952,2,0,0.174,0.729,0.13,0.669,0.115,2.111,-0.192,1.104,-0.101,1.104,-0.101
604962,2,0,0.174,0.807,0.159,0.782,0.124,1.765,0.087,1.102,-0.038,1.102,-0.038
604972,2,0,0.174,0.736,0.149,0.754,0.17,1.599,0.204,1.125,0.015,1.125,0.015
604982,2,0,0.174,0.595,0.119,0.635,0.134,1.518,0.26,1.076,0.078,1.076,0.078
604992,2,0,0.174,0.528,0.114,0.525,0.1,1.496,0.308,1.05,0.108,1.05,0.108
605002,2,0,0.174,0.596,0.145,0.567,0.111,1.489,0.326,1.007,0.13,1.007,0.13
605012,2,0,0.174,0.73,0.187,0.679,0.202,1.497,0.292,1.013,0.156,1.013,0.156
605022,2,0,0.174,0.859,0.231,0.806,0.229,1.55,0.28,0.979,0.184,0.979,0.184
605032,2,0,0.174,0.944,0.266,0.911,0.24,1.65,0.268,1.006,0.209,1.006,0.209
605042,2,0,0.174,0.943,0.27,0.941,0.27,1.768,0.194,1.044,0.226,1.044,0.226
605052,2,0,0.174,0.85,0.239,0.857,0.263,1.83,0.115,1.08,0.231,1.08,0.231
605062,2,0,0.174,0.818,0.229,0.844,0.235,1.852,0.09,1.02,0.231,1.02,0.231
605072,2,0,0.174,0.726,0.201,0.743,0.217,1.882,0.014,1.003,0.22,1.003,0.22
605082,2,0,0.174,0.802,0.202,0.754,0.208,1.931,-0.047,1.041,0.195,1.041,0.195
605092,2,0,0.174,0.762,0.177,0.776,0.206,1.967,-0.066,0.994,0.185,0.994,0.185
605102,2,0,0.174,0.606,0.132,0.641,0.153,2.026,-0.083,1.001,0.168,1.001,0.168
605112,2,0,0.174,0.518,0.102,0.53,0.116,2.115,-0.135,1.031,0.136,1.031,0.136
605122,2,0,0.174,0.662,0.106,0.617,0.116,2.143,-0.132,0.98,0.102,0.98,0.102
605132,2,0,0.174,0.863,0.12,0.781,0.137,2.149,-0.101,1.026,0.088,1.026,0.088
605142,2,0,0.174,1.04,0.126,0.965,0.125,2.164,-0.039,1.059,0.093,1.059,0.093
605152,2,0,0.174,0.969,0.109,0.993,0.128,2.238,-0.01,1.108,0.105,1.108,0.105
605162,2,0,0.174,0.791,0.084,0.825,0.087,2.306,0.054,1.11,0.11,1.11,0.11
605172,2,0,0.174,0.648,0.063,0.695,0.071,2.339,0.101,1.033,0.097,1.033,0.097
605182,2,0,0.174,0.508,0.051,0.542,0.055,2.319,0.106,0.973,0.087,0.973,0.087
605192,2,0,0.174,0.559,0.046,0.554,0.059,2.304,0.087,0.92,0.08,0.92,0.08
605202,2,0,0.174,0.476,0.036,0.498,0.044,2.36,0.058,1.021,0.076,1.021,0.076
605212,2,0,0.174,0.352,0.026,0.383,0.039,2.431,0.035,1.093,0.064,1.093,0.064
605222,2,0,0.174,0.245,0.018,0.281,0.036,2.473,0.04,1.114,0.056,1.114,0.056
605232,2,0,0.174,0.381,0.02,0.318,0.021,2.462,0.018,1.109,0.048,1.109,0.048
605242,2,0,0.174,0.697,0.022,0.583,0.025,2.399,-0.012,1.037,0.032,1.037,0.032
605252,2,0,0.174,1.019,0.016,0.921,0.031,2.325,-0.047,1.102,0.023,1.102,0.023
605262,2,0,0.174,0.999,0.01,1.027,-0.004,2.298,-0.059,1.192,0.017,1.192,0.017
605272,2,0,0.174,0.915,0.006,0.908,0.012,2.313,-0.101,1.294,0.005,1.294,0.005
605282,2,0,0.174,1.047,0,0.984,0.002,2.325,-0.113,1.165,-0.002,1.165,-0.002
605293,2,0,0.174,1.236,0,1.174,0.008,2.297,-0.104,1.24,-0.008,1.24,-0.008
605303,4,0,0.174,1.404,0,1.348,0,2.226,-0.082,1.364,-0.012,1.364,-0.012
605313,4,0,0.174,1.559,-0.01,1.503,-0.004,2.174,-0.066,1.472,-0.013,1.472,-0.013
605323,4,0,0.174,1.654,-0.018,1.63,-0.025,2.139,-0.05,1.578,-0.017,1.578,-0.017
605333,4,0,0.174,1.7,-0.032,1.68,-0.044,2.073,-0.044,1.668,-0.026,1.668,-0.026
605343,4,0,0.174,1.724,-0.046,1.727,-0.03,1.896,-0.102,1.705,-0.033,1.705,-0.033
605353,4,0,0.174,1.755,-0.057,1.784,-0.032,1.703,-0.154,1.719,-0.043,1.719,-0.043
605363,4,0,0.174,1.746,-0.062,1.773,-0.089,1.542,-0.165,1.723,-0.062,1.723,-0.062
605373,4,0,0.174,1.721,-0.077,1.752,-0.073,1.414,-0.17,1.715,-0.078,1.715,-0.078
605383,4,0,0.174,1.463,-0.076,1.557,-0.054,1.32,-0.155,1.681,-0.086,1.681,-0.086
605393,4,0,0.174,1.06,-0.058,1.209,-0.063,1.248,-0.092,1.578,-0.083,1.578,-0.083
605403,4,0,0.174,0.941,-0.052,0.984,-0.068,1.228,-0.006,1.369,-0.075,1.369,-0.075
605413,4,0,0.174,1.006,-0.052,1.01,-0.045,1.254,0.017,1.258,-0.062,1.258,-0.062
605423,4,0,0.174,1.121,-0.055,1.1,-0.065,1.317,-0.001,1.218,-0.052,1.218,-0.052
605433,4,0,0.174,1.221,-0.059,1.176,-0.061,1.378,-0.015,1.177,-0.053,1.177,-0.053
605443,4,0,0.174,1.285,-0.063,1.267,-0.063,1.463,-0.019,1.192,-0.05,1.192,-0.05
605453,4,0,0.174,1.32,-0.066,1.323,-0.063,1.592,0.02,1.256,-0.051,1.256,-0.051
605463,4,0,0.174,1.362,-0.063,1.333,-0.073,1.721,0.043,1.272,-0.044,1.272,-0.044
605473,4,0,0.174,1.37,-0.059,1.349,-0.061,1.805,0.056,1.293,-0.038,1.293,-0.038
605483,4,0,0.174,1.389,-0.059,1.387,-0.06,1.885,0.071,1.332,-0.033,1.332,-0.033
605493,4,0,0.174,1.419,-0.06,1.41,-0.062,1.986,0.087,1.373,-0.037,1.373,-0.037
605503,4,0,0.174,1.437,-0.059,1.41,-0.06,2.073,0.095,1.392,-0.028,1.392,-0.028
605513,4,0,0.174,1.474,-0.054,1.436,-0.058,2.168,0.079,1.416,-0.024,1.416,-0.024
605523,4,0,0.174,1.296,-0.044,1.358,-0.062,2.266,0.05,1.429,-0.021,1.429,-0.021
605533,4,0,0.174,1.002,-0.035,1.091,-0.032,2.356,0.017,1.383,-0.024,1.383,-0.024
605543,4,0,0.174,0.806,-0.026,0.852,-0.031,2.482,-0.007,1.301,-0.021,1.301,-0.021
605553,4,0,0.174,0.906,-0.02,0.834,-0.049,2.61,-0.006,1.192,-0.022,1.192,-0.022
605563,4,0,0.174,0.819,-0.016,0.849,-0.026,2.765,-0.027,1.133,-0.023,1.133,-0.023
605573,4,0,0.174,0.624,-0.012,0.686,-0.012,3.032,-0.061,1.032,-0.023,1.032,-0.023
605583,4,0,0.174,0.571,-0.007,0.538,0.012,3.379,-0.094,0.95,-0.024,0.95,-0.024
605593,4,0,0.174,0.837,0.004,0.74,-0.009,3.702,-0.079,0.94,-0.029,0.94,-0.029
605603,4,0,0.174,1.082,-0.002,0.967,0.005,3.975,-0.089,0.986,-0.031,0.986,-0.031
605613,4,0,0.174,1.051,-0.007,1.081,-0.01,4.142,-0.092,1.076,-0.026,1.076,-0.026
605623,4,0,0.174,0.822,-0.007,0.87,-0.015,4.188,-0.089,1.129,-0.03,1.129,-0.03
605633,4,0,0.174,0.564,-0.005,0.613,0.002,4.204,-0.052,1.034,-0.024,1.034,-0.024
605643,4,0,0.174,0.397,-0.004,0.431,-0.008,4.331,-0.051,0.974,-0.022,0.974,-0.022
605653,4,0,0.174,0.261,-0.003,0.283,-0.012,4.539,-0.022,0.947,-0.021,0.947,-0.021
605663,4,0,0.174,0.243,-0.003,0.211,0.011,4.698,-0.006,0.979,-0.015,0.979,-0.015
605673,4,0,0.174,0.618,-0.012,0.469,-0.033,4.616,0.01,1.074,-0.011,1.074,-0.011
605683,4,0,0.174,1.089,-0.03,0.924,-0.028,4.486,-0.002,1.233,-0.011,1.233,-0.011
605693,4,0,0.174,1.509,-0.044,1.359,-0.036,4.495,-0.048,1.572,-0.017,1.572,-0.017
605703,4,0,0.174,1.779,-0.049,1.668,-0.053,4.576,-0.093,1.914,-0.033,1.914,-0.033
605713,4,0,0.174,1.989,-0.052,1.891,-0.055,4.611,-0.103,2.081,-0.047,2.081,-0.047
605723,4,0,0.174,2.151,-0.06,2.081,-0.043,4.471,-0.112,2.386,-0.053,2.386,-0.053
605733,4,0,0.174,2.28,-0.067,2.235,-0.07,4.203,-0.017,2.598,-0.056,2.598,-0.056
605743,4,0,0.174,2.375,-0.062,2.338,-0.071,3.941,0.063,2.655,-0.056,2.655,-0.056
605753,4,0,0.174,2.454,-0.056,2.419,-0.052,3.711,0.107,2.718,-0.046,2.718,-0.046
605763,4,0,0.174,2.522,-0.045,2.503,-0.045,3.518,0.108,2.793,-0.031,2.793,-0.031
605773,4,0,0.174,2.608,-0.022,2.568,-0.044,3.351,0.092,2.853,-0.02,2.853,-0.02
605783,4,0,0.174,2.664,-0.012,2.654,-0.026,3.225,0.068,2.884,-0.013,2.884,-0.013
605793,4,0,0.174,2.68,-0.007,2.684,0.011,3.135,0.058,2.869,-0.002,2.869,-0.002
605803,4,0,0.174,2.672,-0.001,2.683,-0.011,3.104,0.049,2.872,0.003,2.872,0.003
605813,4,0,0.174,2.691,0,2.672,-0.012,3.102,0.042,2.87,0.003,2.87,0.003
605823,4,0,0.174,2.698,0,2.683,0.011,3.129,0.034,2.873,0.006,2.873,0.006
605833,4,0,0.174,2.71,0.007,2.7,0.009,3.173,0.042,2.884,0.01,2.884,0.01
605843,4,0,0.174,2.686,0.005,2.695,-0.004,3.226,0.032,2.865,0.008,2.865,0.008
605853,4,0,0.174,2.674,-0.007,2.686,0.008,3.325,0.012,2.908,0.008,2.908,0.008
605863,4,0,0.174,2.658,-0.015,2.649,-0.006,3.445,-0.011,2.952,0.005,2.952,0.005
605873,4,0,0.174,2.636,-0.016,2.628,-0.028,3.546,0.019,2.94,-0.003,2.94,-0.003
605883,4,0,0.174,2.619,-0.02,2.62,-0.021,3.598,0.015,2.98,-0.006,2.98,-0.006
605893,4,0,0.174,2.619,-0.032,2.624,-0.013,3.631,0.025,2.97,-0.007,2.97,-0.007
605903,4,0,0.174,2.667,-0.035,2.654,-0.04,3.67,0.042,2.962,-0.01,2.962,-0.01
605913,4,0,0.174,2.689,-0.035,2.653,-0.044,3.71,0.045,3.025,-0.011,3.025,-0.011
605923,4,0,0.174,2.688,-0.034,2.672,-0.039,3.778,0.017,2.952,-0.021,2.952,-0.021
605933,4,0,0.174,2.692,-0.032,2.68,-0.03,3.908,-0.014,3.017,-0.022,3.017,-0.022
605943,4,0,0.174,2.693,-0.027,2.682,-0.036,4.068,-0.098,3.118,-0.028,3.118,-0.028
605953,4,0,0.174,2.712,-0.018,2.692,-0.025,4.127,-0.15,3.244,-0.039,3.244,-0.039
605963,4,0,0.174,2.759,-0.018,2.768,-0.045,4.028,-0.132,3.329,-0.048,3.329,-0.048
605973,4,0,0.174,2.817,-0.029,2.781,-0.009,3.898,-0.038,3.415,-0.048,3.415,-0.048
605983,4,0,0.174,2.852,-0.035,2.824,-0.019,3.827,0.025,3.392,-0.035,3.392,-0.035
605993,4,0,0.174,2.857,-0.026,2.84,-0.032,3.822,0.061,3.393,-0.025,3.393,-0.025
606003,4,0,0.174,2.844,-0.019,2.845,-0.034,3.836,0.051,3.422,-0.017,3.422,-0.017
606013,4,0,0.174,2.846,-0.012,2.86,0.002,3.818,0.046,3.297,-0.007,3.297,-0.007
606023,4,0,0.174,2.891,-0.012,2.877,-0.011,3.761,0.06,3.324,0,3.324,0
606033,4,0,0.174,2.916,-0.017,2.883,-0.014,3.702,0.059,3.343,0.003,3.343,0.003
606043,4,0,0.174,2.931,-0.019,2.921,-0.022,3.753,0.035,3.325,0.002,3.325,0.002
606053,4,0,0.174,2.932,-0.014,2.919,-0.018,3.896,0.037,3.201,-0.005,3.201,-0.005
606063,4,0,0.174,2.926,0.001,2.917,-0.006,4.044,0.031,3.265,-0.002,3.265,-0.002
606073,4,0,0.174,2.945,0.014,2.934,0.011,4.089,0.035,3.381,0.002,3.381,0.002
606083,4,0,0.174,2.983,0.016,2.986,0.007,4.011,0.043,3.426,0.008,3.426,0.008
606093,4,0,0.174,3.017,0.005,3.008,0.011,3.963,0.038,3.486,0.012,3.486,0.012
606103,4,0,0.174,3.008,0.003,2.993,0.006,4.021,0.014,3.544,0.012,3.544,0.012
606113,4,0,0.174,3.005,-0.001,2.987,0,4.079,0.013,3.505,0.01,3.505,0.01
606123,4,0,0.174,3.024,-0.005,2.998,-0.004,4.087,0.004,3.586,0.009,3.586,0.009
606133,4,0,0.174,3.039,-0.007,3.057,0,4.022,0.007,3.622,0.007,3.622,0.007
606143,4,0,0.174,3.079,-0.01,3.083,-0.029,3.915,0.01,3.594,0.003,3.594,0.003
606153,4,0,0.174,3.127,-0.012,3.089,-0.006,3.851,0.003,3.611,0.002,3.611,0.002
606163,4,0,0.174,3.154,-0.005,3.134,-0.001,3.865,-0.032,3.466,-0.003,3.466,-0.003
606173,4,0,0.174,3.131,0,3.128,-0.004,3.942,-0.047,3.497,-0.006,3.497,-0.006
606183,4,0,0.174,3.112,0,3.113,-0.01,4.007,-0.072,3.561,-0.013,3.561,-0.013
606193,4,0,0.174,3.097,-0.013,3.119,0.001,3.952,-0.056,3.576,-0.017,3.576,-0.017
606203,4,0,0.174,3.111,-0.016,3.095,-0.009,3.89,-0.018,3.596,-0.016,3.596,-0.016
606213,4,0,0.174,3.1,-0.013,3.1,-0.021,3.92,0.013,3.601,-0.014,3.601,-0.014
606223,4,0,0.174,3.085,-0.019,3.077,-0.017,4.008,0.036,3.605,-0.012,3.605,-0.012
606233,4,0,0.174,3.064,-0.023,3.077,0.007,4.04,0.086,3.634,-0.001,3.634,-0.001
606243,4,0,0.174,3.046,-0.016,3.064,-0.021,4.01,0.104,3.671,0.012,3.671,0.012
606253,4,0,0.174,3.061,-0.009,3.046,-0.031,3.936,0.078,3.608,0.009,3.608,0.009
606263,4,0,0.174,3.089,-0.014,3.085,-0.007,3.905,0.017,3.59,0.008,3.59,0.008
606273,4,0,0.174,3.104,-0.014,3.083,0.004,3.923,-0.009,3.559,0.004,3.559,0.004
606283,4,0,0.174,3.108,-0.004,3.105,-0.005,3.98,-0.012,3.537,0,3.537,0
606293,4,0,0.174,3.104,0.002,3.094,-0.001,4.035,-0.008,3.52,-0.004,3.52,-0.004
606303,4,0,0.174,3.123,-0.004,3.124,-0.008,4.06,-0.029,3.568,-0.007,3.568,-0.007
606313,4,0,0.174,3.12,-0.016,3.121,0,4.062,-0.036,3.597,-0.006,3.597,-0.006
606323,4,0,0.174,3.131,-0.015,3.11,-0.026,4.094,-0.026,3.592,-0.012,3.592,-0.012
606333,4,0,0.174,3.16,-0.014,3.141,-0.016,4.129,-0.012,3.61,-0.016,3.61,-0.016
606343,4,0,0.174,3.181,-0.022,3.182,-0.005,4.153,-0.013,3.677,-0.016,3.677,-0.016
606353,4,0,0.174,3.181,-0.023,3.194,-0.01,4.132,0.023,3.677,-0.011,3.677,-0.011
606363,4,0,0.174,3.198,-0.015,3.178,-0.029,4.098,0.027,3.671,-0.011,3.671,-0.011
606373,4,0,0.174,3.227,-0.016,3.196,-0.025,4.054,0.011,3.627,-0.013,3.627,-0.013
606383,4,0,0.174,3.219,-0.021,3.233,-0.012,4.039,-0.012,3.609,-0.011,3.609,-0.011
606393,0,0,0.174,3.208,-0.022,3.213,-0.028,4.056,-0.015,3.634,-0.013,3.634,-0.013
606403,0,0,0.174,3.217,-0.018,3.197,-0.024,4.084,-0.026,3.585,-0.017,3.585,-0.017
606413,0,0,0.174,3.225,-0.012,3.204,-0.01,4.08,-0.019,3.627,-0.019,3.627,-0.019
606423,0,0,0.174,3.217,-0.012,3.229,-0.005,4.06,-0.015,3.68,-0.018,3.68,-0.018
606433,0,0,0.174,3.216,-0.019,3.228,-0.017,3.991,0.009,3.62,-0.013,3.62,-0.013
606443,0,0,0.174,3.197,-0.025,3.212,-0.04,3.912,0.002,3.597,-0.013,3.597,-0.013
606453,0,0,0.174,3.204,-0.025,3.18,-0.004,3.833,-0.019,3.527,-0.016,3.527,-0.016
606463,0,0,0.174,3.216,-0.021,3.212,-0.013,3.791,-0.036,3.461,-0.017,3.461,-0.017
606473,0,0,0.174,3.217,-0.013,3.219,-0.006,3.775,-0.024,3.396,-0.019,3.396,-0.019
606483,0,0,0.174,3.209,-0.008,3.228,-0.037,3.771,-0.035,3.363,-0.02,3.363,-0.02
606493,0,0,0.174,3.198,-0.014,3.185,0.012,3.76,-0.035,3.356,-0.021,3.356,-0.021
606503,0,0,0.174,3.181,-0.016,3.194,0,3.746,-0.008,3.334,-0.015,3.334,-0.015
606513,0,0,0.174,3.188,-0.005,3.194,-0.028,3.726,0.014,3.26,-0.02,3.26,-0.02
606523,0,0,0.174,3.21,-0.001,3.205,-0.018,3.694,-0.014,3.264,-0.019,3.264,-0.019
606533,0,0,0.174,3.219,0.007,3.203,0.022,3.638,-0.017,3.252,-0.004,3.252,-0.004
606543,0,0,0.174,3.2,0.018,3.206,0.009,3.578,-0.005,3.256,-0.001,3.256,-0.001
606553,0,0,0.174,3.241,0.023,3.236,-0.002,3.503,0.002,3.253,-0.002,3.253,-0.002
606563,0,0,0.174,3.255,0.022,3.261,0.041,3.417,-0.015,3.259,0.005,3.259,0.005
606573,0,0,0.174,3.221,0.02,3.23,0.035,3.317,-0.013,3.261,0.011,3.261,0.011
606583,0,0,0.174,3.191,0.018,3.199,-0.011,3.208,-0.025,3.246,0.006,3.246,0.006
606593,0,0,0.174,3.164,0.016,3.191,0.02,3.083,-0.043,3.232,0.003,3.232,0.003
606603,0,0,0.174,3.153,0.018,3.178,0.03,2.957,-0.053,3.209,0.007,3.209,0.007
606613,0,0,0.174,3.119,0.021,3.135,0.021,2.808,-0.041,3.185,0.004,3.185,0.004
606623,0,0,0.174,3.063,0.024,3.103,-0.01,2.68,-0.065,3.156,-0.002,3.156,-0.002
606633,0,0,0.174,3.011,0.021,3.052,0.046,2.594,-0.081,3.097,0.014,3.097,0.014
606643,0,0,0.174,2.97,0.024,3,0.023,2.451,-0.082,3.067,0.008,3.067,0.008
606653,0,0,0.174,2.916,0.019,2.969,0.007,2.278,-0.043,2.99,0.006,2.99,0.006
606663,0,0,0.174,2.865,0.017,2.886,0.036,2.147,-0.051,2.963,0.005,2.963,0.005
606673,0,0,0.174,2.823,0.019,2.875,-0.005,2.086,-0.068,2.926,0.002,2.926,0.002
606683,0,0,0.174,2.764,0.016,2.82,0.026,2.072,-0.099,2.891,-0.004,2.891,-0.004
606693,0,0,0.174,2.706,0.011,2.736,0.029,2.012,-0.083,2.841,-0.008,2.841,-0.008
606703,0,0,0.174,2.642,0.007,2.68,0.001,1.878,-0.012,2.772,-0.007,2.772,-0.007
606713,0,0,0.174,2.577,0,2.62,-0.008,1.729,0.051,2.712,-0.003,2.712,-0.003
606723,0,0,0.174,2.534,0,2.588,0.019,1.619,0.012,2.65,0.005,2.65,0.005
606733,0,0,0.174,2.493,0,2.531,-0.018,1.547,-0.023,2.597,0,2.597,0
606743,0,0,0.174,2.473,0.013,2.507,0.005,1.457,-0.046,2.54,-0.001,2.54,-0.001
606753,0,0,0.174,2.412,0.016,2.453,0.028,1.363,-0.07,2.496,-0.004,2.496,-0.004
606763,0,0,0.174,2.353,0.02,2.417,0.008,1.296,-0.086,2.452,-0.008,2.452,-0.008
606773,0,0,0.174,2.283,0.017,2.344,0.021,1.202,-0.056,2.401,-0.011,2.401,-0.011
606783,0,0,0.174,2.111,0.006,2.21,0.012,1.079,-0.031,2.325,-0.003,2.325,-0.003
606793,0,0,0.174,1.599,0,1.79,-0.014,0.865,-0.022,2.222,-0.004,2.222,-0.004
606803,0,0,0.174,1.175,0,1.361,-0.023,0.727,0.089,2.05,-0.003,2.05,-0.003
606813,0,0,0.174,0.796,0,0.952,0.016,0.665,0.056,1.575,0.015,1.575,0.015
606823,0,0,0.174,0.523,0,0.646,-0.002,0.629,-0.014,1.132,0.007,1.132,0.007
606833,0,0,0.174,0.323,0,0.421,0.008,0.676,-0.033,0.967,0.004,0.967,0.004
606843,0,0,0.174,0.215,0,0.282,-0.016,0.791,-0.007,0.856,0,0.856,0
606853,0,0,0.174,0.136,0,0.18,-0.002,0.934,0.007,0.794,0,0.794,0
606863,0,0,0.174,0.142,0,0.11,0.004,1.11,0.02,0.75,0.002,0.75,0.002
606873,0,0,0.174,0.397,0,0.302,-0.013,1.243,0.032,0.71,0.004,0.71,0.004
606883,0,0,0.174,0.639,0,0.581,0.006,1.286,0.029,0.769,0.007,0.769,0.007
606893,0,0,0.174,0.619,0,0.66,0.014,1.22,0.048,0.819,0.013,0.819,0.013
606903,0,0,0.174,0.517,0,0.573,-0.015,1.075,0.042,0.803,0.012,0.803,0.012
606913,0,0,0.174,0.476,0,0.494,-0.009,0.92,0.019,0.772,0.008,0.772,0.008
606923,0,0,0.174,0.567,0,0.567,0.003,0.844,-0.038,0.744,0.004,0.744,0.004
606933,0,0,0.174,0.501,0,0.544,-0.002,0.851,-0.031,0.63,-0.001,0.63,-0.001
606943,0,0,0.174,0.378,0,0.425,0.011,0.839,-0.01,0.63,-0.002,0.63,-0.002
606953,0,0,0.174,0.308,0,0.356,-0.001,0.755,-0.01,0.625,-0.002,0.625,-0.002
606963,0,0,0.174,0.409,0,0.414,-0.006,0.604,-0.022,0.594,-0.005,0.594,-0.005
606973,0,0,0.174,0.529,-0.007,0.509,0.002,0.427,-0.047,0.56,-0.008,0.56,-0.008
606983,0,0,0.174,0.481,-0.01,0.537,0.004,0.31,-0.07,0.529,-0.014,0.529,-0.014
606993,0,0,0.174,0.355,-0.009,0.428,-0.017,0.261,-0.009,0.485,-0.015,0.485,-0.015
607003,0,0,0.174,0.258,-0.007,0.331,-0.01,0.258,0.02,0.41,-0.011,0.41,-0.011
607013,0,0,0.174,0.174,-0.005,0.238,-0.002,0.259,0.028,0.362,-0.007,0.362,-0.007
607023,0,0,0.174,0.123,-0.005,0.156,-0.006,0.229,0.047,0.316,-0.002,0.316,-0.002
607033,0,0,0.174,0.085,-0.005,0.131,-0.004,0.196,0.014,0.272,0.002,0.272,0.002
607043,0,0,0.174,0.074,-0.001,0.093,0.004,0.177,0.049,0.225,0.003,0.225,0.003
607053,0,0,0.174,0.07,0,0.115,-0.009,0.177,0.044,0.198,0.007,0.198,0.007
607063,0,0,0.174,0.115,0,0.135,0.002,0.193,0.019,0.19,0.008,0.19,0.008
607073,0,0,0.174,0.166,0,0.158,0.013,0.19,-0.012,0.184,0.007,0.184,0.007
607083,0,0,0.174,0.192,0,0.19,-0.004,0.17,-0.005,0.181,0.005,0.181,0.005
607095,0,0,0.174,0.177,0,0.209,-0.006,0.126,0.002,0.182,0.002,0.182,0.002
607103,0,0,0.174,0.133,0,0.169,0.001,0.068,0.01,0.172,0.002,0.172,0.002
607113,0,0,0.174,0.102,0,0.141,0.001,0.03,0.014,0.155,0.002,0.155,0.002
607123,0,0,0.174,0.062,0,0.098,0.001,-0.009,0.014,0.129,0.003,0.129,0.003
607133,0,0,0.174,0.038,0,0.064,-0.002,-0.037,0.013,0.108,0.003,0.108,0.003
607143,-2,0,0.174,0.014,0,0.027,-0.002,-0.062,0.011,0.082,0.003,0.082,0.003
607153,-2,0,0.174,-0.025,0,-0.02,0.003,-0.095,0.01,0.03,0.003,0.03,0.003
607163,-2,0,0.174,-0.057,0,-0.046,0.002,-0.137,0.012,0.004,0.004,0.004,0.004
607173,-2,0,0.174,-0.075,0,-0.06,-0.004,-0.17,0.013,-0.024,0.004,-0.024,0.004
607183,-2,0,0.174,-0.098,0,-0.082,-0.01,-0.18,0.022,-0.054,-0.002,-0.054,-0.002
607195,-2,0,0.174,-0.122,0,-0.114,0,-0.18,0.021,-0.066,0,-0.066,0
607203,-2,0,0.174,-0.112,0,-0.132,0.006,-0.183,0.018,-0.108,0.006,-0.108,0.006
607213,-2,0,0.174,-0.093,0,-0.106,-0.003,-0.186,0.021,-0.112,0.006,-0.112,0.006
607223,-2,0,0.174,-0.074,0,-0.078,-0.001,-0.184,0.02,-0.101,0.003,-0.101,0.003
607233,-2,0,0.174,-0.084,0,-0.086,0.003,-0.179,0.018,-0.092,0.004,-0.092,0.004
607243,-2,0,0.174,-0.098,0,-0.102,0.001,-0.172,0.018,-0.095,0.004,-0.095,0.004
607253,-2,0,0.174,-0.109,0,-0.108,0,-0.166,0.02,-0.099,0.004,-0.099,0.004
607263,-2,0,0.174,-0.119,0,-0.115,-0.001,-0.16,0.022,-0.106,0.003,-0.106,0.003
607273,-2,0,0.174,-0.125,0,-0.123,-0.002,-0.156,0.023,-0.12,-0.001,-0.12,-0.001
607283,-2,0,0.174,-0.129,0,-0.127,-0.001,-0.158,0.022,-0.123,-0.001,-0.123,-0.001
607293,-2,0,0.174,-0.131,0,-0.127,0,-0.165,0.023,-0.125,0.001,-0.125,0.001
607303,-2,0,0.174,-0.135,0,-0.127,0,-0.181,0.024,-0.127,0.002,-0.127,0.002
607313,-2,0,0.174,-0.141,0,-0.131,0.001,-0.208,0.021,-0.128,0.002,-0.128,0.002
607323,-2,0,0.174,-0.153,0,-0.137,0.001,-0.249,0.013,-0.131,0.003,-0.131,0.003
607333,-2,0,0.174,-0.147,0,-0.134,-0.003,-0.301,0.002,-0.135,0.001,-0.135,0.001
607343,-2,0,0.174,-0.16,0,-0.139,-0.003,-0.36,-0.014,-0.137,-0.001,-0.137,-0.001
607353,-2,0,0.174,-0.191,0,-0.166,-0.001,-0.458,-0.035,-0.146,-0.003,-0.146,-0.003
607363,-2,0,0.174,-0.226,0,-0.193,0.011,-0.599,-0.036,-0.16,-0.004,-0.16,-0.004
607373,-2,0,0.174,-0.274,0.002,-0.239,-0.002,-0.797,-0.02,-0.182,-0.005,-0.182,-0.005
607383,-2,0,0.174,-0.297,0.009,-0.266,0.002,-1.039,0.019,-0.228,-0.002,-0.228,-0.002
607393,-2,0,0.174,-0.259,0.009,-0.245,0.011,-1.264,0.031,-0.252,0.003,-0.252,0.003
607403,-2,0,0.174,-0.224,0.015,-0.201,0.021,-1.433,-0.005,-0.266,0.006,-0.266,0.006
607413,-2,0,0.174,-0.263,0.021,-0.239,0.012,-1.542,-0.052,-0.277,0.004,-0.277,0.004
607423,-2,0,0.174,-0.352,0.024,-0.302,0.024,-1.56,-0.033,-0.303,0.005,-0.303,0.005
607433,-2,0,0.174,-0.467,0.029,-0.415,0.032,-1.593,-0.054,-0.357,0.006,-0.357,0.006
607443,-2,0,0.174,-0.588,0.034,-0.498,-0.009,-1.607,-0.077,-0.435,-0.003,-0.435,-0.003
607453,-2,0,0.174,-0.688,0.034,-0.653,0.06,-1.747,-0.116,-0.568,-0.001,-0.568,-0.001
607463,-2,0,0.174,-0.631,0.031,-0.627,0.019,-2.002,-0.154,-0.736,-0.01,-0.736,-0.01
607473,-2,0,0.174,-0.601,0.032,-0.565,0.046,-2.15,-0.08,-0.858,-0.012,-0.858,-0.012
607483,-2,0,0.174,-0.582,0.038,-0.591,0.035,-2.199,0.019,-0.965,-0.002,-0.965,-0.002
607493,-2,0,0.174,-0.441,0.031,-0.454,0.02,-2.119,0.07,-1.072,0.01,-1.072,0.01
607503,-2,0,0.174,-0.349,0.024,-0.384,0.029,-1.916,0.081,-1.09,0.02,-1.09,0.02
607513,-2,0,0.174,-0.259,0.017,-0.279,0.011,-1.776,0.07,-1.015,0.027,-1.015,0.027
607523,-2,0,0.174,-0.319,0.02,-0.293,0.044,-1.715,0.08,-0.97,0.032,-0.97,0.032
607533,-2,0,0.174,-0.513,0.034,-0.417,0.016,-1.73,0.065,-0.693,0.027,-0.693,0.027
607543,-2,0,0.174,-0.58,0.04,-0.56,0.04,-1.776,0.058,-0.724,0.032,-0.724,0.032
607553,-2,0,0.174,-0.477,0.034,-0.492,0.046,-1.831,0.064,-0.769,0.035,-0.769,0.035
607563,-2,0,0.174,-0.49,0.035,-0.454,0.031,-1.896,0.059,-0.779,0.039,-0.779,0.039
607573,-2,0,0.174,-0.506,0.036,-0.488,0.031,-1.954,0.035,-0.828,0.038,-0.828,0.038
607583,-2,0,0.174,-0.474,0.033,-0.459,0.035,-1.993,-0.006,-0.855,0.032,-0.855,0.032
607593,-2,0,0.174,-0.669,0.043,-0.596,0.049,-2.134,-0.045,-0.856,0.03,-0.856,0.03
607603,-2,0,0.174,-0.793,0.048,-0.736,0.049,-2.288,-0.056,-0.921,0.03,-0.921,0.03
607613,-2,0,0.174,-0.767,0.044,-0.75,0.044,-2.371,-0.053,-1.038,0.025,-1.038,0.025
607623,-2,0,0.174,-0.897,0.047,-0.847,0.032,-2.346,-0.041,-1.163,0.02,-1.163,0.02
607633,-2,0,0.174,-1.08,0.05,-1.04,0.047,-2.272,-0.019,-1.211,0.028,-1.211,0.028
607643,-2,0,0.174,-1.248,0.055,-1.197,0.057,-2.194,0.022,-1.326,0.029,-1.326,0.029
607653,-2,0,0.174,-1.306,0.058,-1.278,0.051,-2.132,0.026,-1.366,0.043,-1.366,0.043
607663,-2,0,0.174,-1.152,0.05,-1.188,0.04,-2.098,0.021,-1.411,0.044,-1.411,0.044
607673,-2,0,0.174,-0.904,0.038,-0.998,0.05,-2.041,0.009,-1.423,0.042,-1.423,0.042
607683,-2,0,0.174,-0.871,0.034,-0.9,0.029,-1.995,0.017,-1.348,0.039,-1.348,0.039
607693,-2,0,0.174,-1.035,0.038,-0.959,0.02,-1.955,0.02,-1.292,0.035,-1.292,0.035
607703,-2,0,0.174,-1.074,0.038,-1.099,0.036,-1.928,0.03,-1.344,0.034,-1.344,0.034
607713,-2,0,0.174,-0.935,0.031,-1.002,0.049,-1.961,0.057,-1.162,0.044,-1.162,0.044
607723,-2,0,0.174,-0.915,0.03,-0.922,0.032,-1.979,0.047,-1.198,0.045,-1.198,0.045
607733,-2,0,0.174,-1.027,0.039,-0.991,0.03,-1.98,0.031,-1.213,0.04,-1.213,0.04
607743,-2,0,0.174,-0.883,0.036,-0.927,0.039,-1.994,0.023,-1.254,0.037,-1.254,0.037
607753,-2,0,0.174,-0.706,0.027,-0.78,0.033,-2.04,0.007,-1.204,0.037,-1.204,0.037
607763,-2,0,0.174,-0.563,0.022,-0.611,0.02,-2.079,0.027,-1.164,0.033,-1.164,0.033
607773,-2,0,0.174,-0.629,0.024,-0.61,0.03,-2.092,0.02,-1.23,0.03,-1.23,0.03
607783,-2,0,0.174,-0.528,0.021,-0.549,0.017,-2.127,-0.003,-1.173,0.025,-1.173,0.025
607793,-2,0,0.174,-0.433,0.014,-0.44,0.014,-2.199,-0.04,-0.898,0.022,-0.898,0.022
607803,-2,0,0.174,-0.614,0.022,-0.551,0.015,-2.302,-0.066,-0.889,0.014,-0.889,0.014
607813,-2,0,0.174,-0.896,0.034,-0.782,0.031,-2.318,-0.085,-0.992,0.007,-0.992,0.007
607823,-2,0,0.174,-1.144,0.038,-1.06,0.015,-2.32,-0.057,-1.148,0.002,-1.148,0.002
607833,-2,0,0.174,-1.03,0.032,-1.086,0.033,-2.391,-0.021,-1.235,0.023,-1.235,0.023
607843,-2,0,0.174,-0.826,0.025,-0.888,0.031,-2.457,-0.018,-1.309,0.021,-1.309,0.021
607853,-2,0,0.174,-0.869,0.026,-0.82,0.024,-2.436,-0.023,-1.292,0.016,-1.292,0.016
607863,-2,0,0.174,-1.081,0.032,-0.992,0.024,-2.37,-0.019,-1.289,0.018,-1.289,0.018
607873,-2,0,0.174,-1.315,0.046,-1.24,0.046,-2.285,-0.007,-1.364,0.021,-1.364,0.021
607883,-2,0,0.174,-1.49,0.054,-1.448,0.043,-2.229,0.008,-1.44,0.028,-1.44,0.028
607893,-2,0,0.174,-1.438,0.052,-1.476,0.062,-2.2,0.007,-1.534,0.03,-1.534,0.03
607903,-2,0,0.174,-1.326,0.048,-1.359,0.054,-2.17,0.011,-1.567,0.039,-1.567,0.039
607913,-2,0,0.174,-1.3,0.05,-1.295,0.024,-2.11,0.015,-1.595,0.037,-1.595,0.037
607923,-2,0,0.174,-1.408,0.053,-1.378,0.055,-2.036,0.025,-1.635,0.035,-1.635,0.035
607933,-2,0,0.174,-1.529,0.054,-1.506,0.072,-1.98,0.029,-1.623,0.047,-1.623,0.047
607943,-2,0,0.174,-1.62,0.063,-1.601,0.062,-1.935,0.031,-1.656,0.048,-1.656,0.048
607953,-2,0,0.174,-1.689,0.074,-1.668,0.066,-1.893,0.025,-1.69,0.049,-1.69,0.049
607963,-4,0,0.174,-1.691,0.078,-1.676,0.07,-1.857,0.035,-1.712,0.051,-1.712,0.051
607973,-4,0,0.174,-1.698,0.071,-1.715,0.08,-1.824,0.034,-1.729,0.053,-1.729,0.053
607983,-4,0,0.174,-1.712,0.074,-1.73,0.061,-1.805,0.038,-1.74,0.058,-1.74,0.058
607993,-4,0,0.174,-1.722,0.075,-1.731,0.078,-1.786,0.034,-1.747,0.057,-1.747,0.057
608003,-4,0,0.174,-1.72,0.073,-1.696,0.082,-1.726,0.042,-1.736,0.061,-1.736,0.061
608013,-4,0,0.174,-1.684,0.07,-1.706,0.051,-1.667,0.044,-1.729,0.06,-1.729,0.06
608023,-4,0,0.174,-1.588,0.063,-1.665,0.073,-1.632,0.043,-1.715,0.06,-1.715,0.06
608033,-4,0,0.174,-1.258,0.049,-1.38,0.061,-1.589,0.03,-1.648,0.06,-1.648,0.06
608043,-4,0,0.174,-0.902,0.035,-1.031,0.047,-1.564,0.013,-1.57,0.055,-1.57,0.055
608053,-4,0,0.174,-0.628,0.024,-0.707,-0.006,-1.583,0.005,-1.393,0.041,-1.393,0.041
608063,-4,0,0.174,-0.674,0.017,-0.641,0.037,-1.623,-0.004,-1.305,0.032,-1.305,0.032
608073,-4,0,0.174,-0.85,0.022,-0.803,0.049,-1.713,-0.021,-1.146,0.029,-1.146,0.029
608083,-4,0,0.174,-1.008,0.036,-0.967,0.029,-1.867,-0.003,-1.12,0.024,-1.12,0.024
608093,-4,0,0.174,-0.906,0.036,-0.929,0.02,-2.038,0.034,-1.101,0.024,-1.101,0.024
608103,-4,0,0.174,-0.795,0.031,-0.784,0.035,-2.157,0.006,-1.062,0.023,-1.062,0.023
608113,-4,0,0.174,-0.929,0.031,-0.894,0.043,-2.272,-0.012,-1.003,0.028,-1.003,0.028
608123,-4,0,0.174,-1.148,0.035,-1.078,0.029,-2.415,0.023,-1.009,0.028,-1.009,0.028
608133,-4,0,0.174,-1.3,0.038,-1.235,0.032,-2.597,0.03,-1.065,0.029,-1.065,0.029
608143,-4,0,0.174,-1.45,0.042,-1.36,0.049,-2.815,-0.024,-1.167,0.03,-1.167,0.03
608153,-4,0,0.174,-1.364,0.042,-1.394,0.045,-3.078,-0.127,-1.272,0.021,-1.272,0.021
608165,-4,0,0.174,-1.056,0.033,-1.118,0.017,-3.282,-0.168,-1.306,0.003,-1.306,0.003
608173,-4,0,0.174,-0.668,0.021,-0.736,0.036,-3.432,-0.189,-1.284,-0.017,-1.284,-0.017
608183,-4,0,0.174,-0.536,0.017,-0.594,0.034,-3.415,-0.168,-1.22,-0.027,-1.22,-0.027
608193,-4,0,0.174,-0.398,0.013,-0.444,0.005,-3.314,-0.073,-0.942,-0.02,-0.942,-0.02
608202,-4,0,0.174,-0.29,0.009,-0.3,0.008,-3.278,-0.004,-0.816,-0.013,-0.816,-0.013
608212,-4,0,0.174,-0.196,0.006,-0.208,0.021,-3.373,-0.042,-0.772,-0.011,-0.772,-0.011
608223,-4,0,0.174,-0.128,0.004,-0.138,0.009,-3.614,-0.149,-0.699,-0.018,-0.699,-0.018
608232,-4,0,0.174,-0.083,0.003,-0.043,-0.013,-3.903,-0.225,-0.593,-0.035,-0.593,-0.035
608242,-4,0,0.174,-0.052,0.002,-0.062,-0.007,-4.209,-0.226,-0.564,-0.054,-0.564,-0.054
608252,-4,0,0.174,-0.033,0,-0.026,0.01,-4.493,-0.346,-0.547,-0.069,-0.547,-0.069
608263,-4,0,0.174,-0.019,0.011,-0.003,0.018,-4.709,-0.515,-0.579,-0.101,-0.579,-0.101
608272,-4,0,0.174,-0.275,0.024,-0.14,0.015,-4.729,-0.614,-0.682,-0.147,-0.682,-0.147
608283,-4,0,0.174,-0.812,0.02,-0.634,0.034,-4.548,-0.603,-0.839,-0.167,-0.839,-0.167
608292,-4,0,0.174,-1.347,0.011,-1.189,0.018,-4.396,-0.547,-1.143,-0.19,-1.143,-0.19
608302,-4,0,0.174,-1.701,0.01,-1.54,0.001,-4.416,-0.438,-1.634,-0.201,-1.634,-0.201
608312,-4,0,0.174,-1.987,0.003,-1.851,0.008,-4.532,-0.325,-2.089,-0.152,-2.089,-0.152
608322,-4,0,0.174,-2.151,-0.015,-2.088,-0.003,-4.664,-0.309,-2.432,-0.129,-2.432,-0.129
608332,-4,0,0.174,-2.27,-0.008,-2.204,-0.001,-4.678,-0.375,-2.784,-0.137,-2.784,-0.137
608342,-4,0,0.174,-2.349,0.007,-2.302,0.004,-4.395,-0.307,-3.108,-0.154,-3.108,-0.154
608352,-4,0,0.174,-2.418,0.019,-2.476,-0.018,-3.954,-0.018,-3.264,-0.135,-3.264,-0.135
608362,-4,0,0.174,-2.48,0.033,-2.461,0.036,-3.481,0.282,-3.245,-0.068,-3.245,-0.068
608372,-4,0,0.174,-2.511,0.049,-2.489,0.044,-2.936,0.492,-3.089,0.014,-3.089,0.014
608382,-4,0,0.174,-2.496,0.074,-2.522,0.047,-2.426,0.556,-2.946,0.087,-2.946,0.087
608392,-4,0,0.174,-2.492,0.111,-2.547,0.08,-2.106,0.32,-2.737,0.123,-2.737,0.123
608402,-4,0,0.174,-2.505,0.136,-2.509,0.137,-1.914,-0.035,-2.572,0.118,-2.572,0.118
608412,-4,0,0.174,-2.486,0.148,-2.498,0.148,-1.995,-0.179,-2.45,0.092,-2.45,0.092
608422,-4,0,0.174,-2.462,0.149,-2.453,0.143,-2.304,-0.146,-2.411,0.074,-2.411,0.074
608432,-4,0,0.174,-2.449,0.142,-2.429,0.136,-2.577,-0.142,-2.429,0.068,-2.429,0.068
608442,-4,0,0.174,-2.437,0.126,-2.457,0.131,-2.855,-0.075,-2.486,0.068,-2.486,0.068
608452,-4,0,0.174,-2.417,0.118,-2.418,0.113,-3.209,0.012,-2.579,0.068,-2.579,0.068
608462,-4,0,0.174,-2.423,0.115,-2.388,0.113,-3.526,0.089,-2.718,0.072,-2.718,0.072
608472,-4,0,0.174,-2.427,0.116,-2.395,0.125,-3.691,0.104,-2.781,0.09,-2.781,0.09
608482,-4,0,0.174,-2.431,0.127,-2.417,0.118,-3.834,0.058,-2.929,0.093,-2.929,0.093
608492,-4,0,0.174,-2.459,0.139,-2.463,0.134,-3.949,-0.002,-2.989,0.093,-2.989,0.093
608502,-4,0,0.174,-2.475,0.146,-2.468,0.151,-3.886,0.01,-3.078,0.092,-3.078,0.092
608512,-4,0,0.174,-2.508,0.156,-2.486,0.153,-3.717,0.01,-3.084,0.097,-3.084,0.097
608522,-4,0,0.174,-2.517,0.166,-2.502,0.162,-3.633,0.006,-3.072,0.103,-3.072,0.103
608532,-4,0,0.174,-2.533,0.167,-2.531,0.177,-3.64,0.008,-2.966,0.115,-2.966,0.115
608542,-4,0,0.174,-2.529,0.164,-2.508,0.172,-3.659,0.009,-2.909,0.128,-2.909,0.128
608552,-4,0,0.174,-2.557,0.159,-2.524,0.16,-3.676,0.01,-2.911,0.131,-2.911,0.131
608562,-4,0,0.174,-2.595,0.157,-2.573,0.155,-3.737,0.028,-2.953,0.127,-2.953,0.127
608572,-4,0,0.174,-2.656,0.153,-2.626,0.166,-3.809,0.012,-2.986,0.126,-2.986,0.126
608582,-4,0,0.174,-2.72,0.154,-2.694,0.16,-3.897,-0.055,-3.034,0.124,-3.034,0.124
608592,-4,0,0.174,-2.793,0.154,-2.745,0.13,-3.985,-0.115,-3.084,0.114,-3.084,0.114
608602,-4,0,0.174,-2.836,0.146,-2.81,0.159,-4.037,-0.131,-3.197,0.097,-3.197,0.097
608612,-4,0,0.174,-2.89,0.144,-2.873,0.16,-4.076,-0.159,-3.228,0.096,-3.228,0.096
608622,-4,0,0.174,-2.917,0.143,-2.894,0.145,-4.068,-0.142,-3.296,0.086,-3.296,0.086
608632,-4,0,0.174,-2.977,0.14,-2.952,0.128,-3.98,-0.099,-3.25,0.093,-3.25,0.093
608642,-4,0,0.174,-3.03,0.125,-3.019,0.141,-3.899,-0.06,-3.232,0.103,-3.232,0.103
608652,-4,0,0.174,-3.075,0.121,-3.054,0.117,-3.862,-0.071,-3.282,0.097,-3.282,0.097
608662,-4,0,0.174,-3.098,0.121,-3.085,0.121,-3.91,-0.08,-3.326,0.087,-3.326,0.087
608672,-4,0,0.174,-3.116,0.122,-3.088,0.121,-3.98,-0.107,-3.325,0.089,-3.325,0.089
608682,-4,0,0.174,-3.124,0.122,-3.1,0.121,-3.996,-0.098,-3.378,0.082,-3.378,0.082
608692,-4,0,0.174,-3.156,0.122,-3.154,0.119,-3.952,-0.07,-3.456,0.073,-3.456,0.073
608702,-4,0,0.174,-3.18,0.116,-3.184,0.124,-3.888,-0.054,-3.416,0.08,-3.416,0.08
608712,-4,0,0.174,-3.18,0.107,-3.165,0.113,-3.871,-0.068,-3.476,0.07,-3.476,0.07
608722,-4,0,0.174,-3.193,0.1,-3.161,0.105,-3.88,-0.063,-3.475,0.068,-3.475,0.068
608732,-4,0,0.174,-3.186,0.095,-3.178,0.096,-3.89,-0.064,-3.438,0.07,-3.438,0.07
608742,-4,0,0.174,-3.203,0.091,-3.203,0.095,-3.918,-0.05,-3.484,0.063,-3.484,0.063
608752,-4,0,0.174,-3.211,0.09,-3.219,0.089,-3.921,-0.047,-3.405,0.071,-3.405,0.071
608762,-6,0,0.174,-3.228,0.092,-3.215,0.09,-3.891,-0.034,-3.435,0.068,-3.435,0.068
608772,-6,0,0.174,-3.247,0.092,-3.264,0.102,-3.881,0.008,-3.49,0.065,-3.49,0.065
608782,-6,0,0.174,-3.255,0.081,-3.249,0.076,-3.899,0.087,-3.561,0.065,-3.561,0.065
608792,-6,0,0.174,-3.238,0.073,-3.242,0.081,-3.972,0.09,-3.625,0.071,-3.625,0.071
608802,-6,0,0.174,-3.18,0.078,-3.169,0.078,-3.945,0.03,-3.68,0.071,-3.68,0.071
608812,-6,0,0.174,-3.102,0.087,-3.113,0.068,-3.82,-0.009,-3.685,0.06,-3.685,0.06
608822,-6,0,0.174,-3.058,0.091,-3.099,0.056,-3.691,-0.002,-3.659,0.05,-3.659,0.05
608832,-6,0,0.174,-3.05,0.076,-3.086,0.07,-3.618,0.021,-3.618,0.044,-3.618,0.044
608842,-6,0,0.174,-3.069,0.056,-3.092,0.094,-3.589,0.036,-3.573,0.046,-3.573,0.046
608852,-6,0,0.174,-3.065,0.06,-3.046,0.097,-3.562,0.006,-3.53,0.046,-3.53,0.046
608862,-6,0,0.174,-3.057,0.08,-3.024,0.034,-3.543,0.012,-3.465,0.041,-3.465,0.041
608872,-6,0,0.174,-3.075,0.086,-3.068,0.064,-3.558,0.031,-3.392,0.038,-3.392,0.038
608882,-6,0,0.174,-3.108,0.074,-3.116,0.092,-3.64,0.037,-3.363,0.041,-3.363,0.041
608892,-6,0,0.174,-3.151,0.072,-3.157,0.082,-3.718,0.015,-3.298,0.058,-3.298,0.058
608902,-6,0,0.174,-3.186,0.082,-3.157,0.067,-3.817,0.012,-3.292,0.054,-3.292,0.054
608912,-6,0,0.174,-3.214,0.077,-3.198,0.068,-3.938,0.044,-3.293,0.05,-3.293,0.05
608922,-6,0,0.174,-3.209,0.065,-3.201,0.08,-4.152,0.029,-3.286,0.062,-3.286,0.062
608932,-6,0,0.174,-3.201,0.06,-3.2,0.072,-4.43,-0.064,-3.282,0.059,-3.282,0.059
608942,-6,0,0.174,-3.204,0.067,-3.168,0.049,-4.639,-0.046,-3.3,0.047,-3.3,0.047
608952,-6,0,0.174,-3.231,0.075,-3.203,0.079,-4.709,0.017,-3.327,0.044,-3.327,0.044
608962,-6,0,0.174,-3.311,0.076,-3.299,0.064,-4.668,0.038,-3.36,0.048,-3.36,0.048
608972,-6,0,0.174,-3.342,0.075,-3.337,0.084,-4.627,0.021,-3.389,0.054,-3.389,0.054
608982,-6,0,0.174,-3.363,0.075,-3.354,0.077,-4.718,0.033,-3.43,0.054,-3.43,0.054
608992,-6,0,0.174,-3.374,0.081,-3.339,0.075,-4.854,0.057,-3.466,0.057,-3.466,0.057
609002,-6,0,0.174,-3.394,0.091,-3.374,0.086,-4.972,0.069,-3.473,0.066,-3.473,0.066
609012,-6,0,0.174,-3.392,0.089,-3.367,0.077,-5.065,0.042,-3.515,0.068,-3.515,0.068
609022,-6,0,0.174,-3.402,0.088,-3.392,0.102,-5.087,0.024,-3.556,0.066,-3.556,0.066
609032,-6,0,0.174,-3.458,0.094,-3.448,0.097,-5.065,0.034,-3.566,0.071,-3.566,0.071
609042,-6,0,0.174,-3.505,0.097,-3.473,0.092,-5.018,0.08,-3.606,0.073,-3.606,0.073
609052,-6,0,0.174,-3.561,0.1,-3.532,0.108,-5.026,0.081,-3.65,0.079,-3.65,0.079
609062,-6,0,0.174,-3.585,0.101,-3.551,0.09,-5.129,0.062,-3.653,0.088,-3.653,0.088
609072,-6,0,0.174,-3.596,0.093,-3.583,0.1,-5.278,0.049,-3.699,0.084,-3.699,0.084
609082,-6,0,0.174,-3.595,0.087,-3.586,0.095,-5.454,0.042,-3.762,0.083,-3.762,0.083
609092,-6,0,0.174,-3.608,0.091,-3.596,0.098,-5.542,0.029,-3.849,0.081,-3.849,0.081
609102,-6,0,0.174,-3.639,0.093,-3.622,0.096,-5.47,0.08,-3.944,0.083,-3.944,0.083
609112,-6,0,0.174,-3.683,0.088,-3.657,0.068,-5.352,0.103,-4.062,0.086,-4.062,0.086
609122,-6,0,0.174,-3.73,0.08,-3.7,0.092,-5.334,0.093,-4.165,0.086,-4.165,0.086
609132,-6,0,0.174,-3.757,0.078,-3.744,0.081,-5.426,0.035,-4.183,0.084,-4.183,0.084
609142,-6,0,0.174,-3.781,0.084,-3.763,0.069,-5.573,-0.003,-4.3,0.077,-4.3,0.077
609152,-6,0,0.174,-3.819,0.084,-3.796,0.088,-5.669,-0.056,-4.388,0.069,-4.388,0.069
609162,-6,0,0.174,-3.863,0.073,-3.823,0.052,-5.581,-0.079,-4.56,0.063,-4.56,0.063
609172,-6,0,0.174,-3.862,0.046,-3.876,0.072,-5.433,-0.047,-4.745,0.052,-4.745,0.052
609182,-6,0,0.174,-3.84,0.038,-3.863,0.05,-5.399,0.007,-4.8,0.049,-4.8,0.049
609192,-6,0,0.174,-3.834,0.039,-3.83,0.018,-5.426,0.004,-4.963,0.043,-4.963,0.043
609202,-6,0,0.174,-3.84,0.027,-3.811,0.039,-5.447,-0.039,-5.012,0.032,-5.012,0.032
609212,-6,0,0.174,-3.826,0.019,-3.805,0.011,-5.469,-0.147,-5.025,0.016,-5.025,0.016
609222,-6,0,0.174,-3.837,0.013,-3.834,0.024,-5.54,-0.215,-5.151,-0.01,-5.151,-0.01
609232,-6,0,0.174,-3.841,0.008,-3.864,0.037,-5.579,-0.154,-5.212,-0.025,-5.212,-0.025
609242,-6,0,0.174,-3.87,0.012,-3.883,-0.003,-5.537,-0.014,-5.3,-0.026,-5.3,-0.026
609252,-6,0,0.174,-3.923,0.017,-3.866,-0.023,-5.41,0.031,-5.328,-0.018,-5.328,-0.018
609262,-6,0,0.174,-3.961,0.016,-3.927,0.036,-5.307,-0.039,-5.186,-0.008,-5.186,-0.008
609272,-6,0,0.174,-3.969,0.023,-3.963,0.015,-5.359,-0.148,-5.123,-0.014,-5.123,-0.014
609282,-6,0,0.174,-3.967,0.038,-3.972,0.028,-5.535,-0.16,-4.951,-0.012,-4.951,-0.012
609292,-6,0,0.174,-3.963,0.04,-3.962,0.046,-5.636,-0.098,-5.033,-0.014,-5.033,-0.014
609302,-6,0,0.174,-3.979,0.035,-3.954,0.038,-5.6,-0.002,-5.075,-0.002,-5.075,-0.002
609312,-6,0,0.174,-4.002,0.033,-3.988,0.037,-5.567,0.038,-4.873,0.019,-4.873,0.019
609322,-6,0,0.174,-4.019,0.043,-4.013,0.042,-5.668,0.067,-4.787,0.027,-4.787,0.027
609332,-6,0,0.174,-4.026,0.051,-4.007,0.047,-5.813,0.062,-4.814,0.036,-4.814,0.036
609342,-6,0,0.174,-4.02,0.058,-4.009,0.06,-5.879,0.047,-4.88,0.042,-4.88,0.042
609352,-6,0,0.174,-4.038,0.048,-4.022,0.051,-5.833,0.043,-5.123,0.044,-5.123,0.044
609362,-6,0,0.174,-4.072,0.041,-4.075,0.053,-5.814,0.06,-5.133,0.048,-5.133,0.048
609372,-6,0,0.174,-4.078,0.037,-4.083,0.043,-5.876,0.052,-5.305,0.049,-5.305,0.049
609382,0,0,0.174,-4.071,0.04,-4.049,0.025,-5.928,0.037,-5.474,0.046,-5.474,0.046
609392,0,0,0.174,-4.084,0.041,-4.031,0.023,-5.869,-0.015,-5.585,0.038,-5.585,0.038
609402,0,0,0.174,-4.089,0.035,-4.107,0.056,-5.794,-0.062,-5.639,0.029,-5.639,0.029
609412,0,0,0.174,-4.097,0.034,-4.113,0.038,-5.761,-0.075,-5.625,0.021,-5.625,0.021
609422,0,0,0.174,-4.103,0.039,-4.096,0.021,-5.702,-0.041,-5.639,0.011,-5.639,0.011
609432,0,0,0.174,-4.128,0.046,-4.053,0.039,-5.55,-0.022,-5.537,0.008,-5.537,0.008
609442,0,0,0.174,-4.101,0.047,-4.128,0.057,-5.412,-0.023,-5.449,0.008,-5.449,0.008
609452,0,0,0.174,-4.05,0.053,-4.083,0.053,-5.426,-0.025,-5.323,0.009,-5.323,0.009
609462,0,0,0.174,-4.017,0.066,-4.061,0.067,-5.529,0.023,-5.078,0.022,-5.078,0.022
609472,0,0,0.174,-4.044,0.092,-4.056,0.077,-5.616,0.069,-5.069,0.03,-5.069,0.03
609482,0,0,0.174,-4.133,0.12,-4.047,0.104,-5.559,0.129,-4.988,0.049,-4.988,0.049
609492,0,0,0.174,-4.171,0.13,-4.161,0.137,-5.485,0.127,-4.913,0.071,-4.913,0.071
609502,0,0,0.174,-4.173,0.141,-4.186,0.142,-5.53,0.123,-4.825,0.09,-4.825,0.09
609512,0,0,0.174,-4.17,0.158,-4.18,0.148,-5.618,0.11,-4.71,0.106,-4.71,0.106
609522,0,0,0.174,-4.199,0.162,-4.164,0.138,-5.614,0.119,-4.682,0.113,-4.682,0.113
609532,0,0,0.174,-4.222,0.155,-4.213,0.176,-5.481,0.073,-4.591,0.127,-4.591,0.127
609542,0,0,0.174,-4.18,0.145,-4.201,0.153,-5.402,0.004,-4.543,0.124,-4.543,0.124
609552,0,0,0.174,-4.158,0.139,-4.166,0.132,-5.4,-0.077,-4.449,0.114,-4.449,0.114
609562,0,0,0.174,-3.664,0.117,-3.854,0.112,-5.4,-0.126,-4.277,0.111,-4.277,0.111
609572,0,0,0.174,-3.422,0.098,-3.472,0.12,-5.315,-0.159,-4.226,0.09,-4.226,0.09
609582,0,0,0.174,-3.573,0.088,-3.525,0.084,-5.223,-0.155,-4.167,0.066,-4.167,0.066
609592,0,0,0.174,-3.841,0.076,-3.764,0.069,-5.185,-0.16,-3.999,0.053,-3.999,0.053
609602,0,0,0.174,-4.096,0.049,-4.024,0.054,-5.173,-0.162,-4.009,0.036,-4.009,0.036
609612,0,0,0.174,-4.263,0.033,-4.19,0.041,-5.123,-0.174,-4.081,0.019,-4.081,0.019
609622,0,0,0.174,-4.364,0.02,-4.326,0.033,-4.989,-0.156,-4.152,0.002,-4.152,0.002
609632,0,0,0.174,-4.416,0.012,-4.428,0.008,-4.813,-0.122,-4.234,-0.011,-4.234,-0.011
609642,0,0,0.174,-4.411,0.001,-4.435,-0.004,-4.623,-0.069,-4.321,-0.015,-4.321,-0.015
609652,0,0,0.174,-4.382,-0.009,-4.388,0,-4.388,-0.038,-4.347,-0.017,-4.347,-0.017
609662,0,0,0.174,-4.398,-0.006,-4.406,-0.006,-4.121,0.01,-4.358,-0.01,-4.358,-0.01
609672,0,0,0.174,-4.407,-0.009,-4.428,-0.005,-3.88,0.064,-4.348,-0.004,-4.348,-0.004
609682,0,0,0.174,-4.342,-0.018,-4.399,-0.011,-3.658,0.096,-4.335,0.002,-4.335,0.002
609692,0,0,0.174,-4.24,-0.013,-4.289,-0.019,-3.385,0.096,-4.31,0.005,-4.31,0.005
609702,0,0,0.174,-4.144,-0.004,-4.192,-0.005,-3.03,0.086,-4.227,0.001,-4.227,0.001
609712,0,0,0.174,-4.032,0.003,-4.112,0.003,-2.687,0.072,-4.167,0.004,-4.167,0.004
609722,0,0,0.174,-3.929,0,-3.994,0.015,-2.516,0.099,-4.095,0.011,-4.095,0.011
609732,0,0,0.174,-3.901,0,-3.93,-0.013,-2.557,0.128,-4.01,0.019,-4.01,0.019
609742,0,0,0.174,-3.862,0,-3.883,0.005,-2.641,0.126,-3.929,0.024,-3.929,0.024
609752,0,0,0.174,-3.826,-0.001,-3.865,0.007,-2.607,0.079,-3.86,0.03,-3.86,0.03
609762,0,0,0.174,-3.77,-0.01,-3.826,-0.011,-2.475,0.041,-3.801,0.023,-3.801,0.023
609772,0,0,0.174,-3.71,-0.019,-3.736,-0.011,-2.255,0.023,-3.749,0.007,-3.749,0.007
609782,0,0,0.174,-3.675,-0.023,-3.706,-0.021,-1.982,0.028,-3.701,-0.003,-3.701,-0.003
609792,0,0,0.174,-3.613,-0.022,-3.666,-0.014,-1.813,0.04,-3.663,-0.01,-3.663,-0.01
609802,0,0,0.174,-3.534,-0.013,-3.58,-0.014,-1.883,0.029,-3.609,-0.007,-3.609,-0.007
609812,0,0,0.174,-3.501,-0.008,-3.521,-0.022,-2.09,0.05,-3.545,-0.006,-3.545,-0.006
609822,0,0,0.174,-3.453,-0.007,-3.489,0.004,-2.199,0.062,-3.488,0.002,-3.488,0.002
609832,0,0,0.174,-3.374,-0.006,-3.433,-0.008,-2.131,0.031,-3.43,0.006,-3.43,0.006
609842,0,0,0.174,-3.279,-0.005,-3.335,-0.02,-1.88,0.036,-3.359,0.006,-3.359,0.006
609852,0,0,0.174,-3.211,-0.015,-3.252,-0.011,-1.529,0.049,-3.276,0.007,-3.276,0.007
609862,0,0,0.174,-3.156,-0.016,-3.209,-0.004,-1.196,-0.076,-3.196,0.001,-3.196,0.001
609872,0,0,0.174,-3.13,0.004,-3.162,-0.005,-0.985,-0.274,-3.112,-0.024,-3.112,-0.024
609882,0,0,0.174,-3.049,0.019,-3.083,0.006,-0.95,-0.257,-3.024,-0.057,-3.024,-0.057
609892,0,0,0.174,-2.97,0.032,-3.004,0.052,-1.117,-0.12,-2.968,-0.035,-2.968,-0.035
609902,0,0,0.174,-2.905,0.044,-2.943,0.042,-1.461,-0.014,-2.926,-0.022,-2.926,-0.022
609912,0,0,0.174,-2.83,0.052,-2.87,0.041,-1.584,0.069,-2.882,-0.005,-2.882,-0.005
609922,0,0,0.174,-2.727,0.051,-2.78,0.063,-1.337,0.086,-2.822,0.013,-2.822,0.013
609932,0,0,0.174,-2.471,0.048,-2.623,0.053,-0.936,0.037,-2.735,0.027,-2.735,0.027
609942,0,0,0.174,-2.131,0.045,-2.265,0.048,-0.568,-0.005,-2.55,0.035,-2.55,0.035
609952,0,0,0.174,-2.057,0.05,-2.102,0.038,-0.301,-0.047,-2.329,0.032,-2.329,0.032
609962,0,0,0.174,-2.087,0.059,-2.099,0.049,-0.329,-0.05,-2.223,0.025,-2.223,0.025
609972,0,0,0.174,-2.127,0.064,-2.119,0.072,-0.599,-0.016,-2.109,0.025,-2.109,0.025
609982,0,0,0.174,-2.157,0.07,-2.171,0.066,-0.885,0.077,-2.035,0.038,-2.035,0.038
609992,0,0,0.174,-2.167,0.077,-2.193,0.079,-1.016,0.134,-1.956,0.052,-1.956,0.052
610002,0,0,0.174,-2.093,0.08,-2.141,0.081,-0.883,0.114,-1.825,0.064,-1.825,0.064
610012,0,0,0.174,-1.889,0.077,-2.034,0.076,-0.546,0.086,-1.664,0.07,-1.664,0.07
610022,0,0,0.174,-1.49,0.062,-1.648,0.069,-0.226,0,-1.551,0.067,-1.551,0.067
610032,0,0,0.174,-1.055,0.044,-1.247,0.048,-0.074,-0.057,-1.343,0.054,-1.343,0.054
610042,0,0,0.174,-0.684,0.029,-0.855,0.042,-0.169,-0.033,-1.173,0.043,-1.173,0.043
610052,0,0,0.174,-0.448,0.019,-0.544,0.024,-0.363,0.015,-1.027,0.037,-1.027,0.037
610062,0,0,0.174,-0.36,0.02,-0.398,0.01,-0.535,0.091,-0.905,0.038,-0.905,0.038
610072,0,0,0.174,-0.584,0.044,-0.476,0.029,-0.788,0.178,-0.782,0.049,-0.782,0.049
610082,0,0,0.174,-0.902,0.07,-0.841,0.057,-1.031,0.138,-0.79,0.066,-0.79,0.066
610092,0,0,0.174,-1.109,0.079,-1.049,0.071,-1.112,0.07,-0.862,0.071,-0.862,0.071
610102,0,0,0.174,-1.225,0.077,-1.207,0.069,-1.018,0.114,-0.932,0.073,-0.932,0.073
610112,0,0,0.174,-1.285,0.068,-1.299,0.068,-0.866,0.241,-0.99,0.086,-0.99,0.086
610122,0,0,0.174,-1.318,0.055,-1.337,0.071,-0.7,0.273,-1.001,0.108,-1.001,0.108
610132,0,0,0.174,-1.314,0.047,-1.336,0.068,-0.558,0.183,-0.985,0.118,-0.985,0.118
610142,0,0,0.174,-1.284,0.04,-1.32,0.05,-0.558,0.132,-0.982,0.111,-0.982,0.111
610152,0,0,0.174,-1.256,0.024,-1.287,0.036,-0.563,0.059,-0.993,0.096,-0.993,0.096
610162,0,0,0.174,-1.214,-0.01,-1.273,0,-0.441,-0.005,-1.011,0.065,-1.011,0.065
610172,0,0,0.174,-1.039,-0.028,-1.127,-0.017,-0.275,-0.073,-0.994,0.034,-0.994,0.034
610182,0,0,0.174,-0.799,-0.028,-0.92,-0.021,-0.1,-0.071,-0.897,0.013,-0.897,0.013
610192,0,0,0.174,-0.557,-0.022,-0.689,-0.014,-0.026,-0.031,-0.769,0.002,-0.769,0.002
610202,0,0,0.174,-0.4,-0.023,-0.487,-0.009,-0.016,-0.001,-0.629,-0.002,-0.629,-0.002
610212,0,0,0.174,-0.344,-0.034,-0.391,-0.033,0.001,0.008,-0.497,-0.009,-0.497,-0.009
610222,0,0,0.174,-0.284,-0.038,-0.337,-0.039,0.011,-0.005,-0.414,-0.018,-0.414,-0.018
610232,0,0,0.174,-0.231,-0.041,-0.281,-0.047,-0.025,-0.045,-0.358,-0.023,-0.358,-0.023
610242,0,0,0.174,-0.197,-0.055,-0.226,-0.045,-0.086,-0.087,-0.311,-0.031,-0.311,-0.031
610252,0,0,0.174,-0.216,-0.084,-0.229,-0.075,-0.157,-0.133,-0.279,-0.044,-0.279,-0.044
610262,0,0,0.174,-0.238,-0.109,-0.23,-0.115,-0.19,-0.159,-0.254,-0.07,-0.254,-0.07
610272,0,0,0.174,-0.247,-0.137,-0.257,-0.132,-0.182,-0.174,-0.243,-0.096,-0.243,-0.096
610282,0,0,0.174,-0.228,-0.158,-0.264,-0.156,-0.156,-0.168,-0.239,-0.114,-0.239,-0.114
610292,0,0,0.174,-0.184,-0.142,-0.219,-0.155,-0.117,-0.145,-0.231,-0.132,-0.231,-0.132
610302,0,0,0.174,-0.145,-0.125,-0.176,-0.142,-0.085,-0.133,-0.205,-0.139,-0.205,-0.139
610312,0,0,0.174,-0.108,-0.107,-0.138,-0.127,-0.067,-0.127,-0.176,-0.137,-0.176,-0.137
610322,0,0,0.174,-0.073,-0.078,-0.096,-0.096,-0.051,-0.112,-0.155,-0.131,-0.155,-0.131
610332,0,0,0.174,-0.048,-0.058,-0.06,-0.071,-0.028,-0.092,-0.118,-0.11,-0.118,-0.11
610342,0,0,0.174,-0.024,-0.046,-0.04,-0.062,-0.001,-0.064,-0.082,-0.089,-0.082,-0.089
610352,0,0,0.174,0.002,-0.035,-0.015,-0.047,0.02,-0.039,-0.041,-0.064,-0.041,-0.064
610362,0,0,0.174,0.025,-0.021,0.016,-0.032,0.034,-0.018,-0.026,-0.055,-0.026,-0.055
610372,0,0,0.174,0.04,-0.007,0.036,-0.015,0.044,0,0,-0.039,0,-0.039
610382,0,0,0.174,0.049,0.005,0.045,-0.002,0.052,0.017,0.027,-0.019,0.027,-0.019
610392,0,0,0.174,0.054,0.018,0.052,0.011,0.057,0.03,0.038,-0.006,0.038,-0.006
610402,0,0,0.174,0.057,0.03,0.059,0.027,0.06,0.04,0.049,0.009,0.049,0.009
610412,0,0,0.174,0.059,0.038,0.06,0.037,0.062,0.045,0.058,0.027,0.058,0.027
610422,0,0,0.174,0.06,0.044,0.061,0.042,0.062,0.05,0.06,0.035,0.06,0.035
610432,0,0,0.174,0.06,0.048,0.061,0.047,0.061,0.051,0.061,0.041,0.061,0.041
610442,0,0,0.174,0.06,0.05,0.061,0.051,0.058,0.049,0.061,0.046,0.061,0.046
610452,0,0,0.174,0.051,0.043,0.057,0.049,0.053,0.047,0.06,0.049,0.06,0.049
610462,0,0,0.174,0.039,0.034,0.047,0.04,0.047,0.043,0.053,0.044,0.053,0.044
610472,0,0,0.174,0.031,0.028,0.036,0.033,0.041,0.037,0.043,0.038,0.043,0.038
610482,0,0,0.174,0.027,0.024,0.032,0.028,0.034,0.03,0.036,0.032,0.036,0.032
610492,0,0,0.174,0.025,0.021,0.029,0.024,0.026,0.023,0.031,0.027,0.031,0.027
610502,0,0,0.174,0.022,0.017,0.025,0.02,0.019,0.017,0.027,0.023,0.027,0.023
610512,0,0,0.174,0.018,0.013,0.022,0.016,0.012,0.01,0.024,0.019,0.024,0.019
610522,0,0,0.174,0.013,0.008,0.015,0.01,0.007,0.005,0.02,0.014,0.02,0.014
610532,0,0,0.174,0.008,0.005,0.009,0.005,0.002,0.002,0.012,0.007,0.012,0.007
610542,0,0,0.174,0.004,0.003,0.001,0.001,0,0,0.007,0.004,0.007,0.004
610552,0,0,0.174,0,0.001,0,0,-0.001,0,0.001,0.001,0.001,0.001
610562,0,0,0.174,0,0,0,0,-0.001,0,0,0,0,0
610572,0,0,0.174,0,0,0,0,0,0,0,0,0,0
610582,0,0,0.174,0,0,0,0,0,0,0,0,0,0
610592,0,0,0.174,0,0,0,0,0.001,0.001,0,0,0,0
610602,2,0,0.174,0,0,0,0,0,0,0,0,0,0
610612,2,0,0.174,0,0,0,0,0,0,0,0,0,0
610622,2,0,0.174,0,0,0,0,0,0,0,0,0,0
610632,2,0,0.174,0,0,0,0,0,0,0,0,0,0
610642,2,0,0.174,0,0,0,0,0,0,0,0,0,0
610652,2,0,0.174,0,0,0,0,0,0,0,0,0,0
610662,2,0,0.174,0,0,0,0,0,0,0,0,0,0
610672,2,0,0.174,0,0,0,0,0.001,0,0,0,0,0
610682,2,0,0.174,0,0,0,0,0.003,0.001,0,0,0,0
610692,2,0,0.174,0,0,0,0,0.005,0.001,0,0,0,0
610702,2,0,0.174,0,0,-0.001,0,0.01,0.001,0,0,0,0
610712,2,0,0.174,0,0,-0.003,-0.001,0.018,0.002,-0.001,0,-0.001,0
610722,2,0,0.174,0.002,0,-0.004,-0.001,0.029,0.002,-0.003,-0.001,-0.003,-0.001
610732,2,0,0.174,0.014,0,0.004,-0.001,0.045,0.001,-0.002,-0.001,-0.002,-0.001
610742,2,0,0.174,0.026,0,0.013,-0.003,0.063,0.005,0.005,-0.002,0.005,-0.002
610752,2,0,0.174,0.04,0,0.026,-0.002,0.085,0.011,0.019,-0.002,0.019,-0.002
610762,2,0,0.174,0.06,0,0.045,-0.001,0.119,0.02,0.028,-0.001,0.028,-0.001
610772,2,0,0.174,0.081,0,0.064,-0.001,0.18,0.055,0.037,0.001,0.037,0.001
610782,2,0,0.174,0.103,0,0.083,-0.006,0.248,0.08,0.047,0.006,0.047,0.006
610792,2,0,0.174,0.133,0,0.102,0.006,0.3,0.051,0.061,0.009,0.061,0.009
610802,2,0,0.174,0.167,0,0.143,0.005,0.393,0.05,0.086,0.012,0.086,0.012
610812,2,0,0.174,0.199,0,0.17,-0.005,0.607,0.102,0.111,0.015,0.111,0.015
610822,2,0,0.174,0.233,0,0.195,-0.007,0.884,0.115,0.151,0.011,0.151,0.011
610832,2,0,0.174,0.273,0,0.233,0.009,1.124,0.125,0.177,0.018,0.177,0.018
610842,2,0,0.174,0.319,0,0.291,-0.006,1.209,0.113,0.232,0.019,0.232,0.019
610852,2,0,0.174,0.367,0,0.34,0.002,1.193,0.078,0.278,0.016,0.278,0.016
610862,2,0,0.174,0.412,0,0.368,0.005,1.279,0.042,0.317,0.015,0.317,0.015
610872,2,0,0.174,0.462,0,0.418,-0.001,1.471,0.039,0.387,0.004,0.387,0.004
610882,2,0,0.174,0.531,0,0.486,0.007,1.694,0.027,0.43,0.005,0.43,0.005
610892,2,0,0.174,0.576,0,0.53,0.01,1.857,0.017,0.503,0.005,0.503,0.005
610902,2,0,0.174,0.614,0,0.584,-0.01,1.899,0.048,0.6,0.007,0.6,0.007
610912,2,0,0.174,0.668,0.005,0.624,-0.011,1.782,0.035,0.701,0.003,0.701,0.003
610922,2,0,0.174,0.742,0.014,0.709,0.017,1.694,0.044,0.761,0.01,0.761,0.01
610932,2,0,0.174,0.799,0.02,0.75,0.011,1.712,0.045,0.831,0.013,0.831,0.013
610942,2,0,0.174,0.853,0.023,0.818,0.008,1.78,0.032,0.913,0.014,0.913,0.014
610952,2,0,0.174,0.921,0.02,0.883,0.039,1.79,0.03,0.945,0.03,0.945,0.03
610962,2,0,0.174,0.952,0.021,0.927,0.026,1.764,0.04,1.001,0.03,1.001,0.03
610972,2,0,0.174,0.974,0.024,0.941,0.007,1.76,0.055,1.022,0.021,1.022,0.021
610982,2,0,0.174,1.017,0.021,0.99,0.028,1.724,0.047,1.071,0.023,1.071,0.023
610992,2,0,0.174,1.059,0.014,1.034,0.026,1.749,0.046,1.109,0.025,1.109,0.025
611002,2,0,0.174,1.094,0.011,1.061,-0.003,1.796,0.054,1.121,0.018,1.121,0.018
611012,2,0,0.174,1.126,0.011,1.107,0.017,1.808,0.06,1.164,0.019,1.164,0.019
611022,2,0,0.174,1.172,0.013,1.152,0.017,1.79,0.062,1.212,0.022,1.212,0.022
611032,2,0,0.174,1.216,0.017,1.192,0.003,1.792,0.051,1.275,0.024,1.275,0.024
611042,2,0,0.174,1.245,0.012,1.228,0.018,1.789,0.005,1.328,0.02,1.328,0.02
611052,2,0,0.174,1.245,0.003,1.252,0.009,1.819,-0.008,1.355,0.017,1.355,0.017
611062,2,0,0.174,1.213,-0.008,1.227,0.003,1.886,0.023,1.4,0.015,1.4,0.015
611072,2,0,0.174,1.081,-0.003,1.095,-0.009,1.923,0.044,1.415,0.013,1.415,0.013
611082,2,0,0.174,1.001,0,1,0.005,1.869,0.028,1.409,0.01,1.409,0.01
611092,2,0,0.174,1.034,0,1.033,0.011,1.815,0.051,1.405,0.014,1.405,0.014
611102,2,0,0.174,1.106,0,1.082,-0.016,1.837,0.076,1.401,0.018,1.401,0.018
611112,2,0,0.174,1.197,0,1.161,-0.007,1.874,0.079,1.422,0.02,1.422,0.02
611122,2,0,0.174,1.278,0,1.231,0.021,1.895,0.061,1.403,0.021,1.403,0.021
611132,2,0,0.174,1.33,0,1.301,0.001,1.911,0.064,1.442,0.024,1.442,0.024
611142,2,0,0.174,1.372,0,1.362,-0.012,1.91,0.054,1.477,0.02,1.477,0.02
611152,2,0,0.174,1.429,0,1.419,-0.013,1.919,0.032,1.488,0.013,1.488,0.013
611162,2,0,0.174,1.463,-0.007,1.446,0.008,1.922,0.027,1.537,0.012,1.537,0.012
611172,2,0,0.174,1.463,-0.019,1.454,-0.005,1.941,0.045,1.567,0.012,1.567,0.012
611182,2,0,0.174,1.483,-0.02,1.461,-0.013,1.994,0.055,1.603,0.013,1.603,0.013
611192,2,0,0.174,1.478,-0.014,1.473,-0.039,2.003,0.032,1.643,0.01,1.643,0.01
611202,2,0,0.174,1.483,-0.018,1.487,-0.005,1.962,-0.002,1.666,0.004,1.666,0.004
611212,2,0,0.174,1.357,-0.016,1.41,-0.003,1.927,0.011,1.648,0.004,1.648,0.004
611222,2,0,0.174,1.269,-0.015,1.292,-0.041,1.899,0.009,1.566,-0.009,1.566,-0.009
611232,2,0,0.174,1.297,-0.019,1.285,-0.022,1.901,-0.014,1.539,-0.011,1.539,-0.011
611242,2,0,0.174,1.369,-0.02,1.338,-0.005,1.934,-0.011,1.448,-0.008,1.448,-0.008
611252,2,0,0.174,1.426,-0.021,1.389,-0.026,1.974,0.008,1.483,-0.008,1.483,-0.008
611262,2,0,0.174,1.495,-0.021,1.475,-0.024,1.989,-0.01,1.534,-0.012,1.534,-0.012
611272,2,0,0.174,1.538,-0.022,1.538,-0.032,2.018,-0.024,1.582,-0.012,1.582,-0.012
611282,2,0,0.174,1.548,-0.025,1.51,-0.02,2.07,-0.038,1.643,-0.017,1.643,-0.017
611292,2,0,0.174,1.559,-0.023,1.543,-0.015,2.101,-0.033,1.676,-0.02,1.676,-0.02
611302,2,0,0.174,1.588,-0.018,1.578,-0.028,2.103,-0.026,1.718,-0.02,1.718,-0.02
611312,2,0,0.174,1.622,-0.021,1.626,-0.031,2.07,-0.023,1.745,-0.025,1.745,-0.025
611322,2,0,0.174,1.408,-0.025,1.481,-0.002,2.045,-0.024,1.763,-0.023,1.763,-0.023
611332,2,0,0.174,1.061,-0.021,1.161,-0.03,2.033,-0.006,1.753,-0.019,1.753,-0.019
611342,2,0,0.174,0.975,-0.021,1.009,-0.044,2.003,-0.005,1.661,-0.024,1.661,-0.024
611352,4,0,0.174,1.082,-0.028,1.055,-0.01,1.983,-0.007,1.628,-0.022,1.628,-0.022
611362,4,0,0.174,1.252,-0.027,1.191,-0.018,1.992,0.014,1.605,-0.015,1.605,-0.015
611372,4,0,0.174,1.418,-0.016,1.347,-0.042,2.018,0.032,1.616,-0.011,1.616,-0.011
611382,4,0,0.174,1.505,-0.012,1.474,-0.016,2.033,0.018,1.654,-0.011,1.654,-0.011
611392,4,0,0.174,1.565,-0.017,1.572,-0.011,1.996,0.01,1.687,-0.009,1.687,-0.009
611402,4,0,0.174,1.638,-0.023,1.626,-0.005,1.956,0.003,1.688,-0.006,1.688,-0.006
611412,4,0,0.174,1.658,-0.018,1.641,-0.035,1.929,0.005,1.696,-0.007,1.696,-0.007
611422,4,0,0.174,1.677,-0.013,1.668,-0.031,1.904,-0.007,1.686,-0.017,1.686,-0.017
611432,4,0,0.174,1.697,-0.014,1.69,-0.013,1.885,-0.02,1.692,-0.018,1.692,-0.018
611442,4,0,0.174,1.715,-0.012,1.716,0,1.875,-0.016,1.702,-0.012,1.702,-0.012
611452,4,0,0.174,1.702,-0.006,1.704,-0.015,1.883,0.003,1.71,-0.009,1.71,-0.009
611462,4,0,0.174,1.701,-0.002,1.721,-0.025,1.89,0,1.714,-0.013,1.714,-0.013
611472,4,0,0.174,1.689,-0.009,1.696,0.002,1.926,0,1.718,-0.011,1.718,-0.011
611482,4,0,0.174,1.668,-0.011,1.65,0.011,1.991,0.012,1.718,-0.005,1.718,-0.005
611492,4,0,0.174,1.655,-0.003,1.638,-0.021,2.05,0.043,1.713,-0.002,1.713,-0.002
611502,4,0,0.174,1.657,0,1.661,-0.004,2.098,0.042,1.712,0.001,1.712,0.001
611512,4,0,0.174,1.679,0,1.694,0.002,2.143,0.036,1.716,0.006,1.716,0.006
611522,4,0,0.174,1.698,0,1.674,0.001,2.219,0.009,1.723,0.009,1.723,0.009
611532,4,0,0.174,1.725,0,1.698,-0.004,2.326,0.027,1.719,0.004,1.719,0.004
611542,4,0,0.174,1.73,-0.015,1.714,-0.019,2.462,0.044,1.723,0.002,1.723,0.002
611552,4,0,0.174,1.757,-0.015,1.743,-0.013,2.604,0.031,1.739,0.003,1.739,0.003
611562,4,0,0.174,1.756,-0.01,1.745,-0.014,2.737,0.017,1.761,0.002,1.761,0.002
611572,4,0,0.174,1.777,-0.008,1.743,-0.007,2.799,0.04,1.76,-0.006,1.76,-0.006
611582,4,0,0.174,1.82,-0.009,1.787,-0.015,2.87,0.048,1.774,-0.003,1.774,-0.003
611592,4,0,0.174,1.859,-0.012,1.841,-0.012,3.006,0.074,1.807,0.001,1.807,0.001
611602,4,0,0.174,1.911,-0.014,1.87,-0.012,3.155,0.025,1.841,0.004,1.841,0.004
611612,4,0,0.174,1.939,-0.017,1.912,-0.015,3.307,-0.009,1.889,-0.008,1.889,-0.008
611622,4,0,0.174,1.964,-0.017,1.939,-0.015,3.533,-0.043,1.924,-0.01,1.924,-0.01
611632,4,0,0.174,2.004,-0.018,1.976,-0.013,3.764,-0.08,1.971,-0.02,1.971,-0.02
611642,4,0,0.174,2.025,-0.021,2.004,-0.018,3.88,-0.097,2.023,-0.026,2.023,-0.026
611652,4,0,0.174,2.03,-0.026,2.022,-0.021,3.889,-0.028,2.088,-0.026,2.088,-0.026
611662,4,0,0.174,2.075,-0.026,2.049,-0.02,3.819,0.064,2.071,-0.03,2.071,-0.03
611672,4,0,0.174,2.132,-0.031,2.098,-0.038,3.762,0.132,2.142,-0.021,2.142,-0.021
611682,4,0,0.174,2.204,-0.034,2.173,-0.035,3.809,0.13,2.266,-0.008,2.266,-0.008
611692,4,0,0.174,2.235,-0.037,2.203,-0.036,3.899,0.114,2.412,-0.006,2.412,-0.006
611702,4,0,0.174,2.271,-0.03,2.252,-0.026,3.996,0.08,2.562,-0.005,2.562,-0.005
611712,4,0,0.174,2.296,-0.022,2.269,-0.023,4.035,0.083,2.518,-0.016,2.518,-0.016
611722,4,0,0.174,2.362,-0.025,2.334,-0.02,3.938,0.08,2.58,-0.013,2.58,-0.013
611732,4,0,0.174,2.43,-0.025,2.401,-0.009,3.793,0.073,2.681,-0.006,2.681,-0.006
611742,4,0,0.174,2.476,-0.022,2.451,-0.028,3.7,0.055,2.758,-0.007,2.758,-0.007
611752,4,0,0.174,2.504,-0.022,2.495,-0.026,3.708,0.059,2.797,-0.01,2.797,-0.01
611762,4,0,0.174,2.535,-0.027,2.508,-0.006,3.77,0.038,2.855,-0.007,2.855,-0.007
611772,4,0,0.174,2.537,-0.024,2.507,-0.024,3.765,0.051,2.91,-0.005,2.91,-0.005
611782,4,0,0.174,2.55,-0.022,2.558,-0.024,3.678,0.032,2.971,-0.005,2.971,-0.005
611792,4,0,0.174,2.593,-0.03,2.583,-0.03,3.606,-0.005,2.938,-0.013,2.938,-0.013
611802,4,0,0.174,2.612,-0.039,2.598,-0.034,3.588,-0.03,2.969,-0.018,2.969,-0.018
611812,4,0,0.174,2.64,-0.041,2.618,-0.042,3.632,-0.013,2.956,-0.023,2.956,-0.023
611822,4,0,0.174,2.658,-0.042,2.643,-0.05,3.687,0.007,2.991,-0.026,2.991,-0.026
611832,4,0,0.174,2.642,-0.047,2.639,-0.045,3.729,0.04,3.057,-0.025,3.057,-0.025
611842,4,0,0.174,2.647,-0.054,2.635,-0.049,3.742,0.045,2.961,-0.023,2.961,-0.023
611852,4,0,0.174,2.685,-0.059,2.661,-0.057,3.719,0.026,2.985,-0.026,2.985,-0.026
611862,4,0,0.174,2.74,-0.063,2.7,-0.055,3.748,-0.013,3.003,-0.035,3.003,-0.035
611872,4,0,0.174,2.761,-0.068,2.737,-0.057,3.839,-0.024,3.022,-0.042,3.022,-0.042
611882,4,0,0.174,2.77,-0.069,2.758,-0.063,3.979,-0.027,3.143,-0.043,3.143,-0.043
611892,4,0,0.174,2.751,-0.074,2.755,-0.069,4.071,-0.004,3.197,-0.047,3.197,-0.047
611902,4,0,0.174,2.745,-0.074,2.741,-0.088,4.013,0.014,3.088,-0.058,3.088,-0.058
611912,4,0,0.174,2.738,-0.075,2.743,-0.072,3.918,0.007,3.106,-0.058,3.106,-0.058
611922,4,0,0.174,2.741,-0.074,2.71,-0.086,3.899,-0.009,3.172,-0.056,3.172,-0.056
611932,4,0,0.174,2.743,-0.076,2.715,-0.081,3.949,0.015,3.152,-0.059,3.152,-0.059
611942,4,0,0.174,2.748,-0.076,2.741,-0.074,4.037,0.016,3.169,-0.057,3.169,-0.057
611952,4,0,0.174,2.749,-0.078,2.725,-0.072,4.055,0.017,3.107,-0.061,3.107,-0.061
611962,4,0,0.174,2.807,-0.082,2.787,-0.092,4.022,0.006,3.049,-0.065,3.049,-0.065
611972,4,0,0.174,2.878,-0.087,2.836,-0.077,4.009,-0.005,3.069,-0.068,3.069,-0.068
611982,4,0,0.174,2.899,-0.09,2.888,-0.088,4.066,0,3.128,-0.07,3.128,-0.07
611992,4,0,0.174,2.89,-0.081,2.876,-0.09,4.203,0.016,3.215,-0.068,3.215,-0.068
612002,4,0,0.174,2.923,-0.07,2.879,-0.084,4.299,0.005,3.292,-0.067,3.292,-0.067
612012,4,0,0.174,2.988,-0.067,2.95,-0.067,4.248,-0.017,3.434,-0.062,3.434,-0.062
612022,4,0,0.174,3.015,-0.064,3.029,-0.067,4.116,-0.048,3.459,-0.063,3.459,-0.063
612032,4,0,0.174,3.019,-0.064,3.035,-0.056,4.014,-0.033,3.502,-0.06,3.502,-0.06
612042,4,0,0.174,3.017,-0.058,3.002,-0.068,3.967,-0.002,3.533,-0.055,3.533,-0.055
612052,4,0,0.174,2.989,-0.066,2.977,-0.064,3.951,0.043,3.527,-0.049,3.527,-0.049
612062,4,0,0.174,2.943,-0.072,2.96,-0.048,3.921,0.066,3.556,-0.037,3.556,-0.037
612072,4,0,0.174,2.956,-0.07,2.958,-0.089,3.842,0.083,3.516,-0.032,3.516,-0.032
612082,4,0,0.174,2.995,-0.07,2.998,-0.097,3.781,0.047,3.506,-0.031,3.506,-0.031
612092,4,0,0.174,2.992,-0.073,2.965,-0.051,3.783,0.012,3.459,-0.03,3.459,-0.03
612102,4,0,0.174,2.983,-0.069,2.969,-0.069,3.84,0.015,3.464,-0.031,3.464,-0.031
612112,4,0,0.174,2.984,-0.06,2.991,-0.088,3.902,0.047,3.397,-0.041,3.397,-0.041
612122,4,0,0.174,3.006,-0.057,3.017,-0.045,3.892,0.028,3.438,-0.039,3.438,-0.039
612132,4,0,0.174,3.051,-0.05,3.02,-0.037,3.895,0.015,3.491,-0.033,3.491,-0.033
612142,4,0,0.174,3.059,-0.046,3.029,-0.065,3.933,-0.014,3.513,-0.033,3.513,-0.033
612152,4,0,0.174,3.035,-0.048,3.041,-0.055,3.998,-0.04,3.553,-0.037,3.553,-0.037
612162,4,0,0.174,3.028,-0.05,3.033,-0.045,4.058,-0.056,3.541,-0.041,3.541,-0.041
612172,4,0,0.174,3.049,-0.042,3.035,-0.043,4.049,-0.014,3.513,-0.037,3.513,-0.037
612182,4,0,0.174,3.069,-0.036,3.058,-0.045,4.001,-0.005,3.487,-0.038,3.487,-0.038
612192,4,0,0.174,3.081,-0.043,3.068,-0.028,3.98,-0.014,3.454,-0.034,3.454,-0.034
612202,6,0,0.174,3.067,-0.052,3.075,-0.051,4.019,-0.03,3.49,-0.035,3.49,-0.035
612212,6,0,0.174,3.071,-0.052,3.07,-0.053,4.077,-0.025,3.404,-0.041,3.404,-0.041
612222,6,0,0.174,3.085,-0.055,3.059,-0.058,4.091,-0.011,3.465,-0.042,3.465,-0.042
612232,6,0,0.174,3.099,-0.053,3.087,-0.052,4.106,0.01,3.45,-0.041,3.45,-0.041
612242,6,0,0.174,3.098,-0.042,3.089,-0.045,4.059,0.006,3.501,-0.037,3.501,-0.037
612252,6,0,0.174,3.113,-0.036,3.122,-0.045,3.962,0.013,3.467,-0.034,3.467,-0.034
612262,6,0,0.174,3.155,-0.036,3.166,-0.051,3.872,-0.006,3.457,-0.033,3.457,-0.033
612272,6,0,0.174,3.181,-0.037,3.158,-0.031,3.807,-0.012,3.435,-0.03,3.435,-0.03
612282,6,0,0.174,3.163,-0.038,3.164,-0.028,3.785,-0.005,3.359,-0.026,3.359,-0.026
612292,6,0,0.174,3.17,-0.035,3.16,-0.047,3.812,0.021,3.345,-0.023,3.345,-0.023
612302,6,0,0.174,3.192,-0.022,3.188,-0.031,3.844,0.024,3.275,-0.028,3.275,-0.028
612312,6,0,0.174,3.221,-0.013,3.218,0,3.871,0.04,3.274,-0.021,3.274,-0.021
612322,6,0,0.174,3.218,-0.02,3.223,-0.011,3.919,0.078,3.276,-0.011,3.276,-0.011
612332,6,0,0.174,3.162,-0.031,3.19,-0.028,4.027,0.134,3.286,0.001,3.286,0.001
612342,6,0,0.174,2.693,-0.03,2.861,-0.033,4.191,0.161,3.259,0.01,3.259,0.01
612352,6,0,0.174,1.991,-0.024,2.214,-0.018,4.312,0.206,3.08,0.018,3.08,0.018
612362,6,0,0.174,1.325,-0.017,1.526,-0.012,4.449,0.203,2.884,0.033,2.884,0.033
612372,6,0,0.174,0.88,-0.011,1.013,-0.021,4.617,0.183,2.52,0.04,2.52,0.04
612382,6,0,0.174,0.597,-0.008,0.695,-0.011,4.751,0.101,1.607,0.018,1.607,0.018
612392,6,0,0.174,0.383,-0.005,0.457,0.008,4.849,0.076,1.368,0.017,1.368,0.017
612402,6,0,0.174,0.232,-0.003,0.259,-0.01,4.972,0.078,1.288,0.02,1.288,0.02
612412,6,0,0.174,0.146,-0.002,0.164,0.005,5.125,0.139,1.043,0.024,1.043,0.024
612422,6,0,0.174,0.096,-0.001,0.095,-0.005,5.232,0.165,0.674,0.025,0.674,0.025
612432,6,0,0.174,0.059,-0.002,0.055,0,5.312,0.122,0.612,0.031,0.612,0.031
612442,6,0,0.174,0.032,0,0.045,-0.025,5.362,0.054,0.607,0.031,0.607,0.031
612452,6,0,0.174,-0.013,-0.002,0.017,0.02,5.349,0.063,0.563,0.025,0.563,0.025
612462,6,0,0.174,-0.02,0.009,-0.042,0.014,5.372,0.091,0.6,0.031,0.6,0.031
612472,6,0,0.174,0.532,-0.004,0.281,0.006,5.388,0.083,0.593,0.034,0.593,0.034
612482,6,0,0.174,1.422,-0.008,1.145,-0.014,5.45,0.021,0.73,0.031,0.73,0.031
612492,6,0,0.174,2.119,-0.02,1.894,-0.03,5.56,-0.041,1.012,0.017,1.012,0.017
612502,6,0,0.174,2.622,-0.036,2.428,-0.03,5.647,-0.089,1.499,-0.004,1.499,-0.004
612512,6,0,0.174,3.073,-0.053,2.921,-0.04,5.577,-0.092,1.917,-0.02,1.917,-0.02
612522,6,0,0.174,3.382,-0.067,3.271,-0.061,5.494,-0.137,2.396,-0.038,2.396,-0.038
612532,6,0,0.174,3.558,-0.081,3.487,-0.083,5.507,-0.131,2.901,-0.056,2.901,-0.056
612542,6,0,0.174,3.644,-0.095,3.601,-0.096,5.608,-0.109,3.284,-0.069,3.284,-0.069
612552,6,0,0.174,3.715,-0.109,3.674,-0.102,5.713,-0.083,3.703,-0.078,3.703,-0.078
612562,6,0,0.174,3.817,-0.129,3.793,-0.116,5.704,-0.079,4.156,-0.086,4.156,-0.086
612572,6,0,0.174,3.88,-0.146,3.846,-0.128,5.559,-0.075,4.421,-0.098,4.421,-0.098
612582,6,0,0.174,3.924,-0.158,3.896,-0.159,5.287,-0.117,4.574,-0.109,4.574,-0.109
612592,6,0,0.174,3.952,-0.164,3.949,-0.167,4.912,-0.154,4.667,-0.12,4.667,-0.12
612602,6,0,0.174,3.938,-0.169,3.976,-0.148,4.425,-0.063,4.596,-0.123,4.596,-0.123
612612,6,0,0.174,3.909,-0.152,3.953,-0.157,3.913,0.138,4.352,-0.111,4.352,-0.111
612622,6,0,0.174,3.859,-0.11,3.908,-0.138,3.529,0.245,4.121,-0.082,4.121,-0.082
612632,6,0,0.174,3.83,-0.04,3.845,-0.078,3.283,0.095,3.915,-0.057,3.915,-0.057
612642,6,0,0.174,3.801,0.036,3.822,0.02,3.096,-0.241,3.731,-0.06,3.731,-0.06
612652,6,0,0.174,3.788,0.094,3.781,0.074,3.031,-0.461,3.601,-0.071,3.601,-0.071
612662,6,0,0.174,3.789,0.118,3.807,0.118,3.322,-0.413,3.532,-0.09,3.532,-0.09
612672,6,0,0.174,3.802,0.101,3.809,0.1,3.819,-0.257,3.614,-0.059,3.614,-0.059
612682,6,0,0.174,3.806,0.025,3.789,0.04,4.258,-0.138,3.746,-0.051,3.746,-0.051
612692,6,0,0.174,3.78,-0.056,3.767,-0.033,4.568,-0.101,3.904,-0.035,3.904,-0.035
612702,6,0,0.174,3.765,-0.135,3.77,-0.108,4.788,-0.096,4.083,-0.047,4.083,-0.047
612712,6,0,0.174,3.779,-0.225,3.784,-0.189,4.893,-0.074,4.17,-0.091,4.17,-0.091
612722,6,0,0.174,3.798,-0.332,3.79,-0.314,4.856,-0.095,4.266,-0.126,4.266,-0.126
612732,6,0,0.174,3.79,-0.423,3.788,-0.378,4.688,-0.216,4.341,-0.163,4.341,-0.163
612742,6,0,0.174,3.778,-0.487,3.788,-0.46,4.465,-0.364,4.307,-0.235,4.307,-0.235
612752,0,0,0.174,3.759,-0.529,3.781,-0.512,4.286,-0.423,4.206,-0.326,4.206,-0.326
612762,0,0,0.174,3.716,-0.546,3.737,-0.556,4.262,-0.387,4.121,-0.393,4.121,-0.393
612772,0,0,0.174,3.695,-0.526,3.669,-0.556,4.453,-0.284,4.078,-0.433,4.078,-0.433
612782,0,0,0.174,3.697,-0.489,3.705,-0.502,4.657,-0.262,4.121,-0.436,4.121,-0.436
612792,0,0,0.174,3.684,-0.433,3.694,-0.448,4.767,-0.116,4.18,-0.417,4.18,-0.417
612802,0,0,0.174,3.678,-0.325,3.661,-0.359,4.851,0.069,4.192,-0.369,4.192,-0.369
612812,0,0,0.174,3.676,-0.216,3.646,-0.265,4.915,0.212,3.945,-0.302,3.945,-0.302
612822,0,0,0.174,3.666,-0.107,3.666,-0.148,4.935,0.308,3.977,-0.241,3.977,-0.241
612832,0,0,0.174,3.656,0.016,3.671,-0.02,4.909,0.363,3.986,-0.154,3.986,-0.154
612842,0,0,0.174,3.658,0.13,3.668,0.099,4.862,0.312,3.982,-0.066,3.982,-0.066
612852,0,0,0.174,3.675,0.261,3.65,0.206,4.734,0.238,3.979,0.003,3.979,0.003
612862,0,0,0.174,3.699,0.321,3.679,0.308,4.588,0.239,3.967,0.069,3.967,0.069
612872,0,0,0.174,3.697,0.376,3.7,0.378,4.571,0.254,3.911,0.168,3.911,0.168
612882,0,0,0.174,3.703,0.405,3.702,0.397,4.615,0.227,3.909,0.208,3.909,0.208
612892,0,0,0.174,3.726,0.414,3.713,0.384,4.581,0.162,3.885,0.248,3.885,0.248
612902,0,0,0.174,3.804,0.396,3.78,0.41,4.437,0.032,3.881,0.259,3.881,0.259
612912,0,0,0.174,3.847,0.349,3.842,0.385,4.259,-0.104,3.874,0.284,3.874,0.284
612922,0,0,0.174,3.859,0.292,3.853,0.319,4.108,-0.304,3.874,0.261,3.874,0.261
612932,0,0,0.174,3.851,0.205,3.856,0.228,3.991,-0.517,3.871,0.215,3.871,0.215
612942,0,0,0.174,3.851,0.138,3.867,0.172,3.872,-0.642,3.869,0.141,3.869,0.141
612952,0,0,0.174,3.823,0.072,3.858,0.096,3.738,-0.618,3.866,0.077,3.866,0.077
612962,0,0,0.174,3.776,-0.004,3.8,0.022,3.602,-0.567,3.854,0.01,3.854,0.01
612972,0,0,0.174,3.722,-0.063,3.744,-0.029,3.405,-0.556,3.807,-0.041,3.807,-0.041
612982,0,0,0.174,3.662,-0.097,3.696,-0.08,3.181,-0.573,3.769,-0.092,3.769,-0.092
612992,0,0,0.174,3.615,-0.12,3.672,-0.124,3.041,-0.51,3.724,-0.139,3.724,-0.139
613002,0,0,0.174,3.576,-0.135,3.601,-0.118,2.972,-0.456,3.674,-0.171,3.674,-0.171
613012,0,0,0.174,3.522,-0.141,3.545,-0.148,2.899,-0.42,3.601,-0.178,3.601,-0.178
613022,0,0,0.174,3.48,-0.145,3.51,-0.135,2.817,-0.351,3.567,-0.188,3.567,-0.188
613032,0,0,0.174,3.422,-0.139,3.464,-0.132,2.698,-0.217,3.523,-0.186,3.523,-0.186
613042,0,0,0.174,3.322,-0.128,3.378,-0.137,2.556,-0.051,3.473,-0.168,3.473,-0.168
613052,0,0,0.174,3.251,-0.123,3.284,-0.131,2.397,0.124,3.403,-0.14,3.403,-0.14
613062,0,0,0.174,3.185,-0.12,3.24,-0.12,2.236,0.194,3.327,-0.103,3.327,-0.103
613072,0,0,0.174,3.129,-0.111,3.173,-0.1,2.124,0.187,3.244,-0.083,3.244,-0.083
613082,0,0,0.174,3.066,-0.105,3.106,-0.105,2.108,0.178,3.192,-0.063,3.192,-0.063
613092,0,0,0.174,3.014,-0.105,3.047,-0.101,2.086,0.179,3.123,-0.052,3.123,-0.052
613102,0,0,0.174,2.966,-0.107,3.001,-0.117,2.067,0.145,3.068,-0.048,3.068,-0.048
613112,0,0,0.174,2.883,-0.111,2.936,-0.111,2.026,0.099,3.019,-0.039,3.019,-0.039
613122,0,0,0.174,2.775,-0.115,2.841,-0.106,1.909,0.077,2.958,-0.035,2.958,-0.035
613132,0,0,0.174,2.706,-0.123,2.748,-0.12,1.728,0.121,2.884,-0.034,2.884,-0.034
613142,0,0,0.174,2.643,-0.135,2.701,-0.134,1.55,0.182,2.798,-0.039,2.798,-0.039
613152,0,0,0.174,2.542,-0.139,2.635,-0.148,1.387,0.176,2.717,-0.04,2.717,-0.04
613162,0,0,0.174,2.007,-0.112,2.188,-0.11,1.305,0.138,2.61,-0.045,2.61,-0.045
613172,0,0,0.174,1.446,-0.081,1.652,-0.087,1.212,0.075,2.32,-0.058,2.32,-0.058
613182,0,0,0.174,1.026,-0.058,1.232,-0.079,1.155,0.069,1.926,-0.06,1.926,-0.06
613192,0,0,0.174,0.705,-0.039,0.831,-0.033,1.222,0.086,1.785,-0.046,1.785,-0.046
613202,0,0,0.174,0.824,-0.053,0.784,-0.053,1.334,0.056,1.643,-0.032,1.643,-0.032
613212,0,0,0.174,1.102,-0.078,1.021,-0.073,1.454,-0.03,1.456,-0.034,1.456,-0.034
613222,0,0,0.174,1.402,-0.111,1.321,-0.092,1.564,-0.115,1.419,-0.045,1.419,-0.045
613232,0,0,0.174,1.618,-0.132,1.563,-0.119,1.565,-0.134,1.431,-0.064,1.431,-0.064
613242,0,0,0.174,1.621,-0.13,1.677,-0.146,1.451,-0.126,1.488,-0.086,1.488,-0.086
613252,0,0,0.174,1.287,-0.102,1.417,-0.111,1.28,-0.081,1.52,-0.105,1.52,-0.105
613262,0,0,0.174,0.957,-0.076,1.101,-0.089,1.087,0.013,1.419,-0.095,1.419,-0.095
613272,0,0,0.174,0.654,-0.052,0.777,-0.054,0.963,0.063,1.21,-0.073,1.21,-0.073
613282,0,0,0.174,0.583,-0.04,0.625,-0.05,0.954,0.065,1.066,-0.054,1.066,-0.054
613292,0,0,0.174,0.55,-0.038,0.571,-0.037,0.974,0.04,0.918,-0.038,0.918,-0.038
613303,0,0,0.174,0.565,-0.044,0.591,-0.053,0.944,0.012,0.853,-0.034,0.853,-0.034
613313,0,0,0.174,0.462,-0.037,0.517,-0.037,0.879,-0.039,0.816,-0.034,0.816,-0.034
613323,0,0,0.174,0.508,-0.037,0.529,-0.021,0.746,-0.08,0.777,-0.037,0.777,-0.037
613333,0,0,0.174,0.451,-0.031,0.523,-0.064,0.664,-0.054,0.716,-0.044,0.716,-0.044
613343,0,0,0.174,0.34,-0.023,0.397,-0.023,0.583,-0.026,0.659,-0.042,0.659,-0.042
613353,0,0,0.174,0.238,-0.016,0.29,0,0.479,-0.052,0.525,-0.029,0.525,-0.029
613363,0,0,0.174,0.159,-0.011,0.218,-0.019,0.444,-0.078,0.379,-0.025,0.379,-0.025
613373,0,0,0.174,0.112,-0.009,0.152,-0.011,0.446,-0.06,0.339,-0.025,0.339,-0.025
613383,0,0,0.174,0.211,-0.023,0.205,-0.022,0.456,-0.05,0.323,-0.025,0.323,-0.025
613393,0,0,0.174,0.385,-0.043,0.371,-0.039,0.46,-0.048,0.331,-0.029,0.331,-0.029
613403,0,0,0.174,0.392,-0.043,0.415,-0.034,0.474,-0.056,0.358,-0.033,0.358,-0.033
613413,0,0,0.174,0.318,-0.034,0.353,-0.034,0.488,-0.074,0.379,-0.037,0.379,-0.037
613423,0,0,0.174,0.321,-0.036,0.337,-0.041,0.463,-0.08,0.381,-0.041,0.381,-0.041
613433,0,0,0.174,0.376,-0.055,0.385,-0.047,0.405,-0.09,0.384,-0.047,0.384,-0.047
613443,0,0,0.174,0.436,-0.077,0.456,-0.067,0.302,-0.075,0.386,-0.053,0.386,-0.053
613453,0,0,0.174,0.459,-0.091,0.484,-0.089,0.195,-0.024,0.381,-0.057,0.381,-0.057
613463,0,0,0.174,0.445,-0.101,0.474,-0.1,0.111,0.004,0.376,-0.06,0.376,-0.06
613473,0,0,0.174,0.361,-0.086,0.424,-0.094,0.06,0.003,0.357,-0.062,0.357,-0.062
613483,0,0,0.174,0.262,-0.064,0.329,-0.069,0.037,0.003,0.334,-0.064,0.334,-0.064
613493,0,0,0.174,0.179,-0.045,0.235,-0.051,0.011,0.001,0.287,-0.059,0.287,-0.059
613503,-2,0,0.174,0.119,-0.03,0.171,-0.04,-0.01,0.012,0.243,-0.05,0.243,-0.05
613513,-2,0,0.174,0.077,-0.019,0.122,-0.032,-0.022,0.033,0.205,-0.042,0.205,-0.042
613523,-2,0,0.174,0.049,-0.012,0.084,-0.019,-0.035,0.048,0.169,-0.031,0.169,-0.031
613533,-2,0,0.174,0.031,-0.008,0.058,-0.014,-0.035,0.043,0.134,-0.02,0.134,-0.02
613543,-2,0,0.174,0.02,-0.005,-0.001,-0.011,-0.028,0.019,0.103,-0.013,0.103,-0.013
613553,-2,0,0.174,0.012,-0.003,0.005,-0.005,-0.051,0.002,0.062,-0.009,0.062,-0.009
613563,-2,0,0.174,0.004,0,0.019,0.001,-0.071,-0.004,0.044,-0.007,0.044,-0.007
613573,-2,0,0.174,-0.018,0,-0.003,-0.002,-0.08,-0.009,0.025,-0.003,0.025,-0.003
613583,-2,0,0.174,-0.041,0,-0.04,-0.003,-0.09,-0.012,0.011,-0.004,0.011,-0.004
613593,-2,0,0.174,-0.062,0,-0.063,0,-0.1,-0.013,-0.029,-0.003,-0.029,-0.003
613603,-2,0,0.174,-0.08,0,-0.073,-0.001,-0.104,-0.012,-0.044,-0.003,-0.044,-0.003
613613,-2,0,0.174,-0.092,0,-0.087,-0.002,-0.105,-0.009,-0.069,-0.002,-0.069,-0.002
613623,-2,0,0.174,-0.097,0,-0.099,-0.002,-0.104,-0.006,-0.086,-0.002,-0.086,-0.002
613633,-2,0,0.174,-0.098,0,-0.1,0,-0.103,-0.003,-0.094,-0.002,-0.094,-0.002
613643,-2,0,0.174,-0.097,0,-0.096,-0.001,-0.102,0,-0.096,-0.001,-0.096,-0.001
613653,-2,0,0.174,-0.097,0,-0.095,0,-0.102,0.001,-0.096,-0.001,-0.096,-0.001
613663,-2,0,0.174,-0.099,0,-0.097,0,-0.109,0.005,-0.096,0,-0.096,0
613673,-2,0,0.174,-0.098,0,-0.093,0,-0.123,0.007,-0.096,0,-0.096,0
613683,-2,0,0.174,-0.1,0,-0.091,0.002,-0.147,0.014,-0.095,0.001,-0.095,0.001
613693,-2,0,0.174,-0.108,0,-0.095,0.001,-0.184,0.037,-0.094,0.003,-0.094,0.003
613703,-2,0,0.174,-0.122,0,-0.108,-0.003,-0.226,0.044,-0.098,0.005,-0.098,0.005
613713,-2,0,0.174,-0.113,0,-0.097,-0.002,-0.276,0.026,-0.101,0.006,-0.101,0.006
613723,-2,0,0.174,-0.114,0,-0.093,-0.001,-0.363,0.016,-0.102,0.005,-0.102,0.005
613733,-2,0,0.174,-0.092,0,-0.079,-0.002,-0.496,-0.008,-0.096,0.001,-0.096,0.001
613743,-2,0,0.174,-0.067,0,-0.061,0,-0.675,-0.032,-0.09,0,-0.09,0
613753,-2,0,0.174,-0.085,0,-0.052,-0.004,-0.863,-0.038,-0.075,-0.001,-0.075,-0.001
613763,-2,0,0.174,-0.157,0.001,-0.111,-0.002,-1.052,-0.016,-0.087,-0.002,-0.087,-0.002
613773,-2,0,0.174,-0.227,0.009,-0.176,0.014,-1.265,-0.055,-0.122,-0.004,-0.122,-0.004
613783,-2,0,0.174,-0.206,0.011,-0.175,-0.031,-1.41,-0.164,-0.156,-0.014,-0.156,-0.014
613793,-2,0,0.174,-0.157,0.009,-0.175,0.041,-1.466,-0.247,-0.188,-0.029,-0.188,-0.029
613803,-2,0,0.174,-0.133,0.007,-0.119,0.012,-1.621,-0.301,-0.221,-0.046,-0.221,-0.046
613813,-2,0,0.174,-0.125,0.009,-0.092,0,-1.758,-0.22,-0.186,-0.041,-0.186,-0.041
613823,-2,0,0.174,-0.113,0.009,-0.104,0.005,-1.98,-0.055,-0.222,-0.031,-0.222,-0.031
613833,-2,0,0.174,-0.093,0.006,-0.072,0.021,-2.147,0.048,-0.247,-0.015,-0.247,-0.015
613843,-2,0,0.174,-0.106,0.006,-0.071,-0.012,-2.259,0.085,-0.362,-0.001,-0.362,-0.001
613853,-2,0,0.174,-0.119,0.005,-0.085,0.018,-2.355,0.051,-0.482,0.006,-0.482,0.006
613863,-2,0,0.174,-0.24,0.013,-0.183,0,-2.329,0.011,-0.65,0.006,-0.65,0.006
613873,-2,0,0.174,-0.449,0.027,-0.357,0.028,-2.217,0.037,-0.785,0.011,-0.785,0.011
613883,-2,0,0.174,-0.63,0.04,-0.57,0.01,-2.02,0.097,-0.875,0.022,-0.875,0.022
613893,-2,0,0.174,-0.795,0.048,-0.738,0.053,-1.934,0.143,-0.969,0.034,-0.969,0.034
613903,-2,0,0.174,-0.928,0.055,-0.872,0.071,-1.902,0.127,-1.076,0.05,-1.076,0.05
613913,-2,0,0.174,-1.028,0.063,-0.971,0.049,-1.868,0.117,-1.087,0.054,-1.087,0.054
613923,-2,0,0.174,-1.113,0.071,-1.069,0.081,-1.847,0.102,-1.15,0.062,-1.15,0.062
613933,-2,0,0.174,-1.177,0.081,-1.128,0.057,-1.784,0.084,-1.225,0.067,-1.225,0.067
613943,-2,0,0.174,-1.229,0.085,-1.232,0.093,-1.74,0.075,-1.271,0.077,-1.271,0.077
613953,-2,0,0.174,-1.269,0.084,-1.251,0.092,-1.72,0.048,-1.316,0.076,-1.316,0.076
613963,-2,0,0.174,-1.267,0.083,-1.249,0.076,-1.701,0.03,-1.334,0.077,-1.334,0.077
613973,-2,0,0.174,-1.276,0.083,-1.274,0.084,-1.695,0.026,-1.307,0.079,-1.307,0.079
613983,-2,0,0.174,-1.317,0.08,-1.314,0.089,-1.68,0.021,-1.325,0.078,-1.325,0.078
613993,-2,0,0.174,-1.33,0.078,-1.31,0.075,-1.682,-0.005,-1.357,0.073,-1.357,0.073
614003,-2,0,0.174,-1.359,0.072,-1.345,0.075,-1.685,-0.001,-1.379,0.065,-1.379,0.065
614013,-2,0,0.174,-1.372,0.067,-1.361,0.074,-1.701,-0.013,-1.41,0.062,-1.41,0.062
614023,-2,0,0.174,-1.382,0.071,-1.382,0.07,-1.721,-0.031,-1.44,0.056,-1.44,0.056
614033,-2,0,0.174,-1.394,0.074,-1.383,0.061,-1.731,-0.014,-1.449,0.054,-1.449,0.054
614043,-2,0,0.174,-1.413,0.07,-1.396,0.089,-1.726,-0.016,-1.443,0.066,-1.443,0.066
614053,-2,0,0.174,-1.421,0.066,-1.417,0.062,-1.731,-0.025,-1.439,0.063,-1.439,0.063
614063,-2,0,0.174,-1.438,0.066,-1.436,0.08,-1.781,-0.03,-1.463,0.058,-1.463,0.058
614073,-2,0,0.174,-1.222,0.056,-1.288,0.05,-1.81,-0.024,-1.441,0.053,-1.441,0.053
614083,-2,0,0.174,-1.003,0.043,-1.07,0.037,-1.819,-0.016,-1.404,0.049,-1.404,0.049
614093,-2,0,0.174,-0.821,0.03,-0.88,0.044,-1.819,-0.03,-1.263,0.043,-1.263,0.043
614103,-2,0,0.174,-0.9,0.028,-0.868,0.02,-1.854,-0.032,-1.26,0.034,-1.26,0.034
614113,-2,0,0.174,-1.043,0.026,-0.978,0.033,-1.959,-0.045,-1.289,0.026,-1.289,0.026
614123,-2,0,0.174,-1.187,0.031,-1.114,0.042,-2.09,-0.07,-1.337,0.019,-1.337,0.019
614133,-2,0,0.174,-1.309,0.035,-1.256,0.01,-2.141,-0.061,-1.435,0.009,-1.435,0.009
614143,-2,0,0.174,-1.39,0.028,-1.374,0.046,-2.124,-0.03,-1.532,0.006,-1.532,0.006
614153,-2,0,0.174,-1.457,0.025,-1.436,0.031,-2.108,-0.025,-1.58,0.013,-1.58,0.013
614163,-2,0,0.174,-1.51,0.023,-1.49,0.015,-2.089,-0.013,-1.637,0.011,-1.637,0.011
614173,-2,0,0.174,-1.539,0.019,-1.503,0.009,-2.064,0.003,-1.675,0.009,-1.675,0.009
614183,-2,0,0.174,-1.558,0.016,-1.55,0.047,-2.036,0.004,-1.708,0.012,-1.708,0.012
614193,-2,0,0.174,-1.567,0.022,-1.567,0.013,-1.998,-0.006,-1.732,0.013,-1.732,0.013
614203,-2,0,0.174,-1.591,0.027,-1.586,0.006,-1.955,-0.007,-1.72,0.01,-1.72,0.01
614213,-2,0,0.174,-1.366,0.026,-1.446,0.041,-1.913,-0.015,-1.696,0.013,-1.696,0.013
614223,-2,0,0.174,-1.1,0.024,-1.182,0.028,-1.886,-0.01,-1.639,0.014,-1.639,0.014
614233,-2,0,0.174,-1.108,0.012,-1.112,0.015,-1.883,-0.013,-1.475,0.016,-1.475,0.016
614243,-2,0,0.174,-1.051,0.009,-1.064,0.011,-1.92,-0.013,-1.477,0.012,-1.477,0.012
614253,-2,0,0.174,-1.14,0.011,-1.089,0.003,-1.969,-0.007,-1.469,0.007,-1.469,0.007
614263,-2,0,0.174,-1.267,0.013,-1.211,0.03,-1.994,-0.001,-1.484,0.009,-1.484,0.009
614273,-2,0,0.174,-1.395,0.021,-1.365,0.015,-2.021,0.005,-1.539,0.01,-1.539,0.01
614283,-2,0,0.174,-1.391,0.025,-1.422,0.01,-2.08,0.02,-1.571,0.011,-1.571,0.011
614293,-2,0,0.174,-1.184,0.015,-1.237,0.021,-2.125,0.012,-1.62,0.012,-1.62,0.012
614303,-2,0,0.174,-0.913,0.008,-0.989,0.036,-2.134,-0.009,-1.522,0.018,-1.522,0.018
614313,-2,0,0.174,-0.822,0.008,-0.826,-0.004,-2.126,-0.016,-1.524,0.012,-1.524,0.012
614323,-2,0,0.174,-0.997,0.009,-0.939,-0.013,-2.119,0.002,-1.486,0.006,-1.486,0.006
614333,-4,0,0.174,-1.185,0.01,-1.127,0.029,-2.124,-0.012,-1.48,0.009,-1.48,0.009
614343,-4,0,0.174,-1.365,0.012,-1.313,0.013,-2.148,-0.013,-1.531,0.008,-1.531,0.008
614353,-4,0,0.174,-1.492,0.016,-1.437,0.015,-2.184,0.001,-1.592,0.008,-1.592,0.008
614363,-4,0,0.174,-1.587,0.018,-1.524,0.001,-2.183,0.013,-1.634,0.008,-1.634,0.008
614373,-4,0,0.174,-1.632,0.012,-1.639,0.036,-2.096,-0.001,-1.697,0.009,-1.697,0.009
614383,-4,0,0.174,-1.672,0.005,-1.686,0.017,-2.01,0.003,-1.715,0.012,-1.715,0.012
614393,-4,0,0.174,-1.457,0.004,-1.537,-0.007,-1.945,0.003,-1.717,0.01,-1.717,0.01
614403,-4,0,0.174,-1.379,0.014,-1.384,0.004,-1.884,0.014,-1.676,0.008,-1.676,0.008
614413,-4,0,0.174,-1.433,0.019,-1.411,0.017,-1.824,0.022,-1.622,0.009,-1.622,0.009
614423,-4,0,0.174,-1.475,0.021,-1.486,0.034,-1.782,0.022,-1.569,0.017,-1.569,0.017
614433,-4,0,0.174,-1.529,0.024,-1.525,0.014,-1.768,0.016,-1.562,0.019,-1.562,0.019
614443,-4,0,0.174,-1.56,0.031,-1.543,0.028,-1.787,0.013,-1.565,0.019,-1.565,0.019
614453,-4,0,0.174,-1.578,0.035,-1.551,0.035,-1.811,0.004,-1.562,0.021,-1.562,0.021
614463,-4,0,0.174,-1.592,0.036,-1.59,0.051,-1.822,0.005,-1.568,0.02,-1.568,0.02
614473,-4,0,0.174,-1.607,0.035,-1.623,0.037,-1.866,0.016,-1.587,0.023,-1.587,0.023
614483,-4,0,0.174,-1.436,0.029,-1.512,0.025,-1.972,0.027,-1.596,0.024,-1.596,0.024
614493,-4,0,0.174,-1.337,0.025,-1.327,0.013,-2.053,0.019,-1.577,0.023,-1.577,0.023
614503,-4,0,0.174,-1.397,0.021,-1.36,0.043,-2.097,0.012,-1.538,0.024,-1.538,0.024
614513,-4,0,0.174,-1.326,0.02,-1.37,0.019,-2.228,0.047,-1.534,0.026,-1.534,0.026
614523,-4,0,0.174,-1.126,0.014,-1.193,0.004,-2.399,0.052,-1.486,0.027,-1.486,0.027
614533,-4,0,0.174,-1.185,0.01,-1.151,0.006,-2.488,0.044,-1.46,0.026,-1.46,0.026
614543,-4,0,0.174,-1.345,0.012,-1.251,0.011,-2.519,0.003,-1.417,0.026,-1.417,0.026
614553,-4,0,0.174,-1.481,0.014,-1.429,0.012,-2.611,-0.008,-1.415,0.014,-1.415,0.014
614563,-4,0,0.174,-1.611,0.021,-1.575,0.023,-2.837,0.005,-1.46,0.012,-1.46,0.012
614573,-4,0,0.174,-1.69,0.018,-1.64,0.022,-3.1,-0.061,-1.523,0.009,-1.523,0.009
614583,-4,0,0.174,-1.75,0.022,-1.685,0.017,-3.283,-0.096,-1.643,0.009,-1.643,0.009
614593,-4,0,0.174,-1.815,0.025,-1.769,0.023,-3.364,-0.089,-1.683,0.004,-1.683,0.004
614603,-4,0,0.174,-1.869,0.025,-1.85,0.026,-3.433,-0.115,-1.736,-0.004,-1.736,-0.004
614613,-4,0,0.174,-1.921,0.021,-1.899,0.02,-3.518,-0.153,-1.816,-0.01,-1.816,-0.01
614623,-4,0,0.174,-1.982,0.017,-1.928,0.025,-3.536,-0.132,-1.894,-0.007,-1.894,-0.007
614633,-4,0,0.174,-2.055,0.016,-2.018,0.006,-3.463,-0.081,-1.958,-0.011,-1.958,-0.011
614643,-4,0,0.174,-2.123,0.012,-2.087,0.015,-3.438,-0.055,-2.03,-0.011,-2.03,-0.011
614653,-4,0,0.174,-2.167,0.011,-2.143,0.026,-3.523,-0.09,-2.113,-0.012,-2.113,-0.012
614663,-4,0,0.174,-2.213,0.01,-2.169,-0.003,-3.642,-0.077,-2.203,-0.015,-2.203,-0.015
614673,-4,0,0.174,-2.269,0,-2.23,0.006,-3.743,-0.055,-2.302,-0.013,-2.302,-0.013
614683,-4,0,0.174,-2.305,0,-2.294,-0.001,-3.829,-0.054,-2.44,-0.013,-2.44,-0.013
614693,-4,0,0.174,-2.317,0,-2.28,0.002,-3.866,-0.068,-2.568,-0.011,-2.568,-0.011
614703,-4,0,0.174,-2.348,0.01,-2.33,0,-3.762,-0.029,-2.718,-0.012,-2.718,-0.012
614712,-4,0,0.174,-2.405,0.016,-2.386,0.01,-3.612,0.017,-2.808,-0.01,-2.808,-0.01
614722,-4,0,0.174,-2.461,0.026,-2.437,0.032,-3.53,0.031,-2.894,0,-2.894,0
614732,-4,0,0.174,-2.491,0.037,-2.458,0.028,-3.47,0.039,-2.772,0.015,-2.772,0.015
614742,-4,0,0.174,-2.517,0.044,-2.488,0.045,-3.456,0.081,-2.818,0.023,-2.818,0.023
614752,-4,0,0.174,-2.545,0.051,-2.541,0.054,-3.508,0.093,-2.826,0.038,-2.826,0.038
614762,-4,0,0.174,-2.558,0.057,-2.551,0.043,-3.531,0.075,-2.683,0.049,-2.683,0.049
614772,-4,0,0.174,-2.584,0.067,-2.573,0.063,-3.522,0.039,-2.753,0.05,-2.753,0.05
614782,-4,0,0.174,-2.6,0.07,-2.592,0.075,-3.561,0.047,-2.832,0.052,-2.832,0.052
614792,-4,0,0.174,-2.642,0.08,-2.615,0.073,-3.637,0.056,-2.95,0.055,-2.95,0.055
614803,-4,0,0.174,-2.671,0.08,-2.651,0.07,-3.717,0.109,-3.05,0.06,-3.05,0.06
614813,-4,0,0.174,-2.677,0.075,-2.658,0.098,-3.817,0.103,-3.012,0.078,-3.012,0.078
614823,-4,0,0.174,-2.68,0.083,-2.653,0.093,-3.886,0.025,-3.14,0.078,-3.14,0.078
614833,-4,0,0.174,-2.682,0.095,-2.671,0.077,-3.903,0,-3.273,0.068,-3.273,0.068
614843,-4,0,0.174,-2.69,0.092,-2.691,0.064,-3.902,0.04,-3.367,0.063,-3.367,0.063
614853,-4,0,0.174,-2.719,0.078,-2.736,0.099,-3.862,0.07,-3.434,0.065,-3.434,0.065
614863,-4,0,0.174,-2.764,0.066,-2.733,0.09,-3.726,0.024,-3.461,0.065,-3.461,0.065
614873,-4,0,0.174,-2.773,0.06,-2.751,0.06,-3.585,-0.009,-3.356,0.058,-3.356,0.058
614883,-4,0,0.174,-2.788,0.051,-2.781,0.039,-3.541,0.003,-3.312,0.05,-3.312,0.05
614893,-4,0,0.174,-2.796,0.038,-2.8,0.045,-3.596,-0.01,-3.258,0.043,-3.258,0.043
614903,-4,0,0.174,-2.803,0.028,-2.796,0.043,-3.645,-0.04,-2.983,0.041,-2.983,0.041
614913,-4,0,0.174,-2.84,0.023,-2.829,0.013,-3.635,-0.05,-3.031,0.033,-3.031,0.033
614923,-4,0,0.174,-2.886,0.017,-2.87,0.016,-3.69,-0.067,-3.1,0.022,-3.1,0.022
614933,-4,0,0.174,-2.93,0.008,-2.906,0.009,-3.859,-0.085,-3.174,0.01,-3.174,0.01
614943,-4,0,0.174,-2.913,0.01,-2.906,0.012,-4.078,-0.093,-3.194,0.006,-3.194,0.006
614953,-4,0,0.174,-2.919,0.012,-2.899,0.013,-4.267,-0.088,-3.264,-0.002,-3.264,-0.002
614963,-4,0,0.174,-2.938,0.017,-2.902,0.009,-4.36,-0.053,-3.423,-0.006,-3.423,-0.006
614973,-4,0,0.174,-2.983,0.02,-2.965,0.014,-4.277,-0.039,-3.584,-0.009,-3.584,-0.009
614983,-4,0,0.174,-3.049,0.016,-3.065,0.019,-4.105,-0.051,-3.606,-0.006,-3.606,-0.006
614993,-4,0,0.174,-3.095,0.017,-3.079,0.02,-3.962,-0.081,-3.644,-0.011,-3.644,-0.011
615003,-4,0,0.174,-3.138,0.019,-3.11,0.016,-3.871,-0.035,-3.617,-0.012,-3.617,-0.012
615013,-4,0,0.174,-3.142,0.02,-3.123,0.032,-3.834,0.004,-3.514,0.002,-3.514,0.002
615023,-4,0,0.174,-3.125,0.028,-3.116,0.021,-3.811,0.01,-3.527,0.006,-3.527,0.006
615033,-4,0,0.174,-3.113,0.033,-3.126,0.021,-3.779,0.003,-3.543,0.008,-3.543,0.008
615043,-4,0,0.174,-3.142,0.029,-3.153,0.044,-3.757,-0.009,-3.539,0.01,-3.539,0.01
615053,-4,0,0.174,-3.158,0.029,-3.143,0.023,-3.754,-0.022,-3.531,0.011,-3.531,0.011
615063,-4,0,0.174,-3.161,0.036,-3.15,0.032,-3.805,0.016,-3.506,0.014,-3.506,0.014
615073,-4,0,0.174,-3.15,0.044,-3.131,0.045,-3.893,0.047,-3.432,0.026,-3.432,0.026
615083,-4,0,0.174,-3.146,0.055,-3.131,0.049,-3.957,0.046,-3.491,0.031,-3.491,0.031
615093,-4,0,0.174,-3.147,0.059,-3.149,0.047,-3.975,0.019,-3.558,0.033,-3.558,0.033
615103,-4,0,0.174,-3.191,0.054,-3.187,0.068,-3.973,0.028,-3.572,0.038,-3.572,0.038
615113,-4,0,0.174,-3.222,0.048,-3.187,0.041,-3.97,0.032,-3.602,0.04,-3.602,0.04
615123,-4,0,0.174,-3.241,0.045,-3.224,0.054,-3.978,0.051,-3.443,0.046,-3.443,0.046
615133,-6,0,0.174,-3.231,0.042,-3.231,0.048,-4.024,0.044,-3.433,0.045,-3.433,0.045
615143,-6,0,0.174,-3.234,0.048,-3.227,0.055,-4.095,0.02,-3.505,0.045,-3.505,0.045
615153,-6,0,0.174,-3.252,0.052,-3.247,0.023,-4.109,0.024,-3.573,0.041,-3.573,0.041
615163,-6,0,0.174,-3.29,0.049,-3.279,0.057,-4.091,0.031,-3.631,0.039,-3.631,0.039
615173,-6,0,0.174,-3.317,0.046,-3.291,0.049,-3.993,0.005,-3.596,0.046,-3.596,0.046
615183,-6,0,0.174,-3.347,0.04,-3.328,0.039,-3.869,-0.01,-3.603,0.04,-3.603,0.04
615193,-6,0,0.174,-3.365,0.029,-3.391,0.031,-3.781,-0.02,-3.574,0.031,-3.574,0.031
615203,-6,0,0.174,-3.36,0.022,-3.386,0.019,-3.757,-0.013,-3.569,0.026,-3.569,0.026
615213,-6,0,0.174,-3.36,0.023,-3.346,0.033,-3.776,-0.046,-3.569,0.018,-3.569,0.018
615223,-6,0,0.174,-3.33,0.027,-3.284,0.007,-3.759,-0.069,-3.532,0.009,-3.532,0.009
615233,-6,0,0.174,-3.288,0.024,-3.31,0,-3.74,-0.089,-3.524,-0.004,-3.524,-0.004
615243,-6,0,0.174,-3.241,0.004,-3.29,0.012,-3.796,-0.09,-3.516,-0.016,-3.516,-0.016
615253,-6,0,0.174,-3.226,-0.008,-3.252,0.018,-3.904,-0.064,-3.506,-0.021,-3.506,-0.021
615263,-6,0,0.174,-3.219,0.004,-3.214,0.012,-4.013,-0.067,-3.504,-0.024,-3.504,-0.024
615273,-6,0,0.174,-3.219,0.027,-3.171,-0.02,-4.05,-0.042,-3.358,-0.022,-3.358,-0.022
615283,-6,0,0.174,-3.231,0.027,-3.211,0.027,-4.084,0.007,-3.366,-0.019,-3.366,-0.019
615293,-6,0,0.174,-3.235,0.02,-3.245,0.029,-4.21,-0.028,-3.387,-0.013,-3.387,-0.013
615303,-6,0,0.174,-3.222,0.021,-3.252,0.026,-4.377,-0.089,-3.378,-0.008,-3.378,-0.008
615313,-6,0,0.174,-3.217,0.031,-3.218,0.03,-4.523,-0.135,-3.41,-0.019,-3.41,-0.019
615323,-6,0,0.174,-3.244,0.055,-3.2,0.031,-4.596,-0.104,-3.44,-0.028,-3.44,-0.028
615333,-6,0,0.174,-3.273,0.065,-3.246,0.058,-4.667,-0.023,-3.447,-0.018,-3.447,-0.018
615343,-6,0,0.174,-3.298,0.069,-3.265,0.076,-4.806,-0.016,-3.446,0.004,-3.446,0.004
615353,-6,0,0.174,-3.313,0.07,-3.298,0.073,-4.918,-0.053,-3.477,0.008,-3.477,0.008
615363,-6,0,0.174,-3.317,0.078,-3.321,0.071,-4.966,-0.043,-3.51,0.012,-3.51,0.012
615373,-6,0,0.174,-3.329,0.085,-3.338,0.077,-4.946,-0.005,-3.521,0.024,-3.521,0.024
615383,-6,0,0.174,-3.349,0.084,-3.33,0.081,-4.933,0.047,-3.55,0.033,-3.55,0.033
615393,-6,0,0.174,-3.394,0.082,-3.352,0.088,-4.971,0.018,-3.568,0.044,-3.568,0.044
615403,-6,0,0.174,-3.429,0.077,-3.41,0.074,-5.079,-0.006,-3.573,0.045,-3.573,0.045
615413,-6,0,0.174,-3.475,0.062,-3.457,0.068,-5.272,-0.063,-3.608,0.042,-3.608,0.042
615423,-6,0,0.174,-3.494,0.066,-3.481,0.077,-5.442,-0.124,-3.657,0.035,-3.657,0.035
615433,-6,0,0.174,-3.527,0.071,-3.508,0.053,-5.439,-0.129,-3.716,0.023,-3.716,0.023
615443,-6,0,0.174,-3.57,0.067,-3.541,0.07,-5.328,-0.105,-3.779,0.017,-3.779,0.017
615453,-6,0,0.174,-3.596,0.051,-3.581,0.069,-5.268,-0.105,-3.774,0.026,-3.774,0.026
615463,-6,0,0.174,-3.608,0.052,-3.602,0.055,-5.371,-0.095,-3.81,0.029,-3.81,0.029
615473,-6,0,0.174,-3.642,0.054,-3.616,0.051,-5.554,-0.099,-3.974,0.021,-3.974,0.021
615483,-6,0,0.174,-3.677,0.066,-3.639,0.042,-5.662,-0.063,-4.211,0.016,-4.211,0.016
615493,-6,0,0.174,-3.701,0.064,-3.687,0.073,-5.569,-0.063,-4.318,0.034,-4.318,0.034
615503,-6,0,0.174,-3.73,0.059,-3.73,0.065,-5.428,-0.055,-4.362,0.042,-4.362,0.042
615513,-6,0,0.174,-3.748,0.059,-3.747,0.055,-5.408,-0.069,-4.575,0.034,-4.575,0.034
615523,-6,0,0.174,-3.777,0.072,-3.745,0.072,-5.48,-0.081,-4.801,0.024,-4.801,0.024
615533,-6,0,0.174,-3.806,0.084,-3.745,0.058,-5.491,-0.1,-4.679,0.031,-4.679,0.031
615543,-6,0,0.174,-3.806,0.083,-3.801,0.087,-5.451,-0.102,-4.865,0.023,-4.865,0.023
615553,-6,0,0.174,-3.786,0.082,-3.811,0.095,-5.425,-0.053,-4.843,0.033,-4.843,0.033
615563,-6,0,0.174,-3.788,0.086,-3.792,0.084,-5.462,0.037,-4.939,0.038,-4.939,0.038
615573,-6,0,0.174,-3.793,0.096,-3.766,0.083,-5.474,0.103,-5.032,0.05,-5.032,0.05
615583,0,0,0.174,-3.847,0.106,-3.824,0.112,-5.431,0.119,-4.82,0.077,-4.82,0.077
615593,0,0,0.174,-3.905,0.107,-3.885,0.103,-5.399,0.118,-4.878,0.086,-4.878,0.086
615603,0,0,0.174,-3.924,0.107,-3.923,0.11,-5.443,0.138,-4.783,0.1,-4.783,0.1
615613,0,0,0.174,-3.941,0.12,-3.93,0.119,-5.537,0.123,-4.895,0.105,-4.895,0.105
615623,0,0,0.174,-3.981,0.132,-3.951,0.121,-5.508,0.138,-4.88,0.111,-4.88,0.111
615633,0,0,0.174,-4.003,0.139,-3.983,0.14,-5.374,0.138,-4.803,0.118,-4.803,0.118
615643,0,0,0.174,-3.989,0.135,-4.004,0.138,-5.237,0.142,-4.559,0.128,-4.559,0.128
615653,0,0,0.174,-3.964,0.136,-3.977,0.139,-5.212,0.128,-4.506,0.132,-4.506,0.132
615663,0,0,0.174,-3.951,0.139,-3.942,0.132,-5.296,0.123,-4.486,0.132,-4.486,0.132
615673,0,0,0.174,-3.942,0.148,-3.93,0.153,-5.364,0.135,-4.32,0.133,-4.32,0.133
615683,0,0,0.174,-3.964,0.151,-3.937,0.137,-5.351,0.13,-4.332,0.135,-4.332,0.135
615693,0,0,0.174,-4.026,0.151,-4.015,0.157,-5.309,0.102,-4.342,0.136,-4.342,0.136
615703,0,0,0.174,-4.095,0.153,-4.086,0.157,-5.308,0.079,-4.298,0.137,-4.298,0.137
615713,0,0,0.174,-4.119,0.152,-4.11,0.144,-5.33,0.031,-4.309,0.13,-4.309,0.13
615723,0,0,0.174,-4.161,0.15,-4.129,0.153,-5.315,-0.021,-4.32,0.119,-4.32,0.119
615733,0,0,0.174,-4.192,0.145,-4.165,0.168,-5.208,-0.089,-4.344,0.102,-4.344,0.102
615743,0,0,0.174,-4.221,0.136,-4.224,0.148,-5.1,-0.147,-4.374,0.08,-4.374,0.08
615753,0,0,0.174,-4.231,0.118,-4.254,0.118,-5.032,-0.223,-4.361,0.066,-4.361,0.066
615763,0,0,0.174,-4.224,0.094,-4.238,0.102,-4.957,-0.246,-4.384,0.035,-4.384,0.035
615773,0,0,0.174,-4.225,0.076,-4.19,0.093,-4.789,-0.242,-4.368,0.016,-4.368,0.016
615783,0,0,0.174,-4.261,0.056,-4.25,0.055,-4.564,-0.185,-4.365,-0.005,-4.365,-0.005
615793,0,0,0.174,-4.257,0.03,-4.29,0.035,-4.354,-0.127,-4.355,-0.016,-4.355,-0.016
615803,0,0,0.174,-4.203,0.012,-4.245,0.019,-4.163,-0.087,-4.331,-0.018,-4.331,-0.018
615813,0,0,0.174,-4.15,0.004,-4.171,0.009,-3.954,-0.079,-4.293,-0.022,-4.293,-0.022
615823,0,0,0.174,-4.1,0,-4.124,0.009,-3.749,-0.049,-4.231,-0.021,-4.231,-0.021
615833,0,0,0.174,-4.056,0,-4.068,-0.017,-3.651,0.016,-4.157,-0.015,-4.157,-0.015
615843,0,0,0.174,-4.014,0,-4.054,0.006,-3.614,0.048,-4.117,-0.008,-4.117,-0.008
615853,0,0,0.174,-3.94,0.002,-3.982,0.001,-3.513,0.027,-4.068,0,-4.068,0
615863,0,0,0.174,-3.864,0.007,-3.909,0.012,-3.33,0.011,-3.998,0.004,-3.998,0.004
615873,0,0,0.174,-3.781,0.019,-3.83,0.012,-3.127,0.016,-3.923,0.007,-3.923,0.007
615883,0,0,0.174,-3.764,0.029,-3.801,0.018,-2.964,0.047,-3.86,0.012,-3.86,0.012
615893,0,0,0.174,-3.754,0.033,-3.778,0.026,-2.911,0.054,-3.808,0.018,-3.808,0.018
615903,0,0,0.174,-3.73,0.036,-3.723,0.045,-2.966,0.078,-3.751,0.03,-3.751,0.03
615913,0,0,0.174,-3.704,0.035,-3.728,0.023,-2.996,0.101,-3.713,0.037,-3.713,0.037
615923,0,0,0.174,-3.667,0.022,-3.691,0.028,-2.968,0.098,-3.681,0.045,-3.681,0.045
615933,0,0,0.174,-3.586,0.011,-3.629,0.018,-2.781,0.044,-3.637,0.044,-3.637,0.044
615943,0,0,0.174,-3.528,0.015,-3.566,0.024,-2.491,-0.015,-3.579,0.036,-3.579,0.036
615953,0,0,0.174,-3.473,0.019,-3.536,0.016,-2.26,-0.057,-3.518,0.023,-3.518,0.023
615963,0,0,0.174,-3.46,0.031,-3.482,0.023,-2.125,-0.045,-3.453,0.012,-3.453,0.012
615973,0,0,0.174,-3.431,0.037,-3.457,0.046,-2.066,-0.025,-3.388,0.009,-3.388,0.009
615983,0,0,0.174,-3.393,0.039,-3.419,0.02,-2.193,0.029,-3.338,0.016,-3.338,0.016
615993,0,0,0.174,-3.322,0.032,-3.352,0.027,-2.34,0.05,-3.305,0.018,-3.305,0.018
616003,0,0,0.174,-3.219,0.026,-3.278,0.054,-2.257,0.012,-3.272,0.034,-3.272,0.034
616013,0,0,0.174,-3.141,0.033,-3.177,0.032,-1.924,-0.103,-3.226,0.025,-3.226,0.025
616023,0,0,0.174,-3.044,0.045,-3.112,0.032,-1.503,-0.122,-3.138,0.007,-3.138,0.007
616033,0,0,0.174,-3.002,0.045,-3.066,0.014,-1.248,-0.013,-3.075,0.007,-3.075,0.007
616043,0,0,0.174,-2.947,0.04,-2.975,0.048,-1.266,-0.045,-2.998,0.005,-2.998,0.005
616053,0,0,0.174,-2.893,0.042,-2.905,0.046,-1.49,-0.017,-2.925,0.013,-2.925,0.013
616063,0,0,0.174,-2.824,0.046,-2.901,0.041,-1.635,0.089,-2.869,0.021,-2.869,0.021
616073,0,0,0.174,-2.762,0.047,-2.804,0.043,-1.591,0.195,-2.817,0.041,-2.817,0.041
616083,0,0,0.174,-2.667,0.044,-2.735,0.043,-1.324,0.192,-2.755,0.061,-2.755,0.061
616093,0,0,0.174,-2.587,0.045,-2.634,0.041,-0.977,0.06,-2.687,0.061,-2.687,0.061
616103,0,0,0.174,-2.496,0.042,-2.547,0.039,-0.654,-0.079,-2.602,0.047,-2.602,0.047
616113,0,0,0.174,-2.402,0.045,-2.476,0.057,-0.469,-0.132,-2.52,0.031,-2.52,0.031
616123,0,0,0.174,-2.323,0.054,-2.378,0.053,-0.549,-0.082,-2.427,0.017,-2.427,0.017
616133,0,0,0.174,-2.289,0.062,-2.329,0.027,-0.813,0.07,-2.326,0.021,-2.326,0.021
616143,0,0,0.174,-2.248,0.064,-2.277,0.068,-0.983,0.084,-2.248,0.039,-2.248,0.039
616153,0,0,0.174,-2.193,0.064,-2.259,0.071,-0.898,-0.019,-2.16,0.041,-2.16,0.041
616163,0,0,0.174,-1.996,0.061,-2.113,0.071,-0.61,-0.105,-2.039,0.033,-2.039,0.033
616173,0,0,0.174,-1.539,0.048,-1.698,0.052,-0.256,-0.12,-1.82,0.027,-1.82,0.027
616183,0,0,0.174,-1.089,0.034,-1.287,0.039,-0.02,-0.109,-1.515,0.017,-1.515,0.017
616193,0,0,0.174,-0.735,0.023,-0.879,0.023,-0.006,-0.074,-1.241,0.009,-1.241,0.009
616203,0,0,0.174,-0.48,0.016,-0.593,0.016,-0.146,-0.021,-1.019,0.005,-1.019,0.005
616212,0,0,0.174,-0.311,0.012,-0.396,0.015,-0.399,-0.005,-0.865,0.004,-0.865,0.004
616222,0,0,0.174,-0.427,0.033,-0.334,0.012,-0.765,0.069,-0.601,0.015,-0.601,0.015
616232,0,0,0.174,-0.736,0.058,-0.651,0.053,-1.063,0.115,-0.625,0.025,-0.625,0.025
616242,0,0,0.174,-1.017,0.066,-0.946,0.074,-1.294,0.065,-0.735,0.041,-0.735,0.041
616252,0,0,0.174,-1.213,0.058,-1.155,0.074,-1.419,0.093,-0.951,0.062,-0.951,0.062
616263,0,0,0.174,-1.202,0.042,-1.257,0.067,-1.484,0.353,-1.064,0.077,-1.064,0.077
616272,0,0,0.174,-1.117,0.019,-1.168,0.044,-1.59,0.677,-1.139,0.122,-1.139,0.122
616283,0,0,0.174,-0.934,0,-0.982,0.015,-1.656,0.806,-1.202,0.189,-1.202,0.189
616292,0,0,0.174,-0.916,-0.019,-0.926,-0.031,-1.493,0.595,-1.217,0.226,-1.217,0.226
616302,0,0,0.174,-1.001,-0.045,-1.015,-0.028,-1.231,0.231,-1.164,0.158,-1.164,0.158
616312,0,0,0.174,-1.081,-0.071,-1.079,-0.057,-0.964,0.027,-1.11,0.068,-1.11,0.068
616322,0,0,0.174,-0.942,-0.069,-1.013,-0.069,-0.631,0.022,-1.062,0.033,-1.062,0.033
616332,0,0,0.174,-0.705,-0.054,-0.814,-0.058,-0.304,0.027,-0.962,0.017,-0.962,0.017
616342,0,0,0.174,-0.491,-0.039,-0.591,-0.041,-0.082,-0.043,-0.782,-0.013,-0.782,-0.013
616352,0,0,0.174,-0.329,-0.026,-0.43,-0.034,-0.01,-0.124,-0.628,-0.028,-0.628,-0.028
616362,0,0,0.174,-0.214,-0.017,-0.31,-0.05,-0.057,-0.156,-0.544,-0.041,-0.544,-0.041
616372,0,0,0.174,-0.138,-0.011,-0.162,0.016,-0.122,-0.157,-0.464,-0.053,-0.464,-0.053
616382,0,0,0.174,-0.087,-0.007,-0.113,0.017,-0.143,-0.176,-0.391,-0.062,-0.391,-0.062
616392,0,0,0.174,-0.055,-0.004,-0.052,-0.027,-0.179,-0.247,-0.335,-0.08,-0.335,-0.08
616402,0,0,0.174,-0.034,-0.003,-0.03,-0.041,-0.209,-0.298,-0.29,-0.109,-0.29,-0.109
616412,0,0,0.174,-0.043,0,-0.082,-0.011,-0.222,-0.272,-0.265,-0.131,-0.265,-0.131
616422,0,0,0.174,-0.103,-0.004,-0.126,-0.006,-0.189,-0.174,-0.239,-0.131,-0.239,-0.131
616432,0,0,0.174,-0.121,-0.009,-0.147,-0.007,-0.12,0.003,-0.211,-0.103,-0.211,-0.103
616442,0,0,0.174,-0.101,-0.008,-0.135,-0.006,-0.047,0.186,-0.18,-0.056,-0.18,-0.056
616452,0,0,0.174,-0.074,-0.006,-0.115,-0.005,-0.023,0.312,-0.15,-0.005,-0.15,-0.005
616462,0,0,0.174,-0.051,-0.005,-0.092,-0.002,-0.06,0.358,-0.127,0.036,-0.127,0.036
616472,0,0,0.174,-0.034,-0.003,-0.071,0,-0.114,0.36,-0.117,0.07,-0.117,0.07
616482,0,0,0.174,-0.022,-0.002,-0.05,0.004,-0.16,0.36,-0.115,0.102,-0.115,0.102
616492,0,0,0.174,-0.014,-0.001,-0.022,0.012,-0.138,0.336,-0.114,0.13,-0.114,0.13
616502,0,0,0.174,-0.009,0,-0.032,-0.005,-0.066,0.25,-0.104,0.144,-0.104,0.144
616512,0,0,0.174,0.001,0,0.021,-0.033,-0.045,0.155,-0.079,0.121,-0.079,0.121
616522,0,0,0.174,0.007,0,0,0,-0.009,0.078,-0.049,0.084,-0.049,0.084
616532,0,0,0.174,0.007,0,0.004,0.005,0.016,0.033,-0.028,0.059,-0.028,0.059
616542,0,0,0.174,0.006,0,0.01,-0.011,0.027,0.021,-0.009,0.027,-0.009,0.027
616552,0,0,0.174,0.004,0,0.012,-0.007,0.035,0.02,0.002,0.009,0.002,0.009
616562,2,0,0.174,0.003,0,0.007,0.001,0.034,0.024,0.006,0.005,0.006,0.005
616572,2,0,0.174,0.002,0,0.005,0,0.031,0.032,0.007,0.002,0.007,0.002
616582,2,0,0.174,0.001,0,0.004,0.003,0.027,0.033,0.007,0.003,0.007,0.003
616592,2,0,0.174,0,0,0.001,0.004,0.019,0.035,0.006,0.005,0.006,0.005
616602,2,0,0.174,0,0,0.001,0.004,0.014,0.032,0.002,0.005,0.002,0.005
616612,2,0,0.174,0,0,0.002,0.005,0.009,0.024,0.002,0.005,0.002,0.005
616622,2,0,0.174,0,0,0.003,0.002,0.007,0.016,0.002,0.004,0.002,0.004
616632,2,0,0.174,0,0,0,0,0.005,0.008,0.001,0.001,0.001,0.001
616642,2,0,0.174,0,0,0,-0.001,0.004,0.002,0,0,0,0
616652,2,0,0.174,0,0,-0.001,0,0.005,-0.002,0,0,0,0
616662,2,0,0.174,0,0,0,0,0.008,-0.004,0,0,0,0
616672,2,0,0.174,0,0,-0.001,-0.001,0.013,-0.007,0,-0.001,0,-0.001
616682,0,0,0.174,0,0,-0.001,-0.001,0.019,-0.01,-0.001,-0.001,-0.001,-0.001
616692,0,0,0.174,0,0,-0.002,-0.001,0.028,-0.012,-0.001,-0.001,-0.001,-0.001
616702,0,0,0.174,0,0,-0.002,0,0.039,-0.016,-0.001,-0.001,-0.001,-0.001
616712,0,0,0.174,0,0,-0.006,-0.001,0.046,-0.021,-0.002,-0.002,-0.002,-0.002
616722,0,0,0.174,0,0,0.013,-0.001,0.042,-0.016,0,-0.001,0,-0.001
616732,2,0,0.174,0.007,0,0.006,0.002,0.043,-0.01,0.002,-0.002,0.002,-0.002
616742,2,0,0.174,0.016,0,0.011,0.002,0.041,-0.007,0.008,-0.001,0.008,-0.001
616752,2,0,0.174,0.021,0,0.017,0,0.04,-0.004,0.015,0,0.015,0
616762,2,0,0.174,0.024,0,0.021,0,0.032,-0.002,0.021,0,0.021,0
616772,2,0,0.174,0.023,0,0.032,0,0.029,-0.003,0.027,0,0.027,0
616782,2,0,0.174,0.022,0,0.028,-0.001,0.024,-0.002,0.025,0,0.025,0
616792,2,0,0.174,0.02,0,0.021,0.001,0.019,-0.002,0.024,0,0.024,0
616802,2,0,0.174,0.016,0,0.018,0,0.015,-0.002,0.02,0,0.02,0
616812,2,0,0.174,0.012,0,0.014,0,0.013,-0.003,0.017,0,0.017,0
616822,2,0,0.174,0.009,0,0.009,0,0.012,-0.004,0.011,0,0.011,0
616832,2,0,0.174,0.007,0,0.006,0.001,0.014,-0.006,0.009,0,0.009,0
616842,2,0,0.174,0.006,0,0.005,0,0.02,-0.008,0.007,0,0.007,0
616852,2,0,0.174,0.007,0,0.005,0,0.029,-0.007,0.006,0,0.006,0
616862,2,0,0.174,0.009,0,0.003,0,0.044,0,0.004,0,0.004,0
616872,2,0,0.174,0.011,0,0.006,0,0.064,0.013,0.005,0,0.005,0
616882,0,0,0.174,0.009,0,0.005,0,0.093,0.032,0.006,0.002,0.006,0.002
616892,0,0,0.174,0.006,0,0.002,0.003,0.126,0.039,0.005,0.004,0.005,0.004
616902,2,0,0.174,0.015,0,0,-0.002,0.158,0.016,0.004,0.003,0.004,0.003
616912,2,0,0.174,0.032,0,0.012,0.002,0.147,-0.008,0.008,0.003,0.008,0.003
616922,2,0,0.174,0.05,0,0.056,0,0.132,-0.023,0.011,0.002,0.011,0.002
616932,2,0,0.174,0.062,0,0.061,-0.002,0.131,-0.029,0.023,-0.001,0.023,-0.001
616942,2,0,0.174,0.074,0,0.073,-0.001,0.127,-0.035,0.055,-0.005,0.055,-0.005
616952,2,0,0.174,0.084,0,0.077,0.001,0.149,-0.058,0.064,-0.006,0.064,-0.006
616962,2,0,0.174,0.094,0,0.085,0,0.167,-0.078,0.076,-0.006,0.076,-0.006
616972,2,0,0.174,0.084,0,0.089,-0.003,0.162,-0.068,0.084,-0.007,0.084,-0.007
616982,2,0,0.174,0.063,0,0.073,-0.002,0.154,-0.055,0.081,-0.005,0.081,-0.005
616992,2,0,0.174,0.045,0,0.053,-0.001,0.157,-0.053,0.063,-0.003,0.063,-0.003
617002,2,0,0.174,0.046,0,0.044,-0.002,0.182,-0.068,0.059,-0.004,0.059,-0.004
617012,2,0,0.174,0.047,0,0.046,0.004,0.206,-0.086,0.053,-0.006,0.053,-0.006
617022,2,0,0.174,0.038,0,0.038,-0.009,0.227,-0.096,0.052,-0.012,0.052,-0.012
617032,2,0,0.174,0.027,0,0.024,-0.013,0.304,-0.166,0.045,-0.019,0.045,-0.019
617042,2,0,0.174,0.018,0,0.018,-0.007,0.445,-0.306,0.04,-0.032,0.04,-0.032
617052,2,0,0.174,0.013,0,0.016,-0.013,0.617,-0.485,0.036,-0.052,0.036,-0.052
617062,2,0,0.174,0.03,0.004,0.02,-0.001,0.759,-0.623,0.02,-0.032,0.02,-0.032
617072,2,0,0.174,0.033,0.007,0.026,-0.003,0.84,-0.66,0.026,-0.051,0.026,-0.051
617082,2,0,0.174,0.03,0.014,0.021,0.003,0.902,-0.639,0.035,-0.088,0.035,-0.088
617092,2,0,0.174,0.031,0.019,0.007,0.008,0.966,-0.563,0.044,-0.122,0.044,-0.122
617102,2,0,0.174,0.07,0.031,0.035,0.019,1.031,-0.481,0.055,-0.145,0.055,-0.145
617112,2,0,0.174,0.13,0.046,0.107,0.077,1.067,-0.313,0.077,-0.125,0.077,-0.125
617122,2,0,0.174,0.131,0.044,0.126,0.026,1.011,-0.191,0.104,-0.106,0.104,-0.106
617132,2,0,0.174,0.104,0.034,0.104,0.059,1.156,-0.173,0.125,-0.074,0.125,-0.074
617142,2,0,0.174,0.075,0.024,0.076,0.031,1.514,-0.114,0.141,-0.058,0.141,-0.058
617152,2,0,0.174,0.051,0.016,0.041,0.011,1.995,0.031,0.165,-0.041,0.165,-0.041
617162,2,0,0.174,0.039,0.012,0.033,-0.004,2.382,0.145,0.208,-0.016,0.208,-0.016
617172,2,0,0.174,0.056,0.011,0.045,0.051,2.405,0.256,0.356,0.025,0.356,0.025
617182,0,0,0.174,0.049,0.008,0.036,-0.002,2.231,0.483,0.51,0.063,0.51,0.063
617192,0,0,0.174,0.072,0.007,0.058,-0.012,2.096,0.628,0.585,0.101,0.585,0.101
617202,0,0,0.174,0.069,0.005,0.057,0.021,1.981,0.569,0.591,0.128,0.591,0.128
617212,0,0,0.174,0.053,0.003,0.039,0.01,1.839,0.4,0.387,0.088,0.387,0.088
617222,0,0,0.174,0.038,0.002,0.046,0.013,1.433,0.179,0.439,0.092,0.439,0.092
617232,0,0,0.174,0.092,0.002,0.094,-0.005,1.172,0.075,0.411,0.076,0.411,0.076
617242,2,0,0.174,0.205,0.004,0.153,-0.01,1.005,0.029,0.406,0.063,0.406,0.063
617252,2,0,0.174,0.322,0.001,0.274,0.011,0.882,0.001,0.374,0.043,0.374,0.043
617262,2,0,0.174,0.415,0,0.388,0.002,0.788,-0.02,0.383,0.03,0.383,0.03
617272,2,0,0.174,0.483,0,0.475,0.001,0.715,-0.041,0.418,0.016,0.418,0.016
617282,2,0,0.174,0.533,0,0.525,0.004,0.71,-0.053,0.463,0.004,0.463,0.004
617292,2,0,0.174,0.581,0,0.551,-0.009,0.69,-0.038,0.506,-0.002,0.506,-0.002
617302,2,0,0.174,0.613,0,0.623,-0.002,0.657,-0.044,0.541,-0.006,0.541,-0.006
617312,2,0,0.174,0.626,0,0.628,0.014,0.622,-0.048,0.577,-0.005,0.577,-0.005
617322,2,0,0.174,0.624,0,0.629,0.002,0.577,-0.049,0.6,-0.004,0.6,-0.004
617332,2,0,0.174,0.612,0,0.633,0.002,0.545,-0.036,0.605,-0.005,0.605,-0.005
617342,2,0,0.174,0.603,0,0.616,-0.004,0.518,-0.034,0.609,-0.008,0.609,-0.008
617352,2,0,0.174,0.588,0,0.594,0.003,0.486,-0.033,0.602,-0.004,0.602,-0.004
617362,2,0,0.174,0.563,0,0.579,-0.003,0.448,-0.034,0.596,-0.005,0.596,-0.005
617372,2,0,0.174,0.531,0,0.563,-0.007,0.422,-0.038,0.587,-0.008,0.587,-0.008
617382,0,0,0.174,0.495,-0.005,0.527,-0.003,0.405,-0.046,0.573,-0.01,0.573,-0.01
617392,0,0,0.174,0.464,-0.014,0.481,-0.008,0.399,-0.051,0.555,-0.014,0.555,-0.014
617402,0,0,0.174,0.438,-0.02,0.438,-0.014,0.397,-0.047,0.526,-0.017,0.526,-0.017
617412,2,0,0.174,0.416,-0.021,0.415,-0.027,0.39,-0.043,0.488,-0.021,0.488,-0.021
617422,2,0,0.174,0.396,-0.023,0.418,-0.019,0.376,-0.041,0.466,-0.023,0.466,-0.023
617432,2,0,0.174,0.382,-0.024,0.392,-0.023,0.391,-0.038,0.441,-0.023,0.441,-0.023
617442,2,0,0.174,0.377,-0.024,0.37,-0.03,0.409,-0.035,0.421,-0.026,0.421,-0.026
617452,2,0,0.174,0.378,-0.023,0.369,-0.022,0.408,-0.034,0.396,-0.027,0.396,-0.027
617462,2,0,0.174,0.379,-0.022,0.378,-0.023,0.42,-0.028,0.388,-0.025,0.388,-0.025
617472,2,0,0.174,0.383,-0.022,0.381,-0.023,0.439,-0.028,0.385,-0.024,0.385,-0.024
617482,2,0,0.174,0.39,-0.022,0.38,-0.021,0.486,-0.028,0.386,-0.024,0.386,-0.024
617492,2,0,0.174,0.4,-0.021,0.383,-0.027,0.547,-0.018,0.387,-0.023,0.387,-0.023
617502,2,0,0.174,0.412,-0.02,0.392,-0.023,0.599,-0.03,0.389,-0.023,0.389,-0.023
617512,2,0,0.174,0.427,-0.02,0.415,-0.018,0.634,-0.021,0.396,-0.023,0.396,-0.023
617522,2,0,0.174,0.444,-0.019,0.434,-0.01,0.674,-0.016,0.411,-0.018,0.411,-0.018
617532,2,0,0.174,0.469,-0.013,0.45,-0.025,0.751,-0.012,0.421,-0.018,0.421,-0.018
617542,2,0,0.174,0.502,-0.01,0.467,-0.032,0.862,-0.051,0.439,-0.023,0.439,-0.023
617552,2,0,0.174,0.533,-0.013,0.521,0.009,0.957,-0.058,0.459,-0.022,0.459,-0.022
617562,2,0,0.174,0.562,-0.017,0.531,-0.009,1.042,-0.007,0.485,-0.02,0.485,-0.02
617572,2,0,0.174,0.588,-0.013,0.55,-0.014,1.167,0.034,0.516,-0.015,0.516,-0.015
617582,2,0,0.174,0.622,-0.01,0.598,-0.028,1.33,0.021,0.539,-0.012,0.539,-0.012
617592,2,0,0.174,0.655,-0.01,0.633,0.016,1.47,-0.063,0.577,-0.012,0.577,-0.012
617602,2,0,0.174,0.695,-0.005,0.652,-0.02,1.559,-0.034,0.616,-0.015,0.616,-0.015
617612,2,0,0.174,0.742,0,0.714,-0.029,1.63,0.046,0.664,-0.009,0.664,-0.009
617622,2,0,0.174,0.797,0,0.749,0.022,1.63,-0.004,0.707,-0.005,0.707,-0.005
617632,2,0,0.174,0.83,0,0.819,0.005,1.717,-0.036,0.8,-0.003,0.8,-0.003
617642,2,0,0.174,0.858,0,0.834,0.001,1.921,-0.04,0.899,-0.004,0.899,-0.004
617652,2,0,0.174,0.891,0,0.859,-0.02,2.058,-0.014,1.009,-0.005,1.009,-0.005
617662,2,0,0.174,0.933,0,0.915,0.019,2.012,-0.021,1.086,-0.005,1.086,-0.005
617672,2,0,0.174,0.989,0,0.976,0.014,1.908,0.011,1.149,0.001,1.149,0.001
617682,2,0,0.174,1.072,0.006,1.028,-0.039,1.817,0.028,1.217,0.001,1.217,0.001
617692,2,0,0.174,1.102,0.003,1.082,0.014,1.775,0.027,1.261,0.003,1.261,0.003
617702,2,0,0.174,1.125,0,1.112,0.01,1.798,0.025,1.274,0.007,1.274,0.007
617712,2,0,0.174,1.125,0,1.114,0.012,1.821,0.054,1.294,0.012,1.294,0.012
617722,2,0,0.174,1.14,0.003,1.121,-0.011,1.788,0.062,1.334,0.016,1.334,0.016
617732,2,0,0.174,1.185,0.013,1.145,-0.009,1.726,0.039,1.323,0.011,1.323,0.011
617742,2,0,0.174,1.206,0.007,1.225,0.023,1.688,0.041,1.357,0.013,1.357,0.013
617752,2,0,0.174,1.24,-0.005,1.231,0.003,1.727,0.052,1.39,0.019,1.39,0.019
617762,2,0,0.174,1.253,-0.009,1.222,-0.013,1.809,0.067,1.414,0.018,1.414,0.018
617772,2,0,0.174,1.249,-0.01,1.224,-0.002,1.866,0.075,1.431,0.019,1.431,0.019
617782,2,0,0.174,1.257,-0.005,1.253,-0.014,1.871,0.052,1.473,0.02,1.473,0.02
617792,2,0,0.174,1.29,-0.001,1.286,0.003,1.819,0.037,1.454,0.014,1.454,0.014
617802,2,0,0.174,1.334,0,1.32,0.006,1.781,0.041,1.461,0.015,1.461,0.015
617812,2,0,0.174,1.371,0,1.347,-0.016,1.773,0.033,1.473,0.011,1.473,0.011
617822,2,0,0.174,1.353,-0.01,1.369,-0.005,1.816,0.003,1.491,0.008,1.491,0.008
617832,2,0,0.174,1.091,-0.011,1.176,0.004,1.895,0.003,1.479,0.006,1.479,0.006
617842,2,0,0.174,0.839,-0.005,0.883,-0.011,1.939,0.002,1.479,0.004,1.479,0.004
617852,2,0,0.174,0.845,0,0.83,0,1.902,0.005,1.472,0.002,1.472,0.002
617862,2,0,0.174,0.979,-0.001,0.964,-0.012,1.88,0.02,1.442,0.002,1.442,0.002
617872,2,0,0.174,1.136,-0.011,1.091,0.006,1.921,0.028,1.464,0.005,1.464,0.005
617882,0,0,0.174,1.24,-0.017,1.177,-0.006,2.008,0.033,1.508,0.007,1.508,0.007
617892,0,0,0.174,1.326,-0.018,1.272,-0.027,2.111,0.069,1.557,0.009,1.557,0.009
617902,0,0,0.174,1.23,-0.021,1.252,-0.024,2.177,0.038,1.633,0.012,1.633,0.012
617912,2,0,0.174,1.153,-0.026,1.203,-0.009,2.129,-0.008,1.636,0.007,1.636,0.007
617922,2,0,0.174,0.898,-0.022,1.024,-0.04,1.999,-0.032,1.614,-0.001,1.614,-0.001
617932,2,0,0.174,0.639,-0.017,0.719,-0.022,1.874,-0.049,1.556,-0.011,1.556,-0.011
617942,2,0,0.174,0.433,-0.011,0.482,-0.009,1.779,-0.051,1.206,-0.011,1.206,-0.011
617952,2,0,0.174,0.284,-0.008,0.332,-0.002,1.746,-0.039,1.145,-0.014,1.145,-0.014
617962,2,0,0.174,0.238,-0.007,0.24,-0.011,1.763,-0.037,0.913,-0.015,0.913,-0.015
617972,2,0,0.174,0.462,-0.017,0.397,-0.015,1.776,-0.036,0.751,-0.017,0.751,-0.017
617982,2,0,0.174,0.756,-0.031,0.657,-0.026,1.866,-0.025,0.81,-0.018,0.81,-0.018
617992,2,0,0.174,0.892,-0.038,0.846,-0.034,2.049,-0.034,0.889,-0.022,0.889,-0.022
618002,2,0,0.174,0.746,-0.033,0.778,-0.037,2.234,-0.078,0.932,-0.028,0.932,-0.028
618012,2,0,0.174,0.549,-0.024,0.608,-0.036,2.371,-0.125,0.95,-0.039,0.95,-0.039
618022,2,0,0.174,0.392,-0.017,0.445,-0.018,2.408,-0.157,0.901,-0.049,0.901,-0.049
618032,2,0,0.174,0.511,-0.017,0.443,-0.004,2.325,-0.098,0.852,-0.048,0.852,-0.048
618042,2,0,0.174,0.789,-0.02,0.699,-0.044,2.237,-0.043,0.8,-0.041,0.8,-0.041
618052,2,0,0.174,1.082,-0.029,0.975,-0.026,2.253,-0.014,0.935,-0.038,0.935,-0.038
618062,2,0,0.174,1.301,-0.037,1.218,-0.019,2.348,-0.014,1.146,-0.029,1.146,-0.029
618072,2,0,0.174,1.416,-0.032,1.363,-0.031,2.393,-0.021,1.311,-0.028,1.311,-0.028
618084,2,0,0.174,1.527,-0.023,1.477,-0.047,2.304,-0.003,1.467,-0.027,1.467,-0.027
618092,2,0,0.174,1.602,-0.029,1.628,-0.031,2.153,0.005,1.596,-0.026,1.596,-0.026
618102,2,0,0.174,1.648,-0.036,1.631,-0.016,2.023,0,1.673,-0.02,1.673,-0.02
618112,2,0,0.174,1.662,-0.032,1.648,-0.022,1.889,0.008,1.705,-0.018,1.705,-0.018
618122,2,0,0.174,1.657,-0.021,1.663,-0.036,1.743,0.018,1.712,-0.017,1.712,-0.017
618132,2,0,0.174,1.646,-0.014,1.695,-0.038,1.636,0.017,1.701,-0.017,1.701,-0.017
618142,2,0,0.174,1.641,-0.017,1.644,0.013,1.572,0.007,1.679,-0.009,1.679,-0.009
618152,2,0,0.174,1.6,-0.014,1.609,-0.015,1.494,0.025,1.647,-0.005,1.647,-0.005
618162,2,0,0.174,1.573,-0.004,1.595,-0.015,1.419,0.021,1.61,-0.003,1.61,-0.003
618172,2,0,0.174,1.563,0,1.606,-0.03,1.391,-0.001,1.575,-0.006,1.575,-0.006
618182,2,0,0.174,1.54,0,1.564,0.025,1.408,-0.023,1.548,-0.007,1.548,-0.007
618192,2,0,0.174,1.521,0,1.514,0.012,1.43,-0.009,1.526,-0.004,1.526,-0.004
618204,2,0,0.174,1.482,0,1.472,-0.01,1.441,0.002,1.507,-0.003,1.507,-0.003
618212,2,0,0.174,1.451,0.006,1.49,-0.01,1.453,0.001,1.492,-0.004,1.492,-0.004
618222,2,0,0.174,1.433,0.002,1.471,0.033,1.477,0.004,1.486,0.002,1.486,0.002
618232,2,0,0.174,1.412,0.002,1.418,-0.003,1.528,0.02,1.487,0.005,1.487,0.005
618242,2,0,0.174,1.391,0.006,1.374,-0.018,1.574,0.023,1.47,0.003,1.47,0.003
618252,4,0,0.174,1.395,0.001,1.382,0.003,1.588,-0.001,1.474,0.003,1.474,0.003
618262,4,0,0.174,1.379,0,1.4,0.016,1.596,-0.006,1.477,0.004,1.477,0.004
618272,4,0,0.174,1.393,0,1.397,-0.001,1.625,0.011,1.48,0.005,1.48,0.005
618282,4,0,0.174,1.414,0,1.401,-0.01,1.654,0.017,1.491,0.003,1.491,0.003
618292,4,0,0.174,1.436,0,1.409,0.007,1.636,0.005,1.488,0.003,1.488,0.003
618302,4,0,0.174,1.449,0,1.45,0.016,1.614,-0.005,1.492,0.003,1.492,0.003
618312,4,0,0.174,1.337,0,1.404,-0.001,1.608,0.009,1.492,0.004,1.492,0.004
618322,4,0,0.174,1.059,0.004,1.157,-0.023,1.618,0.012,1.45,0.002,1.45,0.002
618332,4,0,0.174,0.999,0.004,0.995,0.006,1.631,-0.001,1.406,0.001,1.406,0.001
618342,4,0,0.174,1.068,0.001,1.037,0.013,1.642,-0.003,1.278,0.005,1.278,0.005
618352,4,0,0.174,1.151,0.006,1.119,0.005,1.69,0.021,1.246,0.007,1.246,0.007
618362,4,0,0.174,1.243,0.015,1.224,0.008,1.762,0.029,1.228,0.007,1.228,0.007
618372,4,0,0.174,1.312,0.015,1.281,0.019,1.826,0.048,1.245,0.011,1.245,0.011
618382,0,0,0.174,1.37,0.014,1.326,-0.001,1.896,0.051,1.274,0.018,1.274,0.018
618392,0,0,0.174,1.4,0.01,1.393,0.018,1.979,0.06,1.318,0.02,1.318,0.02
618402,0,0,0.174,1.447,0.007,1.418,0.013,2.122,0.077,1.358,0.023,1.358,0.023
618412,0,0,0.174,1.466,0.007,1.438,0.006,2.239,0.098,1.399,0.025,1.399,0.025
618422,4,0,0.174,1.495,0.01,1.474,0.011,2.166,0.063,1.425,0.028,1.425,0.028
618432,4,0,0.174,1.522,0.012,1.522,0.014,2.026,0.029,1.459,0.026,1.459,0.026
618442,4,0,0.174,1.544,0.004,1.565,0.003,1.935,0.02,1.507,0.022,1.507,0.022
618452,4,0,0.174,1.564,0,1.551,0.007,1.887,0.011,1.53,0.019,1.53,0.019
618462,4,0,0.174,1.582,-0.011,1.558,-0.001,1.817,-0.01,1.55,0.011,1.55,0.011
618472,4,0,0.174,1.563,-0.02,1.567,-0.008,1.739,-0.022,1.568,0.005,1.568,0.005
618482,4,0,0.174,1.534,-0.016,1.556,-0.012,1.672,-0.034,1.576,-0.001,1.576,-0.001
618492,4,0,0.174,1.546,-0.012,1.573,-0.036,1.629,-0.033,1.578,-0.01,1.578,-0.01
618502,4,0,0.174,1.573,-0.02,1.546,-0.008,1.601,-0.045,1.573,-0.015,1.573,-0.015
618512,4,0,0.174,1.572,-0.027,1.569,-0.022,1.567,-0.052,1.571,-0.02,1.571,-0.02
618522,4,0,0.174,1.558,-0.036,1.583,-0.021,1.544,-0.054,1.574,-0.023,1.574,-0.023
618532,4,0,0.174,1.491,-0.037,1.529,-0.044,1.544,-0.046,1.569,-0.027,1.569,-0.027
618542,4,0,0.174,1.441,-0.037,1.457,-0.043,1.562,-0.05,1.553,-0.035,1.553,-0.035
618552,4,0,0.174,1.433,-0.041,1.422,-0.031,1.579,-0.047,1.516,-0.036,1.516,-0.036
618562,4,0,0.174,1.424,-0.042,1.447,-0.045,1.614,-0.042,1.492,-0.037,1.492,-0.037
618572,4,0,0.174,1.435,-0.039,1.436,-0.043,1.685,-0.025,1.481,-0.04,1.481,-0.04
618582,0,0,0.174,1.305,-0.033,1.355,-0.032,1.791,0.003,1.471,-0.035,1.471,-0.035
618592,4,0,0.174,1.099,-0.022,1.132,-0.033,1.887,0.023,1.367,-0.029,1.367,-0.029
618602,4,0,0.174,1.1,-0.021,1.089,-0.028,1.972,0.027,1.289,-0.025,1.289,-0.025
618612,4,0,0.174,1.183,-0.025,1.146,-0.021,2.095,0.054,1.234,-0.017,1.234,-0.017
618622,4,0,0.174,1.299,-0.03,1.242,-0.028,2.106,0.069,1.227,-0.013,1.227,-0.013
618632,4,0,0.174,1.398,-0.03,1.373,-0.023,2.065,0.079,1.257,-0.006,1.257,-0.006
618642,4,0,0.174,1.478,-0.034,1.476,-0.037,2.06,0.047,1.362,-0.02,1.362,-0.02
618652,4,0,0.174,1.544,-0.036,1.508,-0.033,2.106,0.029,1.4,-0.016,1.4,-0.016
618662,4,0,0.174,1.581,-0.034,1.541,-0.036,2.133,0.017,1.465,-0.019,1.465,-0.019
618672,4,0,0.174,1.423,-0.026,1.491,-0.029,2.127,0.012,1.5,-0.017,1.5,-0.017
618682,4,0,0.174,1.084,-0.018,1.214,-0.015,2.102,0,1.477,-0.015,1.477,-0.015
618692,4,0,0.174,0.881,-0.01,0.933,-0.009,2.071,0.002,1.365,-0.013,1.365,-0.013
618702,4,0,0.174,0.966,-0.011,0.938,-0.038,2.042,0.001,1.261,-0.014,1.261,-0.014
618712,4,0,0.174,1.152,-0.022,1.078,-0.008,2.069,0.01,1.236,-0.012,1.236,-0.012
618722,4,0,0.174,1.304,-0.021,1.25,-0.007,2.195,0.019,1.226,-0.009,1.226,-0.009
618732,4,0,0.174,1.42,-0.017,1.374,-0.017,2.384,0.04,1.265,-0.006,1.265,-0.006
618742,4,0,0.174,1.5,-0.011,1.439,-0.033,2.505,0.079,1.316,-0.001,1.316,-0.001
618752,4,0,0.174,1.587,-0.009,1.554,0.002,2.499,0.085,1.383,0.008,1.383,0.008
618762,4,0,0.174,1.656,-0.011,1.636,-0.009,2.473,0.059,1.508,0.002,1.508,0.002
618772,4,0,0.174,1.703,-0.017,1.683,-0.017,2.536,0.064,1.556,0.005,1.556,0.005
618782,4,0,0.174,1.722,-0.024,1.681,-0.018,2.677,0.056,1.609,0.008,1.609,0.008
618792,4,0,0.174,1.501,-0.02,1.571,-0.022,2.806,0.042,1.647,0.005,1.647,0.005
618802,4,0,0.174,1.125,-0.015,1.244,-0.016,2.889,0.034,1.607,0.005,1.607,0.005
618812,4,0,0.174,0.834,-0.009,0.891,-0.015,2.895,0.04,1.47,0.003,1.47,0.003
618822,4,0,0.174,0.919,-0.014,0.889,0.004,2.857,0.053,1.005,-0.001,1.005,-0.001
618832,4,0,0.174,1.088,-0.024,1.044,-0.01,2.909,0.067,1.021,0.001,1.021,0.001
618842,4,0,0.174,0.947,-0.024,0.993,-0.023,3.211,0.05,1.057,0.004,1.057,0.004
618852,4,0,0.174,0.709,-0.018,0.751,-0.019,3.63,0.025,1.015,0,1.015,0
618862,4,0,0.174,0.494,-0.013,0.556,-0.015,4.065,-0.035,0.998,-0.004,0.998,-0.004
618872,4,0,0.174,0.33,-0.009,0.361,-0.012,4.492,-0.08,0.934,-0.012,0.934,-0.012
618882,0,0,0.174,0.215,-0.006,0.248,-0.019,4.649,-0.154,0.841,-0.026,0.841,-0.026
618892,0,0,0.174,0.138,-0.004,0.127,-0.009,4.489,-0.187,0.764,-0.036,0.764,-0.036
618902,0,0,0.174,0.088,-0.002,0.073,-0.004,4.419,-0.197,0.743,-0.044,0.743,-0.044
618912,0,0,0.174,0.139,-0.002,0.108,0.002,4.52,-0.207,0.724,-0.034,0.724,-0.034
618922,0,0,0.174,0.145,0,0.124,-0.005,4.617,-0.218,0.944,-0.044,0.944,-0.044
618932,4,0,0.174,0.467,0,0.332,-0.007,4.485,-0.245,1.105,-0.059,1.105,-0.059
618942,4,0,0.174,0.961,-0.012,0.807,-0.027,4.043,-0.292,1.028,-0.055,1.028,-0.055
618952,4,0,0.174,1.405,-0.022,1.244,-0.006,3.528,-0.253,1.138,-0.066,1.138,-0.066
618962,4,0,0.174,1.732,-0.023,1.64,-0.007,3.107,-0.141,1.284,-0.071,1.284,-0.071
618972,4,0,0.174,1.958,-0.004,1.887,-0.019,2.779,-0.075,1.461,-0.067,1.461,-0.067
618982,4,0,0.174,2.096,0.011,2.097,-0.037,2.424,-0.099,1.685,-0.064,1.685,-0.064
618992,4,0,0.174,2.178,0.014,2.174,0.035,2.073,-0.076,1.826,-0.059,1.826,-0.059
619002,4,0,0.174,2.176,0.014,2.179,0.034,1.681,0.036,1.907,-0.028,1.907,-0.028
619012,4,0,0.174,2.157,0.018,2.199,0.006,1.325,0.184,1.862,-0.003,1.862,-0.003
619022,4,0,0.174,2.142,0.015,2.198,0.008,1.003,0.229,1.793,0.029,1.793,0.029
619032,4,0,0.174,1.905,0.008,2.02,0.012,0.689,0.167,1.753,0.047,1.753,0.047
619042,4,0,0.174,1.441,0.004,1.624,0.012,0.367,-0.029,1.67,0.044,1.67,0.044
619052,4,0,0.174,1.01,0.002,1.204,0,0.186,-0.168,1.544,0.015,1.544,0.015
619062,4,0,0.174,0.677,0.001,0.84,-0.015,0.277,-0.114,1.331,-0.008,1.331,-0.008
619072,6,0,0.174,0.443,0,0.544,0.006,0.401,-0.008,1.091,-0.008,1.091,-0.008
619082,6,0,0.174,0.285,0,0.36,0.006,0.517,-0.022,0.614,0.002,0.614,0.002
619092,6,0,0.174,0.181,0,0.251,0.005,0.731,-0.037,0.567,-0.001,0.567,-0.001
619102,6,0,0.174,0.114,0,0.173,-0.006,1.03,-0.026,0.545,-0.004,0.545,-0.004
619112,6,0,0.174,0.071,0,0.115,0,1.415,0.003,0.544,-0.005,0.544,-0.005
619122,6,0,0.174,0.045,0,-0.002,0.014,1.733,-0.005,0.566,-0.004,0.566,-0.004
619132,6,0,0.174,0.085,0,0.069,-0.007,1.799,-0.032,0.576,-0.006,0.576,-0.006
619142,6,0,0.174,0.348,-0.012,0.264,-0.007,1.886,-0.06,0.608,-0.013,0.608,-0.013
619152,6,0,0.174,0.61,-0.028,0.563,-0.023,2.125,-0.06,0.584,-0.022,0.584,-0.022
619162,6,0,0.174,0.584,-0.027,0.605,-0.032,2.419,-0.064,0.63,-0.027,0.63,-0.027
619172,6,0,0.174,0.587,-0.021,0.553,-0.017,2.535,-0.053,0.679,-0.03,0.679,-0.03
619182,0,0,0.174,0.783,-0.019,0.664,-0.041,2.41,-0.032,0.71,-0.029,0.71,-0.029
619192,6,0,0.174,1.015,-0.027,0.946,-0.034,2.303,-0.018,0.767,-0.028,0.767,-0.028
619202,6,0,0.174,1.217,-0.036,1.167,-0.035,2.36,-0.015,0.909,-0.027,0.909,-0.027
619212,6,0,0.174,1.174,-0.036,1.191,-0.025,2.482,-0.003,0.993,-0.025,0.993,-0.025
619222,6,0,0.174,1.108,-0.034,1.104,-0.034,2.27,-0.006,1.067,-0.023,1.067,-0.023
619232,6,0,0.174,0.926,-0.029,1.011,-0.041,1.961,0.005,1.103,-0.021,1.103,-0.021
619242,6,0,0.174,0.969,-0.037,0.974,-0.039,1.681,-0.004,1.102,-0.022,1.102,-0.022
619252,6,0,0.174,1.059,-0.044,1.048,-0.035,1.389,-0.005,1.074,-0.024,1.074,-0.024
619262,6,0,0.174,0.898,-0.039,0.972,-0.036,1.143,0.001,1.065,-0.025,1.065,-0.025
619272,6,0,0.174,0.791,-0.033,0.836,-0.036,1.007,0.027,1.008,-0.025,1.008,-0.025
619282,6,0,0.174,0.894,-0.022,0.888,-0.037,0.982,0.011,0.983,-0.02,0.983,-0.02
619292,6,0,0.174,1.01,-0.022,0.974,-0.035,1.058,-0.03,0.978,-0.023,0.978,-0.023
619302,6,0,0.174,1.055,-0.029,1.052,-0.006,1.115,-0.057,0.991,-0.023,0.991,-0.023
619312,6,0,0.174,0.869,-0.025,0.946,-0.02,1.106,-0.056,0.998,-0.026,0.998,-0.026
619322,6,0,0.174,0.696,-0.019,0.761,-0.035,1.098,-0.014,0.952,-0.027,0.952,-0.027
619332,6,0,0.174,0.729,-0.013,0.739,-0.025,1.115,0.014,0.874,-0.025,0.874,-0.025
619342,6,0,0.174,0.736,-0.011,0.764,-0.018,1.169,-0.003,0.868,-0.021,0.868,-0.021
619352,6,0,0.174,0.589,-0.008,0.603,0.013,1.226,-0.004,0.829,-0.012,0.829,-0.012
619362,6,0,0.174,0.593,-0.003,0.591,-0.013,1.279,0.006,0.803,-0.01,0.803,-0.01
619372,6,0,0.174,0.713,0,0.676,0.002,1.376,0.017,0.769,-0.008,0.769,-0.008
619382,6,0,0.174,0.862,0,0.839,-0.023,1.504,0.036,0.777,-0.004,0.777,-0.004
619392,6,0,0.174,0.817,0,0.796,0.022,1.609,0.044,0.803,0.005,0.803,0.005
619402,6,0,0.174,0.853,0.01,0.818,0.014,1.749,0.056,0.822,0.013,0.822,0.013
619412,6,0,0.174,0.942,0.019,0.903,-0.003,1.925,0.049,0.857,0.013,0.857,0.013
619422,6,0,0.174,1.058,0.017,1.008,0.026,2.073,-0.038,0.91,0.01,0.91,0.01
619432,6,0,0.174,1.066,0.009,1.063,0.033,2.107,-0.035,0.984,0.014,0.984,0.014
619442,6,0,0.174,0.852,0.004,0.919,-0.008,2.142,0.047,1.005,0.008,1.005,0.008
619452,6,0,0.174,0.614,0.002,0.672,0.005,2.23,0.096,0.983,0.012,0.983,0.012
619462,6,0,0.174,0.541,0,0.542,0.01,2.343,0.102,0.754,0.021,0.754,0.021
619472,6,0,0.174,0.623,-0.005,0.593,-0.004,2.531,0.076,0.697,0.019,0.697,0.019
619482,6,0,0.174,0.528,-0.006,0.546,-0.016,2.832,0.043,0.693,0.015,0.693,0.015
619492,6,0,0.174,0.476,-0.012,0.429,0.001,3.135,-0.018,0.652,0.008,0.652,0.008
619502,6,0,0.174,0.671,-0.018,0.589,-0.015,3.354,-0.082,0.663,-0.001,0.663,-0.001
619512,6,0,0.174,0.791,-0.017,0.764,-0.017,3.59,-0.062,0.717,-0.015,0.717,-0.015
619522,6,0,0.174,0.701,-0.015,0.708,-0.01,3.857,-0.068,0.773,-0.017,0.773,-0.017
619532,6,0,0.174,0.569,-0.012,0.588,0,4.071,0.017,0.758,-0.014,0.758,-0.014
619542,6,0,0.174,0.701,-0.014,0.65,-0.006,4.18,0.141,0.772,-0.002,0.772,-0.002
619552,6,0,0.174,0.653,-0.014,0.659,-0.007,4.187,0.308,0.774,0.016,0.774,0.016
619562,6,0,0.174,0.801,-0.02,0.737,-0.018,4.136,0.403,0.808,0.044,0.808,0.044
619572,6,0,0.174,0.915,-0.025,0.859,-0.006,4.145,0.453,0.875,0.079,0.875,0.079
619582,6,0,0.174,0.76,-0.021,0.806,-0.017,4.214,0.472,0.92,0.08,0.92,0.08
619592,6,0,0.174,0.557,-0.015,0.596,-0.01,4.356,0.492,0.904,0.094,0.904,0.094
619602,6,0,0.174,0.52,-0.006,0.487,-0.003,4.529,0.418,0.868,0.107,0.868,0.107
619612,6,0,0.174,0.818,0.008,0.686,0.018,4.632,0.357,0.909,0.129,0.909,0.129
619622,6,0,0.174,1.17,0.024,1.039,0,4.564,0.357,0.992,0.141,0.992,0.141
619632,6,0,0.174,1.499,0.033,1.382,0.047,4.345,0.339,1.136,0.13,1.136,0.13
619642,6,0,0.174,1.75,0.032,1.65,0.036,4.25,0.285,1.299,0.133,1.299,0.133
619652,6,0,0.174,1.932,0.032,1.848,0.044,4.293,0.213,1.62,0.092,1.62,0.092
619662,6,0,0.174,2.053,0.038,2.004,0.044,4.398,0.154,1.724,0.091,1.724,0.091
619672,6,0,0.174,2.149,0.058,2.108,0.042,4.422,0.172,1.873,0.086,1.873,0.086
619682,6,0,0.174,2.245,0.073,2.195,0.077,4.269,0.192,1.997,0.087,1.997,0.087
619692,6,0,0.174,2.328,0.081,2.277,0.08,4.097,0.252,2.131,0.098,2.131,0.098
619702,6,0,0.174,2.367,0.06,2.367,0.084,4.086,0.265,2.233,0.108,2.233,0.108
619712,6,0,0.174,2.387,0.029,2.364,0.043,4.273,0.235,2.304,0.113,2.304,0.113
619722,6,0,0.174,2.4,-0.001,2.373,0.017,4.532,0.165,2.373,0.079,2.373,0.079
619732,6,0,0.174,2.4,-0.033,2.374,-0.013,4.709,0.087,2.425,0.074,2.425,0.074
619742,6,0,0.174,2.41,-0.066,2.42,-0.065,4.664,-0.014,2.48,0.05,2.48,0.05
619752,6,0,0.174,2.478,-0.099,2.436,-0.099,4.652,-0.128,2.545,0.021,2.545,0.021
619762,6,0,0.174,2.561,-0.136,2.454,-0.151,4.659,-0.203,2.595,-0.033,2.595,-0.033
619772,6,0,0.174,2.62,-0.173,2.62,-0.154,4.746,-0.233,2.688,-0.066,2.688,-0.066
619782,6,0,0.174,2.608,-0.192,2.606,-0.162,4.956,-0.237,2.799,-0.103,2.799,-0.103
619792,6,0,0.174,2.592,-0.222,2.603,-0.219,5.139,-0.142,3.179,-0.128,3.179,-0.128
619802,6,0,0.174,2.616,-0.254,2.56,-0.257,5.203,-0.115,3.624,-0.142,3.624,-0.142
619812,6,0,0.174,2.643,-0.299,2.612,-0.279,5.022,-0.085,3.534,-0.189,3.534,-0.189
619822,6,0,0.174,2.687,-0.341,2.662,-0.331,4.838,-0.096,3.527,-0.221,3.527,-0.221
619832,6,0,0.174,2.732,-0.377,2.718,-0.362,4.718,-0.108,3.436,-0.262,3.436,-0.262
619842,6,0,0.174,2.743,-0.391,2.724,-0.377,4.595,-0.15,3.518,-0.271,3.518,-0.271
619852,6,0,0.174,2.784,-0.403,2.754,-0.428,4.496,-0.174,3.593,-0.286,3.593,-0.286
619862,6,0,0.174,2.824,-0.409,2.811,-0.4,4.476,-0.161,3.589,-0.306,3.589,-0.306
619872,6,0,0.174,2.87,-0.408,2.849,-0.408,4.554,-0.087,3.574,-0.318,3.574,-0.318
619882,6,0,0.174,2.887,-0.396,2.868,-0.385,4.709,-0.058,3.656,-0.31,3.656,-0.31
619892,6,0,0.174,2.869,-0.376,2.853,-0.384,4.85,-0.03,3.753,-0.299,3.753,-0.299
619902,6,0,0.174,2.906,-0.348,2.889,-0.361,4.983,-0.03,3.911,-0.28,3.911,-0.28
619912,6,0,0.174,2.94,-0.317,2.914,-0.33,5.116,-0.029,3.865,-0.281,3.865,-0.281
619922,6,0,0.174,2.999,-0.289,2.974,-0.302,5.161,-0.054,3.771,-0.275,3.771,-0.275
619932,6,0,0.174,3.056,-0.263,3.023,-0.272,5.112,-0.034,3.766,-0.259,3.766,-0.259
619942,6,0,0.174,3.097,-0.234,3.071,-0.242,5.113,-0.031,3.939,-0.237,3.939,-0.237
619952,6,0,0.174,3.171,-0.2,3.121,-0.209,5.176,-0.013,3.831,-0.216,3.831,-0.216
619962,6,0,0.174,3.244,-0.168,3.202,-0.181,5.316,-0.021,3.891,-0.195,3.891,-0.195
619972,6,0,0.174,3.289,-0.132,3.265,-0.15,5.418,-0.046,4.172,-0.175,4.172,-0.175
619982,6,0,0.174,3.319,-0.099,3.306,-0.128,5.404,-0.076,4.325,-0.155,4.325,-0.155
619992,6,0,0.174,3.392,-0.08,3.363,-0.07,5.313,-0.046,4.405,-0.131,4.405,-0.131
620002,6,0,0.174,3.45,-0.055,3.421,-0.06,5.296,-0.043,4.445,-0.107,4.445,-0.107
620012,6,0,0.174,3.481,-0.024,3.463,-0.041,5.364,-0.055,4.513,-0.088,4.513,-0.088
620022,6,0,0.174,3.503,0,3.486,-0.018,5.438,-0.105,4.49,-0.071,4.49,-0.071
620032,6,0,0.174,3.513,0.019,3.488,0.016,5.477,-0.15,4.636,-0.066,4.636,-0.066
620042,6,0,0.174,3.526,0.035,3.525,0.04,5.45,-0.158,4.741,-0.057,4.741,-0.057
620052,6,0,0.174,3.561,0.049,3.546,0.041,5.432,-0.125,4.423,-0.013,4.423,-0.013
620062,6,0,0.174,3.627,0.061,3.604,0.047,5.42,-0.105,4.472,-0.006,4.472,-0.006
620072,6,0,0.174,3.666,0.075,3.637,0.069,5.409,-0.106,4.518,0.006,4.518,0.006
620082,6,0,0.174,3.718,0.085,3.69,0.081,5.449,-0.136,4.368,0.033,4.368,0.033
620092,6,0,0.174,3.741,0.094,3.725,0.09,5.531,-0.118,4.508,0.029,4.508,0.029
620102,6,0,0.174,3.745,0.101,3.732,0.098,5.594,-0.096,4.7,0.028,4.7,0.028
620112,6,0,0.174,3.776,0.107,3.781,0.095,5.574,-0.094,4.793,0.033,4.793,0.033
620122,6,0,0.174,3.829,0.11,3.796,0.111,5.539,-0.156,4.983,0.022,4.983,0.022
620132,6,0,0.174,3.871,0.112,3.825,0.115,5.519,-0.169,4.947,0.032,4.947,0.032
620142,6,0,0.174,3.878,0.108,3.864,0.113,5.553,-0.15,5.063,0.02,5.063,0.02
620152,6,0,0.174,3.888,0.105,3.879,0.11,5.643,-0.118,5.17,0.016,5.17,0.016
620162,6,0,0.174,3.929,0.099,3.924,0.113,5.703,-0.085,5.153,0.032,5.153,0.032
620172,6,0,0.174,3.992,0.093,3.946,0.098,5.668,-0.038,5.15,0.041,5.15,0.041
620182,6,0,0.174,4.04,0.082,4.006,0.089,5.581,-0.028,5.161,0.046,5.161,0.046
620192,6,0,0.174,4.063,0.066,4.064,0.086,5.555,0.007,5.006,0.057,5.006,0.057
620202,6,0,0.174,4.054,0.062,4.053,0.074,5.609,0.044,5.08,0.06,5.08,0.06
620212,6,0,0.174,4.046,0.058,4.028,0.053,5.662,0.091,5.164,0.061,5.164,0.061
620222,6,0,0.174,4.046,0.039,4.027,0.05,5.661,0.108,5.209,0.063,5.209,0.063
620232,0,0,0.174,4.074,0.016,4.064,0.03,5.626,0.126,5.178,0.062,5.178,0.062
620242,0,0,0.174,4.139,-0.01,4.129,0.002,5.603,0.119,5.221,0.061,5.221,0.061
620252,0,0,0.174,4.186,-0.041,4.157,-0.04,5.598,0.113,5.283,0.053,5.283,0.053
620262,0,0,0.174,4.211,-0.071,4.184,-0.055,5.61,0.061,5.209,0.025,5.209,0.025
620272,0,0,0.174,4.234,-0.092,4.209,-0.077,5.597,-0.006,5.151,-0.003,5.151,-0.003
620282,0,0,0.174,4.244,-0.121,4.236,-0.11,5.577,-0.111,5.181,-0.022,5.181,-0.022
620292,0,0,0.174,4.209,-0.158,4.243,-0.166,5.551,-0.183,5.092,-0.065,5.092,-0.065
620302,0,0,0.174,4.193,-0.188,4.192,-0.171,5.612,-0.234,5.089,-0.091,5.089,-0.091
620312,0,0,0.174,4.189,-0.223,4.157,-0.211,5.664,-0.241,4.913,-0.14,4.913,-0.14
620322,0,0,0.174,4.196,-0.255,4.178,-0.243,5.733,-0.271,4.877,-0.168,4.877,-0.168
620332,0,0,0.174,4.204,-0.285,4.214,-0.259,5.79,-0.223,4.884,-0.188,4.884,-0.188
620342,0,0,0.174,4.226,-0.319,4.233,-0.303,5.816,-0.17,4.76,-0.216,4.76,-0.216
620352,0,0,0.174,4.27,-0.358,4.247,-0.359,5.842,-0.107,4.78,-0.218,4.78,-0.218
620362,0,0,0.174,4.307,-0.409,4.274,-0.386,5.839,-0.083,4.711,-0.243,4.711,-0.243
620372,0,0,0.174,4.339,-0.455,4.322,-0.436,5.818,-0.019,4.657,-0.264,4.657,-0.264
620382,0,0,0.174,4.349,-0.487,4.345,-0.494,5.79,0.024,4.608,-0.305,4.608,-0.305
620392,0,0,0.174,4.335,-0.525,4.329,-0.528,5.775,0.084,4.537,-0.357,4.537,-0.357
620402,0,0,0.174,4.328,-0.565,4.326,-0.558,5.739,0.13,4.496,-0.393,4.496,-0.393
620412,0,0,0.174,4.325,-0.606,4.331,-0.615,5.668,0.177,4.51,-0.382,4.51,-0.382
620422,0,0,0.174,4.335,-0.64,4.327,-0.634,5.562,0.198,4.506,-0.396,4.506,-0.396
620432,0,0,0.174,4.323,-0.644,4.323,-0.648,5.49,0.266,4.49,-0.418,4.49,-0.418
620442,0,0,0.174,4.305,-0.616,4.303,-0.637,5.469,0.325,4.482,-0.412,4.482,-0.412
620452,0,0,0.174,4.296,-0.585,4.298,-0.596,5.439,0.369,4.512,-0.352,4.512,-0.352
620462,0,0,0.174,4.311,-0.548,4.332,-0.572,5.315,0.426,4.51,-0.325,4.51,-0.325
620472,0,0,0.174,4.308,-0.495,4.315,-0.517,5.123,0.532,4.494,-0.295,4.494,-0.295
620482,0,0,0.174,4.308,-0.433,4.302,-0.456,4.911,0.63,4.385,-0.363,4.385,-0.363
620492,0,0,0.174,4.298,-0.361,4.301,-0.389,4.697,0.677,4.388,-0.284,4.388,-0.284
620502,0,0,0.174,4.299,-0.293,4.318,-0.326,4.493,0.593,4.382,-0.205,4.382,-0.205
620512,0,0,0.174,4.298,-0.231,4.33,-0.259,4.298,0.439,4.364,-0.168,4.364,-0.168
620522,0,0,0.174,4.272,-0.181,4.282,-0.202,4.083,0.324,4.341,-0.127,4.341,-0.127
620532,0,0,0.174,4.235,-0.132,4.252,-0.137,3.844,0.282,4.293,-0.118,4.293,-0.118
620542,0,0,0.174,4.182,-0.079,4.222,-0.101,3.647,0.192,4.26,-0.085,4.26,-0.085
620552,0,0,0.174,4.133,-0.048,4.184,-0.073,3.515,0.083,4.214,-0.069,4.214,-0.069
620562,0,0,0.174,4.083,-0.033,4.105,-0.043,3.355,0.002,4.166,-0.057,4.166,-0.057
620572,0,0,0.174,4.05,-0.017,4.082,-0.017,3.172,-0.029,4.101,-0.038,4.101,-0.038
620582,0,0,0.174,4.03,-0.004,4.044,-0.003,3.026,-0.059,4.062,-0.028,4.062,-0.028
620592,0,0,0.174,4.005,-0.003,4.035,-0.011,2.915,-0.041,4.022,-0.025,4.022,-0.025
620602,0,0,0.174,3.957,-0.008,3.998,-0.004,2.809,-0.023,3.974,-0.023,3.974,-0.023
620612,0,0,0.174,3.903,-0.011,3.938,0.003,2.664,-0.091,3.915,-0.023,3.915,-0.023
620622,0,0,0.174,3.838,-0.017,3.891,-0.026,2.555,-0.158,3.86,-0.034,3.86,-0.034
620632,0,0,0.174,3.742,-0.032,3.796,-0.021,2.446,-0.169,3.801,-0.047,3.801,-0.047
620642,0,0,0.174,3.628,-0.047,3.682,-0.035,2.297,-0.229,3.739,-0.047,3.739,-0.047
620652,0,0,0.174,3.559,-0.033,3.586,-0.048,2.057,-0.302,3.666,-0.068,3.666,-0.068
620662,0,0,0.174,3.51,-0.027,3.615,-0.03,1.99,-0.307,3.591,-0.088,3.591,-0.088
620672,0,0,0.174,3.486,-0.035,3.52,-0.016,2.063,-0.248,3.518,-0.107,3.518,-0.107
620682,0,0,0.174,3.455,-0.037,3.469,-0.039,1.979,-0.212,3.441,-0.116,3.441,-0.116
620692,0,0,0.174,3.397,-0.026,3.423,-0.031,1.722,-0.163,3.375,-0.1,3.375,-0.1
620702,0,0,0.174,3.316,-0.026,3.388,-0.008,1.719,-0.12,3.345,-0.076,3.345,-0.076
620712,0,0,0.174,3.198,-0.034,3.245,-0.045,1.886,-0.073,3.289,-0.07,3.289,-0.07
620722,0,0,0.174,3.087,-0.039,3.164,-0.04,1.886,-0.055,3.224,-0.066,3.224,-0.066
620732,0,0,0.174,2.95,-0.056,3.007,-0.044,1.743,-0.058,3.147,-0.062,3.147,-0.062
620742,0,0,0.174,2.86,-0.056,2.925,-0.053,1.481,-0.072,3.051,-0.061,3.051,-0.061
620752,0,0,0.174,2.491,-0.051,2.661,-0.06,1.192,-0.052,2.942,-0.06,2.942,-0.06
620762,0,0,0.174,1.866,-0.039,2.098,-0.048,1.024,0.025,2.778,-0.052,2.778,-0.052
620772,0,0,0.174,1.3,-0.028,1.526,-0.045,0.963,0.078,2.521,-0.035,2.521,-0.035
620782,0,0,0.174,0.87,-0.019,1.046,-0.005,0.91,0.039,2.203,-0.019,2.203,-0.019
620792,0,0,0.174,0.567,-0.012,0.721,-0.019,0.877,-0.069,1.625,-0.019,1.625,-0.019
620802,0,0,0.174,0.364,-0.008,0.458,-0.004,0.911,-0.084,0.976,-0.019,0.976,-0.019
620812,0,0,0.174,0.231,-0.005,0.296,-0.001,1.022,-0.057,0.724,-0.019,0.724,-0.019
620822,0,0,0.174,0.145,-0.003,0.211,-0.003,1.312,-0.067,0.68,-0.021,0.68,-0.021
620832,0,0,0.174,0.091,-0.002,0.146,0.003,1.873,-0.051,0.702,-0.025,0.702,-0.025
620842,0,0,0.174,0.057,-0.001,0.097,-0.012,2.592,-0.054,0.818,-0.027,0.818,-0.027
620852,0,0,0.174,-0.007,-0.532,-0.091,-0.263,3.138,-0.078,1.035,-0.042,1.035,-0.042
620862,0,0,0.174,0.198,-2.024,0.134,-1.495,3.505,-0.116,1.454,-0.091,1.454,-0.091
620872,0,0,0.174,0.889,-3.507,0.617,-3.094,3.748,-0.143,1.847,-0.25,1.847,-0.25
620882,0,0,0.174,1.519,-3.474,1.383,-3.518,3.565,-0.153,2.182,-0.497,2.182,-0.497
620892,0,0,0.174,1.433,-2.742,1.509,-2.992,2.904,-0.003,2.224,-1.058,2.224,-1.058
620902,0,0,0.174,1.38,-1.97,1.441,-2.206,2.138,0.175,2.071,-1.308,2.071,-1.308
620912,0,0,0.174,1.092,-1.34,1.188,-1.548,1.393,0.428,1.916,-1.147,1.916,-1.147
620922,0,0,0.174,0.783,-0.884,0.92,-1.058,0.69,1.005,1.643,-0.891,1.643,-0.891
620932,0,0,0.174,0.532,-0.571,0.648,-0.659,0.173,1.609,1.316,-0.569,1.316,-0.569
620942,0,0,0.174,0.351,-0.364,0.454,-0.449,-0.19,2.083,0.899,-0.303,0.899,-0.303
620952,0,0,0.174,0.227,-0.23,0.279,-0.271,-0.495,2.336,0.675,-0.025,0.675,-0.025
620962,0,0,0.174,0.145,-0.145,0.202,-0.171,-0.739,2.203,0.446,0.227,0.446,0.227
620972,0,0,0.174,0.091,-0.09,0.149,-0.083,-0.737,1.607,0.242,0.333,0.242,0.333
620982,0,0,0.174,0.057,-0.056,0.095,-0.064,-0.41,0.676,0.13,0.399,0.13,0.399
620992,0,0,0.174,0.036,-0.035,0.083,-0.055,0.22,-0.265,0.104,0.329,0.104,0.329
621002,0,0,0.174,0.022,-0.022,-0.021,0.012,0.944,-0.98,0.194,0.143,0.194,0.143
621012,0,0,0.174,0.055,-0.022,0.022,-0.004,1.31,-1.313,0.328,-0.075,0.328,-0.075
621022,0,0,0.174,0.195,-0.043,0.191,-0.037,1.499,-1.677,0.495,-0.304,0.495,-0.304
621032,0,0,0.174,0.195,-0.041,0.23,-0.023,1.686,-1.995,0.628,-0.507,0.628,-0.507
621042,0,0,0.174,0.154,-0.031,0.169,-0.025,1.743,-2.172,0.693,-0.624,0.693,-0.624
621052,0,0,0.174,0.11,-0.022,0.16,-0.007,1.674,-2.075,0.757,-0.748,0.757,-0.748
621062,0,0,0.174,0.075,-0.015,0.101,-0.056,1.548,-1.63,0.816,-0.831,0.816,-0.831
621072,0,0,0.174,0.049,-0.01,0.036,-0.024,1.374,-1.055,0.815,-0.795,0.815,-0.795
621082,0,0,0.174,0.055,-0.008,0.064,0.026,1.244,-0.599,0.807,-0.706,0.807,-0.706
621092,0,0,0.174,0.12,-0.013,0.141,-0.032,0.989,-0.17,0.782,-0.58,0.782,-0.58
621102,0,0,0.174,0.299,-0.027,0.252,-0.03,0.669,0.167,0.687,-0.399,0.687,-0.399
621112,0,0,0.174,0.589,-0.054,0.518,-0.068,0.297,0.503,0.572,-0.218,0.572,-0.218
621122,0,0,0.174,0.622,-0.059,0.655,-0.043,0.069,0.638,0.533,-0.084,0.533,-0.084
621132,0,0,0.174,0.501,-0.047,0.576,-0.065,0.137,0.453,0.502,-0.011,0.502,-0.011
621142,0,0,0.174,0.362,-0.034,0.427,-0.023,0.28,0.286,0.466,0.027,0.466,0.027
621152,0,0,0.174,0.314,-0.032,0.341,-0.022,0.38,0.147,0.439,0.044,0.439,0.044
621162,0,0,0.174,0.459,-0.061,0.409,-0.069,0.479,0.058,0.421,0.027,0.421,0.027
621172,0,0,0.174,0.611,-0.101,0.591,-0.087,0.548,-0.055,0.446,0.009,0.446,0.009
621182,0,0,0.174,0.674,-0.128,0.699,-0.109,0.475,-0.116,0.479,-0.018,0.479,-0.018
621192,0,0,0.174,0.653,-0.136,0.696,-0.14,0.333,-0.082,0.502,-0.046,0.502,-0.046
621202,0,0,0.174,0.654,-0.159,0.677,-0.153,0.205,-0.045,0.498,-0.065,0.498,-0.065
621212,0,0,0.174,0.572,-0.153,0.636,-0.159,0.115,-0.077,0.474,-0.077,0.474,-0.077
621222,0,0,0.174,0.429,-0.12,0.521,-0.117,0.064,-0.152,0.437,-0.092,0.437,-0.092
621232,0,0,0.174,0.299,-0.085,0.386,-0.1,0.05,-0.179,0.39,-0.105,0.39,-0.105
621242,0,0,0.174,0.2,-0.058,0.259,-0.074,0.036,-0.144,0.33,-0.106,0.33,-0.106
621252,-2,0,0.174,0.131,-0.038,0.185,-0.057,-0.013,-0.086,0.267,-0.095,0.267,-0.095
621262,-2,0,0.174,0.084,-0.025,0.136,-0.039,-0.041,-0.035,0.197,-0.071,0.197,-0.071
621272,-2,0,0.174,0.053,-0.016,0.102,-0.027,-0.042,-0.022,0.155,-0.056,0.155,-0.056
621282,-2,0,0.174,0.034,-0.01,0.066,-0.011,-0.034,-0.027,0.126,-0.048,0.126,-0.048
621292,-2,0,0.174,0.021,-0.006,0.048,-0.012,0.013,-0.021,0.106,-0.042,0.106,-0.042
621303,-2,0,0.174,0.013,-0.004,0.044,-0.003,0.065,-0.012,0.097,-0.036,0.097,-0.036
621313,-2,0,0.174,0.013,-0.007,-0.001,-0.004,0.089,-0.052,0.091,-0.034,0.091,-0.034
621323,-2,0,0.174,0.007,-0.032,-0.024,-0.038,0.059,-0.085,0.064,-0.037,0.064,-0.037
621333,-2,0,0.174,-0.017,-0.067,0,-0.062,0.023,-0.108,0.054,-0.047,0.054,-0.047
621343,-2,0,0.174,-0.032,-0.081,-0.01,-0.08,0.009,-0.129,0.026,-0.066,0.026,-0.066
621353,-2,0,0.174,-0.03,-0.069,-0.014,-0.079,0.005,-0.139,0.01,-0.077,0.01,-0.077
621363,-2,0,0.174,-0.023,-0.051,-0.029,-0.066,-0.003,-0.128,0.006,-0.082,0.006,-0.082
621373,-2,0,0.174,-0.017,-0.036,-0.038,-0.045,-0.018,-0.113,-0.013,-0.077,-0.013,-0.077
621383,-2,0,0.174,-0.02,-0.033,-0.012,-0.037,-0.038,-0.098,-0.015,-0.072,-0.015,-0.072
621393,-2,0,0.174,-0.028,-0.036,-0.014,-0.039,-0.054,-0.082,-0.012,-0.05,-0.012,-0.05
621403,-2,0,0.174,-0.035,-0.038,-0.028,-0.041,-0.062,-0.068,-0.015,-0.049,-0.015,-0.049
621413,-2,0,0.174,-0.041,-0.039,-0.04,-0.041,-0.072,-0.058,-0.03,-0.045,-0.03,-0.045
621423,-2,0,0.174,-0.049,-0.037,-0.042,-0.04,-0.09,-0.05,-0.034,-0.044,-0.034,-0.044
621433,-2,0,0.174,-0.063,-0.037,-0.052,-0.037,-0.118,-0.047,-0.039,-0.043,-0.039,-0.043
621443,-2,0,0.174,-0.074,-0.034,-0.06,-0.035,-0.15,-0.046,-0.048,-0.04,-0.048,-0.04
621453,-2,0,0.174,-0.089,-0.032,-0.073,-0.032,-0.18,-0.049,-0.06,-0.036,-0.06,-0.036
621463,-2,0,0.174,-0.109,-0.032,-0.091,-0.03,-0.214,-0.04,-0.071,-0.034,-0.071,-0.034
621473,-2,0,0.174,-0.136,-0.031,-0.112,-0.029,-0.272,-0.037,-0.084,-0.033,-0.084,-0.033
621483,-2,0,0.174,-0.17,-0.029,-0.149,-0.026,-0.374,-0.084,-0.096,-0.034,-0.096,-0.034
621493,-2,0,0.174,-0.211,-0.023,-0.176,-0.043,-0.525,-0.174,-0.113,-0.044,-0.113,-0.044
621503,-2,0,0.174,-0.26,-0.019,-0.217,-0.037,-0.677,-0.308,-0.139,-0.066,-0.139,-0.066
621513,-2,0,0.174,-0.305,-0.021,-0.28,-0.014,-0.844,-0.403,-0.172,-0.094,-0.172,-0.094
621523,-2,0,0.174,-0.349,-0.018,-0.316,-0.014,-1.015,-0.382,-0.248,-0.077,-0.248,-0.077
621533,-2,0,0.174,-0.404,-0.008,-0.376,-0.006,-1.199,-0.273,-0.28,-0.09,-0.28,-0.09
621543,-2,0,0.174,-0.47,0.005,-0.414,-0.03,-1.288,-0.171,-0.333,-0.082,-0.333,-0.082
621553,-2,0,0.174,-0.513,0.016,-0.473,0.018,-1.374,-0.166,-0.404,-0.057,-0.404,-0.057
621563,-2,0,0.174,-0.545,0.025,-0.499,0.019,-1.454,-0.191,-0.46,-0.041,-0.46,-0.041
621573,-2,0,0.174,-0.572,0.032,-0.547,0.015,-1.565,-0.174,-0.509,-0.047,-0.509,-0.047
621583,-2,0,0.174,-0.634,0.038,-0.6,0.044,-1.721,-0.098,-0.586,-0.031,-0.586,-0.031
621593,-2,0,0.174,-0.703,0.049,-0.67,0.036,-1.773,-0.005,-0.679,-0.012,-0.679,-0.012
621603,-2,0,0.174,-0.763,0.066,-0.723,0.052,-1.767,0.005,-0.802,0.005,-0.802,0.005
621613,-2,0,0.174,-0.678,0.063,-0.685,0.054,-1.718,0.006,-0.894,0.01,-0.894,0.01
621623,-2,0,0.174,-0.512,0.048,-0.555,0.063,-1.7,-0.001,-0.849,0.032,-0.849,0.032
621633,-2,0,0.174,-0.358,0.035,-0.38,0.038,-1.698,0.051,-0.756,0.041,-0.756,0.041
621643,-2,0,0.174,-0.311,0.036,-0.314,0.037,-1.708,0.156,-0.777,0.046,-0.777,0.046
621653,-2,0,0.174,-0.245,0.03,-0.263,0.039,-1.785,0.176,-0.701,0.057,-0.701,0.057
621663,-2,0,0.174,-0.183,0.022,-0.185,0.026,-1.92,0.151,-0.737,0.061,-0.737,0.061
621673,-2,0,0.174,-0.127,0.015,-0.104,-0.002,-2.021,0.115,-0.762,0.058,-0.762,0.058
621683,-2,0,0.174,-0.085,0.01,-0.085,0.035,-2.094,0.049,-0.72,0.05,-0.72,0.05
621693,-2,0,0.174,-0.056,0.007,-0.065,0.003,-2.152,0.024,-0.573,0.029,-0.573,0.029
621703,-2,0,0.174,-0.036,0.004,-0.011,-0.001,-2.199,0.018,-0.616,0.023,-0.616,0.023
621713,-2,0,0.174,-0.023,0.003,-0.012,0.003,-2.26,-0.005,-0.497,0.018,-0.497,0.018
621723,-2,0,0.174,-0.016,0.002,0.001,-0.001,-2.348,-0.003,-0.556,0.011,-0.556,0.011
621733,-2,0,0.174,-0.049,0.008,-0.016,-0.006,-2.465,-0.049,-0.624,0.007,-0.624,0.007
621743,-2,0,0.174,-0.267,0.026,-0.184,0.021,-2.567,-0.083,-0.624,-0.003,-0.624,-0.003
621753,-2,0,0.174,-0.556,0.047,-0.426,0.052,-2.651,-0.121,-0.727,-0.002,-0.727,-0.002
621763,-2,0,0.174,-0.636,0.052,-0.586,0.046,-2.705,-0.104,-0.922,-0.006,-0.922,-0.006
621773,-2,0,0.174,-0.821,0.061,-0.748,0.046,-2.684,-0.025,-1.097,-0.002,-1.097,-0.002
621783,-2,0,0.174,-1.08,0.072,-1.024,0.085,-2.566,0.034,-1.21,0.022,-1.21,0.022
621793,-2,0,0.174,-1.292,0.08,-1.208,0.074,-2.402,0.043,-1.314,0.039,-1.314,0.039
621804,-2,0,0.174,-1.433,0.092,-1.379,0.07,-2.274,0.062,-1.415,0.054,-1.415,0.054
621813,-2,0,0.174,-1.388,0.089,-1.435,0.09,-2.161,0.06,-1.525,0.065,-1.525,0.065
621823,-2,0,0.174,-1.235,0.08,-1.287,0.108,-2.087,0.057,-1.531,0.074,-1.531,0.074
621833,-2,0,0.174,-1.211,0.086,-1.24,0.083,-1.992,0.056,-1.546,0.075,-1.546,0.075
621843,-2,0,0.174,-1.012,0.073,-1.086,0.056,-1.91,0.056,-1.491,0.072,-1.491,0.072
621853,-2,0,0.174,-1.059,0.072,-1.023,0.097,-1.837,0.047,-1.468,0.069,-1.468,0.069
621863,-2,0,0.174,-1.167,0.08,-1.126,0.088,-1.791,0.048,-1.467,0.07,-1.467,0.07
621873,-2,0,0.174,-1.318,0.094,-1.287,0.076,-1.774,0.049,-1.453,0.07,-1.453,0.07
621883,-2,0,0.174,-1.44,0.103,-1.405,0.107,-1.762,0.032,-1.482,0.069,-1.482,0.069
621893,-2,0,0.174,-1.5,0.105,-1.469,0.107,-1.758,0.013,-1.499,0.084,-1.499,0.084
621904,-2,0,0.174,-1.537,0.11,-1.517,0.11,-1.743,0.013,-1.526,0.082,-1.526,0.082
621913,-2,0,0.174,-1.592,0.115,-1.609,0.096,-1.736,0.016,-1.567,0.08,-1.567,0.08
621923,-2,0,0.174,-1.599,0.112,-1.614,0.106,-1.743,0.012,-1.592,0.075,-1.592,0.075
621933,-2,0,0.174,-1.602,0.104,-1.581,0.117,-1.753,-0.008,-1.614,0.075,-1.614,0.075
621943,-2,0,0.174,-1.528,0.096,-1.545,0.11,-1.754,-0.032,-1.625,0.077,-1.625,0.077
621953,-2,0,0.174,-1.208,0.075,-1.318,0.078,-1.744,-0.048,-1.623,0.065,-1.623,0.065
621963,-2,0,0.174,-1.083,0.067,-1.126,0.066,-1.73,-0.028,-1.537,0.054,-1.537,0.054
621973,-2,0,0.174,-1.113,0.061,-1.124,0.058,-1.732,-0.027,-1.464,0.05,-1.464,0.05
621983,-2,0,0.174,-0.958,0.051,-0.981,0.057,-1.749,-0.033,-1.456,0.04,-1.456,0.04
621993,-2,0,0.174,-0.868,0.041,-0.905,0.064,-1.804,-0.06,-1.396,0.035,-1.396,0.035
622003,-2,0,0.174,-0.667,0.031,-0.742,0.05,-1.907,-0.095,-1.304,0.03,-1.304,0.03
622013,-2,0,0.174,-0.462,0.02,-0.511,0.028,-2.028,-0.124,-1.332,0.014,-1.332,0.014
622023,-2,0,0.174,-0.519,0.019,-0.496,-0.018,-2.032,-0.093,-1.207,-0.004,-1.207,-0.004
622033,-2,0,0.174,-0.764,0.02,-0.7,0.041,-2.02,-0.062,-1.204,-0.006,-1.204,-0.006
622043,-2,0,0.174,-0.924,0.028,-0.871,0.032,-2.08,-0.052,-1.261,-0.006,-1.261,-0.006
622053,-2,0,0.174,-0.831,0.029,-0.843,0.023,-2.201,-0.053,-1.331,-0.006,-1.331,-0.006
622063,-2,0,0.174,-0.947,0.035,-0.884,0.038,-2.308,-0.023,-1.327,-0.001,-1.327,-0.001
622073,-2,0,0.174,-1.114,0.04,-1.049,0.042,-2.33,-0.019,-1.426,0.002,-1.426,0.002
622083,-2,0,0.174,-1.001,0.036,-1.075,0.043,-2.287,-0.024,-1.519,0.005,-1.519,0.005
622093,-2,0,0.174,-0.764,0.028,-0.841,0.021,-2.242,-0.012,-1.516,0.007,-1.516,0.007
622105,-2,0,0.174,-0.774,0.03,-0.757,0.038,-2.188,0.015,-1.502,0.009,-1.502,0.009
622113,-2,0,0.174,-0.997,0.033,-0.952,0.03,-2.13,0.002,-1.311,0.024,-1.311,0.024
622123,-2,0,0.174,-0.924,0.031,-0.946,0.032,-2.125,-0.014,-1.253,0.023,-1.253,0.023
622133,-2,0,0.174,-0.715,0.024,-0.783,0.024,-2.144,-0.025,-1.164,0.021,-1.164,0.021
622143,-2,0,0.174,-0.507,0.017,-0.581,0.03,-2.176,-0.021,-1.122,0.018,-1.122,0.018
622153,-4,0,0.174,-0.382,0.012,-0.409,0.004,-2.215,-0.031,-0.89,0.017,-0.89,0.017
622163,-4,0,0.174,-0.393,0.013,-0.383,0.012,-2.278,-0.031,-0.809,0.011,-0.809,0.011
622173,-4,0,0.174,-0.323,0.01,-0.338,0.014,-2.378,-0.037,-0.803,0.009,-0.803,0.009
622183,-4,0,0.174,-0.235,0.008,-0.253,0,-2.51,-0.038,-0.838,0.004,-0.838,0.004
622193,-4,0,0.174,-0.161,0.005,-0.179,0.018,-2.538,-0.057,-0.788,0.002,-0.788,0.002
622205,-4,0,0.174,-0.144,0.007,-0.142,-0.008,-2.471,-0.068,-0.803,-0.005,-0.803,-0.005
622213,-4,0,0.174,-0.1,0.005,-0.126,0.014,-2.373,-0.039,-0.695,-0.008,-0.695,-0.008
622223,-4,0,0.174,-0.078,0.004,-0.086,0.013,-2.333,-0.008,-0.634,-0.006,-0.634,-0.006
622233,-4,0,0.174,-0.053,0.003,-0.054,0,-2.319,0.002,-0.554,-0.003,-0.554,-0.003
622243,-4,0,0.174,-0.038,0,-0.085,-0.008,-2.315,0.008,-0.331,-0.003,-0.331,-0.003
622253,-4,0,0.174,-0.026,0,-0.015,0.015,-2.343,0.003,-0.358,-0.002,-0.358,-0.002
622263,-4,0,0.174,-0.017,0,0.004,0.008,-2.432,-0.02,-0.373,-0.002,-0.373,-0.002
622273,-4,0,0.174,-0.241,0.012,-0.126,-0.004,-2.556,-0.026,-0.332,-0.006,-0.332,-0.006
622283,-4,0,0.174,-0.643,0.022,-0.485,0.02,-2.68,-0.006,-0.344,-0.004,-0.344,-0.004
622293,-4,0,0.174,-1.029,0.037,-0.863,0.01,-2.727,-0.019,-0.416,-0.003,-0.416,-0.003
622308,-4,0,0.174,-1.293,0.035,-1.273,0.034,-2.737,-0.001,-0.519,-0.003,-0.519,-0.003
622313,-4,0,0.174,-1.021,0.02,-1.124,0.034,-2.882,0.055,-0.789,0.012,-0.789,0.012
622323,-4,0,0.174,-0.905,0.017,-1.001,0.029,-2.933,0.05,-0.829,0.015,-0.829,0.015
622333,-4,0,0.174,-0.632,0.004,-0.687,0.012,-2.95,0.021,-0.898,0.017,-0.898,0.017
622343,-4,0,0.174,-0.705,0,-0.629,-0.009,-2.792,0.054,-0.887,0.017,-0.887,0.017
622353,-4,0,0.174,-0.986,0.01,-0.905,-0.003,-2.623,0.074,-0.931,0.024,-0.931,0.024
622363,-4,0,0.174,-1.285,0.015,-1.242,0.007,-2.519,0.094,-1.045,0.028,-1.045,0.028
622373,-4,0,0.174,-1.527,0.018,-1.45,0.017,-2.504,0.087,-1.128,0.035,-1.128,0.035
622383,-4,0,0.174,-1.683,0.029,-1.598,0.041,-2.506,0.047,-1.239,0.038,-1.239,0.038
622393,-4,0,0.174,-1.784,0.039,-1.717,0.023,-2.465,0.031,-1.379,0.035,-1.379,0.035
622409,-4,0,0.174,-1.842,0.041,-1.843,0.051,-2.423,0.032,-1.456,0.036,-1.456,0.036
622413,-4,0,0.174,-1.936,0.033,-1.936,0.031,-2.433,0.02,-1.646,0.035,-1.646,0.035
622423,-4,0,0.174,-1.939,0.031,-1.941,0.019,-2.451,0.013,-1.674,0.034,-1.674,0.034
622433,-4,0,0.174,-1.969,0.029,-1.928,0.044,-2.468,-0.008,-1.742,0.028,-1.742,0.028
622443,-4,0,0.174,-1.973,0.034,-1.94,0.023,-2.448,-0.024,-1.812,0.025,-1.812,0.025
622453,-4,0,0.174,-1.985,0.036,-1.99,0.02,-2.454,-0.033,-1.858,0.019,-1.858,0.019
622463,-4,0,0.174,-1.897,0.032,-1.979,0.029,-2.504,-0.04,-1.916,0.014,-1.916,0.014
622473,-4,0,0.174,-1.499,0.024,-1.619,0.048,-2.566,-0.069,-1.922,0.008,-1.922,0.008
622483,-4,0,0.174,-1.139,0.016,-1.21,0.004,-2.64,-0.078,-1.838,0,-1.838,0
622493,-4,0,0.174,-1.155,0.013,-1.13,0.003,-2.756,-0.065,-1.675,-0.011,-1.675,-0.011
622503,-4,0,0.174,-1.368,0.014,-1.308,0.023,-2.937,-0.089,-1.635,-0.014,-1.635,-0.014
622513,-4,0,0.174,-1.59,0.017,-1.517,0.018,-3.116,-0.116,-1.629,-0.013,-1.629,-0.013
622523,-4,0,0.174,-1.762,0.027,-1.691,0.024,-3.289,-0.066,-1.734,-0.016,-1.734,-0.016
622533,-4,0,0.174,-1.916,0.028,-1.843,0.034,-3.399,-0.027,-1.919,-0.013,-1.919,-0.013
622543,-4,0,0.174,-2.045,0.031,-1.98,0.023,-3.53,-0.03,-2.088,0.006,-2.088,0.006
622553,-4,0,0.174,-2.138,0.036,-2.095,0.04,-3.737,-0.082,-2.235,0.012,-2.235,0.012
622563,-4,0,0.174,-2.201,0.039,-2.155,0.032,-3.939,-0.148,-2.297,0.016,-2.297,0.016
622573,-4,0,0.174,-2.256,0.042,-2.215,0.039,-3.987,-0.187,-2.475,0.005,-2.475,0.005
622583,-4,0,0.174,-2.283,0.041,-2.271,0.04,-3.9,-0.138,-2.675,-0.008,-2.675,-0.008
622593,-4,0,0.174,-2.304,0.035,-2.313,0.037,-3.738,-0.038,-2.762,-0.002,-2.762,-0.002
622603,-4,0,0.174,-2.343,0.032,-2.32,0.028,-3.566,0.027,-2.84,0.005,-2.84,0.005
622613,-4,0,0.174,-2.39,0.034,-2.354,0.035,-3.456,0.052,-2.879,0.014,-2.879,0.014
622623,-4,0,0.174,-2.408,0.04,-2.393,0.039,-3.425,0.065,-2.692,0.029,-2.692,0.029
622633,-4,0,0.174,-2.417,0.045,-2.389,0.032,-3.45,0.048,-2.716,0.034,-2.716,0.034
622643,-4,0,0.174,-2.437,0.046,-2.429,0.044,-3.453,0.062,-2.805,0.037,-2.805,0.037
622653,-4,0,0.174,-2.47,0.053,-2.475,0.056,-3.478,0.088,-2.764,0.046,-2.764,0.046
622663,-4,0,0.174,-2.494,0.064,-2.484,0.064,-3.539,0.098,-2.853,0.053,-2.853,0.053
622673,-4,0,0.174,-2.52,0.074,-2.481,0.061,-3.584,0.091,-2.91,0.059,-2.91,0.059
622683,-4,0,0.174,-2.545,0.081,-2.518,0.085,-3.625,0.095,-2.9,0.067,-2.9,0.067
622693,-4,0,0.174,-2.575,0.087,-2.558,0.097,-3.707,0.066,-2.976,0.072,-2.976,0.072
622703,-4,0,0.174,-2.603,0.097,-2.579,0.07,-3.763,0.052,-3.019,0.073,-3.019,0.073
622713,-4,0,0.174,-2.622,0.097,-2.613,0.104,-3.746,0.051,-3.025,0.075,-3.025,0.075
622723,-4,0,0.174,-2.635,0.095,-2.617,0.105,-3.72,0.068,-3.055,0.082,-3.055,0.082
622733,-4,0,0.174,-2.638,0.092,-2.636,0.09,-3.739,0.041,-3.096,0.083,-3.096,0.083
622743,-4,0,0.174,-2.652,0.087,-2.63,0.083,-3.796,0.011,-3.067,0.078,-3.067,0.078
622753,-4,0,0.174,-2.678,0.079,-2.648,0.085,-3.836,-0.021,-3.075,0.074,-3.075,0.074
622763,-4,0,0.174,-2.719,0.074,-2.697,0.083,-3.86,-0.051,-3.165,0.063,-3.165,0.063
622773,-4,0,0.174,-2.75,0.07,-2.752,0.07,-3.841,-0.067,-3.192,0.05,-3.192,0.05
622783,-4,0,0.174,-2.787,0.057,-2.785,0.061,-3.846,-0.081,-3.199,0.043,-3.199,0.043
622793,-4,0,0.174,-2.824,0.048,-2.802,0.06,-3.914,-0.116,-3.304,0.029,-3.304,0.029
622803,-4,0,0.174,-2.829,0.05,-2.802,0.048,-3.936,-0.118,-3.356,0.017,-3.356,0.017
622813,-4,0,0.174,-2.861,0.048,-2.836,0.044,-3.909,-0.09,-3.368,0.008,-3.368,0.008
622823,-4,0,0.174,-2.873,0.045,-2.873,0.056,-3.888,-0.056,-3.349,0.012,-3.349,0.012
622833,-4,0,0.174,-2.924,0.043,-2.915,0.049,-3.84,-0.037,-3.176,0.03,-3.176,0.03
622843,-4,0,0.174,-2.96,0.045,-2.951,0.039,-3.821,0.009,-3.246,0.028,-3.246,0.028
622853,-4,0,0.174,-2.957,0.035,-2.939,0.042,-3.873,0.054,-3.313,0.032,-3.313,0.032
622863,-4,0,0.174,-2.94,0.031,-2.919,0.042,-3.963,0.053,-3.344,0.039,-3.344,0.039
622873,-4,0,0.174,-2.928,0.034,-2.912,0.026,-4.018,0.027,-3.431,0.038,-3.431,0.038
622883,-4,0,0.174,-2.915,0.037,-2.929,0.035,-4.024,0.008,-3.502,0.033,-3.502,0.033
622893,-4,0,0.174,-2.957,0.036,-2.963,0.038,-3.991,-0.024,-3.501,0.028,-3.501,0.028
622903,-4,0,0.174,-2.984,0.034,-2.964,0.023,-3.934,-0.009,-3.556,0.024,-3.556,0.024
622913,-4,0,0.174,-3.011,0.032,-2.983,0.031,-3.889,0.01,-3.545,0.022,-3.545,0.022
622923,-4,0,0.174,-3.062,0.033,-3.02,0.05,-3.899,0.006,-3.493,0.026,-3.493,0.026
622933,-4,0,0.174,-3.067,0.04,-3.071,0.032,-3.934,-0.028,-3.544,0.022,-3.544,0.022
622943,-4,0,0.174,-3.132,0.042,-3.136,0.035,-3.938,-0.005,-3.432,0.025,-3.432,0.025
622953,-4,0,0.174,-3.184,0.031,-3.154,0.021,-3.902,0.026,-3.509,0.024,-3.509,0.024
622963,-4,0,0.174,-3.191,0.023,-3.167,0.056,-3.86,0.036,-3.505,0.033,-3.505,0.033
622973,-4,0,0.174,-3.184,0.029,-3.175,0.035,-3.886,0.018,-3.556,0.034,-3.556,0.034
622983,-4,0,0.174,-3.148,0.042,-3.15,0.019,-3.986,0.028,-3.587,0.03,-3.587,0.03
622993,-4,0,0.174,-3.154,0.037,-3.155,0.016,-4.059,0.052,-3.619,0.03,-3.619,0.03
623003,-4,0,0.174,-3.169,0.022,-3.176,0.06,-4.033,0.051,-3.668,0.034,-3.668,0.034
623013,-4,0,0.174,-3.173,0.021,-3.161,0.029,-3.923,0.003,-3.685,0.034,-3.685,0.034
623023,-4,0,0.174,-3.178,0.019,-3.17,0,-3.841,-0.009,-3.614,0.022,-3.614,0.022
623033,-4,0,0.174,-3.163,0.016,-3.167,0.014,-3.854,-0.012,-3.602,0.016,-3.602,0.016
623043,-4,0,0.174,-3.148,0.005,-3.147,0.028,-3.934,-0.026,-3.541,0.014,-3.541,0.014
623053,-4,0,0.174,-3.148,0.011,-3.138,0.015,-3.957,-0.06,-3.584,0.01,-3.584,0.01
623063,-4,0,0.174,-3.193,0.013,-3.184,-0.011,-3.938,-0.058,-3.59,-0.003,-3.59,-0.003
623073,-4,0,0.174,-3.225,0.005,-3.213,-0.002,-3.956,-0.061,-3.626,-0.009,-3.626,-0.009
623083,-4,0,0.174,-3.218,0,-3.213,0.018,-3.991,-0.069,-3.604,-0.007,-3.604,-0.007
623093,-4,0,0.174,-3.192,0.001,-3.182,0.002,-4.036,-0.063,-3.607,-0.009,-3.607,-0.009
623103,-4,0,0.174,-3.191,0.011,-3.178,0,-4.069,-0.018,-3.617,-0.011,-3.617,-0.011
623113,-4,0,0.174,-3.199,0.015,-3.201,0.012,-4.057,0.017,-3.671,-0.007,-3.671,-0.007
623123,-4,0,0.174,-3.244,0.016,-3.266,0.027,-4.028,0.032,-3.645,0.008,-3.645,0.008
623133,-4,0,0.174,-3.283,0.017,-3.26,0.002,-4.022,0.017,-3.708,0.01,-3.708,0.01
623143,-4,0,0.174,-3.301,0.015,-3.28,0.012,-4.031,0.025,-3.743,0.011,-3.743,0.011
623153,-4,0,0.174,-3.308,0.018,-3.28,0.035,-4.038,0.01,-3.609,0.019,-3.609,0.019
623163,-4,0,0.174,-3.276,0.024,-3.285,0.016,-4.062,0.005,-3.683,0.018,-3.683,0.018
623173,-4,0,0.174,-3.248,0.023,-3.285,0.003,-4.086,-0.013,-3.729,0.013,-3.729,0.013
623183,-4,0,0.174,-3.262,0.009,-3.267,0.025,-4.084,-0.011,-3.762,0.011,-3.762,0.011
623193,-4,0,0.174,-3.278,0.007,-3.262,0.004,-4.034,-0.039,-3.768,0.009,-3.768,0.009
623203,-4,0,0.174,-3.297,0,-3.278,-0.008,-3.968,-0.03,-3.648,-0.003,-3.648,-0.003
623213,-4,0,0.174,-3.31,-0.002,-3.315,0.008,-3.962,-0.007,-3.66,-0.003,-3.66,-0.003
623223,0,0,0.174,-3.304,-0.007,-3.321,0.006,-4.014,0.005,-3.618,-0.001,-3.618,-0.001
623233,0,0,0.174,-3.323,-0.002,-3.309,-0.02,-4.034,-0.01,-3.664,-0.002,-3.664,-0.002
623243,0,0,0.174,-3.335,0,-3.331,-0.004,-4.027,-0.018,-3.592,-0.006,-3.592,-0.006
623253,0,0,0.174,-3.358,0,-3.337,-0.017,-4.031,-0.04,-3.597,-0.005,-3.597,-0.005
623263,0,0,0.174,-3.37,0,-3.372,0.011,-4.019,-0.028,-3.643,-0.007,-3.643,-0.007
623273,0,0,0.174,-3.369,0.001,-3.378,0.008,-4.007,-0.01,-3.601,-0.003,-3.601,-0.003
623283,0,0,0.174,-3.381,0.012,-3.376,0.004,-3.984,0.003,-3.597,-0.002,-3.597,-0.002
623293,0,0,0.174,-3.409,0.02,-3.394,0.002,-3.931,0.004,-3.58,-0.001,-3.58,-0.001
623303,0,0,0.174,-3.409,0.02,-3.413,0.027,-3.871,0.009,-3.558,0.005,-3.558,0.005
623313,0,0,0.174,-3.385,0.02,-3.384,0.028,-3.832,-0.002,-3.521,0.012,-3.521,0.012
623323,0,0,0.174,-3.374,0.016,-3.394,0.001,-3.8,-0.003,-3.493,0.009,-3.493,0.009
623333,0,0,0.174,-3.374,0.006,-3.382,0.01,-3.765,-0.002,-3.478,0.007,-3.478,0.007
623343,0,0,0.174,-3.408,0.004,-3.401,0.016,-3.722,0.011,-3.441,0.01,-3.441,0.01
623353,0,0,0.174,-3.429,0.013,-3.429,-0.003,-3.661,0.014,-3.443,0.011,-3.443,0.011
623363,0,0,0.174,-3.435,0.015,-3.434,0.005,-3.592,0.024,-3.445,0.007,-3.445,0.007
623373,0,0,0.174,-3.415,0.02,-3.437,0.022,-3.519,0.02,-3.448,0.008,-3.448,0.008
623383,0,0,0.174,-3.372,0.023,-3.389,0.028,-3.435,0.026,-3.432,0.016,-3.432,0.016
623393,0,0,0.174,-3.358,0.028,-3.365,0.033,-3.328,0.03,-3.408,0.022,-3.408,0.022
623403,0,0,0.174,-3.322,0.034,-3.359,0.022,-3.219,0.04,-3.393,0.023,-3.393,0.023
623413,0,0,0.174,-3.292,0.031,-3.305,0.038,-3.125,0.036,-3.375,0.025,-3.375,0.025
623423,0,0,0.174,-3.277,0.034,-3.289,0.051,-3.019,0.058,-3.339,0.034,-3.339,0.034
623433,0,0,0.174,-3.258,0.044,-3.28,0.034,-2.885,0.083,-3.315,0.039,-3.315,0.039
623443,0,0,0.174,-3.246,0.045,-3.275,0.027,-2.763,0.101,-3.289,0.042,-3.289,0.042
623453,0,0,0.174,-3.214,0.041,-3.249,0.056,-2.651,0.084,-3.262,0.048,-3.262,0.048
623463,0,0,0.174,-3.165,0.048,-3.193,0.052,-2.552,0.063,-3.228,0.056,-3.228,0.056
623473,0,0,0.174,-3.112,0.054,-3.133,0.039,-2.42,0.083,-3.187,0.055,-3.187,0.055
623483,0,0,0.174,-3.045,0.051,-3.111,0.063,-2.324,0.11,-3.148,0.058,-3.148,0.058
623493,0,0,0.174,-2.974,0.047,-3.039,0.051,-2.276,0.079,-3.103,0.065,-3.103,0.065
623503,0,0,0.174,-2.937,0.043,-2.954,0.042,-2.136,0.015,-3.052,0.06,-3.052,0.06
623513,0,0,0.174,-2.894,0.048,-2.922,0.039,-1.877,-0.047,-2.991,0.046,-2.991,0.046
623523,0,0,0.174,-2.827,0.052,-2.873,0.062,-1.724,-0.016,-2.92,0.037,-2.92,0.037
623533,0,0,0.174,-2.741,0.051,-2.795,0.065,-1.794,0.058,-2.854,0.048,-2.854,0.048
623543,0,0,0.174,-2.676,0.052,-2.725,0.034,-1.856,0.123,-2.808,0.053,-2.808,0.053
623553,0,0,0.174,-2.604,0.046,-2.634,0.052,-1.757,0.156,-2.758,0.061,-2.758,0.061
623563,0,0,0.174,-2.497,0.036,-2.588,0.049,-1.541,0.115,-2.697,0.068,-2.697,0.068
623573,0,0,0.174,-2.046,0.024,-2.24,0.03,-1.298,0.026,-2.57,0.059,-2.57,0.059
623583,0,0,0.174,-1.491,0.015,-1.7,0.023,-1.052,-0.067,-2.421,0.044,-2.421,0.044
623593,0,0,0.174,-1.024,0.01,-1.204,0.013,-0.876,-0.106,-2.202,0.023,-2.202,0.023
623603,0,0,0.174,-0.68,0.006,-0.816,0.01,-0.954,-0.037,-1.932,0.009,-1.932,0.009
623613,0,0,0.174,-0.725,0.012,-0.706,0.002,-1.233,0.02,-1.099,0.008,-1.099,0.008
623623,0,0,0.174,-1.008,0.019,-0.939,0.02,-1.462,0.024,-1.03,0.01,-1.03,0.01
623633,0,0,0.174,-1.31,0.027,-1.218,0.025,-1.632,0.01,-1.085,0.02,-1.085,0.02
623643,0,0,0.174,-1.514,0.029,-1.457,0.029,-1.81,-0.015,-1.18,0.021,-1.18,0.021
623653,0,0,0.174,-1.665,0.038,-1.613,0.032,-1.996,-0.063,-1.319,0.021,-1.319,0.021
623663,0,0,0.174,-1.764,0.042,-1.715,0.047,-2.082,-0.074,-1.446,0.017,-1.446,0.017
623673,0,0,0.174,-1.842,0.044,-1.823,0.048,-2.027,-0.076,-1.525,0.013,-1.525,0.013
623683,0,0,0.174,-1.861,0.041,-1.884,0.036,-1.802,-0.03,-1.613,0.01,-1.613,0.01
623693,0,0,0.174,-1.567,0.031,-1.7,0.027,-1.437,0.045,-1.645,0.015,-1.645,0.015
623703,0,0,0.174,-1.156,0.022,-1.322,0.027,-1.026,0.048,-1.542,0.023,-1.542,0.023
623713,0,0,0.174,-0.799,0.015,-0.934,0.023,-0.664,-0.004,-1.309,0.024,-1.309,0.024
623723,0,0,0.174,-0.532,0.01,-0.654,0.017,-0.443,-0.002,-1.107,0.02,-1.107,0.02
623733,0,0,0.174,-0.494,0.007,-0.521,0.002,-0.439,0.088,-0.946,0.023,-0.946,0.023
623743,0,0,0.174,-0.697,0.007,-0.658,-0.005,-0.591,0.131,-0.823,0.03,-0.823,0.03
623753,0,0,0.174,-0.915,-0.002,-0.872,-0.002,-0.732,0.086,-0.788,0.03,-0.788,0.03
623763,0,0,0.174,-0.912,-0.012,-0.97,0.004,-0.703,0.044,-0.797,0.031,-0.797,0.031
623773,0,0,0.174,-0.757,-0.012,-0.864,-0.002,-0.535,0.042,-0.783,0.029,-0.783,0.029
623783,0,0,0.174,-0.553,-0.01,-0.651,-0.014,-0.296,0.029,-0.72,0.024,-0.72,0.024
623793,0,0,0.174,-0.441,-0.007,-0.518,-0.018,-0.098,0.009,-0.606,0.006,-0.606,0.006
623803,0,0,0.174,-0.319,-0.004,-0.395,-0.01,-0.011,-0.056,-0.517,0,-0.517,0
623813,0,0,0.174,-0.199,-0.002,-0.268,0.011,-0.043,-0.164,-0.419,-0.017,-0.419,-0.017
623823,0,0,0.174,-0.144,-0.002,-0.186,0.006,-0.111,-0.173,-0.366,-0.032,-0.366,-0.032
623833,0,0,0.174,-0.194,0,-0.175,-0.015,-0.299,-0.099,-0.324,-0.042,-0.324,-0.042
623843,0,0,0.174,-0.331,0,-0.305,0,-0.431,-0.055,-0.302,-0.038,-0.302,-0.038
623853,0,0,0.174,-0.452,0,-0.435,-0.006,-0.461,-0.02,-0.334,-0.033,-0.334,-0.033
623863,0,0,0.174,-0.538,0,-0.529,0.005,-0.369,-0.046,-0.365,-0.027,-0.365,-0.027
623873,0,0,0.174,-0.502,0,-0.555,-0.002,-0.225,-0.08,-0.384,-0.028,-0.384,-0.028
623883,0,0,0.174,-0.386,0,-0.452,-0.004,-0.087,-0.116,-0.428,-0.02,-0.428,-0.02
623893,0,0,0.174,-0.288,0,-0.342,-0.003,-0.004,-0.107,-0.389,-0.023,-0.389,-0.023
623903,0,0,0.174,-0.213,0,-0.271,-0.001,0.012,-0.087,-0.337,-0.027,-0.337,-0.027
623913,2,0,0.174,-0.207,0.01,-0.233,0.003,-0.055,-0.069,-0.289,-0.03,-0.289,-0.03
623923,2,0,0.174,-0.23,0.023,-0.221,0.017,-0.138,-0.016,-0.255,-0.022,-0.255,-0.022
623933,2,0,0.174,-0.236,0.032,-0.247,0.033,-0.162,0.015,-0.236,-0.005,-0.236,-0.005
623943,2,0,0.174,-0.216,0.038,-0.253,0.035,-0.143,0.032,-0.23,0.004,-0.23,0.004
623953,2,0,0.174,-0.167,0.036,-0.204,0.034,-0.114,0.009,-0.219,0.017,-0.219,0.017
623963,2,0,0.174,-0.119,0.028,-0.159,0.029,-0.083,-0.016,-0.2,0.021,-0.2,0.021
623973,2,0,0.174,-0.08,0.019,-0.115,0.026,-0.069,-0.009,-0.186,0.019,-0.186,0.019
623983,2,0,0.174,-0.051,0.017,-0.054,0.021,-0.067,0.009,-0.165,0.018,-0.165,0.018
623993,2,0,0.174,-0.032,0.02,-0.036,0.027,-0.044,0.018,-0.1,0.021,-0.1,0.021
624003,2,0,0.174,-0.018,0.021,-0.034,0.026,-0.021,0.022,-0.071,0.023,-0.071,0.023
624013,2,0,0.174,-0.008,0.02,-0.018,0.023,-0.003,0.018,-0.051,0.023,-0.051,0.023
624023,2,0,0.174,0,0.017,0,0.023,0.01,0.012,-0.026,0.023,-0.026,0.023
624033,2,0,0.174,0,0.011,0,0.016,0.022,0.005,-0.007,0.021,-0.007,0.021
624043,2,0,0.174,0.004,0.006,-0.002,0.008,0.033,-0.002,-0.004,0.014,-0.004,0.014
624053,2,0,0.174,0.014,0,0.008,0.002,0.041,-0.006,0,0.007,0,0.007
624063,2,0,0.174,0.023,0,0.018,0,0.049,-0.009,0.013,0.001,0.013,0.001
624073,2,0,0.174,0.033,0,0.027,0.001,0.061,-0.012,0.018,0.001,0.018,0.001
624083,2,0,0.174,0.044,0,0.033,0,0.078,-0.012,0.024,0,0.024,0
624093,2,0,0.174,0.057,0,0.044,0.001,0.098,-0.011,0.04,0.001,0.04,0.001
624103,2,0,0.174,0.07,0,0.055,0.001,0.124,-0.01,0.045,0.001,0.045,0.001
624113,2,0,0.174,0.085,0,0.069,0,0.15,-0.008,0.054,0,0.054,0
624123,2,0,0.174,0.106,0,0.087,0.001,0.19,-0.005,0.072,0,0.072,0
624133,2,0,0.174,0.139,0,0.121,0.005,0.26,0.008,0.082,0.001,0.082,0.001
624143,2,0,0.174,0.166,0,0.14,0,0.339,0.007,0.093,0.001,0.093,0.001
624153,2,0,0.174,0.207,0.001,0.173,0.009,0.46,-0.037,0.114,0.001,0.114,0.001
624163,2,0,0.174,0.216,0.01,0.199,0.009,0.729,-0.08,0.144,-0.004,0.144,-0.004
624173,2,0,0.174,0.177,0.009,0.167,-0.002,1.099,-0.159,0.174,-0.012,0.174,-0.012
624183,2,0,0.174,0.185,0.006,0.148,-0.003,1.367,-0.351,0.185,-0.031,0.185,-0.031
624193,2,0,0.174,0.23,0.005,0.202,0.012,1.429,-0.517,0.207,-0.068,0.207,-0.068
624203,2,0,0.174,0.304,0.009,0.246,0.002,1.43,-0.566,0.242,-0.098,0.242,-0.098
624213,2,0,0.174,0.391,0.018,0.361,-0.011,1.425,-0.503,0.303,-0.095,0.303,-0.095
624223,2,0,0.174,0.475,0.025,0.429,0.021,1.537,-0.468,0.358,-0.111,0.358,-0.111
624233,2,0,0.174,0.55,0.039,0.504,0.023,1.713,-0.541,0.438,-0.114,0.438,-0.114
624243,2,0,0.174,0.598,0.054,0.565,0.044,1.938,-0.63,0.555,-0.102,0.555,-0.102
624253,2,0,0.174,0.495,0.047,0.51,0.048,2.152,-0.642,0.7,-0.125,0.7,-0.125
624263,2,0,0.174,0.363,0.036,0.405,0.013,2.31,-0.638,0.833,-0.149,0.833,-0.149
624273,2,0,0.174,0.25,0.025,0.264,0.029,2.319,-0.524,0.888,-0.15,0.888,-0.15
624283,2,0,0.174,0.215,0.027,0.2,-0.004,2.067,-0.258,0.87,-0.128,0.87,-0.128
624293,2,0,0.174,0.345,0.057,0.301,0.033,1.791,0.007,0.871,-0.099,0.871,-0.099
624303,2,0,0.174,0.421,0.076,0.371,0.094,1.667,0.144,0.875,-0.044,0.875,-0.044
624312,2,0,0.174,0.393,0.072,0.395,0.077,1.634,0.172,0.864,0.009,0.864,0.009
624322,2,0,0.174,0.415,0.083,0.372,0.047,1.659,0.188,0.89,0.038,0.89,0.038
624332,2,0,0.174,0.55,0.126,0.487,0.098,1.71,0.208,0.921,0.06,0.921,0.06
624342,2,0,0.174,0.681,0.166,0.635,0.151,1.753,0.245,0.984,0.093,0.984,0.093
624352,2,0,0.174,0.774,0.2,0.749,0.204,1.784,0.265,1.012,0.133,1.012,0.133
624362,2,0,0.174,0.843,0.231,0.8,0.227,1.864,0.314,1.086,0.165,1.086,0.165
624372,2,0,0.174,0.793,0.228,0.777,0.211,1.887,0.307,1.134,0.198,1.134,0.198
624382,2,0,0.174,0.827,0.241,0.808,0.237,1.878,0.188,1.186,0.204,1.186,0.204
624392,2,0,0.174,0.905,0.262,0.873,0.267,1.879,0.11,1.151,0.216,1.151,0.216
624402,2,0,0.174,0.998,0.288,0.954,0.278,1.899,0.098,1.008,0.249,1.008,0.249
624412,2,0,0.174,1.079,0.304,1.04,0.313,1.873,0.074,1.075,0.246,1.075,0.246
624422,2,0,0.174,1.151,0.311,1.11,0.318,1.881,0.008,1.149,0.25,1.149,0.25
624432,2,0,0.174,1.186,0.303,1.179,0.311,1.96,-0.094,1.231,0.238,1.231,0.238
624442,2,0,0.174,0.988,0.247,1.052,0.26,2.054,-0.157,1.273,0.233,1.273,0.233
624452,2,0,0.174,0.746,0.184,0.81,0.233,2.081,-0.145,1.237,0.205,1.237,0.205
624462,2,0,0.174,0.666,0.152,0.697,0.168,2.043,-0.117,1.232,0.173,1.232,0.173
624472,2,0,0.174,0.588,0.121,0.598,0.136,1.993,-0.124,1.043,0.137,1.043,0.137
624482,2,0,0.174,0.636,0.108,0.631,0.112,1.982,-0.129,0.908,0.119,0.908,0.119
624492,2,0,0.174,0.523,0.082,0.545,0.104,2.042,-0.107,0.964,0.097,0.964,0.097
624502,2,0,0.174,0.383,0.058,0.415,0.078,2.175,-0.076,0.904,0.076,0.904,0.076
624512,2,0,0.174,0.342,0.047,0.311,0.048,2.325,-0.011,0.883,0.063,0.883,0.063
624522,2,0,0.174,0.549,0.061,0.469,0.065,2.418,0.069,0.91,0.06,0.91,0.06
624532,2,0,0.174,0.715,0.077,0.673,0.082,2.47,0.122,0.98,0.069,0.98,0.069
624542,2,0,0.174,0.707,0.076,0.682,0.088,2.486,0.123,1.022,0.078,1.022,0.078
624552,2,0,0.174,0.856,0.075,0.764,0.078,2.459,0.125,0.921,0.077,0.921,0.077
624562,2,0,0.174,1.049,0.064,0.978,0.081,2.438,0.106,1.052,0.081,1.052,0.081
624572,2,0,0.174,1.227,0.059,1.173,0.047,2.448,0.051,1.208,0.076,1.208,0.076
624582,2,0,0.174,1.392,0.056,1.333,0.066,2.453,-0.009,1.355,0.065,1.355,0.065
624592,2,0,0.174,1.527,0.056,1.466,0.064,2.39,-0.005,1.481,0.058,1.481,0.058
624602,2,0,0.174,1.591,0.05,1.562,0.057,2.289,0,1.586,0.053,1.586,0.053
624612,2,0,0.174,1.636,0.04,1.62,0.041,2.19,-0.012,1.664,0.046,1.664,0.046
624622,2,0,0.174,1.656,0.026,1.664,0.031,2.094,-0.053,1.694,0.036,1.694,0.036
624632,2,0,0.174,1.686,0.012,1.672,0.019,2.003,-0.084,1.732,0.026,1.732,0.026
624642,2,0,0.174,1.726,0,1.705,-0.006,1.917,-0.108,1.744,0.009,1.744,0.009
624652,2,0,0.174,1.658,-0.005,1.7,0.009,1.836,-0.118,1.758,-0.005,1.758,-0.005
624662,2,0,0.174,1.417,-0.007,1.501,-0.001,1.777,-0.112,1.727,-0.014,1.727,-0.014
624672,2,0,0.174,1.39,-0.014,1.426,-0.037,1.734,-0.108,1.619,-0.022,1.619,-0.022
624682,2,0,0.174,1.46,-0.025,1.423,-0.001,1.721,-0.106,1.606,-0.029,1.606,-0.029
624692,2,0,0.174,1.524,-0.032,1.514,-0.036,1.722,-0.088,1.587,-0.033,1.587,-0.033
624702,2,0,0.174,1.581,-0.042,1.596,-0.033,1.736,-0.08,1.604,-0.042,1.604,-0.042
624712,2,0,0.174,1.492,-0.047,1.545,-0.042,1.765,-0.055,1.626,-0.043,1.626,-0.043
624722,2,0,0.174,1.203,-0.041,1.279,-0.043,1.811,-0.028,1.635,-0.043,1.635,-0.043
624732,2,0,0.174,1.158,-0.032,1.139,-0.04,1.849,-0.006,1.5,-0.04,1.5,-0.04
624742,2,0,0.174,1.26,-0.029,1.21,-0.03,1.852,0.001,1.509,-0.036,1.509,-0.036
624752,2,0,0.174,1.392,-0.026,1.36,-0.002,1.832,-0.004,1.535,-0.029,1.535,-0.029
624762,2,0,0.174,1.487,-0.026,1.47,-0.038,1.83,-0.007,1.56,-0.025,1.56,-0.025
624772,2,0,0.174,1.545,-0.034,1.529,-0.041,1.883,0.008,1.58,-0.026,1.58,-0.026
624782,2,0,0.174,1.563,-0.042,1.554,-0.038,1.982,0.018,1.623,-0.024,1.623,-0.024
624792,2,0,0.174,1.571,-0.041,1.534,-0.033,2.044,0.03,1.656,-0.022,1.656,-0.022
624802,2,0,0.174,1.596,-0.035,1.586,-0.04,2.007,0.014,1.7,-0.019,1.7,-0.019
624812,2,0,0.174,1.62,-0.035,1.643,-0.018,1.948,0,1.723,-0.019,1.723,-0.019
624822,2,0,0.174,1.632,-0.036,1.648,-0.042,1.943,-0.013,1.742,-0.019,1.742,-0.019
624832,2,0,0.174,1.654,-0.036,1.631,-0.037,1.959,-0.014,1.764,-0.02,1.764,-0.02
624842,2,0,0.174,1.65,-0.038,1.625,-0.043,1.947,-0.015,1.761,-0.026,1.761,-0.026
624852,2,0,0.174,1.626,-0.04,1.648,-0.029,1.916,-0.002,1.774,-0.025,1.774,-0.025
624862,2,0,0.174,1.626,-0.035,1.64,-0.035,1.897,0.014,1.768,-0.022,1.768,-0.022
624872,2,0,0.174,1.655,-0.036,1.658,-0.063,1.892,0.018,1.77,-0.022,1.77,-0.022
624882,2,0,0.174,1.666,-0.039,1.648,-0.017,1.89,-0.001,1.766,-0.019,1.766,-0.019
624892,2,0,0.174,1.649,-0.037,1.634,-0.041,1.888,0.02,1.759,-0.019,1.759,-0.019
624902,2,0,0.174,1.634,-0.037,1.646,-0.032,1.9,0.045,1.766,-0.014,1.766,-0.014
624912,2,0,0.174,1.644,-0.036,1.658,-0.054,1.902,0.049,1.723,-0.026,1.723,-0.026
624922,2,0,0.174,1.64,-0.039,1.637,-0.061,1.903,0.027,1.731,-0.023,1.731,-0.023
624932,2,0,0.174,1.642,-0.044,1.641,-0.024,1.911,0.012,1.743,-0.022,1.743,-0.022
624942,2,0,0.174,1.651,-0.042,1.643,-0.028,1.948,0.018,1.749,-0.019,1.749,-0.019
624952,2,0,0.174,1.644,-0.034,1.633,-0.056,1.982,0.04,1.769,-0.017,1.769,-0.017
624962,2,0,0.174,1.638,-0.033,1.657,-0.039,1.972,0.017,1.786,-0.017,1.786,-0.017
624972,2,0,0.174,1.638,-0.038,1.648,-0.009,1.966,0.019,1.786,-0.014,1.786,-0.014
624982,2,0,0.174,1.637,-0.033,1.616,-0.034,1.979,0.031,1.799,-0.009,1.799,-0.009
624992,2,0,0.174,1.51,-0.024,1.555,-0.058,1.982,0.037,1.79,-0.013,1.79,-0.013
625002,2,0,0.174,1.366,-0.023,1.411,-0.025,1.979,0.006,1.783,-0.012,1.783,-0.012
625012,2,0,0.174,1.387,-0.029,1.386,0,1.982,0.014,1.692,-0.006,1.692,-0.006
625022,2,0,0.174,1.455,-0.027,1.423,-0.032,2.002,0.029,1.699,-0.005,1.699,-0.005
625032,2,0,0.174,1.539,-0.028,1.512,-0.017,2.018,0.031,1.655,-0.014,1.655,-0.014
625042,2,0,0.174,1.56,-0.037,1.559,-0.038,2.029,0.03,1.678,-0.013,1.678,-0.013
625052,2,0,0.174,1.61,-0.045,1.606,-0.027,2.065,0.036,1.691,-0.014,1.691,-0.014
625062,4,0,0.174,1.633,-0.048,1.605,-0.061,2.127,0.049,1.729,-0.016,1.729,-0.016
625072,4,0,0.174,1.672,-0.055,1.643,-0.052,2.152,0.067,1.753,-0.019,1.753,-0.019
625082,4,0,0.174,1.678,-0.057,1.686,-0.031,2.14,0.062,1.781,-0.017,1.781,-0.017
625092,4,0,0.174,1.7,-0.053,1.678,-0.062,2.128,0.058,1.813,-0.016,1.813,-0.016
625102,4,0,0.174,1.719,-0.054,1.717,-0.057,2.073,0.043,1.831,-0.016,1.831,-0.016
625112,4,0,0.174,1.753,-0.059,1.76,-0.049,2.002,0.016,1.823,-0.02,1.823,-0.02
625122,4,0,0.174,1.747,-0.061,1.76,-0.058,1.954,-0.009,1.82,-0.026,1.82,-0.026
625132,4,0,0.174,1.756,-0.061,1.738,-0.073,1.927,-0.014,1.812,-0.031,1.812,-0.031
625142,4,0,0.174,1.754,-0.065,1.743,-0.063,1.905,-0.027,1.795,-0.04,1.795,-0.04
625152,4,0,0.174,1.71,-0.07,1.732,-0.048,1.9,-0.017,1.787,-0.041,1.787,-0.041
625162,4,0,0.174,1.706,-0.078,1.722,-0.083,1.912,-0.007,1.776,-0.042,1.776,-0.042
625172,4,0,0.174,1.707,-0.088,1.699,-0.09,1.93,-0.015,1.761,-0.05,1.761,-0.05
625182,4,0,0.174,1.701,-0.1,1.694,-0.097,1.944,-0.03,1.746,-0.059,1.746,-0.059
625192,4,0,0.174,1.568,-0.099,1.633,-0.091,1.99,-0.005,1.711,-0.071,1.711,-0.071
625202,4,0,0.174,1.22,-0.08,1.332,-0.081,2.093,0.044,1.661,-0.07,1.661,-0.07
625212,4,0,0.174,1.138,-0.074,1.129,-0.08,2.188,0.088,1.445,-0.067,1.445,-0.067
625222,4,0,0.174,1.23,-0.082,1.198,-0.076,2.266,0.106,1.345,-0.061,1.345,-0.061
625232,4,0,0.174,1.369,-0.09,1.298,-0.092,2.384,0.124,1.33,-0.052,1.33,-0.052
625242,4,0,0.174,1.504,-0.102,1.458,-0.096,2.571,0.148,1.361,-0.05,1.361,-0.05
625252,4,0,0.174,1.605,-0.111,1.555,-0.097,2.827,0.197,1.442,-0.047,1.442,-0.047
625262,4,0,0.174,1.672,-0.111,1.627,-0.116,3.106,0.223,1.526,-0.052,1.526,-0.052
625272,4,0,0.174,1.545,-0.1,1.59,-0.106,3.332,0.282,1.587,-0.048,1.587,-0.048
625282,4,0,0.174,1.186,-0.075,1.296,-0.065,3.38,0.271,1.587,-0.026,1.587,-0.026
625292,4,0,0.174,0.837,-0.053,0.948,-0.055,3.355,0.205,1.475,-0.011,1.475,-0.011
625302,4,0,0.174,0.565,-0.036,0.641,-0.053,3.395,0.181,1.283,-0.005,1.283,-0.005
625312,4,0,0.174,0.37,-0.023,0.418,-0.017,3.483,0.216,1.156,0.009,1.156,0.009
625322,4,0,0.174,0.238,-0.015,0.282,-0.01,3.65,0.224,0.905,0.022,0.905,0.022
625332,4,0,0.174,0.152,-0.009,0.163,-0.008,3.916,0.206,0.761,0.033,0.761,0.033
625342,4,0,0.174,0.096,-0.006,0.088,-0.003,4.186,0.142,0.563,0.028,0.563,0.028
625352,4,0,0.174,0.272,-0.015,0.172,-0.011,4.396,0.077,0.584,0.029,0.584,0.029
625362,4,0,0.174,0.723,-0.038,0.558,-0.036,4.537,0.015,0.678,0.021,0.678,0.021
625372,4,0,0.174,1.193,-0.059,1.021,-0.049,4.544,-0.042,0.865,0.001,0.865,0.001
625382,4,0,0.174,1.58,-0.075,1.437,-0.068,4.461,-0.093,1.164,-0.024,1.164,-0.024
625392,4,0,0.174,1.866,-0.084,1.75,-0.092,4.441,-0.131,1.552,-0.044,1.552,-0.044
625402,4,0,0.174,2.066,-0.092,1.99,-0.096,4.563,-0.169,2.002,-0.07,2.002,-0.07
625412,4,0,0.174,2.219,-0.091,2.113,-0.098,4.701,-0.2,2.348,-0.087,2.348,-0.087
625422,4,0,0.174,2.313,-0.092,2.263,-0.079,4.615,-0.194,2.722,-0.101,2.722,-0.101
625432,4,0,0.174,2.396,-0.099,2.379,-0.096,4.355,-0.119,2.96,-0.103,2.96,-0.103
625442,4,0,0.174,2.487,-0.11,2.451,-0.118,4.071,-0.116,3.118,-0.104,3.118,-0.104
625452,4,0,0.174,2.556,-0.126,2.542,-0.132,3.733,-0.104,2.992,-0.114,2.992,-0.114
625462,4,0,0.174,2.606,-0.154,2.589,-0.156,3.375,-0.127,2.951,-0.121,2.951,-0.121
625472,4,0,0.174,2.598,-0.187,2.636,-0.166,3.017,-0.091,2.947,-0.124,2.947,-0.124
625482,4,0,0.174,2.568,-0.211,2.579,-0.196,2.736,-0.001,2.838,-0.136,2.838,-0.136
625492,4,0,0.174,2.515,-0.212,2.557,-0.22,2.656,0.084,2.764,-0.13,2.764,-0.13
625502,4,0,0.174,2.477,-0.196,2.49,-0.228,2.694,0.11,2.719,-0.117,2.719,-0.117
625512,4,0,0.174,2.481,-0.18,2.454,-0.182,2.702,0.124,2.681,-0.104,2.681,-0.104
625522,4,0,0.174,2.5,-0.169,2.494,-0.163,2.793,0.082,2.669,-0.087,2.669,-0.087
625532,4,0,0.174,2.507,-0.161,2.517,-0.167,3.01,0.067,2.687,-0.084,2.687,-0.084
625542,4,0,0.174,2.506,-0.158,2.513,-0.18,3.273,0.069,2.747,-0.082,2.747,-0.082
625552,4,0,0.174,2.537,-0.16,2.497,-0.163,3.436,0.074,2.831,-0.078,2.831,-0.078
625562,4,0,0.174,2.545,-0.158,2.538,-0.159,3.541,0.074,2.877,-0.082,2.877,-0.082
625572,4,0,0.174,2.569,-0.155,2.56,-0.15,3.61,0.077,2.863,-0.095,2.863,-0.095
625582,4,0,0.174,2.632,-0.153,2.611,-0.148,3.647,0.046,2.94,-0.091,2.94,-0.091
625592,4,0,0.174,2.663,-0.154,2.633,-0.164,3.661,0.017,2.983,-0.1,2.983,-0.1
625602,4,0,0.174,2.678,-0.156,2.665,-0.158,3.778,-0.04,3.027,-0.108,3.027,-0.108
625612,4,0,0.174,2.66,-0.158,2.658,-0.15,3.93,-0.061,3.12,-0.111,3.12,-0.111
625622,4,0,0.174,2.671,-0.153,2.668,-0.144,3.962,-0.011,3.08,-0.121,3.08,-0.121
625632,4,0,0.174,2.71,-0.145,2.697,-0.143,3.818,0.065,3.16,-0.111,3.16,-0.111
625642,4,0,0.174,2.735,-0.14,2.724,-0.147,3.74,0.094,3.22,-0.094,3.22,-0.094
625652,4,0,0.174,2.771,-0.133,2.744,-0.139,3.816,0.077,3.2,-0.091,3.2,-0.091
625662,4,0,0.174,2.768,-0.122,2.734,-0.106,3.932,0.008,3.222,-0.089,3.222,-0.089
625672,4,0,0.174,2.743,-0.113,2.752,-0.141,3.926,-0.02,3.339,-0.082,3.339,-0.082
625682,0,0,0.174,2.754,-0.113,2.78,-0.127,3.814,-0.011,3.378,-0.083,3.378,-0.083
625692,0,0,0.174,2.764,-0.122,2.773,-0.111,3.743,0.059,3.412,-0.071,3.412,-0.071
625702,0,0,0.174,2.776,-0.117,2.744,-0.107,3.727,0.076,3.431,-0.055,3.431,-0.055
625712,0,0,0.174,2.779,-0.095,2.75,-0.114,3.726,0.036,3.402,-0.053,3.402,-0.053
625722,0,0,0.174,2.782,-0.079,2.776,-0.082,3.619,-0.021,3.424,-0.049,3.424,-0.049
625732,0,0,0.174,2.785,-0.074,2.85,-0.09,3.433,-0.028,3.368,-0.052,3.368,-0.052
625742,0,0,0.174,2.817,-0.077,2.809,-0.06,3.312,-0.011,3.316,-0.049,3.316,-0.049
625752,0,0,0.174,2.825,-0.064,2.814,-0.066,3.252,0.023,3.263,-0.042,3.263,-0.042
625762,0,0,0.174,2.796,-0.056,2.77,-0.076,3.209,0.031,3.155,-0.038,3.155,-0.038
625772,0,0,0.174,2.777,-0.052,2.792,-0.055,3.145,0.012,3.121,-0.032,3.121,-0.032
625782,0,0,0.174,2.755,-0.047,2.799,-0.034,3.107,-0.006,2.979,-0.03,2.979,-0.03
625792,0,0,0.174,2.727,-0.045,2.743,-0.048,3.149,0.01,2.966,-0.028,2.966,-0.028
625802,0,0,0.174,2.702,-0.034,2.682,-0.056,3.229,0.036,2.947,-0.023,2.947,-0.023
625812,0,0,0.174,2.679,-0.035,2.65,-0.025,3.249,0.061,2.9,-0.017,2.9,-0.017
625822,0,0,0.174,2.663,-0.034,2.683,-0.029,3.183,0.051,2.89,-0.007,2.89,-0.007
625832,0,0,0.174,2.692,-0.034,2.719,-0.042,3.111,0.033,2.829,-0.014,2.829,-0.014
625842,0,0,0.174,2.718,-0.034,2.724,-0.036,3.072,0.003,2.828,-0.014,2.828,-0.014
625852,0,0,0.174,2.711,-0.024,2.688,-0.016,3.042,0,2.809,-0.013,2.809,-0.013
625862,0,0,0.174,2.679,-0.011,2.665,-0.019,2.974,0.01,2.79,-0.01,2.79,-0.01
625872,0,0,0.174,2.647,0,2.682,-0.018,2.866,0.012,2.782,-0.008,2.782,-0.008
625882,0,0,0.174,2.644,0,2.701,-0.002,2.765,0.001,2.765,-0.007,2.765,-0.007
625892,0,0,0.174,2.644,-0.01,2.644,0.001,2.668,-0.003,2.748,-0.004,2.748,-0.004
625902,0,0,0.174,2.612,-0.016,2.612,-0.01,2.535,0.003,2.709,-0.004,2.709,-0.004
625912,0,0,0.174,2.579,-0.005,2.586,-0.019,2.387,0.014,2.671,-0.004,2.671,-0.004
625922,0,0,0.174,2.553,0.006,2.586,0.012,2.299,-0.001,2.647,-0.003,2.647,-0.003
625932,0,0,0.174,2.556,0.001,2.596,-0.005,2.251,-0.009,2.625,-0.004,2.625,-0.004
625942,0,0,0.174,2.51,-0.006,2.526,-0.002,2.119,-0.015,2.586,-0.002,2.586,-0.002
625952,0,0,0.174,2.457,-0.015,2.474,-0.005,1.892,-0.02,2.542,-0.004,2.542,-0.004
625962,0,0,0.174,2.406,-0.019,2.455,-0.017,1.737,-0.011,2.506,-0.006,2.506,-0.006
625972,0,0,0.174,2.365,-0.022,2.411,-0.022,1.696,0.022,2.454,-0.015,2.454,-0.015
625982,0,0,0.174,2.32,-0.028,2.358,-0.018,1.67,0.009,2.419,-0.014,2.419,-0.014
625992,0,0,0.174,2.274,-0.033,2.312,-0.029,1.609,-0.033,2.379,-0.016,2.379,-0.016
626002,0,0,0.174,2.212,-0.039,2.263,-0.047,1.528,-0.053,2.337,-0.025,2.337,-0.025
626012,0,0,0.174,2.167,-0.044,2.225,-0.045,1.396,-0.066,2.288,-0.033,2.288,-0.033
626022,0,0,0.174,2.11,-0.046,2.149,-0.038,1.228,-0.078,2.227,-0.039,2.227,-0.039
626032,0,0,0.174,2.034,-0.044,2.094,-0.047,1.052,-0.072,2.174,-0.043,2.174,-0.043
626042,0,0,0.174,1.962,-0.039,1.991,-0.039,0.935,-0.042,2.101,-0.044,2.101,-0.044
626052,0,0,0.174,1.742,-0.036,1.885,-0.042,0.849,-0.008,2.01,-0.043,2.01,-0.043
626062,0,0,0.174,1.319,-0.027,1.497,-0.015,0.806,-0.013,1.8,-0.034,1.8,-0.034
626072,0,0,0.174,0.924,-0.019,1.093,-0.035,0.731,-0.042,1.653,-0.032,1.653,-0.032
626082,0,0,0.174,0.62,-0.013,0.729,-0.011,0.695,-0.022,1.489,-0.033,1.489,-0.033
626092,0,0,0.174,0.405,-0.009,0.513,-0.016,0.648,-0.024,1.126,-0.023,1.126,-0.023
626102,0,0,0.174,0.261,-0.006,0.334,-0.004,0.622,-0.019,0.873,-0.016,0.873,-0.016
626112,0,0,0.174,0.215,-0.005,0.258,0.005,0.62,-0.007,0.741,-0.013,0.741,-0.013
626122,0,0,0.174,0.317,-0.002,0.319,-0.019,0.675,0,0.645,-0.011,0.645,-0.011
626132,0,0,0.174,0.385,-0.002,0.379,-0.01,0.736,-0.004,0.619,-0.01,0.619,-0.01
626142,0,0,0.174,0.542,-0.003,0.494,0.007,0.803,-0.024,0.62,-0.01,0.62,-0.01
626152,0,0,0.174,0.667,-0.004,0.611,0.009,0.871,-0.03,0.635,-0.008,0.635,-0.008
626162,0,0,0.174,0.76,-0.005,0.738,-0.023,0.874,-0.033,0.674,-0.01,0.674,-0.01
626172,0,0,0.174,0.791,-0.01,0.81,-0.014,0.769,-0.025,0.709,-0.014,0.709,-0.014
626182,0,0,0.174,0.637,-0.01,0.724,-0.004,0.639,-0.043,0.716,-0.015,0.716,-0.015
626192,0,0,0.174,0.461,-0.008,0.552,0.001,0.52,-0.018,0.672,-0.014,0.672,-0.014
626202,0,0,0.174,0.387,-0.004,0.427,-0.003,0.427,0.013,0.601,-0.009,0.601,-0.009
626212,0,0,0.174,0.43,0,0.442,-0.004,0.374,0.04,0.523,-0.006,0.523,-0.006
626222,0,0,0.174,0.526,0,0.526,-0.015,0.373,0.012,0.502,-0.002,0.502,-0.002
626232,0,0,0.174,0.564,0,0.574,-0.003,0.364,-0.008,0.49,-0.003,0.49,-0.003
626242,0,0,0.174,0.581,0,0.581,0.004,0.385,-0.039,0.494,-0.005,0.494,-0.005
626252,0,0,0.174,0.565,0,0.595,0.011,0.375,-0.024,0.504,-0.005,0.504,-0.005
626262,0,0,0.174,0.526,0,0.568,0.006,0.313,-0.01,0.497,-0.004,0.497,-0.004
626272,0,0,0.174,0.473,0,0.514,-0.006,0.228,-0.017,0.475,-0.005,0.475,-0.005
626282,0,0,0.174,0.416,0,0.456,-0.008,0.138,-0.022,0.441,-0.007,0.441,-0.007
626292,0,0,0.174,0.361,0,0.41,-0.001,0.083,-0.033,0.403,-0.007,0.403,-0.007
626302,0,0,0.174,0.309,0,0.358,0.001,0.049,-0.02,0.371,-0.005,0.371,-0.005
626312,0,0,0.174,0.261,0,0.304,-0.003,0.035,-0.009,0.331,-0.005,0.331,-0.005
626322,0,0,0.174,0.204,0,0.246,-0.001,0.032,-0.012,0.289,-0.005,0.289,-0.005
626332,0,0,0.174,0.148,0,0.181,-0.002,0.02,-0.008,0.245,-0.005,0.245,-0.005
626342,0,0,0.174,0.093,0,0.117,0.001,-0.004,-0.002,0.181,-0.003,0.181,-0.003
626352,0,0,0.174,0.036,0,0.063,0.001,-0.038,0.002,0.112,0,0.112,0
626362,0,0,0.174,-0.011,0,0.014,-0.001,-0.067,0.01,0.071,0,0.071,0
626372,0,0,0.174,-0.051,0,-0.031,-0.004,-0.088,0.017,0.039,0,0.039,0
626382,0,0,0.174,-0.083,0,-0.071,-0.002,-0.107,0.017,0.007,0.001,0.007,0.001
626392,0,0,0.174,-0.102,0,-0.1,0.001,-0.124,0.016,-0.048,0.002,-0.048,0.002
626402,0,0,0.174,-0.114,0,-0.111,-0.001,-0.14,0.017,-0.078,0.001,-0.078,0.001
626412,0,0,0.174,-0.122,0,-0.116,0.001,-0.149,0.017,-0.103,0.002,-0.103,0.002
626422,0,0,0.174,-0.126,0,-0.129,-0.002,-0.149,0.021,-0.113,0.002,-0.113,0.002
626432,0,0,0.174,-0.127,0,-0.135,-0.001,-0.145,0.024,-0.125,0.001,-0.125,0.001
626442,0,0,0.174,-0.133,0,-0.138,0.003,-0.137,0.029,-0.13,0.002,-0.13,0.002
626452,0,0,0.174,-0.128,0,-0.134,0.001,-0.125,0.037,-0.132,0.004,-0.132,0.004
626462,0,0,0.174,-0.119,0,-0.125,-0.002,-0.109,0.041,-0.129,0.003,-0.129,0.003
626472,0,0,0.174,-0.111,0.004,-0.12,0.003,-0.094,0.039,-0.124,0.004,-0.124,0.004
626482,0,0,0.174,-0.099,0.012,-0.112,0.011,-0.078,0.034,-0.117,0.008,-0.117,0.008
626492,0,0,0.174,-0.083,0.016,-0.097,0.016,-0.062,0.031,-0.108,0.013,-0.108,0.013
626502,0,0,0.174,-0.067,0.018,-0.079,0.019,-0.046,0.026,-0.093,0.016,-0.093,0.016
626512,0,0,0.174,-0.051,0.017,-0.062,0.021,-0.03,0.02,-0.073,0.019,-0.073,0.019
626522,0,0,0.174,-0.034,0.014,-0.043,0.019,-0.015,0.012,-0.06,0.02,-0.06,0.02
626532,0,0,0.174,-0.019,0.009,-0.025,0.012,-0.004,0.006,-0.044,0.017,-0.044,0.017
626542,0,0,0.174,-0.007,0.004,-0.011,0.006,0.004,0,-0.024,0.011,-0.024,0.011
626552,0,0,0.174,0,0,0,0,0.011,-0.005,-0.01,0.005,-0.01,0.005
626562,-2,0,0.174,0,0,0,0,0.014,-0.009,-0.003,0.001,-0.003,0.001
626572,-2,0,0.174,0,0,0,0,0.014,-0.009,0,0,0,0
626582,-2,0,0.174,0,0,0,0,0.013,-0.009,0.001,0,0.001,0
626592,-2,0,0.174,0,0,0,0,0.01,-0.007,0.001,0,0.001,0
626602,-2,0,0.174,0,0,0.003,-0.001,0.007,-0.005,0.003,-0.001,0.003,-0.001
626612,-2,0,0.174,0,0,0,0,0.003,-0.003,0.001,-0.001,0.001,-0.001
626622,-2,0,0.174,0,0,0,0,-0.001,-0.001,0,0,0,0
626632,-2,0,0.174,0,0,0,0,-0.005,0,0,0,0,0
626642,-2,0,0.174,0,0,0,0,-0.009,0.001,0,0,0,0
626652,-2,0,0.174,0,0,0,0,-0.014,0.001,0,0,0,0
626662,-2,0,0.174,0,0,0.001,0,-0.021,0,0,0,0,0
626672,-2,0,0.174,0,0,0.001,0,-0.03,-0.001,0.001,0,0.001,0
626682,-2,0,0.174,-0.006,0,0.001,0,-0.04,0,0.001,0,0.001,0
626692,-2,0,0.174,-0.018,0,-0.009,0,-0.056,0.002,-0.001,0,-0.001,0
626702,-2,0,0.174,-0.031,0,-0.018,-0.002,-0.075,0.005,-0.006,0,-0.006,0
626712,-2,0,0.174,-0.036,0,-0.026,-0.001,-0.099,0.006,-0.015,0,-0.015,0
626722,-2,0,0.174,-0.032,0,-0.02,-0.003,-0.136,-0.003,-0.019,-0.001,-0.019,-0.001
626732,-2,0,0.174,-0.033,0,-0.021,-0.002,-0.183,-0.011,-0.022,-0.002,-0.022,-0.002
626742,-2,0,0.174,-0.037,0,-0.019,-0.002,-0.251,-0.02,-0.022,-0.002,-0.022,-0.002
626752,-2,0,0.174,-0.068,0,-0.039,-0.003,-0.337,-0.068,-0.028,-0.005,-0.028,-0.005
626762,-2,0,0.174,-0.109,0,-0.08,-0.004,-0.447,-0.126,-0.047,-0.009,-0.047,-0.009
626772,-2,0,0.174,-0.16,0.006,-0.119,-0.002,-0.599,-0.176,-0.085,-0.012,-0.085,-0.012
626782,-2,0,0.174,-0.204,0.015,-0.167,0.003,-0.782,-0.189,-0.112,-0.015,-0.112,-0.015
626792,-2,0,0.174,-0.263,0.025,-0.22,0.016,-0.968,-0.156,-0.137,-0.022,-0.137,-0.022
626802,-2,0,0.174,-0.331,0.035,-0.291,0.037,-1.092,-0.15,-0.23,0.004,-0.23,0.004
626812,-2,0,0.174,-0.32,0.038,-0.313,0.025,-1.2,-0.141,-0.267,0.006,-0.267,0.006
626822,-2,0,0.174,-0.279,0.036,-0.239,0.053,-1.299,-0.117,-0.29,0,-0.29,0
626832,-2,0,0.174,-0.239,0.033,-0.243,0.017,-1.438,-0.103,-0.316,-0.005,-0.316,-0.005
626842,-2,0,0.174,-0.202,0.03,-0.189,0.026,-1.634,-0.057,-0.303,0.003,-0.303,0.003
626852,-2,0,0.174,-0.215,0.038,-0.163,0.055,-1.848,-0.023,-0.336,0.007,-0.336,0.007
626862,-2,0,0.174,-0.225,0.04,-0.216,0.021,-2.011,-0.019,-0.324,0.017,-0.324,0.017
626872,-2,0,0.174,-0.18,0.032,-0.177,0.03,-2.099,0.01,-0.423,0.019,-0.423,0.019
626882,-2,0,0.174,-0.13,0.023,-0.12,0.018,-2.153,0.011,-0.483,0.023,-0.483,0.023
626892,-2,0,0.174,-0.174,0.029,-0.092,0.009,-2.11,-0.004,-0.571,0.02,-0.571,0.02
626902,-2,0,0.174,-0.371,0.053,-0.318,0.059,-2.016,0.003,-0.642,0.024,-0.642,0.024
626912,-2,0,0.174,-0.46,0.064,-0.416,0.055,-1.939,0.024,-0.665,0.033,-0.665,0.033
626922,-2,0,0.174,-0.393,0.052,-0.393,0.047,-1.936,0.071,-0.701,0.043,-0.701,0.043
626932,-2,0,0.174,-0.435,0.054,-0.385,0.057,-1.974,0.081,-0.756,0.049,-0.756,0.049
626942,-2,0,0.174,-0.625,0.07,-0.556,0.081,-2.022,0.063,-0.797,0.052,-0.797,0.052
626952,-2,0,0.174,-0.815,0.1,-0.71,0.077,-2.09,0.037,-0.839,0.062,-0.839,0.062
626962,-2,0,0.174,-0.991,0.128,-0.919,0.12,-2.104,0.042,-0.941,0.068,-0.941,0.068
626972,-2,0,0.174,-1.118,0.146,-1.06,0.144,-2.096,0.048,-1.081,0.074,-1.081,0.074
626982,-2,0,0.174,-1.217,0.159,-1.188,0.163,-2.058,0.059,-1.211,0.093,-1.211,0.093
626992,-2,0,0.174,-1.307,0.175,-1.288,0.164,-2.024,0.064,-1.299,0.116,-1.299,0.116
627002,-2,0,0.174,-1.389,0.184,-1.35,0.186,-1.976,0.074,-1.384,0.123,-1.384,0.123
627012,-2,0,0.174,-1.412,0.185,-1.394,0.2,-1.929,0.068,-1.435,0.146,-1.435,0.146
627022,-2,0,0.174,-1.438,0.188,-1.425,0.174,-1.881,0.059,-1.481,0.145,-1.481,0.145
627032,-2,0,0.174,-1.438,0.188,-1.437,0.178,-1.822,0.046,-1.505,0.154,-1.505,0.154
627042,-2,0,0.174,-1.463,0.189,-1.469,0.196,-1.777,0.034,-1.528,0.149,-1.528,0.149
627052,-2,0,0.174,-1.473,0.185,-1.473,0.202,-1.745,0.026,-1.543,0.148,-1.543,0.148
627062,-2,0,0.174,-1.473,0.176,-1.464,0.177,-1.719,0.023,-1.547,0.147,-1.547,0.147
627072,-2,0,0.174,-1.465,0.17,-1.477,0.173,-1.7,0.005,-1.541,0.145,-1.541,0.145
627082,-2,0,0.174,-1.46,0.164,-1.471,0.159,-1.69,-0.006,-1.531,0.142,-1.531,0.142
627092,-2,0,0.174,-1.45,0.159,-1.459,0.158,-1.674,-0.01,-1.53,0.135,-1.53,0.135
627102,-2,0,0.174,-1.374,0.145,-1.417,0.163,-1.678,-0.015,-1.492,0.146,-1.492,0.146
627112,-2,0,0.174,-1.088,0.113,-1.169,0.132,-1.697,-0.036,-1.453,0.135,-1.453,0.135
627122,-2,0,0.174,-0.964,0.1,-1.001,0.105,-1.721,-0.047,-1.358,0.116,-1.358,0.116
627132,-2,0,0.174,-1.033,0.101,-1.001,0.098,-1.741,-0.041,-1.319,0.098,-1.319,0.098
627142,-2,0,0.174,-1.137,0.101,-1.093,0.104,-1.765,-0.034,-1.242,0.093,-1.242,0.093
627152,-2,0,0.174,-1.035,0.087,-1.084,0.095,-1.868,-0.07,-1.24,0.088,-1.24,0.088
627162,-2,0,0.174,-0.789,0.065,-0.866,0.075,-1.992,-0.082,-1.174,0.075,-1.174,0.075
627172,-2,0,0.174,-0.555,0.045,-0.623,0.05,-2.079,-0.078,-1.18,0.062,-1.18,0.062
627182,-2,0,0.174,-0.438,0.033,-0.447,0.035,-2.127,-0.039,-1.049,0.042,-1.049,0.042
627192,-2,0,0.174,-0.618,0.034,-0.55,0.043,-2.146,-0.027,-0.959,0.035,-0.959,0.035
627202,-2,0,0.174,-0.857,0.041,-0.763,0.043,-2.227,-0.011,-1.032,0.032,-1.032,0.032
627212,-2,0,0.174,-1.109,0.048,-1.009,0.035,-2.338,0.015,-1.066,0.033,-1.066,0.033
627222,-2,0,0.174,-1.036,0.04,-1.063,0.053,-2.488,0.011,-1.197,0.034,-1.197,0.034
627232,-2,0,0.174,-0.811,0.027,-0.879,0.039,-2.59,-0.033,-1.306,0.033,-1.306,0.033
627242,-2,0,0.174,-0.585,0.014,-0.653,0,-2.585,-0.02,-1.348,0.024,-1.348,0.024
627252,-2,0,0.174,-0.618,0.015,-0.613,0.022,-2.464,0.004,-1.135,0.016,-1.135,0.016
627262,-2,0,0.174,-0.869,0.022,-0.77,0.012,-2.381,0.016,-1.132,0.014,-1.132,0.014
627272,-2,0,0.174,-0.94,0.027,-0.919,0.029,-2.386,0.001,-1.179,0.017,-1.179,0.017
627282,-2,0,0.174,-0.784,0.024,-0.821,0.034,-2.418,0.021,-1.092,0.024,-1.092,0.024
627292,-2,0,0.174,-0.861,0.03,-0.821,0.026,-2.415,0.048,-1.147,0.027,-1.147,0.027
627302,-2,0,0.174,-1.094,0.038,-1.016,0.035,-2.405,0.039,-1.233,0.03,-1.233,0.03
627312,-2,0,0.174,-1.321,0.036,-1.245,0.032,-2.39,0.026,-1.301,0.028,-1.301,0.028
627322,-2,0,0.174,-1.503,0.029,-1.435,0.045,-2.374,0.028,-1.428,0.035,-1.428,0.035
627332,-2,0,0.174,-1.641,0.029,-1.588,0.03,-2.339,0,-1.545,0.034,-1.545,0.034
627342,-2,0,0.174,-1.719,0.03,-1.701,0.017,-2.283,-0.027,-1.662,0.024,-1.662,0.024
627352,-2,0,0.174,-1.786,0.027,-1.756,0.045,-2.205,-0.036,-1.749,0.021,-1.749,0.021
627362,-2,0,0.174,-1.816,0.029,-1.813,0.02,-2.118,-0.022,-1.807,0.019,-1.807,0.019
627372,-2,0,0.174,-1.838,0.029,-1.872,-0.011,-2.03,-0.009,-1.848,0.014,-1.848,0.014
627382,-2,0,0.174,-1.872,0.02,-1.854,0.038,-1.949,-0.001,-1.868,0.013,-1.868,0.013
627392,-2,0,0.174,-1.853,0.017,-1.854,0.03,-1.86,0.013,-1.868,0.022,-1.868,0.022
627402,-2,0,0.174,-1.767,0.021,-1.837,0.014,-1.764,0.039,-1.856,0.023,-1.856,0.023
627412,-2,0,0.174,-1.542,0.022,-1.64,0.012,-1.722,0.051,-1.815,0.016,-1.815,0.016
627422,-2,0,0.174,-1.539,0.027,-1.521,0.041,-1.714,0.058,-1.766,0.023,-1.766,0.023
627432,-2,0,0.174,-1.595,0.04,-1.562,0.031,-1.69,0.057,-1.714,0.029,-1.714,0.029
627442,-2,0,0.174,-1.631,0.043,-1.642,0.023,-1.682,0.049,-1.694,0.032,-1.694,0.032
627452,-2,0,0.174,-1.646,0.034,-1.655,0.053,-1.699,0.021,-1.688,0.033,-1.688,0.033
627462,-2,0,0.174,-1.656,0.032,-1.653,0.05,-1.733,0.006,-1.684,0.035,-1.684,0.035
627472,-2,0,0.174,-1.651,0.039,-1.662,0.029,-1.765,-0.007,-1.691,0.031,-1.691,0.031
627482,-2,0,0.174,-1.649,0.039,-1.641,0.022,-1.781,-0.008,-1.69,0.024,-1.69,0.024
627492,-2,0,0.174,-1.641,0.033,-1.663,0.051,-1.791,-0.021,-1.699,0.022,-1.699,0.022
627502,-2,0,0.174,-1.653,0.029,-1.662,0.039,-1.814,-0.015,-1.706,0.024,-1.706,0.024
627512,-2,0,0.174,-1.66,0.026,-1.641,0.025,-1.845,-0.011,-1.719,0.02,-1.719,0.02
627522,0,0,0.174,-1.632,0.023,-1.637,0.022,-1.868,-0.007,-1.704,0.017,-1.704,0.017
627532,0,0,0.174,-1.612,0.023,-1.616,0.035,-1.892,-0.014,-1.715,0.016,-1.715,0.016
627542,0,0,0.174,-1.597,0.025,-1.622,0.032,-1.896,-0.016,-1.718,0.016,-1.718,0.016
627552,0,0,0.174,-1.602,0.024,-1.605,0.014,-1.898,-0.018,-1.734,0.013,-1.734,0.013
627562,0,0,0.174,-1.619,0.019,-1.583,0.006,-1.866,-0.015,-1.72,0.01,-1.72,0.01
627572,0,0,0.174,-1.585,0.012,-1.601,0.018,-1.828,-0.027,-1.717,0.007,-1.717,0.007
627582,0,0,0.174,-1.308,0.007,-1.424,0.023,-1.802,-0.024,-1.677,0.006,-1.677,0.006
627592,0,0,0.174,-1.132,0.011,-1.193,0.007,-1.78,-0.027,-1.598,0.004,-1.598,0.004
627602,0,0,0.174,-1.186,0.016,-1.167,0.002,-1.764,-0.022,-1.529,0.001,-1.529,0.001
627612,0,0,0.174,-1.308,0.013,-1.247,0.033,-1.745,-0.019,-1.463,0,-1.463,0
627622,0,0,0.174,-1.396,0.011,-1.371,0.018,-1.732,-0.01,-1.445,0.002,-1.445,0.002
627632,0,0,0.174,-1.467,0.015,-1.454,0.006,-1.737,-0.014,-1.446,0.002,-1.446,0.002
627642,0,0,0.174,-1.455,0.013,-1.477,0.01,-1.741,-0.011,-1.464,0.003,-1.464,0.003
627652,0,0,0.174,-1.458,0.018,-1.461,0.02,-1.716,-0.011,-1.47,0.002,-1.47,0.002
627662,0,0,0.174,-1.501,0.024,-1.461,0.034,-1.668,0.001,-1.467,0.013,-1.467,0.013
627672,0,0,0.174,-1.53,0.029,-1.541,0.017,-1.596,0.016,-1.478,0.014,-1.478,0.014
627682,0,0,0.174,-1.523,0.027,-1.547,0.022,-1.509,0.026,-1.492,0.016,-1.492,0.016
627692,0,0,0.174,-1.508,0.029,-1.532,0.035,-1.399,0.024,-1.504,0.02,-1.504,0.02
627702,0,0,0.174,-1.461,0.033,-1.49,0.043,-1.274,0.045,-1.502,0.027,-1.502,0.027
627712,0,0,0.174,-1.434,0.037,-1.469,0.034,-1.181,0.095,-1.49,0.035,-1.49,0.035
627722,0,0,0.174,-1.426,0.037,-1.448,0.032,-1.125,0.122,-1.477,0.041,-1.477,0.041
627732,0,0,0.174,-1.35,0.03,-1.393,0.035,-1.05,0.117,-1.452,0.048,-1.452,0.048
627742,0,0,0.174,-1.215,0.019,-1.288,0.024,-0.918,0.116,-1.419,0.054,-1.419,0.054
627752,0,0,0.174,-0.99,0.011,-1.09,0.023,-0.721,0.115,-1.33,0.054,-1.33,0.054
627762,0,0,0.174,-0.719,0.007,-0.838,0.007,-0.481,0.127,-1.152,0.046,-1.152,0.046
627772,0,0,0.174,-0.497,0.004,-0.599,0.006,-0.291,0.102,-0.997,0.042,-0.997,0.042
627782,0,0,0.174,-0.483,0.004,-0.517,0.003,-0.226,0.03,-0.873,0.037,-0.873,0.037
627792,0,0,0.174,-0.541,0.007,-0.541,0.014,-0.336,-0.004,-0.761,0.029,-0.761,0.029
627802,0,0,0.174,-0.611,0.011,-0.604,0.012,-0.439,0.02,-0.661,0.021,-0.661,0.021
627812,0,0,0.174,-0.658,0.009,-0.672,-0.002,-0.472,0.037,-0.631,0.02,-0.631,0.02
627822,0,0,0.174,-0.665,0.002,-0.688,0.008,-0.469,0.028,-0.62,0.018,-0.62,0.018
627832,0,0,0.174,-0.655,0,-0.68,0.006,-0.389,0.037,-0.606,0.018,-0.606,0.018
627842,0,0,0.174,-0.61,0,-0.657,0.006,-0.274,0.049,-0.597,0.017,-0.597,0.017
627852,0,0.2,0.174,-0.479,0,-0.553,0.004,-0.156,0.027,-0.566,0.014,-0.566,0.014
627862,0,0.2,0.174,-0.367,0,-0.43,0.001,-0.115,-0.009,-0.508,0.01,-0.508,0.01
627872,0,0.2,0.174,-0.33,0,-0.36,0,-0.175,-0.009,-0.451,0.007,-0.451,0.007
627882,0,0.2,0.174,-0.322,0,-0.331,-0.004,-0.225,-0.006,-0.404,0.004,-0.404,0.004
627892,0,0.2,0.174,-0.318,0,-0.331,-0.001,-0.226,-0.01,-0.36,0.001,-0.36,0.001
627902,0,0.2,0.174,-0.298,0,-0.331,0.007,-0.193,-0.014,-0.338,0.001,-0.338,0.001
627912,0,0.2,0.174,-0.264,0,-0.302,0,-0.147,-0.006,-0.314,0.001,-0.314,0.001
627922,0,0.2,0.174,-0.227,0,-0.263,-0.004,-0.109,0.008,-0.285,-0.001,-0.285,-0.001
627932,0,0.2,0.174,-0.187,0,-0.223,0,-0.087,0.01,-0.262,-0.001,-0.262,-0.001
627942,0,0.2,0.174,-0.148,0,-0.174,0.003,-0.07,0.008,-0.233,0.001,-0.233,0.001
627952,0,0.2,0.174,-0.107,0,-0.128,-0.006,-0.042,0.007,-0.191,0.001,-0.191,0.001
627962,0,0.2,0.174,-0.064,0,-0.082,-0.004,-0.011,0.007,-0.121,-0.003,-0.121,-0.003
627972,0,0.2,0.174,-0.026,0,-0.042,0,0.015,0.006,-0.062,-0.001,-0.062,-0.001
627982,0,0.2,0.174,0.005,0,-0.007,-0.001,0.032,0.01,-0.046,0,-0.046,0
627992,0,0.2,0.174,0.026,0,0.023,-0.002,0.042,0.013,-0.021,0,-0.021,0
628002,0,0.2,0.174,0.039,0,0.038,-0.002,0.048,0.016,0.023,-0.001,0.023,-0.001
628012,0,0.2,0.174,0.046,0,0.045,-0.002,0.049,0.021,0.038,-0.001,0.038,-0.001
628022,0,0.2,0.174,0.046,0,0.05,-0.001,0.045,0.025,0.043,-0.001,0.043,-0.001
628032,0,0.2,0.174,0.044,0,0.05,0,0.039,0.029,0.048,0,0.048,0
628042,0,0.2,0.174,0.038,0,0.044,0.001,0.031,0.031,0.046,0.001,0.046,0.001
628052,0,0.2,0.174,0.032,0,0.037,0.002,0.023,0.032,0.041,0.002,0.041,0.002
628062,0,0.2,0.174,0.024,0,0.03,0.002,0.015,0.031,0.033,0.002,0.033,0.002
628072,0,0.2,0.174,0.016,0,0.021,0.002,0.007,0.028,0.025,0.002,0.025,0.002
628082,0,0.2,0.174,0.008,0,0.013,0.002,-0.001,0.024,0.017,0.002,0.017,0.002
628092,0,0.2,0.174,0,0,0.001,0,-0.007,0.021,0.009,0.002,0.009,0.002
628102,0,0.2,0.174,0,0,0,0,-0.013,0.02,0.002,0.001,0.002,0.001
628112,0,0.2,0.174,0,0,0,0,-0.017,0.02,0,0.001,0,0.001
628122,0,0.2,0.174,0,0,0,0,-0.02,0.02,0,0,0,0
628132,0,0.4,0.174,0,0,0,0,-0.023,0.022,0,0,0,0
628142,0,0.4,0.174,0,0,0,0,-0.024,0.024,-0.001,0,-0.001,0
628152,0,0.4,0.174,0,0,0,0,-0.026,0.028,-0.001,0.001,-0.001,0.001
628162,0,0.4,0.174,0,0,0.001,-0.001,-0.027,0.029,-0.001,0.001,-0.001,0.001
628172,0,0.4,0.174,0,0,0.001,0.001,-0.028,0.032,0,0.002,0,0.002
628182,0,0.4,0.174,0,0,0.002,0.002,-0.03,0.033,0,0.002,0,0.002
628192,0,0.4,0.174,0,0,0.002,0.002,-0.03,0.034,-0.001,0.002,-0.001,0.002
628202,0,0.4,0.174,0,0,-0.002,-0.001,-0.031,0.037,-0.001,0.001,-0.001,0.001
628212,0,0.4,0.174,0,0,-0.002,-0.001,-0.03,0.04,-0.001,0.001,-0.001,0.001
628222,0,0.4,0.174,0,0,0,0,-0.03,0.043,-0.002,0.001,-0.002,0.001
628232,0,0.4,0.174,0,0.01,-0.001,0.006,-0.029,0.047,-0.002,0.002,-0.002,0.002
628242,0,0.4,0.174,0,0.019,-0.001,0.014,-0.027,0.051,-0.002,0.008,-0.002,0.008
628252,0,0.4,0.174,0,0.026,0,0.022,-0.027,0.057,-0.001,0.016,-0.001,0.016
628262,0,0.4,0.174,0,0.032,0.001,0.029,-0.026,0.063,-0.001,0.023,-0.001,0.023
628272,0,0.4,0.174,0,0.037,0,0.033,-0.023,0.072,-0.001,0.03,-0.001,0.03
628284,0,0.4,0.174,0,0.042,0.002,0.038,-0.02,0.081,0,0.035,0,0.035
628292,0,0.4,0.174,0,0.048,0.001,0.044,-0.017,0.09,0,0.041,0,0.041
628302,0,0.4,0.174,0,0.054,0,0.05,-0.018,0.093,-0.001,0.046,-0.001,0.046
628312,0,0.4,0.174,-0.006,0.06,-0.003,0.056,-0.021,0.099,-0.001,0.052,-0.001,0.052
628322,0,0.4,0.174,-0.016,0.067,-0.009,0.061,-0.026,0.11,-0.005,0.058,-0.005,0.058
628332,0,0.4,0.174,-0.024,0.076,-0.019,0.068,-0.029,0.123,-0.014,0.065,-0.014,0.065
628342,0,0.6,0.174,-0.032,0.085,-0.027,0.078,-0.033,0.138,-0.024,0.074,-0.024,0.074
628352,0,0.6,0.174,-0.038,0.097,-0.034,0.088,-0.029,0.163,-0.03,0.082,-0.03,0.082
628362,0,0.6,0.174,-0.046,0.11,-0.044,0.101,-0.027,0.189,-0.035,0.092,-0.035,0.092
628372,0,0.6,0.174,-0.052,0.124,-0.048,0.114,-0.031,0.199,-0.04,0.103,-0.04,0.103
628383,0,0.6,0.174,-0.056,0.135,-0.05,0.131,-0.036,0.204,-0.044,0.117,-0.044,0.117
628392,0,0.6,0.174,-0.058,0.145,-0.059,0.143,-0.037,0.205,-0.049,0.129,-0.049,0.129
628402,0,0.6,0.174,-0.059,0.152,-0.061,0.15,-0.037,0.207,-0.057,0.142,-0.057,0.142
628412,0,0.6,0.174,-0.053,0.141,-0.056,0.145,-0.034,0.217,-0.057,0.147,-0.057,0.147
628422,0,0.6,0.174,-0.043,0.124,-0.044,0.127,-0.031,0.229,-0.05,0.138,-0.05,0.138
628432,0,0.6,0.174,-0.043,0.133,-0.042,0.128,-0.029,0.24,-0.046,0.132,-0.046,0.132
628442,0,0.6,0.174,-0.046,0.147,-0.045,0.138,-0.026,0.248,-0.044,0.133,-0.044,0.133
628452,0,0.6,0.174,-0.047,0.158,-0.048,0.151,-0.024,0.256,-0.044,0.139,-0.044,0.139
628462,0,0.6,0.174,-0.046,0.163,-0.052,0.165,-0.022,0.267,-0.047,0.151,-0.047,0.151
628472,0,0.6,0.174,-0.036,0.153,-0.037,0.154,-0.022,0.285,-0.045,0.157,-0.045,0.157
628482,0,0.6,0.174,-0.033,0.156,-0.032,0.146,-0.012,0.312,-0.037,0.156,-0.037,0.156
628492,0,0.6,0.174,-0.032,0.162,-0.034,0.154,-0.009,0.325,-0.034,0.159,-0.034,0.159
628502,0,0.6,0.174,-0.033,0.172,-0.032,0.168,-0.008,0.343,-0.032,0.17,-0.032,0.17
628512,0,0.6,0.174,-0.035,0.19,-0.033,0.179,-0.001,0.368,-0.03,0.18,-0.03,0.18
628522,0,0.6,0.174,-0.036,0.22,-0.043,0.205,-0.001,0.378,-0.034,0.196,-0.034,0.196
628532,0,0.6,0.174,-0.029,0.194,-0.035,0.203,0.002,0.406,-0.034,0.213,-0.034,0.213
628542,0,0.6,0.174,-0.022,0.182,-0.015,0.18,0.007,0.442,-0.027,0.218,-0.027,0.218
628552,0,0.6,0.174,-0.019,0.194,-0.013,0.182,0.007,0.471,-0.021,0.227,-0.021,0.227
628562,0,0.6,0.174,-0.02,0.219,-0.021,0.202,0.006,0.482,-0.018,0.242,-0.018,0.242
628572,0,0.6,0.174,-0.021,0.245,-0.033,0.234,0.018,0.501,-0.019,0.257,-0.019,0.257
628582,0,0.6,0.174,-0.022,0.258,-0.024,0.261,0.028,0.541,-0.017,0.281,-0.017,0.281
628592,0,0.6,0.174,-0.018,0.216,-0.011,0.231,0.026,0.585,-0.012,0.306,-0.012,0.306
628602,0,0.6,0.174,-0.015,0.215,-0.011,0.202,0.014,0.608,-0.009,0.324,-0.009,0.324
628612,0,0.6,0.174,-0.012,0.243,-0.022,0.225,0.001,0.604,-0.01,0.324,-0.01,0.324
628622,0,0.6,0.174,-0.013,0.277,-0.017,0.261,0.005,0.595,-0.013,0.323,-0.013,0.323
628632,0,0.6,0.174,-0.017,0.314,-0.016,0.297,0.004,0.59,-0.012,0.339,-0.012,0.339
628642,0,0.6,0.174,-0.021,0.344,-0.006,0.334,0.005,0.585,-0.01,0.353,-0.01,0.353
628652,0,0.6,0.174,-0.021,0.368,-0.018,0.362,0.014,0.589,-0.008,0.375,-0.008,0.375
628662,0,0.6,0.174,-0.018,0.388,-0.028,0.374,0.006,0.597,-0.012,0.393,-0.012,0.393
628672,0,0.6,0.174,-0.018,0.401,-0.022,0.399,0.004,0.603,-0.017,0.405,-0.017,0.405
628682,0,0.6,0.174,-0.021,0.412,-0.02,0.403,0.008,0.608,-0.016,0.422,-0.016,0.422
628692,0,0.6,0.174,-0.025,0.423,-0.021,0.413,0.004,0.604,-0.015,0.435,-0.015,0.435
628702,0,0.6,0.174,-0.027,0.427,-0.019,0.435,-0.005,0.596,-0.014,0.448,-0.014,0.448
628712,0,0.6,0.174,-0.026,0.43,-0.03,0.433,-0.011,0.589,-0.016,0.459,-0.016,0.459
628722,0,0.6,0.174,-0.025,0.432,-0.031,0.426,-0.01,0.574,-0.024,0.449,-0.024,0.449
628732,0,0.6,0.174,-0.025,0.429,-0.031,0.429,-0.014,0.569,-0.026,0.449,-0.026,0.449
628742,0,0.6,0.174,-0.024,0.429,-0.024,0.431,-0.017,0.56,-0.025,0.453,-0.025,0.453
628752,0,0.6,0.174,-0.024,0.427,-0.022,0.436,-0.009,0.547,-0.023,0.453,-0.023,0.453
628762,0,0.6,0.174,-0.025,0.427,-0.027,0.424,-0.009,0.552,-0.023,0.456,-0.023,0.456
628772,0,0.6,0.174,-0.025,0.429,-0.023,0.423,-0.002,0.557,-0.021,0.437,-0.021,0.437
628782,0,0.6,0.174,-0.024,0.428,-0.024,0.432,0.007,0.557,-0.021,0.441,-0.021,0.441
628792,0,0.6,0.174,-0.023,0.426,-0.021,0.432,0.008,0.552,-0.02,0.446,-0.02,0.446
628802,0,0.6,0.174,-0.021,0.425,-0.028,0.419,0.007,0.558,-0.021,0.442,-0.021,0.442
628812,0,0.6,0.174,-0.021,0.424,-0.016,0.431,0.001,0.561,-0.019,0.445,-0.019,0.445
628822,0,0.6,0.174,-0.022,0.428,-0.021,0.422,-0.001,0.571,-0.018,0.446,-0.018,0.446
628832,0,0.6,0.174,-0.021,0.432,-0.026,0.434,0.002,0.579,-0.017,0.451,-0.017,0.451
628842,0,0.6,0.174,-0.019,0.432,-0.023,0.43,0.007,0.581,-0.018,0.456,-0.018,0.456
628852,0,0.6,0.174,-0.019,0.434,-0.022,0.425,0.012,0.596,-0.018,0.455,-0.018,0.455
628862,0,0.6,0.174,-0.019,0.435,-0.019,0.438,0.011,0.596,-0.015,0.463,-0.015,0.463
628872,0,0.6,0.174,-0.019,0.435,-0.013,0.444,0.004,0.579,-0.013,0.458,-0.013,0.458
628882,0,0.6,0.174,-0.018,0.438,-0.019,0.44,0.007,0.588,-0.012,0.463,-0.012,0.463
628892,0,0.6,0.174,-0.018,0.444,-0.018,0.429,0.009,0.601,-0.015,0.459,-0.015,0.459
628902,0,0.6,0.174,-0.017,0.448,-0.017,0.457,0.02,0.598,-0.013,0.466,-0.013,0.466
628912,0,0.6,0.174,-0.017,0.456,-0.026,0.464,0.028,0.619,-0.011,0.478,-0.011,0.478
628922,0,0.6,0.174,-0.019,0.466,-0.018,0.441,0.023,0.613,-0.009,0.487,-0.009,0.487
628932,0,0.6,0.174,-0.021,0.467,-0.007,0.468,0.019,0.6,-0.006,0.495,-0.006,0.495
628942,0,0.6,0.174,-0.021,0.465,-0.012,0.472,0.021,0.601,-0.004,0.503,-0.004,0.503
628952,0,0.6,0.174,-0.02,0.46,-0.03,0.462,0.03,0.612,-0.005,0.507,-0.005,0.507
628962,0,0.6,0.174,-0.021,0.459,-0.031,0.453,0.02,0.616,-0.019,0.487,-0.019,0.487
628972,0,0.6,0.174,-0.024,0.461,-0.026,0.459,0.003,0.592,-0.018,0.492,-0.018,0.492
628982,0,0.6,0.174,-0.026,0.462,-0.011,0.465,-0.01,0.589,-0.016,0.489,-0.016,0.489
628992,0,0.6,0.174,-0.027,0.463,-0.025,0.467,-0.012,0.588,-0.015,0.492,-0.015,0.492
629002,0,0.6,0.174,-0.026,0.464,-0.036,0.458,-0.012,0.599,-0.02,0.493,-0.02,0.493
629012,0,0.6,0.174,-0.029,0.465,-0.032,0.463,-0.015,0.614,-0.024,0.493,-0.024,0.493
629022,0,0.6,0.174,-0.031,0.465,-0.023,0.466,-0.019,0.605,-0.024,0.494,-0.024,0.494
629032,0,0.6,0.174,-0.031,0.466,-0.031,0.461,-0.016,0.597,-0.024,0.49,-0.024,0.49
629042,0,0.6,0.174,-0.03,0.465,-0.034,0.465,-0.012,0.591,-0.026,0.49,-0.026,0.49
629052,0,0.6,0.174,-0.03,0.464,-0.03,0.47,-0.004,0.603,-0.025,0.49,-0.025,0.49
629062,0,0.6,0.174,-0.03,0.464,-0.033,0.47,0.002,0.621,-0.026,0.493,-0.026,0.493
629072,0,0.6,0.174,-0.029,0.467,-0.028,0.457,-0.003,0.636,-0.026,0.484,-0.026,0.484
629082,0,0.6,0.174,-0.027,0.472,-0.023,0.47,-0.009,0.618,-0.026,0.489,-0.026,0.489
629092,0,0.6,0.174,-0.026,0.473,-0.03,0.48,-0.001,0.609,-0.024,0.493,-0.024,0.493
629102,0,0.6,0.174,-0.024,0.472,-0.026,0.473,-0.004,0.628,-0.024,0.499,-0.024,0.499
629112,0,0.6,0.174,-0.022,0.475,-0.027,0.465,0.002,0.647,-0.023,0.501,-0.023,0.501
629122,0,0.6,0.174,-0.023,0.486,-0.018,0.479,-0.007,0.627,-0.021,0.507,-0.021,0.507
629132,0,0.6,0.174,-0.021,0.486,-0.017,0.496,-0.004,0.619,-0.019,0.513,-0.019,0.513
629142,0,0.6,0.174,-0.018,0.486,-0.023,0.49,0.004,0.619,-0.017,0.519,-0.017,0.519
629152,0,0.6,0.174,-0.015,0.49,-0.019,0.484,0.007,0.623,-0.018,0.505,-0.018,0.505
629162,0,0.6,0.174,-0.013,0.49,-0.011,0.489,0.01,0.626,-0.016,0.505,-0.016,0.505
629172,0,0.6,0.174,-0.013,0.489,-0.013,0.492,0.017,0.627,-0.012,0.507,-0.012,0.507
629182,0,0.6,0.174,-0.015,0.487,-0.013,0.489,0.015,0.623,-0.011,0.509,-0.011,0.509
629192,0,0.6,0.174,-0.016,0.486,-0.015,0.484,0.017,0.636,-0.011,0.501,-0.011,0.501
629202,0,0.6,0.174,-0.015,0.487,-0.014,0.486,0.013,0.638,-0.014,0.496,-0.014,0.496
629212,0,0.6,0.174,-0.014,0.485,-0.013,0.482,0.01,0.641,-0.012,0.499,-0.012,0.499
629222,0,0.6,0.174,-0.012,0.483,-0.013,0.492,0.011,0.635,-0.016,0.492,-0.016,0.492
629232,0,0.6,0.174,-0.013,0.483,-0.022,0.479,0.008,0.642,-0.015,0.498,-0.015,0.498
629242,0,0.6,0.174,-0.016,0.491,-0.008,0.486,0.008,0.645,-0.014,0.507,-0.014,0.507
629252,0,0.6,0.174,-0.018,0.491,-0.014,0.496,0.019,0.661,-0.01,0.512,-0.01,0.512
629262,0,0.6,0.174,-0.018,0.494,-0.018,0.478,0.026,0.674,-0.012,0.505,-0.012,0.505
629272,0,0.6,0.174,-0.017,0.498,-0.014,0.498,0.029,0.667,-0.01,0.514,-0.01,0.514
629282,0,0.6,0.174,-0.014,0.443,-0.013,0.467,0.027,0.645,-0.009,0.513,-0.009,0.513
629292,0,0.6,0.174,-0.015,0.408,-0.018,0.414,0.019,0.642,-0.011,0.491,-0.011,0.491
629302,0,0.6,0.174,-0.019,0.406,-0.018,0.402,0.012,0.651,-0.011,0.457,-0.011,0.457
629313,0,0.6,0.174,-0.021,0.412,-0.02,0.412,0.006,0.656,-0.011,0.453,-0.011,0.453
629323,0,0.6,0.174,-0.022,0.437,-0.027,0.428,0.009,0.673,-0.016,0.451,-0.016,0.451
629333,0,0.6,0.174,-0.025,0.482,-0.027,0.469,0.007,0.676,-0.018,0.464,-0.018,0.464
629343,0,0.6,0.174,-0.026,0.487,-0.034,0.479,-0.009,0.684,-0.02,0.481,-0.02,0.481
629353,0,0.6,0.174,-0.028,0.499,-0.02,0.493,-0.021,0.685,-0.02,0.496,-0.02,0.496
629363,0,0.6,0.174,-0.032,0.489,-0.03,0.502,-0.019,0.697,-0.021,0.513,-0.021,0.513
629373,0,0.6,0.174,-0.029,0.43,-0.03,0.449,-0.011,0.702,-0.022,0.526,-0.022,0.526
629383,0,0.6,0.174,-0.026,0.365,-0.026,0.377,-0.018,0.696,-0.027,0.478,-0.027,0.478
629393,0,0.6,0.174,-0.022,0.317,-0.029,0.342,-0.012,0.691,-0.027,0.461,-0.027,0.461
629403,0,0,0.174,-0.023,0.325,-0.025,0.319,-0.007,0.689,-0.025,0.454,-0.025,0.454
629413,0,0,0.174,-0.024,0.356,-0.018,0.337,-0.005,0.695,-0.022,0.437,-0.022,0.437
629423,0,0,0.174,-0.025,0.39,-0.019,0.383,-0.005,0.686,-0.019,0.443,-0.019,0.443
629433,0,0,0.174,-0.025,0.423,-0.029,0.415,0,0.695,-0.019,0.454,-0.019,0.454
629443,0,0,0.174,-0.024,0.459,-0.035,0.45,0.009,0.696,-0.021,0.466,-0.021,0.466
629453,0,0,0.174,-0.025,0.479,-0.019,0.465,0.011,0.698,-0.019,0.478,-0.019,0.478
629463,0,0,0.174,-0.026,0.49,-0.014,0.489,0.009,0.675,-0.016,0.484,-0.016,0.484
629473,0,0,0.174,-0.026,0.496,-0.023,0.507,0.007,0.647,-0.014,0.492,-0.014,0.492
629483,0,0,0.174,-0.026,0.519,-0.036,0.518,0.004,0.626,-0.018,0.502,-0.018,0.502
629493,0,0,0.174,-0.022,0.442,-0.026,0.464,-0.005,0.598,-0.021,0.504,-0.021,0.504
629503,0,0,0.174,-0.022,0.369,-0.015,0.401,-0.01,0.559,-0.019,0.484,-0.019,0.484
629513,0,0,0.174,-0.022,0.355,-0.018,0.374,-0.005,0.525,-0.019,0.43,-0.019,0.43
629523,0,0,0.174,-0.021,0.365,-0.026,0.367,-0.002,0.496,-0.019,0.416,-0.019,0.416
629533,0,0,0.174,-0.02,0.385,-0.024,0.38,-0.004,0.463,-0.02,0.398,-0.02,0.398
629543,0,0,0.174,-0.019,0.398,-0.014,0.406,-0.01,0.425,-0.019,0.399,-0.019,0.399
629553,0,0,0.174,-0.017,0.4,-0.012,0.412,-0.01,0.387,-0.015,0.406,-0.015,0.406
629563,0,0,0.174,-0.015,0.394,-0.014,0.405,-0.015,0.348,-0.014,0.403,-0.014,0.403
629573,0,0,0.174,-0.014,0.393,-0.013,0.404,-0.014,0.311,-0.015,0.397,-0.015,0.397
629583,0,0,0.174,-0.015,0.372,-0.015,0.395,-0.011,0.275,-0.015,0.393,-0.015,0.393
629593,0,0,0.174,-0.015,0.336,-0.016,0.357,-0.01,0.241,-0.015,0.377,-0.015,0.377
629603,0,0,0.174,-0.015,0.3,-0.018,0.328,-0.014,0.207,-0.016,0.354,-0.016,0.354
629613,0,0,0.174,-0.018,0.272,-0.016,0.297,-0.019,0.173,-0.016,0.327,-0.016,0.327
629623,0,0,0.174,-0.018,0.238,-0.016,0.261,-0.022,0.149,-0.016,0.294,-0.016,0.294
629633,0,0,0.174,-0.017,0.202,-0.016,0.223,-0.021,0.129,-0.016,0.251,-0.016,0.251
629643,0,0,0.174,-0.016,0.168,-0.017,0.192,-0.022,0.105,-0.017,0.225,-0.017,0.225
629653,0,0,0.174,-0.015,0.136,-0.017,0.157,-0.019,0.083,-0.017,0.182,-0.017,0.182
629663,0,0,0.174,-0.015,0.105,-0.015,0.124,-0.018,0.062,-0.017,0.155,-0.017,0.155
629673,0,0,0.174,-0.014,0.073,-0.016,0.09,-0.015,0.041,-0.016,0.116,-0.016,0.116
629683,0,0,0.174,-0.013,0.05,-0.017,0.062,-0.012,0.021,-0.016,0.091,-0.016,0.091
629693,0,0,0.174,-0.011,0.028,-0.013,0.036,-0.007,0.007,-0.015,0.067,-0.015,0.067
629703,0,0,0.174,-0.008,0.011,-0.01,0.015,-0.003,-0.002,-0.013,0.041,-0.013,0.041
629714,0,0,0.174,-0.005,0,-0.007,0.001,0.001,-0.007,-0.009,0.017,-0.009,0.017
629723,0,0,0.174,-0.001,0,0,-0.001,0.004,-0.009,-0.003,0.004,-0.003,0.004
629733,0,0,0.174,0,0,0,-0.001,0.006,-0.008,-0.001,0.001,-0.001,0.001
629743,0,0,0.174,0,0,0,0,0.007,-0.006,0,0,0,0
629753,0,0,0.174,0,0,0,0,0.007,-0.003,0,0,0,0
629763,0,0,0.174,0,0,0,0,0.005,0.001,0,0,0,0
629773,0,0,0.174,0,0,0,0,0.004,0.004,0,0,0,0
629783,0,0,0.174,0,0,0,0,0.002,0.005,0,0,0,0
629793,0,0,0.174,0,0,0,0,0,0.006,0,0,0,0
629803,0,0,0.174,0,0,0,0,-0.001,0.006,0,0,0,0
629813,0,0,0.174,0,0,0,0,-0.001,0.005,0,0,0,0
629823,0,0,0.174,0,0,0,0,-0.001,0.004,0,0,0,0
629833,0,0,0.174,0,0,0,0,-0.001,0.004,0,0,0,0
629843,0,0,0.174,0,0,0,0,0,0.003,0,0,0,0
629853,0,0,0.174,0,0,0,0,0,0.003,0,0,0,0
629863,0,0,0.174,0,0,0,0,0.001,0.002,0,0,0,0
629873,0,0,0.174,0,0,0,0,0.001,0.003,0,0,0,0
629883,0,0,0.174,0,0,0,0,0.001,0.003,0,0,0,0
629893,0,0,0.174,0,0,0,0,0.001,0.003,0,0,0,0
629903,0,0,0.174,0,0,0,0,0,0.004,0,0,0,0
629915,0,0,0.174,0,0,0,0,0,0.004,0,0,0,0
629923,0,0,0.174,0,0,0,0,0,0.004,0,0,0,0
629933,0,0,0.174,0,0,0,0,0,0.004,0,0,0,0
629943,-2,0,0.174,0,0,0,0,0,0.004,0,0,0,0
629953,-2,0,0.174,0,0,0,0,-0.001,0.004,0,0,0,0
629963,-2,0,0.174,0,0,0,0,-0.001,0.004,0,0,0,0
629973,-2,0,0.174,0,0,0,0,-0.001,0.004,0,0,0,0
629983,-2,0,0.174,0,0,0,0,-0.001,0.004,0,0,0,0
629993,-2,0,0.174,0,0,0,0,-0.001,0.004,0,0,0,0
630003,-2,0,0.174,0,0,0,0,-0.002,0.004,0,0,0,0
630013,-2,0,0.174,0,0,0,0,-0.004,0.004,0,0,0,0
630023,-2,0,0.174,0,0,0,0,-0.007,0.005,0,0,0,0
630033,-2,0,0.174,0,0,0,0,-0.011,0.007,0,0,0,0
630043,-2,0,0.174,0,0,0.001,0,-0.017,0.01,0,0,0,0
630053,-2,0,0.174,0,0,0.002,0,-0.025,0.012,0.001,0,0.001,0
630063,-2,0,0.174,0,0,0.004,-0.001,-0.035,0.015,0.002,0,0.002,0
630073,-2,0,0.174,-0.009,0,0,-0.001,-0.048,0.019,0.002,0.001,0.002,0.001
630083,-2,0,0.174,-0.027,0,-0.015,-0.001,-0.068,0.022,-0.002,0.001,-0.002,0.001
630093,-2,0,0.174,-0.048,0.01,-0.032,0.006,-0.094,0.024,-0.011,0.003,-0.011,0.003
630103,-2,0,0.174,-0.071,0.02,-0.053,0.015,-0.126,0.026,-0.024,0.007,-0.024,0.007
630113,-2,0,0.174,-0.096,0.028,-0.077,0.02,-0.17,0.024,-0.038,0.012,-0.038,0.012
630123,-2,0,0.174,-0.122,0.034,-0.097,0.025,-0.239,0.016,-0.056,0.015,-0.056,0.015
630133,-2,0,0.174,-0.148,0.039,-0.123,0.032,-0.32,-0.002,-0.083,0.02,-0.083,0.02
630143,-2,0,0.174,-0.171,0.043,-0.153,0.034,-0.386,-0.02,-0.107,0.022,-0.107,0.022
630153,-4,0,0.174,-0.151,0.036,-0.138,0.047,-0.483,0.001,-0.127,0.029,-0.127,0.029
630163,-4,0,0.174,-0.15,0.033,-0.139,0.033,-0.646,0.108,-0.136,0.036,-0.136,0.036
630173,-4,0,0.174,-0.121,0.026,-0.103,0.032,-0.87,0.22,-0.14,0.046,-0.14,0.046
630183,-4,0,0.174,-0.083,0.02,-0.085,0.023,-1.098,0.231,-0.147,0.06,-0.147,0.06
630193,-4,0,0.174,-0.106,0.024,-0.078,0.005,-1.106,0.213,-0.141,0.067,-0.141,0.067
630203,-4,0,0.174,-0.183,0.039,-0.125,0.033,-0.918,0.142,-0.16,0.075,-0.16,0.075
630213,-4,0,0.174,-0.263,0.055,-0.272,0.076,-0.805,0.102,-0.2,0.078,-0.2,0.078
630223,-4,0,0.174,-0.344,0.071,-0.324,0.052,-0.751,0.09,-0.242,0.078,-0.242,0.078
630233,-4,0,0.174,-0.412,0.076,-0.369,0.062,-0.712,0.096,-0.281,0.077,-0.281,0.077
630243,-4,0,0.174,-0.452,0.074,-0.43,0.086,-0.684,0.083,-0.331,0.079,-0.331,0.079
630253,-4,0,0.174,-0.396,0.062,-0.415,0.075,-0.679,0.069,-0.367,0.078,-0.367,0.078
630263,-4,0,0.174,-0.334,0.055,-0.353,0.057,-0.669,0.071,-0.376,0.073,-0.376,0.073
630273,-4,0,0.174,-0.347,0.061,-0.346,0.056,-0.648,0.073,-0.356,0.062,-0.356,0.062
630283,-4,0,0.174,-0.398,0.065,-0.376,0.069,-0.644,0.069,-0.361,0.063,-0.361,0.063
630293,-4,0,0.174,-0.454,0.067,-0.44,0.066,-0.68,0.05,-0.377,0.064,-0.377,0.064
630304,-4,0,0.174,-0.491,0.068,-0.478,0.069,-0.728,0.038,-0.396,0.063,-0.396,0.063
630313,-4,0,0.174,-0.544,0.073,-0.504,0.067,-0.749,0.033,-0.433,0.063,-0.433,0.063
630323,-4,0,0.174,-0.556,0.072,-0.541,0.058,-0.758,0.024,-0.451,0.06,-0.451,0.06
630333,-4,0,0.174,-0.563,0.066,-0.571,0.073,-0.798,0.031,-0.476,0.057,-0.476,0.057
630343,-4,0,0.174,-0.558,0.061,-0.558,0.078,-0.88,0.034,-0.51,0.059,-0.51,0.059
630353,-4,0,0.174,-0.566,0.064,-0.545,0.062,-0.928,0.069,-0.526,0.06,-0.526,0.06
630363,-6,0,0.174,-0.598,0.071,-0.57,0.047,-0.991,0.07,-0.548,0.059,-0.548,0.059
630373,-6,0,0.174,-0.635,0.071,-0.619,0.07,-1.078,0.006,-0.57,0.058,-0.57,0.058
630383,-6,0,0.174,-0.622,0.063,-0.617,0.076,-1.184,-0.019,-0.594,0.057,-0.594,0.057
630393,-6,0,0.174,-0.652,0.062,-0.615,0.068,-1.257,0.01,-0.609,0.057,-0.609,0.057
630403,-6,0,0.174,-0.696,0.066,-0.673,0.06,-1.185,0.048,-0.625,0.057,-0.625,0.057
630413,-6,0,0.174,-0.745,0.072,-0.736,0.062,-1.109,0.058,-0.65,0.057,-0.65,0.057
630423,-6,0,0.174,-0.79,0.071,-0.79,0.072,-1.076,0.057,-0.698,0.059,-0.698,0.059
630433,-6,0,0.174,-0.831,0.067,-0.819,0.085,-1.074,0.032,-0.731,0.059,-0.731,0.059
630443,-6,0,0.174,-0.881,0.074,-0.836,0.066,-1.071,0.024,-0.763,0.059,-0.763,0.059
630453,-6,0,0.174,-0.879,0.075,-0.879,0.069,-1.037,0.027,-0.791,0.055,-0.791,0.055
630463,-6,0,0.174,-0.885,0.069,-0.9,0.081,-1.015,0.016,-0.839,0.059,-0.839,0.059
630473,-6,0,0.174,-0.901,0.068,-0.905,0.064,-1.011,0.014,-0.851,0.056,-0.851,0.056
630483,-6,0,0.174,-0.904,0.064,-0.893,0.07,-1.01,0.019,-0.863,0.053,-0.863,0.053
630493,-6,0,0.174,-0.907,0.062,-0.883,0.058,-1.007,0.009,-0.875,0.054,-0.875,0.054
630503,-6,0,0.174,-0.923,0.06,-0.909,0.059,-1.012,-0.003,-0.88,0.049,-0.88,0.049
630513,-6,0,0.174,-0.905,0.058,-0.94,0.062,-1.026,-0.002,-0.895,0.046,-0.895,0.046
630523,-6,0,0.174,-0.911,0.054,-0.917,0.053,-1.054,-0.003,-0.906,0.042,-0.906,0.042
630533,-6,0,0.174,-0.947,0.052,-0.95,0.064,-1.098,-0.003,-0.913,0.037,-0.913,0.037
630543,-6,0,0.174,-0.969,0.05,-0.944,0.044,-1.158,0.001,-0.922,0.033,-0.922,0.033
630553,-6,0,0.174,-0.985,0.046,-0.952,0.035,-1.266,-0.011,-0.935,0.028,-0.935,0.028
630563,-8,0,0.174,-0.846,0.035,-0.882,0.05,-1.44,-0.058,-0.947,0.021,-0.947,0.021
630573,-8,0,0.174,-0.63,0.025,-0.681,0.042,-1.638,-0.13,-0.867,0.022,-0.867,0.022
630583,-8,0,0.174,-0.437,0.017,-0.478,0.016,-1.83,-0.102,-0.823,0.009,-0.823,0.009
630593,-8,0,0.174,-0.359,0.02,-0.349,0.018,-1.925,-0.022,-0.783,0.003,-0.783,0.003
630603,-8,0,0.174,-0.465,0.032,-0.417,0.018,-1.789,-0.001,-0.781,0.003,-0.781,0.003
630613,-8,0,0.174,-0.579,0.042,-0.618,0.044,-1.611,0.012,-0.772,0.01,-0.772,0.01
630623,-8,0,0.174,-0.524,0.037,-0.517,0.023,-1.486,0.022,-0.745,0.018,-0.745,0.018
630633,-8,0,0.174,-0.566,0.025,-0.546,0.028,-1.459,0.025,-0.732,0.019,-0.732,0.019
630643,-8,0,0.174,-0.508,0.015,-0.534,0.02,-1.592,0.02,-0.709,0.021,-0.709,0.021
630653,-8,0,0.174,-0.385,0.009,-0.433,0.013,-1.786,0.006,-0.639,0.018,-0.639,0.018
630663,-8,0,0.174,-0.325,0.014,-0.296,0.028,-1.865,-0.021,-0.594,0.015,-0.594,0.015
630673,-8,0,0.174,-0.483,0.033,-0.393,0.018,-1.768,-0.01,-0.566,0.013,-0.566,0.013
630683,-8,0,0.174,-0.689,0.047,-0.638,0.026,-1.662,0.014,-0.591,0.017,-0.591,0.017
630693,-8,0,0.174,-0.873,0.048,-0.817,0.057,-1.684,0.009,-0.626,0.019,-0.626,0.019
630703,-8,0,0.174,-0.992,0.05,-0.936,0.038,-1.835,-0.024,-0.679,0.018,-0.679,0.018
630713,-8,0,0.174,-1.068,0.05,-1.023,0.044,-2,-0.008,-0.757,0.016,-0.757,0.016
630723,-8,0,0.174,-1.118,0.051,-1.079,0.061,-2.158,0.01,-0.883,0.028,-0.883,0.028
630733,-8,0,0.174,-0.952,0.044,-0.99,0.046,-2.291,0.021,-0.945,0.03,-0.945,0.03
630743,-8,0,0.174,-0.848,0.052,-0.869,0.045,-2.333,0.045,-0.976,0.032,-0.976,0.032
630753,-8,0,0.174,-0.911,0.064,-0.872,0.038,-2.294,0.077,-0.994,0.038,-0.994,0.038
630763,-8,0,0.174,-1.047,0.068,-1.015,0.089,-2.153,0.075,-1.006,0.058,-1.006,0.058
630773,-8,0,0.174,-1.18,0.069,-1.113,0.056,-2.071,0.059,-1.041,0.06,-1.041,0.06
630783,-8,0,0.174,-1.3,0.065,-1.252,0.072,-2.128,0.055,-1.086,0.06,-1.086,0.06
630793,-8,0,0.174,-1.358,0.062,-1.325,0.067,-2.284,0.014,-1.148,0.058,-1.148,0.058
630803,-8,0,0.174,-1.435,0.066,-1.386,0.069,-2.482,-0.028,-1.232,0.05,-1.232,0.05
630813,-8,0,0.174,-1.468,0.073,-1.442,0.068,-2.676,-0.071,-1.376,0.05,-1.376,0.05
630823,-8,0,0.174,-1.491,0.077,-1.426,0.062,-2.797,-0.073,-1.417,0.045,-1.417,0.045
630833,-8,0,0.174,-1.533,0.078,-1.513,0.088,-2.788,-0.101,-1.448,0.034,-1.448,0.034
630843,-8,0,0.174,-1.57,0.078,-1.547,0.076,-2.78,-0.082,-1.488,0.021,-1.488,0.021
630853,-8,0,0.174,-1.625,0.082,-1.628,0.072,-2.733,-0.044,-1.541,0.022,-1.541,0.022
630863,-8,0,0.174,-1.708,0.085,-1.666,0.094,-2.681,-0.018,-1.591,0.022,-1.591,0.022
630873,-8,0,0.174,-1.779,0.086,-1.728,0.07,-2.727,-0.012,-1.642,0.023,-1.642,0.023
630883,-8,0,0.174,-1.824,0.081,-1.787,0.075,-2.945,0.016,-1.704,0.028,-1.704,0.028
630893,-8,0,0.174,-1.776,0.072,-1.788,0.083,-3.243,-0.012,-1.77,0.031,-1.77,0.031
630903,-8,0,0.174,-1.416,0.054,-1.522,0.066,-3.49,-0.019,-1.783,0.033,-1.783,0.033
630913,-8,0,0.174,-1.018,0.038,-1.107,0.025,-3.617,0.033,-1.671,0.035,-1.671,0.035
630923,-8,0,0.174,-0.694,0.025,-0.783,0.032,-3.67,0.07,-1.621,0.038,-1.621,0.038
630933,-8,0,0.174,-0.459,0.018,-0.523,0.024,-3.758,0.019,-1.543,0.037,-1.543,0.037
630943,-8,0,0.174,-0.294,0.009,-0.334,0.018,-3.852,-0.04,-1.452,0.028,-1.452,0.028
630953,-8,0,0.174,-0.364,0.019,-0.311,0.005,-3.84,-0.023,-1.321,0.016,-1.321,0.016
630963,-8,0,0.174,-0.781,0.044,-0.638,0.033,-3.715,-0.005,-0.951,0.017,-0.951,0.017
630973,-8,0,0.174,-1.228,0.065,-1.077,0.06,-3.729,0.008,-0.998,0.019,-0.998,0.019
630983,-8,0,0.174,-1.612,0.084,-1.432,0.07,-3.924,0.031,-1.113,0.025,-1.113,0.025
630993,-8,0,0.174,-1.883,0.091,-1.787,0.098,-4.19,0.057,-1.315,0.038,-1.315,0.038
631003,-8,0,0.174,-1.947,0.087,-1.932,0.091,-4.525,0.073,-1.564,0.054,-1.564,0.054
631013,-8,0,0.174,-1.593,0.069,-1.695,0.086,-4.839,0.026,-1.734,0.065,-1.734,0.065
631023,-8,0,0.174,-1.16,0.05,-1.263,0.043,-5.061,0.021,-1.769,0.059,-1.769,0.059
631033,-8,0,0.174,-0.788,0.027,-0.896,0.031,-5.182,0.036,-1.792,0.054,-1.792,0.054
631043,-8,0,0.174,-0.478,-0.034,-0.589,0.005,-5.268,0.015,-1.775,0.048,-1.775,0.048
631053,-8,0,0.174,-0.573,-0.082,-0.503,-0.073,-5.078,-0.024,-1.297,0.01,-1.297,0.01
631063,-8,0,0.174,-1.066,-0.049,-0.889,-0.055,-4.777,0.011,-1.264,-0.004,-1.264,-0.004
631073,-8,0,0.174,-1.545,-0.002,-1.359,-0.018,-4.668,0.03,-1.321,-0.005,-1.321,-0.005
631083,-8,0,0.174,-1.939,0.04,-1.783,0.025,-4.768,0.059,-1.466,0.003,-1.466,0.003
631093,-8,0,0.174,-2.222,0.071,-2.1,0.049,-4.939,0.052,-1.695,0.017,-1.695,0.017
631103,-8,0,0.174,-2.417,0.094,-2.339,0.098,-5.11,0.022,-1.943,0.035,-1.943,0.035
631113,-8,0,0.174,-2.549,0.116,-2.474,0.102,-5.224,-0.016,-2.103,0.039,-2.103,0.039
631123,-8,0,0.174,-2.663,0.13,-2.622,0.118,-5.247,-0.026,-2.261,0.04,-2.261,0.04
631133,-8,0,0.174,-2.795,0.135,-2.765,0.14,-5.154,-0.045,-2.479,0.054,-2.479,0.054
631143,-8,0,0.174,-2.901,0.136,-2.838,0.133,-5.063,-0.039,-2.614,0.051,-2.614,0.051
631153,-8,0,0.174,-2.985,0.133,-2.933,0.132,-5.04,-0.047,-2.77,0.058,-2.77,0.058
631163,-8,0,0.174,-3.029,0.128,-3.003,0.128,-5.142,-0.037,-2.925,0.081,-2.925,0.081
631173,-8,0,0.174,-3.068,0.119,-3.034,0.126,-5.273,-0.04,-3.004,0.076,-3.004,0.076
631183,-8,0,0.174,-3.12,0.115,-3.082,0.123,-5.379,-0.069,-3.089,0.068,-3.089,0.068
631193,-8,0,0.174,-3.146,0.114,-3.138,0.111,-5.452,-0.095,-3.184,0.054,-3.184,0.054
631203,-8,0,0.174,-3.176,0.101,-3.185,0.099,-5.423,-0.041,-3.252,0.056,-3.252,0.056
631213,-8,0,0.174,-3.218,0.074,-3.203,0.085,-5.309,0.035,-3.328,0.054,-3.328,0.054
631223,-8,0,0.174,-3.284,0.052,-3.222,0.053,-5.263,0.068,-3.394,0.057,-3.394,0.057
631233,-8,0,0.174,-3.329,0.033,-3.292,0.045,-5.288,0.052,-3.388,0.054,-3.388,0.054
631243,-8,0,0.174,-3.327,0.011,-3.316,0.019,-5.417,0.041,-3.439,0.049,-3.439,0.049
631253,-8,0,0.174,-3.32,-0.008,-3.31,-0.012,-5.577,0.002,-3.481,0.036,-3.481,0.036
631263,-8,0,0.174,-3.338,-0.027,-3.342,-0.009,-5.573,-0.015,-3.52,0.019,-3.52,0.019
631273,-8,0,0.174,-3.389,-0.055,-3.351,-0.06,-5.42,-0.018,-3.505,-0.005,-3.505,-0.005
631283,-8,0,0.174,-3.421,-0.083,-3.413,-0.069,-5.359,0.002,-3.5,-0.028,-3.5,-0.028
631293,-8,0,0.174,-3.438,-0.096,-3.425,-0.091,-5.449,-0.012,-3.53,-0.039,-3.53,-0.039
631303,-8,0,0.174,-3.46,-0.107,-3.419,-0.11,-5.588,-0.031,-3.567,-0.053,-3.567,-0.053
631313,0,0,0.174,-3.515,-0.125,-3.494,-0.128,-5.611,-0.069,-3.632,-0.063,-3.632,-0.063
631323,0,0,0.174,-3.558,-0.148,-3.55,-0.145,-5.566,-0.092,-3.765,-0.089,-3.765,-0.089
631333,0,0,0.174,-3.603,-0.176,-3.589,-0.166,-5.507,-0.099,-4.164,-0.1,-4.164,-0.1
631343,0,0,0.174,-3.61,-0.2,-3.6,-0.193,-5.502,-0.101,-4.462,-0.113,-4.462,-0.113
631353,0,0,0.174,-3.616,-0.212,-3.6,-0.219,-5.394,-0.192,-4.482,-0.146,-4.482,-0.146
631363,0,0,0.174,-3.606,-0.233,-3.614,-0.23,-5.244,-0.313,-4.517,-0.172,-4.517,-0.172
631373,0,0,0.174,-3.646,-0.253,-3.639,-0.24,-5.074,-0.354,-4.356,-0.208,-4.356,-0.208
631383,0,0,0.174,-3.667,-0.259,-3.661,-0.258,-4.915,-0.338,-4.299,-0.231,-4.299,-0.231
631393,0,0,0.174,-3.652,-0.244,-3.654,-0.252,-4.859,-0.331,-4.097,-0.249,-4.097,-0.249
631403,0,0,0.174,-3.632,-0.205,-3.632,-0.216,-4.882,-0.288,-3.941,-0.25,-3.941,-0.25
631413,0,0,0.174,-3.643,-0.156,-3.639,-0.188,-4.913,-0.211,-3.911,-0.239,-3.911,-0.239
631423,0,0,0.174,-3.655,-0.091,-3.666,-0.108,-4.877,-0.047,-3.89,-0.206,-3.89,-0.206
631433,0,0,0.174,-3.666,-0.016,-3.66,-0.04,-4.826,0.15,-3.894,-0.156,-3.894,-0.156
631443,0,0,0.174,-3.663,0.063,-3.647,0.026,-4.802,0.426,-3.856,-0.068,-3.856,-0.068
631453,0,0,0.174,-3.659,0.138,-3.645,0.114,-4.779,0.655,-3.833,0.029,-3.833,0.029
631463,0,0,0.174,-3.653,0.212,-3.648,0.197,-4.762,0.765,-3.838,0.127,-3.838,0.127
631473,0,0,0.174,-3.652,0.283,-3.665,0.258,-4.691,0.734,-3.841,0.217,-3.841,0.217
631483,0,0,0.174,-3.695,0.338,-3.679,0.311,-4.574,0.598,-3.83,0.284,-3.83,0.284
631493,0,0,0.174,-3.74,0.373,-3.744,0.362,-4.347,0.394,-3.813,0.314,-3.813,0.314
631503,0,0,0.174,-3.742,0.373,-3.76,0.383,-4.046,0.196,-3.813,0.325,-3.813,0.325
631513,0,0,0.174,-3.718,0.354,-3.732,0.369,-3.748,0.004,-3.802,0.306,-3.802,0.306
631523,0,0,0.174,-3.682,0.342,-3.711,0.345,-3.519,-0.14,-3.776,0.27,-3.776,0.27
631533,0,0,0.174,-3.655,0.318,-3.674,0.313,-3.355,-0.236,-3.737,0.235,-3.737,0.235
631543,0,0,0.174,-3.633,0.282,-3.671,0.314,-3.181,-0.309,-3.705,0.185,-3.705,0.185
631553,0,0,0.174,-3.598,0.236,-3.633,0.249,-2.955,-0.294,-3.665,0.151,-3.665,0.151
631563,0,0,0.174,-3.551,0.198,-3.568,0.211,-2.624,-0.268,-3.615,0.12,-3.615,0.12
631573,0,0,0.174,-3.401,0.163,-3.504,0.19,-2.2,-0.345,-3.548,0.123,-3.548,0.123
631583,0,0,0.174,-2.719,0.122,-2.989,0.142,-1.852,-0.416,-3.439,0.091,-3.439,0.091
631593,0,0,0.174,-1.954,0.08,-2.237,0.102,-1.768,-0.324,-3.276,0.047,-3.276,0.047
631603,0,0,0.174,-1.258,-0.008,-1.502,-0.008,-1.89,-0.181,-2.888,0.016,-2.888,0.016
631613,0,0,0.174,-0.772,0.032,-0.953,0.015,-2.058,-0.09,-2.551,-0.003,-2.551,-0.003
631623,0,0,0.174,-0.456,0.036,-0.576,0.056,-2.188,-0.04,-2.178,-0.001,-2.178,-0.001
631633,0,0,0.174,-0.264,0.02,-0.351,0.02,-2.227,-0.059,-1.178,0.01,-1.178,0.01
631643,0,0,0.174,-0.153,0.005,-0.206,0.013,-2.242,-0.091,-0.849,0.006,-0.849,0.006
631653,0,0,0.174,-0.09,-0.001,-0.141,0.017,-2.499,-0.155,-0.799,-0.007,-0.799,-0.007
631663,0,0,0.174,-0.292,0.008,-0.11,-0.01,-3.001,-0.162,-0.784,-0.025,-0.784,-0.025
631673,0,0,0.174,-0.902,0.023,-0.696,0.014,-3.522,-0.126,-0.754,-0.038,-0.754,-0.038
631683,0,0,0.174,-1.448,0.036,-1.276,0.03,-4.115,-0.091,-0.889,-0.034,-0.889,-0.034
631693,0,0,0.174,-1.866,0.053,-1.735,0.051,-4.715,-0.111,-1.175,-0.019,-1.175,-0.019
631703,0,0,0.174,-2.198,0.092,-2.059,0.092,-5.167,-0.162,-1.385,-0.023,-1.385,-0.023
631713,0,0,0.174,-2.546,0.145,-2.386,0.112,-5.234,-0.163,-1.669,-0.022,-1.669,-0.022
631723,0,0,0.174,-2.831,0.177,-2.742,0.169,-4.916,-0.088,-1.898,-0.024,-1.898,-0.024
631733,0,0,0.174,-2.986,0.181,-2.997,0.194,-4.363,-0.093,-2.18,-0.011,-2.18,-0.011
631743,0,0,0.174,-3.065,0.164,-3.047,0.161,-3.591,-0.192,-2.514,0.009,-2.514,0.009
631753,0,0,0.174,-2.984,0.131,-3.05,0.126,-2.554,-0.086,-2.622,0.004,-2.622,0.004
631763,0,0,0.174,-2.409,0.095,-2.654,0.106,-1.512,0.243,-2.568,0.032,-2.568,0.032
631773,0,0,0.174,-1.743,0.065,-1.999,0.088,-0.595,0.543,-2.263,0.097,-2.263,0.097
631783,0,0,0.174,-1.192,0.043,-1.392,0.055,0.164,0.824,-1.783,0.159,-1.783,0.159
631793,0,0,0.174,-0.788,0.028,-0.963,0.014,0.729,1.213,-1.34,0.241,-1.34,0.241
631803,0,0,0.174,-0.511,0.018,-0.605,0.015,1.073,1.749,-0.944,0.373,-0.944,0.373
631813,0,0,0.174,-0.326,0.011,-0.408,0.014,1.268,1.989,-0.593,0.549,-0.593,0.549
631823,0,0,0.174,-0.206,0.007,-0.285,0.021,1.29,1.77,-0.298,0.706,-0.298,0.706
631833,0,0,0.174,-0.143,-0.002,-0.189,0.032,1.013,1.25,-0.074,0.805,-0.074,0.805
631843,0,0,0.174,-0.48,-0.039,-0.264,-0.029,0.198,0.319,0.016,0.74,0.016,0.74
631853,0,0,0.174,-0.983,-0.097,-0.815,-0.109,-0.783,-0.711,-0.101,0.488,-0.101,0.488
631863,0,0,0.174,-1.391,-0.14,-1.25,-0.131,-1.621,-1.584,-0.384,0.153,-0.384,0.153
631873,0,0,0.174,-1.464,-0.152,-1.479,-0.149,-2.318,-2.234,-0.755,-0.205,-0.755,-0.205
631883,0,0,0.174,-1.479,-0.16,-1.498,-0.094,-2.805,-2.465,-1.167,-0.533,-1.167,-0.533
631893,0,0,0.174,-1.674,-0.185,-1.627,-0.173,-2.889,-1.964,-1.511,-0.744,-1.511,-0.744
631903,0,0,0.174,-1.909,-0.2,-1.82,-0.271,-2.659,-1.108,-1.759,-0.78,-1.759,-0.78
631913,0,0,0.174,-2.048,-0.195,-2.038,-0.182,-2.262,-0.519,-1.899,-0.709,-1.899,-0.709
631923,0,0,0.174,-2.122,-0.164,-2.12,-0.177,-1.581,-0.118,-1.905,-0.593,-1.905,-0.593
631933,0,0,0.174,-2.024,-0.12,-2.101,-0.154,-0.703,0.254,-1.764,-0.44,-1.764,-0.44
631943,0,0,0.174,-1.589,-0.082,-1.76,-0.111,0.26,0.643,-1.523,-0.252,-1.523,-0.252
631953,0,0,0.174,-1.135,-0.054,-1.296,-0.07,1.212,0.966,-1.155,-0.081,-1.155,-0.081
631963,0,0,0.174,-0.77,-0.035,-0.956,-0.026,1.919,0.928,-0.837,0.031,-0.837,0.031
631973,0,0,0.174,-0.507,-0.022,-0.619,-0.033,2.166,0.435,-0.504,0.085,-0.504,0.085
631983,0,0,0.174,-0.327,-0.014,-0.419,-0.008,2.008,-0.291,-0.182,0.063,-0.182,0.063
631993,0,0,0.174,-0.235,0.008,-0.29,-0.024,1.564,-1.006,0.075,-0.052,0.075,-0.052
632003,0,0,0.174,-0.525,0.085,-0.332,0.067,1.065,-1.222,0.237,-0.227,0.237,-0.227
632013,0,0,0.174,-0.935,0.145,-0.795,0.148,0.135,-0.557,0.203,-0.288,0.203,-0.288
632023,0,0,0.174,-1.13,0.158,-1.094,0.141,-0.768,0.199,0.01,-0.22,0.01,-0.22
632033,0,0,0.174,-0.956,0.128,-1.073,0.121,-1.313,0.776,-0.271,-0.064,-0.271,-0.064
632043,0,0,0.174,-0.709,0.096,-0.811,0.116,-1.635,1.315,-0.555,0.135,-0.555,0.135
632053,0,0,0.174,-0.491,0.067,-0.569,0.08,-1.726,1.619,-0.76,0.354,-0.76,0.354
632063,0,0,0.174,-0.328,0.045,-0.316,0.11,-1.48,1.464,-0.886,0.54,-0.886,0.54
632073,0,0,0.174,-0.306,0.033,-0.291,-0.014,-1.144,0.773,-0.899,0.584,-0.899,0.584
632083,0,0,0.174,-0.567,0.006,-0.492,0.004,-1.071,-0.04,-0.886,0.476,-0.886,0.476
632093,0,0,0.174,-0.868,-0.039,-0.814,0.01,-1.135,-0.531,-0.908,0.303,-0.908,0.303
632103,0,0,0.174,-0.967,-0.058,-0.982,-0.026,-1.036,-0.961,-0.939,0.088,-0.939,0.088
632113,0,0,0.174,-0.795,-0.051,-0.858,-0.055,-0.661,-1.035,-0.921,-0.087,-0.921,-0.087
632123,0,0,0.174,-0.58,-0.039,-0.688,-0.047,-0.224,-0.724,-0.818,-0.185,-0.818,-0.185
632133,0,0,0.174,-0.398,-0.027,-0.492,-0.036,0.085,-0.385,-0.622,-0.134,-0.622,-0.134
632143,0,0,0.174,-0.264,-0.018,-0.343,-0.019,0.168,-0.245,-0.52,-0.136,-0.52,-0.136
632153,0,0,0.174,-0.171,-0.012,-0.235,0,0.076,-0.328,-0.421,-0.144,-0.421,-0.144
632163,0,0,0.174,-0.151,-0.006,-0.16,-0.001,-0.069,-0.406,-0.35,-0.168,-0.35,-0.168
632173,0,0,0.174,-0.337,0.01,-0.256,-0.012,-0.287,-0.243,-0.307,-0.155,-0.307,-0.155
632183,0,0,0.174,-0.566,0.018,-0.519,0.03,-0.5,-0.1,-0.33,-0.135,-0.33,-0.135
632193,0,0,0.174,-0.731,0.021,-0.694,0.02,-0.535,0.007,-0.385,-0.106,-0.385,-0.106
632203,0,0,0.174,-0.788,0.025,-0.802,0.025,-0.395,0.055,-0.433,-0.072,-0.433,-0.072
632213,0,0,0.174,-0.649,0.022,-0.736,0.022,-0.162,0.036,-0.445,-0.044,-0.445,-0.044
632223,0,0,0.174,-0.474,0.016,-0.557,0.012,0.027,0.002,-0.52,-0.006,-0.52,-0.006
632233,0,0,0.174,-0.325,0.011,-0.397,0.011,0.153,0.019,-0.466,0.002,-0.466,0.002
632243,0,0,0.174,-0.216,0.008,-0.271,0.006,0.13,0.042,-0.397,0.006,-0.397,0.006
632255,0,0,0.174,-0.14,0.005,-0.186,0.004,0.084,0.078,-0.324,0.013,-0.324,0.013
632263,0,0,0.174,-0.113,0.008,-0.13,0.001,-0.021,0.024,-0.254,0.018,-0.254,0.018
632276,0,0,0.174,-0.179,0.02,-0.123,0.025,-0.161,0.048,-0.222,0.019,-0.222,0.019
632283,0,0,0.174,-0.276,0.034,-0.265,0.028,-0.259,0.053,-0.211,0.024,-0.211,0.024
632293,0,0,0.174,-0.349,0.045,-0.354,0.045,-0.247,0.044,-0.227,0.029,-0.227,0.029
632303,0,0,0.174,-0.35,0.043,-0.385,0.045,-0.155,-0.005,-0.247,0.03,-0.247,0.03
632313,0,0,0.174,-0.277,0.033,-0.326,0.033,-0.022,-0.056,-0.269,0.026,-0.269,0.026
632322,0,0,0.174,-0.199,0.023,-0.254,0.025,0.092,-0.079,-0.264,0.023,-0.264,0.023
632332,0,0,0.174,-0.135,0.016,-0.19,0.013,0.103,-0.089,-0.227,0.014,-0.227,0.014
632342,0,0,0.174,-0.093,0.011,-0.138,0.011,0.05,-0.067,-0.19,0.004,-0.19,0.004
632352,0,0,0.174,-0.06,0.007,-0.083,0.019,-0.03,0.007,-0.158,0.002,-0.158,0.002
632362,0,0,0.174,-0.038,0.004,-0.044,0.006,-0.069,0.064,-0.119,0.009,-0.119,0.009
632372,0,0,0.174,-0.024,0.003,-0.047,0.003,-0.064,0.085,-0.1,0.016,-0.1,0.016
632382,0,0,0.174,-0.015,0.002,-0.04,0.011,-0.042,0.08,-0.079,0.02,-0.079,0.02
632392,0,0,0.174,-0.01,0.001,-0.032,0.014,-0.022,0.071,-0.054,0.02,-0.054,0.02
632402,0,0,0.174,-0.006,0,-0.023,0.008,-0.007,0.067,-0.045,0.022,-0.045,0.022
632412,0,0,0.174,-0.004,0,-0.009,0.002,0.012,0.06,-0.032,0.02,-0.032,0.02
632422,0,0,0.174,-0.002,0,-0.006,0.006,0.038,0.044,-0.014,0.012,-0.014,0.012
632432,0,0,0.174,0,0,-0.01,0.005,0.064,0.031,-0.008,0.011,-0.008,0.011
632442,0,0,0.174,0.008,0,-0.002,0.002,0.086,0.019,-0.003,0.008,-0.003,0.008
632452,0,0,0.174,0.026,0,0.018,0.003,0.103,0.01,0.008,0.005,0.008,0.005
632462,0,0,0.174,0.044,0,0.037,0.003,0.114,-0.001,0.026,0.004,0.026,0.004
632472,0,0,0.174,0.063,0,0.059,0.001,0.124,-0.006,0.046,0.003,0.046,0.003
632482,0,0,0.174,0.059,0,0.063,0,0.128,-0.014,0.059,0.001,0.059,0.001
632492,0,0,0.174,0.045,0,0.051,0.002,0.131,-0.02,0.062,0,0.062,0
632502,0,0,0.174,0.032,0,0.035,0.004,0.13,-0.024,0.048,0.002,0.048,0.002
632512,0,0,0.174,0.022,0,0.026,0,0.123,-0.028,0.045,0.001,0.045,0.001
632522,0,0,0.174,0.019,0,0.023,0,0.115,-0.031,0.035,-0.001,0.035,-0.001
632532,0,0,0.174,0.031,0,0.03,0.001,0.108,-0.035,0.031,0,0.031,0
632542,0,0,0.174,0.046,-0.002,0.042,0,0.099,-0.037,0.037,-0.001,0.037,-0.001
632552,0,0,0.174,0.058,-0.01,0.058,-0.009,0.09,-0.037,0.048,-0.004,0.048,-0.004
632562,0,0,0.174,0.063,-0.017,0.066,-0.016,0.08,-0.036,0.06,-0.012,0.06,-0.012
632572,0,0,0.174,0.066,-0.022,0.069,-0.021,0.069,-0.034,0.066,-0.018,0.066,-0.018
632582,0,0,0.174,0.061,-0.023,0.066,-0.024,0.059,-0.031,0.067,-0.023,0.067,-0.023
632592,0,0,0.174,0.053,-0.022,0.059,-0.023,0.047,-0.026,0.062,-0.024,0.062,-0.024
632602,0,0,0.174,0.045,-0.02,0.05,-0.022,0.038,-0.022,0.053,-0.022,0.053,-0.022
632612,0,0,0.174,0.036,-0.018,0.042,-0.02,0.028,-0.018,0.046,-0.021,0.046,-0.021
632622,0,0,0.174,0.028,-0.016,0.033,-0.018,0.019,-0.013,0.036,-0.019,0.036,-0.019
632632,0,0,0.174,0.019,-0.012,0.023,-0.015,0.011,-0.009,0.025,-0.015,0.025,-0.015
632642,0,0,0.174,0.012,-0.008,0.014,-0.01,0.005,-0.005,0.017,-0.011,0.017,-0.011
632652,0,0,0.174,0.005,-0.005,0.006,-0.005,0,-0.001,0.008,-0.006,0.008,-0.006
632662,0,0,0.174,0.001,-0.002,0,0,-0.002,0,0.002,-0.001,0.002,-0.001
632672,0,0,0.174,0,0,0,0,-0.002,0.001,0,0,0,0
632682,0,0,0.174,0,0,0,0,-0.001,0,0,0,0,0
632692,0,0,0.174,0,0,0,0,0,0,0,0,0,0
632702,0,0,0.174,0,0,0,0,0.001,0,0,0,0,0
632712,0,0,0.174,0,0,0,0,0.001,0,0,0,0,0
632722,0,0,0.174,0,0,0,0,0.001,0,0,0,0,0
632732,0,0,0.174,0,0,0,0,0.001,0,0,0,0,0
632742,0,0,0.174,0,0,0,0,0.001,0,0,0,0,0
632752,0,0,0.174,0,0,0,0,0.001,0,0,0,0,0
632762,0,0,0.174,0,0,0,0,0.001,0,0,0,0,0
632772,0,0,0.174,0,0,0,0,0.001,0,0,0,0,0
632782,0,0,0.174,0,0,0,0,0.001,0,0,0,0,0
632792,0,0,0.174,0,0,0,0,0.001,0,0,0,0,0
632802,0,0,0.174,0,0,0,0,0.001,0,0,0,0,0
632812,0,0,0.174,0,0,0,0,0.001,0,0,0,0,0
632822,0,0,0.174,0,0,0,0,0.001,0,0,0,0,0
632832,0,0,0.174,0,0,0,0,0.001,0,0,0,0,0
632842,0,0,0.174,0,0,0,0,0.001,0,0,0,0,0
632852,0,0,0.174,0,0,0,0,0.001,0,0,0,0,0
632862,0,0,0.174,0,0,0,0,0.001,0,0,0,0,0
632872,0,0,0.174,0,0,0,0,0,-0.001,0,0,0,0
632882,2,0,0.174,0,0,0,0,0.001,-0.001,0,0,0,0
632892,2,0,0.174,0,0,0,0,0.001,0,0,0,0,0
632902,2,0,0.174,0,0,0,0,0,0,0,0,0,0
632912,2,0,0.174,0,0,0,0,0,0,0,0,0,0
632922,2,0,0.174,0,0,0,0,0.001,-0.001,0,0,0,0
632932,2,0,0.174,0,0,0,0,0.001,0,0,0,0,0
632942,2,0,0.174,0,0,0,0,0.002,0,0,0,0,0
632952,2,0,0.174,0,0,0,0,0.004,-0.001,0,0,0,0
632962,2,0,0.174,0,0,0,0,0.007,-0.002,0,0,0,0
632972,2,0,0.174,0,0,-0.001,0,0.013,-0.003,0,0,0,0
632982,2,0,0.174,0,0,-0.001,0,0.02,-0.003,-0.001,0,-0.001,0
632992,2,0,0.174,0,0,-0.001,0,0.029,-0.001,-0.001,0,-0.001,0
633002,2,0,0.174,0.012,0,0.002,0,0.039,0,0,0,0,0
633012,2,0,0.174,0.023,0,0.014,-0.001,0.055,0.001,0.004,0,0.004,0
633022,2,0,0.174,0.037,0,0.024,0.002,0.079,0.001,0.012,0.001,0.012,0.001
633032,2,0,0.174,0.038,0,0.027,0.002,0.111,0.001,0.021,0.001,0.021,0.001
633042,2,0,0.174,0.03,0,0.02,0.001,0.15,0.009,0.023,0.002,0.023,0.002
633052,2,0,0.174,0.026,0,0.016,0.001,0.179,0.013,0.019,-0.001,0.019,-0.001
633062,2,0,0.174,0.054,0,0.031,0.003,0.228,0.006,0.021,0.001,0.021,0.001
633072,2,0,0.174,0.074,0,0.06,-0.009,0.353,-0.035,0.034,-0.002,0.034,-0.002
633082,2,0,0.174,0.063,0,0.043,-0.005,0.513,-0.167,0.043,-0.011,0.043,-0.011
633092,2,0,0.174,0.072,0,0.049,0.016,0.702,-0.296,0.05,-0.022,0.05,-0.022
633102,2,0,0.174,0.129,0,0.093,-0.015,0.89,-0.404,0.07,-0.038,0.07,-0.038
633112,2,0,0.174,0.134,0,0.112,-0.007,1.025,-0.497,0.095,-0.055,0.095,-0.055
633122,2,0,0.174,0.107,0,0.1,0.003,1.183,-0.555,0.112,-0.073,0.112,-0.073
633132,2,0,0.174,0.077,0,0.065,-0.023,1.372,-0.574,0.126,-0.106,0.126,-0.106
633142,2,0,0.174,0.09,0.004,0.054,-0.018,1.557,-0.597,0.105,-0.093,0.105,-0.093
633152,4,0,0.174,0.112,0.011,0.115,-0.009,1.79,-0.602,0.14,-0.123,0.14,-0.123
633162,4,0,0.174,0.094,0.01,0.083,0.019,2.099,-0.547,0.202,-0.153,0.202,-0.153
633172,4,0,0.174,0.085,0.014,0.066,0.009,2.33,-0.587,0.269,-0.159,0.269,-0.159
633182,4,0,0.174,0.13,0.025,0.074,0.01,2.478,-0.699,0.366,-0.171,0.366,-0.171
633192,4,0,0.174,0.24,0.048,0.196,0.035,2.418,-0.776,0.586,-0.227,0.586,-0.227
633202,4,0,0.174,0.39,0.074,0.354,0.05,2.055,-0.492,0.661,-0.221,0.661,-0.221
633212,4,0,0.174,0.488,0.092,0.448,0.109,1.516,-0.075,0.642,-0.142,0.642,-0.142
633222,4,0,0.174,0.553,0.112,0.558,0.11,1.125,0.123,0.611,-0.042,0.611,-0.042
633232,4,0,0.174,0.597,0.135,0.577,0.091,0.933,0.123,0.613,0.001,0.613,0.001
633242,4,0,0.174,0.651,0.154,0.656,0.156,0.797,0.155,0.623,0.035,0.623,0.035
633252,4,0,0.174,0.641,0.161,0.653,0.172,0.698,0.179,0.645,0.1,0.645,0.1
633262,4,0,0.174,0.614,0.172,0.62,0.163,0.595,0.215,0.643,0.12,0.643,0.12
633272,4,0,0.174,0.595,0.187,0.641,0.143,0.523,0.222,0.637,0.137,0.637,0.137
633282,4,0,0.174,0.58,0.189,0.601,0.219,0.491,0.187,0.632,0.151,0.632,0.151
633292,4,0,0.174,0.561,0.186,0.57,0.208,0.479,0.164,0.617,0.166,0.617,0.166
633302,4,0,0.174,0.541,0.191,0.552,0.189,0.478,0.155,0.6,0.171,0.6,0.171
633312,4,0,0.174,0.524,0.197,0.539,0.177,0.475,0.135,0.573,0.17,0.573,0.17
633322,4,0,0.174,0.507,0.193,0.507,0.215,0.478,0.114,0.557,0.173,0.557,0.173
633332,4,0,0.174,0.489,0.181,0.5,0.2,0.483,0.093,0.535,0.177,0.535,0.177
633342,4,0,0.174,0.476,0.167,0.48,0.169,0.508,0.065,0.514,0.17,0.514,0.17
633352,4,0,0.174,0.472,0.148,0.474,0.157,0.564,0.02,0.507,0.156,0.507,0.156
633362,4,0,0.174,0.481,0.126,0.449,0.153,0.648,-0.002,0.478,0.145,0.478,0.145
633372,4,0,0.174,0.507,0.11,0.488,0.135,0.757,-0.002,0.478,0.132,0.478,0.132
633382,4,0,0.174,0.509,0.094,0.488,0.093,0.874,-0.059,0.485,0.112,0.485,0.112
633392,4,0,0.174,0.513,0.079,0.5,0.087,1.07,-0.239,0.496,0.08,0.496,0.08
633402,4,0,0.174,0.549,0.067,0.515,0.072,1.319,-0.398,0.509,0.051,0.509,0.051
633412,4,0,0.174,0.588,0.055,0.551,0.054,1.507,-0.485,0.529,0.013,0.529,0.013
633422,4,0,0.174,0.618,0.042,0.583,0.053,1.67,-0.471,0.558,-0.014,0.558,-0.014
633432,6,0,0.174,0.667,0.035,0.639,0.05,1.895,-0.418,0.59,-0.034,0.59,-0.034
633442,6,0,0.174,0.705,0.031,0.655,0.024,2.165,-0.368,0.63,-0.047,0.63,-0.047
633452,6,0,0.174,0.738,0.026,0.717,0.024,2.369,-0.423,0.674,-0.064,0.674,-0.064
633462,6,0,0.174,0.789,0.026,0.753,0.016,2.476,-0.594,0.722,-0.087,0.722,-0.087
633472,6,0,0.174,0.837,0.024,0.821,0.055,2.241,-0.679,0.769,-0.123,0.769,-0.123
633482,6,0,0.174,0.875,0.025,0.839,0.021,1.914,-0.451,0.822,-0.13,0.822,-0.13
633492,6,0,0.174,0.909,0.026,0.921,0.001,1.634,-0.176,0.863,-0.117,0.863,-0.117
633502,6,0,0.174,0.941,0.024,0.914,0.034,1.46,-0.084,0.9,-0.088,0.9,-0.088
633512,6,0,0.174,0.961,0.026,0.937,0.029,1.33,-0.021,0.927,-0.036,0.927,-0.036
633522,6,0,0.174,0.986,0.037,0.968,0.03,1.243,0.015,0.94,-0.023,0.94,-0.023
633532,6,0,0.174,0.985,0.047,1.005,0.034,1.176,0.04,0.962,-0.005,0.962,-0.005
633542,6,0,0.174,0.989,0.052,0.997,0.045,1.134,0.054,0.98,0.015,0.98,0.015
633552,6,0,0.174,0.993,0.054,0.986,0.051,1.115,0.082,0.985,0.028,0.985,0.028
633562,6,0,0.174,0.993,0.058,0.987,0.061,1.116,0.111,0.989,0.044,0.989,0.044
633572,6,0,0.174,0.963,0.063,0.975,0.065,1.114,0.119,0.989,0.056,0.989,0.056
633582,6,0,0.174,0.857,0.062,0.893,0.06,1.109,0.113,0.978,0.064,0.978,0.064
633592,6,0,0.174,0.839,0.07,0.844,0.057,1.131,0.119,0.949,0.069,0.949,0.069
633602,6,0,0.174,0.86,0.073,0.852,0.053,1.186,0.105,0.916,0.069,0.916,0.069
633612,6,0,0.174,0.896,0.067,0.881,0.078,1.269,0.09,0.915,0.072,0.915,0.072
633622,6,0,0.174,0.953,0.064,0.913,0.081,1.369,0.112,0.921,0.078,0.921,0.078
633632,8,0,0.174,0.96,0.065,0.943,0.05,1.479,0.144,0.934,0.081,0.934,0.081
633642,8,0,0.174,0.79,0.054,0.843,0.071,1.593,0.088,0.936,0.078,0.936,0.078
633652,8,0,0.174,0.687,0.044,0.702,0.039,1.738,0.059,0.885,0.071,0.885,0.071
633662,8,0,0.174,0.743,0.045,0.718,0.038,1.867,0.051,0.844,0.063,0.844,0.063
633672,8,0,0.174,0.688,0.043,0.676,0.027,1.74,0.054,0.822,0.059,0.822,0.059
633682,8,0,0.174,0.738,0.047,0.726,0.052,1.642,0.032,0.831,0.055,0.831,0.055
633692,8,0,0.174,0.834,0.048,0.819,0.049,1.636,0.025,0.826,0.052,0.826,0.052
633702,8,0,0.174,0.962,0.049,0.896,0.05,1.643,0.011,0.86,0.048,0.86,0.048
633712,8,0,0.174,1.078,0.048,1.014,0.043,1.635,0.016,0.925,0.044,0.925,0.044
633722,8,0,0.174,1.157,0.045,1.116,0.042,1.647,-0.001,1.014,0.043,1.014,0.043
633732,8,0,0.174,1.218,0.044,1.2,0.057,1.662,-0.006,1.067,0.04,1.067,0.04
633742,8,0,0.174,1.249,0.045,1.235,0.04,1.661,0.026,1.116,0.041,1.116,0.041
633752,8,0,0.174,1.282,0.042,1.263,0.043,1.633,0.027,1.185,0.035,1.185,0.035
633762,8,0,0.174,1.283,0.031,1.297,0.049,1.611,0.006,1.223,0.036,1.223,0.036
633772,8,0,0.174,1.118,0.021,1.161,0.035,1.631,-0.005,1.233,0.035,1.233,0.035
633782,8,0,0.174,0.98,0.018,1.022,0.012,1.672,-0.008,1.196,0.027,1.196,0.027
633792,8,0,0.174,0.907,0.007,0.913,0.01,1.689,-0.005,1.152,0.02,1.152,0.02
633802,8,0,0.174,1.002,0.002,0.962,0.016,1.708,0.003,1.054,0.019,1.054,0.019
633812,8,0,0.174,1.111,0,1.066,-0.002,1.766,0.01,1.056,0.013,1.056,0.013
633822,8,0,0.174,1.207,0,1.161,-0.001,1.899,-0.008,1.086,0.009,1.086,0.009
633832,8,0,0.174,1.288,0,1.245,0.006,2.109,-0.062,1.144,0.003,1.144,0.003
633842,8,0,0.174,1.36,0,1.31,-0.003,2.284,-0.116,1.252,-0.006,1.252,-0.006
633852,8,0,0.174,1.39,0,1.38,-0.008,2.349,-0.12,1.291,-0.013,1.291,-0.013
633862,8,0,0.174,1.377,0,1.378,0.005,2.355,-0.064,1.333,-0.013,1.333,-0.013
633872,8,0,0.174,1.405,0,1.39,0.006,2.427,-0.023,1.36,-0.015,1.36,-0.015
633882,8,0,0.174,1.456,0,1.414,0.001,2.618,-0.032,1.393,-0.012,1.393,-0.012
633892,8,0,0.174,1.49,-0.001,1.45,-0.002,2.89,-0.05,1.431,-0.012,1.431,-0.012
633902,8,0,0.174,1.534,-0.012,1.506,-0.003,3.134,-0.093,1.473,-0.017,1.473,-0.017
633912,8,0,0.174,1.556,-0.015,1.51,-0.014,3.149,-0.116,1.52,-0.029,1.52,-0.029
633922,8,0,0.174,1.607,-0.015,1.61,-0.027,2.981,-0.088,1.572,-0.037,1.572,-0.037
633932,8,0,0.174,1.667,-0.016,1.659,-0.014,3.025,-0.047,1.627,-0.032,1.627,-0.032
633942,8,0,0.174,1.746,-0.012,1.687,-0.024,3.175,-0.056,1.671,-0.033,1.671,-0.033
633952,8,0,0.174,1.804,-0.005,1.755,-0.014,3.293,-0.112,1.721,-0.031,1.721,-0.031
633962,8,0,0.174,1.846,-0.003,1.819,-0.004,3.499,-0.164,1.778,-0.037,1.778,-0.037
633972,8,0,0.174,1.854,0,1.842,-0.011,3.718,-0.228,1.835,-0.046,1.835,-0.046
633982,8,0,0.174,1.898,0,1.866,0.001,3.743,-0.313,1.881,-0.061,1.881,-0.061
633992,8,0,0.174,1.951,0,1.925,-0.001,3.652,-0.267,1.921,-0.066,1.921,-0.066
634002,8,0,0.174,1.995,0.012,1.982,0.005,3.646,-0.223,1.964,-0.059,1.964,-0.059
634012,8,0,0.174,2.049,0.025,1.999,0.019,3.739,-0.181,2.009,-0.062,2.009,-0.062
634022,8,0,0.174,2.11,0.028,2.072,0.028,3.902,-0.141,2.054,-0.048,2.054,-0.048
634032,8,0,0.174,2.141,0.032,2.119,0.034,4.158,-0.107,2.111,-0.031,2.111,-0.031
634042,8,0,0.174,2.166,0.04,2.134,0.04,4.377,-0.136,2.161,-0.02,2.161,-0.02
634052,8,0,0.174,2.205,0.047,2.182,0.039,4.462,-0.215,2.201,-0.01,2.201,-0.01
634062,8,0,0.174,2.272,0.057,2.234,0.067,4.4,-0.272,2.239,-0.008,2.239,-0.008
634072,8,0,0.174,2.354,0.064,2.317,0.056,4.313,-0.21,2.283,0.009,2.283,0.009
634082,8,0,0.174,2.412,0.067,2.373,0.066,4.378,-0.15,2.335,0.006,2.335,0.006
634092,8,0,0.174,2.456,0.066,2.417,0.056,4.505,-0.126,2.399,0.036,2.399,0.036
634102,8,0,0.174,2.484,0.063,2.461,0.067,4.627,-0.143,2.443,0.028,2.443,0.028
634112,8,0,0.174,2.525,0.066,2.503,0.054,4.722,-0.154,2.5,0.031,2.5,0.031
634122,8,0,0.174,2.54,0.068,2.525,0.07,4.762,-0.193,2.538,0.032,2.538,0.032
634132,8,0,0.174,2.557,0.059,2.524,0.071,4.725,-0.123,2.572,0.027,2.572,0.027
634142,8,0,0.174,2.562,0.046,2.563,0.046,4.702,-0.037,2.605,0.028,2.605,0.028
634152,8,0,0.174,2.581,0.037,2.559,0.039,4.763,0.008,2.64,0.028,2.64,0.028
634162,8,0,0.174,2.61,0.029,2.576,0.037,4.759,0.056,2.667,0.031,2.667,0.031
634172,8,0,0.174,2.645,0.026,2.622,0.039,4.798,0.075,2.681,0.037,2.681,0.037
634182,8,0,0.174,2.681,0.027,2.65,0.019,4.898,0.088,2.716,0.037,2.716,0.037
634192,8,0,0.174,2.692,0.023,2.66,0.025,4.954,0.093,2.746,0.036,2.746,0.036
634202,8,0,0.174,2.708,0.01,2.7,0.014,4.936,0.112,2.768,0.038,2.768,0.038
634212,8,0,0.174,2.715,0.002,2.69,0.017,4.967,0.079,2.797,0.038,2.797,0.038
634222,8,0,0.174,2.756,-0.006,2.716,0,4.983,0.107,2.79,0.026,2.79,0.026
634232,8,0,0.174,2.824,-0.008,2.792,-0.002,5.055,0.145,2.831,0.029,2.831,0.029
634242,8,0,0.174,2.876,-0.011,2.848,-0.013,5.138,0.147,2.88,0.024,2.88,0.024
634252,8,0,0.174,2.911,-0.011,2.88,-0.01,5.095,0.16,2.921,0.021,2.921,0.021
634262,8,0,0.174,2.951,-0.013,2.923,-0.01,5.037,0.176,2.949,0.017,2.949,0.017
634272,8,0,0.174,2.978,-0.015,2.953,-0.014,5.054,0.189,2.988,0.022,2.988,0.022
634282,8,0,0.174,3.003,-0.011,2.992,-0.016,5.148,0.178,3.032,0.026,3.032,0.026
634292,8,0,0.174,3.049,0.001,3.009,-0.006,5.254,0.14,3.077,0.027,3.077,0.027
634302,8,0,0.174,3.097,0.01,3.075,0.022,5.26,0.081,3.14,0.033,3.14,0.033
634312,8,0,0.174,3.149,0.017,3.124,-0.004,5.224,0.054,3.159,0.021,3.159,0.021
634322,8,0,0.174,3.21,0.017,3.179,0.015,5.232,0.06,3.214,0.024,3.214,0.024
634332,8,0,0.174,3.258,0.021,3.227,0.017,5.271,0.058,3.247,0.024,3.247,0.024
634342,8,0,0.174,3.291,0.029,3.28,0.031,5.299,-0.009,3.289,0.023,3.289,0.023
634352,8,0,0.174,3.344,0.042,3.323,0.031,5.302,-0.038,3.343,0.019,3.343,0.019
634362,8,0,0.174,3.391,0.046,3.347,0.042,5.28,-0.014,3.405,0.017,3.405,0.017
634372,8,0,0.174,3.448,0.05,3.427,0.067,5.279,0.051,3.48,0.025,3.48,0.025
634382,8,0,0.174,3.461,0.058,3.456,0.061,5.371,0.086,3.556,0.039,3.556,0.039
634392,8,0,0.174,3.452,0.066,3.448,0.072,5.455,0.121,3.858,0.051,3.858,0.051
634402,8,0,0.174,3.472,0.076,3.441,0.072,5.43,0.142,4.14,0.063,4.14,0.063
634412,8,0,0.174,3.548,0.077,3.521,0.088,5.374,0.164,4.325,0.078,4.325,0.078
634422,8,0,0.174,3.596,0.071,3.586,0.073,5.403,0.185,4.191,0.083,4.191,0.083
634432,8,0,0.174,3.65,0.054,3.62,0.062,5.483,0.214,4.404,0.09,4.404,0.09
634442,8,0,0.174,3.68,0.052,3.644,0.065,5.501,0.221,4.571,0.098,4.571,0.098
634452,8,0,0.174,3.717,0.065,3.685,0.062,5.496,0.23,4.549,0.093,4.549,0.093
634462,8,0,0.174,3.768,0.077,3.75,0.067,5.514,0.236,4.537,0.095,4.537,0.095
634472,8,0,0.174,3.824,0.085,3.815,0.102,5.518,0.293,4.653,0.107,4.653,0.107
634482,8,0,0.174,3.88,0.078,3.844,0.09,5.528,0.334,4.71,0.119,4.71,0.119
634492,8,0,0.174,3.904,0.057,3.886,0.076,5.573,0.354,4.666,0.123,4.666,0.123
634502,8,0,0.174,3.899,0.022,3.89,0.043,5.665,0.324,4.862,0.133,4.862,0.133
634512,8,0,0.174,3.908,0.019,3.89,-0.008,5.734,0.279,4.999,0.123,4.999,0.123
634522,8,0,0.174,3.907,0.029,3.895,0.04,5.733,0.155,5.199,0.117,5.199,0.117
634532,8,0,0.174,3.898,0.045,3.914,0.033,5.693,0.026,5.308,0.102,5.308,0.102
634542,8,0,0.174,3.901,0.059,3.921,0.059,5.689,-0.037,5.333,0.074,5.333,0.074
634552,8,0,0.174,3.925,0.068,3.903,0.032,5.711,-0.002,5.456,0.06,5.456,0.06
634562,8,0,0.174,3.902,0.056,3.847,0.08,5.75,-0.001,5.461,0.055,5.461,0.055
634572,8,0,0.174,3.909,0.044,3.911,0.04,5.815,-0.039,5.564,0.045,5.564,0.045
634582,8,0,0.174,3.942,0.035,3.939,0.04,5.907,-0.051,5.478,0.033,5.478,0.033
634592,8,0,0.174,3.986,0.032,3.982,0.031,5.892,0.007,5.596,0.028,5.596,0.028
634602,8,0,0.174,4.018,0.025,4.019,0.011,5.744,-0.011,5.573,0.026,5.573,0.026
634612,8,0,0.174,4.04,0.024,4.007,0.025,5.712,0.007,5.535,0.019,5.535,0.019
634622,8,0,0.174,4.057,0.024,4.034,0.035,5.778,-0.019,5.498,0.018,5.498,0.018
634632,8,0,0.174,4.064,0.01,4.062,0.01,5.848,-0.101,5.58,0.009,5.58,0.009
634642,8,0,0.174,4.149,-0.013,4.132,-0.018,5.9,-0.209,5.585,-0.017,5.585,-0.017
634652,8,0,0.174,4.258,-0.027,4.205,-0.013,5.904,-0.265,5.593,-0.037,5.593,-0.037
634662,8,0,0.174,4.383,-0.04,4.336,-0.043,5.876,-0.275,5.612,-0.061,5.612,-0.061
634672,8,0,0.174,4.484,-0.059,4.45,-0.058,5.87,-0.232,5.563,-0.074,5.563,-0.074
634682,8,0,0.174,4.534,-0.085,4.524,-0.078,5.895,-0.206,5.454,-0.082,5.454,-0.082
634692,8,0,0.174,4.549,-0.106,4.553,-0.099,5.929,-0.185,5.551,-0.092,5.551,-0.092
634702,8,0,0.174,4.54,-0.123,4.523,-0.112,5.937,-0.163,5.685,-0.102,5.685,-0.102
634712,8,0,0.174,4.557,-0.147,4.535,-0.136,5.907,-0.096,5.461,-0.116,5.461,-0.116
634722,8,0,0.174,4.578,-0.179,4.566,-0.17,5.89,-0.055,5.602,-0.116,5.602,-0.116
634732,8,0,0.174,4.57,-0.207,4.58,-0.201,5.924,-0.026,5.648,-0.125,5.648,-0.125
634742,8,0,0.174,4.541,-0.228,4.561,-0.213,5.968,-0.044,5.581,-0.151,5.581,-0.151
634752,8,0,0.174,4.531,-0.252,4.517,-0.258,5.963,-0.051,5.687,-0.158,5.687,-0.158
634762,8,0,0.174,4.546,-0.27,4.525,-0.267,5.918,-0.079,5.741,-0.168,5.741,-0.168
634772,8,0,0.174,4.533,-0.289,4.537,-0.284,5.905,-0.096,5.785,-0.174,5.785,-0.174
634782,8,0,0.174,4.485,-0.307,4.51,-0.295,5.937,-0.098,5.8,-0.187,5.8,-0.187
634792,8,0,0.174,4.466,-0.326,4.479,-0.317,5.985,-0.069,5.671,-0.228,5.671,-0.228
634802,8,0,0.174,4.463,-0.334,4.432,-0.351,6.009,-0.043,5.729,-0.236,5.729,-0.236
634812,8,0,0.174,4.445,-0.355,4.463,-0.331,5.981,0.014,5.816,-0.228,5.816,-0.228
634822,8,0,0.174,4.423,-0.374,4.44,-0.367,5.966,-0.011,5.788,-0.236,5.788,-0.236
634832,8,0,0.174,4.393,-0.391,4.388,-0.395,5.961,-0.073,5.833,-0.237,5.833,-0.237
634842,8,0,0.174,4.423,-0.414,4.386,-0.4,5.943,-0.152,5.852,-0.251,5.852,-0.251
634852,8,0,0.174,4.425,-0.433,4.389,-0.429,5.963,-0.175,5.822,-0.279,5.822,-0.279
634862,8,0,0.174,4.423,-0.448,4.442,-0.419,5.986,-0.133,5.896,-0.276,5.896,-0.276
634872,8,0,0.174,4.452,-0.462,4.461,-0.45,6.026,-0.062,5.937,-0.274,5.937,-0.274
634882,8,0,0.174,4.558,-0.476,4.514,-0.523,6.06,-0.06,6.008,-0.266,6.008,-0.266
634892,8,0,0.174,4.648,-0.507,4.587,-0.482,6.031,-0.072,6.019,-0.26,6.019,-0.26
634902,8,0,0.174,4.672,-0.528,4.643,-0.51,6.011,-0.151,5.977,-0.29,5.977,-0.29
634912,8,0,0.174,4.616,-0.525,4.633,-0.521,6.044,-0.184,5.997,-0.302,5.997,-0.302
634922,8,0,0.174,4.564,-0.52,4.586,-0.517,6.142,-0.204,6.065,-0.318,6.065,-0.318
634932,8,0,0.174,4.585,-0.519,4.591,-0.525,6.212,-0.16,6.142,-0.328,6.142,-0.328
634942,8,0,0.174,4.648,-0.532,4.618,-0.563,6.162,-0.141,6.151,-0.333,6.151,-0.333
634952,8,0,0.174,4.729,-0.552,4.68,-0.536,6.037,-0.156,6.032,-0.359,6.032,-0.359
634962,8,0,0.174,4.769,-0.553,4.757,-0.56,5.989,-0.189,5.957,-0.384,5.957,-0.384
634972,8,0,0.174,4.761,-0.556,4.762,-0.559,6.057,-0.171,5.906,-0.423,5.906,-0.423
634982,8,0,0.174,4.777,-0.561,4.767,-0.565,6.172,-0.159,5.832,-0.473,5.832,-0.473
634992,0,0,0.174,4.799,-0.569,4.788,-0.568,6.196,-0.142,5.986,-0.47,5.986,-0.47
635002,0,0,0.174,4.807,-0.58,4.822,-0.586,6.094,-0.167,6.037,-0.466,6.037,-0.466
635012,0,0,0.174,4.79,-0.583,4.793,-0.588,6.021,-0.186,6.006,-0.457,6.006,-0.457
635022,0,0,0.174,4.743,-0.579,4.751,-0.59,6.048,-0.209,5.997,-0.45,5.997,-0.45
635032,0,0,0.174,4.696,-0.573,4.687,-0.578,6.101,-0.207,5.981,-0.466,5.981,-0.466
635042,0,0,0.174,4.687,-0.571,4.675,-0.57,6.15,-0.235,6.04,-0.453,6.04,-0.453
635052,0,0,0.174,4.679,-0.574,4.688,-0.572,6.17,-0.234,6.075,-0.437,6.075,-0.437
635062,0,0,0.174,4.672,-0.582,4.703,-0.601,6.163,-0.24,6.015,-0.447,6.015,-0.447
635072,0,0,0.174,4.654,-0.588,4.66,-0.576,6.136,-0.224,6.018,-0.439,6.018,-0.439
635082,0,0,0.174,4.642,-0.579,4.62,-0.572,6.101,-0.186,5.975,-0.431,5.975,-0.431
635092,0,0,0.174,4.637,-0.568,4.625,-0.588,6.052,-0.087,5.925,-0.41,5.925,-0.41
635102,0,0,0.174,4.617,-0.571,4.631,-0.596,6.004,-0.002,5.878,-0.378,5.878,-0.378
635112,0,0,0.174,4.594,-0.579,4.629,-0.553,5.93,0.113,5.793,-0.344,5.793,-0.344
635122,0,0,0.174,4.559,-0.56,4.564,-0.577,5.865,0.262,5.701,-0.295,5.701,-0.295
635132,0,0,0.174,4.533,-0.529,4.516,-0.551,5.848,0.351,5.554,-0.262,5.554,-0.262
635142,0,0,0.174,4.538,-0.503,4.51,-0.542,5.863,0.326,5.456,-0.228,5.456,-0.228
635152,0,0,0.174,4.528,-0.476,4.548,-0.476,5.873,0.316,5.423,-0.183,5.423,-0.183
635162,0,0,0.174,4.517,-0.437,4.545,-0.437,5.846,0.352,5.274,-0.186,5.274,-0.186
635172,0,0,0.174,4.555,-0.39,4.54,-0.427,5.826,0.411,5.278,-0.129,5.278,-0.129
635182,0,0,0.174,4.561,-0.349,4.515,-0.381,5.822,0.381,5.224,-0.104,5.224,-0.104
635192,0,0,0.174,4.53,-0.299,4.552,-0.283,5.798,0.347,5.215,-0.066,5.215,-0.066
635202,0,0,0.174,4.513,-0.224,4.538,-0.258,5.794,0.326,5.167,-0.047,5.167,-0.047
635212,0,0,0.174,4.509,-0.151,4.509,-0.193,5.815,0.305,5.144,-0.026,5.144,-0.026
635222,0,0,0.174,4.506,-0.079,4.485,-0.104,5.787,0.281,5.104,-0.006,5.104,-0.006
635232,0,0,0.174,4.513,0.006,4.503,-0.02,5.74,0.292,5.027,0.02,5.027,0.02
635242,0,0,0.174,4.521,0.113,4.526,0.059,5.773,0.294,4.873,0.051,4.873,0.051
635252,0,0,0.174,4.515,0.205,4.502,0.163,5.851,0.252,4.885,0.082,4.885,0.082
635262,0,0,0.174,4.516,0.311,4.494,0.294,5.872,0.134,4.635,0.186,4.635,0.186
635272,0,0,0.174,4.496,0.425,4.504,0.386,5.83,-0.009,4.668,0.195,4.668,0.195
635282,0,0,0.174,4.462,0.542,4.495,0.5,5.728,-0.172,4.669,0.244,4.669,0.244
635292,0,0,0.174,4.387,0.61,4.409,0.604,5.577,-0.272,4.686,0.245,4.686,0.245
635302,0,0,0.174,4.347,0.679,4.351,0.664,5.458,-0.267,4.585,0.363,4.585,0.363
635312,0,0,0.174,4.346,0.751,4.341,0.725,5.361,-0.224,4.587,0.355,4.587,0.355
635322,0,0,0.174,4.387,0.807,4.391,0.788,5.244,-0.299,4.551,0.421,4.551,0.421
635332,0,0,0.174,4.39,0.785,4.401,0.821,5.103,-0.471,4.552,0.412,4.552,0.412
635342,0,0,0.174,4.361,0.726,4.372,0.754,4.985,-0.733,4.53,0.399,4.53,0.399
635352,0,0,0.174,4.335,0.65,4.346,0.69,4.842,-0.981,4.441,0.495,4.441,0.495
635362,0,0,0.174,4.308,0.565,4.339,0.599,4.703,-1.008,4.429,0.401,4.429,0.401
635372,0,0,0.174,4.299,0.482,4.308,0.515,4.529,-0.948,4.399,0.351,4.399,0.351
635382,0,0,0.174,4.269,0.418,4.288,0.456,4.288,-0.94,4.346,0.347,4.346,0.347
635392,0,0,0.174,4.194,0.352,4.228,0.379,3.971,-0.941,4.32,0.26,4.32,0.26
635402,0,0,0.174,4.149,0.308,4.192,0.332,3.709,-0.925,4.273,0.174,4.273,0.174
635412,0,0,0.174,4.127,0.308,4.174,0.32,3.501,-0.875,4.224,0.083,4.224,0.083
635422,0,0,0.174,4.122,0.315,4.148,0.288,3.371,-0.731,4.173,0.028,4.173,0.028
635432,0,0,0.174,4.102,0.316,4.11,0.319,3.206,-0.548,4.118,0.02,4.118,0.02
635442,0,0,0.174,4.051,0.323,4.088,0.342,3.039,-0.406,4.068,0.045,4.068,0.045
635452,0,0,0.174,4.002,0.332,4.038,0.311,2.935,-0.235,4.029,0.099,4.029,0.099
635462,0,0,0.174,3.965,0.345,4.005,0.338,2.802,-0.087,3.979,0.126,3.979,0.126
635472,0,0,0.174,3.899,0.359,3.953,0.362,2.622,-0.035,3.925,0.161,3.925,0.161
635482,0,0,0.174,3.817,0.369,3.869,0.375,2.434,-0.092,3.862,0.17,3.862,0.17
635492,0,0,0.174,3.732,0.366,3.776,0.352,2.267,-0.081,3.817,0.246,3.817,0.246
635502,0,0,0.174,3.686,0.369,3.746,0.379,2.135,-0.086,3.752,0.246,3.752,0.246
635512,0,0,0.174,3.64,0.381,3.687,0.37,2.017,-0.105,3.684,0.254,3.684,0.254
635522,0,0,0.174,3.571,0.402,3.62,0.385,1.931,-0.112,3.626,0.257,3.626,0.257
635532,0,0,0.174,3.514,0.434,3.551,0.441,1.86,-0.109,3.562,0.284,3.562,0.284
635542,0,0,0.174,3.458,0.463,3.5,0.455,1.809,-0.105,3.509,0.298,3.509,0.298
635552,0,0,0.174,3.365,0.47,3.438,0.469,1.781,-0.113,3.446,0.282,3.446,0.282
635562,0,0,0.174,3.231,0.464,3.291,0.464,1.711,-0.13,3.37,0.267,3.37,0.267
635572,0,0,0.174,3.095,0.446,3.195,0.441,1.557,-0.108,3.281,0.252,3.281,0.252
635582,0,0,0.174,2.968,0.422,3.034,0.434,1.367,-0.112,3.175,0.245,3.175,0.245
635592,0,0,0.174,2.861,0.41,2.917,0.418,1.155,-0.156,3.063,0.226,3.063,0.226
635602,0,0,0.174,2.633,0.379,2.769,0.402,1.048,-0.17,2.945,0.215,2.945,0.215
635612,0,0,0.174,2.054,0.295,2.267,0.327,1.023,-0.143,2.801,0.204,2.801,0.204
635622,0,0,0.174,1.516,0.218,1.751,0.229,0.987,0.004,2.505,0.196,2.505,0.196
635632,0,0,0.174,1.031,0.148,1.229,0.177,0.975,0.147,1.852,0.193,1.852,0.193
635642,0,0,0.174,0.651,0.094,0.778,0.114,1.009,0.286,1.642,0.186,1.642,0.186
635652,0,0,0.174,0.254,0.05,0.409,0.055,1.081,0.474,1.504,0.198,1.504,0.198
635662,0,0,0.174,-0.046,0.024,0.059,0.032,1.238,0.672,1.388,0.24,1.388,0.24
635672,0,0,0.174,-0.119,0.011,-0.07,-0.006,1.462,0.804,1.307,0.306,1.307,0.306
635682,0,0,0.174,-0.144,-0.081,-0.198,-0.017,1.787,0.859,1.148,0.357,1.148,0.357
635692,0,0,0.174,0.058,-0.337,-0.017,-0.291,2.039,0.806,1.155,0.399,1.155,0.399
635702,0,0,0.174,0.501,-0.306,0.382,-0.329,2.241,0.869,1.237,0.39,1.237,0.39
635712,0,0,0.174,0.633,-0.228,0.618,-0.236,2.327,0.947,1.341,0.389,1.341,0.389
635722,0,0,0.174,0.523,-0.153,0.569,-0.172,2.287,0.825,1.449,0.41,1.449,0.41
635732,0,0,0.174,0.384,-0.101,0.393,-0.089,2.142,0.428,1.515,0.394,1.515,0.394
635742,0,0,0.174,0.526,-0.022,0.414,-0.037,1.888,-0.01,1.533,0.321,1.533,0.321
635752,0,0,0.174,0.908,0.078,0.794,-0.028,1.649,-0.118,1.522,0.232,1.522,0.232
635762,0,0,0.174,1.325,0.162,1.226,0.133,1.433,-0.341,1.469,0.141,1.469,0.141
635772,0,0,0.174,1.604,0.216,1.532,0.223,1.165,-0.483,1.415,0.067,1.415,0.067
635782,0,0,0.174,1.527,0.207,1.568,0.22,0.827,-0.321,1.365,0.025,1.365,0.025
635792,0,0,0.174,1.191,0.162,1.307,0.175,0.357,-0.027,1.232,0.015,1.232,0.015
635802,0,0,0.174,0.817,0.111,1.022,0.091,0.203,0.31,1.055,0.052,1.055,0.052
635812,0,0,0.174,0.551,0.075,0.678,0.104,0.456,0.304,0.926,0.101,0.926,0.101
635822,0,0,0.174,0.378,0.051,0.445,0.068,0.641,0.233,0.843,0.122,0.843,0.122
635832,0,0,0.174,0.244,0.033,0.317,0.016,0.681,0.324,0.771,0.137,0.771,0.137
635842,0,0,0.174,0.162,0.023,0.222,0.015,0.681,0.462,0.712,0.169,0.712,0.169
635852,0,0,0.174,0.386,0.086,0.253,0.076,0.861,0.528,0.642,0.196,0.642,0.196
635862,0,0,0.174,0.673,0.163,0.587,0.135,1.016,0.544,0.671,0.238,0.671,0.238
635872,0,0,0.174,0.957,0.239,0.913,0.203,0.981,0.492,0.731,0.276,0.731,0.276
635882,0,0,0.174,0.954,0.239,0.979,0.264,0.752,0.343,0.772,0.294,0.772,0.294
635892,0,0,0.174,0.747,0.187,0.897,0.186,0.487,0.146,0.753,0.276,0.753,0.276
635902,0,0,0.174,0.552,0.139,0.63,0.174,0.381,0.075,0.701,0.235,0.701,0.235
635912,0,0,0.174,0.376,0.094,0.452,0.121,0.216,-0.077,0.619,0.191,0.619,0.191
635922,0,0,0.174,0.237,0.06,0.315,0.074,-0.032,-0.311,0.509,0.118,0.509,0.118
635932,0,0,0.174,0.153,0.038,0.239,0.038,-0.122,-0.286,0.374,0.044,0.374,0.044
635942,0,0,0.174,0.102,0.026,0.147,0.031,-0.061,-0.054,0.276,0.021,0.276,0.021
635952,0,0,0.174,0.065,0.016,0.092,0.022,-0.067,0.023,0.195,0.023,0.195,0.023
635962,0,0,0.174,0.039,0.01,0.094,0.026,-0.13,-0.128,0.13,0.015,0.13,0.015
635972,0,0,0.174,0.024,0.006,0.082,0.013,-0.128,-0.218,0.097,-0.007,0.097,-0.007
635982,0,0,0.174,0.016,0.004,0.056,0.006,0.024,-0.103,0.077,-0.024,0.077,-0.024
635992,0,0,0.174,0.01,0.002,0.018,0.013,0.184,0.019,0.083,-0.021,0.083,-0.021
636002,0,0,0.174,0.006,0.001,0.052,-0.001,0.276,0.074,0.104,-0.009,0.104,-0.009
636012,0,0,0.174,0.012,0.007,0.051,0.005,0.336,0.132,0.134,0.011,0.134,0.011
636022,0,0,0.174,0.068,0.021,-0.004,0.013,0.427,0.173,0.167,0.033,0.167,0.033
636032,0,0,0.174,0.078,0.023,0.113,0.034,0.415,0.206,0.193,0.058,0.193,0.058
636042,0,0,0.174,0.063,0.018,0.094,0.027,0.343,0.212,0.216,0.08,0.216,0.08
636052,0,0,0.174,0.046,0.013,0.074,0.019,0.237,0.17,0.215,0.092,0.215,0.092
636062,0,0,0.174,0.033,0.009,0.063,0.012,0.147,0.109,0.193,0.09,0.193,0.09
636072,0,0,0.174,0.022,0.006,0.058,0.019,0.097,0.053,0.162,0.077,0.162,0.077
636082,0,0,0.174,0.013,0.004,0.048,0.01,0.071,0.024,0.126,0.057,0.126,0.057
636092,0,0,0.174,0.009,0.002,0.047,0.011,0.057,-0.006,0.093,0.037,0.093,0.037
636102,0,0,0.174,0.006,0.002,0.029,0.005,0.025,-0.019,0.077,0.026,0.077,0.026
636112,0,0,0.174,0.004,0.001,0.035,0.003,-0.001,-0.044,0.061,0.015,0.061,0.015
636122,0,0,0.174,0.002,0,0.037,0.006,-0.012,-0.089,0.05,0.003,0.05,0.003
636132,0,0,0.174,0.001,0,0.029,0.002,-0.024,-0.118,0.039,-0.012,0.039,-0.012
636142,0,0,0.174,0.004,0.005,0.02,-0.004,-0.042,-0.108,0.027,-0.027,0.027,-0.027
636152,0,0,0.174,0.007,0.019,-0.073,0.011,-0.041,-0.047,0.006,-0.025,0.006,-0.025
636162,0,0,0.174,0.007,0.018,0.028,0.025,-0.074,-0.001,-0.007,-0.018,-0.007,-0.018
636172,0,0,0.174,0,0.023,0.025,0.021,-0.105,0.02,-0.011,-0.005,-0.011,-0.005
636182,0,0,0.174,-0.019,0.033,0.003,0.028,-0.125,0.036,-0.01,0.008,-0.01,0.008
636192,0,0,0.174,-0.039,0.045,-0.016,0.049,-0.141,0.051,-0.022,0.016,-0.022,0.016
636202,0,0,0.174,-0.048,0.048,-0.056,0.058,-0.152,0.069,-0.039,0.027,-0.039,0.027
636212,0,0,0.174,-0.059,0.052,-0.061,0.044,-0.164,0.076,-0.059,0.038,-0.059,0.038
636222,0,0,0.174,-0.068,0.052,-0.066,0.053,-0.176,0.071,-0.069,0.044,-0.069,0.044
636232,0,0,0.174,-0.059,0.042,-0.06,0.052,-0.18,0.067,-0.073,0.05,-0.073,0.05
636242,0,0,0.174,-0.042,0.029,-0.045,0.036,-0.174,0.073,-0.07,0.049,-0.07,0.049
636252,0,0,0.174,-0.03,0.02,-0.037,0.02,-0.164,0.074,-0.068,0.044,-0.068,0.044
636262,0,0,0.174,-0.036,0.02,-0.041,0.022,-0.159,0.066,-0.06,0.035,-0.06,0.035
636272,0,0,0.174,-0.055,0.025,-0.056,0.027,-0.152,0.059,-0.059,0.031,-0.059,0.031
636282,0,0,0.174,-0.079,0.032,-0.073,0.031,-0.144,0.056,-0.067,0.032,-0.067,0.032
636292,0,0,0.174,-0.1,0.039,-0.094,0.038,-0.132,0.05,-0.078,0.034,-0.078,0.034
636302,0,0,0.174,-0.106,0.039,-0.112,0.043,-0.118,0.045,-0.092,0.038,-0.092,0.038
636312,0,0,0.174,-0.088,0.033,-0.1,0.036,-0.103,0.037,-0.104,0.04,-0.104,0.04
636322,0,0,0.174,-0.063,0.023,-0.075,0.028,-0.088,0.031,-0.092,0.034,-0.092,0.034
636332,0,0,0.174,-0.044,0.016,-0.056,0.02,-0.072,0.026,-0.075,0.028,-0.075,0.028
636342,0,0,0.174,-0.036,0.013,-0.047,0.015,-0.057,0.022,-0.053,0.018,-0.053,0.018
636352,0,0,0.174,-0.028,0.011,-0.038,0.014,-0.041,0.018,-0.044,0.015,-0.044,0.015
636362,0,0,0.174,-0.019,0.01,-0.027,0.013,-0.025,0.013,-0.037,0.014,-0.037,0.014
636372,0,0,0.174,-0.009,0.009,-0.015,0.011,-0.011,0.01,-0.028,0.013,-0.028,0.013
636382,0,0,0.174,0,0.007,-0.005,0.008,-0.001,0.006,-0.016,0.011,-0.016,0.011
636392,0,0,0.174,0,0.004,0,0.005,0.007,0.003,-0.006,0.008,-0.006,0.008
636402,0,0,0.174,0,0.001,0.002,0.002,0.011,0.001,-0.001,0.005,-0.001,0.005
636412,0,0,0.174,0,0,0.001,0,0.012,-0.001,0.001,0.002,0.001,0.002
636422,0,0,0.174,0,0,0.001,0,0.011,-0.002,0.001,0,0.001,0
636432,0,0,0.174,0,0,0.001,0,0.008,-0.001,0.001,0,0.001,0
636442,0,0,0.174,0,0,0,0,0.005,-0.001,0,0,0,0
636452,0,0,0.174,0,0,0,0,0.002,0,0,0,0,0
636462,0,0,0.174,0,0,0,0,-0.001,0.001,0,0,0,0
636472,0,0,0.174,0,0,0,0,-0.001,0.001,0,0,0,0
636482,0,0,0.174,0,0,0,0,-0.001,0.001,0,0,0,0
636492,0,0,0.174,0,0,0,0,0,0.001,0,0,0,0
636502,0,0,0.174,0,0,0,0,0,0,0,0,0,0
636512,0,0,0.174,0,0,0,0,0,0,0,0,0,0
636522,0,0,0.174,0,0,0,0,0,0,0,0,0,0
636532,0,0,0.174,0,0,0,0,0,0,0,0,0,0
636542,0,0,0.174,0,0,0,0,0,0,0,0,0,0
636552,0,0,0.174,0,0,0,0,0,0,0,0,0,0
636562,-2,0,0.174,0,0,0,0,0,0,0,0,0,0
636572,-2,0,0.174,0,0,0,0,0,0,0,0,0,0
636582,-2,0,0.174,0,0,0,0,0,0,0,0,0,0
636592,-2,0,0.174,0,0,0,0,0,0,0,0,0,0
636602,-2,0,0.174,0,0,0,0,0,0,0,0,0,0
636612,-2,0,0.174,0,0,0,0,0,0,0,0,0,0
636622,-2,0,0.174,0,0,0,0,0,0,0,0,0,0
636632,-2,0,0.174,0,0,0,0,-0.001,0,0,0,0,0
636642,-2,0,0.174,0,0,0,0,-0.003,-0.001,0,0,0,0
636652,-2,0,0.174,0,0,0,0,-0.006,0,0,0,0,0
636662,-2,0,0.174,0,0,0.001,0,-0.01,0,0,0,0,0
636672,-2,0,0.174,0,0,0.001,0,-0.019,0,0.001,0,0.001,0
636682,-2,0,0.174,0,0,0.002,0,-0.03,0.003,0.001,0,0.001,0
636692,-2,0,0.174,-0.004,0,0.002,0,-0.046,0.006,0.002,0,0.002,0
636702,-2,0,0.174,-0.016,0,-0.004,0,-0.066,0.009,0,0.001,0,0.001
636712,-2,0,0.174,-0.03,0,-0.017,0.001,-0.091,0.013,-0.005,0.001,-0.005,0.001
636722,-2,0,0.174,-0.049,0,-0.033,0.002,-0.127,0.02,-0.013,0.002,-0.013,0.002
636732,-2,0,0.174,-0.07,0,-0.048,0.001,-0.179,0.029,-0.025,0.003,-0.025,0.003
636742,-2,0,0.174,-0.092,0,-0.071,0.003,-0.23,0.049,-0.043,0.005,-0.043,0.005
636752,-2,0,0.174,-0.115,0,-0.098,0,-0.287,0.072,-0.057,0.008,-0.057,0.008
636762,-2,0,0.174,-0.111,0,-0.093,-0.002,-0.381,0.064,-0.069,0.012,-0.069,0.012
636772,-2,0,0.174,-0.123,0,-0.106,0.011,-0.535,0.024,-0.081,0.013,-0.081,0.013
636782,-2,0,0.174,-0.118,0,-0.098,-0.01,-0.788,-0.032,-0.095,0.009,-0.095,0.009
636792,-2,0,0.174,-0.104,0,-0.084,-0.003,-1.022,-0.086,-0.102,-0.008,-0.102,-0.008
636802,-2,0,0.174,-0.076,0,-0.071,0.002,-1.264,-0.153,-0.119,-0.02,-0.119,-0.02
636812,-2,0,0.174,-0.053,0,-0.043,0.011,-1.51,-0.215,-0.133,-0.033,-0.133,-0.033
636822,-2,0,0.174,-0.037,0,0.007,-0.023,-1.616,-0.234,-0.151,-0.05,-0.151,-0.05
636832,-2,0,0.174,-0.024,0,-0.037,0.022,-1.582,-0.202,-0.158,-0.056,-0.158,-0.056
636842,-2,0,0.174,-0.015,0,0.012,-0.008,-1.495,-0.106,-0.121,-0.033,-0.121,-0.033
636852,-2,0,0.174,-0.009,0,0.009,-0.006,-1.553,-0.004,-0.167,-0.029,-0.167,-0.029
636862,-2,0,0.174,-0.006,0,0.011,-0.002,-1.763,0.039,-0.257,-0.02,-0.257,-0.02
636872,-2,0,0.174,-0.004,0,0.05,-0.006,-2.023,0.014,-0.404,-0.012,-0.404,-0.012
636882,-2,0,0.174,-0.003,0,0.009,0.003,-2.28,0.013,-0.562,-0.009,-0.562,-0.009
636892,-2,0,0.174,-0.002,0,0.013,0.005,-2.464,-0.065,-0.646,-0.006,-0.646,-0.006
636902,-4,0,0.174,-0.002,0,0.035,-0.009,-2.505,-0.034,-0.647,-0.011,-0.647,-0.011
636912,-4,0,0.174,0,0,0.033,0.007,-2.4,0.055,-0.782,-0.003,-0.782,-0.003
636922,-4,0,0.174,-0.008,0,0.026,-0.016,-2.213,0.057,-0.891,0.002,-0.891,0.002
636932,-4,0,0.174,-0.161,0,-0.13,0.011,-1.984,0.07,-0.99,0.01,-0.99,0.01
636942,-4,0,0.174,-0.39,0.009,-0.343,0.01,-1.711,0.079,-0.905,0.019,-0.905,0.019
636952,-4,0,0.174,-0.622,0.024,-0.537,0.013,-1.472,0.085,-0.875,0.025,-0.875,0.025
636962,-4,0,0.174,-0.782,0.036,-0.732,0.031,-1.251,0.107,-0.768,0.03,-0.768,0.03
636972,-4,0,0.174,-0.896,0.047,-0.885,0.035,-1.099,0.113,-0.784,0.039,-0.784,0.039
636982,-4,0,0.174,-0.938,0.051,-0.958,0.066,-1.035,0.081,-0.837,0.048,-0.837,0.048
636992,-4,0,0.174,-0.967,0.05,-0.978,0.053,-0.984,0.075,-0.872,0.053,-0.872,0.053
637002,-4,0,0.174,-0.972,0.05,-0.975,0.047,-0.925,0.072,-0.901,0.056,-0.901,0.056
637012,-4,0,0.174,-0.913,0.047,-0.958,0.041,-0.863,0.048,-0.914,0.054,-0.914,0.054
637022,-4,0,0.174,-0.875,0.044,-0.92,0.046,-0.837,0.032,-0.923,0.049,-0.923,0.049
637032,-4,0,0.174,-0.865,0.04,-0.875,0.05,-0.816,0.026,-0.914,0.047,-0.914,0.047
637042,-4,0,0.174,-0.838,0.04,-0.851,0.037,-0.794,0.021,-0.894,0.043,-0.894,0.043
637052,-4,0,0.174,-0.812,0.038,-0.871,0.028,-0.79,0.008,-0.875,0.039,-0.875,0.039
637062,-4,0,0.174,-0.67,0.031,-0.723,0.041,-0.807,0.002,-0.866,0.035,-0.866,0.035
637072,-4,0,0.174,-0.487,0.023,-0.539,0.021,-0.819,-0.003,-0.789,0.03,-0.789,0.03
637082,-4,0,0.174,-0.321,0.015,-0.364,0.015,-0.845,-0.007,-0.672,0.021,-0.672,0.021
637092,-4,0,0.174,-0.212,0.01,-0.229,0.03,-0.893,-0.032,-0.601,0.016,-0.601,0.016
637102,-4,0,0.174,-0.143,0.007,-0.164,0.014,-0.943,-0.025,-0.5,0.011,-0.5,0.011
637112,-4,0,0.174,-0.112,0.005,-0.112,0.004,-1.01,0.005,-0.279,0.004,-0.279,0.004
637122,-4,0,0.174,-0.236,0.011,-0.168,0.009,-1.136,0.003,-0.267,0.004,-0.267,0.004
637132,-4,0,0.174,-0.416,0.015,-0.352,0.014,-1.398,-0.086,-0.279,0,-0.279,0
637142,-4,0,0.174,-0.594,0.025,-0.508,0.029,-1.81,-0.196,-0.324,-0.015,-0.324,-0.015
637152,-4,0,0.174,-0.751,0.031,-0.682,0.024,-2.206,-0.225,-0.422,-0.033,-0.422,-0.033
637162,-4,0,0.174,-0.798,0.037,-0.764,0.032,-2.543,-0.212,-0.595,-0.023,-0.595,-0.023
637172,-6,0,0.174,-0.65,0.031,-0.683,0.028,-2.763,-0.189,-0.648,-0.039,-0.648,-0.039
637182,-6,0,0.174,-0.49,0.024,-0.553,0.029,-3.017,-0.278,-0.694,-0.051,-0.694,-0.051
637192,-6,0,0.174,-0.337,0.017,-0.368,0.049,-3.24,-0.49,-0.679,-0.072,-0.679,-0.072
637202,-6,0,0.174,-0.215,0.011,-0.189,-0.015,-3.249,-0.478,-0.688,-0.119,-0.688,-0.119
637212,-6,0,0.174,-0.143,0.007,-0.16,0.018,-2.737,-0.173,-0.722,-0.138,-0.722,-0.138
637222,-6,0,0.174,-0.235,0.014,-0.309,0.009,-2.193,0.048,-0.715,-0.104,-0.715,-0.104
637232,-6,0,0.174,-0.467,0.031,-0.366,0.023,-1.884,0.164,-0.733,-0.06,-0.733,-0.06
637242,-6,0,0.174,-0.675,0.048,-0.607,0.027,-1.65,0.213,-0.745,-0.011,-0.745,-0.011
637252,-6,0,0.174,-0.701,0.051,-0.679,0.052,-1.412,0.241,-0.748,0.031,-0.748,0.031
637262,-6,0,0.174,-0.582,0.042,-0.61,0.066,-1.25,0.275,-0.758,0.065,-0.758,0.065
637272,-6,0,0.174,-0.444,0.03,-0.549,0.022,-1.199,0.238,-0.744,0.088,-0.744,0.088
637282,-6,0,0.174,-0.482,0.032,-0.462,0.026,-1.198,0.195,-0.701,0.093,-0.701,0.093
637292,-6,0,0.174,-0.631,0.047,-0.583,0.05,-1.207,0.136,-0.677,0.093,-0.677,0.093
637302,-6,0,0.174,-0.754,0.059,-0.682,0.059,-1.209,0.095,-0.667,0.082,-0.667,0.082
637312,-6,0,0.174,-0.854,0.073,-0.832,0.071,-1.208,0.075,-0.687,0.081,-0.687,0.081
637323,-6,0,0.174,-0.907,0.079,-0.917,0.067,-1.225,0.061,-0.744,0.074,-0.744,0.074
637333,-6,0,0.174,-0.767,0.066,-0.827,0.095,-1.28,0.032,-0.779,0.071,-0.779,0.071
637343,-6,0,0.174,-0.593,0.05,-0.637,0.064,-1.354,-0.009,-0.783,0.065,-0.783,0.065
637353,-6,0,0.174,-0.53,0.038,-0.52,0.023,-1.423,-0.022,-0.737,0.05,-0.737,0.05
637363,-6,0,0.174,-0.513,0.029,-0.533,0.048,-1.471,-0.037,-0.717,0.037,-0.717,0.037
637373,-8,0,0.174,-0.44,0.024,-0.472,0.018,-1.506,-0.048,-0.647,0.029,-0.647,0.029
637383,-8,0,0.174,-0.355,0.019,-0.362,0.011,-1.568,-0.038,-0.63,0.02,-0.63,0.02
637393,-8,0,0.174,-0.259,0.018,-0.278,0.026,-1.695,-0.036,-0.54,0.016,-0.54,0.016
637403,-8,0,0.174,-0.179,0.016,-0.175,0.014,-1.901,-0.046,-0.409,0.013,-0.409,0.013
637413,-8,0,0.174,-0.144,0.017,-0.14,0.026,-1.908,-0.083,-0.387,0.005,-0.387,0.005
637423,-8,0,0.174,-0.246,0.022,-0.238,0.027,-1.789,-0.065,-0.398,-0.001,-0.398,-0.001
637433,-8,0,0.174,-0.257,0.019,-0.263,0.003,-1.704,-0.02,-0.396,-0.002,-0.396,-0.002
637443,-8,0,0.174,-0.411,0.018,-0.35,0.025,-1.677,-0.009,-0.428,0,-0.428,0
637453,-8,0,0.174,-0.412,0.015,-0.404,0.032,-1.701,-0.031,-0.467,0.002,-0.467,0.002
637463,-8,0,0.174,-0.362,0.012,-0.366,0.01,-1.716,-0.028,-0.473,0,-0.473,0
637473,-8,0,0.174,-0.386,0.017,-0.349,-0.014,-1.721,-0.025,-0.483,-0.002,-0.483,-0.002
637483,-8,0,0.174,-0.579,0.025,-0.544,0.059,-1.701,-0.011,-0.501,0.005,-0.501,0.005
637493,-8,0,0.174,-0.819,0.041,-0.736,0.034,-1.69,-0.01,-0.549,0.01,-0.549,0.01
637503,-8,0,0.174,-1.001,0.045,-0.925,0.047,-1.697,0.004,-0.63,0.013,-0.63,0.013
637513,-8,0,0.174,-1.133,0.047,-1.081,0.042,-1.723,0.006,-0.833,0.025,-0.833,0.025
637523,-8,0,0.174,-1.088,0.049,-1.112,0.043,-1.739,0,-0.915,0.028,-0.915,0.028
637533,-8,0,0.174,-0.873,0.041,-0.955,0.053,-1.711,-0.006,-0.953,0.025,-0.953,0.025
637543,-8,0,0.174,-0.659,0.031,-0.743,0.049,-1.696,-0.01,-0.935,0.034,-0.935,0.034
637553,-8,0,0.174,-0.461,0.022,-0.519,0.015,-1.709,-0.007,-0.899,0.029,-0.899,0.029
637563,-8,0,0.174,-0.309,0.015,-0.348,0.015,-1.73,0.009,-0.766,0.021,-0.766,0.021
637573,-8,0,0.174,-0.202,0.009,-0.224,0.016,-1.749,0.004,-0.488,0.023,-0.488,0.023
637583,-8,0,0.174,-0.173,0.003,-0.194,0.008,-1.791,0.014,-0.397,0.018,-0.397,0.018
637593,-8,0,0.174,-0.13,0,-0.125,0.003,-1.959,0.009,-0.389,0.016,-0.389,0.016
637603,-8,0,0.174,-0.298,0.009,-0.231,0.007,-2.198,0.007,-0.346,0.011,-0.346,0.011
637613,-8,0,0.174,-0.473,0.01,-0.405,0.014,-2.523,-0.045,-0.374,0.006,-0.374,0.006
637623,-8,0,0.174,-0.426,0.009,-0.419,0.001,-2.816,-0.159,-0.426,0.001,-0.426,0.001
637633,-8,0,0.174,-0.324,0.006,-0.35,0.013,-3.087,-0.226,-0.442,-0.016,-0.442,-0.016
637643,-8,0,0.174,-0.395,0.01,-0.337,-0.022,-3.295,-0.201,-0.459,-0.031,-0.459,-0.031
637653,-8,0,0.174,-0.467,0.007,-0.413,0.026,-3.395,-0.224,-0.495,-0.043,-0.495,-0.043
637663,-8,0,0.174,-0.763,0.008,-0.658,0.017,-3.354,-0.224,-0.538,-0.045,-0.538,-0.045
637673,-8,0,0.174,-1.103,0.006,-0.975,-0.001,-3.268,-0.16,-0.648,-0.048,-0.648,-0.048
637683,-8,0,0.174,-1.379,-0.006,-1.249,-0.011,-3.282,-0.125,-0.799,-0.048,-0.799,-0.048
637693,-8,0,0.174,-1.58,-0.018,-1.503,-0.006,-3.42,-0.195,-0.973,-0.055,-0.973,-0.055
637703,-8,0,0.174,-1.695,-0.024,-1.621,-0.03,-3.586,-0.314,-1.198,-0.067,-1.198,-0.067
637713,-8,0,0.174,-1.76,-0.018,-1.715,-0.017,-3.742,-0.377,-1.359,-0.092,-1.359,-0.092
637723,-8,0,0.174,-1.816,-0.013,-1.771,-0.033,-3.821,-0.335,-1.481,-0.116,-1.481,-0.116
637733,-8,0,0.174,-1.898,-0.018,-1.867,-0.004,-3.702,-0.19,-1.592,-0.122,-1.592,-0.122
637743,-8,0,0.174,-2,-0.024,-1.991,-0.027,-3.442,-0.029,-1.754,-0.088,-1.754,-0.088
637753,-8,0,0.174,-2.065,-0.025,-2.019,-0.03,-3.306,0.085,-1.831,-0.065,-1.831,-0.065
637763,-8,0,0.174,-2.033,-0.021,-2.038,-0.019,-3.342,0.162,-1.909,-0.034,-1.909,-0.034
637773,-8,0,0.174,-1.642,-0.015,-1.756,-0.027,-3.441,0.189,-1.947,-0.007,-1.947,-0.007
637783,-8,0,0.174,-1.191,-0.005,-1.315,-0.022,-3.591,0.243,-1.883,0.013,-1.883,0.013
637793,-8,0,0.174,-0.817,0.006,-0.929,0.008,-3.768,0.279,-1.803,0.04,-1.803,0.04
637803,-8,0,0.174,-0.539,0.001,-0.592,0.015,-3.874,0.293,-1.7,0.067,-1.7,0.067
637813,-8,0,0.174,-0.348,0,-0.405,-0.012,-3.825,0.305,-1.52,0.085,-1.52,0.085
637823,-8,0,0.174,-0.221,0,-0.26,-0.001,-3.771,0.295,-1.139,0.082,-1.139,0.082
637833,-8,0,0.174,-0.263,0.006,-0.219,0.007,-3.87,0.243,-1.073,0.096,-1.073,0.096
637843,-8,0,0.174,-0.72,0.041,-0.528,0.024,-4.116,0.194,-1.015,0.098,-1.015,0.098
637853,-8,0,0.174,-1.223,0.078,-1.032,0.071,-4.424,0.167,-1.033,0.096,-1.033,0.096
637863,-8,0,0.174,-1.556,0.112,-1.461,0.104,-4.734,0.095,-1.162,0.098,-1.162,0.098
637873,-8,0,0.174,-1.371,0.102,-1.425,0.087,-5.007,0.064,-1.309,0.095,-1.309,0.095
637883,-8,0,0.174,-1.031,0.078,-1.133,0.102,-5.254,0.08,-1.399,0.092,-1.399,0.092
637893,-8,0,0.174,-0.72,0.055,-0.835,0.078,-5.243,0.095,-1.44,0.093,-1.44,0.093
637904,-8,0,0.174,-0.483,0.037,-0.553,0.03,-4.95,0.156,-1.356,0.087,-1.356,0.087
637913,-8,0,0.174,-0.289,0.022,-0.327,0.022,-4.83,0.183,-1.286,0.092,-1.286,0.092
637923,-8,0,0.174,-0.202,0.016,-0.223,0.035,-4.934,0.146,-1.233,0.092,-1.233,0.092
637933,-8,0,0.174,-0.128,0.01,-0.122,0.007,-5.085,0.101,-0.799,0.062,-0.799,0.062
637943,-8,0,0.174,-0.081,0.006,-0.075,0.007,-5.238,0.093,-0.749,0.059,-0.749,0.059
637953,-8,0,0.174,-0.051,0.004,-0.051,0.005,-5.394,0.082,-0.756,0.056,-0.756,0.056
637963,-8,0,0.174,-0.032,0.002,-0.047,-0.004,-5.461,0.06,-0.719,0.048,-0.719,0.048
637973,-8,0,0.174,-0.02,0.002,-0.014,0,-5.289,0.061,-0.692,0.043,-0.692,0.043
637983,-8,0,0.174,-0.012,0,0.014,-0.015,-5.149,0.105,-0.583,0.039,-0.583,0.039
637993,-8,0,0.174,-0.008,0,0.005,0.014,-5.174,0.126,-0.516,0.037,-0.516,0.037
638003,-8,0,0.174,-0.005,0,0.011,0.017,-5.333,0.098,-0.289,0.029,-0.289,0.029
638013,-8,0,0.174,-0.003,0,0.018,-0.005,-5.51,0.03,-0.326,0.028,-0.326,0.028
638023,-8,0,0.174,-0.003,0,0.015,-0.02,-5.569,0.039,-0.377,0.024,-0.377,0.024
638033,-8,0,0.174,-0.002,0.007,-0.036,0.016,-5.425,0.055,-0.372,0.024,-0.372,0.024
638043,-8,0,0.174,-0.002,0.014,0.029,0.004,-5.259,0.094,-0.426,0.029,-0.426,0.029
638053,-8,0,0.174,-0.001,0.013,0.021,0.023,-5.24,0.094,-0.405,0.033,-0.405,0.033
638063,-8,0,0.174,0,0.01,0.006,0.016,-5.365,0.072,-0.186,0.026,-0.186,0.026
638073,-8,0,0.174,0,0.007,0.025,0.003,-5.542,0.058,-0.14,0.022,-0.14,0.022
638083,-8,0,0.174,0.068,-0.153,0.041,-0.043,-5.638,0.043,-0.195,0.023,-0.195,0.023
638093,-8,0,0.174,0.498,-0.431,0.354,-0.432,-5.576,-0.004,-0.213,-0.031,-0.213,-0.031
638103,-8,0,0.174,0.548,0.751,0.504,0.34,-5.423,0.028,-0.193,-0.063,-0.193,-0.063
638113,-8,0,0.174,1.195,2.142,0.972,1.672,-5.382,0.036,-0.156,0.077,-0.156,0.077
638123,-8,0,0.174,1.991,2.753,1.708,2.584,-5.46,0.042,0.21,0.613,0.21,0.613
638133,-8,0,0.174,2.188,2.342,2.185,2.491,-5.569,0.029,0.792,1.208,0.792,1.208
638143,-8,0,0.174,1.786,1.736,1.951,1.923,-5.681,0.017,0.827,1.173,0.827,1.173
638153,-8,0,0.174,1.302,1.202,1.438,1.398,-5.671,0.032,0.562,1.065,0.562,1.065
638163,-8,0,0.174,0.894,0.8,1.019,0.937,-5.559,0.074,-0.145,0.953,-0.145,0.953
638173,-8,0,0.174,0.582,0.521,0.707,0.605,-5.509,0.077,-0.813,0.808,-0.813,0.808
638183,-8,0,0.174,0.376,0.337,0.468,0.401,-5.534,0.065,-1.165,0.641,-1.165,0.641
638193,-8,0,0.174,0.237,0.217,0.31,0.247,-5.619,0.008,-0.66,0.458,-0.66,0.458
638203,-8,0,0.174,0.136,0.142,0.185,0.167,-5.742,-0.003,-1.142,0.386,-1.142,0.386
638213,-8,0,0.174,0.071,0.093,0.086,0.12,-5.81,-0.013,-1.679,0.311,-1.679,0.311
638223,-8,0,0.174,0.038,0.06,0.026,0.072,-5.724,0.011,-1.97,0.233,-1.97,0.233
638233,-8,0,0.174,0.038,0.022,0.058,0.04,-5.621,-0.005,-2.499,0.189,-2.499,0.189
638243,-8,0,0.174,0.042,-0.006,0.097,-0.025,-5.58,-0.009,-1.926,0.095,-1.926,0.095
638253,-8,0,0.174,0.036,-0.012,0.036,-0.002,-5.664,-0.031,-2.265,0.07,-2.265,0.07
638263,-8,0,0.174,0.026,-0.011,0.031,0,-5.854,-0.056,-2.477,0.043,-2.477,0.043
638273,-8,0,0.174,0.017,-0.004,0.026,-0.002,-5.972,-0.069,-2.75,0.025,-2.75,0.025
638283,-8,0,0.174,0.017,-0.003,0.012,-0.048,-5.874,-0.057,-2.758,0.005,-2.758,0.005
638293,-8,0,0.174,0.014,-0.006,0.02,0.01,-5.709,-0.071,-2.894,-0.005,-2.894,-0.005
638303,-8,0,0.174,0.01,-0.007,0.014,-0.001,-5.701,-0.085,-1.856,-0.005,-1.856,-0.005
638313,-8,0,0.174,0.006,-0.005,0.01,-0.006,-5.839,-0.116,-2.09,-0.014,-2.09,-0.014
638323,-8,0,0.174,0.004,-0.004,0.031,-0.012,-5.988,-0.092,-1.432,-0.021,-1.432,-0.021
638333,-8,0,0.174,0.005,-0.004,0.04,-0.01,-5.988,-0.099,-1.84,-0.027,-1.84,-0.027
638343,-8,0,0.174,0.004,-0.004,-0.026,0.012,-5.851,-0.086,-2.07,-0.028,-2.07,-0.028
638353,-8,0,0.174,0.003,-0.007,-0.004,-0.003,-5.796,-0.078,-2.432,-0.029,-2.432,-0.029
638363,-8,0,0.174,0.008,-0.013,0.024,-0.026,-5.863,-0.064,-2.87,-0.032,-2.87,-0.032
638373,-8,0,0.174,0.024,0.004,0.067,-0.008,-5.915,-0.077,-2.65,-0.033,-2.65,-0.033
638383,-8,0,0.174,0.028,-0.001,0.029,0.019,-5.912,-0.079,-3.089,-0.036,-3.089,-0.036
638393,-8,0,0.174,0.023,-0.002,0.003,0.011,-5.887,-0.07,-3.015,-0.028,-3.015,-0.028
638403,-8,0,0.174,0.019,-0.001,0.024,-0.015,-5.879,-0.055,-3.284,-0.029,-3.284,-0.029
638413,-8,0,0.174,0.018,0.003,0.04,-0.002,-5.892,-0.059,-3.407,-0.029,-3.407,-0.029
638423,-8,0,0.174,0.02,0.018,0.045,0,-5.886,-0.057,-3.234,-0.026,-3.234,-0.026
638433,-8,0,0.174,0.023,0.018,0.017,0.032,-5.884,-0.053,-3.422,-0.022,-3.422,-0.022
638443,-8,0,0.174,0.021,0.013,0.012,0.015,-5.904,-0.015,-3.341,-0.013,-3.341,-0.013
638453,-8,0,0.174,0.012,0.01,0.032,-0.019,-5.922,-0.004,-3.457,-0.009,-3.457,-0.009
638463,-8,0,0.174,0.005,0.007,0.039,0.015,-5.91,-0.024,-3.224,-0.005,-3.224,-0.005
638473,-8,0,0.174,0,0.01,0.015,0.018,-5.868,-0.066,-3.114,-0.006,-3.114,-0.006
638483,-8,0,0.174,0,0.006,-0.015,0.013,-5.862,-0.081,-2.982,-0.009,-2.982,-0.009
638493,-8,0,0.174,-0.008,0.014,-0.01,0.007,-5.895,-0.108,-3.193,-0.018,-3.193,-0.018
638503,-8,0,0.174,-0.016,0.018,0.017,0.016,-5.942,-0.098,-3.359,-0.025,-3.359,-0.025
638513,-8,0,0.174,-0.016,0.015,0.01,0.015,-5.934,-0.111,-3.323,-0.026,-3.323,-0.026
638523,-8,0,0.174,-0.011,0.032,-0.029,0.023,-5.916,-0.095,-3.555,-0.028,-3.555,-0.028
638533,-8,0,0.174,0.006,0.019,-0.015,0.018,-5.934,-0.103,-3.366,-0.023,-3.366,-0.023
638543,0,0,0.174,0.011,0.013,0.021,0.005,-5.993,-0.097,-3.596,-0.028,-3.596,-0.028
638553,0,0,0.174,0.008,0.011,0.057,0.006,-6,-0.105,-3.59,-0.031,-3.59,-0.031
638563,0,0,0.174,-0.526,-0.005,-0.311,0.022,-5.97,-0.089,-3.766,-0.031,-3.766,-0.031
638573,0,0,0.174,-1.465,-0.077,-1.162,-0.061,-5.997,-0.077,-3.838,-0.034,-3.838,-0.034
638583,0,0,0.174,-2.312,-0.154,-2.033,-0.139,-6.052,-0.066,-3.906,-0.051,-3.906,-0.051
638593,0,0,0.174,-2.97,-0.229,-2.721,-0.217,-6.071,-0.072,-4.001,-0.073,-4.001,-0.073
638603,0,0,0.174,-3.442,-0.284,-3.28,-0.243,-6.018,-0.067,-4.081,-0.099,-4.081,-0.099
638613,0,0,0.174,-3.748,-0.299,-3.644,-0.298,-6.004,-0.091,-4.195,-0.122,-4.195,-0.122
638623,0,0,0.174,-3.97,-0.306,-3.894,-0.317,-6.003,-0.12,-4.272,-0.157,-4.272,-0.157
638633,0,0,0.174,-4.122,-0.309,-4.084,-0.317,-5.829,-0.124,-4.306,-0.197,-4.306,-0.197
638643,0,0,0.174,-4.215,-0.324,-4.192,-0.323,-5.486,-0.074,-4.367,-0.206,-4.367,-0.206
638653,0,0,0.174,-4.268,-0.318,-4.25,-0.313,-5.13,-0.047,-4.369,-0.22,-4.369,-0.22
638663,0,0,0.174,-4.249,-0.267,-4.262,-0.287,-4.848,0.052,-4.385,-0.205,-4.385,-0.205
638673,0,0,0.174,-4.216,-0.194,-4.228,-0.227,-4.609,0.186,-4.383,-0.172,-4.383,-0.172
638683,0,0,0.174,-4.199,-0.103,-4.222,-0.153,-4.321,0.301,-4.36,-0.121,-4.36,-0.121
638693,0,0,0.174,-4.174,-0.005,-4.203,-0.003,-4.026,0.328,-4.327,-0.06,-4.327,-0.06
638703,0,0,0.174,-4.154,0.097,-4.174,0.064,-3.807,0.383,-4.263,0.011,-4.263,0.011
638713,0,0,0.174,-4.143,0.195,-4.161,0.149,-3.513,0.413,-4.209,0.073,-4.209,0.073
638724,0,0,0.174,-4.101,0.281,-4.141,0.236,-3.139,0.416,-4.146,0.136,-4.146,0.136
638733,0,0,0.174,-4.044,0.349,-4.108,0.335,-2.685,0.21,-4.056,0.193,-4.056,0.193
638743,0,0,0.174,-4.006,0.403,-4.057,0.423,-2.499,-0.042,-3.988,0.193,-3.988,0.193
638753,0,0,0.174,-3.992,0.471,-4.024,0.445,-2.449,-0.258,-3.902,0.162,-3.902,0.162
638763,0,0,0.174,-3.965,0.527,-4.007,0.488,-2.468,-0.236,-3.831,0.135,-3.831,0.135
638773,0,0,0.174,-3.921,0.559,-3.926,0.585,-2.467,-0.103,-3.805,0.221,-3.805,0.221
638783,0,0,0.174,-3.84,0.576,-3.884,0.571,-2.498,0.069,-3.76,0.246,-3.76,0.246
638793,0,0,0.174,-3.735,0.573,-3.792,0.559,-2.473,0.094,-3.716,0.276,-3.716,0.276
638803,0,0,0.174,-3.628,0.54,-3.684,0.562,-2.237,-0.118,-3.654,0.279,-3.654,0.279
638813,0,0,0.174,-3.045,0.439,-3.296,0.493,-1.794,-0.6,-3.55,0.28,-3.55,0.28
638824,0,0,0.174,-2.255,0.32,-2.545,0.368,-1.27,-1.215,-3.331,0.191,-3.331,0.191
638833,0,0,0.174,-1.432,0.201,-1.718,0.24,-0.802,-1.664,-2.969,-0.01,-2.969,-0.01
638843,0,0,0.174,-1.037,0.145,-1.235,0.171,-0.646,-1.723,-2.72,-0.154,-2.72,-0.154
638853,0,0,0.174,-0.677,0.095,-0.808,0.125,-0.71,-1.594,-2.42,-0.321,-2.42,-0.321
638863,0,0,0.174,-0.423,0.059,-0.518,0.053,-1.218,-1.06,-1.82,-0.329,-1.82,-0.329
638873,0,0,0.174,-0.173,-0.055,-0.272,-0.024,-1.879,-0.315,-1.49,-0.297,-1.49,-0.297
638883,0,0,0.174,-0.048,-0.123,-0.096,-0.109,-2.412,0.383,-0.861,-0.151,-0.861,-0.151
638893,0,0,0.174,-0.003,-0.117,-0.022,-0.131,-2.91,0.905,-0.772,-0.056,-0.772,-0.056
638903,0,0,0.174,-0.298,-0.056,-0.12,-0.092,-3.423,1.087,-0.668,0.054,-0.668,0.054
638913,0,0,0.174,-0.983,0.067,-0.752,0.034,-3.819,1.029,-0.663,0.151,-0.663,0.151
638923,0,0,0.174,-1.635,0.172,-1.43,0.137,-4.194,0.889,-0.881,0.209,-0.881,0.209
638933,0,0,0.174,-2.154,0.255,-1.976,0.215,-4.564,0.7,-1.126,0.265,-1.126,0.265
638943,0,0,0.174,-2.548,0.315,-2.391,0.31,-4.849,0.536,-1.487,0.302,-1.487,0.302
638953,0,0,0.174,-2.816,0.355,-2.694,0.315,-4.964,0.347,-1.911,0.319,-1.911,0.319
638963,0,0,0.174,-3.001,0.361,-2.941,0.378,-4.822,0.084,-2.219,0.306,-2.219,0.306
638973,0,0,0.174,-3.099,0.335,-3.094,0.359,-4.249,-0.219,-2.538,0.256,-2.538,0.256
638983,0,0,0.174,-3.107,0.291,-3.128,0.324,-3.347,-0.323,-2.811,0.195,-2.811,0.195
638993,0,0,0.174,-2.649,0.225,-2.856,0.228,-2.227,-0.289,-2.797,0.136,-2.797,0.136
639003,0,0,0.174,-1.965,0.159,-2.216,0.173,-1.074,-0.236,-2.504,0.092,-2.504,0.092
639013,0,0,0.174,-1.362,0.108,-1.602,0.142,0.008,-0.377,-2.04,0.042,-2.04,0.042
639023,0,0,0.174,-0.909,0.071,-1.099,0.09,0.926,-0.705,-1.504,-0.033,-1.504,-0.033
639033,0,0,0.174,-0.591,0.046,-0.724,0.052,1.555,-0.925,-0.975,-0.106,-0.975,-0.106
639043,0,0,0.174,-0.379,0.029,-0.488,0.023,1.831,-1.191,-0.554,-0.109,-0.554,-0.109
639053,0,0,0.174,-0.24,0.018,-0.325,0.033,1.714,-1.595,-0.316,-0.205,-0.316,-0.205
639063,0,0,0.174,-0.151,0.011,-0.215,0.026,1.191,-1.963,-0.116,-0.379,-0.116,-0.379
639073,0,0,0.174,-0.095,0.007,-0.163,0.014,0.261,-1.893,-0.019,-0.587,-0.019,-0.587
639083,0,0,0.174,-0.303,0.046,-0.122,-0.068,-0.757,-1.178,-0.079,-0.718,-0.079,-0.718
639093,0,0,0.174,-0.852,0.117,-0.625,0.17,-1.545,-0.171,-0.283,-0.622,-0.283,-0.622
639103,0,0,0.174,-1.386,0.175,-1.217,0.149,-2.108,0.864,-0.594,-0.393,-0.594,-0.393
639113,0,0,0.174,-1.766,0.213,-1.659,0.171,-2.432,1.827,-0.951,-0.053,-0.951,-0.053
639123,0,0,0.174,-2.049,0.229,-1.982,0.204,-2.57,2.397,-1.366,0.311,-1.366,0.311
639133,0,0,0.174,-2.293,0.228,-2.231,0.207,-2.533,2.681,-1.662,0.639,-1.662,0.639
639143,0,0,0.174,-2.408,0.203,-2.39,0.216,-2.315,2.784,-1.852,0.951,-1.852,0.951
639153,0,0,0.174,-2.462,0.186,-2.478,0.234,-1.809,2.487,-2.01,1.016,-2.01,1.016
639163,0,0,0.174,-2.484,0.176,-2.508,0.169,-1.248,1.949,-2.011,1.013,-2.011,1.013
639173,0,0,0.174,-2.467,0.164,-2.508,0.152,-0.79,1.203,-1.92,0.937,-1.92,0.937
639183,0,0,0.174,-2.429,0.142,-2.463,0.153,-0.346,0.277,-1.754,0.801,-1.754,0.801
639193,0,0,0.174,-2.363,0.124,-2.411,0.151,0.19,-0.703,-1.627,0.521,-1.627,0.521
639203,0,0,0.174,-2.233,0.102,-2.351,0.096,0.743,-1.388,-1.458,0.24,-1.458,0.24
639213,0,0,0.174,-1.78,0.076,-1.972,0.086,1.179,-1.668,-1.532,0.032,-1.532,0.032
639223,0,0,0.174,-1.281,0.052,-1.481,0.07,1.492,-1.807,-1.257,-0.119,-1.257,-0.119
639233,0,0,0.174,-0.873,0.035,-1.023,0.048,1.623,-1.984,-0.9,-0.303,-0.9,-0.303
639243,0,0,0.174,-0.576,0.023,-0.707,0.02,1.668,-1.971,-0.562,-0.468,-0.562,-0.468
639253,0,0,0.174,-0.372,0.015,-0.464,0.001,1.456,-1.531,-0.292,-0.574,-0.292,-0.574
639263,0,0,0.174,-0.238,0.009,-0.276,-0.006,0.702,-0.62,-0.13,-0.55,-0.13,-0.55
639273,0,0,0.174,-0.274,0.03,-0.283,0.005,-0.141,0.146,-0.13,-0.361,-0.13,-0.361
639283,0,0,0.174,-0.57,0.109,-0.47,0.085,-0.837,0.932,-0.211,-0.193,-0.211,-0.193
639293,0,0,0.174,-0.716,0.154,-0.689,0.121,-1.386,1.77,-0.388,0.059,-0.388,0.059
639303,0,0,0.174,-0.611,0.134,-0.583,0.117,-1.737,2.281,-0.601,0.339,-0.601,0.339
639313,0,0,0.174,-0.462,0.106,-0.52,0.149,-1.846,2.271,-0.782,0.613,-0.782,0.613
639323,0,0,0.174,-0.326,0.077,-0.432,0.051,-1.967,1.754,-0.94,0.789,-0.94,0.789
639333,0,0,0.174,-0.314,0.09,-0.34,0.077,-1.953,0.829,-0.909,0.63,-0.909,0.63
639343,0,0,0.174,-0.249,0.076,-0.29,0.092,-1.682,-0.076,-0.862,0.442,-0.862,0.442
639353,0,0,0.174,-0.208,0.065,-0.27,0.071,-1.278,-0.525,-0.681,0.231,-0.681,0.231
639363,0,0,0.174,-0.178,0.055,-0.188,0.073,-0.936,-0.338,-0.66,0.141,-0.66,0.141
639373,0,0,0.174,-0.171,0.053,-0.199,0.022,-0.764,0.12,-0.56,0.1,-0.56,0.1
639383,0,0,0.174,-0.196,0.055,-0.214,0.087,-0.695,0.332,-0.524,0.112,-0.524,0.112
639393,0,0,0.174,-0.393,0.1,-0.356,0.095,-0.634,0.323,-0.465,0.129,-0.465,0.129
639403,0,0,0.174,-0.428,0.106,-0.464,0.102,-0.511,0.285,-0.468,0.143,-0.468,0.143
639413,0,0,0.174,-0.348,0.085,-0.406,0.097,-0.297,0.186,-0.45,0.14,-0.45,0.14
639423,0,0,0.174,-0.252,0.062,-0.32,0.08,-0.08,0.036,-0.401,0.12,-0.401,0.12
639433,0,0,0.174,-0.173,0.042,-0.224,0.064,0.073,-0.129,-0.337,0.094,-0.337,0.094
639443,0,0,0.174,-0.135,0.032,-0.166,0.045,0.076,-0.177,-0.267,0.056,-0.267,0.056
639453,0,0,0.174,-0.235,0.062,-0.228,0.04,-0.096,-0.069,-0.219,0.031,-0.219,0.031
639463,0,0,0.174,-0.368,0.104,-0.365,0.087,-0.273,0.011,-0.226,0.029,-0.226,0.029
639473,0,0,0.174,-0.424,0.119,-0.445,0.119,-0.358,0.083,-0.268,0.046,-0.268,0.046
639483,0,0,0.174,-0.35,0.098,-0.391,0.113,-0.266,0.091,-0.3,0.065,-0.3,0.065
639493,0,0,0.174,-0.256,0.072,-0.305,0.087,-0.067,-0.003,-0.293,0.069,-0.293,0.069
639503,0,0,0.174,-0.176,0.049,-0.237,0.066,0.107,-0.133,-0.252,0.055,-0.252,0.055
639513,0,0,0.174,-0.118,0.033,-0.172,0.035,0.172,-0.199,-0.197,0.028,-0.197,0.028
639523,0,0,0.174,-0.094,0.025,-0.123,0.03,0.115,-0.168,-0.148,0,-0.148,0
639533,0,0,0.174,-0.081,0.021,-0.076,0.007,-0.028,-0.055,-0.116,-0.007,-0.116,-0.007
639543,0,0,0.174,-0.112,0.046,-0.107,0.043,-0.124,0.043,-0.104,0.002,-0.104,0.002
639553,0,0,0.174,-0.148,0.075,-0.169,0.075,-0.161,0.085,-0.117,0.019,-0.117,0.019
639563,0,0,0.174,-0.13,0.069,-0.16,0.078,-0.111,0.043,-0.132,0.041,-0.132,0.041
639573,0,0,0.174,-0.098,0.053,-0.13,0.059,-0.003,-0.061,-0.128,0.046,-0.128,0.046
639583,0,0,0.174,-0.068,0.037,-0.113,0.048,0.082,-0.172,-0.115,0.038,-0.115,0.038
639593,0,0,0.174,-0.046,0.025,-0.072,0.043,0.084,-0.17,-0.093,0.017,-0.093,0.017
639603,0,0,0.174,-0.03,0.016,-0.025,0.024,0.039,-0.07,-0.069,0.004,-0.069,0.004
639613,0,0,0.174,-0.019,0.011,-0.033,0.024,0.022,-0.018,-0.048,0.007,-0.048,0.007
639623,0,0,0.174,-0.012,0.007,-0.038,0.02,0.027,0.004,-0.038,0.011,-0.038,0.011
639633,0,0,0.174,-0.008,0.004,-0.022,0.011,0.037,0.009,-0.031,0.013,-0.031,0.013
639643,0,0,0.174,-0.005,0.003,-0.009,0.01,0.049,0.011,-0.022,0.013,-0.022,0.013
639653,0,0,0.174,-0.003,0.002,-0.003,0.004,0.065,0.007,-0.006,0.01,-0.006,0.01
639663,0,0,0.174,0.006,0,-0.004,0.004,0.083,-0.004,0,0.008,0,0.008
639673,0,0,0.174,0.02,0,0.01,0.004,0.096,-0.018,0.004,0.005,0.004,0.005
639683,0,0,0.174,0.035,-0.004,0.029,0.003,0.105,-0.029,0.013,0.003,0.013,0.003
639693,0,0,0.174,0.051,-0.016,0.05,-0.011,0.111,-0.038,0.032,-0.003,0.032,-0.003
639703,0,0,0.174,0.062,-0.025,0.059,-0.02,0.117,-0.047,0.047,-0.011,0.047,-0.011
639713,0,0,0.174,0.072,-0.032,0.066,-0.029,0.12,-0.051,0.058,-0.02,0.058,-0.02
639723,0,0,0.174,0.082,-0.038,0.08,-0.038,0.122,-0.057,0.072,-0.032,0.072,-0.032
639733,0,0,0.174,0.097,-0.046,0.094,-0.041,0.12,-0.062,0.08,-0.036,0.08,-0.036
639743,0,0,0.174,0.102,-0.049,0.102,-0.048,0.117,-0.063,0.091,-0.041,0.091,-0.041
639753,0,0,0.174,0.102,-0.049,0.107,-0.052,0.111,-0.062,0.104,-0.05,0.104,-0.05
639763,0,0,0.174,0.1,-0.05,0.104,-0.05,0.102,-0.062,0.105,-0.051,0.105,-0.051
639773,0,0,0.174,0.098,-0.051,0.101,-0.052,0.092,-0.059,0.103,-0.051,0.103,-0.051
639783,0,0,0.174,0.093,-0.05,0.1,-0.053,0.081,-0.054,0.101,-0.052,0.101,-0.052
639793,0,0,0.174,0.085,-0.047,0.092,-0.051,0.069,-0.048,0.096,-0.052,0.096,-0.052
639803,0,0,0.174,0.069,-0.04,0.078,-0.045,0.059,-0.043,0.086,-0.049,0.086,-0.049
639813,0,0,0.174,0.051,-0.029,0.061,-0.036,0.047,-0.035,0.075,-0.043,0.075,-0.043
639823,0,0,0.174,0.035,-0.02,0.044,-0.026,0.036,-0.029,0.055,-0.032,0.055,-0.032
639833,0,0,0.174,0.023,-0.014,0.03,-0.018,0.026,-0.023,0.037,-0.022,0.037,-0.022
639843,0,0,0.174,0.015,-0.009,0.02,-0.012,0.016,-0.016,0.024,-0.014,0.024,-0.014
639853,0,0,0.174,0.01,-0.006,0.012,-0.008,0.008,-0.009,0.017,-0.011,0.017,-0.011
639863,0,0,0.174,0.006,-0.004,0.007,-0.004,0.002,-0.005,0.009,-0.006,0.009,-0.006
639873,0,0,0.174,0.004,-0.002,0,0,-0.001,-0.002,0.001,-0.001,0.001,-0.001
639883,0,0,0.174,0.002,-0.001,0,0,-0.003,-0.001,0,0,0,0
639893,0,0,0.174,0.001,0,0,0,-0.002,-0.001,0,0,0,0
639903,0,0,0.174,0,0,0,0,-0.001,0,0,0,0,0
639913,0,0,0.174,0,0,0,0,0,0,0,0,0,0
639923,0,0,0.174,0,0,0,0,0.001,0,0,0,0,0
639933,0,0,0.174,0,0,0,0,0.001,0,0,0,0,0
639943,0,0,0.174,0,0,0,0,0.001,0,0,0,0,0
639953,0,0,0.174,0,0,0,0,0,0,0,0,0,0
639963,0,0,0.174,0,0,0,0,0,0,0,0,0,0
639973,0,0,0.174,0,0,0,0,0,0,0,0,0,0
639983,0,0,0.174,0,0,0,0,0,0,0,0,0,0
639993,0,0,0.174,0,0,0,0,0,0,0,0,0,0
640003,0,0,0.174,0,0,0,0,0,0,0,0,0,0
640013,0,0,0.174,0,0,0,0,0,0,0,0,0,0
640023,0,0,0.174,0,0,0,0,0,0,0,0,0,0
640033,0,0,0.174,0,0,0,0,0,0,0,0,0,0
640043,0,0,0.174,0,0,0,0,0,0,0,0,0,0
640053,0,0,0.174,0,0,0,0,0,0,0,0,0,0
640063,0,0,0.174,0,0,0,0,0,0,0,0,0,0
640073,0,0,0.174,0,0,0,0,0,0,0,0,0,0
640083,0,0,0.174,0,0,0,0,0,0,0,0,0,0
640093,0,0,0.174,0,0,0,0,0,0,0,0,0,0
640103,0,0,0.174,0,0,0,0,0,0,0,0,0,0
640113,0,0,0.174,0,0,0,0,0,0,0,0,0,0
640123,0,0,0.174,0,0,0,0,0,0,0,0,0,0
640133,0,0,0.174,0,0,0,0,0,0,0,0,0,0
640143,0,0,0.174,0,0,0,0,0,0,0,0,0,0
640153,0,0,0.174,0,0,0,0,0,0,0,0,0,0
640163,0,0,0.174,0,0,0,0,0,0,0,0,0,0
640173,0,0,0.174,0,0,0,0,0,0,0,0,0,0
640183,0,0,0.174,0,0,0,0,0,0,0,0,0,0
640193,0,0,0.174,0,0,0,0,0,0,0,0,0,0
640203,0,0,0.174,0,0,0,0,0,0,0,0,0,0
640213,0,0,0.174,0,0,0,0,0,0,0,0,0,0
640223,0,0,0.174,0,0,0,0,0,0,0,0,0,0
640233,0,0,0.174,0,0,0,0,0,0,0,0,0,0
640243,0,0,0.174,0,0,0,0,0,0,0,0,0,0
640253,0,0,0.174,0,0,0,0,0,0,0,0,0,0
640263,0,0,0.174,0,0,0,0,0,0,0,0,0,0
640273,0,0,0.174,0,0,0,0,0,0,0,0,0,0
640283,0,0,0.174,0,0,0,0,0,0,0,0,0,0
640293,0,0,0.174,0,0,0,0,0,0,0,0,0,0
640303,0,0,0.174,0,0,0,0,0,0,0,0,0,0
640313,0,0,0.174,0,0,0,0,0,0,0,0,0,0
640323,0,0,0.174,0,0,0,0,0,0,0,0,0,0
640333,0,0,0.174,0,0,0,0,0,0,0,0,0,0
640343,0,0,0.174,0,0,0,0,0,0,0,0,0,0
640353,0,0,0.174,0,0,0,0,0,0,0,0,0,0
640363,0,0,0.174,0,0,0,0,0,0,0,0,0,0
640373,0,0,0.174,0,0,0,0,0,0,0,0,0,0
640383,0,0,0.174,0,0,0,0,0,0,0,0,0,0
640393,0,0,0.174,0,0,0,0,0,0,0,0,0,0
640403,0,0,0.174,0,0,0,0,0,0,0,0,0,0
640413,0,0,0.174,0,0,0,0,0,0,0,0,0,0
640423,0,0,0.174,0,0,0,0,0,0,0,0,0,0
640432,0,0,0.174,0,0,0,0,0,0,0,0,0,0
640442,0,0,0.174,0,0,0,0,0,0,0,0,0,0
640452,0,0,0.174,0,0,0,0,0,0,0,0,0,0
640462,0,0,0.174,0,0,0,0,0,0,0,0,0,0
640472,0,0,0.174,0,0,0,0,0,0,0,0,0,0
640482,0,0,0.174,0,0,0,0,0,0,0,0,0,0
640492,0,0,0.174,0,0,0,0,0,0,0,0,0,0
640502,0,0,0.174,0,0,0,0,0,0,0,0,0,0
640512,0,0,0.174,0,0,0,0,0,0,0,0,0,0
640522,0,0,0.174,0,0,0,0,0,0,0,0,0,0
640532,0,0,0.174,0,0,0,0,0,0,0,0,0,0
640542,0,0,0.174,0,0,0,0,0,0,0,0,0,0
640552,0,0,0.174,0,0,0,0,0,0,0,0,0,0
640562,0,0,0.174,0,0,0,0,0,0,0,0,0,0
640572,0,0,0.174,0,0,0,0,0,0,0,0,0,0
640582,0,0,0.174,0,0,0,0,0,0,0,0,0,0
640592,0,0,0.174,0,0,0,0,0,0,0,0,0,0
640602,0,0,0.174,0,0,0,0,0,0,0,0,0,0
640612,0,0,0.174,0,0,0,0,0,0,0,0,0,0
640622,0,0,0.174,0,0,0,0,0,0,0,0,0,0
640632,0,0,0.174,0,0,0,0,0,0,0,0,0,0
640642,0,0,0.174,0,0,0,0,0,0,0,0,0,0
640652,0,0,0.174,0,0,0,0,0,0,0,0,0,0
640662,0,0,0.174,0,0,0,0,0,0,0,0,0,0
640672,0,0,0.174,0,0,0,0,0,0,0,0,0,0
640682,0,0,0.174,0,0,0,0,0,0,0,0,0,0
640692,0,0,0.174,0,0,0,0,0,0,0,0,0,0
640702,0,0,0.174,0,0,0,0,0,0,0,0,0,0
640712,0,0,0.174,0,0,0,0,0,0,0,0,0,0
640722,0,0,0.174,0,0,0,0,0,0,0,0,0,0
640732,0,0,0.174,0,0,0,0,0,0,0,0,0,0
640742,0,0,0.174,0,0,0,0,0,0,0,0,0,0
640752,0,0,0.174,0,0,0,0,0,0,0,0,0,0
640762,0,0,0.174,0,0,0,0,0,0,0,0,0,0
640772,0,0,0.174,0,0,0,0,0,0,0,0,0,0
640782,0,0,0.174,0,0,0,0,0,0,0,0,0,0
640792,0,0,0.174,0,0,0,0,0,0,0,0,0,0
640802,0,0,0.174,0,0,0,0,0,0,0,0,0,0
640812,0,0,0.174,0,0,0,0,0,0,0,0,0,0
640822,0,0,0.174,0,0,0,0,0,0,0,0,0,0
640832,0,0,0.174,0,0,0,0,0,0,0,0,0,0
640842,0,0,0.174,0,0,0,0,0,0,0,0,0,0
640852,0,0,0.174,0,0,0,0,0,0,0,0,0,0
640862,0,0,0.174,0,0,0,0,0,0,0,0,0,0
640872,0,0,0.174,0,0,0,0,0,0,0,0,0,0
640882,0,0,0.174,0,0,0,0,0,0,0,0,0,0
640892,0,0,0.174,0,0,0,0,0,0,0,0,0,0
640902,0,0,0.174,0,0,0,0,0,0,0,0,0,0
640912,0,0,0.174,0,0,0,0,0,0,0,0,0,0
640922,0,0,0.174,0,0,0,0,0,0,0,0,0,0
640932,0,0,0.174,0,0,0,0,0,0,0,0,0,0
640942,0,0,0.174,0,0,0,0,0,0,0,0,0,0
640952,0,0,0.174,0,0,0,0,0,0,0,0,0,0
640962,0,0,0.174,0,0,0,0,0,0,0,0,0,0
640972,0,0,0.174,0,0,0,0,0,0,0,0,0,0
640982,0,0,0.174,0,0,0,0,0,0,0,0,0,0
640992,0,0,0.174,0,0,0,0,0,0,0,0,0,0
641002,0,0,0.174,0,0,0,0,0,0,0,0,0,0
641012,0,0,0.174,0,0,0,0,0,0,0,0,0,0
641022,0,0,0.174,0,0,0,0,0,0,0,0,0,0
641032,0,0,0.174,0,0,0,0,0,0,0,0,0,0
641042,0,0,0.174,0,0,0,0,0,0,0,0,0,0
641052,0,0,0.174,0,0,0,0,0,0,0,0,0,0
641062,0,0,0.174,0,0,0,0,0,0,0,0,0,0
641072,0,0,0.174,0,0,0,0,0,0,0,0,0,0
641082,0,0,0.174,0,0,0,0,0,0,0,0,0,0
641092,0,0,0.174,0,0,0,0,0,0,0,0,0,0
641102,0,0,0.174,0,0,0,0,0,0,0,0,0,0
641112,0,0,0.174,0,0,0,0,0,0,0,0,0,0
641122,0,0,0.174,0,0,0,0,0,0,0,0,0,0
641132,0,0,0.174,0,0,0,0,0,0,0,0,0,0
641142,0,0,0.174,0,0,0,0,0,0,0,0,0,0
641152,0,0,0.174,0,0,0,0,0,0,0,0,0,0
641162,0,0,0.174,0,0,0,0,0,0,0,0,0,0
641172,0,0,0.174,0,0,0,0,0,0,0,0,0,0
641182,0,0,0.174,0,0,0,0,0,0,0,0,0,0
641192,0,0,0.174,0,0,0,0,0,0,0,0,0,0
641202,0,0,0.174,0,0,0,0,0,0,0,0,0,0
641212,0,0,0.174,0,0,0,0,0,0,0,0,0,0
641222,0,0,0.174,0,0,0,0,0,0,0,0,0,0
641232,0,0,0.174,0,0,0,0,0,0,0,0,0,0
641242,0,0,0.174,0,0,0,0,0,0,0,0,0,0
641252,0,0,0.174,0,0,0,0,0,0,0,0,0,0
641262,0,0,0.174,0,0,0,0,0,0,0,0,0,0
641272,0,0,0.174,0,0,0,0,0,0,0,0,0,0
641282,0,0,0.174,0,0,0,0,0,0,0,0,0,0
641292,0,0,0.174,0,0,0,0,0,0,0,0,0,0
641302,0,0,0.174,0,0,0,0,0,0,0,0,0,0
641312,0,0,0.174,0,0,0,0,0,0,0,0,0,0
641322,0,0,0.174,0,0,0,0,0,0,0,0,0,0
641332,0,0,0.174,0,0,0,0,0,0,0,0,0,0
641342,0,0,0.174,0,0,0,0,0,0,0,0,0,0
641352,0,0,0.174,0,0,0,0,0,0,0,0,0,0
641362,0,0,0.174,0,0,0,0,0,0,0,0,0,0
641372,0,0,0.174,0,0,0,0,0,0,0,0,0,0
641382,0,0,0.174,0,0,0,0,0,0,0,0,0,0
641392,0,0,0.174,0,0,0,0,0,0,0,0,0,0
641402,0,0,0.174,0,0,0,0,0,0,0,0,0,0
641412,0,0,0.174,0,0,0,0,0,0,0,0,0,0
641422,0,0,0.174,0,0,0,0,0,0,0,0,0,0
641432,0,0,0.174,0,0,0,0,0,0,0,0,0,0
641442,0,0,0.174,0,0,0,0,0,0,0,0,0,0
641452,0,0,0.174,0,0,0,0,0,0,0,0,0,0
641462,0,0,0.174,0,0,0,0,0,0,0,0,0,0
641472,0,0,0.174,0,0,0,0,0,0,0,0,0,0
641482,0,0,0.174,0,0,0,0,0,0,0,0,0,0
641492,0,0,0.174,0,0,0,0,0,0,0,0,0,0
641502,0,0,0.174,0,0,0,0,0,0,0,0,0,0
641512,0,0,0.174,0,0,0,0,0,0,0,0,0,0
641522,0,0,0.174,0,0,0,0,0,0,0,0,0,0
641532,0,0,0.174,0,0,0,0,0,0,0,0,0,0
641542,0,0,0.174,0,0,0,0,0,0,0,0,0,0
641552,0,0,0.174,0,0,0,0,0,0,0,0,0,0
641562,0,0,0.174,0,0,0,0,0,0,0,0,0,0
641572,0,0,0.174,0,0,0,0,0,0,0,0,0,0
641582,0,0,0.174,0,0,0,0,0,0,0,0,0,0
641592,0,0,0.174,0,0,0,0,0,0,0,0,0,0
641602,0,0,0.174,0,0,0,0,0,0,0,0,0,0
641612,0,0,0.174,0,0,0,0,0,0,0,0,0,0
641622,0,0,0.174,0,0,0,0,0,0,0,0,0,0
641632,0,0,0.174,0,0,0,0,0,0,0,0,0,0
641642,0,0,0.174,0,0,0,0,0,0,0,0,0,0
641652,0,0,0.174,0,0,0,0,0,0,0,0,0,0
641662,0,0,0.174,0,0,0,0,0,0,0,0,0,0
641672,0,0,0.174,0,0,0,0,0,0,0,0,0,0
641682,0,0,0.174,0,0,0,0,0,0,0,0,0,0
641692,0,0,0.174,0,0,0,0,0,0,0,0,0,0
641702,0,0,0.174,0,0,0,0,0,0,0,0,0,0
641712,0,0,0.174,0,0,0,0,0,0,0,0,0,0
641722,0,0,0.174,0,0,0,0,0,0,0,0,0,0
641732,0,0,0.174,0,0,0,0,0,0,0,0,0,0
641742,0,0,0.174,0,0,0,0,0,0,0,0,0,0
641752,0,0,0.174,0,0,0,0,0,0,0,0,0,0
641762,0,0,0.174,0,0,0,0,0,0,0,0,0,0
641772,0,0,0.174,0,0,0,0,0,0,0,0,0,0
641782,0,0,0.174,0,0,0,0,0,0,0,0,0,0
641792,0,0,0.174,0,0,0,0,0,0,0,0,0,0
641802,0,0,0.174,0,0,0,0,0,0,0,0,0,0
641812,0,0,0.174,0,0,0,0,0,0,0,0,0,0
641822,0,0,0.174,0,0,0,0,0,0,0,0,0,0
641832,0,0,0.174,0,0,0,0,0,0,0,0,0,0
641842,0,0,0.174,0,0,0,0,0,0,0,0,0,0
641852,0,0,0.174,0,0,0,0,0,0,0,0,0,0
641862,0,0,0.174,0,0,0,0,0,0,0,0,0,0
641872,0,0,0.174,0,0,0,0,0,0,0,0,0,0
641882,0,0,0.174,0,0,0,0,0,0,0,0,0,0
641892,0,0,0.174,0,0,0,0,0,0,0,0,0,0
641902,0,0,0.174,0,0,0,0,0,0,0,0,0,0
641912,0,0,0.174,0,0,0,0,0,0,0,0,0,0
641922,0,0,0.174,0,0,0,0,0,0,0,0,0,0
641932,0,0,0.174,0,0,0,0,0,0,0,0,0,0
641942,0,0,0.174,0,0,0,0,0,0,0,0,0,0
641952,0,0,0.174,0,0,0,0,0,0,0,0,0,0
641962,0,0,0.174,0,0,0,0,0,0,0,0,0,0
641972,0,0,0.174,0,0,0,0,0,0,0,0,0,0
641982,0,0,0.174,0,0,0,0,0,0,0,0,0,0
641992,0,0,0.174,0,0,0,0,0,0,0,0,0,0
642002,0,0,0.174,0,0,0,0,0,0,0,0,0,0
642012,0,0,0.174,0,0,0,0,0,0,0,0,0,0
642022,0,0,0.174,0,0,0,0,0,0,0,0,0,0
642032,0,0,0.174,0,0,0,0,0,0,0,0,0,0
642042,0,0,0.174,0,0,0,0,0,0,0,0,0,0
642052,0,0,0.174,0,0,0,0,0,0,0,0,0,0
642062,0,0,0.174,0,0,0,0,0,0,0,0,0,0
642072,0,0,0.174,0,0,0,0,0,0,0,0,0,0
642082,0,0,0.174,0,0,0,0,0,0,0,0,0,0
642092,0,0,0.174,0,0,0,0,0,0,0,0,0,0
642102,0,0,0.174,0,0,0,0,0,0,0,0,0,0
642112,0,0,0.174,0,0,0,0,0,0,0,0,0,0
642122,0,0,0.174,0,0,0,0,0,0,0,0,0,0
642132,0,0,0.174,0,0,0,0,0,0,0,0,0,0
642142,0,0,0.174,0,0,0,0,0,0,0,0,0,0
642152,0,0,0.174,0,0,0,0,0,0,0,0,0,0
642162,0,0,0.174,0,0,0,0,0,0,0,0,0,0
642172,0,0,0.174,0,0,0,0,0,0,0,0,0,0
642182,0,0,0.174,0,0,0,0,0,0,0,0,0,0
642192,0,0,0.174,0,0,0,0,0,0,0,0,0,0
642202,0,0,0.174,0,0,0,0,0,0,0,0,0,0
642212,0,0,0.174,0,0,0,0,0,0,0,0,0,0
642222,0,0,0.174,0,0,0,0,0,0,0,0,0,0
642232,0,0,0.174,0,0,0,0,0,0,0,0,0,0
642242,0,0,0.174,0,0,0,0,0,0,0,0,0,0
642252,0,0,0.174,0,0,0,0,0,0,0,0,0,0
642262,0,0,0.174,0,0,0,0,0,0,0,0,0,0
642272,0,0,0.174,0,0,0,0,0,0,0,0,0,0
642282,0,0,0.174,0,0,0,0,0,0,0,0,0,0
642292,0,0,0.174,0,0,0,0,0,0,0,0,0,0
642302,0,0,0.174,0,0,0,0,0,0,0,0,0,0
642312,0,0,0.174,0,0,0,0,0,0,0,0,0,0
642322,0,0,0.174,0,0,0,0,0,0,0,0,0,0
642332,0,0,0.174,0,0,0,0,0,0,0,0,0,0
642342,0,0,0.174,0,0,0,0,0,0,0,0,0,0
642352,0,0,0.174,0,0,0,0,0,0,0,0,0,0
642362,0,0,0.174,0,0,0,0,0,0,0,0,0,0
642372,0,0,0.174,0,0,0,0,0,0,0,0,0,0
642382,0,0,0.174,0,0,0,0,0,0,0,0,0,0
642392,0,0,0.174,0,0,0,0,0,0,0,0,0,0
642402,0,0,0.174,0,0,0,0,0,0,0,0,0,0
642412,0,0,0.174,0,0,0,0,0,0,0,0,0,0
642422,0,0,0.174,0,0,0,0,0,0,0,0,0,0
642432,0,0,0.174,0,0,0,0,0,0,0,0,0,0
642442,0,0,0.174,0,0,0,0,0,0,0,0,0,0
642452,0,0,0.174,0,0,0,0,0,0,0,0,0,0
642462,0,0,0.174,0,0,0,0,0,0,0,0,0,0
642472,0,0,0.174,0,0,0,0,0,0,0,0,0,0
642482,0,0,0.174,0,0,0,0,0,0,0,0,0,0
642492,0,0,0.174,0,0,0,0,0,0,0,0,0,0
642502,0,0,0.174,0,0,0,0,0,0,0,0,0,0
642512,0,0,0.174,0,0,0,0,0,0,0,0,0,0
642522,0,0,0.174,0,0,0,0,0,0,0,0,0,0
642532,0,0,0.174,0,0,0,0,0,0,0,0,0,0
642542,0,0,0.174,0,0,0,0,0,0,0,0,0,0
642552,0,0,0.174,0,0,0,0,0,0,0,0,0,0
642562,0,0,0.174,0,0,0,0,0,0,0,0,0,0
642572,0,0,0.174,0,0,0,0,0,0,0,0,0,0
642582,0,0,0.174,0,0,0,0,0,-0.001,0,0,0,0
642592,0,0,0.174,0,0,0,0,0,0,0,0,0,0
642602,0,0,0.174,0,0,0,0,0,0,0,0,0,0
642612,0,0,0.174,0,0,0,0,0,0,0,0,0,0
642622,0,0,0.174,0,0,0,0,0,0,0,0,0,0
642632,0,0,0.174,0,0,0,0,0,0,0,0,0,0
642642,0,0,0.174,0,0,0,0,0,0,0,0,0,0
642652,0,0,0.174,0,0,0,0,0,0,0,0,0,0
642662,0,0,0.174,0,0,0,0,0,0,0,0,0,0
642672,0,0,0.174,0,0,0,0,0,0,0,0,0,0
642682,0,0,0.174,0,0,0,0,0,0,0,0,0,0
642692,0,0,0.174,0,0,0,0,0,0,0,0,0,0
642702,0,0,0.174,0,0,0,0,0,0,0,0,0,0
642712,0,0,0.174,0,0,0,0,0,0,0,0,0,0
642722,0,0,0.174,0,0,0,0,0,0,0,0,0,0
642732,0,0,0.174,0,0,0,0,0,0,0,0,0,0
642742,0,0,0.174,0,0,0,0,0,0,0,0,0,0
642752,0,0,0.174,0,0,0,0,0,0,0,0,0,0
642762,0,0,0.174,0,0,0,0,0,0,0,0,0,0
642772,0,0,0.174,0,0,0,0,0,0,0,0,0,0
642782,0,0,0.174,0,0,0,0,0,0,0,0,0,0
642792,0,0,0.174,0,0,0,0,0,0,0,0,0,0
642802,0,0,0.174,0,0,0,0,0,0,0,0,0,0
642812,0,0,0.174,0,0,0,0,0,0,0,0,0,0
642822,0,0,0.174,0,0,0,0,0,0,0,0,0,0
642832,0,0,0.174,0,0,0,0,0,0,0,0,0,0
642842,0,0,0.174,0,0,0,0,0,0,0,0,0,0
642852,0,0,0.174,0,0,0,0,0,0,0,0,0,0
642862,0,0,0.174,0,0,0,0,0,0,0,0,0,0
642872,0,0,0.174,0,0,0,0,0,0,0,0,0,0
642882,0,0,0.174,0,0,0,0,0,0,0,0,0,0
642892,0,0,0.174,0,0,0,0,0,0,0,0,0,0
642902,0,0,0.174,0,0,0,0,0,0,0,0,0,0
642912,0,0,0.174,0,0,0,0,0,0,0,0,0,0
642922,0,0,0.174,0,0,0,0,0,0,0,0,0,0
642932,0,0,0.174,0,0,0,0,0,0,0,0,0,0
642942,0,0,0.174,0,0,0,0,0,0,0,0,0,0
642952,0,0,0.174,0,0,0,0,0,0,0,0,0,0
642962,0,0,0.174,0,0,0,0,0,0,0,0,0,0
642972,0,0,0.174,0,0,0,0,0,0,0,0,0,0
642982,0,0,0.174,0,0,0,0,0,0,0,0,0,0
642992,0,0,0.174,0,0,0,0,0,0,0,0,0,0
643002,0,0,0.174,0,0,0,0,0,0,0,0,0,0
643012,0,0,0.174,0,0,0,0,0,0,0,0,0,0
643022,0,0,0.174,0,0,0,0,0,0,0,0,0,0
643032,0,0,0.174,0,0,0,0,0,0,0,0,0,0
643042,0,0,0.174,0,0,0,0,0,0,0,0,0,0
643052,0,0,0.174,0,0,0,0,0,0,0,0,0,0
643062,0,0,0.174,0,0,0,0,0,0,0,0,0,0
643072,0,0,0.174,0,0,0,0,0,0,0,0,0,0
643082,0,0,0.174,0,0,0,0,0,0,0,0,0,0
643092,0,0,0.174,0,0,0,0,0,0,0,0,0,0
643102,0,0,0.174,0,0,0,0,0,0,0,0,0,0
643112,0,0,0.174,0,0,0,0,0,0,0,0,0,0
643122,0,0,0.174,0,0,0,0,0,0,0,0,0,0
643132,0,0,0.174,0,0,0,0,0,0,0,0,0,0
643142,0,0,0.174,0,0,0,0,0,0,0,0,0,0
643152,0,0,0.174,0,0,0,0,0,0,0,0,0,0
643162,0,0,0.174,0,0,0,0,0,0,0,0,0,0
643172,0,0,0.174,0,0,0,0,0,0,0,0,0,0
643182,0,0,0.174,0,0,0,0,0,0,0,0,0,0
643192,0,0,0.174,0,0,0,0,0,0,0,0,0,0
643202,0,0,0.174,0,0,0,0,0,0,0,0,0,0
643212,0,0,0.174,0,0,0,0,0,0,0,0,0,0
643222,0,0,0.174,0,0,0,0,0,0,0,0,0,0
643232,0,0,0.174,0,0,0,0,0,0,0,0,0,0
643242,0,0,0.174,0,0,0,0,0,0,0,0,0,0
643252,0,0,0.174,0,0,0,0,0,0,0,0,0,0
643262,0,0,0.174,0,0,0,0,0,0,0,0,0,0
643272,0,0,0.174,0,0,0,0,0,0,0,0,0,0
643282,0,0,0.174,0,0,0,0,0,0,0,0,0,0
643292,0,0,0.174,0,0,0,0,0,0,0,0,0,0
643302,0,0,0.174,0,0,0,0,0,0,0,0,0,0
643312,0,0,0.174,0,0,0,0,0,0,0,0,0,0
643322,0,0,0.174,0,0,0,0,0,0,0,0,0,0
643332,0,0,0.174,0,0,0,0,0,0,0,0,0,0
643342,0,0,0.174,0,0,0,0,0,0,0,0,0,0
643352,0,0,0.174,0,0,0,0,0,0,0,0,0,0
643362,0,0,0.174,0,0,0,0,0,0,0,0,0,0
643372,0,0,0.174,0,0,0,0,0,0,0,0,0,0
643382,0,0,0.174,0,0,0,0,0,0,0,0,0,0
643392,0,0,0.174,0,0,0,0,0,0,0,0,0,0
643402,0,0,0.174,0,0,0,0,0,0,0,0,0,0
643412,0,0,0.174,0,0,0,0,0,0,0,0,0,0
643422,0,0,0.174,0,0,0,0,0,0,0,0,0,0
643432,0,0,0.174,0,0,0,0,0,0,0,0,0,0
643442,0,0,0.174,0,0,0,0,0,0,0,0,0,0
643452,0,0,0.174,0,0,0,0,0,0,0,0,0,0
643462,0,0,0.174,0,0,0,0,0,0,0,0,0,0
643472,0,0,0.174,0,0,0,0,0,0,0,0,0,0
643482,0,0,0.174,0,0,0,0,0,0,0,0,0,0
643492,0,0,0.174,0,0,0,0,0,0,0,0,0,0
643502,0,0,0.174,0,0,0,0,0,0,0,0,0,0
643512,0,0,0.174,0,0,0,0,0,0,0,0,0,0
643522,0,0,0.174,0,0,0,0,0,0,0,0,0,0
643532,0,0,0.174,0,0,0,0,0,0,0,0,0,0
643542,0,0,0.174,0,0,0,0,0,0,0,0,0,0
643552,0,0,0.174,0,0,0,0,0,0,0,0,0,0
643562,0,0,0.174,0,0,0,0,0,0,0,0,0,0
643572,0,0,0.174,0,0,0,0,0,0,0,0,0,0
643582,0,0,0.174,0,0,0,0,0,0,0,0,0,0
643592,0,0,0.174,0,0,0,0,0,0,0,0,0,0
643602,0,0,0.174,0,0,0,0,0,0,0,0,0,0
643612,0,0,0.174,0,0,0,0,0,0,0,0,0,0
643622,0,0,0.174,0,0,0,0,0,0,0,0,0,0
643632,0,0,0.174,0,0,0,0,0,0,0,0,0,0
643642,0,0,0.174,0,0,0,0,0,0,0,0,0,0
643652,0,0,0.174,0,0,0,0,0,0,0,0,0,0
643662,0,0,0.174,0,0,0,0,0,0,0,0,0,0
643672,0,0,0.174,0,0,0,0,0,0,0,0,0,0
643682,0,0,0.174,0,0,0,0,0,0,0,0,0,0
643692,0,0,0.174,0,0,0,0,0,0,0,0,0,0
