time_ms,target_vx,target_vy,target_vr,planned_vx,planned_vy,optflow_body_vx,optflow_body_vy,optflow_kf_vx,optflow_kf_vy,wheel_chassis_vx,wheel_chassis_vy,fused_chassis_vx,fused_chassis_vy,raw_vision_vel_x,raw_vision_vel_y,vision_source,odom_vx,odom_vy
1409606,0,0,0,0,0,0,0,0,0,0,0,0,0,0,0,0,0,0
1409616,0,0,0,0,0,0,0,0,0,0,0,0,0,0,0,0,0,0
1409626,0,0,0,0,0,0,0,0,0,0,0,0,0,0,0,0,0,0
1409636,0,0,0,0,0,0,0,0,0,0,0,0,0,0,0,0,0,0
1409646,0,0,0,0,0,0,0,0,0,0,0,0,0,0,0,0,0,0
1409656,0,0,0,0,0,0,0,0,0,0,0,0,0,0,0,0,0,0
1409666,0,0,0,0,0,0,0,0,0,0,0,0,0,0,0,0,0,0
1409676,0,0,0,0,0,0,0,0,0,0,0,0,0,0,0,0,0,0
1409686,0,0,0,0,0,0,0,0,0,0,0,0,0,0,0,0,0,0
1409700,0,0,0,0,0,0,0,0,0,0,0,0,0,0,0,0,0,0
1409706,0,0,0,0,0,0,0,0,0,0,0,0,0,0,0,0,0,0
1409717,0,0,0,0,0,0,0,0,0,0,0,0,0,0,0,0,0,0
1409727,0,0,0,0,0,0,0,0,0,0,0,0,0,0,0,0,0,0
1409736,0,0,0,0,0,0,0,0,0,0,0,0,0,0,0,0,0,0
1409746,0,0,0,0,0,0,0,0,0,0,0,0,0,0,0,0,0,0
1409757,0,0,0,0,0,0,0,0,0,0,0,0,0,0,0,0,0,0
1409766,0,0,0,0,0,0,0,0,0,0,0,0,0,0,0,0,0,0
1409776,0,0,0,0,0,0,0,0,0,0,0,0,0,0,0,0,0,0
1409787,0,0,0,0,0,0,0,0,0,0,0,0,0,0,0,0,0,0
1409797,0,0,0,0,0,0,0,0,0,0,0,0,0,0,0,2,0,0
1409806,0,0,0,0,0,0,0,0,0,0,0,0,0,0,0,2,0,0
1409816,0,0,0,0,0,0,0,0,0,0,0,0,0,0,0,2,0,0
1409826,0,0,0,0,0,0,0,0,0,0,0,0,0,0,0,2,0,0
1409836,0,0,0,0,0,0,0,0,0,0,0,0,0,0,0,2,0,0
1409846,0,0,0,0,0,0,0,0,0,0,0,0,0,0,0,2,0,0
1409856,0,0,0,0,0,0,0,0,0,0,0,0,0,0,0,2,0,0
1409866,0,0,0,0,0,0,0,0,0,0,0,0,0,0,0,2,0,0
1409876,0,0,0,0,0,0,0,0,0,0,0,0,0,0,0,2,0,0
1409886,0,0,0,0,0,0,0,0,0,0,0,0,0,0,0,2,0,0
1409897,0,0,0,0,0,0,0,0,0,0,0,0,0,0,0,2,0,0
1409906,0,0,0,0,0,0,0,0,0,0,0,0,0,0,0,2,0,0
1409916,0,0,0,0,0,0,0,0,0,0,0,0,0,0,0,2,0,0
1409926,0,0,0,0,0,0,0,0,0,0,0,0,0,0,0,2,0,0
1409936,0,0,0,0,0,0,0,0,0,0,0,0,0,0,0,2,0,0
1409946,0,0,0,0,0,0,0,0,0,0,0,0,0,0,0,2,0,0
1409956,0,0,0,0,0,0,0,0,0,0,0,0,0,0,0,2,0,0
1409966,0,0,0,0,0,0,0,0,0,0,0,0,0,0,0,2,0,0
1409976,0,0,0,0,0,0,0,0,0,0,0,0,0,0,0,2,0,0
1409986,0,0,0,0,0,0,0,0,0,0,0,0,0,0,0,2,0,0
1409997,0,0,0,0,0,0,0,0,0,0,0,0,0,0,0,2,0,0
1410006,0,0,0,0,0,0,0,0,0,0,0,0,0,0,0,2,0,0
1410016,0,0,0,0,0,0,0,0,0,0,0,0,0,0,0,2,0,0
1410026,0,0,0,0,0,0,0,0,0,0,0,0,0,0,0,2,0,0
1410036,0,0,0,0,0,0,0,0,0,0,0,0,0,0,0,2,0,0
1410046,0,0,0,0,0,0,0,0,0,0,0,0,0,0,0,2,0,0
1410056,0,0,0,0,0,0,0,0,0,0,0,0,0,0,0,2,0,0
1410066,0,0,0,0,0,0,0,0,0,0,0,0,0,0,0,2,0,0
1410076,0,0,0,0,0,0,0,0,0,0,0,0,0,0,0,2,0,0
1410086,0,0,0,0,0,0,0,0,0,0,0,0,0,0,0,2,0,0
1410096,0,0,0,0,0,0,0,0,0,0,0,0,0,0,0,2,0,0
1410106,0,0,0,0,0,0,0,0,0,0,0,0,0,0,0,2,0,0
1410116,0,0,0,0,0,0,0,0,0,0,0,0,0,0,0,2,0,0
1410126,0,0,0,0,0,0,0,0,0,0,0,0,0,0,0,2,0,0
1410136,0,0,0,0,0,0,0,0,0,0,0,0,0,0,0,2,0,0
1410147,0,0,0,0,0,0,0,0,0,0,0,0,0,0,0,2,0,0
1410157,0,0,0,0,0,0,0,0,0,0,0,0,0,0,0,2,0,0
1410166,0,0,0,0,0,0,0,0,0,0,0,0,0,0,0,2,0,0
1410176,0,0,0,0,0,0,0,0,0,0,0,0,0,0,0,2,0,0
1410186,0,0,0,0,0,0,0,0,0,0,0,0,0,0,0,2,0,0
1410197,0,0,0,0,0,0,0,0,0,0,0,0,0,0,0,2,0,0
1410206,0,0,0,0,0,0,0,0,0,0,0,0,0,0,0,2,0,0
1410216,0,0,0,0,0,0,0,0,0,0,0,0,0,0,0,2,0,0
1410226,0,0,0,0,0,0,0,0,0,0,0,0,0,0,0,2,0,0
1410236,0,0,0,0,0,0,0,0,0,0,0,0,0,0,0,2,0,0
1410246,0,0,0,0,0,0,0,0,0,0,0,0,0,0,0,2,0,0
1410256,0,0,0,0,0,0,0,0,0,0,0,0,0,0,0,2,0,0
1410266,0,0,0,0,0,0,0,0,0,0,0,0,0,0,0,2,0,0
1410276,0,0,0,0,0,0,0,0,0,0,0,0,0,0,0,2,0,0
1410286,0,0,0,0,0,0,0,0,0,0,0,0,0,0,0,2,0,0
1410297,0,0,0,0,0,0,0,0,0,0,0,0,0,0,0,2,0,0
1410307,0,0,0,0,0,0,0,0,0,0,0,0,0,0,0,2,0,0
1410317,0,0,0,0,0,0,0,0,0,0,0,0,0,0,0,2,0,0
1410327,0,0,0,0,0,0,0,0,0,0,0,0,0,0,0,2,0,0
1410336,0,0,0,0,0,0,0,0,0,0,0,0,0,0,0,2,0,0
1410347,0,0,0,0,0,0,0,0,0,0,0,0,0,0,0,2,0,0
1410357,0,0,0,0,0,0,0,0,0,0,0,0,0,0,0,2,0,0
1410366,0,0,0,0,0,0,0,0,0,0,0,0,0,0,0,2,0,0
1410376,0,0,0,0,0,0,0,0,0,0,0,0,0,0,0,2,0,0
1410386,0,0,0,0,0,0,0,0,0,0,0,0,0,0,0,2,0,0
1410397,0,0,0,0,0,0,0,0,0,0,0,0,0,0,0,2,0,0
1410406,0,0,0,0,0,0,0,0,0,0,0,0,0,0,0,2,0,0
1410416,0,0,0,0,0,0,0,0,0,0,0,0,0,0,0,2,0,0
1410426,0,0,0,0,0,0,0,0,0,0,0,0,0,0,0,2,0,0
1410437,0,0,0,0,0,0,0,0,0,0,0,0,0,0,0,2,0,0
1410447,0,0,0,0,0,0,0,0,0,0,0,0,0,0,0,2,0,0
1410458,0,0,0,0,0,0,0,0,0,0,0,0,0,0,0,2,0,0
1410467,0,0,0,0,0,0,0,0,0,0,0,0,0,0,0,2,0,0
1410476,0,0,0,0,0,0,0,0,0,0,0,0,0,0,0,2,0,0
1410486,0,0,0,0,0,0,0,0,0,0,0,0,0,0,0,2,0,0
1410497,0,0,0,0,0,0,0,0,0,0,0,0,0,0,0,2,0,0
1410506,0,0,0,0,0,0,0,0,0,0,0,0,0,0,0,2,0,0
1410516,0,0,0,0,0,0,0,0,0,0,0,0,0,0,0,2,0,0
1410526,0,0,0,0,0,0,0,0,0,0,0,0,0,0,0,2,0,0
1410536,0,0,0,0,0,0,0,0,0,0,0,0,0,0,0,2,0,0
1410546,0,0,0,0,0,0,0,0,0,0,0,0,0,0,0,2,0,0
1410556,0,0,0,0,0,0,0,0,0,0,0,0,0,0,0,2,0,0
1410566,0,0,0,0,0,0,0,0,0,0,0,0,0,0,0,2,0,0
1410576,0,0,0,0,0,0,0,0,0,0,0,0,0,0,0,2,0,0
1410586,0,0,0,0,0,0,0,0,0,0,0,0,0,0,0,2,0,0
1410597,0,0,0,0,0,0,0,0,0,0,0,0,0,0,0,2,0,0
1410607,0,0,0,0,0,0,0,0,0,0,0,0,0,0,0,2,0,0
1410617,0,0,0,0,0,0,0,0,0,0,0,0,0,0,0,2,0,0
1410626,0,0,0,0,0,0,0,0,0,0,0,0,0,0,0,2,0,0
1410636,0,0,0,0,0,0,0,0,0,0,0,0,0,0,0,2,0,0
1410646,0,0,0,0,0,0,0,0,0,0,0,0,0,0,0,2,0,0
1410657,0,0,0,0,0,0,0,0,0,0,0,0,0,0,0,2,0,0
1410666,0,0,0,0,0,0,0,0,0,0,0,0,0,0,0,2,0,0
1410676,0,0,0,0,0,0,0,0,0,0,0,0,0,0,0,2,0,0
1410686,0,0,0,0,0,0,0,0,0,0,0,0,0,0,0,2,0,0
1410697,0,0,0,0,0,0,0,0,0,0,0,0,0,0,0,2,0,0
1410706,0,0,0,0,0,0,0,0,0,0,0,0,0,0,0,2,0,0
1410716,0,0,0,0,0,0,0,0,0,0,0,0,0,0,0,2,0,0
1410727,0,0,0,0,0,0,0,0,0,0,0,0,0,0,0,2,0,0
1410736,0,0,0,0,0,0,0,0,0,0,0,0,0,0,0,2,0,0
1410746,0,0,0,0,0,0,0,0,0,0,0,0,0,0,0,2,0,0
1410756,0,0,0,0,0,0,0,0,0,0,0,0,0,0,0,2,0,0
1410766,0,0,0,0,0,0,0,0,0,0,0,0,0,0,0,2,0,0
1410776,0,0,0,0,0,0,0,0,0,0,0,0,0,0,0,2,0,0
1410786,0,0,0,0,0,0,0,0,0,0,0,0,0,0,0,2,0,0
1410796,0,0,0,0,0,0,0,0,0,0,0,0,0,0,0,2,0,0
1410806,0,0,0,0,0,0,0,0,0,0,0,0,0,0,0,2,0,0
1410816,0,0,0,0,0,0,0,0,0,0,0,0,0,0,0,2,0,0
1410826,0,0,0,0,0,0,0,0,0,0,0,0,0,0,0,2,0,0
1410836,0,0,0,0,0,0,0,0,0,0,0,0,0,0,0,2,0,0
1410846,0,0,0,0,0,0,0,0,0,0,0,0,0,0,0,2,0,0
1410856,0,0,0,0,0,0,0,0,0,0,0,0,0,0,0,2,0,0
1410866,0,0,0,0,0,0,0,0,0,0,0,0,0,0,0,2,0,0
1410876,0,0,0,0,0,0,0,0,0,0,0,0,0,0,0,2,0,0
1410886,0,0,0,0,0,0,0,0,0,0,0,0,0,0,0,2,0,0
1410896,0,0,0,0,0,0,0,0,0,0,0,0,0,0,0,2,0,0
1410906,0,0,0,0,0,0,0,0,0,0,0,0,0,0,0,2,0,0
1410916,0,0,0,0,0,0,0,0,0,0,0,0,0,0,0,2,0,0
1410926,0,0,0,0,0,0,0,0,0,0,0,0,0,0,0,2,0,0
1410936,0,0,0,0,0,0,0,0,0,0,0,0,0,0,0,2,0,0
1410946,0,0,0,0,0,0,0,0,0,0,0,0,0,0,0,2,0,0
1410956,0,0,0,0,0,0,0,0,0,0,0,0,0,0,0,2,0,0
1410966,0,0,0,0,0,0,0,0,0,0,0,0,0,0,0,2,0,0
1410976,0,0,0,0,0,0,0,0,0,0,0,0,0,0,0,2,0,0
1410986,0,0,0,0,0,0,0,0,0,0,0,0,0,0,0,2,0,0
1410996,0,0,0,0,0,0,0,0,0,0,0,0,0,0,0,2,0,0
1411006,0,0,0,0,0,0,0,0,0,0,0,0,0,0,0,2,0,0
1411016,0,0,0,0,0,0,0,0,0,0,0,0,0,0,0,2,0,0
1411026,0,0,0,0,0,0,0,0,0,0,0,0,0,0,0,2,0,0
1411036,0,0,0,0,0,0,0,0,0,0,0,0,0,0,0,2,0,0
1411046,0,0,0,0,0,0,0,0,0,0,0,0,0,0,0,2,0,0
1411056,0,0,0,0,0,0,0,0,0,0,0,0,0,0,0,2,0,0
1411066,0,0,0,0,0,0,0,0,0,0,0,0,0,0,0,2,0,0
1411076,0,0,0,0,0,0,0,0,0,0,0,0,0,0,0,2,0,0
1411086,0,0,0,0,0,0,0,0,0,0,0,0,0,0,0,2,0,0
1411096,0,0,0,0,0,0,0,0,0,0,0,0,0,0,0,2,0,0
1411106,0,0,0,0,0,0,0,0,0,0,0,0,0,0,0,2,0,0
1411116,0,0,0,0,0,0,0,0,0,0,0,0,0,0,0,2,0,0
1411126,0,0,0,0,0,0,0,0,0,0,0,0,0,0,0,2,0,0
1411136,0,0,0,0,0,0,0,0,0,0,0,0,0,0,0,2,0,0
1411146,0,0,0,0,0,0,0,0,0,0,0,0,0,0,0,2,0,0
1411156,0,0,0,0,0,0,0,0,0,0,0,0,0,0,0,2,0,0
1411166,0,0,0,0,0,0,0,0,0,0,0,0,0,0,0,2,0,0
1411176,0,0,0,0,0,0,0,0,0,0,0,0,0,0,0,2,0,0
1411186,0,0,0,0,0,0,0,0,0,0,0,0,0,0,0,2,0,0
1411196,0,0,0,0,0,0,0,0,0,0,0,0,0,0,0,2,0,0
1411206,0,0,0,0,0,0,0,0,0,0,0,0,0,0,0,2,0,0
1411216,0,0,0,0,0,0,0,0,0,0,0,0,0,0,0,2,0,0
1411226,0,0,0,0,0,0,0,0,0,0,0,0,0,0,0,2,0,0
1411236,0,0,0,0,0,0,0,0,0,0,0,0,0,0,0,2,0,0
1411246,0,0,0,0,0,0,0,0,0,0,0,0,0,0,0,2,0,0
1411256,0,0,0,0,0,0,0,0,0,0,0,0,0,0,0,2,0,0
1411266,0,0,0,0,0,0,0,0,0,0,0,0,0,0,0,2,0,0
1411276,0,0,0,0,0,0,0,0,0,0,0,0,0,0,0,2,0,0
1411286,0,0,0,0,0,0,0,0,0,0,0,0,0,0,0,2,0,0
1411297,0,0,0,0,0,0,0,0,0,0,0,0,0,0,0,2,0,0
1411306,0,0,0,0,0,0,0,0,0,0,0,0,0,0,0,2,0,0
1411316,0,0,0,0,0,0,0,0,0,0,0,0,0,0,0,2,0,0
1411326,0,0,0,0,0,0,0,0,0,0,0,0,0,0,0,2,0,0
1411336,0,0,0,0,0,0,0,0,0,0,0,0,0,0,0,2,0,0
1411346,0,0,0,0,0,0,0,0,0,0,0,0,0,0,0,2,0,0
1411356,0,0,0,0,0,0,0,0,0,0,0,0,0,0,0,2,0,0
1411366,0,0,0,0,0,0,0,0,0,0,0,0,0,0,0,2,0,0
1411376,0,0,0,0,0,0,0,0,0,0,0,0,0,0,0,2,0,0
1411386,0,0,0,0,0,0,0,0,0,0,0,0,0,0,0,2,0,0
1411396,0,0,0,0,0,0,0,0,0,0,0,0,0,0,0,2,0,0
1411406,0,0,0,0,0,0,0,0,0,0,0,0,0,0,0,2,0,0
1411416,0,0,0,0,0,0,0,0,0,0,0,0,0,0,0,2,0,0
1411426,0,0,0,0,0,0,0,0,0,0,0,0,0,0,0,2,0,0
1411436,0,0,0,0,0,0,0,0,0,0,0,0,0,0,0,2,0,0
1411446,0,0,0,0,0,0,0,0,0,0,0,0,0,0,0,2,0,0
1411456,0,0,0,0,0,0,0,0,0,0,0,0,0,0,0,2,0,0
1411466,0,0,0,0,0,0,0,0,0,0,0,0,0,0,0,2,0,0
1411476,0,0,0,0,0,0,0,0,0,0,0,0,0,0,0,2,0,0
1411486,0,0,0,0,0,0,0,0,0,0,0,0,0,0,0,2,0,0
1411496,0,0,0,0,0,0,0,0,0,0,0,0,0,0,0,2,0,0
1411506,0,0,0,0,0,0,0,0,0,0,0,0,0,0,0,2,0,0
1411516,0,0,0,0,0,0,0,0,0,0,0,0,0,0,0,2,0,0
1411526,0,0,0,0,0,0,0,0,0,0,0,0,0,0,0,2,0,0
1411536,0,0,0,0,0,0,0,0,0,0,0,0,0,0,0,2,0,0
1411546,0,0,0,0,0,0,0,0,0,0,0,0,0,0,0,2,0,0
1411556,0,0,0,0,0,0,0,0,0,0,0,0,0,0,0,2,0,0
1411566,0,0,0,0,0,0,0,0,0,0,0,0,0,0,0,2,0,0
1411576,0,0,0,0,0,0,0,0,0,0,0,0,0,0,0,2,0,0
1411586,0,0,0,0,0,0,0,0,0,0,0,0,0,0,0,2,0,0
1411596,0,0,0,0,0,0,0,0,0,0,0,0,0,0,0,2,0,0
1411606,0,0,0,0,0,0,0,0,0,0,0,0,0,0,0,2,0,0
1411616,0,0,0,0,0,0,0,0,0,0,0,0,0,0,0,2,0,0
1411626,0,0,0,0,0,0,0,0,0,0,0,0,0,0,0,2,0,0
1411636,0,0,0,0,0,0,0,0,0,0,0,0,0,0,0,2,0,0
1411646,0,0,0,0,0,0,0,0,0,0,0,0,0,0,0,2,0,0
1411656,0,0,0,0,0,0,0,0,0,0,0,0,0,0,0,2,0,0
1411666,0,0,0,0,0,0,0,0,0,0,0,0,0,0,0,2,0,0
1411676,0,0,0,0,0,0,0,0,0,0,0,0,0,0,0,2,0,0
1411686,0,0,0,0,0,0,0,0,0,0,0,0,0,0,0,2,0,0
1411696,0,0,0,0,0,0,0,0,0,0,0,0,0,0,0,2,0,0
1411706,0,0,0,0,0,0,0,0,0,0,0,0,0,0,0,2,0,0
1411716,0,0,0,0,0,0,0,0,0,0,0,0,0,0,0,2,0,0
1411726,0,0,0,0,0,0,0,0,0,0,0,0,0,0,0,2,0,0
1411736,0,0,0,0,0,0,0,0,0,0,0,0,0,0,0,2,0,0
1411746,0,0,0,0,0,0,0,0,0,0,0,0,0,0,0,2,0,0
1411756,0,0,0,0,0,0,0,0,0,0,0,0,0,0,0,2,0,0
1411766,0,0,0,0,0,0,0,0,0,0,0,0,0,0,0,2,0,0
1411776,0,0,0,0,0,0,0,0,0,0,0,0,0,0,0,2,0,0
1411786,0,0,0,0,0,0,0,0,0,0,0,0,0,0,0,2,0,0
1411796,0,0,0,0,0,0,0,0,0,0,0,0,0,0,0,2,0,0
1411806,0,0,0,0,0,0,0,0,0,0,0,0,0,0,0,2,0,0
1411816,0,0,0,0,0,0,0,0,0,0,0,0,0,0,0,2,0,0
1411826,0,0,0,0,0,0,0,0,0,0,0,0,0,0,0,2,0,0
1411836,0,0,0,0,0,0,0,0,0,0,0,0,0,0,0,2,0,0
1411846,0,0,0,0,0,0,0,0,0,0,0,0,0,0,0,2,0,0
1411856,0,0,0,0,0,0,0,0,0,0,0,0,0,0,0,2,0,0
1411866,0,0,0,0,0,0,0,0,0,0,0,0,0,0,0,2,0,0
1411876,0,0,0,0,0,0,0,0,0,0,0,0,0,0,0,2,0,0
1411887,0,0,0,0,0,0,0,0,0,0,0,0,0,0,0,2,0,0
1411897,0,0,0,0,0,0,0,0,0,0,0,0,0,0,0,2,0,0
1411906,0,0,0,0,0,0,0,0,0,0,0,0,0,0,0,2,0,0
1411916,0,0,0,0,0,0,0,0,0,0,0,0,0,0,0,2,0,0
1411926,0,0,0,0,0,0,0,0,0,0,0,0,0,0,0,2,0,0
1411936,0,0,0,0,0,0,0,0,0,0,0,0,0,0,0,2,0,0
1411946,0,0,0,0,0,0,0,0,0,0,0,0,0,0,0,2,0,0
1411956,0,0,0,0,0,0,0,0,0,0,0,0,0,0,0,2,0,0
1411966,0,0,0,0,0,0,0,0,0,0,0,0,0,0,0,2,0,0
1411976,0,0,0,0,0,0,0,0,0,0,0,0,0,0,0,2,0,0
1411986,0,0,0,0,0,0,0,0,0,0,0,0,0,0,0,2,0,0
1411996,0,0,0,0,0,0,0,0,0,0,0,0,0,0,0,2,0,0
1412006,0,0,0,0,0,0,0,0,0,0,0,0,0,0,0,2,0,0
1412016,0,0,0,0,0,0,0,0,0,0,0,0,0,0,0,2,0,0
1412026,0,0,0,0,0,0,0,0,0,0,0,0,0,0,0,2,0,0
1412036,0,0,0,0,0,0,0,0,0,0,0,0,0,0,0,2,0,0
1412046,0,0,0,0,0,0,0,0,0,0,0,0,0,0,0,2,0,0
1412056,0,0,0,0,0,0,0,0,0,0,0,0,0,0,0,2,0,0
1412066,0,0,0,0,0,0,0,0,0,0,0,0,0,0,0,2,0,0
1412076,0,0,0,0,0,0,0,0,0,0,0,0,0,0,0,2,0,0
1412086,0,0,0,0,0,0,0,0,0,0,0,0,0,0,0,2,0,0
1412097,0,0,0,0,0,0,0,0,0,0,0,0,0,0,0,2,0,0
1412106,0,0,0,0,0,0,0,0,0,0,0,0,0,0,0,2,0,0
1412116,0,0,0,0,0,0,0,0,0,0,0,0,0,0,0,2,0,0
1412126,0,0,0,0,0,0,0,0,0,0,0,0,0,0,0,2,0,0
1412136,0,0,0,0,0,0,0,0,0,0,0,0,0,0,0,2,0,0
1412146,0,0,0,0,0,0,0,0,0,0,0,0,0,0,0,2,0,0
1412156,0,0,0,0,0,0,0,0,0,0,0,0,0,0,0,2,0,0
1412166,0,0,0,0,0,0,0,0,0,0,0,0,0,0,0,2,0,0
1412176,0,0,0,0,0,0,0,0,0,0,0,0,0,0,0,2,0,0
1412186,0,0,0,0,0,0,0,0,0,0,0,0,0,0,0,2,0,0
1412197,0,0,0,0,0,0,0,0,0,0,0,0,0,0,0,2,0,0
1412206,0,0,0,0,0,0,0,0,0,0,0,0,0,0,0,2,0,0
1412216,0,0,0,0,0,0,0,0,0,0,0,0,0,0,0,2,0,0
1412226,0,0,0,0,0,0,0,0,0,0,0,0,0,0,0,2,0,0
1412236,0,0,0,0,0,0,0,0,0,0,0,0,0,0,0,2,0,0
1412246,0,0,0,0,0,0,0,0,0,0,0,0,0,0,0,2,0,0
1412256,0,0,0,0,0,0,0,0,0,0,0,0,0,0,0,2,0,0
1412266,0,0,0,0,0,0,0,0,0,0,0,0,0,0,0,2,0,0
1412276,0,0,0,0,0,0,0,0,0,0,0,0,0,0,0,2,0,0
1412286,0,0,0,0,0,0,0,0,0,0,0,0,0,0,0,2,0,0
1412297,0,0,0,0,0,0,0,0,0,0,0,0,0,0,0,2,0,0
1412306,0,0,0,0,0,0,0,0,0,0,0,0,0,0,0,2,0,0
1412316,0,0,0,0,0,0,0,0,0,0,0,0,0,0,0,2,0,0
1412326,0,0,0,0,0,0,0,0,0,0,0,0,0,0,0,2,0,0
1412336,0,0,0,0,0,0,0,0,0,0,0,0,0,0,0,2,0,0
1412346,0,0,0,0,0,0,0,0,0,0,0,0,0,0,0,2,0,0
1412356,0,0,0,0,0,0,0,0,0,0,0,0,0,0,0,2,0,0
1412366,0,0,0,0,0,0,0,0,0,0,0,0,0,0,0,2,0,0
1412376,0,0,0,0,0,0,0,0,0,0,0,0,0,0,0,2,0,0
1412386,0,0,0,0,0,0,0,0,0,0,0,0,0,0,0,2,0,0
1412397,0,0,0,0,0,0,0,0,0,0,0,0,0,0,0,2,0,0
1412406,0,0,0,0,0,0,0,0,0,0,0,0,0,0,0,2,0,0
1412416,0,0,0,0,0,0,0,0,0,0,0,0,0,0,0,2,0,0
1412426,0,0,0,0,0,0,0,0,0,0,0,0,0,0,0,2,0,0
1412436,0,0,0,0,0,0,0,0,0,0,0,0,0,0,0,2,0,0
1412446,0,0,0,0,0,0,0,0,0,0,0,0,0,0,0,2,0,0
1412456,0,0,0,0,0,0,0,0,0,0,0,0,0,0,0,2,0,0
1412466,0,0,0,0,0,0,0,0,0,0,0,0,0,0,0,2,0,0
1412476,0,0,0,0,0,0,0,0,0,0,0,0,0,0,0,2,0,0
1412486,0,0,0,0,0,0,0,0,0,0,0,0,0,0,0,2,0,0
1412497,0,0,0,0,0,0,0,0,0,0,0,0,0,0,0,2,0,0
1412506,0,0,0,0,0,0,0,0,0,0,0,0,0,0,0,2,0,0
1412516,0,0,0,0,0,0,0,0,0,0,0,0,0,0,0,2,0,0
1412526,0,0,0,0,0,0,0,0,0,0,0,0,0,0,0,2,0,0
1412536,0,0,0,0,0,0,0,0,0,0,0,0,0,0,0,2,0,0
1412546,0,0,0,0,0,0,0,0,0,0,0,0,0,0,0,2,0,0
1412556,0,0,0,0,0,0,0,0,0,0,0,0,0,0,0,2,0,0
1412566,0,0,0,0,0,0,0,0,0,0,0,0,0,0,0,2,0,0
1412576,0,0,0,0,0,0,0,0,0,0,0,0,0,0,0,2,0,0
1412586,0,0,0,0,0,0,0,0,0,0,0,0,0,0,0,2,0,0
1412596,0,0,0,0,0,0,0,0,0,0,0,0,0,0,0,2,0,0
1412606,0,0,0,0,0,0,0,0,0,0,0,0,0,0,0,2,0,0
1412616,0,0,0,0,0,0,0,0,0,0,0,0,0,0,0,2,0,0
1412626,0,0,0,0,0,0,0,0,0,0,0,0,0,0,0,2,0,0
1412636,0,0,0,0,0,0,0,0,0,0,0,0,0,0,0,2,0,0
1412646,0,0,0,0,0,0,0,0,0,0,0,0,0,0,0,2,0,0
1412656,0,0,0,0,0,0,0,0,0,0,0,0,0,0,0,2,0,0
1412666,0,0,0,0,0,0,0,0,0,0,0,0,0,0,0,2,0,0
1412676,0,0,0,0,0,0,0,0,0,0,0,0,0,0,0,2,0,0
1412686,0,0,0,0,0,0,0,0,0,0,0,0,0,0,0,2,0,0
1412696,0,0,0,0,0,0,0,0,0,0,0,0,0,0,0,2,0,0
1412706,0,0,0,0,0,0,0,0,0,0,0,0,0,0,0,2,0,0
1412716,0,0,0,0,0,0,0,0,0,0,0,0,0,0,0,2,0,0
1412726,0,0,0,0,0,0,0,0,0,0,0,0,0,0,0,2,0,0
1412736,0,0,0,0,0,0,0,0,0,0,0,0,0,0,0,2,0,0
1412746,0,0,0,0,0,0,0,0,0,0,0,0,0,0,0,2,0,0
1412756,0,0,0,0,0,0,0,0,0,0,0,0,0,0,0,2,0,0
1412766,0,0,0,0,0,0,0,0,0,0,0,0,0,0,0,2,0,0
1412776,0,0,0,0,0,0,0,0,0,0,0,0,0,0,0,2,0,0
1412786,0,0,0,0,0,0,0,0,0,0,0,0,0,0,0,2,0,0
1412796,0,0,0,0,0,0,0,0,0,0,0,0,0,0,0,2,0,0
1412806,0,0,0,0,0,0,0,0,0,0,0,0,0,0,0,2,0,0
1412816,0,0,0,0,0,0,0,0,0,0,0,0,0,0,0,2,0,0
1412826,0,0,0,0,0,0,0,0,0,0,0,0,0,0,0,2,0,0
1412836,0,0,0,0,0,0,0,0,0,0,0,0,0,0,0,2,0,0
1412846,0,0,0,0,0,0,0,0,0,0,0,0,0,0,0,2,0,0
1412856,0,0,0,0,0,0,0,0,0,0,0,0,0,0,0,2,0,0
1412866,0,0,0,0,0,0,0,0,0,0,0,0,0,0,0,2,0,0
1412876,0,0,0,0,0,0,0,0,0,0,0,0,0,0,0,2,0,0
1412886,0,0,0,0,0,0,0,0,0,0,0,0,0,0,0,2,0,0
1412897,0,0,0,0,0,0,0,0,0,0,0,0,0,0,0,2,0,0
1412906,0,0,0,0,0,0,0,0,0,0,0,0,0,0,0,2,0,0
1412917,0,0,0,0,0,0,0,0,0,0,0,0,0,0,0,2,0,0
1412928,0,0,0,0,0,0,0,0,0,0,0,0,0,0,0,2,0,0
1412936,0,0,0,0,0,0,0,0,0,0,0,0,0,0,0,2,0,0
1412946,0,0,0,0,0,0,0,0,0,0,0,0,0,0,0,2,0,0
1412956,0,0,0,0,0,0,0,0,0,0,0,0,0,0,0,2,0,0
1412966,0,0,0,0,0,0,0,0,0,0,0,0,0,0,0,2,0,0
1412976,0,0,0,0,0,0,0,0,0,0,0,0,0,0,0,2,0,0
1412986,0,0,0,0,0,0,0,0,0,0,0,0,0,0,0,2,0,0
1412996,0,0,0,0,0,0,0,0,0,0,0,0,0,0,0,2,0,0
1413006,0,0,0,0,0,0,0,0,0,0,0,0,0,0,0,2,0,0
1413016,0,0,0,0,0,0,0,0,0,0,0,0,0,0,0,2,0,0
1413026,0,0,0,0,0,0,0,0,0,0,0,0,0,0,0,2,0,0
1413036,0,0,0,0,0,0,0,0,0,0,0,0,0,0,0,2,0,0
1413046,0,0,0,0,0,0,0,0,0,0,0,0,0,0,0,2,0,0
1413056,0,0,0,0,0,0,0,0,0,0,0,0,0,0,0,2,0,0
1413066,0,0,0,0,0,0,0,0,0,0,0,0,0,0,0,2,0,0
1413076,0,0,0,0,0,0,0,0,0,0,0,0,0,0,0,2,0,0
1413086,0,0,0,0,0,0,0,0,0,0,0,0,0,0,0,2,0,0
1413096,0,0,0,0,0,0,0,0,0,0,0,0,0,0,0,2,0,0
1413106,0,0,0,0,0,0,0,0,0,0,0,0,0,0,0,2,0,0
1413116,0,0,0,0,0,0,0,0,0,0,0,0,0,0,0,2,0,0
1413126,0,0,0,0,0,0,0,0,0,0,0,0,0,0,0,2,0,0
1413136,0,0,0,0,0,0,0,0,0,0,0,0,0,0,0,2,0,0
1413146,0,0,0,0,0,0,0,0,0,0,0,0,0,0,0,2,0,0
1413156,0,0,0,0,0,0,0,0,0,0,0,0,0,0,0,2,0,0
1413166,0,0,0,0,0,0,0,0,0,0,0,0,0,0,0,2,0,0
1413176,0,0,0,0,0,0,0,0,0,0,0,0,0,0,0,2,0,0
1413186,0,0,0,0,0,0,0,0,0,0,0,0,0,0,0,2,0,0
1413196,0,0,0.174,0,0,0,0,0,0,0,0,0,0,0,0,2,0,0
1413206,0,0,0.174,0,0,0,0,0,0,0,0,0,0,0,0,2,0,0
1413216,0,0,0.174,0,0,0,0,0,0,0,0,0,0,0,0,2,0,0
1413226,0,0,0.174,0,0,0,0,0,0,0,0,0,0,0,0,2,0,0
1413236,0,0,0.174,0,0,0,0,0,0,0,0.001,0,0,0,0,2,0,0
1413246,0,0,0.174,0,0,0,0,0,0,0,0.001,0,0,0,0,2,0,0
1413256,0,0,0.174,0,0,0,0,0,0,0.001,0.002,0,0,0,0,2,0,0
1413266,0,0,0.174,0,0,0.012,0,0.005,-0.001,0.001,0.004,0.001,0,0,0,2,0.001,0
1413276,0,0,0.174,0,0,0.05,0.001,0.034,0,0.002,0.006,0.006,0,0,0,2,0.006,0
1413286,0,0,0.174,0,0,0.012,0.001,0.023,0,0.002,0.009,0.007,0.001,0,0,2,0.007,0.001
1413296,0,0,0.174,0,0,0.031,-0.016,0.015,-0.02,0,0.01,0.003,-0.002,0,0,2,0.003,-0.002
1413306,0,0,0.174,0,0,0.118,-0.007,0.09,-0.007,-0.003,0.005,0.003,-0.006,0,0,2,0.003,-0.006
1413316,0,0,0.174,0,0,0.029,-0.002,0.058,0.002,-0.003,0.011,0.007,-0.003,0,0,2,0.007,-0.003
1413327,0,0,0.174,0,0,0.004,0,0.007,-0.005,-0.004,0.016,0,-0.001,0,0,2,0,-0.001
1413337,0,0,0.174,0,0,0.085,0.01,0.055,0.011,-0.004,0.019,-0.002,0.002,0,0,2,-0.002,0.002
1413347,0,0,0.174,0,0,0.122,0.011,0.108,0.014,-0.005,0.015,0.007,0.008,0,0,2,0.007,0.008
1413357,0,0,0.174,0,0,0.088,0.012,0.098,0.013,-0.005,0.007,0.017,0.011,0,0,2,0.017,0.011
1413367,0,0,0.174,0,0,0.052,0.008,0.064,0.01,-0.009,0.003,0.008,0.011,0,0,2,0.008,0.011
1413377,0,0,0.174,0,0,0.012,0.003,0.026,0.007,-0.009,0.003,-0.001,0.009,0,0,2,-0.001,0.009
1413387,0,0,0.174,0,0,-0.016,-0.003,-0.003,0.002,-0.007,0.001,-0.002,0.005,0,0,2,-0.002,0.005
1413397,0,0,0.174,0,0,-0.039,-0.007,-0.034,-0.004,-0.007,-0.001,-0.009,0.001,0,0,2,-0.009,0.001
1413407,0,0,0.174,0,0,-0.067,-0.013,-0.058,-0.01,-0.005,-0.003,-0.017,-0.004,0,0,2,-0.017,-0.004
1413417,0,0,0.174,0,0,-0.074,-0.013,-0.073,-0.013,-0.003,-0.005,-0.025,-0.01,0,0,2,-0.025,-0.01
1413427,0,0,0.174,0,0,-0.051,0.017,-0.067,0.008,-0.001,-0.006,-0.023,-0.007,0,0,2,-0.023,-0.007
1413437,0,0,0.174,0,0,-0.008,0.002,-0.019,0.006,-0.001,-0.008,-0.014,0.004,0,0,2,-0.014,0.004
1413447,0,0,0.174,0,0,-0.033,0,-0.028,0.001,0,-0.006,-0.01,0.002,0,0,2,-0.01,0.002
1413457,0,0,0.174,0,0,-0.032,0,-0.033,-0.001,0.002,-0.006,-0.014,0,0,0,2,-0.014,0
1413467,0,0,0.174,0,0,-0.021,0,-0.025,-0.001,0.003,-0.006,-0.019,-0.001,0,0,2,-0.019,-0.001
1413477,0,0,0.174,0,0,-0.005,0,-0.011,-0.001,0.004,-0.005,-0.009,-0.001,0,0,2,-0.009,-0.001
1413487,0,0,0.174,0,0,0.009,0,0.004,0,0.005,-0.003,0.001,-0.001,0,0,2,0.001,-0.001
1413497,0,0,0.174,0,0,0.018,0,0.016,-0.001,0.004,0,0.007,-0.001,0,0,2,0.007,-0.001
1413507,0,0,0.174,0,0,0.023,0,0.022,0,0.004,0.001,0.012,-0.001,0,0,2,0.012,-0.001
1413517,0,0,0.174,0,0,0.024,0,0.024,0,0.003,0.003,0.013,0,0,0,2,0.013,0
1413527,0,0,0.174,0,0,0.021,0,0.022,0,0.002,0.003,0.01,0,0,0,2,0.01,0
1413537,0,0,0.174,0,0,0.018,0,0.019,0,0.001,0.003,0.015,0,0,0,2,0.015,0
1413547,0,0,0.174,0,0,0.015,0,0.016,0,0.001,0.003,0.011,0,0,0,2,0.011,0
1413557,0,0,0.174,0,0,0.009,0,0.011,0,0.001,0.003,0.006,0,0,0,2,0.006,0
1413567,0,0,0.174,0,0,0.004,0,0.005,0,0,0.002,0.004,0,0,0,2,0.004,0
1413577,0,0,0.174,0,0,0,0,0.002,0,0,0.001,0.002,0,0,0,2,0.002,0
1413587,0,0,0.174,0,0,0,0,0.001,0,0,0.001,0.001,0,0,0,2,0.001,0
1413597,0,0,0.174,0,0,0,0,0,0,0,0,0,0,0,0,2,0,0
1413607,0,0,0.174,0,0,0,0,0,0,0,0,0,0,0,0,2,0,0
1413617,0,0,0.174,0,0,0,0,0,0,0,0,0,0,0,0,2,0,0
1413627,0,0,0.174,0,0,0,0,0,0,0,0,0,0,0,0,2,0,0
1413637,0,0,0.174,0,0,0,0,0,0,0,0,0,0,0,0,2,0,0
1413647,0,0,0.174,0,0,0,0,0,0,0,0,0,0,0,0,2,0,0
1413657,0,0,0.174,0,0,0,0,0,0,0,0,0,0,0,0,2,0,0
1413667,0,0,0.174,0,0,0,0,0,0,0,0,0,0,0,0,2,0,0
1413677,0,0,0.174,0,0,0,0,0,0,0,0,0,0,0,0,2,0,0
1413687,0,0,0.174,0,0,0,0,0,0,0,0,0,0,0,0,2,0,0
1413697,0,0,0.174,0,0,0,0,0,0,0,0,0,0,0,0,2,0,0
1413707,0,0,0.174,0,0,0,0,0,0,0,0,0,0,0,0,2,0,0
1413717,0,0,0.174,0,0,0,0,0,0,0,0,0,0,0,0,2,0,0
1413727,0,0,0.174,0,0,0,0,0,0,0,0,0,0,0,0,2,0,0
1413737,0,0,0.174,0,0,0,0,0,0,0,0,0,0,0,0,2,0,0
1413747,0,0,0.174,0,0,0,0,0,0,0,0,0,0,0,0,2,0,0
1413757,0,0,0.174,0,0,0,0,0,0,0,0,0,0,0,0,2,0,0
1413767,0,0,0.174,0,0,0,0,0,0,0,0,0,0,0,0,2,0,0
1413777,0,0,0.174,0,0,0,0,0,0,0,0,0,0,0,0,2,0,0
1413787,0,0,0.174,0,0,0,0,0,0,0,0,0,0,0,0,2,0,0
1413797,0,0,0.174,0,0,0,0,0,0,0,0,0,0,0,0,2,0,0
1413807,0,0,0.174,0,0,0,0,0,0,0,0,0,0,0,0,2,0,0
1413817,0,0,0.174,0,0,0,0,0,0,0,0,0,0,0,0,2,0,0
1413827,0,0,0.174,0,0,0,0,0,0,0,0,0,0,0,0,2,0,0
1413837,0,0,0.174,0,0,0,0,0,0,0,0,0,0,0,0,2,0,0
1413847,0,0,0.174,0,0,0,0,0,0,0,0,0,0,0,0,2,0,0
1413857,0,0,0.174,0,0,0,0,0,0,0,0,0,0,0,0,2,0,0
1413867,0,0,0.174,0,0,0,0,0,0,0,0,0,0,0,0,2,0,0
1413877,0,0,0.174,0,0,0,0,0,0,0,0,0,0,0,0,2,0,0
1413887,0,0,0.174,0,0,0,0,0,0,0,0,0,0,0,0,2,0,0
1413897,0,0,0.174,0,0,0,0,0,0,0,0,0,0,0,0,2,0,0
1413907,0,0,0.174,0,0,0,0,0,0,0,0,0,0,0,0,2,0,0
1413917,0,0,0.174,0,0,0,0,0,0,0,0,0,0,0,0,2,0,0
1413927,0,0,0.174,0,0,0,0,0,0,0,0,0,0,0,0,2,0,0
1413937,0,0,0.174,0,0,0,0,0,0,0,0,0,0,0,0,2,0,0
1413948,0,0,0.174,0,0,0,0,0,0,0,0,0,0,0,0,2,0,0
1413958,0,0,0.174,0,0,0,0,0,0,0,0,0,0,0,0,2,0,0
1413967,0,0,0.174,0,0,0,0,0,0,0,0,0,0,0,0,2,0,0
1413977,0,0,0.174,0,0,0,0,0,0,0,0,0,0,0,0,2,0,0
1413987,0,0,0.174,0,0,0,0,0,0,0,0,0,0,0,0,2,0,0
1413997,0,0,0.174,0,0,0,0,0,0,0,0,0,0,0,0,2,0,0
1414007,0,0,0.174,0,0,0,0,0,0,0,0,0,0,0,0,2,0,0
1414017,0,0,0.174,0,0,0,0,0,0,0,0,0,0,0,0,2,0,0
1414030,0,0,0.174,0,0,0,0,0,0,0,0,0,0,0,0,2,0,0
1414037,0,0,0.174,0,0,0,0,0,0,0,0,0,0,0,0,2,0,0
1414047,0,0,0.174,0,0,0,0,0,0,0,0,0,0,0,0,2,0,0
1414057,0,0,0.174,0,0,0,0,0,0,0,0,0,0,0,0,2,0,0
1414067,0,0,0.174,0,0,0,0,0,0,0,0,0,0,0,0,2,0,0
1414077,0,0,0.174,0,0,0,0,0,0,0,0,0,0,0,0,2,0,0
1414087,0,0,0.174,0,0,0,0,0,0,0,0,0,0,0,0,2,0,0
1414097,0,0,0.174,0,0,0,0,0,0,0,0,0,0,0,0,2,0,0
1414107,0,0,0.174,0,0,0,0,0,0,0,0,0,0,0,0,2,0,0
1414117,0,0,0.174,0,0,0,0,0,0,0,0,0,0,0,0,2,0,0
1414130,0,0,0.174,0,0,0,0,0,0,0,0,0,0,0,0,2,0,0
1414137,0,0,0.174,0,0,0,0,0,0,0,0,0,0,0,0,2,0,0
1414147,0,0,0.174,0,0,0,0,0,0,0,0,0,0,0,0,2,0,0
1414157,0,0,0.174,0,0,0,0,0,0,0,0,0,0,0,0,2,0,0
1414167,0,0,0.174,0,0,0,0,0,0,0,0,0,0,0,0,2,0,0
1414177,0,0,0.174,0,0,0,0,0,0,0,0,0,0,0,0,2,0,0
1414187,0,0,0.174,0,0,0,0,0,0,0,0,0,0,0,0,2,0,0
1414197,0,0,0.174,0,0,0,0,0,0,0,0,0,0,0,0,2,0,0
1414207,0,0,0.174,0,0,0,0,0,0,0,0,0,0,0,0,2,0,0
1414217,0,0,0.174,0,0,0,0,0,0,0,0,0,0,0,0,2,0,0
1414227,0,0,0.174,0,0,0,0,0,0,0,0,0,0,0,0,2,0,0
1414237,0,0,0.174,0,0,0,0,0,0,0,0,0,0,0,0,2,0,0
1414247,0,0,0.174,0,0,0,0,0,0,0,0,0,0,0,0,2,0,0
1414258,0,0,0.174,0,0,0,0,0,0,0,0,0,0,0,0,2,0,0
1414267,0,0,0.174,0,0,0,0,0,0,0,0,0,0,0,0,2,0,0
1414277,0,0,0.174,0,0,0,0,0,0,0,0,0,0,0,0,2,0,0
1414287,0,0,0.174,0,0,0,0,0,0,0,0,0,0,0,0,2,0,0
1414297,0,0,0.174,0,0,0,0,0,0,0,0,0,0,0,0,2,0,0
1414307,0,0,0.174,0,0,0,0,0,0,0,0,0,0,0,0,2,0,0
1414317,0,0,0.174,0,0,0,0,0,0,0,0,0,0,0,0,2,0,0
1414327,0,0,0.174,0,0,0,0,0,0,0,0,0,0,0,0,2,0,0
1414337,0,0,0.174,0,0,0,0,0,0,0,0,0,0,0,0,2,0,0
1414347,0,0,0.174,0,0,0,0,0,0,0,0,0,0,0,0,2,0,0
1414357,0,0,0.174,0,0,0,0,0,0,0,0,0,0,0,0,2,0,0
1414367,0,0,0.174,0,0,0,0,0,0,0,0,0,0,0,0,2,0,0
1414377,0,0,0.174,0,0,0,0,0,0,0,0,0,0,0,0,2,0,0
1414387,0,0,0.174,0,0,0,0,0,0,0,0,0,0,0,0,2,0,0
1414397,0,0,0.174,0,0,0,0,0,0,0,0,0,0,0,0,2,0,0
1414407,0,0,0.174,0,0,0,0,0,0,0,0,0,0,0,0,2,0,0
1414417,0,0,0.174,0,0,0,0,0,0,0,0,0,0,0,0,2,0,0
1414427,0,0,0.174,0,0,0,0,0,0,0,0,0,0,0,0,2,0,0
1414437,0,0,0.174,0,0,0,0,0,0,0,0,0,0,0,0,2,0,0
1414447,0,0,0.174,0,0,0,0,0,0,0,0,0,0,0,0,2,0,0
1414457,0,0,0.174,0,0,0,0,0,0,0,0,0,0,0,0,2,0,0
1414467,0,0,0.174,0,0,0,0,0,0,0,0,0,0,0,0,2,0,0
1414477,0,0,0.174,0,0,0,0,0,0,0,0,0,0,0,0,2,0,0
1414487,0,0,0.174,0,0,0,0,0,0,0,0,0,0,0,0,2,0,0
1414497,0,0,0.174,0,0,0,0,0,0,0,0,0,0,0,0,2,0,0
1414507,0,0,0.174,0,0,0,0,0,0,0,0,0,0,0,0,2,0,0
1414517,0,0,0.174,0,0,0,0,0,0,0,0,0,0,0,0,2,0,0
1414527,0,0,0.174,0,0,0,0,0,0,0,0,0,0,0,0,2,0,0
1414537,0,0,0.174,0,0,0,0,0,0,0,0,0,0,0,0,2,0,0
1414547,0,0,0.174,0,0,0,0,0,0,0,0,0,0,0,0,2,0,0
1414557,0,0,0.174,0,0,0,0,0,0,0,0,0,0,0,0,2,0,0
1414567,0,0,0.174,0,0,0,0,0,0,0,0,0,0,0,0,2,0,0
1414577,0,0,0.174,0,0,0,0,0,0,0,0,0,0,0,0,2,0,0
1414587,0,0,0.174,0,0,0,0,0,0,0,0,0,0,0,0,2,0,0
1414597,0,0,0.174,0,0,0,0,0,0,0,0,0,0,0,0,2,0,0
1414607,0,0,0.174,0,0,0,0,0,0,0,0,0,0,0,0,2,0,0
1414617,0,0,0.174,0,0,0,0,0,0,0,0,0,0,0,0,2,0,0
1414627,0,0,0.174,0,0,0,0,0,0,0,0,0,0,0,0,2,0,0
1414637,0,0,0.174,0,0,0,0,0,0,0,0,0,0,0,0,2,0,0
1414647,0,0,0.174,0,0,0,0,0,0,0,0,0,0,0,0,2,0,0
1414657,0,0,0.174,0,0,0,0,0,0,0,0,0,0,0,0,2,0,0
1414667,0,0,0.174,0,0,0,0,0,0,0,0,0,0,0,0,2,0,0
1414677,0,0,0.174,0,0,0,0,0,0,0,0,0,0,0,0,2,0,0
1414687,0,0,0.174,0,0,0,0,0,0,0,0,0,0,0,0,2,0,0
1414697,0,0,0.174,0,0,0,0,0,0,0,0,0,0,0,0,2,0,0
1414707,0,0,0.174,0,0,0,0,0,0,0,0,0,0,0,0,2,0,0
1414717,0,0,0.174,0,0,0,0,0,0,0,0,0,0,0,0,2,0,0
1414727,0,0,0.174,0,0,0,0,0,0,0,0,0,0,0,0,2,0,0
1414737,0,0,0.174,0,0,0,0,0,0,0,0,0,0,0,0,2,0,0
1414747,0,0,0.174,0,0,0,0,0,0,0,0,0,0,0,0,2,0,0
1414757,0,0,0.174,0,0,0,0,0,0,0,0,0,0,0,0,2,0,0
1414767,0,0,0.174,0,0,0,0,0,0,0,0,0,0,0,0,2,0,0
1414777,0,0,0.174,0,0,0,0,0,0,0,0,0,0,0,0,2,0,0
1414787,0,0,0.174,0,0,0,0,0,0,0,0,0,0,0,0,2,0,0
1414798,0,0,0.174,0,0,0,0,0,0,0,0,0,0,0,0,2,0,0
1414807,0,0,0.174,0,0,0,0,0,0,0,0,0,0,0,0,2,0,0
1414817,0,0,0.174,0,0,0,0,0,0,0,0,0,0,0,0,2,0,0
1414827,0,0,0.174,0,0,0,0,0,0,0,0,0,0,0,0,2,0,0
1414837,0,0,0.174,0,0,0,0,0,0,0,0,0,0,0,0,2,0,0
1414847,0,0,0.174,0,0,0,0,0,0,0,0,0,0,0,0,2,0,0
1414857,0,0,0.174,0,0,0,0,0,0,0,0,0,0,0,0,2,0,0
1414867,0,0,0.174,0,0,0,0,0,0,0,0,0,0,0,0,2,0,0
1414877,0,0,0.174,0,0,0,0,0,0,0,0,0,0,0,0,2,0,0
1414887,0,0,0.174,0,0,0,0,0,0,0,0,0,0,0,0,2,0,0
1414901,0,0,0.174,0,0,0,0,0,0,0,0,0,0,0,0,2,0,0
1414907,0,0,0.174,0,0,0,0,0,0,0,0,0,0,0,0,2,0,0
1414917,0,0,0.174,0,0,0,0,0,0,0,0,0,0,0,0,2,0,0
1414927,0,0,0.174,0,0,0,0,0,0,0,0,0,0,0,0,2,0,0
1414937,0,0,0.174,0,0,0,0,0,0,0,0,0,0,0,0,2,0,0
1414947,0,0,0.174,0,0,0,0,0,0,0,0,0,0,0,0,2,0,0
1414957,0,0,0.174,0,0,0,0,0,0,0,0,0,0,0,0,2,0,0
1414967,0,0,0.174,0,0,0,0,0,0,0,0,0,0,0,0,2,0,0
1414977,0,0,0.174,0,0,0,0,0,0,0,0,0,0,0,0,2,0,0
1414987,0,0,0.174,0,0,0,0,0,0,0,0,0,0,0,0,2,0,0
1414997,0,0,0.174,0,0,0,0,0,0,0,0,0,0,0,0,2,0,0
1415007,0,0,0.174,0,0,0,0,0,0,0,0,0,0,0,0,2,0,0
1415017,0,0,0.174,0,0,0,0,0,0,0,0,0,0,0,0,2,0,0
1415027,0,0,0.174,0,0,0,0,0,0,0,0,0,0,0,0,2,0,0
1415036,0,0,0.174,0,0,0,0,0,0,0,0,0,0,0,0,2,0,0
1415046,0,0,0.174,0,0,0,0,0,0,0,0,0,0,0,0,2,0,0
1415056,0,0,0.174,0,0,0,0,0,0,0,0,0,0,0,0,2,0,0
1415067,0,0,0.174,0,0,0,0,0,0,0,0,0,0,0,0,2,0,0
1415076,0,0,0.174,0,0,0,0,0,0,0,0,0,0,0,0,2,0,0
1415088,0,0,0.174,0,0,0,0,0,0,0,0,0,0,0,0,2,0,0
1415096,0,0,0.174,0,0,0,0,0,0,0,0,0,0,0,0,2,0,0
1415106,0,0,0.174,0,0,0,0,0,0,0,0,0,0,0,0,2,0,0
1415116,0,0,0.174,0,0,0,0,0,0,0,0,0,0,0,0,2,0,0
1415126,0,0,0.174,0,0,0,0,0,0,0,0,0,0,0,0,2,0,0
1415136,0,0,0.174,0,0,0,0,0,0,0,0,0,0,0,0,2,0,0
1415146,0,0,0.174,0,0,0,0,0,0,0,0,0,0,0,0,2,0,0
1415156,0,0,0.174,0,0,0,0,0,0,0,0,0,0,0,0,2,0,0
1415166,0,0,0.174,0,0,0,0,0,0,0,0,0,0,0,0,2,0,0
1415176,0,0,0.174,0,0,0,0,0,0,0,0,0,0,0,0,2,0,0
1415186,0,0,0.174,0,0,0,0,0,0,0,0,0,0,0,0,2,0,0
1415196,0,0,0.174,0,0,0,0,0,0,0,0,0,0,0,0,2,0,0
1415206,0,0,0.174,0,0,0,0,0,0,0,0,0,0,0,0,2,0,0
1415216,0,0,0,0,0,0,0,0,0,0,0,0,0,0,0,2,0,0
1415226,0,0,0,0,0,0,0,0,0,0,0,0,0,0,0,2,0,0
1415236,0,0,0,0,0,0,0,0,0,0,0,0,0,0,0,2,0,0
1415246,0,0,0,0,0,0,0,0,0,0,0,0,0,0,0,2,0,0
1415256,0,0,0,0,0,0,0,0,0,0,0,0,0,0,0,2,0,0
1415266,0,0,0,0,0,-0.004,0,-0.002,0,0,0,0,0,0,0,2,0,0
1415276,0,0,0,0,0,-0.007,0,-0.006,0,0,-0.001,-0.003,0,0,0,2,-0.003,0
1415286,0,0,0,0,0,-0.011,0,-0.01,0,0,-0.002,-0.005,0,0,0,2,-0.005,0
1415296,0,0,0,0,0,-0.016,0,-0.014,0,-0.001,-0.002,-0.007,0,0,0,2,-0.007,0
1415306,0,0,0,0,0,-0.021,0,-0.019,0,-0.001,-0.003,-0.009,0,0,0,2,-0.009,0
1415316,0,0,0,0,0,-0.024,0,-0.024,0,-0.001,-0.004,-0.01,0,0,0,2,-0.01,0
1415326,0,0,0,0,0,-0.027,0,-0.027,0,0.001,-0.003,-0.016,0,0,0,2,-0.016,0
1415336,0,0,0,0,0,-0.029,0,-0.029,0,0.002,-0.003,-0.013,-0.001,0,0,2,-0.013,-0.001
1415346,0,0,0,0,0,-0.029,0,-0.031,0,0.004,-0.003,-0.008,0,0,0,2,-0.008,0
1415356,0,0,0,0,0,-0.03,0,-0.031,0,0.006,-0.003,-0.004,0,0,0,2,-0.004,0
1415366,0,0,0,0,0,-0.029,0,-0.029,0,0.007,-0.004,-0.002,0,0,0,2,-0.002,0
1415376,0,0,-0.174,0,0,-0.029,0,-0.028,0,0.008,-0.003,-0.001,0,0,0,2,-0.001,0
1415386,0,0,-0.174,0,0,-0.027,0,-0.027,0.001,0.009,-0.002,-0.005,0,0,0,2,-0.005,0
1415396,0,0,-0.174,0,0,-0.027,0,-0.026,0.001,0.008,-0.002,-0.009,0,0,0,2,-0.009,0
1415406,0,0,-0.174,0,0,-0.025,0,-0.024,0.001,0.006,-0.001,-0.005,0.001,0,0,2,-0.005,0.001
1415416,0,0,-0.174,0,0,-0.025,0,-0.024,0,0.004,-0.001,-0.004,0,0,0,2,-0.004,0
1415426,0,0,-0.174,0,0,-0.026,0,-0.025,0,0.002,-0.001,-0.006,0,0,0,2,-0.006,0
1415436,0,0,-0.174,0,0,-0.027,0,-0.026,0,0,-0.002,-0.007,0,0,0,2,-0.007,0
1415446,0,0,-0.174,0,0,-0.03,0,-0.029,0,-0.001,-0.001,-0.009,0,0,0,2,-0.009,0
1415456,0,0,-0.174,0,0,-0.032,0,-0.032,-0.001,-0.001,0,-0.012,0,0,0,2,-0.012,0
1415466,0,0,-0.174,0,0,-0.034,0,-0.034,0,0,0,-0.015,0,0,0,2,-0.015,0
1415476,0,0,-0.174,0,0,-0.034,0,-0.036,0,0.002,-0.001,-0.015,0,0,0,2,-0.015,0
1415486,0,0,-0.174,0,0,-0.037,0,-0.038,0,0.004,-0.002,-0.013,0,0,0,2,-0.013,0
1415496,0,0,-0.349,0,0,-0.037,-0.005,-0.038,-0.004,0.005,-0.003,-0.006,-0.001,0,0,2,-0.006,-0.001
1415506,0,0,-0.349,0,0,-0.041,-0.006,-0.037,-0.004,0.008,-0.005,-0.004,-0.003,0,0,2,-0.004,-0.003
1415516,0,0,-0.349,0,0,-0.026,-0.005,-0.028,-0.004,0.008,-0.006,-0.005,-0.004,0,0,2,-0.005,-0.004
1415526,0,0,-0.349,0,0,-0.022,-0.005,-0.022,-0.005,0.009,-0.006,-0.004,-0.004,0,0,2,-0.004,-0.004
1415536,0,0,-0.349,0,0,-0.021,-0.006,-0.021,-0.006,0.009,-0.005,-0.003,-0.005,0,0,2,-0.003,-0.005
1415546,0,0,-0.349,0,0,-0.022,-0.006,-0.021,-0.006,0.01,-0.006,-0.006,-0.006,0,0,2,-0.006,-0.006
1415556,0,0,-0.349,0,0,-0.021,-0.006,-0.022,-0.006,0.01,-0.006,-0.006,-0.007,0,0,2,-0.006,-0.007
1415566,0,0,-0.349,0,0,-0.024,-0.007,-0.023,-0.007,0.009,-0.007,-0.011,-0.006,0,0,2,-0.011,-0.006
1415576,0,0,-0.349,0,0,-0.018,-0.004,-0.022,-0.005,0.01,-0.007,-0.01,-0.007,0,0,2,-0.01,-0.007
1415586,0,0,-0.349,0,0,-0.003,-0.001,-0.007,-0.002,0.011,-0.007,0,-0.005,0,0,2,0,-0.005
1415596,0,0,-0.349,0,0,0,0,-0.001,0,0.01,-0.005,0.005,-0.002,0,0,2,0.005,-0.002
1415606,0,0,-0.349,0,0,0,0,0,0,0.008,-0.004,0.007,-0.001,0,0,2,0.007,-0.001
1415616,0,0,-0.349,0,0,-0.017,-0.009,-0.008,-0.008,0.006,-0.003,0.006,-0.002,0,0,2,0.006,-0.002
1415626,0,0,-0.349,0,0,-0.054,-0.002,-0.043,-0.004,0.006,-0.003,0.002,-0.004,0,0,2,0.002,-0.004
1415636,0,0,-0.349,0,0,-0.016,0,-0.029,-0.002,0.007,-0.003,-0.003,-0.004,0,0,2,-0.003,-0.004
1415646,0,0,-0.349,0,0,-0.002,0,-0.006,-0.001,0.008,-0.003,0.001,-0.002,0,0,2,0.001,-0.002
1415656,0,0,-0.349,0,0,0,0,0,0,0.01,-0.003,0.005,-0.001,0,0,2,0.005,-0.001
1415666,0,0,-0.523,0,0,0,0,-0.001,0,0.013,-0.003,0.008,-0.001,0,0,2,0.008,-0.001
1415676,0,0,-0.523,0,0,0.004,0.015,0.001,0.008,0.013,-0.002,0.006,0.001,0,0,2,0.006,0.001
1415686,0,0,-0.523,0,0,-0.01,0.003,-0.007,0.006,0.013,-0.002,0.008,0.005,0,0,2,0.008,0.005
1415696,0,0,-0.523,0,0,-0.009,0,-0.009,0.002,0.012,-0.001,0.006,0.004,0,0,2,0.006,0.004
1415706,0,0,-0.523,0,0,-0.008,0,-0.008,0,0.012,-0.002,0.005,0.002,0,0,2,0.005,0.002
1415716,0,0,-0.523,0,0,-0.008,0,-0.008,0.001,0.012,-0.003,0.005,0.001,0,0,2,0.005,0.001
1415726,0,0,-0.523,0,0,-0.012,-0.005,-0.011,-0.004,0.012,-0.005,0.005,-0.001,0,0,2,0.005,-0.001
1415736,0,0,-0.523,0,0,-0.018,-0.007,-0.016,-0.006,0.011,-0.006,0.005,-0.003,0,0,2,0.005,-0.003
1415746,0,0,-0.523,0,0,-0.025,-0.009,-0.023,-0.009,0.011,-0.007,0.005,-0.006,0,0,2,0.005,-0.006
1415756,0,0,-0.523,0,0,-0.039,-0.007,-0.036,-0.009,0.01,-0.009,0.002,-0.008,0,0,2,0.002,-0.008
1415766,0,0,-0.523,0,0,-0.024,-0.001,-0.04,-0.006,0.01,-0.008,-0.001,-0.008,0,0,2,-0.001,-0.008
1415776,0,0,-0.523,0,0,-0.007,0,-0.015,-0.002,0.011,-0.007,0.001,-0.006,0,0,2,0.001,-0.006
1415786,0,0,-0.523,0,0,-0.001,0,-0.003,-0.001,0.012,-0.006,0.006,-0.003,0,0,2,0.006,-0.003
1415796,0,0,-0.523,0,0,-0.008,-0.008,-0.003,-0.007,0.012,-0.004,0.008,-0.003,0,0,2,0.008,-0.003
1415806,0,0,-0.523,0,0,-0.03,0,-0.024,-0.001,0.01,-0.002,0.006,-0.004,0,0,2,0.006,-0.004
1415816,0,0,-0.523,0,0,-0.034,0,-0.032,0,0.008,0.002,0.003,-0.002,0,0,2,0.003,-0.002
1415826,0,0,-0.523,0,0,-0.032,0.001,-0.032,0.001,0.007,0.003,-0.005,0,0,0,2,-0.005,0
1415836,0,0,-0.523,0,0,-0.027,0.004,-0.028,0.004,0.006,0.004,-0.006,0.002,0,0,2,-0.006,0.002
1415846,0,0,-0.523,0,0,-0.024,0.003,-0.025,0.004,0.004,0.004,-0.006,0.003,0,0,2,-0.006,0.003
1415856,0,0,-0.523,0,0,-0.019,0.001,-0.02,0.002,0.003,0.003,-0.009,0.003,0,0,2,-0.009,0.003
1415866,0,0,-0.523,0,0,-0.015,0,-0.017,0,0.003,0.002,-0.007,0.002,0,0,2,-0.007,0.002
1415876,0,0,-0.523,0,0,-0.012,0,-0.014,0,0.002,0.001,-0.007,0,0,0,2,-0.007,0
1415886,0,0,-0.523,0,0,-0.009,0,-0.011,0,0.002,0,-0.007,0,0,0,2,-0.007,0
1415896,0,0,-0.523,0,0,-0.007,0,-0.008,0,0.003,-0.002,-0.004,0,0,0,2,-0.004,0
1415906,0,0,-0.523,0,0,-0.006,0,-0.006,0,0.003,-0.001,-0.002,0,0,0,2,-0.002,0
1415916,0,0,-0.523,0,0,-0.006,0,-0.006,0,0.004,-0.002,-0.002,0,0,0,2,-0.002,0
1415926,0,0,-0.523,0,0,-0.008,0,-0.007,0,0.005,-0.002,-0.002,0,0,0,2,-0.002,0
1415936,0,0,-0.523,0,0,-0.008,0,-0.008,0,0.005,-0.002,-0.001,0,0,0,2,-0.001,0
1415946,0,0,-0.523,0,0,-0.008,-0.004,-0.008,-0.002,0.005,-0.003,-0.003,-0.001,0,0,2,-0.003,-0.001
1415956,0,0,-0.523,0,0,-0.006,-0.003,-0.007,-0.003,0.006,-0.004,-0.005,-0.003,0,0,2,-0.005,-0.003
1415966,0,0,-0.523,0,0,-0.005,-0.004,-0.006,-0.004,0.007,-0.004,0,-0.003,0,0,2,0,-0.003
1415976,0,0,-0.523,0,0,-0.004,-0.005,-0.005,-0.005,0.006,-0.004,0.002,-0.004,0,0,2,0.002,-0.004
1415986,0,0,-0.523,0,0,-0.003,-0.004,-0.003,-0.004,0.007,-0.005,0.002,-0.004,0,0,2,0.002,-0.004
1415996,0,0,-0.523,0,0,-0.002,-0.004,-0.003,-0.004,0.007,-0.004,0.003,-0.004,0,0,2,0.003,-0.004
1416006,0,0,-0.523,0,0,-0.001,-0.003,-0.002,-0.004,0.008,-0.004,0.004,-0.004,0,0,2,0.004,-0.004
1416016,0,0,-0.523,0,0,0,-0.003,0,-0.003,0.009,-0.004,0.005,-0.003,0,0,2,0.005,-0.003
1416026,0,0,-0.523,0,0,0,-0.002,0,-0.002,0.008,-0.004,0.005,-0.003,0,0,2,0.005,-0.003
1416036,0,0,-0.523,0,0,0,-0.002,0,-0.002,0.008,-0.003,0.005,-0.002,0,0,2,0.005,-0.002
1416046,0,0,-0.523,0,0,0,-0.002,0.001,-0.002,0.007,-0.003,0.004,-0.002,0,0,2,0.004,-0.002
1416056,0,0,-0.349,0,0,0,0,0.001,-0.001,0.006,-0.002,0.004,-0.002,0,0,2,0.004,-0.002
1416066,0,0,-0.349,0,0,0,0,0.001,0,0.005,-0.002,0.003,-0.001,0,0,2,0.003,-0.001
1416076,0,0,-0.349,0,0,0,0,0.001,0,0.004,-0.002,0.002,0,0,0,2,0.002,0
1416086,0,0,-0.349,0,0,0,0,0,0,0.003,-0.001,0.002,0,0,0,2,0.002,0
1416096,0,0,-0.349,0,0,0,0,0,0,0.002,-0.001,0.001,0,0,0,2,0.001,0
1416106,0,0,-0.349,0,0,0,0,0,0,0.001,0,0,0,0,0,2,0,0
1416116,0,0,-0.349,0,0,0.007,0,0.006,0,0.001,0.001,0.002,0,0,0,2,0.002,0
1416126,0,0,-0.349,0,0,0.011,0,0.009,0,0.001,0.002,0.004,0,0,0,2,0.004,0
1416136,0,0,-0.349,0,0,0.015,0,0.013,0,0.001,0.002,0.006,0,0,0,2,0.006,0
1416146,0,0,-0.349,0,0,0.019,0.002,0.017,0,0.001,0.004,0.007,0,0,0,2,0.007,0
1416156,0,0,-0.349,0,0,0.024,0.002,0.022,0.002,0.001,0.004,0.01,0.001,0,0,2,0.01,0.001
1416166,0,0,-0.349,0,0,0.026,0.003,0.026,0.002,0,0.005,0.01,0.002,0,0,2,0.01,0.002
1416176,0,0,-0.349,0,0,0.029,0.003,0.028,0.003,-0.001,0.005,0.012,0.003,0,0,2,0.012,0.003
1416186,0,0,-0.349,0,0,0.03,0.003,0.03,0.002,-0.002,0.005,0.011,0.003,0,0,2,0.011,0.003
1416196,0,0,-0.349,0,0,0.031,0.002,0.031,0.002,-0.003,0.005,0.008,0.003,0,0,2,0.008,0.003
1416206,0,0,-0.349,0,0,0.03,0.002,0.03,0.002,-0.004,0.004,0.007,0.002,0,0,2,0.007,0.002
1416216,0,0,-0.349,0,0,0.031,0.003,0.031,0.002,-0.004,0.004,0.007,0.002,0,0,2,0.007,0.002
1416226,0,0,-0.174,0,0,0.031,0.004,0.031,0.004,-0.005,0.005,0.011,0.003,0,0,2,0.011,0.003
1416236,0,0,-0.174,0,0,0.029,0.005,0.029,0.005,-0.004,0.005,0.016,0.004,0,0,2,0.016,0.004
1416246,0,0,-0.174,0,0,0.027,0.007,0.027,0.005,-0.004,0.006,0.015,0.005,0,0,2,0.015,0.005
1416256,0,0,-0.174,0,0,0.009,0.003,0.015,0.006,-0.004,0.006,0.013,0.007,0,0,2,0.013,0.007
1416266,0,0,-0.174,0,0,0.001,0,0.003,0.001,-0.002,0.006,0.004,0.003,0,0,2,0.004,0.003
1416277,0,0,-0.174,0,0,0,0,0,0,-0.002,0.006,0,0.001,0,0,2,0,0.001
1416286,0,0,-0.174,0,0,0,0,0,0,0,0.005,0,0.001,0,0,2,0,0.001
1416296,0,0,-0.174,0,0,0,0,0,0,0.001,0.004,0,0,0,0,2,0,0
1416306,0,0,-0.174,0,0,0,0,0,0,0.001,0.003,0,0,0,0,2,0,0
1416316,0,0,-0.174,0,0,0.027,0.008,0.017,0.009,0.002,0.003,0.004,0.005,0,0,2,0.004,0.005
1416326,0,0,-0.174,0,0,0.037,0.002,0.033,0.004,0.003,0.003,0.014,0.006,0,0,2,0.014,0.006
1416336,0,0,-0.174,0,0,0.046,0.004,0.043,0.003,0.004,0.003,0.013,0.004,0,0,2,0.013,0.004
1416346,0,0,-0.174,0,0,0.055,0.003,0.052,0.003,0.005,0.004,0.012,0.004,0,0,2,0.012,0.004
1416356,0,0,-0.174,0,0,0.016,0,0.029,0.001,0.006,0.005,0.012,0.003,0,0,2,0.012,0.003
1416366,0,0,-0.174,0,0,0.003,0,0.006,0,0.007,0.005,0.008,0.002,0,0,2,0.008,0.002
1416376,0,0,-0.174,0,0,0,0,0.001,-0.001,0.006,0.005,0.006,0.001,0,0,2,0.006,0.001
1416386,0,0,-0.174,0,0,0,0,0,0,0.003,0.005,0.004,0,0,0,2,0.004,0
1416396,0,0,-0.174,0,0,0,0,0.001,0,0.001,0.006,0.001,-0.001,0,0,2,0.001,-0.001
1416406,0,0,-0.174,0,0,0,0,0.001,0,-0.002,0.007,0,0,0,0,2,0,0
1416416,0,0,-0.174,0,0,0,0,0,0,-0.005,0.006,-0.002,0,0,0,2,-0.002,0
1416426,0,0,-0.174,0,0,0,0,0,0,-0.007,0.006,-0.004,0,0,0,2,-0.004,0
1416436,0,0,-0.174,0,0,0,0,0,0,-0.008,0.007,-0.003,0,0,0,2,-0.003,0
1416446,0,0,-0.174,0,0,0,0,-0.001,0,-0.008,0.007,-0.003,0,0,0,2,-0.003,0
1416456,0,0,-0.174,0,0,0,0,-0.001,0.001,-0.008,0.006,-0.005,0.001,0,0,2,-0.005,0.001
1416466,0,0,-0.174,0,0,0,0,-0.001,0.001,-0.007,0.005,-0.004,0.001,0,0,2,-0.004,0.001
1416476,0,0,-0.174,0,0,0,0,-0.001,0,-0.005,0.004,-0.003,0.001,0,0,2,-0.003,0.001
1416486,0,0,-0.174,0,0,0,0,0,0,-0.003,0.002,-0.002,0,0,0,2,-0.002,0
1416496,0,0,-0.174,0,0,0,0,0,0,-0.001,0.001,-0.001,0,0,0,2,-0.001,0
1416506,0,0,-0.174,0,0,0,0,0,0,0,-0.001,0,0,0,0,2,0,0
1416516,0,0,-0.174,0,0,0,0,0,0,0.001,0,0,0,0,0,2,0,0
1416526,0,0,-0.174,0,0,0,0,0,0,0.001,0,0,0,0,0,2,0,0
1416536,0,0,-0.174,0,0,0.003,0,0.001,0,0.001,0,0,0,0,0,2,0,0
1416546,0,0,-0.174,0,0,0.01,0,0.009,0,0.001,0.001,0.003,0,0,0,2,0.003,0
1416556,0,0,-0.174,0,0,0.012,0,0.011,0,-0.001,0.001,0.005,0,0,0,2,0.005,0
1416566,0,0,-0.174,0,0,0.012,0,0.012,0,0,0,0.006,0,0,0,2,0.006,0
1416576,0,0,-0.174,0,0,0.012,0,0.012,0,-0.001,0.001,0.006,0,0,0,2,0.006,0
1416586,0,0,-0.174,0,0,0.01,0,0.011,0,-0.002,0.001,0.005,0,0,0,2,0.005,0
1416596,0,0,-0.174,0,0,0.007,0,0.009,0,-0.002,0,0.005,0,0,0,2,0.005,0
1416606,0,0,-0.174,0,0,0.006,0,0.006,0,-0.002,0,0.004,0,0,0,2,0.004,0
1416616,0,0,-0.174,0,0,0.004,0,0.004,0,-0.002,0,0.002,0,0,0,2,0.002,0
1416626,0,0,-0.174,0,0,0,0,0.001,0,-0.002,0,0,0,0,0,2,0,0
1416636,0,0,-0.174,0,0,0,0,0,0,-0.002,-0.001,-0.001,0,0,0,2,-0.001,0
1416646,0,0,-0.174,0,0,0,0,0,0,-0.002,-0.001,-0.001,0,0,0,2,-0.001,0
1416656,0,0,-0.174,0,0,0,0,0,0,-0.001,-0.001,-0.001,0,0,0,2,-0.001,0
1416666,0,0,-0.174,0,0,0,0,0,0,-0.001,0,-0.001,0,0,0,2,-0.001,0
1416676,0,0,-0.174,0,0,0,0,0,0,-0.001,0,0,0,0,0,2,0,0
1416686,0,0,-0.174,0,0,0,0,0,0,0,-0.001,0,0,0,0,2,0,0
1416696,0,0,-0.174,0,0,0,0,0,0,0,0,0,0,0,0,2,0,0
1416706,0,0,-0.174,0,0,0,0,0,0,0,0,0,0,0,0,2,0,0
1416716,0,0,-0.174,0,0,0,0,0,0,0,0,0,0,0,0,2,0,0
1416726,0,0,-0.174,0,0,0,0,0,0,0,0,0,0,0,0,2,0,0
1416736,0,0,-0.174,0,0,0,0,0,0,0,0,0,0,0,0,2,0,0
1416746,0,0,-0.174,0,0,0,0,0,0,0,0,0,0,0,0,2,0,0
1416756,0,0,-0.174,0,0,0,0,0,0,0,0,0,0,0,0,2,0,0
1416766,0,0,-0.174,0,0,0,0,0,0,0,0,0,0,0,0,2,0,0
1416776,0,0,-0.174,0,0,0,0,0,0,0,0,0,0,0,0,2,0,0
1416786,0,0,-0.174,0,0,0,0,0,0,0,0,0,0,0,0,2,0,0
1416796,0,0,-0.174,0,0,0,0,0,0,0,0,0,0,0,0,2,0,0
1416806,0,0,-0.174,0,0,0,0,0,0,0,0,0,0,0,0,2,0,0
1416816,0,0,-0.174,0,0,0,0,0,0,0,0,0,0,0,0,2,0,0
1416826,0,0,-0.174,0,0,0,0,0,0,0,0,0,0,0,0,2,0,0
1416836,0,0,-0.174,0,0,0,0,0,0,0,0,0,0,0,0,2,0,0
1416846,0,0,-0.174,0,0,0,0,0,0,0,0,0,0,0,0,2,0,0
1416856,0,0,-0.174,0,0,0,0,0,0,0,0,0,0,0,0,2,0,0
1416866,0,0,-0.174,0,0,0,0,0,0,0,0,0,0,0,0,2,0,0
1416876,0,0,-0.174,0,0,0,0,0,0,0,0,0,0,0,0,2,0,0
1416886,0,0,-0.174,0,0,0,0,0,0,0,0,0,0,0,0,2,0,0
1416896,0,0,-0.174,0,0,0,0,0,0,0,0,0,0,0,0,2,0,0
1416906,0,0,-0.174,0,0,0,0,0,0,0,0,0,0,0,0,2,0,0
1416916,0,0,-0.174,0,0,0,0,0,0,0,0,0,0,0,0,2,0,0
1416926,0,0,-0.174,0,0,0,0,0,0,0,0,0,0,0,0,2,0,0
1416936,0,0,-0.174,0,0,0,0,0,0,0,0,0,0,0,0,2,0,0
1416946,0,0,-0.174,0,0,0,0,0,0,0,0,0,0,0,0,2,0,0
1416956,0,0,-0.174,0,0,0,0,0,0,0,0,0,0,0,0,2,0,0
1416966,0,0,-0.174,0,0,0,0,0,0,0,0,0,0,0,0,2,0,0
1416976,0,0,-0.174,0,0,0,0,0,0,0,0,0,0,0,0,2,0,0
1416986,0,0,-0.174,0,0,0,0,0,0,0,0,0,0,0,0,2,0,0
1416996,0,0,-0.174,0,0,0,0,0,0,0,0,0,0,0,0,2,0,0
1417006,0,0,-0.174,0,0,0,0,0,0,0,0,0,0,0,0,2,0,0
1417016,0,0,-0.174,0,0,0,0,0,0,0,0,0,0,0,0,2,0,0
1417026,0,0,-0.174,0,0,0,0,0,0,0,0,0,0,0,0,2,0,0
1417036,0,0,-0.174,0,0,0,0,0,0,0,0,0,0,0,0,2,0,0
1417046,0,0,-0.174,0,0,0,0,0,0,0,0,0,0,0,0,2,0,0
1417056,0,0,-0.174,0,0,0,0,0,0,0,0,0,0,0,0,2,0,0
1417066,0,0,-0.174,0,0,0,0,0,0,0,0,0,0,0,0,2,0,0
1417076,0,0,-0.174,0,0,0,0,0,0,0,0,0,0,0,0,2,0,0
1417086,0,0,-0.174,0,0,0,0,0,0,0,0,0,0,0,0,2,0,0
1417096,0,0,-0.174,0,0,0,0,0,0,0,0,0,0,0,0,2,0,0
1417106,0,0,-0.174,0,0,0,0,0,0,0,0,0,0,0,0,2,0,0
1417116,0,0,-0.174,0,0,0,0,0,0,0,0,0,0,0,0,2,0,0
1417126,0,0,-0.174,0,0,0,0,0,0,0,0,0,0,0,0,2,0,0
1417136,0,0,-0.174,0,0,0,0,0,0,0,0,0,0,0,0,2,0,0
1417146,0,0,-0.174,0,0,0,0,0,0,0,0,0,0,0,0,2,0,0
1417156,0,0,-0.174,0,0,0,0,0,0,0,0,0,0,0,0,2,0,0
1417166,0,0,-0.174,0,0,0,0,0,0,0,0,0,0,0,0,2,0,0
1417176,0,0,-0.174,0,0,0,0,0,0,0,0,0,0,0,0,2,0,0
1417186,0,0,-0.174,0,0,0,0,0,0,0,0,0,0,0,0,2,0,0
1417196,0,0,-0.174,0,0,0,0,0,0,0,0,0,0,0,0,2,0,0
1417206,0,0,-0.174,0,0,0,0,0,0,0,0,0,0,0,0,2,0,0
1417216,0,0,-0.174,0,0,0,0,0,0,0,0,0,0,0,0,2,0,0
1417226,0,0,-0.174,0,0,0,0,0,0,0,0,0,0,0,0,2,0,0
1417236,0,0,-0.174,0,0,0,0,0,0,0,0,0,0,0,0,2,0,0
1417246,0,0,-0.174,0,0,0,0,0,0,0,0,0,0,0,0,2,0,0
1417256,0,0,-0.174,0,0,0,0,0,0,0,0,0,0,0,0,2,0,0
1417266,0,0,-0.174,0,0,0,0,0,0,0,0,0,0,0,0,2,0,0
1417276,0,0,-0.174,0,0,0,0,0,0,0,0,0,0,0,0,2,0,0
1417286,0,0,-0.174,0,0,0,0,0,0,0,0,0,0,0,0,2,0,0
1417296,0,0,-0.174,0,0,0,0,0,0,0,0,0,0,0,0,2,0,0
1417306,0,0,-0.174,0,0,0,0,0,0,0,0,0,0,0,0,2,0,0
1417316,0,0,-0.174,0,0,0,0,0,0,0,0,0,0,0,0,2,0,0
1417326,0,0,-0.174,0,0,0,0,0,0,0,0,0,0,0,0,2,0,0
1417336,0,0,-0.174,0,0,0,0,0,0,0,0,0,0,0,0,2,0,0
1417346,0,0,-0.174,0,0,0,0,0,0,0,0,0,0,0,0,2,0,0
1417356,0,0,-0.174,0,0,0,0,0,0,0,0,0,0,0,0,2,0,0
1417366,0,0,-0.174,0,0,0,0,0,0,0,0,0,0,0,0,2,0,0
1417376,0,0,-0.174,0,0,0,0,0,0,0,0,0,0,0,0,2,0,0
1417386,0,0,-0.174,0,0,0,0,0,0,0,0,0,0,0,0,2,0,0
1417396,0,0,-0.174,0,0,0,0,0,0,0,0,0,0,0,0,2,0,0
1417406,0,0,-0.174,0,0,0,0,0,0,0,0,0,0,0,0,2,0,0
1417416,0,0,-0.174,0,0,0,0,0,0,0,0,0,0,0,0,2,0,0
1417426,0,0,-0.174,0,0,0,0,0,0,0,0,0,0,0,0,2,0,0
1417436,0,0,-0.174,0,0,0,0,0,0,0,0,0,0,0,0,2,0,0
1417446,0,0,-0.174,0,0,0,0,0,0,0,0,0,0,0,0,2,0,0
1417456,0,0,-0.174,0,0,0,0,0,0,0,0,0,0,0,0,2,0,0
1417466,0,0,-0.174,0,0,0,0,0,0,0,0,0,0,0,0,2,0,0
1417476,0,0,-0.174,0,0,0,0,0,0,0,0,0,0,0,0,2,0,0
1417486,0,0,-0.174,0,0,0,0,0,0,0,0,0,0,0,0,2,0,0
1417496,0,0,-0.174,0,0,0,0,0,0,0,0,0,0,0,0,2,0,0
1417506,0,0,-0.174,0,0,0,0,0,0,0,0,0,0,0,0,2,0,0
1417516,0,0,-0.174,0,0,0,0,0,0,0,0,0,0,0,0,2,0,0
1417526,0,0,-0.174,0,0,0,0,0,0,0,0,0,0,0,0,2,0,0
1417536,0,0,-0.174,0,0,0,0,0,0,0,0,0,0,0,0,2,0,0
1417546,0,0,-0.174,0,0,0,0,0,0,0,0,0,0,0,0,2,0,0
1417556,0,0,-0.174,0,0,0,0,0,0,0,0,0,0,0,0,2,0,0
1417566,0,0,-0.174,0,0,0,0,0,0,0,0,0,0,0,0,2,0,0
1417576,0,0,-0.174,0,0,0,0,0,0,0,0,0,0,0,0,2,0,0
1417586,0,0,-0.174,0,0,0,0,0,0,0,0,0,0,0,0,2,0,0
1417596,0,0,-0.174,0,0,0,0,0,0,0,0,0,0,0,0,2,0,0
1417606,0,0,-0.174,0,0,0,0,0,0,0,0,0,0,0,0,2,0,0
1417616,0,0,-0.174,0,0,0,0,0,0,0,0,0,0,0,0,2,0,0
1417626,0,0,-0.174,0,0,0,0,0,0,0,0,0,0,0,0,2,0,0
1417636,0,0,-0.174,0,0,0,0,0,0,0,0,0,0,0,0,2,0,0
1417646,0,0,-0.174,0,0,0,0,0,0,0,0,0,0,0,0,2,0,0
1417656,0,0,-0.174,0,0,0,0,0,0,0,0,0,0,0,0,2,0,0
1417666,0,0,-0.174,0,0,0,0,0,0,0,0,0,0,0,0,2,0,0
1417676,0,0,-0.174,0,0,0,0,0,0,0,0,0,0,0,0,2,0,0
1417686,0,0,-0.174,0,0,0,0,0,0,0,0,0,0,0,0,2,0,0
1417696,0,0,-0.174,0,0,0,0,0,0,0,0,0,0,0,0,2,0,0
1417706,0,0,-0.174,0,0,0,0,0,0,0,0,0,0,0,0,2,0,0
1417716,0,0,-0.174,0,0,0,0,0,0,0,0,0,0,0,0,2,0,0
1417726,0,0,-0.174,0,0,0,0,0,0,0,0,0,0,0,0,2,0,0
1417736,0,0,-0.174,0,0,0,0,0,0,0,0,0,0,0,0,2,0,0
1417746,0,0,-0.174,0,0,0,0,0,0,0,0,0,0,0,0,2,0,0
1417756,0,0,-0.174,0,0,0,0,0,0,0,0,0,0,0,0,2,0,0
1417766,0,0,-0.174,0,0,0,0,0,0,0,0,0,0,0,0,2,0,0
1417776,0,0,-0.174,0,0,0,0,0,0,0,0,0,0,0,0,2,0,0
1417786,0,0,-0.174,0,0,0,0,0,0,0,0,0,0,0,0,2,0,0
1417796,0,0,-0.174,0,0,0,0,0,0,0,0,0,0,0,0,2,0,0
1417806,0,0,-0.174,0,0,0,0,0,0,0,0,0,0,0,0,2,0,0
1417816,0,0,-0.174,0,0,0,0,0,0,0,0,0,0,0,0,2,0,0
1417826,0,0,-0.174,0,0,0,0,0,0,0,0,0,0,0,0,2,0,0
1417836,0,0,-0.174,0,0,0,0,0,0,0,0,0,0,0,0,2,0,0
1417846,0,0,-0.174,0,0,0,0,0,0,0,0,0,0,0,0,2,0,0
1417856,0,0,-0.174,0,0,0,0,0,0,0,0,0,0,0,0,2,0,0
1417866,0,0,-0.174,0,0,0,0,0,0,0,0,0,0,0,0,2,0,0
1417876,0,0,-0.174,0,0,0,0,0,0,0,0,0,0,0,0,2,0,0
1417886,0,0,-0.174,0,0,0,0,0,0,0,0,0,0,0,0,2,0,0
1417896,0,0,-0.174,0,0,0,0,0,0,0,0,0,0,0,0,2,0,0
1417906,0,0,-0.174,0,0,0,0,0,0,0,0,0,0,0,0,2,0,0
1417916,0,0,-0.174,0,0,0,0,0,0,0,0,0,0,0,0,2,0,0
1417926,0,0,-0.174,0,0,0,0,0,0,0,0,0,0,0,0,2,0,0
1417936,0,0,-0.174,0,0,0,0,0,0,0,0,0,0,0,0,2,0,0
1417946,0,0,-0.174,0,0,0,0,0,0,0,0,0,0,0,0,2,0,0
1417956,0,0,-0.174,0,0,0,0,0,0,0,0,0,0,0,0,2,0,0
1417966,0,0,-0.174,0,0,0,0,0,0,0,0,0,0,0,0,2,0,0
1417976,0,0,-0.174,0,0,0,0,0,0,0,0,0,0,0,0,2,0,0
1417986,0,0,-0.174,0,0,0,0,0,0,0,0,0,0,0,0,2,0,0
1417996,0,0,-0.174,0,0,0,0,0,0,0,0,0,0,0,0,2,0,0
1418006,0,0,-0.174,0,0,0,0,0,0,0,0,0,0,0,0,2,0,0
1418016,0,0,-0.174,0,0,0,0,0,0,0,0,0,0,0,0,2,0,0
1418026,0,0,-0.174,0,0,0,0,0,0,0,0,0,0,0,0,2,0,0
1418036,0,0,-0.174,0,0,0,0,0,0,0,0,0,0,0,0,2,0,0
1418046,0,0,-0.174,0,0,0,0,0,0,0,0,0,0,0,0,2,0,0
1418056,0,0,-0.174,0,0,0,0,0,0,0,0,0,0,0,0,2,0,0
1418066,0,0,-0.174,0,0,0,0,0,0,0,0,0,0,0,0,2,0,0
1418076,0,0,-0.174,0,0,0,0,0,0,0,0,0,0,0,0,2,0,0
1418086,0,0,-0.174,0,0,0,0,0,0,0,0,0,0,0,0,2,0,0
1418096,0,0,-0.174,0,0,0,0,0,0,0,0,0,0,0,0,2,0,0
1418107,0,0,-0.174,0,0,0,0,0,0,0,0,0,0,0,0,2,0,0
1418117,0,0,-0.174,0,0,0,0,0,0,0,0,0,0,0,0,2,0,0
1418126,0,0,-0.174,0,0,0,0,0,0,0,0,0,0,0,0,2,0,0
1418136,0,0,-0.174,0,0,0,0,0,0,0,0,0,0,0,0,2,0,0
1418146,0,0,-0.174,0,0,0,0,0,0,0,0,0,0,0,0,2,0,0
1418156,0,0,-0.174,0,0,0,0,0,0,0,0,0,0,0,0,2,0,0
1418166,0,0,-0.174,0,0,0,0,0,0,0,0,0,0,0,0,2,0,0
1418176,0,0,-0.174,0,0,0,0,0,0,0,0,0,0,0,0,2,0,0
1418186,0,0,-0.174,0,0,0,0,0,0,0,0,0,0,0,0,2,0,0
1418197,0,0,-0.174,0,0,0,0,0,0,0,0,0,0,0,0,2,0,0
1418206,0,0,-0.174,0,0,0,0,0,0,0,0,0,0,0,0,2,0,0
1418216,0,0,-0.174,0,0,0,0,0,0,0,0,0,0,0,0,2,0,0
1418226,0,0,-0.174,0,0,0,0,0,0,0,0,0,0,0,0,2,0,0
1418236,0,0,-0.174,0,0,0,0,0,0,0,0,0,0,0,0,2,0,0
1418246,0,0,-0.174,0,0,0,0,0,0,0,0,0,0,0,0,2,0,0
1418256,0,0,-0.174,0,0,0,0,0,0,0,0,0,0,0,0,2,0,0
1418266,0,0,-0.174,0,0,0,0,0,0,0,0,0,0,0,0,2,0,0
1418276,0,0,-0.174,0,0,0,0,0,0,0,0,0,0,0,0,2,0,0
1418286,0,0,-0.174,0,0,0,0,0,0,0,0,0,0,0,0,2,0,0
1418296,0,0,-0.174,0,0,0,0,0,0,0,0,0,0,0,0,2,0,0
1418306,0,0,-0.174,0,0,0,0,0,0,0,0,0,0,0,0,2,0,0
1418316,0,0,-0.174,0,0,0,0,0,0,0,0,0,0,0,0,2,0,0
1418326,0,0,-0.174,0,0,0,0,0,0,0,0,0,0,0,0,2,0,0
1418336,0,0,-0.174,0,0,0,0,0,0,0,0,0,0,0,0,2,0,0
1418346,0,0,-0.174,0,0,0,0,0,0,0,0,0,0,0,0,2,0,0
1418356,0,0,-0.174,0,0,0,0,0,0,0,0,0,0,0,0,2,0,0
1418366,0,0,-0.174,0,0,0,0,0,0,0,0,0,0,0,0,2,0,0
1418376,0,0,-0.174,0,0,0,0,0,0,0,0,0,0,0,0,2,0,0
1418386,0,0,-0.174,0,0,0,0,0,0,0,0,0,0,0,0,2,0,0
1418396,0,0,-0.174,0,0,0,0,0,0,0,0,0,0,0,0,2,0,0
1418406,0,0,-0.174,0,0,0,0,0,0,0,0,0,0,0,0,2,0,0
1418416,0,0,-0.174,0,0,0,0,0,0,0,0,0,0,0,0,2,0,0
1418426,0,0,-0.174,0,0,0,0,0,0,0,0,0,0,0,0,2,0,0
1418436,0,0,-0.174,0,0,0,0,0,0,0,0,0,0,0,0,2,0,0
1418446,0,0,-0.174,0,0,0,0,0,0,0,0,0,0,0,0,2,0,0
1418456,0,0,-0.174,0,0,0,0,0,0,0,0,0,0,0,0,2,0,0
1418466,0,0,-0.174,0,0,0,0,0,0,0,0,0,0,0,0,2,0,0
1418476,0,0,-0.174,0,0,0,0,0,0,0,0,0,0,0,0,2,0,0
1418486,0,0,-0.174,0,0,0,0,0,0,0,0,0,0,0,0,2,0,0
1418496,0,0,-0.174,0,0,0,0,0,0,0,0,0,0,0,0,2,0,0
1418506,0,0,-0.174,0,0,0,0,0,0,0,0,0,0,0,0,2,0,0
1418516,0,0,-0.174,0,0,0,0,0,0,0,0,0,0,0,0,2,0,0
1418526,0,0,-0.174,0,0,0,0,0,0,0,0,0,0,0,0,2,0,0
1418536,0,0,-0.174,0,0,0,0,0,0,0,0,0,0,0,0,2,0,0
1418546,0,0,-0.174,0,0,0,0,0,0,0,0,0,0,0,0,2,0,0
1418556,0,0,-0.174,0,0,0,0,0,0,0,0,0,0,0,0,2,0,0
1418566,0,0,-0.174,0,0,0,0,0,0,0,0,0,0,0,0,2,0,0
1418576,0,0,-0.174,0,0,0,0,0,0,0,0,0,0,0,0,2,0,0
1418586,0,0,-0.174,0,0,0,0,0,0,0,0,0,0,0,0,2,0,0
1418596,0,0,-0.174,0,0,0,0,0,0,0,0,0,0,0,0,2,0,0
1418606,0,0,-0.174,0,0,0,0,0,0,0,0,0,0,0,0,2,0,0
1418616,0,0,-0.174,0,0,0,0,0,0,0,0,0,0,0,0,2,0,0
1418626,0,0,-0.174,0,0,0,0,0,0,0,0,0,0,0,0,2,0,0
1418636,0,0,-0.174,0,0,0,0,0,0,0,0,0,0,0,0,2,0,0
1418646,0,0,-0.174,0,0,0,0,0,0,0,0,0,0,0,0,2,0,0
1418656,0,0,-0.174,0,0,0,0,0,0,0,0,0,0,0,0,2,0,0
1418666,0,0,-0.174,0,0,0,0,0,0,0,0,0,0,0,0,2,0,0
1418676,0,0,-0.174,0,0,0,0,0,0,0,0,0,0,0,0,2,0,0
1418686,0,0,-0.174,0,0,0,0,0,0,0,0,0,0,0,0,2,0,0
1418696,0,0,-0.174,0,0,0,0,0,0,0,0,0,0,0,0,2,0,0
1418706,0,0,-0.174,0,0,0,0,0,0,0,0,0,0,0,0,2,0,0
1418716,0,0,-0.174,0,0,0,0,0,0,0,0,0,0,0,0,2,0,0
1418726,0,0,-0.174,0,0,0,0,0,0,0,0,0,0,0,0,2,0,0
1418736,0,0,-0.174,0,0,0,0,0,0,0,0,0,0,0,0,2,0,0
1418746,0,0,-0.174,0,0,0,0,0,0,0,0,0,0,0,0,2,0,0
1418756,0,0,-0.174,0,0,0,0,0,0,0,0,0,0,0,0,2,0,0
1418766,0,0,-0.174,0,0,0,0,0,0,0,0,0,0,0,0,2,0,0
1418776,0,0,-0.174,0,0,0,0,0,0,0,0,0,0,0,0,2,0,0
1418786,0,0,-0.174,0,0,0,0,0,0,0,0,0,0,0,0,2,0,0
1418796,0,0,-0.174,0,0,0,0,0,0,0,0,0,0,0,0,2,0,0
1418806,0,0,-0.174,0,0,0,0,0,0,0,0,0,0,0,0,2,0,0
1418816,0,0,-0.174,0,0,0,0,0,0,0,0,0,0,0,0,2,0,0
1418826,0,0,-0.174,0,0,0,0,0,0,0,0,0,0,0,0,2,0,0
1418836,0,0,-0.174,0,0,0,0,0,0,0,0,0,0,0,0,2,0,0
1418846,0,0,-0.174,0,0,0,0,0,0,0,0,0,0,0,0,2,0,0
1418856,0,0,-0.174,0,0,0,0,0,0,0,0,0,0,0,0,2,0,0
1418866,0,0,-0.174,0,0,0,0,0,0,0,0,0,0,0,0,2,0,0
1418876,0,0,-0.174,0,0,0,0,0,0,0,0,0,0,0,0,2,0,0
1418886,0,0,-0.174,0,0,0,0,0,0,0,0,0,0,0,0,2,0,0
1418896,0,0,-0.174,0,0,0,0,0,0,0,0,0,0,0,0,2,0,0
1418906,0,0,-0.174,0,0,0,0,0,0,0,0,0,0,0,0,2,0,0
1418916,0,0,-0.174,0,0,0,0,0,0,0,0,0,0,0,0,2,0,0
1418926,0,0,-0.174,0,0,0,0,0,0,0,0,0,0,0,0,2,0,0
1418936,0,0,-0.174,0,0,0,0,0,0,0,0,0,0,0,0,2,0,0
1418946,0,0,-0.174,0,0,0,0,0,0,0,0,0,0,0,0,2,0,0
1418956,0,0,-0.174,0,0,0,0,0,0,0,0,0,0,0,0,2,0,0
1418966,0,0,-0.174,0,0,0,0,0,0,0,0,0,0,0,0,2,0,0
1418976,0,0,-0.174,0,0,0,0,0,0,0,0,0,0,0,0,2,0,0
1418986,0,0,-0.174,0,0,0,0,0,0,0,0,0,0,0,0,2,0,0
1418996,0,0,-0.174,0,0,0,0,0,0,0,0,0,0,0,0,2,0,0
1419006,0,0,-0.174,0,0,0,0,0,0,0,0,0,0,0,0,2,0,0
1419016,0,0,-0.174,0,0,0,0,0,0,0,0,0,0,0,0,2,0,0
1419026,0,0,-0.174,0,0,0,0,0,0,0,0,0,0,0,0,2,0,0
1419036,0,0,-0.174,0,0,0,0,0,0,0,0,0,0,0,0,2,0,0
1419046,0,0,-0.174,0,0,0,0,0,0,0,0,0,0,0,0,2,0,0
1419056,0,0,-0.174,0,0,0,0,0,0,0,0,0,0,0,0,2,0,0
1419066,0,0,-0.174,0,0,0,0,0,0,0,0,0,0,0,0,2,0,0
1419076,0,0,-0.174,0,0,0,0,0,0,0,0,0,0,0,0,2,0,0
1419086,0,0,-0.174,0,0,0,0,0,0,0,0,0,0,0,0,2,0,0
1419096,0,0,-0.174,0,0,0,0,0,0,0,0,0,0,0,0,2,0,0
1419106,0,0,-0.174,0,0,0,0,0,0,0,0,0,0,0,0,2,0,0
1419116,0,0,-0.174,0,0,0,0,0,0,0,0,0,0,0,0,2,0,0
1419126,0,0,-0.174,0,0,0,0,0,0,0,0,0,0,0,0,2,0,0
1419136,0,0,-0.174,0,0,0,0,0,0,0,0,0,0,0,0,2,0,0
1419146,0,0,-0.174,0,0,0,0,0,0,0,0,0,0,0,0,2,0,0
1419156,0,0,-0.174,0,0,0,0,0,0,0,0,0,0,0,0,2,0,0
1419166,0,0,-0.174,0,0,0,0,0,0,0,0,0,0,0,0,2,0,0
1419176,0,0,-0.174,0,0,0,0,0,0,0,0,0,0,0,0,2,0,0
1419186,0,0,-0.174,0,0,0,0,0,0,0,0,0,0,0,0,2,0,0
1419196,0,0,-0.174,0,0,0,0,0,0,0,0,0,0,0,0,2,0,0
1419206,0,0,-0.174,0,0,0,0,0,0,0,0,0,0,0,0,2,0,0
1419216,0,0,-0.174,0,0,0,0,0,0,0,0,0,0,0,0,2,0,0
1419226,0,0,-0.174,0,0,0,0,0,0,0,0,0,0,0,0,2,0,0
1419236,0,0,-0.174,0,0,0,0,0,0,0,0,0,0,0,0,2,0,0
1419246,0,0,-0.174,0,0,0,0,0,0,0,0,0,0,0,0,2,0,0
1419256,0,0,-0.174,0,0,0,0,0,0,0,0,0,0,0,0,2,0,0
1419266,0,0,-0.174,0,0,0,0,0,0,0,0,0,0,0,0,2,0,0
1419276,0,0,-0.174,0,0,0,0,0,0,0,0,0,0,0,0,2,0,0
1419286,0,0,-0.174,0,0,0,0,0,0,0,0,0,0,0,0,2,0,0
1419296,0,0,-0.174,0,0,0,0,0,0,0,0,0,0,0,0,2,0,0
1419306,0,0,-0.174,0,0,0,0,0,0,0,0,0,0,0,0,2,0,0
1419316,0,0,-0.174,0,0,0,0,0,0,0,0,0,0,0,0,2,0,0
1419326,0,0,-0.174,0,0,0,0,0,0,0,0,0,0,0,0,2,0,0
1419336,0,0,-0.174,0,0,0,0,0,0,0,0,0,0,0,0,2,0,0
1419346,0,0,-0.174,0,0,0,0,0,0,0,0,0,0,0,0,2,0,0
1419356,0,0,-0.174,0,0,0,0,0,0,0,0,0,0,0,0,2,0,0
1419366,0,0,-0.174,0,0,0,0,0,0,0,0,0,0,0,0,2,0,0
1419376,0,0,-0.174,0,0,0,0,0,0,0,0,0,0,0,0,2,0,0
1419386,0,0,-0.174,0,0,0,0,0,0,0,0,0,0,0,0,2,0,0
1419396,0,0,-0.174,0,0,0,0,0,0,0,0,0,0,0,0,2,0,0
1419406,0,0,-0.174,0,0,0,0,0,0,0,0,0,0,0,0,2,0,0
1419416,0,0,-0.174,0,0,0,0,0,0,0,0,0,0,0,0,2,0,0
1419426,0,0,-0.174,0,0,0,0,0,0,0,0,0,0,0,0,2,0,0
1419436,0,0,-0.174,0,0,0,0,0,0,0,0,0,0,0,0,2,0,0
1419446,0,0,-0.174,0,0,0,0,0,0,0,0,0,0,0,0,2,0,0
1419456,0,0,-0.174,0,0,0,0,0,0,0,0,0,0,0,0,2,0,0
1419466,0,0,-0.174,0,0,0,0,0,0,0,0,0,0,0,0,2,0,0
1419476,0,0,-0.174,0,0,0,0,0,0,0,0,0,0,0,0,2,0,0
1419486,0,0,-0.174,0,0,0,0,0,0,0,0,0,0,0,0,2,0,0
1419496,0,0,-0.174,0,0,0,0,0,0,0,0,0,0,0,0,2,0,0
1419506,0,0,-0.174,0,0,0,0,0,0,0,0,0,0,0,0,2,0,0
1419516,0,0,-0.174,0,0,0,0,0,0,0,0,0,0,0,0,2,0,0
1419526,0,0,-0.174,0,0,0,0,0,0,0,0,0,0,0,0,2,0,0
1419536,0,0,-0.174,0,0,0,0,0,0,0,0,0,0,0,0,2,0,0
1419546,0,0,-0.174,0,0,0,0,0,0,0,0,0,0,0,0,2,0,0
1419557,0,0,-0.174,0,0,0,0,0,0,0,0,0,0,0,0,2,0,0
1419566,0,0,-0.174,0,0,0,0,0,0,0,0,0,0,0,0,2,0,0
1419576,0,0,-0.174,0,0,0,0,0,0,0,0,0,0,0,0,2,0,0
1419586,0,0,-0.174,0,0,0,0,0,0,0,0,0,0,0,0,2,0,0
1419597,0,0,-0.174,0,0,0,0,0,0,0,0,0,0,0,0,2,0,0
1419606,0,0,-0.174,0,0,0,0,0,0,0,0,0,0,0,0,2,0,0
1419620,0,0,-0.174,0,0,0,0,0,0,0,0,0,0,0,0,2,0,0
1419626,0,0,-0.174,0,0,0,0,0,0,0,0,0,0,0,0,2,0,0
1419636,0,0,-0.174,0,0,0,0,0,0,0,0,0,0,0,0,2,0,0
1419646,0,0,-0.174,0,0,0,0,0,0,0,0,0,0,0,0,2,0,0
1419656,0,0,-0.174,0,0,0,0,0,0,0,0,0,0,0,0,2,0,0
1419666,0,0,-0.174,0,0,0,0,0,0,0,0,0,0,0,0,2,0,0
1419676,0,0,-0.174,0,0,0,0,0,0,0,0,0,0,0,0,2,0,0
1419686,0,0,-0.174,0,0,0,0,0,0,0,0,0,0,0,0,2,0,0
1419696,0,0,-0.174,0,0,0,0,0,0,0,0,0,0,0,0,2,0,0
1419706,0,0,-0.174,0,0,0,0,0,0,0,0,0,0,0,0,2,0,0
1419716,0,0,-0.174,0,0,0,0,0,0,0,0,0,0,0,0,2,0,0
1419726,0,0,-0.174,0,0,0,0,0,0,0,0,0,0,0,0,2,0,0
1419736,0,0,-0.174,0,0,0,0,0,0,0,0,0,0,0,0,2,0,0
1419746,0,0,-0.174,0,0,0,0,0,0,0,0,0,0,0,0,2,0,0
1419756,0,0,-0.174,0,0,0,0,0,0,0,0,0,0,0,0,2,0,0
1419766,0,0,-0.174,0,0,0,0,0,0,0,0,0,0,0,0,2,0,0
1419776,0,0,-0.174,0,0,0,0,0,0,0,0,0,0,0,0,2,0,0
1419786,0,0,-0.174,0,0,0,0,0,0,0,0,0,0,0,0,2,0,0
1419796,0,0,-0.174,0,0,0,0,0,0,0,0,0,0,0,0,2,0,0
1419806,0,0,-0.174,0,0,0,0,0,0,0,0,0,0,0,0,2,0,0
1419816,0,0,-0.174,0,0,0,0,0,0,0,0,0,0,0,0,2,0,0
1419826,0,0,-0.174,0,0,0,0,0,0,0,0,0,0,0,0,2,0,0
1419836,0,0,-0.174,0,0,0,0,0,0,0,0,0,0,0,0,2,0,0
1419846,0,0,-0.174,0,0,0,0,0,0,0,0,0,0,0,0,2,0,0
1419856,0,0,-0.174,0,0,0,0,0,0,0,0,0,0,0,0,2,0,0
1419866,0,0,-0.174,0,0,0,0,0,0,0,0,0,0,0,0,2,0,0
1419876,0,0,-0.174,0,0,0,0,0,0,0,0,0,0,0,0,2,0,0
1419886,0,0,-0.174,0,0,0,0,0,0,0,0,0,0,0,0,2,0,0
1419896,0,0,-0.174,0,0,0,0,0,0,0,0,0,0,0,0,2,0,0
1419906,0,0,-0.174,0,0,0,0,0,0,0,0,0,0,0,0,2,0,0
1419916,0,0,-0.174,0,0,0,0,0,0,0,0,0,0,0,0,2,0,0
1419926,0,0,-0.174,0,0,0,0,0,0,0,0,0,0,0,0,2,0,0
1419936,0,0,-0.174,0,0,0,0,0,0,0,0,0,0,0,0,2,0,0
1419946,0,0,-0.174,0,0,0,0,0,0,0,0,0,0,0,0,2,0,0
1419956,0,0,-0.174,0,0,0,0,0,0,0,0,0,0,0,0,2,0,0
1419966,0,0,-0.174,0,0,0,0,0,0,0,0,0,0,0,0,2,0,0
1419976,0,0,-0.174,0,0,0,0,0,0,0,0,0,0,0,0,2,0,0
1419986,0,0,-0.174,0,0,0,0,0,0,0,0,0,0,0,0,2,0,0
1419996,0,0,-0.174,0,0,0,0,0,0,0,0,0,0,0,0,2,0,0
1420006,0,0,-0.174,0,0,0,0,0,0,0,0,0,0,0,0,2,0,0
1420016,0,0,-0.174,0,0,0,0,0,0,0,0,0,0,0,0,2,0,0
1420026,0,0,-0.174,0,0,0,0,0,0,0,0,0,0,0,0,2,0,0
1420037,0,0,-0.174,0,0,0,0,0,0,0,0,0,0,0,0,2,0,0
1420047,0,0,-0.174,0,0,0,0,0,0,0,0,0,0,0,0,2,0,0
1420057,0,0,-0.174,0,0,0,0,0,0,0,0,0,0,0,0,2,0,0
1420067,0,0,-0.174,0,0,0,0,0,0,0,0,0,0,0,0,2,0,0
1420077,0,0,-0.174,0,0,0,0,0,0,0,0,0,0,0,0,2,0,0
1420087,0,0,-0.174,0,0,0,0,0,0,0,0,0,0,0,0,2,0,0
1420097,0,0,-0.174,0,0,0,0,0,0,0,0,0,0,0,0,2,0,0
1420107,0,0,-0.174,0,0,0,0,0,0,0,0,0,0,0,0,2,0,0
1420117,0,0,-0.174,0,0,0,0,0,0,0,0,0,0,0,0,2,0,0
1420127,0,0,-0.174,0,0,0,0,0,0,0,0,0,0,0,0,2,0,0
1420137,0,0,-0.174,0,0,0,0,0,0,0,0,0,0,0,0,2,0,0
1420147,0,-2,-0.174,0,0,0,0,0,0,0,0,0,0,0,0,2,0,0
1420157,0,-2,-0.174,0,0,0,0,0,0,0,0,0,0,0,0,2,0,0
1420167,0,-2,-0.174,0,0,0,0,0,0,0,0,0,0,0,0,2,0,0
1420177,0,-2,-0.174,0,-0.05,0,0,0,0,0,-0.004,0,0,0,0,2,0,0
1420187,0,-2,-0.174,0,-0.15,-0.003,-0.014,-0.001,-0.003,0.003,-0.046,0.001,-0.001,0,0,2,0.001,-0.001
1420197,0,-2,-0.174,0,-0.25,0,-0.003,0.002,0.005,0.002,-0.076,0.003,-0.001,0,0,2,0.003,-0.001
1420207,0,-2,-0.174,0,-0.35,0,0,0.005,0.008,-0.009,-0.133,-0.003,0.001,0,0,2,-0.003,0.001
1420217,0,-2,-0.174,0,-0.45,0,0,0.006,0.018,-0.009,-0.233,-0.009,0.003,0,0,2,-0.009,0.003
1420227,0,-2,-0.174,0,-0.55,0.022,-0.02,0.011,0.009,0.007,-0.333,0.003,0.009,0,0,2,0.003,0.009
1420237,0,-2,-0.174,0,-0.65,0.004,-0.029,0.005,-0.024,-0.026,-0.433,-0.008,-0.001,0,0,2,-0.008,-0.001
1420247,0,-2,-0.174,0,-0.75,0,-0.004,0.001,-0.001,-0.123,-0.533,-0.071,-0.013,0,0,2,-0.071,-0.013
1420257,0,-2,-0.174,0,-0.85,0.008,-0.073,-0.001,-0.017,-0.223,-0.633,-0.159,-0.012,0,0,2,-0.159,-0.012
1420267,0,-2,-0.174,0,-0.95,0.009,-0.133,0,-0.11,-0.323,-0.733,-0.249,-0.043,0,0,2,-0.249,-0.043
1420277,0,-2,-0.174,0,-1.05,0.012,-0.073,0,-0.055,-0.418,-0.833,-0.326,-0.073,0,0,2,-0.326,-0.073
1420287,0,-2,-0.174,0,-1.15,0.062,-0.173,0.037,-0.131,-0.421,-0.933,-0.391,-0.084,0,0,2,-0.391,-0.084
1420300,0,-2,-0.174,0,-1.25,0.118,-0.273,0.1,-0.205,-0.441,-1.033,-0.396,-0.123,0,0,2,-0.396,-0.123
1420307,0,-2,-0.174,0,-1.37,0.139,-0.393,0.134,-0.348,-0.557,-1.153,-0.473,-0.199,0,0,2,-0.473,-0.199
1420317,0,-2,-0.174,0,-1.45,0.15,-0.473,0.139,-0.43,-0.537,-1.233,-0.504,-0.259,0,0,2,-0.504,-0.259
1420327,0,-2,-0.174,0,-1.55,0.148,-0.553,0.173,-0.496,-0.519,-1.333,-0.5,-0.316,0,0,2,-0.5,-0.316
1420337,0,-2,-0.174,0,-1.65,0.048,-0.453,0.07,-0.475,-0.511,-1.433,-0.49,-0.385,0,0,2,-0.49,-0.385
1420347,0,-2,-0.174,0,-1.75,0.011,-0.353,0.018,-0.368,-0.461,-1.533,-0.449,-0.417,0,0,2,-0.449,-0.417
1420357,0,-2,-0.174,0,-1.85,0.002,-0.253,-0.015,-0.266,-0.442,-1.633,-0.432,-0.415,0,0,2,-0.432,-0.415
1420367,0,-2,-0.174,0,-1.95,0,-0.153,-0.003,-0.173,-0.495,-1.733,-0.41,-0.309,0,0,2,-0.41,-0.309
1420377,0,-2,-0.174,0,-2,0,-0.053,-0.011,-0.083,-0.537,-1.833,-0.475,-0.31,0,0,2,-0.475,-0.31
1420387,0,-2,-0.174,0,-2,0,0,-0.017,-0.008,-0.55,-1.933,-0.513,-0.383,0,0,2,-0.513,-0.383
1420397,0,-2,-0.174,0,-2,0,0,-0.009,0.016,-0.554,-2.033,-0.52,-0.426,0,0,2,-0.52,-0.426
1420407,0,-2,-0.174,0,-2,0,0,-0.016,-0.011,-0.503,-2.133,-0.512,-0.543,0,0,2,-0.512,-0.543
1420417,0,-2,-0.174,0,-2,0,0,-0.01,-0.006,-0.403,-2.233,-0.438,-0.653,0,0,2,-0.438,-0.653
1420427,0,-2,-0.174,0,-2,0,0,-0.001,0.024,-0.303,-2.333,-0.335,-0.655,0,0,2,-0.335,-0.655
1420437,0,-2,-0.174,0,-2,0,0,-0.008,0.009,-0.203,-2.433,-0.244,-0.685,0,0,2,-0.244,-0.685
1420447,0,-2,-0.174,0,-2,0,0,-0.019,0.016,-0.103,-2.533,-0.15,-0.783,0,0,2,-0.15,-0.783
1420457,0,-2,-0.174,0,-2,0,0,-0.017,0.017,-0.073,-2.633,-0.089,-0.755,0,0,2,-0.089,-0.755
1420467,0,-2,-0.174,0,-2,0,0,-0.014,0.007,-0.088,-2.733,-0.083,-0.795,0,0,2,-0.083,-0.795
1420477,0,-2,-0.174,0,-2,0.063,-0.08,0.019,-0.03,-0.108,-2.833,-0.095,-0.897,0,0,2,-0.095,-0.897
1420487,0,-2,-0.174,0,-2,0.103,-0.178,0.094,-0.14,-0.111,-2.933,-0.104,-1.04,0,0,2,-0.104,-1.04
1420497,0,-2,-0.174,0,-2,0.011,-0.078,0.042,-0.092,-0.036,-3.033,-0.065,-1.078,0,0,2,-0.065,-1.078
1420507,0,-2,-0.174,0,-2,0.002,-0.004,-0.005,0.008,0.064,-3.133,0.015,-1.04,0,0,2,0.015,-1.04
1420517,0,-2,-0.174,0,-2,0.02,-0.02,-0.008,0.006,0.164,-3.033,0.106,-0.93,0,0,2,0.106,-0.93
1420527,0,-2,-0.174,0,-2,0.064,-0.111,0.066,-0.074,0.264,-3.027,0.203,-0.944,0,0,2,0.203,-0.944
1420537,0,-2,-0.174,0,-2,0.008,-0.016,0.011,-0.022,0.364,-3.127,0.303,-1.037,0,0,2,0.303,-1.037
1420547,0,-2,-0.174,0,-2,0.001,-0.002,0.034,-0.01,0.299,-3.088,0.318,-1.22,0,0,2,0.318,-1.22
1420557,0,-2,-0.174,0,-2,0.044,-0.05,0.026,-0.023,0.199,-3.032,0.242,-1.322,0,0,2,0.242,-1.322
1420567,0,-2,-0.174,0,-2,0.023,-0.056,0.042,-0.049,0.099,-3.13,0.144,-1.074,0,0,2,0.144,-1.074
1420577,0,-2,-0.174,0,-2,0.062,-0.063,0.056,-0.031,0.029,-3.23,0.059,-1.081,0,0,2,0.059,-1.081
1420587,0,-2,-0.174,0,-2,0.011,-0.004,0.042,-0.02,0.12,-3.33,0.085,-1.195,0,0,2,0.085,-1.195
1420597,0,-2,-0.174,0,-2,0.034,-0.016,0.018,0.002,0.22,-3.43,0.164,-1.098,0,0,2,0.164,-1.098
1420607,0,-2,-0.174,0,-2,0.134,-0.116,0.099,-0.069,0.26,-3.49,0.237,-1.149,0,0,2,0.237,-1.149
1420617,0,-2,-0.174,0,-2,0.174,-0.216,0.199,-0.169,0.165,-3.39,0.201,-1.334,0,0,2,0.201,-1.334
1420627,0,-2,-0.174,0,-2,0.198,-0.26,0.205,-0.244,0.065,-3.306,0.118,-1.323,0,0,2,0.118,-1.323
1420637,0,-2,-0.174,0,-2,0.298,-0.36,0.271,-0.308,-0.035,-3.367,0.029,-1.291,0,0,2,0.029,-1.291
1420647,0,-2,-0.174,0,-2,0.398,-0.46,0.382,-0.406,-0.135,-3.371,-0.072,-1.41,0,0,2,-0.072,-1.41
1420657,0,-2,-0.174,0,-2,0.458,-0.56,0.472,-0.534,-0.035,-3.343,-0.037,-1.347,0,0,2,-0.037,-1.347
1420667,0,-2,-0.174,0,-2,0.358,-0.48,0.39,-0.499,0.065,-3.431,0.03,-1.514,0,0,2,0.03,-1.514
1420677,0,-2,-0.174,0,-2,0.258,-0.38,0.287,-0.397,-0.026,-3.531,0.018,-1.575,0,0,2,0.018,-1.575
1420687,0,-2,-0.174,0,-2,0.158,-0.28,0.203,-0.291,-0.126,-3.631,-0.064,-1.52,0,0,2,-0.064,-1.52
1420697,0,-2,-0.174,0,-2,0.058,-0.18,0.105,-0.224,-0.214,-3.622,-0.151,-1.434,0,0,2,-0.151,-1.434
1420707,0,-2,-0.174,0,-2,0.001,-0.08,0.016,-0.124,-0.114,-3.522,-0.138,-1.457,0,0,2,-0.138,-1.457
1420717,0,-2,-0.174,0,-2,0,0,-0.013,-0.002,-0.014,-3.422,-0.06,-1.48,0,0,2,-0.06,-1.48
1420727,0,-2,-0.174,0,-2,0,0,0.008,0.022,0.086,-3.322,0.033,-1.427,0,0,2,0.033,-1.427
1420737,0,-2,-0.174,0,-2,0.03,-0.03,0.013,-0.014,0.094,-3.222,0.086,-1.28,0,0,2,0.086,-1.28
1420747,0,-2,-0.174,0,-2,0.006,-0.024,0.022,-0.036,0.005,-3.122,0.042,-1.164,0,0,2,0.042,-1.164
1420757,0,-2,-0.174,0,-2,0.028,-0.112,0.04,-0.054,-0.079,-3.182,-0.034,-1.168,0,0,2,-0.034,-1.168
1420767,0,-2,-0.174,0,-2,0.042,-0.072,0.038,-0.059,-0.104,-3.282,-0.083,-1.022,0,0,2,-0.083,-1.022
1420777,0,-2,-0.174,0,-2,0.142,-0.172,0.114,-0.131,-0.064,-3.246,-0.072,-1.082,0,0,2,-0.072,-1.082
1420787,0,-2,-0.174,0,-2,0.181,-0.272,0.161,-0.237,-0.019,-3.165,-0.031,-1.143,0,0,2,-0.031,-1.143
1420797,0,-2,-0.174,0,-2,0.081,-0.228,0.098,-0.239,-0.013,-3.156,-0.011,-1.157,0,0,2,-0.011,-1.157
1420807,0,-2,-0.174,0,-2,0.027,-0.277,0.048,-0.268,-0.046,-3.197,-0.028,-1.292,0,0,2,-0.028,-1.292
1420817,0,-2,-0.174,0,-2,0.039,-0.217,0.036,-0.206,-0.051,-3.297,-0.045,-1.23,0,0,2,-0.045,-1.23
1420827,0,-2,-0.174,0,-2,0.139,-0.317,0.108,-0.284,0.018,-3.397,-0.01,-1.276,0,0,2,-0.01,-1.276
1420837,0,-2,-0.174,0,-2,0.195,-0.417,0.158,-0.379,0.093,-3.375,0.061,-1.24,0,0,2,0.061,-1.24
1420847,0,-2,-0.174,0,-2,0.281,-0.517,0.248,-0.473,0.093,-3.275,0.098,-1.174,0,0,2,0.098,-1.174
1420857,0,-2,-0.174,0,-2,0.305,-0.617,0.312,-0.577,0.048,-3.179,0.083,-1.151,0,0,2,0.083,-1.151
1420867,0,-2,-0.174,0,-2,0.205,-0.639,0.237,-0.624,-0.017,-3.217,0.026,-1.299,0,0,2,0.026,-1.299
1420877,0,-2,-0.174,0,-2,0.165,-0.699,0.208,-0.67,-0.064,-3.317,-0.033,-1.459,0,0,2,-0.033,-1.459
1420887,0,-2,-0.174,0,-2,0.122,-0.659,0.142,-0.655,-0.03,-3.417,-0.038,-1.587,0,0,2,-0.038,-1.587
1420897,0,-2,-0.174,0,-2,0.222,-0.759,0.186,-0.722,0.041,-3.42,0.016,-1.708,0,0,2,0.016,-1.708
1420907,0,-2,-0.174,0,-2,0.322,-0.859,0.276,-0.814,0.022,-3.379,0.042,-1.61,0,0,2,0.042,-1.61
1420917,0,-2,-0.174,0,-2,0.335,-0.959,0.332,-0.91,0.011,-3.321,0.034,-1.596,0,0,2,0.034,-1.596
1420927,0,-2,-0.174,0,-2,0.324,-1.059,0.337,-1.019,0.014,-3.269,0.03,-1.654,0,0,2,0.03,-1.654
1420937,0,-2,-0.174,0,-2,0.32,-1.159,0.336,-1.115,0.015,-3.281,0.034,-1.695,0,0,2,0.034,-1.695
1420947,0,-2,-0.174,0,-2,0.308,-1.259,0.314,-1.231,-0.006,-3.37,0.025,-1.725,0,0,2,0.025,-1.725
1420957,0,-2,-0.174,0,-2,0.301,-1.359,0.308,-1.321,-0.03,-3.47,0.001,-1.809,0,0,2,0.001,-1.809
1420967,0,-2,-0.174,0,-2,0.298,-1.459,0.307,-1.403,-0.049,-3.454,-0.008,-1.793,0,0,2,-0.008,-1.793
1420977,0,-2,-0.174,0,-2,0.294,-1.559,0.302,-1.529,-0.035,-3.354,-0.011,-1.859,0,0,2,-0.011,-1.859
1420987,0,-2,-0.174,0,-2,0.274,-1.659,0.268,-1.632,-0.02,-3.254,0.004,-1.887,0,0,2,0.004,-1.887
1420997,0,-2,-0.174,0,-2,0.254,-1.759,0.277,-1.713,-0.023,-3.16,-0.002,-1.991,0,0,2,-0.002,-1.991
1421007,0,-4,-0.174,0,-2,0.258,-1.859,0.275,-1.827,-0.034,-3.106,-0.017,-2.099,0,0,2,-0.017,-2.099
1421017,0,-4,-0.174,0,-2,0.29,-1.939,0.272,-1.922,-0.002,-3.009,-0.008,-2.212,0,0,2,-0.008,-2.212
1421027,0,-4,-0.174,0,-2,0.235,-1.959,0.25,-1.964,0.023,-2.909,0.021,-2.279,0,0,2,0.021,-2.279
1421037,0,-4,-0.174,0,-2.05,0.238,-1.979,0.221,-1.962,0.021,-2.809,0.028,-2.23,0,0,2,0.028,-2.23
1421047,0,-4,-0.174,0,-2.15,0.189,-1.969,0.206,-1.997,0.003,-2.709,0.015,-2.213,0,0,2,0.015,-2.213
1421057,0,-4,-0.174,0,-2.25,0.202,-2.055,0.202,-2.01,-0.038,-2.726,-0.01,-2.179,0,0,2,-0.01,-2.179
1421067,0,-4,-0.174,0,-2.35,0.172,-2.098,0.192,-2.092,-0.1,-2.826,-0.051,-2.145,0,0,2,-0.051,-2.145
1421077,0,-4,-0.174,0,-2.45,0.072,-1.998,0.112,-2.024,-0.109,-2.926,-0.091,-2.145,0,0,2,-0.091,-2.145
1421087,0,-4,-0.174,0,-2.55,0.004,-1.898,0.013,-1.92,-0.126,-3.026,-0.109,-2.113,0,0,2,-0.109,-2.113
1421097,0,-4,-0.174,0,-2.65,0,-1.798,-0.012,-1.815,-0.134,-3.126,-0.123,-2.066,0,0,2,-0.123,-2.066
1421107,0,-4,-0.174,0,-2.75,0,-1.698,-0.01,-1.722,-0.162,-3.226,-0.136,-1.944,0,0,2,-0.136,-1.944
1421117,0,-4,-0.174,0,-2.85,0,-1.598,0.01,-1.615,-0.186,-3.326,-0.162,-1.898,0,0,2,-0.162,-1.898
1421127,0,-4,-0.174,0,-2.95,0,-1.498,0.02,-1.521,-0.19,-3.426,-0.182,-1.856,0,0,2,-0.182,-1.856
1421137,0,-4,-0.174,0,-3.05,0.065,-1.398,0.025,-1.428,-0.112,-3.526,-0.122,-1.615,0,0,2,-0.122,-1.615
1421147,0,-4,-0.174,0,-3.15,0.165,-1.498,0.13,-1.454,-0.036,-3.626,-0.058,-1.569,0,0,2,-0.058,-1.569
1421157,0,-4,-0.174,0,-3.25,0.183,-1.598,0.178,-1.562,0.018,-3.726,0.01,-1.565,0,0,2,0.01,-1.565
1421167,0,-4,-0.174,0,-3.35,0.238,-1.698,0.211,-1.654,-0.005,-3.826,0.017,-1.61,0,0,2,0.017,-1.61
1421177,0,-4,-0.174,0,-3.45,0.255,-1.798,0.239,-1.747,-0.067,-3.926,-0.019,-1.674,0,0,2,-0.019,-1.674
1421187,0,-4,-0.174,0,-3.55,0.255,-1.898,0.258,-1.866,-0.163,-4.026,-0.093,-1.753,0,0,2,-0.093,-1.753
1421197,0,-4,-0.174,0,-3.65,0.284,-1.998,0.275,-1.96,-0.194,-4.126,-0.152,-1.836,0,0,2,-0.152,-1.836
1421207,0,-4,-0.174,0,-3.75,0.265,-2.098,0.27,-2.056,-0.146,-4.226,-0.136,-1.941,0,0,2,-0.136,-1.941
1421217,0,-4,-0.174,0,-3.85,0.312,-2.198,0.289,-2.149,-0.046,-4.326,-0.058,-2.052,0,0,2,-0.058,-2.052
1421227,0,-4,-0.174,0,-3.95,0.306,-2.298,0.297,-2.25,0.051,-4.426,0.043,-2.157,0,0,2,0.043,-2.157
1421237,0,-4,-0.174,0,-4,0.306,-2.376,0.3,-2.342,0.064,-4.526,0.107,-2.33,0,0,2,0.107,-2.33
1421247,0,-4,-0.174,0,-4,0.297,-2.386,0.303,-2.365,0.021,-4.626,0.066,-2.541,0,0,2,0.066,-2.541
1421257,0,-4,-0.174,0,-4,0.321,-2.411,0.303,-2.389,0.042,-4.726,0.053,-2.743,0,0,2,0.053,-2.743
1421267,0,-4,-0.174,0,-4,0.322,-2.391,0.318,-2.402,0.135,-4.807,0.105,-2.975,0,0,2,0.105,-2.975
1421277,0,-4,-0.174,0,-4,0.336,-2.466,0.344,-2.436,0.208,-4.707,0.185,-3.056,0,0,2,0.185,-3.056
1421287,0,-4,-0.174,0,-4,0.297,-2.526,0.311,-2.51,0.182,-4.729,0.205,-3,0,0,2,0.205,-3
1421297,0,-4,-0.174,0,-4,0.31,-2.565,0.311,-2.541,0.105,-4.823,0.154,-3.13,0,0,2,0.154,-3.13
1421307,0,-4,-0.174,0,-4,0.31,-2.509,0.325,-2.518,0.004,-4.923,0.071,-3.207,0,0,2,0.071,-3.207
1421317,0,-4,-0.174,0,-4,0.316,-2.521,0.314,-2.514,-0.063,-5,-0.01,-3.366,0,0,2,-0.01,-3.366
1421327,0,-4,-0.174,0,-4,0.307,-2.616,0.298,-2.579,-0.063,-5,-0.029,-3.32,0,0,2,-0.029,-3.32
1421337,0,-4,-0.174,0,-4,0.262,-2.686,0.271,-2.677,-0.014,-5,-0.004,-3.306,0,0,2,-0.004,-3.306
1421347,0,-4,-0.174,0,-4,0.274,-2.738,0.272,-2.715,0.042,-5,0.029,-3.507,0,0,2,0.029,-3.507
1421357,0,-4,-0.174,0,-4,0.206,-2.798,0.221,-2.77,0.051,-5,0.061,-3.531,0,0,2,0.061,-3.531
1421367,0,-4,-0.174,0,-4,0.21,-2.8,0.197,-2.778,-0.02,-5,0.029,-3.51,0,0,2,0.029,-3.51
1421377,0,-4,-0.174,0,-4,0.21,-2.747,0.205,-2.756,-0.116,-5,-0.053,-3.64,0,0,2,-0.053,-3.64
1421387,0,-4,-0.174,0,-4,0.157,-2.708,0.173,-2.708,-0.195,-5,-0.139,-3.73,0,0,2,-0.139,-3.73
1421397,0,-4,-0.174,0,-4,0.15,-2.788,0.158,-2.772,-0.174,-5,-0.168,-3.832,0,0,2,-0.168,-3.832
1421407,0,-4,-0.174,0,-4,0.194,-2.807,0.17,-2.782,-0.082,-5,-0.114,-3.942,0,0,2,-0.114,-3.942
1421417,0,-4,-0.174,0,-4,0.169,-2.746,0.185,-2.75,0.018,-5,-0.024,-3.979,0,0,2,-0.024,-3.979
1421427,0,-4,-0.174,0,-4,0.191,-2.765,0.163,-2.759,0.118,-5,0.071,-3.947,0,0,2,0.071,-3.947
1421437,0,-4,-0.174,0,-4,0.168,-2.845,0.181,-2.827,0.204,-5,0.163,-3.869,0,0,2,0.163,-3.869
1421447,0,-4,-0.174,0,-4,0.203,-2.876,0.174,-2.875,0.12,-5,0.151,-3.791,0,0,2,0.151,-3.791
1421457,0,-4,-0.174,0,-4,0.194,-2.914,0.201,-2.905,0.02,-5,0.073,-3.908,0,0,2,0.073,-3.908
1421467,0,-4,-0.174,0,-4,0.178,-2.954,0.202,-2.923,-0.08,-5,-0.011,-3.771,0,0,2,-0.011,-3.771
1421477,0,-4,-0.174,0,-4,0.254,-3.035,0.227,-3.012,-0.066,-5,-0.054,-3.845,0,0,2,-0.054,-3.845
1421487,0,-4,-0.174,0,-4,0.314,-3.076,0.296,-3.044,0.008,-5,-0.01,-3.927,0,0,2,-0.01,-3.927
1421497,0,-4,-0.174,0,-4,0.297,-2.987,0.301,-3.013,0.06,-5,0.05,-3.931,0,0,2,0.05,-3.931
1421507,0,-4,-0.174,0,-4,0.299,-3.054,0.299,-3.016,0.049,-4.946,0.065,-3.953,0,0,2,0.065,-3.953
1421517,0,-4,-0.174,0,-4,0.326,-3.008,0.314,-3.036,0.007,-4.846,0.037,-3.991,0,0,2,0.037,-3.991
1421527,0,-4,-0.174,0,-4,0.35,-2.994,0.338,-3.006,-0.038,-4.819,0,-3.976,0,0,2,0,-3.976
1421537,0,-4,-0.174,0,-4,0.369,-2.98,0.378,-2.991,-0.004,-4.81,0.011,-3.843,0,0,2,0.011,-3.843
1421547,0,-4,-0.174,0,-4,0.369,-3.031,0.371,-3.014,0.041,-4.81,0.037,-3.937,0,0,2,0.037,-3.937
1421557,0,-4,-0.174,0,-4,0.385,-3.004,0.39,-3.009,0.036,-4.817,0.051,-3.972,0,0,2,0.051,-3.972
1421567,0,-4,-0.174,0,-4,0.33,-3.093,0.337,-3.059,-0.024,-4.783,0.049,-3.552,0,0,2,0.049,-3.552
1421577,0,-4,-0.174,0,-4,0.289,-3.113,0.301,-3.113,-0.096,-4.815,-0.04,-3.712,0,0,2,-0.04,-3.712
1421587,0,-4,-0.174,0,-4,0.319,-3.172,0.308,-3.149,-0.111,-4.908,-0.065,-3.709,0,0,2,-0.065,-3.709
1421597,0,-4,-0.174,0,-4,0.307,-3.272,0.317,-3.237,-0.057,-5,-0.038,-3.645,0,0,2,-0.038,-3.645
1421607,0,-4,-0.174,0,-4,0.351,-3.245,0.329,-3.259,-0.028,-5,-0.018,-3.798,0,0,2,-0.018,-3.798
1421617,0,-4,-0.174,0,-4,0.349,-3.159,0.329,-3.174,-0.029,-5,-0.011,-3.955,0,0,2,-0.011,-3.955
1421627,0,-4,-0.174,0,-4,0.306,-3.079,0.314,-3.106,0.013,-5,0.013,-4.005,0,0,2,0.013,-4.005
1421637,0,-6,-0.174,0,-4,0.286,-3.043,0.296,-3.053,0.04,-5,0.039,-4.037,0,0,2,0.039,-4.037
1421647,0,-6,-0.174,0,-4,0.305,-3.143,0.303,-3.118,0.058,-4.94,0.075,-3.794,0,0,2,0.075,-3.794
1421657,0,-6,-0.174,0,-4,0.272,-3.204,0.282,-3.168,0.041,-4.84,0.069,-3.82,0,0,2,0.069,-3.82
1421667,0,-6,-0.174,0,-4.05,0.271,-3.154,0.271,-3.146,-0.042,-4.919,0.02,-3.664,0,0,2,0.02,-3.664
1421677,0,-6,-0.174,0,-4.15,0.284,-3.254,0.272,-3.221,-0.12,-5,-0.061,-3.557,0,0,2,-0.061,-3.557
1421687,0,-6,-0.174,0,-4.25,0.286,-3.354,0.288,-3.317,-0.164,-5,-0.117,-3.524,0,0,2,-0.117,-3.524
1421697,0,-6,-0.174,0,-4.35,0.253,-3.294,0.271,-3.298,-0.163,-5,-0.134,-3.499,0,0,2,-0.134,-3.499
1421707,0,-6,-0.174,0,-4.45,0.252,-3.285,0.251,-3.273,-0.139,-5,-0.133,-3.496,0,0,2,-0.133,-3.496
1421717,0,-6,-0.174,0,-4.55,0.268,-3.349,0.282,-3.313,-0.093,-5,-0.066,-3.421,0,0,2,-0.066,-3.421
1421727,0,-6,-0.174,0,-4.65,0.296,-3.449,0.298,-3.411,-0.083,-5,-0.069,-3.449,0,0,2,-0.069,-3.449
1421737,0,-6,-0.174,0,-4.75,0.325,-3.431,0.311,-3.433,-0.069,-5,-0.055,-3.489,0,0,2,-0.055,-3.489
1421747,0,-6,-0.174,0,-4.85,0.316,-3.388,0.312,-3.399,-0.047,-5,-0.029,-3.496,0,0,2,-0.029,-3.496
1421757,0,-6,-0.174,0,-4.95,0.348,-3.422,0.321,-3.422,0.017,-5,0.005,-3.522,0,0,2,0.005,-3.522
1421767,0,-6,-0.174,0,-5.05,0.405,-3.402,0.4,-3.384,0.071,-5,0.067,-3.512,0,0,2,0.067,-3.512
1421777,0,-6,-0.174,0,-5.15,0.419,-3.502,0.412,-3.462,0.104,-5,0.102,-3.527,0,0,2,0.102,-3.527
1421787,0,-6,-0.174,0,-5.25,0.46,-3.579,0.43,-3.555,0.139,-5,0.13,-3.576,0,0,2,0.13,-3.576
1421797,0,-6,-0.174,0,-5.35,0.501,-3.569,0.485,-3.583,0.177,-5,0.18,-3.62,0,0,2,0.18,-3.62
1421807,0,-6,-0.174,0,-5.45,0.47,-3.491,0.477,-3.504,0.125,-5,0.163,-3.649,0,0,2,0.163,-3.649
1421817,0,-6,-0.174,0,-5.55,0.534,-3.49,0.528,-3.487,0.078,-5,0.113,-3.671,0,0,2,0.113,-3.671
1421828,0,-6,-0.174,0,-5.65,0.616,-3.528,0.602,-3.538,0.112,-5,0.111,-3.702,0,0,2,0.111,-3.702
1421837,0,-6,-0.174,0,-5.75,0.676,-3.508,0.653,-3.511,0.136,-5,0.14,-3.727,0,0,2,0.14,-3.727
1421847,0,-6,-0.174,0,-5.85,0.584,-3.448,0.607,-3.471,0.046,-5,0.096,-3.757,0,0,2,0.096,-3.757
1421857,0,-6,-0.174,0,-5.95,0.484,-3.348,0.53,-3.347,-0.054,-5,0.013,-3.734,0,0,2,0.013,-3.734
1421867,0,-6,-0.174,0,-6,0.384,-3.248,0.431,-3.284,-0.128,-5,-0.077,-3.886,0,0,2,-0.077,-3.886
1421877,0,-6,-0.174,0,-6,0.284,-3.148,0.328,-3.2,-0.058,-5,-0.046,-3.873,0,0,2,-0.046,-3.873
1421887,0,-6,-0.174,0,-6,0.184,-3.048,0.209,-3.097,0.042,-5,0.015,-3.896,0,0,2,0.015,-3.896
1421897,0,-6,-0.174,0,-6,0.084,-2.948,0.123,-2.991,0.123,-4.92,0.091,-3.926,0,0,2,0.091,-3.926
1421907,0,-6,-0.174,0,-6,0.001,-2.848,0.013,-2.898,0.112,-4.82,0.115,-3.992,0,0,2,0.115,-3.992
1421917,0,-6,-0.174,0,-6,-0.016,-2.748,-0.007,-2.773,0.06,-4.72,0.082,-4.082,0,0,2,0.082,-4.082
1421927,0,-6,-0.174,0,-6,-0.003,-2.648,0.01,-2.682,-0.012,-4.701,0.022,-3.993,0,0,2,0.022,-3.993
1421937,0,-6,-0.174,0,-6,0,-2.548,-0.001,-2.579,-0.078,-4.801,-0.039,-3.901,0,0,2,-0.039,-3.901
1421947,0,-6,-0.174,0,-6,-0.011,-2.448,-0.008,-2.471,-0.176,-4.9,-0.122,-3.877,0,0,2,-0.122,-3.877
1421957,0,-6,-0.174,0,-6,-0.025,-2.348,-0.019,-2.38,-0.276,-5,-0.214,-3.776,0,0,2,-0.214,-3.776
1421967,0,-6,-0.174,0,-6,-0.016,-2.248,-0.032,-2.276,-0.354,-5,-0.302,-3.773,0,0,2,-0.302,-3.773
1421977,0,-6,-0.174,0,-6,-0.002,-2.148,-0.002,-2.181,-0.356,-5,-0.328,-3.578,0,0,2,-0.328,-3.578
1421987,0,-6,-0.174,0,-6,0,-2.048,-0.011,-2.085,-0.335,-5,-0.311,-3.269,0,0,2,-0.311,-3.269
1421997,0,-6,-0.174,0,-6,0,-1.948,-0.011,-1.98,-0.298,-5,-0.297,-3.233,0,0,2,-0.297,-3.233
1422007,0,-6,-0.174,0,-6,-0.026,-1.848,-0.009,-1.886,-0.31,-5,-0.29,-3.28,0,0,2,-0.29,-3.28
1422017,0,-6,-0.174,0,-6,-0.026,-1.748,-0.016,-1.785,-0.318,-5,-0.289,-3.003,0,0,2,-0.289,-3.003
1422027,0,-6,-0.174,0,-6,-0.029,-1.648,-0.019,-1.664,-0.317,-5,-0.3,-3.053,0,0,2,-0.3,-3.053
1422037,0,-6,-0.174,0,-6,-0.129,-1.688,-0.094,-1.686,-0.272,-5,-0.287,-3.235,0,0,2,-0.287,-3.235
1422047,0,-6,-0.174,0,-6,-0.229,-1.788,-0.206,-1.739,-0.184,-5,-0.226,-3.514,0,0,2,-0.226,-3.514
1422057,0,-6,-0.174,0,-6,-0.329,-1.888,-0.295,-1.843,-0.097,-5,-0.15,-3.277,0,0,2,-0.15,-3.277
1422067,0,-6,-0.174,0,-6,-0.429,-1.988,-0.399,-1.934,-0.022,-5,-0.071,-3.327,0,0,2,-0.071,-3.327
1422077,0,-6,-0.174,0,-6,-0.469,-2.088,-0.444,-2.048,0.011,-5,-0.015,-3.622,0,0,2,-0.015,-3.622
1422087,0,-6,-0.174,0,-6,-0.484,-2.188,-0.5,-2.171,-0.009,-5,-0.006,-3.915,0,0,2,-0.006,-3.915
1422097,0,-6,-0.174,0,-6,-0.547,-2.288,-0.554,-2.31,-0.005,-5,-0.019,-3.921,0,0,2,-0.019,-3.921
1422107,0,-6,-0.174,0,-6,-0.509,-2.388,-0.516,-2.317,-0.009,-5,-0.009,-4.159,0,0,2,-0.009,-4.159
1422117,0,-6,-0.174,0,-6,-0.409,-2.488,-0.449,-2.415,-0.082,-5,-0.054,-4.251,0,0,2,-0.054,-4.251
1422127,0,-6,-0.174,0,-6,-0.358,-2.588,-0.379,-2.568,-0.135,-5,-0.113,-4.351,0,0,2,-0.113,-4.351
1422137,0,-6,-0.174,0,-6,-0.269,-2.688,-0.312,-2.668,-0.137,-5,-0.14,-4.253,0,0,2,-0.14,-4.253
1422147,0,-6,-0.174,0,-6,-0.251,-2.788,-0.254,-2.744,-0.14,-5,-0.144,-4.257,0,0,2,-0.144,-4.257
1422157,0,-6,-0.174,0,-6,-0.255,-2.888,-0.252,-2.841,-0.12,-5,-0.132,-4.279,0,0,2,-0.132,-4.279
1422167,0,-6,-0.174,0,-6,-0.195,-2.988,-0.231,-2.957,-0.122,-5,-0.129,-4.138,0,0,2,-0.129,-4.138
1422177,0,-6,-0.174,0,-6,-0.097,-3.088,-0.126,-3.047,-0.132,-5,-0.131,-4.104,0,0,2,-0.131,-4.104
1422187,0,-6,-0.174,0,-6,0.003,-3.188,-0.037,-3.14,-0.153,-5,-0.141,-4.046,0,0,2,-0.141,-4.046
1422197,0,-6,-0.174,0,-6,0.059,-3.288,0.039,-3.243,-0.156,-5,-0.15,-4.171,0,0,2,-0.15,-4.171
1422207,0,-6,-0.174,0,-6,0.123,-3.388,0.093,-3.382,-0.113,-5,-0.117,-4.055,0,0,2,-0.117,-4.055
1422217,0,-6,-0.174,0,-6,0.161,-3.488,0.148,-3.438,-0.013,-5,-0.052,-4.184,0,0,2,-0.052,-4.184
1422227,0,-6,-0.174,0,-6,0.219,-3.588,0.189,-3.544,0.087,-5,0.042,-4.222,0,0,2,0.042,-4.222
1422237,0,-6,-0.174,0,-6,0.301,-3.688,0.277,-3.647,0.187,-5,0.14,-4.247,0,0,2,0.14,-4.247
1422247,0,-6,-0.174,0,-6,0.351,-3.788,0.345,-3.755,0.206,-5,0.198,-4.299,0,0,2,0.198,-4.299
1422257,0,0,-0.174,0,-6,0.435,-3.888,0.401,-3.867,0.206,-5,0.212,-4.328,0,0,2,0.212,-4.328
1422267,0,0,-0.174,0,-6,0.504,-3.933,0.465,-3.919,0.225,-5,0.224,-4.45,0,0,2,0.224,-4.45
1422277,0,0,-0.174,0,-6,0.547,-3.935,0.525,-3.913,0.244,-5,0.25,-4.454,0,0,2,0.25,-4.454
1422287,0,0,-0.174,0,-5.95,0.559,-3.935,0.554,-3.934,0.223,-5,0.246,-4.377,0,0,2,0.246,-4.377
1422297,0,0,-0.174,0,-5.85,0.63,-3.941,0.631,-3.955,0.207,-5,0.235,-4.275,0,0,2,0.235,-4.275
1422307,0,0,-0.174,0,-5.75,0.672,-3.881,0.669,-3.893,0.165,-5,0.213,-4.226,0,0,2,0.213,-4.226
1422317,0,0,-0.174,0,-5.65,0.695,-3.916,0.691,-3.929,0.075,-5,0.151,-4.157,0,0,2,0.151,-4.157
1422327,0,0,-0.174,0,-5.55,0.664,-3.881,0.686,-3.894,-0.025,-4.91,0.068,-4.097,0,0,2,0.068,-4.097
1422339,0,0,-0.174,0,-5.45,0.607,-3.823,0.648,-3.832,-0.125,-4.816,0.031,-3.988,0,0,2,0.031,-3.988
1422347,0,0,-0.174,0,-5.35,0.549,-3.789,0.576,-3.809,-0.218,-4.916,-0.125,-3.986,0,0,2,-0.125,-3.986
1422357,0,0,-0.174,0,-5.25,0.457,-3.82,0.494,-3.832,-0.167,-5,-0.15,-3.989,0,0,2,-0.15,-3.989
1422367,0,0,-0.174,0,-5.15,0.357,-3.858,0.379,-3.838,-0.101,-5,-0.104,-3.987,0,0,2,-0.104,-3.987
1422377,0,0,-0.174,0,-5.05,0.261,-3.878,0.284,-3.855,-0.023,-5,-0.041,-3.98,0,0,2,-0.041,-3.98
1422387,0,0,-0.174,0,-4.95,0.195,-3.898,0.216,-3.907,0.016,-5,0.007,-3.999,0,0,2,0.007,-3.999
1422397,0,0,-0.174,0,-4.85,0.142,-3.935,0.169,-3.917,0.028,-5,0.032,-3.997,0,0,2,0.032,-3.997
1422407,0,0,-0.174,0,-4.75,0.094,-3.955,0.103,-3.951,-0.001,-5,0.022,-4.014,0,0,2,0.022,-4.014
1422417,0,0,-0.174,0,-4.65,0.068,-3.908,0.078,-3.936,-0.061,-4.997,-0.025,-4.032,0,0,2,-0.025,-4.032
1422427,0,0,-0.174,0,-4.55,0.056,-3.907,0.057,-3.894,-0.091,-4.948,-0.063,-4.006,0,0,2,-0.063,-4.006
1422437,0,0,-0.174,0,-4.45,0.069,-3.956,0.056,-3.938,-0.054,-4.89,-0.063,-4.018,0,0,2,-0.063,-4.018
1422447,0,0,-0.174,0,-4.35,0.075,-3.93,0.07,-3.966,0.016,-4.804,-0.016,-4.046,0,0,2,-0.016,-4.046
1422457,0,0,-0.174,0,-4.25,0.104,-3.968,0.096,-3.985,0.095,-4.704,0.058,-4.063,0,0,2,0.058,-4.063
1422467,0,0,-0.174,0,-4.15,0.129,-3.995,0.109,-4.001,0.094,-4.604,0.092,-4.072,0,0,2,0.092,-4.072
1422477,0,0,-0.174,0,-4.05,0.168,-3.999,0.155,-3.983,0.03,-4.504,0.061,-4.083,0,0,2,0.061,-4.083
1422487,0,0,-0.174,0,-3.95,0.195,-3.901,0.192,-3.928,-0.024,-4.404,0.005,-4.072,0,0,2,0.005,-4.072
1422497,0,0,-0.174,0,-3.85,0.209,-3.867,0.217,-3.918,0.014,-4.304,0.009,-4.045,0,0,2,0.009,-4.045
1422507,0,0,-0.174,0,-3.75,0.25,-3.8,0.216,-3.835,0.069,-4.204,0.063,-3.969,0,0,2,0.063,-3.969
1422517,0,0,-0.174,0,-3.65,0.277,-3.85,0.275,-3.855,0.077,-4.104,0.082,-3.944,0,0,2,0.082,-3.944
1422527,0,0,-0.174,0,-3.55,0.312,-3.768,0.304,-3.823,-0.016,-4.004,0.039,-3.917,0,0,2,0.039,-3.917
1422537,0,0,-0.174,0,-3.45,0.343,-3.668,0.356,-3.719,-0.116,-3.904,-0.044,-3.876,0,0,2,-0.044,-3.876
1422547,0,0,-0.174,0,-3.35,0.335,-3.568,0.349,-3.629,-0.193,-3.804,-0.134,-3.827,0,0,2,-0.134,-3.827
1422557,0,0,-0.174,0,-3.25,0.354,-3.468,0.352,-3.523,-0.123,-3.704,-0.116,-3.734,0,0,2,-0.116,-3.734
1422567,0,0,-0.174,0,-3.15,0.313,-3.441,0.312,-3.487,-0.023,-3.604,-0.043,-3.662,0,0,2,-0.043,-3.662
1422577,0,0,-0.174,0,-3.05,0.349,-3.341,0.326,-3.394,0.077,-3.504,0.059,-3.554,0,0,2,0.059,-3.554
1422587,0,0,-0.174,0,-2.95,0.358,-3.243,0.357,-3.306,0.177,-3.404,0.141,-3.499,0,0,2,0.141,-3.499
1422597,0,0,-0.174,0,-2.85,0.396,-3.143,0.382,-3.202,0.171,-3.304,0.187,-3.427,0,0,2,0.187,-3.427
1422607,0,0,-0.174,0,-2.75,0.375,-3.043,0.385,-3.103,0.106,-3.204,0.167,-3.271,0,0,2,0.167,-3.271
1422617,0,0,-0.174,0,-2.65,0.33,-2.943,0.346,-3.006,0.057,-3.104,0.101,-3.222,0,0,2,0.101,-3.222
1422627,0,0,-0.174,0,-2.55,0.308,-2.843,0.321,-2.889,-0.005,-3.004,0.054,-3.115,0,0,2,0.054,-3.115
1422637,0,0,-0.174,0,-2.45,0.318,-2.743,0.322,-2.805,-0.089,-2.904,-0.023,-3.036,0,0,2,-0.023,-3.036
1422647,0,0,-0.174,0,-2.35,0.295,-2.643,0.307,-2.706,-0.121,-2.804,-0.085,-2.973,0,0,2,-0.085,-2.973
1422657,0,0,-0.174,0,-2.25,0.265,-2.563,0.264,-2.608,-0.106,-2.704,-0.08,-2.836,0,0,2,-0.08,-2.836
1422667,0,0,-0.174,0,-2.15,0.278,-2.502,0.281,-2.543,-0.089,-2.604,-0.077,-2.777,0,0,2,-0.077,-2.777
1422677,0,0,-0.174,0,-2.05,0.277,-2.442,0.271,-2.49,-0.12,-2.504,-0.087,-2.704,0,0,2,-0.087,-2.704
1422687,0,0,-0.174,0,-1.95,0.243,-2.402,0.254,-2.44,-0.109,-2.404,-0.1,-2.638,0,0,2,-0.1,-2.638
1422697,0,0,-0.174,0,-1.85,0.231,-2.302,0.241,-2.347,-0.116,-2.304,-0.092,-2.548,0,0,2,-0.092,-2.548
1422707,0,0,-0.174,0,-1.75,0.193,-2.285,0.186,-2.341,-0.136,-2.204,-0.111,-2.486,0,0,2,-0.111,-2.486
1422717,0,0,-0.174,0,-1.65,0.231,-2.279,0.23,-2.282,-0.106,-2.104,-0.106,-2.433,0,0,2,-0.106,-2.433
1422727,0,0,-0.174,0,-1.55,0.175,-2.199,0.17,-2.272,-0.006,-2.004,-0.043,-2.395,0,0,2,-0.043,-2.395
1422737,0,0,-0.174,0,-1.45,0.167,-2.099,0.175,-2.154,0.094,-1.904,0.058,-2.294,0,0,2,0.058,-2.294
1422747,0,0,-0.174,0,-1.35,0.126,-2.047,0.141,-2.1,0.194,-1.804,0.145,-2.231,0,0,2,0.145,-2.231
1422757,0,0,-0.174,0,-1.25,0.109,-1.967,0.107,-2.027,0.294,-1.704,0.238,-2.184,0,0,2,0.238,-2.184
1422767,0,0,-0.174,0,-1.15,0.1,-1.947,0.113,-1.975,0.394,-1.604,0.336,-2.14,0,0,2,0.336,-2.14
1422777,0,0,-0.174,0,-1.05,0.09,-1.847,0.104,-1.917,0.494,-1.504,0.434,-2.089,0,0,2,0.434,-2.089
1422787,0,0,-0.174,0,-0.95,0.067,-1.747,0.084,-1.808,0.594,-1.404,0.524,-2.008,0,0,2,0.524,-2.008
1422797,0,0,-0.174,0,-0.85,0.033,-1.707,0.056,-1.748,0.551,-1.304,0.535,-1.886,0,0,2,0.535,-1.886
1422807,0,0,-0.174,0,-0.75,0.005,-1.607,0.003,-1.668,0.451,-1.204,0.472,-1.828,0,0,2,0.472,-1.828
1422817,0,0,-0.174,0,-0.65,0.01,-1.507,0.014,-1.564,0.351,-1.104,0.389,-1.776,0,0,2,0.389,-1.776
1422828,0,0,-0.174,0,-0.55,0.003,-1.407,0.028,-1.459,0.251,-1.004,0.292,-1.692,0,0,2,0.292,-1.692
1422837,0,0,-0.174,0,-0.45,0,-1.307,-0.001,-1.371,0.151,-0.904,0.198,-1.625,0,0,2,0.198,-1.625
1422847,0,0,-0.174,0,-0.35,0,-1.207,0.008,-1.259,0.051,-0.804,0.1,-1.521,0,0,2,0.1,-1.521
1422857,0,0,-0.174,0,-0.25,0,-1.107,0.01,-1.16,-0.049,-0.704,0.003,-1.353,0,0,2,0.003,-1.353
1422867,0,0,-0.174,0,-0.15,-0.044,-1.007,-0.015,-1.067,-0.149,-0.604,-0.093,-1.29,0,0,2,-0.093,-1.29
1422877,0,0,-0.174,0,-0.05,-0.042,-0.907,-0.046,-0.991,-0.169,-0.504,-0.159,-1.211,0,0,2,-0.159,-1.211
1422887,0,0,-0.174,0,0,-0.122,-0.807,-0.092,-0.851,-0.069,-0.404,-0.108,-1.085,0,0,2,-0.108,-1.085
1422897,0,0,-0.174,0,0,-0.022,-0.707,-0.059,-0.759,0.031,-0.304,-0.023,-0.922,0,0,2,-0.023,-0.922
1422907,0,0,-0.174,0,0,-0.092,-0.607,-0.079,-0.671,0.131,-0.204,0.072,-0.793,0,0,2,0.072,-0.793
1422917,0,0,-0.174,0,0,-0.114,-0.507,-0.109,-0.567,0.231,-0.104,0.169,-0.69,0,0,2,0.169,-0.69
1422927,0,0,-0.174,0,0,-0.212,-0.532,-0.189,-0.54,0.331,-0.004,0.208,-0.559,0,0,2,0.208,-0.559
1422941,0,0,-0.174,0,0,-0.26,-0.632,-0.238,-0.62,0.431,0.096,0.326,-0.521,0,0,2,0.326,-0.521
1422947,0,0,-0.174,0,0,-0.144,-0.572,-0.177,-0.61,0.569,0.256,0.461,-0.502,0,0,2,0.461,-0.502
1422957,0,0,-0.174,0,0,-0.114,-0.542,-0.147,-0.587,0.529,0.296,0.474,-0.488,0,0,2,0.474,-0.488
1422967,0,0,-0.174,0,0,-0.177,-0.442,-0.159,-0.511,0.429,0.396,0.446,-0.414,0,0,2,0.446,-0.414
1422977,0,0,-0.174,0,0,-0.204,-0.385,-0.201,-0.433,0.329,0.496,0.362,-0.326,0,0,2,0.362,-0.326
1422987,0,0,-0.174,0,0,-0.104,-0.285,-0.12,-0.334,0.229,0.596,0.27,-0.229,0,0,2,0.27,-0.229
1422997,0,0,-0.174,0,0,-0.088,-0.185,-0.063,-0.269,0.129,0.639,0.172,-0.144,0,0,2,0.172,-0.144
1423007,0,0,-0.174,0,0,-0.1,-0.145,-0.09,-0.162,0.029,0.739,0.077,-0.053,0,0,2,0.077,-0.053
1423017,0,0,-0.174,0,0,-0.095,-0.118,-0.072,-0.124,-0.071,0.839,-0.02,0.038,0,0,2,-0.02,0.038
1423027,0,0,-0.174,0,0,-0.044,-0.058,-0.076,-0.104,-0.171,0.774,-0.117,0.108,0,0,2,-0.117,0.108
1423037,0,0,-0.174,0,0,-0.048,-0.022,-0.039,-0.02,-0.271,0.674,-0.212,0.138,0,0,2,-0.212,0.138
1423047,0,0,-0.174,0,0,-0.148,-0.053,-0.123,-0.068,-0.328,0.574,-0.292,0.127,0,0,2,-0.292,0.127
1423057,0,2,-0.174,0,0,-0.187,-0.068,-0.186,-0.078,-0.268,0.474,-0.272,0.052,0,0,2,-0.272,0.052
1423067,0,2,-0.174,0,0,-0.18,-0.052,-0.201,-0.074,-0.221,0.374,-0.239,0.039,0,0,2,-0.239,0.039
1423077,0,2,-0.174,0,0,-0.097,-0.016,-0.148,-0.041,-0.176,0.274,-0.197,0.036,0,0,2,-0.197,0.036
1423087,0,2,-0.174,0,0.05,-0.061,0.006,-0.077,-0.008,-0.143,0.174,-0.154,0.014,0,0,2,-0.154,0.014
1423097,0,2,-0.174,0,0.15,-0.091,0.056,-0.098,0.024,-0.127,0.125,-0.132,0.012,0,0,2,-0.132,0.012
1423107,0,2,-0.174,0,0.25,-0.051,0.044,-0.062,0.023,-0.12,0.221,-0.122,0.019,0,0,2,-0.122,0.019
1423117,0,2,-0.174,0,0.35,-0.024,0.091,-0.039,0.071,-0.125,0.321,-0.119,0.031,0,0,2,-0.119,0.031
1423127,0,2,-0.174,0,0.45,-0.003,0.012,-0.016,0.009,-0.102,0.421,-0.106,0.041,0,0,2,-0.106,0.041
1423137,0,2,-0.174,0,0.55,0,0.002,-0.015,0.003,-0.09,0.521,-0.092,0.037,0,0,2,-0.092,0.037
1423147,0,2,-0.174,0,0.65,0,0,-0.021,-0.013,-0.095,0.621,-0.092,0.039,0,0,2,-0.092,0.039
1423157,0,2,-0.174,0,0.75,0.01,-0.002,0.029,-0.048,-0.09,0.721,-0.086,0.037,0,0,2,-0.086,0.037
1423167,0,2,-0.174,0,0.85,0.01,0.049,0.027,0.051,-0.088,0.821,-0.086,0.04,0,0,2,-0.086,0.04
1423177,0,2,-0.174,0,0.95,0.001,0.008,0,0,-0.024,0.921,-0.055,0.055,0,0,2,-0.055,0.055
1423187,0,2,-0.174,0,1.05,-0.013,0.06,-0.011,0,0.076,1.021,0.026,0.051,0,0,2,0.026,0.051
1423197,0,2,-0.174,0,1.15,-0.002,0.014,-0.005,0.034,0.176,1.121,0.12,0.062,0,0,2,0.12,0.062
1423207,0,2,-0.174,0,1.25,-0.014,0.041,-0.008,0.007,0.276,1.221,0.215,0.072,0,0,2,0.215,0.072
1423217,0,2,-0.174,0,1.35,0,0.094,0.011,0.052,0.376,1.321,0.31,0.07,0,0,2,0.31,0.07
1423227,0,2,-0.174,0,1.45,-0.029,0.128,-0.014,0.114,0.424,1.421,0.383,0.097,0,0,2,0.383,0.097
1423237,0,2,-0.174,0,1.55,-0.006,0.038,0.003,0.049,0.471,1.521,0.44,0.124,0,0,2,0.44,0.124
1423247,0,2,-0.174,0,1.65,0,0.004,0.02,0.011,0.46,1.621,0.449,0.127,0,0,2,0.449,0.127
1423257,0,2,-0.174,0,1.75,0.004,0.041,0.008,0.015,0.416,1.721,0.413,0.099,0,0,2,0.413,0.099
1423267,0,2,-0.174,0,1.85,0,0.027,0.017,0.037,0.32,1.821,0.355,0.118,0,0,2,0.355,0.118
1423277,0,2,-0.174,0,1.95,0,0.004,0.002,0.018,0.22,1.921,0.263,0.129,0,0,2,0.263,0.129
1423287,0,2,-0.174,0,2,-0.002,0.003,0.002,-0.012,0.12,2.021,0.167,0.228,0,0,2,0.167,0.228
1423297,0,2,-0.174,0,2,-0.018,0.077,0.004,0.043,0.02,2.121,0.072,0.453,0,0,2,0.072,0.453
1423307,0,2,-0.174,0,2,-0.02,0.114,0.002,0.101,-0.08,2.221,-0.026,0.653,0,0,2,-0.026,0.653
1423317,0,2,-0.174,0,2,-0.007,0.078,0.015,0.112,-0.157,2.321,-0.114,0.791,0,0,2,-0.114,0.791
1423327,0,2,-0.174,0,2,-0.032,0.038,0.015,0.054,-0.148,2.421,-0.138,0.828,0,0,2,-0.138,0.828
1423337,0,2,-0.174,0,2,-0.008,0.011,0.006,0.031,-0.14,2.521,-0.14,1.012,0,0,2,-0.14,1.012
1423347,0,2,-0.174,0,2,-0.032,0.033,-0.053,-0.008,-0.115,2.621,-0.127,1.141,0,0,2,-0.127,1.141
1423357,0,2,-0.174,0,2,-0.036,0.076,-0.052,0.068,-0.1,2.721,-0.107,1.184,0,0,2,-0.107,1.184
1423367,0,2,-0.174,0,2,-0.007,0.01,0.001,0.015,-0.11,2.821,-0.103,1.243,0,0,2,-0.103,1.243
1423377,0,2,-0.174,0,2,-0.026,0.034,-0.021,0.04,-0.16,2.921,-0.128,0.819,0,0,2,-0.128,0.819
1423387,0,2,-0.174,0,2,-0.004,0.005,-0.001,-0.005,-0.134,3.021,-0.144,0.993,0,0,2,-0.144,0.993
1423397,0,2,-0.174,0,2,0,0,-0.017,-0.014,-0.039,3.03,-0.081,1.043,0,0,2,-0.081,1.043
1423407,0,2,-0.174,0,2,-0.065,0.067,-0.043,0.037,-0.067,2.93,-0.052,1.024,0,0,2,-0.052,1.024
1423417,0,2,-0.174,0,2,-0.011,0.018,-0.01,0,-0.167,2.83,-0.117,0.927,0,0,2,-0.117,0.927
1423427,0,2,-0.174,0,2,-0.048,0.065,-0.062,0.041,-0.267,2.73,-0.211,1.049,0,0,2,-0.211,1.049
1423437,0,2,-0.174,0,2,-0.007,0.01,-0.031,0.013,-0.353,2.83,-0.301,1.04,0,0,2,-0.301,1.04
1423447,0,2,-0.174,0,2,-0.083,0.098,-0.067,0.045,-0.253,2.93,-0.278,1.06,0,0,2,-0.278,1.06
1423457,0,2,-0.174,0,2,-0.089,0.161,-0.08,0.13,-0.153,3.03,-0.191,0.924,0,0,2,-0.191,0.924
1423467,0,2,-0.174,0,2,-0.189,0.261,-0.161,0.209,-0.053,3.013,-0.104,0.961,0,0,2,-0.104,0.961
1423477,0,2,-0.174,0,2,-0.289,0.361,-0.281,0.324,0.038,2.913,-0.013,1.121,0,0,2,-0.013,1.121
1423487,0,2,-0.174,0,2,-0.227,0.421,-0.274,0.398,-0.003,2.823,-0.008,1.145,0,0,2,-0.008,1.145
1423497,0,2,-0.174,0,2,-0.127,0.321,-0.173,0.346,-0.06,2.923,-0.041,1.258,0,0,2,-0.041,1.258
1423507,0,2,-0.174,0,2,-0.029,0.221,-0.058,0.238,-0.109,3.023,-0.083,1.379,0,0,2,-0.083,1.379
1423517,0,2,-0.174,0,2,-0.003,0.121,-0.022,0.165,-0.191,3.123,-0.146,1.449,0,0,2,-0.146,1.449
1423527,0,2,-0.174,0,2,0.023,0.05,0.015,0.062,-0.218,3.223,-0.199,1.396,0,0,2,-0.199,1.396
1423537,0,2,-0.174,0,2,0.016,0.005,0.007,0.018,-0.171,3.323,-0.188,1.458,0,0,2,-0.188,1.458
1423547,0,2,-0.174,0,2,-0.084,0.105,-0.069,0.052,-0.071,3.262,-0.113,1.273,0,0,2,-0.113,1.273
1423557,0,2,-0.174,0,2,-0.109,0.215,-0.126,0.166,0.029,3.336,-0.026,1.189,0,0,2,-0.026,1.189
1423567,0,2,-0.174,0,2,-0.019,0.254,-0.051,0.238,0.129,3.436,0.072,1.385,0,0,2,0.072,1.385
1423577,0,2,-0.174,0,2,0.03,0.168,0.013,0.178,0.229,3.536,0.171,1.566,0,0,2,0.171,1.566
1423587,0,2,-0.174,0,2,0.005,0.068,-0.003,0.096,0.329,3.596,0.25,1.114,0,0,2,0.25,1.114
1423597,0,2,-0.174,0,2,0,0.004,0.014,0.013,0.269,3.496,0.268,0.913,0,0,2,0.268,0.913
1423607,0,2,-0.174,0,2,0.036,0.013,0.036,-0.003,0.169,3.396,0.207,1.074,0,0,2,0.207,1.074
1423617,0,2,-0.174,0,2,0.002,0.095,0.01,0.052,0.069,3.296,0.116,1.126,0,0,2,0.116,1.126
1423627,0,2,-0.174,0,2,0.009,0.195,0.021,0.152,0.024,3.219,0.04,1.213,0,0,2,0.04,1.213
1423637,0,2,-0.174,0,2,-0.002,0.295,0.009,0.268,0.087,3.305,0.063,1.307,0,0,2,0.063,1.307
1423647,0,2,-0.174,0,2,0,0.197,-0.011,0.227,0.11,3.405,0.099,1.347,0,0,2,0.099,1.347
1423657,0,2,-0.174,0,2,0,0.097,-0.012,0.115,0.023,3.505,0.058,1.405,0,0,2,0.058,1.405
1423667,0,2,-0.174,0,2,0,0,0.026,0.017,-0.071,3.405,-0.025,1.44,0,0,2,-0.025,1.44
1423677,0,2,-0.174,0,2,0,0,0.006,-0.003,-0.07,3.305,-0.062,1.411,0,0,2,-0.062,1.411
1423687,0,2,-0.174,0,2,0.016,0.08,0.006,0.046,0.017,3.26,-0.019,1.299,0,0,2,-0.019,1.299
1423697,0,2,-0.174,0,2,0.003,0.04,-0.015,0.058,0.086,3.194,0.053,1.193,0,0,2,0.053,1.193
1423707,0,2,-0.174,0,2,-0.04,0.1,-0.03,0.048,0.037,3.105,0.053,1.232,0,0,2,0.053,1.232
1423717,0,2,-0.174,0,2,0.005,0.2,0.005,0.158,-0.04,3.124,-0.005,1.139,0,0,2,-0.005,1.139
1423727,0,2,-0.174,0,2,-0.035,0.3,-0.007,0.275,-0.029,3.239,-0.029,1.128,0,0,2,-0.029,1.128
1423737,0,2,-0.174,0,2,-0.023,0.36,-0.035,0.323,0.051,3.319,0.008,1.056,0,0,2,0.008,1.056
1423747,0,2,-0.174,0,2,-0.003,0.26,-0.012,0.284,0.084,3.249,0.064,1.123,0,0,2,0.064,1.123
1423757,0,2,-0.174,0,2,-0.019,0.22,-0.011,0.223,0.053,3.229,0.062,1.156,0,0,2,0.062,1.156
1423767,0,2,-0.174,0,2,-0.039,0.32,-0.033,0.29,-0.011,3.24,0.016,1.126,0,0,2,0.016,1.126
1423777,0,2,-0.174,0,2,-0.014,0.42,-0.024,0.381,-0.035,3.286,-0.024,1.197,0,0,2,-0.024,1.197
1423787,0,2,-0.174,0,2,-0.034,0.325,-0.038,0.342,-0.02,3.367,-0.025,1.12,0,0,2,-0.025,1.12
1423797,0,2,-0.174,0,2,-0.013,0.345,-0.021,0.336,-0.013,3.349,-0.017,0.894,0,0,2,-0.017,0.894
1423807,0,2,-0.174,0,2,-0.007,0.245,-0.003,0.289,-0.004,3.273,-0.009,1.049,0,0,2,-0.009,1.049
1423817,0,2,-0.174,0,2,-0.016,0.265,-0.026,0.266,-0.002,3.309,-0.004,1.078,0,0,2,-0.004,1.078
1423827,0,4,-0.174,0,2,-0.002,0.165,-0.019,0.182,-0.006,3.379,-0.006,0.955,0,0,2,-0.006,0.955
1423837,0,4,-0.174,0,2,-0.062,0.225,-0.046,0.193,-0.002,3.403,-0.006,1.096,0,0,2,-0.006,1.096
1423847,0,4,-0.174,0,2,-0.058,0.325,-0.063,0.286,0.035,3.384,0.018,1.251,0,0,2,0.018,1.251
1423857,0,4,-0.174,0,2.05,-0.043,0.425,-0.045,0.387,0.03,3.354,0.025,0.96,0,0,2,0.025,0.96
1423867,0,4,-0.174,0,2.15,-0.014,0.525,-0.022,0.507,0.039,3.426,0.03,0.85,0,0,2,0.03,0.85
1423877,0,4,-0.174,0,2.25,-0.002,0.445,0.009,0.439,0.008,3.526,0.022,0.831,0,0,2,0.022,0.831
1423887,0,4,-0.174,0,2.35,0,0.345,-0.009,0.357,-0.009,3.626,-0.001,0.726,0,0,2,-0.001,0.726
1423897,0,4,-0.174,0,2.45,0,0.245,-0.012,0.271,-0.04,3.726,-0.024,0.643,0,0,2,-0.024,0.643
1423907,0,4,-0.174,0,2.55,0,0.145,-0.016,0.168,-0.106,3.826,-0.065,0.503,0,0,2,-0.065,0.503
1423917,0,4,-0.174,0,2.65,0,0.045,0.006,0.067,-0.169,3.926,-0.134,0.467,0,0,2,-0.134,0.467
1423927,0,4,-0.174,0,2.75,-0.006,0.02,0.002,0.003,-0.138,4.026,-0.138,0.367,0,0,2,-0.138,0.367
1423937,0,4,-0.174,0,2.85,-0.002,0.12,-0.003,0.063,-0.064,4.126,-0.096,0.323,0,0,2,-0.096,0.323
1423947,0,4,-0.174,0,2.95,0.001,0.22,-0.011,0.182,0.03,4.226,-0.016,0.317,0,0,2,-0.016,0.317
1423957,0,4,-0.174,0,3.05,0,0.12,0,0.129,0.13,4.326,0.073,0.298,0,0,2,0.073,0.298
1423967,0,4,-0.174,0,3.15,0.053,0.2,0.038,0.163,0.185,4.426,0.151,0.313,0,0,2,0.151,0.313
1423977,0,4,-0.174,0,3.25,0.131,0.3,0.103,0.244,0.146,4.526,0.156,0.341,0,0,2,0.156,0.341
1423987,0,4,-0.174,0,3.35,0.217,0.4,0.189,0.359,0.072,4.626,0.108,0.375,0,0,2,0.108,0.375
1423997,0,4,-0.174,0,3.47,0.213,0.52,0.237,0.494,0.037,4.746,0.058,0.44,0,0,2,0.058,0.44
1424007,0,4,-0.174,0,3.55,0.191,0.6,0.174,0.556,0.073,4.826,0.065,0.503,0,0,2,0.065,0.503
1424017,0,4,-0.174,0,3.65,0.2,0.7,0.179,0.65,0.123,4.824,0.103,0.595,0,0,2,0.103,0.595
1424027,0,4,-0.174,0,3.75,0.226,0.8,0.233,0.759,0.139,4.878,0.131,0.694,0,0,2,0.131,0.694
1424037,0,4,-0.174,0,3.85,0.247,0.9,0.255,0.862,0.163,4.941,0.152,0.803,0,0,2,0.152,0.803
1424047,0,4,-0.174,0,3.95,0.317,1,0.323,0.929,0.237,4.905,0.205,0.905,0,0,2,0.205,0.905
1424057,0,4,-0.174,0,4,0.304,1.09,0.304,1.102,0.226,4.811,0.234,1.286,0,0,2,0.234,1.286
1424067,0,4,-0.174,0,4,0.194,1.04,0.225,1.07,0.126,4.711,0.173,1.839,0,0,2,0.173,1.839
1424077,0,4,-0.174,0,4,0.094,0.94,0.126,0.964,0.026,4.611,0.081,2.174,0,0,2,0.081,2.174
1424087,0,4,-0.174,0,4,0.08,0.96,0.093,0.927,-0.074,4.511,-0.018,2.454,0,0,2,-0.018,2.454
1424097,0,4,-0.174,0,4,0.09,1.05,0.119,1.029,-0.174,4.411,-0.111,2.473,0,0,2,-0.111,2.473
1424107,0,4,-0.174,0,4,0.093,1.16,0.097,1.128,-0.154,4.311,-0.159,2.652,0,0,2,-0.159,2.652
1424117,0,4,-0.174,0,4,-0.007,1.26,0.024,1.217,-0.07,4.347,-0.099,2.78,0,0,2,-0.099,2.78
1424127,0,4,-0.174,0,4,-0.107,1.36,-0.085,1.318,-0.065,4.447,-0.067,2.601,0,0,2,-0.067,2.601
1424137,0,4,-0.174,0,4,-0.197,1.45,-0.168,1.392,-0.135,4.547,-0.105,2.678,0,0,2,-0.105,2.678
1424146,0,4,-0.174,0,4,-0.306,1.56,-0.251,1.521,-0.155,4.647,-0.15,2.832,0,0,2,-0.15,2.832
1424156,0,4,-0.174,0,4,-0.295,1.66,-0.304,1.624,-0.089,4.747,-0.123,2.919,0,0,2,-0.123,2.919
1424166,0,4,-0.174,0,4,-0.388,1.76,-0.358,1.701,-0.002,4.847,-0.056,2.924,0,0,2,-0.056,2.924
1424176,0,4,-0.174,0,4,-0.436,1.85,-0.44,1.814,-0.027,4.901,-0.045,2.923,0,0,2,-0.045,2.923
1424186,0,4,-0.174,0,4,-0.447,1.95,-0.456,1.931,-0.083,4.934,-0.08,2.992,0,0,2,-0.08,2.992
1424196,0,4,-0.174,0,4,-0.481,2.06,-0.474,2.024,-0.153,4.93,-0.16,2.748,0,0,2,-0.16,2.748
1424206,0,4,-0.174,0,4,-0.542,2.16,-0.509,2.115,-0.163,4.943,-0.2,2.723,0,0,2,-0.2,2.723
1424216,0,4,-0.174,0,4,-0.538,2.25,-0.552,2.201,-0.148,5,-0.19,2.755,0,0,2,-0.19,2.755
1424226,0,4,-0.174,0,4,-0.565,2.36,-0.566,2.306,-0.148,5,-0.198,2.8,0,0,2,-0.198,2.8
1424236,0,4,-0.174,0,4,-0.557,2.42,-0.58,2.405,-0.152,5,-0.182,2.996,0,0,2,-0.182,2.996
1424246,0,4,-0.174,0,4,-0.54,2.52,-0.546,2.491,-0.093,5,-0.146,3.191,0,0,2,-0.146,3.191
1424256,0,4,-0.174,0,4,-0.488,2.608,-0.501,2.56,-0.014,5,-0.094,3.225,0,0,2,-0.094,3.225
1424266,0,4,-0.174,0,4,-0.415,2.658,-0.434,2.639,0.015,4.98,-0.024,3.411,0,0,2,-0.024,3.411
1424276,0,4,-0.174,0,4,-0.418,2.725,-0.429,2.692,-0.001,5,-0.048,3.292,0,0,2,-0.048,3.292
1424286,0,4,-0.174,0,4,-0.361,2.625,-0.395,2.646,-0.029,5,-0.05,3.351,0,0,2,-0.05,3.351
1424296,0,4,-0.174,0,4,-0.307,2.603,-0.317,2.601,-0.021,5,-0.044,3.521,0,0,2,-0.044,3.521
1424306,0,4,-0.174,0,4,-0.255,2.675,-0.279,2.648,0.065,5,0.011,3.616,0,0,2,0.011,3.616
1424316,0,4,-0.174,0,4,-0.239,2.775,-0.244,2.749,0.128,4.96,0.071,3.525,0,0,2,0.071,3.525
1424326,0,4,-0.174,0,4,-0.196,2.788,-0.192,2.761,0.153,4.931,0.105,3.401,0,0,2,0.105,3.401
1424336,0,4,-0.174,0,4,-0.121,2.762,-0.153,2.761,0.137,5,0.115,3.483,0,0,2,0.115,3.483
1424346,0,4,-0.174,0,4,-0.132,2.772,-0.133,2.768,0.132,5,0.114,3.514,0,0,2,0.114,3.514
1424356,0,4,-0.174,0,4,-0.068,2.77,-0.083,2.757,0.149,5,0.125,3.59,0,0,2,0.125,3.59
1424366,0,4,-0.174,0,4,-0.07,2.87,-0.074,2.837,0.157,5,0.138,3.64,0,0,2,0.138,3.64
1424376,0,4,-0.174,0,4,-0.038,2.96,-0.049,2.908,0.144,5,0.136,3.7,0,0,2,0.136,3.7
1424386,0,4,-0.174,0,4,-0.03,2.918,-0.039,2.938,0.108,5,0.112,3.692,0,0,2,0.112,3.692
1424396,0,4,-0.174,0,4,-0.035,2.841,-0.03,2.854,0.068,5,0.074,3.554,0,0,2,0.074,3.554
1424406,0,4,-0.174,0,4,0.007,2.844,-0.004,2.856,0.072,5,0.067,3.621,0,0,2,0.067,3.621
1424416,0,4,-0.174,0,4,0.005,2.874,-0.001,2.848,0.057,5,0.057,3.576,0,0,2,0.057,3.576
1424426,0,4,-0.174,0,4,-0.043,2.944,-0.024,2.909,0.039,5,0.044,3.571,0,0,2,0.044,3.571
1424436,0,4,-0.174,0,4,-0.039,3.004,-0.029,2.987,0.003,5,0.016,3.651,0,0,2,0.016,3.651
1424446,0,6,-0.174,0,4,-0.029,3.004,-0.017,3.028,-0.004,5,-0.001,3.791,0,0,2,-0.001,3.791
1424456,0,6,-0.174,0,4,-0.065,2.992,-0.055,3,0.045,5,0.018,3.822,0,0,2,0.018,3.822
1424466,0,6,-0.174,0,4,-0.029,2.983,-0.033,2.978,0.083,5,0.055,3.707,0,0,2,0.055,3.707
1424476,0,6,-0.174,0,4.05,-0.056,3.083,-0.05,3.047,0.059,5,0.057,3.51,0,0,2,0.057,3.51
1424486,0,6,-0.174,0,4.15,-0.085,3.063,-0.074,3.088,0.052,5,0.046,3.388,0,0,2,0.046,3.388
1424496,0,6,-0.174,0,4.25,-0.082,3.053,-0.08,3.032,0.037,5,0.034,3.313,0,0,2,0.034,3.313
1424506,0,6,-0.174,0,4.35,-0.079,3.003,-0.074,3.042,0.048,5,0.033,3.3,0,0,2,0.033,3.3
1424516,0,6,-0.174,0,4.45,-0.058,3.103,-0.079,3.056,0.054,5,0.051,3.328,0,0,2,0.051,3.328
1424526,0,6,-0.174,0,4.55,-0.002,3.183,-0.01,3.131,-0.016,5,0.011,3.242,0,0,2,0.011,3.242
1424536,0,6,-0.174,0,4.65,0.043,3.222,0.013,3.178,-0.116,5,-0.061,3.234,0,0,2,-0.061,3.234
1424546,0,6,-0.174,0,4.75,0.073,3.297,0.051,3.256,-0.196,5,-0.154,3.278,0,0,2,-0.154,3.278
1424556,0,6,-0.174,0,4.85,0.08,3.257,0.091,3.319,-0.128,5,-0.152,3.343,0,0,2,-0.152,3.343
1424566,0,6,-0.174,0,4.95,0.037,3.217,0.069,3.253,-0.028,5,-0.073,3.398,0,0,2,-0.073,3.398
1424576,0,6,-0.174,0,5.05,-0.013,3.167,-0.008,3.206,0.072,5,0.02,3.457,0,0,2,0.02,3.457
1424586,0,6,-0.174,0,5.15,-0.005,3.057,-0.032,3.018,0.172,5,0.116,3.494,0,0,2,0.116,3.494
1424596,0,6,-0.174,0,5.25,-0.001,2.957,0.011,2.974,0.272,5,0.214,3.458,0,0,2,0.214,3.458
1424606,0,6,-0.174,0,5.35,0.06,2.857,0.043,2.911,0.173,5,0.2,3.448,0,0,2,0.2,3.448
1424616,0,6,-0.174,0,5.45,0.127,2.847,0.104,2.837,0.073,5,0.12,3.297,0,0,2,0.12,3.297
1424626,0,6,-0.174,0,5.55,0.237,2.957,0.219,2.924,0.013,5,0.047,3.189,0,0,2,0.047,3.189
1424636,0,6,-0.174,0,5.65,0.327,3.057,0.332,3.002,-0.009,5,0.009,3.205,0,0,2,0.009,3.205
1424646,0,6,-0.174,0,5.75,0.334,3.157,0.318,3.127,0.037,5,0.035,3.219,0,0,2,0.035,3.219
1424656,0,6,-0.174,0,5.85,0.357,3.247,0.348,3.196,0.075,5,0.071,3.253,0,0,2,0.071,3.253
1424666,0,6,-0.174,0,5.95,0.352,3.297,0.365,3.292,0.103,5,0.13,3.302,0,0,2,0.13,3.302
1424676,0,6,-0.174,0,6,0.418,3.262,0.411,3.249,0.091,5,0.115,3.453,0,0,2,0.115,3.453
1424686,0,6,-0.174,0,6,0.442,3.28,0.435,3.281,0.081,5,0.102,3.726,0,0,2,0.102,3.726
1424696,0,6,-0.174,0,6,0.433,3.289,0.438,3.287,0.049,5,0.079,3.915,0,0,2,0.079,3.915
1424706,0,6,-0.174,0,6,0.374,3.309,0.386,3.317,-0.01,4.92,0.035,4.052,0,0,2,0.035,4.052
1424716,0,6,-0.174,0,6,0.274,3.229,0.307,3.269,-0.11,4.82,-0.029,3.981,0,0,2,-0.029,3.981
1424726,0,6,-0.174,0,6,0.174,3.249,0.231,3.238,-0.21,4.72,-0.136,4.004,0,0,2,-0.136,4.004
1424736,0,6,-0.174,0,6,0.084,3.339,0.128,3.295,-0.235,4.623,-0.206,4.006,0,0,2,-0.206,4.006
1424746,0,6,-0.174,0,6,-0.026,3.299,0.008,3.311,-0.147,4.723,-0.176,4.083,0,0,2,-0.176,4.083
1424756,0,6,-0.174,0,6,-0.126,3.294,-0.088,3.311,-0.047,4.823,-0.095,4.151,0,0,2,-0.095,4.151
1424766,0,6,-0.174,0,6,-0.226,3.231,-0.191,3.249,0.052,4.923,-0.014,3.951,0,0,2,-0.014,3.951
1424776,0,6,-0.174,0,6,-0.316,3.281,-0.288,3.253,0.13,5,0.073,3.972,0,0,2,0.073,3.972
1424786,0,6,-0.174,0,6,-0.426,3.383,-0.396,3.323,0.057,5,0.072,4.133,0,0,2,0.072,4.133
1424796,0,6,-0.174,0,6,-0.526,3.449,-0.509,3.423,-0.044,5,-0.006,4.283,0,0,2,-0.006,4.283
1424806,0,6,-0.174,0,6,-0.626,3.429,-0.611,3.399,-0.143,5,-0.103,4.381,0,0,2,-0.103,4.381
1424816,0,6,-0.174,0,6,-0.716,3.339,-0.689,3.366,-0.243,5,-0.197,4.527,0,0,2,-0.197,4.527
1424826,0,6,-0.174,0,6,-0.826,3.229,-0.782,3.279,-0.343,5,-0.296,4.625,0,0,2,-0.296,4.625
1424836,0,6,-0.174,0,6,-0.926,3.229,-0.886,3.224,-0.316,5,-0.33,4.653,0,0,2,-0.33,4.653
1424846,0,6,-0.174,0,6,-0.946,3.327,-0.942,3.28,-0.334,5,-0.334,4.631,0,0,2,-0.334,4.631
1424856,0,6,-0.174,0,6,-0.99,3.271,-1.018,3.278,-0.416,5,-0.403,4.555,0,0,2,-0.403,4.555
1424866,0,6,-0.174,0,6,-1.044,3.171,-1.029,3.198,-0.466,5,-0.481,4.31,0,0,2,-0.481,4.31
1424876,0,6,-0.174,0,6,-1.097,3.094,-1.096,3.105,-0.477,5,-0.499,4.264,0,0,2,-0.499,4.264
1424886,0,6,-0.174,0,6,-1.134,2.994,-1.112,3.018,-0.409,5,-0.459,4.328,0,0,2,-0.459,4.328
1424896,0,6,-0.174,0,6,-1.153,3.024,-1.139,3.004,-0.315,5,-0.397,4.26,0,0,2,-0.397,4.26
1424906,0,6,-0.174,0,6,-1.16,3.134,-1.149,3.096,-0.259,5,-0.336,4.163,0,0,2,-0.336,4.163
1424916,0,6,-0.174,0,6,-1.06,3.165,-1.114,3.152,-0.266,5,-0.295,4.247,0,0,2,-0.295,4.247
1424926,0,6,-0.174,0,6,-1.028,3.123,-1.053,3.125,-0.264,5,-0.309,4.185,0,0,2,-0.309,4.185
1424936,0,6,-0.174,0,6,-0.99,3.213,-1.024,3.182,-0.251,5,-0.303,4.105,0,0,2,-0.303,4.105
1424946,0,6,-0.174,0,6,-0.973,3.323,-0.984,3.282,-0.224,5,-0.266,4.195,0,0,2,-0.266,4.195
1424956,0,6,-0.174,0,6,-0.913,3.403,-0.923,3.361,-0.204,5,-0.251,4.22,0,0,2,-0.251,4.22
1424966,0,6,-0.174,0,6,-0.794,3.438,-0.829,3.407,-0.196,5,-0.244,4.193,0,0,2,-0.244,4.193
1424976,0,6,-0.174,0,6,-0.724,3.508,-0.757,3.47,-0.196,5,-0.242,4.118,0,0,2,-0.242,4.118
1424986,0,6,-0.174,0,6,-0.614,3.538,-0.662,3.515,-0.191,5,-0.246,4.066,0,0,2,-0.246,4.066
1424996,0,6,-0.174,0,6,-0.514,3.578,-0.553,3.551,-0.187,5,-0.214,4.171,0,0,2,-0.214,4.171
1425006,0,6,-0.174,0,6,-0.414,3.616,-0.441,3.596,-0.175,5,-0.204,4.194,0,0,2,-0.204,4.194
1425016,0,6,-0.174,0,6,-0.324,3.666,-0.365,3.623,-0.122,5,-0.164,4.251,0,0,2,-0.164,4.251
1425026,0,6,-0.174,0,6,-0.214,3.642,-0.262,3.665,-0.028,5,-0.087,4.299,0,0,2,-0.087,4.299
1425036,0,6,-0.174,0,6,-0.123,3.562,-0.16,3.574,0.072,5,0.006,4.292,0,0,2,0.006,4.292
1425046,0,6,-0.174,0,6,-0.046,3.589,-0.077,3.598,0.147,5,0.099,4.356,0,0,2,0.099,4.356
1425056,0,6,-0.174,0,6,0.033,3.619,0.003,3.594,0.144,5,0.125,4.325,0,0,2,0.125,4.325
1425066,0,6,-0.174,0,6,0.133,3.719,0.097,3.682,0.175,5,0.15,4.286,0,0,2,0.15,4.286
1425076,0,6,-0.174,0,6,0.173,3.77,0.163,3.731,0.213,5,0.189,4.299,0,0,2,0.189,4.299
1425086,0,6,-0.174,0,6,0.238,3.72,0.209,3.738,0.234,5,0.223,4.389,0,0,2,0.223,4.389
1425096,0,6,-0.174,0,6,0.211,3.742,0.212,3.748,0.197,5,0.214,4.469,0,0,2,0.214,4.469
1425106,0,0,-0.174,0,6,0.263,3.715,0.249,3.722,0.116,5,0.156,4.479,0,0,2,0.156,4.479
1425116,0,0,-0.174,0,6,0.304,3.654,0.299,3.672,0.053,5,0.096,4.451,0,0,2,0.096,4.451
1425126,0,0,-0.174,0,6,0.3,3.634,0.312,3.628,0.025,5,0.06,4.364,0,0,2,0.06,4.364
1425136,0,0,-0.174,0,5.95,0.245,3.684,0.259,3.658,0.035,5,0.045,4.278,0,0,2,0.045,4.278
1425146,0,0,-0.174,0,5.85,0.218,3.772,0.214,3.761,0.061,5,0.073,4.001,0,0,2,0.073,4.001
1425156,0,0,-0.174,0,5.75,0.185,3.796,0.214,3.788,0.058,5,0.071,3.963,0,0,2,0.071,3.963
1425166,0,0,-0.174,0,5.65,0.097,3.706,0.138,3.752,0.069,4.92,0.072,3.957,0,0,2,0.072,3.957
1425176,0,0,-0.174,0,5.55,0.007,3.708,0.041,3.713,0.045,4.947,0.057,3.939,0,0,2,0.057,3.939
1425186,0,0,-0.174,0,5.47,-0.083,3.778,-0.051,3.734,0.034,5,0.042,3.949,0,0,2,0.042,3.949
1425196,0,0,-0.174,0,5.37,-0.183,3.798,-0.142,3.789,0.003,5,0.012,3.901,0,0,2,0.012,3.901
1425206,0,0,-0.174,0,5.25,-0.303,3.863,-0.26,3.848,-0.085,5,-0.059,3.917,0,0,2,-0.059,3.917
1425216,0,0,-0.174,0,5.17,-0.358,3.857,-0.336,3.855,-0.113,5,-0.106,3.925,0,0,2,-0.106,3.925
1425226,0,0,-0.174,0,5.05,-0.422,3.788,-0.4,3.791,-0.048,5,-0.093,3.932,0,0,2,-0.093,3.932
1425236,0,0,-0.174,0,4.97,-0.449,3.808,-0.447,3.788,0.026,5,-0.063,3.893,0,0,2,-0.063,3.893
1425246,0,0,-0.174,0,4.87,-0.474,3.708,-0.475,3.739,0.058,5,0.002,3.894,0,0,2,0.002,3.894
1425256,0,0,-0.174,0,4.77,-0.451,3.73,-0.453,3.727,0.062,5,0.024,3.881,0,0,2,0.024,3.881
1425266,0,0,-0.174,0,4.67,-0.41,3.63,-0.413,3.662,0.037,5,0.007,3.846,0,0,2,0.007,3.846
1425276,0,0,-0.174,0,4.57,-0.374,3.691,-0.385,3.682,0.014,5,-0.012,3.803,0,0,2,-0.012,3.803
1425286,0,0,-0.174,0,4.47,-0.333,3.686,-0.34,3.694,-0.005,4.902,-0.023,3.799,0,0,2,-0.023,3.799
1425296,0,0,-0.174,0,4.37,-0.331,3.627,-0.335,3.664,0.012,4.802,-0.019,3.796,0,0,2,-0.019,3.796
1425306,0,0,-0.174,0,4.25,-0.308,3.538,-0.311,3.566,0.072,4.682,0.018,3.747,0,0,2,0.018,3.747
1425316,0,0,-0.174,0,4.15,-0.22,3.531,-0.255,3.54,0.115,4.582,0.059,3.69,0,0,2,0.059,3.69
1425326,0,0,-0.174,0,4.05,-0.167,3.471,-0.178,3.484,0.108,4.482,0.069,3.616,0,0,2,0.069,3.616
1425336,0,0,-0.174,0,3.97,-0.122,3.431,-0.152,3.454,0.057,4.402,0.061,3.605,0,0,2,0.061,3.605
1425346,0,0,-0.174,0,3.87,-0.108,3.431,-0.111,3.452,-0.009,4.302,0.003,3.549,0,0,2,0.003,3.549
1425356,0,0,-0.174,0,3.77,-0.039,3.441,-0.056,3.444,-0.039,4.202,-0.03,3.537,0,0,2,-0.03,3.537
1425366,0,0,-0.174,0,3.67,-0.053,3.461,-0.056,3.447,-0.012,4.102,-0.027,3.516,0,0,2,-0.027,3.516
1425376,0,0,-0.174,0,3.55,-0.037,3.521,-0.06,3.491,0.063,3.982,0.031,3.517,0,0,2,0.031,3.517
1425386,0,0,-0.174,0,3.45,-0.024,3.531,-0.019,3.557,0.059,3.882,0.055,3.534,0,0,2,0.055,3.534
1425396,0,0,-0.174,0,3.35,-0.033,3.471,-0.035,3.502,-0.017,3.782,0.016,3.542,0,0,2,0.016,3.542
1425406,0,0,-0.174,0,3.25,-0.007,3.436,-0.014,3.449,-0.081,3.682,-0.047,3.498,0,0,2,-0.047,3.498
1425416,0,0,-0.174,0,3.17,0.002,3.412,0.007,3.448,-0.065,3.602,-0.064,3.492,0,0,2,-0.064,3.492
1425426,0,0,-0.174,0,3.05,0.017,3.312,0.012,3.395,0.013,3.482,-0.015,3.469,0,0,2,-0.015,3.469
1425436,0,0,-0.174,0,2.95,0.003,3.192,-0.007,3.223,0.05,3.382,0.028,3.425,0,0,2,0.028,3.425
1425446,0,0,-0.174,0,2.87,-0.002,3.112,-0.006,3.158,0.074,3.302,0.056,3.393,0,0,2,0.056,3.393
1425456,0,0,-0.174,0,2.75,-0.035,3.012,-0.029,3.083,0.014,3.182,0.037,3.28,0,0,2,0.037,3.28
1425466,0,0,-0.174,0,2.67,-0.006,2.922,-0.005,2.972,-0.066,3.102,-0.021,3.198,0,0,2,-0.021,3.198
1425476,0,0,-0.174,0,2.57,0,2.822,0.001,2.887,-0.125,3.002,-0.088,3.116,0,0,2,-0.088,3.116
1425486,0,0,-0.174,0,2.45,0,2.702,-0.004,2.763,-0.131,2.882,-0.124,3.056,0,0,2,-0.124,3.056
1425496,0,0,-0.174,0,2.35,0,2.612,-0.004,2.655,-0.054,2.782,-0.087,2.965,0,0,2,-0.087,2.965
1425506,0,0,-0.174,0,2.27,0,2.522,-0.005,2.581,0.026,2.702,-0.021,2.905,0,0,2,-0.021,2.905
1425516,0,0,-0.174,0,2.17,0,2.422,0.009,2.483,0.035,2.602,0.031,2.807,0,0,2,0.031,2.807
1425526,0,0,-0.174,0,2.05,0,2.302,-0.011,2.383,-0.032,2.482,-0.01,2.675,0,0,2,-0.01,2.675
1425536,0,0,-0.174,0,1.97,0,2.222,-0.003,2.264,-0.043,2.402,-0.034,2.591,0,0,2,-0.034,2.591
1425546,0,0,-0.174,0,1.85,0,2.112,0.002,2.181,-0.059,2.282,-0.045,2.454,0,0,2,-0.045,2.454
1425556,0,0,-0.174,0,1.77,0,2.022,-0.008,2.08,-0.095,2.202,-0.068,2.401,0,0,2,-0.068,2.401
1425566,0,0,-0.174,0,1.65,0.011,1.902,0.016,1.964,-0.178,2.082,-0.137,2.276,0,0,2,-0.137,2.276
1425576,0,0,-0.174,0,1.57,0.009,1.822,0.017,1.914,-0.216,2.002,-0.182,2.192,0,0,2,-0.182,2.192
1425586,0,0,-0.174,0,1.47,0,1.712,0.008,1.795,-0.221,1.902,-0.207,2.082,0,0,2,-0.207,2.082
1425596,0,0,-0.174,0,1.35,0,1.602,-0.002,1.679,-0.138,1.782,-0.165,1.968,0,0,2,-0.165,1.968
1425606,0,0,-0.174,0,1.25,0,1.492,-0.025,1.561,-0.038,1.682,-0.083,1.859,0,0,2,-0.083,1.859
1425616,0,0,-0.174,0,1.17,0,1.412,-0.026,1.469,0.042,1.602,-0.009,1.767,0,0,2,-0.009,1.767
1425626,0,0,-0.174,0,1.07,-0.014,1.322,-0.014,1.374,0.142,1.502,0.086,1.7,0,0,2,0.086,1.7
1425636,0,0,-0.174,0,0.97,-0.002,1.212,0.002,1.293,0.122,1.402,0.129,1.596,0,0,2,0.129,1.596
1425646,0,0,-0.174,0,0.85,0.002,1.112,0.022,1.171,0.002,1.282,0.047,1.463,0,0,2,0.047,1.463
1425656,0,0,-0.174,0,0.75,0,1.002,0.003,1.078,-0.017,1.182,-0.004,1.373,0,0,2,-0.004,1.373
1425666,0,0,-0.174,0,0.65,0,0.892,0.003,0.979,-0.012,1.082,-0.011,1.315,0,0,2,-0.011,1.315
1425676,0,0,-0.174,0,0.55,0,0.812,-0.009,0.852,0.042,0.982,0.019,1.225,0,0,2,0.019,1.225
1425686,0,0,-0.174,0,0.45,0,0.692,-0.013,0.74,0.123,0.882,0.078,1.084,0,0,2,0.078,1.084
1425696,0,0,-0.174,0,0.37,0,0.612,-0.014,0.666,0.188,0.802,0.143,1.033,0,0,2,0.143,1.033
1425706,0,0,-0.174,0,0.25,0.016,0.502,0.006,0.581,0.101,0.682,0.131,0.936,0,0,2,0.131,0.936
1425716,0,0,-0.174,0,0.15,0.009,0.392,0.017,0.431,0.001,0.582,0.041,0.569,0,0,2,0.041,0.569
1425726,0,0,-0.174,0,0.05,0.009,0.312,0.026,0.392,-0.099,0.482,-0.046,0.538,0,0,2,-0.046,0.538
1425736,0,0,-0.174,0,0.002,0.089,0.392,0.046,0.396,-0.13,0.402,-0.103,0.497,0,0,2,-0.103,0.497
1425746,0,0,-0.174,0,0,0.189,0.492,0.168,0.493,-0.144,0.282,-0.123,0.467,0,0,2,-0.123,0.467
1425756,0,0,-0.174,0,0,0.262,0.612,0.258,0.599,-0.176,0.182,-0.145,0.461,0,0,2,-0.145,0.461
1425766,0,0,-0.174,0,0,0.341,0.665,0.307,0.69,-0.262,0.082,-0.207,0.444,0,0,2,-0.207,0.444
1425776,0,0,-0.174,0,0,0.311,0.607,0.301,0.656,-0.342,0.002,-0.276,0.432,0,0,2,-0.276,0.432
1425786,0,0,-0.174,0,0,0.201,0.497,0.207,0.545,-0.462,-0.118,-0.378,0.424,0,0,2,-0.378,0.424
1425796,0,0,-0.174,0,0,0.091,0.387,0.124,0.45,-0.562,-0.218,-0.495,0.357,0,0,2,-0.495,0.357
1425806,0,0,-0.174,0,0,0.118,0.287,0.113,0.338,-0.662,-0.318,-0.591,0.283,0,0,2,-0.591,0.283
1425816,0,0,-0.174,0,0,0.208,0.233,0.208,0.281,-0.762,-0.418,-0.682,0.213,0,0,2,-0.682,0.213
1425826,0,0,-0.174,0,0,0.286,0.198,0.275,0.231,-0.68,-0.518,-0.67,0.146,0,0,2,-0.67,0.146
1425836,0,0,-0.174,0,0,0.293,0.188,0.295,0.225,-0.601,-0.597,-0.561,0.134,0,0,2,-0.561,0.134
1425846,0,0,-0.174,0,0,0.273,0.141,0.274,0.172,-0.5,-0.698,-0.489,0.088,0,0,2,-0.489,0.088
1425856,0,0,-0.174,0,0,0.232,0.075,0.264,0.147,-0.38,-0.701,-0.396,0.026,0,0,2,-0.396,0.026
1425866,0,0,-0.174,0,0,0.132,0.006,0.159,0.025,-0.28,-0.601,-0.302,-0.026,0,0,2,-0.302,-0.026
1425876,0,0,-0.174,0,0,0.042,0.001,0.07,0.014,-0.18,-0.501,-0.208,-0.052,0,0,2,-0.208,-0.052
1425886,0,0,-0.174,0,0,0,0,0.003,0.018,-0.08,-0.401,-0.125,-0.077,0,0,2,-0.125,-0.077
1425896,0,0,-0.174,0,0,0.1,-0.052,0.071,0,0.02,-0.301,-0.029,-0.079,0,0,2,-0.029,-0.079
1425906,0,-2,-0.174,0,0,0.21,-0.102,0.185,-0.082,0.12,-0.274,0.071,-0.09,0,0,2,0.071,-0.09
1425916,0,-2,-0.174,0,0,0.157,-0.053,0.153,-0.038,0.219,-0.276,0.167,-0.091,0,0,2,0.167,-0.091
1425926,0,-2,-0.174,0,0,0.213,-0.153,0.21,-0.115,0.251,-0.285,0.226,-0.088,0,0,2,0.226,-0.088
1425936,0,-2,-0.174,0,-0.05,0.126,-0.08,0.163,-0.1,0.234,-0.296,0.23,-0.106,0,0,2,0.23,-0.106
1425946,0,-2,-0.174,0,-0.15,0.129,-0.112,0.147,-0.099,0.216,-0.358,0.219,-0.103,0,0,2,0.219,-0.103
1425956,0,-2,-0.174,0,-0.25,0.121,-0.122,0.118,-0.09,0.181,-0.447,0.192,-0.099,0,0,2,0.192,-0.099
1425966,0,-2,-0.174,0,-0.35,0.157,-0.222,0.154,-0.179,0.116,-0.547,0.148,-0.112,0,0,2,0.148,-0.112
1425976,0,-2,-0.174,0,-0.43,0.193,-0.298,0.169,-0.249,0.041,-0.627,0.09,-0.143,0,0,2,0.09,-0.143
1425986,0,-2,-0.174,0,-0.55,0.162,-0.295,0.188,-0.297,-0.079,-0.747,-0.012,-0.212,0,0,2,-0.012,-0.212
1425996,0,-2,-0.174,0,-0.65,0.095,-0.185,0.096,-0.208,-0.179,-0.847,-0.113,-0.233,0,0,2,-0.113,-0.233
1426006,0,-2,-0.174,0,-0.75,0.053,-0.085,0.056,-0.086,-0.279,-0.947,-0.217,-0.23,0,0,2,-0.217,-0.23
1426016,0,-2,-0.174,0,-0.85,0.143,-0.175,0.098,-0.123,-0.379,-1.047,-0.311,-0.211,0,0,2,-0.311,-0.211
1426026,0,-2,-0.174,0,-0.95,0.253,-0.285,0.211,-0.234,-0.479,-1.147,-0.392,-0.212,0,0,2,-0.392,-0.212
1426036,0,-2,-0.174,0,-1.05,0.278,-0.385,0.27,-0.342,-0.517,-1.247,-0.472,-0.243,0,0,2,-0.472,-0.243
1426046,0,-2,-0.174,0,-1.15,0.31,-0.485,0.292,-0.438,-0.417,-1.347,-0.423,-0.297,0,0,2,-0.423,-0.297
1426056,0,-2,-0.174,0,-1.23,0.27,-0.485,0.286,-0.477,-0.367,-1.427,-0.375,-0.336,0,0,2,-0.375,-0.336
1426066,0,-2,-0.174,0,-1.35,0.16,-0.375,0.188,-0.386,-0.315,-1.547,-0.212,-0.403,0,0,2,-0.212,-0.403
1426076,0,-2,-0.174,0,-1.45,0.05,-0.265,0.089,-0.271,-0.232,-1.647,-0.225,-0.402,0,0,2,-0.225,-0.402
1426086,0,-2,-0.174,0,-1.55,0.003,-0.165,0.018,-0.202,-0.132,-1.747,-0.167,-0.391,0,0,2,-0.167,-0.391
1426096,0,-2,-0.174,0,-1.63,0.041,-0.145,0.042,-0.136,-0.053,-1.827,-0.089,-0.299,0,0,2,-0.089,-0.299
1426106,0,-2,-0.174,0,-1.75,0.017,-0.14,0.026,-0.162,0.015,-1.947,-0.002,-0.303,0,0,2,-0.002,-0.303
1426116,0,-2,-0.174,0,-1.85,0.061,-0.12,0.03,-0.067,0.061,-2.047,0.031,-0.281,0,0,2,0.031,-0.281
1426126,0,-2,-0.174,0,-1.95,0.021,-0.15,0.042,-0.143,0.161,-2.147,0.11,-0.287,0,0,2,0.11,-0.287
1426136,0,-2,-0.174,0,-2,0.058,-0.24,0.043,-0.207,0.261,-2.247,0.205,-0.402,0,0,2,0.205,-0.402
1426146,0,-2,-0.174,0,-2,0.021,-0.3,0.058,-0.283,0.361,-2.347,0.299,-0.616,0,0,2,0.299,-0.616
1426156,0,-2,-0.174,0,-2,0.024,-0.19,0.04,-0.215,0.443,-2.447,0.388,-0.74,0,0,2,0.388,-0.74
1426166,0,-2,-0.174,0,-2,0.04,-0.17,0.032,-0.163,0.369,-2.547,0.369,-0.745,0,0,2,0.369,-0.745
1426176,0,-2,-0.174,0,-2,0.12,-0.25,0.115,-0.204,0.338,-2.627,0.343,-0.831,0,0,2,0.343,-0.831
1426186,0,-2,-0.174,0,-2,0.2,-0.35,0.185,-0.322,0.321,-2.747,0.328,-0.989,0,0,2,0.328,-0.989
1426196,0,-2,-0.174,0,-2,0.08,-0.33,0.121,-0.337,0.231,-2.847,0.268,-1.052,0,0,2,0.268,-1.052
1426206,0,-2,-0.174,0,-2,0.003,-0.23,0.022,-0.266,0.131,-2.947,0.177,-1.086,0,0,2,0.177,-1.086
1426216,0,-2,-0.174,0,-2,0.006,-0.14,0.042,-0.151,0.031,-3.047,0.081,-1.136,0,0,2,0.081,-1.136
1426226,0,-2,-0.174,0,-2,0.106,-0.22,0.076,-0.189,-0.069,-3.147,-0.014,-1.327,0,0,2,-0.014,-1.327
1426236,0,-2,-0.174,0,-2,0.01,-0.196,0.009,-0.232,-0.169,-3.247,-0.097,-0.982,0,0,2,-0.097,-0.982
1426246,0,-2,-0.174,0,-2,-0.003,-0.096,-0.005,-0.133,-0.197,-3.267,-0.174,-1.072,0,0,2,-0.174,-1.072
1426256,0,-2,-0.174,0,-2,0.008,-0.006,0.019,-0.017,-0.163,-3.167,-0.169,-1.142,0,0,2,-0.169,-1.142
1426266,0,-2,-0.174,0,-2,0.004,0,0.015,0.011,-0.156,-3.067,-0.155,-1.23,0,0,2,-0.155,-1.23
1426276,0,-2,-0.174,0,-2,0,0,0,0.015,-0.106,-2.997,-0.126,-1.197,0,0,2,-0.126,-1.197
1426286,0,-2,-0.174,0,-2,0.021,-0.05,0.011,0.014,-0.084,-3.062,-0.089,-1.225,0,0,2,-0.089,-1.225
1426296,0,-2,-0.174,0,-2,0.015,-0.103,0.021,-0.108,-0.176,-3.072,-0.128,-1.13,0,0,2,-0.128,-1.13
1426306,0,-2,-0.174,0,-2,0.026,-0.083,0.031,-0.049,-0.202,-3.033,-0.164,-0.784,0,0,2,-0.164,-0.784
1426316,0,-2,-0.174,0,-2,0.02,-0.193,0.025,-0.15,-0.131,-2.953,-0.15,-0.873,0,0,2,-0.15,-0.873
1426326,0,-2,-0.174,0,-2,0.003,-0.134,-0.002,-0.135,-0.034,-2.98,-0.076,-0.933,0,0,2,-0.076,-0.933
1426336,0,-2,-0.174,0,-2,0.016,-0.108,0.006,-0.1,0.01,-3.074,-0.011,-0.961,0,0,2,-0.011,-0.961
1426346,0,-2,-0.174,0,-2,0.003,-0.027,0.004,-0.053,-0.061,-3.174,-0.029,-0.788,0,0,2,-0.029,-0.788
1426356,0,-2,-0.174,0,-2,0.032,-0.123,0.022,-0.081,-0.161,-3.274,-0.106,-0.814,0,0,2,-0.106,-0.814
1426366,0,-2,-0.174,0,-2,0.062,-0.223,0.047,-0.167,-0.251,-3.374,-0.186,-0.729,0,0,2,-0.186,-0.729
1426376,0,-2,-0.174,0,-2,0.069,-0.313,0.051,-0.275,-0.176,-3.295,-0.181,-0.715,0,0,2,-0.181,-0.715
1426386,0,-2,-0.174,0,-2,0.012,-0.353,0.009,-0.333,-0.075,-3.195,-0.111,-0.828,0,0,2,-0.111,-0.828
1426396,0,-2,-0.174,0,-2,0.001,-0.243,-0.012,-0.252,0.025,-3.122,-0.024,-0.861,0,0,2,-0.024,-0.861
1426406,0,-2,-0.174,0,-2,0,-0.143,-0.015,-0.17,0.124,-3.205,0.066,-0.761,0,0,2,0.066,-0.761
1426416,0,-2,-0.174,0,-2,0.011,-0.106,-0.018,-0.099,0.224,-3.305,0.164,-0.89,0,0,2,0.164,-0.89
1426426,0,-2,-0.174,0,-2,0.092,-0.186,0.076,-0.146,0.16,-3.405,0.178,-1.032,0,0,2,0.178,-1.032
1426436,0,-2,-0.174,0,-2,0.024,-0.237,0.064,-0.233,0.06,-3.32,0.105,-1.172,0,0,2,0.105,-1.172
1426446,0,-2,-0.174,0,-2,0.003,-0.137,0.033,-0.164,0.015,-3.266,0.034,-1.187,0,0,2,0.034,-1.187
1426456,0,-2,-0.174,0,-2,0,-0.047,0.003,-0.073,0.069,-3.268,0.047,-1.199,0,0,2,0.047,-1.199
1426466,0,-2,-0.174,0,-2,0.008,-0.067,-0.011,-0.023,0.085,-3.326,0.077,-1.261,0,0,2,0.077,-1.261
1426476,0,-2,-0.174,0,-2,-0.006,-0.019,-0.018,-0.03,0.019,-3.379,0.045,-1.086,0,0,2,0.045,-1.086
1426486,0,-2,-0.174,0,-2,0.086,-0.119,0.058,-0.076,-0.046,-3.353,-0.014,-1.126,0,0,2,-0.014,-1.126
1426496,0,-2,-0.174,0,-2,0.176,-0.209,0.154,-0.163,-0.012,-3.326,-0.021,-1.136,0,0,2,-0.021,-1.136
1426506,0,-4,-0.174,0,-2,0.254,-0.309,0.226,-0.271,0.08,-3.302,0.046,-1.134,0,0,2,0.046,-1.134
1426516,0,-4,-0.174,0,-2,0.26,-0.419,0.272,-0.373,0.119,-3.311,0.111,-1.062,0,0,2,0.111,-1.062
1426526,0,-4,-0.174,0,-2,0.16,-0.479,0.201,-0.466,0.074,-3.394,0.104,-1.07,0,0,2,0.104,-1.07
1426536,0,-4,-0.174,0,-2.05,0.07,-0.389,0.096,-0.42,0.021,-3.478,0.054,-0.991,0,0,2,0.054,-0.991
1426546,0,-4,-0.174,0,-2.15,0.001,-0.289,0.029,-0.306,-0.033,-3.559,-0.003,-0.867,0,0,2,-0.003,-0.867
1426556,0,-4,-0.174,0,-2.25,0,-0.179,0.018,-0.198,-0.035,-3.659,-0.027,-0.649,0,0,2,-0.027,-0.649
1426566,0,-4,-0.174,0,-2.35,0,-0.079,-0.005,-0.107,-0.034,-3.759,-0.03,-0.498,0,0,2,-0.03,-0.498
1426576,0,-4,-0.174,0,-2.45,0.007,-0.013,0.004,-0.024,-0.042,-3.859,-0.034,-0.325,0,0,2,-0.034,-0.325
1426586,0,-4,-0.174,0,-2.55,0.076,-0.076,0.047,-0.028,-0.057,-3.959,-0.045,-0.27,0,0,2,-0.045,-0.27
1426596,0,-4,-0.174,0,-2.65,0.186,-0.186,0.157,-0.134,-0.051,-4.059,-0.044,-0.246,0,0,2,-0.044,-0.246
1426606,0,-4,-0.174,0,-2.75,0.286,-0.286,0.264,-0.232,-0.021,-4.159,-0.018,-0.253,0,0,2,-0.018,-0.253
1426616,0,-4,-0.174,0,-2.85,0.329,-0.376,0.325,-0.328,0.052,-4.259,0.044,-0.288,0,0,2,0.044,-0.288
1426626,0,-4,-0.174,0,-2.95,0.378,-0.476,0.36,-0.441,0.097,-4.359,0.091,-0.361,0,0,2,0.091,-0.361
1426636,0,-4,-0.174,0,-3.05,0.381,-0.586,0.372,-0.529,0.091,-4.459,0.109,-0.45,0,0,2,0.109,-0.45
1426646,0,-4,-0.174,0,-3.15,0.426,-0.686,0.416,-0.651,0.019,-4.559,0.067,-0.544,0,0,2,0.067,-0.544
1426656,0,-4,-0.174,0,-3.25,0.428,-0.776,0.439,-0.736,-0.033,-4.659,0.034,-0.663,0,0,2,0.034,-0.663
1426666,0,-4,-0.174,0,-3.35,0.368,-0.876,0.379,-0.829,-0.062,-4.759,-0.014,-0.752,0,0,2,-0.014,-0.752
1426676,0,-4,-0.174,0,-3.45,0.258,-0.786,0.276,-0.815,-0.033,-4.819,-0.02,-0.837,0,0,2,-0.02,-0.837
1426686,0,-4,-0.174,0,-3.55,0.168,-0.696,0.183,-0.713,0.026,-4.76,0.014,-0.872,0,0,2,0.014,-0.872
1426696,0,-4,-0.174,0,-3.65,0.248,-0.776,0.219,-0.744,0.036,-4.769,0.039,-0.882,0,0,2,0.039,-0.882
1426706,0,-4,-0.174,0,-3.75,0.348,-0.876,0.309,-0.832,-0.002,-4.856,0.035,-0.882,0,0,2,0.035,-0.882
1426716,0,-4,-0.174,0,-3.85,0.334,-0.946,0.339,-0.941,-0.026,-4.919,0.005,-0.94,0,0,2,0.005,-0.94
1426726,0,-4,-0.174,0,-3.95,0.315,-0.986,0.297,-0.962,-0.013,-4.852,0.031,-0.963,0,0,2,0.031,-0.963
1426736,0,-4,-0.174,0,-4,0.405,-1.076,0.378,-1.036,0.038,-4.787,0.048,-1.148,0,0,2,0.048,-1.148
1426746,0,-4,-0.174,0,-4,0.496,-1.176,0.461,-1.134,0.046,-4.708,0.061,-1.493,0,0,2,0.061,-1.493
1426756,0,-4,-0.174,0,-4,0.475,-1.276,0.499,-1.235,0.056,-4.609,0.073,-1.791,0,0,2,0.073,-1.791
1426766,0,-4,-0.174,0,-4,0.487,-1.386,0.499,-1.339,0.037,-4.509,0.065,-2.039,0,0,2,0.065,-2.039
1426776,0,-4,-0.174,0,-4,0.45,-1.476,0.47,-1.428,0.015,-4.451,0.058,-2.114,0,0,2,0.058,-2.114
1426786,0,-4,-0.174,0,-4,0.498,-1.576,0.468,-1.532,-0.001,-4.508,0.036,-2.244,0,0,2,0.036,-2.244
1426796,0,-4,-0.174,0,-4,0.424,-1.676,0.441,-1.643,-0.048,-4.608,0.004,-2.393,0,0,2,0.004,-2.393
1426806,0,-4,-0.174,0,-4,0.348,-1.776,0.354,-1.72,-0.101,-4.708,-0.054,-2.573,0,0,2,-0.054,-2.573
1426816,0,-4,-0.174,0,-4,0.335,-1.876,0.336,-1.829,-0.128,-4.808,-0.081,-2.595,0,0,2,-0.081,-2.595
1426826,0,-4,-0.174,0,-4,0.278,-1.976,0.29,-1.937,-0.16,-4.908,-0.09,-2.498,0,0,2,-0.09,-2.498
1426836,0,-4,-0.174,0,-4,0.267,-2.076,0.274,-2.036,-0.162,-5,-0.109,-2.541,0,0,2,-0.109,-2.541
1426846,0,-4,-0.174,0,-4,0.195,-2.186,0.217,-2.153,-0.15,-5,-0.123,-2.727,0,0,2,-0.123,-2.727
1426856,0,-4,-0.174,0,-4,0.175,-2.276,0.169,-2.235,-0.143,-5,-0.122,-2.905,0,0,2,-0.122,-2.905
1426866,0,-4,-0.174,0,-4,0.165,-2.376,0.148,-2.325,-0.178,-5,-0.145,-3.079,0,0,2,-0.145,-3.079
1426876,0,-4,-0.174,0,-4,0.141,-2.476,0.158,-2.441,-0.153,-5,-0.147,-3.247,0,0,2,-0.147,-3.247
1426886,0,-4,-0.174,0,-4,0.086,-2.576,0.1,-2.535,-0.128,-5,-0.115,-3.22,0,0,2,-0.115,-3.22
1426896,0,-4,-0.174,0,-4,0.075,-2.676,0.081,-2.637,-0.112,-5,-0.111,-3.405,0,0,2,-0.111,-3.405
1426906,0,-4,-0.174,0,-4,0.092,-2.676,0.082,-2.664,-0.12,-5,-0.08,-3.191,0,0,2,-0.08,-3.191
1426916,0,-4,-0.174,0,-4,0.032,-2.756,0.055,-2.736,-0.136,-5,-0.113,-3.347,0,0,2,-0.113,-3.347
1426926,0,-4,-0.174,0,-4,0.003,-2.776,0.005,-2.772,-0.145,-5,-0.131,-3.502,0,0,2,-0.131,-3.502
1426936,0,-4,-0.174,0,-4,0.043,-2.776,0.009,-2.751,-0.116,-5,-0.123,-3.661,0,0,2,-0.123,-3.661
1426946,0,-4,-0.174,0,-4,0.113,-2.756,0.073,-2.766,-0.06,-5,-0.075,-3.623,0,0,2,-0.075,-3.623
1426956,0,-4,-0.174,0,-4,0.143,-2.746,0.119,-2.738,0.006,-5,-0.019,-3.674,0,0,2,-0.019,-3.674
1426966,0,-4,-0.174,0,-4,0.106,-2.786,0.1,-2.765,0.047,-5,0.03,-3.746,0,0,2,0.03,-3.746
1426976,0,-4,-0.174,0,-4,0.138,-2.774,0.127,-2.782,0.087,-5,0.068,-3.766,0,0,2,0.068,-3.766
1426986,0,-4,-0.174,0,-4,0.206,-2.814,0.191,-2.798,0.136,-5,0.114,-3.761,0,0,2,0.114,-3.761
1426996,0,-4,-0.174,0,-4,0.248,-2.894,0.227,-2.846,0.179,-5,0.162,-3.783,0,0,2,0.162,-3.783
1427006,0,-4,-0.174,0,-4,0.296,-2.888,0.26,-2.881,0.137,-5,0.158,-3.812,0,0,2,0.158,-3.812
1427016,0,-4,-0.174,0,-4,0.295,-2.954,0.301,-2.939,0.05,-5,0.098,-3.978,0,0,2,0.098,-3.978
1427026,0,-4,-0.174,0,-4,0.349,-2.963,0.342,-2.971,-0.009,-5,0.046,-3.875,0,0,2,0.046,-3.875
1427036,0,-4,-0.174,0,-4,0.414,-2.883,0.388,-2.904,0.025,-5,0.058,-3.554,0,0,2,0.058,-3.554
1427046,0,-4,-0.174,0,-4,0.463,-2.928,0.461,-2.926,0.068,-4.992,0.078,-3.624,0,0,2,0.078,-3.624
1427056,0,-4,-0.174,0,-4,0.452,-2.974,0.448,-2.973,0.057,-5,0.086,-3.724,0,0,2,0.086,-3.724
1427066,0,-4,-0.174,0,-4,0.516,-3.054,0.505,-3.017,-0.006,-5,0.048,-3.793,0,0,2,0.048,-3.793
1427076,0,-4,-0.174,0,-4,0.496,-3.014,0.503,-3.035,-0.03,-5,0.008,-3.9,0,0,2,0.008,-3.9
1427086,0,-4,-0.174,0,-4,0.523,-2.994,0.515,-2.985,0.013,-5,0.047,-3.757,0,0,2,0.047,-3.757
1427096,0,-4,-0.174,0,-4,0.545,-3.045,0.546,-3.023,0.09,-5,0.293,-3.223,0,0,2,0.293,-3.223
1427106,0,-4,-0.174,0,-4,0.542,-2.998,0.542,-3.019,0.08,-5,0.166,-3.343,0,0,2,0.166,-3.343
1427116,0,-4,-0.174,0,-4,0.529,-3.002,0.524,-2.997,-0.008,-5,0.074,-3.51,0,0,2,0.074,-3.51
1427126,0,-4,-0.174,0,-4,0.479,-2.982,0.499,-2.977,-0.108,-5,-0.012,-3.608,0,0,2,-0.012,-3.608
1427136,0,-4,-0.174,0,-4,0.475,-3.056,0.487,-3.05,-0.157,-5,-0.075,-3.551,0,0,2,-0.075,-3.551
1427146,0,-4,-0.174,0,-4,0.496,-3.056,0.483,-3.035,-0.099,-5,-0.064,-3.592,0,0,2,-0.064,-3.592
1427156,0,-4,-0.174,0,-4,0.48,-3.096,0.471,-3.089,0.001,-5,-0.011,-3.702,0,0,2,-0.011,-3.702
1427166,0,-4,-0.174,0,-4,0.462,-3.176,0.456,-3.148,0.072,-5,0.063,-3.825,0,0,2,0.063,-3.825
1427176,0,-6,-0.174,0,-4,0.416,-3.1,0.431,-3.118,0.017,-5,0.061,-3.918,0,0,2,0.061,-3.918
1427186,0,-6,-0.174,0,-4,0.383,-3.093,0.398,-3.093,-0.083,-5,0.005,-3.821,0,0,2,0.005,-3.821
1427196,0,-6,-0.174,0,-4,0.378,-3.153,0.402,-3.151,-0.152,-5,-0.091,-3.902,0,0,2,-0.091,-3.902
1427206,0,-6,-0.174,0,-4.05,0.38,-3.233,0.383,-3.212,-0.091,-5,-0.097,-3.872,0,0,2,-0.097,-3.872
1427216,0,-6,-0.174,0,-4.15,0.358,-3.305,0.356,-3.273,-0.003,-5,-0.032,-3.814,0,0,2,-0.032,-3.814
1427226,0,-6,-0.174,0,-4.25,0.352,-3.312,0.324,-3.279,0.027,-5,0.026,-3.693,0,0,2,0.026,-3.693
1427236,0,-6,-0.174,0,-4.35,0.337,-3.275,0.339,-3.299,0.042,-5,0.043,-3.662,0,0,2,0.043,-3.662
1427246,0,-6,-0.174,0,-4.45,0.331,-3.375,0.345,-3.344,0.034,-5,0.068,-3.535,0,0,2,0.068,-3.535
1427256,0,-6,-0.174,0,-4.55,0.322,-3.393,0.319,-3.378,0.03,-5,0.076,-3.474,0,0,2,0.076,-3.474
1427266,0,-6,-0.174,0,-4.65,0.343,-3.359,0.332,-3.35,0.006,-5,0.039,-3.493,0,0,2,0.039,-3.493
1427276,0,-6,-0.174,0,-4.75,0.384,-3.355,0.365,-3.376,-0.025,-5,0.008,-3.509,0,0,2,0.008,-3.509
1427286,0,-6,-0.174,0,-4.85,0.352,-3.323,0.337,-3.32,-0.038,-5,-0.016,-3.52,0,0,2,-0.016,-3.52
1427296,0,-6,-0.174,0,-4.95,0.385,-3.346,0.38,-3.316,-0.043,-5,-0.026,-3.528,0,0,2,-0.026,-3.528
1427306,0,-6,-0.174,0,-5.05,0.392,-3.358,0.424,-3.353,-0.051,-5,-0.014,-3.505,0,0,2,-0.014,-3.505
1427316,0,-6,-0.174,0,-5.15,0.414,-3.438,0.43,-3.413,-0.048,-5,-0.021,-3.496,0,0,2,-0.021,-3.496
1427326,0,-6,-0.174,0,-5.25,0.475,-3.418,0.459,-3.424,-0.041,-5,-0.019,-3.527,0,0,2,-0.019,-3.527
1427336,0,-6,-0.174,0,-5.35,0.518,-3.397,0.477,-3.389,-0.032,-5,-0.016,-3.551,0,0,2,-0.016,-3.551
1427346,0,-6,-0.174,0,-5.45,0.573,-3.39,0.544,-3.398,-0.065,-5,-0.032,-3.573,0,0,2,-0.032,-3.573
1427356,0,-6,-0.174,0,-5.55,0.607,-3.329,0.607,-3.346,-0.088,-5,-0.062,-3.603,0,0,2,-0.062,-3.603
1427366,0,-6,-0.174,0,-5.65,0.681,-3.289,0.666,-3.294,-0.069,-5,-0.066,-3.63,0,0,2,-0.066,-3.63
1427376,0,-6,-0.174,0,-5.75,0.725,-3.389,0.713,-3.387,0.025,-5,0.009,-3.603,0,0,2,0.009,-3.603
1427386,0,-6,-0.174,0,-5.85,0.732,-3.449,0.727,-3.426,0.125,-5,0.096,-3.622,0,0,2,0.096,-3.622
1427396,0,-6,-0.174,0,-5.95,0.772,-3.448,0.776,-3.449,0.202,-5,0.187,-3.634,0,0,2,0.187,-3.634
1427406,0,-6,-0.174,0,-6,0.765,-3.348,0.765,-3.38,0.153,-5,0.19,-3.796,0,0,2,0.19,-3.796
1427416,0,-6,-0.174,0,-6,0.747,-3.362,0.764,-3.337,0.069,-5,0.142,-3.961,0,0,2,0.142,-3.961
1427426,0,-6,-0.174,0,-6,0.753,-3.433,0.775,-3.424,0.006,-5,0.068,-4.125,0,0,2,0.068,-4.125
1427436,0,-6,-0.174,0,-6,0.797,-3.415,0.797,-3.427,-0.036,-5,0.011,-4.253,0,0,2,0.011,-4.253
1427446,0,-6,-0.174,0,-6,0.74,-3.495,0.757,-3.461,-0.053,-5,-0.019,-4.369,0,0,2,-0.019,-4.369
1427456,0,-6,-0.174,0,-6,0.681,-3.533,0.719,-3.525,-0.064,-5,-0.002,-4.194,0,0,2,-0.002,-4.194
1427466,0,-6,-0.174,0,-6,0.581,-3.481,0.611,-3.492,-0.086,-5,0.006,-4.071,0,0,2,0.006,-4.071
1427476,0,-6,-0.174,0,-6,0.503,-3.538,0.545,-3.507,-0.097,-5,-0.049,-4.158,0,0,2,-0.049,-4.158
1427486,0,-6,-0.174,0,-6,0.443,-3.522,0.456,-3.543,-0.106,-5,-0.067,-4.23,0,0,2,-0.067,-4.23
1427496,0,-6,-0.174,0,-6,0.359,-3.6,0.37,-3.57,-0.103,-5,-0.02,-4.049,0,0,2,-0.02,-4.049
1427506,0,-6,-0.174,0,-6,0.269,-3.68,0.297,-3.635,-0.11,-5,-0.069,-4.135,0,0,2,-0.069,-4.135
1427516,0,-6,-0.174,0,-6,0.218,-3.74,0.232,-3.727,-0.113,-5,-0.079,-4.171,0,0,2,-0.079,-4.171
1427526,0,-6,-0.174,0,-6,0.179,-3.725,0.196,-3.706,-0.121,-5,-0.086,-4.189,0,0,2,-0.086,-4.189
1427536,0,-6,-0.174,0,-6,0.103,-3.764,0.128,-3.75,-0.111,-5,-0.096,-4.266,0,0,2,-0.096,-4.266
1427546,0,-6,-0.174,0,-6,0.061,-3.824,0.075,-3.803,-0.116,-5,-0.098,-4.324,0,0,2,-0.098,-4.324
1427556,0,-6,-0.174,0,-6,0.028,-3.818,0.041,-3.821,-0.139,-5,-0.098,-4.192,0,0,2,-0.098,-4.192
1427566,0,-6,-0.174,0,-6,-0.03,-3.737,-0.028,-3.771,-0.165,-5,-0.139,-4.265,0,0,2,-0.139,-4.265
1427576,0,-6,-0.174,0,-6,-0.113,-3.814,-0.08,-3.794,-0.174,-5,-0.164,-4.415,0,0,2,-0.164,-4.415
1427586,0,-6,-0.174,0,-6,-0.096,-3.854,-0.087,-3.805,-0.218,-5,-0.191,-4.474,0,0,2,-0.191,-4.474
1427596,0,-6,-0.174,0,-6,-0.01,-3.8,-0.048,-3.772,-0.247,-5,-0.23,-4.558,0,0,2,-0.23,-4.558
1427606,0,-6,-0.174,0,-6,-0.095,-3.833,-0.069,-3.79,-0.245,-5,-0.24,-4.66,0,0,2,-0.24,-4.66
1427616,0,-6,-0.174,0,-6,-0.153,-3.864,-0.158,-3.859,-0.238,-5,-0.24,-4.743,0,0,2,-0.24,-4.743
1427626,0,-6,-0.174,0,-6,-0.168,-3.857,-0.169,-3.881,-0.179,-5,-0.208,-4.681,0,0,2,-0.208,-4.681
1427636,0,-6,-0.174,0,-6,-0.195,-3.89,-0.198,-3.886,-0.078,-5,-0.128,-4.755,0,0,2,-0.128,-4.755
1427646,0,-6,-0.174,0,-6,-0.133,-3.89,-0.141,-3.848,-0.09,-5,-0.089,-4.643,0,0,2,-0.089,-4.643
1427656,0,-6,-0.174,0,-6,-0.16,-3.825,-0.161,-3.851,-0.159,-5,-0.132,-4.676,0,0,2,-0.132,-4.676
1427666,0,-6,-0.174,0,-6,-0.142,-3.848,-0.155,-3.841,-0.204,-5,-0.179,-4.543,0,0,2,-0.179,-4.543
1427676,0,-6,-0.174,0,-6,-0.212,-3.848,-0.194,-3.832,-0.228,-5,-0.213,-4.565,0,0,2,-0.213,-4.565
1427686,0,-6,-0.174,0,-6,-0.218,-3.908,-0.217,-3.883,-0.236,-5,-0.23,-4.471,0,0,2,-0.23,-4.471
1427696,0,-6,-0.174,0,-6,-0.184,-3.948,-0.195,-3.924,-0.193,-5,-0.212,-4.517,0,0,2,-0.212,-4.517
1427706,0,-6,-0.174,0,-6,-0.157,-4.005,-0.16,-3.969,-0.165,-5,-0.176,-4.394,0,0,2,-0.176,-4.394
1427716,0,-6,-0.174,0,-6,-0.162,-3.928,-0.174,-3.955,-0.15,-5,-0.159,-4.398,0,0,2,-0.159,-4.398
1427726,0,-6,-0.174,0,-6,-0.116,-3.909,-0.14,-3.916,-0.163,-5,-0.158,-4.415,0,0,2,-0.158,-4.415
1427736,0,-6,-0.174,0,-6,-0.104,-3.89,-0.106,-3.908,-0.143,-5,-0.152,-4.468,0,0,2,-0.152,-4.468
1427746,0,-6,-0.174,0,-6,-0.06,-3.944,-0.085,-3.922,-0.096,-5,-0.118,-4.501,0,0,2,-0.118,-4.501
1427756,0,-6,-0.174,0,-6,0.002,-4.027,-0.024,-3.989,-0.024,-5,-0.057,-4.493,0,0,2,-0.057,-4.493
1427766,0,-6,-0.174,0,-6,0.02,-3.971,-0.01,-3.974,-0.005,-5,-0.014,-4.228,0,0,2,-0.014,-4.228
1427776,0,-6,-0.174,0,-6,0.073,-4.051,0.04,-4.015,-0.028,-5,-0.016,-4.291,0,0,2,-0.016,-4.291
1427786,0,-6,-0.174,0,-6,0.11,-4.063,0.098,-4.064,-0.069,-5,-0.041,-4.368,0,0,2,-0.041,-4.368
1427796,0,-6,-0.174,0,-6,0.149,-4.081,0.137,-4.072,-0.045,-5,-0.048,-4.486,0,0,2,-0.048,-4.486
1427806,0,-6,-0.174,0,-6,0.183,-4.06,0.165,-4.05,0.02,-5,-0.002,-4.503,0,0,2,-0.002,-4.503
1427816,0,-6,-0.174,0,-6,0.255,-4.063,0.221,-4.048,0.109,-5,0.072,-4.557,0,0,2,0.072,-4.557
1427826,0,-6,-0.174,0,-6,0.314,-4.028,0.307,-4.051,0.144,-5,0.13,-4.59,0,0,2,0.13,-4.59
1427836,0,-6,-0.174,0,-6,0.327,-4.012,0.327,-4.019,0.164,-5,0.16,-4.562,0,0,2,0.16,-4.562
1427846,0,-6,-0.174,0,-6,0.424,-4.032,0.385,-4.01,0.185,-5,0.179,-4.615,0,0,2,0.179,-4.615
1427856,0,-6,-0.174,0,-6,0.43,-4.055,0.415,-4.052,0.223,-5,0.217,-4.604,0,0,2,0.217,-4.604
1427866,0,-6,-0.174,0,-6,0.402,-4.115,0.404,-4.072,0.207,-5,0.222,-4.643,0,0,2,0.222,-4.643
1427876,0,-6,-0.174,0,-6,0.47,-4.069,0.465,-4.071,0.163,-5,0.191,-4.689,0,0,2,0.191,-4.689
1427886,0,-6,-0.174,0,-6,0.543,-4.035,0.527,-4.073,0.126,-5,0.198,-4.461,0,0,2,0.198,-4.461
1427896,0,0,-0.174,0,-6,0.616,-3.975,0.59,-4.002,0.104,-5,0.144,-4.517,0,0,2,0.144,-4.517
1427906,0,0,-0.174,0,-6,0.64,-4.029,0.628,-4,0.058,-5,0.127,-4.467,0,0,2,0.127,-4.467
1427916,0,0,-0.174,0,-6,0.589,-3.998,0.598,-4.019,0.001,-5,0.061,-4.522,0,0,2,0.061,-4.522
1427926,0,0,-0.174,0,-5.95,0.619,-3.978,0.629,-3.984,-0.028,-5,0.024,-4.444,0,0,2,0.024,-4.444
1427936,0,0,-0.174,0,-5.85,0.546,-4.078,0.564,-4.05,0.009,-5,0.06,-4.261,0,0,2,0.06,-4.261
1427946,0,0,-0.174,0,-5.75,0.573,-3.993,0.579,-4.022,0.052,-5,0.07,-4.224,0,0,2,0.07,-4.224
1427956,0,0,-0.174,0,-5.65,0.568,-3.963,0.571,-3.971,0.076,-5,0.095,-4.182,0,0,2,0.095,-4.182
1427966,0,0,-0.174,0,-5.55,0.476,-4.019,0.503,-4.018,0.055,-5,0.086,-4.164,0,0,2,0.086,-4.164
1427976,0,0,-0.174,0,-5.45,0.395,-4.039,0.439,-4.044,0.026,-5,0.061,-4.168,0,0,2,0.061,-4.168
1427986,0,0,-0.174,0,-5.35,0.343,-4.047,0.367,-4.045,-0.04,-5,0.016,-4.173,0,0,2,0.016,-4.173
1427996,0,0,-0.174,0,-5.25,0.288,-4.075,0.306,-4.043,-0.136,-5,-0.07,-4.183,0,0,2,-0.07,-4.183
1428006,0,0,-0.174,0,-5.15,0.226,-4.115,0.256,-4.085,-0.222,-5,-0.163,-4.192,0,0,2,-0.163,-4.192
1428016,0,0,-0.174,0,-5.05,0.161,-4.114,0.181,-4.119,-0.164,-5,-0.153,-4.19,0,0,2,-0.153,-4.19
1428026,0,0,-0.174,0,-4.95,0.113,-4.098,0.144,-4.099,-0.064,-5,-0.086,-4.185,0,0,2,-0.086,-4.185
1428036,0,0,-0.174,0,-4.85,0.077,-4.138,0.079,-4.119,0.036,-5,-0.002,-4.17,0,0,2,-0.002,-4.17
1428046,0,0,-0.174,0,-4.75,0.055,-4.123,0.065,-4.127,0.136,-5,0.085,-4.187,0,0,2,0.085,-4.187
1428056,0,0,-0.174,0,-4.65,0.035,-4.098,0.045,-4.138,0.05,-5,0.076,-4.184,0,0,2,0.076,-4.184
1428066,0,0,-0.174,0,-4.55,0.023,-4.131,0.041,-4.134,-0.05,-4.941,0.001,-4.185,0,0,2,0.001,-4.185
1428076,0,0,-0.174,0,-4.45,0.077,-4.111,0.08,-4.114,-0.142,-4.841,-0.086,-4.183,0,0,2,-0.086,-4.183
1428086,0,0,-0.174,0,-4.35,0.085,-4.061,0.069,-4.081,-0.069,-4.741,-0.086,-4.184,0,0,2,-0.086,-4.184
1428096,0,0,-0.174,0,-4.25,0.122,-3.982,0.11,-3.999,0.031,-4.641,-0.007,-4.145,0,0,2,-0.007,-4.145
1428106,0,0,-0.174,0,-4.15,0.142,-4.015,0.125,-4.028,0.129,-4.541,0.081,-4.124,0,0,2,0.081,-4.124
1428116,0,0,-0.174,0,-4.05,0.17,-3.986,0.158,-3.997,0.095,-4.441,0.105,-4.119,0,0,2,0.105,-4.119
1428126,0,0,-0.174,0,-3.95,0.22,-3.97,0.217,-3.991,-0.001,-4.341,0.053,-4.064,0,0,2,0.053,-4.064
1428136,0,0,-0.174,0,-3.85,0.244,-3.937,0.233,-3.953,-0.063,-4.241,-0.021,-4.054,0,0,2,-0.021,-4.054
1428146,0,0,-0.174,0,-3.75,0.255,-3.917,0.267,-3.968,-0.055,-4.141,-0.042,-4.037,0,0,2,-0.042,-4.037
1428156,0,0,-0.174,0,-3.65,0.248,-3.98,0.234,-3.971,-0.001,-4.041,-0.015,-4.029,0,0,2,-0.015,-4.029
1428166,0,0,-0.174,0,-3.55,0.266,-3.928,0.254,-3.951,0.021,-3.941,0.019,-4.011,0,0,2,0.019,-4.011
1428176,0,0,-0.174,0,-3.45,0.292,-3.828,0.289,-3.883,-0.012,-3.841,0.01,-3.988,0,0,2,0.01,-3.988
1428186,0,0,-0.174,0,-3.35,0.306,-3.728,0.299,-3.791,-0.087,-3.741,-0.042,-3.941,0,0,2,-0.042,-3.941
1428196,0,0,-0.174,0,-3.25,0.316,-3.648,0.315,-3.682,-0.096,-3.641,-0.072,-3.881,0,0,2,-0.072,-3.881
1428206,0,0,-0.174,0,-3.15,0.332,-3.568,0.323,-3.606,-0.087,-3.541,-0.077,-3.812,0,0,2,-0.077,-3.812
1428216,0,0,-0.174,0,-3.05,0.344,-3.468,0.353,-3.521,-0.035,-3.441,-0.037,-3.713,0,0,2,-0.037,-3.713
1428226,0,0,-0.174,0,-2.95,0.288,-3.388,0.294,-3.457,0.063,-3.341,0.029,-3.647,0,0,2,0.029,-3.647
1428236,0,0,-0.174,0,-2.85,0.245,-3.288,0.256,-3.344,0.12,-3.241,0.1,-3.586,0,0,2,0.1,-3.586
1428246,0,0,-0.174,0,-2.75,0.259,-3.188,0.272,-3.238,0.094,-3.141,0.111,-3.452,0,0,2,0.111,-3.452
1428256,0,0,-0.174,0,-2.65,0.197,-3.088,0.226,-3.158,0.058,-3.041,0.081,-3.401,0,0,2,0.081,-3.401
1428266,0,0,-0.174,0,-2.55,0.129,-2.988,0.153,-3.044,-0.001,-2.941,0.038,-3.289,0,0,2,0.038,-3.289
1428276,0,0,-0.174,0,-2.45,0.209,-2.888,0.196,-2.94,-0.093,-2.841,-0.033,-3.162,0,0,2,-0.033,-3.162
1428286,0,0,-0.174,0,-2.35,0.163,-2.788,0.172,-2.853,-0.193,-2.741,-0.132,-3.11,0,0,2,-0.132,-3.11
1428296,0,0,-0.174,0,-2.25,0.096,-2.688,0.113,-2.757,-0.285,-2.641,-0.23,-3.052,0,0,2,-0.23,-3.052
1428306,0,0,-0.174,0,-2.15,0.024,-2.588,0.03,-2.639,-0.185,-2.541,-0.206,-2.925,0,0,2,-0.206,-2.925
1428316,0,0,-0.174,0,-2.05,-0.003,-2.568,0.019,-2.627,-0.085,-2.441,-0.129,-2.864,0,0,2,-0.129,-2.864
1428326,0,0,-0.174,0,-1.95,0.017,-2.491,0.005,-2.554,0.016,-2.341,-0.035,-2.772,0,0,2,-0.035,-2.772
1428336,0,0,-0.174,0,-1.85,0.022,-2.451,0.018,-2.495,0.115,-2.241,0.061,-2.684,0,0,2,0.061,-2.684
1428346,0,0,-0.174,0,-1.75,0.003,-2.351,-0.01,-2.412,0.216,-2.141,0.152,-2.577,0,0,2,0.152,-2.577
1428356,0,0,-0.174,0,-1.65,0,-2.251,-0.008,-2.308,0.316,-2.041,0.252,-2.513,0,0,2,0.252,-2.513
1428366,0,0,-0.174,0,-1.55,0,-2.151,0.008,-2.214,0.416,-1.941,0.355,-2.464,0,0,2,0.355,-2.464
1428376,0,0,-0.174,0,-1.45,0.007,-2.051,0.041,-2.101,0.471,-1.841,0.428,-2.339,0,0,2,0.428,-2.339
1428386,0,0,-0.174,0,-1.35,0.005,-1.951,0.041,-2.013,0.371,-1.741,0.392,-2.24,0,0,2,0.392,-2.24
1428396,0,0,-0.174,0,-1.25,-0.002,-1.851,0.012,-1.902,0.33,-1.641,0.322,-2.106,0,0,2,0.322,-2.106
1428406,0,0,-0.174,0,-1.15,0,-1.751,0.004,-1.8,0.262,-1.541,0.251,-1.946,0,0,2,0.251,-1.946
1428416,0,0,-0.174,0,-1.05,0.002,-1.651,0.01,-1.707,0.162,-1.441,0.187,-1.869,0,0,2,0.187,-1.869
1428426,0,0,-0.174,0,-0.95,-0.06,-1.551,0.001,-1.604,0.062,-1.341,0.104,-1.796,0,0,2,0.104,-1.796
1428436,0,0,-0.174,0,-0.85,-0.059,-1.451,-0.038,-1.508,0.112,-1.241,0.088,-1.726,0,0,2,0.088,-1.726
1428446,0,0,-0.174,0,-0.75,-0.094,-1.351,-0.078,-1.421,0.212,-1.141,0.147,-1.607,0,0,2,0.147,-1.607
1428456,0,0,-0.174,0,-0.65,-0.105,-1.251,-0.094,-1.288,0.312,-1.041,0.243,-1.536,0,0,2,0.243,-1.536
1428466,0,0,-0.174,0,-0.55,-0.205,-1.271,-0.159,-1.278,0.412,-0.941,0.33,-1.42,0,0,2,0.33,-1.42
1428476,0,0,-0.174,0,-0.45,-0.305,-1.371,-0.252,-1.371,0.512,-0.841,0.41,-1.382,0,0,2,0.41,-1.382
1428486,0,0,-0.174,0,-0.35,-0.393,-1.351,-0.367,-1.395,0.485,-0.741,0.405,-1.381,0,0,2,0.405,-1.381
1428496,0,0,-0.174,0,-0.25,-0.417,-1.334,-0.426,-1.369,0.421,-0.641,0.395,-1.368,0,0,2,0.395,-1.368
1428506,0,0,-0.174,0,-0.15,-0.317,-1.234,-0.351,-1.3,0.373,-0.541,0.369,-1.347,0,0,2,0.369,-1.347
1428516,0,0,-0.174,0,-0.05,-0.217,-1.134,-0.225,-1.203,0.359,-0.441,0.351,-1.315,0,0,2,0.351,-1.315
1428526,0,0,-0.174,0,0,-0.117,-1.034,-0.157,-1.076,0.419,-0.341,0.381,-1.202,0,0,2,0.381,-1.202
1428536,0,0,-0.174,0,0,-0.101,-0.934,-0.106,-0.98,0.436,-0.241,0.41,-1.03,0,0,2,0.41,-1.03
1428546,0,0,-0.174,0,0,-0.065,-0.834,-0.112,-0.906,0.352,-0.141,0.373,-0.897,0,0,2,0.373,-0.897
1428556,0,0,-0.174,0,0,-0.097,-0.734,-0.046,-0.785,0.271,-0.041,0.304,-0.772,0,0,2,0.304,-0.772
1428566,0,0,-0.174,0,0,-0.197,-0.674,-0.137,-0.707,0.194,0.059,0.224,-0.667,0,0,2,0.224,-0.667
1428576,0,0,-0.174,0,0,-0.157,-0.574,-0.192,-0.629,0.094,0.159,0.136,-0.569,0,0,2,0.136,-0.569
1428586,0,0,-0.174,0,0,-0.148,-0.474,-0.159,-0.528,-0.006,0.259,0.034,-0.487,0,0,2,0.034,-0.487
1428596,0,0,-0.174,0,0,-0.048,-0.374,-0.083,-0.435,-0.106,0.359,-0.058,-0.413,0,0,2,-0.058,-0.413
1428606,0,0,-0.174,0,0,-0.003,-0.274,0.007,-0.319,-0.206,0.459,-0.147,-0.327,0,0,2,-0.147,-0.327
1428616,0,0,-0.174,0,0,-0.033,-0.174,-0.039,-0.239,-0.306,0.559,-0.246,-0.229,0,0,2,-0.246,-0.229
1428626,0,0,-0.174,0,0,-0.1,-0.167,-0.084,-0.193,-0.406,0.659,-0.341,-0.133,0,0,2,-0.341,-0.133
1428636,0,0,-0.174,0,0,-0.028,-0.067,-0.062,-0.125,-0.506,0.613,-0.43,-0.067,0,0,2,-0.43,-0.067
1428646,0,0,-0.174,0,0,-0.022,-0.025,-0.04,-0.042,-0.486,0.513,-0.475,-0.013,0,0,2,-0.475,-0.013
1428656,0,0,-0.174,0,0,-0.017,-0.028,-0.027,-0.048,-0.386,0.556,-0.415,0.034,0,0,2,-0.415,0.034
1428666,0,0,-0.174,0,0,-0.048,-0.094,-0.075,-0.102,-0.286,0.656,-0.324,0.068,0,0,2,-0.324,0.068
1428676,0,0,-0.174,0,0,-0.062,-0.107,-0.079,-0.125,-0.186,0.756,-0.229,0.077,0,0,2,-0.229,0.077
1428686,0,0,-0.174,0,0,-0.107,-0.198,-0.121,-0.213,-0.086,0.682,-0.133,0.026,0,0,2,-0.133,0.026
1428696,0,0,-0.174,0,0,-0.016,-0.098,-0.058,-0.136,0.014,0.582,-0.04,0.042,0,0,2,-0.04,0.042
1428706,0,0,-0.174,0,0,-0.024,-0.051,-0.035,-0.075,0.114,0.482,0.057,0.058,0,0,2,0.057,0.058
1428716,0,0,-0.174,0,0,-0.076,-0.122,-0.086,-0.126,0.192,0.382,0.139,0.051,0,0,2,0.139,0.051
1428726,0,0,-0.174,0,0,-0.014,-0.029,-0.046,-0.078,0.179,0.411,0.175,0.061,0,0,2,0.175,0.061
1428736,0,0,0,0,0,-0.002,-0.004,-0.012,-0.006,0.092,0.311,0.122,0.078,0,0,2,0.122,0.078
1428746,0,0,0,0,0,0,0,0.011,-0.038,0.056,0.211,0.074,0.066,0,0,2,0.074,0.066
1428756,0,0,0,0,0,0.005,-0.003,-0.001,-0.017,0.039,0.111,0.046,0.049,0,0,2,0.046,0.049
1428766,0,0,0,0,0,0.034,-0.002,0.023,-0.024,0.031,0.044,0.034,0.029,0,0,2,0.034,0.029
1428776,0,0,0,0,0,0.054,0.023,0.04,-0.001,0.028,0.044,0.03,0.009,0,0,2,0.03,0.009
1428786,0,0,0,0,0,0.098,0.069,0.086,0.045,0.031,0.053,0.034,0.016,0,0,2,0.034,0.016
1428796,0,0,0,0,0,0.021,0.016,0.04,0.026,0.04,0.066,0.04,0.031,0,0,2,0.04,0.031
1428806,0,0,0,0,0,0.027,0.024,0.01,0.01,0.046,0.089,0.04,0.025,0,0,2,0.04,0.025
1428816,0,0,0,0,0,0.1,0.09,0.074,0.064,0.048,0.119,0.046,0.034,0,0,2,0.046,0.034
1428826,0,0,0,0,0,0.129,0.116,0.124,0.105,0.053,0.156,0.053,0.054,0,0,2,0.053,0.054
1428836,0,0,0,0,0,0.127,0.121,0.126,0.118,0.057,0.167,0.058,0.076,0,0,2,0.058,0.076
1428846,0,0,0,0,0,0.147,0.15,0.156,0.154,0.061,0.175,0.064,0.103,0,0,2,0.064,0.103
1428856,0,0,0,0,0,0.13,0.135,0.136,0.137,0.066,0.183,0.071,0.125,0,0,2,0.071,0.125
1428866,0,0,0,0,0,0.095,0.105,0.121,0.13,0.069,0.184,0.073,0.135,0,0,2,0.073,0.135
1428876,0,0,0,0,0,0.126,0.159,0.118,0.135,0.067,0.18,0.071,0.134,0,0,2,0.071,0.134
1428886,0,0,0,0,0,0.054,0.093,0.092,0.121,0.064,0.165,0.071,0.14,0,0,2,0.071,0.14
1428896,0,0,0,0,0,0.031,0.046,0.034,0.055,0.058,0.146,0.061,0.118,0,0,2,0.061,0.118
1428906,0,0,0,0,0,0.046,0.072,0.051,0.072,0.051,0.127,0.054,0.098,0,0,2,0.054,0.098
1428916,0,0,0.174,0,0,0.039,0.09,0.049,0.094,0.04,0.109,0.046,0.093,0,0,2,0.046,0.093
1428926,0,0,0.174,0,0,0.011,0.055,0.025,0.069,0.025,0.09,0.033,0.083,0,0,2,0.033,0.083
1428936,0,0,0.174,0,0,-0.006,0.039,0.007,0.05,0.011,0.071,0.016,0.063,0,0,2,0.016,0.063
1428946,0,0,0.174,0,0,-0.019,0.029,-0.009,0.038,-0.002,0.055,0.003,0.053,0,0,2,0.003,0.053
1428956,0,0,0.174,0,0,-0.028,0.018,-0.021,0.026,-0.013,0.041,-0.009,0.043,0,0,2,-0.009,0.043
1428966,0,0,0.174,0,0,-0.031,0.009,-0.029,0.013,-0.021,0.029,-0.019,0.03,0,0,2,-0.019,0.03
1428976,0,0,0.174,0,0,-0.029,0.003,-0.029,0.005,-0.029,0.02,-0.027,0.014,0,0,2,-0.027,0.014
1428986,0,0,0.174,0,0,-0.02,0,-0.023,0,-0.035,0.014,-0.031,0.006,0,0,2,-0.031,0.006
1428996,0,0,0.174,0,0,-0.011,0.001,-0.014,-0.002,-0.039,0.012,-0.033,0.002,0,0,2,-0.033,0.002
1429006,0,0,0.174,0,0,-0.003,0.007,-0.007,0.004,-0.04,0.012,-0.032,0.002,0,0,2,-0.032,0.002
1429016,0,0,0.174,0,0,0.007,0.012,0.003,0.009,-0.041,0.015,-0.033,0.005,0,0,2,-0.033,0.005
1429026,0,0,0.174,0,0,0.016,0.017,0.011,0.014,-0.038,0.019,-0.03,0.009,0,0,2,-0.03,0.009
1429036,0,0,0.174,0,0,0.019,0.021,0.015,0.017,-0.035,0.022,-0.012,0.015,0,0,2,-0.012,0.015
1429046,0,0,0.174,0,0,0.02,0.023,0.018,0.021,-0.033,0.022,-0.02,0.017,0,0,2,-0.02,0.017
1429056,0,0,0.174,0,0,0.019,0.025,0.018,0.024,-0.032,0.023,-0.023,0.02,0,0,2,-0.023,0.02
1429066,0,0,0.174,0,0,0.017,0.025,0.017,0.026,-0.029,0.024,-0.019,0.023,0,0,2,-0.019,0.023
1429076,0,0,0.174,0,0,0.015,0.028,0.013,0.025,-0.026,0.023,-0.004,0.024,0,0,2,-0.004,0.024
1429086,0,0,0.349,0,0,0.009,0.025,0.009,0.026,-0.023,0.022,-0.004,0.025,0,0,2,-0.004,0.025
1429096,0,0,0.349,0,0,0.006,0.017,0.006,0.022,-0.02,0.02,-0.007,0.024,0,0,2,-0.007,0.024
1429106,0,0,0.349,0,0,0.004,0.012,0.003,0.016,-0.016,0.019,-0.007,0.019,0,0,2,-0.007,0.019
1429116,0,0,0.349,0,0,0.004,0.008,0.002,0.012,-0.012,0.016,-0.003,0.013,0,0,2,-0.003,0.013
1429126,0,0,0.349,0,0,0.007,0.006,0.004,0.008,-0.009,0.012,-0.004,0.01,0,0,2,-0.004,0.01
1429136,0,0,0.349,0,0,0.013,0.002,0.009,0.004,-0.005,0.009,0,0.007,0,0,2,0,0.007
1429147,0,0,0.349,0,0,0.021,0,0.017,0,-0.003,0.007,0.002,0.004,0,0,2,0.002,0.004
1429157,0,0,0.349,0,0,0.029,0,0.026,-0.001,0,0.005,0.007,0.001,0,0,2,0.007,0.001
1429167,0,0,0.349,0,0,0.038,0,0.035,-0.001,0.002,0.003,0.011,0,0,0,2,0.011,0
1429177,0,0,0.349,0,0,0.048,0,0.044,0,0.003,0.003,0.017,0,0,0,2,0.017,0
1429187,0,0,0.349,0,0,0.055,0,0.052,0,0.004,0.005,0.019,0,0,0,2,0.019,0
1429197,0,0,0.349,0,0,0.059,0.007,0.057,0.005,0.005,0.007,0.017,0.001,0,0,2,0.017,0.001
1429207,0,0,0.349,0,0,0.06,0.008,0.059,0.008,0.006,0.01,0.016,0.004,0,0,2,0.016,0.004
1429217,0,0,0.349,0,0,0.061,0.01,0.066,0.011,0.005,0.012,0.019,0.008,0,0,2,0.019,0.008
1429227,0,0,0.349,0,0,0.05,0.008,0.056,0.009,0.004,0.012,0.022,0.009,0,0,2,0.022,0.009
1429237,0,0,0.349,0,0,0.049,0.009,0.044,0.008,0.002,0.012,0.019,0.008,0,0,2,0.019,0.008
1429247,0,0,0.349,0,0,0.031,0.007,0.036,0.008,-0.001,0.011,0.014,0.008,0,0,2,0.014,0.008
1429257,0,0,0.349,0,0,0.022,0.007,0.025,0.008,-0.003,0.01,0.01,0.008,0,0,2,0.01,0.008
1429267,0,0,0.349,0,0,0.015,0.007,0.018,0.008,-0.006,0.009,0.006,0.008,0,0,2,0.006,0.008
1429277,0,0,0.349,0,0,0.008,0.009,0.011,0.009,-0.008,0.008,0.004,0.008,0,0,2,0.004,0.008
1429287,0,0,0.349,0,0,0.002,0.007,0.004,0.008,-0.009,0.007,0.002,0.008,0,0,2,0.002,0.008
1429297,0,0,0.523,0,0,0,0.006,0,0.007,-0.01,0.006,-0.003,0.007,0,0,2,-0.003,0.007
1429307,0,0,0.523,0,0,-0.003,0.006,-0.002,0.006,-0.011,0.006,-0.005,0.006,0,0,2,-0.005,0.006
1429317,0,0,0.523,0,0,-0.005,0.005,-0.006,0.006,-0.01,0.006,-0.006,0.006,0,0,2,-0.006,0.006
1429327,0,0,0.523,0,0,-0.004,0.004,-0.006,0.005,-0.01,0.005,-0.007,0.005,0,0,2,-0.007,0.005
1429337,0,0,0.523,0,0,-0.001,0.004,-0.003,0.004,-0.01,0.006,-0.007,0.005,0,0,2,-0.007,0.005
1429347,0,0,0.523,0,0,0.005,0.006,0.002,0.005,-0.008,0.006,-0.005,0.004,0,0,2,-0.005,0.004
1429357,0,0,0.523,0,0,0.014,0.006,0.01,0.006,-0.006,0.007,0,0.005,0,0,2,0,0.005
1429367,0,0,0.523,0,0,0.022,0.006,0.019,0.006,-0.006,0.006,0.001,0.006,0,0,2,0.001,0.006
1429377,0,0,0.523,0,0,0.029,0.006,0.027,0.006,-0.007,0.007,0.002,0.006,0,0,2,0.002,0.006
1429387,0,0,0.523,0,0,0.035,0.006,0.033,0.005,-0.008,0.008,0.003,0.006,0,0,2,0.003,0.006
1429397,0,0,0.523,0,0,0.038,0.005,0.037,0.005,-0.009,0.009,0,0.005,0,0,2,0,0.005
1429407,0,0,0.523,0,0,0.039,0.006,0.039,0.006,-0.011,0.007,-0.002,0.005,0,0,2,-0.002,0.005
1429417,0,0,0.523,0,0,0.04,0.006,0.041,0.007,-0.013,0.008,0.001,0.006,0,0,2,0.001,0.006
1429427,0,0,0.523,0,0,0.037,0.007,0.039,0.007,-0.015,0.008,0.009,0.007,0,0,2,0.009,0.007
1429437,0,0,0.523,0,0,0.014,0.002,0.023,0.004,-0.016,0.008,0,0.006,0,0,2,0,0.006
1429447,0,0,0.523,0,0,0.012,0.004,0.012,0.003,-0.017,0.008,-0.008,0.005,0,0,2,-0.008,0.005
1429457,0,0,0.523,0,0,0.011,0.004,0.012,0.004,-0.017,0.007,-0.01,0.004,0,0,2,-0.01,0.004
1429467,0,0,0.523,0,0,0.009,0.004,0.01,0.005,-0.017,0.007,-0.006,0.004,0,0,2,-0.006,0.004
1429477,0,0,0.698,0,0,0.003,0.002,0.005,0.004,-0.016,0.005,-0.006,0.004,0,0,2,-0.006,0.004
1429487,0,0,0.698,0,0,0.003,0.003,0.002,0.003,-0.014,0.004,-0.005,0.004,0,0,2,-0.005,0.004
1429497,0,0,0.698,0,0,0.004,0.001,0.003,0.002,-0.012,0.003,-0.003,0.003,0,0,2,-0.003,0.003
1429507,0,0,0.698,0,0,0.003,0,0.002,0.001,-0.01,0.001,-0.004,0.002,0,0,2,-0.004,0.002
1429517,0,0,0.698,0,0,0.005,0,0.003,0,-0.007,0,-0.003,0.001,0,0,2,-0.003,0.001
1429527,0,0,0.698,0,0,0.01,0,0.008,-0.001,-0.006,0,-0.001,0,0,0,2,-0.001,0
1429537,0,0,0.698,0,0,0.016,0,0.014,0,-0.004,0,0.005,0,0,0,2,0.005,0
1429547,0,0,0.698,0,0,0.024,0,0.022,0,-0.003,0,0.007,0,0,0,2,0.007,0
1429557,0,0,0.698,0,0,0.031,0,0.029,0,-0.003,0.001,0.011,0,0,0,2,0.011,0
1429567,0,0,0.698,0,0,0.038,0,0.037,0,-0.003,0.001,0.015,0,0,0,2,0.015,0
1429577,0,0,0.698,0,0,0.041,0,0.042,0,-0.005,0.001,0.019,0,0,0,2,0.019,0
1429587,0,0,0.698,0,0,0.04,0,0.042,0.001,-0.007,0.002,0.014,0,0,0,2,0.014,0
1429597,0,0,0.698,0,0,0.042,0,0.043,0.001,-0.008,0.002,0.004,0.001,0,0,2,0.004,0.001
1429607,0,0,0.698,0,0,0.042,0,0.043,0,-0.007,0.002,-0.001,0.001,0,0,2,-0.001,0.001
1429617,0,0,0.698,0,0,0.021,0,0.031,0,-0.008,0.002,-0.001,0,0,0,2,-0.001,0
1429627,0,0,0.698,0,0,0.003,0,0.007,-0.001,-0.008,0.002,-0.003,0,0,0,2,-0.003,0
1429637,0,0,0.872,0,0,0.026,0.002,0.017,0,-0.01,0.004,-0.003,0,0,0,2,-0.003,0
1429647,0,0,0.872,0,0,0.025,0.006,0.024,0.003,-0.01,0.006,0.001,0.001,0,0,2,0.001,0.001
1429657,0,0,0.872,0,0,0.019,0.008,0.021,0.006,-0.011,0.007,-0.001,0.004,0,0,2,-0.001,0.004
1429667,0,0,0.872,0,0,0.014,0.008,0.015,0.008,-0.012,0.008,-0.003,0.006,0,0,2,-0.003,0.006
1429677,0,0,0.872,0,0,0.008,0.009,0.01,0.009,-0.012,0.008,-0.005,0.008,0,0,2,-0.005,0.008
1429687,0,0,0.872,0,0,0.006,0.009,0.007,0.009,-0.012,0.009,-0.007,0.009,0,0,2,-0.007,0.009
1429697,0,0,0.872,0,0,0.009,0.009,0.008,0.009,-0.012,0.008,-0.006,0.009,0,0,2,-0.006,0.009
1429707,0,0,0.872,0,0,0.011,0.007,0.01,0.008,-0.012,0.008,-0.006,0.008,0,0,2,-0.006,0.008
1429717,0,0,0.872,0,0,0.02,0.006,0.017,0.007,-0.012,0.007,-0.005,0.008,0,0,2,-0.005,0.008
1429727,0,0,0.872,0,0,0.025,0.005,0.022,0.006,-0.011,0.005,-0.001,0.007,0,0,2,-0.001,0.007
1429737,0,0,0.872,0,0,0.031,0.004,0.028,0.005,-0.011,0.005,0.002,0.006,0,0,2,0.002,0.006
1429747,0,0,0.872,0,0,0.037,0.002,0.034,0.003,-0.01,0.005,0.007,0.004,0,0,2,0.007,0.004
1429757,0,0,0.872,0,0,0.039,0.003,0.038,0.003,-0.01,0.004,0.006,0.003,0,0,2,0.006,0.003
1429767,0,0,0.872,0,0,0.039,0.004,0.039,0.004,-0.01,0.003,0.002,0.003,0,0,2,0.002,0.003
1429777,0,0,0.872,0,0,0.037,0.002,0.039,0.003,-0.011,0.003,0.002,0.003,0,0,2,0.002,0.003
1429787,0,0,0.872,0,0,0.031,0,0.034,0.001,-0.012,0.002,0.006,0.002,0,0,2,0.006,0.002
1429797,0,0,1.047,0,0,0.02,-0.003,0.024,-0.001,-0.013,0,0.008,0.001,0,0,2,0.008,0.001
1429807,0,0,1.047,0,0,0.016,-0.006,0.02,-0.004,-0.014,-0.003,0.002,-0.002,0,0,2,0.002,-0.002
1429817,0,0,1.047,0,0,0.015,-0.008,0.016,-0.007,-0.015,-0.005,-0.004,-0.004,0,0,2,-0.004,-0.004
1429827,0,0,1.047,0,0,0.011,-0.011,0.012,-0.009,-0.016,-0.007,-0.006,-0.007,0,0,2,-0.006,-0.007
1429837,0,0,1.047,0,0,0.007,-0.012,0.008,-0.011,-0.017,-0.009,-0.007,-0.01,0,0,2,-0.007,-0.01
1429847,0,0,1.047,0,0,0.008,-0.012,0.007,-0.012,-0.017,-0.01,-0.009,-0.011,0,0,2,-0.009,-0.011
1429857,0,0,1.047,0,0,0.011,-0.01,0.009,-0.011,-0.017,-0.01,-0.009,-0.011,0,0,2,-0.009,-0.011
1429867,0,0,1.047,0,0,0.016,-0.008,0.012,-0.01,-0.017,-0.009,-0.004,-0.01,0,0,2,-0.004,-0.01
1429877,0,0,1.047,0,0,0.022,-0.005,0.019,-0.007,-0.016,-0.008,0.001,-0.008,0,0,2,0.001,-0.008
1429887,0,0,1.047,0,0,0.028,-0.001,0.025,-0.003,-0.014,-0.006,0.006,-0.005,0,0,2,0.006,-0.005
1429897,0,0,1.047,0,0,0.035,0,0.032,0,-0.012,-0.004,0.002,-0.003,0,0,2,0.002,-0.003
1429907,0,0,1.047,0,0,0.04,0,0.038,0,-0.009,-0.002,0.002,-0.001,0,0,2,0.002,-0.001
1429917,0,0,1.047,0,0,0.041,0,0.041,0,-0.007,-0.001,0.017,-0.001,0,0,2,0.017,-0.001
1429927,0,0,1.047,0,0,0.039,0,0.041,0,-0.007,-0.001,0.017,0,0,0,2,0.017,0
1429937,0,0,1.047,0,0,0.035,0,0.037,0,-0.007,0.001,0.018,0,0,0,2,0.018,0
1429947,0,0,1.047,0,0,0.029,0,0.032,0,-0.008,0.001,0.018,0,0,0,2,0.018,0
1429957,0,0,1.047,0,0,0.024,0,0.026,0,-0.01,0.002,0.012,0,0,0,2,0.012,0
1429967,0,0,1.047,0,0,0.019,0,0.021,0.001,-0.01,0.003,0.005,0,0,0,2,0.005,0
1429977,0,0,1.047,0,0,0.016,0,0.017,0,-0.012,0.003,0,0.001,0,0,2,0,0.001
1429987,0,0,1.047,0,0,0.013,0,0.013,0.001,-0.012,0.004,-0.001,0.001,0,0,2,-0.001,0.001
1429997,0,0,1.047,0,0,0.011,0,0.011,0.001,-0.012,0.003,-0.002,0.001,0,0,2,-0.002,0.001
1430007,0,0,1.221,0,0,0.01,0,0.01,0,-0.012,0.002,-0.001,0,0,0,2,-0.001,0
1430017,0,0,1.221,0,0,0.009,0,0.009,0.001,-0.012,0.001,0,0.001,0,0,2,0,0.001
1430027,0,0,1.221,0,0,0.01,0,0.008,0,-0.01,-0.001,-0.002,0,0,0,2,-0.002,0
1430037,0,0,1.221,0,0,0.01,0,0.009,0,-0.009,-0.001,-0.002,0,0,0,2,-0.002,0
1430049,0,0,1.221,0,0,0.009,0,0.008,0,-0.009,-0.001,-0.003,0,0,0,2,-0.003,0
1430057,0,0,1.221,0,0,0.013,0,0.011,0,-0.008,-0.001,-0.002,0,0,0,2,-0.002,0
1430067,0,0,1.221,0,0,0.015,0,0.014,0,-0.007,0,-0.002,0,0,0,2,-0.002,0
1430077,0,0,1.221,0,0,0.019,0,0.018,-0.001,-0.007,0.001,-0.002,0,0,0,2,-0.002,0
1430087,0,0,1.221,0,0,0.024,0,0.025,0,-0.007,0.001,-0.001,0,0,0,2,-0.001,0
1430097,0,0,1.221,0,0,0.027,0,0.026,0,-0.008,0.001,0.001,0,0,0,2,0.001,0
1430107,0,0,1.221,0,0,0.033,0,0.032,0,-0.008,0.001,0.005,0,0,0,2,0.005,0
1430117,0,0,1.221,0,0,0.036,0,0.036,0.001,-0.008,0.001,0.005,0,0,0,2,0.005,0
1430127,0,0,1.221,0,0,0.036,0,0.037,0,-0.009,0.001,0.004,0,0,0,2,0.004,0
1430141,0,0,1.221,0,0,0.032,0,0.034,-0.001,-0.012,0.002,0.013,0,0,0,2,0.013,0
1430147,0,0,1.221,0,0,0.022,0,0.025,-0.001,-0.018,0.002,-0.004,0,0,0,2,-0.004,0
1430157,0,0,1.221,0,0,0.017,0,0.021,-0.001,-0.02,0.004,-0.007,0,0,0,2,-0.007,0
1430167,0,0,1.221,0,0,0.011,0.006,0.014,0.004,-0.024,0.005,-0.014,0.001,0,0,2,-0.014,0.001
1430177,0,0,1.221,0,0,0.006,0.009,0.009,0.008,-0.027,0.006,-0.017,0.004,0,0,2,-0.017,0.004
1430187,0,0,1.221,0,0,0.001,0.01,0.004,0.01,-0.028,0.008,-0.016,0.008,0,0,2,-0.016,0.008
1430197,0,0,1.221,0,0,-0.003,0.01,-0.001,0.011,-0.027,0.008,-0.016,0.01,0,0,2,-0.016,0.01
1430207,0,0,1.221,0,0,-0.008,0.008,-0.007,0.009,-0.027,0.008,-0.018,0.01,0,0,2,-0.018,0.01
1430217,0,0,1.221,0,0,-0.01,0.005,-0.011,0.007,-0.026,0.007,-0.018,0.009,0,0,2,-0.018,0.009
1430227,0,0,1.396,0,0,-0.01,0.003,-0.011,0.005,-0.024,0.006,-0.019,0.007,0,0,2,-0.019,0.007
1430237,0,0,1.396,0,0,-0.008,0.002,-0.01,0.003,-0.022,0.004,-0.018,0.004,0,0,2,-0.018,0.004
1430250,0,0,1.396,0,0,-0.006,0,-0.008,0.001,-0.019,0.002,-0.016,0.003,0,0,2,-0.016,0.003
1430257,0,0,1.396,0,0,-0.002,0,-0.004,0,-0.016,0,-0.013,0.001,0,0,2,-0.013,0.001
1430267,0,0,1.396,0,0,0,0,-0.002,0,-0.014,-0.001,-0.01,0,0,0,2,-0.01,0
1430277,0,0,1.396,0,0,0.007,0,0.004,0,-0.01,-0.002,-0.008,0,0,0,2,-0.008,0
1430287,0,0,1.396,0,0,0.014,0,0.011,0,-0.008,-0.002,-0.005,0,0,0,2,-0.005,0
1430297,0,0,1.396,0,0,0.022,0,0.019,-0.001,-0.007,-0.003,-0.003,0,0,0,2,-0.003,0
1430307,0,0,1.396,0,0,0.029,0,0.026,0,-0.005,-0.002,0,-0.001,0,0,2,0,-0.001
1430317,0,0,1.396,0,0,0.037,0,0.034,0,-0.004,-0.002,0.004,0,0,0,2,0.004,0
1430327,0,0,1.396,0,0,0.042,0,0.04,0,-0.002,-0.002,0.008,0,0,0,2,0.008,0
1430337,0,0,1.396,0,0,0.048,0,0.046,0,-0.002,-0.001,0.012,0,0,0,2,0.012,0
1430347,0,0,1.396,0,0,0.049,0,0.049,0,-0.001,-0.001,0.018,0,0,0,2,0.018,0
1430357,0,0,1.396,0,0,0.046,0,0.048,-0.001,-0.001,-0.001,0.013,0,0,0,2,0.013,0
1430367,0,0,1.396,0,0,0.056,0,0.05,0,-0.004,-0.002,0.009,0,0,0,2,0.009,0
1430377,0,0,1.396,0,0,0.018,0,0.033,0.001,-0.006,-0.003,0.005,0,0,0,2,0.005,0
1430387,0,0,1.57,0,0,0.003,0,0.008,0.001,-0.007,-0.003,-0.001,0,0,0,2,-0.001,0
1430397,0,0,1.57,0,0,0,0,0.001,0.001,-0.009,-0.003,-0.005,0,0,0,2,-0.005,0
1430407,0,0,1.57,0,0,0,0,0,0.001,-0.011,-0.003,-0.006,0.001,0,0,2,-0.006,0.001
1430417,0,0,1.57,0,0,0,0,-0.001,0.001,-0.012,-0.003,-0.007,0.001,0,0,2,-0.007,0.001
1430427,0,0,1.57,0,0,0,0,-0.001,0.001,-0.013,-0.002,-0.007,0.001,0,0,2,-0.007,0.001
1430437,0,0,1.57,0,0,0,0,-0.001,0,-0.012,-0.002,-0.006,0,0,0,2,-0.006,0
1430447,0,0,1.57,0,0,0,0,-0.001,0,-0.012,-0.002,-0.005,0,0,0,2,-0.005,0
1430457,0,0,1.57,0,0,0,0,-0.001,0,-0.01,-0.001,-0.006,0,0,0,2,-0.006,0
1430467,0,0,1.57,0,0,0.012,0,0.003,0.001,-0.009,-0.001,-0.006,0.001,0,0,2,-0.006,0.001
1430477,0,0,1.57,0,0,0.029,0,0.023,0,-0.006,-0.001,0.001,0,0,0,2,0.001,0
1430487,0,0,1.57,0,0,0.041,0,0.036,-0.001,-0.005,-0.001,0.018,0,0,0,2,0.018,0
1430497,0,0,1.57,0,0,0.057,0,0.054,0,-0.007,-0.001,0.021,0,0,0,2,0.021,0
1430507,0,0,1.57,0,0,0.042,0,0.045,0.001,-0.007,0,0.013,0.001,0,0,2,0.013,0.001
1430517,0,0,1.57,0,0,0.042,0,0.044,0,-0.007,0,0.005,0.001,0,0,2,0.005,0.001
1430527,0,0,1.57,0,0,0.045,0,0.046,0,-0.007,0,0.003,0.001,0,0,2,0.003,0.001
1430537,0,0,1.57,0,0,0.043,0,0.045,0,-0.007,0,0.002,0.001,0,0,2,0.002,0.001
1430547,0,0,1.57,0,0,0.038,0,0.04,0,-0.007,-0.001,0.004,0.001,0,0,2,0.004,0.001
1430557,0,0,1.57,0,0,0.031,0,0.033,0,-0.008,-0.001,0.004,0.001,0,0,2,0.004,0.001
1430567,0,0,1.57,0,0,0.021,0,0.025,-0.001,-0.01,-0.002,0,0,0,0,2,0,0
1430577,0,0,1.57,0,0,0.013,0,0.016,0,-0.012,-0.001,-0.002,0,0,0,2,-0.002,0
1430587,0,0,1.57,0,0,0.005,0,0.008,-0.001,-0.013,0,-0.006,0,0,0,2,-0.006,0
1430597,0,0,1.57,0,0,-0.001,0.002,0.001,0.001,-0.014,0.001,-0.008,0,0,0,2,-0.008,0
1430607,0,0,1.57,0,0,-0.005,0.003,-0.005,0.003,-0.014,0.002,-0.008,0.002,0,0,2,-0.008,0.002
1430617,0,0,1.57,0,0,-0.007,0.004,-0.007,0.004,-0.013,0.003,-0.01,0.004,0,0,2,-0.01,0.004
1430628,0,0,1.57,0,0,-0.004,0.004,-0.006,0.004,-0.011,0.003,-0.009,0.004,0,0,2,-0.009,0.004
1430637,2,0,1.57,0,0,0,0.003,-0.003,0.004,-0.009,0.003,-0.007,0.004,0,0,2,-0.007,0.004
1430647,2,0,1.57,0,0,0.003,0.002,0,0.003,-0.006,0.002,-0.004,0.003,0,0,2,-0.004,0.003
1430657,2,0,1.57,0,0,0.008,0.001,0.006,0.002,-0.003,0.002,-0.001,0.003,0,0,2,-0.001,0.003
1430667,2,0,1.57,0.05,0,0.012,0,0.01,0.001,0.001,0.001,0.004,0.002,0,0,2,0.004,0.002
1430677,2,0,1.57,0.15,0,0.039,-0.001,0.024,-0.001,0.029,0,0.011,0.001,0,0,2,0.011,0.001
1430687,2,0,1.57,0.25,0,0.071,-0.005,0.051,-0.003,0.061,0.005,0.026,0,0,0,2,0.026,0
1430697,2,0,1.57,0.35,0,0.09,-0.009,0.082,-0.009,0.127,0.016,0.057,0,0,0,2,0.057,0
1430707,2,0,1.57,0.45,0,0.013,0,0.01,0.008,0.226,0.06,0.105,0.003,0,0,2,0.105,0.003
1430717,2,0,1.57,0.55,0,0.002,0,-0.013,-0.001,0.326,0.12,0.163,0.013,0,0,2,0.163,0.013
1430727,2,0,1.57,0.65,0,0,0,-0.017,0.003,0.426,0.136,0.187,0.017,0,0,2,0.187,0.017
1430737,2,0,1.57,0.75,0,0,0,-0.017,0.011,0.526,0.104,0.188,0.015,0,0,2,0.188,0.015
1430747,2,0,1.57,0.85,0,0,0,-0.035,-0.001,0.626,0.061,0.312,0.019,0,0,2,0.312,0.019
1430757,2,0,1.57,0.95,0,0.038,0,0.011,0.003,0.726,0.103,0.443,0.024,0,0,2,0.443,0.024
1430767,2,0,1.57,1.05,0,0.089,0.013,0.073,-0.022,0.826,0.131,0.539,0.032,0,0,2,0.539,0.032
1430777,2,0,1.57,1.15,0,0.027,0.005,0.021,0.002,0.926,0.084,0.624,0.037,0,0,2,0.624,0.037
1430787,2,0,1.57,1.25,0,0.056,0,0.047,0.004,1.026,-0.016,0.702,0.028,0,0,2,0.702,0.028
1430797,2,0,1.57,1.35,0,0.007,0,-0.003,-0.004,1.126,-0.116,0.75,0.008,0,0,2,0.75,0.008
1430807,2,0,1.57,1.45,0,0.001,0,-0.01,0.007,1.226,-0.216,0.837,-0.012,0,0,2,0.837,-0.012
1430817,2,0,1.57,1.55,0,0.035,0.015,0.007,-0.009,1.326,-0.316,0.909,-0.038,0,0,2,0.909,-0.038
1430827,2,0,1.57,1.65,0,0.08,0.011,0.006,0.009,1.426,-0.416,1.021,-0.069,0,0,2,1.021,-0.069
1430837,2,0,1.57,1.75,0,0.105,-0.003,0.105,0.004,1.526,-0.516,1.092,-0.095,0,0,2,1.092,-0.095
1430847,2,0,1.57,1.85,0,0.088,-0.013,0.101,-0.026,1.626,-0.616,1.196,-0.135,0,0,2,1.196,-0.135
1430857,2,0,1.57,1.95,0,0.008,-0.002,-0.005,0.013,1.726,-0.716,1.268,-0.17,0,0,2,1.268,-0.17
1430867,2,0,1.57,2,0,0.001,0,-0.027,-0.006,1.826,-0.647,1.618,-0.198,0,0,2,1.618,-0.198
1430877,2,0,1.57,2,0,0,0,-0.025,-0.001,1.926,-0.547,1.764,-0.172,0,0,2,1.764,-0.172
1430887,2,0,1.57,2,0,0,0,-0.025,-0.008,2.026,-0.447,1.926,-0.184,0,0,2,1.926,-0.184
1430897,2,0,1.57,2,0,0,0,-0.02,-0.031,2.126,-0.52,2.047,-0.206,0,0,2,2.047,-0.206
1430907,2,0,1.57,2,0,0.065,0.023,0.06,0.021,2.226,-0.605,2.151,-0.238,0,0,2,2.151,-0.238
1430917,2,0,1.57,2,0,0.165,0.001,0.133,-0.022,2.326,-0.505,2.231,-0.229,0,0,2,2.231,-0.229
1430927,2,0,1.57,2,0,0.125,0,0.123,-0.001,2.346,-0.405,2.303,-0.222,0,0,2,2.303,-0.222
1430937,2,0,1.57,2,0,0.025,0,0.051,-0.002,2.246,-0.305,2.24,-0.2,0,0,2,2.24,-0.2
1430948,2,0,1.57,2,0,0.075,0.013,0.041,-0.021,2.146,-0.205,2.141,-0.172,0,0,2,2.141,-0.172
1430957,2,0,1.57,2,0,0.171,0.059,0.138,0.032,2.046,-0.105,2.063,-0.15,0,0,2,2.063,-0.15
1430967,2,0,1.57,2,0,0.231,0.026,0.231,0.028,1.946,-0.005,1.965,-0.111,0,0,2,1.965,-0.111
1430977,2,0,1.57,2,0,0.131,0,0.156,0.013,1.846,0.095,1.848,-0.061,0,0,2,1.848,-0.061
1430987,2,0,1.57,2,0,0.152,0.033,0.147,0.02,1.746,0.195,1.766,-0.023,0,0,2,1.766,-0.023
1430997,2,0,1.57,2,0,0.052,0.01,0.051,0.035,1.718,0.295,1.681,0.017,0,0,2,1.681,0.017
1431007,2,0,1.57,2,0,0.005,0.002,0.016,-0.003,1.818,0.395,1.697,0.053,0,0,2,1.697,0.053
1431017,2,0,1.57,2,0,0,0,0,-0.01,1.918,0.495,1.768,0.072,0,0,2,1.768,0.072
1431027,2,0,1.57,2,0,0.01,0.002,-0.011,-0.013,2.018,0.595,1.893,0.1,0,0,2,1.893,0.1
1431037,2,0,1.57,2,0,0.024,0.006,0.021,-0.005,2.118,0.695,2.021,0.148,0,0,2,2.021,0.148
1431047,2,0,1.57,2,0,0.122,0.041,0.083,0.024,2.218,0.762,2.12,0.197,0,0,2,2.12,0.197
1431057,2,0,1.57,2,0,0.106,0.039,0.127,0.08,2.238,0.662,2.191,0.236,0,0,2,2.191,0.236
1431067,2,0,1.57,2,0,0.146,0.077,0.127,0.037,2.138,0.562,2.096,0.226,0,0,2,2.096,0.226
1431077,2,0,1.57,2,0,0.246,0.177,0.217,0.156,2.038,0.462,2.037,0.232,0,0,2,2.037,0.232
1431087,2,0,1.57,2,0,0.246,0.096,0.251,0.165,1.946,0.342,1.937,0.244,0,0,2,1.937,0.244
1431097,2,0,1.57,2,0,0.173,0.036,0.183,0.058,2.01,0.262,1.942,0.227,0,0,2,1.942,0.227
1431107,2,0,1.57,2,0,0.216,0.044,0.206,0.065,2.085,0.174,1.98,0.174,0,0,2,1.98,0.174
1431117,2,0,1.57,2,0,0.116,0.006,0.14,0.029,2.067,0.124,2.024,0.151,0,0,2,2.024,0.151
1431127,2,0,1.57,2,0,0.075,0.033,0.08,0.015,2.04,0.072,2.004,0.123,0,0,2,2.004,0.123
1431137,2,0,1.57,2,0,0.064,0.037,0.067,0.026,2.056,0.001,1.98,0.087,0,0,2,1.98,0.087
1431147,2,0,1.57,2,0,0.078,0.029,0.066,0.054,2.056,-0.004,2.011,0.071,0,0,2,2.011,0.071
1431157,2,0,1.57,2,0,0.118,0.063,0.075,0.043,2.056,0.012,1.956,0.054,0,0,2,1.956,0.054
1431167,2,0,1.57,2,0,0.135,0.011,0.137,0.029,2.1,0.005,1.996,0.046,0,0,2,1.996,0.046
1431177,2,0,1.57,2,0,0.035,0.002,0.053,0.025,2.166,-0.001,2.059,0.035,0,0,2,2.059,0.035
1431187,2,0,1.57,2,0,0.062,0.013,0.039,0.032,2.163,-0.007,2.01,0.025,0,0,2,2.01,0.025
1431197,2,0,1.57,2,0,0.083,0.06,0.052,0.035,2.111,-0.001,2.038,0.023,0,0,2,2.038,0.023
1431207,2,0,1.57,2,0,0.183,0.16,0.148,0.121,2.062,0.011,1.996,0.035,0,0,2,1.996,0.035
1431217,2,0,1.57,2,0,0.283,0.082,0.255,0.127,2.086,-0.015,2.007,0.052,0,0,2,2.007,0.052
1431227,4,0,1.57,2,0,0.243,0.008,0.264,0.042,2.144,-0.039,2.069,0.046,0,0,2,2.069,0.046
1431237,4,0,1.57,2,0,0.143,0.001,0.16,0.011,2.154,-0.034,1.99,0.026,0,0,2,1.99,0.026
1431247,4,0,1.57,2,0,0.071,-0.021,0.077,0.004,2.111,-0.011,2.004,0.015,0,0,2,2.004,0.015
1431257,4,0,1.57,2.05,0,0.099,0.034,0.081,0.03,2.098,-0.01,1.973,0.012,0,0,2,1.973,0.012
1431267,4,0,1.57,2.15,0,0.199,0.104,0.174,0.071,2.175,-0.012,1.891,0.016,0,0,2,1.891,0.016
1431277,4,0,1.57,2.25,0,0.299,0.055,0.246,0.082,2.275,0.023,1.952,0.022,0,0,2,1.952,0.022
1431287,4,0,1.57,2.35,0,0.399,0.013,0.343,0.052,2.375,0.084,1.975,0.033,0,0,2,1.975,0.033
1431297,4,0,1.57,2.45,0,0.319,0.002,0.33,0.018,2.475,0.112,1.827,0.032,0,0,2,1.827,0.032
1431307,4,0,1.57,2.55,0,0.219,0,0.239,0.003,2.575,0.116,1.656,0.027,0,0,2,1.656,0.027
1431317,4,0,1.57,2.65,0,0.179,0.023,0.159,0.009,2.675,0.113,1.953,0.033,0,0,2,1.953,0.033
1431327,4,0,1.57,2.75,0,0.279,0.081,0.253,0.078,2.775,0.176,2.171,0.048,0,0,2,2.171,0.048
1431337,4,0,1.57,2.85,0,0.379,0.048,0.325,0.042,2.875,0.23,2.303,0.07,0,0,2,2.303,0.07
1431347,4,0,1.57,2.95,0,0.479,0.024,0.394,0.029,2.975,0.205,2.425,0.085,0,0,2,2.425,0.085
1431357,4,0,1.57,3.05,0,0.579,0.048,0.516,0.03,3.075,0.149,2.254,0.067,0,0,2,2.254,0.067
1431367,4,0,1.57,3.15,0,0.659,0.015,0.621,0.029,3.175,0.135,2.375,0.066,0,0,2,2.375,0.066
1431377,4,0,1.57,3.25,0,0.559,0.002,0.59,0.015,3.275,0.122,2.613,0.065,0,0,2,2.613,0.065
1431387,4,0,1.57,3.35,0,0.459,0,0.485,-0.021,3.375,0.169,2.482,0.05,0,0,2,2.482,0.05
1431397,4,0,1.57,3.45,0,0.359,0,0.397,0.01,3.475,0.196,2.567,0.045,0,0,2,2.567,0.045
1431407,4,0,1.57,3.55,0,0.259,0,0.287,0.022,3.575,0.213,2.641,0.051,0,0,2,2.641,0.051
1431417,4,0,1.57,3.65,0,0.159,0,0.181,0.002,3.675,0.253,2.653,0.051,0,0,2,2.653,0.051
1431427,4,0,1.57,3.75,0,0.059,0,0.093,0.009,3.775,0.322,2.844,0.067,0,0,2,2.844,0.067
1431437,4,0,1.57,3.85,0,0,0,0.007,-0.002,3.875,0.403,2.441,0.061,0,0,2,2.441,0.061
1431447,4,0,1.57,3.95,0,0,0,-0.016,-0.007,3.975,0.425,2.567,0.072,0,0,2,2.567,0.072
1431457,4,0,1.57,4,0,0,0,-0.007,0.01,4.075,0.388,3.549,0.083,0,0,2,3.549,0.083
1431467,4,0,1.57,4,0,0,0,-0.018,-0.01,4.175,0.322,3.946,0.086,0,0,2,3.946,0.086
1431477,4,0,1.57,4,0,0,0,-0.012,0.016,4.204,0.252,4.065,0.087,0,0,2,4.065,0.087
1431487,4,0,1.57,4,0,0,0,-0.008,0.003,4.189,0.22,3.985,0.072,0,0,2,3.985,0.072
1431497,4,0,1.57,4,0,0,0,-0.007,0.011,4.158,0.197,4.027,0.068,0,0,2,4.027,0.068
1431507,4,0,1.57,4,0,0,0,-0.009,-0.012,4.114,0.186,3.97,0.06,0,0,2,3.97,0.06
1431517,4,0,1.57,4,0,0,0,-0.013,0.001,4.079,0.143,3.871,0.049,0,0,2,3.871,0.049
1431527,4,0,1.57,4,0,0,0,-0.001,0.01,4.117,0.089,3.954,0.045,0,0,2,3.954,0.045
1431537,4,0,1.57,4,0,0.011,-0.006,0.012,-0.005,4.159,0.026,3.795,0.024,0,0,2,3.795,0.024
1431547,4,0,1.57,4,0,0,0,-0.019,0.001,4.117,-0.035,3.957,0.013,0,0,2,3.957,0.013
1431557,4,0,1.57,4,0,0,0,0,0.001,4.081,-0.016,3.736,0.012,0,0,2,3.736,0.012
1431567,4,0,1.57,4,0,0.005,-0.009,0.003,-0.006,4.113,-0.026,3.907,0.007,0,0,2,3.907,0.007
1431577,4,0,1.57,4,0,0,-0.001,-0.026,-0.002,4.191,-0.051,3.981,-0.002,0,0,2,3.981,-0.002
1431587,4,0,1.57,4,0,0,0,-0.014,0.013,4.203,-0.123,4.071,-0.009,0,0,2,4.071,-0.009
1431597,4,0,1.57,4,0,0.005,-0.022,-0.006,-0.011,4.12,-0.223,4.024,-0.022,0,0,2,4.024,-0.022
1431607,4,0,1.57,4,0,0.002,-0.009,0.004,-0.013,4.02,-0.323,3.273,-0.032,0,0,2,3.273,-0.032
1431617,4,0,1.57,4,0,0.013,-0.031,0.012,-0.026,4.028,-0.404,3.799,-0.051,0,0,2,3.799,-0.051
1431627,4,0,1.57,4,0,-0.015,-0.008,-0.038,-0.007,4.11,-0.342,3.959,-0.074,0,0,2,3.959,-0.074
1431637,4,0,1.57,4,0,-0.005,0.004,-0.036,0,4.17,-0.331,4.013,-0.081,0,0,2,4.013,-0.081
1431647,4,0,1.57,4,0,0,0,-0.001,0.015,4.205,-0.343,4.021,-0.082,0,0,2,4.021,-0.082
1431657,4,0,1.57,4,0,0,0,-0.002,0.007,4.189,-0.363,4.008,-0.072,0,0,2,4.008,-0.072
1431667,4,0,1.57,4,0,0,0,0.004,0.007,4.147,-0.338,3.989,-0.07,0,0,2,3.989,-0.07
1431677,4,0,1.57,4,0,0,0,-0.002,-0.001,4.121,-0.321,3.816,-0.061,0,0,2,3.816,-0.061
1431687,4,0,1.57,4,0,0,0,0.015,-0.019,4.171,-0.304,3.991,-0.068,0,0,2,3.991,-0.068
1431697,4,0,1.57,4,0,-0.01,-0.01,-0.003,-0.013,4.207,-0.313,4.124,-0.086,0,0,2,4.124,-0.086
1431707,4,0,1.57,4,0,-0.11,-0.11,-0.086,-0.074,4.188,-0.322,4.111,-0.104,0,0,2,4.111,-0.104
1431717,6,0,1.57,4,0,-0.082,-0.033,-0.144,-0.081,4.215,-0.325,4.101,-0.126,0,0,2,4.101,-0.126
1431727,6,0,1.57,4,0,-0.007,-0.004,-0.028,-0.009,4.276,-0.26,4.214,-0.141,0,0,2,4.214,-0.141
1431737,6,0,1.57,4,0,0,0,-0.003,0.002,4.289,-0.16,4.26,-0.14,0,0,2,4.26,-0.14
1431747,6,0,1.57,4.05,0,-0.012,-0.008,0.029,-0.037,4.192,-0.06,4.12,-0.117,0,0,2,4.12,-0.117
1431757,6,0,1.57,4.15,0,-0.003,-0.001,0.009,0.002,4.092,-0.112,3.865,-0.095,0,0,2,3.865,-0.095
1431767,6,0,1.57,4.25,0,-0.009,0.05,-0.011,0.029,4.17,-0.102,3.913,-0.091,0,0,2,3.913,-0.091
1431777,6,0,1.57,4.35,0,0,0.01,-0.054,0.017,4.27,-0.075,3.856,-0.074,0,0,2,3.856,-0.074
1431787,6,0,1.57,4.45,0,0,0.001,-0.019,0.014,4.37,-0.019,3.873,-0.058,0,0,2,3.873,-0.058
1431797,6,0,1.57,4.55,0,0,0,0.006,0.001,4.47,-0.018,3.964,-0.044,0,0,2,3.964,-0.044
1431807,6,0,1.57,4.65,0,0,0,0,0.017,4.57,0.01,4.03,-0.031,0,0,2,4.03,-0.031
1431817,6,0,1.57,4.75,0,0,0,0.001,-0.024,4.67,0.06,4.003,-0.016,0,0,2,4.003,-0.016
1431827,6,0,1.57,4.85,0,0.011,0,0.001,-0.011,4.77,0.077,4.126,-0.004,0,0,2,4.126,-0.004
1431837,6,0,1.57,4.95,0,0.002,0,-0.006,-0.009,4.84,0.067,4.051,0.004,0,0,2,4.051,0.004
1431847,6,0,1.57,5.05,0,0,0,-0.011,0.002,4.876,0.074,3.755,0.01,0,0,2,3.755,0.01
1431857,6,0,1.57,5.15,0,0,0,-0.015,0.017,4.976,0.052,3.487,0.013,0,0,2,3.487,0.013
1431867,6,0,1.57,5.25,0,0.042,-0.024,0.023,-0.006,5,0.053,3.875,0.017,0,0,2,3.875,0.017
1431877,6,0,1.57,5.35,0,0.007,-0.01,0.01,-0.011,4.987,0.05,3.756,0.006,0,0,2,3.756,0.006
1431887,6,0,1.57,5.45,0,0.05,0.025,0.006,0,4.925,0.061,3.25,0.004,0,0,2,3.25,0.004
1431897,6,0,1.57,5.55,0,0.15,-0.002,0.123,0.02,4.934,0.086,3.54,0.014,0,0,2,3.54,0.014
1431907,6,0,1.57,5.65,0,0.25,0.03,0.209,0.017,4.982,0.113,3.643,0.02,0,0,2,3.643,0.02
1431917,6,0,1.57,5.75,0,0.35,0.064,0.301,0.057,4.993,0.105,3.835,0.032,0,0,2,3.835,0.032
1431927,6,0,1.57,5.85,0,0.45,0.106,0.414,0.093,4.981,0.132,3.992,0.05,0,0,2,3.992,0.05
1431937,6,0,1.57,5.95,0,0.55,0.139,0.512,0.126,5,0.141,3.621,0.08,0,0,2,3.621,0.08
1431947,6,0,1.57,6,0,0.65,0.117,0.611,0.117,4.996,0.154,4.591,0.094,0,0,2,4.591,0.094
1431957,6,0,1.57,6,0,0.75,0.138,0.706,0.155,4.969,0.143,4.779,0.114,0,0,2,4.779,0.114
1431967,6,0,1.57,6,0,0.85,0.137,0.814,0.137,4.939,0.104,4.776,0.121,0,0,2,4.776,0.121
1431977,6,0,1.57,6,0,0.95,0.131,0.912,0.136,4.919,0.024,4.665,0.123,0,0,2,4.665,0.123
1431987,6,0,1.57,6,0,1.05,0.103,1.016,0.121,4.867,-0.062,4.763,0.111,0,0,2,4.763,0.111
1431997,6,0,1.57,6,0,1.15,0.075,1.11,0.072,4.793,-0.162,4.695,0.089,0,0,2,4.695,0.089
1432007,6,0,1.57,6,0,1.25,0.033,1.214,0.051,4.73,-0.261,4.635,0.055,0,0,2,4.635,0.055
1432017,6,0,1.57,6,0,1.35,0.011,1.324,0.016,4.754,-0.289,4.641,0.017,0,0,2,4.641,0.017
1432027,6,0,1.57,6,0,1.45,-0.039,1.408,-0.023,4.844,-0.261,4.718,-0.016,0,0,2,4.718,-0.016
1432037,6,0,1.57,6,0,1.55,-0.079,1.491,-0.072,4.944,-0.243,4.825,-0.046,0,0,2,4.825,-0.046
1432047,6,0,1.57,6,0,1.65,-0.178,1.613,-0.154,5,-0.25,4.906,-0.08,0,0,2,4.906,-0.08
1432057,6,0,1.57,6,0,1.75,-0.195,1.72,-0.19,5,-0.24,4.905,-0.122,0,0,2,4.905,-0.122
1432067,6,0,1.57,6,0,1.85,-0.262,1.81,-0.251,5,-0.197,4.9,-0.154,0,0,2,4.9,-0.154
1432077,6,0,1.57,6,0,1.95,-0.301,1.906,-0.298,5,-0.178,4.887,-0.189,0,0,2,4.887,-0.189
1432087,6,0,1.57,6,0,2.05,-0.385,2.036,-0.387,5,-0.162,4.945,-0.212,0,0,2,4.945,-0.212
1432097,6,0,1.57,6,0,2.15,-0.381,2.094,-0.364,5,-0.21,4.96,-0.227,0,0,2,4.96,-0.227
1432107,6,0,1.57,6,0,2.25,-0.385,2.199,-0.4,5,-0.212,4.937,-0.258,0,0,2,4.937,-0.258
1432117,6,0,1.57,6,0,2.33,-0.302,2.319,-0.334,5,-0.198,4.97,-0.266,0,0,2,4.97,-0.266
1432127,6,0,1.57,6,0,2.23,-0.202,2.257,-0.229,5,-0.176,4.978,-0.256,0,0,2,4.978,-0.256
1432137,6,0,1.57,6,0,2.13,-0.102,2.178,-0.129,5,-0.136,4.966,-0.231,0,0,2,4.966,-0.231
1432147,6,0,1.57,6,0,2.03,-0.002,2.104,-0.042,5,-0.114,4.977,-0.198,0,0,2,4.977,-0.198
1432157,6,0,1.57,6,0,1.93,-0.007,1.88,0.006,5,-0.144,4.966,-0.167,0,0,2,4.966,-0.167
1432167,6,0,1.57,6,0,1.99,-0.107,1.957,-0.08,5,-0.145,4.849,-0.108,0,0,2,4.849,-0.108
1432177,6,0,1.57,6,0,2.09,-0.207,2.051,-0.185,5,-0.139,4.913,-0.116,0,0,2,4.913,-0.116
1432187,6,0,1.57,6,0,2.19,-0.307,2.156,-0.276,5,-0.104,4.922,-0.141,0,0,2,4.922,-0.141
1432197,6,0,1.57,6,0,2.29,-0.407,2.245,-0.378,5,-0.094,4.938,-0.174,0,0,2,4.938,-0.174
1432207,6,0,1.57,6,0,2.39,-0.507,2.359,-0.476,5,-0.069,4.886,-0.262,0,0,2,4.886,-0.262
1432217,6,0,1.57,6,0,2.49,-0.607,2.464,-0.582,5,-0.046,4.926,-0.304,0,0,2,4.926,-0.304
1432227,6,0,1.57,6,0,2.59,-0.707,2.557,-0.684,5,0.042,4.91,-0.369,0,0,2,4.91,-0.369
1432237,6,0,1.57,6,0,2.69,-0.728,2.652,-0.742,4.963,0.142,4.655,-0.57,0,0,2,4.655,-0.57
1432247,6,0,1.57,6,0,2.79,-0.732,2.748,-0.73,4.91,0.238,4.797,-0.569,0,0,2,4.797,-0.569
1432257,6,0,1.57,6,0,2.89,-0.646,2.859,-0.688,4.849,0.254,4.648,-0.621,0,0,2,4.648,-0.621
1432267,6,0,1.57,6,0,2.99,-0.574,2.965,-0.62,4.843,0.228,4.753,-0.566,0,0,2,4.753,-0.566
1432277,6,0,1.57,6,0,3.09,-0.474,3.049,-0.509,4.893,0.184,4.648,-0.503,0,0,2,4.648,-0.503
1432287,6,0,1.57,6,0,3.19,-0.4,3.139,-0.427,4.955,0.178,4.83,-0.447,0,0,2,4.83,-0.447
1432297,6,0,1.57,6,0,3.29,-0.317,3.25,-0.351,5,0.163,4.92,-0.381,0,0,2,4.92,-0.381
1432307,6,0,1.57,6,0,3.39,-0.232,3.357,-0.261,5,0.165,4.91,-0.309,0,0,2,4.91,-0.309
1432317,6,0,1.57,6,0,3.49,-0.174,3.467,-0.178,5,0.179,4.921,-0.242,0,0,2,4.921,-0.242
1432327,6,0,1.57,6,0,3.59,-0.077,3.53,-0.124,5,0.229,4.918,-0.178,0,0,2,4.918,-0.178
1432337,6,0,1.57,6,0,3.69,-0.057,3.638,-0.061,5,0.238,4.977,-0.129,0,0,2,4.977,-0.129
1432347,6,0,1.57,6,0,3.79,0.036,3.762,0.003,5,0.252,4.983,-0.075,0,0,2,4.983,-0.075
1432357,6,0,1.57,6,0,3.89,0.136,3.874,0.082,5,0.276,4.978,-0.012,0,0,2,4.978,-0.012
1432367,6,0,1.57,6,0,3.99,0.236,3.969,0.201,5,0.355,4.986,0.051,0,0,2,4.986,0.051
1432377,6,0,1.57,6,0,4.05,0.319,4.021,0.305,5,0.455,4.984,0.128,0,0,2,4.984,0.128
1432387,6,0,1.57,6,0,4.03,0.271,4.034,0.283,5,0.555,4.965,0.222,0,0,2,4.965,0.222
1432397,6,0,1.57,6,0,4.011,0.368,4.032,0.343,5,0.598,4.967,0.281,0,0,2,4.967,0.281
1432407,6,0,1.57,6,0,4.091,0.453,4.052,0.421,5,0.592,4.955,0.343,0,0,2,4.955,0.343
1432417,6,0,1.57,6,0,4.191,0.442,4.159,0.449,5,0.52,4.967,0.388,0,0,2,4.967,0.388
1432427,6,0,1.57,6,0,4.271,0.381,4.255,0.408,5,0.42,4.983,0.404,0,0,2,4.983,0.404
1432437,6,0,1.57,6,0,4.231,0.3,4.255,0.331,5,0.32,4.98,0.393,0,0,2,4.98,0.393
1432447,6,0,1.57,6,0,4.16,0.29,4.165,0.311,5,0.22,4.976,0.359,0,0,2,4.976,0.359
1432457,6,0,1.57,6,0,4.141,0.225,4.123,0.234,5,0.12,4.935,0.297,0,0,2,4.935,0.297
1432467,6,0,1.57,6,0,4.241,0.21,4.209,0.221,5,0.02,4.979,0.265,0,0,2,4.979,0.265
1432477,6,0,1.57,6,0,4.266,0.151,4.268,0.177,5,-0.08,4.947,0.219,0,0,2,4.947,0.219
1432487,6,0,1.57,6,0,4.238,0.074,4.264,0.104,5,-0.18,4.946,0.164,0,0,2,4.946,0.164
1432497,6,0,1.57,6,0,4.24,-0.016,4.263,0.018,5,-0.177,4.973,0.114,0,0,2,4.973,0.114
1432507,6,0,1.57,6,0,4.32,-0.078,4.285,-0.056,5,-0.172,4.973,0.053,0,0,2,4.973,0.053
1432517,6,0,1.57,6,0,4.349,-0.16,4.325,-0.126,5,-0.181,4.977,-0.016,0,0,2,4.977,-0.016
1432527,6,0,1.57,6,0,4.361,-0.196,4.339,-0.183,5,-0.128,4.986,-0.045,0,0,2,4.986,-0.045
1432537,6,0,1.57,6,0,4.419,-0.259,4.392,-0.24,5,-0.057,4.972,-0.102,0,0,2,4.972,-0.102
1432547,6,0,1.57,6,0,4.481,-0.35,4.454,-0.325,5,-0.008,4.979,-0.151,0,0,2,4.979,-0.151
1432558,6,0,1.57,6,0,4.393,-0.356,4.405,-0.353,5,-0.014,4.981,-0.184,0,0,2,4.981,-0.184
1432567,6,0,1.57,6,0,4.283,-0.424,4.311,-0.405,5,-0.033,4.985,-0.209,0,0,2,4.985,-0.209
1432577,6,0,1.57,6,0,4.306,-0.483,4.315,-0.459,5,-0.045,4.988,-0.224,0,0,2,4.988,-0.224
1432587,6,0,1.57,6,0,4.322,-0.558,4.313,-0.545,5,-0.042,4.875,-0.416,0,0,2,4.875,-0.416
1432597,6,0,1.57,6,0,4.397,-0.654,4.356,-0.627,5,-0.049,4.958,-0.431,0,0,2,4.958,-0.431
1432607,6,0,1.57,6,0,4.345,-0.703,4.362,-0.699,5,0.003,4.976,-0.46,0,0,2,4.976,-0.46
1432617,6,0,1.57,6,0,4.265,-0.714,4.294,-0.72,5,0.097,4.984,-0.454,0,0,2,4.984,-0.454
1432627,6,0,1.57,6,0,4.257,-0.717,4.263,-0.728,5,0.197,4.98,-0.456,0,0,2,4.98,-0.456
1432637,6,0,1.57,6,0,4.285,-0.713,4.286,-0.72,4.98,0.297,4.972,-0.443,0,0,2,4.972,-0.443
1432647,6,0,1.57,6,0,4.293,-0.694,4.275,-0.703,4.88,0.397,4.9,-0.412,0,0,2,4.9,-0.412
1432658,6,0,1.57,6,0,4.295,-0.598,4.298,-0.623,4.78,0.497,4.797,-0.427,0,0,2,4.797,-0.427
1432667,6,0,1.57,6,0,4.344,-0.507,4.351,-0.552,4.695,0.617,4.704,-0.353,0,0,2,4.704,-0.353
1432677,6,0,1.57,6,0,4.334,-0.43,4.338,-0.48,4.75,0.697,4.718,-0.317,0,0,2,4.718,-0.317
1432687,6,0,1.57,6,0,4.337,-0.334,4.354,-0.375,4.85,0.717,4.806,-0.219,0,0,2,4.806,-0.219
1432697,6,0,1.57,6,0,4.237,-0.234,4.262,-0.254,4.95,0.617,4.897,-0.136,0,0,2,4.897,-0.136
1432707,6,0,1.57,6,0,4.137,-0.134,4.16,-0.167,5,0.517,4.969,-0.084,0,0,2,4.969,-0.084
1432717,6,0,1.57,6,0,4.164,-0.034,4.137,-0.072,5,0.417,4.98,-0.031,0,0,2,4.98,-0.031
1432727,6,0,1.57,6,0,4.17,0.066,4.177,0.041,5,0.317,4.976,0.012,0,0,2,4.976,0.012
1432737,6,0,1.57,6,0,4.167,0.166,4.156,0.141,5,0.217,4.953,0.065,0,0,2,4.953,0.065
1432747,6,0,1.57,6,0,4.121,0.266,4.117,0.234,5,0.191,4.971,0.108,0,0,2,4.971,0.108
1432757,6,0,1.57,6,0,4.139,0.366,4.125,0.323,5,0.268,4.979,0.155,0,0,2,4.979,0.155
1432767,6,0,1.57,6,0,4.131,0.466,4.128,0.426,5,0.368,4.979,0.219,0,0,2,4.979,0.219
1432777,6,0,1.57,6,0,4.086,0.566,4.108,0.523,5,0.468,4.968,0.319,0,0,2,4.968,0.319
1432787,6,0,1.57,6,0,4.126,0.666,4.131,0.624,5,0.568,4.978,0.395,0,0,2,4.978,0.395
1432797,6,0,1.57,6,0,4.106,0.733,4.129,0.725,4.922,0.56,4.922,0.49,0,0,2,4.922,0.49
1432807,6,0,1.57,6,0,4.142,0.688,4.127,0.712,4.911,0.46,4.843,0.605,0,0,2,4.843,0.605
1432817,0,0,1.57,6,0,4.153,0.602,4.147,0.645,4.927,0.36,4.892,0.609,0,0,2,4.892,0.609
1432827,0,0,1.57,6,0,4.164,0.57,4.16,0.578,4.89,0.26,4.866,0.579,0,0,2,4.866,0.579
1432837,0,0,1.57,6,0,4.264,0.482,4.239,0.525,4.875,0.16,4.817,0.545,0,0,2,4.817,0.545
1432847,0,0,1.57,5.95,0,4.312,0.388,4.298,0.435,4.906,0.06,4.827,0.495,0,0,2,4.827,0.495
1432857,0,0,1.57,5.85,0,4.401,0.295,4.362,0.35,4.93,-0.04,4.774,0.413,0,0,2,4.774,0.413
1432867,0,0,1.57,5.75,0,4.441,0.201,4.43,0.245,4.907,-0.14,4.751,0.325,0,0,2,4.751,0.325
1432877,0,0,1.57,5.65,0,4.415,0.101,4.406,0.137,4.871,-0.24,4.723,0.228,0,0,2,4.723,0.228
1432887,0,0,1.57,5.55,0,4.315,0.001,4.344,0.036,4.814,-0.34,4.678,0.133,0,0,2,4.678,0.133
1432897,0,0,1.57,5.45,0,4.271,-0.099,4.29,-0.049,4.722,-0.44,4.665,0.058,0,0,2,4.665,0.058
1432907,0,0,1.57,5.35,0,4.239,-0.199,4.294,-0.163,4.622,-0.54,4.603,-0.038,0,0,2,4.603,-0.038
1432917,0,0,1.57,5.25,0,4.139,-0.299,4.177,-0.242,4.522,-0.64,4.496,-0.152,0,0,2,4.496,-0.152
1432927,0,0,1.57,5.15,0,4.103,-0.399,4.109,-0.353,4.436,-0.74,4.38,-0.258,0,0,2,4.38,-0.258
1432937,0,0,1.57,5.05,0,4.053,-0.389,4.065,-0.39,4.425,-0.84,4.358,-0.33,0,0,2,4.358,-0.33
1432947,0,0,1.57,4.95,0,4.055,-0.38,4.055,-0.4,4.493,-0.9,4.352,-0.396,0,0,2,4.352,-0.396
1432957,0,0,1.57,4.85,0,4.043,-0.35,4.066,-0.367,4.588,-0.8,4.409,-0.437,0,0,2,4.409,-0.437
1432967,0,0,1.57,4.75,0,4.072,-0.289,4.069,-0.316,4.67,-0.7,4.394,-0.411,0,0,2,4.394,-0.411
1432977,0,0,1.57,4.65,0,4.031,-0.212,4.047,-0.235,4.741,-0.6,4.476,-0.391,0,0,2,4.476,-0.391
1432989,0,0,1.57,4.55,0,4.006,-0.113,4.002,-0.157,4.734,-0.5,4.542,-0.362,0,0,2,4.542,-0.362
1432997,0,0,1.57,4.43,0,4.046,-0.008,4.108,-0.042,4.615,-0.379,4.566,-0.326,0,0,2,4.566,-0.326
1433007,0,0,1.57,4.35,0,4.126,0.067,4.067,0.041,4.535,-0.3,4.544,-0.291,0,0,2,4.544,-0.291
1433017,0,0,1.57,4.25,0,4.134,0.118,4.14,0.109,4.435,-0.2,4.473,-0.207,0,0,2,4.473,-0.207
1433027,0,0,1.57,4.15,0,4.034,0.059,4.05,0.079,4.335,-0.1,4.409,-0.167,0,0,2,4.409,-0.167
1433037,0,0,1.57,4.05,0,3.934,0.007,3.963,0.024,4.235,0,4.333,-0.138,0,0,2,4.333,-0.138
1433047,0,0,1.57,3.95,0,3.834,0,3.966,-0.011,4.135,0.1,4.243,-0.098,0,0,2,4.243,-0.098
1433057,0,0,1.57,3.85,0,3.734,0,3.76,-0.012,4.035,0.2,4.112,-0.04,0,0,2,4.112,-0.04
1433067,0,0,1.57,3.75,0,3.634,0,3.664,0.001,3.935,0.3,3.979,0.001,0,0,2,3.979,0.001
1433080,0,0,1.57,3.65,0,3.534,0,3.594,-0.01,3.835,0.4,3.914,0.039,0,0,2,3.914,0.039
1433087,0,0,1.57,3.53,0,3.404,0,3.499,0.002,3.715,0.521,3.811,0.095,0,0,2,3.811,0.095
1433097,0,0,1.57,3.45,0,3.334,0,3.44,-0.011,3.635,0.6,3.737,0.132,0,0,2,3.737,0.132
1433107,0,0,1.57,3.35,0,3.234,0,3.293,0.013,3.535,0.7,3.63,0.173,0,0,2,3.63,0.173
1433117,0,0,1.57,3.25,0,3.134,0,3.197,0.01,3.435,0.8,3.528,0.213,0,0,2,3.528,0.213
1433127,0,0,1.57,3.15,0,3.034,0,3.095,-0.002,3.335,0.9,3.421,0.238,0,0,2,3.421,0.238
1433137,0,0,1.57,3.05,0,2.934,0,3.011,-0.002,3.235,1,3.271,0.183,0,0,2,3.271,0.183
1433147,0,0,1.57,2.95,0,2.834,0,2.911,0.001,3.135,1.1,3.159,0.168,0,0,2,3.159,0.168
1433160,0,0,1.57,2.85,0,2.734,0,2.814,-0.008,3.035,1.177,3.095,0.222,0,0,2,3.095,0.222
1433167,0,0,1.57,2.73,0,2.604,0,2.67,0.004,2.915,1.074,3.002,0.303,0,0,2,3.002,0.303
1433177,0,0,1.57,2.65,0,2.534,0,2.605,0.014,2.835,0.994,2.931,0.341,0,0,2,2.931,0.341
1433187,0,0,1.57,2.55,0,2.434,0,2.502,0.013,2.735,0.894,2.845,0.392,0,0,2,2.845,0.392
1433197,0,0,1.57,2.45,0,2.334,0,2.39,-0.004,2.635,0.794,2.754,0.43,0,0,2,2.754,0.43
1433207,0,0,1.57,2.35,0,2.234,0,2.304,-0.014,2.535,0.694,2.659,0.448,0,0,2,2.659,0.448
1433217,0,0,1.57,2.25,0,2.134,-0.001,2.166,0.015,2.435,0.594,2.562,0.447,0,0,2,2.562,0.447
1433227,0,0,1.57,2.15,0,2.034,-0.007,2.084,-0.044,2.335,0.494,2.46,0.421,0,0,2,2.46,0.421
1433237,0,0,1.57,2.05,0,1.934,-0.007,1.996,-0.035,2.235,0.394,2.363,0.385,0,0,2,2.363,0.385
1433247,0,0,1.57,1.95,0,1.834,0,1.895,-0.005,2.135,0.294,2.266,0.35,0,0,2,2.266,0.35
1433260,0,0,1.57,1.85,0,1.734,0,1.772,0.012,2.035,0.194,2.169,0.312,0,0,2,2.169,0.312
1433266,0,0,1.57,1.71,0,1.594,0,1.677,0,1.895,0.054,2.033,0.246,0,0,2,2.033,0.246
1433276,0,0,1.57,1.65,0,1.534,0,1.674,-0.016,1.835,-0.006,1.973,0.211,0,0,2,1.973,0.211
1433286,0,0,1.57,1.55,0,1.434,0,1.417,0.007,1.735,-0.106,1.867,0.139,0,0,2,1.867,0.139
1433296,0,0,1.57,1.45,0,1.334,0,1.415,0.005,1.635,-0.206,1.769,0.08,0,0,2,1.769,0.08
1433306,0,0,1.57,1.35,0,1.234,0,1.261,-0.003,1.535,-0.306,1.67,0.018,0,0,2,1.67,0.018
1433316,0,0,1.57,1.25,0,1.134,0,1.166,0.005,1.435,-0.406,1.57,-0.046,0,0,2,1.57,-0.046
1433326,0,0,1.57,1.15,0,1.034,0,1.102,0,1.335,-0.506,1.47,-0.111,0,0,2,1.47,-0.111
1433336,0,0,1.57,1.05,0,0.934,0,1.077,-0.022,1.235,-0.606,1.355,-0.157,0,0,2,1.355,-0.157
1433346,0,0,1.57,0.95,0,0.834,0,0.868,-0.006,1.135,-0.706,1.231,-0.176,0,0,2,1.231,-0.176
1433356,0,0,1.57,0.85,0,0.734,0,0.789,-0.004,1.035,-0.766,1.12,-0.195,0,0,2,1.12,-0.195
1433366,0,0,1.57,0.75,0,0.634,0,0.7,-0.005,0.935,-0.666,1.023,-0.209,0,0,2,1.023,-0.209
1433376,0,0,1.57,0.65,0,0.534,0,0.621,-0.004,0.835,-0.566,0.942,-0.233,0,0,2,0.942,-0.233
1433386,0,0,1.57,0.55,0,0.434,0,0.502,-0.001,0.735,-0.466,0.857,-0.253,0,0,2,0.857,-0.253
1433396,0,0,1.57,0.45,0,0.334,0,0.4,0.002,0.635,-0.366,0.766,-0.257,0,0,2,0.766,-0.257
1433406,0,0,1.57,0.35,0,0.234,0,0.313,0.002,0.535,-0.266,0.672,-0.248,0,0,2,0.672,-0.248
1433416,0,0,1.57,0.25,0,0.134,0,0.203,0.002,0.435,-0.166,0.577,-0.227,0,0,2,0.577,-0.227
1433426,0,0,1.57,0.15,0,0.034,0,0.11,0.011,0.335,-0.066,0.481,-0.195,0,0,2,0.481,-0.195
1433436,0,0,1.57,0.05,0,0,0,0.045,-0.007,0.235,0.034,0.385,-0.154,0,0,2,0.385,-0.154
1433446,0,0,1.57,0,0,0.04,0.04,0.04,-0.02,0.135,0.054,0.205,-0.111,0,0,2,0.205,-0.111
1433456,0,0,1.57,0,0,0.14,0.14,0.01,0.11,0.035,-0.046,0.088,-0.086,0,0,2,0.088,-0.086
1433466,0,0,1.57,0,0,0.24,0.24,0.206,0.247,-0.065,0.027,-0.011,-0.058,0,0,2,-0.011,-0.058
1433476,0,0,1.57,0,0,0.32,0.26,0.31,0.287,-0.073,0.127,-0.073,-0.017,0,0,2,-0.073,-0.017
1433486,0,0,1.57,0,0,0.22,0.16,0.263,0.164,0.027,0.227,-0.015,0.03,0,0,2,-0.015,0.03
1433496,0,0,1.57,0,0,0.12,0.06,0.217,0.089,-0.012,0.327,0.01,0.08,0,0,2,0.01,0.08
1433506,0,0,1.57,0,0,0.02,0,0.071,0.023,-0.112,0.283,-0.063,0.118,0,0,2,-0.063,0.118
1433516,0,0,1.57,0,0,0,0,0.035,0.004,-0.212,0.183,-0.157,0.123,0,0,2,-0.157,0.123
1433526,0,0,1.57,0,0,0,0,0.051,0.015,-0.221,0.083,-0.209,0.111,0,0,2,-0.209,0.111
1433536,0,0,1.57,0,0,0,0,0.02,0.015,-0.277,-0.017,-0.244,0.091,0,0,2,-0.244,0.091
1433546,0,0,1.57,0,0,0,0,0.008,0.013,-0.377,-0.117,-0.326,0.058,0,0,2,-0.326,0.058
1433556,0,0,1.57,0,0,0,0,0.021,0.039,-0.471,-0.217,-0.419,0.016,0,0,2,-0.419,0.016
1433566,0,0,1.57,0,0,0,0,0.008,0.016,-0.472,-0.317,-0.463,-0.035,0,0,2,-0.463,-0.035
1433576,0,0,1.57,0,0,0,0,-0.112,0.084,-0.542,-0.417,-0.503,-0.093,0,0,2,-0.503,-0.093
1433586,0,0,1.57,0,0,0,0,0.025,-0.022,-0.617,-0.517,-0.584,-0.159,0,0,2,-0.584,-0.159
1433596,0,0,1.57,0,0,0,0,0.002,0.002,-0.517,-0.617,-0.551,-0.232,0,0,2,-0.551,-0.232
1433606,0,0,1.57,0,0,0,0,-0.025,-0.001,-0.417,-0.717,-0.464,-0.301,0,0,2,-0.464,-0.301
1433616,0,0,1.57,0,0,0.093,-0.058,0.101,-0.122,-0.317,-0.817,-0.366,-0.368,0,0,2,-0.366,-0.368
1433626,0,0,1.57,0,0,0.094,-0.01,0.103,-0.031,-0.217,-0.797,-0.266,-0.411,0,0,2,-0.266,-0.411
1433636,0,0,1.57,0,0,0.009,-0.001,0.04,-0.019,-0.117,-0.697,-0.168,-0.434,0,0,2,-0.168,-0.434
1433646,0,0,1.57,0,0,0.001,0,0.027,0.025,-0.017,-0.597,-0.07,-0.437,0,0,2,-0.07,-0.437
1433656,0,0,1.57,0,0,0.01,-0.01,0.021,0.004,0.083,-0.497,0.029,-0.426,0,0,2,0.029,-0.426
1433666,0,0,1.57,0,0,0.11,0.071,0.06,0.05,0.183,-0.397,0.128,-0.4,0,0,2,0.128,-0.4
1433676,0,0,1.57,0,0,0.21,0.061,0.16,0.063,0.283,-0.297,0.228,-0.333,0,0,2,0.228,-0.333
1433686,0,0,1.57,0,0,0.31,0.078,0.281,0.052,0.383,-0.197,0.327,-0.244,0,0,2,0.327,-0.244
1433696,0,0,1.57,0,0,0.33,0.087,0.323,0.055,0.483,-0.097,0.427,-0.177,0,0,2,0.427,-0.177
1433706,0,0,1.57,0,0,0.35,0.071,0.379,0.071,0.387,0.003,0.416,-0.123,0,0,2,0.416,-0.123
1433716,0,0,1.57,0,0,0.25,0.079,0.318,0.075,0.287,0.103,0.336,-0.038,0,0,2,0.336,-0.038
1433726,0,0,1.57,0,0,0.33,0.179,0.334,0.162,0.187,0.203,0.242,0.015,0,0,2,0.242,0.015
1433736,0,0,1.57,0,0,0.43,0.23,0.422,0.233,0.106,0.303,0.152,0.078,0,0,2,0.152,0.078
1433746,0,0,1.57,0,0,0.397,0.198,0.446,0.194,0.154,0.403,0.159,0.147,0,0,2,0.159,0.147
1433756,0,0,1.57,0,0,0.349,0.16,0.38,0.181,0.129,0.503,0.149,0.189,0,0,2,0.149,0.189
1433766,0,0,1.57,0,0,0.269,0.137,0.317,0.165,0.063,0.429,0.101,0.219,0,0,2,0.101,0.219
1433776,0,0,1.57,0,0,0.209,0.075,0.269,0.124,-0.001,0.398,0.041,0.229,0,0,2,0.041,0.229
1433786,0,0,1.57,0,0,0.109,0.027,0.171,0.062,-0.051,0.365,-0.009,0.195,0,0,2,-0.009,0.195
1433796,0,0,1.57,0,0,0.058,0.012,0.101,0.04,-0.088,0.294,-0.037,0.118,0,0,2,-0.037,0.118
1433806,0,0,1.57,0,0,0.011,0,0.051,0.016,-0.097,0.231,-0.073,0.096,0,0,2,-0.073,0.096
1433816,0,0,1.57,0,0,-0.023,-0.01,0.011,0.001,-0.091,0.183,-0.086,0.091,0,0,2,-0.086,0.091
1433826,0,0,1.57,0,0,-0.035,-0.013,-0.011,-0.016,-0.077,0.133,-0.081,0.088,0,0,2,-0.081,0.088
1433836,0,0,1.57,0,0,-0.058,-0.025,-0.052,-0.031,-0.063,0.078,-0.068,0.08,0,0,2,-0.068,0.08
1433846,0,0,1.57,0,0,-0.126,-0.048,-0.108,-0.039,-0.076,0.034,-0.073,0.028,0,0,2,-0.073,0.028
1433856,0,0,1.57,0,0,-0.133,-0.029,-0.137,-0.04,-0.1,0.019,-0.091,0.005,0,0,2,-0.091,0.005
1433866,0,0,1.57,0,0,-0.179,0,-0.154,-0.01,-0.112,0.018,-0.107,0,0,0,2,-0.107,0
1433876,-2,0,1.57,0,0,-0.15,0.013,-0.159,0.003,-0.116,0.019,-0.116,0.001,0,0,2,-0.116,0.001
1433886,-2,0,1.57,0,0,-0.138,0.011,-0.152,0.007,-0.113,0.019,-0.117,0.004,0,0,2,-0.117,0.004
1433896,-2,0,1.57,0,0,-0.142,0.021,-0.162,0.016,-0.11,0.022,-0.122,0.009,0,0,2,-0.122,0.009
1433906,-2,0,1.57,-0.05,0,-0.128,0.034,-0.138,0.026,-0.107,0.029,-0.119,0.013,0,0,2,-0.119,0.013
1433916,-2,0,1.57,-0.15,0,-0.137,0.052,-0.129,0.042,-0.129,0.033,-0.122,0.018,0,0,2,-0.122,0.018
1433926,-2,0,1.57,-0.25,0,-0.116,0.032,-0.127,0.042,-0.141,0.038,-0.128,0.028,0,0,2,-0.128,0.028
1433936,-2,0,1.57,-0.35,0,-0.031,0.01,-0.042,0.01,-0.184,0.043,-0.129,0.026,0,0,2,-0.129,0.026
1433946,-2,0,1.57,-0.45,0,-0.021,0.006,-0.021,0.006,-0.25,0.048,-0.141,0.023,0,0,2,-0.141,0.023
1433956,-2,0,1.57,-0.55,0,-0.117,0.024,-0.07,0.011,-0.349,0.053,-0.194,0.023,0,0,2,-0.194,0.023
1433966,-2,0,1.57,-0.65,0,-0.217,0.025,-0.164,0.023,-0.449,0.058,-0.275,0.026,0,0,2,-0.275,0.026
1433976,-2,0,1.57,-0.75,0,-0.299,0.024,-0.241,0.034,-0.549,0.087,-0.366,0.032,0,0,2,-0.366,0.032
1433986,-2,0,1.57,-0.85,0,-0.293,0.017,-0.283,0.021,-0.649,0.179,-0.457,0.047,0,0,2,-0.457,0.047
1433996,-2,0,1.57,-0.95,0,-0.193,0.002,-0.198,0.011,-0.749,0.279,-0.548,0.067,0,0,2,-0.548,0.067
1434006,-2,0,1.57,-1.05,0,-0.093,0,-0.12,0.009,-0.849,0.379,-0.635,0.097,0,0,2,-0.635,0.097
1434016,-2,0,1.57,-1.15,0,0,0,0.003,-0.011,-0.949,0.479,-0.712,0.13,0,0,2,-0.712,0.13
1434026,-2,0,1.57,-1.25,0,0,0,0.018,-0.003,-1.049,0.532,-0.788,0.164,0,0,2,-0.788,0.164
1434036,-2,0,1.57,-1.35,0,0,0,0.024,0.005,-1.149,0.457,-0.83,0.171,0,0,2,-0.83,0.171
1434046,-2,0,1.57,-1.45,0,0,0,0.03,-0.01,-1.249,0.359,-0.809,0.136,0,0,2,-0.809,0.136
1434056,-2,0,1.57,-1.55,0,0,0,0.023,0.005,-1.349,0.295,-0.753,0.09,0,0,2,-0.753,0.09
1434066,-2,0,1.57,-1.65,0,0,0,0.022,-0.001,-1.449,0.195,-0.923,0.089,0,0,2,-0.923,0.089
1434076,-2,0,1.57,-1.75,0,0,0,0.02,-0.005,-1.549,0.161,-1.084,0.083,0,0,2,-1.084,0.083
1434086,-2,0,1.57,-1.85,0,0,0,0.048,0.009,-1.649,0.099,-1.24,0.079,0,0,2,-1.24,0.079
1434096,-2,0,1.57,-1.95,0,0,0,0.001,-0.006,-1.749,0.01,-1.388,0.066,0,0,2,-1.388,0.066
1434106,-2,0,1.57,-2,0,0,0,0.031,0.016,-1.849,-0.049,-1.709,0.048,0,0,2,-1.709,0.048
1434116,-2,0,1.57,-2,0,0,0,0.026,-0.02,-1.949,-0.149,-1.875,0.021,0,0,2,-1.875,0.021
1434126,-2,0,1.57,-2,0,-0.021,0,-0.032,-0.004,-2.049,-0.249,-1.981,-0.016,0,0,2,-1.981,-0.016
1434136,-2,0,1.57,-2,0,-0.117,-0.014,-0.091,-0.005,-2.149,-0.349,-2.044,-0.051,0,0,2,-2.044,-0.051
1434146,-2,0,1.57,-2,0,-0.217,0.05,-0.187,0.034,-2.249,-0.394,-2.167,-0.09,0,0,2,-2.167,-0.09
1434156,-2,0,1.57,-2,0,-0.277,0.01,-0.267,0.019,-2.349,-0.294,-2.279,-0.113,0,0,2,-2.279,-0.113
1434166,-2,0,1.57,-2,0,-0.258,0.001,-0.208,0.003,-2.329,-0.194,-2.302,-0.112,0,0,2,-2.302,-0.112
1434176,-2,0,1.57,-2,0,-0.158,0,-0.164,-0.001,-2.229,-0.094,-2.175,-0.062,0,0,2,-2.175,-0.062
1434186,-2,0,1.57,-2,0,-0.058,-0.01,-0.066,-0.008,-2.129,0.006,-2.129,-0.051,0,0,2,-2.129,-0.051
1434196,-2,0,1.57,-2,0,-0.062,-0.028,-0.039,-0.023,-2.029,0.017,-2.052,-0.04,0,0,2,-2.052,-0.04
1434206,-2,0,1.57,-2,0,-0.162,0.057,-0.146,0.039,-1.929,0.019,-1.956,-0.027,0,0,2,-1.956,-0.027
1434216,-2,0,1.57,-2,0,-0.262,0.098,-0.241,0.106,-1.86,-0.012,-1.856,-0.005,0,0,2,-1.856,-0.005
1434226,-2,0,1.57,-2,0,-0.362,0.063,-0.317,0.057,-1.9,0.006,-1.863,0.004,0,0,2,-1.863,0.004
1434236,-2,0,1.57,-2,0,-0.462,0.036,-0.424,0.055,-1.999,0.002,-1.939,0.01,0,0,2,-1.939,0.01
1434246,-2,0,1.57,-2,0,-0.422,0.005,-0.405,0.005,-2.099,-0.068,-2.029,0.004,0,0,2,-2.029,0.004
1434256,-2,0,1.57,-2,0,-0.322,0,-0.335,0.019,-2.193,-0.087,-2.114,-0.007,0,0,2,-2.114,-0.007
1434266,-2,0,1.57,-2,0,-0.322,0.041,-0.29,0.014,-2.165,-0.07,-2.144,-0.015,0,0,2,-2.144,-0.015
1434276,-2,0,1.57,-2,0,-0.362,0.017,-0.352,0.02,-2.069,-0.036,-2.09,-0.016,0,0,2,-2.09,-0.016
1434286,-2,0,1.57,-2,0,-0.262,-0.028,-0.332,-0.03,-1.969,0.016,-1.997,-0.015,0,0,2,-1.997,-0.015
1434296,-2,0,1.57,-2,0,-0.342,-0.009,-0.344,-0.013,-1.885,0.054,-1.895,-0.008,0,0,2,-1.895,-0.008
1434306,-2,0,1.57,-2,0,-0.442,-0.001,-0.409,-0.009,-1.934,0.069,-1.9,0.002,0,0,2,-1.9,0.002
1434316,-2,0,1.57,-2,0,-0.542,0.009,-0.492,0,-2.026,0.065,-1.968,0.011,0,0,2,-1.968,0.011
1434326,-2,0,1.57,-2,0,-0.642,0.032,-0.584,0.032,-2.101,-0.006,-2.034,0.014,0,0,2,-2.034,0.014
1434336,-2,0,1.57,-2,0,-0.772,0.063,-0.725,0.054,-2.109,-0.063,-2.075,0.01,0,0,2,-2.075,0.01
1434346,-2,0,1.57,-2,0,-0.842,0.06,-0.787,0.049,-2.058,-0.049,-2.065,0.006,0,0,2,-2.065,0.006
1434356,-2,0,1.57,-2,0,-0.942,0.044,-0.912,0.048,-1.963,0.006,-1.995,0.006,0,0,2,-1.995,0.006
1434366,-4,0,1.57,-2,0,-1.042,0.044,-1.074,0.045,-1.911,0.016,-1.919,0.016,0,0,2,-1.919,0.016
1434376,-4,0,1.57,-2,0,-1.142,0.019,-1.101,0.017,-1.928,0.019,-1.912,0.017,0,0,2,-1.912,0.017
1434386,-4,0,1.57,-2,0,-1.152,0.007,-1.152,0.02,-2.002,0.007,-1.959,0.017,0,0,2,-1.959,0.017
1434396,-4,0,1.57,-2.05,0,-1.052,0,-1.063,-0.001,-2.102,-0.026,-1.979,0.011,0,0,2,-1.979,0.011
1434406,-4,0,1.57,-2.15,0,-0.952,0,-0.956,0.005,-2.202,-0.055,-1.891,0.002,0,0,2,-1.891,0.002
1434416,-4,0,1.57,-2.25,0,-0.852,0,-0.87,0,-2.302,-0.052,-1.823,-0.002,0,0,2,-1.823,-0.002
1434426,-4,0,1.57,-2.35,0,-0.752,0,-0.759,-0.006,-2.402,-0.04,-1.921,-0.006,0,0,2,-1.921,-0.006
1434436,-4,0,1.57,-2.45,0,-0.652,0,-0.673,-0.004,-2.502,-0.006,-2.052,-0.007,0,0,2,-2.052,-0.007
1434446,-4,0,1.57,-2.55,0,-0.552,0,-0.572,0.001,-2.602,-0.038,-2.165,-0.009,0,0,2,-2.165,-0.009
1434456,-4,0,1.57,-2.65,0,-0.532,0.008,-0.495,0,-2.702,-0.044,-2.271,-0.013,0,0,2,-2.271,-0.013
1434466,-4,0,1.57,-2.75,0,-0.632,0.059,-0.629,0.043,-2.802,-0.029,-2.283,-0.004,0,0,2,-2.283,-0.004
1434476,-4,0,1.57,-2.85,0,-0.732,0.047,-0.689,0.037,-2.902,-0.077,-2.242,0.005,0,0,2,-2.242,0.005
1434486,-4,0,1.57,-2.95,0,-0.832,0.043,-0.789,0.039,-3.002,-0.177,-2.423,-0.004,0,0,2,-2.423,-0.004
1434496,-4,0,1.57,-3.05,0,-0.932,0.062,-0.872,0.063,-3.102,-0.277,-2.569,-0.021,0,0,2,-2.569,-0.021
1434506,-4,0,1.57,-3.15,0,-1.032,0.041,-0.976,0.043,-3.202,-0.307,-2.535,-0.025,0,0,2,-2.535,-0.025
1434516,-4,0,1.57,-3.25,0,-1.132,0.021,-1.09,0.023,-3.302,-0.238,-2.482,-0.019,0,0,2,-2.482,-0.019
1434526,-4,0,1.57,-3.35,0,-1.232,0.032,-1.176,0.032,-3.402,-0.22,-2.759,-0.033,0,0,2,-2.759,-0.033
1434536,-4,0,1.57,-3.45,0,-1.212,0.014,-1.222,0.006,-3.502,-0.242,-2.968,-0.048,0,0,2,-2.968,-0.048
1434546,-4,0,1.57,-3.55,0,-1.232,0.016,-1.188,0.017,-3.602,-0.315,-3.087,-0.063,0,0,2,-3.087,-0.063
1434556,-4,0,1.57,-3.65,0,-1.332,-0.045,-1.304,-0.021,-3.702,-0.388,-3.165,-0.085,0,0,2,-3.165,-0.085
1434566,-4,0,1.57,-3.75,0,-1.432,-0.061,-1.388,-0.041,-3.802,-0.402,-3.274,-0.112,0,0,2,-3.274,-0.112
1434576,-4,0,1.57,-3.85,0,-1.532,-0.019,-1.483,-0.033,-3.902,-0.35,-3.397,-0.13,0,0,2,-3.397,-0.13
1434586,-4,0,1.57,-3.95,0,-1.632,-0.023,-1.586,-0.038,-4.002,-0.264,-3.483,-0.129,0,0,2,-3.483,-0.129
1434596,-4,0,1.57,-4,0,-1.732,-0.009,-1.667,-0.011,-4.102,-0.204,-3.768,-0.093,0,0,2,-3.768,-0.093
1434606,-4,0,1.57,-4,0,-1.832,-0.012,-1.769,-0.018,-4.202,-0.19,-4.055,-0.082,0,0,2,-4.055,-0.082
1434616,-4,0,1.57,-4,0,-1.932,-0.021,-1.873,-0.021,-4.302,-0.229,-4.209,-0.085,0,0,2,-4.209,-0.085
1434626,-4,0,1.57,-4,0,-2.032,-0.017,-2.018,-0.01,-4.268,-0.224,-4.254,-0.096,0,0,2,-4.254,-0.096
1434636,-4,0,1.57,-4,0,-2.132,-0.019,-2.111,-0.028,-4.168,-0.124,-4.155,-0.087,0,0,2,-4.155,-0.087
1434646,-4,0,1.57,-4,0,-2.232,0.014,-2.223,0.001,-4.068,-0.024,-3.964,-0.045,0,0,2,-3.964,-0.045
1434656,-4,0,1.57,-4,0,-2.332,0.091,-2.311,0.06,-3.968,0.076,-3.975,-0.032,0,0,2,-3.975,-0.032
1434666,-4,0,1.57,-4,0,-2.432,0.151,-2.358,0.124,-3.868,0.176,-3.893,-0.002,0,0,2,-3.893,-0.002
1434676,-4,0,1.57,-4,0,-2.482,0.229,-2.457,0.218,-3.768,0.276,-3.786,0.057,0,0,2,-3.786,0.057
1434686,-4,0,1.57,-4,0,-2.441,0.199,-2.439,0.199,-3.792,0.376,-3.699,0.145,0,0,2,-3.699,0.145
1434696,-4,0,1.57,-4,0,-2.378,0.183,-2.39,0.196,-3.892,0.476,-3.782,0.187,0,0,2,-3.782,0.187
1434706,-4,0,1.57,-4,0,-2.412,0.256,-2.406,0.231,-3.992,0.538,-3.917,0.224,0,0,2,-3.917,0.224
1434716,-4,0,1.57,-4,0,-2.432,0.335,-2.412,0.324,-4.092,0.527,-4.026,0.267,0,0,2,-4.026,0.267
1434726,-4,0,1.57,-4,0,-2.532,0.35,-2.525,0.324,-4.086,0.451,-4.059,0.308,0,0,2,-4.059,0.308
1434736,-4,0,1.57,-4,0,-2.612,0.336,-2.581,0.357,-3.986,0.351,-4.001,0.321,0,0,2,-4.001,0.321
1434746,-4,0,1.57,-4,0,-2.572,0.368,-2.567,0.386,-3.886,0.251,-3.894,0.328,0,0,2,-3.894,0.328
1434756,-4,0,1.57,-4,0,-2.624,0.371,-2.607,0.377,-3.786,0.151,-3.808,0.318,0,0,2,-3.808,0.318
1434766,-4,0,1.57,-4,0,-2.531,0.288,-2.548,0.292,-3.862,0.051,-3.81,0.293,0,0,2,-3.81,0.293
1434776,-4,0,1.57,-4,0,-2.551,0.219,-2.534,0.242,-3.962,-0.049,-3.907,0.25,0,0,2,-3.907,0.25
1434786,-4,0,1.57,-4,0,-2.631,0.182,-2.61,0.243,-3.986,-0.149,-3.969,0.201,0,0,2,-3.969,0.201
1434796,-4,0,1.57,-4,0,-2.671,0.221,-2.621,0.221,-3.886,-0.249,-3.909,0.145,0,0,2,-3.909,0.145
1434806,-6,0,1.57,-4,0,-2.751,0.145,-2.71,0.151,-3.786,-0.349,-3.801,0.098,0,0,2,-3.801,0.098
1434816,-6,0,1.57,-4,0,-2.711,0.059,-2.732,0.089,-3.751,-0.446,-3.728,0.046,0,0,2,-3.728,0.046
1434826,-6,0,1.57,-4,0,-2.782,-0.001,-2.765,0.043,-3.839,-0.466,-3.757,0.003,0,0,2,-3.757,0.003
1434836,-6,0,1.57,-4.05,0,-2.788,-0.037,-2.783,-0.026,-3.937,-0.476,-3.665,-0.034,0,0,2,-3.665,-0.034
1434846,-6,0,1.57,-4.15,0,-2.824,-0.059,-2.81,-0.062,-4.037,-0.441,-3.631,-0.068,0,0,2,-3.631,-0.068
1434856,-6,0,1.57,-4.25,0,-2.899,-0.096,-2.859,-0.085,-4.137,-0.341,-3.575,-0.086,0,0,2,-3.575,-0.086
1434866,-6,0,1.57,-4.35,0,-2.92,-0.099,-2.879,-0.1,-4.237,-0.241,-3.684,-0.103,0,0,2,-3.684,-0.103
1434876,-6,0,1.57,-4.45,0,-3,-0.136,-2.948,-0.13,-4.337,-0.185,-3.843,-0.112,0,0,2,-3.843,-0.112
1434886,-6,0,1.57,-4.55,0,-3.009,-0.167,-3.006,-0.147,-4.437,-0.185,-3.664,-0.131,0,0,2,-3.664,-0.131
1434896,-6,0,1.57,-4.65,0,-2.977,-0.191,-2.97,-0.176,-4.537,-0.183,-3.779,-0.146,0,0,2,-3.779,-0.146
1434906,-6,0,1.57,-4.75,0,-2.978,-0.223,-2.952,-0.211,-4.626,-0.186,-3.814,-0.169,0,0,2,-3.814,-0.169
1434916,-6,0,1.57,-4.85,0,-3.036,-0.207,-3.017,-0.207,-4.643,-0.164,-3.979,-0.18,0,0,2,-3.979,-0.18
1434926,-6,0,1.57,-4.95,0,-3.096,-0.208,-3.074,-0.205,-4.645,-0.162,-3.986,-0.194,0,0,2,-3.986,-0.194
1434936,-6,0,1.57,-5.05,0,-3.081,-0.228,-3.075,-0.237,-4.674,-0.16,-3.997,-0.206,0,0,2,-3.997,-0.206
1434946,-6,0,1.57,-5.15,0,-3.105,-0.261,-3.09,-0.255,-4.739,-0.185,-4.161,-0.212,0,0,2,-4.161,-0.212
1434956,-6,0,1.57,-5.25,0,-3.108,-0.29,-3.093,-0.281,-4.82,-0.183,-4.306,-0.223,0,0,2,-4.306,-0.223
1434966,-6,0,1.57,-5.35,0,-3.208,-0.328,-3.175,-0.315,-4.846,-0.159,-4.334,-0.243,0,0,2,-4.334,-0.243
1434976,-6,0,1.57,-5.45,0,-3.245,-0.357,-3.206,-0.348,-4.813,-0.116,-4.449,-0.248,0,0,2,-4.449,-0.248
1434986,-6,0,1.57,-5.55,0,-3.325,-0.366,-3.283,-0.356,-4.765,-0.128,-4.459,-0.26,0,0,2,-4.459,-0.26
1434996,-6,0,1.57,-5.65,0,-3.325,-0.375,-3.324,-0.374,-4.782,-0.149,-4.361,-0.295,0,0,2,-4.361,-0.295
1435006,-6,0,1.57,-5.75,0,-3.293,-0.379,-3.296,-0.371,-4.859,-0.171,-4.361,-0.31,0,0,2,-4.361,-0.31
1435016,-6,0,1.57,-5.85,0,-3.373,-0.449,-3.323,-0.448,-4.925,-0.119,-4.381,-0.328,0,0,2,-4.381,-0.328
1435026,-6,0,1.57,-5.95,0,-3.433,-0.456,-3.406,-0.466,-4.849,-0.031,-4.41,-0.349,0,0,2,-4.41,-0.349
1435036,-6,0,1.57,-6,0,-3.5,-0.422,-3.459,-0.44,-4.749,0.044,-4.542,-0.372,0,0,2,-4.542,-0.372
1435046,-6,0,1.57,-6,0,-3.419,-0.382,-3.448,-0.413,-4.649,0.131,-4.621,-0.342,0,0,2,-4.621,-0.342
1435056,-6,0,1.57,-6,0,-3.319,-0.361,-3.354,-0.379,-4.549,0.231,-4.558,-0.302,0,0,2,-4.558,-0.302
1435066,-6,0,1.57,-6,0,-3.283,-0.317,-3.29,-0.353,-4.449,0.331,-4.445,-0.262,0,0,2,-4.445,-0.262
1435076,-6,0,1.57,-6,0,-3.293,-0.217,-3.31,-0.251,-4.349,0.431,-4.365,-0.205,0,0,2,-4.365,-0.205
1435086,-6,0,1.57,-6,0,-3.321,-0.117,-3.301,-0.143,-4.289,0.531,-4.289,-0.124,0,0,2,-4.289,-0.124
1435096,-6,0,1.57,-6,0,-3.281,-0.017,-3.264,-0.07,-4.38,0.551,-4.311,-0.045,0,0,2,-4.311,-0.045
1435106,-6,0,1.57,-6,0,-3.217,0.083,-3.236,0.057,-4.48,0.451,-4.393,0.018,0,0,2,-4.393,0.018
1435116,-6,0,1.57,-6,0,-3.117,0.183,-3.138,0.157,-4.58,0.351,-4.457,0.082,0,0,2,-4.457,0.082
1435126,-6,0,1.57,-6,0,-3.149,0.283,-3.113,0.246,-4.68,0.251,-4.567,0.135,0,0,2,-4.567,0.135
1435136,-6,0,1.57,-6,0,-3.249,0.383,-3.197,0.347,-4.78,0.238,-4.68,0.188,0,0,2,-4.68,0.188
1435146,-6,0,1.57,-6,0,-3.289,0.483,-3.286,0.452,-4.84,0.273,-4.789,0.236,0,0,2,-4.789,0.236
1435156,-6,0,1.57,-6,0,-3.376,0.583,-3.343,0.548,-4.74,0.285,-4.691,0.343,0,0,2,-4.691,0.343
1435166,-6,0,1.57,-6,0,-3.336,0.683,-3.369,0.644,-4.64,0.2,-4.617,0.412,0,0,2,-4.617,0.412
1435176,-6,0,1.57,-6,0,-3.356,0.761,-3.343,0.765,-4.54,0.1,-4.521,0.484,0,0,2,-4.521,0.484
1435186,-6,0,1.57,-6,0,-3.378,0.765,-3.374,0.766,-4.44,0,-4.428,0.529,0,0,2,-4.428,0.529
1435196,-6,0,1.57,-6,0,-3.418,0.707,-3.4,0.727,-4.34,-0.1,-4.347,0.529,0,0,2,-4.347,0.529
1435206,-6,0,1.57,-6,0,-3.43,0.61,-3.44,0.644,-4.262,-0.2,-4.253,0.51,0,0,2,-4.253,0.51
1435216,-6,0,1.57,-6,0,-3.51,0.572,-3.487,0.602,-4.26,-0.3,-4.21,0.509,0,0,2,-4.21,0.509
1435226,-6,0,1.57,-6,0,-3.57,0.472,-3.538,0.529,-4.315,-0.4,-4.269,0.435,0,0,2,-4.269,0.435
1435236,-6,0,1.57,-6,0,-3.67,0.372,-3.62,0.406,-4.415,-0.38,-4.359,0.349,0,0,2,-4.359,0.349
1435246,-6,0,1.57,-6,0,-3.664,0.272,-3.668,0.304,-4.515,-0.28,-4.425,0.286,0,0,2,-4.425,0.286
1435256,-6,0,1.57,-6,0,-3.616,0.172,-3.626,0.206,-4.615,-0.18,-4.485,0.238,0,0,2,-4.485,0.238
1435266,-6,0,1.57,-6,0,-3.608,0.072,-3.605,0.097,-4.715,-0.171,-4.629,0.189,0,0,2,-4.629,0.189
1435276,-6,0,1.57,-6,0,-3.662,-0.028,-3.633,0.004,-4.815,-0.256,-4.676,0.097,0,0,2,-4.676,0.097
1435286,-6,0,1.57,-6,0,-3.678,-0.128,-3.674,-0.091,-4.835,-0.356,-4.795,0.037,0,0,2,-4.795,0.037
1435296,-6,0,1.57,-6,0,-3.614,-0.228,-3.638,-0.188,-4.735,-0.456,-4.723,-0.053,0,0,2,-4.723,-0.053
1435306,-6,0,1.57,-6,0,-3.674,-0.328,-3.645,-0.286,-4.635,-0.556,-4.632,-0.146,0,0,2,-4.632,-0.146
1435316,-6,0,1.57,-6,0,-3.661,-0.428,-3.656,-0.41,-4.535,-0.656,-4.546,-0.237,0,0,2,-4.546,-0.237
1435326,-6,0,1.57,-6,0,-3.615,-0.528,-3.646,-0.511,-4.435,-0.756,-4.458,-0.325,0,0,2,-4.458,-0.325
1435336,-6,0,1.57,-6,0,-3.515,-0.628,-3.568,-0.584,-4.335,-0.816,-4.34,-0.441,0,0,2,-4.34,-0.441
1435346,-8,0,1.57,-6,0,-3.417,-0.548,-3.459,-0.578,-4.235,-0.716,-4.241,-0.523,0,0,2,-4.241,-0.523
1435356,-8,0,1.57,-6,0,-3.438,-0.448,-3.446,-0.493,-4.175,-0.616,-4.17,-0.538,0,0,2,-4.17,-0.538
1435366,-8,0,1.57,-6,0,-3.457,-0.348,-3.422,-0.392,-4.275,-0.516,-4.177,-0.489,0,0,2,-4.177,-0.489
1435376,-8,0,1.57,-6.05,0,-3.429,-0.248,-3.43,-0.284,-4.375,-0.416,-4.217,-0.462,0,0,2,-4.217,-0.462
1435386,-8,0,1.57,-6.15,0,-3.489,-0.148,-3.484,-0.165,-4.475,-0.316,-4.175,-0.369,0,0,2,-4.175,-0.369
1435396,-8,0,1.57,-6.25,0,-3.465,-0.048,-3.467,-0.081,-4.575,-0.216,-4.197,-0.28,0,0,2,-4.197,-0.28
1435406,-8,0,1.57,-6.35,0,-3.465,0.052,-3.468,0.02,-4.675,-0.116,-4.159,-0.153,0,0,2,-4.159,-0.153
1435416,-8,0,1.57,-6.45,0,-3.542,0.152,-3.504,0.119,-4.775,-0.016,-4.199,-0.058,0,0,2,-4.199,-0.058
1435426,-8,0,1.57,-6.55,0,-3.582,0.252,-3.54,0.226,-4.875,0.084,-4.324,0.026,0,0,2,-4.324,0.026
1435436,-8,0,1.57,-6.65,0,-3.542,0.352,-3.53,0.321,-4.975,0.18,-4.399,0.126,0,0,2,-4.399,0.126
1435446,-8,0,1.57,-6.75,0,-3.454,0.452,-3.474,0.423,-5,0.236,-4.512,0.203,0,0,2,-4.512,0.203
1435456,-8,0,1.57,-6.85,0,-3.491,0.552,-3.459,0.504,-5,0.274,-4.581,0.277,0,0,2,-4.581,0.277
1435466,-8,0,1.57,-6.95,0,-3.551,0.652,-3.515,0.623,-5,0.279,-4.433,0.416,0,0,2,-4.433,0.416
1435476,-8,0,1.57,-7.05,0,-3.542,0.752,-3.542,0.731,-4.98,0.274,-4.466,0.503,0,0,2,-4.466,0.503
1435486,-8,0,1.57,-7.15,0,-3.502,0.852,-3.491,0.834,-4.88,0.195,-4.503,0.559,0,0,2,-4.503,0.559
1435496,-8,0,1.57,-7.25,0,-3.492,0.952,-3.488,0.931,-4.78,0.095,-4.564,0.568,0,0,2,-4.564,0.568
1435506,-8,0,1.57,-7.35,0,-3.434,0.937,-3.47,0.947,-4.68,-0.005,-4.508,0.605,0,0,2,-4.508,0.605
1435516,-8,0,1.57,-7.45,0,-3.494,0.916,-3.492,0.941,-4.58,-0.105,-4.5,0.571,0,0,2,-4.5,0.571
1435526,-8,0,1.57,-7.55,0,-3.574,0.899,-3.554,0.924,-4.48,-0.205,-4.43,0.553,0,0,2,-4.43,0.553
1435536,-8,0,1.57,-7.65,0,-3.563,0.799,-3.589,0.845,-4.449,-0.305,-4.237,0.635,0,0,2,-4.237,0.635
1435546,-8,0,1.57,-7.75,0,-3.548,0.721,-3.561,0.755,-4.455,-0.405,-4.228,0.601,0,0,2,-4.228,0.601
1435556,-8,0,1.57,-7.85,0,-3.628,0.621,-3.595,0.661,-4.499,-0.355,-4.306,0.508,0,0,2,-4.306,0.508
1435566,-8,0,1.57,-7.95,0,-3.708,0.521,-3.652,0.556,-4.577,-0.255,-4.349,0.438,0,0,2,-4.349,0.438
1435576,-8,0,1.57,-8,0,-3.704,0.421,-3.701,0.461,-4.677,-0.155,-4.563,0.392,0,0,2,-4.563,0.392
1435586,-8,0,1.57,-8,0,-3.744,0.321,-3.715,0.351,-4.777,-0.055,-4.697,0.347,0,0,2,-4.697,0.347
1435596,-8,0,1.57,-8,0,-3.749,0.221,-3.734,0.249,-4.877,0.045,-4.774,0.297,0,0,2,-4.774,0.297
1435606,-8,0,1.57,-8,0,-3.809,0.121,-3.769,0.154,-4.977,0.02,-4.883,0.249,0,0,2,-4.883,0.249
1435616,-8,0,1.57,-8,0,-3.872,0.021,-3.838,0.046,-5,-0.08,-4.974,0.207,0,0,2,-4.974,0.207
1435626,-8,0,1.57,-8,0,-3.885,-0.079,-3.895,-0.057,-5,-0.18,-4.988,0.147,0,0,2,-4.988,0.147
1435636,-8,0,1.57,-8,0,-3.793,-0.179,-3.841,-0.132,-5,-0.28,-4.981,0.06,0,0,2,-4.981,0.06
1435646,-8,0,1.57,-8,0,-3.788,-0.279,-3.81,-0.226,-5,-0.38,-4.986,-0.025,0,0,2,-4.986,-0.025
1435656,-8,0,1.57,-8,0,-3.809,-0.379,-3.793,-0.335,-4.901,-0.48,-4.924,-0.107,0,0,2,-4.924,-0.107
1435666,-8,0,1.57,-8,0,-3.756,-0.479,-3.762,-0.453,-4.801,-0.58,-4.82,-0.226,0,0,2,-4.82,-0.226
1435676,-8,0,1.57,-8,0,-3.728,-0.52,-3.757,-0.522,-4.701,-0.68,-4.731,-0.309,0,0,2,-4.731,-0.309
1435686,-8,0,1.57,-8,0,-3.628,-0.519,-3.675,-0.525,-4.601,-0.78,-4.631,-0.395,0,0,2,-4.631,-0.395
1435696,-8,0,1.57,-8,0,-3.722,-0.467,-3.735,-0.491,-4.501,-0.8,-4.528,-0.473,0,0,2,-4.528,-0.473
1435706,-8,0,1.57,-8,0,-3.765,-0.404,-3.753,-0.434,-4.401,-0.7,-4.436,-0.512,0,0,2,-4.436,-0.512
1435716,-8,0,1.57,-8,0,-3.726,-0.304,-3.684,-0.349,-4.324,-0.6,-4.343,-0.518,0,0,2,-4.343,-0.518
1435726,-8,0,1.57,-8,0,-3.693,-0.204,-3.704,-0.233,-4.424,-0.5,-4.374,-0.453,0,0,2,-4.374,-0.453
1435736,-8,0,1.57,-8,0,-3.593,-0.104,-3.621,-0.131,-4.524,-0.4,-4.468,-0.405,0,0,2,-4.468,-0.405
1435746,-8,0,1.57,-8,0,-3.618,-0.004,-3.592,-0.039,-4.624,-0.3,-4.559,-0.322,0,0,2,-4.559,-0.322
1435756,-8,0,1.57,-8,0,-3.718,0.096,-3.685,0.064,-4.724,-0.2,-4.652,-0.228,0,0,2,-4.652,-0.228
1435766,-8,0,1.57,-8,0,-3.747,0.196,-3.756,0.174,-4.824,-0.1,-4.72,-0.049,0,0,2,-4.72,-0.049
1435776,-8,0,1.57,-8,0,-3.791,0.296,-3.762,0.245,-4.844,0,-4.818,-0.006,0,0,2,-4.818,-0.006
1435786,-8,0,1.57,-8,0,-3.706,0.396,-3.728,0.363,-4.744,0.1,-4.755,0.063,0,0,2,-4.755,0.063
1435796,-8,0,1.57,-8,0,-3.77,0.466,-3.752,0.459,-4.644,0.2,-4.666,0.132,0,0,2,-4.666,0.132
1435806,-8,0,1.57,-8,0,-3.85,0.525,-3.835,0.52,-4.544,0.3,-4.573,0.2,0,0,2,-4.573,0.2
1435816,-8,0,1.57,-8,0,-3.927,0.472,-3.931,0.479,-4.444,0.4,-4.474,0.276,0,0,2,-4.474,0.276
1435826,-8,0,1.57,-8,0,-3.877,0.372,-3.914,0.402,-4.344,0.364,-4.38,0.309,0,0,2,-4.38,0.309
1435836,-8,0,1.57,-8,0,-3.897,0.272,-3.852,0.325,-4.244,0.264,-4.282,0.312,0,0,2,-4.282,0.312
1435846,-8,0,1.57,-8,0,-3.854,0.172,-3.85,0.213,-4.338,0.164,-4.303,0.291,0,0,2,-4.303,0.291
1435856,-8,0,1.57,-8,0,-3.869,0.072,-3.842,0.099,-4.438,0.064,-4.386,0.231,0,0,2,-4.386,0.231
1435866,-8,0,1.57,-8,0,-3.809,-0.014,-3.83,-0.007,-4.538,0.037,-4.489,0.184,0,0,2,-4.489,0.184
1435876,-8,0,1.57,-8,0,-3.709,-0.002,-3.75,-0.014,-4.638,0.039,-4.588,0.14,0,0,2,-4.588,0.14
1435886,-8,0,1.57,-8,0,-3.609,0.002,-3.636,-0.02,-4.738,-0.024,-4.685,0.1,0,0,2,-4.685,0.1
1435896,-8,0,1.57,-8,0,-3.509,-0.017,-3.551,-0.015,-4.838,-0.115,-4.749,0.047,0,0,2,-4.749,0.047
1435906,-8,0,1.57,-8,0,-3.409,0.083,-3.44,0.043,-4.898,-0.215,-4.863,0.016,0,0,2,-4.863,0.016
1435916,-8,0,1.57,-8,0,-3.309,0.183,-3.341,0.134,-4.798,-0.315,-4.791,0.009,0,0,2,-4.791,0.009
1435926,-8,0,1.57,-8,0,-3.209,0.257,-3.247,0.241,-4.698,-0.415,-4.709,0,0,0,2,-4.709,0
1435936,-8,0,1.57,-8,0,-3.109,0.157,-3.154,0.194,-4.598,-0.387,-4.612,-0.011,0,0,2,-4.612,-0.011
1435946,-8,0,1.57,-8,0,-3.009,0.057,-3.065,0.093,-4.498,-0.287,-4.504,-0.004,0,0,2,-4.504,-0.004
1435956,-8,0,1.57,-8,0,-2.909,-0.003,-2.953,0.023,-4.398,-0.187,-4.419,-0.021,0,0,2,-4.419,-0.021
1435966,-8,0,1.57,-8,0,-2.809,-0.063,-2.837,-0.028,-4.298,-0.087,-4.323,-0.034,0,0,2,-4.323,-0.034
1435976,-8,0,1.57,-8,0,-2.829,-0.163,-2.763,-0.158,-4.198,0.013,-4.205,-0.049,0,0,2,-4.205,-0.049
1435986,-8,0,1.57,-8,0,-2.929,-0.071,-2.891,-0.089,-4.213,0.113,-4.177,-0.045,0,0,2,-4.177,-0.045
1435996,-8,0,1.57,-8,0,-2.849,-0.011,-2.866,-0.019,-4.313,0.053,-4.256,-0.029,0,0,2,-4.256,-0.029
1436007,-8,0,1.57,-8,0,-2.749,-0.003,-2.792,0.006,-4.413,-0.029,-4.351,-0.021,0,0,2,-4.351,-0.021
1436016,-8,0,1.57,-8,0,-2.649,-0.001,-2.704,-0.005,-4.513,-0.073,-4.438,-0.02,0,0,2,-4.438,-0.02
1436026,-8,0,1.57,-8,0,-2.549,0,-2.585,-0.01,-4.493,-0.062,-4.473,-0.024,0,0,2,-4.473,-0.024
1436036,-8,0,1.57,-8,0,-2.449,0,-2.488,0.004,-4.393,0.038,-4.312,-0.012,0,0,2,-4.312,-0.012
1436046,-8,0,1.57,-8,0,-2.349,0,-2.389,0.008,-4.293,0.138,-4.26,0.001,0,0,2,-4.26,0.001
1436056,-8,0,1.57,-8,0,-2.249,-0.003,-2.309,-0.021,-4.193,0.15,-4.176,0.016,0,0,2,-4.176,0.016
1436066,-8,0,1.57,-8,0,-2.149,-0.01,-2.198,-0.014,-4.093,0.05,-4.098,0.016,0,0,2,-4.098,0.016
1436076,-8,0,1.57,-8,0,-2.049,-0.002,-2.078,0.01,-3.993,-0.05,-3.994,0.011,0,0,2,-3.994,0.011
1436086,-8,0,1.57,-8,0,-1.949,-0.007,-1.976,-0.005,-3.893,-0.15,-3.872,-0.005,0,0,2,-3.872,-0.005
1436096,-8,0,1.57,-8,0,-1.849,0.005,-1.887,0.01,-3.873,-0.247,-3.728,-0.019,0,0,2,-3.728,-0.019
1436106,-8,0,1.57,-8,0,-1.749,0.06,-1.78,0.051,-3.973,-0.158,-3.822,-0.022,0,0,2,-3.822,-0.022
1436116,-8,0,1.57,-8,0,-1.649,0.16,-1.67,0.119,-4.073,-0.105,-3.951,-0.01,0,0,2,-3.951,-0.01
1436126,-8,0,1.57,-8,0,-1.549,0.26,-1.561,0.218,-4.173,-0.073,-4.045,0.027,0,0,2,-4.045,0.027
1436136,-8,0,1.57,-8,0,-1.449,0.18,-1.47,0.202,-4.273,-0.039,-4.176,0.055,0,0,2,-4.176,0.055
1436146,-8,0,1.57,-8,0,-1.349,0.28,-1.417,0.245,-4.373,-0.061,-4.283,0.063,0,0,2,-4.283,0.063
1436156,-8,0,1.57,-8,0,-1.249,0.3,-1.304,0.325,-4.342,-0.023,-4.282,0.108,0,0,2,-4.282,0.108
1436166,-8,0,1.57,-8,0,-1.149,0.2,-1.183,0.233,-4.242,0.05,-4.21,0.133,0,0,2,-4.21,0.133
1436176,0,0,1.57,-8,0,-1.049,0.1,-1.082,0.128,-4.142,0.11,-4.069,0.14,0,0,2,-4.069,0.14
1436186,0,0,1.57,-8,0,-0.949,0,-1.002,0.041,-4.042,0.102,-4.003,0.124,0,0,2,-4.003,0.124
1436196,0,0,1.57,-8,0,-0.849,-0.005,-0.895,-0.002,-3.942,0.092,-3.919,0.101,0,0,2,-3.919,0.101
1436206,0,0,1.57,-7.95,0,-0.749,-0.01,-0.806,-0.01,-3.842,0.001,-3.424,0.045,0,0,2,-3.424,0.045
1436216,0,0,1.57,-7.85,0,-0.649,-0.001,-0.686,0.004,-3.742,-0.099,-3.461,0.03,0,0,2,-3.461,0.03
1436226,0,0,1.57,-7.75,0,-0.549,-0.02,-0.527,-0.028,-3.714,-0.199,-3.248,-0.001,0,0,2,-3.248,-0.001
1436236,0,0,1.57,-7.65,0,-0.449,-0.006,-0.47,-0.004,-3.814,-0.282,-3.359,-0.033,0,0,2,-3.359,-0.033
1436246,0,0,1.57,-7.55,0,-0.349,-0.014,-0.397,-0.005,-3.914,-0.261,-3.534,-0.064,0,0,2,-3.534,-0.064
1436256,0,0,1.57,-7.45,0,-0.249,-0.002,-0.301,-0.006,-3.987,-0.322,-3.499,-0.081,0,0,2,-3.499,-0.081
1436266,0,0,1.57,-7.35,0,-0.149,0,-0.202,-0.017,-3.887,-0.422,-3.522,-0.112,0,0,2,-3.522,-0.112
1436276,0,0,1.57,-7.25,0,-0.049,0,-0.089,-0.007,-3.787,-0.522,-3.533,-0.153,0,0,2,-3.533,-0.153
1436286,0,0,1.57,-7.15,0,0,0,0.008,-0.005,-3.687,-0.622,-3.461,-0.196,0,0,2,-3.461,-0.196
1436296,0,0,1.57,-7.05,0,0.04,-0.015,0.007,-0.014,-3.587,-0.707,-3.361,-0.24,0,0,2,-3.361,-0.24
1436306,0,0,1.57,-6.95,0,0.019,-0.038,0.031,-0.015,-3.487,-0.607,-3.134,-0.24,0,0,2,-3.134,-0.24
1436316,0,0,1.57,-6.85,0,0.003,-0.006,-0.034,-0.048,-3.387,-0.507,-3.04,-0.248,0,0,2,-3.04,-0.248
1436326,0,0,1.57,-6.75,0,0,0,-0.019,-0.004,-3.287,-0.407,-2.951,-0.234,0,0,2,-2.951,-0.234
1436336,0,0,1.57,-6.65,0,0,0,0.001,-0.006,-3.187,-0.307,-2.965,-0.228,0,0,2,-2.965,-0.228
1436346,0,0,1.57,-6.55,0,0,0,0.03,-0.033,-3.287,-0.207,-2.968,-0.208,0,0,2,-2.968,-0.208
1436356,0,0,1.57,-6.45,0,0.01,0.004,-0.005,0.046,-3.387,-0.107,-2.981,-0.167,0,0,2,-2.981,-0.167
1436366,0,0,1.57,-6.35,0,0.026,0.005,0.032,-0.022,-3.421,-0.159,-2.92,-0.126,0,0,2,-2.92,-0.126
1436376,0,0,1.57,-6.25,0,-0.002,0.006,-0.001,0.006,-3.321,-0.094,-2.644,-0.085,0,0,2,-2.644,-0.085
1436386,0,0,1.57,-6.15,0,-0.001,0.002,-0.028,-0.005,-3.221,0.006,-2.242,-0.046,0,0,2,-2.242,-0.046
1436396,0,0,1.57,-6.05,0,0.01,0.01,-0.013,0.017,-3.121,0.106,-2.439,-0.029,0,0,2,-2.439,-0.029
1436406,0,0,1.57,-5.95,0,0.001,-0.002,0.022,0.023,-3.021,0.206,-2.064,0.011,0,0,2,-2.064,0.011
1436416,0,0,1.57,-5.85,0,-0.01,0.003,-0.021,-0.033,-2.921,0.306,-2.22,0.033,0,0,2,-2.22,0.033
1436426,0,0,1.57,-5.75,0,-0.003,-0.002,-0.024,-0.017,-2.821,0.406,-1.986,0.041,0,0,2,-1.986,0.041
1436436,0,0,1.57,-5.65,0,0,-0.017,0.002,-0.027,-2.921,0.506,-2.195,0.075,0,0,2,-2.195,0.075
1436446,0,0,1.57,-5.55,0,0.046,0.016,0.057,0.003,-3.021,0.467,-2.27,0.099,0,0,2,-2.27,0.099
1436456,0,0,1.57,-5.45,0,0.01,-0.013,0.036,-0.007,-3.121,0.392,-2.459,0.122,0,0,2,-2.459,0.122
1436466,0,0,1.57,-5.35,0,0.002,-0.001,-0.014,-0.009,-3.221,0.367,-2.614,0.136,0,0,2,-2.614,0.136
1436476,0,0,1.57,-5.25,0,0,0,-0.027,0.005,-3.321,0.273,-2.496,0.112,0,0,2,-2.496,0.112
1436486,0,0,1.57,-5.15,0,0,0,-0.026,-0.005,-3.221,0.173,-2.557,0.098,0,0,2,-2.557,0.098
1436496,0,0,1.57,-5.05,0,0,-0.008,-0.004,-0.022,-3.121,0.073,-2.69,0.087,0,0,2,-2.69,0.087
1436506,0,0,1.57,-4.95,0,0,-0.003,0.022,0.016,-3.021,-0.027,-2.592,0.062,0,0,2,-2.592,0.062
1436516,0,0,1.57,-4.85,0,0,0,-0.024,-0.023,-2.961,-0.127,-2.573,0.033,0,0,2,-2.573,0.033
1436526,0,0,1.57,-4.75,0,-0.009,-0.031,0.007,-0.015,-3.061,-0.227,-2.599,-0.001,0,0,2,-2.599,-0.001
1436536,0,0,1.57,-4.65,0,-0.109,-0.074,-0.044,-0.041,-3.161,-0.207,-2.465,-0.033,0,0,2,-2.465,-0.033
1436546,0,0,1.57,-4.55,0,-0.209,-0.103,-0.187,-0.1,-3.261,-0.111,-2.489,-0.057,0,0,2,-2.489,-0.057
1436556,0,0,1.57,-4.45,0,-0.309,-0.148,-0.284,-0.13,-3.361,-0.015,-1.732,-0.098,0,0,2,-1.732,-0.098
1436566,0,0,1.57,-4.35,0,-0.409,-0.206,-0.374,-0.183,-3.461,0.074,-2.104,-0.104,0,0,2,-2.104,-0.104
1436576,0,0,1.57,-4.25,0,-0.509,-0.19,-0.473,-0.189,-3.561,0.167,-2.53,-0.096,0,0,2,-2.53,-0.096
1436586,0,0,1.57,-4.15,0,-0.609,-0.165,-0.566,-0.174,-3.661,0.232,-2.569,-0.101,0,0,2,-2.569,-0.101
1436596,0,0,1.57,-4.05,0,-0.709,-0.146,-0.671,-0.169,-3.761,0.276,-2.452,-0.105,0,0,2,-2.452,-0.105
1436606,0,0,1.57,-3.95,0,-0.809,-0.104,-0.778,-0.12,-3.724,0.327,-2.607,-0.084,0,0,2,-2.607,-0.084
1436616,0,0,1.57,-3.85,0,-0.909,-0.028,-0.872,-0.055,-3.736,0.422,-2.35,-0.056,0,0,2,-2.35,-0.056
1436626,0,0,1.57,-3.75,0,-1.009,0.027,-0.975,-0.001,-3.771,0.522,-2.658,-0.011,0,0,2,-2.658,-0.011
1436636,0,0,1.57,-3.65,0,-1.109,0.102,-1.084,0.075,-3.753,0.578,-2.662,0.049,0,0,2,-2.662,0.049
1436646,0,0,1.57,-3.55,0,-1.209,0.143,-1.178,0.137,-3.66,0.503,-2.468,0.104,0,0,2,-2.468,0.104
1436656,0,0,1.57,-3.45,0,-1.309,0.179,-1.259,0.157,-3.564,0.403,-2.656,0.142,0,0,2,-2.656,0.142
1436666,0,0,1.57,-3.35,0,-1.349,0.085,-1.333,0.109,-3.504,0.303,-2.832,0.159,0,0,2,-2.832,0.159
1436676,0,0,1.57,-3.25,0,-1.449,0.15,-1.425,0.148,-3.456,0.203,-2.851,0.157,0,0,2,-2.851,0.157
1436686,0,0,1.57,-3.15,0,-1.549,0.204,-1.513,0.197,-3.412,0.103,-2.762,0.159,0,0,2,-2.762,0.159
1436696,0,0,1.57,-3.05,0,-1.649,0.209,-1.629,0.197,-3.361,0.003,-2.774,0.162,0,0,2,-2.774,0.162
1436706,0,0,1.57,-2.95,0,-1.749,0.189,-1.716,0.19,-3.3,-0.097,-2.849,0.152,0,0,2,-2.849,0.152
1436716,0,0,1.57,-2.85,0,-1.849,0.171,-1.807,0.191,-3.22,-0.16,-2.802,0.141,0,0,2,-2.802,0.141
1436726,0,0,1.57,-2.75,0,-1.949,0.153,-1.932,0.169,-3.12,-0.197,-2.879,0.114,0,0,2,-2.879,0.114
1436736,0,0,1.57,-2.65,0,-2.049,0.118,-2.028,0.144,-3.02,-0.186,-2.859,0.092,0,0,2,-2.859,0.092
1436746,0,0,1.57,-2.55,0,-2.149,0.099,-2.119,0.115,-2.92,-0.181,-2.833,0.068,0,0,2,-2.833,0.068
1436756,0,0,1.57,-2.45,0,-2.249,0.089,-2.239,0.088,-2.82,-0.206,-2.772,0.046,0,0,2,-2.772,0.046
1436766,0,0,1.57,-2.35,0,-2.349,0.038,-2.334,0.056,-2.72,-0.27,-2.73,0.017,0,0,2,-2.73,0.017
1436776,0,0,1.57,-2.25,0,-2.409,0.077,-2.417,0.071,-2.62,-0.37,-2.643,0,0,0,2,-2.643,0
1436786,0,0,1.57,-2.15,0,-2.418,0.044,-2.438,0.051,-2.52,-0.47,-2.586,-0.028,0,0,2,-2.586,-0.028
1436796,0,0,1.57,-2.05,0,-2.318,0.076,-2.36,0.051,-2.42,-0.57,-2.508,-0.055,0,0,2,-2.508,-0.055
1436806,0,0,1.57,-1.95,0,-2.282,0.081,-2.328,0.073,-2.32,-0.587,-2.426,-0.076,0,0,2,-2.426,-0.076
1436816,0,0,1.57,-1.85,0,-2.262,0.084,-2.32,0.074,-2.22,-0.51,-2.344,-0.054,0,0,2,-2.344,-0.054
1436826,0,0,1.57,-1.75,0,-2.182,0.017,-2.232,0.047,-2.12,-0.417,-2.264,-0.077,0,0,2,-2.264,-0.077
1436836,0,0,1.57,-1.65,0,-2.082,0.002,-2.121,0.008,-2.02,-0.317,-2.168,-0.071,0,0,2,-2.168,-0.071
1436846,0,0,1.57,-1.55,0,-1.982,0,-2.036,-0.004,-1.92,-0.217,-2.077,-0.069,0,0,2,-2.077,-0.069
1436856,0,0,1.57,-1.45,0,-1.882,0,-1.945,0.01,-1.82,-0.117,-1.981,-0.061,0,0,2,-1.981,-0.061
1436866,0,0,1.57,-1.35,0,-1.782,0,-1.843,0.005,-1.72,-0.017,-1.882,-0.035,0,0,2,-1.882,-0.035
1436876,0,0,1.57,-1.25,0,-1.682,0,-1.761,-0.004,-1.62,0.083,-1.788,-0.017,0,0,2,-1.788,-0.017
1436886,0,0,1.57,-1.15,0,-1.582,0,-1.643,0.007,-1.52,0.183,-1.69,0,0,0,2,-1.69,0
1436896,0,0,1.57,-1.05,0,-1.482,0,-1.539,-0.003,-1.42,0.283,-1.582,0.014,0,0,2,-1.582,0.014
1436906,0,0,1.57,-0.95,0,-1.382,0,-1.451,-0.004,-1.32,0.383,-1.492,0.027,0,0,2,-1.492,0.027
1436916,0,0,1.57,-0.85,0,-1.282,0,-1.343,0.001,-1.22,0.435,-1.379,0.024,0,0,2,-1.379,0.024
1436926,0,0,1.57,-0.75,0,-1.182,0,-1.229,-0.002,-1.12,0.483,-1.302,0.036,0,0,2,-1.302,0.036
1436936,0,0,1.57,-0.65,0,-1.082,0,-1.146,0,-1.02,0.475,-1.206,0.064,0,0,2,-1.206,0.064
1436946,0,0,1.57,-0.55,0,-0.982,0,-1.043,-0.013,-0.92,0.444,-1.102,0.079,0,0,2,-1.102,0.079
1436956,0,0,1.57,-0.45,0,-0.882,0,-0.943,0.006,-0.82,0.358,-0.996,0.089,0,0,2,-0.996,0.089
1436966,0,0,1.57,-0.35,0,-0.782,0,-0.858,-0.01,-0.72,0.258,-0.893,0.083,0,0,2,-0.893,0.083
1436976,0,0,1.57,-0.25,0,-0.682,0,-0.754,0.001,-0.62,0.158,-0.794,0.055,0,0,2,-0.794,0.055
1436986,0,0,1.57,-0.15,0,-0.582,0,-0.648,-0.007,-0.52,0.174,-0.698,0.045,0,0,2,-0.698,0.045
1436996,0,0,1.57,-0.05,0,-0.482,0,-0.541,-0.007,-0.42,0.241,-0.599,0.047,0,0,2,-0.599,0.047
1437006,0,0,1.57,0,0,-0.382,0,-0.448,-0.021,-0.32,0.267,-0.406,0.053,0,0,2,-0.406,0.053
1437016,0,0,1.57,0,0,-0.282,0,-0.354,-0.005,-0.22,0.22,-0.281,0.056,0,0,2,-0.281,0.056
1437026,0,0,1.57,0,0,-0.182,0,-0.267,-0.006,-0.12,0.12,-0.177,0.057,0,0,2,-0.177,0.057
1437036,0,0,1.57,0,0,-0.082,0,-0.23,0.017,-0.02,0.02,-0.075,0.054,0,0,2,-0.075,0.054
1437046,0,0,1.57,0,0,0,0,-0.151,0.104,0.08,-0.08,0.024,0.041,0,0,2,0.024,0.041
1437056,0,0,1.57,0,0,0.04,-0.021,-0.054,0.052,0.18,-0.18,0.122,0.02,0,0,2,0.122,0.02
1437066,0,0,1.57,0,0,0.061,-0.026,0.002,-0.044,0.28,-0.28,0.204,-0.031,0,0,2,0.204,-0.031
1437076,0,0,1.57,0,0,0.076,-0.036,0.068,-0.023,0.38,-0.38,0.314,-0.059,0,0,2,0.314,-0.059
1437086,0,0,1.57,0,0,0.134,-0.046,0.103,-0.018,0.48,-0.48,0.417,-0.091,0,0,2,0.417,-0.091
1437096,0,0,1.57,0,0,0.091,-0.024,0.101,-0.064,0.54,-0.38,0.505,-0.123,0,0,2,0.505,-0.123
1437106,0,0,1.57,0,0,0.111,-0.069,0.115,-0.026,0.44,-0.28,0.469,-0.135,0,0,2,0.469,-0.135
1437116,0,0,1.57,0,0,0.118,-0.064,0.13,-0.072,0.35,-0.195,0.387,-0.136,0,0,2,0.387,-0.136
1437126,0,0,1.57,0,0,0.117,-0.053,0.168,-0.075,0.295,-0.153,0.322,-0.125,0,0,2,0.322,-0.125
1437136,0,0,1.57,0,0,0.017,-0.011,0.044,-0.034,0.221,-0.142,0.245,-0.092,0,0,2,0.245,-0.092
1437146,0,0,1.57,0,0,0.002,-0.002,0.027,-0.017,0.158,-0.127,0.181,-0.078,0,0,2,0.181,-0.078
1437156,0,0,1.57,0,0,0.044,-0.025,0.048,-0.008,0.124,-0.113,0.137,-0.065,0,0,2,0.137,-0.065
1437166,0,0,1.57,0,0,0.044,-0.027,0.073,-0.038,0.103,-0.107,0.109,-0.052,0,0,2,0.109,-0.052
1437176,0,0,1.57,0,0,0.007,-0.004,0.037,-0.02,0.074,-0.089,0.083,-0.042,0,0,2,0.083,-0.042
1437186,0,0,1.57,0,0,0,0,0.02,-0.01,0.041,-0.067,0.05,-0.027,0,0,2,0.05,-0.027
1437196,0,0,1.57,0,0,0,0,0.017,-0.007,0.004,-0.046,0.02,-0.016,0,0,2,0.02,-0.016
1437206,0,0,1.57,0,0,-0.025,0.006,0.005,0,-0.029,-0.03,-0.01,-0.013,0,0,2,-0.01,-0.013
1437216,0,0,1.57,0,0,-0.065,0.017,-0.042,0.01,-0.056,-0.013,-0.04,-0.01,0,0,2,-0.04,-0.01
1437226,0,0,1.57,0,0,-0.106,0.027,-0.082,0.019,-0.081,0.003,-0.067,-0.003,0,0,2,-0.067,-0.003
1437236,0,0,1.57,0,0,-0.037,0.008,-0.062,0.012,-0.111,0.013,-0.091,0.01,0,0,2,-0.091,0.01
1437246,0,0,1.57,0,0,-0.005,0.001,-0.01,-0.001,-0.142,0.026,-0.111,0.008,0,0,2,-0.111,0.008
1437256,0,0,1.57,0,0,-0.011,0.009,-0.004,-0.001,-0.167,0.042,-0.131,0.005,0,0,2,-0.131,0.005
1437266,0,0,1.57,0,0,-0.071,0.03,-0.058,0.023,-0.181,0.054,-0.142,0.014,0,0,2,-0.142,0.014
1437276,0,0,1.57,0,0,-0.143,0.056,-0.124,0.046,-0.186,0.06,-0.168,0.023,0,0,2,-0.168,0.023
1437286,0,0,1.57,0,0,-0.166,0.071,-0.163,0.068,-0.18,0.062,-0.178,0.035,0,0,2,-0.178,0.035
1437296,0,0,1.57,0,0,-0.131,0.045,-0.16,0.063,-0.172,0.066,-0.175,0.051,0,0,2,-0.175,0.051
1437306,0,0,1.57,0,0,-0.063,0.024,-0.087,0.023,-0.161,0.066,-0.155,0.04,0,0,2,-0.155,0.04
1437316,0,0,1.57,0,0,-0.016,0.007,-0.041,0.014,-0.148,0.066,-0.144,0.034,0,0,2,-0.144,0.034
1437326,0,0,1.57,0,0,-0.076,0.048,-0.06,0.032,-0.13,0.064,-0.123,0.028,0,0,2,-0.123,0.028
1437336,0,0,1.57,0,0,-0.037,0.024,-0.052,0.029,-0.109,0.06,-0.105,0.033,0,0,2,-0.105,0.033
1437346,0,0,1.57,0,0,-0.025,0.019,-0.049,0.033,-0.088,0.057,-0.085,0.037,0,0,2,-0.085,0.037
1437356,0,0,1.57,0,0,-0.004,0.003,-0.02,0.013,-0.068,0.05,-0.065,0.028,0,0,2,-0.065,0.028
1437366,0,0,1.57,0,0,-0.003,0.012,-0.014,0.018,-0.046,0.04,-0.046,0.021,0,0,2,-0.046,0.021
1437376,0,0,1.57,0,0,0.013,0.004,0.001,0.015,-0.025,0.028,-0.022,0.017,0,0,2,-0.022,0.017
1437386,0,0,1.57,0,0,0.02,0,0.016,0.005,-0.006,0.016,-0.009,0.013,0,0,2,-0.009,0.013
1437396,0,0,1.57,0,0,0.003,0,0.005,0.003,0.008,0.004,0.003,0.008,0,0,2,0.003,0.008
1437406,0,0,1.57,0,0,0.019,0.007,0.01,0.011,0.019,-0.008,0.012,0.007,0,0,2,0.012,0.007
1437416,0,0,1.57,0,0,0.038,-0.021,0.032,-0.013,0.027,-0.016,0.023,0.001,0,0,2,0.023,0.001
1437426,0,0,1.57,0,0,0.043,-0.026,0.042,-0.025,0.032,-0.022,0.031,-0.012,0,0,2,0.031,-0.012
1437436,0,0,1.57,0,0,0.044,-0.026,0.045,-0.028,0.035,-0.025,0.036,-0.022,0,0,2,0.036,-0.022
1437446,0,0,1.57,0,0,0.042,-0.024,0.044,-0.027,0.034,-0.025,0.038,-0.025,0,0,2,0.038,-0.025
1437456,0,0,1.57,0,0,0.036,-0.021,0.041,-0.024,0.033,-0.024,0.037,-0.025,0,0,2,0.037,-0.025
1437466,2,0,1.57,0,0,0.032,-0.017,0.038,-0.021,0.03,-0.021,0.035,-0.022,0,0,2,0.035,-0.022
1437476,2,0,1.57,0,0,0.008,-0.004,0.018,-0.01,0.025,-0.017,0.027,-0.016,0,0,2,0.027,-0.016
1437486,2,0,1.57,0,0,0.001,0,0.006,-0.003,0.019,-0.012,0.015,-0.007,0,0,2,0.015,-0.007
1437496,2,0,1.57,0.05,0,0,0,0.004,-0.001,0.015,-0.008,0.007,-0.003,0,0,2,0.007,-0.003
1437506,2,0,1.57,0.15,0,0,0,-0.005,0.001,0.034,0,0.011,-0.002,0,0,2,0.011,-0.002
1437516,2,0,1.57,0.25,0,0,0,-0.009,-0.001,0.062,0.007,0.019,-0.001,0,0,2,0.019,-0.001
1437526,2,0,1.57,0.35,0,0.038,-0.004,0.004,-0.001,0.133,0.04,0.044,0.001,0,0,2,0.044,0.001
1437536,2,0,1.57,0.45,0,0.032,-0.006,0.03,-0.001,0.232,0.105,0.099,0.008,0,0,2,0.099,0.008
1437546,2,0,1.57,0.55,0,0.059,-0.011,0.047,-0.013,0.332,0.205,0.17,0.025,0,0,2,0.17,0.025
1437556,2,0,1.57,0.65,0,0.009,-0.002,-0.003,-0.002,0.432,0.305,0.224,0.039,0,0,2,0.224,0.039
1437566,2,0,1.57,0.75,0,0.001,0,-0.022,0,0.532,0.344,0.271,0.053,0,0,2,0.271,0.053
1437576,2,0,1.57,0.85,0,0,0,-0.006,0.012,0.632,0.248,0.367,0.069,0,0,2,0.367,0.069
1437586,2,0,1.57,0.95,0,0,-0.002,-0.016,0.009,0.732,0.148,0.472,0.075,0,0,2,0.472,0.075
1437596,2,0,1.57,1.05,0,0.05,-0.01,0.02,-0.019,0.832,0.048,0.573,0.065,0,0,2,0.573,0.065
1437606,2,0,1.57,1.15,0,0.007,-0.002,0.033,0.011,0.932,0.05,0.594,0.041,0,0,2,0.594,0.041
1437616,2,0,1.57,1.25,0,0.001,0,-0.031,0.011,1.032,0.15,0.727,0.046,0,0,2,0.727,0.046
1437626,2,0,1.57,1.35,0,0,0,-0.001,-0.008,1.132,0.25,0.84,0.063,0,0,2,0.84,0.063
1437636,2,0,1.57,1.45,0,0,0,-0.018,0.007,1.232,0.263,0.907,0.079,0,0,2,0.907,0.079
1437646,2,0,1.57,1.55,0,0,0,-0.026,-0.002,1.332,0.227,0.905,0.071,0,0,2,0.905,0.071
1437656,2,0,1.57,1.65,0,0.04,-0.006,-0.004,0.007,1.432,0.149,1.022,0.071,0,0,2,1.022,0.071
1437666,2,0,1.57,1.75,0,0.014,0,0.014,0.003,1.532,0.049,1.162,0.065,0,0,2,1.162,0.065
1437676,2,0,1.57,1.85,0,0.04,0.002,0.006,0.004,1.632,-0.051,1.286,0.047,0,0,2,1.286,0.047
1437686,2,0,1.57,1.95,0,0.014,0,0.026,0.033,1.732,-0.026,1.355,0.028,0,0,2,1.355,0.028
1437696,2,0,1.57,2,0,0.002,0,-0.047,0.001,1.832,0.074,1.686,0.028,0,0,2,1.686,0.028
1437706,2,0,1.57,2,0,0,0,0,-0.02,1.932,0.174,1.837,0.036,0,0,2,1.837,0.036
1437716,2,0,1.57,2,0,0,0,-0.02,0.009,2.032,0.274,1.931,0.055,0,0,2,1.931,0.055
1437726,2,0,1.57,2,0,0,0,-0.019,0.016,2.132,0.219,2.026,0.068,0,0,2,2.026,0.068
1437736,2,0,1.57,2,0,0,0,-0.015,0.01,2.232,0.119,2.149,0.072,0,0,2,2.149,0.072
1437746,2,0,1.57,2,0,0.01,-0.015,-0.015,0.012,2.332,0.019,2.262,0.065,0,0,2,2.262,0.065
1437756,2,0,1.57,2,0,0.021,-0.006,0.061,-0.033,2.432,-0.081,2.359,0.043,0,0,2,2.359,0.043
1437766,2,0,1.57,2,0,0.121,-0.099,0.133,-0.057,2.412,-0.181,2.355,-0.001,0,0,2,2.355,-0.001
1437776,2,0,1.57,2,0,0.221,-0.195,0.179,-0.172,2.312,-0.281,2.314,-0.047,0,0,2,2.314,-0.047
1437786,2,0,1.57,2,0,0.321,-0.179,0.283,-0.195,2.212,-0.364,2.228,-0.104,0,0,2,2.228,-0.104
1437796,2,0,1.57,2,0,0.301,-0.079,0.31,-0.095,2.112,-0.367,2.122,-0.145,0,0,2,2.122,-0.145
1437806,2,0,1.57,2,0,0.201,0.01,0.214,-0.001,2.012,-0.303,2.021,-0.149,0,0,2,2.021,-0.149
1437816,2,0,1.57,2,0,0.101,0.012,0.133,-0.024,1.912,-0.24,1.937,-0.153,0,0,2,1.937,-0.153
1437826,2,0,1.57,2,0,0.121,-0.053,0.116,-0.043,1.812,-0.16,1.82,-0.132,0,0,2,1.82,-0.132
1437836,2,0,1.57,2,0,0.221,-0.14,0.186,-0.11,1.712,-0.109,1.716,-0.12,0,0,2,1.716,-0.12
1437846,2,0,1.57,2,0,0.221,-0.04,0.225,-0.062,1.612,-0.053,1.637,-0.112,0,0,2,1.637,-0.112
1437856,2,0,1.57,2,0,0.121,0,0.129,-0.008,1.712,0.037,1.651,-0.084,0,0,2,1.651,-0.084
1437866,2,0,1.57,2,0,0.021,0,0.031,-0.02,1.812,0.137,1.726,-0.045,0,0,2,1.726,-0.045
1437876,2,0,1.57,2,0,0,0,-0.009,-0.008,1.912,0.172,1.83,-0.013,0,0,2,1.83,-0.013
1437886,2,0,1.57,2,0,0,0,0.004,0.024,2.012,0.098,1.924,0.008,0,0,2,1.924,0.008
1437896,2,0,1.57,2,0,0.1,-0.1,0.06,-0.082,2.112,0.078,2.017,0.014,0,0,2,2.017,0.014
1437906,2,0,1.57,2,0,0.2,-0.127,0.161,-0.13,2.167,0.036,2.105,-0.01,0,0,2,2.105,-0.01
1437916,2,0,1.57,2,0,0.256,-0.027,0.245,-0.031,2.067,-0.012,2.016,-0.025,0,0,2,2.016,-0.025
1437926,2,0,1.57,2,0,0.156,-0.004,0.188,-0.016,1.992,-0.014,1.964,-0.022,0,0,2,1.964,-0.022
1437936,2,0,1.57,2,0,0.056,0.003,0.09,-0.006,2.059,-0.003,1.918,-0.017,0,0,2,1.918,-0.017
1437946,2,0,1.57,2,0,0.024,0,0.018,0.001,2.105,-0.009,1.971,-0.01,0,0,2,1.971,-0.01
1437956,2,0,1.57,2,0,0.11,-0.019,0.066,-0.033,2.104,-0.066,1.987,-0.017,0,0,2,1.987,-0.017
1437966,2,0,1.57,2,0,0.079,-0.02,0.053,-0.022,2.097,-0.092,2.025,-0.024,0,0,2,2.025,-0.024
1437976,2,0,1.57,2,0,0.179,-0.085,0.148,-0.059,2.094,-0.062,2.031,-0.031,0,0,2,2.031,-0.031
1437986,2,0,1.57,2,0,0.199,-0.014,0.204,-0.027,2.113,-0.015,2.036,-0.035,0,0,2,2.036,-0.035
1437996,2,0,1.57,2,0,0.179,-0.046,0.164,-0.045,2.106,-0.015,2.05,-0.03,0,0,2,2.05,-0.03
1438006,2,0,1.57,2,0,0.279,-0.136,0.232,-0.115,2.101,-0.028,2.037,-0.04,0,0,2,2.037,-0.04
1438016,2,0,1.57,2,0,0.379,-0.135,0.34,-0.143,2.099,0,2.035,-0.059,0,0,2,2.035,-0.059
1438026,2,0,1.57,2,0,0.479,-0.068,0.446,-0.086,2.107,0.02,2.021,-0.071,0,0,2,2.021,-0.071
1438037,2,0,1.57,2,0,0.441,-0.016,0.459,-0.053,2.14,0.036,2.053,-0.058,0,0,2,2.053,-0.058
1438046,2,0,1.57,2,0,0.341,-0.015,0.359,-0.027,2.126,0.044,2.051,-0.041,0,0,2,2.051,-0.041
1438056,2,0,1.57,2,0,0.241,-0.003,0.27,0.002,2.09,0.027,2.028,-0.026,0,0,2,2.028,-0.026
1438066,2,0,1.57,2,0,0.141,0,0.182,-0.013,2.087,0.05,2.016,-0.017,0,0,2,2.016,-0.017
1438076,2,0,1.57,2,0,0.041,-0.027,0.063,-0.015,2.117,0.082,1.942,-0.008,0,0,2,1.942,-0.008
1438086,2,0,1.57,2,0,0.055,-0.004,0.048,-0.007,2.127,0.074,2.007,-0.003,0,0,2,2.007,-0.003
1438096,2,0,1.57,2,0,0.066,-0.012,0.062,-0.032,2.154,0.063,2.061,0.002,0,0,2,2.061,0.002
1438106,2,0,1.57,2,0,0.146,-0.046,0.099,-0.038,2.11,0.04,2.066,-0.002,0,0,2,2.066,-0.002
1438116,2,0,1.57,2,0,0.246,-0.025,0.213,-0.031,2.094,0.057,2.062,-0.002,0,0,2,2.062,-0.002
1438126,2,0,1.57,2,0,0.326,-0.017,0.331,-0.028,2.106,0.099,1.999,-0.006,0,0,2,1.999,-0.006
1438136,2,0,1.57,2,0,0.266,0.022,0.267,-0.003,2.132,0.111,2.075,0.006,0,0,2,2.075,0.006
1438146,2,0,1.57,2,0,0.366,-0.023,0.319,-0.01,2.115,0.117,2.039,0.013,0,0,2,2.039,0.013
1438156,2,0,1.57,2,0,0.466,-0.033,0.429,-0.023,2.064,0.09,2.031,0.015,0,0,2,2.031,0.015
1438166,2,0,1.57,2,0,0.54,-0.009,0.527,-0.017,2.059,0.081,1.997,0.012,0,0,2,1.997,0.012
1438176,2,0,1.57,2,0,0.54,0.045,0.526,0.02,2.075,0.069,2.005,0.016,0,0,2,2.005,0.016
1438186,2,0,1.57,2,0,0.64,0.031,0.593,0.027,2.068,0.054,2.024,0.024,0,0,2,2.024,0.024
1438196,2,0,1.57,2,0,0.74,-0.005,0.703,0.008,2.055,0.027,1.988,0.021,0,0,2,1.988,0.021
1438206,2,0,1.57,2,0,0.84,-0.031,0.802,-0.018,2.073,0.059,2.018,0.017,0,0,2,2.018,0.017
1438216,2,0,1.57,2,0,0.78,-0.005,0.813,0.004,2.094,0.089,2.036,0.016,0,0,2,2.036,0.016
1438226,2,0,1.57,2,0,0.78,0.059,0.763,0.042,2.094,0.095,2.064,0.027,0,0,2,2.064,0.027
1438236,2,0,1.57,2,0,0.88,0.013,0.841,0.01,2.063,0.055,2.037,0.031,0,0,2,2.037,0.031
1438246,2,0,1.57,2,0,0.98,-0.033,0.947,-0.007,2.024,0.039,2.005,0.026,0,0,2,2.005,0.026
1438256,2,0,1.57,2,0,1.08,-0.018,1.057,-0.016,2.023,0.037,1.952,0.01,0,0,2,1.952,0.01
1438267,2,0,1.57,2,0,0.98,-0.002,1.003,-0.015,2.068,0.038,2.004,0.007,0,0,2,2.004,0.007
1438277,2,0,1.57,2,0,0.88,0.019,0.9,0.012,2.1,0.027,1.95,0.009,0,0,2,1.95,0.009
1438287,2,0,1.57,2,0,0.78,0.043,0.811,0.036,2.07,0.023,2.023,0.011,0,0,2,2.023,0.011
1438297,2,0,1.57,2,0,0.88,-0.007,0.867,0.007,2.037,0.014,1.993,0.013,0,0,2,1.993,0.013
1438307,2,0,1.57,2,0,0.92,-0.003,0.929,-0.005,2.053,0.001,1.918,0.005,0,0,2,1.918,0.005
1438317,2,0,1.57,2,0,0.82,0.029,0.855,0.008,2.126,0.012,2.049,0.004,0,0,2,2.049,0.004
1438327,4,0,1.57,2,0,0.88,0.026,0.831,0.026,2.133,0.027,2.069,0.011,0,0,2,2.069,0.011
1438337,4,0,1.57,2,0,0.98,0.014,0.947,0.019,2.073,0.024,2.066,0.014,0,0,2,2.066,0.014
1438347,4,0,1.57,2,0,1.08,-0.014,1.062,-0.01,2.009,0.016,2.008,0.013,0,0,2,2.008,0.013
1438357,4,0,1.57,2.05,0,1.14,-0.01,1.145,0.003,2.01,0.001,1.944,0.008,0,0,2,1.944,0.008
1438367,4,0,1.57,2.15,0,1.08,0.03,1.094,0.021,2.107,0.019,1.961,0.008,0,0,2,1.961,0.008
1438377,4,0,1.57,2.25,0,1.02,0.005,1.007,0.002,2.207,0.045,1.993,0.011,0,0,2,1.993,0.011
1438387,4,0,1.57,2.35,0,0.92,0,0.936,0.006,2.307,0.079,1.969,0.017,0,0,2,1.969,0.017
1438397,4,0,1.57,2.45,0,0.82,0,0.849,0.003,2.407,0.074,1.923,0.018,0,0,2,1.923,0.018
1438407,4,0,1.57,2.55,0,0.72,0,0.734,-0.002,2.507,0.077,1.883,0.016,0,0,2,1.883,0.016
1438417,4,0,1.57,2.65,0,0.62,0,0.646,0.009,2.607,0.097,2.033,0.02,0,0,2,2.033,0.02
1438427,4,0,1.57,2.75,0,0.56,-0.009,0.555,-0.008,2.707,0.184,2.016,0.026,0,0,2,2.016,0.026
1438437,4,0,1.57,2.85,0,0.66,-0.033,0.617,-0.023,2.807,0.28,2.086,0.034,0,0,2,2.086,0.034
1438447,4,0,1.57,2.95,0,0.74,-0.01,0.718,-0.017,2.907,0.342,1.901,0.028,0,0,2,1.901,0.028
1438457,4,0,1.57,3.05,0,0.64,0,0.656,0.008,3.007,0.313,2.029,0.039,0,0,2,2.029,0.039
1438467,4,0,1.57,3.15,0,0.7,0.011,0.664,0.011,3.107,0.288,2.336,0.058,0,0,2,2.336,0.058
1438477,4,0,1.57,3.25,0,0.8,0.024,0.767,0.03,3.207,0.279,2.556,0.076,0,0,2,2.556,0.076
1438487,4,0,1.57,3.35,0,0.9,0.033,0.856,0.03,3.307,0.289,2.618,0.082,0,0,2,2.618,0.082
1438497,4,0,1.57,3.45,0,1,0.032,0.951,0.034,3.407,0.233,2.802,0.092,0,0,2,2.802,0.092
1438507,4,0,1.57,3.55,0,1.1,0.021,1.047,0.026,3.507,0.18,2.728,0.081,0,0,2,2.728,0.081
1438517,4,0,1.57,3.65,0,1.2,0.029,1.144,0.029,3.607,0.133,2.859,0.073,0,0,2,2.859,0.073
1438527,4,0,1.57,3.75,0,1.3,0.067,1.259,0.066,3.707,0.125,2.984,0.071,0,0,2,2.984,0.071
1438537,4,0,1.57,3.85,0,1.4,0.055,1.343,0.059,3.807,0.171,3.134,0.078,0,0,2,3.134,0.078
1438547,4,0,1.57,3.95,0,1.5,0.072,1.46,0.06,3.907,0.192,2.9,0.075,0,0,2,2.9,0.075
1438558,4,0,1.57,4,0,1.6,0.048,1.545,0.054,4.007,0.186,3.508,0.077,0,0,2,3.508,0.077
1438567,4,0,1.57,4,0,1.7,0.047,1.655,0.047,4.102,0.161,3.733,0.065,0,0,2,3.733,0.065
1438577,4,0,1.57,4,0,1.8,0.066,1.751,0.089,4.077,0.067,3.946,0.068,0,0,2,3.946,0.068
1438587,4,0,1.57,4,0,1.9,0.037,1.86,0.047,4.043,0.026,3.91,0.066,0,0,2,3.91,0.066
1438597,4,0,1.57,4,0,2,0.054,1.961,0.061,4.027,0.001,3.93,0.057,0,0,2,3.93,0.057
1438607,4,0,1.57,4,0,2.1,0.015,2.061,0.027,4.016,-0.015,3.917,0.046,0,0,2,3.917,0.046
1438617,4,0,1.57,4,0,2.2,-0.024,2.163,-0.006,4.028,-0.06,3.951,0.028,0,0,2,3.951,0.028
1438627,4,0,1.57,4,0,2.3,-0.035,2.256,-0.015,4.069,-0.103,3.938,0.004,0,0,2,3.938,0.004
1438637,4,0,1.57,4,0,2.4,-0.088,2.349,-0.073,4.106,-0.163,3.992,-0.024,0,0,2,3.992,-0.024
1438647,4,0,1.57,4,0,2.5,-0.097,2.454,-0.088,4.122,-0.183,4.027,-0.054,0,0,2,4.027,-0.054
1438657,4,0,1.57,4,0,2.6,-0.143,2.562,-0.134,4.152,-0.174,4.041,-0.082,0,0,2,4.041,-0.082
1438667,4,0,1.57,4,0,2.7,-0.229,2.649,-0.2,4.182,-0.174,4.104,-0.113,0,0,2,4.104,-0.113
1438677,4,0,1.57,4,0,2.8,-0.254,2.75,-0.225,4.176,-0.172,4.115,-0.15,0,0,2,4.115,-0.15
1438687,4,0,1.57,4,0,2.84,-0.267,2.793,-0.274,4.103,-0.197,4.093,-0.172,0,0,2,4.093,-0.172
1438697,4,0,1.57,4,0,2.903,-0.312,2.875,-0.302,4.047,-0.214,4.035,-0.199,0,0,2,4.035,-0.199
1438707,4,0,1.57,4,0,2.926,-0.333,2.931,-0.342,4.023,-0.177,3.987,-0.234,0,0,2,3.987,-0.234
1438717,4,0,1.57,4,0,2.966,-0.338,2.935,-0.34,4.037,-0.097,3.899,-0.286,0,0,2,3.899,-0.286
1438727,4,0,1.57,4,0,2.998,-0.334,2.999,-0.345,4.107,0.003,4.019,-0.284,0,0,2,4.019,-0.284
1438737,4,0,1.57,4,0,2.95,-0.308,2.961,-0.334,4.171,0.103,4.102,-0.265,0,0,2,4.102,-0.265
1438747,4,0,1.57,4,0,2.996,-0.261,2.964,-0.283,4.125,0.203,4.106,-0.235,0,0,2,4.106,-0.235
1438757,4,0,1.57,4,0,3.076,-0.213,3.058,-0.236,4.025,0.303,4.04,-0.185,0,0,2,4.04,-0.185
1438767,4,0,1.57,4,0,3.096,-0.205,3.082,-0.233,3.941,0.403,3.951,-0.133,0,0,2,3.951,-0.133
1438777,4,0,1.57,4,0,3.136,-0.187,3.122,-0.204,3.991,0.503,3.953,-0.082,0,0,2,3.953,-0.082
1438787,4,0,1.57,4,0,3.036,-0.115,3.046,-0.145,4.045,0.561,3.991,-0.053,0,0,2,3.991,-0.053
1438797,4,0,1.57,4,0,2.964,-0.15,2.978,-0.146,4.054,0.495,4.029,-0.006,0,0,2,4.029,-0.006
1438807,4,0,1.57,4,0,2.982,-0.087,2.977,-0.099,4.027,0.479,4.017,0.032,0,0,2,4.017,0.032
1438817,4,0,1.57,4,0,3.027,-0.058,2.999,-0.065,3.997,0.449,3.985,0.057,0,0,2,3.985,0.057
1438827,4,0,1.57,4,0,3.127,-0.059,3.082,-0.05,3.987,0.423,3.937,0.049,0,0,2,3.937,0.049
1438837,4,0,1.57,4,0,3.107,-0.066,3.126,-0.063,4.05,0.388,3.972,0.03,0,0,2,3.972,0.03
1438847,4,0,1.57,4,0,3.056,-0.039,3.057,-0.065,4.149,0.372,4.078,0.038,0,0,2,4.078,0.038
1438857,4,0,1.57,4,0,3.012,-0.031,3.017,-0.038,4.188,0.353,4.152,0.06,0,0,2,4.152,0.06
1438867,4,0,1.57,4,0,2.972,-0.027,2.97,-0.005,4.12,0.327,4.122,0.076,0,0,2,4.122,0.076
1438877,4,0,1.57,4,0,3.054,-0.016,3.036,-0.016,4.02,0.251,4.023,0.07,0,0,2,4.023,0.07
1438887,4,0,1.57,4,0,3.034,-0.012,3.071,-0.039,3.92,0.192,3.936,0.064,0,0,2,3.936,0.064
1438897,4,0,1.57,4,0,2.934,-0.043,2.954,-0.045,3.912,0.146,3.886,0.059,0,0,2,3.886,0.059
1438907,4,0,1.57,4,0,2.914,-0.038,2.906,-0.019,4.011,0.128,3.95,0.051,0,0,2,3.95,0.051
1438917,4,0,1.57,4,0,2.902,0.03,2.895,0.011,4.111,0.121,4.029,0.034,0,0,2,4.029,0.034
1438927,4,0,1.57,4,0,3.002,0.043,2.968,0.061,4.211,0.167,4.145,0.048,0,0,2,4.145,0.048
1438937,4,0,1.57,4,0,3.062,0.028,3.049,0.043,4.162,0.174,4.156,0.061,0,0,2,4.156,0.061
1438947,4,0,1.57,4,0,3.162,-0.028,3.132,-0.001,4.062,0.143,4.071,0.057,0,0,2,4.071,0.057
1438957,4,0,1.57,4,0,3.22,-0.052,3.209,-0.057,3.962,0.093,3.974,0.036,0,0,2,3.974,0.036
1438967,4,0,1.57,4,0,3.222,0.041,3.221,0.009,3.867,0.063,3.886,0.028,0,0,2,3.886,0.028
1438977,4,0,1.57,4,0,3.243,0.048,3.236,0.056,3.967,0.072,3.901,0.036,0,0,2,3.901,0.036
1438987,4,0,1.57,4,0,3.223,0.066,3.223,0.066,4.062,0.093,4.007,0.045,0,0,2,4.007,0.045
1438998,4,0,1.57,4,0,3.233,0.045,3.246,0.046,4.043,0.084,4.027,0.054,0,0,2,4.027,0.054
1439007,4,0,1.57,4,0,3.308,-0.009,3.29,0.001,4.007,0.059,3.994,0.045,0,0,2,3.994,0.045
1439017,4,0,1.57,4,0,3.308,-0.01,3.306,-0.021,4.007,0.034,3.995,0.038,0,0,2,3.995,0.038
1439027,4,0,1.57,4,0,3.35,-0.022,3.321,0.003,4.021,0.03,3.976,0.025,0,0,2,3.976,0.025
1439038,4,0,1.57,4,0,3.25,-0.011,3.263,-0.018,4.056,0.017,4.02,0.016,0,0,2,4.02,0.016
1439047,4,0,1.57,4,0,3.278,-0.066,3.257,-0.035,4.076,0.017,4.05,0.008,0,0,2,4.05,0.008
1439057,4,0,1.57,4,0,3.289,-0.024,3.312,-0.041,4.033,0.027,4.002,-0.013,0,0,2,4.002,-0.013
1439067,4,0,1.57,4,0,3.349,0.017,3.332,0.004,3.976,0.044,3.966,-0.011,0,0,2,3.966,-0.011
1439077,4,0,1.57,4,0,3.381,0.001,3.377,-0.015,3.986,0.038,3.968,-0.006,0,0,2,3.968,-0.006
1439087,4,0,1.57,4,0,3.311,-0.022,3.322,-0.015,4.047,0.04,3.982,-0.002,0,0,2,3.982,-0.002
1439097,4,0,1.57,4,0,3.211,-0.02,3.232,-0.017,4.121,0.041,4.06,-0.003,0,0,2,4.06,-0.003
1439107,6,0,1.57,4,0,3.296,-0.007,3.258,-0.011,4.136,0.046,4.117,0,0,0,2,4.117,0
1439117,6,0,1.57,4,0,3.376,0.014,3.369,-0.001,4.042,0.049,4.057,0.004,0,0,2,4.057,0.004
1439127,6,0,1.57,4,0,3.436,0.005,3.418,-0.004,3.942,0.053,3.966,0.009,0,0,2,3.966,0.009
1439137,6,0,1.57,4.05,0,3.458,0.01,3.441,0.008,3.939,0.037,3.927,0.012,0,0,2,3.927,0.012
1439147,6,0,1.57,4.15,0,3.427,0.001,3.4,0.011,4.038,0.025,3.919,0.012,0,0,2,3.919,0.012
1439157,6,0,1.57,4.25,0,3.395,0.004,3.391,-0.018,4.138,0.014,3.911,0.012,0,0,2,3.911,0.012
1439167,6,0,1.57,4.35,0,3.321,-0.009,3.354,-0.019,4.238,0.024,4.016,0.01,0,0,2,4.016,0.01
1439177,6,0,1.57,4.45,0,3.221,-0.001,3.281,-0.043,4.338,-0.01,4.107,0.006,0,0,2,4.107,0.006
1439187,6,0,1.57,4.55,0,3.121,0,3.119,0.028,4.438,-0.052,4.224,0,0,0,2,4.224,0
1439199,6,0,1.57,4.65,0,3.021,0,3.052,0.012,4.538,-0.081,4.291,-0.009,0,0,2,4.291,-0.009
1439207,6,0,1.57,4.77,0,2.901,0,2.898,0.008,4.658,-0.03,4.41,-0.015,0,0,2,4.41,-0.015
1439217,6,0,1.57,4.85,0,2.821,0,2.852,-0.001,4.738,-0.007,4.5,-0.014,0,0,2,4.5,-0.014
1439227,6,0,1.57,4.95,0,2.721,0,2.751,-0.002,4.838,0.006,4.596,-0.01,0,0,2,4.596,-0.01
1439238,6,0,1.57,5.05,0,2.621,0,2.667,0.03,4.938,0.049,4.664,-0.001,0,0,2,4.664,-0.001
1439247,6,0,1.57,5.15,0,2.521,0,2.579,0.014,5,0.069,4.765,0.01,0,0,2,4.765,0.01
1439257,6,0,1.57,5.25,0,2.421,0.013,2.399,-0.004,5,0.071,4.735,0.017,0,0,2,4.735,0.017
1439267,6,0,1.57,5.35,0,2.321,0.002,2.344,0.007,5,0.068,4.448,0.02,0,0,2,4.448,0.02
1439277,6,0,1.57,5.45,0,2.221,0,2.256,0,5,0.034,4.286,0.017,0,0,2,4.286,0.017
1439287,6,0,1.57,5.55,0,2.121,0,2.149,-0.002,5,0.023,4.122,0.011,0,0,2,4.122,0.011
1439297,6,0,1.57,5.65,0,2.021,0.007,2.031,0.018,5,0.023,4.259,0.01,0,0,2,4.259,0.01
1439307,6,0,1.57,5.75,0,1.921,-0.012,1.96,-0.012,5,0.047,4.293,0.007,0,0,2,4.293,0.007
1439317,6,0,1.57,5.85,0,1.821,0,1.856,0,5,0.06,4.331,0.008,0,0,2,4.331,0.008
1439327,6,0,1.57,5.95,0,1.721,-0.02,1.744,-0.016,5,0.076,4.38,0.012,0,0,2,4.38,0.012
1439337,6,0,1.57,6,0,1.621,-0.003,1.645,-0.007,5,0.083,4.57,0.004,0,0,2,4.57,0.004
1439347,6,0,1.57,6,0,1.521,0,1.542,-0.004,5,0.102,4.85,0.009,0,0,2,4.85,0.009
1439357,6,0,1.57,6,0,1.421,0.009,1.453,0.003,5,0.121,4.886,0.019,0,0,2,4.886,0.019
1439367,6,0,1.57,6,0,1.321,0.006,1.351,0.016,5,0.152,4.714,0.027,0,0,2,4.714,0.027
1439377,6,0,1.57,6,0,1.221,0,1.25,0.012,5,0.142,4.883,0.034,0,0,2,4.883,0.034
1439387,6,0,1.57,6,0,1.121,0,1.152,-0.003,5,0.146,4.061,0.013,0,0,2,4.061,0.013
1439397,6,0,1.57,6,0,1.021,0.044,1.037,0.017,5,0.132,4.761,0.018,0,0,2,4.761,0.018
1439407,6,0,1.57,6,0,0.921,-0.024,0.954,-0.012,5,0.133,4.909,0.027,0,0,2,4.909,0.027
1439417,6,0,1.57,6,0,0.821,-0.004,0.857,-0.01,5,0.114,4.523,0.012,0,0,2,4.523,0.012
1439427,6,0,1.57,6,0,0.721,-0.002,0.75,0.001,5,0.1,4.792,0.015,0,0,2,4.792,0.015
1439437,6,0,1.57,6,0,0.621,0,0.638,-0.012,5,0.077,4.876,0.016,0,0,2,4.876,0.016
1439447,6,0,1.57,6,0,0.521,0,0.545,0.002,5,0.071,4.942,0.02,0,0,2,4.942,0.02
1439457,6,0,1.57,6,0,0.421,0,0.471,0.02,5,0.04,4.925,0.023,0,0,2,4.925,0.023
1439467,6,0,1.57,6,0,0.321,0,0.361,-0.014,5,0.009,4.876,0.015,0,0,2,4.876,0.015
1439477,6,0,1.57,6,0,0.221,0,0.239,0.008,5,-0.043,4.871,0.009,0,0,2,4.871,0.009
1439487,6,0,1.57,6,0,0.121,0,0.152,-0.004,5,-0.073,4.81,-0.001,0,0,2,4.81,-0.001
1439497,6,0,1.57,6,0,0.021,0,0.058,-0.004,5,-0.078,4.843,-0.008,0,0,2,4.843,-0.008
1439507,6,0,1.57,6,0,0.009,-0.005,0.017,0.004,5,-0.059,4.833,-0.011,0,0,2,4.833,-0.011
1439517,6,0,1.57,6,0,-0.022,0.068,-0.042,0.053,5,-0.039,4.821,-0.006,0,0,2,4.821,-0.006
1439527,6,0,1.57,6,0,-0.003,0.01,-0.018,0.022,5,-0.019,4.871,0.003,0,0,2,4.871,0.003
1439537,6,0,1.57,6,0,-0.005,-0.016,-0.005,-0.017,5,-0.051,4.875,-0.001,0,0,2,4.875,-0.001
1439547,6,0,1.57,6,0,0,-0.003,0.01,-0.006,5,-0.067,4.903,-0.011,0,0,2,4.903,-0.011
1439558,6,0,1.57,6,0,-0.031,0.014,-0.018,0.007,5,-0.059,4.93,-0.016,0,0,2,4.93,-0.016
1439567,6,0,1.57,6,0,-0.009,0.032,-0.038,0.033,5,-0.033,4.811,-0.007,0,0,2,4.811,-0.007
1439577,6,0,1.57,6,0,-0.012,0.016,-0.005,0.03,5,-0.018,4.902,-0.002,0,0,2,4.902,-0.002
1439587,6,0,1.57,6,0,-0.026,0.02,-0.042,0.037,5,-0.001,4.878,0.007,0,0,2,4.878,0.007
1439597,6,0,1.57,6,0,-0.003,0,-0.006,-0.007,5,-0.007,4.871,0.007,0,0,2,4.871,0.007
1439607,6,0,1.57,6,0,0,0,-0.002,0.001,5,0.007,4.893,0.004,0,0,2,4.893,0.004
1439617,6,0,1.57,6,0,-0.007,0,-0.02,-0.006,5,-0.004,4.749,0.004,0,0,2,4.749,0.004
1439627,6,0,1.57,6,0,-0.001,0,0,0.01,5,-0.013,4.885,0.002,0,0,2,4.885,0.002
1439637,6,0,1.57,6,0,0,0,-0.002,0.003,5,-0.04,4.898,-0.001,0,0,2,4.898,-0.001
1439647,6,0,1.57,6,0,-0.023,0.023,-0.028,0.007,5,-0.048,4.817,-0.005,0,0,2,4.817,-0.005
1439657,6,0,1.57,6,0,-0.034,-0.02,-0.037,-0.014,5,-0.06,4.85,-0.008,0,0,2,4.85,-0.008
1439667,6,0,1.57,6,0,-0.013,-0.002,-0.036,-0.004,5,-0.056,4.836,-0.015,0,0,2,4.836,-0.015
1439677,6,0,1.57,6,0,-0.002,0,0.002,0.006,5,-0.09,4.873,-0.017,0,0,2,4.873,-0.017
1439687,6,0,1.57,6,0,-0.007,-0.029,0.007,-0.016,5,-0.114,4.863,-0.023,0,0,2,4.863,-0.023
1439697,6,0,1.57,6,0,-0.008,0.002,-0.01,-0.017,5,-0.128,4.779,-0.033,0,0,2,4.779,-0.033
1439707,0,0,1.57,6,0,0.035,0.002,0.006,-0.016,5,-0.128,4.827,-0.035,0,0,2,4.827,-0.035
1439717,0,0,1.57,6,0,0.016,0.018,0.03,0.03,5,-0.147,4.875,-0.035,0,0,2,4.875,-0.035
1439727,0,0,1.57,6,0,-0.035,0.04,-0.039,0.041,5,-0.17,4.875,-0.032,0,0,2,4.875,-0.032
1439737,0,0,1.57,5.95,0,-0.006,0.007,-0.018,0.011,5,-0.193,4.503,-0.027,0,0,2,4.503,-0.027
1439747,0,0,1.57,5.85,0,0,0,-0.007,0.004,5,-0.159,4.001,-0.029,0,0,2,4.001,-0.029
1439758,0,0,1.57,5.75,0,-0.005,-0.007,-0.004,-0.023,5,-0.144,3.573,-0.036,0,0,2,3.573,-0.036
1439767,0,0,1.57,5.65,0,0.024,0.012,0.024,0.001,5,-0.142,3.882,-0.043,0,0,2,3.882,-0.043
1439777,0,0,1.57,5.55,0,0.022,0.021,0.032,0.041,5,-0.144,3.675,-0.026,0,0,2,3.675,-0.026
1439787,0,0,1.57,5.45,0,0.006,-0.007,0.023,0.002,4.9,-0.142,3.355,-0.017,0,0,2,3.355,-0.017
1439797,0,0,1.57,5.35,0,-0.04,-0.043,-0.019,-0.028,4.92,-0.106,3.749,-0.025,0,0,2,3.749,-0.025
1439807,0,0,1.57,5.25,0,-0.017,-0.009,-0.041,-0.021,5,-0.04,3.411,-0.034,0,0,2,3.411,-0.034
1439817,0,0,1.57,5.15,0,-0.002,-0.021,-0.024,-0.012,5,0.022,3.68,-0.029,0,0,2,3.68,-0.029
1439827,0,0,1.57,5.05,0,0,-0.003,-0.001,-0.008,5,0.063,3.368,-0.017,0,0,2,3.368,-0.017
1439837,0,0,1.57,4.95,0,0.021,0.04,0.02,0.015,5,0.026,3.669,-0.008,0,0,2,3.669,-0.008
1439847,0,0,1.57,4.85,0,0.004,0.014,0.006,0.019,5,-0.004,3.825,0.002,0,0,2,3.825,0.002
1439857,0,0,1.57,4.75,0,0.007,0.024,-0.009,0.029,5,0.017,3.949,0.005,0,0,2,3.949,0.005
1439867,0,0,1.57,4.65,0,0.003,-0.005,0.018,0.004,4.938,0.056,4.25,0.012,0,0,2,4.25,0.012
1439877,0,0,1.57,4.55,0,0.008,-0.035,0.021,-0.048,4.838,0.019,3.868,0,0,0,2,3.868,0
1439887,0,0,1.57,4.45,0,-0.014,0.001,0.003,-0.002,4.764,0.009,3.655,-0.006,0,0,2,3.655,-0.006
1439897,0,0,1.57,4.35,0,-0.024,0.008,-0.011,0.011,4.716,0.057,3.39,-0.001,0,0,2,3.39,-0.001
1439907,0,0,1.57,4.25,0,0.069,0.108,0.04,0.076,4.647,0.142,3.215,0.02,0,0,2,3.215,0.02
1439917,0,0,1.57,4.15,0,0.169,0.186,0.143,0.165,4.554,0.182,2.868,0.07,0,0,2,2.868,0.07
1439927,0,0,1.57,4.05,0,0.269,0.094,0.235,0.128,4.455,0.169,2.52,0.124,0,0,2,2.52,0.124
1439937,0,0,1.57,3.95,0,0.369,0.04,0.336,0.062,4.367,0.077,2.796,0.113,0,0,2,2.796,0.113
1439947,0,0,1.57,3.85,0,0.469,0.011,0.438,0.031,4.279,-0.023,2.864,0.083,0,0,2,2.864,0.083
1439957,0,0,1.57,3.75,0,0.569,-0.073,0.535,-0.046,4.206,-0.123,3.137,0.05,0,0,2,3.137,0.05
1439967,0,0,1.57,3.65,0,0.669,-0.138,0.645,-0.117,4.14,-0.177,2.869,-0.023,0,0,2,2.869,-0.023
1439977,0,0,1.57,3.55,0,0.769,-0.172,0.745,-0.149,4.061,-0.185,2.553,-0.088,0,0,2,2.553,-0.088
1439987,0,0,1.57,3.45,0,0.869,-0.177,0.847,-0.169,3.961,-0.125,2.648,-0.118,0,0,2,2.648,-0.118
1439997,0,0,1.57,3.35,0,0.969,-0.173,0.954,-0.181,3.861,-0.027,2.751,-0.132,0,0,2,2.751,-0.132
1440007,0,0,1.57,3.25,0,1.069,-0.163,1.039,-0.161,3.808,0.06,2.748,-0.139,0,0,2,2.748,-0.139
1440017,0,0,1.57,3.15,0,1.169,-0.163,1.14,-0.16,3.769,0.094,2.784,-0.134,0,0,2,2.784,-0.134
1440027,0,0,1.57,3.05,0,1.269,-0.205,1.231,-0.195,3.695,0.164,2.838,-0.126,0,0,2,2.838,-0.126
1440038,0,0,1.57,2.95,0,1.369,-0.172,1.342,-0.19,3.595,0.264,2.746,-0.131,0,0,2,2.746,-0.131
1440047,0,0,1.57,2.85,0,1.469,-0.152,1.453,-0.166,3.495,0.364,2.625,-0.121,0,0,2,2.625,-0.121
1440059,0,0,1.57,2.75,0,1.569,-0.153,1.55,-0.158,3.395,0.461,2.31,-0.123,0,0,2,2.31,-0.123
1440068,0,0,1.57,2.63,0,1.689,-0.105,1.662,-0.128,3.285,0.482,2.465,-0.095,0,0,2,2.465,-0.095
1440077,0,0,1.57,2.55,0,1.769,-0.131,1.764,-0.129,3.215,0.494,2.637,-0.062,0,0,2,2.637,-0.062
1440087,0,0,1.57,2.45,0,1.869,-0.161,1.84,-0.155,3.117,0.489,2.741,-0.031,0,0,2,2.741,-0.031
1440097,0,0,1.57,2.35,0,1.969,-0.149,1.957,-0.151,3.017,0.458,2.831,0.008,0,0,2,2.831,0.008
1440107,0,0,1.57,2.25,0,2.069,-0.09,2.063,-0.106,2.917,0.453,2.85,0.049,0,0,2,2.85,0.049
1440117,0,0,1.57,2.15,0,1.969,-0.013,2.051,-0.046,2.817,0.491,2.821,0.095,0,0,2,2.821,0.095
1440127,0,0,1.57,2.05,0,1.869,-0.002,1.934,0.037,2.717,0.591,2.759,0.15,0,0,2,2.759,0.15
1440137,0,0,1.57,1.95,0,1.769,0,1.799,-0.002,2.617,0.691,2.684,0.214,0,0,2,2.684,0.214
1440147,0,0,1.57,1.85,0,1.669,0,1.706,-0.013,2.517,0.791,2.605,0.289,0,0,2,2.605,0.289
1440157,0,0,1.57,1.75,0,1.569,0,1.633,-0.02,2.417,0.891,2.517,0.366,0,0,2,2.517,0.366
1440169,0,0,1.57,1.65,0,1.469,0,1.617,-0.003,2.317,0.991,2.421,0.442,0,0,2,2.421,0.442
1440177,0,0,1.57,1.53,0,1.349,0,1.408,-0.001,2.197,1.071,2.298,0.522,0,0,2,2.298,0.522
1440187,0,0,1.57,1.45,0,1.269,0,1.322,-0.004,2.117,0.991,2.217,0.559,0,0,2,2.217,0.559
1440197,0,0,1.57,1.35,0,1.169,0,1.248,0.003,2.017,0.891,2.115,0.576,0,0,2,2.115,0.576
1440207,0,0,1.57,1.25,0,1.069,0,1.136,0.007,1.917,0.791,2,0.546,0,0,2,2,0.546
1440217,0,0,1.57,1.15,0,0.969,0,1.023,0.01,1.817,0.691,1.859,0.465,0,0,2,1.859,0.465
1440227,0,0,1.57,1.05,0,0.869,0,0.936,0.013,1.717,0.591,1.707,0.361,0,0,2,1.707,0.361
1440237,0,0,1.57,0.95,0,0.769,0,0.833,0.009,1.617,0.491,1.635,0.336,0,0,2,1.635,0.336
1440247,0,0,1.57,0.85,0,0.669,0,0.731,0.006,1.517,0.391,1.568,0.32,0,0,2,1.568,0.32
1440257,0,0,1.57,0.75,0,0.569,0,0.643,0,1.417,0.291,1.491,0.298,0,0,2,1.491,0.298
1440267,0,0,1.57,0.65,0,0.469,0,0.573,-0.01,1.317,0.191,1.408,0.268,0,0,2,1.408,0.268
1440277,0,0,1.57,0.55,0,0.369,0,0.455,-0.016,1.217,0.091,1.319,0.229,0,0,2,1.319,0.229
1440287,0,0,1.57,0.45,0,0.269,0,0.318,-0.007,1.117,-0.009,1.226,0.182,0,0,2,1.226,0.182
1440297,0,0,1.57,0.35,0,0.169,0,0.213,-0.005,1.017,-0.109,1.13,0.129,0,0,2,1.13,0.129
1440307,0,0,1.57,0.25,0,0.069,0,0.118,-0.014,0.917,-0.209,1.034,0.071,0,0,2,1.034,0.071
1440317,0,0,1.57,0.15,0,0,0,0.047,0,0.817,-0.309,0.937,0.009,0,0,2,0.937,0.009
1440327,0,0,1.57,0.05,0,0.04,-0.04,0.064,0.069,0.717,-0.409,0.846,-0.056,0,0,2,0.846,-0.056
1440337,0,0,1.57,0,0,0.14,-0.14,0.101,-0.155,0.617,-0.509,0.674,-0.127,0,0,2,0.674,-0.127
1440347,0,0,1.57,0,0,0.24,-0.24,0.212,-0.266,0.517,-0.445,0.565,-0.193,0,0,2,0.565,-0.193
1440357,0,0,1.57,0,0,0.24,-0.14,0.248,-0.144,0.417,-0.345,0.468,-0.227,0,0,2,0.468,-0.227
1440367,0,0,1.57,0,0,0.14,-0.04,0.226,-0.056,0.317,-0.445,0.369,-0.253,0,0,2,0.369,-0.253
1440377,0,0,1.57,0,0,0.04,0,0.128,-0.002,0.217,-0.475,0.269,-0.282,0,0,2,0.269,-0.282
1440387,0,0,1.57,0,0,0,0,0.048,0.002,0.117,-0.389,0.17,-0.293,0,0,2,0.17,-0.293
1440397,0,0,1.57,0,0,0,0,0.09,-0.005,0.017,-0.342,0.07,-0.287,0,0,2,0.07,-0.287
1440407,0,0,1.57,0,0,0,0,-0.029,0.008,-0.083,-0.291,-0.029,-0.268,0,0,2,-0.029,-0.268
1440417,0,0,1.57,0,0,0,0,0.027,-0.002,-0.183,-0.191,-0.128,-0.244,0,0,2,-0.128,-0.244
1440427,0,0,1.57,0,0,0,0,0.01,0.005,-0.283,-0.091,-0.228,-0.207,0,0,2,-0.228,-0.207
1440437,0,0,1.57,0,0,0,0,0.016,0.005,-0.383,0.009,-0.327,-0.162,0,0,2,-0.327,-0.162
1440447,0,0,1.57,0,0,0,0,0.028,-0.003,-0.483,0.109,-0.427,-0.112,0,0,2,-0.427,-0.112
1440457,0,0,1.57,0,0,0,0,0.065,-0.022,-0.583,0.209,-0.525,-0.058,0,0,2,-0.525,-0.058
1440467,0,0,1.57,0,0,0,0,0.022,-0.013,-0.483,0.309,-0.509,-0.003,0,0,2,-0.509,-0.003
1440477,0,0,1.57,0,0,0,0,0.016,-0.013,-0.383,0.409,-0.427,0.056,0,0,2,-0.427,0.056
1440487,0,0,1.57,0,0,0,0,0.019,-0.01,-0.283,0.509,-0.332,0.12,0,0,2,-0.332,0.12
1440497,0,0,1.57,0,0,0,0,0.019,-0.016,-0.183,0.609,-0.235,0.19,0,0,2,-0.235,0.19
1440507,0,0,1.57,0,0,0,0,0.022,-0.016,-0.083,0.709,-0.136,0.265,0,0,2,-0.136,0.265
1440517,0,0,1.57,0,0,0,0,0.06,0.006,0.017,0.729,-0.037,0.342,0,0,2,-0.037,0.342
1440527,0,0,1.57,0,0,0.01,0.01,0.057,0.05,0.117,0.629,0.063,0.393,0,0,2,0.063,0.393
1440537,0,0,1.57,0,0,0.053,0.005,-0.05,0.045,0.217,0.529,0.161,0.401,0,0,2,0.161,0.401
1440547,0,0,1.57,0,0,0.02,0.001,0.021,0.006,0.317,0.429,0.261,0.385,0,0,2,0.261,0.385
1440558,0,0,1.57,0,0,0.003,0,0.004,-0.008,0.417,0.329,0.362,0.361,0,0,2,0.362,0.361
1440567,0,0,1.57,0,0,0,0,0.042,0.01,0.404,0.229,0.411,0.324,0,0,2,0.411,0.324
1440577,0,0,1.57,0,0,0,0,0.041,-0.001,0.304,0.129,0.344,0.264,0,0,2,0.344,0.264
1440587,0,0,1.57,0,0,0,0,0.02,0.005,0.204,0.029,0.251,0.194,0,0,2,0.251,0.194
1440597,0,0,1.57,0,0,0,0,0.04,0.014,0.104,-0.071,0.152,0.119,0,0,2,0.152,0.119
1440607,0,0,1.57,0,0,0,0,0.038,0.015,0.004,-0.171,0.057,0.072,0,0,2,0.057,0.072
1440617,0,0,1.57,0,0,0,0,0.008,0,-0.096,-0.271,-0.042,0.025,0,0,2,-0.042,0.025
1440627,0,0,1.57,0,0,0,0,0.012,0.015,-0.196,-0.371,-0.141,-0.03,0,0,2,-0.141,-0.03
1440637,0,0,1.57,0,0,0,0,0.01,0.029,-0.296,-0.471,-0.241,-0.093,0,0,2,-0.241,-0.093
1440647,0,0,1.57,0,0,0.077,-0.041,-0.059,-0.006,-0.396,-0.571,-0.34,-0.159,0,0,2,-0.34,-0.159
1440657,0,0,1.57,0,0,0.072,-0.043,0.109,-0.089,-0.39,-0.671,-0.393,-0.231,0,0,2,-0.393,-0.231
1440667,0,0,1.57,0,0,0.172,-0.143,0.149,-0.143,-0.29,-0.771,-0.325,-0.291,0,0,2,-0.325,-0.291
1440677,0,0,1.57,0,0,0.272,-0.212,0.233,-0.185,-0.19,-0.723,-0.215,-0.289,0,0,2,-0.215,-0.289
1440687,0,0,1.57,0,0,0.212,-0.124,0.255,-0.161,-0.09,-0.623,-0.116,-0.29,0,0,2,-0.116,-0.29
1440697,0,0,1.57,0,0,0.232,-0.129,0.227,-0.142,0.01,-0.523,-0.032,-0.292,0,0,2,-0.032,-0.292
1440707,0,0,1.57,0,0,0.332,-0.192,0.283,-0.167,0.11,-0.423,0.079,-0.254,0,0,2,0.079,-0.254
1440717,0,0,1.57,0,0,0.232,-0.092,0.255,-0.12,0.21,-0.323,0.163,-0.249,0,0,2,0.163,-0.249
1440727,0,0,1.57,0,0,0.221,-0.072,0.224,-0.084,0.31,-0.223,0.257,-0.234,0,0,2,0.257,-0.234
1440737,0,0,1.57,0,0,0.268,-0.1,0.284,-0.114,0.3,-0.123,0.3,-0.199,0,0,2,0.3,-0.199
1440747,0,0,1.57,0,0,0.262,-0.087,0.284,-0.099,0.263,-0.052,0.278,-0.161,0,0,2,0.278,-0.161
1440757,0,0,1.57,0,0,0.27,-0.053,0.294,-0.068,0.224,-0.033,0.246,-0.126,0,0,2,0.246,-0.126
1440767,0,0,1.57,0,0,0.243,-0.028,0.273,-0.041,0.195,-0.005,0.214,-0.096,0,0,2,0.214,-0.096
1440777,0,0,1.57,0,0,0.206,-0.003,0.23,-0.021,0.174,0.008,0.196,-0.051,0,0,2,0.196,-0.051
1440787,0,0,1.57,0,0,0.132,0.005,0.179,-0.003,0.14,0.012,0.164,-0.032,0,0,2,0.164,-0.032
1440797,0,0,1.57,0,0,0.067,0.006,0.117,0.004,0.096,0.028,0.121,-0.02,0,0,2,0.121,-0.02
1440807,0,0,1.57,0,0,0.007,0.001,0.041,-0.001,0.04,0.06,0.067,-0.005,0,0,2,0.067,-0.005
1440817,0,0,1.57,0,0,0.001,0,0.021,-0.001,0,0.078,0.022,0,0,0,2,0.022,0
1440827,0,0,1.57,0,0,-0.008,0.005,0.01,0,-0.019,0.073,-0.006,0.005,0,0,2,-0.006,0.005
1440837,0,0,1.57,0,0,-0.043,0.03,-0.023,0.016,-0.036,0.064,-0.025,0.011,0,0,2,-0.025,0.011
1440847,0,0,1.57,0,0,-0.081,0.043,-0.068,0.037,-0.055,0.059,-0.046,0.023,0,0,2,-0.046,0.023
1440857,0,0,1.57,0,0,-0.111,0.057,-0.105,0.054,-0.073,0.062,-0.067,0.037,0,0,2,-0.067,0.037
1440867,0,0,1.57,0,0,-0.123,0.066,-0.12,0.063,-0.089,0.066,-0.084,0.046,0,0,2,-0.084,0.046
1440877,0,0,1.57,0,0,-0.124,0.068,-0.125,0.066,-0.1,0.07,-0.096,0.054,0,0,2,-0.096,0.054
1440887,0,0,1.57,0,0,-0.102,0.039,-0.124,0.058,-0.107,0.072,-0.106,0.061,0,0,2,-0.106,0.061
1440897,0,0,1.57,0,0,-0.097,0.049,-0.093,0.044,-0.11,0.072,-0.106,0.052,0,0,2,-0.106,0.052
1440907,0,0,1.57,0,0,-0.117,0.059,-0.12,0.058,-0.106,0.069,-0.107,0.052,0,0,2,-0.107,0.052
1440917,0,0,1.57,0,0,-0.087,0.046,-0.1,0.051,-0.095,0.063,-0.101,0.054,0,0,2,-0.101,0.054
1440927,0,0,1.57,0,0,-0.075,0.044,-0.087,0.047,-0.084,0.056,-0.09,0.05,0,0,2,-0.09,0.05
1440937,-2,0,1.57,0,0,-0.062,0.039,-0.075,0.044,-0.071,0.049,-0.078,0.046,0,0,2,-0.078,0.046
1440947,-2,0,1.57,0,0,-0.039,0.032,-0.054,0.037,-0.055,0.041,-0.063,0.042,0,0,2,-0.063,0.042
1440957,-2,0,1.57,0,0,-0.014,0.021,-0.029,0.028,-0.038,0.031,-0.043,0.034,0,0,2,-0.043,0.034
1440967,-2,0,1.57,-0.05,0,0.006,0.01,-0.007,0.018,-0.024,0.022,-0.027,0.027,0,0,2,-0.027,0.027
1440977,-2,0,1.57,-0.15,0,0.006,0.002,0.008,0.006,-0.034,0.014,-0.023,0.023,0,0,2,-0.023,0.023
1440987,-2,0,1.57,-0.25,0,-0.013,-0.007,0.002,-0.004,-0.05,0.006,-0.025,0.017,0,0,2,-0.025,0.017
1440997,-2,0,1.57,-0.35,0,-0.065,-0.022,-0.031,-0.014,-0.112,0.017,-0.045,0.012,0,0,2,-0.045,0.012
1441007,-2,0,1.57,-0.45,0,-0.025,-0.007,-0.023,-0.013,-0.21,0.026,-0.093,0.009,0,0,2,-0.093,0.009
1441017,-2,0,1.57,-0.55,0,-0.004,0,0.009,-0.005,-0.31,0.026,-0.158,0.009,0,0,2,-0.158,0.009
1441027,-2,0,1.57,-0.65,0,0,0,0.022,-0.001,-0.41,0.021,-0.235,0.01,0,0,2,-0.235,0.01
1441037,-2,0,1.57,-0.75,0,-0.06,-0.046,-0.001,-0.025,-0.51,0,-0.316,0.008,0,0,2,-0.316,0.008
1441047,-2,0,1.57,-0.85,0,-0.08,-0.009,-0.065,-0.024,-0.61,-0.081,-0.407,-0.005,0,0,2,-0.407,-0.005
1441057,-2,0,1.57,-0.95,0,-0.009,-0.001,-0.015,-0.008,-0.71,-0.097,-0.503,-0.018,0,0,2,-0.503,-0.018
1441067,-2,0,1.57,-1.05,0,-0.001,0,0.032,0.011,-0.81,-0.137,-0.59,-0.03,0,0,2,-0.59,-0.03
1441077,-2,0,1.57,-1.15,0,0,0,0.015,-0.009,-0.91,-0.08,-0.669,-0.037,0,0,2,-0.669,-0.037
1441087,-2,0,1.57,-1.25,0,0,0,0.041,0.009,-1.01,0.008,-0.752,-0.03,0,0,2,-0.752,-0.03
1441097,-2,0,1.57,-1.35,0,0,0,0.034,-0.007,-1.11,0.008,-0.773,-0.017,0,0,2,-0.773,-0.017
1441107,-2,0,1.57,-1.45,0,0,0,0.008,-0.002,-1.21,0.051,-0.723,-0.008,0,0,2,-0.723,-0.008
1441117,-2,0,1.57,-1.55,0,0,0,0.02,-0.004,-1.31,0.082,-0.632,0.002,0,0,2,-0.632,0.002
1441127,-2,0,1.57,-1.65,0,0,0,0.019,0.001,-1.41,0.033,-0.817,0.005,0,0,2,-0.817,0.005
1441137,-2,0,1.57,-1.75,0,0,0,0.022,0,-1.51,-0.012,-0.975,0.004,0,0,2,-0.975,0.004
1441147,-2,0,1.57,-1.85,0,0,0,0.026,-0.003,-1.61,-0.03,-1.154,0,0,0,2,-1.154,0
1441157,-2,0,1.57,-1.95,0,0,0,0.017,0.011,-1.71,-0.045,-1.306,-0.004,0,0,2,-1.306,-0.004
1441167,-2,0,1.57,-2,0,0,0,0.026,-0.008,-1.81,-0.127,-1.667,-0.017,0,0,2,-1.667,-0.017
1441177,-2,0,1.57,-2,0,0,0,0.041,0,-1.91,-0.208,-1.836,-0.039,0,0,2,-1.836,-0.039
1441187,-2,0,1.57,-2,0,-0.03,-0.006,0.022,-0.003,-2.01,-0.308,-1.947,-0.072,0,0,2,-1.947,-0.072
1441197,-2,0,1.57,-2,0,-0.017,-0.001,-0.069,0.033,-2.11,-0.408,-2.034,-0.108,0,0,2,-2.034,-0.108
1441207,-2,0,1.57,-2,0,-0.092,-0.027,-0.055,-0.046,-2.21,-0.468,-2.13,-0.145,0,0,2,-2.13,-0.145
1441217,-2,0,1.57,-2,0,-0.192,-0.007,-0.152,-0.024,-2.31,-0.368,-2.232,-0.167,0,0,2,-2.232,-0.167
1441227,-2,0,1.57,-2,0,-0.292,0.014,-0.242,0,-2.229,-0.268,-2.232,-0.172,0,0,2,-2.232,-0.172
1441237,-2,0,1.57,-2,0,-0.392,0.027,-0.348,0.021,-2.129,-0.168,-2.125,-0.139,0,0,2,-2.125,-0.139
1441247,-2,0,1.57,-2,0,-0.352,0.004,-0.356,0.004,-2.029,-0.068,-2.004,-0.084,0,0,2,-2.004,-0.084
1441257,-2,0,1.57,-2,0,-0.332,0.006,-0.326,0.01,-2.025,0.032,-1.976,-0.06,0,0,2,-1.976,-0.06
1441267,-2,0,1.57,-2,0,-0.232,0.009,-0.239,0.001,-2.101,0.132,-2.038,-0.032,0,0,2,-2.038,-0.032
1441277,-2,0,1.57,-2,0,-0.132,0.002,-0.143,0.02,-2.127,0.232,-2.095,0.002,0,0,2,-2.095,0.002
1441287,-2,0,1.57,-2,0,-0.132,0.057,-0.151,0.017,-2.022,0.352,-2.031,0.05,0,0,2,-2.031,0.05
1441297,-2,0,1.57,-2,0,-0.212,0.092,-0.188,0.065,-1.956,0.432,-1.961,0.088,0,0,2,-1.961,0.088
1441307,-2,0,1.57,-2,0,-0.312,0.099,-0.273,0.096,-1.962,0.348,-1.941,0.13,0,0,2,-1.941,0.13
1441317,-2,0,1.57,-2,0,-0.412,0.12,-0.357,0.137,-2.018,0.248,-1.969,0.151,0,0,2,-1.969,0.151
1441327,-2,0,1.57,-2,0,-0.512,0.076,-0.454,0.102,-2.066,0.148,-1.992,0.147,0,0,2,-1.992,0.147
1441337,-2,0,1.57,-2,0,-0.512,0.012,-0.517,0.031,-2.088,0.097,-2.035,0.127,0,0,2,-2.035,0.127
1441347,-2,0,1.57,-2,0,-0.412,0.002,-0.435,0.004,-2.059,-0.003,-2.041,0.1,0,0,2,-2.041,0.1
1441357,-2,0,1.57,-2,0,-0.412,-0.014,-0.392,-0.025,-1.972,-0.056,-1.983,0.066,0,0,2,-1.983,0.066
1441367,-2,0,1.57,-2,0,-0.512,-0.022,-0.501,-0.002,-1.918,-0.068,-1.904,0.034,0,0,2,-1.904,0.034
1441377,-2,0,1.57,-2,0,-0.612,-0.011,-0.58,-0.019,-1.957,-0.075,-1.914,0.015,0,0,2,-1.914,0.015
1441387,-2,0,1.57,-2,0,-0.712,-0.013,-0.658,-0.019,-2.048,-0.071,-1.982,-0.001,0,0,2,-1.982,-0.001
1441397,-2,0,1.57,-2,0,-0.812,-0.003,-0.767,0,-2.129,-0.104,-2.04,-0.014,0,0,2,-2.04,-0.014
1441407,-2,0,1.57,-2,0,-0.912,-0.007,-0.853,-0.009,-2.147,-0.152,-2.084,-0.022,0,0,2,-2.084,-0.022
1441417,-2,0,1.57,-2,0,-1.012,-0.052,-0.976,-0.047,-2.071,-0.111,-2.081,-0.036,0,0,2,-2.081,-0.036
1441427,-2,0,1.57,-2,0,-1.112,-0.032,-1.106,-0.027,-1.982,-0.052,-1.999,-0.041,0,0,2,-1.999,-0.041
1441437,-2,0,1.57,-2,0,-1.192,-0.029,-1.195,-0.036,-1.971,0.002,-1.952,-0.034,0,0,2,-1.952,-0.034
1441447,-2,0,1.57,-2,0,-1.103,-0.017,-1.114,-0.03,-2.016,0.054,-1.985,-0.025,0,0,2,-1.985,-0.025
1441457,-2,0,1.57,-2,0,-1.203,0.015,-1.156,0,-2.062,0.104,-2.015,-0.009,0,0,2,-2.015,-0.009
1441467,-2,0,1.57,-2,0,-1.199,0.007,-1.194,0.008,-2.081,0.14,-2.044,0.009,0,0,2,-2.044,0.009
1441477,-2,0,1.57,-2,0,-1.099,0.005,-1.121,0.007,-2.051,0.151,-2.048,0.026,0,0,2,-2.048,0.026
1441487,-2,0,1.57,-2,0,-0.999,0.001,-1.054,0.009,-1.989,0.119,-1.997,0.038,0,0,2,-1.997,0.038
1441497,-2,0,1.57,-2,0,-0.919,0.045,-0.957,0.017,-1.99,0.099,-1.961,0.036,0,0,2,-1.961,0.036
1441507,-2,0,1.57,-2,0,-1.019,0.048,-0.987,0.039,-2.034,0.081,-2,0.042,0,0,2,-2,0.042
1441517,-2,0,1.57,-2,0,-1.119,0.04,-1.079,0.042,-2.038,0.059,-2.001,0.045,0,0,2,-2.001,0.045
1441527,-2,0,1.57,-2,0,-1.219,0.062,-1.182,0.053,-2.041,0.019,-1.986,0.051,0,0,2,-1.986,0.051
1441537,-2,0,1.57,-2,0,-1.319,0.015,-1.276,0.017,-2.03,0.001,-2.012,0.044,0,0,2,-2.012,0.044
1441547,-2,0,1.57,-2,0,-1.419,0.021,-1.398,0.03,-2.034,-0.028,-2.017,0.035,0,0,2,-2.017,0.035
1441557,-2,0,1.57,-2,0,-1.519,0.062,-1.487,0.063,-2.038,-0.049,-2.023,0.029,0,0,2,-2.023,0.029
1441568,-2,0,1.57,-2,0,-1.619,0.023,-1.589,0.022,-2.026,-0.048,-2.02,0.021,0,0,2,-2.02,0.021
1441578,-2,0,1.57,-2,0,-1.709,0.028,-1.686,0.019,-2.037,-0.04,-2.023,0.012,0,0,2,-2.023,0.012
1441587,-2,0,1.57,-2,0,-1.619,0.013,-1.632,0.013,-2.047,-0.051,-1.994,0.015,0,0,2,-1.994,0.015
1441597,-2,0,1.57,-2,0,-1.519,0.029,-1.54,0.045,-2.027,-0.04,-2.018,0.012,0,0,2,-2.018,0.012
1441607,-2,0,1.57,-2,0,-1.551,0.017,-1.539,-0.003,-2,-0.017,-1.993,0.011,0,0,2,-1.993,0.011
1441617,-2,0,1.57,-2,0,-1.651,0.009,-1.629,0.02,-2.01,-0.011,-1.992,0.008,0,0,2,-1.992,0.008
1441627,-2,0,1.57,-2,0,-1.68,0.027,-1.647,0.031,-2.049,-0.023,-2.025,0.007,0,0,2,-2.025,0.007
1441637,-2,0,1.57,-2,0,-1.703,0.074,-1.7,0.08,-2.056,-0.043,-2.043,0.011,0,0,2,-2.043,0.011
1441647,-4,0,1.57,-2,0,-1.715,0.034,-1.672,0.031,-2.017,-0.043,-2.03,0.009,0,0,2,-2.03,0.009
1441657,-4,0,1.57,-2,0,-1.648,0.001,-1.698,0.005,-1.967,-0.035,-1.985,0.004,0,0,2,-1.985,0.004
1441667,-4,0,1.57,-2,0,-1.668,-0.032,-1.686,-0.023,-1.975,-0.03,-1.965,-0.003,0,0,2,-1.965,-0.003
1441677,-4,0,1.57,-2.05,0,-1.689,-0.015,-1.696,-0.017,-2.062,-0.035,-1.98,-0.011,0,0,2,-1.98,-0.011
1441687,-4,0,1.57,-2.15,0,-1.589,-0.002,-1.627,0.004,-2.162,-0.057,-2.026,-0.016,0,0,2,-2.026,-0.016
1441697,-4,0,1.57,-2.25,0,-1.489,-0.037,-1.466,-0.01,-2.262,-0.02,-2.098,-0.018,0,0,2,-2.098,-0.018
1441707,-4,0,1.57,-2.35,0,-1.389,0.026,-1.402,0.026,-2.362,0.072,-2.172,-0.008,0,0,2,-2.172,-0.008
1441717,-4,0,1.57,-2.45,0,-1.289,0.006,-1.316,-0.004,-2.462,0.172,-2.213,0.012,0,0,2,-2.213,0.012
1441727,-4,0,1.57,-2.55,0,-1.189,0,-1.206,-0.001,-2.562,0.272,-2.246,0.032,0,0,2,-2.246,0.032
1441737,-4,0,1.57,-2.65,0,-1.089,0,-1.109,0.001,-2.662,0.219,-2.19,0.043,0,0,2,-2.19,0.043
1441747,-4,0,1.57,-2.75,0,-0.989,0,-0.991,0.001,-2.762,0.141,-2.325,0.051,0,0,2,-2.325,0.051
1441757,-4,0,1.57,-2.85,0,-0.889,-0.003,-0.9,-0.002,-2.862,0.119,-2.458,0.053,0,0,2,-2.458,0.053
1441767,-4,0,1.57,-2.95,0,-0.909,0.047,-0.883,0.035,-2.962,0.105,-2.574,0.055,0,0,2,-2.574,0.055
1441777,-4,0,1.57,-3.05,0,-1.009,0.035,-0.962,0.038,-3.062,0.107,-2.442,0.052,0,0,2,-2.442,0.052
1441787,-4,0,1.57,-3.15,0,-1.109,0.009,-1.05,0.018,-3.162,0.017,-2.425,0.041,0,0,2,-2.425,0.041
1441797,-4,0,1.57,-3.25,0,-1.209,0.028,-1.152,0.031,-3.262,-0.083,-2.526,0.028,0,0,2,-2.526,0.028
1441807,-4,0,1.57,-3.35,0,-1.309,0.059,-1.255,0.049,-3.362,-0.183,-2.739,0.011,0,0,2,-2.739,0.011
1441817,-4,0,1.57,-3.45,0,-1.409,0.037,-1.341,0.026,-3.462,-0.205,-1.879,0.037,0,0,2,-1.879,0.037
1441827,-4,0,1.57,-3.55,0,-1.489,0.023,-1.465,0.032,-3.562,-0.186,-2.332,0.024,0,0,2,-2.332,0.024
1441837,-4,0,1.57,-3.65,0,-1.389,0.004,-1.403,0.017,-3.662,-0.173,-2.765,0.007,0,0,2,-2.765,0.007
1441847,-4,0,1.57,-3.75,0,-1.289,0,-1.316,0.006,-3.762,-0.183,-2.991,-0.009,0,0,2,-2.991,-0.009
1441857,-4,0,1.57,-3.85,0,-1.269,-0.012,-1.241,0,-3.862,-0.203,-2.542,-0.013,0,0,2,-2.542,-0.013
1441867,-4,0,1.57,-3.95,0,-1.369,0.037,-1.324,0.023,-3.962,-0.201,-2.935,-0.025,0,0,2,-2.935,-0.025
1441877,-4,0,1.57,-4,0,-1.469,0.004,-1.408,0.003,-4.062,-0.158,-3.744,-0.035,0,0,2,-3.744,-0.035
1441887,-4,0,1.57,-4,0,-1.569,0.035,-1.497,0.01,-4.146,-0.165,-3.849,-0.016,0,0,2,-3.849,-0.016
1441897,-4,0,1.57,-4,0,-1.669,0.013,-1.631,0.019,-4.236,-0.21,-4.085,-0.022,0,0,2,-4.085,-0.022
1441907,-4,0,1.57,-4,0,-1.769,0.004,-1.712,0.018,-4.297,-0.302,-4.21,-0.038,0,0,2,-4.21,-0.038
1441917,-4,0,1.57,-4,0,-1.869,0.009,-1.824,0.009,-4.22,-0.322,-4.209,-0.064,0,0,2,-4.209,-0.064
1441927,-4,0,1.57,-4,0,-1.969,-0.012,-1.963,-0.018,-4.12,-0.243,-4.107,-0.077,0,0,2,-4.107,-0.077
1441937,-4,0,1.57,-4,0,-2.069,-0.012,-2.04,-0.006,-4.02,-0.161,-4.02,-0.078,0,0,2,-4.02,-0.078
1441947,-4,0,1.57,-4,0,-2.169,0.027,-2.125,0.013,-3.92,-0.114,-3.939,-0.076,0,0,2,-3.939,-0.076
1441957,-4,0,1.57,-4,0,-2.269,0.017,-2.216,0.019,-3.856,-0.048,-3.849,-0.062,0,0,2,-3.849,-0.062
1441967,-4,0,1.57,-4,0,-2.369,0.003,-2.307,0.014,-3.952,-0.064,-3.825,-0.033,0,0,2,-3.825,-0.033
1441977,-4,0,1.57,-4,0,-2.469,0.011,-2.427,0.007,-4.052,-0.149,-3.954,-0.03,0,0,2,-3.954,-0.03
1441987,-4,0,1.57,-4,0,-2.569,0.014,-2.522,0.005,-4.152,-0.21,-4.078,-0.043,0,0,2,-4.078,-0.043
1441997,-4,0,1.57,-4,0,-2.669,-0.013,-2.638,-0.013,-4.176,-0.176,-4.144,-0.052,0,0,2,-4.144,-0.052
1442007,-4,0,1.57,-4,0,-2.769,0.058,-2.74,0.036,-4.076,-0.082,-4.073,-0.044,0,0,2,-4.073,-0.044
1442017,-4,0,1.57,-4,0,-2.829,0.035,-2.825,0.037,-3.976,0.018,-3.974,-0.019,0,0,2,-3.974,-0.019
1442027,-4,0,1.57,-4,0,-2.889,0.037,-2.864,0.027,-3.876,0.118,-3.894,-0.001,0,0,2,-3.894,-0.001
1442037,-4,0,1.57,-4,0,-2.789,0.052,-2.804,0.061,-3.892,0.129,-3.854,0.023,0,0,2,-3.854,0.023
1442047,-4,0,1.57,-4,0,-2.76,0.079,-2.738,0.064,-3.992,0.061,-3.912,0.039,0,0,2,-3.912,0.039
1442057,-4,0,1.57,-4,0,-2.755,0.083,-2.732,0.071,-4.092,0.027,-3.995,0.05,0,0,2,-3.995,0.05
1442069,-4,0,1.57,-4,0,-2.807,0.073,-2.79,0.079,-4.192,-0.01,-4.126,0.048,0,0,2,-4.126,0.048
1442078,-4,0,1.57,-4,0,-2.887,0.108,-2.879,0.101,-4.148,-0.019,-4.157,0.043,0,0,2,-4.157,0.043
1442087,-4,0,1.57,-4,0,-2.934,0.107,-2.917,0.095,-4.068,0.012,-4.075,0.054,0,0,2,-4.075,0.054
1442097,-4,0,1.57,-4,0,-3.02,0.095,-3.002,0.093,-3.968,0.051,-3.987,0.062,0,0,2,-3.987,0.062
1442107,-4,0,1.57,-4,0,-2.971,0.077,-2.983,0.094,-3.995,0.03,-3.97,0.064,0,0,2,-3.97,0.064
1442118,-4,0,1.57,-4,0,-3.031,0.149,-2.986,0.127,-4.061,0.006,-4.005,0.069,0,0,2,-4.005,0.069
1442127,-4,0,1.57,-4,0,-3.026,0.152,-3.005,0.168,-4.102,-0.025,-4.023,0.104,0,0,2,-4.023,0.104
1442137,-4,0,1.57,-4,0,-2.993,0.129,-3.019,0.142,-4.098,-0.053,-4.077,0.095,0,0,2,-4.077,0.095
1442147,-4,0,1.57,-4,0,-2.985,0.17,-3.008,0.153,-4.027,-0.114,-4.04,0.079,0,0,2,-4.04,0.079
1442158,-4,0,1.57,-4,0,-3.005,0.164,-3.008,0.173,-3.96,-0.159,-3.962,0.081,0,0,2,-3.962,0.081
1442172,-4,0,1.57,-4,0,-3.115,0.127,-3.08,0.125,-3.953,-0.2,-3.945,0.056,0,0,2,-3.945,0.056
1442177,-4,0,1.57,-4,0,-3.205,0.101,-3.157,0.103,-4.004,-0.23,-3.971,0.027,0,0,2,-3.971,0.027
1442187,-4,0,1.57,-4,0,-3.236,0.128,-3.187,0.116,-4.086,-0.303,-4,0.034,0,0,2,-4,0.034
1442197,-4,0,1.57,-4,0,-3.166,0.092,-3.165,0.101,-4.15,-0.353,-4.087,0.036,0,0,2,-4.087,0.036
1442207,-4,0,1.57,-4,0,-3.159,0.047,-3.161,0.055,-4.166,-0.391,-4.148,-0.005,0,0,2,-4.148,-0.005
1442217,-4,0,1.57,-4,0,-3.217,0.002,-3.229,0.03,-4.083,-0.356,-4.098,-0.038,0,0,2,-4.098,-0.038
1442227,-4,0,1.57,-4,0,-3.287,-0.053,-3.29,-0.032,-3.983,-0.275,-4.006,-0.059,0,0,2,-4.006,-0.059
1442237,-4,0,1.57,-4,0,-3.348,-0.024,-3.339,-0.024,-3.906,-0.184,-3.924,-0.075,0,0,2,-3.924,-0.075
1442247,-4,0,1.57,-4,0,-3.333,-0.057,-3.298,-0.05,-3.966,-0.131,-3.932,-0.078,0,0,2,-3.932,-0.078
1442257,-4,0,1.57,-4,0,-3.293,-0.045,-3.299,-0.056,-4.058,-0.112,-3.999,-0.077,0,0,2,-3.999,-0.077
1442267,-4,0,1.57,-4,0,-3.193,-0.03,-3.213,-0.012,-4.121,-0.106,-4.083,-0.074,0,0,2,-4.083,-0.074
1442276,-4,0,1.57,-4,0,-3.165,-0.007,-3.17,-0.022,-4.104,-0.05,-4.101,-0.067,0,0,2,-4.101,-0.067
1442286,-4,0,1.57,-4,0,-3.236,-0.016,-3.24,-0.017,-4.014,-0.01,-4.027,-0.048,0,0,2,-4.027,-0.048
1442296,-4,0,1.57,-4,0,-3.299,-0.014,-3.294,-0.018,-3.948,0.042,-3.961,-0.036,0,0,2,-3.961,-0.036
1442307,-4,0,1.57,-4,0,-3.31,0.005,-3.281,-0.01,-3.955,0.069,-3.942,-0.021,0,0,2,-3.942,-0.021
1442316,-4,0,1.57,-4,0,-3.227,0.037,-3.232,0.04,-4.01,0.073,-3.882,0.018,0,0,2,-3.882,0.018
1442326,-4,0,1.57,-4,0,-3.163,0.048,-3.167,0.053,-4.094,0.05,-4.03,0.025,0,0,2,-4.03,0.025
1442336,-4,0,1.57,-4,0,-3.199,0.058,-3.192,0.057,-4.161,0.03,-4.121,0.029,0,0,2,-4.121,0.029
1442346,-4,0,1.57,-4,0,-3.279,0.076,-3.264,0.052,-4.105,-0.012,-4.11,0.029,0,0,2,-4.11,0.029
1442356,-4,0,1.57,-4,0,-3.316,0.045,-3.335,0.06,-4.005,-0.034,-4.032,0.029,0,0,2,-4.032,0.029
1442366,-4,0,1.57,-4,0,-3.337,0.077,-3.317,0.07,-3.905,-0.08,-3.937,0.023,0,0,2,-3.937,0.023
1442376,-4,0,1.57,-4,0,-3.437,0.065,-3.388,0.055,-3.927,-0.09,-3.893,0.03,0,0,2,-3.893,0.03
1442386,-6,0,1.57,-4,0,-3.337,0.091,-3.354,0.085,-4.013,-0.107,-3.961,0.026,0,0,2,-3.961,0.026
1442396,-6,0,1.57,-4,0,-3.257,0.083,-3.27,0.085,-4.113,-0.147,-4.052,0.022,0,0,2,-4.052,0.022
1442406,-6,0,1.57,-4,0,-3.321,0.085,-3.299,0.09,-4.131,-0.202,-4.109,0.015,0,0,2,-4.109,0.015
1442416,-6,0,1.57,-4.05,0,-3.361,0.028,-3.351,0.026,-4.042,-0.198,-4.059,0,0,0,2,-4.059,0
1442426,-6,0,1.57,-4.15,0,-3.461,0.056,-3.44,0.056,-4.038,-0.176,-4.01,-0.015,0,0,2,-4.01,-0.015
1442436,-6,0,1.57,-4.25,0,-3.549,0.069,-3.512,0.077,-4.138,-0.121,-4.03,-0.021,0,0,2,-4.03,-0.021
1442446,-6,0,1.57,-4.35,0,-3.449,0.069,-3.464,0.065,-4.238,-0.07,-4.017,0,0,0,2,-4.017,0
1442456,-6,0,1.57,-4.45,0,-3.395,0.083,-3.378,0.08,-4.338,-0.028,-3.982,0.029,0,0,2,-3.982,0.029
1442466,-6,0,1.57,-4.55,0,-3.489,0.085,-3.45,0.085,-4.438,-0.035,-4.12,0.032,0,0,2,-4.12,0.032
1442476,-6,0,1.57,-4.65,0,-3.429,0.064,-3.455,0.074,-4.538,-0.035,-4.262,0.029,0,0,2,-4.262,0.029
1442486,-6,0,1.57,-4.75,0,-3.509,0.041,-3.49,0.044,-4.638,-0.02,-4.316,0.029,0,0,2,-4.316,0.029
1442496,-6,0,1.57,-4.85,0,-3.559,0.068,-3.546,0.077,-4.738,0.005,-4.444,0.031,0,0,2,-4.444,0.031
1442506,-6,0,1.57,-4.95,0,-3.572,0.057,-3.533,0.067,-4.838,0.012,-4.565,0.034,0,0,2,-4.565,0.034
1442516,-6,0,1.57,-5.05,0,-3.566,0.052,-3.563,0.046,-4.938,0.026,-4.612,0.036,0,0,2,-4.612,0.036
1442526,-6,0,1.57,-5.15,0,-3.571,0.028,-3.552,0.034,-5,0.017,-4.69,0.034,0,0,2,-4.69,0.034
1442536,-6,0,1.57,-5.25,0,-3.592,-0.027,-3.567,-0.001,-5,0.021,-4.757,0.028,0,0,2,-4.757,0.028
1442546,-6,0,1.57,-5.35,0,-3.652,0.015,-3.625,0.015,-5,0.042,-4.755,0.024,0,0,2,-4.755,0.024
1442556,-6,0,1.57,-5.45,0,-3.733,0.06,-3.706,0.038,-5,0.058,-4.786,0.026,0,0,2,-4.786,0.026
1442566,-6,0,1.57,-5.55,0,-3.71,0.05,-3.708,0.043,-5,0.052,-4.758,0.034,0,0,2,-4.758,0.034
1442576,-6,0,1.57,-5.65,0,-3.787,0.072,-3.731,0.058,-5,0.048,-4.649,0.044,0,0,2,-4.649,0.044
1442586,-6,0,1.57,-5.75,0,-3.762,0.045,-3.75,0.044,-5,0.047,-4.689,0.047,0,0,2,-4.689,0.047
1442597,-6,0,1.57,-5.85,0,-3.662,0.024,-3.683,0.036,-5,0.088,-4.72,0.05,0,0,2,-4.72,0.05
1442606,-6,0,1.57,-5.95,0,-3.742,0.058,-3.712,0.052,-5,0.089,-4.734,0.052,0,0,2,-4.734,0.052
1442616,-6,0,1.57,-6,0,-3.822,0.05,-3.789,0.054,-5,0.062,-4.907,0.054,0,0,2,-4.907,0.054
1442626,-6,0,1.57,-6,0,-3.893,0.076,-3.842,0.055,-5,0.04,-4.948,0.052,0,0,2,-4.948,0.052
1442636,-6,0,1.57,-6,0,-3.88,0.011,-3.864,0.031,-5,0.056,-4.965,0.052,0,0,2,-4.965,0.052
1442646,-6,0,1.57,-6,0,-3.8,0.057,-3.801,0.067,-5,0.043,-4.982,0.051,0,0,2,-4.982,0.051
1442656,-6,0,1.57,-6,0,-3.724,0.104,-3.743,0.098,-5,0.034,-4.985,0.053,0,0,2,-4.985,0.053
1442666,-6,0,1.57,-6,0,-3.73,0.092,-3.72,0.075,-5,0.016,-4.981,0.053,0,0,2,-4.981,0.053
1442676,-6,0,1.57,-6,0,-3.822,0.028,-3.806,0.042,-5,-0.02,-4.981,0.047,0,0,2,-4.981,0.047
1442686,-6,0,1.57,-6,0,-3.922,0.028,-3.87,0.048,-5,-0.068,-4.98,0.036,0,0,2,-4.98,0.036
1442696,-6,0,1.57,-6,0,-3.942,0.047,-3.937,0.04,-5,-0.077,-4.97,0.025,0,0,2,-4.97,0.025
1442706,-6,0,1.57,-6,0,-3.861,0.096,-3.865,0.092,-5,-0.071,-4.957,0.03,0,0,2,-4.957,0.03
1442716,-6,0,1.57,-6,0,-3.887,0.07,-3.87,0.067,-5,-0.04,-4.948,0.037,0,0,2,-4.948,0.037
1442726,-6,0,1.57,-6,0,-3.917,0.046,-3.899,0.053,-5,-0.02,-4.971,0.034,0,0,2,-4.971,0.034
1442736,-6,0,1.57,-6,0,-3.997,0.055,-3.963,0.051,-5,0.01,-4.967,0.035,0,0,2,-4.967,0.035
1442746,-6,0,1.57,-6,0,-4.031,0.084,-4.014,0.074,-5,0,-4.979,0.038,0,0,2,-4.979,0.038
1442756,-6,0,1.57,-6,0,-4.042,0.104,-4.021,0.089,-5,0.015,-4.967,0.047,0,0,2,-4.967,0.047
1442766,-6,0,1.57,-6,0,-4.064,0.084,-4.045,0.089,-5,0.015,-4.956,0.064,0,0,2,-4.956,0.064
1442776,-6,0,1.57,-6,0,-4.147,0.048,-4.126,0.069,-5,0.02,-4.977,0.061,0,0,2,-4.977,0.061
1442786,-6,0,1.57,-6,0,-4.12,0.084,-4.105,0.087,-5,0.001,-4.978,0.057,0,0,2,-4.978,0.057
1442796,-6,0,1.57,-6,0,-4.116,0.132,-4.11,0.11,-5,0.006,-4.978,0.061,0,0,2,-4.978,0.061
1442806,-6,0,1.57,-6,0,-4.092,0.126,-4.11,0.117,-5,-0.001,-4.967,0.073,0,0,2,-4.967,0.073
1442816,-6,0,1.57,-6,0,-4.139,0.11,-4.11,0.103,-5,0.01,-4.98,0.073,0,0,2,-4.98,0.073
1442826,-6,0,1.57,-6,0,-4.138,0.078,-4.135,0.084,-5,0.012,-4.98,0.07,0,0,2,-4.98,0.07
1442836,-6,0,1.57,-6,0,-4.132,0.103,-4.149,0.097,-5,0.061,-4.978,0.077,0,0,2,-4.978,0.077
1442846,-6,0,1.57,-6,0,-4.121,0.129,-4.112,0.12,-5,0.074,-4.984,0.081,0,0,2,-4.984,0.081
1442856,-6,0,1.57,-6,0,-4.17,0.172,-4.144,0.153,-5,0.061,-4.943,0.108,0,0,2,-4.943,0.108
1442866,-6,0,1.57,-6,0,-4.199,0.151,-4.17,0.132,-5,0.06,-4.986,0.106,0,0,2,-4.986,0.106
1442876,-6,0,1.57,-6,0,-4.139,0.169,-4.158,0.151,-5,0.06,-4.993,0.104,0,0,2,-4.993,0.104
1442886,-6,0,1.57,-6,0,-4.051,0.221,-4.092,0.25,-5,0.02,-4.991,0.105,0,0,2,-4.991,0.105
1442896,-6,0,1.57,-6,0,-4.06,0.246,-4.069,0.244,-5,0.034,-4.994,0.106,0,0,2,-4.994,0.106
1442906,-6,0,1.57,-6,0,-4.14,0.218,-4.098,0.159,-5,0.037,-4.993,0.105,0,0,2,-4.993,0.105
1442916,-6,0,1.57,-6,0,-4.149,0.187,-4.16,0.216,-5,0.037,-4.993,0.103,0,0,2,-4.993,0.103
1442926,-6,0,1.57,-6,0,-4.049,0.232,-4.067,0.248,-5,-0.012,-4.969,0.13,0,0,2,-4.969,0.13
1442936,-6,0,1.57,-6,0,-4.037,0.263,-4.015,0.27,-5,-0.07,-4.986,0.133,0,0,2,-4.986,0.133
1442946,-6,0,1.57,-6,0,-4.072,0.291,-4.047,0.277,-5,-0.128,-4.99,0.117,0,0,2,-4.99,0.117
1442956,-6,0,1.57,-6,0,-4.152,0.255,-4.152,0.265,-5,-0.167,-4.991,0.096,0,0,2,-4.991,0.096
1442966,-6,0,1.57,-6,0,-4.165,0.289,-4.173,0.286,-5,-0.154,-4.991,0.086,0,0,2,-4.991,0.086
1442976,-6,0,1.57,-6,0,-4.096,0.283,-4.102,0.28,-5,-0.111,-4.985,0.096,0,0,2,-4.985,0.096
1442986,-6,0,1.57,-6,0,-4.101,0.272,-4.09,0.276,-5,-0.084,-4.957,0.157,0,0,2,-4.957,0.157
1442997,-6,0,1.57,-6,0,-4.171,0.305,-4.16,0.307,-5,-0.064,-4.981,0.154,0,0,2,-4.981,0.154
1443006,-6,0,1.57,-6,0,-4.247,0.258,-4.23,0.283,-5,-0.058,-4.918,0.214,0,0,2,-4.918,0.214
1443016,-6,0,1.57,-6,0,-4.284,0.247,-4.28,0.25,-5,-0.021,-4.98,0.199,0,0,2,-4.98,0.199
1443026,-6,0,1.57,-6,0,-4.291,0.218,-4.289,0.231,-5,-0.014,-4.981,0.187,0,0,2,-4.981,0.187
1443036,-6,0,1.57,-6,0,-4.272,0.205,-4.277,0.211,-5,-0.008,-4.981,0.175,0,0,2,-4.981,0.175
1443046,-6,0,1.57,-6,0,-4.215,0.189,-4.216,0.172,-5,-0.023,-4.981,0.157,0,0,2,-4.981,0.157
1443056,-6,0,1.57,-6,0,-4.315,0.119,-4.284,0.128,-5,-0.037,-4.987,0.135,0,0,2,-4.987,0.135
1443066,-6,0,1.57,-6,0,-4.333,0.105,-4.332,0.123,-5,-0.057,-4.933,0.121,0,0,2,-4.933,0.121
1443077,-6,0,1.57,-6,0,-4.356,0.087,-4.365,0.091,-5,-0.046,-4.981,0.103,0,0,2,-4.981,0.103
1443086,-6,0,1.57,-6,0,-4.293,0.067,-4.309,0.08,-5,-0.037,-4.986,0.085,0,0,2,-4.986,0.085
1443096,-6,0,1.57,-6,0,-4.331,0.034,-4.318,0.035,-5,-0.014,-4.947,0.059,0,0,2,-4.947,0.059
1443106,-6,0,1.57,-6,0,-4.356,0.036,-4.358,0.031,-5,0.004,-4.982,0.05,0,0,2,-4.982,0.05
1443116,0,0,1.57,-6,0,-4.332,-0.005,-4.324,0.011,-5,0.014,-4.986,0.043,0,0,2,-4.986,0.043
1443126,0,0,1.57,-6,0,-4.399,0,-4.385,-0.006,-5,-0.01,-4.979,0.027,0,0,2,-4.979,0.027
1443136,0,0,1.57,-6,0,-4.459,-0.051,-4.422,-0.051,-5,-0.042,-4.972,0.004,0,0,2,-4.972,0.004
1443146,0,0,1.57,-5.95,0,-4.407,-0.088,-4.422,-0.08,-5,-0.086,-4.958,-0.017,0,0,2,-4.958,-0.017
1443156,0,0,1.57,-5.85,0,-4.444,-0.092,-4.42,-0.065,-5,-0.123,-4.892,-0.042,0,0,2,-4.892,-0.042
1443166,0,0,1.57,-5.75,0,-4.447,-0.04,-4.456,-0.061,-5,-0.22,-4.895,-0.061,0,0,2,-4.895,-0.061
1443176,0,0,1.57,-5.65,0,-4.45,-0.075,-4.451,-0.072,-5,-0.316,-4.886,-0.082,0,0,2,-4.886,-0.082
1443186,0,0,1.57,-5.55,0,-4.53,-0.119,-4.529,-0.115,-5,-0.389,-4.911,-0.116,0,0,2,-4.911,-0.116
1443196,0,0,1.57,-5.45,0,-4.545,-0.141,-4.546,-0.129,-5,-0.424,-4.935,-0.151,0,0,2,-4.935,-0.151
1443206,0,0,1.57,-5.35,0,-4.446,-0.081,-4.462,-0.091,-5,-0.422,-4.937,-0.178,0,0,2,-4.937,-0.178
1443216,0,0,1.57,-5.25,0,-4.512,-0.065,-4.479,-0.076,-5,-0.349,-4.915,-0.174,0,0,2,-4.915,-0.174
1443226,0,0,1.57,-5.15,0,-4.516,-0.129,-4.525,-0.124,-5,-0.276,-4.929,-0.175,0,0,2,-4.929,-0.175
1443236,0,0,1.57,-5.05,0,-4.466,-0.143,-4.491,-0.133,-5,-0.212,-4.929,-0.174,0,0,2,-4.929,-0.174
1443246,0,0,1.57,-4.95,0,-4.413,-0.115,-4.449,-0.109,-5,-0.179,-4.891,-0.157,0,0,2,-4.891,-0.157
1443256,0,0,1.57,-4.85,0,-4.428,-0.119,-4.422,-0.108,-5,-0.175,-4.915,-0.151,0,0,2,-4.915,-0.151
1443266,0,0,1.57,-4.75,0,-4.513,-0.147,-4.452,-0.135,-5,-0.215,-4.901,-0.15,0,0,2,-4.901,-0.15
1443276,0,0,1.57,-4.65,0,-4.553,-0.219,-4.571,-0.217,-4.9,-0.202,-4.897,-0.161,0,0,2,-4.897,-0.161
1443286,0,0,1.57,-4.55,0,-4.453,-0.209,-4.492,-0.198,-4.8,-0.128,-4.843,-0.168,0,0,2,-4.843,-0.168
1443296,0,0,1.57,-4.45,0,-4.353,-0.226,-4.408,-0.202,-4.7,-0.028,-4.744,-0.166,0,0,2,-4.744,-0.166
1443306,0,0,1.57,-4.35,0,-4.255,-0.203,-4.308,-0.217,-4.6,0.072,-4.651,-0.159,0,0,2,-4.651,-0.159
1443316,0,0,1.57,-4.25,0,-4.248,-0.193,-4.284,-0.203,-4.5,0.172,-4.572,-0.135,0,0,2,-4.572,-0.135
1443326,0,0,1.57,-4.15,0,-4.217,-0.23,-4.24,-0.219,-4.4,0.272,-4.464,-0.125,0,0,2,-4.464,-0.125
1443336,0,0,1.57,-4.05,0,-4.191,-0.19,-4.21,-0.209,-4.3,0.372,-4.366,-0.126,0,0,2,-4.366,-0.126
1443346,0,0,1.57,-3.95,0,-4.091,-0.176,-4.173,-0.163,-4.2,0.472,-4.294,-0.081,0,0,2,-4.294,-0.081
1443356,0,0,1.57,-3.85,0,-4.062,-0.11,-4.089,-0.132,-4.1,0.572,-4.21,-0.023,0,0,2,-4.21,-0.023
1443366,0,0,1.57,-3.75,0,-4.002,-0.109,-4.035,-0.141,-4,0.672,-4.115,0.02,0,0,2,-4.115,0.02
1443376,0,0,1.57,-3.65,0,-3.92,-0.054,-3.962,-0.057,-3.9,0.772,-4.023,0.065,0,0,2,-4.023,0.065
1443386,0,0,1.57,-3.55,0,-3.82,-0.053,-3.876,-0.046,-3.8,0.872,-3.927,0.085,0,0,2,-3.927,0.085
1443396,0,0,1.57,-3.45,0,-3.742,-0.029,-3.79,-0.029,-3.7,0.972,-3.835,0.139,0,0,2,-3.835,0.139
1443406,0,0,1.57,-3.35,0,-3.662,0.019,-3.723,0.011,-3.6,1.072,-3.741,0.221,0,0,2,-3.741,0.221
1443416,0,0,1.57,-3.25,0,-3.562,0.034,-3.613,0.014,-3.5,1.092,-3.641,0.266,0,0,2,-3.641,0.266
1443426,0,0,1.57,-3.15,0,-3.462,-0.007,-3.517,0.005,-3.4,0.992,-3.545,0.291,0,0,2,-3.545,0.291
1443436,0,0,1.57,-3.05,0,-3.362,0.021,-3.436,0.016,-3.3,0.892,-3.447,0.306,0,0,2,-3.447,0.306
1443446,0,0,1.57,-2.95,0,-3.262,0.037,-3.341,0.031,-3.2,0.792,-3.35,0.215,0,0,2,-3.35,0.215
1443456,0,0,1.57,-2.85,0,-3.177,0.004,-3.225,0.027,-3.1,0.692,-3.255,0.235,0,0,2,-3.255,0.235
1443466,0,0,1.57,-2.75,0,-3.077,0,-3.115,0.015,-3,0.592,-3.154,0.246,0,0,2,-3.154,0.246
1443476,0,0,1.57,-2.65,0,-2.977,-0.04,-3.049,-0.022,-2.9,0.492,-3.053,0.235,0,0,2,-3.053,0.235
1443486,0,0,1.57,-2.55,0,-2.877,-0.008,-2.949,-0.01,-2.8,0.392,-2.954,0.219,0,0,2,-2.954,0.219
1443496,0,0,1.57,-2.45,0,-2.777,-0.001,-2.818,-0.003,-2.7,0.292,-2.855,0.147,0,0,2,-2.855,0.147
1443506,0,0,1.57,-2.35,0,-2.677,0,-2.725,0,-2.6,0.192,-2.757,0.123,0,0,2,-2.757,0.123
1443516,0,0,1.57,-2.25,0,-2.577,0,-2.641,0.006,-2.5,0.092,-2.655,0.08,0,0,2,-2.655,0.08
1443526,0,0,1.57,-2.15,0,-2.477,0,-2.548,0.003,-2.4,-0.008,-2.564,0.051,0,0,2,-2.564,0.051
1443536,0,0,1.57,-2.05,0,-2.377,0,-2.431,0,-2.3,-0.108,-2.465,0.033,0,0,2,-2.465,0.033
1443546,0,0,1.57,-1.95,0,-2.277,0,-2.331,-0.003,-2.2,-0.208,-2.362,0.006,0,0,2,-2.362,0.006
1443556,0,0,1.57,-1.85,0,-2.177,0.02,-2.241,0.005,-2.1,-0.308,-2.26,-0.025,0,0,2,-2.26,-0.025
1443566,0,0,1.57,-1.75,0,-2.077,0.009,-2.157,0.024,-2,-0.408,-2.162,-0.052,0,0,2,-2.162,-0.052
1443576,0,0,1.57,-1.65,0,-1.977,0.001,-2.055,0.006,-1.9,-0.508,-2.062,-0.093,0,0,2,-2.062,-0.093
1443586,0,0,1.57,-1.55,0,-1.877,0,-1.941,-0.004,-1.8,-0.608,-1.961,-0.142,0,0,2,-1.961,-0.142
1443597,0,0,1.57,-1.45,0,-1.777,0,-1.842,0.01,-1.7,-0.708,-1.86,-0.192,0,0,2,-1.86,-0.192
1443606,0,0,1.57,-1.35,0,-1.677,0,-1.731,0.006,-1.6,-0.808,-1.761,-0.232,0,0,2,-1.761,-0.232
1443616,0,0,1.57,-1.25,0,-1.577,0,-1.634,0.004,-1.5,-0.908,-1.661,-0.278,0,0,2,-1.661,-0.278
1443626,0,0,1.57,-1.15,0,-1.477,0,-1.543,-0.003,-1.4,-1.008,-1.562,-0.328,0,0,2,-1.562,-0.328
1443637,0,0,1.57,-1.05,0,-1.377,0,-1.445,-0.012,-1.3,-1.108,-1.463,-0.297,0,0,2,-1.463,-0.297
1443646,0,0,1.57,-0.95,0,-1.277,0,-1.337,-0.005,-1.2,-1.048,-1.369,-0.267,0,0,2,-1.369,-0.267
1443656,0,0,1.57,-0.85,0,-1.177,0,-1.232,-0.005,-1.1,-0.948,-1.27,-0.271,0,0,2,-1.27,-0.271
1443666,0,0,1.57,-0.75,0,-1.077,0,-1.151,0.003,-1,-0.848,-1.173,-0.272,0,0,2,-1.173,-0.272
1443676,0,0,1.57,-0.65,0,-0.977,0,-1.034,-0.003,-0.9,-0.748,-1.072,-0.286,0,0,2,-1.072,-0.286
1443686,0,0,1.57,-0.55,0,-0.877,0,-0.934,0.001,-0.8,-0.648,-0.972,-0.304,0,0,2,-0.972,-0.304
1443696,0,0,1.57,-0.45,0,-0.777,0,-0.83,0,-0.7,-0.548,-0.87,-0.31,0,0,2,-0.87,-0.31
1443706,0,0,1.57,-0.35,0,-0.677,-0.008,-0.732,-0.042,-0.6,-0.448,-0.769,-0.306,0,0,2,-0.769,-0.306
1443716,0,0,1.57,-0.25,0,-0.577,-0.001,-0.655,0.014,-0.5,-0.348,-0.669,-0.245,0,0,2,-0.669,-0.245
1443726,0,0,1.57,-0.15,0,-0.477,0,-0.537,0.006,-0.4,-0.248,-0.57,-0.226,0,0,2,-0.57,-0.226
1443736,0,0,1.57,-0.05,0,-0.377,0,-0.434,-0.004,-0.3,-0.148,-0.47,-0.198,0,0,2,-0.47,-0.198
1443746,0,0,1.57,0,0,-0.277,0,-0.347,0.001,-0.2,-0.048,-0.278,-0.162,0,0,2,-0.278,-0.162
1443756,0,0,1.57,0,0,-0.177,0,-0.243,-0.005,-0.1,0.052,-0.157,-0.119,0,0,2,-0.157,-0.119
1443766,0,0,1.57,0,0,-0.077,0,-0.144,-0.008,0,0.152,-0.057,-0.067,0,0,2,-0.057,-0.067
1443776,0,0,1.57,0,0,0,0,-0.049,-0.004,0.1,0.252,0.042,-0.019,0,0,2,0.042,-0.019
1443786,0,0,1.57,0,0,0,0,-0.035,0,0.2,0.352,0.141,0.022,0,0,2,0.141,0.022
1443796,0,0,1.57,0,0,0,0,-0.033,0.004,0.3,0.452,0.242,0.069,0,0,2,0.242,0.069
1443806,0,0,1.57,0,0,0,0,-0.024,-0.004,0.4,0.552,0.343,0.127,0,0,2,0.343,0.127
1443816,0,0,1.57,0,0,-0.028,0.017,-0.039,0.008,0.476,0.652,0.437,0.196,0,0,2,0.437,0.196
1443826,0,0,1.57,0,0,-0.128,0.026,0.004,0.013,0.376,0.632,0.39,0.205,0,0,2,0.39,0.205
1443836,0,0,1.57,0,0,-0.108,0.011,-0.147,0.02,0.276,0.532,0.312,0.219,0,0,2,0.312,0.219
1443846,0,0,1.57,0,0,-0.014,0.002,-0.058,0.008,0.176,0.432,0.215,0.195,0,0,2,0.215,0.195
1443856,0,0,1.57,0,0,-0.002,0,-0.009,0.013,0.076,0.332,0.122,0.177,0,0,2,0.122,0.177
1443866,0,0,1.57,0,0,-0.02,0.017,-0.014,-0.006,-0.024,0.232,0.026,0.13,0,0,2,0.026,0.13
1443876,0,0,1.57,0,0,-0.036,0.004,-0.063,0.01,-0.124,0.138,-0.07,0.073,0,0,2,-0.07,0.073
1443886,0,0,1.57,0,0,-0.039,0.003,-0.052,0.013,-0.224,0.116,-0.163,0.055,0,0,2,-0.163,0.055
1443896,0,0,1.57,0,0,-0.005,0,-0.023,0.008,-0.324,0.107,-0.263,0.051,0,0,2,-0.263,0.051
1443906,0,0,1.57,0,0,-0.024,0.016,-0.033,0.008,-0.424,0.117,-0.361,0.05,0,0,2,-0.361,0.05
1443916,0,0,1.57,0,0,-0.011,0.003,-0.048,0.006,-0.403,0.118,-0.403,0.049,0,0,2,-0.403,0.049
1443926,0,0,1.57,0,0,-0.002,0,-0.032,0.002,-0.303,0.031,-0.315,0.029,0,0,2,-0.315,0.029
1443936,0,0,1.57,0,0,0,0,-0.024,0.006,-0.203,-0.069,-0.23,0.013,0,0,2,-0.23,0.013
1443946,0,0,1.57,0,0,0,0,-0.023,0.001,-0.103,-0.169,-0.145,-0.001,0,0,2,-0.145,-0.001
1443956,0,0,1.57,0,0,0,0,-0.026,-0.001,-0.003,-0.269,-0.053,-0.022,0,0,2,-0.053,-0.022
1443966,0,0,1.57,0,0,-0.022,0.012,-0.044,0.015,0.097,-0.369,0.04,-0.041,0,0,2,0.04,-0.041
1443976,0,0,1.57,0,0,-0.122,0.064,-0.113,0.041,0.197,-0.342,0.127,-0.046,0,0,2,0.127,-0.046
1443986,0,0,1.57,0,0,-0.042,0.014,-0.085,0.028,0.097,-0.242,0.116,-0.048,0,0,2,0.116,-0.048
1443996,0,0,1.57,0,0,-0.049,0.053,-0.056,0.058,0.022,-0.142,0.048,-0.031,0,0,2,0.048,-0.031
1444007,0,0,1.57,0,0,-0.065,0.086,-0.077,0.068,0.006,-0.042,0.005,0.014,0,0,2,0.005,0.014
1444016,0,0,1.57,0,0,-0.027,0.059,-0.054,0.076,0.004,0.039,-0.003,0.041,0,0,2,-0.003,0.041
1444026,0,0,1.57,0,0,-0.006,0.052,-0.025,0.06,0.018,0.051,0.007,0.05,0,0,2,0.007,0.05
1444036,0,0,1.57,0,0,0.011,0.041,-0.003,0.051,0.037,0.048,0.023,0.051,0,0,2,0.023,0.051
1444046,0,0,1.57,0,0,0.003,0.008,-0.001,0.019,0.06,0.043,0.041,0.041,0,0,2,0.041,0.041
1444056,0,0,1.57,0,0,0.025,0.011,0.006,0.009,0.084,0.039,0.052,0.019,0,0,2,0.052,0.019
1444066,0,0,1.57,0,0,0.076,0.021,0.055,0.02,0.106,0.033,0.079,0.019,0,0,2,0.079,0.019
1444077,0,0,1.57,0,0,0.099,0.023,0.084,0.023,0.121,0.027,0.105,0.021,0,0,2,0.105,0.021
1444086,0,0,1.57,0,0,0.078,0.011,0.1,0.019,0.129,0.023,0.121,0.022,0,0,2,0.121,0.022
1444097,2,0,1.57,0,0,0.008,0.002,0.028,0.006,0.135,0.019,0.109,0.013,0,0,2,0.109,0.013
1444106,2,0,1.57,0,0,0.001,0,0.008,0.002,0.137,0.018,0.108,0.008,0,0,2,0.108,0.008
1444116,2,0,1.57,0,0,0.069,0.024,0.047,0.02,0.134,0.019,0.116,0.011,0,0,2,0.116,0.011
1444126,2,0,1.57,0.05,0,0.106,0.021,0.1,0.021,0.13,0.019,0.109,0.017,0,0,2,0.109,0.017
1444136,2,0,1.57,0.15,0,0.017,0.003,0.036,0.007,0.15,0.023,0.109,0.016,0,0,2,0.109,0.016
1444146,2,0,1.57,0.25,0,0.063,0.01,0.035,0.005,0.169,0.025,0.106,0.013,0,0,2,0.106,0.013
1444156,2,0,1.57,0.35,0,0.068,0.006,0.043,0.003,0.213,0.035,0.113,0.011,0,0,2,0.113,0.011
1444166,2,0,1.57,0.45,0,0.082,0.008,0.079,0.01,0.301,0.053,0.158,0.013,0,0,2,0.158,0.013
1444176,2,0,1.57,0.55,0,0.111,0.009,0.091,0.012,0.401,0.072,0.23,0.019,0,0,2,0.23,0.019
1444186,2,0,1.57,0.65,0,0.016,0.001,0.029,0.002,0.501,0.061,0.303,0.022,0,0,2,0.303,0.022
1444196,2,0,1.57,0.75,0,0.002,0,-0.009,-0.002,0.601,0.05,0.327,0.017,0,0,2,0.327,0.017
1444206,2,0,1.57,0.85,0,0,0,-0.024,0.003,0.701,0.052,0.342,0.012,0,0,2,0.342,0.012
1444216,2,0,1.57,0.95,0,0,0,-0.014,-0.01,0.801,0.023,0.481,0.013,0,0,2,0.481,0.013
1444226,2,0,1.57,1.05,0,0,0,-0.009,-0.013,0.901,0.064,0.615,0.015,0,0,2,0.615,0.015
1444236,2,0,1.57,1.15,0,0,0,-0.009,0.062,1.001,0.162,0.707,0.032,0,0,2,0.707,0.032
1444246,2,0,1.57,1.25,0,0.016,-0.006,-0.008,-0.019,1.101,0.262,0.813,0.052,0,0,2,0.813,0.052
1444256,2,0,1.57,1.35,0,0.002,0,-0.012,-0.003,1.201,0.362,0.919,0.082,0,0,2,0.919,0.082
1444266,2,0,1.57,1.45,0,0,0,-0.016,-0.008,1.301,0.462,0.973,0.111,0,0,2,0.973,0.111
1444276,2,0,1.57,1.55,0,0,0,-0.036,0,1.401,0.513,0.966,0.122,0,0,2,0.966,0.122
1444286,2,0,1.57,1.65,0,0,0,-0.018,0.009,1.501,0.413,1.085,0.141,0,0,2,1.085,0.141
1444296,2,0,1.57,1.75,0,0,0,-0.01,-0.003,1.601,0.313,1.227,0.153,0,0,2,1.227,0.153
1444306,2,0,1.57,1.85,0,0,0,-0.028,0,1.701,0.213,1.344,0.148,0,0,2,1.344,0.148
1444317,2,0,1.57,1.95,0,0.08,0.004,0.061,0.013,1.801,0.16,1.441,0.13,0,0,2,1.441,0.13
1444326,2,0,1.57,2,0,0.023,0,0.018,-0.03,1.901,0.26,1.751,0.127,0,0,2,1.751,0.127
1444336,2,0,1.57,2,0,0.003,0,-0.011,0.005,2.001,0.36,1.901,0.133,0,0,2,1.901,0.133
1444346,2,0,1.57,2,0,0,0,-0.028,0.003,2.101,0.447,1.974,0.127,0,0,2,1.974,0.127
1444356,2,0,1.57,2,0,0,0,-0.022,0,2.201,0.365,2.102,0.139,0,0,2,2.102,0.139
1444366,2,0,1.57,2,0,0,0,-0.001,0.036,2.301,0.265,2.222,0.151,0,0,2,2.222,0.151
1444376,2,0,1.57,2,0,0.06,0.007,0.027,-0.034,2.401,0.165,2.316,0.136,0,0,2,2.316,0.136
1444386,2,0,1.57,2,0,0.084,-0.026,0.095,0.028,2.421,0.065,2.363,0.11,0,0,2,2.363,0.11
1444396,2,0,1.57,2,0,0.184,-0.026,0.156,-0.037,2.321,-0.035,2.284,0.061,0,0,2,2.284,0.061
1444406,2,0,1.57,2,0,0.093,-0.015,0.13,-0.021,2.221,-0.135,2.19,0.017,0,0,2,2.19,0.017
1444416,2,0,1.57,2,0,0.007,-0.002,0.031,0.006,2.121,-0.235,2.118,-0.011,0,0,2,2.118,-0.011
1444426,2,0,1.57,2,0,0.042,-0.014,0.029,0.006,2.021,-0.335,2.016,-0.036,0,0,2,2.016,-0.036
1444436,2,0,1.57,2,0,0.098,-0.054,0.081,-0.02,1.921,-0.435,1.93,-0.076,0,0,2,1.93,-0.076
1444446,2,0,1.57,2,0,0.198,-0.059,0.167,-0.053,1.821,-0.464,1.809,-0.109,0,0,2,1.809,-0.109
1444456,2,0,1.57,2,0,0.298,-0.159,0.249,-0.116,1.721,-0.41,1.734,-0.145,0,0,2,1.734,-0.145
1444466,2,0,1.57,2,0,0.398,-0.174,0.346,-0.189,1.688,-0.325,1.412,-0.182,0,0,2,1.412,-0.182
1444476,2,0,1.57,2,0,0.298,-0.074,0.309,-0.103,1.788,-0.259,1.634,-0.181,0,0,2,1.634,-0.181
1444486,2,0,1.57,2,0,0.198,-0.002,0.225,-0.031,1.888,-0.195,1.698,-0.136,0,0,2,1.698,-0.136
1444496,2,0,1.57,2,0,0.098,0,0.111,-0.009,1.988,-0.187,1.784,-0.086,0,0,2,1.784,-0.086
1444506,2,0,1.57,2,0,0.098,-0.023,0.093,-0.03,2.088,-0.203,1.945,-0.081,0,0,2,1.945,-0.081
1444516,2,0,1.57,2,0,0.015,-0.004,0.034,-0.009,2.188,-0.164,2.045,-0.073,0,0,2,2.045,-0.073
1444526,2,0,1.57,2,0,0.033,-0.005,0.005,0.012,2.203,-0.125,2.044,-0.051,0,0,2,2.044,-0.051
1444536,2,0,1.57,2,0,0.092,-0.058,0.056,-0.036,2.149,-0.143,2.035,-0.045,0,0,2,2.035,-0.045
1444546,2,0,1.57,2,0,0.192,-0.158,0.15,-0.13,2.093,-0.191,2.021,-0.067,0,0,2,2.021,-0.067
1444556,2,0,1.57,2,0,0.292,-0.098,0.254,-0.137,2.066,-0.21,1.985,-0.105,0,0,2,1.985,-0.105
1444566,2,0,1.57,2,0,0.232,-0.076,0.23,-0.065,2.106,-0.16,1.989,-0.105,0,0,2,1.989,-0.105
1444576,2,0,1.57,2,0,0.332,-0.176,0.293,-0.139,2.179,-0.066,2.037,-0.104,0,0,2,2.037,-0.104
1444586,2,0,1.57,2,0,0.432,-0.202,0.392,-0.209,2.208,0.017,2.091,-0.121,0,0,2,2.091,-0.121
1444597,2,0,1.57,2,0,0.532,-0.216,0.482,-0.207,2.139,0.023,2.099,-0.13,0,0,2,2.099,-0.13
1444606,2,0,1.57,2,0,0.632,-0.196,0.598,-0.205,2.108,0.077,2.08,-0.124,0,0,2,2.08,-0.124
1444616,2,0,1.57,2,0,0.732,-0.159,0.701,-0.167,2.098,0.14,2.05,-0.112,0,0,2,2.05,-0.112
1444626,2,0,1.57,2,0,0.772,-0.102,0.777,-0.148,2.084,0.159,2.056,-0.094,0,0,2,2.056,-0.094
1444636,2,0,1.57,2,0,0.672,-0.011,0.686,-0.042,2.059,0.136,2.031,-0.063,0,0,2,2.031,-0.063
1444646,2,0,1.57,2,0,0.572,-0.021,0.605,-0.022,2.061,0.153,2.019,-0.032,0,0,2,2.019,-0.032
1444656,2,0,1.57,2,0,0.612,-0.101,0.594,-0.083,2.086,0.18,1.96,-0.03,0,0,2,1.96,-0.03
1444666,2,0,1.57,2,0,0.712,-0.086,0.677,-0.093,2.089,0.173,2.015,-0.026,0,0,2,2.015,-0.026
1444676,2,0,1.57,2,0,0.812,-0.112,0.759,-0.121,2.062,0.126,2.007,-0.033,0,0,2,2.007,-0.033
1444686,2,0,1.57,2,0,0.912,-0.116,0.879,-0.12,2.056,0.108,1.985,-0.048,0,0,2,1.985,-0.048
1444697,2,0,1.57,2,0,1.012,-0.085,0.979,-0.106,2.11,0.165,1.999,-0.056,0,0,2,1.999,-0.056
1444706,2,0,1.57,2,0,1.112,-0.063,1.068,-0.073,2.133,0.206,2.053,-0.047,0,0,2,2.053,-0.047
1444716,2,0,1.57,2,0,1.212,-0.03,1.172,-0.054,2.099,0.199,2.068,-0.028,0,0,2,2.068,-0.028
1444726,2,0,1.57,2,0,1.312,-0.035,1.282,-0.039,2.055,0.198,2.024,-0.015,0,0,2,2.024,-0.015
1444736,2,0,1.57,2,0,1.412,-0.039,1.375,-0.044,2.035,0.197,2.001,-0.007,0,0,2,2.001,-0.007
1444746,2,0,1.57,2,0,1.432,-0.011,1.448,-0.031,2.061,0.227,2.008,-0.002,0,0,2,2.008,-0.002
1444756,2,0,1.57,2,0,1.372,0,1.363,0.001,2.104,0.258,2.045,0.016,0,0,2,2.045,0.016
1444766,2,0,1.57,2,0,1.472,0.022,1.435,0.011,2.091,0.249,2.067,0.035,0,0,2,2.067,0.035
1444776,2,0,1.57,2,0,1.572,0.062,1.545,0.048,2.047,0.215,2.046,0.055,0,0,2,2.046,0.055
1444786,2,0,1.57,2,0,1.672,0.016,1.639,0.022,2.005,0.179,1.998,0.057,0,0,2,1.998,0.057
1444796,2,0,1.57,2,0,1.681,-0.012,1.665,-0.003,2.018,0.153,1.993,0.051,0,0,2,1.993,0.051
1444806,2,0,1.57,2,0,1.652,0.022,1.679,0.007,2.065,0.148,2.027,0.047,0,0,2,2.027,0.047
1444816,2,0,1.57,2,0,1.747,0.04,1.709,0.037,2.071,0.12,2.054,0.051,0,0,2,2.054,0.051
1444826,2,0,1.57,2,0,1.754,0.066,1.735,0.045,2.034,0.108,1.993,0.042,0,0,2,1.993,0.042
1444836,2,0,1.57,2,0,1.741,0.027,1.74,0.032,2.021,0.089,2.009,0.048,0,0,2,2.009,0.048
1444846,2,0,1.57,2,0,1.661,0.015,1.693,0.028,2.023,0.077,2.006,0.044,0,0,2,2.006,0.044
1444856,4,0,1.57,2,0,1.561,0.006,1.593,0.015,2.04,0.071,2.012,0.04,0,0,2,2.012,0.04
1444866,4,0,1.57,2,0,1.461,0.025,1.486,0.02,2.041,0.061,2.024,0.038,0,0,2,2.024,0.038
1444876,4,0,1.57,2,0,1.421,0.066,1.414,0.054,2.031,0.029,2.014,0.038,0,0,2,2.014,0.038
1444886,4,0,1.57,2.05,0,1.521,0.011,1.48,0.02,2.028,0.018,1.988,0.036,0,0,2,1.988,0.036
1444896,4,0,1.57,2.15,0,1.621,0.011,1.607,0.007,2.092,0.039,1.945,0.031,0,0,2,1.945,0.031
1444906,4,0,1.57,2.25,0,1.701,0.002,1.67,0.014,2.192,0.106,2.012,0.034,0,0,2,2.012,0.034
1444916,4,0,1.57,2.35,0,1.601,0,1.609,-0.008,2.292,0.157,2.09,0.042,0,0,2,2.09,0.042
1444926,4,0,1.57,2.45,0,1.501,0,1.513,0.001,2.392,0.176,2.122,0.043,0,0,2,2.122,0.043
1444936,4,0,1.57,2.55,0,1.401,0,1.424,0.01,2.492,0.133,2.199,0.048,0,0,2,2.199,0.048
1444946,4,0,1.57,2.65,0,1.301,0,1.313,0.005,2.592,0.175,2.279,0.052,0,0,2,2.279,0.052
1444956,4,0,1.57,2.75,0,1.201,0,1.212,-0.012,2.692,0.274,2.262,0.055,0,0,2,2.262,0.055
1444966,4,0,1.57,2.85,0,1.101,0,1.116,-0.011,2.792,0.322,2.159,0.046,0,0,2,2.159,0.046
1444976,4,0,1.57,2.97,0,0.971,0,0.96,0.009,2.912,0.299,2.348,0.065,0,0,2,2.348,0.065
1444986,4,0,1.57,3.05,0,0.901,0,0.931,0.014,2.992,0.315,2.404,0.073,0,0,2,2.404,0.073
1444997,4,0,1.57,3.15,0,0.801,0,0.823,0.018,3.092,0.336,2.402,0.075,0,0,2,2.402,0.075
1445006,4,0,1.57,3.25,0,0.701,0,0.709,-0.002,3.192,0.342,2.519,0.084,0,0,2,2.519,0.084
1445016,4,0,1.57,3.35,0,0.601,0,0.622,-0.015,3.292,0.285,2.401,0.069,0,0,2,2.401,0.069
1445026,4,0,1.57,3.45,0,0.601,0.063,0.562,0.042,3.392,0.226,2.554,0.075,0,0,2,2.554,0.075
1445036,4,0,1.57,3.55,0,0.701,0.095,0.651,0.091,3.492,0.174,2.638,0.085,0,0,2,2.638,0.085
1445046,4,0,1.57,3.67,0,0.831,0.062,0.797,0.074,3.612,0.173,2.596,0.096,0,0,2,2.596,0.096
1445056,4,0,1.57,3.75,0,0.901,0.073,0.831,0.065,3.692,0.206,2.731,0.095,0,0,2,2.731,0.095
1445066,4,0,1.57,3.85,0,1.001,0.066,0.939,0.068,3.792,0.247,2.246,0.095,0,0,2,2.246,0.095
1445077,4,0,1.57,3.95,0,1.101,0.064,1.046,0.066,3.892,0.213,2.639,0.1,0,0,2,2.639,0.1
1445086,4,0,1.57,4,0,1.201,0.09,1.155,0.081,3.992,0.187,3.458,0.099,0,0,2,3.458,0.099
1445097,4,0,1.57,4,0,1.301,0.079,1.251,0.08,4.084,0.144,3.862,0.1,0,0,2,3.862,0.1
1445106,4,0,1.57,4,0,1.401,0.075,1.351,0.079,4.026,0.097,3.882,0.092,0,0,2,3.882,0.092
1445116,4,0,1.57,4,0,1.501,0.071,1.463,0.093,3.978,0.051,3.817,0.086,0,0,2,3.817,0.086
1445126,4,0,1.57,4,0,1.601,0.073,1.549,0.077,3.982,0.021,3.867,0.08,0,0,2,3.867,0.08
1445136,4,0,1.57,4,0,1.701,0.04,1.657,0.053,4.011,0.004,3.876,0.066,0,0,2,3.876,0.066
1445146,4,0,1.57,4,0,1.801,0,1.747,0.014,4.042,0.013,3.902,0.051,0,0,2,3.902,0.051
1445156,4,0,1.57,4,0,1.901,-0.028,1.86,0.001,4.048,0.024,3.935,0.037,0,0,2,3.935,0.037
1445166,4,0,1.57,4,0,2.001,-0.104,1.962,-0.08,4.067,-0.003,3.934,0.003,0,0,2,3.934,0.003
1445176,4,0,1.57,4,0,2.101,-0.159,2.056,-0.138,4.07,-0.056,3.964,-0.032,0,0,2,3.964,-0.032
1445186,4,0,1.57,4,0,2.201,-0.18,2.151,-0.169,4.127,-0.095,4.038,-0.064,0,0,2,4.038,-0.064
1445197,4,0,1.57,4,0,2.301,-0.193,2.248,-0.183,4.167,-0.119,4.045,-0.107,0,0,2,4.045,-0.107
1445206,4,0,1.57,4,0,2.401,-0.261,2.355,-0.233,4.187,-0.135,4.066,-0.144,0,0,2,4.066,-0.144
1445216,4,0,1.57,4,0,2.501,-0.271,2.47,-0.265,4.213,-0.185,4.095,-0.182,0,0,2,4.095,-0.182
1445226,4,0,1.57,4,0,2.601,-0.3,2.558,-0.287,4.179,-0.232,4.141,-0.203,0,0,2,4.141,-0.203
1445236,4,0,1.57,4,0,2.701,-0.351,2.653,-0.34,4.081,-0.267,4.048,-0.244,0,0,2,4.048,-0.244
1445246,4,0,1.57,4,0,2.801,-0.354,2.767,-0.347,3.986,-0.241,3.92,-0.294,0,0,2,3.92,-0.294
1445256,4,0,1.57,4,0,2.901,-0.398,2.858,-0.398,4.035,-0.164,3.97,-0.301,0,0,2,3.97,-0.301
1445266,4,0,1.57,4,0,2.981,-0.35,2.934,-0.36,4.111,-0.066,4.02,-0.309,0,0,2,4.02,-0.309
1445276,4,0,1.57,4,0,2.988,-0.297,2.98,-0.314,4.092,0.034,4.023,-0.302,0,0,2,4.023,-0.302
1445286,4,0,1.57,4,0,3.007,-0.279,3.004,-0.291,4.044,0.134,4.027,-0.267,0,0,2,4.027,-0.267
1445297,4,0,1.57,4,0,3.055,-0.239,3.023,-0.263,4.016,0.234,4.008,-0.218,0,0,2,4.008,-0.218
1445306,4,0,1.57,4,0,3.046,-0.216,3.018,-0.235,3.983,0.334,3.966,-0.172,0,0,2,3.966,-0.172
1445316,4,0,1.57,4,0,3.046,-0.182,3.042,-0.217,3.962,0.434,3.953,-0.117,0,0,2,3.953,-0.117
1445326,4,0,1.57,4,0,3.039,-0.147,3.042,-0.164,3.993,0.511,3.965,-0.053,0,0,2,3.965,-0.053
1445336,4,0,1.57,4,0,3.056,-0.116,3.046,-0.118,4.054,0.551,3.994,-0.024,0,0,2,3.994,-0.024
1445346,4,0,1.57,4,0,3.087,-0.079,3.088,-0.092,4.049,0.541,4.029,0.021,0,0,2,4.029,0.021
1445356,4,0,1.57,4,0,3.09,-0.07,3.067,-0.082,3.989,0.472,3.981,0.047,0,0,2,3.981,0.047
1445366,4,0,1.57,4,0,2.99,-0.061,3.011,-0.066,3.982,0.416,3.952,0.055,0,0,2,3.952,0.055
1445376,4,0,1.57,4,0,2.91,-0.076,2.928,-0.074,4.076,0.366,4.003,0.055,0,0,2,4.003,0.055
1445386,4,0,1.57,4,0,2.99,-0.075,2.97,-0.078,4.176,0.343,4.058,0.025,0,0,2,4.058,0.025
1445396,4,0,1.57,4,0,3.09,-0.022,3.062,-0.037,4.118,0.329,4.048,0.005,0,0,2,4.048,0.005
1445406,4,0,1.57,4,0,3.17,-0.032,3.145,-0.046,4.038,0.327,4.021,0.02,0,0,2,4.021,0.02
1445416,4,0,1.57,4,0,3.178,-0.083,3.179,-0.058,4.06,0.332,4,0.024,0,0,2,4,0.024
1445426,4,0,1.57,4,0,3.138,-0.047,3.143,-0.051,4.158,0.349,4.081,0.029,0,0,2,4.081,0.029
1445436,4,0,1.57,4,0,3.088,-0.056,3.085,-0.056,4.218,0.325,4.175,0.046,0,0,2,4.175,0.046
1445446,4,0,1.57,4,0,3.188,-0.04,3.17,-0.055,4.13,0.282,4.117,0.038,0,0,2,4.117,0.038
1445456,4,0,1.57,4,0,3.288,-0.048,3.272,-0.041,4.03,0.232,4.043,0.036,0,0,2,4.043,0.036
1445466,4,0,1.57,4,0,3.268,-0.048,3.26,-0.062,3.93,0.216,3.949,0.032,0,0,2,3.949,0.032
1445476,4,0,1.57,4,0,3.21,-0.034,3.229,-0.036,3.919,0.218,3.895,0.034,0,0,2,3.895,0.034
1445486,4,0,1.57,4,0,3.289,0.019,3.245,0.007,4.019,0.235,3.954,0.04,0,0,2,3.954,0.04
1445496,4,0,1.57,4,0,3.214,-0.05,3.221,-0.031,4.119,0.229,4.064,0.055,0,0,2,4.064,0.055
1445506,4,0,1.57,4,0,3.254,-0.003,3.257,-0.018,4.083,0.212,4.068,0.051,0,0,2,4.068,0.051
1445516,4,0,1.57,4,0,3.353,0.034,3.341,0.029,3.989,0.168,4,0.048,0,0,2,4,0.048
1445526,4,0,1.57,4,0,3.361,0.036,3.338,0.036,3.967,0.144,3.966,0.057,0,0,2,3.966,0.057
1445536,4,0,1.57,4,0,3.388,0.034,3.379,0.023,4.012,0.14,3.978,0.059,0,0,2,3.978,0.059
1445546,4,0,1.57,4,0,3.288,0.051,3.299,0.06,4.069,0.166,4.031,0.065,0,0,2,4.031,0.065
1445556,4,0,1.57,4,0,3.294,0.051,3.301,0.057,4.093,0.152,4.068,0.075,0,0,2,4.068,0.075
1445566,4,0,1.57,4,0,3.274,0.024,3.283,0.029,4.029,0.109,4.026,0.071,0,0,2,4.026,0.071
1445576,4,0,1.57,4,0,3.356,0.045,3.33,0.043,3.956,0.043,3.965,0.063,0,0,2,3.965,0.063
1445586,4,0,1.57,4,0,3.431,0.013,3.421,0.013,3.957,0.02,3.933,0.046,0,0,2,3.933,0.046
1445597,4,0,1.57,4,0,3.338,0.081,3.35,0.053,4.042,0.015,3.962,0.043,0,0,2,3.962,0.043
1445606,4,0,1.57,4,0,3.338,0.052,3.322,0.063,4.115,0.047,4.057,0.048,0,0,2,4.057,0.048
1445616,4,0,1.57,4,0,3.331,0.047,3.318,0.057,4.105,0.059,4.086,0.051,0,0,2,4.086,0.051
1445626,4,0,1.57,4,0,3.338,0.056,3.345,0.051,4.012,0.026,4.018,0.051,0,0,2,4.018,0.051
1445637,4,0,1.57,4,0,3.413,0.049,3.388,0.048,3.928,-0.026,3.929,0.045,0,0,2,3.929,0.045
1445646,4,0,1.57,4,0,3.47,0.035,3.444,0.041,3.966,-0.048,3.934,0.038,0,0,2,3.934,0.038
1445656,4,0,1.57,4,0,3.396,0.003,3.398,0.019,4.066,-0.039,4.009,0.028,0,0,2,4.009,0.028
1445666,4,0,1.57,4,0,3.476,0.057,3.424,0.057,4.166,-0.004,4.105,0.024,0,0,2,4.105,0.024
1445676,4,0,1.57,4,0,3.457,0.035,3.454,0.056,4.157,-0.012,4.159,0.025,0,0,2,4.159,0.025
1445686,4,0,1.57,4,0,3.537,0.042,3.54,0.043,4.057,-0.036,4.066,0.026,0,0,2,4.066,0.026
1445696,4,0,1.57,4,0,3.481,-0.006,3.523,-0.001,3.957,-0.079,3.988,0.018,0,0,2,3.988,0.018
1445706,4,0,1.57,4,0,3.469,0.031,3.463,0.041,3.877,-0.09,3.902,0.004,0,0,2,3.902,0.004
1445716,4,0,1.57,4,0,3.529,0.081,3.477,0.055,3.974,-0.059,3.936,-0.001,0,0,2,3.936,-0.001
1445726,4,0,1.57,4,0,3.549,0.018,3.497,0.032,4.074,0.018,4.027,0.005,0,0,2,4.027,0.005
1445736,4,0,1.57,4,0,3.449,-0.044,3.476,-0.037,4.174,0,4.129,0.007,0,0,2,4.129,0.007
1445746,4,0,1.57,4,0,3.349,-0.007,3.379,-0.017,4.274,-0.075,4.229,-0.003,0,0,2,4.229,-0.003
1445757,4,0,1.57,4,0,3.249,0,3.329,0.016,4.187,-0.128,4.212,-0.02,0,0,2,4.212,-0.02
1445766,4,0,1.57,4,0,3.149,0,3.229,-0.014,4.087,-0.127,4.117,-0.034,0,0,2,4.117,-0.034
1445776,4,0,1.57,4,0,3.049,0,3.105,-0.015,3.987,-0.102,4.019,-0.043,0,0,2,4.019,-0.043
1445786,4,0,1.57,4,0,2.949,0,2.981,-0.005,3.888,-0.026,3.919,-0.04,0,0,2,3.919,-0.04
1445796,4,0,1.57,4,0,2.849,0,2.903,-0.007,3.787,0.057,3.824,-0.027,0,0,2,3.824,-0.027
1445806,4,0,1.57,4,0,2.749,0,2.8,-0.001,3.847,0.105,3.818,-0.007,0,0,2,3.818,-0.007
1445816,4,0,1.57,4,0,2.649,-0.064,2.583,-0.021,3.947,0.094,3.894,0.01,0,0,2,3.894,0.01
1445826,4,0,1.57,4,0,2.549,-0.164,2.6,-0.136,3.881,0.084,3.896,0.014,0,0,2,3.896,0.014
1445836,4,0,1.57,4,0,2.449,-0.264,2.484,-0.243,3.904,0.035,3.877,-0.003,0,0,2,3.877,-0.003
1445846,4,0,1.57,4,0,2.349,-0.364,2.391,-0.339,4.004,-0.01,3.899,-0.102,0,0,2,3.899,-0.102
1445856,4,0,1.57,4,0,2.249,-0.269,2.3,-0.288,4.104,-0.013,4.029,-0.13,0,0,2,4.029,-0.13
1445866,4,0,1.57,4,0,2.149,-0.169,2.199,-0.199,4.204,0.082,4.146,-0.115,0,0,2,4.146,-0.115
1445876,4,0,1.57,4,0,2.049,-0.069,2.034,-0.095,4.264,0.182,4.225,-0.08,0,0,2,4.225,-0.08
1445886,4,0,1.57,4,0,1.949,0,1.988,-0.032,4.164,0.237,4.176,-0.033,0,0,2,4.176,-0.033
1445896,4,0,1.57,4,0,1.849,0,1.892,0.006,4.064,0.19,4.081,0.003,0,0,2,4.081,0.003
1445906,4,0,1.57,4,0,1.749,0,1.803,0.01,3.964,0.196,3.948,0.027,0,0,2,3.948,0.027
1445916,4,0,1.57,4,0,1.649,0,1.703,0.007,3.864,0.212,3.864,0.043,0,0,2,3.864,0.043
1445926,4,0,1.57,4,0,1.549,0,1.583,0.004,3.804,0.221,3.8,0.064,0,0,2,3.8,0.064
1445936,4,0,1.57,4,0,1.449,0,1.446,-0.02,3.904,0.176,3.834,0.07,0,0,2,3.834,0.07
1445946,4,0,1.57,4,0,1.349,0,1.375,0.011,4.004,0.146,3.914,0.069,0,0,2,3.914,0.069
1445956,4,0,1.57,4,0,1.249,0,1.28,0.005,4.104,0.127,3.995,0.063,0,0,2,3.995,0.063
1445966,4,0,1.57,4,0,1.149,0,1.187,0.002,4.204,0.098,3.966,0.044,0,0,2,3.966,0.044
1445976,6,0,1.57,4,0,1.049,0,1.085,0.001,4.181,0.004,4.101,0.033,0,0,2,4.101,0.033
1445986,6,0,1.57,4,0,0.949,0,0.975,0.014,4.081,-0.056,4.039,0.02,0,0,2,4.039,0.02
1445996,6,0,1.57,4,0,0.849,0,0.881,0.005,3.981,-0.072,3.97,0.009,0,0,2,3.97,0.009
1446006,6,0,1.57,4.05,0,0.749,0,0.788,-0.018,3.954,-0.041,3.863,-0.001,0,0,2,3.863,-0.001
1446016,6,0,1.57,4.15,0,0.649,0,0.703,-0.003,4.054,-0.054,3.716,-0.008,0,0,2,3.716,-0.008
1446026,6,0,1.57,4.25,0,0.549,0,0.57,0.004,4.154,-0.055,3.74,-0.012,0,0,2,3.74,-0.012
1446036,6,0,1.57,4.35,0,0.449,0,0.486,0.003,4.254,-0.052,3.625,-0.013,0,0,2,3.625,-0.013
1446046,6,0,1.57,4.45,0,0.349,0,0.351,-0.006,4.354,-0.011,3.587,-0.011,0,0,2,3.587,-0.011
1446056,6,0,1.57,4.55,0,0.249,0,0.276,0.008,4.454,0.027,3.711,-0.006,0,0,2,3.711,-0.006
1446066,6,0,1.57,4.65,0,0.149,0,0.185,-0.001,4.554,0.049,3.385,0.001,0,0,2,3.385,0.001
1446076,6,0,1.57,4.75,0,0.049,-0.004,0.071,-0.004,4.654,0.024,3.561,0.003,0,0,2,3.561,0.003
1446086,6,0,1.57,4.85,0,0.003,0,-0.01,0.001,4.754,0.034,3.441,0.003,0,0,2,3.441,0.003
1446097,6,0,1.57,4.95,0,-0.028,0.025,-0.033,0.01,4.844,0.058,2.759,0.005,0,0,2,2.759,0.005
1446106,6,0,1.57,5.05,0,-0.016,-0.004,-0.004,0.009,4.884,0.105,2.732,0.016,0,0,2,2.732,0.016
1446117,6,0,1.57,5.15,0,0.002,-0.031,-0.021,-0.043,4.949,0.114,2.861,0.008,0,0,2,2.861,0.008
1446126,6,0,1.57,5.25,0,0,-0.004,-0.017,-0.022,4.961,0.104,3.415,0.01,0,0,2,3.415,0.01
1446136,6,0,1.57,5.35,0,-0.023,0.045,-0.019,0.031,4.929,0.075,3.268,0.016,0,0,2,3.268,0.016
1446146,6,0,1.57,5.45,0,-0.023,-0.021,-0.023,0.001,4.928,0.094,2.854,0.021,0,0,2,2.854,0.021
1446156,6,0,1.57,5.55,0,-0.031,-0.01,-0.056,-0.013,4.979,0.119,2.853,0.015,0,0,2,2.853,0.015
1446166,6,0,1.57,5.65,0,-0.004,-0.039,-0.022,-0.021,5,0.141,2.693,0.01,0,0,2,2.693,0.01
1446176,6,0,1.57,5.75,0,0,-0.006,-0.002,-0.022,5,0.126,3.161,0.012,0,0,2,3.161,0.012
1446186,6,0,1.57,5.85,0,-0.006,0.051,-0.002,0.035,5,0.129,3.07,0.021,0,0,2,3.07,0.021
1446196,6,0,1.57,5.95,0,-0.008,0.018,-0.017,0.027,5,0.136,2.738,0.04,0,0,2,2.738,0.04
1446206,6,0,1.57,6,0,-0.004,0.024,-0.028,0.026,5,0.148,4.269,0.045,0,0,2,4.269,0.045
1446216,6,0,1.57,6,0,-0.026,-0.015,-0.024,0.003,5,0.138,4.523,0.039,0,0,2,4.523,0.039
1446226,6,0,1.57,6,0,-0.005,-0.003,-0.011,-0.007,5,0.114,4.843,0.039,0,0,2,4.843,0.039
1446236,6,0,1.57,6,0,-0.045,-0.013,-0.031,0,5,0.08,4.833,0.033,0,0,2,4.833,0.033
1446246,6,0,1.57,6,0,0.053,0.038,0.028,0.026,5,0.079,4.836,0.028,0,0,2,4.836,0.028
1446256,6,0,1.57,6,0,0.153,0.068,0.1,0.058,5,0.069,4.865,0.038,0,0,2,4.865,0.038
1446266,6,0,1.57,6,0,0.253,0.019,0.205,0.03,5,0.062,4.791,0.043,0,0,2,4.791,0.043
1446276,6,0,1.57,6,0,0.353,0.06,0.312,0.054,5,0.023,4.819,0.039,0,0,2,4.819,0.039
1446286,6,0,1.57,6,0,0.453,0.067,0.408,0.063,5,0.027,4.845,0.043,0,0,2,4.845,0.043
1446296,6,0,1.57,6,0,0.553,0.073,0.515,0.06,5,0.034,4.812,0.046,0,0,2,4.812,0.046
1446306,6,0,1.57,6,0,0.653,0.059,0.608,0.071,5,0.054,4.78,0.054,0,0,2,4.78,0.054
1446317,6,0,1.57,6,0,0.753,0.07,0.708,0.068,5,0.048,4.667,0.059,0,0,2,4.667,0.059
1446326,6,0,1.57,6,0,0.853,0.05,0.811,0.057,5,0.051,4.646,0.059,0,0,2,4.646,0.059
1446336,6,0,1.57,6,0,0.953,0.07,0.91,0.07,5,0.047,4.527,0.058,0,0,2,4.527,0.058
1446346,6,0,1.57,6,0,1.053,0.042,1.013,0.043,5,0.055,4.741,0.059,0,0,2,4.741,0.059
1446356,6,0,1.57,6,0,1.153,0.049,1.114,0.042,5,0.034,4.872,0.053,0,0,2,4.872,0.053
1446366,6,0,1.57,6,0,1.253,0.055,1.207,0.052,5,0.032,4.716,0.05,0,0,2,4.716,0.05
1446376,6,0,1.57,6,0,1.353,0.077,1.306,0.078,5,0.012,4.838,0.053,0,0,2,4.838,0.053
1446386,6,0,1.57,6,0,1.453,0.043,1.417,0.052,5,-0.005,4.857,0.053,0,0,2,4.857,0.053
1446396,6,0,1.57,6,0,1.553,0.045,1.518,0.046,5,-0.053,4.902,0.042,0,0,2,4.902,0.042
1446406,6,0,1.57,6,0,1.653,0.058,1.616,0.063,5,-0.069,4.908,0.033,0,0,2,4.908,0.033
1446416,6,0,1.57,6,0,1.753,0.028,1.704,0.044,5,-0.078,4.807,0.032,0,0,2,4.807,0.032
1446426,6,0,1.57,6,0,1.853,0.017,1.81,0.031,5,-0.061,4.907,0.026,0,0,2,4.907,0.026
1446436,6,0,1.57,6,0,1.953,0.008,1.93,0.002,5,-0.052,4.621,0.016,0,0,2,4.621,0.016
1446446,6,0,1.57,6,0,2.053,-0.04,2.016,-0.023,5,-0.038,4.892,0.009,0,0,2,4.892,0.009
1446456,6,0,1.57,6,0,2.153,-0.029,2.108,-0.016,5,-0.039,4.86,-0.004,0,0,2,4.86,-0.004
1446466,6,0,1.57,6,0,2.253,-0.031,2.209,-0.025,5,-0.042,4.912,-0.011,0,0,2,4.912,-0.011
1446476,6,0,1.57,6,0,2.353,-0.036,2.314,-0.037,5,-0.063,4.919,-0.021,0,0,2,4.919,-0.021
1446486,6,0,1.57,6,0,2.453,-0.065,2.419,-0.072,5,-0.06,4.845,-0.037,0,0,2,4.845,-0.037
1446496,6,0,1.57,6,0,2.553,-0.094,2.499,-0.085,5,-0.077,4.897,-0.05,0,0,2,4.897,-0.05
1446506,0,0,1.57,6,0,2.653,-0.09,2.618,-0.08,5,-0.076,4.856,-0.063,0,0,2,4.856,-0.063
1446517,0,0,1.57,6,0,2.753,-0.112,2.723,-0.108,5,-0.08,4.922,-0.071,0,0,2,4.922,-0.071
1446526,0,0,1.57,6,0,2.853,-0.125,2.81,-0.123,5,-0.072,4.885,-0.085,0,0,2,4.885,-0.085
1446536,0,0,1.57,5.95,0,2.953,-0.139,2.912,-0.13,5,-0.092,4.712,-0.099,0,0,2,4.712,-0.099
1446546,0,0,1.57,5.85,0,3.053,-0.167,3.01,-0.158,5,-0.11,4.408,-0.122,0,0,2,4.408,-0.122
1446556,0,0,1.57,5.75,0,3.153,-0.194,3.111,-0.182,5,-0.118,4.182,-0.147,0,0,2,4.182,-0.147
1446566,0,0,1.57,5.65,0,3.253,-0.2,3.23,-0.183,5,-0.078,4.378,-0.152,0,0,2,4.378,-0.152
1446576,0,0,1.57,5.55,0,3.353,-0.222,3.322,-0.215,5,-0.066,4.031,-0.186,0,0,2,4.031,-0.186
1446586,0,0,1.57,5.45,0,3.453,-0.247,3.42,-0.243,5,-0.052,4.345,-0.184,0,0,2,4.345,-0.184
1446597,0,0,1.57,5.35,0,3.553,-0.24,3.51,-0.239,5,-0.02,4.548,-0.182,0,0,2,4.548,-0.182
1446606,0,0,1.57,5.25,0,3.653,-0.231,3.598,-0.247,5,0.043,4.611,-0.179,0,0,2,4.611,-0.179
1446616,0,0,1.57,5.15,0,3.753,-0.258,3.729,-0.253,5,0.102,4.725,-0.162,0,0,2,4.725,-0.162
1446626,0,0,1.57,5.05,0,3.853,-0.237,3.819,-0.246,5,0.194,4.542,-0.19,0,0,2,4.542,-0.19
1446636,0,0,1.57,4.95,0,3.953,-0.207,3.919,-0.217,5,0.291,4.588,-0.178,0,0,2,4.588,-0.178
1446646,0,0,1.57,4.85,0,4.053,-0.157,4.007,-0.171,5,0.391,4.715,-0.135,0,0,2,4.715,-0.135
1446656,0,0,1.57,4.75,0,4.153,-0.152,4.1,-0.165,5,0.436,4.789,-0.088,0,0,2,4.789,-0.088
1446666,0,0,1.57,4.65,0,4.253,-0.119,4.228,-0.139,4.947,0.468,4.837,-0.039,0,0,2,4.837,-0.039
1446677,0,0,1.57,4.55,0,4.266,-0.105,4.281,-0.114,4.847,0.542,4.827,0.014,0,0,2,4.827,0.014
1446686,0,0,1.57,4.45,0,4.321,-0.053,4.332,-0.069,4.747,0.596,4.772,0.066,0,0,2,4.772,0.066
1446697,0,0,1.57,4.35,0,4.365,-0.049,4.367,-0.048,4.647,0.564,4.68,0.08,0,0,2,4.68,0.08
1446706,0,0,1.57,4.25,0,4.265,-0.119,4.346,-0.118,4.547,0.56,4.617,0.11,0,0,2,4.617,0.11
1446717,0,0,1.57,4.15,0,4.175,-0.121,4.201,-0.118,4.447,0.552,4.526,0.124,0,0,2,4.526,0.124
1446726,0,0,1.57,4.05,0,4.137,-0.096,4.141,-0.11,4.347,0.468,4.432,0.121,0,0,2,4.432,0.121
1446736,0,0,1.57,3.95,0,4.093,-0.055,4.092,-0.049,4.247,0.368,4.348,0.134,0,0,2,4.348,0.134
1446746,0,0,1.57,3.85,0,3.993,-0.016,4.106,-0.021,4.147,0.268,4.26,0.145,0,0,2,4.26,0.145
1446757,0,0,1.57,3.75,0,3.893,-0.07,3.992,-0.046,4.047,0.168,4.159,0.117,0,0,2,4.159,0.117
1446767,0,0,1.57,3.65,0,3.783,-0.099,3.838,-0.076,3.947,0.257,4.057,0.088,0,0,2,4.057,0.088
1446776,0,0,1.57,3.55,0,3.745,-0.054,3.773,-0.072,3.847,0.357,3.963,0.093,0,0,2,3.963,0.093
1446786,0,0,1.57,3.45,0,3.684,-0.03,3.726,-0.045,3.747,0.271,3.87,0.104,0,0,2,3.87,0.104
1446797,0,0,1.57,3.35,0,3.584,-0.004,3.677,-0.014,3.647,0.171,3.773,0.098,0,0,2,3.773,0.098
1446806,0,0,1.57,3.25,0,3.484,0,3.54,0.001,3.547,0.071,3.673,0.077,0,0,2,3.673,0.077
1446816,0,0,1.57,3.15,0,3.384,0,3.461,0.002,3.447,-0.029,3.576,0.057,0,0,2,3.576,0.057
1446826,0,0,1.57,3.05,0,3.284,0,3.343,-0.007,3.347,-0.129,3.474,0.023,0,0,2,3.474,0.023
1446836,0,0,1.57,2.95,0,3.184,0,3.248,0.003,3.247,-0.229,3.372,-0.005,0,0,2,3.372,-0.005
1446846,0,0,1.57,2.85,0,3.084,0,3.163,0.006,3.147,-0.329,3.273,-0.03,0,0,2,3.273,-0.03
1446856,0,0,1.57,2.75,0,2.984,0,3.058,0.002,3.047,-0.429,3.175,-0.057,0,0,2,3.175,-0.057
1446866,0,0,1.57,2.65,0,2.884,0,2.951,-0.001,2.947,-0.529,3.077,-0.091,0,0,2,3.077,-0.091
1446876,0,0,1.57,2.55,0,2.784,0,2.851,-0.003,2.847,-0.629,2.977,-0.122,0,0,2,2.977,-0.122
1446886,0,0,1.57,2.45,0,2.684,0,2.759,0.002,2.747,-0.729,2.876,-0.144,0,0,2,2.876,-0.144
1446896,0,0,1.57,2.35,0,2.584,0,2.657,0.004,2.647,-0.829,2.775,-0.161,0,0,2,2.775,-0.161
1446906,0,0,1.57,2.25,0,2.484,0,2.554,0.002,2.547,-0.929,2.679,-0.197,0,0,2,2.679,-0.197
1446916,0,0,1.57,2.15,0,2.384,0,2.457,0.003,2.447,-1.029,2.581,-0.237,0,0,2,2.581,-0.237
1446926,0,0,1.57,2.05,0,2.284,0,2.363,0,2.347,-0.97,2.483,-0.276,0,0,2,2.483,-0.276
1446936,0,0,1.57,1.95,0,2.184,0,2.254,0.001,2.247,-0.87,2.38,-0.272,0,0,2,2.38,-0.272
1446946,0,0,1.57,1.85,0,2.084,0,2.153,-0.002,2.147,-0.77,2.265,-0.192,0,0,2,2.265,-0.192
1446956,0,0,1.57,1.75,0,1.984,0,2.048,-0.004,2.047,-0.67,2.175,-0.186,0,0,2,2.175,-0.186
1446966,0,0,1.57,1.65,0,1.884,0,1.947,-0.002,1.947,-0.57,2.084,-0.2,0,0,2,2.084,-0.2
1446976,0,0,1.57,1.55,0,1.784,0,1.851,0,1.847,-0.47,1.989,-0.212,0,0,2,1.989,-0.212
1446986,0,0,1.57,1.45,0,1.684,0,1.757,0.004,1.747,-0.37,1.892,-0.216,0,0,2,1.892,-0.216
1446997,0,0,1.57,1.35,0,1.584,0,1.659,0.003,1.647,-0.27,1.795,-0.211,0,0,2,1.795,-0.211
1447006,0,0,1.57,1.25,0,1.484,0,1.553,-0.007,1.547,-0.17,1.696,-0.196,0,0,2,1.696,-0.196
1447016,0,0,1.57,1.15,0,1.384,0,1.447,-0.013,1.447,-0.07,1.598,-0.17,0,0,2,1.598,-0.17
1447026,0,0,1.57,1.05,0,1.284,0,1.328,-0.011,1.347,0.03,1.499,-0.134,0,0,2,1.499,-0.134
1447036,0,0,1.57,0.95,0,1.184,0.1,1.212,0.092,1.247,0.13,1.39,-0.068,0,0,2,1.39,-0.068
1447046,0,0,1.57,0.85,0,1.264,0.2,1.289,0.171,1.147,0.23,1.298,-0.017,0,0,2,1.298,-0.017
1447056,0,0,1.57,0.75,0,1.164,0.16,1.214,0.185,1.047,0.33,1.204,0.044,0,0,2,1.204,0.044
1447066,0,0,1.57,0.65,0,1.064,0.06,1.139,0.089,0.947,0.43,1.107,0.106,0,0,2,1.107,0.106
1447076,0,0,1.57,0.55,0,0.964,0.001,1.031,0.019,0.847,0.53,1.009,0.169,0,0,2,1.009,0.169
1447086,0,0,1.57,0.45,0,0.864,0,0.946,0.001,0.747,0.63,0.91,0.238,0,0,2,0.91,0.238
1447097,0,0,1.57,0.35,0,0.764,0,0.867,0.008,0.647,0.73,0.811,0.308,0,0,2,0.811,0.308
1447106,0,0,1.57,0.25,0,0.664,0,0.688,-0.006,0.547,0.83,0.713,0.374,0,0,2,0.713,0.374
1447117,0,0,1.57,0.15,0,0.564,0,0.615,-0.002,0.447,0.912,0.613,0.45,0,0,2,0.613,0.45
1447126,0,0,1.57,0.05,0,0.464,0,0.503,-0.003,0.347,0.812,0.514,0.501,0,0,2,0.514,0.501
1447136,0,0,1.57,0,0,0.364,0,0.444,0.005,0.247,0.712,0.323,0.522,0,0,2,0.323,0.522
1447146,0,0,1.57,0,0,0.264,0,0.361,0.004,0.147,0.612,0.203,0.509,0,0,2,0.203,0.509
1447156,0,0,1.57,0,0,0.164,0,0.222,-0.002,0.047,0.512,0.102,0.475,0,0,2,0.102,0.475
1447166,0,0,1.57,0,0,0.064,0,0.123,0.004,-0.053,0.412,0.003,0.43,0,0,2,0.003,0.43
1447176,0,0,1.57,0,0,0,0,0.046,0.011,-0.153,0.312,-0.097,0.37,0,0,2,-0.097,0.37
1447186,0,0,1.57,0,0,0,0,0.023,0.008,-0.253,0.212,-0.195,0.302,0,0,2,-0.195,0.302
1447196,0,0,1.57,0,0,0,0,0.031,0.012,-0.353,0.112,-0.293,0.237,0,0,2,-0.293,0.237
1447206,0,0,1.57,0,0,0,0,0.033,0.013,-0.453,0.012,-0.393,0.184,0,0,2,-0.393,0.184
1447216,0,0,1.57,0,0,0,0,0.018,0.009,-0.553,-0.088,-0.494,0.134,0,0,2,-0.494,0.134
1447226,0,0,1.57,0,0,0,0,0.03,0.013,-0.453,-0.188,-0.48,0.082,0,0,2,-0.48,0.082
1447236,0,0,1.57,0,0,0,0,0.037,0.015,-0.353,-0.288,-0.398,0.025,0,0,2,-0.398,0.025
1447246,0,0,1.57,0,0,0,0,0.034,0.011,-0.253,-0.388,-0.303,-0.037,0,0,2,-0.303,-0.037
1447256,0,0,1.57,0,0,0,0,0.03,0.005,-0.153,-0.488,-0.205,-0.104,0,0,2,-0.205,-0.104
1447266,0,0,1.57,0,0,0,0,0.039,0,-0.053,-0.588,-0.106,-0.177,0,0,2,-0.106,-0.177
1447277,0,0,1.57,0,0,0,0,0.037,-0.001,0.047,-0.688,-0.006,-0.255,0,0,2,-0.006,-0.255
1447287,0,0,1.57,0,0,0,0,0.066,-0.03,0.147,-0.788,0.093,-0.338,0,0,2,0.093,-0.338
1447297,0,0,1.57,0,0,0,0,0.006,0.004,0.247,-0.888,0.193,-0.423,0,0,2,0.193,-0.423
1447307,0,0,1.57,0,0,-0.064,-0.09,-0.076,-0.013,0.347,-0.808,0.293,-0.493,0,0,2,0.293,-0.493
1447317,0,0,1.57,0,0,-0.164,-0.106,-0.086,-0.141,0.447,-0.708,0.391,-0.516,0,0,2,0.391,-0.516
1447327,0,0,1.57,0,0,-0.264,-0.103,-0.246,-0.118,0.405,-0.608,0.419,-0.514,0,0,2,0.419,-0.514
1447337,0,0,1.57,0,0,-0.172,-0.013,-0.192,-0.025,0.305,-0.508,0.346,-0.487,0,0,2,0.346,-0.487
1447347,0,0,1.57,0,0,-0.072,-0.002,-0.096,-0.033,0.205,-0.408,0.252,-0.435,0,0,2,0.252,-0.435
1447357,0,0,1.57,0,0,-0.001,0,0,-0.016,0.105,-0.308,0.152,-0.331,0,0,2,0.152,-0.331
1447367,0,0,1.57,0,0,0,0,0.024,-0.027,0.005,-0.208,0.057,-0.296,0,0,2,0.057,-0.296
1447379,0,0,1.57,0,0,0,0,-0.003,-0.018,-0.095,-0.108,-0.041,-0.26,0,0,2,-0.041,-0.26
1447387,0,0,1.57,0,0,-0.093,-0.036,-0.081,0.002,-0.215,0.012,-0.161,-0.185,0,0,2,-0.161,-0.185
1447397,0,0,1.57,0,0,-0.106,-0.017,-0.115,-0.033,-0.295,0.092,-0.24,-0.141,0,0,2,-0.24,-0.141
1447407,0,0,1.57,0,0,-0.046,0.017,-0.064,-0.005,-0.395,0.192,-0.338,-0.082,0,0,2,-0.338,-0.082
1447417,0,0,1.57,0,0,0.037,0.032,0.009,0.004,-0.495,0.292,-0.414,-0.012,0,0,2,-0.414,-0.012
1447427,0,0,1.57,0,0,0.137,0.022,0.098,0.009,-0.595,0.392,-0.53,0.031,0,0,2,-0.53,0.031
1447437,0,0,1.57,0,0,0.217,0.056,0.156,0.073,-0.679,0.492,-0.616,0.081,0,0,2,-0.616,0.081
1447447,0,0,1.57,0,0,0.157,0.089,0.156,0.047,-0.579,0.592,-0.591,0.134,0,0,2,-0.591,0.134
1447457,0,0,1.57,0,0,0.077,0.018,0.095,0.04,-0.479,0.652,-0.47,0.136,0,0,2,-0.47,0.136
1447467,0,0,1.57,0,0,0.097,0.061,0.072,0.043,-0.379,0.552,-0.358,0.101,0,0,2,-0.358,0.101
1447479,0,0,1.57,0,0,0.071,0.021,0.072,0.026,-0.279,0.452,-0.295,0.113,0,0,2,-0.295,0.113
1447487,0,0,1.57,0,0,0.004,0.002,0.01,0.011,-0.159,0.332,-0.2,0.125,0,0,2,-0.2,0.125
1447497,0,0,1.57,0,0,0.007,0.002,0.009,-0.011,-0.079,0.252,-0.123,0.11,0,0,2,-0.123,0.11
1447507,0,0,1.57,0,0,0.087,0.032,0.07,0.038,0.021,0.161,-0.026,0.082,0,0,2,-0.026,0.082
1447517,0,0,1.57,0,0,0.088,0.057,0.065,0.037,0.121,0.15,0.069,0.057,0,0,2,0.069,0.057
1447527,0,0,1.57,0,0,0.188,0.116,0.156,0.095,0.221,0.147,0.161,0.067,0,0,2,0.161,0.067
1447537,0,0,1.57,0,0,0.246,0.118,0.237,0.12,0.266,0.151,0.239,0.086,0,0,2,0.239,0.086
1447547,0,0,1.57,0,0,0.156,0.087,0.181,0.085,0.254,0.149,0.252,0.094,0,0,2,0.252,0.094
1447557,0,0,1.57,0,0,0.176,0.12,0.186,0.113,0.235,0.149,0.239,0.1,0,0,2,0.239,0.1
1447567,0,0,1.57,0,0,0.236,0.163,0.226,0.157,0.215,0.141,0.221,0.116,0,0,2,0.221,0.116
1447577,0,0,1.57,0,0,0.192,0.146,0.2,0.147,0.196,0.136,0.206,0.128,0,0,2,0.206,0.128
1447587,0,0,1.57,0,0,0.106,0.062,0.143,0.091,0.172,0.127,0.183,0.128,0,0,2,0.183,0.128
1447597,0,0,1.57,0,0,0.007,0.005,0.047,0.019,0.146,0.113,0.154,0.098,0,0,2,0.154,0.098
1447607,0,0,1.57,0,0,0,0,0.019,0.011,0.121,0.104,0.126,0.074,0,0,2,0.126,0.074
1447617,0,0,1.57,0,0,0,0,0.015,0.007,0.095,0.095,0.087,0.033,0,0,2,0.087,0.033
1447627,0,0,1.57,0,0,0,0,0.01,0.006,0.071,0.086,0.07,0.022,0,0,2,0.07,0.022
1447637,0,0,1.57,0,0,0,0,0.009,0.006,0.047,0.072,0.05,0.017,0,0,2,0.05,0.017
1447647,0,0,1.57,0,0,0,0,0.008,0.005,0.024,0.056,0.024,0.009,0,0,2,0.024,0.009
1447657,0,0,1.57,0,0,0,0,0.007,0.003,0.002,0.043,0.01,0.007,0,0,2,0.01,0.007
1447667,0,0,1.57,0,0,0,0,0.004,0.001,-0.017,0.031,-0.005,0.005,0,0,2,-0.005,0.005
1447677,0,0,1.57,0,0,0,0,0.002,0.001,-0.032,0.023,-0.019,0.004,0,0,2,-0.019,0.004
1447687,0,0,1.57,0,0,0,0,0,0.001,-0.044,0.014,-0.027,0.002,0,0,2,-0.027,0.002
1447697,0,0,1.57,0,0,0,0,-0.001,0,-0.053,0.01,-0.032,0.001,0,0,2,-0.032,0.001
1447707,0,0,1.57,0,0,0,0,-0.002,-0.001,-0.058,0.008,-0.039,0,0,0,2,-0.039,0
1447717,0,0,1.57,0,0,0,0,-0.002,-0.001,-0.059,0.007,-0.033,-0.001,0,0,2,-0.033,-0.001
1447727,0,0,1.57,0,0,0,0,-0.003,-0.001,-0.056,0.008,-0.027,-0.001,0,0,2,-0.027,-0.001
1447737,0,0,1.57,0,0,0,0,-0.004,-0.001,-0.051,0.008,-0.02,-0.001,0,0,2,-0.02,-0.001
1447747,0,0,1.57,0,0,0,0,-0.003,-0.001,-0.045,0.009,-0.026,-0.001,0,0,2,-0.026,-0.001
1447757,0,0,1.57,0,0,0,0,-0.003,-0.001,-0.037,0.011,-0.02,-0.001,0,0,2,-0.02,-0.001
1447767,0,0,1.57,0,0,0,0,-0.003,0,-0.029,0.012,-0.019,-0.001,0,0,2,-0.019,-0.001
1447777,0,0,1.57,0,0,0,0,-0.002,0.001,-0.021,0.013,-0.016,0,0,0,2,-0.016,0
1447787,0,0,1.57,0,0,-0.007,0.001,-0.012,0,-0.013,0.012,-0.014,-0.001,0,0,2,-0.014,-0.001
1447797,0,0,1.57,0,0,0.002,0.003,-0.001,0.004,-0.007,0.009,-0.008,0.002,0,0,2,-0.008,0.002
1447807,0,0,1.57,0,0,0.006,0,0.006,0.001,-0.003,0.007,-0.003,0.003,0,0,2,-0.003,0.003
1447817,0,0,1.57,0,0,0.005,0,0.007,0,0,0.004,0.001,0.001,0,0,2,0.001,0.001
1447827,0,0,1.57,0,0,0,0,0,0,0.001,0.002,0.001,0,0,0,2,0.001,0
1447837,0,0,1.57,0,0,0,0,0,0,0,0.001,0,0,0,0,2,0,0
1447847,0,0,1.57,0,0,0,0,0,0,0,0.001,0,0,0,0,2,0,0
1447857,0,0,1.57,0,0,0,0,0,0,0,0.001,0,0,0,0,2,0,0
1447867,0,0,1.57,0,0,0,0,0,0,0,0.001,0,0,0,0,2,0,0
1447877,0,0,1.57,0,0,0,0,0,0,0,0,0,0,0,0,2,0,0
1447887,0,0,1.57,0,0,0,0,0,0,0,0,0,0,0,0,2,0,0
1447897,0,0,1.57,0,0,0,0,0,0,0,0,0,0,0,0,2,0,0
1447907,0,0,1.57,0,0,0,0,0,0,0,0,0,0,0,0,2,0,0
1447917,0,0,1.57,0,0,0,0,0,0,0,0,0,0,0,0,2,0,0
1447927,0,0,1.57,0,0,0,0,0,0,0,0,0,0,0,0,2,0,0
1447937,0,0,1.57,0,0,0,0,0,0,0,0,0,0,0,0,2,0,0
1447947,0,0,1.57,0,0,0,0,0,0,0,0,0,0,0,0,2,0,0
1447957,0,0,1.57,0,0,0,0,0,0,0,0,0,0,0,0,2,0,0
1447967,0,0,1.57,0,0,0,0,0,0,0,0,0,0,0,0,2,0,0
1447977,0,0,1.57,0,0,0,0,0,0,0,0,0,0,0,0,2,0,0
1447987,0,0,1.57,0,0,0,0,0,0,0,0,0,0,0,0,2,0,0
1447997,0,0,1.57,0,0,0,0,0,0,0,0,0,0,0,0,2,0,0
1448007,0,0,1.57,0,0,0,0,0,0,0,0,0,0,0,0,2,0,0
1448017,0,0,1.57,0,0,0,0,0,0,0,0,0,0,0,0,2,0,0
1448027,0,0,1.57,0,0,0,0,0,0,0,0,0,0,0,0,2,0,0
1448037,0,0,1.57,0,0,0,0,0,0,0,0,0,0,0,0,2,0,0
1448047,0,0,1.57,0,0,0,0,0,0,0,0,0,0,0,0,2,0,0
1448057,0,0,1.57,0,0,0,0,0,0,0,0,0,0,0,0,2,0,0
1448067,0,0,1.57,0,0,0,0,0,0,0,0,0,0,0,0,2,0,0
1448077,0,0,1.57,0,0,0,0,0,0,0,0,0,0,0,0,2,0,0
1448087,0,0,1.57,0,0,0,0,0,0,0,0,0,0,0,0,2,0,0
1448097,0,0,1.57,0,0,0,0,0,0,0,0,0,0,0,0,2,0,0
1448107,0,0,1.57,0,0,0,0,0,0,0,0,0,0,0,0,2,0,0
1448117,0,0,1.57,0,0,0,0,0,0,0,0,0,0,0,0,2,0,0
1448127,0,0,1.57,0,0,0,0,0,0,0,0,0,0,0,0,2,0,0
1448137,0,0,1.57,0,0,0,0,0,0,0,0,0,0,0,0,2,0,0
1448147,0,0,1.57,0,0,0,0,0,0,0,0,0,0,0,0,2,0,0
1448157,0,0,1.57,0,0,0,0,0,0,0,0,0,0,0,0,2,0,0
1448167,0,0,1.57,0,0,0,0,0,0,0,0,0,0,0,0,2,0,0
1448177,0,0,1.57,0,0,0,0,0,0,0,0,0,0,0,0,2,0,0
1448187,0,0,1.57,0,0,0,0,0,0,0,0,0,0,0,0,2,0,0
1448197,0,0,1.57,0,0,0,0,0,0,0,0,0,0,0,0,2,0,0
1448207,0,0,1.57,0,0,0,0,0,0,0,0,0,0,0,0,2,0,0
1448217,0,0,1.57,0,0,0,0,0,0,0,0,0,0,0,0,2,0,0
1448227,0,0,1.57,0,0,0,0,0,0,0,0,0,0,0,0,2,0,0
1448237,0,0,1.57,0,0,0,0,0,0,0,0,0,0,0,0,2,0,0
1448247,0,0,1.57,0,0,0,0,0,0,0,0,0,0,0,0,2,0,0
1448257,0,0,1.57,0,0,0,0,0,0,0,0,0,0,0,0,2,0,0
1448267,0,0,1.57,0,0,0,0,0,0,0,0,0,0,0,0,2,0,0
1448277,0,0,1.57,0,0,0,0,0,0,0,0,0,0,0,0,2,0,0
1448287,0,0,1.57,0,0,0,0,0,0,0,0,0,0,0,0,2,0,0
1448297,0,0,1.57,0,0,0,0,0,0,0,0,0,0,0,0,2,0,0
1448307,0,0,1.57,0,0,0,0,0,0,0,0,0,0,0,0,2,0,0
1448317,0,0,1.57,0,0,0,0,0,0,0,0,0,0,0,0,2,0,0
1448327,0,0,1.57,0,0,0,0,0,0,0,0,0,0,0,0,2,0,0
1448337,0,0,1.57,0,0,0,0,0,0,0,0,0,0,0,0,2,0,0
1448347,0,0,1.57,0,0,0,0,0,0,0,0,0,0,0,0,2,0,0
1448357,0,0,1.57,0,0,0,0,0,0,0,0,0,0,0,0,2,0,0
1448367,0,0,1.57,0,0,0,0,0,0,0,0,0,0,0,0,2,0,0
1448377,0,0,1.57,0,0,0,0,0,0,0,0,0,0,0,0,2,0,0
1448387,0,0,1.57,0,0,0,0,0,0,0,0,0,0,0,0,2,0,0
1448397,0,0,1.57,0,0,0,0,0,0,0,0,0,0,0,0,2,0,0
1448407,0,0,1.57,0,0,0,0,0,0,0,0,0,0,0,0,2,0,0
1448417,0,0,1.57,0,0,0,0,0,0,0,0,0,0,0,0,2,0,0
1448427,0,0,1.57,0,0,0,0,0,0,0,0,0,0,0,0,2,0,0
1448437,0,0,1.57,0,0,0,0,0,0,0,0,0,0,0,0,2,0,0
1448447,0,0,1.57,0,0,0,0,0,0,0,0,0,0,0,0,2,0,0
1448457,0,0,1.57,0,0,0,0,0,0,0,0,0,0,0,0,2,0,0
1448467,0,0,1.57,0,0,0,0,0,0,0,0,0,0,0,0,2,0,0
1448477,0,0,1.57,0,0,0,0,0,0,0,0,0,0,0,0,2,0,0
1448487,0,0,1.57,0,0,0,0,0,0,0,0,0,0,0,0,2,0,0
1448497,0,0,1.57,0,0,0,0,0,0,0,0,0,0,0,0,2,0,0
1448507,0,0,1.57,0,0,0,0,0,0,0,0,0,0,0,0,2,0,0
1448517,0,0,1.57,0,0,0,0,0,0,0,0,0,0,0,0,2,0,0
1448527,0,0,1.57,0,0,0,0,0,0,0,0,0,0,0,0,2,0,0
1448537,0,0,1.57,0,0,0,0,0,0,0,0,0,0,0,0,2,0,0
1448547,0,0,1.57,0,0,0,0,0,0,0,0,0,0,0,0,2,0,0
1448557,0,0,1.57,0,0,0,0,0,0,0,0,0,0,0,0,2,0,0
1448567,0,0,1.57,0,0,0,0,0,0,0,0,0,0,0,0,2,0,0
1448577,0,0,1.57,0,0,0,0,0,0,0,0,0,0,0,0,2,0,0
1448587,0,0,1.57,0,0,0,0,0,0,0,0,0,0,0,0,2,0,0
1448597,0,0,1.57,0,0,0,0,0,0,0,0,0,0,0,0,2,0,0
1448607,0,0,1.57,0,0,0,0,0,0,0,0,0,0,0,0,2,0,0
1448617,0,0,1.57,0,0,0,0,0,0,0,0,0,0,0,0,2,0,0
1448627,0,0,1.57,0,0,0,0,0,0,0,0,0,0,0,0,2,0,0
1448637,0,0,1.57,0,0,0,0,0,0,0,0,0,0,0,0,2,0,0
1448647,0,0,1.57,0,0,0,0,0,0,0,0,0,0,0,0,2,0,0
1448657,0,0,1.57,0,0,0,0,0,0,0,0,0,0,0,0,2,0,0
1448667,0,0,1.57,0,0,0,0,0,0,0,0,0,0,0,0,2,0,0
1448677,0,0,1.57,0,0,0,0,0,0,0,0,0,0,0,0,2,0,0
1448687,0,0,1.57,0,0,0,0,0,0,0,0,0,0,0,0,2,0,0
1448697,0,0,1.57,0,0,0,0,0,0,0,0,0,0,0,0,2,0,0
1448707,0,0,1.57,0,0,0,0,0,0,0,0,0,0,0,0,2,0,0
1448717,0,0,1.57,0,0,0,0,0,0,0,0,0,0,0,0,2,0,0
1448727,0,0,1.57,0,0,0,0,0,0,0,0,0,0,0,0,2,0,0
1448737,0,0,1.57,0,0,0,0,0,0,0,0,0,0,0,0,2,0,0
1448747,0,0,1.57,0,0,0,0,0,0,0,0,0,0,0,0,2,0,0
1448757,0,0,1.57,0,0,0,0,0,0,0,0,0,0,0,0,2,0,0
1448767,0,0,1.57,0,0,0,0,0,0,0,0,0,0,0,0,2,0,0
1448777,0,0,1.57,0,0,0,0,0,0,0,0,0,0,0,0,2,0,0
1448787,0,0,1.57,0,0,0,0,0,0,0,0,0,0,0,0,2,0,0
1448797,0,0,1.57,0,0,0,0,0,0,0,0,0,0,0,0,2,0,0
1448807,0,0,1.57,0,0,0,0,0,0,0,0,0,0,0,0,2,0,0
1448817,0,0,1.57,0,0,0,0,0,0,0,0,0,0,0,0,2,0,0
1448827,0,0,1.57,0,0,0,0,0,0,0,0,0,0,0,0,2,0,0
1448837,0,0,1.57,0,0,0,0,0,0,0,0,0,0,0,0,2,0,0
1448847,0,0,1.57,0,0,0,0,0,0,0,0,0,0,0,0,2,0,0
1448857,0,0,1.57,0,0,0,0,0,0,0,0,0,0,0,0,2,0,0
1448867,0,0,1.57,0,0,0,0,0,0,0,0,0,0,0,0,2,0,0
1448877,0,0,1.57,0,0,0,0,0,0,0,0,0,0,0,0,2,0,0
1448887,0,0,1.57,0,0,0,0,0,0,0,0,0,0,0,0,2,0,0
1448897,0,0,1.57,0,0,0,0,0,0,0,0,0,0,0,0,2,0,0
1448907,0,0,1.57,0,0,0,0,0,0,0,0,0,0,0,0,2,0,0
1448917,0,0,1.57,0,0,0,0,0,0,0,0,0,0,0,0,2,0,0
1448927,0,0,1.57,0,0,0,0,0,0,0,0,0,0,0,0,2,0,0
1448937,0,0,1.57,0,0,0,0,0,0,0,0,0,0,0,0,2,0,0
1448947,0,0,1.57,0,0,0,0,0,0,0,0,0,0,0,0,2,0,0
1448957,0,0,1.57,0,0,0,0,0,0,0,0,0,0,0,0,2,0,0
1448967,0,0,1.57,0,0,0,0,0,0,0,0,0,0,0,0,2,0,0
1448977,0,0,1.57,0,0,0,0,0,0,0,0,0,0,0,0,2,0,0
1448987,0,0,1.57,0,0,0,0,0,0,0,0,0,0,0,0,2,0,0
1448997,0,0,1.57,0,0,0,0,0,0,0,0,0,0,0,0,2,0,0
1449007,0,0,1.57,0,0,0,0,0,0,0,0,0,0,0,0,2,0,0
1449017,0,0,1.57,0,0,0,0,0,0,0,0,0,0,0,0,2,0,0
1449027,0,0,1.57,0,0,0,0,0,0,0,0,0,0,0,0,2,0,0
1449037,0,0,1.57,0,0,0,0,0,0,0,0,0,0,0,0,2,0,0
1449047,0,0,1.57,0,0,0,0,0,0,0,0,0,0,0,0,2,0,0
1449057,0,0,1.57,0,0,0,0,0,0,0,0,0,0,0,0,2,0,0
1449067,0,0,1.57,0,0,0,0,0,0,0,0,0,0,0,0,2,0,0
1449077,0,0,1.57,0,0,0,0,0,0,0,0,0,0,0,0,2,0,0
1449087,0,0,1.57,0,0,0,0,0,0,0,0,0,0,0,0,2,0,0
1449097,0,0,1.57,0,0,0,0,0,0,0,0,0,0,0,0,2,0,0
1449107,0,0,1.57,0,0,0,0,0,0,0,0,0,0,0,0,2,0,0
1449117,0,0,1.57,0,0,0,0,0,0,0,0,0,0,0,0,2,0,0
1449127,0,0,1.57,0,0,0,0,0,0,0,0,0,0,0,0,2,0,0
1449137,0,0,1.57,0,0,0,0,0,0,0,0,0,0,0,0,2,0,0
1449147,0,0,1.57,0,0,0,0,0,0,0,0,0,0,0,0,2,0,0
1449158,0,0,1.57,0,0,0,0,0,0,0,0,0,0,0,0,2,0,0
1449167,0,0,1.57,0,0,0,0,0,0,0,0,0,0,0,0,2,0,0
1449177,0,0,1.57,0,0,0,0,0,0,0,0,0,0,0,0,2,0,0
1449187,0,0,1.57,0,0,0,0,0,0,0,0,0,0,0,0,2,0,0
1449198,0,0,1.57,0,0,0,0,0,0,0,0,0,0,0,0,2,0,0
1449207,0,0,1.57,0,0,0,0,0,0,0,0,0,0,0,0,2,0,0
1449217,0,0,1.57,0,0,0,0,0,0,0,0,0,0,0,0,2,0,0
1449227,0,0,1.57,0,0,0,0,0,0,0,0,0,0,0,0,2,0,0
1449237,0,0,1.57,0,0,0,0,0,0,0,0,0,0,0,0,2,0,0
1449247,0,0,1.57,0,0,0,0,0,0,0,0,0,0,0,0,2,0,0
1449257,0,0,1.57,0,0,0,0,0,0,0,0,0,0,0,0,2,0,0
1449267,0,0,1.57,0,0,0,0,0,0,0,0,0,0,0,0,2,0,0
1449277,0,0,1.57,0,0,0,0,0,0,0,0,0,0,0,0,2,0,0
1449287,0,0,1.57,0,0,0,0,0,0,0,0,0,0,0,0,2,0,0
1449297,0,0,1.57,0,0,0,0,0,0,0,0,0,0,0,0,2,0,0
1449307,0,0,1.57,0,0,0,0,0,0,0,0,0,0,0,0,2,0,0
1449317,0,0,1.57,0,0,0,0,0,0,0,0,0,0,0,0,2,0,0
1449327,0,0,1.57,0,0,0,0,0,0,0,0,0,0,0,0,2,0,0
1449337,0,0,1.57,0,0,0,0,0,0,0,0,0,0,0,0,2,0,0
1449347,0,0,1.57,0,0,0,0,0,0,0,0,0,0,0,0,2,0,0
1449357,0,0,1.57,0,0,0,0,0,0,0,0,0,0,0,0,2,0,0
1449367,0,0,1.57,0,0,0,0,0,0,0,0,0,0,0,0,2,0,0
1449377,0,0,1.57,0,0,0,0,0,0,0,0,0,0,0,0,2,0,0
1449387,0,0,1.57,0,0,0,0,0,0,0,0,0,0,0,0,2,0,0
1449397,0,0,1.57,0,0,0,0,0,0,0,0,0,0,0,0,2,0,0
1449407,0,0,1.57,0,0,0,0,0,0,0,0,0,0,0,0,2,0,0
1449417,0,0,1.57,0,0,0,0,0,0,0,0,0,0,0,0,2,0,0
1449427,0,0,1.57,0,0,0,0,0,0,0,0,0,0,0,0,2,0,0
1449437,0,0,1.57,0,0,0,0,0,0,0,0,0,0,0,0,2,0,0
1449447,0,0,1.57,0,0,0,0,0,0,0,0,0,0,0,0,2,0,0
1449457,0,0,1.57,0,0,0,0,0,0,0,0,0,0,0,0,2,0,0
1449467,0,0,1.57,0,0,0,0,0,0,0,0,0,0,0,0,2,0,0
1449477,0,0,1.57,0,0,0,0,0,0,0,0,0,0,0,0,2,0,0
1449487,0,0,1.57,0,0,0,0,0,0,0,0,0,0,0,0,2,0,0
1449497,0,0,1.57,0,0,0,0,0,0,0,0,0,0,0,0,2,0,0
1449507,0,0,1.57,0,0,0,0,0,0,0,0,0,0,0,0,2,0,0
1449517,0,0,1.57,0,0,0,0,0,0,0,0,0,0,0,0,2,0,0
1449527,0,0,1.57,0,0,0,0,0,0,0,0,0,0,0,0,2,0,0
1449537,0,0,1.57,0,0,0,0,0,0,0,0,0,0,0,0,2,0,0
1449547,0,0,1.57,0,0,0,0,0,0,0,0,0,0,0,0,2,0,0
1449557,0,0,1.57,0,0,0,0,0,0,0,0,0,0,0,0,2,0,0
1449567,0,0,1.57,0,0,0,0,0,0,0,0,0,0,0,0,2,0,0
1449577,0,0,1.57,0,0,0,0,0,0,0,0,0,0,0,0,2,0,0
1449587,0,0,1.57,0,0,0,0,0,0,0,0,0,0,0,0,2,0,0
1449597,0,0,1.57,0,0,0,0,0,0,0,0,0,0,0,0,2,0,0
1449607,0,0,1.57,0,0,0,0,0,0,0,0,0,0,0,0,2,0,0
1449617,0,0,1.57,0,0,0,0,0,0,0,0,0,0,0,0,2,0,0
1449627,0,0,1.57,0,0,0,0,0,0,0,0,0,0,0,0,2,0,0
1449637,0,0,1.57,0,0,0,0,0,0,0,0,0,0,0,0,2,0,0
1449647,0,0,1.57,0,0,0,0,0,0,0,0,0,0,0,0,2,0,0
1449657,0,0,1.57,0,0,0,0,0,0,0,0,0,0,0,0,2,0,0
1449667,0,0,1.57,0,0,0,0,0,0,0,0,0,0,0,0,2,0,0
1449677,0,0,1.57,0,0,0,0,0,0,0,0,0,0,0,0,2,0,0
1449687,0,0,1.57,0,0,0,0,0,0,0,0,0,0,0,0,2,0,0
1449697,0,0,1.57,0,0,0,0,0,0,0,0,0,0,0,0,2,0,0
1449707,0,0,1.57,0,0,0,0,0,0,0,0,0,0,0,0,2,0,0
1449717,0,0,1.57,0,0,0,0,0,0,0,0,0,0,0,0,2,0,0
1449727,0,0,1.57,0,0,0,0,0,0,0,0,0,0,0,0,2,0,0
1449737,0,0,1.57,0,0,0,0,0,0,0,0,0,0,0,0,2,0,0
1449747,0,0,1.57,0,0,0,0,0,0,0,0,0,0,0,0,2,0,0
1449757,0,0,1.57,0,0,0,0,0,0,0,0,0,0,0,0,2,0,0
1449767,0,0,1.57,0,0,0,0,0,0,0,0,0,0,0,0,2,0,0
1449779,0,0,1.57,0,0,0,0,0,0,0,0,0,0,0,0,2,0,0
1449788,0,0,1.57,0,0,0,0,0,0,0,0,0,0,0,0,2,0,0
1449797,0,0,1.57,0,0,0,0,0,0,0,0,0,0,0,0,2,0,0
1449807,0,0,1.57,0,0,0,0,0,0,0,0,0,0,0,0,2,0,0
1449817,0,0,1.57,0,0,0,0,0,0,0,0,0,0,0,0,2,0,0
1449828,0,0,1.57,0,0,0,0,0,0,0,0,0,0,0,0,2,0,0
1449837,0,0,1.57,0,0,0,0,0,0,0,0,0,0,0,0,2,0,0
1449847,0,0,1.57,0,0,0,0,0,0,0,0,0,0,0,0,2,0,0
1449857,0,0,1.57,0,0,0,0,0,0,0,0,0,0,0,0,2,0,0
1449867,0,0,1.57,0,0,0,0,0,0,0,0,0,0,0,0,2,0,0
1449877,0,0,1.57,0,0,0,0,0,0,0,0,0,0,0,0,2,0,0
1449887,0,0,1.57,0,0,0,0,0,0,0,0,0,0,0,0,2,0,0
1449897,0,0,1.57,0,0,0,0,0,0,0,0,0,0,0,0,2,0,0
1449907,0,0,1.57,0,0,0,0,0,0,0,0,0,0,0,0,2,0,0
1449917,0,0,1.57,0,0,0,0,0,0,0,0,0,0,0,0,2,0,0
1449927,0,0,1.57,0,0,0,0,0,0,0,0,0,0,0,0,2,0,0
1449937,0,0,1.57,0,0,0,0,0,0,0,0,0,0,0,0,2,0,0
1449947,0,0,1.57,0,0,0,0,0,0,0,0,0,0,0,0,2,0,0
1449957,0,0,1.57,0,0,0,0,0,0,0,0,0,0,0,0,2,0,0
1449967,0,0,1.57,0,0,0,0,0,0,0,0,0,0,0,0,2,0,0
1449977,0,0,1.57,0,0,0,0,0,0,0,0,0,0,0,0,2,0,0
1449987,0,0,1.57,0,0,0,0,0,0,0,0,0,0,0,0,2,0,0
1449997,0,0,1.57,0,0,0,0,0,0,0,0,0,0,0,0,2,0,0
1450007,0,0,1.57,0,0,0,0,0,0,0,0,0,0,0,0,2,0,0
1450017,0,0,1.57,0,0,0,0,0,0,0,0,0,0,0,0,2,0,0
1450027,0,0,1.57,0,0,0,0,0,0,0,0,0,0,0,0,2,0,0
1450037,0,0,1.57,0,0,0,0,0,0,0,0,0,0,0,0,2,0,0
1450047,0,0,1.57,0,0,0,0,0,0,0,0,0,0,0,0,2,0,0
1450057,0,0,1.57,0,0,0,0,0,0,0,0,0,0,0,0,2,0,0
1450067,0,0,1.57,0,0,0,0,0,0,0,0,0,0,0,0,2,0,0
1450077,0,0,1.57,0,0,0,0,0,0,0,0,0,0,0,0,2,0,0
1450089,0,0,1.57,0,0,0,0,0,0,0,0,0,0,0,0,2,0,0
1450097,0,0,1.57,0,0,0,0,0,0,0,0,0,0,0,0,2,0,0
1450107,0,0,1.57,0,0,0,0,0,0,0,0,0,0,0,0,2,0,0
1450117,0,0,1.57,0,0,0,0,0,0,0,0,0,0,0,0,2,0,0
1450127,0,0,1.57,0,0,0,0,0,0,0,0,0,0,0,0,2,0,0
1450137,0,0,1.57,0,0,0,0,0,0,0,0,0,0,0,0,2,0,0
1450147,0,0,1.57,0,0,0,0,0,0,0,0,0,0,0,0,2,0,0
1450157,0,0,1.57,0,0,0,0,0,0,0,0,0,0,0,0,2,0,0
1450167,0,0,1.57,0,0,0,0,0,0,0,0,0,0,0,0,2,0,0
1450177,0,0,1.57,0,0,0,0,0,0,0,0,0,0,0,0,2,0,0
1450187,0,0,1.57,0,0,0,0,0,0,0,0,0,0,0,0,2,0,0
1450197,0,0,1.57,0,0,0,0,0,0,0,0,0,0,0,0,2,0,0
1450207,0,0,1.57,0,0,0,0,0,0,0,0,0,0,0,0,2,0,0
1450217,0,0,1.57,0,0,0,0,0,0,0,0,0,0,0,0,2,0,0
1450227,0,0,1.57,0,0,0,0,0,0,0,0,0,0,0,0,2,0,0
1450237,0,0,1.57,0,0,0,0,0,0,0,0,0,0,0,0,2,0,0
1450247,0,0,1.57,0,0,0,0,0,0,0,0,0,0,0,0,2,0,0
1450257,0,0,1.57,0,0,0,0,0,0,0,0,0,0,0,0,2,0,0
1450267,0,0,1.57,0,0,0,0,0,0,0,0,0,0,0,0,2,0,0
1450277,0,0,1.57,0,0,0,0,0,0,0,0,0,0,0,0,2,0,0
1450293,0,0,1.57,0,0,0,0,0,0,0,0,0,0,0,0,2,0,0
1450297,0,0,1.57,0,0,0,0,0,0,0,0,0,0,0,0,2,0,0
1450307,0,0,1.57,0,0,0,0,0,0,0,0,0,0,0,0,2,0,0
1450317,0,0,1.57,0,0,0,0,0,0,0,0,0,0,0,0,2,0,0
1450327,0,0,1.57,0,0,0,0,0,0,0,0,0,0,0,0,2,0,0
1450337,0,0,1.57,0,0,0,0,0,0,0,0,0,0,0,0,2,0,0
1450347,0,0,1.57,0,0,0,0,0,0,0,0,0,0,0,0,2,0,0
1450358,0,0,1.57,0,0,0,0,0,0,0,0,0,0,0,0,2,0,0
1450367,0,0,1.57,0,0,0,0,0,0,0,0,0,0,0,0,2,0,0
1450377,0,0,1.57,0,0,0,0,0,0,0,0,0,0,0,0,2,0,0
1450389,0,0,1.57,0,0,0,0,0,0,0,0,0,0,0,0,2,0,0
1450397,0,0,1.57,0,0,0,0,0,0,0,0,0,0,0,0,2,0,0
1450407,0,0,1.57,0,0,0,0,0,0,0,0,0,0,0,0,2,0,0
1450417,0,0,1.57,0,0,0,0,0,0,0,0,0,0,0,0,2,0,0
1450427,0,0,1.57,0,0,0,0,0,0,0,0,0,0,0,0,2,0,0
1450437,0,0,1.57,0,0,0,0,0,0,0,0,0,0,0,0,2,0,0
1450447,0,0,1.57,0,0,0,0,0,0,0,0,0,0,0,0,2,0,0
1450457,0,0,1.57,0,0,0,0,0,0,0,0,0,0,0,0,2,0,0
1450467,0,0,1.57,0,0,0,0,0,0,0,0,0,0,0,0,2,0,0
1450477,0,0,1.57,0,0,0,0,0,0,0,0,0,0,0,0,2,0,0
1450490,0,0,1.57,0,0,0,0,0,0,0,0,0,0,0,0,2,0,0
1450497,0,0,1.57,0,0,0,0,0,0,0,0,0,0,0,0,2,0,0
1450507,0,0,1.57,0,0,0,0,0,0,0,0,0,0,0,0,2,0,0
1450517,0,0,1.57,0,0,0,0,0,0,0,0,0,0,0,0,2,0,0
1450527,0,0,1.57,0,0,0,0,0,0,0,0,0,0,0,0,2,0,0
1450537,0,0,1.57,0,0,0,0,0,0,0,0,0,0,0,0,2,0,0
1450547,0,0,1.57,0,0,0,0,0,0,0,0,0,0,0,0,2,0,0
1450557,0,0,1.57,0,0,0,0,0,0,0,0,0,0,0,0,2,0,0
1450567,0,0,1.57,0,0,0,0,0,0,0,0,0,0,0,0,2,0,0
1450577,0,0,1.57,0,0,0,0,0,0,0,0,0,0,0,0,2,0,0
1450587,0,0,1.57,0,0,0,0,0,0,0,0,0,0,0,0,2,0,0
1450597,0,0,1.57,0,0,0,0,0,0,0,0,0,0,0,0,2,0,0
1450607,0,0,1.57,0,0,0,0,0,0,0,0,0,0,0,0,2,0,0
1450617,0,0,1.57,0,0,0,0,0,0,0,0,0,0,0,0,2,0,0
1450627,0,0,1.57,0,0,0,0,0,0,0,0,0,0,0,0,2,0,0
1450638,0,0,1.57,0,0,0,0,0,0,0,0,0,0,0,0,2,0,0
1450647,0,0,1.57,0,0,0,0,0,0,0,0,0,0,0,0,2,0,0
1450657,0,0,1.57,0,0,0,0,0,0,0,0,0,0,0,0,2,0,0
1450667,0,0,1.57,0,0,0,0,0,0,0,0,0,0,0,0,2,0,0
1450678,0,0,1.57,0,0,0,0,0,0,0,0,0,0,0,0,2,0,0
1450687,0,0,1.57,0,0,0,0,0,0,0,0,0,0,0,0,2,0,0
1450697,0,0,1.57,0,0,0,0,0,0,0,0,0,0,0,0,2,0,0
1450707,0,0,1.57,0,0,0,0,0,0,0,0,0,0,0,0,2,0,0
1450717,0,0,1.57,0,0,0,0,0,0,0,0,0,0,0,0,2,0,0
1450727,0,0,1.57,0,0,0,0,0,0,0,0,0,0,0,0,2,0,0
1450737,0,0,1.57,0,0,0,0,0,0,0,0,0,0,0,0,2,0,0
1450747,0,0,1.57,0,0,0,0,0,0,0,0,0,0,0,0,2,0,0
1450757,0,0,1.57,0,0,0,0,0,0,0,0,0,0,0,0,2,0,0
1450767,0,0,1.57,0,0,0,0,0,0,0,0,0,0,0,0,2,0,0
1450777,0,0,1.57,0,0,0,0,0,0,0,0,0,0,0,0,2,0,0
1450787,0,0,1.57,0,0,0,0,0,0,0,0,0,0,0,0,2,0,0
1450797,0,0,1.57,0,0,0,0,0,0,0,0,0,0,0,0,2,0,0
1450807,0,0,1.57,0,0,0,0,0,0,0,0,0,0,0,0,2,0,0
1450817,0,0,1.57,0,0,0,0,0,0,0,0,0,0,0,0,2,0,0
1450827,0,0,1.57,0,0,0,0,0,0,0,0,0,0,0,0,2,0,0
1450838,0,0,1.57,0,0,0,0,0,0,0,0,0,0,0,0,2,0,0
1450847,0,0,1.57,0,0,0,0,0,0,0,0,0,0,0,0,2,0,0
1450857,0,0,1.57,0,0,0,0,0,0,0,0,0,0,0,0,2,0,0
1450867,0,0,1.57,0,0,0,0,0,0,0,0,0,0,0,0,2,0,0
1450878,0,0,1.57,0,0,0,0,0,0,0,0,0,0,0,0,2,0,0
1450887,0,0,1.57,0,0,0,0,0,0,0,0,0,0,0,0,2,0,0
1450897,0,0,1.57,0,0,0,0,0,0,0,0,0,0,0,0,2,0,0
1450907,0,0,1.57,0,0,0,0,0,0,0,0,0,0,0,0,2,0,0
1450917,0,0,1.57,0,0,0,0,0,0,0,0,0,0,0,0,2,0,0
1450927,0,0,1.57,0,0,0,0,0,0,0,0,0,0,0,0,2,0,0
1450938,0,0,1.57,0,0,0,0,0,0,0,0,0,0,0,0,2,0,0
1450947,0,0,1.57,0,0,0,0,0,0,0,0,0,0,0,0,2,0,0
1450957,0,0,1.57,0,0,0,0,0,0,0,0,0,0,0,0,2,0,0
1450967,0,0,1.57,0,0,0,0,0,0,0,0,0,0,0,0,2,0,0
1450977,0,0,1.57,0,0,0,0,0,0,0,0,0,0,0,0,2,0,0
1450987,0,0,1.57,0,0,0,0,0,0,0,0,0,0,0,0,2,0,0
1450997,0,0,1.57,0,0,0,0,0,0,0,0,0,0,0,0,2,0,0
1451007,0,0,1.57,0,0,0,0,0,0,0,0,0,0,0,0,2,0,0
1451017,0,0,1.57,0,0,0,0,0,0,0,0,0,0,0,0,2,0,0
1451027,0,0,1.57,0,0,0,0,0,0,0,0,0,0,0,0,2,0,0
1451037,0,0,1.57,0,0,0,0,0,0,0,0,0,0,0,0,2,0,0
1451047,0,0,1.57,0,0,0,0,0,0,0,0,0,0,0,0,2,0,0
1451057,0,0,1.57,0,0,0,0,0,0,0,0,0,0,0,0,2,0,0
1451067,0,0,1.57,0,0,0,0,0,0,0,0,0,0,0,0,2,0,0
1451077,0,0,1.57,0,0,0,0,0,0,0,0,0,0,0,0,2,0,0
1451087,0,0,1.57,0,0,0,0,0,0,0,0,0,0,0,0,2,0,0
1451097,0,0,1.57,0,0,0,0,0,0,0,0,0,0,0,0,2,0,0
1451107,0,0,1.57,0,0,0,0,0,0,0,0,0,0,0,0,2,0,0
1451117,0,0,1.57,0,0,0,0,0,0,0,0,0,0,0,0,2,0,0
1451127,0,0,1.57,0,0,0,0,0,0,0,0,0,0,0,0,2,0,0
1451138,0,0,1.57,0,0,0,0,0,0,0,0,0,0,0,0,2,0,0
1451147,0,0,1.57,0,0,0,0,0,0,0,0,0,0,0,0,2,0,0
1451158,0,0,1.57,0,0,0,0,0,0,0,0,0,0,0,0,2,0,0
1451167,0,0,1.57,0,0,0,0,0,0,0,0,0,0,0,0,2,0,0
1451177,0,0,1.57,0,0,0,0,0,0,0,0,0,0,0,0,2,0,0
1451188,0,0,1.57,0,0,0,0,0,0,0,0,0,0,0,0,2,0,0
1451199,0,0,1.57,0,0,0,0,0,0,0,0,0,0,0,0,2,0,0
1451207,0,0,1.57,0,0,0,0,0,0,0,0,0,0,0,0,2,0,0
1451217,0,0,1.57,0,0,0,0,0,0,0,0,0,0,0,0,2,0,0
1451227,0,0,1.57,0,0,0,0,0,0,0,0,0,0,0,0,2,0,0
1451237,0,0,1.57,0,0,0,0,0,0,0,0,0,0,0,0,2,0,0
1451247,0,0,1.57,0,0,0,0,0,0,0,0,0,0,0,0,2,0,0
1451257,0,0,1.57,0,0,0,0,0,0,0,0,0,0,0,0,2,0,0
1451267,0,0,1.57,0,0,0,0,0,0,0,0,0,0,0,0,2,0,0
1451277,0,0,1.57,0,0,0,0,0,0,0,0,0,0,0,0,2,0,0
1451287,0,0,1.57,0,0,0,0,0,0,0,0,0,0,0,0,2,0,0
1451296,0,0,1.57,0,0,0,0,0,0,0,0,0,0,0,0,2,0,0
1451307,0,0,1.57,0,0,0,0,0,0,0,0,0,0,0,0,2,0,0
1451316,0,0,1.57,0,0,0,0,0,0,0,0,0,0,0,0,2,0,0
1451326,0,0,1.57,0,0,0,0,0,0,0,0,0,0,0,0,2,0,0
1451336,0,0,1.57,0,0,0,0,0,0,0,0,0,0,0,0,2,0,0
1451346,0,0,1.57,0,0,0,0,0,0,0,0,0,0,0,0,2,0,0
1451356,0,0,1.57,0,0,0,0,0,0,0,0,0,0,0,0,2,0,0
1451366,0,0,1.57,0,0,0,0,0,0,0,0,0,0,0,0,2,0,0
1451376,0,0,1.57,0,0,0,0,0,0,0,0,0,0,0,0,2,0,0
1451386,0,0,1.57,0,0,0,0,0,0,0,0,0,0,0,0,2,0,0
1451396,0,0,1.57,0,0,0,0,0,0,0,0,0,0,0,0,2,0,0
1451406,0,0,1.57,0,0,0,0,0,0,0,0,0,0,0,0,2,0,0
1451416,0,0,1.57,0,0,0,0,0,0,0,0,0,0,0,0,2,0,0
1451426,0,0,1.57,0,0,0,0,0,0,0,0,0,0,0,0,2,0,0
1451436,0,0,1.57,0,0,0,0,0,0,0,0,0,0,0,0,2,0,0
1451446,0,0,1.57,0,0,0,0,0,0,0,0,0,0,0,0,2,0,0
1451456,0,0,1.57,0,0,0,0,0,0,0,0,0,0,0,0,2,0,0
1451466,0,0,1.57,0,0,0,0,0,0,0,0,0,0,0,0,2,0,0
1451476,0,0,1.57,0,0,0,0,0,0,0,0,0,0,0,0,2,0,0
1451486,0,0,1.57,0,0,0,0,0,0,0,0,0,0,0,0,2,0,0
1451496,0,0,1.57,0,0,0,0,0,0,0,0,0,0,0,0,2,0,0
1451506,0,0,1.57,0,0,0,0,0,0,0,0,0,0,0,0,2,0,0
1451516,0,0,1.57,0,0,0,0,0,0,0,0,0,0,0,0,2,0,0
1451526,0,0,1.57,0,0,0,0,0,0,0,0,0,0,0,0,2,0,0
1451536,0,0,1.57,0,0,0,0,0,0,0,0,0,0,0,0,2,0,0
1451546,0,0,1.57,0,0,0,0,0,0,0,0,0,0,0,0,2,0,0
1451556,0,0,1.57,0,0,0,0,0,0,0,0,0,0,0,0,2,0,0
1451566,0,0,1.57,0,0,0,0,0,0,0,0,0,0,0,0,2,0,0
1451576,0,0,1.57,0,0,0,0,0,0,0,0,0,0,0,0,2,0,0
1451586,0,0,1.57,0,0,0,0,0,0,0,0,0,0,0,0,2,0,0
1451596,0,0,1.57,0,0,0,0,0,0,0,0,0,0,0,0,2,0,0
1451606,0,0,1.57,0,0,0,0,0,0,0,0,0,0,0,0,2,0,0
1451616,0,0,1.57,0,0,0,0,0,0,0,0,0,0,0,0,2,0,0
1451626,0,0,1.57,0,0,0,0,0,0,0,0,0,0,0,0,2,0,0
1451637,0,0,1.57,0,0,0,0,0,0,0,0,0,0,0,0,2,0,0
1451646,0,0,1.57,0,0,0,0,0,0,0,0,0,0,0,0,2,0,0
1451656,0,0,1.57,0,0,0,0,0,0,0,0,0,0,0,0,2,0,0
1451666,0,0,1.57,0,0,0,0,0,0,0,0,0,0,0,0,2,0,0
1451677,0,0,1.57,0,0,0,0,0,0,0,0,0,0,0,0,2,0,0
1451686,0,0,1.57,0,0,0,0,0,0,0,0,0,0,0,0,2,0,0
1451696,0,0,1.57,0,0,0,0,0,0,0,0,0,0,0,0,2,0,0
1451706,0,0,1.57,0,0,0,0,0,0,0,0,0,0,0,0,2,0,0
1451717,0,0,1.57,0,0,0,0,0,0,0,0,0,0,0,0,2,0,0
1451726,0,0,1.57,0,0,0,0,0,0,0,0,0,0,0,0,2,0,0
1451736,0,0,1.57,0,0,0,0,0,0,0,0,0,0,0,0,2,0,0
1451746,0,0,1.57,0,0,0,0,0,0,0,0,0,0,0,0,2,0,0
1451756,0,0,1.57,0,0,0,0,0,0,0,0,0,0,0,0,2,0,0
1451766,0,0,1.57,0,0,0,0,0,0,0,0,0,0,0,0,2,0,0
1451776,0,0,1.57,0,0,0,0,0,0,0,0,0,0,0,0,2,0,0
1451786,0,0,1.57,0,0,0,0,0,0,0,0,0,0,0,0,2,0,0
1451796,0,0,1.57,0,0,0,0,0,0,0,0,0,0,0,0,2,0,0
1451806,0,0,1.57,0,0,0,0,0,0,0,0,0,0,0,0,2,0,0
1451816,0,0,1.57,0,0,0,0,0,0,0,0,0,0,0,0,2,0,0
1451826,0,0,1.57,0,0,0,0,0,0,0,0,0,0,0,0,2,0,0
1451836,0,0,1.57,0,0,0,0,0,0,0,0,0,0,0,0,2,0,0
1451846,0,0,1.57,0,0,0,0,0,0,0,0,0,0,0,0,2,0,0
1451856,0,0,1.57,0,0,0,0,0,0,0,0,0,0,0,0,2,0,0
1451866,0,0,1.57,0,0,0,0,0,0,0,0,0,0,0,0,2,0,0
1451877,0,0,1.57,0,0,0,0,0,0,0,0,0,0,0,0,2,0,0
1451886,0,0,1.57,0,0,0,0,0,0,0,0,0,0,0,0,2,0,0
