time_ms,target_vx,target_vy,target_vr,planned_vx,planned_vy,optflow_body_vx,optflow_body_vy,optflow_kf_vx,optflow_kf_vy,wheel_chassis_vx,wheel_chassis_vy,fused_chassis_vx,fused_chassis_vy,raw_vision_vel_x,raw_vision_vel_y,vision_source,odom_vx,odom_vy
11647,0,0,0,0,0,0,0,0,0,0,0,0,0,0,0,0,0,0
11657,0,0,0,0,0,0,0,0,0,0,0,0,0,0,0,0,0,0
11667,0,0,0,0,0,0,0,0,0,0,0,0,0,0,0,0,0,0
11677,0,0,0,0,0,0,0,0,0,0.001,-0.001,0,0,0,0,0,0,0
11687,0,0,0,0,0,0,0,0,0,0.001,-0.001,0.001,0,0,0,0,0.001,0
11697,0,0,0,0,0,0,0,0,0,0.001,-0.001,0.001,0,0,0,0,0.001,0
11707,0,0,0,0,0,0,0,0,0,0.002,-0.001,0.001,0,0,0,0,0.001,0
11717,0,0,0,0,0,0,0,0,0,0.002,-0.002,0.001,0,0,0,0,0.001,0
11727,0,0,0,0,0,0,0,0,0,0.004,-0.003,0.002,-0.001,0,0,0,0.002,-0.001
11738,0,0,0,0,0,0,0,0,0,0.007,-0.006,0.003,-0.001,0,0,0,0.003,-0.001
11747,0,0,0,0,0,0,0,0,0,0.01,-0.008,0.005,-0.002,0,0,0,0.005,-0.002
11757,0,0,0,0,0,0,0,0,0,0.011,-0.009,0.007,-0.003,0,0,0,0.007,-0.003
11767,0,0,0,0,0,0,0,0,0,0.01,-0.008,0.006,-0.003,0,0,0,0.006,-0.003
11777,0,0,0,0,0,0,0,0,0,0.009,-0.007,0.005,-0.002,0,0,0,0.005,-0.002
11787,0,0,0,0,0,0,0,0,0,0.009,-0.007,0.004,-0.001,0,0,0,0.004,-0.001
11797,0,0,0,0,0,0,0,0,0,0.009,-0.007,0.005,-0.002,0,0,0,0.005,-0.002
11807,0,0,0,0,0,0,0,0,0,0.009,-0.007,0.005,-0.002,0,0,0,0.005,-0.002
11817,0,0,0,0,0,0,0,0,0,0.009,-0.007,0.004,-0.001,0,0,0,0.004,-0.001
11827,0,0,0,0,0,0,0,0,0,0.01,-0.008,0.004,-0.001,0,0,0,0.004,-0.001
11837,0,0,0,0,0,0,0,0,0,0.01,-0.009,0.006,-0.002,0,0,2,0.006,-0.002
11847,0,0,0,0,0,0,0,0,0,0.008,-0.007,0.006,-0.002,0,0,2,0.006,-0.002
11857,0,0,0,0,0,0,0,0,0,0.005,-0.004,0.003,-0.001,0,0,2,0.003,-0.001
11867,0,0,0,0,0,0,0,0,0,0.003,-0.003,0.001,0,0,0,2,0.001,0
11877,0,0,0,0,0,0,0,0,0,0.003,-0.002,0.001,-0.001,0,0,2,0.001,-0.001
11887,0,0,0,0,0,0,0,0,0,0.002,-0.002,0.001,0,0,0,2,0.001,0
11897,0,0,0,0,0,0,0,0,0,0.003,-0.002,0.002,-0.001,0,0,2,0.002,-0.001
11907,0,0,0,0,0,0,0,0,0,0.004,-0.004,0.002,-0.001,0,0,2,0.002,-0.001
11917,0,0,0,0,0,0,0,0,0,0.006,-0.005,0.002,-0.001,0,0,2,0.002,-0.001
11927,0,0,0,0,0,0,0,0,0,0.006,-0.005,0.004,-0.001,0,0,2,0.004,-0.001
11937,0,0,0,0,0,0,0,0,0,0.006,-0.005,0.003,-0.001,0,0,2,0.003,-0.001
11947,0,0,0,0,0,0,0,0,0,0.007,-0.005,0.003,-0.001,0,0,2,0.003,-0.001
11957,0,0,0,0,0,0,0,0,0,0.008,-0.006,0.004,-0.001,0,0,2,0.004,-0.001
11967,0,0,0,0,0,0,0,0,0,0.007,-0.005,0.003,-0.001,0,0,2,0.003,-0.001
11977,0,0,0,0,0,0,0,0,0.001,0.007,-0.005,0.004,-0.001,0,0,2,0.004,-0.001
11987,0,0,0,0,0,0,0,0,-0.001,0.006,-0.005,0.005,-0.002,0,0,2,0.005,-0.002
11997,0,0,0,0,0,0,0,0,0,0.005,-0.004,0.002,-0.001,0,0,2,0.002,-0.001
12007,0,0,0,0,0,0,0,0,0,0.005,-0.004,0.002,-0.001,0,0,2,0.002,-0.001
12017,0,0,0,0,0,0,0,0,0,0.005,-0.004,0.003,-0.001,0,0,2,0.003,-0.001
12027,0,0,0,0,0,0,0,0,0,0.005,-0.004,0.003,-0.001,0,0,2,0.003,-0.001
12037,0,0,0,0,0,0,0,0,0,0.005,-0.004,0.003,-0.001,0,0,2,0.003,-0.001
12047,0,0,0,0,0,0,0,0,0,0.005,-0.004,0.002,-0.001,0,0,2,0.002,-0.001
12057,0,0,0,0,0,0,0,0,0,0.005,-0.004,0.002,-0.001,0,0,2,0.002,-0.001
12067,0,0,0,0,0,0,0,0,0,0.006,-0.005,0.003,-0.001,0,0,2,0.003,-0.001
12077,0,0,0,0,0,0,0,0,0,0.007,-0.006,0.004,-0.001,0,0,2,0.004,-0.001
12087,0,0,0,0,0,0,0,0,0,0.007,-0.006,0.004,-0.001,0,0,2,0.004,-0.001
12097,0,0,0,0,0,0,0,0,0,0.006,-0.005,0.003,-0.001,0,0,2,0.003,-0.001
12107,0,0,0,0,0,0,0,0,0,0.005,-0.005,0.003,-0.001,0,0,2,0.003,-0.001
12117,0,0,0,0,0,0,0,0,0,0.006,-0.005,0.002,-0.001,0,0,2,0.002,-0.001
12127,0,0,0,0,0,0,0,0,0,0.006,-0.005,0.002,-0.001,0,0,2,0.002,-0.001
12137,0,0,0,0,0,0,0,0,0,0.004,-0.004,0.002,0,0,0,2,0.002,0
12147,0,0,0,0,0,0,0,0,0,0.002,-0.002,0.001,0,0,0,2,0.001,0
12157,0,0,0,0,0,0,0,0,0,0.002,-0.002,0.001,0,0,0,2,0.001,0
12167,0,0,0,0,0,0,0,0,0,0.001,-0.001,0.001,0,0,0,2,0.001,0
12177,0,0,0,0,0,0,0,0,0,0.001,-0.001,0,0,0,0,2,0,0
12187,0,0,0,0,0,0,0,0,0,0.001,-0.001,0,0,0,0,2,0,0
12197,0,0,0,0,0,0,0,0,0,0.001,0,0,0,0,0,2,0,0
12207,0,0,0,0,0,0,0,0,0,0,0,0,0,0,0,2,0,0
12218,0,0,0,0,0,0,0,0,0,0,0,0,0,0,0,2,0,0
12228,0,0,0,0,0,0,0,0,0,0,0,0,0,0,0,2,0,0
12237,0,0,0,0,0,0,0,0,0,0,0,0,0,0,0,2,0,0
12247,0,0,0,0,0,0,0,0,0,0,0,0,0,0,0,2,0,0
12257,0,0,0,0,0,0,0,0,0,0,0,0,0,0,0,2,0,0
12267,0,0,0,0,0,0,0,0,0,0,0,0,0,0,0,2,0,0
12277,0,0,0,0,0,0,0,0,0,0.001,-0.001,0,0,0,0,2,0,0
12289,0,0,0,0,0,0,0,0,0,0.002,-0.002,0.001,0,0,0,2,0.001,0
12297,0,0,0,0,0,0,0,0,0,0.004,-0.003,0.002,-0.001,0,0,2,0.002,-0.001
12307,0,0,0,0,0,0,0,0,0,0.005,-0.004,0.002,-0.001,0,0,2,0.002,-0.001
12317,0,0,0,0,0,0,0,0,0,0.007,-0.006,0.003,-0.001,0,0,2,0.003,-0.001
12327,0,0,0,0,0,0,0,0,0,0.008,-0.007,0.004,-0.001,0,0,2,0.004,-0.001
12337,0,0,0,0,0,0,0,0,0,0.008,-0.006,0.004,-0.001,0,0,2,0.004,-0.001
12347,0,0,0,0,0,0,0,0,0,0.007,-0.005,0.004,-0.001,0,0,2,0.004,-0.001
12357,0,0,0,0,0,0,0,0,0,0.007,-0.006,0.004,-0.001,0,0,2,0.004,-0.001
12367,0,0,0,0,0,0,0,0,0,0.007,-0.005,0.005,-0.002,0,0,2,0.005,-0.002
12377,0,0,0,0,0,0,0,0,0,0.006,-0.005,0.004,-0.002,0,0,2,0.004,-0.002
12389,0,0,0,0,0,0,0,0,0,0.005,-0.004,0.004,-0.002,0,0,2,0.004,-0.002
12397,0,0,0,0,0,0,0,0,0,0.002,-0.002,0.001,0,0,0,2,0.001,0
12407,0,0,0,0,0,0,0,0,0,0.001,-0.001,0.001,0,0,0,2,0.001,0
12417,0,0,0,0,0,0,0,0,0,0.001,-0.001,0.001,0,0,0,2,0.001,0
12427,0,0,0,0,0,0,0,0,0,0.001,0,0,0,0,0,2,0,0
12437,0,0,0,0,0,0,0,0,0,0,0,0,0,0,0,2,0,0
12447,0,0,0,0,0,0,0,0,0,0,0,0,0,0,0,2,0,0
12457,0,0,0,0,0,0,0,0,-0.001,0,0,0,0,0,0,2,0,0
12467,0,0,0,0,0,0,0,0,0,0,0,0,0,0,0,2,0,0
12477,0,0,0,0,0,0,0,0,0,0,0,0,0,0,0,2,0,0
12489,0,0,0,0,0,0,0,0,0,0,0,0,0,0,0,2,0,0
12497,0,0,0,0,0,0,0,0,0,0,0,0,0,0,0,2,0,0
12507,0,0,0,0,0,0,0,0,0,0,0,0,0,0,0,2,0,0
12517,0,0,0,0,0,0,0,0,0,0,0,0,0,0,0,2,0,0
12527,0,0,0,0,0,0,0,0,0,0,0,0,0,0,0,2,0,0
12538,0,0,0,0,0,0,0,0,0,0,0,0,0,0,0,2,0,0
12547,0,0,0,0,0,0,0,0,0,0,0,0,0,0,0,2,0,0
12557,0,0,0,0,0,0,0,0,0.001,0,0,0,0,0,0,2,0,0
12567,0,0,0,0,0,0,0,0,0,0,0,0,0,0,0,2,0,0
12577,0,0,0,0,0,0,0,0,0,0,0,0,0,0,0,2,0,0
12587,0,0,0,0,0,0,0,-0.001,0,0,0,0,0,0,0,2,0,0
12597,0,0,0,0,0,0,0,0,0,-0.001,-0.001,-0.001,0,0,0,2,-0.001,0
12607,0,0,0,0,0,0,0,0,0.001,-0.001,-0.001,-0.001,0,0,0,2,-0.001,0
12617,0,0,0,0,0,0,0,0,0,-0.002,-0.002,-0.001,0,0,0,2,-0.001,0
12628,0,0,0,0,0,0,0,0,0,-0.003,-0.003,-0.002,-0.001,0,0,2,-0.002,-0.001
12637,0,0,0,0,0,0,0,0,0,-0.003,-0.002,-0.002,-0.001,0,0,2,-0.002,-0.001
12647,0,0,0,0,0,0,0,0,0,-0.002,-0.002,-0.001,0,0,0,2,-0.001,0
12657,0,0,0,0,0,0,0,0,0,-0.001,-0.001,-0.001,0,0,0,2,-0.001,0
12667,0,0,0,0,0,0,0,0,0,-0.001,-0.001,-0.001,0,0,0,2,-0.001,0
12677,0,0,0,0,0,0,0,0,0,-0.001,0,0,0,0,0,2,0,0
12687,0,0,0,0,0,0,0,0,0,0,0,0,0,0,0,2,0,0
12697,0,0,0,0,0,0,0,-0.001,0,0,0,0,0,0,0,2,0,0
12707,0,0,0,0,0,0,0,-0.001,0,0,0,0,0,0,0,2,0,0
12717,0,0,0,0,0,0,0,0,0,0,0,0,0,0,0,2,0,0
12727,0,0,0,0,0,0,0,0,0,0,0,0,0,0,0,2,0,0
12737,0,0,0,0,0,0,0,0,0,0,0,0,0,0,0,2,0,0
12747,0,0,0,0,0,0,0,0,0,0,0,0,0,0,0,2,0,0
12757,0,0,0,0,0,0,0,0,0,0,0,0,0,0,0,2,0,0
12767,0,0,0,0,0,0,0,0,0,0,0,0,0,0,0,2,0,0
12777,0,0,0,0,0,0,0,0,0,0,0,0,0,0,0,2,0,0
12787,0,0,0,0,0,0,0,0,0,0,0,0,0,0,0,2,0,0
12797,0,0,0,0,0,0,0,0,0,0,0,0,0,0,0,2,0,0
12807,0,0,0,0,0,0,0,0,0,0,0,0,0,0,0,2,0,0
12817,0,0,0,0,0,0,0,0,0,0,0,0,0,0,0,2,0,0
12827,0,0,0,0,0,0,0,0,0,0,0,0,0,0,0,2,0,0
12837,0,0,0,0,0,0,0,0,0,0,0,0,0,0,0,2,0,0
12847,0,0,0,0,0,0,0,0,0,0,0,0,0,0,0,2,0,0
12857,0,0,0,0,0,0,0,0,0,0.001,-0.001,0.001,0,0,0,2,0.001,0
12867,0,0,0,0,0,0,0,0,0,0.002,-0.002,0.001,-0.001,0,0,2,0.001,-0.001
12877,0,0,0,0,0,0,0,0,0,0.003,-0.002,0.002,-0.001,0,0,2,0.002,-0.001
12887,0,0,0,0,0,0,0,0,0,0.004,-0.003,0.003,-0.001,0,0,2,0.003,-0.001
12897,0,0,0,0,0,0,0,0,0,0.005,-0.004,0.003,-0.001,0,0,2,0.003,-0.001
12907,0,0,0,0,0,0,0,0,0,0.005,-0.004,0.004,-0.001,0,0,2,0.004,-0.001
12917,0,0,0,0,0,0,0,0,0,0.006,-0.004,0.004,-0.002,0,0,2,0.004,-0.002
12927,0,0,0,0,0,0,0,0,0,0.005,-0.004,0.004,-0.001,0,0,2,0.004,-0.001
12937,0,0,0,0,0,0,0,0,0,0.004,-0.003,0.003,-0.001,0,0,2,0.003,-0.001
12947,0,0,0,0,0,0,0,0,0,0.003,-0.002,0.002,-0.001,0,0,2,0.002,-0.001
12957,0,0,0,0,0,0,0,0,0,0.001,-0.001,0.001,0,0,0,2,0.001,0
12967,0,0,0,0,0,0,0,0,0,0.001,-0.001,0.001,0,0,0,2,0.001,0
12977,0,0,0,0,0,0,0,0,0,0.001,-0.001,0.001,0,0,0,2,0.001,0
12987,0,0,0,0,0,0,0,0,0,0,0,0,0,0,0,2,0,0
12997,0,0,0,0,0,0,0,0,0,0,0,0,0,0,0,2,0,0
13007,0,0,0,0,0,0,0,0,0,0,0,0,0,0,0,2,0,0
13017,0,0,0,0,0,0,0,0,0,0,0,0,0,0,0,2,0,0
13027,0,0,0,0,0,0,0,0,0,0,0,0,0,0,0,2,0,0
13037,0,0,0,0,0,0,0,0,0,0,0,0,0,0,0,2,0,0
13047,0,0,0,0,0,0,0,0,0,0,0,0,0,0,0,2,0,0
13057,0,0,0,0,0,0,0,0,0,0,0,0,0,0,0,2,0,0
13067,0,0,0,0,0,0,0,0,0,0,0,0,0,0,0,2,0,0
13077,0,0,0,0,0,0,0,0,0,0,0,0,0,0,0,2,0,0
13087,0,0,0,0,0,0,0,0,0,0,0,0,0,0,0,2,0,0
13097,0,0,0,0,0,0,0,0,0,0,0,0,0,0,0,2,0,0
13107,0,0,0,0,0,0,0,0,0,0,0,0,0,0,0,2,0,0
13117,0,0,0,0,0,0,0,0,0,0,0,0,0,0,0,2,0,0
13127,0,0,0,0,0,0,0,0,0,0,0,0,0,0,0,2,0,0
13137,0,0,0,0,0,0,0,0,0,0,0,0,0,0,0,2,0,0
13147,0,0,0,0,0,0,0,0,0,0,0,0,0,0,0,2,0,0
13157,0,0,0,0,0,0,0,0,0,0,0,0,0,0,0,2,0,0
13167,0,0,0,0,0,0,0,0,0,0,0,0,0,0,0,2,0,0
13177,0,0,0,0,0,0,0,0,0,0,0,0,0,0,0,2,0,0
13187,0,0,0,0,0,0,0,0,0,0,0,0,0,0,0,2,0,0
13197,0,0,0,0,0,0,0,0,0,0,0,0,0,0,0,2,0,0
13207,0,0,0,0,0,0,0,0,0,0,0,0,0,0,0,2,0,0
13217,0,0,0,0,0,0,0,0,0,0,0,0,0,0,0,2,0,0
13227,0,0,0,0,0,0,0,0,0,0,0,0,0,0,0,2,0,0
13237,0,0,0,0,0,0,0,0,0,0,0,0,0,0,0,2,0,0
13247,0,0,0,0,0,0,0,0,0,0,0,0,0,0,0,2,0,0
13257,0,0,0,0,0,0,0,0,0,0,0,0,0,0,0,2,0,0
13267,0,0,0,0,0,0,0,0,0,0,0,0,0,0,0,2,0,0
13277,0,0,0,0,0,0,0,0,0,0,0,0,0,0,0,2,0,0
13287,0,0,0,0,0,0,0,0,0,0,0,0,0,0,0,2,0,0
13297,0,0,0,0,0,0,0,0,0,0,0,0,0,0,0,2,0,0
13307,0,0,0,0,0,0,0,0,0,0,0,0,0,0,0,2,0,0
13317,0,0,0,0,0,0,0,0,0,0,0,0,0,0,0,2,0,0
13327,0,0,0,0,0,0,0,0,0,0,0,0,0,0,0,2,0,0
13337,0,0,0,0,0,0,0,0,0,0,0,0,0,0,0,2,0,0
13347,0,0,0,0,0,0,0,0,0,0,0,0,0,0,0,2,0,0
13357,0,0,0,0,0,0,0,0,0,0,0,0,0,0,0,2,0,0
13367,0,0,0,0,0,0,0,0,0,0,0,0,0,0,0,2,0,0
13377,0,0,0,0,0,0,0,0,0,0,0,0,0,0,0,2,0,0
13387,0,0,0,0,0,0,0,0,0,0,0,0,0,0,0,2,0,0
13397,0,0,0,0,0,0,0,0,0,0,0,0,0,0,0,2,0,0
13407,0,0,0,0,0,0,0,0,0,0,0,0,0,0,0,2,0,0
13419,0,0,0,0,0,0,0,0,0,0,0,0,0,0,0,2,0,0
13427,0,0,0,0,0,0,0,0,0,0,0,0,0,0,0,2,0,0
13437,0,0,0,0,0,0,0,0,0,0,0,0,0,0,0,2,0,0
13447,0,0,0,0,0,0,0,0,0,0,0,0,0,0,0,2,0,0
13457,0,0,0,0,0,0,0,0,0,0,0,0,0,0,0,2,0,0
13467,0,0,0,0,0,0,0,0,0,0,0,0,0,0,0,2,0,0
13477,0,0,0,0,0,0,0,0,0,0,0,0,0,0,0,2,0,0
13487,0,0,0,0,0,0,0,0,0,0,0,0,0,0,0,2,0,0
13497,0,0,0,0,0,0,0,0,0,0,0,0,0,0,0,2,0,0
13507,0,0,0,0,0,0,0,0,0,0,0,0,0,0,0,2,0,0
13517,0,0,0,0,0,0,0,0,0,0,0,0,0,0,0,2,0,0
13527,0,0,0,0,0,0,0,0,0,0,0,0,0,0,0,2,0,0
13537,0,0,0,0,0,0,0,0,0,0,0,0,0,0,0,2,0,0
13547,0,0,0,0,0,0,0,0,0,0,0,0,0,0,0,2,0,0
13557,0,0,0,0,0,0,0,0,0,0,0,0,0,0,0,2,0,0
13567,0,0,0,0,0,0,0,0,0,0,0,0,0,0,0,2,0,0
13577,0,0,0,0,0,0,0,0,0,0,0,0,0,0,0,2,0,0
13587,0,0,0,0,0,0,0,0,0,0,0,0,0,0,0,2,0,0
13597,0,0,0,0,0,0,0,0,0,0,0,0,0,0,0,2,0,0
13607,0,0,0,0,0,0,0,0,0,0,0,0,0,0,0,2,0,0
13617,0,0,0,0,0,0,0,0,0,0,0,0,0,0,0,2,0,0
13627,0,0,0,0,0,0,0,0,0,0,0,0,0,0,0,2,0,0
13637,0,0,0,0,0,0,0,0,0,0,0,0,0,0,0,2,0,0
13647,0,0,0,0,0,0,0,0,0,0,0,0,0,0,0,2,0,0
13657,0,0,0,0,0,0,0,0,0,0,0,0,0,0,0,2,0,0
13667,0,0,0,0,0,0,0,0,0,0,0,0,0,0,0,2,0,0
13677,0,0,0,0,0,0,0,0,0,0,0,0,0,0,0,2,0,0
13687,0,0,0,0,0,0,0,0,0,0,0,0,0,0,0,2,0,0
13697,0,0,0,0,0,0,0,0,0,0,0,0,0,0,0,2,0,0
13707,0,0,0,0,0,0,0,0,0,0,0,0,0,0,0,2,0,0
13717,0,0,0,0,0,0,0,0,0,0,0,0,0,0,0,2,0,0
13727,0,0,0,0,0,0,0,0,0,0,0,0,0,0,0,2,0,0
13737,0,0,0,0,0,0,0,0,0,0,0,0,0,0,0,2,0,0
13747,0,0,0,0,0,0,0,0,0,0,0,0,0,0,0,2,0,0
13757,0,0,0,0,0,0,0,0,0,0,0,0,0,0,0,2,0,0
13767,0,0,0,0,0,0,0,0,0,0,0,0,0,0,0,2,0,0
13777,0,0,0,0,0,0,0,0,0,0,0,0,0,0,0,2,0,0
13787,0,0,0,0,0,0,0,0,0,0,0,0,0,0,0,2,0,0
13797,0,0,0,0,0,0,0,0,0,0,0,0,0,0,0,2,0,0
13807,0,0,0,0,0,0,0,0,0,0,0,0,0,0,0,2,0,0
13817,0,0,0,0,0,0,0,0,0,0,0,0,0,0,0,2,0,0
13827,0,0,0,0,0,0,0,0,0,0,0,0,0,0,0,2,0,0
13837,0,0,0,0,0,0,0,0,0,0,0,0,0,0,0,2,0,0
13847,0,0,0,0,0,0,0,0,0,0,0,0,0,0,0,2,0,0
13857,0,0,0,0,0,0,0,0,0,0,0,0,0,0,0,2,0,0
13867,0,0,0,0,0,0,0,0,0,0,0,0,0,0,0,2,0,0
13877,0,0,0,0,0,0,0,0,0,0,0,0,0,0,0,2,0,0
13887,0,0,0,0,0,0,0,0,0,0,0,0,0,0,0,2,0,0
13897,0,0,0,0,0,0,0,0,0,0,0,0,0,0,0,2,0,0
13907,0,0,0,0,0,0,0,0,0,0,0,0,0,0,0,2,0,0
13917,0,0,0,0,0,0,0,0,0,0,0,0,0,0,0,2,0,0
13927,0,0,0,0,0,0,0,0,0,0,0,0,0,0,0,2,0,0
13937,0,0,0,0,0,0,0,0,0,0,0,0,0,0,0,2,0,0
13947,0,0,0,0,0,0,0,0,0,0,0,0,0,0,0,2,0,0
13957,0,0,0,0,0,0,0,0,0,0,0,0,0,0,0,2,0,0
13967,0,0,0,0,0,0,0,0,0,0,0,0,0,0,0,2,0,0
13977,0,0,0,0,0,0,0,0,0,0,0,0,0,0,0,2,0,0
13987,0,0,0,0,0,0,0,0,0,0,0,0,0,0,0,2,0,0
13997,0,0,0,0,0,0,0,0,0,0,0,0,0,0,0,2,0,0
14007,0,0,0,0,0,0,0,0,0,0,0,0,0,0,0,2,0,0
14017,0,0,0,0,0,0,0,0,0,0,0,0,0,0,0,2,0,0
14027,0,0,0,0,0,0,0,0,0,0,0,0,0,0,0,2,0,0
14037,0,0,0,0,0,0,0,0,0,0,0,0,0,0,0,2,0,0
14047,0,0,0,0,0,0,0,0,0,0,0,0,0,0,0,2,0,0
14057,0,0,0,0,0,0,0,0,0,0,0,0,0,0,0,2,0,0
14067,0,0,0,0,0,0,0,0,0,0,0,0,0,0,0,2,0,0
14077,0,0,0,0,0,0,0,0,0,0,0,0,0,0,0,2,0,0
14087,0,0,0,0,0,0,0,0,0,0,0,0,0,0,0,2,0,0
14097,0,0,0,0,0,0,0,0,0,-0.001,-0.001,0,0,0,0,2,0,0
14107,0,0,0,0,0,0,0,0,0,-0.001,-0.001,-0.001,0,0,0,2,-0.001,0
14117,0,0,0,0,0,0,0,0,0,-0.002,-0.002,-0.001,0,0,0,2,-0.001,0
14127,0,0,0,0,0,0,0,0,0,-0.003,-0.003,-0.002,-0.001,0,0,2,-0.002,-0.001
14137,0,0,0,0,0,0,0,0,0,-0.004,-0.004,-0.002,-0.001,0,0,2,-0.002,-0.001
14147,0,0,0,0,0,0,0,0,0,-0.003,-0.003,-0.002,-0.001,0,0,2,-0.002,-0.001
14157,0,0,0,0,0,0,0,0,0,-0.002,-0.002,-0.001,0,0,0,2,-0.001,0
14167,0,0,0,0,0,0,0,0,0,-0.001,-0.001,-0.001,0,0,0,2,-0.001,0
14177,0,0,0,0,0,0,0,0,0,-0.001,-0.001,0,0,0,0,2,0,0
14187,0,0,0,0,0,0,0,0,0,-0.001,-0.001,0,0,0,0,2,0,0
14197,0,0,0,0,0,0,0,0,0,0,0,0,0,0,0,2,0,0
14207,0,0,0,0,0,0,0,0,0,0,0,0,0,0,0,2,0,0
14217,0,0,0,0,0,0,0,0,0,0,0,0,0,0,0,2,0,0
14227,0,0,0,0,0,0,0,0,0,0,0,0,0,0,0,2,0,0
14237,0,0,0,0,0,0,0,0,0,0,0,0,0,0,0,2,0,0
14247,0,0,0,0,0,0,0,0,0,0,0,0,0,0,0,2,0,0
14257,0,0,0,0,0,0,0,0,0,0,0,0,0,0,0,2,0,0
14267,0,0,0,0,0,0,0,0,0,0,0,0,0,0,0,2,0,0
14277,0,0,0,0,0,0,0,0,0,0,0,0,0,0,0,2,0,0
14287,0,0,0,0,0,0,0,0,0,0,0,0,0,0,0,2,0,0
14297,0,0,0,0,0,0,0,0,0,0,0,0,0,0,0,2,0,0
14307,0,0,0,0,0,0,0,0,0,0,0,0,0,0,0,2,0,0
14317,0,0,0,0,0,0,0,0,0,0,0,0,0,0,0,2,0,0
14327,0,0,0,0,0,0,0,0,0,0,0,0,0,0,0,2,0,0
14337,0,0,0,0,0,0,0,0,0,0,0,0,0,0,0,2,0,0
14347,0,0,0,0,0,0,0,0,0,-0.001,-0.001,0,0,0,0,2,0,0
14357,0,0,0,0,0,0,0,0,0,-0.001,-0.001,0,0,0,0,2,0,0
14367,0,0,0,0,0,0,0,0,0,-0.001,-0.001,-0.001,0,0,0,2,-0.001,0
14377,0,0,0,0,0,0,0,0,0,-0.002,-0.002,-0.001,0,0,0,2,-0.001,0
14387,0,0,0,0,0,0,0,0.001,0,-0.003,-0.003,-0.001,0,0,0,2,-0.001,0
14397,0,0,0,0,0,0,0,0,0.001,-0.003,-0.003,-0.002,-0.001,0,0,2,-0.002,-0.001
14407,0,0,0,0,0,0,0,0,0,-0.002,-0.002,-0.002,0,0,0,2,-0.002,0
14417,0,0,0,0,0,0,0,0,0,-0.001,-0.001,-0.001,-0.001,0,0,2,-0.001,-0.001
14427,0,0,0,0,0,0,0,0,0,-0.001,-0.001,0,0,0,0,2,0,0
14437,0,0,0,0,0,0,0,0,0,-0.001,-0.001,0,0,0,0,2,0,0
14447,0,0,0,0,0,0,0,0,0,0,0,0,0,0,0,2,0,0
14457,0,0,0,0,0,0,0,0,0,0,0,0,0,0,0,2,0,0
14467,0,0,0,0,0,0,0,0,0,0,0,0,0,0,0,2,0,0
14477,0,0,0,0,0,0,0,0,0,0,0,0,0,0,0,2,0,0
14487,0,0,0,0,0,0,0,0,0,0,0,0,0,0,0,2,0,0
14497,0,0,0,0,0,0,0,0,0,0,0,0,0,0,0,2,0,0
14507,0,0,0,0,0,0,0,0,0,0,0,0,0,0,0,2,0,0
14517,0,0,0,0,0,0,0,0,0,0,0,0,0,0,0,2,0,0
14527,0,0,0,0,0,0,0,0,0,0,0,0,0,0,0,2,0,0
14537,0,0,0,0,0,0,0,0,0,0,0,0,0,0,0,2,0,0
14547,0,0,0,0,0,0,0,0,0,0,0,0,0,0,0,2,0,0
14557,0,0,0,0,0,0,0,0,0,0,0,0,0,0,0,2,0,0
14567,0,0,0,0,0,0,0,0,0,0,0,0,0,0,0,2,0,0
14577,0,0,0,0,0,0,0,0,0,0,0,0,0,0,0,2,0,0
14587,0,0,0,0,0,0,0,0,0,0,0,0,0,0,0,2,0,0
14597,0,0,0,0,0,0,0,0,0,0,0,0,0,0,0,2,0,0
14607,0,0,0,0,0,0,0,0,0,0,0,0,0,0,0,2,0,0
14617,0,0,0,0,0,0,0,0,0,0,0,0,0,0,0,2,0,0
14627,0,0,0,0,0,0,0,0,0,0,0,0,0,0,0,2,0,0
14637,0,0,0,0,0,0,0,0,0,0,0,0,0,0,0,2,0,0
14647,0,0,0,0,0,0,0,0,0,0,0,0,0,0,0,2,0,0
14657,0,0,0,0,0,0,0,0,0,0,0,0,0,0,0,2,0,0
14667,0,0,0,0,0,0,0,0,0,0,0,0,0,0,0,2,0,0
14677,0,0,0,0,0,0,0,0,0,0,0,0,0,0,0,2,0,0
14687,0,0,0,0,0,0,0,0,0,0,0,0,0,0,0,2,0,0
14697,0,0,0,0,0,0,0,0,0,0,0,0,0,0,0,2,0,0
14707,0,0,0,0,0,0,0,0,0,0,0,0,0,0,0,2,0,0
14717,0,0,0,0,0,0,0,0,0,0,0,0,0,0,0,2,0,0
14727,0,0,0,0,0,0,0,0,0,0,0,0,0,0,0,2,0,0
14737,0,0,0,0,0,0,0,0,0,0,0,0,0,0,0,2,0,0
14747,0,0,0,0,0,0,0,0,0,0,0,0,0,0,0,2,0,0
14757,0,0,0,0,0,0,0,0,0,0,0,0,0,0,0,2,0,0
14767,0,0,0,0,0,0,0,0,0,0,0,0,0,0,0,2,0,0
14777,0,0,0,0,0,0,0,0,0,0,0,0,0,0,0,2,0,0
14787,0,0,0,0,0,0,0,0,0,0,0,0,0,0,0,2,0,0
14797,0,0,0,0,0,0,0,0,0,0,0,0,0,0,0,2,0,0
14807,0,0,0,0,0,0,0,0,0,0,0,0,0,0,0,2,0,0
14817,0,0,0,0,0,0,0,0,0,0,0,0,0,0,0,2,0,0
14827,0,0,0,0,0,0,0,0,0,0,0,0,0,0,0,2,0,0
14837,0,0,0,0,0,0,0,0,0,0,0,0,0,0,0,2,0,0
14847,0,0,0,0,0,0,0,0,0,0,0,0,0,0,0,2,0,0
14857,0,0,0,0,0,0,0,0,0,0,0,0,0,0,0,2,0,0
14867,0,0,0,0,0,0,0,0,0,0.001,0,0,0,0,0,2,0,0
14877,0,0,0,0,0,0,0,0,0,0.001,-0.001,0.001,0,0,0,2,0.001,0
14887,0,0,0,0,0,0,0,0,0,0.002,-0.001,0.001,0,0,0,2,0.001,0
14897,0,0,0,0,0,0,0,0,0,0.003,-0.002,0.001,0,0,0,2,0.001,0
14907,0,0,0,0,0,0,0,0,0,0.003,-0.002,0.002,-0.001,0,0,2,0.002,-0.001
14917,0,0,0,0,0,0,0,0,0,0.004,-0.003,0.002,-0.001,0,0,2,0.002,-0.001
14927,0,0,0,0,0,0,0,0,0,0.004,-0.003,0.002,-0.001,0,0,2,0.002,-0.001
14937,0,0,0,0,0,0,0,0,0,0.004,-0.003,0.003,-0.001,0,0,2,0.003,-0.001
14947,0,0,0,0,0,0,0,0,0,0.004,-0.003,0.002,-0.001,0,0,2,0.002,-0.001
14957,0,0,0,0,0,0,0,0,0,0.004,-0.003,0.002,-0.001,0,0,2,0.002,-0.001
14967,0,0,0,0,0,0,0,0,0,0.003,-0.003,0.002,-0.001,0,0,2,0.002,-0.001
14977,0,0,0,0,0,0,0,0,0,0.002,-0.002,0.001,0,0,0,2,0.001,0
14987,0,0,0,0,0,0,0,0,0,0.002,-0.002,0.001,0,0,0,2,0.001,0
14997,0,0,0,0,0,0,0,0,0,0.001,-0.001,0.001,0,0,0,2,0.001,0
15007,0,0,0,0,0,0,0,0,0,0.001,-0.001,0.001,0,0,0,2,0.001,0
15017,0,0,0,0,0,0,0,0,0,0.001,-0.001,0,0,0,0,2,0,0
15027,0,0,0,0,0,0,0,0,0,0,0,0,0,0,0,2,0,0
15037,0,0,0,0,0,0,0,0,0,0,0,0,0,0,0,2,0,0
15047,0,0,0,0,0,0,0,0,0,0,0,0,0,0,0,2,0,0
15057,0,0,0,0,0,0,0,0,0,0,0,0,0,0,0,2,0,0
15067,0,0,0,0,0,0,0,0,0,0,0,0,0,0,0,2,0,0
15077,0,0,0,0,0,0,0,0,0,0,0,0,0,0,0,2,0,0
15087,0,0,0,0,0,0,0,0,0,0,0,0,0,0,0,2,0,0
15097,0,0,0,0,0,0,0,0,0,0,0,0,0,0,0,2,0,0
15107,0,0,0,0,0,0,0,0,0,0,0,0,0,0,0,2,0,0
15117,0,0,0,0,0,0,0,0,0,0,0,0,0,0,0,2,0,0
15127,0,0,0,0,0,0,0,0,0,0,0,0,0,0,0,2,0,0
15137,0,0,0,0,0,0,0,0,0,0,0,0,0,0,0,2,0,0
15147,0,0,0,0,0,0,0,0,0,0,0,0,0,0,0,2,0,0
15157,0,0,0,0,0,0,0,0,0,0,0,0,0,0,0,2,0,0
15167,0,0,0,0,0,0,0,0,0,0,0,0,0,0,0,2,0,0
15177,0,0,0,0,0,0,0,0,0,0,0,0,0,0,0,2,0,0
15187,0,0,0,0,0,0,0,0,0,0,0,0,0,0,0,2,0,0
15197,0,0,0,0,0,0,0,0,0,0,0,0,0,0,0,2,0,0
15207,0,0,0,0,0,0,0,0,0,0,0,0,0,0,0,2,0,0
15217,0,0,0,0,0,0,0,0,0,0,0,0,0,0,0,2,0,0
15227,0,0,0,0,0,0,0,0,0,0,0,0,0,0,0,2,0,0
15237,0,0,0,0,0,0,0,0,0,0,0,0,0,0,0,2,0,0
15247,0,0,0,0,0,0,0,0,0,0,0,0,0,0,0,2,0,0
15257,0,0,0,0,0,0,0,0,0,0,0,0,0,0,0,2,0,0
15267,0,0,0,0,0,0,0,0,0,0,0,0,0,0,0,2,0,0
15277,0,0,0,0,0,0,0,0,0,0,0,0,0,0,0,2,0,0
15287,0,0,0,0,0,0,0,0,0,0,0,0,0,0,0,2,0,0
15297,0,0,0,0,0,0,0,0,0,0,0,0,0,0,0,2,0,0
15307,0,0,0,0,0,0,0,0,0,0,0,0,0,0,0,2,0,0
15317,0,0,0,0,0,0,0,0,0,0,0,0,0,0,0,2,0,0
15327,0,0,0,0,0,0,0,0,0,0,0,0,0,0,0,2,0,0
15337,0,0,0,0,0,0,0,0,0,0,0,0,0,0,0,2,0,0
15347,0,0,0,0,0,0,0,0,0,0,0,0,0,0,0,2,0,0
15357,0,0,0,0,0,0,0,0,0,0,0,0,0,0,0,2,0,0
15367,0,0,0,0,0,0,0,0,0,0,0,0,0,0,0,2,0,0
15377,0,0,0,0,0,0,0,0,0,0,0,0,0,0,0,2,0,0
15387,0,0,0,0,0,0,0,0,0,0,0,0,0,0,0,2,0,0
15397,0,0,0,0,0,0,0,0,0,0,0,0,0,0,0,2,0,0
15407,0,0,0,0,0,0,0,0,0,0,0,0,0,0,0,2,0,0
15417,0,0,0,0,0,0,0,0,0,0,0,0,0,0,0,2,0,0
15427,0,0,0,0,0,0,0,0,0,0,0,0,0,0,0,2,0,0
15437,0,0,0,0,0,0,0,0,0,0,0,0,0,0,0,2,0,0
15447,0,0,0,0,0,0,0,0,0,0,0,0,0,0,0,2,0,0
15457,0,0,0,0,0,0,0,0,0,0,0,0,0,0,0,2,0,0
15467,0,0,0,0,0,0,0,0,0,0,0,0,0,0,0,2,0,0
15477,0,0,0,0,0,0,0,0,0,0,0,0,0,0,0,2,0,0
15487,0,0,0,0,0,0,0,0,0,0,0,0,0,0,0,2,0,0
15497,0,0,0,0,0,0,0,0,0,0,0,0,0,0,0,2,0,0
15507,0,0,0,0,0,0,0,0,0,0,0,0,0,0,0,2,0,0
15517,0,0,0,0,0,0,0,0,0,0,0,0,0,0,0,2,0,0
15527,0,0,0,0,0,0,0,0,0,0,0,0,0,0,0,2,0,0
15537,0,0,0,0,0,0,0,0,0,0,0,0,0,0,0,2,0,0
15547,0,0,0,0,0,0,0,0,0,0,0,0,0,0,0,2,0,0
15557,0,0,0,0,0,0,0,0,0,0,0,0,0,0,0,2,0,0
15567,0,0,0,0,0,0,0,0,0,0,0,0,0,0,0,2,0,0
15577,0,0,0,0,0,0,0,0,0,0,0,0,0,0,0,2,0,0
15587,0,0,0,0,0,0,0,0,0,0,0,0,0,0,0,2,0,0
15597,0,0,0,0,0,0,0,0,0,0,0,0,0,0,0,2,0,0
15607,0,0,0,0,0,0,0,0,0,0,0,0,0,0,0,2,0,0
15617,0,0,0,0,0,0,0,0,0,0,0,0,0,0,0,2,0,0
15627,0,0,0,0,0,0,0,0,0,0,0,0,0,0,0,2,0,0
15637,0,0,0,0,0,0,0,0,0,0,0,0,0,0,0,2,0,0
15647,0,0,0,0,0,0,0,0,0,0,0,0,0,0,0,2,0,0
15657,0,0,0,0,0,0,0,0,0,0,0,0,0,0,0,2,0,0
15667,0,0,0,0,0,0,0,0,0,0,0,0,0,0,0,2,0,0
15677,0,0,0,0,0,0,0,0,0,0,0,0,0,0,0,2,0,0
15687,0,0,0,0,0,0,0,0,0,0,0,0,0,0,0,2,0,0
15697,0,0,0,0,0,0,0,0,0,0,0,0,0,0,0,2,0,0
15707,0,0,0,0,0,0,0,0,0,0,0,0,0,0,0,2,0,0
15717,0,0,0,0,0,0,0,0,0,0,0,0,0,0,0,2,0,0
15727,0,0,0,0,0,0,0,0,0,0,0,0,0,0,0,2,0,0
15737,0,0,0,0,0,0,0,0,0,0,0,0,0,0,0,2,0,0
15747,0,0,0,0,0,0,0,0,0,0,0,0,0,0,0,2,0,0
15757,0,0,0,0,0,0,0,0,0,0,0,0,0,0,0,2,0,0
15767,0,0,0,0,0,0,0,0,0,0,0,0,0,0,0,2,0,0
15777,0,0,0,0,0,0,0,0,0,0,0,0,0,0,0,2,0,0
15787,0,0,0,0,0,0,0,0,0,0,0,0,0,0,0,2,0,0
15797,0,0,0,0,0,0,0,0,0,0,0,0,0,0,0,2,0,0
15807,0,0,0,0,0,0,0,0,0,0,0,0,0,0,0,2,0,0
15817,0,0,0,0,0,0,0,0,0,0,0,0,0,0,0,2,0,0
15827,0,0,0,0,0,0,0,0,0,0,0,0,0,0,0,2,0,0
15837,0,0,0,0,0,0,0,0,0,0,0,0,0,0,0,2,0,0
15847,0,0,0,0,0,0,0,0,0,0,0,0,0,0,0,2,0,0
15857,0,0,0,0,0,0,0,0,0,0,0,0,0,0,0,2,0,0
15867,0,0,0,0,0,0,0,0,0,0,0,0,0,0,0,2,0,0
15877,0,0,0,0,0,0,0,0,0,0,0,0,0,0,0,2,0,0
15887,0,0,0,0,0,0,0,0,0,0,0,0,0,0,0,2,0,0
15897,0,0,0,0,0,0,0,0,0,0,0,0,0,0,0,2,0,0
15907,0,0,0,0,0,0,0,0,0,0,0,0,0,0,0,2,0,0
15917,0,0,0,0,0,0,0,0,0,0,0,0,0,0,0,2,0,0
15927,0,0,0,0,0,0,0,0,0,0,0,0,0,0,0,2,0,0
15937,0,0,0,0,0,0,0,0,0,0,0,0,0,0,0,2,0,0
15947,0,0,0,0,0,0,0,0,0,0,0,0,0,0,0,2,0,0
15957,0,0,0,0,0,0,0,0,0,0,0,0,0,0,0,2,0,0
15967,0,0,0,0,0,0,0,0,0,0,0,0,0,0,0,2,0,0
15977,0,0,0,0,0,0,0,0,0,0,0,0,0,0,0,2,0,0
15987,0,0,0,0,0,0,0,0,0,0,0,0,0,0,0,2,0,0
15997,0,0,0,0,0,0,0,0,0,0,0,0,0,0,0,2,0,0
16007,0,0,0,0,0,0,0,0,0,0,0,0,0,0,0,2,0,0
16017,0,0,0,0,0,0,0,0,0,0,0,0,0,0,0,2,0,0
16027,0,0,0,0,0,0,0,0,0,0,0,0,0,0,0,2,0,0
16037,0,0,0,0,0,0,0,0,0,0,0,0,0,0,0,2,0,0
16047,0,0,0,0,0,0,0,0,0,0,0,0,0,0,0,2,0,0
16058,0,0,0,0,0,0,0,0,0,0,0,0,0,0,0,2,0,0
16067,0,0,0,0,0,0,0,0,0,0,0,0,0,0,0,2,0,0
16077,0,0,0,0,0,0,0,0,0,0,0,0,0,0,0,2,0,0
16087,0,0,0,0,0,0,0,0,0,0,0,0,0,0,0,2,0,0
16097,0,0,0,0,0,0,0,0,0,0,0,0,0,0,0,2,0,0
16107,0,0,0,0,0,0,0,0,0,0,0,0,0,0,0,2,0,0
16117,0,0,0,0,0,0,0,0,0,0,0,0,0,0,0,2,0,0
16127,0,0,0,0,0,0,0,0,0,0,0,0,0,0,0,2,0,0
16137,0,0,0,0,0,0,0,0,0,0,0,0,0,0,0,2,0,0
16147,0,0,0,0,0,0,0,0,0,0,0,0,0,0,0,2,0,0
16157,0,0,0,0,0,0,0,0,0,0,0,0,0,0,0,2,0,0
16167,0,0,0,0,0,0,0,0,0,0,0,0,0,0,0,2,0,0
16177,0,0,0,0,0,0,0,0,0,0,0,0,0,0,0,2,0,0
16187,0,0,0,0,0,0,0,0,0,0,0,0,0,0,0,2,0,0
16197,0,0,0,0,0,0,0,0,0,0,0,0,0,0,0,2,0,0
16207,0,0,0,0,0,0,0,0,0,0,0,0,0,0,0,2,0,0
16217,0,0,0,0,0,0,0,0,0,0,0,0,0,0,0,2,0,0
16227,0,0,0,0,0,0,0,0,0,0,0,0,0,0,0,2,0,0
16237,0,0,0,0,0,0,0,0,0,0,0,0,0,0,0,2,0,0
16247,0,0,0,0,0,0,0,0,0,0,0,0,0,0,0,2,0,0
16257,0,0,0,0,0,0,0,0,0,0,0,0,0,0,0,2,0,0
16267,0,0,0,0,0,0,0,0,0,0,0,0,0,0,0,2,0,0
16277,0,0,0,0,0,0,0,0,0,0,0,0,0,0,0,2,0,0
16287,0,0,0,0,0,0,0,0,0,0,0,0,0,0,0,2,0,0
16297,0,0,0,0,0,0,0,0,0,0,0,0,0,0,0,2,0,0
16307,0,0,0,0,0,0,0,0,0,0,0,0,0,0,0,2,0,0
16317,0,0,0,0,0,0,0,0,0,0,0,0,0,0,0,2,0,0
16327,0,0,0,0,0,0,0,0,0,0,0,0,0,0,0,2,0,0
16337,0,0,0,0,0,0,0,0,0,0,0,0,0,0,0,2,0,0
16347,0,0,0,0,0,0,0,0,0,0,0,0,0,0,0,2,0,0
16357,0,0,0,0,0,0,0,0,0,0,0,0,0,0,0,2,0,0
16367,0,0,0,0,0,0,0,0,0,0,0,0,0,0,0,2,0,0
16377,0,0,0,0,0,0,0,0,0,0,0,0,0,0,0,2,0,0
16387,0,0,0,0,0,0,0,0,0,0,0,0,0,0,0,2,0,0
16397,0,0,0,0,0,0,0,0,0,0,0,0,0,0,0,2,0,0
16407,0,0,0,0,0,0,0,0,0,0,0,0,0,0,0,2,0,0
16417,0,0,0,0,0,0,0,0,0,0,0,0,0,0,0,2,0,0
16427,0,0,0,0,0,0,0,0,0,0,0,0,0,0,0,2,0,0
16437,0,0,0,0,0,0,0,0,0,0,0,0,0,0,0,2,0,0
16447,0,0,0,0,0,0,0,0,0,0,0,0,0,0,0,2,0,0
16457,0,0,0,0,0,0,0,0,0,0,0,0,0,0,0,2,0,0
16467,0,0,0,0,0,0,0,0,0,0,0,0,0,0,0,2,0,0
16477,0,0,0,0,0,0,0,0,0,0,0,0,0,0,0,2,0,0
16487,0,0,0,0,0,0,0,0,0,0,0,0,0,0,0,2,0,0
16497,0,0,0,0,0,0,0,0,0,0,0,0,0,0,0,2,0,0
16507,0,0,0,0,0,0,0,0,0,0,0,0,0,0,0,2,0,0
16517,0,0,0,0,0,0,0,0,0,0,0,0,0,0,0,2,0,0
16527,0,0,0,0,0,0,0,0,0,0,0,0,0,0,0,2,0,0
16537,0,0,0,0,0,0,0,0,0,0,0,0,0,0,0,2,0,0
16547,0,0,0,0,0,0,0,0,0,0,0,0,0,0,0,2,0,0
16557,0,0,0,0,0,0,0,0,0,0,0,0,0,0,0,2,0,0
16567,0,0,0,0,0,0,0,0,0,0,0,0,0,0,0,2,0,0
16577,0,0,0,0,0,0,0,0,0,0,0,0,0,0,0,2,0,0
16587,0,0,0,0,0,0,0,0,0,0,0,0,0,0,0,2,0,0
16597,0,0,0,0,0,0,0,0,0,0,0,0,0,0,0,2,0,0
16607,0,0,0,0,0,0,0,0,0,0,0,0,0,0,0,2,0,0
16617,0,0,0,0,0,0,0,0,0,0,0,0,0,0,0,2,0,0
16627,0,0,0,0,0,0,0,0,0,0,0,0,0,0,0,2,0,0
16637,0,0,0,0,0,0,0,0,0,0,0,0,0,0,0,2,0,0
16647,0,0,0,0,0,0,0,0,0,0,0,0,0,0,0,2,0,0
16657,0,0,0,0,0,0,0,0,0,0,0,0,0,0,0,2,0,0
16667,0,0,0,0,0,0,0,0,0,0,0,0,0,0,0,2,0,0
16677,0,0,0,0,0,0,0,0,0,0,0,0,0,0,0,2,0,0
16687,0,0,0,0,0,0,0,0,0,0,0,0,0,0,0,2,0,0
16697,0,0,0,0,0,0,0,0,0,0,0,0,0,0,0,2,0,0
16707,0,0,0,0,0,0,0,0,0,0,0,0,0,0,0,2,0,0
16717,0,0,0,0,0,0,0,0,0,0,0,0,0,0,0,2,0,0
16727,0,0,0,0,0,0,0,0,0,0,0,0,0,0,0,2,0,0
16737,0,0,0,0,0,0,0,-0.001,0.001,0,0,0,0,0,0,2,0,0
16747,0,0,0,0,0,0,0,-0.001,0,0,0,0,0,0,0,2,0,0
16757,0,0,0,0,0,0,0,0.001,-0.001,0,0,0,0,0,0,2,0,0
16767,0,0,0,0,0,0,0,0,0,0,0,0,-0.001,0,0,2,0,-0.001
16777,0,0,0,0,0,0,0,0,0.001,0,0,0,0,0,0,2,0,0
16787,0,0,0,0,0,0,0,0,0.001,0,0,0,0.001,0,0,2,0,0.001
16797,0,0,0,0,0,0,0,-0.001,0,0,0,0,0,0,0,2,0,0
16807,0,0,0,0,0,0,0,0,0,0,0,0,0,0,0,2,0,0
16817,0,0,0,0,0,0,0,-0.001,0,0,0,0,0,0,0,2,0,0
16827,0,0,0,0,0,0,0,0,0,0,0,0,0,0,0,2,0,0
16837,0,0,0,0,0,0,0,0,0.001,0,0,0,0,0,0,2,0,0
16847,0,0,0,0,0,0,0,0,0,0,0,0,0,0,0,2,0,0
16857,0,0,0,0,0,0,0,0,0,0,0,0,0,0,0,2,0,0
16867,0,0,0,0,0,0,0,0,0,-0.001,-0.001,0,0,0,0,2,0,0
16877,0,0,0,0,0,0,0,0,0,-0.001,-0.001,0,0,0,0,2,0,0
16887,0,0,0,0,0,0,0,0,0,-0.002,-0.002,-0.001,0,0,0,2,-0.001,0
16897,0,0,0,0,0,0,0,0,0,-0.003,-0.003,-0.001,-0.001,0,0,2,-0.001,-0.001
16907,0,0,0,0,0,0,0,-0.001,0.001,-0.004,-0.004,-0.003,-0.001,0,0,2,-0.003,-0.001
16917,0,0,0,0,0,0,0,0,0.001,-0.003,-0.003,-0.002,-0.002,0,0,2,-0.002,-0.002
16927,0,0,0,0,0,0,0,-0.001,0,-0.002,-0.002,-0.002,-0.001,0,0,2,-0.002,-0.001
16937,0,0,0,0,0,0,0,0.001,0.001,-0.001,-0.001,-0.001,-0.001,0,0,2,-0.001,-0.001
16947,0,0,0,0,0,0,0,0,0.001,-0.001,-0.001,-0.001,0,0,0,2,-0.001,0
16957,0,0,0,0,0,0,0,-0.002,0.001,-0.001,-0.001,-0.001,0,0,0,2,-0.001,0
16967,0,0,0,0,0,0,0,0.002,-0.001,0,0,0,0,0,0,2,0,0
16977,0,0,0,0,0,0,0,0.002,0,0,0,0,0,0,0,2,0,0
16987,0,0,0,0,0,0,0,0,0.001,0,0,0,0,0,0,2,0,0
16997,0,0,0,0,0,0,0,-0.001,0.001,0,0,0,0,0,0,2,0,0
17007,0,0,0,0,0,0,0,-0.002,-0.001,0,0,0,0,0,0,2,0,0
17017,0,0,0,0,0,0,0,0,0.001,0,0,0,0,0,0,2,0,0
17027,0,0,0,0,0,0,0,0.002,0.001,0,0,0,0,0,0,2,0,0
17037,0,0,0,0,0,0,0,0.002,0,0,0,0,0,0,0,2,0,0
17047,0,0,0,0,0,0,0,0,0,0,0,0,0,0,0,2,0,0
17057,0,0,0,0,0,0,0,-0.001,0,0,0,0,0,0,0,2,0,0
17067,0,0,0,0,0,0,0,0.001,-0.001,0,0,0,0,0,0,2,0,0
17077,0,0,0,0,0,0,0,0.001,-0.001,0,0,0,-0.001,0,0,2,0,-0.001
17087,0,0,0,0,0,0,0,-0.001,0.001,0,0,0,0,0,0,2,0,0
17097,0,0,0,0,0,0,0,-0.001,0,0,0,0,0,0,0,2,0,0
17107,0,0,0,0,0,0,0,0,0,0,0,0,0,0,0,2,0,0
17117,0,0,0,0,0,0,0,0.001,0.001,0,0,0,0,0,0,2,0,0
17127,0,0,0,0,0,0,0,0,0,0,0,0,0,0,0,2,0,0
17137,0,0,0,0,0,0,0,-0.001,0,0,0,0,0,0,0,2,0,0
17147,0,0,0,0,0,0,0,0,0,0,0,0,0,0,0,2,0,0
17157,0,0,0,0,0,0,0,0.001,-0.001,0,0,0,0,0,0,2,0,0
17167,0,0,0,0,0,0,0,0,0,0,0,0,0,0,0,2,0,0
17177,0,0,0,0,0,0,0,-0.001,0,0,0,0,0,0,0,2,0,0
17187,0,0,0,0,0,0,0,0.001,-0.001,0,0,0,-0.001,0,0,2,0,-0.001
17197,0,0,0,0,0,0,0,0.001,-0.001,-0.001,-0.001,0,0,0,0,2,0,0
17207,0,0,0,0,0,0,0,0.002,0,-0.001,-0.001,0,0,0,0,2,0,0
17217,0,0,0,0,0,0,0,0.001,-0.001,-0.003,-0.003,-0.001,0,0,0,2,-0.001,0
17227,0,0,0,0,0,0,0,0,0,-0.004,-0.003,-0.002,-0.001,0,0,2,-0.002,-0.001
17237,0,0,0,0,0,0,0,0,-0.001,-0.003,-0.002,-0.002,-0.001,0,0,2,-0.002,-0.001
17247,0,0,0,0,0,0,0,0,0,-0.002,-0.002,-0.001,-0.001,0,0,2,-0.001,-0.001
17257,0,0,0,0,0,0,0,0,0,-0.001,-0.001,-0.001,0,0,0,2,-0.001,0
17267,0,0,0,0,0,0,0,0,0,-0.001,-0.001,0,0,0,0,2,0,0
17277,0,0,0,0,0,0,0,0,0,-0.001,-0.001,0,0,0,0,2,0,0
17287,0,0,0,0,0,0,0,0,0,0,0,0,0,0,0,2,0,0
17297,0,0,0,0,0,0,0,0,0,0,0,0,0,0,0,2,0,0
17307,0,0,0,0,0,0,0,0,0,0,0,0,0,0,0,2,0,0
17317,0,0,0,0,0,0,0,0,0,0.001,-0.001,0,0,0,0,2,0,0
17327,0,0,0,0,0,0,0,0,0,0.002,-0.002,0.001,0,0,0,2,0.001,0
17337,0,0,0,0,0,0,0,0,0,0.003,-0.002,0.002,-0.001,0,0,2,0.002,-0.001
17347,0,0,0,0,0,0,0,0,0,0.004,-0.003,0.002,-0.001,0,0,2,0.002,-0.001
17357,0,0,0,0,0,0,0,0,0,0.004,-0.003,0.002,-0.001,0,0,2,0.002,-0.001
17367,0,0,0,0,0,0,0,0,0,0.004,-0.003,0.002,-0.001,0,0,2,0.002,-0.001
17377,0,0,0,0,0,0,0,0,0,0.004,-0.003,0.002,-0.001,0,0,2,0.002,-0.001
17387,0,0,0,0,0,0,0,0,0,0.004,-0.003,0.003,-0.001,0,0,2,0.003,-0.001
17397,0,0,0,0,0,0,0,0,0,0.003,-0.003,0.002,-0.001,0,0,2,0.002,-0.001
17407,0,0,0,0,0,0,0,0,0,0.002,-0.002,0.002,-0.001,0,0,2,0.002,-0.001
17417,0,0,0,0,0,0,0,0,0,0.001,-0.001,0.001,0,0,0,2,0.001,0
17427,0,0,0,0,0,0,0,0,0,0.001,0,0,0,0,0,2,0,0
17437,0,0,0,0,0,0,0,0,0,0,0,0,0,0,0,2,0,0
17447,0,0,0,0,0,0,0,0,0,0,0,0,0,0,0,2,0,0
17457,0,0,0,0,0,0,0,0,0,0,0,0,0,0,0,2,0,0
17467,0,0,0,0,0,0,0,0,0,0,0,0,0,0,0,2,0,0
17477,0,0,0,0,0,0,0,0,0,0,0,0,0,0,0,2,0,0
17487,0,0,0,0,0,0,0,0,0,0,0,0,0,0,0,2,0,0
17497,0,0,0,0,0,0,0,0,0,0,0,0,0,0,0,2,0,0
17507,0,0,0,0,0,0,0,0,0,0,0,0,0,0,0,2,0,0
17517,0,0,0,0,0,0,0,0,0,0,0,0,0,0,0,2,0,0
17527,0,0,0,0,0,0,0,0,0,0,0,0,0,0,0,2,0,0
17537,0,0,0,0,0,0,0,0,0,0,0,0,0,0,0,2,0,0
17547,0,0,0,0,0,0,0,0,0,0,0,0,0,0,0,2,0,0
17557,0,0,0,0,0,0,0,0,0,0,0,0,0,0,0,2,0,0
17567,0,0,0,0,0,0,0,0,0,0,0,0,0,0,0,2,0,0
17577,0,0,0,0,0,0,0,0,0,0,0,0,0,0,0,2,0,0
17587,0,0,0,0,0,0,0,0,0,0,0,0,0,0,0,2,0,0
17597,0,0,0,0,0,0,0,0,0,0,0,0,0,0,0,2,0,0
17607,0,0,0,0,0,0,0,0,0,0,0,0,0,0,0,2,0,0
17617,0,0,0,0,0,0,0,0,0,0,0,0,0,0,0,2,0,0
17627,0,0,0,0,0,0,0,0,0,0,0,0,0,0,0,2,0,0
17637,0,0,0,0,0,0,0,0,0,0,0,0,0,0,0,2,0,0
17647,0,0,0,0,0,0,0,0,0,0,0,0,0,0,0,2,0,0
17657,0,0,0,0,0,0,0,0,0,0,0,0,0,0,0,2,0,0
17667,0,0,0,0,0,0,0,0,0,0,0,0,0,0,0,2,0,0
17677,0,0,0,0,0,0,0,0,0,0,0,0,0,0,0,2,0,0
17687,0,0,0,0,0,0,0,0,0,0,0,0,0,0,0,2,0,0
17697,0,0,0,0,0,0,0,0,0,0,0,0,0,0,0,2,0,0
17707,0,0,0,0,0,0,0,0,0,0,0,0,0,0,0,2,0,0
17717,0,0,0,0,0,0,0,0,0,0,0,0,0,0,0,2,0,0
17727,0,0,0,0,0,0,0,0,0,0,0,0,0,0,0,2,0,0
17737,0,0,0,0,0,0,0,0,0,0,0,0,0,0,0,2,0,0
17747,0,0,0,0,0,0,0,0,0,0,0,0,0,0,0,2,0,0
17757,0,0,0,0,0,0,0,0,0,0,0,0,0,0,0,2,0,0
17767,0,0,0,0,0,0,0,0,0,0,0,0,0,0,0,2,0,0
17777,0,0,0,0,0,0,0,0,0,0,0,0,0,0,0,2,0,0
17787,0,0,0,0,0,0,0,0,0,0,0,0,0,0,0,2,0,0
17797,0,0,0,0,0,0,0,0,0,0,0,0,0,0,0,2,0,0
17807,0,0,0,0,0,0,0,0,0,0,0,0,0,0,0,2,0,0
17817,0,0,0,0,0,0,0,0,0,0,0,0,0,0,0,2,0,0
17827,0,0,0,0,0,0,0,0,0,0,0,0,0,0,0,2,0,0
17837,0,0,0,0,0,0,0,0,0,0,0,0,0,0,0,2,0,0
17847,0,0,0,0,0,0,0,0,0,0,0,0,0,0,0,2,0,0
17857,0,0,0,0,0,0,0,0,0,0,0,0,0,0,0,2,0,0
17867,0,0,0,0,0,0,0,0,0.002,0,0,0,0,0,0,2,0,0
17877,0,0,0,0,0,0,0,-0.001,0,0,0,0,0,0,0,2,0,0
17887,0,0,0,0,0,0,0,-0.001,-0.001,0,0,0,0,0,0,2,0,0
17897,0,0,0,0,0,0,0,-0.001,-0.001,0,0,0,-0.001,0,0,2,0,-0.001
17907,0,0,0,0,0,0,0,0,0.001,0,0,0,0,0,0,2,0,0
17917,0,0,0,0,0,0,0,0.001,0.001,0,0,0,0.001,0,0,2,0,0.001
17927,0,0,0,0,0,0,0,0,0,0,0,0,0,0,0,2,0,0
17937,0,0,0,0,0,0,0,0,0,0,0,0,0,0,0,2,0,0
17947,0,0,0,0,0,0,0,0,0,0,0,0,0,0,0,2,0,0
17957,0,0,0,0,0,0,0,0,0,0,0,0,0,0,0,2,0,0
17967,0,0,0,0,0,0,0,0,0,0,0,0,0,0,0,2,0,0
17977,0,0,0,0,0,0,0,0,0,0,0,0,0,0,0,2,0,0
17987,0,0,0,0,0,0,0,0,0,0,0,0,0,0,0,2,0,0
17997,0,0,0,0,0,0,0,0,0,0,0,0,0,0,0,2,0,0
18007,0,0,0,0,0,0,0,0,0,0,0,0,0,0,0,2,0,0
18017,0,0,0,0,0,0,0,0,0,0,0,0,0,0,0,2,0,0
18027,0,0,0,0,0,0,0,0,0,0,0,0,0,0,0,2,0,0
18037,0,0,0,0,0,0,0,0,0,0,0,0,0,0,0,2,0,0
18047,0,0,0,0,0,0,0,0,0,0,0,0,0,0,0,2,0,0
18057,0,0,0,0,0,0,0,0,0,0,0,0,0,0,0,2,0,0
18067,0,0,0,0,0,0,0,0,0,0,0,0,0,0,0,2,0,0
18077,0,0,0,0,0,0,0,0,0,0,0,0,0,0,0,2,0,0
18087,0,0,0,0,0,0,0,0,0,0,0,0,0,0,0,2,0,0
18097,0,0,0,0,0,0,0,0,0,0,0,0,0,0,0,2,0,0
18107,0,0,0,0,0,0,0,0,0,0,0,0,0,0,0,2,0,0
18117,0,0,0,0,0,0,0,0,0,0,0,0,0,0,0,2,0,0
18127,0,0,0,0,0,0,0,0,0,0,0,0,0,0,0,2,0,0
18137,0,0,0,0,0,0,0,0,0,0,0,0,0,0,0,2,0,0
18147,0,0,0,0,0,0,0,0,0,0,0,0,0,0,0,2,0,0
18157,0,0,0,0,0,0,0,0,0,0,0,0,0,0,0,2,0,0
18167,0,0,0,0,0,0,0,0,0,0,0,0,0,0,0,2,0,0
18177,0,0,0,0,0,0,0,0,0.001,0,0,0,0,0,0,2,0,0
18187,0,0,0,0,0,0,0,0,0,0,0,0,0,0,0,2,0,0
18197,0,0,0,0,0,0,0,0,0,0,0,0,0,0,0,2,0,0
18207,0,0,0,0,0,0,0,0,0,0,0,0,0,0,0,2,0,0
18217,0,0,0,0,0,0,0,0,0,0,0,0,0,0,0,2,0,0
18227,0,0,0,0,0,0,0,0.001,0,0,0,0,0,0,0,2,0,0
18237,0,0,0,0,0,0,0,0,0,0,0,0,0,0,0,2,0,0
18247,0,0,0,0,0,0,0,0,0,0,0,0,0,0,0,2,0,0
18257,0,0,0,0,0,0,0,0,0,0,0,0,0,0,0,2,0,0
18267,0,0,0,0,0,0,0,0,0,0,0,0,0,0,0,2,0,0
18277,0,0,0,0,0,0,0,0,0,0,0,0,0,0,0,2,0,0
18287,0,0,0,0,0,0,0,0,0,0,0,0,0,0,0,2,0,0
18297,0,0,0,0,0,0,0,0,-0.001,0,0,0,0,0,0,2,0,0
18307,0,0,0,0,0,0,0,0.001,0,0,0,0,0,0,0,2,0,0
18317,0,0,0,0,0,0,0,0.001,0.001,0,0,0,0,0,0,2,0,0
18327,0,0,0,0,0,0,0,0.001,0.001,0,0,0,0,0,0,2,0,0
18337,0,0,0,0,0,0,0,0,0.001,0,0,0,0,0,0,2,0,0
18347,0,0,0,0,0,0,0,0,-0.001,0,0,0,0,0,0,2,0,0
18357,0,0,0,0,0,0,0,0,0,0,0,0,0,0,0,2,0,0
18367,0,0,0,0,0,0,0,0,0.001,0,0,0,0,0,0,2,0,0
18377,0,0,0,0,0,0,0,0,0,0,0,0,0,0,0,2,0,0
18387,0,0,0,0,0,0,0,0,0,0,0,0,0,0,0,2,0,0
18397,0,0,0,0,0,0,0,0,0,0,0,0,0,0,0,2,0,0
18407,0,0,0,0,0,0,0,-0.001,0,0,0,0,0,0,0,2,0,0
18417,0,0,0,0,0,0,0,0,0,0,0,0,0,0,0,2,0,0
18427,0,0,0,0,0,0,0,-0.001,-0.001,0,0,0,0,0,0,2,0,0
18437,0,0,0,0,0,0,0,0.001,0,0,0,0,0,0,0,2,0,0
18447,0,0,0,0,0,0,0,0.001,0.001,0,0,0,0,0,0,2,0,0
18457,0,0,0,0,0,0,0,0,0.001,0,0,0,0,0,0,2,0,0
18467,0,0,0,0,0,0,0,-0.001,0,0,0,0,0,0,0,2,0,0
18477,0,0,0,0,0,0,0,0,-0.001,0,0,0,0,0,0,2,0,0
18487,0,0,0,0,0,0,0,-0.001,-0.001,0,0,0,-0.001,0,0,2,0,-0.001
18497,0,0,0,0,0,0,0,-0.001,-0.001,0,0,0,-0.001,0,0,2,0,-0.001
18507,0,0,0,0,0,0,0,0,0,0,0,0,0,0,0,2,0,0
18517,0,0,0,0,0,0,0,0,0.001,0,0,0,0,0,0,2,0,0
18527,0,0,0,0,0,0,0,0,0,0,0,0,0,0,0,2,0,0
18537,0,0,0,0,0,0,0,0,-0.001,0,0,0,0,0,0,2,0,0
18547,0,0,0,0,0,0,0,0,0,0,0,0,0,0,0,2,0,0
18557,0,0,0,0,0,0,0,0,0,0,0,0,0,0,0,2,0,0
18567,0,0,0,0,0,0,0,0,0,0,0,0,0,0,0,2,0,0
18577,0,0,0,0,0,0,0,0,0,0,0,0,0,0,0,2,0,0
18587,0,0,0,0,0,0,0,0,0,0,0,0,0,0,0,2,0,0
18597,0,0,0,0,0,0,0,0,0,0,0,0,0,0,0,2,0,0
18607,0,0,0,0,0,0,0,0,0,0,0,0,0,0,0,2,0,0
18617,0,0,0,0,0,0,0,0,0,0,0,0,0,0,0,2,0,0
18627,0,0,0,0,0,0,0,0.001,-0.001,0,0,0,0,0,0,2,0,0
18637,0,0,0,0,0,0,0,0,0,0,0,0,0,0,0,2,0,0
18647,0,0,0,0,0,0,0,0,0,0,0,0,0,0,0,2,0,0
18657,0,0,0,0,0,0,0,0,0,0,0,0,0,0,0,2,0,0
18667,0,0,0,0,0,0,0,0,0,0,0,0,0,0,0,2,0,0
18677,0,0,0,0,0,0,0,0,0,0,0,0,0,0,0,2,0,0
18687,0,0,0,0,0,0,0,0,0,0,0,0,0,0,0,2,0,0
18697,0,0,0,0,0,0,0,0,0,0,0,0,0,0,0,2,0,0
18707,0,0,0,0,0,0,0,-0.001,0,0,0,0,0,0,0,2,0,0
18717,0,0,0,0,0,0,0,0,-0.001,0,0,0,0,0,0,2,0,0
18727,0,0,0,0,0,0,0,0.001,0,0,0,0,0,0,0,2,0,0
18737,0,0,0,0,0,0,0,0,0,0,0,0,0,0,0,2,0,0
18747,0,0,0,0,0,0,0,0,0,0,0,0,0,0,0,2,0,0
18757,0,0,0,0,0,0,0,0,0,0,0,0,0,0,0,2,0,0
18767,0,0,0,0,0,0,0,0,0,0,0,0,0,0,0,2,0,0
18777,0,0,0,0,0,0,0,0.001,0,0,0,0,0,0,0,2,0,0
18787,0,0,0,0,0,0,0,0.001,0,0,0,0.001,0,0,0,2,0.001,0
18797,0,0,0,0,0,0,0,0,0,0,0,0,0,0,0,2,0,0
18807,0,0,0,0,0,0,0,0,0,0,0,0,0,0,0,2,0,0
18817,0,0,0,0,0,0,0,0,0,0,0,0,0,0,0,2,0,0
18827,0,0,0,0,0,0,0,0,0,0,0,0,0,0,0,2,0,0
18837,0,0,0,0,0,0,0,0,0,0,0,0,0,0,0,2,0,0
18847,0,0,0,0,0,0,0,-0.001,0,0,0,0,0,0,0,2,0,0
18857,0,0,0,0,0,0,0,0,0,0,0,0,0,0,0,2,0,0
18867,0,0,0,0,0,0,0,0,0,0,0,0,0,0,0,2,0,0
18877,0,0,0,0,0,0,0,0,-0.001,0,0,0,0,0,0,2,0,0
18887,0,0,0,0,0,0,0,0,0,0,0,0,0,0,0,2,0,0
18897,0,0,0,0,0,0,0,0,0,0,0,0,0,0,0,2,0,0
18907,0,0,0,0,0,0,0,0,0,0,0,0,0,0,0,2,0,0
18917,0,0,0,0,0,0,0,0,0,0,0,0,0,0,0,2,0,0
18927,0,0,0,0,0,0,0,0,0.001,0,0,0,0,0,0,2,0,0
18937,0,0,0,0,0,0,0,-0.001,0.001,0,0,0,0.001,0,0,2,0,0.001
18947,0,0,0,0,0,0,0,0,-0.001,0,0,0,0,0,0,2,0,0
18957,0,0,0,0,0,0,0,0,-0.002,0,0,0,-0.001,0,0,2,0,-0.001
18967,0,0,0,0,0,0,0,0,-0.002,0,0,0,-0.001,0,0,2,0,-0.001
18977,0,0,0,0,0,0,0,0,0,0,0,0,0,0,0,2,0,0
18987,0,0,0,0,0,0,0,-0.001,0,0,0,0,0,0,0,2,0,0
18997,0,0,0,0,0,0,0,-0.001,0,0,0,0,0,0,0,2,0,0
19007,0,0,0,0,0,0,0,0.001,-0.001,0,0,0,0,0,0,2,0,0
19017,0,0,0,0,0,0,0,0,0.002,0,0,0,0,0,0,2,0,0
19027,0,0,0,0,0,0,0,0.001,0.001,0,0,0,0.001,0,0,2,0,0.001
19037,0,0,0,0,0,0,0,0,0,0,0,0,0,0,0,2,0,0
19047,0,0,0,0,0,0,0,0,0,0,0,0,0,0,0,2,0,0
19057,0,0,0,0,0,0,0,0,0,0,0,0,0,0,0,2,0,0
19067,0,0,0,0,0,0,0,0,0,0,0,0,0,0,0,2,0,0
19077,0,0,0,0,0,0,0,0,0,0,0,0,0,0,0,2,0,0
19087,0,0,0,0,0,0,0,0,0,0,0,0,0,0,0,2,0,0
19097,0,0,0,0,0,0,0,0,0,0,0,0,0,0,0,2,0,0
19107,0,0,0,0,0,0,0,0,0,0,0,0,0,0,0,2,0,0
19117,0,0,0,0,0,0,0,0,0,0,0,0,0,0,0,2,0,0
19127,0,0,0,0,0,0,0,-0.001,0,0,0,0,0,0,0,2,0,0
19137,0,0,0,0,0,0,0,0,0,0,0,0,0,0,0,2,0,0
19147,0,0,0,0,0,0,0,0,0,0,0,0,0,0,0,2,0,0
19157,0,0,0,0,0,0,0,0.001,-0.001,0,0,0,0,0,0,2,0,0
19167,0,0,0,0,0,0,0,0,-0.001,0,0,0,0,0,0,2,0,0
19177,0,0,0,0,0,0,0,-0.002,0,0,0,0,0,0,0,2,0,0
19187,0,0,0,0,0,0,0,-0.001,0.001,0,0,0,0,0,0,2,0,0
19197,0,0,0,0,0,0,0,0.001,0.001,0,0,0,0,0,0,2,0,0
19207,0,0,0,0,0,0,0,0.001,0,0,0,0,0,0,0,2,0,0
19217,0,0,0,0,0,0,0,0,0,0,0,0,0,0,0,2,0,0
19227,0,0,0,0,0,0,0,0,0,0,0,0,0,0,0,2,0,0
19237,0,0,0,0,0,0,0,0,0,0,0,0,0,0,0,2,0,0
19247,0,0,0,0,0,0,0,0,0,0,0,0,0,0,0,2,0,0
19257,0,0,0,0,0,0,0,0,0,0,0,0,0,0,0,2,0,0
19267,0,0,0,0,0,0,0,0,0,0,0,0,0,0,0,2,0,0
19277,0,0,0,0,0,0,0,-0.001,0,0,0,0,0,0,0,2,0,0
19287,0,0,0,0,0,0,0,-0.001,0,0,0,0,0,0,0,2,0,0
19297,0,0,0,0,0,0,0,0.001,0,0,0,0,0,0,0,2,0,0
19307,0,0,0,0,0,0,0,0.001,-0.002,0,0,0,-0.001,0,0,2,0,-0.001
19317,0,0,0,0,0,0,0,0,0,0,0,0,-0.001,0,0,2,0,-0.001
19327,0,0,0,0,0,0,0,0,0.001,0,0,0,0,0,0,2,0,0
19337,0,0,0,0,0,0,0,0,0,0,0,0,0.001,0,0,2,0,0.001
19347,0,0,0,0,0,0,0,0,-0.001,0,0,0,0,0,0,2,0,0
19357,0,0,0,0,0,0,0,0,0,0,0,0,-0.001,0,0,2,0,-0.001
19367,0,0,0,0,0,0,0,-0.001,0,0,0,0,0,0,0,2,0,0
19377,0,0,0,0,0,0,0,0,0,0,0,0,0,0,0,2,0,0
19387,0,0,0,0,0,0,0,0,0.001,0,0,0,0.001,0,0,2,0,0.001
19397,0,0,0,0,0,0,0,0,0,0,0,0,0.001,0,0,2,0,0.001
19407,0,0,0,0,0,0,0,0,0,0,0,0,0,0,0,2,0,0
19417,0,0,0,0,0,0,0,0,0,0,0,0,0,0,0,2,0,0
19427,0,0,0,0,0,0,0,0,0,0,0,0,0,0,0,2,0,0
19437,0,0,0,0,0,0,0,0,0,0,0,0,0,0,0,2,0,0
19447,0,0,0,0,0,0,0,0,0,0,0,0,0,0,0,2,0,0
19457,0,0,0,0,0,0,0,0,0,0,0,0,0,0,0,2,0,0
19467,0,0,0,0,0,0,0,-0.001,0,0,0,0,0,0,0,2,0,0
19477,0,0,0,0,0,0,0,0,0,0,0,0,0,0,0,2,0,0
19487,0,0,0,0,0,0,0,0.001,0,0,0,0,0,0,0,2,0,0
19497,0,0,0,0,0,0,0,0,0,0,0,0,0,0,0,2,0,0
19507,0,0,0,0,0,0,0,0,0,0,0,0,0,0,0,2,0,0
19517,0,0,0,0,0,0,0,0,0.002,0,0,0,0.001,0,0,2,0,0.001
19527,0,0,0,0,0,0,0,-0.001,0.003,0,0,0,0.002,0,0,2,0,0.002
19537,0,0,0,0,0,0,0,-0.001,0.001,0,0,0,0.001,0,0,2,0,0.001
19547,0,0,0,0,0,0,0,0,-0.001,0,0,0,0,0,0,2,0,0
19557,0,0,0,0,0,0,0,0.001,-0.002,0,0,0,0,0,0,2,0,0
19567,0,0,0,0,0,0,0,0.001,-0.001,0,0,0,-0.001,0,0,2,0,-0.001
19577,0,0,0,0,0,0,0,0,0,0,0,0,0,0,0,2,0,0
19587,0,0,0,0,0,0,0,0,0,0,0,0,0,0,0,2,0,0
19597,0,0,0,0,0,0,0,0,0,0,0,0,0,0,0,2,0,0
19607,0,0,0,0,0,0,0,0,0,0,0,0,0,0,0,2,0,0
19617,0,0,0,0,0,0,0,0,0,0,0,0,0,0,0,2,0,0
19627,0,0,0,0,0,0,0,0,0,0,0,0,0,0,0,2,0,0
19637,0,0,0,0,0,0,0,0,0,0,0,0,0,0,0,2,0,0
19647,0,0,0,0,0,0,0,0,0,0,0,0,0,0,0,2,0,0
19657,0,0,0,0,0,0,0,0,0,0,0,0,0,0,0,2,0,0
19667,0,0,0,0,0,0,0,0,0,0,0,0,0,0,0,2,0,0
19677,0,0,0,0,0,0,0,0,0,0,0,0,0,0,0,2,0,0
19687,0,0,0,0,0,0,0,0,0,0,0,0,0,0,0,2,0,0
19697,0,0,0,0,0,0,0,0,0.001,0,0,0,0,0,0,2,0,0
19707,0,0,0,0,0,0,0,0,-0.001,0,0,0,0,0,0,2,0,0
19717,0,0,0,0,0,0,0,-0.001,-0.001,0,0,0,0,0,0,2,0,0
19727,0,0,0,0,0,0,0,0,-0.002,0,0,0,-0.001,0,0,2,0,-0.001
19737,0,0,0,0,0,0,0,0,0,0,0,0,0,0,0,2,0,0
19747,0,0,0,0,0,0,0,0.001,-0.001,0,0,0,0,0,0,2,0,0
19757,0,0,0,0,0,0,0,-0.001,0.001,0,0,0,0,0,0,2,0,0
19767,0,0,0,0,0,0,0,0,0.001,0,0,0,0,0,0,2,0,0
19777,0,0,0,0,0,0,0,0.001,0,0,0,0,0,0,0,2,0,0
19787,0,0,0,0,0,0,0,0,0,0,0,0,0,0,0,2,0,0
19797,0,0,0,0,0,0,0,0,-0.001,0,0,0,0,0,0,2,0,0
19807,0,0,0,0,0,0,0,0,0,0,0,0,0,0,0,2,0,0
19817,0,0,0,0,0,0,0,0,0,0,0,0,0,0,0,2,0,0
19827,0,0,0,0,0,0,0,0.001,0,0,0,0,0,0,0,2,0,0
19837,0,0,0,0,0,0,0,0,0,0,0,0,0,0,0,2,0,0
19847,0,0,0,0,0,0,0,0,0.001,0,0,0,0,0,0,2,0,0
19857,0,0,0,0,0,0,0,0.001,0.002,0,0,0,0.001,0,0,2,0,0.001
19867,0,0,0,0,0,0,0,0,0.002,0,0,0,0.001,0,0,2,0,0.001
19877,0,0,0,0,0,0,0,0,0.001,0,0,0,0.001,0,0,2,0,0.001
19887,0,0,0,0,0,0,0,-0.001,0,0,0,0,0,0,0,2,0,0
19897,0,0,0,0,0,0,0,0,0,0,0,0,0,0,0,2,0,0
19907,0,0,0,0,0,0,0,0.001,-0.001,0,0,0,0,0,0,2,0,0
19917,0,0,0,0,0,0,0,0.001,-0.001,0,0,0,0,0,0,2,0,0
19927,0,0,0,0,0,0,0,0,0,0,0,0,-0.001,0,0,2,0,-0.001
19937,0,0,0,0,0,0,0,0,0,0,0,0,0,0,0,2,0,0
19947,0,0,0,0,0,0,0,0,0,0,0,0,0,0,0,2,0,0
19957,0,0,0,0,0,0,0,0,0.002,0,0,0,0.001,0,0,2,0,0.001
19967,0,0,0,0,0,0,0,0,0,0,0,0,0,0,0,2,0,0
19977,0,0,0,0,0,0,0,0,-0.001,0,0,0,0,0,0,2,0,0
19987,0,0,0,0,0,0,0,0.001,0,0,0,0,0,0,0,2,0,0
19997,0,0,0,0,0,0,0,0,0,0,0,0,0,0,0,2,0,0
20007,0,0,0,0,0,0,0,-0.001,0.001,0,0,0,0,0,0,2,0,0
20017,0,0,0,0,0,0,0,0,0,0,0,0,0,0,0,2,0,0
20027,0,0,0,0,0,0,0,0,-0.001,0,0,0,0,0,0,2,0,0
20037,0,0,0,0,0,0,0,0.001,0,0,0,0,0,0,0,2,0,0
20047,0,0,0,0,0,0,0,0.001,-0.001,0,0,0,-0.001,0,0,2,0,-0.001
20057,0,0,0,0,0,0,0,0,0,0,0,0,-0.001,0,0,2,0,-0.001
20067,0,0,0,0,0,0,0,0,0.001,0,0,0,0,0,0,2,0,0
20077,0,0,0,0,0,0,0,0,0,0,0,0,0,0,0,2,0,0
20087,0,0,0,0,0,0,0,0,0,0,0,0,0,0,0,2,0,0
20097,0,0,0,0,0,0,0,0,0,0,0,0,0,0,0,2,0,0
20107,0,0,0,0,0,0,0,0,0,0,0,0,0,0,0,2,0,0
20117,0,0,0,0,0,0,0,0,0,0,0,0,0,0,0,2,0,0
20127,0,0,0,0,0,0,0,0,0.001,0,0,0,0,0,0,2,0,0
20137,0,0,0,0,0,0,0,0,0,0,0,0,0,0,0,2,0,0
20147,0,0,0,0,0,0,0,0,-0.001,0,0,0,0,0,0,2,0,0
20157,0,0,0,0,0,0,0,0,0,0,0,0,0,0,0,2,0,0
20167,0,0,0,0,0,0,0,0,0,0,0,0,0,0,0,2,0,0
20177,0,0,0,0,0,0,0,0.001,-0.001,0,0,0,0,0,0,2,0,0
20187,0,0,0,0,0,0,0,0,0,0,0,0,0,0,0,2,0,0
20197,0,0,0,0,0,0,0,0,0.001,0,0,0,0,0,0,2,0,0
20207,0,0,0,0,0,0,0,0,0.002,0,0,0,0.001,0,0,2,0,0.001
20217,0,0,0,0,0,0,0,0,0,0,0,0,0.001,0,0,2,0,0.001
20227,0,0,0,0,0,0,0,0,0,0,0,0,0,0,0,2,0,0
20237,0,0,0,0,0,0,0,0.001,0.001,0,0,0,0.001,0,0,2,0,0.001
20247,0,0,0,0,0,0,0,0.003,0.002,0,0,0,0.001,0,0,2,0,0.001
20257,0,0,0,0,0,0,0,0.003,0,0,0,0,0,0,0,2,0,0
20267,0,0,0,0,0,0,0,-0.003,-0.001,0,0,0,0,0,0,2,0,0
20277,0,0,0,0,0,0,0,-0.004,-0.003,0,0,-0.001,-0.001,0,0,2,-0.001,-0.001
20287,0,0,0,0,0,0,0,-0.003,0,0,0,-0.001,-0.001,0,0,2,-0.001,-0.001
20297,0,0,0,0,0,0,0,0,0.001,0,0,0,0,0,0,2,0,0
20307,0,0,0,0,0,0,0,0.001,0.003,0,0,0,0,0,0,2,0,0
20317,0,0,0,0,0,0,0,0.002,0.001,0,0,0,0.001,0,0,2,0,0.001
20327,0,0,0,0,0,0,0,0.004,-0.002,0,0,0,0,0,0,2,0,0
20337,0,0,0,0,0,0,0,0,-0.002,0,0,0,-0.001,0,0,2,0,-0.001
20347,0,0,0,0,0,0,0,-0.002,0.001,0,0,0,0,0,0,2,0,0
20357,0,0,0,0,0,0,0,-0.003,0.003,0,0,0,0.001,0,0,2,0,0.001
20367,0,0,0,0,0,0,0,0,0,0,0,0,0.001,0,0,2,0,0.001
20377,0,0,0,0,0,0,0,0,-0.001,0,0,0,0,0,0,2,0,0
20387,0,0,0,0,0,0,0,0.001,-0.001,0,0,0,0,0,0,2,0,0
20397,0,0,0,0,0,0,0,0,-0.001,0,0,0,-0.001,0,0,2,0,-0.001
20407,0,0,0,0,0,0,0,0,0,0,0,0,-0.001,0,0,2,0,-0.001
20417,0,0,0,0,0,0,0,-0.001,0,0,0,0,0,0,0,2,0,0
20427,0,0,0,0,0,0,0,-0.001,0.001,0,0,0,0,0,0,2,0,0
20437,0,0,0,0,0,0,0,0,0.001,0,0,0,0.001,0,0,2,0,0.001
20447,0,0,0,0,0,0,0,0,0,0,0,0,0,0,0,2,0,0
20457,0,0,0,0,0,0,0,0,-0.001,0,0,0,0,0,0,2,0,0
20467,0,0,0,0,0,0,0,0,-0.001,0,0,0,0,0,0,2,0,0
20477,0,0,0,0,0,0,0,0,0,0,0,0,0,0,0,2,0,0
20487,0,0,0,0,0,0,0,0.003,0.001,0,0,0,0,0,0,2,0,0
20497,0,0,0,0,0,0,0,0.001,0.003,0,0,0,0.001,0,0,2,0,0.001
20507,0,0,0,0,0,0,0,-0.001,0.001,0,0,0,0.001,0,0,2,0,0.001
20517,0,0,0,0,0,0,0,-0.001,-0.002,0,0,0,0,0,0,2,0,0
20527,0,0,0,0,0,0,0,0,-0.001,0,0,0,-0.001,0,0,2,0,-0.001
20537,0,0,0,0,0,0,0,0.001,-0.001,0,0,0,0,0,0,2,0,0
20547,0,0,0,0,0,0,0,0,-0.001,0,0,0,0,0,0,2,0,0
20557,0,0,0,0,0,0,0,0,0.001,0,0,0,0,0,0,2,0,0
20567,0,0,0,0,0,0,0,0,0.002,0,0,0,0.001,0,0,2,0,0.001
20577,0,0,0,0,0,0,0,0,0.001,0,0,0,0,0,0,2,0,0
20587,0,0,0,0,0,0,0,0,0,0,0,0,0,0,0,2,0,0
20597,0,0,0,0,0,0,0,0,-0.002,0,0,0,-0.001,0,0,2,0,-0.001
20607,0,0,0,0,0,0,0,0,-0.002,0,0,0,-0.001,0,0,2,0,-0.001
20617,0,0,0,0,0,0,0,0,0,0,0,0,-0.001,0,0,2,0,-0.001
20627,0,0,0,0,0,0,0,0,0.001,0,0,0,0,0,0,2,0,0
20637,0,0,0,0,0,0,0,0,0,0,0,0,0,0,0,2,0,0
20647,0,0,0,0,0,0,0,0,0,0,0,0,0,0,0,2,0,0
20657,0,0,0,0,0,0,0,0,0,0,0,0,0,0,0,2,0,0
20667,0,0,0,0,0,0,0,0,-0.001,0,0,0,0,0,0,2,0,0
20677,0,0,0,0,0,0,0,0,-0.001,0,0,0,0,0,0,2,0,0
20687,0,0,0,0,0,0,0,0,-0.001,0,0,0,0,0,0,2,0,0
20697,0,0,0,0,0,0,0,0,0,0,0,0,0,0,0,2,0,0
20707,0,0,0,0,0,0,0,0,-0.001,0,0,0,0,0,0,2,0,0
20717,0,0,0,0,0,0,0,0,0,0,0,0,0,0,0,2,0,0
20727,0,0,0,0,0,0,0,0,0.003,0,0,0,0.001,0,0,2,0,0.001
20737,0,0,0,0,0,0,0,-0.002,0.005,0,0,0,0.001,0,0,2,0,0.001
20747,0,0,0,0,0,0,0,0.002,0,0,0,0,0.001,0,0,2,0,0.001
20757,0,0,0,0,0,0,0,0.001,-0.005,0,0,0,0,0,0,2,0,0
20767,0,0,0,0,0,0,0,0,-0.004,0,0,0,-0.002,0,0,2,0,-0.002
20777,0,0,0,0,0,0,0,-0.001,0,0,0,0,-0.001,0,0,2,0,-0.001
20787,0,0,0,0,0,0,0,-0.001,0.001,0,0,0,0,0,0,2,0,0
20797,0,0,0,0,0,0,0,0.001,0.001,0,0,0,0,0,0,2,0,0
20807,0,0,0,0,0,0,0,0.001,0.001,0,0,0,0,0,0,2,0,0
20817,0,0,0,0,0,0,0,0,0,0,0,0,0,0,0,2,0,0
20827,0,0,0,0,0,0,0,-0.001,-0.001,0,0,0,0,0,0,2,0,0
20837,0,0,0,0,0,0,0,0,-0.001,0,0,0,-0.001,0,0,2,0,-0.001
20847,0,0,0,0,0,0,0,0,0,0,0,0,0,0,0,2,0,0
20857,0,0,0,0,0,0,0,0,0,0,0,0,0,0,0,2,0,0
20867,0,0,0,0,0,0,0,0,0,0,0,0,0,0,0,2,0,0
20877,0,0,0,0,0,0,0,0,0,0,0,0,0,0,0,2,0,0
20887,0,0,0,0,0,0,0,0,0,0,0,0,0,0,0,2,0,0
20897,0,0,0,0,0,0,0,0,0,0,0,0,0,0,0,2,0,0
20907,0,0,0,0,0,0,0,0,0,0,0,0,0,0,0,2,0,0
20917,0,0,0,0,0,0,0,0,0,0,0,0,0,0,0,2,0,0
20927,0,0,0,0,0,0,0,0,0,0,0,0,0,0,0,2,0,0
20937,0,0,0,0,0,0,0,0,0,0,0,0,0,0,0,2,0,0
20947,0,0,0,0,0,0,0,0,0,0,0,0,0,0,0,2,0,0
20957,0,0,0,0,0,0,0,-0.001,0,0,0,0,0,0,0,2,0,0
20967,0,0,0,0,0,0,0,0,0,0,0,0,0,0,0,2,0,0
20977,0,0,0,0,0,0,0,0.001,0,0,0,0,0,0,0,2,0,0
20987,0,0,0,0,0,0,0,0.002,0.001,0,0,0.001,0.001,0,0,2,0.001,0.001
20997,0,0,0,0,0,0,0,0,0.002,0,0,0,0.001,0,0,2,0,0.001
21007,0,0,0,0,0,0,0,0,-0.001,0,0,0,0,0,0,2,0,0
21017,0,0,0,0,0,0,0,0,-0.002,0,0,0,-0.001,0,0,2,0,-0.001
21027,0,0,0,0,0,0,0,0.001,0,0,0,0,-0.001,0,0,2,0,-0.001
21037,0,0,0,0,0,0,0,0,0.002,0,0,0,0.001,0,0,2,0,0.001
21047,0,0,0,0,0,0,0,0,0.002,0,0,0,0.001,0,0,2,0,0.001
21057,0,0,0,0,0,0,0,-0.001,0,0,0,0,0.001,0,0,2,0,0.001
21067,0,0,0,0,0,0,0,0,-0.001,0,0,0,0,0,0,2,0,0
21077,0,0,0,0,0,0,0,0.001,-0.001,0,0,0,0,0,0,2,0,0
21087,0,0,0,0,0,0,0,0.002,-0.002,0,0,0,-0.001,0,0,2,0,-0.001
21097,0,0,0,0,0,0,0,0,0,0,0,0,-0.001,0,0,2,0,-0.001
21107,0,0,0,0,0,0,0,-0.001,0.002,0,0,0,0,0,0,2,0,0
21117,0,0,0,0,0,0,0,0,0.001,0,0,0,0.001,0,0,2,0,0.001
21127,0,0,0,0,0,0,0,0.001,-0.002,0,0,0,0,0,0,2,0,0
21137,0,0,0,0,0,0,0,0,-0.001,0,0,0,-0.001,0,0,2,0,-0.001
21147,0,0,0,0,0,0,0,0,0,0,0,0,0,0,0,2,0,0
21157,0,0,0,0,0,0,0,0,-0.001,0,0,0,0,0,0,2,0,0
21167,0,0,0,0,0,0,0,0,0,0,0,0,0,0,0,2,0,0
21177,0,0,0,0,0,0,0,0,0,0,0,0,0.001,0,0,2,0,0.001
21187,0,0,0,0,0,0,0,0,0.001,0,0,0,0,0,0,2,0,0
21197,0,0,0,0,0,0,0,-0.001,0,0,0,0,0,0,0,2,0,0
21207,0,0,0,0,0,0,0,0,0,0,0,0,0,0,0,2,0,0
21217,0,0,0,0,0,0,0,0,-0.001,0,0,0,0,0,0,2,0,0
21227,0,0,0,0,0,0,0,0,0,0,0,0,0,0,0,2,0,0
21237,0,0,0,0,0,0,0,0,0,0,0,0,0,0,0,2,0,0
21247,0,0,0,0,0,0,0,0,0.001,0,0,0,0.001,0,0,2,0,0.001
21257,0,0,0,0,0,0,0,0,0,0,0,0,0,0,0,2,0,0
21267,0,0,0,0,0,0,0,0,0,0,0,0,0,0,0,2,0,0
21277,0,0,0,0,0,0,0,0,0,0,0,0,0,0,0,2,0,0
21287,0,0,0,0,0,0,0,0,0,0,0,0,0,0,0,2,0,0
21297,0,0,0,0,0,0,0,0,0,0,0,0,0,0,0,2,0,0
21307,0,0,0,0,0,0,0,0,0,0,0,0,0,0,0,2,0,0
21317,0,0,0,0,0,0,0,0,0,0,0,0,0,0,0,2,0,0
21327,0,0,0,0,0,0,0,0,0,0,0,0,0,0,0,2,0,0
21337,0,0,0,0,0,0,0,0,0,0,0,0,0,0,0,2,0,0
21347,0,0,0,0,0,0,0,0.002,-0.001,0,0,0.001,0,0,0,2,0.001,0
21357,0,0,0,0,0,0,0,0,-0.001,0,0,0,-0.001,0,0,2,0,-0.001
21367,0,0,0,0,0,0,0,-0.001,0,0,0,0,0,0,0,2,0,0
21377,0,0,0,0,0,0,0,-0.001,0,0,0,0,0,0,0,2,0,0
21387,0,0,0,0,0,0,0,0,0.002,0,0,0,0,0,0,2,0,0
21397,0,0,0,0,0,0,0,0,0.002,0,0,0,0.002,0,0,2,0,0.002
21407,0,0,0,0,0,0,0,0,0.002,0,0,0,0.001,0,0,2,0,0.001
21417,0,0,0,0,0,0,0,0.001,0,0,0,0,0.001,0,0,2,0,0.001
21427,0,0,0,0,0,0,0,0.002,-0.003,0,0,0,0,0,0,2,0,0
21437,0,0,0,0,0,0,0,-0.001,-0.001,0,0,0,-0.001,0,0,2,0,-0.001
21447,0,0,0,0,0,0,0,-0.002,0.002,0,0,-0.001,0,0,0,2,-0.001,0
21457,0,0,0,0,0,0,0,0,0.002,0,0,0,0.001,0,0,2,0,0.001
21467,0,0,0,0,0,0,0,0,-0.001,0,0,0,0,0,0,2,0,0
21477,0,0,0,0,0,0,0,0.001,-0.002,0,0,0,-0.001,0,0,2,0,-0.001
21487,0,0,0,0,0,0,0,0,-0.001,0,0,0,-0.001,0,0,2,0,-0.001
21497,0,0,0,0,0,0,0,0,0,0,0,0,0,0,0,2,0,0
21507,0,0,0,0,0,0,0,0,0.001,0,0,0,0,0,0,2,0,0
21517,0,0,0,0,0,0,0,0,0,0,0,0,0,0,0,2,0,0
21527,0,0,0,0,0,0,0,0,0,0,0,0,0,0,0,2,0,0
21537,0,0,0,0,0,0,0,0,0,0,0,0,0,0,0,2,0,0
21547,0,0,0,0,0,0,0,0,0,0,0,0,0,0,0,2,0,0
21557,0,0,0,0,0,0,0,0,0,0,0,0,0,0,0,2,0,0
21567,0,0,0,0,0,0,0,0,0.001,0,0,0,0,0,0,2,0,0
21577,0,0,0,0,0,0,0,0,0,0,0,0,0,0,0,2,0,0
21587,0,0,0,0,0,0,0,0,-0.001,0,0,0,0,0,0,2,0,0
21597,0,0,0,0,0,0,0,0,0,0,0,0,0,0,0,2,0,0
21607,0,0,0,0,0,0,0,0,0,0,0,0,0,0,0,2,0,0
21617,0,0,0,0,0,0,0,0,0,0,0,0,0,0,0,2,0,0
21627,0,0,0,0,0,0,0,0,0,0,0,0,0,0,0,2,0,0
21637,0,0,0,0,0,0,0,0,0,0,0,0,0,0,0,2,0,0
21647,0,0,0,0,0,0,0,0,0,0,0,0,0,0,0,2,0,0
21657,0,0,0,0,0,0,0,0,0,0,0,0,0,0,0,2,0,0
21667,0,0,0,0,0,0,0,0,0,0,0,0,0,0,0,2,0,0
21677,0,0,0,0,0,0,0,0,0,0,0,0,0,0,0,2,0,0
21687,0,0,0,0,0,0,0,0,0,0,0,0,0,0,0,2,0,0
21697,0,0,0,0,0,0,0,0,-0.001,0,0,0,0,0,0,2,0,0
21707,0,0,0,0,0,0,0,0,0,0,0,0,0,0,0,2,0,0
21717,0,0,0,0,0,0,0,0,0,0,0,0,0,0,0,2,0,0
21727,0,0,0,0,0,0,0,0,0,0,0,0,0,0,0,2,0,0
21737,0,0,0,0,0,0,0,0,0,0,0,0,0,0,0,2,0,0
21747,0,0,0,0,0,0,0,0,0,0,0,0,0,0,0,2,0,0
21757,0,0,0,0,0,0,0,0,0,0,0,0,0,0,0,2,0,0
21767,0,0,0,0,0,0,0,0,0,0,0,0,0,0,0,2,0,0
21777,0,0,0,0,0,0,0,0,0,0,0,0,0,0,0,2,0,0
21787,0,0,0,0,0,0,0,0,0,0,0,0,0,0,0,2,0,0
21797,0,0,0,0,0,0,0,0,0,0,0,0,0,0,0,2,0,0
21807,0,0,0,0,0,0,0,0,0,0,0,0,0,0,0,2,0,0
21817,0,0,0,0,0,0,0,0,0,0,0,0,0,0,0,2,0,0
21827,0,0,0,0,0,0,0,0,0,0,0,0,0,0,0,2,0,0
21837,0,0,0,0,0,0,0,0,0,0,0,0,0,0,0,2,0,0
21847,0,0,0,0,0,0,0,0,0,0,0,0,0,0,0,2,0,0
21857,0,0,0,0,0,0,0,0,0,0,0,0,0,0,0,2,0,0
21867,0,0,0,0,0,0,0,-0.001,0,0,0,0,0,0,0,2,0,0
21877,0,0,0,0,0,0,0,0,-0.001,0,0,0,0,0,0,2,0,0
21887,0,0,0,0,0,0,0,0,-0.001,0,0,0,0,0,0,2,0,0
21897,0,0,0,0,0,0,0,0.002,-0.001,0,0,0,-0.001,0,0,2,0,-0.001
21907,0,0,0,0,0,0,0,0,-0.001,0,0,0,0,0,0,2,0,0
21917,0,0,0,0,0,0,0,0,0,0,0,0,0,0,0,2,0,0
21927,0,0,0,0,0,0,0,0,0,0,0,0,0,0,0,2,0,0
21937,0,0,0,0,0,0,0,0,0,0,0,0,0,0,0,2,0,0
21947,0,0,0,0,0,0,0,0.001,0.001,0,0,0,0,0,0,2,0,0
21957,0,0,0,0,0,0,0,0,0,0,0,0,0,0,0,2,0,0
21967,0,0,0,0,0,0,0,0,0,0,0,0,0,0,0,2,0,0
21977,0,0,0,0,0,0,0,0,0,0,0,0,0,0,0,2,0,0
21987,0,0,0,0,0,0,0,0,0.001,0,0,0,0,0,0,2,0,0
21997,0,0,0,0,0,0,0,0,0,0,0,0,0,0,0,2,0,0
22007,0,0,0,0,0,0,0,0,-0.001,0,0,0,0,0,0,2,0,0
22017,0,0,0,0,0,0,0,0,-0.001,0,0,0,0,0,0,2,0,0
22027,0,0,0,0,0,0,0,0,0,0,0,0,-0.001,0,0,2,0,-0.001
22037,0,0,0,0,0,0,0,0,0,0,0,0,0,0,0,2,0,0
22047,0,0,0,0,0,0,0,0,0,0,0,0,0,0,0,2,0,0
22057,0,0,0,0,0,0,0,0,0,0,0,0,0,0,0,2,0,0
22067,0,0,0,0,0,0,0,0,0,0,0,0,0,0,0,2,0,0
22077,0,0,0,0,0,0,0,0,0,0,0,0,0,0,0,2,0,0
22087,0,0,0,0,0,0,0,0,0,0,0,0,0,0,0,2,0,0
22097,0,0,0,0,0,0,0,0,0,0,0,0,0,0,0,2,0,0
22107,0,0,0,0,0,0,0,0,0,0,0,0,0,0,0,2,0,0
22117,0,0,0,0,0,0,0,0,0,0,0,0,0,0,0,2,0,0
22127,0,0,0,0,0,0,0,0,0,0,0,0,0,0,0,2,0,0
22137,0,0,0,0,0,0,0,0,0,0,0,0,0,0,0,2,0,0
22147,0,0,0,0,0,0,0,0,-0.001,0,0,0,0,0,0,2,0,0
22157,0,0,0,0,0,0,0,-0.001,0,0,0,0,0,0,0,2,0,0
22167,0,0,0,0,0,0,0,0,0.001,0,0,0,0,0,0,2,0,0
22177,0,0,0,0,0,0,0,0,0,0,0,0,0,0,0,2,0,0
22187,0,0,0,0,0,0,0,0,0,0,0,0,0,0,0,2,0,0
22197,0,0,0,0,0,0,0,0,0,0,0,0,0,0,0,2,0,0
22207,0,0,0,0,0,0,0,0.001,-0.001,0,0,0,0,0,0,2,0,0
22217,0,0,0,0,0,0,0,0.001,0,0,0,0,0,0,0,2,0,0
22227,0,0,0,0,0,0,0,0,0,0,0,0,0,0,0,2,0,0
22237,0,0,0,0,0,0,0,0,0,0,0,0,0,0,0,2,0,0
22247,0,0,0,0,0,0,0,0,0,0,0,0,0,0,0,2,0,0
22257,0,0,0,0,0,0,0,0,0,0,0,0,0,0,0,2,0,0
22267,0,0,0,0,0,0,0,0,0,0,0,0,0,0,0,2,0,0
22277,0,0,0,0,0,0,0,0,0,0,0,0,0,0,0,2,0,0
22287,0,0,0,0,0,0,0,0,0,0,0,0,0,0,0,2,0,0
22297,0,0,0,0,0,0,0,0,0,0,0,0,0,0,0,2,0,0
22307,0,0,0,0,0,0,0,0,0,0,0,0,0,0,0,2,0,0
22317,0,0,0,0,0,0,0,-0.001,0,0,0,0,0,0,0,2,0,0
22327,0,0,0,0,0,0,0,0,-0.001,0,0,0,0,0,0,2,0,0
22337,0,0,0,0,0,0,0,-0.002,0,0,0,0,-0.001,0,0,2,0,-0.001
22347,0,0,0,0,0,0,0,-0.001,0.001,0,0,0,0,0,0,2,0,0
22357,0,0,0,0,0,0,0,0.001,0,0,0,0,0,0,0,2,0,0
22367,0,0,0,0,0,0,0,0.001,-0.001,0,0,0,0,0,0,2,0,0
22377,0,0,0,0,0,0,0,0,0,0,0,0,-0.001,0,0,2,0,-0.001
22387,0,0,0,0,0,0,0,0,0.001,0,0,0,0,0,0,2,0,0
22397,0,0,0,0,0,0,0,0,0,0,0,0,0,0,0,2,0,0
22407,0,0,0,0,0,0,0,0,0,0,0,0,0,0,0,2,0,0
22417,0,0,0,0,0,0,0,0,0,0,0,0,0,0,0,2,0,0
22427,0,0,0,0,0,0,0,0,0,0,0,0,0,0,0,2,0,0
22437,0,0,0,0,0,0,0,0,0,0,0,0,0,0,0,2,0,0
22447,0,0,0,0,0,0,0,0,0,0,0,0,0,0,0,2,0,0
22457,0,0,0,0,0,0,0,0,0,0,0,0,0,0,0,2,0,0
22467,0,0,0,0,0,0,0,0,0,0,0,0,0,0,0,2,0,0
22477,0,0,0,0,0,0,0,0,0,0,0,0,0,0,0,2,0,0
22487,0,0,0,0,0,0,0,0,0,0,0,0,0,0,0,2,0,0
22497,0,0,0,0,0,0,0,0,0,0,0,0,0,0,0,2,0,0
22507,0,0,0,0,0,0,0,0,0,0,0,0,0,0,0,2,0,0
22517,0,0,0,0,0,0,0,0,0,0,0,0,0,0,0,2,0,0
22527,0,0,0,0,0,0,0,0,0,0,0,0,0,0,0,2,0,0
22537,0,0,0,0,0,0,0,0,0,0,0,0,0,0,0,2,0,0
22547,0,0,0,0,0,0,0,0,0,0,0,0,0,0,0,2,0,0
22557,0,0,0,0,0,0,0,0,0,0,0,0,0,0,0,2,0,0
22567,0,0,0,0,0,0,0,0,0,0,0,0,0,0,0,2,0,0
22577,0,0,0,0,0,0,0,0,0,0,0,0,0,0,0,2,0,0
22587,0,0,0,0,0,0,0,0,0,0,0,0,0,0,0,2,0,0
22597,0,0,0,0,0,0,0,0,0,0,0,0,0,0,0,2,0,0
22607,0,0,0,0,0,0,0,0,0,0,0,0,0,0,0,2,0,0
22617,0,0,0,0,0,0,0,0,0,0,0,0,0,0,0,2,0,0
22627,0,0,0,0,0,0,0,0,0,0,0,0,0,0,0,2,0,0
22637,0,0,0,0,0,0,0,0,0,0,0,0,0,0,0,2,0,0
22647,0,0,0,0,0,0,0,0,0,0,0,0,0,0,0,2,0,0
22657,0,0,0,0,0,0,0,0,0,0,0,0,0,0,0,2,0,0
22667,0,0,0,0,0,0,0,0,0,0,0,0,0,0,0,2,0,0
22677,0,0,0,0,0,0,0,0,0,0,0,0,0,0,0,2,0,0
22687,0,0,0,0,0,0,0,0,0,0,0,0,0,0,0,2,0,0
22697,0,0,0,0,0,0,0,0,0,0,0,0,-0.001,0,0,2,0,-0.001
22707,0,0,0,0,0,0,0,0,0,0,0,0,0,0,0,2,0,0
22717,0,0,0,0,0,0,0,0,0,0,0,0,0,0,0,2,0,0
22727,0,0,0,0,0,0,0,0,0,0,0,0,0,0,0,2,0,0
22737,0,0,0,0,0,0,0,0,0,0,0,0,0,0,0,2,0,0
22747,0,0,0,0,0,0,0,0,0,0,0,0,0,0,0,2,0,0
22757,0,0,0,0,0,0,0,0,0,0,0,0,0,0,0,2,0,0
22767,0,0,0,0,0,0,0,0,0,0,0,0,0,0,0,2,0,0
22777,0,0,0,0,0,0,0,0,0,0,0,0,0,0,0,2,0,0
22787,0,0,0,0,0,0,0,0,0,0,0,0,0,0,0,2,0,0
22797,0,0,0,0,0,0,0,0,-0.001,0,0,0,0,0,0,2,0,0
22807,0,0,0,0,0,0,0,0.001,-0.001,0,0,0,0,0,0,2,0,0
22817,0,0,0,0,0,0,0,0,0,0,0,0,0,0,0,2,0,0
22827,0,0,0,0,0,0,0,0,0,0,0,0,0,0,0,2,0,0
22837,0,0,0,0,0,0,0,-0.001,0,0,0,0,0,0,0,2,0,0
22847,0,0,0,0,0,0,0,0,0,0,0,0,0,0,0,2,0,0
22857,0,0,0,0,0,0,0,0.001,0,0,0,0,0,0,0,2,0,0
22867,0,0,0,0,0,0,0,0.001,0.001,0,0,0,0,0,0,2,0,0
22877,0,0,0,0,0,0,0,0,0,0,0,0,0,0,0,2,0,0
22887,0,0,0,0,0,0,0,0,0,0,0,0,0,0,0,2,0,0
22897,0,0,0,0,0,0,0,0,0,0,0,0,0,0,0,2,0,0
22907,0,0,0,0,0,0,0,0,0,0,0,0,0,0,0,2,0,0
22917,0,0,0,0,0,0,0,0,0,0,0,0,0,0,0,2,0,0
22927,0,0,0,0,0,0,0,0,0,0,0,0,0,0,0,2,0,0
22937,0,0,0,0,0,0,0,0,0,0,0,0,0,0,0,2,0,0
22947,0,0,0,0,0,0,0,0,0,0,0,0,0,0,0,2,0,0
22957,0,0,0,0,0,0,0,0,0,0,0,0,0,0,0,2,0,0
22967,0,0,0,0,0,0,0,0,0,0,0,0,0,0,0,2,0,0
22977,0,0,0,0,0,0,0,0,0,0,0,0,0,0,0,2,0,0
22987,0,0,0,0,0,0,0,0,0,0,0,0,0,0,0,2,0,0
22997,0,0,0,0,0,0,0,0,0,0,0,0,0,0,0,2,0,0
23007,0,0,0,0,0,0,0,0,0,0,0,0,0,0,0,2,0,0
23017,0,0,0,0,0,0,0,0,0,0,0,0,0,0,0,2,0,0
23027,0,0,0,0,0,0,0,0,0,0,0,0,0,0,0,2,0,0
23037,0,0,0,0,0,0,0,0,0,0,0,0,0,0,0,2,0,0
23047,0,0,0,0,0,0,0,0,0,0,0,0,0,0,0,2,0,0
23057,0,0,0,0,0,0,0,0,0,0,0,0,0,0,0,2,0,0
23067,0,0,0,0,0,0,0,0,0,0,0,0,0,0,0,2,0,0
23077,0,0,0,0,0,0,0,0,0,0,0,0,0,0,0,2,0,0
23087,0,0,0,0,0,0,0,0,0,0,0,0,0,0,0,2,0,0
23097,0,0,0,0,0,0,0,0,0,0,0,0,0,0,0,2,0,0
23107,0,0,0,0,0,0,0,0,0,0,0,0,0,0,0,2,0,0
23117,0,0,0,0,0,0,0,0,0,0,0,0,0,0,0,2,0,0
23127,0,0,0,0,0,0,0,0,0,0,0,0,0,0,0,2,0,0
23137,0,0,0,0,0,0,0,0,0,0,0,0,0,0,0,2,0,0
23147,0,0,0,0,0,0,0,0,0,0,0,0,0,0,0,2,0,0
23157,0,0,0,0,0,0,0,0,0,0,0,0,0,0,0,2,0,0
23167,0,0,0,0,0,0,0,0,0,0,0,0,0,0,0,2,0,0
23177,0,0,0,0,0,0,0,0,0,0,0,0,0,0,0,2,0,0
23187,0,0,0,0,0,0,0,0,0,0,0,0,0,0,0,2,0,0
23197,0,0,0,0,0,0,0,0,0,0,0,0,0,0,0,2,0,0
23207,0,0,0,0,0,0,0,0,0,0,0,0,0,0,0,2,0,0
23217,0,0,0,0,0,0,0,0,0,0,0,0,0,0,0,2,0,0
23227,0,0,0,0,0,0,0,0,0,0,0,0,0,0,0,2,0,0
23237,0,0,0,0,0,0,0,0,0,0,0,0,0,0,0,2,0,0
23247,0,0,0,0,0,0,0,0,0,0,0,0,0,0,0,2,0,0
23257,0,0,0,0,0,0,0,0,0.001,0,0,0,0,0,0,2,0,0
23267,0,0,0,0,0,0,0,0.001,0.001,0,0,0,0,0,0,2,0,0
23277,0,0,0,0,0,0,0,0,0,0,0,0,0,0,0,2,0,0
23287,0,0,0,0,0,0,0,0,-0.001,0,0,0,0,0,0,2,0,0
23297,0,0,0,0,0,0,0,0,-0.001,0,0,0,0,0,0,2,0,0
23307,0,0,0,0,0,0,0,0,0,0,0,-0.001,-0.001,0,0,2,-0.001,-0.001
23317,0,0,0,0,0,0,0,0,0,0,0,0,0,0,0,2,0,0
23327,0,0,0,0,0,0,0,0,0.001,0,0,0,0,0,0,2,0,0
23337,0,0,0,0,0,0,0,0.001,0.001,0,0,0,0.001,0,0,2,0,0.001
23347,0,0,0,0,0,0,0,0.001,0.001,0,0,0,0,0,0,2,0,0
23357,0,0,0,0,0,0,0,0.001,0.001,0,0,0,0,0,0,2,0,0
23367,0,0,0,0,0,0,0,0,0.001,0,0,0,0,0,0,2,0,0
23377,0,0,0,0,0,0,0,0,0,0,0,0,0,0,0,2,0,0
23387,0,0,0,0,0,0,0,-0.001,-0.002,0,0,0,0,0,0,2,0,0
23397,0,0,0,0,0,0,0,-0.002,-0.004,0,0,0,-0.001,0,0,2,0,-0.001
23407,0,0,0,0,0,0,0,-0.003,-0.005,0,0,0,-0.002,0,0,2,0,-0.002
23417,0,0,0,0,0,0,0,-0.002,-0.002,0,0,0,-0.001,0,0,2,0,-0.001
23427,0,0,0,0,0,0,0,-0.001,0.001,0,0,0,0,0,0,2,0,0
23437,0,0,0,0,0,0,0,0.001,0.004,0,0,0,0,0,0,2,0,0
23447,0,0,0,0,0,0,0,0.002,0.005,0,0,0,0.001,0,0,2,0,0.001
23457,0,0,0,0,0,0,0,0.002,0.003,0,0,0,0.002,0,0,2,0,0.002
23467,0,0,0,0,0,0,0,0.001,-0.001,0,0,0,0.001,0,0,2,0,0.001
23477,0,0,0,0,0,0,0,0,-0.002,0,0,0,-0.001,0,0,2,0,-0.001
23487,0,0,0,0,0,0,0,-0.001,-0.001,0,0,0,-0.001,0,0,2,0,-0.001
23497,0,0,0,0,0,0,0,0,0,0,0,0,0,0,0,2,0,0
23507,0,0,0,0,0,0,0,0,0.001,0,0,0,0,0,0,2,0,0
23517,0,0,0,0,0,0,0,0,0,0,0,0,0,0,0,2,0,0
23527,0,0,0,0,0,0,0,0,0,0,0,0,0,0,0,2,0,0
23537,0,0,0,0,0,0,0,0,0,0,0,0,0,0,0,2,0,0
23547,0,0,0,0,0,0,0,0,0,0,0,0,0,0,0,2,0,0
23557,0,0,0,0,0,0,0,0,0,0,0,0,0,0,0,2,0,0
23567,0,0,0,0,0,0,0,0,0,0,0,0,0,0,0,2,0,0
23577,0,0,0,0,0,0,0,0,0,0,0,0,0,0,0,2,0,0
23587,0,0,0,0,0,0,0,0,0,0,0,0,0,0,0,2,0,0
23597,0,0,0,0,0,0,0,0,0,0,0,0,0,0,0,2,0,0
23607,0,0,0,0,0,0,0,0,0,0,0,0,0,0,0,2,0,0
23617,0,0,0,0,0,0,0,0,0,0,0,0,0,0,0,2,0,0
23627,0,0,0,0,0,0,0,0,0,0,0,0,0,0,0,2,0,0
23637,0,0,0,0,0,0,0,0,0,0,0,0,0,0,0,2,0,0
23647,0,0,0,0,0,0,0,0,0,0,0,0,0,0,0,2,0,0
23657,0,0,0,0,0,0,0,0,0,0,0,0,0,0,0,2,0,0
23667,0,0,0,0,0,0,0,0,0,0,0,0,0,0,0,2,0,0
23677,0,0,0,0,0,0,0,0,0,0,0,0,0,0,0,2,0,0
23687,0,0,0,0,0,0,0,0,0,0,0,0,0,0,0,2,0,0
23697,0,0,0,0,0,0,0,0,0,0,0,0,0,0,0,2,0,0
23707,0,0,0,0,0,0,0,0,0,0,0,0,0,0,0,2,0,0
23717,0,0,0,0,0,0,0,0,-0.001,0,0,0,0,0,0,2,0,0
23727,0,0,0,0,0,0,0,0,-0.001,0,0,0,0,0,0,2,0,0
23737,0,0,0,0,0,0,0,0,-0.001,0,0,0,0,0,0,2,0,0
23747,0,0,0,0,0,0,0,0,-0.001,0,0,0,0,0,0,2,0,0
23757,0,0,0,0,0,0,0,0,-0.001,0,0,0,0,0,0,2,0,0
23767,0,0,0,0,0,0,0,0,0,0,0,0,0,0,0,2,0,0
23777,0,0,0,0,0,0,0,0,0,0,0,0,0,0,0,2,0,0
23787,0,0,0,0,0,0,0,0,0,0,0,0,0,0,0,2,0,0
23797,0,0,0,0,0,0,0,0,0,0,0,0,0,0,0,2,0,0
23807,0,0,0,0,0,0,0,0,-0.001,0,0,0,0,0,0,2,0,0
23817,0,0,0,0,0,0,0,0,-0.001,0,0,0,0,0,0,2,0,0
23827,0,0,0,0,0,0,0,0,-0.001,0,0,0,0,0,0,2,0,0
23837,0,0,0,0,0,0,0,0,0,0,0,0,0,0,0,2,0,0
23847,0,0,0,0,0,0,0,-0.001,0.001,0,0,0,0,0,0,2,0,0
23857,0,0,0,0,0,0,0,0,0.002,0,0,0,0,0,0,2,0,0
23867,0,0,0,0,0,0,0,-0.001,0.002,0,0,0,0,0,0,2,0,0
23877,0,0,0,0,0,0,0,-0.001,0.002,0,0,0,0,0,0,2,0,0
23887,0,0,0,0,0,0,0,-0.001,0.002,0,0,0,0,0,0,2,0,0
23897,0,0,0,0,0,0,0,-0.001,0.003,0,0,0,0,0,0,2,0,0
23907,0,0,0,0,0,0,0,-0.001,0.004,0,0,0,0,0,0,2,0,0
23917,0,0,0,0,0,0,0,-0.001,0.006,0,0,0,0.001,0,0,2,0,0.001
23927,0,0,0,0,0,0,0,-0.002,0.006,0,0,0,0.001,0,0,2,0,0.001
23937,0,0,0,0,0,0,0,-0.001,0.006,0,0,0,0.004,0,0,2,0,0.004
23947,0,0,0,0,0,0,0,-0.001,0.006,0,0,0,0.002,0,0,2,0,0.002
23957,0,0,0,0,0,0,0,-0.001,0.004,0,0,0,0.001,0,0,2,0,0.001
23967,0,0,0,0,0,0,0,-0.001,0.003,0,0,0,0.001,0,0,2,0,0.001
23977,0,0,0,0,0,0,0,0,0.002,0,0,0,0,0,0,2,0,0
23987,0,0,0,0,0,0,0,0,0.001,0,0,0,0,0,0,2,0,0
23997,0,0,0,0,0,0,0,0,0,0,0,0,0,0,0,2,0,0
24007,0,0,0,0,0,0,0,0,0,0,0,0,0,0,0,2,0,0
24017,0,0,0,0,0,0,0,0,0,0,0,0,0,0,0,2,0,0
24027,0,0,0,0,0,0,0,-0.001,0,0,0,0,0,0,0,2,0,0
24037,0,0,0,0,0,0,0,-0.001,0.001,0,0,0,0,0,0,2,0,0
24047,0,0,0,0,0,0,0,-0.002,0.002,0,0,0,0,0,0,2,0,0
24057,0,0,0,0,0,0,0,-0.002,0.002,0,0,0,0.001,0,0,2,0,0.001
24067,0,0,0,0,0,0,0,-0.002,0.002,0,0,0,0.001,0,0,2,0,0.001
24077,0,0,0,0,0,0,0,-0.001,0.003,0,0,0,0.001,0,0,2,0,0.001
24087,0,0,0,0,0,0,0,-0.001,0.003,0,0,0,0.001,0,0,2,0,0.001
24097,0,0,0,0,0,0,0,-0.001,0.003,0,0,0,0,0,0,2,0,0
24107,0,0,0,0,0,0,0,0,0.003,0,0,0,0,0,0,2,0,0
24117,0,0,0,0,0,0,0,0,0.002,0,0,0,0,0,0,2,0,0
24127,0,0,0,0,0,0,0,0,0.001,0,0,0,0,0,0,2,0,0
24137,0,0,0,0,0,0,0,0,0.001,0,0,0,0,0,0,2,0,0
24147,0,0,0,0,0,0,0,0,0,0,0,0,0,0,0,2,0,0
24157,0,0,0,0,0,0,0,0,0,0,0,0,0,0,0,2,0,0
24167,0,0,0,0,0,0,0,0,0.001,0,0,0,0,0,0,2,0,0
24177,0,0,0,0,0,0,0,0,0.001,0,0,0,0,0,0,2,0,0
24187,0,0,0,0,0,0,0,0,0,0,0,0,0,0,0,2,0,0
24197,0,0,0,0,0,0,0,-0.001,0.001,0,0,0,0,0,0,2,0,0
24207,0,0,0,0,0,0,0,0,-0.001,0,0,0,0,0,0,2,0,0
24217,0,0,0,0,0,0,0,0.001,-0.002,0,0,0,0,0,0,2,0,0
24227,0,0,0,0,0,0,0,0.001,-0.002,0,0,0,-0.001,0,0,2,0,-0.001
24237,0,0,0,0,0,0,0,0.001,-0.001,0,0,0,-0.001,0,0,2,0,-0.001
24247,0,0,0,0,0,0,0,0,0,0,0,0,0,0,0,2,0,0
24257,0,0,0,0,0,0,0,0,0.001,0,0,0,0,0,0,2,0,0
24267,0,0,0,0,0,0,0,0,0.001,0,0,0,0,0,0,2,0,0
24277,0,0,0,0,0,0,0,0,0,0,0,0,0,0,0,2,0,0
24287,0,0,0,0,0,0,0,0,0,0,0,0,0,0,0,2,0,0
24297,0,0,0,0,0,0,0,0,0,0,0,0,0,0,0,2,0,0
24307,0,0,0,0,0,0,0,0,0,0,0,0,0,0,0,2,0,0
24317,0,0,0,0,0,0,0,0,0,0,0,0,0,0,0,2,0,0
24327,0,0,0,0,0,0,0,0,0,0,0,0,0,0,0,2,0,0
24337,0,0,0,0,0,0,0,0,0,0,0,0,0,0,0,2,0,0
24347,0,0,0,0,0,0,0,0,0,0,0,0,0,0,0,2,0,0
24357,0,0,0,0,0,0,0,0,0,0,0,0,0,0,0,2,0,0
24367,0,0,0,0,0,0,0,0,0,0,0,0,0,0,0,2,0,0
24377,0,0,0,0,0,0,0,0,0,0,0,0,0,0,0,2,0,0
24387,0,0,0,0,0,0,0,0,0,0,0,0,0,0,0,2,0,0
24397,0,0,0,0,0,0,0,0,0,0,0,0,0,0,0,2,0,0
24407,0,0,0,0,0,0,0,0,0,0,0,0,0,0,0,2,0,0
24417,0,0,0,0,0,0,0,0,0,0,0,0,0,0,0,2,0,0
24427,0,0,0,0,0,0,0,0,0,0,0,0,0,0,0,2,0,0
24437,0,0,0,0,0,0,0,0,0,0,0,0,0,0,0,2,0,0
24447,0,0,0,0,0,0,0,0,0,0,0,0,0,0,0,2,0,0
24457,0,0,0,0,0,0,0,0,0,0,0,0,0,0,0,2,0,0
24467,0,0,0,0,0,0,0,0,0,0,0,0,0,0,0,2,0,0
24477,0,0,0,0,0,0,0,0,0,0,0,0,0,0,0,2,0,0
24487,0,0,0,0,0,0,0,0,0.001,0,0,0,0,0,0,2,0,0
24497,0,0,0,0,0,0,0,0,0.001,0,0,0,0,0,0,2,0,0
24507,0,0,0,0,0,0,0,0,0.002,0,0,0,0.001,0,0,2,0,0.001
24517,0,0,0,0,0,0,0,0,0.002,0,0,0,0,0,0,2,0,0
24527,0,0,0,0,0,0,0,0,0.001,0,0,0,0,0,0,2,0,0
24537,0,0,0,0,0,0,0,-0.001,0,0,0,0,0,0,0,2,0,0
24547,0,0,0,0,0,0,0,-0.001,-0.001,0,0,0,0,0,0,2,0,0
24557,0,0,0,0,0,0,0,0,-0.002,0,0,0,0,0,0,2,0,0
24567,0,0,0,0,0,0,0,0.001,-0.001,0,0,0,-0.001,0,0,2,0,-0.001
24577,0,0,0,0,0,0,0,0,0.001,0,0,0,0,0,0,2,0,0
24587,0,0,0,0,0,0,0,0,0,0,0,0,0,0,0,2,0,0
24597,0,0,0,0,0,0,0,-0.001,0,0,0,0,0,0,0,2,0,0
24607,0,0,0,0,0,0,0,0,0,0,0,0,0,0,0,2,0,0
24617,0,0,0,0,0,0,0,0,0,0,0,0,0,0,0,2,0,0
24627,0,0,0,0,0,0,0,0,0,0,0,0,0,0,0,2,0,0
24637,0,0,0,0,0,0,0,0,0,0,0,0,0,0,0,2,0,0
24647,0,0,0,0,0,0,0,0,0,0,0,0,0,0,0,2,0,0
24657,0,0,0,0,0,0,0,0,0,0,0,0,0,0,0,2,0,0
24667,0,0,0,0,0,0,0,0,0,0,0,0,0,0,0,2,0,0
24677,0,0,0,0,0,0,0,0,0,0,0,0,0,0,0,2,0,0
24687,0,0,0,0,0,0,0,0,0,0,0,0,0,0,0,2,0,0
24697,0,0,0,0,0,0,0,0,0,0,0,0,0,0,0,2,0,0
24707,0,0,0,0,0,0,0,0,0,0,0,0,0,0,0,2,0,0
24717,0,0,0,0,0,0,0,0,0,0,0,0,0,0,0,2,0,0
24727,0,0,0,0,0,0,0,0,0,0,0,0,0,0,0,2,0,0
24737,0,0,0,0,0,0,0,0,0,0,0,0,0,0,0,2,0,0
24747,0,0,0,0,0,0,0,0,0,0,0,0,0,0,0,2,0,0
24757,0,0,0,0,0,0,0,0,0,0,0,0,0,0,0,2,0,0
24767,0,0,0,0,0,0,0,0,0,0,0,0,0,0,0,2,0,0
24777,0,0,0,0,0,0,0,0,0,0,0,0,0,0,0,2,0,0
24787,0,0,0,0,0,0,0,0,0,0,0,0,0,0,0,2,0,0
24797,0,0,0,0,0,0,0,0,0,0,0,0,0,0,0,2,0,0
24807,0,0,0,0,0,0,0,0,0,0,0,0,0,0,0,2,0,0
24817,0,0,0,0,0,0,0,0,0,0,0,0,0,0,0,2,0,0
24827,0,0,0,0,0,0,0,0,0,0,0,0,0,0,0,2,0,0
24837,0,0,0,0,0,0,0,0,0,0,0,0,0,0,0,2,0,0
24847,0,0,0,0,0,0,0,0,0,0,0,0,0,0,0,2,0,0
24857,0,0,0,0,0,0,0,0,0,0,0,0,0,0,0,2,0,0
24867,0,0,0,0,0,0,0,0,0,0,0,0,0,0,0,2,0,0
24877,0,0,0,0,0,0,0,0,0,0,0,0,0,0,0,2,0,0
24887,0,0,0,0,0,0,0,0,0,0,0,0,0,0,0,2,0,0
24897,0,0,0,0,0,0,0,0,0,0,0,0,0,0,0,2,0,0
24907,0,0,0,0,0,0,0,0,0,0,0,0,0,0,0,2,0,0
24917,0,0,0,0,0,0,0,-0.001,0.002,0,0,0,0,0,0,2,0,0
24927,0,0,0,0,0,0,0,-0.002,0.005,0,0,0,0.001,0,0,2,0,0.001
24937,0,0,0,0,0,0,0,-0.001,0.002,0,0,0,0.001,0,0,2,0,0.001
24947,0,0,0,0,0,0,0,0.001,-0.001,0,0,0,0,0,0,2,0,0
24957,0,0,0,0,0,0,0,0.002,-0.003,0,0,0,0,0,0,2,0,0
24967,0,0,0,0,0,0,0,0.002,-0.004,0,0,0,-0.002,0,0,2,0,-0.002
24977,0,0,0,0,0,0,0,0.001,-0.003,0,0,0,-0.002,0,0,2,0,-0.002
24987,0,0,0,0,0,0,0,0,0,0,0,0,-0.001,0,0,2,0,-0.001
24997,0,0,0,0,0,0,0,-0.001,0.002,0,0,0,0,0,0,2,0,0
25007,0,0,0,0,0,0,0,0,0.001,0,0,0,0.001,0,0,2,0,0.001
25017,0,0,0,0,0,0,0,0.001,0,0,0,0,0,0,0,2,0,0
25027,0,0,0,0,0,0,0,0,-0.001,0,0,0,-0.001,0,0,2,0,-0.001
25037,0,0,0,0,0,0,0,0,0,0,0,0,0,0,0,2,0,0
25047,0,0,0,0,0,0,0,0,0,0,0,0,0,0,0,2,0,0
25057,0,0,0,0,0,0,0,0,0.001,0,0,0,0,0,0,2,0,0
25067,0,0,0,0,0,0,0,0,0.001,0,0,0,0.001,0,0,2,0,0.001
25077,0,0,0,0,0,0,0,0,0,0,0,0,0,0,0,2,0,0
25087,0,0,0,0,0,0,0,0,0,0,0,0,0,0,0,2,0,0
25097,0,0,0,0,0,0,0,0,0,0,0,0,0,0,0,2,0,0
25107,0,0,0,0,0,0,0,0,0.001,0,0,0,0,0,0,2,0,0
25117,0,0,0,0,0,0,0,0,0,0,0,0,0,0,0,2,0,0
25127,0,0,0,0,0,0,0,0,0,0,0,0,0,0,0,2,0,0
25137,0,0,0,0,0,0,0,0,0,0,0,0,0,0,0,2,0,0
25147,0,0,0,0,0,0,0,0,0,0,0,0,0,0,0,2,0,0
25157,0,0,0,0,0,0,0,0,0,0,0,0,0,0,0,2,0,0
25167,0,0,0,0,0,0,0,0,0,0,0,0,0,0,0,2,0,0
25177,0,0,0,0,0,0,0,0,0,0,0,0,0,0,0,2,0,0
25187,0,0,0,0,0,0,0,0,0,0,0,0,0,0,0,2,0,0
25197,0,0,0,0,0,0,0,0,0,0,0,0,0,0,0,2,0,0
25207,0,0,0,0,0,0,0,0,0,0,0,0,0,0,0,2,0,0
25217,0,0,0,0,0,0,0,0,0,0,0,0,0,0,0,2,0,0
25227,0,0,0,0,0,0,0,0,0,0,0,0,0,0,0,2,0,0
25237,0,0,0,0,0,0,0,0,0,0,0,0,0,0,0,2,0,0
25247,0,0,0,0,0,0,0,0,0,0,0,0,0,0,0,2,0,0
25257,0,0,0,0,0,0,0,0,0,0,0,0,0,0,0,2,0,0
25267,0,0,0,0,0,0,0,0.002,-0.001,0,0,0,0,0,0,2,0,0
25277,0,0,0,0,0,0,0,0,0,0,0,0,0,0,0,2,0,0
25287,0,0,0,0,0,0,0,0,0,0,0,0,0,0,0,2,0,0
25297,0,0,0,0,0,0,0,0,0,0,0,0,0,0,0,2,0,0
25307,0,0,0,0,0,0,0,0,-0.001,0,0,0,0,0,0,2,0,0
25317,0,0,0,0,0,0,0,0,0,0,0,0,0,0,0,2,0,0
25327,0,0,0,0,0,0,0,0,0,0,0,0,0,0,0,2,0,0
25337,0,0,0,0,0,0,0,0,0,0,0,0,0,0,0,2,0,0
25347,0,0,0,0,0,0,0,-0.001,0,0,0,0,0,0,0,2,0,0
25357,0,0,0,0,0,0,0,0,-0.001,0,0,0,0,0,0,2,0,0
25367,0,0,0,0,0,0,0,0,0,0,0,0,-0.001,0,0,2,0,-0.001
25377,0,0,0,0,0,0,0,0,0,0,0,0,0,0,0,2,0,0
25387,0,0,0,0,0,0,0,0,0,0,0,0,0,0,0,2,0,0
25397,0,0,0,0,0,0,0,0,0,0,0,0,0,0,0,2,0,0
25407,0,0,0,0,0,0,0,0,0,0,0,0,0,0,0,2,0,0
25417,0,0,0,0,0,0,0,0,0,0,0,0,0,0,0,2,0,0
25427,0,0,0,0,0,0,0,0,0,0,0,0,0,0,0,2,0,0
25437,0,0,0,0,0,0,0,0,0,0,0,0,0,0,0,2,0,0
25447,0,0,0,0,0,0,0,0,0,0,0,0,0,0,0,2,0,0
25457,0,0,0,0,0,0,0,0,0,0,0,0,0,0,0,2,0,0
25467,0,0,0,0,0,0,0,0,0,0,0,0,0,0,0,2,0,0
25477,0,0,0,0,0,0,0,0,0,0,0,0,0,0,0,2,0,0
25487,0,0,0,0,0,0,0,0,0,0,0,0,0,0,0,2,0,0
25497,0,0,0,0,0,0,0,0,0,0,0,0,0,0,0,2,0,0
25507,0,0,0,0,0,0,0,0,0,0,0,0,0,0,0,2,0,0
25517,0,0,0,0,0,0,0,0,0,0,0,0,0,0,0,2,0,0
25527,0,0,0,0,0,0,0,0,0,0,0,0,0,0,0,2,0,0
25537,0,0,0,0,0,0,0,0,0,0,0,0,0,0,0,2,0,0
25547,0,0,0,0,0,0,0,0,0,0,0,0,0,0,0,2,0,0
25557,0,0,0,0,0,0,0,0,0,0,0,0,0,0,0,2,0,0
25567,0,0,0,0,0,0,0,0,0,0,0,0,0,0,0,2,0,0
25577,0,0,0,0,0,0,0,0,0,0,0,0,0,0,0,2,0,0
25587,0,0,0,0,0,0,0,0,0,0,0,0,0,0,0,2,0,0
25597,0,0,0,0,0,0,0,0,0,0,0,0,0,0,0,2,0,0
25607,0,0,0,0,0,0,0,0,0,0,0,0,0,0,0,2,0,0
25617,0,0,0,0,0,0,0,0,0,0,0,0,0,0,0,2,0,0
25627,0,0,0,0,0,0,0,0,0,0,0,0,0,0,0,2,0,0
25637,0,0,0,0,0,0,0,0,0,0,0,0,0,0,0,2,0,0
25647,0,0,0,0,0,0,0,0,0,0,0,0,0,0,0,2,0,0
25657,0,0,0,0,0,0,0,0,0,0,0,0,0,0,0,2,0,0
25667,0,0,0,0,0,0,0,0,0,0,0,0,0,0,0,2,0,0
25677,0,0,0,0,0,0,0,0,0,0,0,0,0,0,0,2,0,0
25687,0,0,0,0,0,0,0,0,0,0,0,0,0,0,0,2,0,0
25697,0,0,0,0,0,0,0,0,0,0,0,0,0,0,0,2,0,0
25707,0,0,0,0,0,0,0,0,0,0,0,0,0,0,0,2,0,0
25717,0,0,0,0,0,0,0,0,0,0,0,0,0,0,0,2,0,0
25727,0,0,0,0,0,0,0,0,0,0,0,0,0,0,0,2,0,0
25737,0,0,0,0,0,0,0,0,0,0,0,0,0,0,0,2,0,0
25747,0,0,0,0,0,0,0,0,0,0,0,0,0,0,0,2,0,0
25757,0,0,0,0,0,0,0,0,0,0,0,0,0,0,0,2,0,0
25767,0,0,0,0,0,0,0,0,0,0,0,0,0,0,0,2,0,0
25777,0,0,0,0,0,0,0,0,-0.001,0,0,0,0,0,0,2,0,0
25787,0,0,0,0,0,0,0,0,-0.001,0,0,0,0,0,0,2,0,0
25797,0,0,0,0,0,0,0,0,0,0,0,0,0,0,0,2,0,0
25807,0,0,0,0,0,0,0,0,0,0,0,0,0,0,0,2,0,0
25817,0,0,0,0,0,0,0,0,0,0,0,0,0,0,0,2,0,0
25827,0,0,0,0,0,0,0,-0.001,0.001,0,0,0,0,0,0,2,0,0
25837,0,0,0,0,0,0,0,-0.001,0.001,0,0,0,0,0,0,2,0,0
25847,0,0,0,0,0,0,0,0,0,0,0,0,0,0,0,2,0,0
25857,0,0,0,0,0,0,0,0,0.001,0,0,0,0,0,0,2,0,0
25867,0,0,0,0,0,0,0,0.001,0.001,0,0,0,0,0,0,2,0,0
25877,0,0,0,0,0,0,0,0.001,0,0,0,0,0,0,0,2,0,0
25887,0,0,0,0,0,0,0,0,0,0,0,0,0,0,0,2,0,0
25897,0,0,0,0,0,0,0,0,0,0,0,0,0,0,0,2,0,0
25907,0,0,0,0,0,0,0,0,0,0,0,0,0,0,0,2,0,0
25917,0,0,0,0,0,0,0,0,0,0,0,0,0,0,0,2,0,0
25927,0,0,0,0,0,0,0,0,0,0,0,0,0,0,0,2,0,0
25937,0,0,0,0,0,0,0,0,0,0,0,0,0,0,0,2,0,0
25947,0,0,0,0,0,0,0,0,0,0,0,0,0,0,0,2,0,0
25957,0,0,0,0,0,0,0,0,0,0,0,0,0,0,0,2,0,0
25967,0,0,0,0,0,0,0,0,0,0,0,0,0,0,0,2,0,0
25977,0,0,0,0,0,0,0,0,0,0,0,0,0,0,0,2,0,0
25987,0,0,0,0,0,0,0,0,0,0,0,0,0,0,0,2,0,0
25997,0,0,0,0,0,0,0,0,0,0,0,0,0,0,0,2,0,0
26007,0,0,0,0,0,0,0,0,0,0,0,0,0,0,0,2,0,0
26017,0,0,0,0,0,0,0,0,0,0,0,0,0,0,0,2,0,0
26027,0,0,0,0,0,0,0,0,0,0,0,0,0,0,0,2,0,0
26037,0,0,0,0,0,0,0,0,0,0,0,0,0,0,0,2,0,0
26047,0,0,0,0,0,0,0,0,0,0,0,0,0,0,0,2,0,0
26057,0,0,0,0,0,0,0,0,0,0,0,0,0,0,0,2,0,0
26067,0,0,0,0,0,0,0,0,0,0,0,0,0,0,0,2,0,0
26077,0,0,0,0,0,0,0,0,0,0,0,0,0,0,0,2,0,0
26087,0,0,0,0,0,0,0,0,0,0,0,0,0,0,0,2,0,0
26097,0,0,0,0,0,0,0,0,0,0,0,0,0,0,0,2,0,0
26107,0,0,0,0,0,0,0,0,0,0,0,0,0,0,0,2,0,0
26117,0,0,0,0,0,0,0,0,0,0,0,0,0,0,0,2,0,0
26127,0,0,0,0,0,0,0,0,0,0,0,0,0,0,0,2,0,0
26137,0,0,0,0,0,0,0,0,0,0,0,0,0,0,0,2,0,0
26147,0,0,0,0,0,0,0,0,0,0,0,0,0,0,0,2,0,0
26157,0,0,0,0,0,0,0,0,0,0,0,0,0,0,0,2,0,0
26167,0,0,0,0,0,0,0,0,0,0,0,0,0,0,0,2,0,0
26177,0,0,0,0,0,0,0,0,0,0,0,0,0,0,0,2,0,0
26187,0,0,0,0,0,0,0,0,0,0,0,0,0,0,0,2,0,0
26197,0,0,0,0,0,0,0,0,0,0,0,0,0,0,0,2,0,0
26207,0,0,0,0,0,0,0,0,0,0,0,0,0,0,0,2,0,0
26217,0,0,0,0,0,0,0,0,0,0,0,0,0,0,0,2,0,0
26227,0,0,0,0,0,0,0,0,0,0,0,0,0,0,0,2,0,0
26237,0,0,0,0,0,0,0,0,0,0,0,0,0,0,0,2,0,0
26247,0,0,0,0,0,0,0,0,0,0,0,0,0,0,0,2,0,0
26257,0,0,0,0,0,0,0,0,0,0,0,0,0,0,0,2,0,0
26267,0,0,0,0,0,0,0,0,0.001,0,0,0,0,0,0,2,0,0
26277,0,0,0,0,0,0,0,0,0,0,0,0,0,0,0,2,0,0
26287,0,0,0,0,0,0,0,0,0,0,0,0,0,0,0,2,0,0
26297,0,0,0,0,0,0,0,0,0,0,0,0,0,0,0,2,0,0
26307,0,0,0,0,0,0,0,0,0,0,0,0,0,0,0,2,0,0
26317,0,0,0,0,0,0,0,0.001,0.001,0,0,0,0,0,0,2,0,0
26327,0,0,0,0,0,0,0,0,0,0,0,0,0,0,0,2,0,0
26337,0,0,0,0,0,0,0,0,0,0,0,0,0,0,0,2,0,0
26347,0,0,0,0,0,0,0,0,0,0,0,0,0,0,0,2,0,0
26357,0,0,0,0,0,0,0,0,0,0,0,0,0,0,0,2,0,0
26367,0,0,0,0,0,0,0,0,0,0,0,0,0,0,0,2,0,0
26377,0,0,0,0,0,0,0,0,0,0,0,0,0,0,0,2,0,0
26387,0,0,0,0,0,0,0,0.001,0,0,0,0,0,0,0,2,0,0
26397,0,0,0,0,0,0,0,0.001,0,0,0,0,0,0,0,2,0,0
26407,0,0,0,0,0,0,0,0,0,0,0,0,0,0,0,2,0,0
26417,0,0,0,0,0,0,0,0,0.001,0,0,0,0,0,0,2,0,0
26427,0,0,0,0,0,0,0,0,0,0,0,0,0,0,0,2,0,0
26437,0,0,0,0,0,0,0,0,-0.001,0,0,0,0,0,0,2,0,0
26447,0,0,0,0,0,0,0,0,0,0,0,0,0,0,0,2,0,0
26457,0,0,0,0,0,0,0,0,0,0,0,0,0,0,0,2,0,0
26467,0,0,0,0,0,0,0,0,0,0,0,0,0,0,0,2,0,0
26477,0,0,0,0,0,0,0,0,0,0,0,0,0,0,0,2,0,0
26487,0,0,0,0,0,0,0,0,0,0,0,0,0,0,0,2,0,0
26497,0,0,0,0,0,0,0,0,0,0,0,0,0,0,0,2,0,0
26507,0,0,0,0,0,0,0,0,0,0,0,0,0,0,0,2,0,0
26517,0,0,0,0,0,0,0,0,0,0,0,0,0,0,0,2,0,0
26527,0,0,0,0,0,0,0,0,0,0,0,0,0,0,0,2,0,0
26537,0,0,0,0,0,0,0,0,0,0,0,0,0,0,0,2,0,0
26547,0,0,0,0,0,0,0,0,0,0,0,0,0,0,0,2,0,0
26557,0,0,0,0,0,0,0,0,-0.001,0,0,0,0,0,0,2,0,0
26567,0,0,0,0,0,0,0,0.001,-0.001,0,0,0,-0.001,0,0,2,0,-0.001
26577,0,0,0,0,0,0,0,0.001,0,0,0,0,0,0,0,2,0,0
26587,0,0,0,0,0,0,0,0.001,0,-0.001,0,0,0,0,0,2,0,0
26597,0,0,0,0,0,0,0,0.001,0,0,0,0,0,0,0,2,0,0
26607,0,0,0,0,0,0,0,0,0.001,0,0,0,0,0,0,2,0,0
26617,0,0,0,0,0,0,0,-0.001,0.001,0,0,0,0.001,0,0,2,0,0.001
26627,0,0,0,0,0,0,0,-0.001,0.001,0,0,0,0,0,0,2,0,0
26637,0,0,0,0,0,0,0,-0.001,0.001,0,0,0,0,0,0,2,0,0
26647,0,0,0,0,0,0,0,0,0,0,0,0,0,0,0,2,0,0
26657,0,0,0,0,0,0,0,0,0,0,0,0,0,0,0,2,0,0
26667,0,0,0,0,0,0,0,0,0,0,0,0,0,0,0,2,0,0
26677,0,0,0,0,0,0,0,0,0,0,0,0,0,0,0,2,0,0
26687,0,0,0,0,0,0,0,0,0,0,0,0,0,0,0,2,0,0
26697,0,0,0,0,0,0,0,0,0,0,0,0,0,0,0,2,0,0
26707,0,0,0,0,0,0,0,0,0,0,0,0,0,0,0,2,0,0
26717,0,0,0,0,0,0,0,0,0,0,0,0,0,0,0,2,0,0
26727,0,0,0,0,0,0,0,0,-0.001,0,0,0,0,0,0,2,0,0
26737,0,0,0,0,0,0,0,0.001,-0.001,0,0,0,0,0,0,2,0,0
26747,0,0,0,0,0,0,0,0,-0.001,0,0,0,0,0,0,2,0,0
26757,0,0,0,0,0,0,0,0.001,-0.001,0,0,0,0,0,0,2,0,0
26767,0,0,0,0,0,0,0,0.001,-0.001,-0.001,-0.001,0,-0.001,0,0,2,0,-0.001
26777,0,0,0,0,0,0,0,0.001,-0.001,-0.001,-0.002,0,-0.001,0,0,2,0,-0.001
26787,0,0,0,0,0,0,0,0,0,-0.001,-0.003,0,-0.001,0,0,2,0,-0.001
26797,0,0,0,0,0,0,0,0,0,-0.001,-0.005,-0.001,-0.001,0,0,2,-0.001,-0.001
26807,0,0,0,0,0,0,0,0,0,-0.001,-0.008,0,-0.001,0,0,2,0,-0.001
26817,0,0,0,0,0,0,0,0,0,0.001,-0.008,0,-0.002,0,0,2,0,-0.002
26827,0,0,0,0,0,0,0,0,0,0.001,-0.006,0,-0.001,0,0,2,0,-0.001
26837,0,0,0,0,0,0,0,0,0,0,-0.004,0,-0.001,0,0,2,0,-0.001
26847,0,0,0,0,0,0,0,0,0,0.001,-0.003,0,0,0,0,2,0,0
26857,0,0,0,0,0,0,0,-0.001,0,0,-0.002,0,-0.001,0,0,2,0,-0.001
26867,0,0,0,0,0,0,0,-0.001,0.001,0,-0.001,0,0,0,0,2,0,0
26877,0,0,0,0,0,0,0,-0.001,0.001,0,-0.001,0,0,0,0,2,0,0
26887,0,0,0,0,0,0,0,-0.001,0,0,-0.001,0,0,0,0,2,0,0
26897,0,0,0,0,0,0,0,0,0,0,0,0,0,0,0,2,0,0
26907,0,0,0,0,0,0,0,0,0,0,0,0,0,0,0,2,0,0
26917,0,0,0,0,0,0,0,0,0,0,0,0,0,0,0,2,0,0
26927,0,0,0,0,0,0,0,0,0,0,0,0,0,0,0,2,0,0
26937,0,0,0,0,0,0,0,0,0,0,0,0,0,0,0,2,0,0
26947,0,0,0,0,0,0,0,0,0,0,0,0,0,0,0,2,0,0
26957,0,0,0,0,0,0,0,0,0,0,0,0,0,0,0,2,0,0
26967,0,0,0,0,0,0,0,-0.001,-0.001,0,0,0,0,0,0,2,0,0
26977,0,0,0,0,0,0,0,-0.001,-0.001,0,0,0,-0.001,0,0,2,0,-0.001
26987,0,0,0,0,0,0,0,-0.001,-0.001,0,0,0,-0.001,0,0,2,0,-0.001
26997,0,0,0,0,0,0,0,0,-0.001,0,0,0,-0.001,0,0,2,0,-0.001
27007,0,0,0,0,0,0,0,0,-0.001,0,0,0,-0.001,0,0,2,0,-0.001
27017,0,0,0,0,0,0,0,0,-0.001,0.001,-0.001,0,-0.001,0,0,2,0,-0.001
27027,0,0,0,0,0,0,0,0,0,0.002,-0.001,0.001,0,0,0,2,0.001,0
27037,0,0,0,0,0,0,0,0,0,0.002,-0.002,0.002,-0.001,0,0,2,0.002,-0.001
27047,0,0,0,0,0,0,0,0,0,0.003,-0.002,0.002,-0.001,0,0,2,0.002,-0.001
27057,0,0,0,0,0,0,0,0,0,0.003,-0.002,0.002,-0.001,0,0,2,0.002,-0.001
27067,0,0,0,0,0,0,0,0,-0.001,0.003,-0.002,0.002,-0.001,0,0,2,0.002,-0.001
27077,0,0,0,0,0,0,0,0,-0.001,0.003,-0.002,0.002,-0.001,0,0,2,0.002,-0.001
27087,0,0,0,0,0,0,0,0,0,0.003,-0.002,0.002,-0.001,0,0,2,0.002,-0.001
27097,0,0,0,0,0,0,0,0,0,0.002,-0.002,0.001,0,0,0,2,0.001,0
27107,0,0,0,0,0,0,0,0,0,0.002,-0.002,0.002,-0.001,0,0,2,0.002,-0.001
27117,0,0,0,0,0,0,0,0,0,0.002,-0.002,0.002,-0.001,0,0,2,0.002,-0.001
27127,0,0,0,0,0,0,0,0,0,0.002,-0.001,0.001,-0.001,0,0,2,0.001,-0.001
27137,0,0,0,0,0,0,0,0,0,0.001,-0.001,0.001,0,0,0,2,0.001,0
27147,0,0,0,0,0,0,0,0,0,0,0,0,0,0,0,2,0,0
27157,0,0,0,0,0,0,0,0,0,0,0,0,0,0,0,2,0,0
27167,0,0,0,0,0,0,0,0,0,0,0,0,0,0,0,2,0,0
27177,0,0,0,0,0,0,0,0,0,0,0,0,0,0,0,2,0,0
27187,0,0,0,0,0,0,0,0,0.001,0,0,0,0,0,0,2,0,0
27197,0,0,0,0,0,0,0,0,0.001,0,0,0,0,0,0,2,0,0
27207,0,0,0,0,0,0,0,0,0,0,0,0,0,0,0,2,0,0
27217,0,0,0,0,0,0,0,0,0,0,0,0,0,0,0,2,0,0
27227,0,0,0,0,0,0,0,0.001,0,0,0,0,0,0,0,2,0,0
27237,0,0,0,0,0,0,0,0.001,0,0,0,0,0,0,0,2,0,0
27247,0,0,0,0,0,0,0,0.001,0,0,-0.002,0.001,0,0,0,2,0.001,0
27257,0,0,0,0,0,0,0,0,0,0,-0.005,0,-0.001,0,0,2,0,-0.001
27267,0,0,0,0,0,0,0,0.001,0,-0.001,-0.009,-0.001,-0.003,0,0,2,-0.001,-0.003
27277,0,0,0,0,0,0,0,0,0,-0.003,-0.012,-0.002,-0.005,0,0,2,-0.002,-0.005
27287,0,0,0,0,0,0,0,-0.001,-0.002,-0.004,-0.014,-0.003,-0.005,0,0,2,-0.003,-0.005
27297,0,0,0,0,0,0,0,0,-0.002,-0.004,-0.015,-0.002,-0.005,0,0,2,-0.002,-0.005
27307,0,0,0,0,0,0,0,0,-0.001,-0.004,-0.015,-0.002,-0.005,0,0,2,-0.002,-0.005
27317,0,0,0,0,0,0,0,-0.001,-0.002,-0.004,-0.015,-0.002,-0.004,0,0,2,-0.002,-0.004
27327,0,0,0,0,0,0,0,0,-0.001,-0.004,-0.013,-0.003,-0.006,0,0,2,-0.003,-0.006
27337,0,0,0,0,0,0,0,-0.001,-0.001,-0.004,-0.01,-0.003,-0.005,0,0,2,-0.003,-0.005
27347,0,0,0,0,0,0,0,-0.001,-0.001,-0.003,-0.006,-0.002,-0.004,0,0,2,-0.002,-0.004
27357,0,0,0,0,0,0,0,-0.001,-0.001,-0.002,-0.003,-0.002,-0.003,0,0,2,-0.002,-0.003
27367,0,0,0,0,0,0,0,-0.003,0,-0.001,-0.001,-0.002,-0.002,0,0,2,-0.002,-0.002
27377,0,0,0,0,0,0,0,-0.003,-0.002,-0.001,-0.001,-0.002,-0.001,0,0,2,-0.002,-0.001
27387,0,0,0,0,0,0,0,-0.002,-0.002,-0.001,0,-0.001,-0.001,0,0,2,-0.001,-0.001
27397,0,0,0,0,0,0,0,-0.002,0,0,0,-0.001,-0.001,0,0,2,-0.001,-0.001
27407,0,0,0,0,0,0,0,-0.001,0,0,0,0,0,0,0,2,0,0
27417,0,0,0,0,0,0,0,0.001,0,0,0,0,0,0,0,2,0,0
27427,0,0,0,0,0,0,0,0.002,0,0,0,0,0,0,0,2,0,0
27437,0,0,0,0,0,0,0,0.001,0.001,0,0,0,0,0,0,2,0,0
27447,0,0,0,0,0,0,0,0.001,-0.001,0,0,0,0,0,0,2,0,0
27457,0,0,0,0,0,0,0,0.003,0,0,0,0,0,0,0,2,0,0
27467,0,0,0,0,0,0,0,0.001,0.002,0,0,0,0.001,0,0,2,0,0.001
27477,0,0,0,0,0,0,0,-0.001,0,0,0,0,0.001,0,0,2,0,0.001
27487,0,0,0,0,0,0,0,-0.001,0,0,0,0,0,0,0,2,0,0
27497,0,0,0,0,0,0,0,0,0.001,0,0,0,0,0,0,2,0,0
27507,0,0,0,0,0,0,0,0,0.001,0,0,0,0.001,0,0,2,0,0.001
27517,0,0,0,0,0,0,0,0,0.001,0,0,0,0,0,0,2,0,0
27527,0,0,0,0,0,0,0,0,0.001,0,0,0,0.001,0,0,2,0,0.001
27537,0,0,0,0,0,0,0,0,0,0,0,0,0,0,0,2,0,0
27547,0,0,0,0,0,0,0,0,0,0,0,0,0,0,0,2,0,0
27557,0,0,0,0,0,0,0,0,0.001,0,0,0,0,0,0,2,0,0
27567,0,0,0,0,0,0,0,0,0.001,0,0,0,0,0,0,2,0,0
27577,0,0,0,0,0,0,0,0,0.001,0,0,0,0.001,0,0,2,0,0.001
27587,0,0,0,0,0,0,0,0,0,0,0,0,0,0,0,2,0,0
27597,0,0,0,0,0,0,0,0,0,0,0,0,0,0,0,2,0,0
27607,0,0,0,0,0,0,0,0,0,0,0,0,0,0,0,2,0,0
27617,0,0,0,0,0,0,0,0,0,0,0,0,0,0,0,2,0,0
27627,0,0,0,0,0,0,0,0,0,0,0,0,0,0,0,2,0,0
27637,0,0,0,0,0,0,0,0,0,0,0,0,0,0,0,2,0,0
27647,0,0,0,0,0,0,0,0,0,0,0,0,0,0,0,2,0,0
27657,0,0,0,0,0,0,0,0,0,0,0,0,0,0,0,2,0,0
27667,0,0,0,0,0,0,0,0,0,-0.001,0,0,0,0,0,2,0,0
27677,0,0,0,0,0,0,0,0,-0.001,-0.002,0.001,-0.001,0,0,0,2,-0.001,0
27687,0,0,0,0,0,0,0,0,0,-0.003,0.002,-0.001,0,0,0,2,-0.001,0
27697,0,0,0,0,0,0,0,0,0,-0.003,0.002,-0.002,0,0,0,2,-0.002,0
27707,0,0,0,0,0,0,0,0,0,-0.004,0.002,-0.002,0,0,0,2,-0.002,0
27717,0,0,0,0,0,0,0,0,0,-0.003,0.002,-0.001,0,0,0,2,-0.001,0
27727,0,0,0,0,0,0,0,0,0,-0.003,0.002,-0.001,0,0,0,2,-0.001,0
27737,0,0,0,0,0,0,0,0,0,-0.002,0.001,-0.001,0,0,0,2,-0.001,0
27747,0,0,0,0,0,0,0,0,0,-0.001,0,0,0,0,0,2,0,0
27757,0,0,0,0,0,0,0,0,0,0,0,0,0,0,0,2,0,0
27767,0,0,0,0,0,0,0,0,0,0,0,0,0,0,0,2,0,0
27777,0,0,0,0,0,0,0,0,0,0,0,0,0,0,0,2,0,0
27787,0,0,0,0,0,0,0,0,0,0,0,0,0,0,0,2,0,0
27797,0,0,0,0,0,0,0,0,0,0,0,0,0,0,0,2,0,0
27807,0,0,0,0,0,0,0,0,0,0,0,0,0,0,0,2,0,0
27817,0,0,0,0,0,0,0,0,0,0,0,0,0,0,0,2,0,0
27827,0,0,0,0,0,0,0,0,0,0,0,0,0,0,0,2,0,0
27837,0,0,0,0,0,0,0,0,-0.001,0,0,0,0,0,0,2,0,0
27847,0,0,0,0,0,0,0,0.001,0,0,0,0,0,0,0,2,0,0
27857,0,0,0,0,0,0,0,0.001,0.001,0,0,0,0,0,0,2,0,0
27867,0,0,0,0,0,0,0,0,0,0,0,0,0,0,0,2,0,0
27877,0,0,0,0,0,0,0,0,0,0,0,0,0,0,0,2,0,0
27887,0,0,0,0,0,0,0,0,0,0,0,0,0,0,0,2,0,0
27897,0,0,0,0,0,0,0,0,0,0,0,0,0,0,0,2,0,0
27907,0,0,0,0,0,0,0,0,0,0,0,0,0,0,0,2,0,0
27917,0,0,0,0,0,0,0,0,0,0,0,0,0,0,0,2,0,0
27927,0,0,0,0,0,0,0,0,0,0,0,0,0,0,0,2,0,0
27937,0,0,0,0,0,0,0,0,0,-0.001,-0.001,0,0,0,0,2,0,0
27947,0,0,0,0,0,0,0,0,0,-0.002,-0.002,-0.001,0,0,0,2,-0.001,0
27957,0,0,0,0,0,0,0,0,0,-0.003,-0.003,-0.002,-0.001,0,0,2,-0.002,-0.001
27967,0,0,0,0,0,0,0,0,0,-0.004,-0.003,-0.002,-0.001,0,0,2,-0.002,-0.001
27977,0,0,0,0,0,0,0,0,0,-0.002,-0.002,-0.002,-0.001,0,0,2,-0.002,-0.001
27987,0,0,0,0,0,0,0,0,0,-0.002,-0.002,-0.001,-0.001,0,0,2,-0.001,-0.001
27997,0,0,0,0,0,0,0,0,0,-0.001,-0.001,-0.001,-0.001,0,0,2,-0.001,-0.001
28007,0,0,0,0,0,0,0,0,0,-0.001,-0.001,-0.001,0,0,0,2,-0.001,0
28017,0,0,0,0,0,0,0,0,0,0,0,0,0,0,0,2,0,0
28027,0,0,0,0,0,0,0,0,0,0,0,0,0,0,0,2,0,0
28037,0,0,0,0,0,0,0,0,0,0,0,0,0,0,0,2,0,0
28047,0,0,0,0,0,0,0,0,0,0,0,0,0,0,0,2,0,0
28057,0,0,0,0,0,0,0,-0.001,-0.001,0,0,0,0,0,0,2,0,0
28067,0,0,0,0,0,0,0,-0.001,0,0,0,0,0,0,0,2,0,0
28077,0,0,0,0,0,0,0,-0.001,0,0,0,0,0,0,0,2,0,0
28087,0,0,0,0,0,0,0,0,0,0,0,0,0,0,0,2,0,0
28097,0,0,0,0,0,0,0,-0.001,0,0,0,0,0,0,0,2,0,0
28107,0,0,0,0,0,0,0,0,-0.001,0,0,0,0,0,0,2,0,0
28117,0,0,0,0,0,0,0,0.001,0.001,0,0,0,0,0,0,2,0,0
28127,0,0,0,0,0,0,0,0.001,0.001,0,0,0,0,0,0,2,0,0
28137,0,0,0,0,0,0,0,0.002,0.002,0,0,0,0,0,0,2,0,0
28147,0,0,0,0,0,0,0,0.002,0.002,0,0,0,0,0,0,2,0,0
28157,0,0,0,0,0,0,0,0.002,0.002,0.001,-0.001,0.001,0,0,0,2,0.001,0
28167,0,0,0,0,0,0,0,0.003,0.001,0.001,-0.002,0.001,-0.001,0,0,2,0.001,-0.001
28177,0,0,0,0,0,0,0,0.002,0,0.003,-0.002,0.002,-0.001,0,0,2,0.002,-0.001
28187,0,0,0,0,0,0,0,0.002,-0.002,0.006,-0.004,0.005,-0.003,0,0,2,0.005,-0.003
28197,0,0,0,0,0,0,0,0.002,-0.001,0.005,-0.003,0.006,-0.003,0,0,2,0.006,-0.003
28207,0,0,0,0,0,0,0,-0.003,-0.001,0.002,0,0.003,-0.001,0,0,2,0.003,-0.001
28217,0,0,0,0,0,0,0,-0.005,0.001,-0.002,0.002,-0.001,0,0,0,2,-0.001,0
28227,0,0,0,0,0,0,0,-0.004,0.003,-0.005,0.003,-0.004,0.002,0,0,2,-0.004,0.002
28237,0,0,0,0,0,0,0,0.003,0.001,-0.008,0.004,-0.007,0.003,0,0,2,-0.007,0.003
28247,0,0,0,0,0,0,0,0.002,0,-0.01,0.004,-0.009,0.003,0,0,2,-0.009,0.003
28257,0,0,0,0,0,0,0,0,0,-0.01,0.003,-0.01,0.003,0,0,2,-0.01,0.003
28267,0,0,0,0,0,0,0,-0.002,0,-0.009,0.003,-0.009,0.003,0,0,2,-0.009,0.003
28277,0,0,0,0,0,0,0,0,0.002,-0.007,0.003,-0.007,0.003,0,0,2,-0.007,0.003
28287,0,0,0,0,0,0,0,0.001,0.002,-0.004,0.002,-0.005,0.002,0,0,2,-0.005,0.002
28297,0,0,0,0,0,0,0,0.002,0.002,-0.002,0.001,-0.001,0.002,0,0,2,-0.001,0.002
28307,0,0,0,0,0,0,0,0.002,-0.001,-0.001,0,-0.001,0,0,0,2,-0.001,0
28317,0,0,0,0,0,0,0,0.001,-0.001,-0.001,0,0,-0.001,0,0,2,0,-0.001
28327,0,0,0,0,0,0,0,0.001,0,-0.001,0,0,0,0,0,2,0,0
28337,0,0,0,0,0,0,0,0.001,0,0,0,0,0,0,0,2,0,0
28347,0,0,0,0,0,0,0,0.001,-0.001,0,0,0,0,0,0,2,0,0
28357,0,0,0,0,0,0,0,0,-0.001,0,0,0,-0.001,0,0,2,0,-0.001
28367,0,0,0,0,0,0,0,0.001,0,0,0,0,0,0,0,2,0,0
28377,0,0,0,0,0,0,0,0,0,0,0,0,0,0,0,2,0,0
28387,0,0,0,0,0,0,0,0,0,0,0,0,0,0,0,2,0,0
28397,0,0,0,0,0,0,0,0,0,0,0,0,0,0,0,2,0,0
28407,0,0,0,0,0,0,0,0,0,0,0,0,0,0,0,2,0,0
28417,0,0,0,0,0,0,0,0,0,0,0,0,0,0,0,2,0,0
28427,0,0,0,0,0,0,0,0,0,0,0,0,0,0,0,2,0,0
28437,0,0,0,0,0,0,0,0,0,0,0,0,0,0,0,2,0,0
28447,0,0,0,0,0,0,0,-0.001,0,0,0,0,0,0,0,2,0,0
28457,0,0,0,0,0,0,0,-0.001,-0.001,0,0,0,0,0,0,2,0,0
28467,0,0,0,0,0,0,0,0,0,0,0,0,0,0,0,2,0,0
28477,0,0,0,0,0,0,0,0,0,0,0,0,0,0,0,2,0,0
28487,0,0,0,0,0,0,0,0,0,0,0,0,0,0,0,2,0,0
28497,0,0,0,0,0,0,0,0,0,0,0,0,0,0,0,2,0,0
28507,0,0,0,0,0,0,0,0,0,0,0,0,0,0,0,2,0,0
28517,0,0,0,0,0,0,0,0,0,0,0,0,0,0,0,2,0,0
28527,0,0,0,0,0,0,0,0,0,0,0,0,0,0,0,2,0,0
28537,0,0,0,0,0,0,0,0,0,0,0,0,0,0,0,2,0,0
28547,0,0,0,0,0,0,0,0,-0.001,0,0,0,0,0,0,2,0,0
28557,0,0,0,0,0,0,0,0,0,0,0,0,0,0,0,2,0,0
28567,0,0,0,0,0,0,0,0,-0.001,0,0,0,0,0,0,2,0,0
28577,0,0,0,0,0,0,0,0,0,0,0,0,0,0,0,2,0,0
28587,0,0,0,0,0,0,0,0,0,0,0,0,0,0,0,2,0,0
28597,0,0,0,0,0,0,0,0,0,0,0,0,0,0,0,2,0,0
28607,0,0,0,0,0,0,0,0,0,0,0,0,0,0,0,2,0,0
28617,0,0,0,0,0,0,0,0,0,0,0,0,0,0,0,2,0,0
28627,0,0,0,0,0,0,0,0,0,0,0,0,0,0,0,2,0,0
28637,0,0,0,0,0,0,0,0,0,0,0,0,0,0,0,2,0,0
28647,0,0,0,0,0,0,0,0,0,0,0,0,0,0,0,2,0,0
28657,0,0,0,0,0,0,0,0,0,0,0,0,0,0,0,2,0,0
28667,0,0,0,0,0,0,0,0,0,0,0,0,0,0,0,2,0,0
28677,0,0,0,0,0,0,0,0,0,0,0,0,0,0,0,2,0,0
28687,0,0,0,0,0,0,0,0,0,0,0,0,0,0,0,2,0,0
28697,0,0,0,0,0,0,0,0,0,0,0,0,0,0,0,2,0,0
28707,0,0,0,0,0,0,0,0,0,0,0,0,0,0,0,2,0,0
28717,0,0,0,0,0,0,0,0,0,0,0,0,0,0,0,2,0,0
28727,0,0,0,0,0,0,0,0,0,0,0,0,0,0,0,2,0,0
28737,0,0,0,0,0,0,0,0,0,0,0,0,0,0,0,2,0,0
28747,0,0,0,0,0,0,0,0,0,0,0,0,0,0,0,2,0,0
28757,0,0,0,0,0,0,0,0,0,0,0,0,0,0,0,2,0,0
28767,0,0,0,0,0,0,0,0,0,0,0,0,0,0,0,2,0,0
28777,0,0,0,0,0,0,0,0,0,0,0,0,0,0,0,2,0,0
28787,0,0,0,0,0,0,0,0,0,0,0,0,0,0,0,2,0,0
28797,0,0,0,0,0,0,0,-0.001,0,0,0,0,0,0,0,2,0,0
28807,0,0,0,0,0,0,0,0,-0.001,0,0,0,0,0,0,2,0,0
28817,0,0,0,0,0,0,0,0,0,0,0,0,0,0,0,2,0,0
28827,0,0,0,0,0,0,0,0.001,0,0,0,0,0,0,0,2,0,0
28837,0,0,0,0,0,0,0,0,0,0,0,0,0,0,0,2,0,0
28847,0,0,0,0,0,0,0,0,0,0,0,0,0,0,0,2,0,0
28857,0,0,0,0,0,0,0,0,0,0,0,0,0,0,0,2,0,0
28867,0,0,0,0,0,0,0,0,0,0,0,0,0,0,0,2,0,0
28877,0,0,0,0,0,0,0,0,0,0.001,-0.001,0.001,0,0,0,2,0.001,0
28887,0,0,0,0,0,0,0,-0.001,0,0.002,-0.002,0.002,-0.001,0,0,2,0.002,-0.001
28897,0,0,0,0,0,0,0,-0.001,0,0.003,-0.002,0.002,-0.001,0,0,2,0.002,-0.001
28907,0,0,0,0,0,0,0,-0.001,0.001,0.003,-0.003,0.002,-0.001,0,0,2,0.002,-0.001
28917,0,0,0,0,0,0,0,0,0,0.004,-0.003,0.003,-0.001,0,0,2,0.003,-0.001
28927,0,0,0,0,0,0,0,0,0,0.003,-0.003,0.003,-0.001,0,0,2,0.003,-0.001
28937,0,0,0,0,0,0,0,0,-0.001,0.003,-0.002,0.002,-0.001,0,0,2,0.002,-0.001
28947,0,0,0,0,0,0,0,0,-0.001,0.003,-0.002,0.002,-0.001,0,0,2,0.002,-0.001
28957,0,0,0,0,0,0,0,0,-0.001,0.002,-0.002,0.002,-0.001,0,0,2,0.002,-0.001
28967,0,0,0,0,0,0,0,0,0,0.001,-0.001,0.001,-0.001,0,0,2,0.001,-0.001
28977,0,0,0,0,0,0,0,0,0,0.001,0,0,0,0,0,2,0,0
28987,0,0,0,0,0,0,0,0,-0.001,0.001,0,0,0,0,0,2,0,0
28997,0,0,0,0,0,0,0,0,-0.001,0,0,0,0,0,0,2,0,0
29007,0,0,0,0,0,0,0,-0.001,0,0,0,0,0,0,0,2,0,0
29017,0,0,0,0,0,0,0,0.001,-0.001,0,0,0,0,0,0,2,0,0
29027,0,0,0,0,0,0,0,-0.001,0,0,0,0,-0.001,0,0,2,0,-0.001
29037,0,0,0,0,0,0,0,0,0,-0.001,-0.001,-0.001,0,0,0,2,-0.001,0
29047,0,0,0,0,0,0,0,0,0,-0.002,-0.001,-0.001,-0.001,0,0,2,-0.001,-0.001
29057,0,0,0,0,0,0,0,0,-0.001,-0.001,-0.001,-0.001,-0.001,0,0,2,-0.001,-0.001
29067,0,0,0,0,0,0,0,0,-0.001,-0.001,-0.001,-0.001,-0.001,0,0,2,-0.001,-0.001
29077,0,0,0,0,0,0,0,0,0,0,-0.001,0,0,0,0,2,0,0
29087,0,0,0,0,0,0,0,0,-0.001,0,-0.001,0,0,0,0,2,0,0
29097,0,0,0,0,0,0,0,0,0,0.001,-0.001,0.001,-0.001,0,0,2,0.001,-0.001
29107,0,0,0,0,0,0,0,0,0,0.002,-0.002,0.001,-0.001,0,0,2,0.001,-0.001
29117,0,0,0,0,0,0,0,0,0,0.003,-0.002,0.002,-0.001,0,0,2,0.002,-0.001
29127,0,0,0,0,0,0,0,0,0,0.003,-0.002,0.002,-0.001,0,0,2,0.002,-0.001
29137,0,0,0,0,0,0,0,0,0,0.003,-0.002,0.002,-0.001,0,0,2,0.002,-0.001
29147,0,0,0,0,0,0,0,0,0,0.003,-0.002,0.002,-0.001,0,0,2,0.002,-0.001
29157,0,0,0,0,0,0,0,0,0,0.002,-0.002,0.002,-0.001,0,0,2,0.002,-0.001
29167,0,0,0,0,0,0,0,0,0,0.001,-0.001,0.001,-0.001,0,0,2,0.001,-0.001
29177,0,0,0,0,0,0,0,0,0,0.001,0,0.001,0,0,0,2,0.001,0
29187,0,0,0,0,0,0,0,0,0,0,0,0,0,0,0,2,0,0
29197,0,0,0,0,0,0,0,0,0,0,0,0,0,0,0,2,0,0
29207,0,0,0,0,0,0,0,0,0,0,0,0,0,0,0,2,0,0
29217,0,0,0,0,0,0,0,0.001,0,0,0,0,0,0,0,2,0,0
29227,0,0,0,0,0,0,0,0.001,0,0,0,0,0,0,0,2,0,0
29237,0,0,0,0,0,0,0,0,0,0,0,0,0,0,0,2,0,0
29247,0,0,0,0,0,0,0,0,0,0,0,0,0,0,0,2,0,0
29257,0,0,0,0,0,0,0,0,0,0,0,0,0,0,0,2,0,0
29267,0,0,0,0,0,0,0,0,0,0,0,0,0,0,0,2,0,0
29277,0,0,0,0,0,0,0,0,0,0,0,0,0,0,0,2,0,0
29287,0,0,0,0,0,0,0,0,0,0,0,0,0,0,0,2,0,0
29297,0,0,0,0,0,0,0,0,0,0,0,0,0,0,0,2,0,0
29307,0,0,0,0,0,0,0,0,0,0,0,0,0,0,0,2,0,0
29317,0,0,0,0,0,0,0,0,0,0,0,0,0,0,0,2,0,0
29327,0,0,0,0,0,0,0,0,0,0,0,0,0,0,0,2,0,0
29337,0,0,0,0,0,0,0,0,0,0,0,0,0,0,0,2,0,0
29347,0,0,0,0,0,0,0,0,0,0,0,0,0,0,0,2,0,0
29357,0,0,0,0,0,0,0,0,0,0,0,0,0,0,0,2,0,0
29367,0,0,0,0,0,0,0,0,0,0,0,0,0,0,0,2,0,0
29377,0,0,0,0,0,0,0,0,0,0,0,0,0,0,0,2,0,0
29387,0,0,0,0,0,0,0,0,0,0,0,0,0,0,0,2,0,0
29397,0,0,0,0,0,0,0,0,0,0,0,0,0,0,0,2,0,0
29407,0,0,0,0,0,0,0,0,0,0,0,0,0,0,0,2,0,0
29417,0,0,0,0,0,0,0,0,0,0,0,0,0,0,0,2,0,0
29427,0,0,0,0,0,0,0,0,0,0,0,0,0,0,0,2,0,0
29437,0,0,0,0,0,0,0,0.001,0,0,0,0,0,0,0,2,0,0
29447,0,0,0,0,0,0,0,0,0,0,0,0,0,0,0,2,0,0
29457,0,0,0,0,0,0,0,0,0,0,0,0,0,0,0,2,0,0
29467,0,0,0,0,0,0,0,0,0,0,0,0,0,0,0,2,0,0
29477,0,0,0,0,0,0,0,0,0,0,0,0,0,0,0,2,0,0
29487,0,0,0,0,0,0,0,0,0,0,0,0,0,0,0,2,0,0
29497,0,0,0,0,0,0,0,0,0,0,0,0,0,0,0,2,0,0
29507,0,0,0,0,0,0,0,0,0,0,0,0,0,0,0,2,0,0
29517,0,0,0,0,0,0,0,0,0,0,0,0,0,0,0,2,0,0
29527,0,0,0,0,0,0,0,0,0,0,0,0,0,0,0,2,0,0
29537,0,0,0,0,0,0,0,0,0,0,0,0,0,0,0,2,0,0
29547,0,0,0,0,0,0,0,0,0,0,0,0,0,0,0,2,0,0
29557,0,0,0,0,0,0,0,0,0,0,0,0,0,0,0,2,0,0
29567,0,0,0,0,0,0,0,0,0.001,0,0,0,0,0,0,2,0,0
29577,0,0,0,0,0,0,0,0,0,0,0,0,0,0,0,2,0,0
29587,0,0,0,0,0,0,0,0,0,0,0,0,0,0,0,2,0,0
29597,0,0,0,0,0,0,0,0,0.001,0,0,0,0,0,0,2,0,0
29607,0,0,0,0,0,0,0,0,0,0,0,0,0,0,0,2,0,0
29617,0,0,0,0,0,0,0,0,0,0,0,0,0,0,0,2,0,0
29627,0,0,0,0,0,0,0,0,0,0,0,0,0,0,0,2,0,0
29637,0,0,0,0,0,0,0,0,0.001,0,0,0,0,0,0,2,0,0
29647,0,0,0,0,0,0,0,0,0,0,0,0,0,0,0,2,0,0
29657,0,0,0,0,0,0,0,0,0,0,0,0,0,0,0,2,0,0
29667,0,0,0,0,0,0,0,0,0,0,0,0,0,0,0,2,0,0
29677,0,0,0,0,0,0,0,0,0,0,0,0,0,0,0,2,0,0
29687,0,0,0,0,0,0,0,0,0,0,0,0,0,0,0,2,0,0
29697,0,0,0,0,0,0,0,0,0,0,0,0,0,0,0,2,0,0
29707,0,0,0,0,0,0,0,0,0,0,0,0,0,0,0,2,0,0
29717,0,0,0,0,0,0,0,0,0,0,0,0,0,0,0,2,0,0
29727,0,0,0,0,0,0,0,0,0,0,0,0,0,0,0,2,0,0
29737,0,0,0,0,0,0,0,0,0,0,0,0,0,0,0,2,0,0
29747,0,0,0,0,0,0,0,0,0,0,0,0,0,0,0,2,0,0
29757,0,0,0,0,0,0,0,0,0,0,0,0,0,0,0,2,0,0
29767,0,0,0,0,0,0,0,0,0,0,0,0,0,0,0,2,0,0
29777,0,0,0,0,0,0,0,0,0,0,0,0,0,0,0,2,0,0
29787,0,0,0,0,0,0,0,0,0,0,0,0,0,0,0,2,0,0
29797,0,0,0,0,0,0,0,0,0,0,0,0,0,0,0,2,0,0
29807,0,0,0,0,0,0,0,0,0,0,0,0,0,0,0,2,0,0
29817,0,0,0,0,0,0,0,0,0,0,0,0,0,0,0,2,0,0
29827,0,0,0,0,0,0,0,0,0,0,0,0,0,0,0,2,0,0
29837,0,0,0,0,0,0,0,0,0,0,0,0,0,0,0,2,0,0
29847,0,0,0,0,0,0,0,0,0,0,0,0,0,0,0,2,0,0
29857,0,0,0,0,0,0,0,0,0,0,0,0,0,0,0,2,0,0
29867,0,0,0,0,0,0,0,0,0,0,0,0,0,0,0,2,0,0
29877,0,0,0,0,0,0,0,0,0,0,0,0,0,0,0,2,0,0
29887,0,0,0,0,0,0,0,0,0,0,0,0,0,0,0,2,0,0
29897,0,0,0,0,0,0,0,0,0,0,0,0,0,0,0,2,0,0
29907,0,0,0,0,0,0,0,0,0,0,0,0,0,0,0,2,0,0
29917,0,0,0,0,0,0,0,0,0,0,0,0,0,0,0,2,0,0
29927,0,0,0,0,0,0,0,0,0,0,0,0,0,0,0,2,0,0
29937,0,0,0,0,0,0,0,0,0,0,0,0,0,0,0,2,0,0
29947,0,0,0,0,0,0,0,0,0,0,0,0,0,0,0,2,0,0
29957,0,0,0,0,0,0,0,0,0,0,0,0,0,0,0,2,0,0
29967,0,0,0,0,0,0,0,0,0,0,0,0,0,0,0,2,0,0
29977,0,0,0,0,0,0,0,0,0,0,0,0,0,0,0,2,0,0
29987,0,0,0,0,0,0,0,0,0,0,0,0,0,0,0,2,0,0
29997,0,0,0,0,0,0,0,0,0,0,0,0,0,0,0,2,0,0
30007,0,0,0,0,0,0,0,0,0,0,0,0,0,0,0,2,0,0
30017,0,0,0,0,0,0,0,0,0,0,0,0,0,0,0,2,0,0
30027,0,0,0,0,0,0,0,-0.001,0.001,0,0,0,0,0,0,2,0,0
30037,0,0,0,0,0,0,0,0,0,0,0,0,0,0,0,2,0,0
30047,0,0,0,0,0,0,0,0,0,0,0,0,0,0,0,2,0,0
30057,0,0,0,0,0,0,0,0,0,0,0,0,0,0,0,2,0,0
30067,0,0,0,0,0,0,0,0,0,0,0,0,0,0,0,2,0,0
30077,0,0,0,0,0,0,0,0,0,0,0,0,0,0,0,2,0,0
30087,0,0,0,0,0,0,0,0,0,0,0,0,0,0,0,2,0,0
30097,0,0,0,0,0,0,0,0,0.001,0,0,0,0,0,0,2,0,0
30107,0,0,0,0,0,0,0,0,0,0,0,0,0,0,0,2,0,0
30117,0,0,0,0,0,0,0,0,0,0,0,0,0,0,0,2,0,0
30127,0,0,0,0,0,0,0,0,0,0,0,0,0,0,0,2,0,0
30137,0,0,0,0,0,0,0,0,0,0,0,0,0,0,0,2,0,0
30147,0,0,0,0,0,0,0,0,0,0,0,0,0,0,0,2,0,0
30157,0,0,0,0,0,0,0,0,0,0,0,0,0,0,0,2,0,0
30167,0,0,0,0,0,0,0,0,0,0,0,0,0,0,0,2,0,0
30177,0,0,0,0,0,0,0,0,0,0,0,0,0,0,0,2,0,0
30187,0,0,0,0,0,0,0,0,0,0,0,0,0,0,0,2,0,0
30197,0,0,0,0,0,0,0,0,0,0,0,0,0,0,0,2,0,0
30207,0,0,0,0,0,0,0,0,0,0,0,0,0,0,0,2,0,0
30217,0,0,0,0,0,0,0,0,0,0,0,0,0,0,0,2,0,0
30227,0,0,0,0,0,0,0,0,0,0,0,0,0,0,0,2,0,0
30237,0,0,0,0,0,0,0,0,0,0,0,0,0,0,0,2,0,0
30247,0,0,0,0,0,0,0,0,0,0,0,0,0,0,0,2,0,0
30257,0,0,0,0,0,0,0,0,0,0,0,0,0,0,0,2,0,0
30267,0,0,0,0,0,0,0,0,0,0,0,0,0,0,0,2,0,0
30277,0,0,0,0,0,0,0,-0.001,0,0,0,0,0,0,0,2,0,0
30287,0,0,0,0,0,0,0,-0.001,0,0,0,0,0,0,0,2,0,0
30297,0,0,0,0,0,0,0,0,0,0,0,0,0,0,0,2,0,0
30307,0,0,0,0,0,0,0,0,0,0,0,0,0,0,0,2,0,0
30317,0,0,0,0,0,0,0,0,0,0,0,0,0,0,0,2,0,0
30327,0,0,0,0,0,0,0,0,0,0,0,0,0,0,0,2,0,0
30337,0,0,0,0,0,0,0,0,0,0,0,0,0,0,0,2,0,0
30347,0,0,0,0,0,0,0,0,0,0,0,0,0,0,0,2,0,0
30357,0,0,0,0,0,0,0,0,0,0,0,0,0,0,0,2,0,0
30367,0,0,0,0,0,0,0,0,0,0,0,0,0,0,0,2,0,0
30377,0,0,0,0,0,0,0,0,0,0,0,0,0,0,0,2,0,0
30387,0,0,0,0,0,0,0,0,0,0,0,0,0,0,0,2,0,0
30397,0,0,0,0,0,0,0,0,0,0,0,0,0,0,0,2,0,0
30408,0,0,0,0,0,0,0,0,0,0,0,0,0,0,0,2,0,0
30418,0,0,0,0,0,0,0,0,0,0,0,0,0,0,0,2,0,0
30428,0,0,0,0,0,0,0,0,0,0,0,0,0,0,0,2,0,0
30438,0,0,0,0,0,0,0,0,0,0,0,0,0,0,0,2,0,0
30448,0,0,0,0,0,0,0,0,0,0,0,0,0,0,0,2,0,0
30458,0,0,0,0,0,0,0,0,0,0,0,0,0,0,0,2,0,0
30468,0,0,0,0,0,0,0,0,0,0,0,0,0,0,0,2,0,0
30478,0,0,0,0,0,0,0,0,0,0,0,0,0,0,0,2,0,0
30488,0,0,0,0,0,0,0,0,0,0,0,0,0,0,0,2,0,0
30498,0,0,0,0,0,0,0,0,0,0,0,0,0,0,0,2,0,0
30508,0,0,0,0,0,0,0,0,0,0,0,0,0,0,0,2,0,0
30518,0,0,0,0,0,0,0,0,0,0,0,0,0,0,0,2,0,0
30527,0,0,0,0,0,0,0,0,0,0,0,0,0,0,0,2,0,0
30538,0,0,0,0,0,0,0,0,0,0,0,0,0,0,0,2,0,0
30548,0,0,0,0,0,0,0,0,0,0,0,0,0,0,0,2,0,0
30558,0,0,0,0,0,0,0,0,0.001,0,0,0,0,0,0,2,0,0
30568,0,0,0,0,0,0,0,0,0,0,0,0,0,0,0,2,0,0
30578,0,0,0,0,0,0,0,0,0,0,0,0,0,0,0,2,0,0
30588,0,0,0,0,0,0,0,0,0,0,0,0,0,0,0,2,0,0
30598,0,0,0,0,0,0,0,0,0,0,0,0,0,0,0,2,0,0
30608,0,0,0,0,0,0,0,0,0,0,0,0,0,0,0,2,0,0
30618,0,0,0,0,0,0,0,0,0,0,0,0,0,0,0,2,0,0
30628,0,0,0,0,0,0,0,0,0,0,0,0,0,0,0,2,0,0
30638,0,0,0,0,0,0,0,0,0,0,0,0,0,0,0,2,0,0
30648,0,0,0,0,0,0,0,0,0,0,0,0,0,0,0,2,0,0
30658,0,0,0,0,0,0,0,0,0,0,0,0,0,0,0,2,0,0
30668,0,0,0,0,0,0,0,0,0,0,0,0,0,0,0,2,0,0
30678,0,0,0,0,0,0,0,0,0,0,0,0,0,0,0,2,0,0
30688,0,0,0,0,0,0,0,0,0,0,0,0,0,0,0,2,0,0
30698,0,0,0,0,0,0,0,0,0,0,0,0,0,0,0,2,0,0
30708,0,0,0,0,0,0,0,0,0,0,0,0,0,0,0,2,0,0
30718,0,0,0,0,0,0,0,0,0,0,0,0,0,0,0,2,0,0
30728,0,0,0,0,0,0,0,0,0,0,0,0,0,0,0,2,0,0
30738,0,0,0,0,0,0,0,0,0,0,0,0,0,0,0,2,0,0
30748,0,0,0,0,0,0,0,0,0,0,0,0,0,0,0,2,0,0
30758,0,0,0,0,0,0,0,0,0,0,0,0,0,0,0,2,0,0
30768,0,0,0,0,0,0,0,0,0,0,0,0,0,0,0,2,0,0
30778,0,0,0,0,0,0,0,0,0,0,0,0,0,0,0,2,0,0
30788,0,0,0,0,0,0,0,0,0,0,0,0,0,0,0,2,0,0
30798,0,0,0,0,0,0,0,0,0,0,0,0,0,0,0,2,0,0
30808,0,0,0,0,0,0,0,0,0,0,0,0,0,0,0,2,0,0
30818,0,0,0,0,0,0,0,0,0,0,0,0,0,0,0,2,0,0
30828,0,0,0,0,0,0,0,0.001,0,0,0,0,0,0,0,2,0,0
30838,0,0,0,0,0,0,0,0,0.002,0,0,0,0,0,0,2,0,0
30848,0,0,0,0,0,0,0,0,0,0,0,0,0,0,0,2,0,0
30858,0,0,0,0,0,0,0,-0.001,0,0,0,-0.001,-0.001,0,0,2,-0.001,-0.001
30868,0,0,0,0,0,0,0,-0.002,-0.002,0,0,0,0,0,0,2,0,0
30878,0,0,0,0,0,0,0,0,-0.002,0,0,0,0,0,0,2,0,0
30888,0,0,0,0,0,0,0,-0.001,-0.001,0,0,0,0,0,0,2,0,0
30898,0,0,0,0,0,0,0,-0.001,0,0,0,0,0,0,0,2,0,0
30908,0,0,0,0,0,0,0,-0.001,0.001,0,0,0,0,0,0,2,0,0
30918,0,0,0,0,0,0,0,-0.001,0.001,0,0,0,0,0,0,2,0,0
30928,0,0,0,0,0,0,0,0,0,0,0,0,0,0,0,2,0,0
30938,0,0,0,0,0,0,0,-0.002,-0.001,0,0,0,0,0,0,2,0,0
30948,0,0,0,0,0,0,0,-0.001,-0.002,0,0,0,0,0,0,2,0,0
30958,0,0,0,0,0,0,0,-0.001,-0.001,0,0,0,0,0,0,2,0,0
30968,0,0,0,0,0,0,0,0,-0.002,0,0,0,0,0,0,2,0,0
30978,0,0,0,0,0,0,0,-0.003,-0.003,0,0,0,0,0,0,2,0,0
30988,0,0,0,0,0,0,0,-0.005,-0.001,0,0,0,0,0,0,2,0,0
30998,0,0,0,0,0,0,0,0.004,0.003,0,0,0,0,0,0,2,0,0
31008,0,0,0,0,0,0,0,-0.001,0.001,0,0,0,0,0,0,2,0,0
31018,0,0,0,0,0,0,0,0,0,0,0,0,0,0,0,2,0,0
31028,0,0,0,0,0,0,0,0,0,0,0,0,0,0,0,2,0,0
31038,0,0,0,0,0,0,0,0,0.001,0,0,0,0,0,0,2,0,0
31048,0,0,0,0,0,0,0,-0.001,0,0,0,0,0,0,0,2,0,0
31058,0,0,0,0,0,0,0,-0.001,0,0,0,0,0,0,0,2,0,0
31068,0,0,0,0,0,0,0,-0.003,-0.001,0,0,0,0,0,0,2,0,0
31078,0,0,0,0,0,0,0,-0.001,0.001,0,0,0,0,0,0,2,0,0
31088,0,0,0,0,0,0,0,0.004,0.001,0,0,0,0,0,0,2,0,0
31098,0,0,0,0,0,0,0,0.003,0.002,0,0,0,0,0,0,2,0,0
31108,0,0,0,0,0,0,0,0.006,0.001,0,0,0,0,0,0,2,0,0
31118,0,0,0,0,0,0,0,0.003,0.001,0,0,0,0,0,0,2,0,0
31128,0,0,0,0,0,0,0,0.004,0.003,0,0,0.001,0.001,0,0,2,0.001,0.001
31138,0,0,0,0,0,0,0,0.002,0.003,0,0,0,0.001,0,0,2,0,0.001
31148,0,0,0,0,0,0,0,0.002,0.003,0,0,0,0.001,0,0,2,0,0.001
31158,0,0,0,0,0,0,0,0.001,0.003,0,0,0,0.001,0,0,2,0,0.001
31168,0,0,0,0,0,0,0,0.002,0.003,0,0,0,0,0,0,2,0,0
31178,0,0,0,0,0,0,0,0.002,0.001,0,0,0,0,0,0,2,0,0
31187,0,0,0,0,0,0,0,0.001,0.003,0,0,0,0,0,0,2,0,0
31198,0,0,0,0,0,0,0,0,0.002,0,0,0,0,0,0,2,0,0
31208,0,0,0,0,0,0,0,0,0.002,0,0,0,0,0,0,2,0,0
31218,0,0,0,0,0,0,0,-0.002,0.002,0,0,0,0,0,0,2,0,0
31228,0,0,0,0,0,0,0,-0.002,0.001,0,0,0,0,0,0,2,0,0
31238,0,0,0,0,0,0,0,-0.002,0.001,0,0,0,0,0,0,2,0,0
31248,0,0,0,0,0,0,0,-0.002,0.001,0,0,0,0,0,0,2,0,0
31258,0,0,0,0,0,0,0,-0.001,0,0,0,0,0,0,0,2,0,0
31268,0,0,0,0,0,0,0,-0.001,-0.001,0,0,0,0,0,0,2,0,0
31278,0,0,0,0,0,0,0,0,-0.001,0,0,0,0,0,0,2,0,0
31288,0,0,0,0,0,0,0,0,-0.002,0,0,0,0,0,0,2,0,0
31298,0,0,0,0,0,0,0,0,-0.002,0,0,0,0,0,0,2,0,0
31308,0,0,0,0,0,0,0,-0.001,-0.002,0,0,0,0,0,0,2,0,0
31318,0,0,0,0,0,0,0,-0.001,-0.001,0,0,0,0,0,0,2,0,0
31328,0,0,0,0,0,0,0,-0.001,0,0,0,0,0,0,0,2,0,0
31338,0,0,0,0,0,0,0,-0.001,0,0,0,0,0,0,0,2,0,0
31348,0,0,0,0,0,0,0,0,-0.001,0,0,0,0,0,0,2,0,0
31358,0,0,0,0,0,0,0,0,-0.001,0,0,0,0,0,0,2,0,0
31368,0,0,0,0,0,0,0,0,-0.001,0,0,0,0,0,0,2,0,0
31378,0,0,0,0,0,0,0,0,0,0,0,0,0,0,0,2,0,0
31388,0,0,0,0,0,0,0,0,0,0,0,0,0,0,0,2,0,0
31398,0,0,0,0,0,0,0,0,0,0,0,0,0,0,0,2,0,0
31408,0,0,0,0,0,0,0,0,0.001,0,0,0,0,0,0,2,0,0
31418,0,0,0,0,0,0,0,0.001,0.001,0,0,0,0,0,0,2,0,0
31428,0,0,0,0,0,0,0,0,0.001,0,0,0,0,0,0,2,0,0
31438,0,0,0,0,0,0,0,0,0.001,0,0,0,0,0,0,2,0,0
31448,0,0,0,0,0,0,0,0,0.001,0,0,0,0,0,0,2,0,0
31458,0,0,0,0,0,0,0,0,0.001,0,0,0,0,0,0,2,0,0
31468,0,0,0,0,0,0,0,0.001,0.001,0,0,0,0,0,0,2,0,0
31478,0,0,0,0,0,0,0,0.002,0.001,0,0,0,0,0,0,2,0,0
31488,0,0,0,0,0,0,0,0.002,0.001,0,0,0,0,0,0,2,0,0
31498,0,0,0,0,0,0,0,0.003,0.001,0,0,0,0,0,0,2,0,0
31508,0,0,0,0,0,0,0,0.001,0,0,0,0.001,0,0,0,2,0.001,0
31518,0,0,0,0,0,0,0,0.002,0.001,0,0,0,0,0,0,2,0,0
31528,0,0,0,0,0,0,0,0.001,0.001,0,0,0,0,0,0,2,0,0
31538,0,0,0,0,0,0,0,0.001,0.001,0,0,0,0,0,0,2,0,0
31548,0,0,0,0,0,0,0,0,0.001,0,0,0,0,0,0,2,0,0
31558,0,0,0,0,0,0,0,0,0.001,0,0,0,0,0,0,2,0,0
31568,0,0,0,0,0,0,0,0,0.001,0,0,0,0,0,0,2,0,0
31578,0,0,0,0,0,0,0,0,0.001,0,0,0,0,0,0,2,0,0
31588,0,0,0,0,0,0,0,0,0,0,0,0,0,0,0,2,0,0
31598,0,0,0,0,0,0,0,0,0,0,0,0,0,0,0,2,0,0
31608,0,0,0,0,0,0,0,0.001,-0.001,0,0,0,0,0,0,2,0,0
31618,0,0,0,0,0,0,0,0.001,-0.001,0,0,0,0,0,0,2,0,0
31628,0,0,0,0,0,0,0,0.002,-0.001,0,0,0,0,0,0,2,0,0
31638,0,0,0,0,0,0,0,0.002,0,0,0,0,0,0,0,2,0,0
31648,0,0,0,0,0,0,0,0.002,0,0,0,0,0,0,0,2,0,0
31658,0,0,0,0,0,0,0,0.001,0,0,0,0,0,0,0,2,0,0
31668,0,0,0,0,0,0,0,0.001,0.001,0,0,0,0,0,0,2,0,0
31678,0,0,0,0,0,0,0,0.001,0.001,0,0,0,0,0,0,2,0,0
31688,0,0,0,0,0,0,0,0.001,0.002,0,0,0,0,0,0,2,0,0
31698,0,0,0,0,0,0,0,0.001,0.001,0,0,0,0,0,0,2,0,0
31708,0,0,0,0,0,0,0,0.001,0.001,0,0,0,0,0,0,2,0,0
31718,0,0,0,0,0,0,0,0.001,0.001,0,0,0,0,0,0,2,0,0
31728,0,0,0,0,0,0,0,0.001,0.001,0,0,0,0,0,0,2,0,0
31738,0,0,0,0,0,0,0,0.002,0.002,0,0,0,0,0,0,2,0,0
31748,0,0,0,0,0,0,0,0.002,0.002,0,0,0,0,0,0,2,0,0
31758,0,0,0,0,0,0,0,0.002,0.002,0,0,0,0,0,0,2,0,0
31768,0,0,0,0,0,0,0,0.003,0.001,0,0,0,0,0,0,2,0,0
31778,0,0,0,0,0,0,0,0.003,0.001,0,0,0,0,0,0,2,0,0
31788,0,0,0,0,0,0,0,0.002,0.001,0,0,0,0,0,0,2,0,0
31798,0,0,0,0,0,0,0,0.002,0.001,0,0,0,0,0,0,2,0,0
31808,0,0,0,0,0,0,0,0.002,0.001,0,0,0,0,0,0,2,0,0
31818,0,0,0,0,0,0,0,0.003,0.002,0,0,0,0,0,0,2,0,0
31828,0,0,0,0,0,0,0,0.003,0.002,0,0,0,0,0,0,2,0,0
31838,0,0,0,0,0,0,0,0.003,0.003,0,0,0,0,0,0,2,0,0
31848,0,0,0,0,0,0,0,0.003,0.003,0,0,0,0,0,0,2,0,0
31858,0,0,0,0,0,0,0,0.003,0.003,0,0,0,0,0,0,2,0,0
31868,0,0,0,0,0,0,0,0.003,0.002,0,0,0,0,0,0,2,0,0
31878,0,0,0,0,0,0,0,0.003,0.002,0,0,0,0,0,0,2,0,0
31888,0,0,0,0,0,0,0,0.003,0.002,0,0,0,0,0,0,2,0,0
31898,0,0,0,0,0,0,0,0.003,0.002,0,0,0,0,0,0,2,0,0
31908,0,0,0,0,0,0,0,0.003,0.002,0,0,0,0,0,0,2,0,0
31918,0,0,0,0,0,0,0,0.003,0.003,0,0,0,0.001,0,0,2,0,0.001
31928,0,0,0,0,0,0,0,0.003,0.003,0,0,0,0.001,0,0,2,0,0.001
31938,0,0,0,0,0,0,0,0.003,0.003,0,0,0.001,0.001,0,0,2,0.001,0.001
31948,0,0,0,0,0,0,0,0.002,0.002,0,0,0.001,0.001,0,0,2,0.001,0.001
31958,0,0,0,0,0,0,0,0.002,0.002,0,0,0,0.001,0,0,2,0,0.001
31968,0,0,0,0,0,0,0,0.002,0.002,0,0,0,0.001,0,0,2,0,0.001
31978,0,0,0,0,0,0,0,0.002,0.002,0,0,0,0.001,0,0,2,0,0.001
31988,0,0,0,0,0,0,0,0.002,0.002,0,0,0,0,0,0,2,0,0
31998,0,0,0,0,0,0,0,0.002,0.003,0,0,0,0,0,0,2,0,0
32008,0,0,0,0,0,0,0,0.002,0.003,0,0,0,0.001,0,0,2,0,0.001
32018,0,0,0,0,0,0,0,0.002,0.004,0,0,0,0.001,0,0,2,0,0.001
32028,0,0,0,0,0,0,0,0.002,0.004,0,0,0,0.001,0,0,2,0,0.001
32038,0,0,0,0,0,0,0,0.001,0.004,0,0,0,0,0,0,2,0,0
32048,0,0,0,0,0,0,0,0,0.003,0,0,0,0,0,0,2,0,0
32058,0,0,0,0,0,0,0,0,0.003,0,0,0,0,0,0,2,0,0
32068,0,0,0,0,0,0,0,0,0.003,0,0,0,0,0,0,2,0,0
32078,0,0,0,0,0,0,0,0,0.003,0,0,0,0,0,0,2,0,0
32088,0,0,0,0,0,0,0,0,0.003,0,0,0,0,0,0,2,0,0
32098,0,0,0,0,0,0,0,0.001,0.003,0,0,0,0,0,0,2,0,0
32108,0,0,0,0,0,0,0,0.001,0.004,0,0,0,0,0,0,2,0,0
32118,0,0,0,0,0,0,0,0.001,0.004,0,0,0,0,0,0,2,0,0
32128,0,0,0,0,0,0,0,0.001,0.003,0,0,0,0,0,0,2,0,0
32138,0,0,0,0,0,0,0,0.001,0.003,0,0,0,0,0,0,2,0,0
32148,0,0,0,0,0,0,0,0.002,0.002,0,0,0,0,0,0,2,0,0
32158,0,0,0,0,0,0,0,0.002,0.002,0,0,0,0,0,0,2,0,0
32168,0,0,0,0,0,0,0,0.003,0.002,0,0,0,0,0,0,2,0,0
32178,0,0,0,0,0,0,0,0.003,0.002,0,0,0,0,0,0,2,0,0
32188,0,0,0,0,0,0,0,0.004,0.001,0,0,0,0,0,0,2,0,0
32198,0,0,0,0,0,0,0,0.005,0.001,0,0,0,0,0,0,2,0,0
32208,0,0,0,0,0,0,0,0.005,0.001,0,0,0,0,0,0,2,0,0
32218,0,0,0,0,0,0,0,0.006,0.002,0,0,0,0,0,0,2,0,0
32228,0,0,0,0,0,0,0,0.006,0.003,0,0,0,0,0,0,2,0,0
32238,0,0,0,0,0,0,0,0.006,0.004,0,0,0,0,0,0,2,0,0
32248,0,0,0,0,0,0,0,0.006,0.004,0,0,0,0.001,0,0,2,0,0.001
32258,0,0,0,0,0,0,0,0.006,0.004,0,0,0.001,0.002,0,0,2,0.001,0.002
32268,0,0,0,0,0,0,0,0.006,0.004,0,0,0.001,0.002,0,0,2,0.001,0.002
32278,0,0,0,0,0,0,0,0.006,0.003,0,0,0,0.001,0,0,2,0,0.001
32288,0,0,0,0,0,0,0,0.006,0.003,0,0,0,0.001,0,0,2,0,0.001
32298,0,0,0,0,0,0,0,0.006,0.002,0,0,0,0,0,0,2,0,0
32308,0,0,0,0,0,0,0,0.006,0.002,0,0,0,0,0,0,2,0,0
32318,0,0,0,0,0,0,0,0.006,0.002,0,0,0,0,0,0,2,0,0
32328,0,0,0,0,0,0,0,0.006,0.002,0,0,0,0,0,0,2,0,0
32338,0,0,0,0,0,0,0,0.006,0.002,0,0,0,0,0,0,2,0,0
32348,0,0,0,0,0,0,0,0.006,0.002,0,0,0,0,0,0,2,0,0
32358,0,0,0,0,0,0,0,0.006,0.002,0,0,0,0,0,0,2,0,0
32368,0,0,0,0,0,0,0,0.006,0.002,0,0,0,0,0,0,2,0,0
32378,0,0,0,0,0,0,0,0.006,0.002,0,0,0,0,0,0,2,0,0
32388,0,0,0,0,0,0,0,0.006,0.002,0,0,0,0,0,0,2,0,0
32398,0,0,0,0,0,0,0,0.006,0.001,0,0,0,0,0,0,2,0,0
32408,0,0,0,0,0,0,0,0.006,0.001,0,0,0,0,0,0,2,0,0
32418,0,0,0,0,0,0,0,0.005,0,0,0,0,0,0,0,2,0,0
32428,0,0,0,0,0,0,0,0.006,0,0,0,0,0,0,0,2,0,0
32438,0,0,0,0,0,0,0,0.005,0.001,0,0,0,0,0,0,2,0,0
32448,0,0,0,0,0,0,0,0.005,0.001,0,0,0,0,0,0,2,0,0
32458,0,0,0,0,0,0,0,0.005,0.001,0,0,0,0,0,0,2,0,0
32468,0,0,0,0,0,0,0,0.004,0.001,0,0,0,0,0,0,2,0,0
32478,0,0,0,0,0,0,0,0.004,0.002,0,0,0,0,0,0,2,0,0
32488,0,0,0,0,0,0,0,0.004,0.002,0,0,0,0,0,0,2,0,0
32498,0,0,0,0,0,0,0,0.004,0.002,0,0,0,0,0,0,2,0,0
32508,0,0,0,0,0,0,0,0.004,0.002,0,0,0,0,0,0,2,0,0
32518,0,0,0,0,0,0,0,0.005,0.002,0,0,0,0,0,0,2,0,0
32528,0,0,0,0,0,0,0,0.005,0.001,0,0,0,0,0,0,2,0,0
32538,0,0,0,0,0,0,0,0.006,0.001,0,0,0,0,0,0,2,0,0
32548,0,0,0,0,0,0,0,0.006,0.001,0,0,0,0,0,0,2,0,0
32558,0,0,0,0,0,0,0,0.007,0.001,0,0,0,0,0,0,2,0,0
32568,0,0,0,0,0,0,0,0.007,0.001,0,0,0,0,0,0,2,0,0
32578,0,0,0,0,0,0,0,0.007,0.001,0,0,0,0,0,0,2,0,0
32588,0,0,0,0,0,0,0,0.007,0.001,0,0,0,0,0,0,2,0,0
32598,0,0,0,0,0,0,0,0.007,0.001,0,0,0,0,0,0,2,0,0
32608,0,0,0,0,0,0,0,0.008,0.002,0,0,0,0,0,0,2,0,0
32618,0,0,0,0,0,0,0,0.008,0.002,0,0,0,0,0,0,2,0,0
32628,0,0,0,0,0,0,0,0.008,0.002,0,0,0,0,0,0,2,0,0
32638,0,0,0,0,0,0,0,0.007,0.001,0,0,0,0,0,0,2,0,0
32648,0,0,0,0,0,0,0,0.007,0.001,0,0,0,0,0,0,2,0,0
32658,0,0,0,0,0,0,0,0.007,0.001,0,0,0,0,0,0,2,0,0
32668,0,0,0,0,0,0,0,0.007,0.001,0,0,0,0,0,0,2,0,0
32678,0,0,0,0,0,0,0,0.007,0.001,0,0,0,0,0,0,2,0,0
32688,0,0,0,0,0,0,0,0.006,0,0,0,0,0,0,0,2,0,0
32698,0,0,0,0,0,0,0,0.006,0,0,0,0,0,0,0,2,0,0
32708,0,0,0,0,0,0,0,0.006,0,0,0,0,0,0,0,2,0,0
32718,0,0,0,0,0,0,0,0.005,0,0,0,0,0,0,0,2,0,0
32728,0,0,0,0,0,0,0,0.005,0,0,0,0,0,0,0,2,0,0
32738,0,0,0,0,0,0,0,0.005,0.001,0,0,0,0,0,0,2,0,0
32748,0,0,0,0,0,0,0,0.005,0.001,0,0,0,0,0,0,2,0,0
32758,0,0,0,0,0,0,0,0.005,0.001,0,0,0,0,0,0,2,0,0
32768,0,0,0,0,0,0,0,0.005,0.002,0,0,0,0,0,0,2,0,0
32778,0,0,0,0,0,0,0,0.005,0.002,0,0,0,0,0,0,2,0,0
32788,0,0,0,0,0,0,0,0.005,0.002,0,0,0,0,0,0,2,0,0
32798,0,0,0,0,0,0,0,0.006,0.002,0,0,0,0,0,0,2,0,0
32808,0,0,0,0,0,0,0,0.006,0.002,0,0,0,0,0,0,2,0,0
32818,0,0,0,0,0,0,0,0.006,0.002,0,0,0,0,0,0,2,0,0
32828,0,0,0,0,0,0,0,0.007,0.002,0,0,0,0,0,0,2,0,0
32838,0,0,0,0,0,0,0,0.007,0.002,0,0,0,0,0,0,2,0,0
32848,0,0,0,0,0,0,0,0.007,0.002,0,0,0,0,0,0,2,0,0
32858,0,0,0,0,0,0,0,0.007,0.002,0,0,0,0,0,0,2,0,0
32868,0,0,0,0,0,0,0,0.007,0.001,0,0,0,0,0,0,2,0,0
32878,0,0,0,0,0,0,0,0.008,0.001,0,0,0,0,0,0,2,0,0
32888,0,0,0,0,0,0,0,0.008,0,0,0,0,0,0,0,2,0,0
32898,0,0,0,0,0,0,0,0.008,0,0,0,0,0,0,0,2,0,0
32908,0,0,0,0,0,0,0,0.008,-0.001,0,0,0,0,0,0,2,0,0
32918,0,0,0,0,0,0,0,0.008,-0.001,0,0,0,0,0,0,2,0,0
32928,0,0,0,0,0,0,0,0.008,-0.001,0,0,0,0,0,0,2,0,0
32938,0,0,0,0,0,0,0,0.008,-0.001,0,0,0,0,0,0,2,0,0
32948,0,0,0,0,0,0,0,0.008,0,0,0,0,0,0,0,2,0,0
32958,0,0,0,0,0,0,0,0.007,0,0,0,0,0,0,0,2,0,0
32968,0,0,0,0,0,0,0,0.007,0,0,0,0,0,0,0,2,0,0
32978,0,0,0,0,0,0,0,0.007,0.001,0,0,0,0,0,0,2,0,0
32988,0,0,0,0,0,0,0,0.007,0.001,0,0,0,0,0,0,2,0,0
32998,0,0,0,0,0,0,0,0.007,0.001,0,0,0,0,0,0,2,0,0
33008,0,0,0,0,0,0,0,0.007,0.001,0,0,0,0,0,0,2,0,0
33018,0,0,0,0,0,0,0,0.007,0.001,0,0,0,0,0,0,2,0,0
33028,0,0,0,0,0,0,0,0.007,0.001,0,0,0,0,0,0,2,0,0
33038,0,0,0,0,0,0,0,0.008,0.001,0,0,0,0,0,0,2,0,0
33048,0,0,0,0,0,0,0,0.008,0.001,0,0,0,0,0,0,2,0,0
33058,0,0,0,0,0,0,0,0.008,0.001,0,0,0,0,0,0,2,0,0
33068,0,0,0,0,0,0,0,0.008,0.001,0,0,0,0,0,0,2,0,0
33078,0,0,0,0,0,0,0,0.008,0.001,0,0,0,0,0,0,2,0,0
33088,0,0,0,0,0,0,0,0.008,0,0,0,0,0,0,0,2,0,0
33098,0,0,0,0,0,0,0,0.008,0,0,0,0,0,0,0,2,0,0
33108,0,0,0,0,0,0,0,0.008,0,0,0,0,0,0,0,2,0,0
33118,0,0,0,0,0,0,0,0.009,0,0,0,0,0,0,0,2,0,0
33128,0,0,0,0,0,0,0,0.009,0,0,0,0,0,0,0,2,0,0
33138,0,0,0,0,0,0,0,0.009,0,0,0,0,0,0,0,2,0,0
33148,0,0,0,0,0,0,0,0.009,0,0,0,0,0,0,0,2,0,0
33158,0,0,0,0,0,0,0,0.009,0,0,0,0,0,0,0,2,0,0
33168,0,0,0,0,0,0,0,0.009,0,0,0,0,0,0,0,2,0,0
33178,0,0,0,0,0,0,0,0.009,0,0,0,0,0,0,0,2,0,0
33188,0,0,0,0,0,0,0,0.009,0.001,0,0,0,0,0,0,2,0,0
33198,0,0,0,0,0,0,0,0.009,0,0,0,0,0,0,0,2,0,0
33208,0,0,0,0,0,0,0,0.009,0.001,0,0,0,0,0,0,2,0,0
33218,0,0,0,0,0,0,0,0.009,0.001,0,0,0,0,0,0,2,0,0
33228,0,0,0,0,0,0,0,0.008,0.001,0,0,0,0,0,0,2,0,0
33238,0,0,0,0,0,0,0,0.008,0.001,0,0,0,0,0,0,2,0,0
33248,0,0,0,0,0,0,0,0.008,0.001,0,0,0,0,0,0,2,0,0
33258,0,0,0,0,0,0,0,0.007,0.001,0,0,0,0,0,0,2,0,0
33268,0,0,0,0,0,0,0,0.007,0.001,0,0,0,0,0,0,2,0,0
33278,0,0,0,0,0,0,0,0.007,0.001,0,0,0,0,0,0,2,0,0
33288,0,0,0,0,0,0,0,0.007,0.001,0,0,0,0,0,0,2,0,0
33298,0,0,0,0,0,0,0,0.007,0.001,0,0,0,0,0,0,2,0,0
33308,0,0,0,0,0,0,0,0.007,0.001,0,0,0,0,0,0,2,0,0
33318,0,0,0,0,0,0,0,0.007,0,0,0,0,0,0,0,2,0,0
33328,0,0,0,0,0,0,0,0.007,0,0,0,0,0,0,0,2,0,0
33338,0,0,0,0,0,0,0,0.007,0,0,0,0,0,0,0,2,0,0
33348,0,0,0,0,0,0,0,0.007,0.001,0,0,0,0,0,0,2,0,0
33358,0,0,0,0,0,0,0,0.007,0.001,0,0,0,0,0,0,2,0,0
33368,0,0,0,0,0,0,0,0.006,0.001,0,0,0,0,0,0,2,0,0
33378,0,0,0,0,0,0,0,0.006,0.001,0,0,0,0,0,0,2,0,0
33388,0,0,0,0,0,0,0,0.006,0.001,0,0,0,0,0,0,2,0,0
33398,0,0,0,0,0,0,0,0.006,0.001,0,0,0,0,0,0,2,0,0
33408,0,0,0,0,0,0,0,0.006,0.001,0,0,0,0,0,0,2,0,0
33418,0,0,0,0,0,0,0,0.006,0.001,0,0,0,0,0,0,2,0,0
33428,0,0,0,0,0,0,0,0.006,0.001,0,0,0,0,0,0,2,0,0
33438,0,0,0,0,0,0,0,0.006,0.001,0,0,0,0,0,0,2,0,0
33448,0,0,0,0,0,0,0,0.006,0.001,0,0,0,0,0,0,2,0,0
33458,0,0,0,0,0,0,0,0.005,0,0,0,0,0,0,0,2,0,0
33468,0,0,0,0,0,0,0,0.005,0,0,0,0,0,0,0,2,0,0
33478,0,0,0,0,0,0,0,0.004,0,0,0,0,0,0,0,2,0,0
33488,0,0,0,0,0,0,0,0.004,-0.001,0,0,0,0,0,0,2,0,0
33498,0,0,0,0,0,0,0,0.003,-0.001,0,0,0,0,0,0,2,0,0
33508,0,0,0,0,0,0,0,0.003,-0.001,0,0,0,0,0,0,2,0,0
33518,0,0,0,0,0,0,0,0.003,-0.001,0,0,0,0,0,0,2,0,0
33528,0,0,0,0,0,0,0,0.003,-0.001,0,0,0,0,0,0,2,0,0
33538,0,0,0,0,0,0,0,0.004,0,0,0,0,0,0,0,2,0,0
33548,0,0,0,0,0,0,0,0.005,0,0,0,0,0,0,0,2,0,0
33558,0,0,0,0,0,0,0,0.005,0.001,0,0,0,0,0,0,2,0,0
33568,0,0,0,0,0,0,0,0.006,0.001,0,0,0,0,0,0,2,0,0
33578,0,0,0,0,0,0,0,0.006,0.001,0,0,0,0,0,0,2,0,0
33588,0,0,0,0,0,0,0,0.006,0.001,0,0,0,0,0,0,2,0,0
33598,0,0,0,0,0,0,0,0.005,0.001,0,0,0,0,0,0,2,0,0
33608,0,0,0,0,0,0,0,0.004,0.001,0,0,0,0,0,0,2,0,0
33618,0,0,0,0,0,0,0,0.002,0.001,0,0,0,0,0,0,2,0,0
33628,0,0,0,0,0,0,0,0.002,0.001,0,0,0,0,0,0,2,0,0
33638,0,0,0,0,0,0,0,0.002,-0.001,0,0,0,0,0,0,2,0,0
33648,0,0,0,0,0,0,0,0.001,0,-0.001,0,-0.001,0,0,0,2,-0.001,0
33658,0,0,0,0,0,0,0,0.002,-0.002,-0.002,0.001,-0.002,0,0,0,2,-0.002,0
33668,0,0,0,0,0,0,0,0.002,-0.003,-0.003,0.001,-0.002,0.001,0,0,2,-0.002,0.001
33678,0,0,0,0,0,0,0,0.001,-0.004,-0.004,0.002,-0.003,0.001,0,0,2,-0.003,0.001
33688,0,0,0,0,0,0,0,0.001,-0.005,-0.004,0.002,-0.004,0.001,0,0,2,-0.004,0.001
33698,0,0,0,0,0,0,0,0.001,-0.005,-0.005,0.001,-0.004,0,0,0,2,-0.004,0
33708,0,0,0,0,0,0,0,0.001,-0.006,-0.006,0,-0.006,0,0,0,2,-0.006,0
33718,0,0,0,0,0,0,0,0.001,-0.007,-0.008,-0.003,-0.008,-0.002,0,0,2,-0.008,-0.002
33728,0,0,0,0,0,0,0,0.001,-0.006,-0.009,-0.005,-0.008,-0.004,0,0,2,-0.008,-0.004
33738,0,0,0,0,0,0,0,0.002,-0.006,-0.006,-0.005,-0.007,-0.004,0,0,2,-0.007,-0.004
33748,0,0,0,0,0,0,0,0.002,-0.005,-0.003,-0.004,-0.004,-0.005,0,0,2,-0.004,-0.005
33758,0,0,0,0,0,0,0,0.003,-0.004,0,-0.004,-0.001,-0.004,0,0,2,-0.001,-0.004
33768,0,0,0,0,0,0,0,0.003,-0.005,0.002,-0.005,0.001,-0.005,0,0,2,0.001,-0.005
33778,0,0,0,0,0,0,0,0.003,-0.005,0.002,-0.004,0.002,-0.005,0,0,2,0.002,-0.005
33788,0,0,0,0,0,0,0,0.003,-0.006,0,-0.003,0.001,-0.004,0,0,2,0.001,-0.004
33798,0,0,0,0,0,0,0,0.003,-0.005,0,-0.002,0,-0.003,0,0,2,0,-0.003
33808,0,0,0,0,0,0,0,0.003,-0.005,0,-0.002,0,-0.003,0,0,2,0,-0.003
33818,0,0,0,0,0,0,0,0.003,-0.005,0,-0.001,0,-0.002,0,0,2,0,-0.002
33828,0,0,0,0,0,0,0,0.003,-0.004,0,-0.001,0,-0.002,0,0,2,0,-0.002
33838,0,0,0,0,0,0,0,0.003,-0.003,0,0,0,-0.001,0,0,2,0,-0.001
33848,0,0,0,0,0,0,0,0.002,-0.002,0,0,0,-0.001,0,0,2,0,-0.001
33858,0,0,0,0,0,0,0,0.002,-0.002,0,0,0,0,0,0,2,0,0
33868,0,0,0,0,0,0,0,0.002,-0.002,0,0,0,0,0,0,2,0,0
33878,0,0,0,0,0,0,0,0.003,-0.002,0,0,0,0,0,0,2,0,0
33888,0,0,0,0,0,0,0,0.003,-0.002,0,0,0,0,0,0,2,0,0
33898,0,0,0,0,0,0,0,0.004,-0.002,0,0,0,0,0,0,2,0,0
33908,0,0,0,0,0,0,0,0.005,-0.003,0,0,0,0,0,0,2,0,0
33918,0,0,0,0,0,0,0,0.006,-0.004,0,0,0,0,0,0,2,0,0
33928,0,0,0,0,0,0,0,0.006,-0.004,0,0,0,0,0,0,2,0,0
33938,0,0,0,0,0,0,0,0.005,-0.004,0,0,0,0,0,0,2,0,0
33948,0,0,0,0,0,0,0,0.004,-0.004,0,0,0,0,0,0,2,0,0
33958,0,0,0,0,0,0,0,0.004,-0.003,0,0,0,0,0,0,2,0,0
33968,0,0,0,0,0,0,0,0.004,-0.003,0,0,0,0,0,0,2,0,0
33978,0,0,0,0,0,0,0,0.004,-0.002,0,0,0,0,0,0,2,0,0
33988,0,0,0,0,0,0,0,0.004,-0.002,0,0,0,0,0,0,2,0,0
33998,0,0,0,0,0,0,0,0.004,-0.001,0,0,0,0,0,0,2,0,0
34008,0,0,0,0,0,0,0,0.004,-0.001,0,0,0,0,0,0,2,0,0
34018,0,0,0,0,0,0,0,0.005,-0.001,0,0,0,0,0,0,2,0,0
34028,0,0,0,0,0,0,0,0.005,0,0,0,0,0,0,0,2,0,0
34038,0,0,0,0,0,0,0,0.005,0,0,0,0,0,0,0,2,0,0
34048,0,0,0,0,0,0,0,0.005,0,0,0,0,0,0,0,2,0,0
34058,0,0,0,0,0,0,0,0.005,0,0,0,0,0,0,0,2,0,0
34068,0,0,0,0,0,0,0,0.005,0,0,0,0,0,0,0,2,0,0
34078,0,0,0,0,0,0,0,0.004,0,0,0,0,0,0,0,2,0,0
34088,0,0,0,0,0,0,0,0.004,-0.001,0,0,0,0,0,0,2,0,0
34098,0,0,0,0,0,0,0,0.003,0,0,0,0,0,0,0,2,0,0
34108,0,0,0,0,0,0,0,0.003,0,0,0,0,0,0,0,2,0,0
34118,0,0,0,0,0,0,0,0.003,0.001,0,0,0,0,0,0,2,0,0
34128,0,0,0,0,0,0,0,0.003,0.001,0,0,0,0,0,0,2,0,0
34138,0,0,0,0,0,0,0,0.004,0.001,0,0,0,0,0,0,2,0,0
34148,0,0,0,0,0,0,0,0.004,0.001,0,0,0,0,0,0,2,0,0
34158,0,0,0,0,0,0,0,0.004,0.001,0,0,0,0,0,0,2,0,0
34168,0,0,0,0,0,0,0,0.004,0.001,0,0,0,0,0,0,2,0,0
34178,0,0,0,0,0,0,0,0.004,0.002,0,0,0,0,0,0,2,0,0
34188,0,0,0,0,0,0,0,0.004,0.002,0,0,0,0,0,0,2,0,0
34198,0,0,0,0,0,0,0,0.005,0.001,0,0,0,0,0,0,2,0,0
34208,0,0,0,0,0,0,0,0.005,0.002,0,0,0,0,0,0,2,0,0
34218,0,0,0,0,0,0,0,0.004,0.003,0,0,0,0,0,0,2,0,0
34228,0,0,0,0,0,0,0,0.004,0.003,0,0,0,0,0,0,2,0,0
34238,0,0,0,0,0,0,0,0.004,0.003,0,0,0,0,0,0,2,0,0
34248,0,0,0,0,0,0,0,0.004,0.003,0,0,0,0,0,0,2,0,0
34258,0,0,0,0,0,0,0,0.004,0.003,0,0,0,0,0,0,2,0,0
34268,0,0,0,0,0,0,0,0.004,0.003,0,0,0,0,0,0,2,0,0
34278,0,0,0,0,0,0,0,0.005,0.002,0,0,0,0,0,0,2,0,0
34288,0,0,0,0,0,0,0,0.005,0.002,0,0,0,0,0,0,2,0,0
34298,0,0,0,0,0,0,0,0.005,0.002,0,0,0,0,0,0,2,0,0
34308,0,0,0,0,0,0,0,0.005,0.002,0,0,0,0,0,0,2,0,0
34318,0,0,0,0,0,0,0,0.005,0.003,0,0,0,0,0,0,2,0,0
34328,0,0,0,0,0,0,0,0.006,0.003,0,0,0,0,0,0,2,0,0
34338,0,0,0,0,0,0,0,0.005,0.002,0,0,0,0,0,0,2,0,0
34348,0,0,0,0,0,0,0,0.005,0.002,0,0,0,0,0,0,2,0,0
34358,0,0,0,0,0,0,0,0.005,0.001,0,0,0,0,0,0,2,0,0
34368,0,0,0,0,0,0,0,0.005,0.002,0,0,0,0,0,0,2,0,0
34378,0,0,0,0,0,0,0,0.006,0.002,0,0,0,0,0,0,2,0,0
34388,0,0,0,0,0,0,0,0.006,0.002,0,0,0,0,0,0,2,0,0
34398,0,0,0,0,0,0,0,0.006,0.002,0,0,0,0,0,0,2,0,0
34408,0,0,0,0,0,0,0,0.006,0.003,0,0,0,0,0,0,2,0,0
34418,0,0,0,0,0,0,0,0.006,0.003,0,0,0,0,0,0,2,0,0
34428,0,0,0,0,0,0,0,0.006,0.003,0,0,0,0,0,0,2,0,0
34438,0,0,0,0,0,0,0,0.006,0.002,0,0,0,0,0,0,2,0,0
34448,0,0,0,0,0,0,0,0.006,0.002,0,0,0,0,0,0,2,0,0
34458,0,0,0,0,0,0,0,0.006,0.001,0,0,0,0,0,0,2,0,0
34468,0,0,0,0,0,0,0,0.006,0.001,0,0,0,0,0,0,2,0,0
34478,0,0,0,0,0,0,0,0.006,0.001,0,0,0,0,0,0,2,0,0
34488,0,0,0,0,0,0,0,0.006,0.001,0.002,-0.001,0.001,0,0,0,2,0.001,0
34498,0,0,0,0,0,0,0,0.006,0.001,0.003,-0.002,0.002,-0.001,0,0,2,0.002,-0.001
34508,0,0,0,0,0,0,0,0.007,0.001,0.003,-0.002,0.003,-0.002,0,0,2,0.003,-0.002
34518,0,0,0,0,0,0,0,0.005,0.001,0.004,-0.003,0.004,-0.002,0,0,2,0.004,-0.002
34528,0,0,0,0,0,0,0,0.006,0,0.004,-0.003,0.004,-0.003,0,0,2,0.004,-0.003
34538,0,0,0,0,0,0,0,0.005,0,0.005,-0.004,0.005,-0.003,0,0,2,0.005,-0.003
34548,0,0,0,0,0,0,0,0.004,-0.001,0.005,-0.004,0.005,-0.003,0,0,2,0.005,-0.003
34558,0,0,0,0,0,0,0,0.003,-0.003,0.004,-0.003,0.005,-0.003,0,0,2,0.005,-0.003
34568,0,0,0,0,0,0,0,0.003,-0.003,0.003,-0.003,0.004,-0.003,0,0,2,0.004,-0.003
34578,0,0,0,0,0,0,0,0.003,-0.004,0.002,-0.002,0.003,-0.002,0,0,2,0.003,-0.002
34587,0,0,0,0,0,0,0,0.005,-0.006,0.001,-0.001,0.002,-0.002,0,0,2,0.002,-0.002
34598,0,0,0,0,0,0,0,0.005,-0.007,0.001,-0.001,0.001,-0.002,0,0,2,0.001,-0.002
34608,0,0,0,0,0,0,0,0.006,-0.008,0.001,-0.001,0.001,-0.001,0,0,2,0.001,-0.001
34618,0,0,0,0,0,0,0,0.006,-0.008,0.001,-0.001,0.001,-0.001,0,0,2,0.001,-0.001
34628,0,0,0,0,0,0,0,0.005,-0.006,0,0,0.001,-0.001,0,0,2,0.001,-0.001
34638,0,0,0,0,0,0,0,0.004,-0.005,-0.001,0.001,0,0,0,0,2,0,0
34648,0,0,0,0,0,0,0,0.004,-0.004,-0.002,0.002,-0.001,0.001,0,0,2,-0.001,0.001
34658,0,0,0,0,0,0,0,0.004,-0.003,-0.004,0.004,-0.003,0.002,0,0,2,-0.003,0.002
34668,0,0,0,0,0,0,0,0.004,-0.003,-0.004,0.004,-0.004,0.003,0,0,2,-0.004,0.003
34678,0,0,0,0,0,0,0,0.003,-0.002,-0.003,0.002,-0.003,0.003,0,0,2,-0.003,0.003
34688,0,0,0,0,0,0,0,0.003,-0.002,-0.001,0.001,-0.002,0.002,0,0,2,-0.002,0.002
34698,0,0,0,0,0,0,0,0.003,-0.001,-0.001,0.001,-0.001,0.001,0,0,2,-0.001,0.001
34708,0,0,0,0,0,0,0,0.003,-0.001,-0.001,0.001,-0.001,0.001,0,0,2,-0.001,0.001
34718,0,0,0,0,0,0,0,0.004,-0.001,0,0,0,0,0,0,2,0,0
34728,0,0,0,0,0,0,0,0.004,-0.002,0,0,0,0,0,0,2,0,0
34738,0,0,0,0,0,0,0,0.003,-0.003,0,0,0,0,0,0,2,0,0
34748,0,0,0,0,0,0,0,0.003,-0.003,0,0,0,0,0,0,2,0,0
34758,0,0,0,0,0,0,0,0.003,-0.004,0,0,0,0,0,0,2,0,0
34768,0,0,0,0,0,0,0,0.003,-0.004,0,0,0,0,0,0,2,0,0
34778,0,0,0,0,0,0,0,0.003,-0.004,0,0,0,0,0,0,2,0,0
34788,0,0,0,0,0,0,0,0.003,-0.004,0,0,0,0,0,0,2,0,0
34798,0,0,0,0,0,0,0,0.004,-0.004,0,0,0,0,0,0,2,0,0
34808,0,0,0,0,0,0,0,0.004,-0.003,0,0,0,0,0,0,2,0,0
34818,0,0,0,0,0,0,0,0.004,-0.003,0,0,0,0,0,0,2,0,0
34828,0,0,0,0,0,0,0,0.004,-0.003,0,0,0,0,0,0,2,0,0
34838,0,0,0,0,0,0,0,0.004,-0.002,0,0,0,0,0,0,2,0,0
34848,0,0,0,0,0,0,0,0.004,-0.002,0,0,0,0,0,0,2,0,0
34858,0,0,0,0,0,0,0,0.004,-0.002,0,0,0,0,0,0,2,0,0
34868,0,0,0,0,0,0,0,0.003,-0.002,0,0,0,0,0,0,2,0,0
34878,0,0,0,0,0,0,0,0.003,-0.002,0,0,0,0,0,0,2,0,0
34888,0,0,0,0,0,0,0,0.002,-0.001,0,0,0,0,0,0,2,0,0
34898,0,0,0,0,0,0,0,0.002,-0.001,0,0,0,0,0,0,2,0,0
34908,0,0,0,0,0,0,0,0.002,-0.001,0,0,0,0,0,0,2,0,0
34918,0,0,0,0,0,0,0,0.002,-0.001,0,0,0,0,0,0,2,0,0
34928,0,0,0,0,0,0,0,0.002,-0.001,0,0,0,0,0,0,2,0,0
34938,0,0,0,0,0,0,0,0.003,-0.001,0,0,0,0,0,0,2,0,0
34948,0,0,0,0,0,0,0,0.003,0,0,0,0,0,0,0,2,0,0
34958,0,0,0,0,0,0,0,0.003,0,0,0,0,0,0,0,2,0,0
34968,0,0,0,0,0,0,0,0.003,0,0,0,0,0,0,0,2,0,0
34978,0,0,0,0,0,0,0,0.003,0,0,0,0,0,0,0,2,0,0
34988,0,0,0,0,0,0,0,0.004,0,0,0,0,0,0,0,2,0,0
34998,0,0,0,0,0,0,0,0.004,0,0,0,0,0,0,0,2,0,0
35008,0,0,0,0,0,0,0,0.004,0,0,0,0,0,0,0,2,0,0
35018,0,0,0,0,0,0,0,0.004,0,0,0,0,0,0,0,2,0,0
35028,0,0,0,0,0,0,0,0.004,0,0,0,0,0,0,0,2,0,0
35038,0,0,0,0,0,0,0,0.004,0,0,0,0,0,0,0,2,0,0
35048,0,0,0,0,0,0,0,0.005,0,0,0,0,0,0,0,2,0,0
35058,0,0,0,0,0,0,0,0.006,0,0,0,0,0,0,0,2,0,0
35068,0,0,0,0,0,0,0,0.007,0,0,0,0,0,0,0,2,0,0
35078,0,0,0,0,0,0,0,0.008,-0.001,0,0,0,0,0,0,2,0,0
35088,0,0,0,0,0,0,0,0.008,-0.001,0,0,0,0,0,0,2,0,0
35098,0,0,0,0,0,0,0,0.009,-0.001,0,0,0,0,0,0,2,0,0
35108,0,0,0,0,0,0,0,0.008,0,0,0,0,0,0,0,2,0,0
35118,0,0,0,0,0,0,0,0.008,0.001,0,0,0,0,0,0,2,0,0
35128,0,0,0,0,0,0,0,0.008,0.002,0,0,0,0,0,0,2,0,0
35138,0,0,0,0,0,0,0,0.008,0.003,0,0,0,0,0,0,2,0,0
35148,0,0,0,0,0,0,0,0.007,0.003,0,0,0,0,0,0,2,0,0
35158,0,0,0,0,0,0,0,0.007,0.003,0,0,0,0,0,0,2,0,0
35168,0,0,0,0,0,0,0,0.007,0.003,0,0,0,0,0,0,2,0,0
35178,0,0,0,0,0,0,0,0.007,0.003,0,0,0,0,0,0,2,0,0
35188,0,0,0,0,0,0,0,0.007,0.003,0,0,0,0,0,0,2,0,0
35198,0,0,0,0,0,0,0,0.007,0.003,0,0,0,0,0,0,2,0,0
35208,0,0,0,0,0,0,0,0.008,0.002,0,0,0,0,0,0,2,0,0
35218,0,0,0,0,0,0,0,0.009,0.002,0,0,0,0,0,0,2,0,0
35228,0,0,0,0,0,0,0,0.008,0.001,0,0,0,0,0,0,2,0,0
35238,0,0,0,0,0,0,0,0.009,0.001,0,0,0,0,0,0,2,0,0
35248,0,0,0,0,0,0,0,0.009,0,0,0,0,0,0,0,2,0,0
35258,0,0,0,0,0,0,0,0.008,-0.001,0,0,0,0,0,0,2,0,0
35268,0,0,0,0,0,0,0,0.008,0,0,0,0,0,0,0,2,0,0
35278,0,0,0,0,0,0,0,0.007,0,0,0,0,0,0,0,2,0,0
35288,0,0,0,0,0,0,0,0.008,0.001,0,0,0,0,0,0,2,0,0
35298,0,0,0,0,0,0,0,0.009,0.001,0.001,-0.001,0.001,0,0,0,2,0.001,0
35308,0,0,0,0,0,0,0,0.008,0.001,0.002,-0.001,0.002,-0.001,0,0,2,0.002,-0.001
35318,0,0,0,0,0,0,0,0.009,0.001,0.002,-0.001,0.002,-0.001,0,0,2,0.002,-0.001
35328,0,0,0,0,0,0,0,0.009,0.001,0.001,-0.001,0.002,-0.001,0,0,2,0.002,-0.001
35338,0,0,0,0,0,0,0,0.01,0,0.001,-0.001,0.001,-0.001,0,0,2,0.001,-0.001
35348,0,0,0,0,0,0,0,0.01,0,0,0,0.001,0,0,0,2,0.001,0
35358,0,0,0,0,0,0,0,0.01,-0.001,0,0,0,0,0,0,2,0,0
35368,0,0,0,0,0,0,0,0.01,-0.001,0,0,0,0,0,0,2,0,0
35378,0,0,0,0,0,0,0,0.009,-0.001,0,0,0,0,0,0,2,0,0
35388,0,0,0,0,0,0,0,0.009,-0.001,0,0,0,0,0,0,2,0,0
35398,0,0,0,0,0,0,0,0.008,-0.001,0,0,0.001,0,0,0,2,0.001,0
35408,0,0,0,0,0,0,0,0.008,-0.001,0,0,0.001,0,0,0,2,0.001,0
35418,0,0,0,0,0,0,0,0.007,0,0,0,0.001,0,0,0,2,0.001,0
35428,0,0,0,0,0,0,0,0.007,-0.001,0,0,0,0,0,0,2,0,0
35438,0,0,0,0,0,0,0,0.007,-0.001,0,0,0,0,0,0,2,0,0
35448,0,0,0,0,0,0,0,0.007,-0.001,0,0,0,0,0,0,2,0,0
35458,0,0,0,0,0,0,0,0.007,-0.001,0,0,0,0,0,0,2,0,0
35468,0,0,0,0,0,0,0,0.008,-0.002,0,0,0,0,0,0,2,0,0
35478,0,0,0,0,0,0,0,0.009,-0.002,0,0,0,0,0,0,2,0,0
35488,0,0,0,0,0,0,0,0.01,-0.002,0,0,0,0,0,0,2,0,0
35498,0,0,0,0,0,0,0,0.011,-0.003,0,0,0,0,0,0,2,0,0
35508,0,0,0,0,0,0,0,0.011,-0.003,0.001,0,0.001,0,0,0,2,0.001,0
35518,0,0,0,0,0,0,0,0.011,-0.002,0.001,0,0.001,-0.001,0,0,2,0.001,-0.001
35528,0,0,0,0,0,0,0,0.011,-0.002,0,0,0,0,0,0,2,0,0
35538,0,0,0,0,0,0,0,0.011,-0.002,-0.001,0.001,0,0,0,0,2,0,0
35548,0,0,0,0,0,0,0,0.01,-0.002,-0.002,0.002,-0.001,0.001,0,0,2,-0.001,0.001
35558,0,0,0,0,0,0,0,0.009,-0.002,-0.003,0.003,-0.002,0.002,0,0,2,-0.002,0.002
35568,0,0,0,0,0,0,0,0.008,-0.002,-0.004,0.003,-0.003,0.003,0,0,2,-0.003,0.003
35578,0,0,0,0,0,0,0,0.008,-0.003,-0.003,0.002,-0.003,0.003,0,0,2,-0.003,0.003
35588,0,0,0,0,0,0,0,0.007,-0.003,-0.001,0.001,-0.002,0.002,0,0,2,-0.002,0.002
35598,0,0,0,0,0,0,0,0.006,-0.003,-0.001,0.001,-0.001,0.001,0,0,2,-0.001,0.001
35608,0,0,0,0,0,0,0,0.006,-0.003,-0.001,0.001,-0.001,0.001,0,0,2,-0.001,0.001
35618,0,0,0,0,0,0,0,0.005,-0.002,0,0,0,0,0,0,2,0,0
35628,0,0,0,0,0,0,0,0.006,-0.002,0,0,0,0,0,0,2,0,0
35638,0,0,0,0,0,0,0,0.007,-0.003,0,0,0,0,0,0,2,0,0
35648,0,0,0,0,0,0,0,0.01,-0.004,0,0,0,0,0,0,2,0,0
35658,0,0,0,0,0,0,0,0.011,-0.005,0,0,0,0,0,0,2,0,0
35668,0,0,0,0,0,0,0,0.011,-0.004,0,0,0,0,0,0,2,0,0
35678,0,0,0,0,0,0,0,0.011,-0.002,0,0,0,0,0,0,2,0,0
35688,0,0,0,0,0,0,0,0.01,-0.001,0,0,0,0,0,0,2,0,0
35698,0,0,0,0,0,0,0,0.008,0.001,0,0,0,0,0,0,2,0,0
35708,0,0,0,0,0,0,0,0.007,0.002,0,0,0,0,0,0,2,0,0
35718,0,0,0,0,0,0,0,0.006,0.001,0,0,0,0,0,0,2,0,0
35728,0,0,0,0,0,0,0,0.004,0.002,0,0,0,0,0,0,2,0,0
35738,0,0,0,0,0,0,0,0.005,0,0,0,0,0,0,0,2,0,0
35748,0,0,0,0,0,0,0,0.004,0,0,0,0,0,0,0,2,0,0
35758,0,0,0,0,0,0,0,0.004,0,0,0,0,0,0,0,2,0,0
35768,0,0,0,0,0,0,0,0.004,0,0,0,0,0,0,0,2,0,0
35778,0,0,0,0,0,0,0,0.004,0,0,0,0,0,0,0,2,0,0
35788,0,0,0,0,0,0,0,0.004,0,0,0,0,0,0,0,2,0,0
35798,0,0,0,0,0,0,0,0.003,0.001,0,0,0,0,0,0,2,0,0
35808,0,0,0,0,0,0,0,0.003,0.002,0,0,0,0,0,0,2,0,0
35818,0,0,0,0,0,0,0,0.003,0.002,0,0,0,0,0,0,2,0,0
35828,0,0,0,0,0,0,0,0.003,0.003,0,0,0,0,0,0,2,0,0
35838,0,0,0,0,0,0,0,0.003,0.002,0,0,0,0,0,0,2,0,0
35848,0,0,0,0,0,0,0,0.003,0.002,0,0,0,0,0,0,2,0,0
35858,0,0,0,0,0,0,0,0.003,0.002,0,0,0,0,0,0,2,0,0
35868,0,0,0,0,0,0,0,0.003,0.002,0,0,0,0,0,0,2,0,0
35878,0,0,0,0,0,0,0,0.002,0.001,0,0,0,0,0,0,2,0,0
35888,0,0,0,0,0,0,0,0.001,0.001,0,0,0,0,0,0,2,0,0
35898,0,0,0,0,0,0,0,0.001,0.001,0,0,0,0,0,0,2,0,0
35908,0,0,0,0,0,0,0,0,0.001,0,0,0,0,0,0,2,0,0
35918,0,0,0,0,0,0,0,-0.001,0.001,0,0,0,0,0,0,2,0,0
35928,0,0,0,0,0,0,0,-0.002,0.002,0,0,0,0,0,0,2,0,0
35938,0,0,0,0,0,0,0,-0.002,0.001,0,0,0,0,0,0,2,0,0
35948,0,0,0,0,0,0,0,-0.002,0.001,0,0,0,0,0,0,2,0,0
35960,0,0,0,0,0,0,0,-0.002,0.001,0,0,0,0,0,0,2,0,0
35967,0,0,0,0,0,0,0,-0.001,0,0,0,0,0,0,0,2,0,0
35977,0,0,0,0,0,0,0,-0.001,0,0,0,0,0,0,0,2,0,0
35987,0,0,0,0,0,0,0,0,-0.001,0,0,0,0,0,0,2,0,0
35997,0,0,0,0,0,0,0,0,-0.001,0,0,0,0,0,0,2,0,0
36007,0,0,0,0,0,0,0,0.001,-0.001,0,0,0,0,0,0,2,0,0
36017,0,0,0,0,0,0,0,0.001,-0.001,0,0,0,0,0,0,2,0,0
36027,0,0,0,0,0,0,0,0.001,0,0,0,0,0,0,0,2,0,0
36037,0,0,0,0,0,0,0,0.001,0,0,0,0,0,0,0,2,0,0
36048,0,0,0,0,0,0,0,0.002,0,0,0,0,0,0,0,2,0,0
36059,0,0,0,0,0,0,0,0.002,0.001,0,0,0,0,0,0,2,0,0
36068,0,0,0,0,0,0,0,0.003,0.001,0,0,0,0,0,0,2,0,0
36078,0,0,0,0,0,0,0,0.003,0.001,0,0,0,0,0,0,2,0,0
36088,0,0,0,0,0,0,0,0.004,0,0,0,0,0,0,0,2,0,0
36098,0,0,0,0,0,0,0,0.004,0,0,0,0,0,0,0,2,0,0
36108,0,0,0,0,0,0,0,0.005,0,0,0,0,0,0,0,2,0,0
36118,0,0,0,0,0,0,0,0.004,0.001,0,0,0,0,0,0,2,0,0
36128,0,0,0,0,0,0,0,0.004,0.002,0,0,0,0,0,0,2,0,0
36138,0,0,0,0,0,0,0,0.004,0.002,0,0,0,0,0,0,2,0,0
36148,0,0,0,0,0,0,0,0.003,0.002,0,0,0,0,0,0,2,0,0
36158,0,0,0,0,0,0,0,0.003,0.001,0,0,0,0,0,0,2,0,0
36168,0,0,0,0,0,0,0,0.003,0,0,0,0,0,0,0,2,0,0
36178,0,0,0,0,0,0,0,0.003,0,0,0,0,0,0,0,2,0,0
36188,0,0,0,0,0,0,0,0.003,0,0,0,0,0,0,0,2,0,0
36198,0,0,0,0,0,0,0,0.004,0,0,0,0,0,0,0,2,0,0
36208,0,0,0,0,0,0,0,0.004,-0.001,0,0,0,0,0,0,2,0,0
36218,0,0,0,0,0,0,0,0.003,-0.001,0,0,0,0,0,0,2,0,0
36228,0,0,0,0,0,0,0,0.002,-0.001,0,0,0.001,-0.001,0,0,2,0.001,-0.001
36238,0,0,0,0,0,0,0,0.001,0,0,0,0,0,0,0,2,0,0
36248,0,0,0,0,0,0,0,0.001,0,0,0,0,0,0,0,2,0,0
36258,0,0,0,0,0,0,0,0,0,0,0,0,0,0,0,2,0,0
36268,0,0,0,0,0,0,0,0.001,0,0,0,0,0,0,0,2,0,0
36278,0,0,0,0,0,0,0,0.001,0,0,0,0,0,0,0,2,0,0
36288,0,0,0,0,0,0,0,0.001,0,0,0,0,0,0,0,2,0,0
36298,0,0,0,0,0,0,0,0.001,-0.001,0,0,0,0,0,0,2,0,0
36308,0,0,0,0,0,0,0,0.002,-0.002,0,0,0,0,0,0,2,0,0
36318,0,0,0,0,0,0,0,0.002,-0.002,0,0,0,0,0,0,2,0,0
36328,0,0,0,0,0,0,0,0.002,-0.002,0,0,0,0,0,0,2,0,0
36338,0,0,0,0,0,0,0,0.002,-0.001,0,0,0,0,0,0,2,0,0
36348,0,0,0,0,0,0,0,0.002,0,0,0,0,0,0,0,2,0,0
36358,0,0,0,0,0,0,0,0.002,0.001,0,0,0,0,0,0,2,0,0
36368,0,0,0,0,0,0,0,0.002,0.001,0,0,0,0,0,0,2,0,0
36378,0,0,0,0,0,0,0,0.002,0.001,0,0,0,0,0,0,2,0,0
36388,0,0,0,0,0,0,0,0.002,0.001,0,0,0,0,0,0,2,0,0
36398,0,0,0,0,0,0,0,0.002,0.001,0,0,0,0,0,0,2,0,0
36408,0,0,0,0,0,0,0,0.001,0.002,0,0,0,0,0,0,2,0,0
36418,0,0,0,0,0,0,0,0.002,0.001,0,0,0,0,0,0,2,0,0
36428,0,0,0,0,0,0,0,0.002,0.002,0,0,0,0,0,0,2,0,0
36438,0,0,0,0,0,0,0,0.002,0.002,0,0,0,0,0,0,2,0,0
36448,0,0,0,0,0,0,0,0.002,0.002,0,0,0,0,0,0,2,0,0
36458,0,0,0,0,0,0,0,0.002,0.003,0,0,0,0,0,0,2,0,0
36468,0,0,0,0,0,0,0,0.002,0.003,0,0,0,0,0,0,2,0,0
36478,0,0,0,0,0,0,0,0.002,0.003,0,0,0,0,0,0,2,0,0
36488,0,0,0,0,0,0,0,0.002,0.003,0,0,0,0,0,0,2,0,0
36498,0,0,0,0,0,0,0,0.002,0.003,0,0,0,0,0,0,2,0,0
36508,0,0,0,0,0,0,0,0.001,0.002,0,0,0,0,0,0,2,0,0
36518,0,0,0,0,0,0,0,0.001,0.002,0,0,0,0,0,0,2,0,0
36528,0,0,0,0,0,0,0,0.001,0.002,0,0,0,0,0,0,2,0,0
36538,0,0,0,0,0,0,0,0.001,0.002,0,0,0,0,0,0,2,0,0
36548,0,0,0,0,0,0,0,0.002,0.002,0,0,0,0,0,0,2,0,0
36558,0,0,0,0,0,0,0,0.002,0.003,0,0,0,0,0,0,2,0,0
36568,0,0,0,0,0,0,0,0.002,0.003,0,0,0,0,0,0,2,0,0
36578,0,0,0,0,0,0,0,0.002,0.003,0,0,0,0,0,0,2,0,0
36588,0,0,0,0,0,0,0,0.002,0.003,0,0,0,0,0,0,2,0,0
36598,0,0,0,0,0,0,0,0.002,0.002,0,0,0,0,0,0,2,0,0
36608,0,0,0,0,0,0,0,0.002,0.002,0,0,0,0,0,0,2,0,0
36618,0,0,0,0,0,0,0,0.003,0.002,0,0,0,0,0,0,2,0,0
36628,0,0,0,0,0,0,0,0.002,0.002,0,0,0,0,0,0,2,0,0
36638,0,0,0,0,0,0,0,0.002,0.002,0,0,0,0,0,0,2,0,0
36648,0,0,0,0,0,0,0,0.002,0.002,0,0,0,0,0,0,2,0,0
36658,0,0,0,0,0,0,0,0.002,0.003,0,0,0,0,0,0,2,0,0
36668,0,0,0,0,0,0,0,0.002,0.003,0,0,0,0,0,0,2,0,0
36678,0,0,0,0,0,0,0,0.002,0.002,0,0,0,0,0,0,2,0,0
36688,0,0,0,0,0,0,0,0.002,0.002,0,0,0,0,0,0,2,0,0
36698,0,0,0,0,0,0,0,0.002,0.002,0,0,0,0,0,0,2,0,0
36708,0,0,0,0,0,0,0,0.003,0.002,0,0,0,0,0,0,2,0,0
36718,0,0,0,0,0,0,0,0.003,0.002,0,0,0,0,0,0,2,0,0
36728,0,0,0,0,0,0,0,0.004,0.002,0,0,0,0,0,0,2,0,0
36738,0,0,0,0,0,0,0,0.004,0.002,0,0,0,0,0,0,2,0,0
36748,0,0,0,0,0,0,0,0.004,0.001,0,0,0,0,0,0,2,0,0
36758,0,0,0,0,0,0,0,0.004,0,0,0,0,0,0,0,2,0,0
36768,0,0,0,0,0,0,0,0.004,-0.001,0,0,0,0,0,0,2,0,0
36778,0,0,0,0,0,0,0,0.004,-0.002,0,0,0,0,0,0,2,0,0
36788,0,0,0,0,0,0,0,0.004,-0.002,0,0,0,0,0,0,2,0,0
36798,0,0,0,0,0,0,0,0.004,-0.001,0,0,0,0,0,0,2,0,0
36808,0,0,0,0,0,0,0,0.004,0,0,0,0,0,0,0,2,0,0
36818,0,0,0,0,0,0,0,0.004,0.001,0,0,0,0,0,0,2,0,0
36828,0,0,0,0,0,0,0,0.003,0.002,0,0,0.001,0,0,0,2,0.001,0
36838,0,0,0,0,0,0,0,0.005,0.001,0,0,0.001,0.001,0,0,2,0.001,0.001
36848,0,0,0,0,0,0,0,0.005,0.003,0,0,0,0.001,0,0,2,0,0.001
36858,0,0,0,0,0,0,0,0.005,0.003,0,0,0,0,0,0,2,0,0
36868,0,0,0,0,0,0,0,0.005,0.003,0,0,0,0,0,0,2,0,0
36878,0,0,0,0,0,0,0,0.005,0.003,0,0,0,0,0,0,2,0,0
36888,0,0,0,0,0,0,0,0.004,0.002,0,0,0,0,0,0,2,0,0
36898,0,0,0,0,0,0,0,0.004,0.001,0,0,0,0,0,0,2,0,0
36908,0,0,0,0,0,0,0,0.003,0,0,0,0,0,0,0,2,0,0
36918,0,0,0,0,0,0,0,0.002,0,0,0,0,0,0,0,2,0,0
36928,0,0,0,0,0,0,0,0.001,-0.001,0,0,0,0,0,0,2,0,0
36938,0,0,0,0,0,0,0,0,-0.001,0,0,0,0,0,0,2,0,0
36948,0,0,0,0,0,0,0,-0.001,-0.001,0,0,0,0,0,0,2,0,0
36958,0,0,0,0,0,0,0,-0.002,-0.002,0,0,0,0,0,0,2,0,0
36968,0,0,0,0,0,0,0,-0.002,-0.002,0,0,0,0,0,0,2,0,0
36978,0,0,0,0,0,0,0,-0.002,-0.002,0,0,0,0,0,0,2,0,0
36988,0,0,0,0,0,0,0,-0.001,-0.001,0,0,0,0,0,0,2,0,0
36998,0,0,0,0,0,0,0,-0.001,-0.001,0,0,0,0,0,0,2,0,0
37008,0,0,0,0,0,0,0,0,-0.001,0,0,0,0,0,0,2,0,0
37018,0,0,0,0,0,0,0,0.001,-0.001,0,0,0,0,0,0,2,0,0
37028,0,0,0,0,0,0,0,0.002,0,0,0,0,0,0,0,2,0,0
37038,0,0,0,0,0,0,0,0.003,0,0,0,0,0,0,0,2,0,0
37048,0,0,0,0,0,0,0,0.003,0.001,0,0,0,0,0,0,2,0,0
37058,0,0,0,0,0,0,0,0.004,0.002,0,0,0,0,0,0,2,0,0
37068,0,0,0,0,0,0,0,0.003,0.003,0,0,0,0,0,0,2,0,0
37078,0,0,0,0,0,0,0,0.003,0.003,0,0,0,0,0,0,2,0,0
37088,0,0,0,0,0,0,0,0.003,0.004,0,0,0,0,0,0,2,0,0
37098,0,0,0,0,0,0,0,0.004,0.005,0,0,0,0,0,0,2,0,0
37108,0,0,0,0,0,0,0,0.004,0.005,0,0,0,0,0,0,2,0,0
37118,0,0,0,0,0,0,0,0.004,0.005,0,0,0,0,0,0,2,0,0
37128,0,0,0,0,0,0,0,0.004,0.004,0,0,0,0,0,0,2,0,0
37138,0,0,0,0,0,0,0,0.004,0.003,0,0,0,0.001,0,0,2,0,0.001
37148,0,0,0,0,0,0,0,0.004,0.003,0,0,0,0.001,0,0,2,0,0.001
37158,0,0,0,0,0,0,0,0.004,0.004,-0.001,0.001,-0.001,0.001,0,0,2,-0.001,0.001
37168,0,0,0,0,0,0,0,0.004,0.004,-0.002,0.001,-0.001,0.001,0,0,2,-0.001,0.001
37178,0,0,0,0,0,0,0,0.003,0.004,-0.002,0.002,-0.002,0.002,0,0,2,-0.002,0.002
37188,0,0,0,0,0,0,0,0.003,0.004,-0.003,0.002,-0.002,0.002,0,0,2,-0.002,0.002
37198,0,0,0,0,0,0,0,0.003,0.003,-0.002,0.002,-0.002,0.002,0,0,2,-0.002,0.002
37208,0,0,0,0,0,0,0,0.002,0.003,-0.001,0.001,-0.002,0.002,0,0,2,-0.002,0.002
37218,0,0,0,0,0,0,0,0.002,0.002,-0.001,0,-0.001,0.001,0,0,2,-0.001,0.001
37228,0,0,0,0,0,0,0,0.002,0.001,0,0,0,0.001,0,0,2,0,0.001
37238,0,0,0,0,0,0,0,0.002,0.001,0,0,0,0,0,0,2,0,0
37248,0,0,0,0,0,0,0,0.002,0.001,0,0,0,0,0,0,2,0,0
37258,0,0,0,0,0,0,0,0.002,0,0,0,0,0,0,0,2,0,0
37268,0,0,0,0,0,0,0,0.003,0,0,0,0,0,0,0,2,0,0
37278,0,0,0,0,0,0,0,0.002,0,0,0,0,0,0,0,2,0,0
37288,0,0,0,0,0,0,0,0.002,0.001,0,0,0,0,0,0,2,0,0
37298,0,0,0,0,0,0,0,0.002,0.001,0,0,0,0,0,0,2,0,0
37308,0,0,0,0,0,0,0,0.002,0.001,0,0,0,0,0,0,2,0,0
37318,0,0,0,0,0,0,0,0.002,0.001,0,0,0,0,0,0,2,0,0
37328,0,0,0,0,0,0,0,0.002,0.002,0,0,0,0,0,0,2,0,0
37338,0,0,0,0,0,0,0,0.002,0.002,0,0,0,0,0,0,2,0,0
37348,0,0,0,0,0,0,0,0.002,0.002,0,0,0,0,0,0,2,0,0
37358,0,0,0,0,0,0,0,0.002,0.003,0,0,0,0,0,0,2,0,0
37368,0,0,0,0,0,0,0,0.002,0.003,0,0,0,0,0,0,2,0,0
37378,0,0,0,0,0,0,0,0.002,0.003,0,0,0,0,0,0,2,0,0
37388,0,0,0,0,0,0,0,0.004,0.002,0,0,0,0,0,0,2,0,0
37398,0,0,0,0,0,0,0,0.004,0.002,0,0,0,0,0,0,2,0,0
37408,0,0,0,0,0,0,0,0.005,0.001,0,0,0,0,0,0,2,0,0
37418,0,0,0,0,0,0,0,0.004,0,0,0,0,0,0,0,2,0,0
37428,0,0,0,0,0,0,0,0.003,-0.001,0,0,0,0,0,0,2,0,0
37438,0,0,0,0,0,0,0,0.002,-0.002,0,0,0,0,0,0,2,0,0
37448,0,0,0,0,0,0,0,0.001,-0.001,0,0,0,0,0,0,2,0,0
37458,0,0,0,0,0,0,0,0.001,-0.002,0,0,0,0,0,0,2,0,0
37468,0,0,0,0,0,0,0,0.001,-0.002,0,0,0,0,0,0,2,0,0
37478,0,0,0,0,0,0,0,0.001,-0.002,0,0,0,0,0,0,2,0,0
37488,0,0,0,0,0,0,0,0.002,-0.002,0,0,0,0,0,0,2,0,0
37498,0,0,0,0,0,0,0,0.003,0,0,0,0,0,0,0,2,0,0
37508,0,0,0,0,0,0,0,0.005,0,0,0,0,0,0,0,2,0,0
37518,0,0,0,0,0,0,0,0.006,0.002,0,0,0,0,0,0,2,0,0
37528,0,0,0,0,0,0,0,0.007,0.002,0,0,0,0,0,0,2,0,0
37538,0,0,0,0,0,0,0,0.007,0.002,0,0,0,0,0,0,2,0,0
37548,0,0,0,0,0,0,0,0.007,0.002,0,0,0,0,0,0,2,0,0
37558,0,0,0,0,0,0,0,0.007,0.001,0,0,0,0,0,0,2,0,0
37568,0,0,0,0,0,0,0,0.006,0,0,0,0,0,0,0,2,0,0
37578,0,0,0,0,0,0,0,0.006,0,0,0,0,0,0,0,2,0,0
37588,0,0,0,0,0,0,0,0.006,-0.001,0,0,0,0,0,0,2,0,0
37598,0,0,0,0,0,0,0,0.005,-0.001,0,0,0,0,0,0,2,0,0
37608,0,0,0,0,0,0,0,0.005,0,0,0,0,0,0,0,2,0,0
37618,0,0,0,0,0,0,0,0.005,0,0,0,0,0,0,0,2,0,0
37628,0,0,0,0,0,0,0,0.004,0.001,0,0,0,0,0,0,2,0,0
37638,0,0,0,0,0,0,0,0.004,0.001,0,0,0,0,0,0,2,0,0
37648,0,0,0,0,0,0,0,0.004,0.001,0,0,0,0,0,0,2,0,0
37658,0,0,0,0,0,0,0,0.003,0.001,0,0,0,0,0,0,2,0,0
37668,0,0,0,0,0,0,0,0.003,0.001,0,0,0,0,0,0,2,0,0
37678,0,0,0,0,0,0,0,0.003,0.001,0,0,0,0,0,0,2,0,0
37688,0,0,0,0,0,0,0,0.003,0.001,0,0,0,0,0,0,2,0,0
37698,0,0,0,0,0,0,0,0.003,0.001,0,0,0,0,0,0,2,0,0
37708,0,0,0,0,0,0,0,0.003,0.002,0,0,0,0,0,0,2,0,0
37718,0,0,0,0,0,0,0,0.002,0.002,0,0,0,0,0,0,2,0,0
37728,0,0,0,0,0,0,0,0.002,0.002,0,0,0,0,0,0,2,0,0
37738,0,0,0,0,0,0,0,0.002,0.003,0,0,0,0,0,0,2,0,0
37748,0,0,0,0,0,0,0,0.001,0.003,0,0,0,0,0,0,2,0,0
37758,0,0,0,0,0,0,0,0.001,0.003,0,0,0,0,0,0,2,0,0
37768,0,0,0,0,0,0,0,0.001,0.003,0,0,0,0,0,0,2,0,0
37778,0,0,0,0,0,0,0,0.001,0.003,0,0,0,0,0,0,2,0,0
37788,0,0,0,0,0,0,0,0,0.003,0,0,0,0,0,0,2,0,0
37798,0,0,0,0,0,0,0,0,0.002,0,0,0,0,0,0,2,0,0
37808,0,0,0,0,0,0,0,0.001,0.002,0,0,0,0,0,0,2,0,0
37818,0,0,0,0,0,0,0,0.001,0.002,0,0,0,0,0,0,2,0,0
37828,0,0,0,0,0,0,0,0.002,0.002,0,0,0,0,0,0,2,0,0
37838,0,0,0,0,0,0,0,0.002,0.002,0,0,0,0,0,0,2,0,0
37848,0,0,0,0,0,0,0,0.002,0.002,0,0,0,0,0,0,2,0,0
37858,0,0,0,0,0,0,0,0.002,0.002,0,0,0,0,0,0,2,0,0
37868,0,0,0,0,0,0,0,0.002,0.002,0,0,0,0,0,0,2,0,0
37878,0,0,0,0,0,0,0,0.002,0.002,0,0,0,0,0,0,2,0,0
37888,0,0,0,0,0,0,0,0.002,0.002,0,0,0,0,0,0,2,0,0
37898,0,0,0,0,0,0,0,0.002,0.001,0,0,0,0,0,0,2,0,0
37908,0,0,0,0,0,0,0,0.001,0.001,0,0,0,0,0,0,2,0,0
37918,0,0,0,0,0,0,0,0.002,0,0,0,0,0,0,0,2,0,0
37928,0,0,0,0,0,0,0,0,-0.001,0,0,0,0,0,0,2,0,0
37938,0,0,0,0,0,0,0,-0.001,-0.002,0,0,0,0,0,0,2,0,0
37948,0,0,0,0,0,0,0,-0.002,-0.002,0,0,0,0,0,0,2,0,0
37958,0,0,0,0,0,0,0,-0.002,-0.001,0.001,-0.001,0.001,0,0,0,2,0.001,0
37968,0,0,0,0,0,0,0,-0.003,0,0.001,-0.001,0.001,-0.001,0,0,2,0.001,-0.001
37978,0,0,0,0,0,0,0,-0.002,0,0.001,-0.001,0.001,-0.001,0,0,2,0.001,-0.001
37988,0,0,0,0,0,0,0,-0.002,-0.002,0.001,0,0,-0.001,0,0,2,0,-0.001
37998,0,0,0,0,0,0,0,0,-0.002,0,0,0,-0.001,0,0,2,0,-0.001
38008,0,0,0,0,0,0,0,0,-0.003,0,0,0,-0.001,0,0,2,0,-0.001
38018,0,0,0,0,0,0,0,0.002,-0.003,0,0,0,-0.001,0,0,2,0,-0.001
38028,0,0,0,0,0,0,0,0.003,-0.003,0,0,0,-0.001,0,0,2,0,-0.001
38038,0,0,0,0,0,0,0,0.004,-0.003,0,0,0,0,0,0,2,0,0
38048,0,0,0,0,0,0,0,0.003,-0.002,0,0,0,0,0,0,2,0,0
38058,0,0,0,0,0,0,0,0.003,-0.001,0,0,0,0,0,0,2,0,0
38068,0,0,0,0,0,0,0,0.002,-0.001,0,0,0,0,0,0,2,0,0
38078,0,0,0,0,0,0,0,0.002,-0.001,0,0,0,0,0,0,2,0,0
38088,0,0,0,0,0,0,0,0.001,-0.002,0,0,0,0,0,0,2,0,0
38098,0,0,0,0,0,0,0,0,-0.002,0,0,0,0,0,0,2,0,0
38108,0,0,0,0,0,0,0,0,-0.003,0,0,0,0,0,0,2,0,0
38118,0,0,0,0,0,0,0,0.001,-0.003,0,0,0,0,0,0,2,0,0
38128,0,0,0,0,0,0,0,0.001,-0.003,0,0,0,0,0,0,2,0,0
38138,0,0,0,0,0,0,0,0.001,-0.003,0,0,0,0,0,0,2,0,0
38148,0,0,0,0,0,0,0,0.002,-0.003,0,0,0,0,0,0,2,0,0
38158,0,0,0,0,0,0,0,0.002,-0.002,0,0,0,0,0,0,2,0,0
38168,0,0,0,0,0,0,0,0.002,-0.002,0,0,0,0,0,0,2,0,0
38178,0,0,0,0,0,0,0,0.002,-0.001,0,0,0,0,0,0,2,0,0
38188,0,0,0,0,0,0,0,0.002,-0.001,0,0,0,0,0,0,2,0,0
38198,0,0,0,0,0,0,0,0.002,-0.001,0,0,0,0,0,0,2,0,0
38208,0,0,0,0,0,0,0,0.002,-0.001,0,0,0,0,0,0,2,0,0
38218,0,0,0,0,0,0,0,0.001,0,0,0,0,0,0,0,2,0,0
38228,0,0,0,0,0,0,0,0.002,0,0,0,0,0,0,0,2,0,0
38238,0,0,0,0,0,0,0,0.003,0.001,0,0,0,0,0,0,2,0,0
38248,0,0,0,0,0,0,0,0.004,0.001,0,0,0,0,0,0,2,0,0
38258,0,0,0,0,0,0,0,0.004,0.002,0,0,0,0,0,0,2,0,0
38268,0,0,0,0,0,0,0,0.004,0.002,0,0,0,0,0,0,2,0,0
38278,0,0,0,0,0,0,0,0.004,0.002,0,0,0,0,0,0,2,0,0
38288,0,0,0,0,0,0,0,0.004,0.002,0,0,0,0,0,0,2,0,0
38298,0,0,0,0,0,0,0,0.004,0.002,0,0,0,0,0,0,2,0,0
38308,0,0,0,0,0,0,0,0.004,0.002,0,0,0,0,0,0,2,0,0
38318,0,0,0,0,0,0,0,0.004,0.002,0,0,0,0,0,0,2,0,0
38328,0,0,0,0,0,0,0,0.005,0.001,0,0,0,0,0,0,2,0,0
38338,0,0,0,0,0,0,0,0.005,0.001,0,0,0,0,0,0,2,0,0
38348,0,0,0,0,0,0,0,0.005,0.002,0,0,0,0,0,0,2,0,0
38358,0,0,0,0,0,0,0,0.005,0.002,0,0,0,0,0,0,2,0,0
38368,0,0,0,0,0,0,0,0.006,0.002,0,0,0,0,0,0,2,0,0
38378,0,0,0,0,0,0,0,0.005,0.002,0,0,0,0,0,0,2,0,0
38388,0,0,0,0,0,0,0,0.005,0.001,0,0,0,0,0,0,2,0,0
38398,0,0,0,0,0,0,0,0.005,0.001,0,0,0,0,0,0,2,0,0
38408,0,0,0,0,0,0,0,0.004,0.001,0,0,0,0,0,0,2,0,0
38418,0,0,0,0,0,0,0,0.004,0.001,0,0,0,0,0,0,2,0,0
38428,0,0,0,0,0,0,0,0.004,0.001,0,0,0,0,0,0,2,0,0
38438,0,0,0,0,0,0,0,0.004,0,0,0,0,0,0,0,2,0,0
38448,0,0,0,0,0,0,0,0.004,0,0,0,0,0,0,0,2,0,0
38458,0,0,0,0,0,0,0,0.005,0,0,0,0,0,0,0,2,0,0
38468,0,0,0,0,0,0,0,0.005,0,0,0,0,0,0,0,2,0,0
38478,0,0,0,0,0,0,0,0.005,0,0,0,0,0,0,0,2,0,0
38488,0,0,0,0,0,0,0,0.003,0,0,0,0,0,0,0,2,0,0
38498,0,0,0,0,0,0,0,0.003,-0.001,0,0,0,0,0,0,2,0,0
38508,0,0,0,0,0,0,0,0.003,-0.001,0,0,0,0,0,0,2,0,0
38518,0,0,0,0,0,0,0,0.003,-0.002,0,0,0,0,0,0,2,0,0
38528,0,0,0,0,0,0,0,0.004,-0.003,0,0,0,0,0,0,2,0,0
38538,0,0,0,0,0,0,0,0.005,-0.003,0,0,0,0,0,0,2,0,0
38548,0,0,0,0,0,0,0,0.004,-0.003,0,0,0,0,0,0,2,0,0
38558,0,0,0,0,0,0,0,0.006,-0.003,0,0,0,0,0,0,2,0,0
38568,0,0,0,0,0,0,0,0.007,-0.002,0,0,0,0,0,0,2,0,0
38578,0,0,0,0,0,0,0,0.008,-0.002,0,0,0,0,0,0,2,0,0
38588,0,0,0,0,0,0,0,0.009,-0.001,0,0,0,0,0,0,2,0,0
38598,0,0,0,0,0,0,0,0.01,-0.001,0,0,0,0,0,0,2,0,0
38608,0,0,0,0,0,0,0,0.01,-0.001,0,0,0,0,0,0,2,0,0
38618,0,0,0,0,0,0,0,0.009,-0.001,0,0,0,0,0,0,2,0,0
38628,0,0,0,0,0,0,0,0.008,-0.001,0,0,0,0,0,0,2,0,0
38638,0,0,0,0,0,0,0,0.007,-0.002,0,0,0,0,0,0,2,0,0
38648,0,0,0,0,0,0,0,0.006,-0.002,0,0,0,0,0,0,2,0,0
38658,0,0,0,0,0,0,0,0.004,-0.002,0,0,0,0,0,0,2,0,0
38668,0,0,0,0,0,0,0,0.004,-0.002,0,0,0,0,0,0,2,0,0
38678,0,0,0,0,0,0,0,0.003,-0.001,0,0,0,0,0,0,2,0,0
38688,0,0,0,0,0,0,0,0.003,0,0,0,0,0,0,0,2,0,0
38698,0,0,0,0,0,0,0,0.004,0.001,0,0,0,0,0,0,2,0,0
38708,0,0,0,0,0,0,0,0.004,0.002,0,0,0,0,0,0,2,0,0
38718,0,0,0,0,0,0,0,0.005,0.002,0,0,0,0,0,0,2,0,0
38728,0,0,0,0,0,0,0,0.004,0.001,-0.001,0.001,-0.001,0.001,0,0,2,-0.001,0.001
38738,0,0,0,0,0,0,0,0.004,0.001,-0.002,0.001,-0.001,0.001,0,0,2,-0.001,0.001
38748,0,0,0,0,0,0,0,0.004,0.001,-0.001,0.001,-0.001,0.001,0,0,2,-0.001,0.001
38758,0,0,0,0,0,0,0,0.003,0.001,-0.001,0.001,-0.001,0.001,0,0,2,-0.001,0.001
38768,0,0,0,0,0,0,0,0.003,0.001,0,0,0,0,0,0,2,0,0
38778,0,0,0,0,0,0,0,0.003,0.001,0,0,0,0,0,0,2,0,0
38788,0,0,0,0,0,0,0,0.003,0.001,0,0,0.001,0,0,0,2,0.001,0
38798,0,0,0,0,0,0,0,0.003,0.001,0,0,0.001,0,0,0,2,0.001,0
38808,0,0,0,0,0,0,0,0.003,0.002,0,0,0,0,0,0,2,0,0
38818,0,0,0,0,0,0,0,0.003,0.002,0,0,0,0,0,0,2,0,0
38828,0,0,0,0,0,0,0,0.003,0.003,0,0,0,0,0,0,2,0,0
38838,0,0,0,0,0,0,0,0.003,0.003,0,0,0,0,0,0,2,0,0
38848,0,0,0,0,0,0,0,0.002,0.003,0,0,0,0,0,0,2,0,0
38858,0,0,0,0,0,0,0,0.002,0.003,0,0,0,0,0,0,2,0,0
38868,0,0,0,0,0,0,0,0.002,0.003,0,0,0,0,0,0,2,0,0
38878,0,0,0,0,0,0,0,0.002,0.003,0,0,0,0,0,0,2,0,0
38888,0,0,0,0,0,0,0,0.002,0.002,0,0,0,0,0,0,2,0,0
38898,0,0,0,0,0,0,0,0.003,0.002,0,0,0,0,0,0,2,0,0
38908,0,0,0,0,0,0,0,0.003,0.001,0,0,0,0,0,0,2,0,0
38918,0,0,0,0,0,0,0,0.003,0.001,0,0,0,0,0,0,2,0,0
38928,0,0,0,0,0,0,0,0.003,0,0,0,0,0,0,0,2,0,0
38938,0,0,0,0,0,0,0,0.003,0,0,0,0,0,0,0,2,0,0
38948,0,0,0,0,0,0,0,0.004,0,0,0,0,0,0,0,2,0,0
38958,0,0,0,0,0,0,0,0.004,0,0,0,0,0,0,0,2,0,0
38968,0,0,0,0,0,0,0,0.004,-0.001,0,0,0,0,0,0,2,0,0
38978,0,0,0,0,0,0,0,0.004,-0.001,0,0,0,0,0,0,2,0,0
38988,0,0,0,0,0,0,0,0.004,-0.002,0.001,-0.001,0.001,0,0,0,2,0.001,0
38998,0,0,0,0,0,0,0,0.004,-0.002,0.001,-0.001,0.001,-0.001,0,0,2,0.001,-0.001
39008,0,0,0,0,0,0,0,0.002,-0.001,0.002,-0.001,0.002,-0.001,0,0,2,0.002,-0.001
39018,0,0,0,0,0,0,0,0.002,-0.002,0.001,-0.001,0.002,-0.001,0,0,2,0.002,-0.001
39028,0,0,0,0,0,0,0,0.001,-0.001,0,0,0.001,-0.001,0,0,2,0.001,-0.001
39038,0,0,0,0,0,0,0,0.001,-0.001,0,0,0,0,0,0,2,0,0
39048,0,0,0,0,0,0,0,0,-0.002,0,0,0,0,0,0,2,0,0
39058,0,0,0,0,0,0,0,0.001,-0.003,0,0,0,0,0,0,2,0,0
39068,0,0,0,0,0,0,0,0.002,-0.003,0,0,0,0,0,0,2,0,0
39078,0,0,0,0,0,0,0,0.004,-0.003,0,0,0,0,0,0,2,0,0
39088,0,0,0,0,0,0,0,0.006,-0.002,0,0,0,0,0,0,2,0,0
39098,0,0,0,0,0,0,0,0.006,-0.001,0,0,0,0,0,0,2,0,0
39108,0,0,0,0,0,0,0,0.006,0,0,0,0,0,0,0,2,0,0
39118,0,0,0,0,0,0,0,0.005,0,0,0,0,0,0,0,2,0,0
39128,0,0,0,0,0,0,0,0.003,-0.001,0,0,0,0,0,0,2,0,0
39138,0,0,0,0,0,0,0,0.002,-0.001,0,0,0,0,0,0,2,0,0
39148,0,0,0,0,0,0,0,0.001,-0.002,0,0,0,0,0,0,2,0,0
39158,0,0,0,0,0,0,0,0.001,-0.003,0,0,0,0,0,0,2,0,0
39168,0,0,0,0,0,0,0,0.001,-0.003,0,0,0,0,0,0,2,0,0
39178,0,0,0,0,0,0,0,0.002,-0.003,0,0,0,0,0,0,2,0,0
39188,0,0,0,0,0,0,0,0.003,-0.003,0,0,0,0,0,0,2,0,0
39198,0,0,0,0,0,0,0,0.004,-0.003,0,0,0,0,0,0,2,0,0
39208,0,0,0,0,0,0,0,0.005,-0.003,0,0,0,0,0,0,2,0,0
39218,0,0,0,0,0,0,0,0.005,-0.003,0,0,0,0,0,0,2,0,0
39228,0,0,0,0,0,0,0,0.006,-0.003,0,0,0,0,0,0,2,0,0
39238,0,0,0,0,0,0,0,0.006,-0.002,0,0,0,0,0,0,2,0,0
39248,0,0,0,0,0,0,0,0.006,-0.001,0,0,0,0,0,0,2,0,0
39258,0,0,0,0,0,0,0,0.007,-0.001,0,0,0,0,0,0,2,0,0
39268,0,0,0,0,0,0,0,0.007,-0.001,0,0,0,0,0,0,2,0,0
39278,0,0,0,0,0,0,0,0.007,0,0,0,0,0,0,0,2,0,0
39288,0,0,0,0,0,0,0,0.007,0,0,0,0,0,0,0,2,0,0
39298,0,0,0,0,0,0,0,0.006,0.001,0,0,0,0,0,0,2,0,0
39308,0,0,0,0,0,0,0,0.005,0.002,0,0,0,0,0,0,2,0,0
39318,0,0,0,0,0,0,0,0.005,0.002,0,0,0,0,0,0,2,0,0
39328,0,0,0,0,0,0,0,0.004,0.002,0,0,0,0,0,0,2,0,0
39338,0,0,0,0,0,0,0,0.004,0.002,0,0,0,0,0,0,2,0,0
39348,0,0,0,0,0,0,0,0.004,0.003,0,0,0,0,0,0,2,0,0
39358,0,0,0,0,0,0,0,0.004,0.003,0,0,0,0,0,0,2,0,0
39368,0,0,0,0,0,0,0,0.004,0.003,0,0,0,0,0,0,2,0,0
39378,0,0,0,0,0,0,0,0.004,0.003,0,0,0,0,0,0,2,0,0
39388,0,0,0,0,0,0,0,0.005,0.003,0,0,0,0,0,0,2,0,0
39398,0,0,0,0,0,0,0,0.005,0.003,0,0,0,0,0,0,2,0,0
39408,0,0,0,0,0,0,0,0.005,0.002,0,0,0,0,0,0,2,0,0
39418,0,0,0,0,0,0,0,0.006,0.001,0,0,0,0,0,0,2,0,0
39428,0,0,0,0,0,0,0,0.006,-0.001,0,0,0,0,0,0,2,0,0
39438,0,0,0,0,0,0,0,0.007,-0.002,0,0,0,0,0,0,2,0,0
39448,0,0,0,0,0,0,0,0.007,-0.002,0,0,0,0,0,0,2,0,0
39458,0,0,0,0,0,0,0,0.007,-0.002,0,0,0,0,0,0,2,0,0
39468,0,0,0,0,0,0,0,0.006,-0.002,0,0,0,0,0,0,2,0,0
39478,0,0,0,0,0,0,0,0.005,-0.002,0,0,0,0,0,0,2,0,0
39488,0,0,0,0,0,0,0,0.006,-0.001,0,0,0,0,0,0,2,0,0
39498,0,0,0,0,0,0,0,0.006,-0.001,0,0,0,0,0,0,2,0,0
39508,0,0,0,0,0,0,0,0.006,-0.001,0,0,0,0,0,0,2,0,0
39518,0,0,0,0,0,0,0,0.006,-0.001,0,0,0,0,0,0,2,0,0
39528,0,0,0,0,0,0,0,0.006,-0.001,0,0,0,0,0,0,2,0,0
39538,0,0,0,0,0,0,0,0.005,-0.002,0,0,0,0,0,0,2,0,0
39548,0,0,0,0,0,0,0,0.004,-0.002,0,0,0,0,0,0,2,0,0
39558,0,0,0,0,0,0,0,0.005,-0.003,0,0,0,0,0,0,2,0,0
39568,0,0,0,0,0,0,0,0.005,-0.004,0,0,0,0,0,0,2,0,0
39578,0,0,0,0,0,0,0,0.006,-0.005,0,0,0,0,0,0,2,0,0
39588,0,0,0,0,0,0,0,0.005,-0.004,0,0,0,0,0,0,2,0,0
39598,0,0,0,0,0,0,0,0.008,-0.004,0,0,0,0,0,0,2,0,0
39608,0,0,0,0,0,0,0,0.008,-0.003,0,0,0,0,0,0,2,0,0
39618,0,0,0,0,0,0,0,0.009,-0.002,0,0,0,0,0,0,2,0,0
39628,0,0,0,0,0,0,0,0.01,-0.001,0,0,0,0,0,0,2,0,0
39638,0,0,0,0,0,0,0,0.012,-0.001,0,0,0,0,0,0,2,0,0
39648,0,0,0,0,0,0,0,0.012,-0.001,0,0,0,0,0,0,2,0,0
39658,0,0,0,0,0,0,0,0.012,-0.002,0,0,0,0,0,0,2,0,0
39668,0,0,0,0,0,0,0,0.011,-0.002,0,0,0.001,0,0,0,2,0.001,0
39678,0,0,0,0,0,0,0,0.011,-0.003,0,0,0.001,-0.001,0,0,2,0.001,-0.001
39688,0,0,0,0,0,0,0,0.01,-0.003,0,0,0,0,0,0,2,0,0
39698,0,0,0,0,0,0,0,0.009,-0.003,0,0,0,0,0,0,2,0,0
39708,0,0,0,0,0,0,0,0.008,-0.003,0,0,0,0,0,0,2,0,0
39718,0,0,0,0,0,0,0,0.007,-0.002,-0.001,0.001,0,0,0,0,2,0,0
39728,0,0,0,0,0,0,0,0.007,-0.002,-0.001,0.001,-0.001,0,0,0,2,-0.001,0
39738,0,0,0,0,0,0,0,0.005,-0.001,-0.001,0,-0.001,0,0,0,2,-0.001,0
39748,0,0,0,0,0,0,0,0.005,0,0,0,0,0,0,0,2,0,0
39758,0,0,0,0,0,0,0,0.004,0,0,0,0,0,0,0,2,0,0
39768,0,0,0,0,0,0,0,0.004,0.001,0,0,0,0,0,0,2,0,0
39778,0,0,0,0,0,0,0,0.004,0.001,0,0,0,0,0,0,2,0,0
39788,0,0,0,0,0,0,0,0.004,0,0,0,0,0,0,0,2,0,0
39798,0,0,0,0,0,0,0,0.005,0,0,0,0,0,0,0,2,0,0
39808,0,0,0,0,0,0,0,0.005,-0.001,0,0,0,0,0,0,2,0,0
39818,0,0,0,0,0,0,0,0.005,-0.001,0,0,0,0,0,0,2,0,0
39828,0,0,0,0,0,0,0,0.005,-0.001,0,0,0,0,0,0,2,0,0
39838,0,0,0,0,0,0,0,0.005,-0.001,0,0,0,0,0,0,2,0,0
39848,0,0,0,0,0,0,0,0.004,-0.001,0,0,0,0,0,0,2,0,0
39858,0,0,0,0,0,0,0,0.004,0,0,0,0,0,0,0,2,0,0
39868,0,0,0,0,0,0,0,0.004,0,0,0,0,0,0,0,2,0,0
39878,0,0,0,0,0,0,0,0.004,0.001,0,0,0,0,0,0,2,0,0
39888,0,0,0,0,0,0,0,0.004,0.001,0,0,0,0,0,0,2,0,0
39898,0,0,0,0,0,0,0,0.004,0.002,0,0,0,0,0,0,2,0,0
39908,0,0,0,0,0,0,0,0.004,0.002,0,0,0,0,0,0,2,0,0
39918,0,0,0,0,0,0,0,0.004,0.002,0,0,0,0,0,0,2,0,0
39928,0,0,0,0,0,0,0,0.003,0.002,0,0,0,0,0,0,2,0,0
39938,0,0,0,0,0,0,0,0.003,0.001,0,0,0,0,0,0,2,0,0
39948,0,0,0,0,0,0,0,0.003,0.001,0,0,0,0,0,0,2,0,0
39958,0,0,0,0,0,0,0,0.003,0.001,0,0,0,0,0,0,2,0,0
39968,0,0,0,0,0,0,0,0.004,0.001,0,0,0,0,0,0,2,0,0
39978,0,0,0,0,0,0,0,0.004,0.001,0,0,0,0,0,0,2,0,0
39988,0,0,0,0,0,0,0,0.004,0.001,0,0,0,0,0,0,2,0,0
39998,0,0,0,0,0,0,0,0.004,0.001,0,0,0,0,0,0,2,0,0
40008,0,0,0,0,0,0,0,0.004,0.001,0,0,0,0,0,0,2,0,0
40018,0,0,0,0,0,0,0,0.004,0,0,0,0,0,0,0,2,0,0
40028,0,0,0,0,0,0,0,0.004,-0.001,0,0,0,0,0,0,2,0,0
40038,0,0,0,0,0,0,0,0.004,-0.002,0,0,0,0,0,0,2,0,0
40048,0,0,0,0,0,0,0,0.004,-0.002,0,0,0,0,0,0,2,0,0
40058,0,0,0,0,0,0,0,0.004,-0.003,-0.001,0,-0.001,0,0,0,2,-0.001,0
40068,0,0,0,0,0,0,0,0.005,-0.003,-0.001,-0.001,-0.001,-0.001,0,0,2,-0.001,-0.001
40078,0,0,0,0,0,0,0,0.005,-0.002,-0.001,-0.002,-0.001,-0.002,0,0,2,-0.001,-0.002
40088,0,0,0,0,0,0,0,0.004,-0.001,-0.001,-0.003,-0.001,-0.002,0,0,2,-0.001,-0.002
40098,0,0,0,0,0,0,0,0.004,-0.001,-0.001,-0.003,-0.001,-0.003,0,0,2,-0.001,-0.003
40108,0,0,0,0,0,0,0,0.003,-0.001,-0.001,-0.002,-0.001,-0.002,0,0,2,-0.001,-0.002
40118,0,0,0,0,0,0,0,0.002,-0.002,-0.001,-0.001,-0.001,-0.001,0,0,2,-0.001,-0.001
40128,0,0,0,0,0,0,0,0.002,-0.003,-0.001,0,-0.001,-0.001,0,0,2,-0.001,-0.001
40138,0,0,0,0,0,0,0,0.003,-0.003,0,0,0,-0.001,0,0,2,0,-0.001
40148,0,0,0,0,0,0,0,0.005,-0.004,0,0,0,0,0,0,2,0,0
40158,0,0,0,0,0,0,0,0.006,-0.003,0,0,0,0,0,0,2,0,0
40168,0,0,0,0,0,0,0,0.007,-0.004,0,0,0,0,0,0,2,0,0
40178,0,0,0,0,0,0,0,0.005,-0.003,0,0,0,0,0,0,2,0,0
40188,0,0,0,0,0,0,0,0.005,-0.002,0,0,0,0,0,0,2,0,0
40198,0,0,0,0,0,0,0,0.003,-0.002,0,0,0,0,0,0,2,0,0
40208,0,0,0,0,0,0,0,0.003,-0.001,0,0,0,0,0,0,2,0,0
40218,0,0,0,0,0,0,0,0.002,-0.001,0,0,0,0,0,0,2,0,0
40228,0,0,0,0,0,0,0,0.002,-0.002,0,0,0,0,0,0,2,0,0
40238,0,0,0,0,0,0,0,0.002,-0.002,0,0,0,0,0,0,2,0,0
40248,0,0,0,0,0,0,0,0.003,-0.002,0,0,0,0,0,0,2,0,0
40258,0,0,0,0,0,0,0,0.003,-0.003,0,0,0,0,0,0,2,0,0
40268,0,0,0,0,0,0,0,0.003,-0.002,0,0,0,0,0,0,2,0,0
40278,0,0,0,0,0,0,0,0.003,-0.002,0,0,0,0,0,0,2,0,0
40288,0,0,0,0,0,0,0,0.003,-0.002,0,0,0,0,0,0,2,0,0
40298,0,0,0,0,0,0,0,0.004,-0.001,0,0,0,0,0,0,2,0,0
40308,0,0,0,0,0,0,0,0.004,-0.001,0,0,0,0,0,0,2,0,0
40318,0,0,0,0,0,0,0,0.004,0,0,0,0,0,0,0,2,0,0
40328,0,0,0,0,0,0,0,0.004,0.001,0,0,0,0,0,0,2,0,0
40338,0,0,0,0,0,0,0,0.004,0.001,0,0,0,0,0,0,2,0,0
40348,0,0,0,0,0,0,0,0.004,0.001,0,0,0,0,0,0,2,0,0
40358,0,0,0,0,0,0,0,0.004,0.001,0,0,0,0,0,0,2,0,0
40368,0,0,0,0,0,0,0,0.004,0.002,0,0,0,0,0,0,2,0,0
40378,0,0,0,0,0,0,0,0.003,0.002,0,0,0,0.001,0,0,2,0,0.001
40388,0,0,0,0,0,0,0,0.003,0.002,0,0,0,0.001,0,0,2,0,0.001
40398,0,0,0,0,0,0,0,0.003,0.002,0,0,0,0,0,0,2,0,0
40408,0,0,0,0,0,0,0,0.004,0.002,0,0,0,0,0,0,2,0,0
40418,0,0,0,0,0,0,0,0.004,0.002,0,0,0,0,0,0,2,0,0
40428,0,0,0,0,0,0,0,0.005,0.002,0,0,0,0,0,0,2,0,0
40438,0,0,0,0,0,0,0,0.005,0.001,0,0,0,0,0,0,2,0,0
40448,0,0,0,0,0,0,0,0.005,0.001,0,0,0,0,0,0,2,0,0
40458,0,0,0,0,0,0,0,0.006,0.001,0,0,0,0,0,0,2,0,0
40468,0,0,0,0,0,0,0,0.006,0.001,0,0,0,0,0,0,2,0,0
40478,0,0,0,0,0,0,0,0.006,0.001,0,0,0,0,0,0,2,0,0
40488,0,0,0,0,0,0,0,0.006,0.001,0,0,0,0,0,0,2,0,0
40498,0,0,0,0,0,0,0,0.006,0,0,0,0,0,0,0,2,0,0
40508,0,0,0,0,0,0,0,0.006,0,0,0,0,0,0,0,2,0,0
40518,0,0,0,0,0,0,0,0.006,0,0,0,0,0,0,0,2,0,0
40528,0,0,0,0,0,0,0,0.006,0,0,0,0,0,0,0,2,0,0
40538,0,0,0,0,0,0,0,0.005,0.001,0,0,0,0,0,0,2,0,0
40548,0,0,0,0,0,0,0,0.004,0.001,0,0,0,0,0,0,2,0,0
40558,0,0,0,0,0,0,0,0.004,0.001,0,0,0,0,0,0,2,0,0
40568,0,0,0,0,0,0,0,0.004,0.001,0,0,0,0,0,0,2,0,0
40578,0,0,0,0,0,0,0,0.003,0.001,0,0,0,0,0,0,2,0,0
40588,0,0,0,0,0,0,0,0.003,0.001,-0.001,0.001,-0.001,0,0,0,2,-0.001,0
40598,0,0,0,0,0,0,0,0.003,0,-0.002,0.001,-0.001,0.001,0,0,2,-0.001,0.001
40608,0,0,0,0,0,0,0,0.004,0,-0.002,0.002,-0.002,0.001,0,0,2,-0.002,0.001
40618,0,0,0,0,0,0,0,0.005,-0.002,-0.003,0.002,-0.003,0.002,0,0,2,-0.003,0.002
40628,0,0,0,0,0,0,0,0.005,-0.002,-0.002,0.002,-0.002,0.002,0,0,2,-0.002,0.002
40638,0,0,0,0,0,0,0,0.007,-0.002,-0.001,0.001,-0.002,0.001,0,0,2,-0.002,0.001
40648,0,0,0,0,0,0,0,0.006,-0.003,0,0,-0.001,0.001,0,0,2,-0.001,0.001
40658,0,0,0,0,0,0,0,0.007,-0.003,0,0,0,0,0,0,2,0,0
40668,0,0,0,0,0,0,0,0.006,-0.002,0,0,0,0,0,0,2,0,0
40678,0,0,0,0,0,0,0,0.007,-0.002,0,0,0,0,0,0,2,0,0
40688,0,0,0,0,0,0,0,0.007,-0.001,0,0,0,0,0,0,2,0,0
40698,0,0,0,0,0,0,0,0.009,0,0,0,0,0,0,0,2,0,0
40708,0,0,0,0,0,0,0,0.01,0,0,0,0,0,0,0,2,0,0
40718,0,0,0,0,0,0,0,0.011,0,0,0,0,0,0,0,2,0,0
40728,0,0,0,0,0,0,0,0.011,-0.001,0,0,0,0,0,0,2,0,0
40738,0,0,0,0,0,0,0,0.01,-0.002,0,0,0.001,0,0,0,2,0.001,0
40748,0,0,0,0,0,0,0,0.01,-0.002,0,0,0.001,0,0,0,2,0.001,0
40758,0,0,0,0,0,0,0,0.009,-0.003,0,0,0,0,0,0,2,0,0
40768,0,0,0,0,0,0,0,0.008,-0.003,0,0,0,0,0,0,2,0,0
40778,0,0,0,0,0,0,0,0.007,-0.003,0,0,0,0,0,0,2,0,0
40788,0,0,0,0,0,0,0,0.006,-0.002,0,0,0,0,0,0,2,0,0
40798,0,0,0,0,0,0,0,0.005,-0.001,0,0,0,0,0,0,2,0,0
40808,0,0,0,0,0,0,0,0.004,0,0,0,0,0,0,0,2,0,0
40818,0,0,0,0,0,0,0,0.004,0,0,0,0,0,0,0,2,0,0
40828,0,0,0,0,0,0,0,0.004,0.001,0,0,0,0,0,0,2,0,0
40838,0,0,0,0,0,0,0,0.004,0.001,0,0,0,0,0,0,2,0,0
40848,0,0,0,0,0,0,0,0.003,0.001,0,0,0,0,0,0,2,0,0
40858,0,0,0,0,0,0,0,0.003,0.001,0,0,0,0,0,0,2,0,0
40868,0,0,0,0,0,0,0,0.003,0.001,0,0,0,0,0,0,2,0,0
40878,0,0,0,0,0,0,0,0.003,0.001,0,0,0,0,0,0,2,0,0
40888,0,0,0,0,0,0,0,0.002,0,0,0,0,0,0,0,2,0,0
40898,0,0,0,0,0,0,0,0.002,0,0,0,0,0,0,0,2,0,0
40908,0,0,0,0,0,0,0,0.002,0,0,0,0,0,0,0,2,0,0
40918,0,0,0,0,0,0,0,0.002,0,0,0,0,0,0,0,2,0,0
40928,0,0,0,0,0,0,0,0.002,0,0,0,0,0,0,0,2,0,0
40938,0,0,0,0,0,0,0,0.002,0,0,0,0,0,0,0,2,0,0
40948,0,0,0,0,0,0,0,0.002,0.001,0,0,0,0,0,0,2,0,0
40958,0,0,0,0,0,0,0,0.002,0.001,0,0,0,0,0,0,2,0,0
40968,0,0,0,0,0,0,0,0.002,0.001,0,0,0,0,0,0,2,0,0
40978,0,0,0,0,0,0,0,0.003,0.001,0,0,0,0,0,0,2,0,0
40988,0,0,0,0,0,0,0,0.002,0.001,0,0,0,0,0,0,2,0,0
40998,0,0,0,0,0,0,0,0.002,0.001,0,0,0,0,0,0,2,0,0
41008,0,0,0,0,0,0,0,0.002,0,0,0,0,0,0,0,2,0,0
41018,0,0,0,0,0,0,0,0.001,0,0,0,0,0,0,0,2,0,0
41028,0,0,0,0,0,0,0,0.002,0,0,0,0,0,0,0,2,0,0
41038,0,0,0,0,0,0,0,0.002,0,0,0,0,0,0,0,2,0,0
41048,0,0,0,0,0,0,0,0.003,0,0,0,0,0,0,0,2,0,0
41058,0,0,0,0,0,0,0,0.003,0,0,0,0,0,0,0,2,0,0
41068,0,0,0,0,0,0,0,0.004,0,0,0,0,0,0,0,2,0,0
41078,0,0,0,0,0,0,0,0.004,0,0,0,0,0,0,0,2,0,0
41088,0,0,0,0,0,0,0,0.004,0,0,0,0,0,0,0,2,0,0
41098,0,0,0,0,0,0,0,0.004,-0.001,0,0,0,0,0,0,2,0,0
41108,0,0,0,0,0,0,0,0.004,-0.001,0,0,0,0,0,0,2,0,0
41118,0,0,0,0,0,0,0,0.004,-0.002,0,0,0,0,0,0,2,0,0
41128,0,0,0,0,0,0,0,0.004,-0.002,0,0,0,0,0,0,2,0,0
41138,0,0,0,0,0,0,0,0.004,-0.002,0,0,0,0,0,0,2,0,0
41148,0,0,0,0,0,0,0,0.003,-0.001,0,0,0,0,0,0,2,0,0
41158,0,0,0,0,0,0,0,0.003,-0.001,0,0,0,0,0,0,2,0,0
41168,0,0,0,0,0,0,0,0.002,0,0,0,0,0,0,0,2,0,0
41178,0,0,0,0,0,0,0,0.002,0,0,0,0,0,0,0,2,0,0
41188,0,0,0,0,0,0,0,0.003,0,0,0,0,0,0,0,2,0,0
41198,0,0,0,0,0,0,0,0.005,0,0,0,0,0,0,0,2,0,0
41208,0,0,0,0,0,0,0,0.007,0,0,0,0,0,0,0,2,0,0
41218,0,0,0,0,0,0,0,0.008,0,0,0,0.001,0,0,0,2,0.001,0
41228,0,0,0,0,0,0,0,0.007,0,0,0,0,0,0,0,2,0,0
41238,0,0,0,0,0,0,0,0.006,0,0,0,0,0,0,0,2,0,0
41248,0,0,0,0,0,0,0,0.004,-0.001,0,0,0,0,0,0,2,0,0
41258,0,0,0,0,0,0,0,0.002,-0.001,0,0,0,0,0,0,2,0,0
41268,0,0,0,0,0,0,0,0.001,-0.002,0,0,0,0,0,0,2,0,0
41278,0,0,0,0,0,0,0,0,-0.003,0,0,0,0,0,0,2,0,0
41288,0,0,0,0,0,0,0,-0.001,-0.003,0,0,0,0,0,0,2,0,0
41298,0,0,0,0,0,0,0,0,-0.003,0,0,0,0,0,0,2,0,0
41308,0,0,0,0,0,0,0,0,-0.003,0,0,0,0,0,0,2,0,0
41318,0,0,0,0,0,0,0,0,-0.004,0,0,0,0,0,0,2,0,0
41328,0,0,0,0,0,0,0,0.001,-0.003,0,0,0,0,0,0,2,0,0
41338,0,0,0,0,0,0,0,0.001,-0.003,0,0,0,0,0,0,2,0,0
41348,0,0,0,0,0,0,0,0.001,-0.003,0,0,0,0,0,0,2,0,0
41358,0,0,0,0,0,0,0,0.002,-0.002,0,0,0,0,0,0,2,0,0
41368,0,0,0,0,0,0,0,0.003,-0.002,0,0,0,0,0,0,2,0,0
41378,0,0,0,0,0,0,0,0.003,-0.001,0,0,0,0,0,0,2,0,0
41388,0,0,0,0,0,0,0,0.004,-0.001,0,0,0,0,0,0,2,0,0
41398,0,0,0,0,0,0,0,0.004,-0.001,0,0,0,0,0,0,2,0,0
41408,0,0,0,0,0,0,0,0.004,0,0,0,0,0,0,0,2,0,0
41418,0,0,0,0,0,0,0,0.004,0,0,0,0,0,0,0,2,0,0
41428,0,0,0,0,0,0,0,0.004,0.001,0,0,0,0,0,0,2,0,0
41438,0,0,0,0,0,0,0,0.004,0.001,0,0,0,0,0,0,2,0,0
41448,0,0,0,0,0,0,0,0.004,0.001,0,0,0,0,0,0,2,0,0
41458,0,0,0,0,0,0,0,0.004,0.002,0,0,0,0,0,0,2,0,0
41468,0,0,0,0,0,0,0,0.004,0.002,0,0,0,0,0,0,2,0,0
41478,0,0,0,0,0,0,0,0.004,0.003,0,0,0,0.001,0,0,2,0,0.001
41488,0,0,0,0,0,0,0,0.004,0.003,0,0,0,0,0,0,2,0,0
41498,0,0,0,0,0,0,0,0.004,0.002,0,0,0,0,0,0,2,0,0
41508,0,0,0,0,0,0,0,0.004,0.002,0,0,0,0,0,0,2,0,0
41518,0,0,0,0,0,0,0,0.004,0.002,0,0,0,0,0,0,2,0,0
41528,0,0,0,0,0,0,0,0.003,0.001,0,0,0,0,0,0,2,0,0
41538,0,0,0,0,0,0,0,0.004,0.001,0,0,0,0,0,0,2,0,0
41548,0,0,0,0,0,0,0,0.004,0.001,0,0,0,0,0,0,2,0,0
41558,0,0,0,0,0,0,0,0.005,0.001,0,0,0,0,0,0,2,0,0
41568,0,0,0,0,0,0,0,0.005,0.001,0,0,0,0,0,0,2,0,0
41578,0,0,0,0,0,0,0,0.006,0,0,0,0,0,0,0,2,0,0
41588,0,0,0,0,0,0,0,0.005,-0.001,0,0,0,0,0,0,2,0,0
41598,0,0,0,0,0,0,0,0.005,-0.001,0,0,0,0,0,0,2,0,0
41608,0,0,0,0,0,0,0,0.004,-0.001,0,0,0,0,0,0,2,0,0
41618,0,0,0,0,0,0,0,0.004,-0.001,0,0,0,0,0,0,2,0,0
41628,0,0,0,0,0,0,0,0.004,-0.001,0,0,0,0,0,0,2,0,0
41638,0,0,0,0,0,0,0,0.004,-0.001,0,0,0,0,0,0,2,0,0
41648,0,0,0,0,0,0,0,0.004,-0.001,0,0,0,0,0,0,2,0,0
41658,0,0,0,0,0,0,0,0.004,-0.001,0,0,0,0,0,0,2,0,0
41668,0,0,0,0,0,0,0,0.004,-0.002,0,0,0,0,0,0,2,0,0
41678,0,0,0,0,0,0,0,0.004,-0.003,0,0,0,0,0,0,2,0,0
41688,0,0,0,0,0,0,0,0.004,-0.004,0,0,0,0,0,0,2,0,0
41698,0,0,0,0,0,0,0,0.003,-0.005,0,0,0,0,0,0,2,0,0
41708,0,0,0,0,0,0,0,0.004,-0.004,0,0,0,0,0,0,2,0,0
41718,0,0,0,0,0,0,0,0.004,-0.004,0,0,0,0,0,0,2,0,0
41728,0,0,0,0,0,0,0,0.005,-0.003,0,0,0,0,0,0,2,0,0
41738,0,0,0,0,0,0,0,0.006,-0.002,0,0,0,0,0,0,2,0,0
41748,0,0,0,0,0,0,0,0.008,-0.001,0,0,0,0,0,0,2,0,0
41758,0,0,0,0,0,0,0,0.009,-0.001,0,0,0,0,0,0,2,0,0
41768,0,0,0,0,0,0,0,0.009,-0.001,0,0,0,0,0,0,2,0,0
41778,0,0,0,0,0,0,0,0.01,-0.001,0,0,0,0,0,0,2,0,0
41788,0,0,0,0,0,0,0,0.009,-0.001,0,0,0.001,0,0,0,2,0.001,0
41798,0,0,0,0,0,0,0,0.009,-0.002,0,0,0.001,0,0,0,2,0.001,0
41808,0,0,0,0,0,0,0,0.008,-0.002,0,0,0,0,0,0,2,0,0
41818,0,0,0,0,0,0,0,0.008,-0.002,0,0,0,0,0,0,2,0,0
41828,0,0,0,0,0,0,0,0.008,-0.002,0,0,0,0,0,0,2,0,0
41838,0,0,0,0,0,0,0,0.007,-0.001,0,0,0,0,0,0,2,0,0
41848,0,0,0,0,0,0,0,0.006,-0.001,0,0,0,0,0,0,2,0,0
41858,0,0,0,0,0,0,0,0.005,-0.001,0,0,0,0,0,0,2,0,0
41868,0,0,0,0,0,0,0,0.004,0,0,0,0,0,0,0,2,0,0
41878,0,0,0,0,0,0,0,0.004,0,0,0,0,0,0,0,2,0,0
41888,0,0,0,0,0,0,0,0.003,0,0,0,0,0,0,0,2,0,0
41898,0,0,0,0,0,0,0,0.003,0.001,0,0,0.001,0,0,0,2,0.001,0
41908,0,0,0,0,0,0,0,0.003,0.001,0,0,0,0,0,0,2,0,0
41918,0,0,0,0,0,0,0,0.004,0,0,0,0,0,0,0,2,0,0
41928,0,0,0,0,0,0,0,0.004,0,0,0,0,0,0,0,2,0,0
41938,0,0,0,0,0,0,0,0.004,-0.001,0,0,0,0,0,0,2,0,0
41948,0,0,0,0,0,0,0,0.004,-0.001,0,0,0,0,0,0,2,0,0
41958,0,0,0,0,0,0,0,0.004,-0.001,0,0,0,0,0,0,2,0,0
41968,0,0,0,0,0,0,0,0.004,-0.001,0,0,0,0,0,0,2,0,0
41978,0,0,0,0,0,0,0,0.004,0,0,0,0,0,0,0,2,0,0
41988,0,0,0,0,0,0,0,0.004,0,0,0,0,0,0,0,2,0,0
41998,0,0,0,0,0,0,0,0.005,0,0,0,0,0,0,0,2,0,0
42008,0,0,0,0,0,0,0,0.005,0.001,0,0,0,0,0,0,2,0,0
42018,0,0,0,0,0,0,0,0.004,0.002,0,0,0,0,0,0,2,0,0
42028,0,0,0,0,0,0,0,0.004,0.002,0,0,0,0,0,0,2,0,0
42038,0,0,0,0,0,0,0,0.004,0.002,0,0,0,0,0,0,2,0,0
42048,0,0,0,0,0,0,0,0.003,0.002,0,0,0,0,0,0,2,0,0
42058,0,0,0,0,0,0,0,0.003,0.002,0,0,0,0,0,0,2,0,0
42068,0,0,0,0,0,0,0,0.003,0.002,0,0,0,0,0,0,2,0,0
42078,0,0,0,0,0,0,0,0.003,0.002,0,0,0,0,0,0,2,0,0
42088,0,0,0,0,0,0,0,0.002,0.001,0,0,0,0,0,0,2,0,0
42098,0,0,0,0,0,0,0,0.002,0.001,0,0,0,0,0,0,2,0,0
42108,0,0,0,0,0,0,0,0.002,0,0,0,0,0,0,0,2,0,0
42118,0,0,0,0,0,0,0,0.003,0,0,0,0,0,0,0,2,0,0
42128,0,0,0,0,0,0,0,0.003,-0.001,0,0,0,0,0,0,2,0,0
42138,0,0,0,0,0,0,0,0.003,-0.001,0,0,0,0,0,0,2,0,0
42148,0,0,0,0,0,0,0,0.003,-0.001,0,0,0,0,0,0,2,0,0
42158,0,0,0,0,0,0,0,0.004,-0.002,0,0,0,0,0,0,2,0,0
42168,0,0,0,0,0,0,0,0.005,-0.003,0,0,0.001,-0.001,0,0,2,0.001,-0.001
42178,0,0,0,0,0,0,0,0.005,-0.003,0,0,0.001,-0.001,0,0,2,0.001,-0.001
42188,0,0,0,0,0,0,0,0.005,-0.003,0,0,0,-0.001,0,0,2,0,-0.001
42198,0,0,0,0,0,0,0,0.005,-0.003,0,0,0,0,0,0,2,0,0
42208,0,0,0,0,0,0,0,0.005,-0.003,0,0,0,0,0,0,2,0,0
42218,0,0,0,0,0,0,0,0.004,-0.002,0,0,0,0,0,0,2,0,0
42228,0,0,0,0,0,0,0,0.003,-0.002,0,0,0,0,0,0,2,0,0
42238,0,0,0,0,0,0,0,0.003,-0.001,0,0,0,0,0,0,2,0,0
42248,0,0,0,0,0,0,0,0.002,-0.001,0,0,0,0,0,0,2,0,0
42258,0,0,0,0,0,0,0,0.003,-0.001,0,0,0,0,0,0,2,0,0
42268,0,0,0,0,0,0,0,0.004,0,0,0,0,0,0,0,2,0,0
42278,0,0,0,0,0,0,0,0.006,0.002,0,0,0,0,0,0,2,0,0
42288,0,0,0,0,0,0,0,0.006,0.002,0,0,0,0,0,0,2,0,0
42298,0,0,0,0,0,0,0,0.004,0.002,0,0,0,0,0,0,2,0,0
42308,0,0,0,0,0,0,0,0.001,0.001,0,0,0,0,0,0,2,0,0
42318,0,0,0,0,0,0,0,-0.001,0,0,0,0,0,0,0,2,0,0
42328,0,0,0,0,0,0,0,-0.002,0,0,0,0,0,0,0,2,0,0
42338,0,0,0,0,0,0,0,-0.003,0,0,0,0,0,0,0,2,0,0
42348,0,0,0,0,0,0,0,-0.002,-0.002,0,0,0,0,0,0,2,0,0
42358,0,0,0,0,0,0,0,-0.001,-0.003,0,0,0,0,0,0,2,0,0
42368,0,0,0,0,0,0,0,0,-0.004,0,0,0,0,0,0,2,0,0
42378,0,0,0,0,0,0,0,0.001,-0.006,0,0,0,0,0,0,2,0,0
42388,0,0,0,0,0,0,0,0.002,-0.005,0,0,0,0,0,0,2,0,0
42398,0,0,0,0,0,0,0,0.003,-0.005,0,0,0,0,0,0,2,0,0
42408,0,0,0,0,0,0,0,0.003,-0.004,0,0,0,0,0,0,2,0,0
42418,0,0,0,0,0,0,0,0.003,-0.003,0,0,0,0,0,0,2,0,0
42428,0,0,0,0,0,0,0,0.003,-0.002,0,0,0,0,0,0,2,0,0
42438,0,0,0,0,0,0,0,0.003,-0.001,0,0,0,0,0,0,2,0,0
42448,0,0,0,0,0,0,0,0.003,-0.001,0,0,0,0,0,0,2,0,0
42458,0,0,0,0,0,0,0,0.004,-0.001,0,0,0,0,0,0,2,0,0
42468,0,0,0,0,0,0,0,0.003,-0.001,0,0,0,0,0,0,2,0,0
42478,0,0,0,0,0,0,0,0.003,0,0,0,0,0,0,0,2,0,0
42488,0,0,0,0,0,0,0,0.003,0,0,0,0,0,0,0,2,0,0
42498,0,0,0,0,0,0,0,0.003,0.001,0,0,0,0,0,0,2,0,0
42508,0,0,0,0,0,0,0,0.003,0.001,0,0,0,0,0,0,2,0,0
42518,0,0,0,0,0,0,0,0.003,0.001,0,0,0,0,0,0,2,0,0
42528,0,0,0,0,0,0,0,0.003,0.002,0,0,0,0.001,0,0,2,0,0.001
42538,0,0,0,0,0,0,0,0.002,0.002,0,0,0,0.001,0,0,2,0,0.001
42548,0,0,0,0,0,0,0,0.002,0.002,0,0,0,0.001,0,0,2,0,0.001
42558,0,0,0,0,0,0,0,0.002,0.002,0,0,0,0,0,0,2,0,0
42568,0,0,0,0,0,0,0,0.002,0.002,0,0,0,0,0,0,2,0,0
42578,0,0,0,0,0,0,0,0.003,0.002,0,0,0,0,0,0,2,0,0
42588,0,0,0,0,0,0,0,0.003,0.001,0,0,0,0,0,0,2,0,0
42598,0,0,0,0,0,0,0,0.003,0.001,0,0,0,0,0,0,2,0,0
42608,0,0,0,0,0,0,0,0.003,0.001,0,0,0,0,0,0,2,0,0
42618,0,0,0,0,0,0,0,0.003,0.001,0,0,0,0,0,0,2,0,0
42628,0,0,0,0,0,0,0,0.003,0.001,0,0,0,0,0,0,2,0,0
42638,0,0,0,0,0,0,0,0.002,0,0,0,0,0,0,0,2,0,0
42648,0,0,0,0,0,0,0,0.002,-0.001,0,0,0,0,0,0,2,0,0
42658,0,0,0,0,0,0,0,0.002,-0.001,0,0,0,0,0,0,2,0,0
42668,0,0,0,0,0,0,0,0.003,-0.001,0,0,0,0,0,0,2,0,0
42678,0,0,0,0,0,0,0,0.004,0,0,0,0,0,0,0,2,0,0
42688,0,0,0,0,0,0,0,0.004,0,0,0,0,0,0,0,2,0,0
42698,0,0,0,0,0,0,0,0.004,-0.001,0,0,0,0,0,0,2,0,0
42708,0,0,0,0,0,0,0,0.004,-0.001,0,0,0,0,0,0,2,0,0
42718,0,0,0,0,0,0,0,0.003,-0.002,0,0,0,0,0,0,2,0,0
42728,0,0,0,0,0,0,0,0.003,-0.003,0,0,0,0,0,0,2,0,0
42738,0,0,0,0,0,0,0,0.003,-0.004,0,0,0,0,0,0,2,0,0
42748,0,0,0,0,0,0,0,0.005,-0.005,0,0,0,-0.001,0,0,2,0,-0.001
42758,0,0,0,0,0,0,0,0.005,-0.006,0,0,0,-0.001,0,0,2,0,-0.001
42768,0,0,0,0,0,0,0,0.005,-0.006,0,0,0.001,-0.002,0,0,2,0.001,-0.002
42778,0,0,0,0,0,0,0,0.005,-0.006,0,0,0,-0.002,0,0,2,0,-0.002
42788,0,0,0,0,0,0,0,0.005,-0.004,0,0,0,-0.001,0,0,2,0,-0.001
42798,0,0,0,0,0,0,0,0.006,-0.002,0,0,0,-0.001,0,0,2,0,-0.001
42808,0,0,0,0,0,0,0,0.005,0,0,0,0,0,0,0,2,0,0
42818,0,0,0,0,0,0,0,0.007,0.001,0,0,0,0,0,0,2,0,0
42828,0,0,0,0,0,0,0,0.007,0.001,0,0,0,0,0,0,2,0,0
42838,0,0,0,0,0,0,0,0.007,0,0,0,0,0,0,0,2,0,0
42848,0,0,0,0,0,0,0,0.007,-0.001,0,0,0,0,0,0,2,0,0
42858,0,0,0,0,0,0,0,0.007,-0.002,0,0,0,0,0,0,2,0,0
42868,0,0,0,0,0,0,0,0.006,-0.002,0,0,0,0,0,0,2,0,0
42878,0,0,0,0,0,0,0,0.006,-0.002,0,0,0,0,0,0,2,0,0
42888,0,0,0,0,0,0,0,0.006,-0.001,0,0,0,0,0,0,2,0,0
42898,0,0,0,0,0,0,0,0.005,-0.001,0,0,0,0,0,0,2,0,0
42908,0,0,0,0,0,0,0,0.005,0,0,0,0,0,0,0,2,0,0
42918,0,0,0,0,0,0,0,0.005,0,0,0,0,0,0,0,2,0,0
42928,0,0,0,0,0,0,0,0.004,0,0,0,0,0,0,0,2,0,0
42938,0,0,0,0,0,0,0,0.004,0,0,0,0.001,0,0,0,2,0.001,0
42948,0,0,0,0,0,0,0,0.004,0,0,0,0.001,0,0,0,2,0.001,0
42958,0,0,0,0,0,0,0,0.005,0.001,0,0,0.001,0,0,0,2,0.001,0
42968,0,0,0,0,0,0,0,0.005,0.001,0,0,0.001,0,0,0,2,0.001,0
42978,0,0,0,0,0,0,0,0.005,0.001,0,0,0.001,0,0,0,2,0.001,0
42988,0,0,0,0,0,0,0,0.005,0,0,0,0,0,0,0,2,0,0
42998,0,0,0,0,0,0,0,0.004,0,0,0,0,0,0,0,2,0,0
43008,0,0,0,0,0,0,0,0.004,0,0,0,0,0,0,0,2,0,0
43018,0,0,0,0,0,0,0,0.004,0,0,0,0,0,0,0,2,0,0
43028,0,0,0,0,0,0,0,0.004,0,0,0,0,0,0,0,2,0,0
43038,0,0,0,0,0,0,0,0.004,0,0,0,0,0,0,0,2,0,0
43048,0,0,0,0,0,0,0,0.003,0,0,0,0,0,0,0,2,0,0
43058,0,0,0,0,0,0,0,0.003,0.001,0,0,0,0,0,0,2,0,0
43068,0,0,0,0,0,0,0,0.003,0.002,0,0,0,0,0,0,2,0,0
43078,0,0,0,0,0,0,0,0.003,0.002,0,0,0,0,0,0,2,0,0
43088,0,0,0,0,0,0,0,0.003,0.002,0,0,0,0,0,0,2,0,0
43098,0,0,0,0,0,0,0,0.002,0.002,0,0,0,0,0,0,2,0,0
43108,0,0,0,0,0,0,0,0.002,0.001,0,0,0,0,0,0,2,0,0
43118,0,0,0,0,0,0,0,0.003,0.001,0,0,0,0,0,0,2,0,0
43128,0,0,0,0,0,0,0,0.003,0,0,0,0,0,0,0,2,0,0
43138,0,0,0,0,0,0,0,0.003,0,0,0,0,0,0,0,2,0,0
43148,0,0,0,0,0,0,0,0.003,0,0,0,0,0,0,0,2,0,0
43158,0,0,0,0,0,0,0,0.003,0,0,0,0,0,0,0,2,0,0
43168,0,0,0,0,0,0,0,0.004,0.001,0,0,0,0,0,0,2,0,0
43178,0,0,0,0,0,0,0,0.004,0.001,0,0,0,0,0,0,2,0,0
43188,0,0,0,0,0,0,0,0.004,0.001,0,0,0,0,0,0,2,0,0
43198,0,0,0,0,0,0,0,0.004,0.001,0,0,0,0,0,0,2,0,0
43208,0,0,0,0,0,0,0,0.003,0.001,0,0,0,0,0,0,2,0,0
43218,0,0,0,0,0,0,0,0.002,0.001,0,0,0,0,0,0,2,0,0
43228,0,0,0,0,0,0,0,0.002,0,0,0,0,0,0,0,2,0,0
43238,0,0,0,0,0,0,0,0.001,-0.001,0,0,0,0,0,0,2,0,0
43248,0,0,0,0,0,0,0,0.001,-0.001,0,0,0,0,0,0,2,0,0
43258,0,0,0,0,0,0,0,0.001,-0.002,0,0,0,0,0,0,2,0,0
43268,0,0,0,0,0,0,0,0.001,-0.002,0,0,0,0,0,0,2,0,0
43278,0,0,0,0,0,0,0,0.001,-0.002,0,0,0,-0.001,0,0,2,0,-0.001
43288,0,0,0,0,0,0,0,0.001,-0.002,0,0,0,-0.001,0,0,2,0,-0.001
43298,0,0,0,0,0,0,0,0,-0.002,0,0,0,0,0,0,2,0,0
43308,0,0,0,0,0,0,0,0,-0.003,0,0,0,0,0,0,2,0,0
43318,0,0,0,0,0,0,0,0.001,-0.004,0,0,0,0,0,0,2,0,0
43328,0,0,0,0,0,0,0,0.002,-0.005,0,0,0,0,0,0,2,0,0
43338,0,0,0,0,0,0,0,0.003,-0.005,0,0,0,0,0,0,2,0,0
43348,0,0,0,0,0,0,0,0.005,-0.005,0,0,0,0,0,0,2,0,0
43358,0,0,0,0,0,0,0,0.006,-0.004,0,0,0,-0.001,0,0,2,0,-0.001
43368,0,0,0,0,0,0,0,0.005,-0.005,0,0,0,0,0,0,2,0,0
43378,0,0,0,0,0,0,0,0.003,-0.003,0,0,0,0,0,0,2,0,0
43388,0,0,0,0,0,0,0,0,-0.004,0,0,0,0,0,0,2,0,0
43398,0,0,0,0,0,0,0,-0.002,-0.004,0,0,0,0,0,0,2,0,0
43408,0,0,0,0,0,0,0,-0.003,-0.004,0,0,0,0,0,0,2,0,0
43418,0,0,0,0,0,0,0,-0.003,-0.005,0,0,0,0,0,0,2,0,0
43428,0,0,0,0,0,0,0,-0.002,-0.005,0,0,0,0,0,0,2,0,0
43438,0,0,0,0,0,0,0,-0.002,-0.005,0,0,0,0,0,0,2,0,0
43448,0,0,0,0,0,0,0,0,-0.005,0,0,0,0,0,0,2,0,0
43458,0,0,0,0,0,0,0,0,-0.005,0,0,0,0,0,0,2,0,0
43468,0,0,0,0,0,0,0,0.001,-0.006,0,0,0,0,0,0,2,0,0
43478,0,0,0,0,0,0,0,0.001,-0.005,0,0,0,0,0,0,2,0,0
43488,0,0,0,0,0,0,0,0,-0.004,0,0,0,0,0,0,2,0,0
43498,0,0,0,0,0,0,0,0,-0.004,0,0,0,0,0,0,2,0,0
43508,0,0,0,0,0,0,0,0,-0.003,0,0,0,0,0,0,2,0,0
43518,0,0,0,0,0,0,0,0,-0.003,0,0,0,0,0,0,2,0,0
43528,0,0,0,0,0,0,0,-0.001,-0.003,0,0,0,0,0,0,2,0,0
43538,0,0,0,0,0,0,0,-0.001,-0.003,0,0,0,0,0,0,2,0,0
43548,0,0,0,0,0,0,0,-0.002,-0.003,0,0,0,0,0,0,2,0,0
43558,0,0,0,0,0,0,0,-0.001,-0.002,0,0,0,0,0,0,2,0,0
43568,0,0,0,0,0,0,0,-0.001,-0.001,0,0,0,0,0,0,2,0,0
43578,0,0,0,0,0,0,0,0,0,0,0,0,0,0,0,2,0,0
43588,0,0,0,0,0,0,0,0.001,0.001,0,0,0,0,0,0,2,0,0
43598,0,0,0,0,0,0,0,0.001,0.002,0,0,0,0,0,0,2,0,0
43608,0,0,0,0,0,0,0,0.001,0.002,0,0,0,0,0,0,2,0,0
43618,0,0,0,0,0,0,0,0.001,0.002,0,0,0,0,0,0,2,0,0
43628,0,0,0,0,0,0,0,0,0.001,0,0,0,0,0,0,2,0,0
43638,0,0,0,0,0,0,0,0,0,0,0,0,0,0,0,2,0,0
43648,0,0,0,0,0,0,0,0.001,0,0,0,0,0,0,0,2,0,0
43658,0,0,0,0,0,0,0,0,0,0,0,0,0,0,0,2,0,0
43668,0,0,0,0,0,0,0,0.003,-0.001,0,0,0,0,0,0,2,0,0
43678,0,0,0,0,0,0,0,0.003,0.001,0,0,0,0,0,0,2,0,0
43688,0,0,0,0,0,0,0,0.004,0.001,0,0,0,0,0,0,2,0,0
43698,0,0,0,0,0,0,0,0.003,0,0,0,0,0,0,0,2,0,0
43708,0,0,0,0,0,0,0,0.002,-0.002,0,0,0,0,0,0,2,0,0
43718,0,0,0,0,0,0,0,0.002,-0.005,0,0,0,0,0,0,2,0,0
43728,0,0,0,0,0,0,0,0.002,-0.006,0,0,0,0,0,0,2,0,0
43738,0,0,0,0,0,0,0,0.001,-0.008,0,0,0,0,0,0,2,0,0
43748,0,0,0,0,0,0,0,0.001,-0.009,0,0,0,0,0,0,2,0,0
43758,0,0,0,0,0,0,0,0.003,-0.007,0,0,0,0,0,0,2,0,0
43768,0,0,0,0,0,0,0,0.004,-0.005,0,0,0,0,0,0,2,0,0
43778,0,0,0,0,0,0,0,0.004,-0.005,0,0,0,0,0,0,2,0,0
43788,0,0,0,0,0,0,0,0.003,-0.007,0,0,0,0,0,0,2,0,0
43798,0,0,0,0,0,0,0,0.002,-0.009,0,0,0,0,0,0,2,0,0
43808,0,0,0,0,0,0,0,0,-0.011,0,0,0,0,0,0,2,0,0
43818,0,0,0,0,0,0,0,-0.001,-0.011,0,0,0,0,0,0,2,0,0
43828,0,0,0,0,0,0,0,-0.002,-0.011,0,0,0,-0.001,0,0,2,0,-0.001
43838,0,0,0,0,0,0,0,-0.002,-0.01,0,0,0,-0.001,0,0,2,0,-0.001
43848,0,0,0,0,0,0,0,0,-0.01,0,0,0,-0.001,0,0,2,0,-0.001
43858,0,0,0,0,0,0,0,0,-0.01,0,0,0,-0.001,0,0,2,0,-0.001
43868,0,0,0,0,0,0,0,0.001,-0.01,0,0,0,-0.001,0,0,2,0,-0.001
43878,0,0,0,0,0,0,0,0.002,-0.01,0,0,0,-0.001,0,0,2,0,-0.001
43888,0,0,0,0,0,0,0,0.002,-0.01,0,0,0,-0.001,0,0,2,0,-0.001
43898,0,0,0,0,0,0,0,0.003,-0.01,0,0,0,-0.001,0,0,2,0,-0.001
43908,0,0,0,0,0,0,0,0.003,-0.009,0,0,0,-0.001,0,0,2,0,-0.001
43918,0,0,0,0,0,0,0,0.003,-0.009,0,0,0,-0.001,0,0,2,0,-0.001
43928,0,0,0,0,0,0,0,0.003,-0.009,0,0,0,-0.001,0,0,2,0,-0.001
43938,0,0,0,0,0,0,0,0.003,-0.008,0,0,0,-0.001,0,0,2,0,-0.001
43948,0,0,0,0,0,0,0,0.003,-0.007,0,0,0,-0.001,0,0,2,0,-0.001
43958,0,0,0,0,0,0,0,0.004,-0.006,0,0,0,0,0,0,2,0,0
43968,0,0,0,0,0,0,0,0.006,-0.004,0,0,0,0,0,0,2,0,0
43978,0,0,0,0,0,0,0,0.008,-0.004,0,0,0,0,0,0,2,0,0
43988,0,0,0,0,0,0,0,0.009,-0.004,0,0,0,0,0,0,2,0,0
43998,0,0,0,0,0,0,0,0.009,-0.005,0,0,0,0,0,0,2,0,0
44008,0,0,0,0,0,0,0,0.009,-0.006,0,0,0,0,0,0,2,0,0
44018,0,0,0,0,0,0,0,0.008,-0.006,0,0,0,0,0,0,2,0,0
44028,0,0,0,0,0,0,0,0.007,-0.007,0,0,0,0,0,0,2,0,0
44038,0,0,0,0,0,0,0,0.006,-0.008,0,0,0,0,0,0,2,0,0
44048,0,0,0,0,0,0,0,0.005,-0.009,0,0,0,0,0,0,2,0,0
44058,0,0,0,0,0,0,0,0.005,-0.009,0,0,0,0,0,0,2,0,0
44068,0,0,0,0,0,0,0,0.003,-0.009,0,0,0,-0.001,0,0,2,0,-0.001
44078,0,0,0,0,0,0,0,0.002,-0.009,0,0,0,-0.001,0,0,2,0,-0.001
44088,0,0,0,0,0,0,0,0.002,-0.008,0,0,0,-0.001,0,0,2,0,-0.001
44098,0,0,0,0,0,0,0,0.001,-0.008,0,0,0,-0.001,0,0,2,0,-0.001
44108,0,0,0,0,0,0,0,0.002,-0.011,0,0,0,-0.001,0,0,2,0,-0.001
44118,0,0,0,0,0,0,0,0.031,-0.043,0.004,0,0.003,-0.001,0,0,2,0.003,-0.001
44128,0,0,0,0,0,0.012,0,0.013,-0.002,0.005,0.002,0.005,0,0,0,2,0.005,0
44138,0,0,0,0,0,0.112,0.033,0.085,0.059,0.01,0.004,0.008,0.003,0,0,2,0.008,0.003
44148,0,0,0,0,0,0.094,0.057,0.086,0.067,0.021,0.007,0.018,0.006,0,0,2,0.018,0.006
44158,0,0,0,0,0,0.017,0.011,0.029,0.019,0.021,0.011,0.022,0.01,0,0,2,0.022,0.01
44168,0,0,0,0,0,0.002,0.002,0.027,0.002,0.015,0.012,0.017,0.012,0,0,2,0.017,0.012
44178,0,0,0,0,0,0,0,0.006,0,0.01,0.01,0.012,0.01,0,0,2,0.012,0.01
44188,0,0,0,0,0,0,0,0.005,0.008,0.007,0.006,0.008,0.008,0,0,2,0.008,0.008
44198,0,0,0,0,0,0,0,0.004,0.005,0.003,0.003,0.004,0.007,0,0,2,0.004,0.007
44208,0,0,0,0,0,0,0,-0.002,-0.003,-0.001,0.002,0.001,0.003,0,0,2,0.001,0.003
44218,0,0,0,0,0,0,0,-0.002,-0.001,-0.003,0,-0.001,0.001,0,0,2,-0.001,0.001
44228,0,0,0,0,0,0,0,-0.002,0,-0.004,-0.001,-0.004,0,0,0,2,-0.004,0
44238,0,0,0,0,0,0,0,-0.001,-0.002,-0.004,-0.002,-0.003,-0.001,0,0,2,-0.003,-0.001
44248,0,0,0,0,0,0,0,-0.002,-0.003,-0.003,-0.002,-0.003,-0.002,0,0,2,-0.003,-0.002
44258,0,0,0,0,0,0,0,0.001,-0.002,-0.001,-0.001,-0.002,-0.002,0,0,2,-0.002,-0.002
44268,0,0,0,0,0,0,0,0.004,-0.002,0,0,0,-0.001,0,0,2,0,-0.001
44278,0,0,0,0,0,0,0,0.001,-0.001,0,0,0,-0.001,0,0,2,0,-0.001
44288,0,0,0,0,0,0,0,-0.001,0,0,0,0,0,0,0,2,0,0
44298,0,0,0,0,0,0,0,0.001,0.001,0,0,0,0,0,0,2,0,0
44308,0,0,0,0,0,0,0,0.003,0,0,0,0,0,0,0,2,0,0
44318,0,0,0,0,0,0,0,0.002,-0.002,0,0,0.001,-0.001,0,0,2,0.001,-0.001
44328,0,0,0,0,0,0,0,0,-0.001,0,0,0,-0.001,0,0,2,0,-0.001
44338,0,0,0,0,0,0,0,-0.001,0,0,0,0,-0.001,0,0,2,0,-0.001
44348,0,0,0,0,0,0,0,0,0,0,0,0,0,0,0,2,0,0
44358,0,0,0,0,0,0,0,0.001,-0.001,0,0,0,0,0,0,2,0,0
44368,0,0,0,0,0,0,0,0.001,-0.001,0,0,0.001,-0.001,0,0,2,0.001,-0.001
44378,0,0,0,0,0,0,0,0,-0.001,0,0,0,-0.001,0,0,2,0,-0.001
44388,0,0,0,0,0,0,0,0,0,0,0,0,0,0,0,2,0,0
44398,0,0,0,0,0,0,0,0,0,0,0,0,0,0,0,2,0,0
44408,0,0,0,0,0,0,0,0,0,0,0,0,0,0,0,2,0,0
44418,0,0,0,0,0,0,0,0,0,0,0,0,0,0,0,2,0,0
44428,0,0,0,0,0,0,0,0,0,0,0,0,0,0,0,2,0,0
44438,0,0,0,0,0,0,0,0,0,0,0,0,0,0,0,2,0,0
44448,0,0,0,0,0,0,0,0,0,0,0,0,0,0,0,2,0,0
44458,0,0,0,0,0,0,0,0,0,0,0,0,0,0,0,2,0,0
44468,0,0,0,0,0,0,0,0,0,0,0,0,0,0,0,2,0,0
44478,0,0,0,0,0,0,0,0,0,0,0,0,0,0,0,2,0,0
44488,0,0,0,0,0,0,0,0,0,0,0,0,0,0,0,2,0,0
44498,0,0,0,0,0,0,0,0,0,0,0,0,0,0,0,2,0,0
44508,0,0,0,0,0,0,0,0,0,0,0,0,0,0,0,2,0,0
44518,0,0,0,0,0,0,0,0,0,0,0,0,0,0,0,2,0,0
44528,0,0,0,0,0,0,0,0,0,0,0,0,0,0,0,2,0,0
44538,0,0,0,0,0,0,0,0,0,0,0,0,0,0,0,2,0,0
44548,0,0,0,0,0,0,0,0,0,0,0,0,0,0,0,2,0,0
44558,0,0,0,0,0,0,0,0,0,0,0,0,0,0,0,2,0,0
44568,0,0,0,0,0,0,0,0,0,0,0,0,0,0,0,2,0,0
44578,0,0,0,0,0,0,0,0,0,0,0,0,0,0,0,2,0,0
44588,0,0,0,0,0,0,0,0,0,0,0,0,0,0,0,2,0,0
44598,0,0,0,0,0,0,0,0,0,0,0,0,0,0,0,2,0,0
44608,0,0,0,0,0,0,0,0,0,0,0,0,0,0,0,2,0,0
44618,0,0,0,0,0,0,0,0,0,0,0,0,0,0,0,2,0,0
44628,0,0,0,0,0,0,0,0,0,0,0,0,0,0,0,2,0,0
44638,0,0,0,0,0,0,0,0,0,0,0,0,0,0,0,2,0,0
44648,0,0,0,0,0,0,0,0,0,0,0,0,0,0,0,2,0,0
44658,0,0,0,0,0,0,0,0,0,0,0,0,0,0,0,2,0,0
44668,0,0,0,0,0,0,0,0,0,0,0,0,0,0,0,2,0,0
44678,0,0,0,0,0,0,0,0,0,0,0,0,0,0,0,2,0,0
44688,0,0,0,0,0,0,0,0,0,0,0,0,0,0,0,2,0,0
44698,0,0,0,0,0,0,0,0,0,0,0,0,0,0,0,2,0,0
44708,0,0,0,0,0,0,0,0,0,0,0,0,0,0,0,2,0,0
44718,0,0,0,0,0,0,0,0,0,0,0,0,0,0,0,2,0,0
44728,0,0,0,0,0,0,0,0,0,0,0,0,0,0,0,2,0,0
44738,0,0,0,0,0,0,0,0,0,0,0,0,0,0,0,2,0,0
44748,0,0,0,0,0,0,0,0,0,0,0,0,0,0,0,2,0,0
44758,0,0,0,0,0,0,0,0,0,0,0,0,0,0,0,2,0,0
44768,0,0,0,0,0,0,0,0,0,0,0,0,0,0,0,2,0,0
44778,0,0,0,0,0,0,0,0,0,0,0,0,0,0,0,2,0,0
44788,0,0,0,0,0,0,0,0,0,0,0,0,0,0,0,2,0,0
44798,0,0,0,0,0,0,0,0,0,0,0,0,0,0,0,2,0,0
44808,0,0,0,0,0,0,0,0,0,0,0,0,0,0,0,2,0,0
44818,0,0,0,0,0,0,0,0,0,0,0,0,0,0,0,2,0,0
44828,0,0,0,0,0,0,0,0,0,0,0,0,0,0,0,2,0,0
44838,0,0,0,0,0,0,0,0,0,0,0,0,0,0,0,2,0,0
44848,0,0,0,0,0,0,0,0,0,0,0,0,0,0,0,2,0,0
44858,0,0,0,0,0,0,0,0,0,0,0,0,0,0,0,2,0,0
44868,0,0,0,0,0,0,0,0,0,0,0,0,0,0,0,2,0,0
44878,0,0,0,0,0,0,0,0,0,0,0,0,0,0,0,2,0,0
44888,0,0,0,0,0,0,0,0,0,0,0,0,0,0,0,2,0,0
44898,0,0,0,0,0,0,0,0,0,0,0,0,0,0,0,2,0,0
44908,0,0,0,0,0,0,0,0,0,0,0,0,0,0,0,2,0,0
44918,0,0,0,0,0,0,0,0,0,0,0,0,0,0,0,2,0,0
44928,0,0,0,0,0,0,0,0,0,0,0,0,0,0,0,2,0,0
44938,0,0,0,0,0,0,0,0,0,0,0,0,0,0,0,2,0,0
44948,0,0,0,0,0,0,0,0,0,0,0,0,0,0,0,2,0,0
44958,0,0,0,0,0,0,0,0,0,0,0,0,0,0,0,2,0,0
44968,0,0,0,0,0,0,0,0,0,0,0,0,0,0,0,2,0,0
44978,0,0,0,0,0,0,0,0,0,0,0,0,0,0,0,2,0,0
44988,0,0,0,0,0,0,0,0,0,0,0,0,0,0,0,2,0,0
44998,0,0,0,0,0,0,0,0,0,0,0,0,0,0,0,2,0,0
45008,0,0,0,0,0,0,0,0,0,0,0,0,0,0,0,2,0,0
45018,0,0,0,0,0,0,0,0,0,0,0,0,0,0,0,2,0,0
45028,0,0,0,0,0,0,0,0,0,0,0,0,0,0,0,2,0,0
45038,0,0,0,0,0,0,0,0,0,0,0,0,0,0,0,2,0,0
45048,0,0,0,0,0,0,0,0,0,0,0,0,0,0,0,2,0,0
45058,0,0,0,0,0,0,0,0,0,0,0,0,0,0,0,2,0,0
45068,0,0,0,0,0,0,0,0,0,0,0,0,0,0,0,2,0,0
45078,0,0,0,0,0,0,0,0,0,0,0,0,0,0,0,2,0,0
45088,0,0,0,0,0,0,0,0,0,0,0,0,0,0,0,2,0,0
45098,0,0,0,0,0,0,0,0,0,0,0,0,0,0,0,2,0,0
45108,0,0,0,0,0,0,0,0,0,0,0,0,0,0,0,2,0,0
45118,0,0,0,0,0,0,0,0,0,0,0,0,0,0,0,2,0,0
45128,0,0,0,0,0,0,0,0,0,0,0,0,0,0,0,2,0,0
45138,0,0,0,0,0,0,0,0,0,0,0,0,0,0,0,2,0,0
45148,0,0,0,0,0,0,0,0,0,0,0,0,0,0,0,2,0,0
45158,0,0,0,0,0,0,0,0,0,0,0,0,0,0,0,2,0,0
45168,0,0,0,0,0,0,0,0,0,0,0,0,0,0,0,2,0,0
45178,0,0,0,0,0,0,0,0,0,0,0,0,0,0,0,2,0,0
45188,0,0,0,0,0,0,0,0,0,0,0,0,0,0,0,2,0,0
45198,0,0,0,0,0,0,0,0,0,0,0,0,0,0,0,2,0,0
45208,0,0,0,0,0,0,0,0,0,0,0,0,0,0,0,2,0,0
45218,0,0,0,0,0,0,0,0,0,0,0,0,0,0,0,2,0,0
45228,0,0,0,0,0,0,0,0,0,0,0,0,0,0,0,2,0,0
45238,0,0,0,0,0,0,0,0,0,0,0,0,0,0,0,2,0,0
45248,0,0,0,0,0,0,0,0,0,0,0,0,0,0,0,2,0,0
45258,0,0,0,0,0,0,0,0,0,0,0,0,0,0,0,2,0,0
45268,0,0,0,0,0,0,0,0,0,0,0,0,0,0,0,2,0,0
45278,0,0,0,0,0,0,0,0,0,0,0,0,0,0,0,2,0,0
45288,0,0,0,0,0,0,0,0,0,0,0,0,0,0,0,2,0,0
45298,0,0,0,0,0,0,0,0,0,0,0,0,0,0,0,2,0,0
45308,0,0,0,0,0,0,0,0,0,0,0,0,0,0,0,2,0,0
45318,0,0,0,0,0,0,0,0,0,0,0,0,0,0,0,2,0,0
45328,0,0,0,0,0,0,0,0,0,0,0,0,0,0,0,2,0,0
45338,0,0,0,0,0,0,0,0,0,0,0,0,0,0,0,2,0,0
45348,0,0,0,0,0,0,0,0,0,0,0,0,0,0,0,2,0,0
45358,0,0,0,0,0,0,0,0,0,0,0,0,0,0,0,2,0,0
45368,0,0,0,0,0,0,0,0,0,0,0,0,0,0,0,2,0,0
45378,0,0,0,0,0,0,0,0,0,0,0,0,0,0,0,2,0,0
45388,0,0,0,0,0,0,0,0,0,0,0,0,0,0,0,2,0,0
45398,0,0,0,0,0,0,0,0,0,0,0,0,0,0,0,2,0,0
45408,0,0,0,0,0,0,0,0,0,0,0,0,0,0,0,2,0,0
45418,0,0,0,0,0,0,0,0,0,0,0,0,0,0,0,2,0,0
45428,0,0,0,0,0,0,0,0,0,0,0,0,0,0,0,2,0,0
45438,0,0,0,0,0,0,0,0,0,0,0,0,0,0,0,2,0,0
45448,0,0,0,0,0,0,0,0,0,0,0,0,0,0,0,2,0,0
45458,0,0,0,0,0,0,0,0,0,0,0,0,0,0,0,2,0,0
45468,0,0,0,0,0,0,0,0,0,0,0,0,0,0,0,2,0,0
45478,0,0,0,0,0,0,0,0,0,0,0,0,0,0,0,2,0,0
45488,0,0,0,0,0,0,0,0,0,0,0,0,0,0,0,2,0,0
45498,0,0,0,0,0,0,0,0,0,0,0,0,0,0,0,2,0,0
45508,0,0,0,0,0,0,0,0,0,0,0,0,0,0,0,2,0,0
45518,0,0,0,0,0,0,0,0,0,0,0,0,0,0,0,2,0,0
45528,0,0,0,0,0,0,0,0,0,0,0,0,0,0,0,2,0,0
45538,0,0,0,0,0,0,0,0,0,0,0,0,0,0,0,2,0,0
45548,0,0,0,0,0,0,0,0,0,0,0,0,0,0,0,2,0,0
45558,0,0,0,0,0,0,0,0,0,0,0,0,0,0,0,2,0,0
45568,0,0,0,0,0,0,0,0,0,0,0,0,0,0,0,2,0,0
45578,0,0,0,0,0,0,0,0,0,0,0,0,0,0,0,2,0,0
45588,0,0,0,0,0,0,0,0,0,0,0,0,0,0,0,2,0,0
45598,0,0,0,0,0,0,0,0,0,0,0,0,0,0,0,2,0,0
45608,0,0,0,0,0,0,0,0,0,0,0,0,0,0,0,2,0,0
45618,0,0,0,0,0,0,0,0,0,0,0,0,0,0,0,2,0,0
45628,0,0,0,0,0,0,0,0,0,0,0,0,0,0,0,2,0,0
45638,0,0,0,0,0,0,0,0,0,0,0,0,0,0,0,2,0,0
45648,0,0,0,0,0,0,0,0,0,0,0,0,0,0,0,2,0,0
45658,0,0,0,0,0,0,0,0,0,0,0,0,0,0,0,2,0,0
45668,0,0,0,0,0,0,0,0,0,0,0,0,0,0,0,2,0,0
45678,0,0,0,0,0,0,0,0,0,0,0,0,0,0,0,2,0,0
45688,0,0,0,0,0,0,0,0,0,0,0,0,0,0,0,2,0,0
45698,0,0,0,0,0,0,0,0,0,0,0,0,0,0,0,2,0,0
45708,0,0,0,0,0,0,0,0,0,0,0,0,0,0,0,2,0,0
45718,0,0,0,0,0,0,0,0,0,0,0,0,0,0,0,2,0,0
45728,0,0,0,0,0,0,0,0,0,0,0,0,0,0,0,2,0,0
45738,0,0,0,0,0,0,0,0,0,0,0,0,0,0,0,2,0,0
45748,0,0,0,0,0,0,0,0,0,0,0,0,0,0,0,2,0,0
45758,0,0,0,0,0,0,0,0,0,0,0,0,0,0,0,2,0,0
45768,0,0,0,0,0,0,0,0,0,0,0,0,0,0,0,2,0,0
45778,0,0,0,0,0,0,0,0,0,0,0,0,0,0,0,2,0,0
45788,0,0,0,0,0,0,0,0,0,0,0,0,0,0,0,2,0,0
45798,0,0,0,0,0,0,0,0,0,0,0,0,0,0,0,2,0,0
45808,0,0,0,0,0,0,0,0,0,0,0,0,0,0,0,2,0,0
45818,0,0,0,0,0,0,0,0,0,0,0,0,0,0,0,2,0,0
45828,0,0,0,0,0,0,0,0,0,0,0,0,0,0,0,2,0,0
45838,0,0,0,0,0,0,0,0,0,0,0,0,0,0,0,2,0,0
45848,0,0,0,0,0,0,0,0,0,0,0,0,0,0,0,2,0,0
45858,0,0,0,0,0,0,0,0,0,0,0,0,0,0,0,2,0,0
45868,0,0,0,0,0,0,0,0,0,0,0,0,0,0,0,2,0,0
45878,0,0,0,0,0,0,0,0,0,0,0,0,0,0,0,2,0,0
45888,0,0,0,0,0,0,0,0,0,0,0,0,0,0,0,2,0,0
45898,0,0,0,0,0,0,0,0,0,0,0,0,0,0,0,2,0,0
45908,0,0,0,0,0,0,0,0,0,0,0,0,0,0,0,2,0,0
45918,0,0,0,0,0,0,0,0,0,0,0,0,0,0,0,2,0,0
45928,0,0,0,0,0,0,0,0,0,0,0,0,0,0,0,2,0,0
45938,0,0,0,0,0,0,0,0,0,0,0,0,0,0,0,2,0,0
45948,0,0,0,0,0,0,0,0,0,0,0,0,0,0,0,2,0,0
45958,0,0,0,0,0,0,0,0,0,0,0,0,0,0,0,2,0,0
45968,0,0,0,0,0,0,0,0,0,0,0,0,0,0,0,2,0,0
45978,0,0,0,0,0,0,0,0,0,0,0,0,0,0,0,2,0,0
45988,0,0,0,0,0,0,0,0,0,0,0,0,0,0,0,2,0,0
45998,0,0,0,0,0,0,0,0,0,0,0,0,0,0,0,2,0,0
46008,0,0,0,0,0,0,0,0,0,0,0,0,0,0,0,2,0,0
46018,0,0,0,0,0,0,0,0,0,0,0,0,0,0,0,2,0,0
46028,0,0,0,0,0,0,0,0,0,0,0,0,0,0,0,2,0,0
46038,0,0,0,0,0,0,0,0,0,0,0,0,0,0,0,2,0,0
46048,0,0,0,0,0,0,0,0,0,0,0,0,0,0,0,2,0,0
46058,0,0,0,0,0,0,0,0,0,0,0,0,0,0,0,2,0,0
46068,0,0,0,0,0,0,0,0,0,0,0,0,0,0,0,2,0,0
46078,0,0,0,0,0,0,0,0,0,0,0,0,0,0,0,2,0,0
46088,0,0,0,0,0,0,0,0,0,0,0,0,0,0,0,2,0,0
46098,0,0,0,0,0,0,0,0,0,0,0,0,0,0,0,2,0,0
46108,0,0,0,0,0,0,0,0,0,0,0,0,0,0,0,2,0,0
46118,0,0,0,0,0,0,0,0,0,0,0,0,0,0,0,2,0,0
46128,0,0,0,0,0,0,0,0,0,0,0,0,0,0,0,2,0,0
46138,0,0,0,0,0,0,0,0,0,0,0,0,0,0,0,2,0,0
46148,0,0,0,0,0,0,0,0,0,0,0,0,0,0,0,2,0,0
46158,0,0,0,0,0,0,0,0,0,0,0,0,0,0,0,2,0,0
46168,0,0,0,0,0,0,0,0,0,0,0,0,0,0,0,2,0,0
46178,0,0,0,0,0,0,0,0,0,0,0,0,0,0,0,2,0,0
46188,0,0,0,0,0,0,0,0,0,0,0,0,0,0,0,2,0,0
46198,0,0,0,0,0,0,0,0,0,0,0,0,0,0,0,2,0,0
46208,0,0,0,0,0,0,0,0,0,0,0,0,0,0,0,2,0,0
46218,0,0,0,0,0,0,0,0,0,0,0,0,0,0,0,2,0,0
46228,0,0,0,0,0,0,0,0,0,0,0,0,0,0,0,2,0,0
46238,0,0,0,0,0,0,0,0,0,0,0,0,0,0,0,2,0,0
46248,0,0,0,0,0,0,0,0,0,0,0,0,0,0,0,2,0,0
46258,0,0,0,0,0,0,0,0,0,0,0,0,0,0,0,2,0,0
46268,0,0,0,0,0,0,0,0,0,0,0,0,0,0,0,2,0,0
46278,0,0,0,0,0,0,0,0,0,0,0,0,0,0,0,2,0,0
46288,0,0,0,0,0,0,0,0,0,0,0,0,0,0,0,2,0,0
46298,0,0,0,0,0,0,0,0,0,0,0,0,0,0,0,2,0,0
46308,0,0,0,0,0,0,0,0,0,0,0,0,0,0,0,2,0,0
46318,0,0,0,0,0,0,0,0,0,0,0,0,0,0,0,2,0,0
46328,0,0,0,0,0,0,0,0,0,0,0,0,0,0,0,2,0,0
46338,0,0,0,0,0,0,0,0,0,0,0,0,0,0,0,2,0,0
46348,0,0,0,0,0,0,0,0,0,0,0,0,0,0,0,2,0,0
46358,0,0,0,0,0,0,0,0,0,0,0,0,0,0,0,2,0,0
46368,0,0,0,0,0,0,0,0,0,0,0,0,0,0,0,2,0,0
46378,0,0,0,0,0,0,0,0,0,0,0,0,0,0,0,2,0,0
46388,0,0,0,0,0,0,0,0,0,0,0,0,0,0,0,2,0,0
46398,0,0,0,0,0,0,0,0,0,0,0,0,0,0,0,2,0,0
46408,0,0,0,0,0,0,0,0,0,0,0,0,0,0,0,2,0,0
46418,0,0,0,0,0,0,0,0,0,0,0,0,0,0,0,2,0,0
46428,0,0,0,0,0,0,0,0,0,0,0,0,0,0,0,2,0,0
46438,0,0,0,0,0,0,0,0,0,0,0,0,0,0,0,2,0,0
46448,0,0,0,0,0,0,0,0,0,0,0,0,0,0,0,2,0,0
46458,0,0,0,0,0,0,0,0,0,0,0,0,0,0,0,2,0,0
46468,0,0,0,0,0,0,0,0,0,0,0,0,0,0,0,2,0,0
46478,0,0,0,0,0,0,0,0,0,0,0,0,0,0,0,2,0,0
46488,0,0,0,0,0,0,0,0,0,0,0,0,0,0,0,2,0,0
46498,0,0,0,0,0,0,0,0,0,0,0,0,0,0,0,2,0,0
46508,0,0,0,0,0,0,0,0,0,0,0,0,0,0,0,2,0,0
46518,0,0,0,0,0,0,0,0,0,0,0,0,0,0,0,2,0,0
46528,0,0,0,0,0,0,0,0,0,0,0,0,0,0,0,2,0,0
46538,0,0,0,0,0,0,0,0,0,0,0,0,0,0,0,2,0,0
46548,0,0,0,0,0,0,0,0,0,0,0,0,0,0,0,2,0,0
46558,0,0,0,0,0,0,0,0,0,0,0,0,0,0,0,2,0,0
46568,0,0,0,0,0,0,0,0,0,0,0,0,0,0,0,2,0,0
46578,0,0,0,0,0,0,0,0,0,0,0,0,0,0,0,2,0,0
46588,0,0,0,0,0,0,0,0,0,0,0,0,0,0,0,2,0,0
46598,0,0,0,0,0,0,0,0,0,0,0,0,0,0,0,2,0,0
46608,0,0,0,0,0,0,0,0,0,0,0,0,0,0,0,2,0,0
46618,0,0,0,0,0,0,0,0,0,0,0,0,0,0,0,2,0,0
46628,0,0,0,0,0,0,0,0,0,0,0,0,0,0,0,2,0,0
46638,0,0,0,0,0,0,0,0,0,0,0,0,0,0,0,2,0,0
46648,0,0,0,0,0,0,0,0,0,0,0,0,0,0,0,2,0,0
46658,0,0,0,0,0,0,0,0,0,0,0,0,0,0,0,2,0,0
46668,0,0,0,0,0,0,0,0,0,0,0,0,0,0,0,2,0,0
46678,0,0,0,0,0,0,0,0,0,0,0,0,0,0,0,2,0,0
46688,0,0,0,0,0,0,0,0,0,0,0,0,0,0,0,2,0,0
46698,0,0,0,0,0,0,0,0,0,0,0,0,0,0,0,2,0,0
46708,0,0,0,0,0,0,0,0,0,0,0,0,0,0,0,2,0,0
46718,0,0,0,0,0,0,0,0,0,0,0,0,0,0,0,2,0,0
46728,0,0,0,0,0,0,0,0,0,0,0,0,0,0,0,2,0,0
46738,0,0,0,0,0,0,0,0,0,0,0,0,0,0,0,2,0,0
46748,0,0,0,0,0,0,0,0,0,0,0,0,0,0,0,2,0,0
46758,0,0,0,0,0,0,0,0,0,0,0,0,0,0,0,2,0,0
46768,0,0,0,0,0,0,0,0,0,0,0,0,0,0,0,2,0,0
46778,0,0,0,0,0,0,0,0,0,0,0,0,0,0,0,2,0,0
46788,0,0,0,0,0,0,0,0,0,0,0,0,0,0,0,2,0,0
46798,0,0,0,0,0,0,0,0,0,0,0,0,0,0,0,2,0,0
46808,0,0,0,0,0,0,0,0,0,0,0,0,0,0,0,2,0,0
46818,0,0,0,0,0,0,0,0,0,0,0,0,0,0,0,2,0,0
46828,0,0,0,0,0,0,0,0,0,0,0,0,0,0,0,2,0,0
46838,0,0,0,0,0,0,0,0,0,0,0,0,0,0,0,2,0,0
46848,0,0,0,0,0,0,0,0,0,0,0,0,0,0,0,2,0,0
46858,0,0,0,0,0,0,0,0,0,0,0,0,0,0,0,2,0,0
46868,0,0,0,0,0,0,0,0,0,0,0,0,0,0,0,2,0,0
46878,0,0,0,0,0,0,0,0,0,0,0,0,0,0,0,2,0,0
46888,0,0,0,0,0,0,0,0,0,0,0,0,0,0,0,2,0,0
46898,0,0,0,0,0,0,0,0,0,0,0,0,0,0,0,2,0,0
46908,0,0,0,0,0,0,0,0,0,0,0,0,0,0,0,2,0,0
46918,0,0,0,0,0,0,0,0,0,0,0,0,0,0,0,2,0,0
46928,0,0,0,0,0,0,0,0,0,0,0,0,0,0,0,2,0,0
46938,0,0,0,0,0,0,0,0,0,0,0,0,0,0,0,2,0,0
46948,0,0,0,0,0,0,0,0,0,0,0,0,0,0,0,2,0,0
46958,0,0,0,0,0,0,0,0,0,0,0,0,0,0,0,2,0,0
46968,0,0,0,0,0,0,0,0,0,0,0,0,0,0,0,2,0,0
46978,0,0,0,0,0,0,0,0,0,0,0,0,0,0,0,2,0,0
46988,0,0,0,0,0,0,0,0,0,0,0,0,0,0,0,2,0,0
46998,0,0,0,0,0,0,0,0,0,0,0,0,0,0,0,2,0,0
47008,0,0,0,0,0,0,0,0,0,0,0,0,0,0,0,2,0,0
47018,0,0,0,0,0,0,0,0,0,0,0,0,0,0,0,2,0,0
47028,0,0,0,0,0,0,0,0,0,0,0,0,0,0,0,2,0,0
47038,0,0,0,0,0,0,0,0,0,0,0,0,0,0,0,2,0,0
47048,0,0,0,0,0,0,0,0,0,0,0,0,0,0,0,2,0,0
47058,0,0,0,0,0,0,0,0,0,0,0,0,0,0,0,2,0,0
47068,0,0,0,0,0,0,0,0,0,0,0,0,0,0,0,2,0,0
47078,0,0,0,0,0,0,0,0,0,0,0,0,0,0,0,2,0,0
47088,0,0,0,0,0,0,0,0,0,0,0,0,0,0,0,2,0,0
47098,0,0,0,0,0,0,0,0,0,0,0,0,0,0,0,2,0,0
47108,0,0,0,0,0,0,0,0,0,0,0,0,0,0,0,2,0,0
47118,0,0,0,0,0,0,0,0,0,0,0,0,0,0,0,2,0,0
47128,0,0,0,0,0,0,0,0,0,0,0,0,0,0,0,2,0,0
47138,0,0,0,0,0,0,0,0,0,0,0,0,0,0,0,2,0,0
47148,0,0,0,0,0,0,0,0,0,0,0,0,0,0,0,2,0,0
47158,0,0,0,0,0,0,0,0,0,0,0,0,0,0,0,2,0,0
47168,0,0,0,0,0,0,0,0,0,0,0,0,0,0,0,2,0,0
47178,0,0,0,0,0,0,0,0,0,0,0,0,0,0,0,2,0,0
47188,0,0,0,0,0,0,0,0,0,0,0,0,0,0,0,2,0,0
47198,0,0,0,0,0,0,0,0,0,0,0,0,0,0,0,2,0,0
47208,0,0,0,0,0,0,0,0,0,0,0,0,0,0,0,2,0,0
47218,0,0,0,0,0,0,0,0,0,0,0,0,0,0,0,2,0,0
47228,0,0,0,0,0,0,0,0,0,0,0,0,0,0,0,2,0,0
47238,0,0,0,0,0,0,0,0,0,0,0,0,0,0,0,2,0,0
47248,0,0,0,0,0,0,0,0,0,0,0,0,0,0,0,2,0,0
47258,0,0,0,0,0,0,0,0,0,0,0,0,0,0,0,2,0,0
47268,0,0,0,0,0,0,0,0,0,0,0,0,0,0,0,2,0,0
47278,0,0,0,0,0,0,0,0,0,0,0,0,0,0,0,2,0,0
47288,0,0,0,0,0,0,0,0,0,0,0,0,0,0,0,2,0,0
47298,0,0,0,0,0,0,0,0,0,0,0,0,0,0,0,2,0,0
47308,0,0,0,0,0,0,0,0,0,0,0,0,0,0,0,2,0,0
47318,0,0,0,0,0,0,0,0,0,0,0,0,0,0,0,2,0,0
47328,0,0,0,0,0,0,0,0,0,0,0,0,0,0,0,2,0,0
47338,0,0,0,0,0,0,0,0,0,0,0,0,0,0,0,2,0,0
47348,0,0,0,0,0,0,0,0,0,0,0,0,0,0,0,2,0,0
47358,0,0,0,0,0,0,0,0,0,0,0,0,0,0,0,2,0,0
47368,0,0,0,0,0,0,0,0,0,0,0,0,0,0,0,2,0,0
47378,0,0,0,0,0,0,0,0,0,0,0,0,0,0,0,2,0,0
47388,0,0,0,0,0,0,0,0,0,0,0,0,0,0,0,2,0,0
47398,0,0,0,0,0,0,0,0,0,0,0,0,0,0,0,2,0,0
47408,0,0,0,0,0,0,0,0,0,0,0,0,0,0,0,2,0,0
47418,0,0,0,0,0,0,0,0,0,0,0,0,0,0,0,2,0,0
47428,0,0,0,0,0,0,0,0,0,0,0,0,0,0,0,2,0,0
47438,0,0,0,0,0,0,0,0,0,0,0,0,0,0,0,2,0,0
47448,0,0,0,0,0,0,0,0,0,0,0,0,0,0,0,2,0,0
47458,0,0,0,0,0,0,0,0,0,0,0,0,0,0,0,2,0,0
47468,0,0,0,0,0,0,0,0,0,0,0,0,0,0,0,2,0,0
47478,0,0,0,0,0,0,0,0,0,0,0,0,0,0,0,2,0,0
47488,0,0,0,0,0,0,0,0,0,0,0,0,0,0,0,2,0,0
47498,0,0,0,0,0,0,0,0,0,0,0,0,0,0,0,2,0,0
47508,0,0,0,0,0,0,0,0,0,0,0,0,0,0,0,2,0,0
47518,0,0,0,0,0,0,0,0,0,0,0,0,0,0,0,2,0,0
47528,0,0,0,0,0,0,0,0,0,0,0,0,0,0,0,2,0,0
47538,0,0,0,0,0,0,0,0,0,0,0,0,0,0,0,2,0,0
47548,0,0,0,0,0,0,0,0,0,0,0,0,0,0,0,2,0,0
47558,0,0,0,0,0,0,0,0,0,0,0,0,0,0,0,2,0,0
47568,0,0,0,0,0,0,0,0,0,0,0,0,0,0,0,2,0,0
47578,0,0,0,0,0,0,0,0,0,0,0,0,0,0,0,2,0,0
47588,0,0,0,0,0,0,0,0,0,0,0,0,0,0,0,2,0,0
47598,0,0,0,0,0,0,0,0,0,0,0,0,0,0,0,2,0,0
47608,0,0,0,0,0,0,0,0,0,0,0,0,0,0,0,2,0,0
47618,0,0,0,0,0,0,0,0,0,0,0,0,0,0,0,2,0,0
47628,0,0,0,0,0,0,0,0,0,0,0,0,0,0,0,2,0,0
47638,0,0,0,0,0,0,0,0,0,0,0,0,0,0,0,2,0,0
47648,0,0,0,0,0,0,0,0,0,0,0,0,0,0,0,2,0,0
47658,0,0,0,0,0,0,0,0,0,0,0,0,0,0,0,2,0,0
47668,0,0,0,0,0,0,0,0,0,0,0,0,0,0,0,2,0,0
47678,0,0,0,0,0,0,0,0,0,0,0,0,0,0,0,2,0,0
47688,0,0,0,0,0,0,0,0,0,0,0,0,0,0,0,2,0,0
47698,0,0,0,0,0,0,0,0,0,0,0,0,0,0,0,2,0,0
47708,0,0,0,0,0,0,0,0,0,0,0,0,0,0,0,2,0,0
47718,0,0,0,0,0,0,0,0,0,0,0,0,0,0,0,2,0,0
47728,0,0,0,0,0,0,0,0,0,0,0,0,0,0,0,2,0,0
47738,0,0,0,0,0,0,0,0,0,0,0,0,0,0,0,2,0,0
47748,0,0,0,0,0,0,0,0,0,0,0,0,0,0,0,2,0,0
47758,0,0,0,0,0,0,0,0,0,0,0,0,0,0,0,2,0,0
47768,0,0,0,0,0,0,0,0,0,0,0,0,0,0,0,2,0,0
47778,0,0,0,0,0,0,0,0,0,0,0,0,0,0,0,2,0,0
47788,0,0,0,0,0,0,0,0,0,0,0,0,0,0,0,2,0,0
47798,0,0,0,0,0,0,0,0,0,0,0,0,0,0,0,2,0,0
47808,0,0,0,0,0,0,0,0,0,0,0,0,0,0,0,2,0,0
47818,0,0,0,0,0,0,0,0,0,0,0,0,0,0,0,2,0,0
47828,0,0,0,0,0,0,0,0,0,0,0,0,0,0,0,2,0,0
47838,0,0,0,0,0,0,0,0,0,0,0,0,0,0,0,2,0,0
47848,0,0,0,0,0,0,0,0,0,0,0,0,0,0,0,2,0,0
47858,0,0,0,0,0,0,0,0,0,0,0,0,0,0,0,2,0,0
47868,0,0,0,0,0,0,0,0,0,0,0,0,0,0,0,2,0,0
47878,0,0,0,0,0,0,0,0,0,0,0,0,0,0,0,2,0,0
47888,0,0,0,0,0,0,0,0,0,0,0,0,0,0,0,2,0,0
47898,0,0,0,0,0,0,0,0,0,0,0,0,0,0,0,2,0,0
47908,0,0,0,0,0,0,0,0,0,0,0,0,0,0,0,2,0,0
47918,0,0,0,0,0,0,0,0,0,0,0,0,0,0,0,2,0,0
47928,0,0,0,0,0,0,0,0,0,0,0,0,0,0,0,2,0,0
47938,0,0,0,0,0,0,0,0,0,0,0,0,0,0,0,2,0,0
47948,0,0,0,0,0,0,0,0,0,0,0,0,0,0,0,2,0,0
47958,0,0,0,0,0,0,0,0,0,0,0,0,0,0,0,2,0,0
47968,0,0,0,0,0,0,0,0,0,0,0,0,0,0,0,2,0,0
47978,0,0,0,0,0,0,0,0,0,0,0,0,0,0,0,2,0,0
47988,0,0,0,0,0,0,0,0,0,0,0,0,0,0,0,2,0,0
47998,0,0,0,0,0,0,0,0,0,0,0,0,0,0,0,2,0,0
48008,0,0,0,0,0,0,0,0,0,0,0,0,0,0,0,2,0,0
48018,0,0,0,0,0,0,0,0,0,0,0,0,0,0,0,2,0,0
48028,0,0,0,0,0,0,0,0,0,0,0,0,0,0,0,2,0,0
48038,0,0,0,0,0,0,0,0,0,0,0,0,0,0,0,2,0,0
48048,0,0,0,0,0,0,0,0,0,0,0,0,0,0,0,2,0,0
48058,0,0,0,0,0,0,0,0,0,0,0,0,0,0,0,2,0,0
48068,0,0,0,0,0,0,0,0,0,0,0,0,0,0,0,2,0,0
48078,0,0,0,0,0,0,0,0,0,0,0,0,0,0,0,2,0,0
48088,0,0,0,0,0,0,0,0,0,0,0,0,0,0,0,2,0,0
48098,0,0,0,0,0,0,0,0,0,0,0,0,0,0,0,2,0,0
48108,0,0,0,0,0,0,0,0,0,0,0,0,0,0,0,2,0,0
48118,0,0,0,0,0,0,0,0,0,0,0,0,0,0,0,2,0,0
48128,0,0,0,0,0,0,0,0,0,0,0,0,0,0,0,2,0,0
48138,0,0,0,0,0,0,0,0,0,0,0,0,0,0,0,2,0,0
48148,0,0,0,0,0,0,0,0,0,0,0,0,0,0,0,2,0,0
48158,0,0,0,0,0,0,0,0,0,0,0,0,0,0,0,2,0,0
48168,0,0,0,0,0,0,0,0,0,0,0,0,0,0,0,2,0,0
48178,0,0,0,0,0,0,0,0,0,0,0,0,0,0,0,2,0,0
48188,0,0,0,0,0,0,0,0,0,0,0,0,0,0,0,2,0,0
48198,0,0,0,0,0,0,0,0,0,0,0,0,0,0,0,2,0,0
48208,0,0,0,0,0,0,0,0,0,0,0,0,0,0,0,2,0,0
48218,0,0,0,0,0,0,0,0,0,0,0,0,0,0,0,2,0,0
48228,0,0,0,0,0,0,0,0,0,0,0,0,0,0,0,2,0,0
48238,0,0,0,0,0,0,0,0,0,0,0,0,0,0,0,2,0,0
48248,0,0,0,0,0,0,0,0,0,0,0,0,0,0,0,2,0,0
48258,0,0,0,0,0,0,0,0,0,0,0,0,0,0,0,2,0,0
48268,0,0,0,0,0,0,0,0,0,0,0,0,0,0,0,2,0,0
48278,0,0,0,0,0,0,0,0,0,0,0,0,0,0,0,2,0,0
48288,0,0,0,0,0,0,0,0,0,0,0,0,0,0,0,2,0,0
48298,0,0,0,0,0,0,0,0,0,0,0,0,0,0,0,2,0,0
48308,0,0,0,0,0,0,0,0,0,0,0,0,0,0,0,2,0,0
48318,0,0,0,0,0,0,0,0,0,0,0,0,0,0,0,2,0,0
48328,0,0,0,0,0,0,0,0,0,0,0,0,0,0,0,2,0,0
48338,0,0,0,0,0,0,0,0,0,0,0,0,0,0,0,2,0,0
48348,0,0,0,0,0,0,0,0,0,0,0,0,0,0,0,2,0,0
48358,0,0,0,0,0,0,0,0,0,0,0,0,0,0,0,2,0,0
48368,0,0,0,0,0,0,0,0,0,0,0,0,0,0,0,2,0,0
48378,0,0,0,0,0,0,0,0,0,0,0,0,0,0,0,2,0,0
48388,0,0,0,0,0,0,0,0,0,0,0,0,0,0,0,2,0,0
48398,0,0,0,0,0,0,0,0,0,0,0,0,0,0,0,2,0,0
48408,0,0,0,0,0,0,0,0,0,0,0,0,0,0,0,2,0,0
48418,0,0,0,0,0,0,0,0,0,0,0,0,0,0,0,2,0,0
48428,0,0,0,0,0,0,0,0,0,0,0,0,0,0,0,2,0,0
48438,0,0,0,0,0,0,0,0,0,0,0,0,0,0,0,2,0,0
48448,0,0,0,0,0,0,0,0,0,0,0,0,0,0,0,2,0,0
48458,0,0,0,0,0,0,0,0,0,0,0,0,0,0,0,2,0,0
48468,0,0,0,0,0,0,0,0,0,0,0,0,0,0,0,2,0,0
48478,0,0,0,0,0,0,0,0,0,0,0,0,0,0,0,2,0,0
48488,0,0,0,0,0,0,0,0,0,0,0,0,0,0,0,2,0,0
48498,0,0,0,0,0,0,0,0,0,0,0,0,0,0,0,2,0,0
48508,0,0,0,0,0,0,0,0,0,0,0,0,0,0,0,2,0,0
48518,0,0,0,0,0,0,0,0,0,0,0,0,0,0,0,2,0,0
48528,0,0,0,0,0,0,0,0,0,0,0,0,0,0,0,2,0,0
48538,0,0,0,0,0,0,0,0,0,0,0,0,0,0,0,2,0,0
48548,0,0,0,0,0,0,0,0,0,0,0,0,0,0,0,2,0,0
48558,0,0,0,0,0,0,0,0,0,0,0,0,0,0,0,2,0,0
48568,0,0,0,0,0,0,0,0,0,0,0,0,0,0,0,2,0,0
48578,0,0,0,0,0,0,0,0,0,0,0,0,0,0,0,2,0,0
48588,0,0,0,0,0,0,0,0,0,0,0,0,0,0,0,2,0,0
48598,0,0,0,0,0,0,0,0,0,0,0,0,0,0,0,2,0,0
48608,0,0,0,0,0,0,0,0,0,0,0,0,0,0,0,2,0,0
48618,0,0,0,0,0,0,0,0,0,0,0,0,0,0,0,2,0,0
48628,0,0,0,0,0,0,0,0,0,0,0,0,0,0,0,2,0,0
48638,0,0,0,0,0,0,0,0,0,0,0,0,0,0,0,2,0,0
48648,0,0,0,0,0,0,0,0,0,0,0,0,0,0,0,2,0,0
48658,0,0,0,0,0,0,0,0,0,0,0,0,0,0,0,2,0,0
48668,0,0,0,0,0,0,0,0,0,0,0,0,0,0,0,2,0,0
48678,0,0,0,0,0,0,0,0,0,0,0,0,0,0,0,2,0,0
48688,0,0,0,0,0,0,0,0,0,0,0,0,0,0,0,2,0,0
48698,0,0,0,0,0,0,0,0,0,0,0,0,0,0,0,2,0,0
48708,0,0,0,0,0,0,0,0,0,0,0,0,0,0,0,2,0,0
48718,0,0,0,0,0,0,0,0,0,0,0,0,0,0,0,2,0,0
48728,0,0,0,0,0,0,0,0,0,0,0,0,0,0,0,2,0,0
48738,0,0,0,0,0,0,0,0,0,0,0,0,0,0,0,2,0,0
48748,0,0,0,0,0,0,0,0,0,0,0,0,0,0,0,2,0,0
48758,0,0,0,0,0,0,0,0,0,0,0,0,0,0,0,2,0,0
48768,0,0,0,0,0,0,0,0,0,0,0,0,0,0,0,2,0,0
48778,0,0,0,0,0,0,0,0,0,0,0,0,0,0,0,2,0,0
48788,0,0,0,0,0,0,0,0,0,0,0,0,0,0,0,2,0,0
48798,0,0,0,0,0,0,0,0,0,0,0,0,0,0,0,2,0,0
48808,0,0,0,0,0,0,0,0,0,0,0,0,0,0,0,2,0,0
48818,0,0,0,0,0,0,0,0,0,0,0,0,0,0,0,2,0,0
48828,0,0,0,0,0,0,0,0,0,0,0,0,0,0,0,2,0,0
48838,0,0,0,0,0,0,0,0,0,0,0,0,0,0,0,2,0,0
48848,0,0,0,0,0,0,0,0,0,0,0,0,0,0,0,2,0,0
48858,0,0,0,0,0,0,0,0,0,0,0,0,0,0,0,2,0,0
48868,0,0,0,0,0,0,0,0,0,0,0,0,0,0,0,2,0,0
48878,0,0,0,0,0,0,0,0,0,0,0,0,0,0,0,2,0,0
48888,0,0,0,0,0,0,0,0,0,0,0,0,0,0,0,2,0,0
48898,0,0,0,0,0,0,0,0,0,0,0,0,0,0,0,2,0,0
48908,0,0,0,0,0,0,0,0,0,0,0,0,0,0,0,2,0,0
48918,0,0,0,0,0,0,0,0,0,0,0,0,0,0,0,2,0,0
48928,0,0,0,0,0,0,0,0,0,0,0,0,0,0,0,2,0,0
48938,0,0,0,0,0,0,0,0,0,0,0,0,0,0,0,2,0,0
48948,0,0,0,0,0,0,0,0,0,0,0,0,0,0,0,2,0,0
48958,0,0,0,0,0,0,0,0,0,0,0,0,0,0,0,2,0,0
48968,0,0,0,0,0,0,0,0,0,0,0,0,0,0,0,2,0,0
48978,0,0,0,0,0,0,0,0,0,0,0,0,0,0,0,2,0,0
48988,0,0,0,0,0,0,0,0,0,0,0,0,0,0,0,2,0,0
48998,0,0,0,0,0,0,0,0,0,0,0,0,0,0,0,2,0,0
49008,0,0,0,0,0,0,0,0,0,0,0,0,0,0,0,2,0,0
49018,0,0,0,0,0,0,0,0,0,0,0,0,0,0,0,2,0,0
49028,0,0,0,0,0,0,0,0,0,0,0,0,0,0,0,2,0,0
49038,0,0,0,0,0,0,0,0,0,0,0,0,0,0,0,2,0,0
49048,0,0,0,0,0,0,0,0,0,0,0,0,0,0,0,2,0,0
49058,0,0,0,0,0,0,0,0,0,0,0,0,0,0,0,2,0,0
49068,0,0,0,0,0,0,0,0,0,0,0,0,0,0,0,2,0,0
49078,0,0,0,0,0,0,0,0,0,0,0,0,0,0,0,2,0,0
49088,0,0,0,0,0,0,0,0,0,0,0,0,0,0,0,2,0,0
49098,0,0,0,0,0,0,0,0,0,0,0,0,0,0,0,2,0,0
49108,0,0,0,0,0,0,0,0,0,0,0,0,0,0,0,2,0,0
49118,0,0,0,0,0,0,0,0,0,0,0,0,0,0,0,2,0,0
49128,0,0,0,0,0,0,0,0,0,0,0,0,0,0,0,2,0,0
49138,0,0,0,0,0,0,0,0,0,0,0,0,0,0,0,2,0,0
49148,0,0,0,0,0,0,0,0,0,0,0,0,0,0,0,2,0,0
49158,0,0,0,0,0,0,0,0,0,0,0,0,0,0,0,2,0,0
49168,0,0,0,0,0,0,0,0,0,0,0,0,0,0,0,2,0,0
49178,0,0,0,0,0,0,0,0,0,0,0,0,0,0,0,2,0,0
49188,0,0,0,0,0,0,0,0,0,0,0,0,0,0,0,2,0,0
49198,0,0,0,0,0,0,0,0,0,0,0,0,0,0,0,2,0,0
49208,0,0,0,0,0,0,0,0,0,0,0,0,0,0,0,2,0,0
49218,0,0,0,0,0,0,0,0,0,0,0,0,0,0,0,2,0,0
49228,0,0,0,0,0,0,0,0,0,0,0,0,0,0,0,2,0,0
49238,0,0,0,0,0,0,0,0,0,0,0,0,0,0,0,2,0,0
49248,0,0,0,0,0,0,0,0,0,0,0,0,0,0,0,2,0,0
49258,0,0,0,0,0,0,0,0,0,0,0,0,0,0,0,2,0,0
49268,0,0,0,0,0,0,0,0,0,0,0,0,0,0,0,2,0,0
49278,0,0,0,0,0,0,0,0,0,0,0,0,0,0,0,2,0,0
49288,0,0,0,0,0,0,0,0,0,0,0,0,0,0,0,2,0,0
49298,0,0,0,0,0,0,0,0,0,0,0,0,0,0,0,2,0,0
49308,0,0,0,0,0,0,0,0,0,0,0,0,0,0,0,2,0,0
49318,0,0,0,0,0,0,0,0,0,0,0,0,0,0,0,2,0,0
49328,0,0,0,0,0,0,0,0,0,0,0,0,0,0,0,2,0,0
49338,0,0,0,0,0,0,0,0,0,0,0,0,0,0,0,2,0,0
49348,0,0,0,0,0,0,0,0,0,0,0,0,0,0,0,2,0,0
49358,0,0,0,0,0,0,0,0,0,0,0,0,0,0,0,2,0,0
49368,0,0,0,0,0,0,0,0,0,0,0,0,0,0,0,2,0,0
49378,0,0,0,0,0,0,0,0,0,0,0,0,0,0,0,2,0,0
49388,0,0,0,0,0,0,0,0,0,0,0,0,0,0,0,2,0,0
49398,0,0,0,0,0,0,0,0,0,0,0,0,0,0,0,2,0,0
49408,0,0,0,0,0,0,0,0,0,0,0,0,0,0,0,2,0,0
49418,0,0,0,0,0,0,0,0,0,0,0,0,0,0,0,2,0,0
49428,0,0,0,0,0,0,0,0,0,0,0,0,0,0,0,2,0,0
49438,0,0,0,0,0,0,0,0,0,0,0,0,0,0,0,2,0,0
49448,0,0,0,0,0,0,0,0,0,0,0,0,0,0,0,2,0,0
49458,0,0,0,0,0,0,0,0,0,0,0,0,0,0,0,2,0,0
49468,0,0,0,0,0,0,0,0,0,0,0,0,0,0,0,2,0,0
49478,0,0,0,0,0,0,0,0,0,0,0,0,0,0,0,2,0,0
49488,0,0,0,0,0,0,0,0,0,0,0,0,0,0,0,2,0,0
49498,0,0,0,0,0,0,0,0,0,0,0,0,0,0,0,2,0,0
49508,0,0,0,0,0,0,0,0,0,0,0,0,0,0,0,2,0,0
49518,0,0,0,0,0,0,0,0,0,0,0,0,0,0,0,2,0,0
49528,0,0,0,0,0,0,0,0,0,0,0,0,0,0,0,2,0,0
49538,0,0,0,0,0,0,0,0,0,0,0,0,0,0,0,2,0,0
49548,0,0,0,0,0,0,0,0,0,0,0,0,0,0,0,2,0,0
49558,0,0,0,0,0,0,0,0,0,0,0,0,0,0,0,2,0,0
49568,0,0,0,0,0,0,0,0,0,0,0,0,0,0,0,2,0,0
49578,0,0,0,0,0,0,0,0,0,0,0,0,0,0,0,2,0,0
49588,0,0,0,0,0,0,0,0,0,0,0,0,0,0,0,2,0,0
49598,0,0,0,0,0,0,0,0,0,0,0,0,0,0,0,2,0,0
49608,0,0,0,0,0,0,0,0,0,0,0,0,0,0,0,2,0,0
49618,0,0,0,0,0,0,0,0,0,0,0,0,0,0,0,2,0,0
49628,0,0,0,0,0,0,0,0,0,0,0,0,0,0,0,2,0,0
49638,0,0,0,0,0,0,0,0,0,0,0,0,0,0,0,2,0,0
49648,0,0,0,0,0,0,0,0,0,0,0,0,0,0,0,2,0,0
49658,0,0,0,0,0,0,0,0,0,0,0,0,0,0,0,2,0,0
49668,0,0,0,0,0,0,0,0,0,0,0,0,0,0,0,2,0,0
49678,0,0,0,0,0,0,0,0,0,0,0,0,0,0,0,2,0,0
49688,0,0,0,0,0,0,0,0,0,0,0,0,0,0,0,2,0,0
49698,0,0,0,0,0,0,0,0,0,0,0,0,0,0,0,2,0,0
49708,0,0,0,0,0,0,0,0,0,0,0,0,0,0,0,2,0,0
49718,0,0,0,0,0,0,0,0,0,0,0,0,0,0,0,2,0,0
49728,0,0,0,0,0,0,0,0,0,0,0,0,0,0,0,2,0,0
49738,0,0,0,0,0,0,0,0,0,0,0,0,0,0,0,2,0,0
49748,0,0,0,0,0,0,0,0,0,0,0,0,0,0,0,2,0,0
49758,0,0,0,0,0,0,0,0,0,0,0,0,0,0,0,2,0,0
49768,0,0,0,0,0,0,0,0,0,0,0,0,0,0,0,2,0,0
49778,0,0,0,0,0,0,0,0,0,0,0,0,0,0,0,2,0,0
49788,0,0,0,0,0,0,0,0,0,0,0,0,0,0,0,2,0,0
49798,0,0,0,0,0,0,0,0,0,0,0,0,0,0,0,2,0,0
49808,0,0,0,0,0,0,0,0,0,0,0,0,0,0,0,2,0,0
49818,0,0,0,0,0,0,0,0,0,0,0,0,0,0,0,2,0,0
49828,0,0,0,0,0,0,0,0,0,0,0,0,0,0,0,2,0,0
49838,0,0,0,0,0,0,0,0,0,0,0,0,0,0,0,2,0,0
49848,0,0,0,0,0,0,0,0,0,0,0,0,0,0,0,2,0,0
49858,0,0,0,0,0,0,0,0,0,0,0,0,0,0,0,2,0,0
49868,0,0,0,0,0,0,0,0,0,0,0,0,0,0,0,2,0,0
49878,0,0,0,0,0,0,0,0,0,0,0,0,0,0,0,2,0,0
49888,0,0,0,0,0,0,0,0,0,0,0,0,0,0,0,2,0,0
49898,0,0,0,0,0,0,0,0,0,0,0,0,0,0,0,2,0,0
49908,0,0,0,0,0,0,0,0,0,0,0,0,0,0,0,2,0,0
49918,0,0,0,0,0,0,0,0,0,0,0,0,0,0,0,2,0,0
49928,0,0,0,0,0,0,0,0,0,0,0,0,0,0,0,2,0,0
49938,0,0,0,0,0,0,0,0,0,0,0,0,0,0,0,2,0,0
49948,0,0,0,0,0,0,0,0,0,0,0,0,0,0,0,2,0,0
49958,0,0,0,0,0,0,0,0,0,0,0,0,0,0,0,2,0,0
49968,0,0,0,0,0,0,0,0,0,0,0,0,0,0,0,2,0,0
49978,0,0,0,0,0,0,0,0,0,0,0,0,0,0,0,2,0,0
49988,0,0,0,0,0,0,0,0,0,0,0,0,0,0,0,2,0,0
49998,0,0,0,0,0,0,0,0,0,0,0,0,0,0,0,2,0,0
50008,0,0,0,0,0,0,0,0,0,0,0,0,0,0,0,2,0,0
50018,0,0,0,0,0,0,0,0,0,0,0,0,0,0,0,2,0,0
50028,0,0,0,0,0,0,0,0,0,0,0,0,0,0,0,2,0,0
50038,0,0,0,0,0,0,0,0,0,0,0,0,0,0,0,2,0,0
50048,0,0,0,0,0,0,0,0,0,0,0,0,0,0,0,2,0,0
50058,0,0,0,0,0,0,0,0,0,0,0,0,0,0,0,2,0,0
50068,0,0,0,0,0,0,0,0,0,0,0,0,0,0,0,2,0,0
50078,0,0,0,0,0,0,0,0,0,0,0,0,0,0,0,2,0,0
50088,0,0,0,0,0,0,0,0,0,0,0,0,0,0,0,2,0,0
50098,0,0,0,0,0,0,0,0,0,0,0,0,0,0,0,2,0,0
50108,0,0,0,0,0,0,0,0,0,0,0,0,0,0,0,2,0,0
50118,0,0,0,0,0,0,0,0,0,0,0,0,0,0,0,2,0,0
50128,0,0,0,0,0,0,0,0,0,0,0,0,0,0,0,2,0,0
50138,0,0,0,0,0,0,0,0,0,0,0,0,0,0,0,2,0,0
50148,0,0,0,0,0,0,0,0,0,0,0,0,0,0,0,2,0,0
50158,0,0,0,0,0,0,0,0,0,0,0,0,0,0,0,2,0,0
50168,0,0,0,0,0,0,0,0,0,0,0,0,0,0,0,2,0,0
50178,0,0,0,0,0,0,0,0,0,0,0,0,0,0,0,2,0,0
50188,0,0,0,0,0,0,0,0,0,0,0,0,0,0,0,2,0,0
50198,0,0,0,0,0,0,0,0,0,0,0,0,0,0,0,2,0,0
50208,0,0,0,0,0,0,0,0,0,0,0,0,0,0,0,2,0,0
50218,0,0,0,0,0,0,0,0,0,0,0,0,0,0,0,2,0,0
50228,0,0,0,0,0,0,0,0,0,0,0,0,0,0,0,2,0,0
50238,0,0,0,0,0,0,0,0,0,0,0,0,0,0,0,2,0,0
50248,0,0,0,0,0,0,0,0,0,0,0,0,0,0,0,2,0,0
50258,0,0,0,0,0,0,0,0,0,0,0,0,0,0,0,2,0,0
50268,0,0,0,0,0,0,0,0,0,0,0,0,0,0,0,2,0,0
50278,0,0,0,0,0,0,0,0,0,0,0,0,0,0,0,2,0,0
50288,0,0,0,0,0,0,0,0,0,0,0,0,0,0,0,2,0,0
50298,0,0,0,0,0,0,0,0,0,0,0,0,0,0,0,2,0,0
50308,0,0,0,0,0,0,0,0,0,0,0,0,0,0,0,2,0,0
50318,0,0,0,0,0,0,0,0,0,0,0,0,0,0,0,2,0,0
50328,0,0,0,0,0,0,0,0,0,0,0,0,0,0,0,2,0,0
50338,0,0,0,0,0,0,0,0,0,0,0,0,0,0,0,2,0,0
50348,0,0,0,0,0,0,0,0,0,0,0,0,0,0,0,2,0,0
50358,0,0,0,0,0,0,0,0,0,0,0,0,0,0,0,2,0,0
50368,0,0,0,0,0,0,0,0,0,0,0,0,0,0,0,2,0,0
50378,0,0,0,0,0,0,0,0,0,0,0,0,0,0,0,2,0,0
50388,0,0,0,0,0,0,0,0,0,0,0,0,0,0,0,2,0,0
50398,0,0,0,0,0,0,0,0,0,0,0,0,0,0,0,2,0,0
50408,0,0,0,0,0,0,0,0,0,0,0,0,0,0,0,2,0,0
50418,0,0,0,0,0,0,0,0,0,0,0,0,0,0,0,2,0,0
50428,0,0,0,0,0,0,0,0,0,0,0,0,0,0,0,2,0,0
50438,0,0,0,0,0,0,0,0,0,0,0,0,0,0,0,2,0,0
50448,0,0,0,0,0,0,0,0,0,0,0,0,0,0,0,2,0,0
50458,0,0,0,0,0,0,0,0,0,0,0,0,0,0,0,2,0,0
50468,0,0,0,0,0,0,0,0,0,0,0,0,0,0,0,2,0,0
50478,0,0,0,0,0,0,0,0,0,0,0,0,0,0,0,2,0,0
50488,0,0,0,0,0,0,0,0,0,0,0,0,0,0,0,2,0,0
50498,0,0,0,0,0,0,0,0,0,0,0,0,0,0,0,2,0,0
50508,0,0,0,0,0,0,0,0,0,0,0,0,0,0,0,2,0,0
50518,0,0,0,0,0,0,0,0,0,0,0,0,0,0,0,2,0,0
50528,0,0,0,0,0,0,0,0,0,0,0,0,0,0,0,2,0,0
50538,0,0,0,0,0,0,0,0,0,0,0,0,0,0,0,2,0,0
50548,0,0,0,0,0,0,0,0,0,0,0,0,0,0,0,2,0,0
50558,0,0,0,0,0,0,0,0,0,0,0,0,0,0,0,2,0,0
50568,0,0,0,0,0,0,0,0,0,0,0,0,0,0,0,2,0,0
50578,0,0,0,0,0,0,0,0,0,0,0,0,0,0,0,2,0,0
50588,0,0,0,0,0,0,0,0,0,0,0,0,0,0,0,2,0,0
50598,0,0,0,0,0,0,0,0,0,0,0,0,0,0,0,2,0,0
50608,0,0,0,0,0,0,0,0,0,0,0,0,0,0,0,2,0,0
50618,0,0,0,0,0,0,0,0,0,0,0,0,0,0,0,2,0,0
50628,0,0,0,0,0,0,0,0,0,0,0,0,0,0,0,2,0,0
50638,0,0,0,0,0,0,0,0,0,0,0,0,0,0,0,2,0,0
50648,0,0,0,0,0,0,0,0,0,0,0,0,0,0,0,2,0,0
50658,0,0,0,0,0,0,0,0,0,0,0,0,0,0,0,2,0,0
50668,0,0,0,0,0,0,0,0,0,0,0,0,0,0,0,2,0,0
50678,0,0,0,0,0,0,0,0,0,0,0,0,0,0,0,2,0,0
50688,0,0,0,0,0,0,0,0,0,0,0,0,0,0,0,2,0,0
50698,0,0,0,0,0,0,0,0,0,0,0,0,0,0,0,2,0,0
50708,0,0,0,0,0,0,0,0,0,0,0,0,0,0,0,2,0,0
50718,0,0,0,0,0,0,0,0,0,0,0,0,0,0,0,2,0,0
50728,0,0,0,0,0,0,0,0,0,0,0,0,0,0,0,2,0,0
50738,0,0,0,0,0,0,0,0,0,0,0,0,0,0,0,2,0,0
50748,0,0,0,0,0,0,0,0,0,0,0,0,0,0,0,2,0,0
50758,0,0,0,0,0,0,0,0,0,0,0,0,0,0,0,2,0,0
50768,0,0,0,0,0,0,0,0,0,0,0,0,0,0,0,2,0,0
50778,0,0,0,0,0,0,0,0,0,0,0,0,0,0,0,2,0,0
50788,0,0,0,0,0,0,0,0,0,0,0,0,0,0,0,2,0,0
50798,0,0,0,0,0,0,0,0,0,0,0,0,0,0,0,2,0,0
50808,0,0,0,0,0,0,0,0,0,0,0,0,0,0,0,2,0,0
50818,0,0,0,0,0,0,0,0,0,0,0,0,0,0,0,2,0,0
50828,0,0,0,0,0,0,0,0,0,0,0,0,0,0,0,2,0,0
50838,0,0,0,0,0,0,0,0,0,0,0,0,0,0,0,2,0,0
50848,0,0,0,0,0,0,0,0,0,0,0,0,0,0,0,2,0,0
50858,0,0,0,0,0,0,0,0,0,0,0,0,0,0,0,2,0,0
50868,0,0,0,0,0,0,0,0,0,0,0,0,0,0,0,2,0,0
50878,0,0,0,0,0,0,0,0,0,0,0,0,0,0,0,2,0,0
50888,0,0,0,0,0,0,0,0,0,0,0,0,0,0,0,2,0,0
50898,0,0,0,0,0,0,0,0,0,0,0,0,0,0,0,2,0,0
50908,0,0,0,0,0,0,0,0,0,0,0,0,0,0,0,2,0,0
50918,0,0,0,0,0,0,0,0,0,0,0,0,0,0,0,2,0,0
50928,0,0,0,0,0,0,0,0,0,0,0,0,0,0,0,2,0,0
50938,0,0,0,0,0,0,0,0,0,0,0,0,0,0,0,2,0,0
50948,0,0,0,0,0,0,0,0,0,0,0,0,0,0,0,2,0,0
50958,0,0,0,0,0,0,0,0,0,0,0,0,0,0,0,2,0,0
50968,0,0,0,0,0,0,0,0,0,0,0,0,0,0,0,2,0,0
50978,0,0,0,0,0,0,0,0,0,0,0,0,0,0,0,2,0,0
50988,0,0,0,0,0,0,0,0,0,0,0,0,0,0,0,2,0,0
50998,0,0,0,0,0,0,0,0,0,0,0,0,0,0,0,2,0,0
51008,0,0,0,0,0,0,0,0,0,0,0,0,0,0,0,2,0,0
51018,0,0,0,0,0,0,0,0,0,0,0,0,0,0,0,2,0,0
51028,0,0,0,0,0,0,0,0,0,0,0,0,0,0,0,2,0,0
51038,0,0,0,0,0,0,0,0,0,0,0,0,0,0,0,2,0,0
51048,0,0,0,0,0,0,0,0,0,0,0,0,0,0,0,2,0,0
51058,0,0,0,0,0,0,0,0,0,0,0,0,0,0,0,2,0,0
51068,0,0,0,0,0,0,0,0,0,0,0,0,0,0,0,2,0,0
51078,0,0,0,0,0,0,0,0,0,0,0,0,0,0,0,2,0,0
51088,0,0,0,0,0,0,0,0,0,0,0,0,0,0,0,2,0,0
51098,0,0,0,0,0,0,0,0,0,0,0,0,0,0,0,2,0,0
51108,0,0,0,0,0,0,0,0,0,0,0,0,0,0,0,2,0,0
51118,0,0,0,0,0,0,0,0,0,0,0,0,0,0,0,2,0,0
51128,0,0,0,0,0,0,0,0,0,0,0,0,0,0,0,2,0,0
51138,0,0,0,0,0,0,0,0,0,0,0,0,0,0,0,2,0,0
51148,0,0,0,0,0,0,0,0,0,0,0,0,0,0,0,2,0,0
51158,0,0,0,0,0,0,0,0,0,0,0,0,0,0,0,2,0,0
51168,0,0,0,0,0,0,0,0,0,0,0,0,0,0,0,2,0,0
51178,0,0,0,0,0,0,0,0,0,0,0,0,0,0,0,2,0,0
51188,0,0,0,0,0,0,0,0,0,0,0,0,0,0,0,2,0,0
51198,0,0,0,0,0,0,0,0,0,0,0,0,0,0,0,2,0,0
51208,0,0,0,0,0,0,0,0,0,0,0,0,0,0,0,2,0,0
51218,0,0,0,0,0,0,0,0,0,0,0,0,0,0,0,2,0,0
51228,0,0,0,0,0,0,0,0,0,0,0,0,0,0,0,2,0,0
51238,0,0,0,0,0,0,0,0,0,0,0,0,0,0,0,2,0,0
51248,0,0,0,0,0,0,0,0,0,0,0,0,0,0,0,2,0,0
51258,0,0,0,0,0,0,0,0,0,0,0,0,0,0,0,2,0,0
51268,0,0,0,0,0,0,0,0,0,0,0,0,0,0,0,2,0,0
51278,0,0,0,0,0,0,0,0,0,0,0,0,0,0,0,2,0,0
51288,0,0,0,0,0,0,0,0,0,0,0,0,0,0,0,2,0,0
51298,0,0,0,0,0,0,0,0,0,0,0,0,0,0,0,2,0,0
51308,0,0,0,0,0,0,0,0,0,0,0,0,0,0,0,2,0,0
51318,0,0,0,0,0,0,0,0,0,0,0,0,0,0,0,2,0,0
51328,0,0,0,0,0,0,0,0,0,0,0,0,0,0,0,2,0,0
51338,0,0,0,0,0,0,0,0,0,0,0,0,0,0,0,2,0,0
51347,0,0,0,0,0,0,0,0,0,0,0,0,0,0,0,2,0,0
51357,0,0,0,0,0,0,0,0,0,0,0,0,0,0,0,2,0,0
51368,0,0,0,0,0,0,0,0,0,0,0,0,0,0,0,2,0,0
51377,0,0,0,0,0,0,0,0,0,0,0,0,0,0,0,2,0,0
51387,0,0,0,0,0,0,0,0,0,0,0,0,0,0,0,2,0,0
51398,0,0,0,0,0,0,0,0,0,0,0,0,0,0,0,2,0,0
51407,0,0,0,0,0,0,0,0,0,0,0,0,0,0,0,2,0,0
51419,0,0,0,0,0,0,0,0,0,0,0,0,0,0,0,2,0,0
51427,0,0,0,0,0,0,0,0,0,0,0,0,0,0,0,2,0,0
51437,0,0,0,0,0,0,0,0,0,0,0,0,0,0,0,2,0,0
51447,0,0,0,0,0,0,0,0,0,0,0,0,0,0,0,2,0,0
51457,0,0,0,0,0,0,0,0,0,0,0,0,0,0,0,2,0,0
51467,0,0,0,0,0,0,0,0,0,0,0,0,0,0,0,2,0,0
51477,0,0,0,0,0,0,0,0,0,0,0,0,0,0,0,2,0,0
51487,0,0,0,0,0,0,0,0,0,0,0,0,0,0,0,2,0,0
51497,0,0,0,0,0,0,0,0,0,0,0,0,0,0,0,2,0,0
51507,0,0,0,0,0,0,0,0,0,0,0,0,0,0,0,2,0,0
51517,0,0,0,0,0,0,0,0,0,0,0,0,0,0,0,2,0,0
51527,0,0,0,0,0,0,0,0,0,0,0,0,0,0,0,2,0,0
51537,0,0,0,0,0,0,0,0,0,0,0,0,0,0,0,2,0,0
51547,0,0,0,0,0,0,0,0,0,0,0,0,0,0,0,2,0,0
51557,0,0,0,0,0,0,0,0,0,0,0,0,0,0,0,2,0,0
51567,0,0,0,0,0,0,0,0,0,0,0,0,0,0,0,2,0,0
51577,0,0,0,0,0,0,0,0,0,0,0,0,0,0,0,2,0,0
51587,0,0,0,0,0,0,0,0,0,0,0,0,0,0,0,2,0,0
51597,0,0,0,0,0,0,0,0,0,0,0,0,0,0,0,2,0,0
51607,0,0,0,0,0,0,0,0,0,0,0,0,0,0,0,2,0,0
51617,0,0,0,0,0,0,0,0,0,0,0,0,0,0,0,2,0,0
51627,0,0,0,0,0,0,0,0,0,0,0,0,0,0,0,2,0,0
51637,0,0,0,0,0,0,0,0,0,0,0,0,0,0,0,2,0,0
51647,0,0,0,0,0,0,0,0,0,0,0,0,0,0,0,2,0,0
51657,0,0,0,0,0,0,0,0,0,0,0,0,0,0,0,2,0,0
51667,0,0,0,0,0,0,0,0,0,0,0,0,0,0,0,2,0,0
51677,0,0,0,0,0,0,0,0,0,0,0,0,0,0,0,2,0,0
51687,0,0,0,0,0,0,0,0,0,0,0,0,0,0,0,2,0,0
51697,0,0,0,0,0,0,0,0,0,0,0,0,0,0,0,2,0,0
51707,0,0,0,0,0,0,0,0,0,0,0,0,0,0,0,2,0,0
51717,0,0,0,0,0,0,0,0,0,0,0,0,0,0,0,2,0,0
51727,0,0,0,0,0,0,0,0,0,0,0,0,0,0,0,2,0,0
51737,0,0,0,0,0,0,0,0,0,0,0,0,0,0,0,2,0,0
51747,0,0,0,0,0,0,0,0,0,0,0,0,0,0,0,2,0,0
51757,0,0,0,0,0,0,0,0,0,0,0,0,0,0,0,2,0,0
51767,0,0,0,0,0,0,0,0,0,0,0,0,0,0,0,2,0,0
51777,0,0,0,0,0,0,0,0,0,0,0,0,0,0,0,2,0,0
51787,0,0,0,0,0,0,0,0,0,0,0,0,0,0,0,2,0,0
51797,0,0,0,0,0,0,0,0,0,0,0,0,0,0,0,2,0,0
51807,0,0,0,0,0,0,0,0,0,0,0,0,0,0,0,2,0,0
51817,0,0,0,0,0,0,0,0,0,0,0,0,0,0,0,2,0,0
51827,0,0,0,0,0,0,0,0,0,0,0,0,0,0,0,2,0,0
51837,0,0,0,0,0,0,0,0,0,0,0,0,0,0,0,2,0,0
51847,0,0,0,0,0,0,0,0,0,0,0,0,0,0,0,2,0,0
51857,0,0,0,0,0,0,0,0,0,0,0,0,0,0,0,2,0,0
51867,0,0,0,0,0,0,0,0,0,0,0,0,0,0,0,2,0,0
51877,0,0,0,0,0,0,0,0,0,0,0,0,0,0,0,2,0,0
51887,0,0,0,0,0,0,0,0,0,0,0,0,0,0,0,2,0,0
51897,0,0,0,0,0,0,0,0,0,0,0,0,0,0,0,2,0,0
51907,0,0,0,0,0,0,0,0,0,0,0,0,0,0,0,2,0,0
51917,0,0,0,0,0,0,0,0,0,0,0,0,0,0,0,2,0,0
51927,0,0,0,0,0,0,0,0,0,0,0,0,0,0,0,2,0,0
51937,0,0,0,0,0,0,0,0,0,0,0,0,0,0,0,2,0,0
51947,0,0,0,0,0,0,0,0,0,0,0,0,0,0,0,2,0,0
51957,0,0,0,0,0,0,0,0,0,0,0,0,0,0,0,2,0,0
51967,0,0,0,0,0,0,0,0,0,0,0,0,0,0,0,2,0,0
51977,0,0,0,0,0,0,0,0,0,0,0,0,0,0,0,2,0,0
51987,0,0,0,0,0,0,0,0,0,0,0,0,0,0,0,2,0,0
51997,0,0,0,0,0,0,0,0,0,0,0,0,0,0,0,2,0,0
52007,0,0,0,0,0,0,0,0,0,0,0,0,0,0,0,2,0,0
52017,0,0,0,0,0,0,0,0,0,0,0,0,0,0,0,2,0,0
52027,0,0,0,0,0,0,0,0,0,0,0,0,0,0,0,2,0,0
52037,0,0,0,0,0,0,0,0,0,0,0,0,0,0,0,2,0,0
52047,0,0,0,0,0,0,0,0,0,0,0,0,0,0,0,2,0,0
52057,0,0,0,0,0,0,0,0,0,0,0,0,0,0,0,2,0,0
52067,0,0,0,0,0,0,0,0,0,0,0,0,0,0,0,2,0,0
52077,0,0,0,0,0,0,0,0,0,0,0,0,0,0,0,2,0,0
52087,0,0,0,0,0,0,0,0,0,0,0,0,0,0,0,2,0,0
52097,0,0,0,0,0,0,0,0,0,0,0,0,0,0,0,2,0,0
52107,0,0,0,0,0,0,0,0,0,0,0,0,0,0,0,2,0,0
52117,0,0,0,0,0,0,0,0,0,0,0,0,0,0,0,2,0,0
52127,0,0,0,0,0,0,0,0,0,0,0,0,0,0,0,2,0,0
52137,0,0,0,0,0,0,0,0,0,0,0,0,0,0,0,2,0,0
52147,0,0,0,0,0,0,0,0,0,0,0,0,0,0,0,2,0,0
52157,0,0,0,0,0,0,0,0,0,0,0,0,0,0,0,2,0,0
52167,0,0,0,0,0,0,0,0,0,0,0,0,0,0,0,2,0,0
52177,0,0,0,0,0,0,0,0,0,0,0,0,0,0,0,2,0,0
52187,0,0,0,0,0,0,0,0,0,0,0,0,0,0,0,2,0,0
52197,0,0,0,0,0,0,0,0,0,0,0,0,0,0,0,2,0,0
52207,0,0,0,0,0,0,0,0,0,0,0,0,0,0,0,2,0,0
52217,0,0,0,0,0,0,0,0,0,0,0,0,0,0,0,2,0,0
52227,0,0,0,0,0,0,0,0,0,0,0,0,0,0,0,2,0,0
52237,0,0,0,0,0,0,0,0,0,0,0,0,0,0,0,2,0,0
52247,0,0,0,0,0,0,0,0,0,0,0,0,0,0,0,2,0,0
52257,0,0,0,0,0,0,0,0,0,0,0,0,0,0,0,2,0,0
52267,0,0,0,0,0,0,0,0,0,0,0,0,0,0,0,2,0,0
52277,0,0,0,0,0,0,0,0,0,0,0,0,0,0,0,2,0,0
52287,0,0,0,0,0,0,0,0,0,0,0,0,0,0,0,2,0,0
52297,0,0,0,0,0,0,0,0,0,0,0,0,0,0,0,2,0,0
52307,0,0,0,0,0,0,0,0,0,0,0,0,0,0,0,2,0,0
52317,0,0,0,0,0,0,0,0,0,0,0,0,0,0,0,2,0,0
52327,0,0,0,0,0,0,0,0,0,0,0,0,0,0,0,2,0,0
52337,0,0,0,0,0,0,0,0,0,0,0,0,0,0,0,2,0,0
52347,0,0,0,0,0,0,0,0,0,0,0,0,0,0,0,2,0,0
52357,0,0,0,0,0,0,0,0,0,0,0,0,0,0,0,2,0,0
52367,0,0,0,0,0,0,0,0,0,0,0,0,0,0,0,2,0,0
52377,0,0,0,0,0,0,0,0,0,0,0,0,0,0,0,2,0,0
52387,0,0,0,0,0,0,0,0,0,0,0,0,0,0,0,2,0,0
52397,0,0,0,0,0,0,0,0,0,0,0,0,0,0,0,2,0,0
52407,0,0,0,0,0,0,0,0,0,0,0,0,0,0,0,2,0,0
52417,0,0,0,0,0,0,0,0,0,0,0,0,0,0,0,2,0,0
52427,0,0,0,0,0,0,0,0,0,0,0,0,0,0,0,2,0,0
52437,0,0,0,0,0,0,0,0,0,0,0,0,0,0,0,2,0,0
52447,0,0,0,0,0,0,0,0,0,0,0,0,0,0,0,2,0,0
52457,0,0,0,0,0,0,0,0,0,0,0,0,0,0,0,2,0,0
52467,0,0,0,0,0,0,0,0,0,0,0,0,0,0,0,2,0,0
52477,0,0,0,0,0,0,0,0,0,0,0,0,0,0,0,2,0,0
52487,0,0,0,0,0,0,0,0,0,0,0,0,0,0,0,2,0,0
52497,0,0,0,0,0,0,0,0,0,0,0,0,0,0,0,2,0,0
52507,0,0,0,0,0,0,0,0,0,0,0,0,0,0,0,2,0,0
52517,0,0,0,0,0,0,0,0,0,0,0,0,0,0,0,2,0,0
52527,0,0,0,0,0,0,0,0,0,0,0,0,0,0,0,2,0,0
52537,0,0,0,0,0,0,0,0,0,0,0,0,0,0,0,2,0,0
52547,0,0,0,0,0,0,0,0,0,0,0,0,0,0,0,2,0,0
52557,0,0,0,0,0,0,0,0,0,0,0,0,0,0,0,2,0,0
52567,0,0,0,0,0,0,0,0,0,0,0,0,0,0,0,2,0,0
52577,0,0,0,0,0,0,0,0,0,0,0,0,0,0,0,2,0,0
52587,0,0,0,0,0,0,0,0,0,0,0,0,0,0,0,2,0,0
52597,0,0,0,0,0,0,0,0,0,0,0,0,0,0,0,2,0,0
52607,0,0,0,0,0,0,0,0,0,0,0,0,0,0,0,2,0,0
52617,0,0,0,0,0,0,0,0,0,0,0,0,0,0,0,2,0,0
52627,0,0,0,0,0,0,0,0,0,0,0,0,0,0,0,2,0,0
52637,0,0,0,0,0,0,0,0,0,0,0,0,0,0,0,2,0,0
52647,0,0,0,0,0,0,0,0,0,0,0,0,0,0,0,2,0,0
52657,0,0,0,0,0,0,0,0,0,0,0,0,0,0,0,2,0,0
52667,0,0,0,0,0,0,0,0,0,0,0,0,0,0,0,2,0,0
52677,0,0,0,0,0,0,0,0,0,0,0,0,0,0,0,2,0,0
52687,0,0,0,0,0,0,0,0,0,0,0,0,0,0,0,2,0,0
52697,0,0,0,0,0,0,0,0,0,0,0,0,0,0,0,2,0,0
52707,0,0,0,0,0,0,0,0,0,0,0,0,0,0,0,2,0,0
52717,0,0,0,0,0,0,0,0,0,0,0,0,0,0,0,2,0,0
52727,0,0,0,0,0,0,0,0,0,0,0,0,0,0,0,2,0,0
52737,0,0,0,0,0,0,0,0,0,0,0,0,0,0,0,2,0,0
52747,0,0,0,0,0,0,0,0,0,0,0,0,0,0,0,2,0,0
52757,0,0,0,0,0,0,0,0,0,0,0,0,0,0,0,2,0,0
52767,0,0,0,0,0,0,0,0,0,0,0,0,0,0,0,2,0,0
52777,0,0,0,0,0,0,0,0,0,0,0,0,0,0,0,2,0,0
52787,0,0,0,0,0,0,0,0,0,0,0,0,0,0,0,2,0,0
52797,0,0,0,0,0,0,0,0,0,0,0,0,0,0,0,2,0,0
52807,0,0,0,0,0,0,0,0,0,0,0,0,0,0,0,2,0,0
52817,0,0,0,0,0,0,0,0,0,0,0,0,0,0,0,2,0,0
52827,0,0,0,0,0,0,0,0,0,0,0,0,0,0,0,2,0,0
52837,0,0,0,0,0,0,0,0,0,0,0,0,0,0,0,2,0,0
52847,0,0,0,0,0,0,0,0,0,0,0,0,0,0,0,2,0,0
52857,0,0,0,0,0,0,0,0,0,0,0,0,0,0,0,2,0,0
52867,0,0,0,0,0,0,0,0,0,0,0,0,0,0,0,2,0,0
52877,0,0,0,0,0,0,0,0,0,0,0,0,0,0,0,2,0,0
52887,0,0,0,0,0,0,0,0,0,0,0,0,0,0,0,2,0,0
52897,0,0,0,0,0,0,0,0,0,0,0,0,0,0,0,2,0,0
52907,0,0,0,0,0,0,0,0,0,0,0,0,0,0,0,2,0,0
52917,0,0,0,0,0,0,0,0,0,0,0,0,0,0,0,2,0,0
52927,0,0,0,0,0,0,0,0,0,0,0,0,0,0,0,2,0,0
52937,0,0,0,0,0,0,0,0,0,0,0,0,0,0,0,2,0,0
52947,0,0,0,0,0,0,0,0,0,0,0,0,0,0,0,2,0,0
52957,0,0,0,0,0,0,0,0,0,0,0,0,0,0,0,2,0,0
52967,0,0,0,0,0,0,0,0,0,0,0,0,0,0,0,2,0,0
52977,0,0,0,0,0,0,0,0,0,0,0,0,0,0,0,2,0,0
52987,0,0,0,0,0,0,0,0,0,0,0,0,0,0,0,2,0,0
52997,0,0,0,0,0,0,0,0,0,0,0,0,0,0,0,2,0,0
53007,0,0,0,0,0,0,0,0,0,0,0,0,0,0,0,2,0,0
53017,0,0,0,0,0,0,0,0,0,0,0,0,0,0,0,2,0,0
53027,0,0,0,0,0,0,0,0,0,0,0,0,0,0,0,2,0,0
53037,0,0,0,0,0,0,0,0,0,0,0,0,0,0,0,2,0,0
53047,0,0,0,0,0,0,0,0,0,0,0,0,0,0,0,2,0,0
53057,0,0,0,0,0,0,0,0,0,0,0,0,0,0,0,2,0,0
53067,0,0,0,0,0,0,0,0,0,0,0,0,0,0,0,2,0,0
53077,0,0,0,0,0,0,0,0,0,0,0,0,0,0,0,2,0,0
53087,0,0,0,0,0,0,0,0,0,0,0,0,0,0,0,2,0,0
53097,0,0,0,0,0,0,0,0,0,0,0,0,0,0,0,2,0,0
53107,0,0,0,0,0,0,0,0,0,0,0,0,0,0,0,2,0,0
53117,0,0,0,0,0,0,0,0,0,0,0,0,0,0,0,2,0,0
53127,0,0,0,0,0,0,0,0,0,0,0,0,0,0,0,2,0,0
53137,0,0,0,0,0,0,0,0,0,0,0,0,0,0,0,2,0,0
53147,0,0,0,0,0,0,0,0,0,0,0,0,0,0,0,2,0,0
53157,0,0,0,0,0,0,0,0,0,0,0,0,0,0,0,2,0,0
53167,0,0,0,0,0,0,0,0,0,0,0,0,0,0,0,2,0,0
53177,0,0,0,0,0,0,0,0,0,0,0,0,0,0,0,2,0,0
53187,0,0,0,0,0,0,0,0,0,0,0,0,0,0,0,2,0,0
53197,0,0,0,0,0,0,0,0,0,0,0,0,0,0,0,2,0,0
53207,0,0,0,0,0,0,0,0,0,0,0,0,0,0,0,2,0,0
53217,0,0,0,0,0,0,0,0,0,0,0,0,0,0,0,2,0,0
53227,0,0,0,0,0,0,0,0,0,0,0,0,0,0,0,2,0,0
53237,0,0,0,0,0,0,0,0,0,0,0,0,0,0,0,2,0,0
53247,0,0,0,0,0,0,0,0,0,0,0,0,0,0,0,2,0,0
53257,0,0,0,0,0,0,0,0,0,0,0,0,0,0,0,2,0,0
53267,0,0,0,0,0,0,0,0,0,0,0,0,0,0,0,2,0,0
53277,0,0,0,0,0,0,0,0,0,0,0,0,0,0,0,2,0,0
53287,0,0,0,0,0,0,0,0,0,0,0,0,0,0,0,2,0,0
53297,0,0,0,0,0,0,0,0,0,0,0,0,0,0,0,2,0,0
53307,0,0,0,0,0,0,0,0,0,0,0,0,0,0,0,2,0,0
53317,0,0,0,0,0,0,0,0,0,0,0,0,0,0,0,2,0,0
53327,0,0,0,0,0,0,0,0,0,0,0,0,0,0,0,2,0,0
53337,0,0,0,0,0,0,0,0,0,0,0,0,0,0,0,2,0,0
53347,0,0,0,0,0,0,0,0,0,0,0,0,0,0,0,2,0,0
53357,0,0,0,0,0,0,0,0,0,0,0,0,0,0,0,2,0,0
53367,0,0,0,0,0,0,0,0,0,0,0,0,0,0,0,2,0,0
53377,0,0,0,0,0,0,0,0,0,0,0,0,0,0,0,2,0,0
53387,0,0,0,0,0,0,0,0,0,0,0,0,0,0,0,2,0,0
53397,0,0,0,0,0,0,0,0,0,0,0,0,0,0,0,2,0,0
53407,0,0,0,0,0,0,0,0,0,0,0,0,0,0,0,2,0,0
53417,0,0,0,0,0,0,0,0,0,0,0,0,0,0,0,2,0,0
53427,0,0,0,0,0,0,0,0,0,0,0,0,0,0,0,2,0,0
53437,0,0,0,0,0,0,0,0,0,0,0,0,0,0,0,2,0,0
53447,0,0,0,0,0,0,0,0,0,0,0,0,0,0,0,2,0,0
53457,0,0,0,0,0,0,0,0,0,0,0,0,0,0,0,2,0,0
53467,0,0,0,0,0,0,0,0,0,0,0,0,0,0,0,2,0,0
53477,0,0,0,0,0,0,0,0,0,0,0,0,0,0,0,2,0,0
53487,0,0,0,0,0,0,0,0,0,0,0,0,0,0,0,2,0,0
53497,0,0,0,0,0,0,0,0,0,0,0,0,0,0,0,2,0,0
53507,0,0,0,0,0,0,0,0,0,0,0,0,0,0,0,2,0,0
53517,0,0,0,0,0,0,0,0,0,0,0,0,0,0,0,2,0,0
53527,0,0,0,0,0,0,0,0,0,0,0,0,0,0,0,2,0,0
53537,0,0,0,0,0,0,0,0,0,0,0,0,0,0,0,2,0,0
53547,0,0,0,0,0,0,0,0,0,0,0,0,0,0,0,2,0,0
53557,0,0,0,0,0,0,0,0,0,0,0,0,0,0,0,2,0,0
53567,0,0,0,0,0,0,0,0,0,0,0,0,0,0,0,2,0,0
53577,0,0,0,0,0,0,0,0,0,0,0,0,0,0,0,2,0,0
53587,0,0,0,0,0,0,0,0,0,0,0,0,0,0,0,2,0,0
53597,0,0,0,0,0,0,0,0,0,0,0,0,0,0,0,2,0,0
53607,0,0,0,0,0,0,0,0,0,0,0,0,0,0,0,2,0,0
53617,0,0,0,0,0,0,0,0,0,0,0,0,0,0,0,2,0,0
53627,0,0,0,0,0,0,0,0,0,0,0,0,0,0,0,2,0,0
53637,0,0,0,0,0,0,0,0,0,0,0,0,0,0,0,2,0,0
53647,0,0,0,0,0,0,0,0,0,0,0,0,0,0,0,2,0,0
53657,0,0,0,0,0,0,0,0,0,0,0,0,0,0,0,2,0,0
53667,0,0,0,0,0,0,0,0,0,0,0,0,0,0,0,2,0,0
53677,0,0,0,0,0,0,0,0,0,0,0,0,0,0,0,2,0,0
53687,0,0,0,0,0,0,0,0,0,0,0,0,0,0,0,2,0,0
53697,0,0,0,0,0,0,0,0,0,0,0,0,0,0,0,2,0,0
53707,0,0,0,0,0,0,0,0,0,0,0,0,0,0,0,2,0,0
53717,0,0,0,0,0,0,0,0,0,0,0,0,0,0,0,2,0,0
53727,0,0,0,0,0,0,0,0,0,0,0,0,0,0,0,2,0,0
53737,0,0,0,0,0,0,0,0,0,0,0,0,0,0,0,2,0,0
53747,0,0,0,0,0,0,0,0,0,0,0,0,0,0,0,2,0,0
53757,0,0,0,0,0,0,0,0,0,0,0,0,0,0,0,2,0,0
53767,0,0,0,0,0,0,0,0,0,0,0,0,0,0,0,2,0,0
53777,0,0,0,0,0,0,0,0,0,0,0,0,0,0,0,2,0,0
53787,0,0,0,0,0,0,0,0,0,0,0,0,0,0,0,2,0,0
53797,0,0,0,0,0,0,0,0,0,0,0,0,0,0,0,2,0,0
53807,0,0,0,0,0,0,0,0,0,0,0,0,0,0,0,2,0,0
53817,0,0,0,0,0,0,0,0,0,0,0,0,0,0,0,2,0,0
53827,0,0,0,0,0,0,0,0,0,0,0,0,0,0,0,2,0,0
53837,0,0,0,0,0,0,0,0,0,0,0,0,0,0,0,2,0,0
53847,0,0,0,0,0,0,0,0,0,0,0,0,0,0,0,2,0,0
53857,0,0,0,0,0,0,0,0,0,0,0,0,0,0,0,2,0,0
53867,0,0,0,0,0,0,0,0,0,0,0,0,0,0,0,2,0,0
53877,0,0,0,0,0,0,0,0,0,0,0,0,0,0,0,2,0,0
53887,0,0,0,0,0,0,0,0,0,0,0,0,0,0,0,2,0,0
53897,0,0,0,0,0,0,0,0,0,0,0,0,0,0,0,2,0,0
53907,0,0,0,0,0,0,0,0,0,0,0,0,0,0,0,2,0,0
53917,0,0,0,0,0,0,0,0,0,0,0,0,0,0,0,2,0,0
53927,0,0,0,0,0,0,0,0,0,0,0,0,0,0,0,2,0,0
53937,0,0,0,0,0,0,0,0,0,0,0,0,0,0,0,2,0,0
53947,0,0,0,0,0,0,0,0,0,0,0,0,0,0,0,2,0,0
53957,0,0,0,0,0,0,0,0,0,0,0,0,0,0,0,2,0,0
53967,0,0,0,0,0,0,0,0,0,0,0,0,0,0,0,2,0,0
53977,0,0,0,0,0,0,0,0,0,0,0,0,0,0,0,2,0,0
53987,0,0,0,0,0,0,0,0,0,0,0,0,0,0,0,2,0,0
53997,0,0,0,0,0,0,0,0,0,0,0,0,0,0,0,2,0,0
54007,0,0,0,0,0,0,0,0,0,0,0,0,0,0,0,2,0,0
54017,0,0,0,0,0,0,0,0,0,0,0,0,0,0,0,2,0,0
54027,0,0,0,0,0,0,0,0,0,0,0,0,0,0,0,2,0,0
54037,0,0,0,0,0,0,0,0,0,0,0,0,0,0,0,2,0,0
54047,0,0,0,0,0,0,0,0,0,0,0,0,0,0,0,2,0,0
54057,0,0,0,0,0,0,0,0,0,0,0,0,0,0,0,2,0,0
54067,0,0,0,0,0,0,0,0,0,0,0,0,0,0,0,2,0,0
54077,0,0,0,0,0,0,0,0,0,0,0,0,0,0,0,2,0,0
54087,0,0,0,0,0,0,0,0,0,0,0,0,0,0,0,2,0,0
54097,0,0,0,0,0,0,0,0,0,0,0,0,0,0,0,2,0,0
54107,0,0,0,0,0,0,0,0,0,0,0,0,0,0,0,2,0,0
54117,0,0,0,0,0,0,0,0,0,0,0,0,0,0,0,2,0,0
54127,0,0,0,0,0,0,0,0,0,0,0,0,0,0,0,2,0,0
54137,0,0,0,0,0,0,0,0,0,0,0,0,0,0,0,2,0,0
54147,0,0,0,0,0,0,0,0,0,0,0,0,0,0,0,2,0,0
54157,0,0,0,0,0,0,0,0,0,0,0,0,0,0,0,2,0,0
54167,0,0,0,0,0,0,0,0,0,0,0,0,0,0,0,2,0,0
54177,0,0,0,0,0,0,0,0,0,0,0,0,0,0,0,2,0,0
54187,0,0,0,0,0,0,0,0,0,0,0,0,0,0,0,2,0,0
54197,0,0,0,0,0,0,0,0,0,0,0,0,0,0,0,2,0,0
54207,0,0,0,0,0,0,0,0,0,0,0,0,0,0,0,2,0,0
54217,0,0,0,0,0,0,0,0,0,0,0,0,0,0,0,2,0,0
54227,0,0,0,0,0,0,0,0,0,0,0,0,0,0,0,2,0,0
54237,0,0,0,0,0,0,0,0,0,0,0,0,0,0,0,2,0,0
54247,0,0,0,0,0,0,0,0,0,0,0,0,0,0,0,2,0,0
54257,0,0,0,0,0,0,0,0,0,0,0,0,0,0,0,2,0,0
54267,0,0,0,0,0,0,0,0,0,0,0,0,0,0,0,2,0,0
54277,0,0,0,0,0,0,0,0,0,0,0,0,0,0,0,2,0,0
54287,0,0,0,0,0,0,0,0,0,0,0,0,0,0,0,2,0,0
54297,0,0,0,0,0,0,0,0,0,0,0,0,0,0,0,2,0,0
54307,0,0,0,0,0,0,0,0,0,0,0,0,0,0,0,2,0,0
54317,0,0,0,0,0,0,0,0,0,0,0,0,0,0,0,2,0,0
54327,0,0,0,0,0,0,0,0,0,0,0,0,0,0,0,2,0,0
54337,0,0,0,0,0,0,0,0,0,0,0,0,0,0,0,2,0,0
54347,0,0,0,0,0,0,0,0,0,0,0,0,0,0,0,2,0,0
54357,0,0,0,0,0,0,0,0,0,0,0,0,0,0,0,2,0,0
54367,0,0,0,0,0,0,0,0,0,0,0,0,0,0,0,2,0,0
54377,0,0,0,0,0,0,0,0,0,0,0,0,0,0,0,2,0,0
54387,0,0,0,0,0,0,0,0,0,0,0,0,0,0,0,2,0,0
54397,0,0,0,0,0,0,0,0,0,0,0,0,0,0,0,2,0,0
54407,0,0,0,0,0,0,0,0,0,0,0,0,0,0,0,2,0,0
54417,0,0,0,0,0,0,0,0,0,0,0,0,0,0,0,2,0,0
54427,0,0,0,0,0,0,0,0,0,0,0,0,0,0,0,2,0,0
54437,0,0,0,0,0,0,0,0,0,0,0,0,0,0,0,2,0,0
54447,0,0,0,0,0,0,0,0,0,0,0,0,0,0,0,2,0,0
54457,0,0,0,0,0,0,0,0,0,0,0,0,0,0,0,2,0,0
54467,0,0,0,0,0,0,0,0,0,0,0,0,0,0,0,2,0,0
54477,0,0,0,0,0,0,0,0,0,0,0,0,0,0,0,2,0,0
54487,0,0,0,0,0,0,0,0,0,0,0,0,0,0,0,2,0,0
54497,0,0,0,0,0,0,0,0,0,0,0,0,0,0,0,2,0,0
54507,0,0,0,0,0,0,0,0,0,0,0,0,0,0,0,2,0,0
54517,0,0,0,0,0,0,0,0,0,0,0,0,0,0,0,2,0,0
54527,0,0,0,0,0,0,0,0,0,0,0,0,0,0,0,2,0,0
54537,0,0,0,0,0,0,0,0,0,0,0,0,0,0,0,2,0,0
54547,0,0,0,0,0,0,0,0,0,0,0,0,0,0,0,2,0,0
54557,0,0,0,0,0,0,0,0,0,0,0,0,0,0,0,2,0,0
54567,0,0,0,0,0,0,0,0,0,0,0,0,0,0,0,2,0,0
54577,0,0,0,0,0,0,0,0,0,0,0,0,0,0,0,2,0,0
54587,0,0,0,0,0,0,0,0,0,0,0,0,0,0,0,2,0,0
54597,0,0,0,0,0,0,0,0,0,0,0,0,0,0,0,2,0,0
54607,0,0,0,0,0,0,0,0,0,0,0,0,0,0,0,2,0,0
54617,0,0,0,0,0,0,0,0,0,0,0,0,0,0,0,2,0,0
54627,0,0,0,0,0,0,0,0,0,0,0,0,0,0,0,2,0,0
54637,0,0,0,0,0,0,0,0,0,0,0,0,0,0,0,2,0,0
54647,0,0,0,0,0,0,0,0,0,0,0,0,0,0,0,2,0,0
54657,0,0,0,0,0,0,0,0,0,0,0,0,0,0,0,2,0,0
54667,0,0,0,0,0,0,0,0,0,0,0,0,0,0,0,2,0,0
54677,0,0,0,0,0,0,0,0,0,0,0,0,0,0,0,2,0,0
54687,0,0,0,0,0,0,0,0,0,0,0,0,0,0,0,2,0,0
54697,0,0,0,0,0,0,0,0,0,0,0,0,0,0,0,2,0,0
54707,0,0,0,0,0,0,0,0,0,0,0,0,0,0,0,2,0,0
54717,0,0,0,0,0,0,0,0,0,0,0,0,0,0,0,2,0,0
54727,0,0,0,0,0,0,0,0,0,0,0,0,0,0,0,2,0,0
54737,0,0,0,0,0,0,0,0,0,0,0,0,0,0,0,2,0,0
54747,0,0,0,0,0,0,0,0,0,0,0,0,0,0,0,2,0,0
54757,0,0,0,0,0,0,0,0,0,0,0,0,0,0,0,2,0,0
54767,0,0,0,0,0,0,0,0,0,0,0,0,0,0,0,2,0,0
54777,0,0,0,0,0,0,0,0,0,0,0,0,0,0,0,2,0,0
54787,0,0,0,0,0,0,0,0,0,0,0,0,0,0,0,2,0,0
54797,0,0,0,0,0,0,0,0,0,0,0,0,0,0,0,2,0,0
54807,0,0,0,0,0,0,0,0,0,0,0,0,0,0,0,2,0,0
54817,0,0,0,0,0,0,0,0,0,0,0,0,0,0,0,2,0,0
54827,0,0,0,0,0,0,0,0,0,0,0,0,0,0,0,2,0,0
54837,0,0,0,0,0,0,0,0,0,0,0,0,0,0,0,2,0,0
54847,0,0,0,0,0,0,0,0,0,0,0,0,0,0,0,2,0,0
54857,0,0,0,0,0,0,0,0,0,0,0,0,0,0,0,2,0,0
54867,0,0,0,0,0,0,0,0,0,0,0,0,0,0,0,2,0,0
54877,0,0,0,0,0,0,0,0,0,0,0,0,0,0,0,2,0,0
54887,0,0,0,0,0,0,0,0,0,0,0,0,0,0,0,2,0,0
54897,0,0,0,0,0,0,0,0,0,0,0,0,0,0,0,2,0,0
54907,0,0,0,0,0,0,0,0,0,0,0,0,0,0,0,2,0,0
54917,0,0,0,0,0,0,0,0,0,0,0,0,0,0,0,2,0,0
54927,0,0,0,0,0,0,0,0,0,0,0,0,0,0,0,2,0,0
54937,0,0,0,0,0,0,0,0,0,0,0,0,0,0,0,2,0,0
54947,0,0,0,0,0,0,0,0,0,0,0,0,0,0,0,2,0,0
54957,0,0,0,0,0,0,0,0,0,0,0,0,0,0,0,2,0,0
54967,0,0,0,0,0,0,0,0,0,0,0,0,0,0,0,2,0,0
54977,0,0,0,0,0,0,0,0,0,0,0,0,0,0,0,2,0,0
54987,0,0,0,0,0,0,0,0,0,0,0,0,0,0,0,2,0,0
54997,0,0,0,0,0,0,0,0,0,0,0,0,0,0,0,2,0,0
55007,0,0,0,0,0,0,0,0,0,0,0,0,0,0,0,2,0,0
55017,0,0,0,0,0,0,0,0,0,0,0,0,0,0,0,2,0,0
55027,0,0,0,0,0,0,0,0,0,0,0,0,0,0,0,2,0,0
55037,0,0,0,0,0,0,0,0,0,0,0,0,0,0,0,2,0,0
55047,0,0,0,0,0,0,0,0,0,0,0,0,0,0,0,2,0,0
55057,0,0,0,0,0,0,0,0,0,0,0,0,0,0,0,2,0,0
55067,0,0,0,0,0,0,0,0,0,0,0,0,0,0,0,2,0,0
55077,0,0,0,0,0,0,0,0,0,0,0,0,0,0,0,2,0,0
55087,0,0,0,0,0,0,0,0,0,0,0,0,0,0,0,2,0,0
55097,0,0,0,0,0,0,0,0,0,0,0,0,0,0,0,2,0,0
55107,0,0,0,0,0,0,0,0,0,0,0,0,0,0,0,2,0,0
55117,0,0,0,0,0,0,0,0,0,0,0,0,0,0,0,2,0,0
55127,0,0,0,0,0,0,0,0,0,0,0,0,0,0,0,2,0,0
55137,0,0,0,0,0,0,0,0,0,0,0,0,0,0,0,2,0,0
55147,0,0,0,0,0,0,0,0,0,0,0,0,0,0,0,2,0,0
55157,0,0,0,0,0,0,0,0,0,0,0,0,0,0,0,2,0,0
55167,0,0,0,0,0,0,0,0,0,0,0,0,0,0,0,2,0,0
55177,0,0,0,0,0,0,0,0,0,0,0,0,0,0,0,2,0,0
55187,0,0,0,0,0,0,0,0,0,0,0,0,0,0,0,2,0,0
55197,0,0,0,0,0,0,0,0,0,0,0,0,0,0,0,2,0,0
55207,0,0,0,0,0,0,0,0,0,0,0,0,0,0,0,2,0,0
55217,0,0,0,0,0,0,0,0,0,0,0,0,0,0,0,2,0,0
55227,0,0,0,0,0,0,0,0,0,0,0,0,0,0,0,2,0,0
55237,0,0,0,0,0,0,0,0,0,0,0,0,0,0,0,2,0,0
55247,0,0,0,0,0,0,0,0,0,0,0,0,0,0,0,2,0,0
55257,0,0,0,0,0,0,0,0,0,0,0,0,0,0,0,2,0,0
55267,0,0,0,0,0,0,0,0,0,0,0,0,0,0,0,2,0,0
55277,0,0,0,0,0,0,0,0,0,0,0,0,0,0,0,2,0,0
55287,0,0,0,0,0,0,0,0,0,0,0,0,0,0,0,2,0,0
55297,0,0,0,0,0,0,0,0,0,0,0,0,0,0,0,2,0,0
55307,0,0,0,0,0,0,0,0,0,0,0,0,0,0,0,2,0,0
55317,0,0,0,0,0,0,0,0,0,0,0,0,0,0,0,2,0,0
55327,0,0,0,0,0,0,0,0,0,0,0,0,0,0,0,2,0,0
55337,0,0,0,0,0,0,0,0,0,0,0,0,0,0,0,2,0,0
55347,0,0,0,0,0,0,0,0,0,0,0,0,0,0,0,2,0,0
55357,0,0,0,0,0,0,0,0,0,0,0,0,0,0,0,2,0,0
55367,0,0,0,0,0,0,0,0,0,0,0,0,0,0,0,2,0,0
55377,0,0,0,0,0,0,0,0,0,0,0,0,0,0,0,2,0,0
55387,0,0,0,0,0,0,0,0,0,0,0,0,0,0,0,2,0,0
55397,0,0,0,0,0,0,0,0,0,0,0,0,0,0,0,2,0,0
55407,0,0,0,0,0,0,0,0,0,0,0,0,0,0,0,2,0,0
55417,0,0,0,0,0,0,0,0,0,0,0,0,0,0,0,2,0,0
55427,0,0,0,0,0,0,0,0,0,0,0,0,0,0,0,2,0,0
55437,0,0,0,0,0,0,0,0,0,0,0,0,0,0,0,2,0,0
55447,0,0,0,0,0,0,0,0,0,0,0,0,0,0,0,2,0,0
55457,0,0,0,0,0,0,0,0,0,0,0,0,0,0,0,2,0,0
55467,0,0,0,0,0,0,0,0,0,0,0,0,0,0,0,2,0,0
55477,0,0,0,0,0,0,0,0,0,0,0,0,0,0,0,2,0,0
55487,0,0,0,0,0,0,0,0,0,0,0,0,0,0,0,2,0,0
55497,0,0,0,0,0,0,0,0,0,0,0,0,0,0,0,2,0,0
55507,0,0,0,0,0,0,0,0,0,0,0,0,0,0,0,2,0,0
55517,0,0,0,0,0,0,0,0,0,0,0,0,0,0,0,2,0,0
55527,0,0,0,0,0,0,0,0,0,0,0,0,0,0,0,2,0,0
55537,0,0,0,0,0,0,0,0,0,0,0,0,0,0,0,2,0,0
55547,0,0,0,0,0,0,0,0,0,0,0,0,0,0,0,2,0,0
55557,0,0,0,0,0,0,0,0,0,0,0,0,0,0,0,2,0,0
55567,0,0,0,0,0,0,0,0,0,0,0,0,0,0,0,2,0,0
55577,0,0,0,0,0,0,0,0,0,0,0,0,0,0,0,2,0,0
55587,0,0,0,0,0,0,0,0,0,0,0,0,0,0,0,2,0,0
55597,0,0,0,0,0,0,0,0,0,0,0,0,0,0,0,2,0,0
55607,0,0,0,0,0,0,0,0,0,0,0,0,0,0,0,2,0,0
55617,0,0,0,0,0,0,0,0,0,0,0,0,0,0,0,2,0,0
55627,0,0,0,0,0,0,0,0,0,0,0,0,0,0,0,2,0,0
55637,0,0,0,0,0,0,0,0,0,0,0,0,0,0,0,2,0,0
55647,0,0,0,0,0,0,0,0,0,0,0,0,0,0,0,2,0,0
55657,0,0,0,0,0,0,0,0,0,0,0,0,0,0,0,2,0,0
55667,0,0,0,0,0,0,0,0,0,0,0,0,0,0,0,2,0,0
55677,0,0,0,0,0,0,0,0,0,0,0,0,0,0,0,2,0,0
55687,0,0,0,0,0,0,0,0,0,0,0,0,0,0,0,2,0,0
55697,0,0,0,0,0,0,0,0,0,0,0,0,0,0,0,2,0,0
55707,0,0,0,0,0,0,0,0,0,0,0,0,0,0,0,2,0,0
55717,0,0,0,0,0,0,0,0,0,0,0,0,0,0,0,2,0,0
55727,0,0,0,0,0,0,0,0,0,0,0,0,0,0,0,2,0,0
55737,0,0,0,0,0,0,0,0,0,0,0,0,0,0,0,2,0,0
55747,0,0,0,0,0,0,0,0,0,0,0,0,0,0,0,2,0,0
55757,0,0,0,0,0,0,0,0,0,0,0,0,0,0,0,2,0,0
55767,0,0,0,0,0,0,0,0,0,0,0,0,0,0,0,2,0,0
55777,0,0,0,0,0,0,0,0,0,0,0,0,0,0,0,2,0,0
55787,0,0,0,0,0,0,0,0,0,0,0,0,0,0,0,2,0,0
55797,0,0,0,0,0,0,0,0,0,0,0,0,0,0,0,2,0,0
55807,0,0,0,0,0,0,0,0,0,0,0,0,0,0,0,2,0,0
55817,0,0,0,0,0,0,0,0,0,0,0,0,0,0,0,2,0,0
55827,0,0,0,0,0,0,0,0,0,0,0,0,0,0,0,2,0,0
55837,0,0,0,0,0,0,0,0,0,0,0,0,0,0,0,2,0,0
55847,0,0,0,0,0,0,0,0,0,0,0,0,0,0,0,2,0,0
55857,0,0,0,0,0,0,0,0,0,0,0,0,0,0,0,2,0,0
55867,0,0,0,0,0,0,0,0,0,0,0,0,0,0,0,2,0,0
55877,0,0,0,0,0,0,0,0,0,0,0,0,0,0,0,2,0,0
55887,0,0,0,0,0,0,0,0,0,0,0,0,0,0,0,2,0,0
55897,0,0,0,0,0,0,0,0,0,0,0,0,0,0,0,2,0,0
55907,0,0,0,0,0,0,0,0,0,0,0,0,0,0,0,2,0,0
55917,0,0,0,0,0,0,0,0,0,0,0,0,0,0,0,2,0,0
55927,0,0,0,0,0,0,0,0,0,0,0,0,0,0,0,2,0,0
55937,0,0,0,0,0,0,0,0,0,0,0,0,0,0,0,2,0,0
55947,0,0,0,0,0,0,0,0,0,0,0,0,0,0,0,2,0,0
55957,0,0,0,0,0,0,0,0,0,0,0,0,0,0,0,2,0,0
55967,0,0,0,0,0,0,0,0,0,0,0,0,0,0,0,2,0,0
55977,0,0,0,0,0,0,0,0,0,0,0,0,0,0,0,2,0,0
55987,0,0,0,0,0,0,0,0,0,0,0,0,0,0,0,2,0,0
55997,0,0,0,0,0,0,0,0,0,0,0,0,0,0,0,2,0,0
56007,0,0,0,0,0,0,0,0,0,0,0,0,0,0,0,2,0,0
56017,0,0,0,0,0,0,0,0,0,0,0,0,0,0,0,2,0,0
56027,0,0,0,0,0,0,0,0,0,0,0,0,0,0,0,2,0,0
56037,0,0,0,0,0,0,0,0,0,0,0,0,0,0,0,2,0,0
56047,0,0,0,0,0,0,0,0,0,0,0,0,0,0,0,2,0,0
56057,0,0,0,0,0,0,0,0,0,0,0,0,0,0,0,2,0,0
56067,0,0,0,0,0,0,0,0,0,0,0,0,0,0,0,2,0,0
56077,0,0,0,0,0,0,0,0,0,0,0,0,0,0,0,2,0,0
56087,0,0,0,0,0,0,0,0,0,0,0,0,0,0,0,2,0,0
56097,0,0,0,0,0,0,0,0,0,0,0,0,0,0,0,2,0,0
56107,0,0,0,0,0,0,0,0,0,0,0,0,0,0,0,2,0,0
56117,0,0,0,0,0,0,0,0,0,0,0,0,0,0,0,2,0,0
56127,0,0,0,0,0,0,0,0,0,0,0,0,0,0,0,2,0,0
56137,0,0,0,0,0,0,0,0,0,0,0,0,0,0,0,2,0,0
56147,0,0,0,0,0,0,0,0,0,0,0,0,0,0,0,2,0,0
56157,0,0,0,0,0,0,0,0,0,0,0,0,0,0,0,2,0,0
56167,0,0,0,0,0,0,0,0,0,0,0,0,0,0,0,2,0,0
56177,0,0,0,0,0,0,0,0,0,0,0,0,0,0,0,2,0,0
56187,0,0,0,0,0,0,0,0,0,0,0,0,0,0,0,2,0,0
56197,0,0,0,0,0,0,0,0,0,0,0,0,0,0,0,2,0,0
56207,0,0,0,0,0,0,0,0,0,0,0,0,0,0,0,2,0,0
56217,0,0,0,0,0,0,0,0,0,0,0,0,0,0,0,2,0,0
56227,0,0,0,0,0,0,0,0,0,0,0,0,0,0,0,2,0,0
56237,0,0,0,0,0,0,0,0,0,0,0,0,0,0,0,2,0,0
56247,0,0,0,0,0,0,0,0,0,0,0,0,0,0,0,2,0,0
56257,0,0,0,0,0,0,0,0,0,0,0,0,0,0,0,2,0,0
56267,0,0,0,0,0,0,0,0,0,0,0,0,0,0,0,2,0,0
56277,0,0,0,0,0,0,0,0,0,0,0,0,0,0,0,2,0,0
56287,0,0,0,0,0,0,0,0,0,0,0,0,0,0,0,2,0,0
56297,0,0,0,0,0,0,0,0,0,0,0,0,0,0,0,2,0,0
56307,0,0,0,0,0,0,0,0,0,0,0,0,0,0,0,2,0,0
56317,0,0,0,0,0,0,0,0,0,0,0,0,0,0,0,2,0,0
56327,0,0,0,0,0,0,0,0,0,0,0,0,0,0,0,2,0,0
56337,0,0,0,0,0,0,0,0,0,0,0,0,0,0,0,2,0,0
56347,0,0,0,0,0,0,0,0,0,0,0,0,0,0,0,2,0,0
56357,0,0,0,0,0,0,0,0,0,0,0,0,0,0,0,2,0,0
56367,0,0,0,0,0,0,0,0,0,0,0,0,0,0,0,2,0,0
56377,0,0,0,0,0,0,0,0,0,0,0,0,0,0,0,2,0,0
56387,0,0,0,0,0,0,0,0,0,0,0,0,0,0,0,2,0,0
56397,0,0,0,0,0,0,0,0,0,0,0,0,0,0,0,2,0,0
56407,0,0,0,0,0,0,0,0,0,0,0,0,0,0,0,2,0,0
56417,0,0,0,0,0,0,0,0,0,0,0,0,0,0,0,2,0,0
56427,0,0,0,0,0,0,0,0,0,0,0,0,0,0,0,2,0,0
56437,0,0,0,0,0,0,0,0,0,0,0,0,0,0,0,2,0,0
56448,0,0,0,0,0,0,0,0,0,0,0,0,0,0,0,2,0,0
56458,0,0,0,0,0,0,0,0,0,0,0,0,0,0,0,2,0,0
56468,0,0,0,0,0,0,0,0,0,0,0,0,0,0,0,2,0,0
56478,0,0,0,0,0,0,0,0,0,0,0,0,0,0,0,2,0,0
56488,0,0,0,0,0,0,0,0,0,0,0,0,0,0,0,2,0,0
56498,0,0,0,0,0,0,0,0,0,0,0,0,0,0,0,2,0,0
56508,0,0,0,0,0,0,0,0,0,0,0,0,0,0,0,2,0,0
56518,0,0,0,0,0,0,0,0,0,0,0,0,0,0,0,2,0,0
56528,0,0,0,0,0,0,0,0,0,0,0,0,0,0,0,2,0,0
56538,0,0,0,0,0,0,0,0,0,0,0,0,0,0,0,2,0,0
56548,0,0,0,0,0,0,0,0,0,0,0,0,0,0,0,2,0,0
56558,0,0,0,0,0,0,0,0,0,0,0,0,0,0,0,2,0,0
56568,0,0,0,0,0,0,0,0,0,0,0,0,0,0,0,2,0,0
56578,0,0,0,0,0,0,0,0,0,0,0,0,0,0,0,2,0,0
56588,0,0,0,0,0,0,0,0,0,0,0,0,0,0,0,2,0,0
56598,0,0,0,0,0,0,0,0,0,0,0,0,0,0,0,2,0,0
56608,0,0,0,0,0,0,0,0,0,0,0,0,0,0,0,2,0,0
56618,0,0,0,0,0,0,0,0,0,0,0,0,0,0,0,2,0,0
56628,0,0,0,0,0,0,0,0,0,0,0,0,0,0,0,2,0,0
56638,0,0,0,0,0,0,0,0,0,0,0,0,0,0,0,2,0,0
56648,0,0,0,0,0,0,0,0,0,0,0,0,0,0,0,2,0,0
56658,0,0,0,0,0,0,0,0,0,0,0,0,0,0,0,2,0,0
56668,0,0,0,0,0,0,0,0,0,0,0,0,0,0,0,2,0,0
56678,0,0,0,0,0,0,0,0,0,0,0,0,0,0,0,2,0,0
56688,0,0,0,0,0,0,0,0,0,0,0,0,0,0,0,2,0,0
56698,0,0,0,0,0,0,0,0,0,0,0,0,0,0,0,2,0,0
56708,0,0,0,0,0,0,0,0,0,0,0,0,0,0,0,2,0,0
56718,0,0,0,0,0,0,0,0,0,0,0,0,0,0,0,2,0,0
56728,0,0,0,0,0,0,0,0,0,0,0,0,0,0,0,2,0,0
56738,0,0,0,0,0,0,0,0,0,0,0,0,0,0,0,2,0,0
56748,0,0,0,0,0,0,0,0,0,0,0,0,0,0,0,2,0,0
56758,0,0,0,0,0,0,0,0,0,0,0,0,0,0,0,2,0,0
56768,0,0,0,0,0,0,0,0,0,0,0,0,0,0,0,2,0,0
56778,0,0,0,0,0,0,0,0,0,0,0,0,0,0,0,2,0,0
56788,0,0,0,0,0,0,0,0,0,0,0,0,0,0,0,2,0,0
56798,0,0,0,0,0,0,0,0,0,0,0,0,0,0,0,2,0,0
56808,0,0,0,0,0,0,0,0,0,0,0,0,0,0,0,2,0,0
56818,0,0,0,0,0,0,0,0,0,0,0,0,0,0,0,2,0,0
56828,0,0,0,0,0,0,0,0,0,0,0,0,0,0,0,2,0,0
56838,0,0,0,0,0,0,0,0,0,0,0,0,0,0,0,2,0,0
56848,0,0,0,0,0,0,0,0,0,0,0,0,0,0,0,2,0,0
56858,0,0,0,0,0,0,0,0,0,0,0,0,0,0,0,2,0,0
56868,0,0,0,0,0,0,0,0,0,0,0,0,0,0,0,2,0,0
56878,0,0,0,0,0,0,0,0,0,0,0,0,0,0,0,2,0,0
56888,0,0,0,0,0,0,0,0,0,0,0,0,0,0,0,2,0,0
56898,0,0,0,0,0,0,0,0,0,0,0,0,0,0,0,2,0,0
56908,0,0,0,0,0,0,0,0,0,0,0,0,0,0,0,2,0,0
56918,0,0,0,0,0,0,0,0,0,0,0,0,0,0,0,2,0,0
56928,0,0,0,0,0,0,0,0,0,0,0,0,0,0,0,2,0,0
56938,0,0,0,0,0,0,0,0,0,0,0,0,0,0,0,2,0,0
56948,0,0,0,0,0,0,0,0,0,0,0,0,0,0,0,2,0,0
56958,0,0,0,0,0,0,0,0,0,0,0,0,0,0,0,2,0,0
56968,0,0,0,0,0,0,0,0,0,0,0,0,0,0,0,2,0,0
56978,0,0,0,0,0,0,0,0,0,0,0,0,0,0,0,2,0,0
56988,0,0,0,0,0,0,0,0,0,0,0,0,0,0,0,2,0,0
56998,0,0,0,0,0,0,0,0,0,0,0,0,0,0,0,2,0,0
57008,0,0,0,0,0,0,0,0,0,0,0,0,0,0,0,2,0,0
57018,0,0,0,0,0,0,0,0,0,0,0,0,0,0,0,2,0,0
57028,0,0,0,0,0,0,0,0,0,0,0,0,0,0,0,2,0,0
57038,0,0,0,0,0,0,0,0,0,0,0,0,0,0,0,2,0,0
57048,0,0,0,0,0,0,0,0,0,0,0,0,0,0,0,2,0,0
57058,0,0,0,0,0,0,0,0,0,0,0,0,0,0,0,2,0,0
57068,0,0,0,0,0,0,0,0,0,0,0,0,0,0,0,2,0,0
57078,0,0,0,0,0,0,0,0,0,0,0,0,0,0,0,2,0,0
57088,0,0,0,0,0,0,0,0,0,0,0,0,0,0,0,2,0,0
57098,0,0,0,0,0,0,0,0,0,0,0,0,0,0,0,2,0,0
57108,0,0,0,0,0,0,0,0,0,0,0,0,0,0,0,2,0,0
57118,0,0,0,0,0,0,0,0,0,0,0,0,0,0,0,2,0,0
57128,0,0,0,0,0,0,0,0,0,0,0,0,0,0,0,2,0,0
57138,0,0,0,0,0,0,0,0,0,0,0,0,0,0,0,2,0,0
57148,0,0,0,0,0,0,0,0,0,0,0,0,0,0,0,2,0,0
57158,0,0,0,0,0,0,0,0,0,0,0,0,0,0,0,2,0,0
57168,0,0,0,0,0,0,0,0,0,0,0,0,0,0,0,2,0,0
57178,0,0,0,0,0,0,0,0,0,0,0,0,0,0,0,2,0,0
57188,0,0,0,0,0,0,0,0,0,0,0,0,0,0,0,2,0,0
57198,0,0,0,0,0,0,0,0,0,0,0,0,0,0,0,2,0,0
57208,0,0,0,0,0,0,0,0,0,0,0,0,0,0,0,2,0,0
57218,0,0,0,0,0,0,0,0,0,0,0,0,0,0,0,2,0,0
57228,0,0,0,0,0,0,0,0,0,0,0,0,0,0,0,2,0,0
57238,0,0,0,0,0,0,0,0,0,0,0,0,0,0,0,2,0,0
57248,0,0,0,0,0,0,0,0,0,0,0,0,0,0,0,2,0,0
57258,0,0,0,0,0,0,0,0,0,0,0,0,0,0,0,2,0,0
57268,0,0,0,0,0,0,0,0,0,0,0,0,0,0,0,2,0,0
57278,0,0,0,0,0,0,0,0,0,0,0,0,0,0,0,2,0,0
57288,0,0,0,0,0,0,0,0,0,0,0,0,0,0,0,2,0,0
57298,0,0,0,0,0,0,0,0,0,0,0,0,0,0,0,2,0,0
57308,0,0,0,0,0,0,0,0,0,0,0,0,0,0,0,2,0,0
57318,0,0,0,0,0,0,0,0,0,0,0,0,0,0,0,2,0,0
57328,0,0,0,0,0,0,0,0,0,0,0,0,0,0,0,2,0,0
57338,0,0,0,0,0,0,0,0,0,0,0,0,0,0,0,2,0,0
57348,0,0,0,0,0,0,0,0,0,0,0,0,0,0,0,2,0,0
57358,0,0,0,0,0,0,0,0,0,0,0,0,0,0,0,2,0,0
57368,0,0,0,0,0,0,0,0,0,0,0,0,0,0,0,2,0,0
57378,0,0,0,0,0,0,0,0,0,0,0,0,0,0,0,2,0,0
57388,0,0,0,0,0,0,0,0,0,0,0,0,0,0,0,2,0,0
57398,0,0,0,0,0,0,0,0,0,0,0,0,0,0,0,2,0,0
57408,0,0,0,0,0,0,0,0,0,0,0,0,0,0,0,2,0,0
57418,0,0,0,0,0,0,0,0,0,0,0,0,0,0,0,2,0,0
57428,0,0,0,0,0,0,0,0,0,0,0,0,0,0,0,2,0,0
57438,0,0,0,0,0,0,0,0,0,0,0,0,0,0,0,2,0,0
57448,0,0,0,0,0,0,0,0,0,0,0,0,0,0,0,2,0,0
57458,0,0,0,0,0,0,0,0,0,0,0,0,0,0,0,2,0,0
57468,0,0,0,0,0,0,0,0,0,0,0,0,0,0,0,2,0,0
57478,0,0,0,0,0,0,0,0,0,0,0,0,0,0,0,2,0,0
57488,0,0,0,0,0,0,0,0,0,0,0,0,0,0,0,2,0,0
57498,0,0,0,0,0,0,0,0,0,0,0,0,0,0,0,2,0,0
57508,0,0,0,0,0,0,0,0,0,0,0,0,0,0,0,2,0,0
57518,0,0,0,0,0,0,0,0,0,0,0,0,0,0,0,2,0,0
57528,0,0,0,0,0,0,0,0,0,0,0,0,0,0,0,2,0,0
57538,0,0,0,0,0,0,0,0,0,0,0,0,0,0,0,2,0,0
57548,0,0,0,0,0,0,0,0,0,0,0,0,0,0,0,2,0,0
57558,0,0,0,0,0,0,0,0,0,0,0,0,0,0,0,2,0,0
57568,0,0,0,0,0,0,0,0,0,0,0,0,0,0,0,2,0,0
57578,0,0,0,0,0,0,0,0,0,0,0,0,0,0,0,2,0,0
57588,0,0,0,0,0,0,0,0,0,0,0,0,0,0,0,2,0,0
57598,0,0,0,0,0,0,0,0,0,0,0,0,0,0,0,2,0,0
57608,0,0,0,0,0,0,0,0,0,0,0,0,0,0,0,2,0,0
57618,0,0,0,0,0,0,0,0,0,0,0,0,0,0,0,2,0,0
57628,0,0,0,0,0,0,0,0,0,0,0,0,0,0,0,2,0,0
57638,0,0,0,0,0,0,0,0,0,0,0,0,0,0,0,2,0,0
57648,0,0,0,0,0,0,0,0,0,0,0,0,0,0,0,2,0,0
57658,0,0,0,0,0,0,0,0,0,0,0,0,0,0,0,2,0,0
57668,0,0,0,0,0,0,0,0,0,0,0,0,0,0,0,2,0,0
57678,0,0,0,0,0,0,0,0,0,0,0,0,0,0,0,2,0,0
57688,0,0,0,0,0,0,0,0,0,0,0,0,0,0,0,2,0,0
57698,0,0,0,0,0,0,0,0,0,0,0,0,0,0,0,2,0,0
57708,0,0,0,0,0,0,0,0,0,0,0,0,0,0,0,2,0,0
57718,0,0,0,0,0,0,0,0,0,0,0,0,0,0,0,2,0,0
57728,0,0,0,0,0,0,0,0,0,0,0,0,0,0,0,2,0,0
57738,0,0,0,0,0,0,0,0,0,0,0,0,0,0,0,2,0,0
57748,0,0,0,0,0,0,0,0,0,0,0,0,0,0,0,2,0,0
57758,0,0,0,0,0,0,0,0,0,0,0,0,0,0,0,2,0,0
57768,0,0,0,0,0,0,0,0,0,0,0,0,0,0,0,2,0,0
57778,0,0,0,0,0,0,0,0,0,0,0,0,0,0,0,2,0,0
57788,0,0,0,0,0,0,0,0,0,0,0,0,0,0,0,2,0,0
57798,0,0,0,0,0,0,0,0,0,0,0,0,0,0,0,2,0,0
57808,0,0,0,0,0,0,0,0,0,0,0,0,0,0,0,2,0,0
57818,0,0,0,0,0,0,0,0,0,0,0,0,0,0,0,2,0,0
57828,0,0,0,0,0,0,0,0,0,0,0,0,0,0,0,2,0,0
57838,0,0,0,0,0,0,0,0,0,0,0,0,0,0,0,2,0,0
57848,0,0,0,0,0,0,0,0,0,0,0,0,0,0,0,2,0,0
57858,0,0,0,0,0,0,0,0,0,0,0,0,0,0,0,2,0,0
57868,0,0,0,0,0,0,0,0,0,0,0,0,0,0,0,2,0,0
57878,0,0,0,0,0,0,0,0,0,0,0,0,0,0,0,2,0,0
57888,0,0,0,0,0,0,0,0,0,0,0,0,0,0,0,2,0,0
57898,0,0,0,0,0,0,0,0,0,0,0,0,0,0,0,2,0,0
57908,0,0,0,0,0,0,0,0,0,0,0,0,0,0,0,2,0,0
57918,0,0,0,0,0,0,0,0,0,0,0,0,0,0,0,2,0,0
57928,0,0,0,0,0,0,0,0,0,0,0,0,0,0,0,2,0,0
57938,0,0,0,0,0,0,0,0,0,0,0,0,0,0,0,2,0,0
57948,0,0,0,0,0,0,0,0,0,0,0,0,0,0,0,2,0,0
57958,0,0,0,0,0,0,0,0,0,0,0,0,0,0,0,2,0,0
57968,0,0,0,0,0,0,0,0,0,0,0,0,0,0,0,2,0,0
57978,0,0,0,0,0,0,0,0,0,0,0,0,0,0,0,2,0,0
57988,0,0,0,0,0,0,0,0,0,0,0,0,0,0,0,2,0,0
57998,0,0,0,0,0,0,0,0,0,0,0,0,0,0,0,2,0,0
58008,0,0,0,0,0,0,0,0,0,0,0,0,0,0,0,2,0,0
58018,0,0,0,0,0,0,0,0,0,0,0,0,0,0,0,2,0,0
58028,0,0,0,0,0,0,0,0,0,0,0,0,0,0,0,2,0,0
58038,0,0,0,0,0,0,0,0,0,0,0,0,0,0,0,2,0,0
58048,0,0,0,0,0,0,0,0,0,0,0,0,0,0,0,2,0,0
58058,0,0,0,0,0,0,0,0,0,0,0,0,0,0,0,2,0,0
58068,0,0,0,0,0,0,0,0,0,0,0,0,0,0,0,2,0,0
58078,0,0,0,0,0,0,0,0,0,0,0,0,0,0,0,2,0,0
58088,0,0,0,0,0,0,0,0,0,0,0,0,0,0,0,2,0,0
58098,0,0,0,0,0,0,0,0,0,0,0,0,0,0,0,2,0,0
58108,0,0,0,0,0,0,0,0,0,0,0,0,0,0,0,2,0,0
58118,0,0,0,0,0,0,0,0,0,0,0,0,0,0,0,2,0,0
58128,0,0,0,0,0,0,0,0,0,0,0,0,0,0,0,2,0,0
58138,0,0,0,0,0,0,0,0,0,0,0,0,0,0,0,2,0,0
58148,0,0,0,0,0,0,0,0,0,0,0,0,0,0,0,2,0,0
58158,0,0,0,0,0,0,0,0,0,0,0,0,0,0,0,2,0,0
58168,0,0,0,0,0,0,0,0,0,0,0,0,0,0,0,2,0,0
58178,0,0,0,0,0,0,0,0,0,0,0,0,0,0,0,2,0,0
58188,0,0,0,0,0,0,0,0,0,0,0,0,0,0,0,2,0,0
58198,0,0,0,0,0,0,0,0,0,0,0,0,0,0,0,2,0,0
58208,0,0,0,0,0,0,0,0,0,0,0,0,0,0,0,2,0,0
58218,0,0,0,0,0,0,0,0,0,0,0,0,0,0,0,2,0,0
58228,0,0,0,0,0,0,0,0,0,0,0,0,0,0,0,2,0,0
58238,0,0,0,0,0,0,0,0,0,0,0,0,0,0,0,2,0,0
58248,0,0,0,0,0,0,0,0,0,0,0,0,0,0,0,2,0,0
58258,0,0,0,0,0,0,0,0,0,0,0,0,0,0,0,2,0,0
58268,0,0,0,0,0,0,0,0,0,0,0,0,0,0,0,2,0,0
58278,0,0,0,0,0,0,0,0,0,0,0,0,0,0,0,2,0,0
58288,0,0,0,0,0,0,0,0,0,0,0,0,0,0,0,2,0,0
58298,0,0,0,0,0,0,0,0,0,0,0,0,0,0,0,2,0,0
58308,0,0,0,0,0,0,0,0,0,0,0,0,0,0,0,2,0,0
58318,0,0,0,0,0,0,0,0,0,0,0,0,0,0,0,2,0,0
58328,0,0,0,0,0,0,0,0,0,0,0,0,0,0,0,2,0,0
58338,0,0,0,0,0,0,0,0,0,0,0,0,0,0,0,2,0,0
58348,0,0,0,0,0,0,0,0,0,0,0,0,0,0,0,2,0,0
58358,0,0,0,0,0,0,0,0,0,0,0,0,0,0,0,2,0,0
58368,0,0,0,0,0,0,0,0,0,0,0,0,0,0,0,2,0,0
58378,0,0,0,0,0,0,0,0,0,0,0,0,0,0,0,2,0,0
58388,0,0,0,0,0,0,0,0,0,0,0,0,0,0,0,2,0,0
58398,0,0,0,0,0,0,0,0,0,0,0,0,0,0,0,2,0,0
58408,0,0,0,0,0,0,0,0,0,0,0,0,0,0,0,2,0,0
58418,0,0,0,0,0,0,0,0,0,0,0,0,0,0,0,2,0,0
58428,0,0,0,0,0,0,0,0,0,0,0,0,0,0,0,2,0,0
58438,0,0,0,0,0,0,0,0,0,0,0,0,0,0,0,2,0,0
58448,0,0,0,0,0,0,0,0,0,0,0,0,0,0,0,2,0,0
58458,0,0,0,0,0,0,0,0,0,0,0,0,0,0,0,2,0,0
58468,0,0,0,0,0,0,0,0,0,0,0,0,0,0,0,2,0,0
58478,0,0,0,0,0,0,0,0,0,0,0,0,0,0,0,2,0,0
58488,0,0,0,0,0,0,0,0,0,0,0,0,0,0,0,2,0,0
58498,0,0,0,0,0,0,0,0,0,0,0,0,0,0,0,2,0,0
58508,0,0,0,0,0,0,0,0,0,0,0,0,0,0,0,2,0,0
58518,0,0,0,0,0,0,0,0,0,0,0,0,0,0,0,2,0,0
58528,0,0,0,0,0,0,0,0,0,0,0,0,0,0,0,2,0,0
58538,0,0,0,0,0,0,0,0,0,0,0,0,0,0,0,2,0,0
58548,0,0,0,0,0,0,0,0,0,0,0,0,0,0,0,2,0,0
58558,0,0,0,0,0,0,0,0,0,0,0,0,0,0,0,2,0,0
58568,0,0,0,0,0,0,0,0,0,0,0,0,0,0,0,2,0,0
58578,0,0,0,0,0,0,0,0,0,0,0,0,0,0,0,2,0,0
58588,0,0,0,0,0,0,0,0,0,0,0,0,0,0,0,2,0,0
58598,0,0,0,0,0,0,0,0,0,0,0,0,0,0,0,2,0,0
58608,0,0,0,0,0,0,0,0,0,0,0,0,0,0,0,2,0,0
58618,0,0,0,0,0,0,0,0,0,0,0,0,0,0,0,2,0,0
58628,0,0,0,0,0,0,0,0,0,0,0,0,0,0,0,2,0,0
58638,0,0,0,0,0,0,0,0,0,0,0,0,0,0,0,2,0,0
58648,0,0,0,0,0,0,0,0,0,0,0,0,0,0,0,2,0,0
58658,0,0,0,0,0,0,0,0,0,0,0,0,0,0,0,2,0,0
58668,0,0,0,0,0,0,0,0,0,0,0,0,0,0,0,2,0,0
58678,0,0,0,0,0,0,0,0,0,0,0,0,0,0,0,2,0,0
58688,0,0,0,0,0,0,0,0,0,0,0,0,0,0,0,2,0,0
58698,0,0,0,0,0,0,0,0,0,0,0,0,0,0,0,2,0,0
58708,0,0,0,0,0,0,0,0,0,0,0,0,0,0,0,2,0,0
58718,0,0,0,0,0,0,0,0,0,0,0,0,0,0,0,2,0,0
58728,0,0,0,0,0,0,0,0,0,0,0,0,0,0,0,2,0,0
58738,0,0,0,0,0,0,0,0,0,0,0,0,0,0,0,2,0,0
58748,0,0,0,0,0,0,0,0,0,0,0,0,0,0,0,2,0,0
58758,0,0,0,0,0,0,0,0,0,0,0,0,0,0,0,2,0,0
58768,0,0,0,0,0,0,0,0,0,0,0,0,0,0,0,2,0,0
58778,0,0,0,0,0,0,0,0,0,0,0,0,0,0,0,2,0,0
58788,0,0,0,0,0,0,0,0,0,0,0,0,0,0,0,2,0,0
58798,0,0,0,0,0,0,0,0,0,0,0,0,0,0,0,2,0,0
58808,0,0,0,0,0,0,0,0,0,0,0,0,0,0,0,2,0,0
58818,0,0,0,0,0,0,0,0,0,0,0,0,0,0,0,2,0,0
58828,0,0,0,0,0,0,0,0,0,0,0,0,0,0,0,2,0,0
58838,0,0,0,0,0,0,0,0,0,0,0,0,0,0,0,2,0,0
58848,0,0,0,0,0,0,0,0,0,0,0,0,0,0,0,2,0,0
58858,0,0,0,0,0,0,0,0,0,0,0,0,0,0,0,2,0,0
58868,0,0,0,0,0,0,0,0,0,0,0,0,0,0,0,2,0,0
58878,0,0,0,0,0,0,0,0,0,0,0,0,0,0,0,2,0,0
58888,0,0,0,0,0,0,0,0,0,0,0,0,0,0,0,2,0,0
58898,0,0,0,0,0,0,0,0,0,0,0,0,0,0,0,2,0,0
58908,0,0,0,0,0,0,0,0,0,0,0,0,0,0,0,2,0,0
58918,0,0,0,0,0,0,0,0,0,0,0,0,0,0,0,2,0,0
58928,0,0,0,0,0,0,0,0,0,0,0,0,0,0,0,2,0,0
58938,0,0,0,0,0,0,0,0,0,0,0,0,0,0,0,2,0,0
58948,0,0,0,0,0,0,0,0,0,0,0,0,0,0,0,2,0,0
58958,0,0,0,0,0,0,0,0,0,0,0,0,0,0,0,2,0,0
58968,0,0,0,0,0,0,0,0,0,0,0,0,0,0,0,2,0,0
58978,0,0,0,0,0,0,0,0,0,0,0,0,0,0,0,2,0,0
58988,0,0,0,0,0,0,0,0,0,0,0,0,0,0,0,2,0,0
58998,0,0,0,0,0,0,0,0,0,0,0,0,0,0,0,2,0,0
59008,0,0,0,0,0,0,0,0,0,0,0,0,0,0,0,2,0,0
59018,0,0,0,0,0,0,0,0,0,0,0,0,0,0,0,2,0,0
59028,0,0,0,0,0,0,0,0,0,0,0,0,0,0,0,2,0,0
59038,0,0,0,0,0,0,0,0,0,0,0,0,0,0,0,2,0,0
59048,0,0,0,0,0,0,0,0,0,0,0,0,0,0,0,2,0,0
59058,0,0,0,0,0,0,0,0,0,0,0,0,0,0,0,2,0,0
59068,0,0,0,0,0,0,0,0,0,0,0,0,0,0,0,2,0,0
59078,0,0,0,0,0,0,0,0,0,0,0,0,0,0,0,2,0,0
59088,0,0,0,0,0,0,0,0,0,0,0,0,0,0,0,2,0,0
59098,0,0,0,0,0,0,0,0,0,0,0,0,0,0,0,2,0,0
59108,0,0,0,0,0,0,0,0,0,0,0,0,0,0,0,2,0,0
59118,0,0,0,0,0,0,0,0,0,0,0,0,0,0,0,2,0,0
59128,0,0,0,0,0,0,0,0,0,0,0,0,0,0,0,2,0,0
59138,0,0,0,0,0,0,0,0,0,0,0,0,0,0,0,2,0,0
59148,0,0,0,0,0,0,0,0,0,0,0,0,0,0,0,2,0,0
59158,0,0,0,0,0,0,0,0,0,0,0,0,0,0,0,2,0,0
59168,0,0,0,0,0,0,0,0,0,0,0,0,0,0,0,2,0,0
59178,0,0,0,0,0,0,0,0,0,0,0,0,0,0,0,2,0,0
59188,0,0,0,0,0,0,0,0,0,0,0,0,0,0,0,2,0,0
59198,0,0,0,0,0,0,0,0,0,0,0,0,0,0,0,2,0,0
59208,0,0,0,0,0,0,0,0,0,0,0,0,0,0,0,2,0,0
59218,0,0,0,0,0,0,0,0,0,0,0,0,0,0,0,2,0,0
59228,0,0,0,0,0,0,0,0,0,0,0,0,0,0,0,2,0,0
59238,0,0,0,0,0,0,0,0,0,0,0,0,0,0,0,2,0,0
59248,0,0,0,0,0,0,0,0,0,0,0,0,0,0,0,2,0,0
59258,0,0,0,0,0,0,0,0,0,0,0,0,0,0,0,2,0,0
59268,0,0,0,0,0,0,0,0,0,0,0,0,0,0,0,2,0,0
59278,0,0,0,0,0,0,0,0,0,0,0,0,0,0,0,2,0,0
59288,0,0,0,0,0,0,0,0,0,0,0,0,0,0,0,2,0,0
59298,0,0,0,0,0,0,0,0,0,0,0,0,0,0,0,2,0,0
59308,0,0,0,0,0,0,0,0,0,0,0,0,0,0,0,2,0,0
59318,0,0,0,0,0,0,0,0,0,0,0,0,0,0,0,2,0,0
59328,0,0,0,0,0,0,0,0,0,0,0,0,0,0,0,2,0,0
59338,0,0,0,0,0,0,0,0,0,0,0,0,0,0,0,2,0,0
59348,0,0,0,0,0,0,0,0,0,0,0,0,0,0,0,2,0,0
59358,0,0,0,0,0,0,0,0,0,0,0,0,0,0,0,2,0,0
59368,0,0,0,0,0,0,0,0,0,0,0,0,0,0,0,2,0,0
59378,0,0,0,0,0,0,0,0,0,0,0,0,0,0,0,2,0,0
59388,0,0,0,0,0,0,0,0,0,0,0,0,0,0,0,2,0,0
59398,0,0,0,0,0,0,0,0,0,0,0,0,0,0,0,2,0,0
59408,0,0,0,0,0,0,0,0,0,0,0,0,0,0,0,2,0,0
59418,0,0,0,0,0,0,0,0,0,0,0,0,0,0,0,2,0,0
59428,0,0,0,0,0,0,0,0,0,0,0,0,0,0,0,2,0,0
59438,0,0,0,0,0,0,0,0,0,0,0,0,0,0,0,2,0,0
59448,0,0,0,0,0,0,0,0,0,0,0,0,0,0,0,2,0,0
59458,0,0,0,0,0,0,0,0,0,0,0,0,0,0,0,2,0,0
59468,0,0,0,0,0,0,0,0,0,0,0,0,0,0,0,2,0,0
59478,0,0,0,0,0,0,0,0,0,0,0,0,0,0,0,2,0,0
59488,0,0,0,0,0,0,0,0,0,0,0,0,0,0,0,2,0,0
59498,0,0,0,0,0,0,0,0,0,0,0,0,0,0,0,2,0,0
59508,0,0,0,0,0,0,0,0,0,0,0,0,0,0,0,2,0,0
59518,0,0,0,0,0,0,0,0,0,0,0,0,0,0,0,2,0,0
59528,0,0,0,0,0,0,0,0,0,0,0,0,0,0,0,2,0,0
59538,0,0,0,0,0,0,0,0,0,0,0,0,0,0,0,2,0,0
59548,0,0,0,0,0,0,0,0,0,0,0,0,0,0,0,2,0,0
59558,0,0,0,0,0,0,0,0,0,0,0,0,0,0,0,2,0,0
59568,0,0,0,0,0,0,0,0,0,0,0,0,0,0,0,2,0,0
59578,0,0,0,0,0,0,0,0,0,0,0,0,0,0,0,2,0,0
59588,0,0,0,0,0,0,0,0,0,0,0,0,0,0,0,2,0,0
59598,0,0,0,0,0,0,0,0,0,0,0,0,0,0,0,2,0,0
59608,0,0,0,0,0,0,0,0,0,0,0,0,0,0,0,2,0,0
59618,0,0,0,0,0,0,0,0,0,0,0,0,0,0,0,2,0,0
59628,0,0,0,0,0,0,0,0,0,0,0,0,0,0,0,2,0,0
59638,0,0,0,0,0,0,0,0,0,0,0,0,0,0,0,2,0,0
59648,0,0,0,0,0,0,0,0,0,0,0,0,0,0,0,2,0,0
59658,0,0,0,0,0,0,0,0,0,0,0,0,0,0,0,2,0,0
59668,0,0,0,0,0,0,0,0,0,0,0,0,0,0,0,2,0,0
59678,0,0,0,0,0,0,0,0,0,0,0,0,0,0,0,2,0,0
59688,0,0,0,0,0,0,0,0,0,0,0,0,0,0,0,2,0,0
59698,0,0,0,0,0,0,0,0,0,0,0,0,0,0,0,2,0,0
59708,0,0,0,0,0,0,0,0,0,0,0,0,0,0,0,2,0,0
59718,0,0,0,0,0,0,0,0,0,0,0,0,0,0,0,2,0,0
59728,0,0,0,0,0,0,0,0,0,0,0,0,0,0,0,2,0,0
59738,0,0,0,0,0,0,0,0,0,0,0,0,0,0,0,2,0,0
59748,0,0,0,0,0,0,0,0,0,0,0,0,0,0,0,2,0,0
59758,0,0,0,0,0,0,0,0,0,0,0,0,0,0,0,2,0,0
59768,0,0,0,0,0,0,0,0,0,0,0,0,0,0,0,2,0,0
59778,0,0,0,0,0,0,0,0,0,0,0,0,0,0,0,2,0,0
59788,0,0,0,0,0,0,0,0,0,0,0,0,0,0,0,2,0,0
59798,0,0,0,0,0,0,0,0,0,0,0,0,0,0,0,2,0,0
59808,0,0,0,0,0,0,0,0,0,0,0,0,0,0,0,2,0,0
59818,0,0,0,0,0,0,0,0,0,0,0,0,0,0,0,2,0,0
59828,0,0,0,0,0,0,0,0,0,0,0,0,0,0,0,2,0,0
59838,0,0,0,0,0,0,0,0,0,0,0,0,0,0,0,2,0,0
59848,0,0,0,0,0,0,0,0,0,0,0,0,0,0,0,2,0,0
59858,0,0,0,0,0,0,0,0,0,0,0,0,0,0,0,2,0,0
59868,0,0,0,0,0,0,0,0,0,0,0,0,0,0,0,2,0,0
59878,0,0,0,0,0,0,0,0,0,0,0,0,0,0,0,2,0,0
59888,0,0,0,0,0,0,0,0,0,0,0,0,0,0,0,2,0,0
59898,0,0,0,0,0,0,0,0,0,0,0,0,0,0,0,2,0,0
59908,0,0,0,0,0,0,0,0,0,0,0,0,0,0,0,2,0,0
59918,0,0,0,0,0,0,0,0,0,0,0,0,0,0,0,2,0,0
59928,0,0,0,0,0,0,0,0,0,0,0,0,0,0,0,2,0,0
59938,0,0,0,0,0,0,0,0,0,0,0,0,0,0,0,2,0,0
59948,0,0,0,0,0,0,0,0,0,0,0,0,0,0,0,2,0,0
59958,0,0,0,0,0,0,0,0,0,0,0,0,0,0,0,2,0,0
59968,0,0,0,0,0,0,0,0,0,0,0,0,0,0,0,2,0,0
59978,0,0,0,0,0,0,0,0,0,0,0,0,0,0,0,2,0,0
59988,0,0,0,0,0,0,0,0,0,0,0,0,0,0,0,2,0,0
59998,0,0,0,0,0,0,0,0,0,0,0,0,0,0,0,2,0,0
60008,0,0,0,0,0,0,0,0,0,0,0,0,0,0,0,2,0,0
60018,0,0,0,0,0,0,0,0,0,0,0,0,0,0,0,2,0,0
60028,0,0,0,0,0,0,0,0,0,0,0,0,0,0,0,2,0,0
60038,0,0,0,0,0,0,0,0,0,0,0,0,0,0,0,2,0,0
60048,0,0,0,0,0,0,0,0,0,0,0,0,0,0,0,2,0,0
60058,0,0,0,0,0,0,0,0,0,0,0,0,0,0,0,2,0,0
60068,0,0,0,0,0,0,0,0,0,0,0,0,0,0,0,2,0,0
60078,0,0,0,0,0,0,0,0,0,0,0,0,0,0,0,2,0,0
60088,0,0,0,0,0,0,0,0,0,0,0,0,0,0,0,2,0,0
60098,0,0,0,0,0,0,0,0,0,0,0,0,0,0,0,2,0,0
60108,0,0,0,0,0,0,0,0,0,0,0,0,0,0,0,2,0,0
60118,0,0,0,0,0,0,0,0,0,0,0,0,0,0,0,2,0,0
60128,0,0,0,0,0,0,0,0,0,0,0,0,0,0,0,2,0,0
60138,0,0,0,0,0,0,0,0,0,0,0,0,0,0,0,2,0,0
60148,0,0,0,0,0,0,0,0,0,0,0,0,0,0,0,2,0,0
60158,0,0,0,0,0,0,0,0,0,0,0,0,0,0,0,2,0,0
60168,0,0,0,0,0,0,0,0,0,0,0,0,0,0,0,2,0,0
60178,0,0,0,0,0,0,0,0,0,0,0,0,0,0,0,2,0,0
60188,0,0,0,0,0,0,0,0,0,0,0,0,0,0,0,2,0,0
60198,0,0,0,0,0,0,0,0,0,0,0,0,0,0,0,2,0,0
60208,0,0,0,0,0,0,0,0,0,0,0,0,0,0,0,2,0,0
60218,0,0,0,0,0,0,0,0,0,0,0,0,0,0,0,2,0,0
60228,0,0,0,0,0,0,0,0,0,0,0,0,0,0,0,2,0,0
60238,0,0,0,0,0,0,0,0,0,0,0,0,0,0,0,2,0,0
60248,0,0,0,0,0,0,0,0,0,0,0,0,0,0,0,2,0,0
60258,0,0,0,0,0,0,0,0,0,0,0,0,0,0,0,2,0,0
60268,0,0,0,0,0,0,0,0,0,0,0,0,0,0,0,2,0,0
60278,0,0,0,0,0,0,0,0,0,0,0,0,0,0,0,2,0,0
60288,0,0,0,0,0,0,0,0,0,0,0,0,0,0,0,2,0,0
60298,0,0,0,0,0,0,0,0,0,0,0,0,0,0,0,2,0,0
60308,0,0,0,0,0,0,0,0,0,0,0,0,0,0,0,2,0,0
60318,0,0,0,0,0,0,0,0,0,0,0,0,0,0,0,2,0,0
60328,0,0,0,0,0,0,0,0,0,0,0,0,0,0,0,2,0,0
60338,0,0,0,0,0,0,0,0,0,0,0,0,0,0,0,2,0,0
60348,0,0,0,0,0,0,0,0,0,0,0,0,0,0,0,2,0,0
60358,0,0,0,0,0,0,0,0,0,0,0,0,0,0,0,2,0,0
60368,0,0,0,0,0,0,0,0,0,0,0,0,0,0,0,2,0,0
60378,0,0,0,0,0,0,0,0,0,0,0,0,0,0,0,2,0,0
60388,0,0,0,0,0,0,0,0,0,0,0,0,0,0,0,2,0,0
60398,0,0,0,0,0,0,0,0,0,0,0,0,0,0,0,2,0,0
60408,0,0,0,0,0,0,0,0,0,0,0,0,0,0,0,2,0,0
60418,0,0,0,0,0,0,0,0,0,0,0,0,0,0,0,2,0,0
60428,0,0,0,0,0,0,0,0,0,0,0,0,0,0,0,2,0,0
60438,0,0,0,0,0,0,0,0,0,0,0,0,0,0,0,2,0,0
60448,0,0,0,0,0,0,0,0,0,0,0,0,0,0,0,2,0,0
60458,0,0,0,0,0,0,0,0,0,0,0,0,0,0,0,2,0,0
60468,0,0,0,0,0,0,0,0,0,0,0,0,0,0,0,2,0,0
60478,0,0,0,0,0,0,0,0,0,0,0,0,0,0,0,2,0,0
60488,0,0,0,0,0,0,0,0,0,0,0,0,0,0,0,2,0,0
60498,0,0,0,0,0,0,0,0,0,0,0,0,0,0,0,2,0,0
60508,0,0,0,0,0,0,0,0,0,0,0,0,0,0,0,2,0,0
60518,0,0,0,0,0,0,0,0,0,0,0,0,0,0,0,2,0,0
60528,0,0,0,0,0,0,0,0,0,0,0,0,0,0,0,2,0,0
60538,0,0,0,0,0,0,0,0,0,0,0,0,0,0,0,2,0,0
60548,0,0,0,0,0,0,0,0,0,0,0,0,0,0,0,2,0,0
60558,0,0,0,0,0,0,0,0,0,0,0,0,0,0,0,2,0,0
60568,0,0,0,0,0,0,0,0,0,0,0,0,0,0,0,2,0,0
60578,0,0,0,0,0,0,0,0,0,0,0,0,0,0,0,2,0,0
60588,0,0,0,0,0,0,0,0,0,0,0,0,0,0,0,2,0,0
60598,0,0,0,0,0,0,0,0,0,0,0,0,0,0,0,2,0,0
60608,0,0,0,0,0,0,0,0,0,0,0,0,0,0,0,2,0,0
60618,0,0,0,0,0,0,0,0,0,0,0,0,0,0,0,2,0,0
60628,0,0,0,0,0,0,0,0,0,0,0,0,0,0,0,2,0,0
60638,0,0,0,0,0,0,0,0,0,0,0,0,0,0,0,2,0,0
60648,0,0,0,0,0,0,0,0,0,0,0,0,0,0,0,2,0,0
60658,0,0,0,0,0,0,0,0,0,0,0,0,0,0,0,2,0,0
60668,0,0,0,0,0,0,0,0,0,0,0,0,0,0,0,2,0,0
60678,0,0,0,0,0,0,0,0,0,0,0,0,0,0,0,2,0,0
60688,0,0,0,0,0,0,0,0,0,0,0,0,0,0,0,2,0,0
60698,0,0,0,0,0,0,0,0,0,0,0,0,0,0,0,2,0,0
60708,0,0,0,0,0,0,0,0,0,0,0,0,0,0,0,2,0,0
60718,0,0,0,0,0,0,0,0,0,0,0,0,0,0,0,2,0,0
60728,0,0,0,0,0,0,0,0,0,0,0,0,0,0,0,2,0,0
60738,0,0,0,0,0,0,0,0,0,0,0,0,0,0,0,2,0,0
60748,0,0,0,0,0,0,0,0,0,0,0,0,0,0,0,2,0,0
60758,0,0,0,0,0,0,0,0,0,0,0,0,0,0,0,2,0,0
60768,0,0,0,0,0,0,0,0,0,0,0,0,0,0,0,2,0,0
60778,0,0,0,0,0,0,0,0,0,0,0,0,0,0,0,2,0,0
60788,0,0,0,0,0,0,0,0,0,0,0,0,0,0,0,2,0,0
60798,0,0,0,0,0,0,0,0,0,0,0,0,0,0,0,2,0,0
60808,0,0,0,0,0,0,0,0,0,0,0,0,0,0,0,2,0,0
60818,0,0,0,0,0,0,0,0,0,0,0,0,0,0,0,2,0,0
60828,0,0,0,0,0,0,0,0,0,0,0,0,0,0,0,2,0,0
60838,0,0,0,0,0,0,0,0,0,0,0,0,0,0,0,2,0,0
60848,0,0,0,0,0,0,0,0,0,0,0,0,0,0,0,2,0,0
60858,0,0,0,0,0,0,0,0,0,0,0,0,0,0,0,2,0,0
60868,0,0,0,0,0,0,0,0,0,0,0,0,0,0,0,2,0,0
60878,0,0,0,0,0,0,0,0,0,0,0,0,0,0,0,2,0,0
60888,0,0,0,0,0,0,0,0,0,0,0,0,0,0,0,2,0,0
60898,0,0,0,0,0,0,0,0,0,0,0,0,0,0,0,2,0,0
60908,0,0,0,0,0,0,0,0,0,0,0,0,0,0,0,2,0,0
60918,0,0,0,0,0,0,0,0,0,0,0,0,0,0,0,2,0,0
60928,0,0,0,0,0,0,0,0,0,0,0,0,0,0,0,2,0,0
60938,0,0,0,0,0,0,0,0,0,0,0,0,0,0,0,2,0,0
60948,0,0,0,0,0,0,0,0,0,0,0,0,0,0,0,2,0,0
60958,0,0,0,0,0,0,0,0,0,0,0,0,0,0,0,2,0,0
60968,0,0,0,0,0,0,0,0,0,0,0,0,0,0,0,2,0,0
60978,0,0,0,0,0,0,0,0,0,0,0,0,0,0,0,2,0,0
60988,0,0,0,0,0,0,0,0,0,0,0,0,0,0,0,2,0,0
60998,0,0,0,0,0,0,0,0,0,0,0,0,0,0,0,2,0,0
61008,0,0,0,0,0,0,0,0,0,0,0,0,0,0,0,2,0,0
61018,0,0,0,0,0,0,0,0,0,0,0,0,0,0,0,2,0,0
61028,0,0,0,0,0,0,0,0,0,0,0,0,0,0,0,2,0,0
61038,0,0,0,0,0,0,0,0,0,0,0,0,0,0,0,2,0,0
61048,0,0,0,0,0,0,0,0,0,0,0,0,0,0,0,2,0,0
61058,0,0,0,0,0,0,0,0,0,0,0,0,0,0,0,2,0,0
61068,0,0,0,0,0,0,0,0,0,0,0,0,0,0,0,2,0,0
61078,0,0,0,0,0,0,0,0,0,0,0,0,0,0,0,2,0,0
61088,0,0,0,0,0,0,0,0,0,0,0,0,0,0,0,2,0,0
61098,0,0,0,0,0,0,0,0,0,0,0,0,0,0,0,2,0,0
61108,0,0,0,0,0,0,0,0,0,0,0,0,0,0,0,2,0,0
61118,0,0,0,0,0,0,0,0,0,0,0,0,0,0,0,2,0,0
61128,0,0,0,0,0,0,0,0,0,0,0,0,0,0,0,2,0,0
61138,0,0,0,0,0,0,0,0,0,0,0,0,0,0,0,2,0,0
61148,0,0,0,0,0,0,0,0,0,0,0,0,0,0,0,2,0,0
61158,0,0,0,0,0,0,0,0,0,0,0,0,0,0,0,2,0,0
61168,0,0,0,0,0,0,0,0,0,0,0,0,0,0,0,2,0,0
61178,0,0,0,0,0,0,0,0,0,0,0,0,0,0,0,2,0,0
61188,0,0,0,0,0,0,0,0,0,0,0,0,0,0,0,2,0,0
61198,0,0,0,0,0,0,0,0,0,0,0,0,0,0,0,2,0,0
61208,0,0,0,0,0,0,0,0,0,0,0,0,0,0,0,2,0,0
61218,0,0,0,0,0,0,0,0,0,0,0,0,0,0,0,2,0,0
61228,0,0,0,0,0,0,0,0,0,0,0,0,0,0,0,2,0,0
61238,0,0,0,0,0,0,0,0,0,0,0,0,0,0,0,2,0,0
61248,0,0,0,0,0,0,0,0,0,0,0,0,0,0,0,2,0,0
61258,0,0,0,0,0,0,0,0,0,0,0,0,0,0,0,2,0,0
61268,0,0,0,0,0,0,0,0,0,0,0,0,0,0,0,2,0,0
61278,0,0,0,0,0,0,0,0,0,0,0,0,0,0,0,2,0,0
61288,0,0,0,0,0,0,0,0,0,0,0,0,0,0,0,2,0,0
61298,0,0,0,0,0,0,0,0,0,0,0,0,0,0,0,2,0,0
61308,0,0,0,0,0,0,0,0,0,0,0,0,0,0,0,2,0,0
61318,0,0,0,0,0,0,0,0,0,0,0,0,0,0,0,2,0,0
61328,0,0,0,0,0,0,0,0,0,0,0,0,0,0,0,2,0,0
61338,0,0,0,0,0,0,0,0,0,0,0,0,0,0,0,2,0,0
61348,0,0,0,0,0,0,0,0,0,0,0,0,0,0,0,2,0,0
61358,0,0,0,0,0,0,0,0,0,0,0,0,0,0,0,2,0,0
61368,0,0,0,0,0,0,0,0,0,0,0,0,0,0,0,2,0,0
61378,0,0,0,0,0,0,0,0,0,0,0,0,0,0,0,2,0,0
61388,0,0,0,0,0,0,0,0,0,0,0,0,0,0,0,2,0,0
61398,0,0,0,0,0,0,0,0,0,0,0,0,0,0,0,2,0,0
61408,0,0,0,0,0,0,0,0,0,0,0,0,0,0,0,2,0,0
61418,0,0,0,0,0,0,0,0,0,0,0,0,0,0,0,2,0,0
61428,0,0,0,0,0,0,0,0,0,0,0,0,0,0,0,2,0,0
61438,0,0,0,0,0,0,0,0,0,0,0,0,0,0,0,2,0,0
61448,0,0,0,0,0,0,0,0,0,0,0,0,0,0,0,2,0,0
61458,0,0,0,0,0,0,0,0,0,0,0,0,0,0,0,2,0,0
61468,0,0,0,0,0,0,0,0,0,0,0,0,0,0,0,2,0,0
61478,0,0,0,0,0,0,0,0,0,0,0,0,0,0,0,2,0,0
61488,0,0,0,0,0,0,0,0,0,0,0,0,0,0,0,2,0,0
61498,0,0,0,0,0,0,0,0,0,0,0,0,0,0,0,2,0,0
61508,0,0,0,0,0,0,0,0,0,0,0,0,0,0,0,2,0,0
61518,0,0,0,0,0,0,0,0,0,0,0,0,0,0,0,2,0,0
61528,0,0,0,0,0,0,0,0,0,0,0,0,0,0,0,2,0,0
61538,0,0,0,0,0,0,0,0,0,0,0,0,0,0,0,2,0,0
61548,0,0,0,0,0,0,0,0,0,0,0,0,0,0,0,2,0,0
61558,0,0,0,0,0,0,0,0,0,0,0,0,0,0,0,2,0,0
61568,0,0,0,0,0,0,0,0,0,0,0,0,0,0,0,2,0,0
61578,0,0,0,0,0,0,0,0,0,0,0,0,0,0,0,2,0,0
61588,0,0,0,0,0,0,0,0,0,0,0,0,0,0,0,2,0,0
61598,0,0,0,0,0,0,0,0,0,0,0,0,0,0,0,2,0,0
61608,0,0,0,0,0,0,0,0,0,0,0,0,0,0,0,2,0,0
61618,0,0,0,0,0,0,0,0,0,0,0,0,0,0,0,2,0,0
61628,0,0,0,0,0,0,0,0,0,0,0,0,0,0,0,2,0,0
61638,0,0,0,0,0,0,0,0,0,0,0,0,0,0,0,2,0,0
61648,0,0,0,0,0,0,0,0,0,0,0,0,0,0,0,2,0,0
61658,0,0,0,0,0,0,0,0,0,0,0,0,0,0,0,2,0,0
61668,0,0,0,0,0,0,0,0,0,0,0,0,0,0,0,2,0,0
61678,0,0,0,0,0,0,0,0,0,0,0,0,0,0,0,2,0,0
61688,0,0,0,0,0,0,0,0,0,0,0,0,0,0,0,2,0,0
61698,0,0,0,0,0,0,0,0,0,0,0,0,0,0,0,2,0,0
61708,0,0,0,0,0,0,0,0,0,0,0,0,0,0,0,2,0,0
61718,0,0,0,0,0,0,0,0,0,0,0,0,0,0,0,2,0,0
61728,0,0,0,0,0,0,0,0,0,0,0,0,0,0,0,2,0,0
61738,0,0,0,0,0,0,0,0,0,0,0,0,0,0,0,2,0,0
61748,0,0,0,0,0,0,0,0,0,0,0,0,0,0,0,2,0,0
61758,0,0,0,0,0,0,0,0,0,0,0,0,0,0,0,2,0,0
61768,0,0,0,0,0,0,0,0,0,0,0,0,0,0,0,2,0,0
61778,0,0,0,0,0,0,0,0,0,0,0,0,0,0,0,2,0,0
61788,0,0,0,0,0,0,0,0,0,0,0,0,0,0,0,2,0,0
61798,0,0,0,0,0,0,0,0,0,0,0,0,0,0,0,2,0,0
61808,0,0,0,0,0,0,0,0,0,0,0,0,0,0,0,2,0,0
61818,0,0,0,0,0,0,0,0,0,0,0,0,0,0,0,2,0,0
61828,0,0,0,0,0,0,0,0,0,0,0,0,0,0,0,2,0,0
61838,0,0,0,0,0,0,0,0,0,0,0,0,0,0,0,2,0,0
61848,0,0,0,0,0,0,0,0,0,0,0,0,0,0,0,2,0,0
61858,0,0,0,0,0,0,0,0,0,0,0,0,0,0,0,2,0,0
61868,0,0,0,0,0,0,0,0,0,0,0,0,0,0,0,2,0,0
61878,0,0,0,0,0,0,0,0,0,0,0,0,0,0,0,2,0,0
61888,0,0,0,0,0,0,0,0,0,0,0,0,0,0,0,2,0,0
61898,0,0,0,0,0,0,0,0,0,0,0,0,0,0,0,2,0,0
61908,0,0,0,0,0,0,0,0,0,0,0,0,0,0,0,2,0,0
61918,0,0,0,0,0,0,0,0,0,0,0,0,0,0,0,2,0,0
61928,0,0,0,0,0,0,0,0,0,0,0,0,0,0,0,2,0,0
61938,0,0,0,0,0,0,0,0,0,0,0,0,0,0,0,2,0,0
61948,0,0,0,0,0,0,0,0,0,0,0,0,0,0,0,2,0,0
61958,0,0,0,0,0,0,0,0,0,0,0,0,0,0,0,2,0,0
61968,0,0,0,0,0,0,0,0,0,0,0,0,0,0,0,2,0,0
61978,0,0,0,0,0,0,0,0,0,0,0,0,0,0,0,2,0,0
61988,0,0,0,0,0,0,0,0,0,0,0,0,0,0,0,2,0,0
61998,0,0,0,0,0,0,0,0,0,0,0,0,0,0,0,2,0,0
62008,0,0,0,0,0,0,0,0,0,0,0,0,0,0,0,2,0,0
62018,0,0,0,0,0,0,0,0,0,0,0,0,0,0,0,2,0,0
62028,0,0,0,0,0,0,0,0,0,0,0,0,0,0,0,2,0,0
62038,0,0,0,0,0,0,0,0,0,0,0,0,0,0,0,2,0,0
62048,0,0,0,0,0,0,0,0,0,0,0,0,0,0,0,2,0,0
62058,0,0,0,0,0,0,0,0,0,0,0,0,0,0,0,2,0,0
62068,0,0,0,0,0,0,0,0,0,0,0,0,0,0,0,2,0,0
62078,0,0,0,0,0,0,0,0,0,0,0,0,0,0,0,2,0,0
62088,0,0,0,0,0,0,0,0,0,0,0,0,0,0,0,2,0,0
62098,0,0,0,0,0,0,0,0,0,0,0,0,0,0,0,2,0,0
62108,0,0,0,0,0,0,0,0,0,0,0,0,0,0,0,2,0,0
62118,0,0,0,0,0,0,0,0,0,0,0,0,0,0,0,2,0,0
62128,0,0,0,0,0,0,0,0,0,0,0,0,0,0,0,2,0,0
62138,0,0,0,0,0,0,0,0,0,0,0,0,0,0,0,2,0,0
62148,0,0,0,0,0,0,0,0,0,0,0,0,0,0,0,2,0,0
62158,0,0,0,0,0,0,0,0,0,0,0,0,0,0,0,2,0,0
62168,0,0,0,0,0,0,0,0,0,0,0,0,0,0,0,2,0,0
62178,0,0,0,0,0,0,0,0,0,0,0,0,0,0,0,2,0,0
62188,0,0,0,0,0,0,0,0,0,0,0,0,0,0,0,2,0,0
62198,0,0,0,0,0,0,0,0,0,0,0,0,0,0,0,2,0,0
62208,0,0,0,0,0,0,0,0,0,0,0,0,0,0,0,2,0,0
62218,0,0,0,0,0,0,0,0,0,0,0,0,0,0,0,2,0,0
62228,0,0,0,0,0,0,0,0,0,0,0,0,0,0,0,2,0,0
62238,0,0,0,0,0,0,0,0,0,0,0,0,0,0,0,2,0,0
62248,0,0,0,0,0,0,0,0,0,0,0,0,0,0,0,2,0,0
62258,0,0,0,0,0,0,0,0,0,0,0,0,0,0,0,2,0,0
62268,0,0,0,0,0,0,0,0,0,0,0,0,0,0,0,2,0,0
62278,0,0,0,0,0,0,0,0,0,0,0,0,0,0,0,2,0,0
62288,0,0,0,0,0,0,0,0,0,0,0,0,0,0,0,2,0,0
62298,0,0,0,0,0,0,0,0,0,0,0,0,0,0,0,2,0,0
62308,0,0,0,0,0,0,0,0,0,0,0,0,0,0,0,2,0,0
62318,0,0,0,0,0,0,0,0,0,0,0,0,0,0,0,2,0,0
62328,0,0,0,0,0,0,0,0,0,0,0,0,0,0,0,2,0,0
62338,0,0,0,0,0,0,0,0,0,0,0,0,0,0,0,2,0,0
62348,0,0,0,0,0,0,0,0,0,0,0,0,0,0,0,2,0,0
62358,0,0,0,0,0,0,0,0,0,0,0,0,0,0,0,2,0,0
62368,0,0,0,0,0,0,0,0,0,0,0,0,0,0,0,2,0,0
62378,0,0,0,0,0,0,0,0,0,0,0,0,0,0,0,2,0,0
62388,0,0,0,0,0,0,0,0,0,0,0,0,0,0,0,2,0,0
62398,0,0,0,0,0,0,0,0,0,0,0,0,0,0,0,2,0,0
62408,0,0,0,0,0,0,0,0,0,0,0,0,0,0,0,2,0,0
62418,0,0,0,0,0,0,0,0,0,0,0,0,0,0,0,2,0,0
62428,0,0,0,0,0,0,0,0,0,0,0,0,0,0,0,2,0,0
62438,0,0,0,0,0,0,0,0,0,0,0,0,0,0,0,2,0,0
62448,0,0,0,0,0,0,0,0,0,0,0,0,0,0,0,2,0,0
62458,0,0,0,0,0,0,0,0,0,0,0,0,0,0,0,2,0,0
62468,0,0,0,0,0,0,0,0,0,0,0,0,0,0,0,2,0,0
62478,0,0,0,0,0,0,0,0,0,0,0,0,0,0,0,2,0,0
62488,0,0,0,0,0,0,0,0,0,0,0,0,0,0,0,2,0,0
62498,0,0,0,0,0,0,0,0,0,0,0,0,0,0,0,2,0,0
62508,0,0,0,0,0,0,0,0,0,0,0,0,0,0,0,2,0,0
62518,0,0,0,0,0,0,0,0,0,0,0,0,0,0,0,2,0,0
62528,0,0,0,0,0,0,0,0,0,0,0,0,0,0,0,2,0,0
62538,0,0,0,0,0,0,0,0,0,0,0,0,0,0,0,2,0,0
62548,0,0,0,0,0,0,0,0,0,0,0,0,0,0,0,2,0,0
62558,0,0,0,0,0,0,0,0,0,0,0,0,0,0,0,2,0,0
62568,0,0,0,0,0,0,0,0,0,0,0,0,0,0,0,2,0,0
62578,0,0,0,0,0,0,0,0,0,0,0,0,0,0,0,2,0,0
62588,0,0,0,0,0,0,0,0,0,0,0,0,0,0,0,2,0,0
62598,0,0,0,0,0,0,0,0,0,0,0,0,0,0,0,2,0,0
62608,0,0,0,0,0,0,0,0,0,0,0,0,0,0,0,2,0,0
62618,0,0,0,0,0,0,0,0,0,0,0,0,0,0,0,2,0,0
62628,0,0,0,0,0,0,0,0,0,0,0,0,0,0,0,2,0,0
62638,0,0,0,0,0,0,0,0,0,0,0,0,0,0,0,2,0,0
62648,0,0,0,0,0,0,0,0,0,0,0,0,0,0,0,2,0,0
62658,0,0,0,0,0,0,0,0,0,0,0,0,0,0,0,2,0,0
62668,0,0,0,0,0,0,0,0,0,0,0,0,0,0,0,2,0,0
62678,0,0,0,0,0,0,0,0,0,0,0,0,0,0,0,2,0,0
62688,0,0,0,0,0,0,0,0,0,0,0,0,0,0,0,2,0,0
62698,0,0,0,0,0,0,0,0,0,0,0,0,0,0,0,2,0,0
62708,0,0,0,0,0,0,0,0,0,0,0,0,0,0,0,2,0,0
62718,0,0,0,0,0,0,0,0,0,0,0,0,0,0,0,2,0,0
62728,0,0,0,0,0,0,0,0,0,0,0,0,0,0,0,2,0,0
62738,0,0,0,0,0,0,0,0,0,0,0,0,0,0,0,2,0,0
62748,0,0,0,0,0,0,0,0,0,0,0,0,0,0,0,2,0,0
62758,0,0,0,0,0,0,0,0,0,0,0,0,0,0,0,2,0,0
62768,0,0,0,0,0,0,0,0,0,0,0,0,0,0,0,2,0,0
62778,0,0,0,0,0,0,0,0,0,0,0,0,0,0,0,2,0,0
62788,0,0,0,0,0,0,0,0,0,0,0,0,0,0,0,2,0,0
62798,0,0,0,0,0,0,0,0,0,0,0,0,0,0,0,2,0,0
62808,0,0,0,0,0,0,0,0,0,0,0,0,0,0,0,2,0,0
62818,0,0,0,0,0,0,0,0,0,0,0,0,0,0,0,2,0,0
62828,0,0,0,0,0,0,0,0,0,0,0,0,0,0,0,2,0,0
62838,0,0,0,0,0,0,0,0,0,0,0,0,0,0,0,2,0,0
62848,0,0,0,0,0,0,0,0,0,0,0,0,0,0,0,2,0,0
62858,0,0,0,0,0,0,0,0,0,0,0,0,0,0,0,2,0,0
62868,0,0,0,0,0,0,0,0,0,0,0,0,0,0,0,2,0,0
62878,0,0,0,0,0,0,0,0,0,0,0,0,0,0,0,2,0,0
62888,0,0,0,0,0,0,0,0,0,0,0,0,0,0,0,2,0,0
62898,0,0,0,0,0,0,0,0,0,0,0,0,0,0,0,2,0,0
62908,0,0,0,0,0,0,0,0,0,0,0,0,0,0,0,2,0,0
62918,0,0,0,0,0,0,0,0,0,0,0,0,0,0,0,2,0,0
62928,0,0,0,0,0,0,0,0,0,0,0,0,0,0,0,2,0,0
62938,0,0,0,0,0,0,0,0,0,0,0,0,0,0,0,2,0,0
62948,0,0,0,0,0,0,0,0,0,0,0,0,0,0,0,2,0,0
62958,0,0,0,0,0,0,0,0,0,0,0,0,0,0,0,2,0,0
62968,0,0,0,0,0,0,0,0,0,0,0,0,0,0,0,2,0,0
62978,0,0,0,0,0,0,0,0,0,0,0,0,0,0,0,2,0,0
62988,0,0,0,0,0,0,0,0,0,0,0,0,0,0,0,2,0,0
62998,0,0,0,0,0,0,0,0,0,0,0,0,0,0,0,2,0,0
63008,0,0,0,0,0,0,0,0,0,0,0,0,0,0,0,2,0,0
63018,0,0,0,0,0,0,0,0,0,0,0,0,0,0,0,2,0,0
63028,0,0,0,0,0,0,0,0,0,0,0,0,0,0,0,2,0,0
63038,0,0,0,0,0,0,0,0,0,0,0,0,0,0,0,2,0,0
63048,0,0,0,0,0,0,0,0,0,0,0,0,0,0,0,2,0,0
63058,0,0,0,0,0,0,0,0,0,0,0,0,0,0,0,2,0,0
63068,0,0,0,0,0,0,0,0,0,0,0,0,0,0,0,2,0,0
63078,0,0,0,0,0,0,0,0,0,0,0,0,0,0,0,2,0,0
63088,0,0,0,0,0,0,0,0,0,0,0,0,0,0,0,2,0,0
63098,0,0,0,0,0,0,0,0,0,0,0,0,0,0,0,2,0,0
63108,0,0,0,0,0,0,0,0,0,0,0,0,0,0,0,2,0,0
63118,0,0,0,0,0,0,0,0,0,0,0,0,0,0,0,2,0,0
63128,0,0,0,0,0,0,0,0,0,0,0,0,0,0,0,2,0,0
63138,0,0,0,0,0,0,0,0,0,0,0,0,0,0,0,2,0,0
63148,0,0,0,0,0,0,0,0,0,0,0,0,0,0,0,2,0,0
63158,0,0,0,0,0,0,0,0,0,0,0,0,0,0,0,2,0,0
63168,0,0,0,0,0,0,0,0,0,0,0,0,0,0,0,2,0,0
63178,0,0,0,0,0,0,0,0,0,0,0,0,0,0,0,2,0,0
63188,0,0,0,0,0,0,0,0,0,0,0,0,0,0,0,2,0,0
63198,0,0,0,0,0,0,0,0,0,0,0,0,0,0,0,2,0,0
63208,0,0,0,0,0,0,0,0,0,0,0,0,0,0,0,2,0,0
63218,0,0,0,0,0,0,0,0,0,0,0,0,0,0,0,2,0,0
63228,0,0,0,0,0,0,0,0,0,0,0,0,0,0,0,2,0,0
63238,0,0,0,0,0,0,0,0,0,0,0,0,0,0,0,2,0,0
63248,0,0,0,0,0,0,0,0,0,0,0,0,0,0,0,2,0,0
63258,0,0,0,0,0,0,0,0,0,0,0,0,0,0,0,2,0,0
63268,0,0,0,0,0,0,0,0,0,0,0,0,0,0,0,2,0,0
63278,0,0,0,0,0,0,0,0,0,0,0,0,0,0,0,2,0,0
63288,0,0,0,0,0,0,0,0,0,0,0,0,0,0,0,2,0,0
63298,0,0,0,0,0,0,0,0,0,0,0,0,0,0,0,2,0,0
63308,0,0,0,0,0,0,0,0,0,0,0,0,0,0,0,2,0,0
63318,0,0,0,0,0,0,0,0,0,0,0,0,0,0,0,2,0,0
63328,0,0,0,0,0,0,0,0,0,0,0,0,0,0,0,2,0,0
63338,0,0,0,0,0,0,0,0,0,0,0,0,0,0,0,2,0,0
63348,0,0,0,0,0,0,0,0,0,0,0,0,0,0,0,2,0,0
63358,0,0,0,0,0,0,0,0,0,0,0,0,0,0,0,2,0,0
63368,0,0,0,0,0,0,0,0,0,0,0,0,0,0,0,2,0,0
63378,0,0,0,0,0,0,0,0,0,0,0,0,0,0,0,2,0,0
63388,0,0,0,0,0,0,0,0,0,0,0,0,0,0,0,2,0,0
63398,0,0,0,0,0,0,0,0,0,0,0,0,0,0,0,2,0,0
63408,0,0,0,0,0,0,0,0,0,0,0,0,0,0,0,2,0,0
63418,0,0,0,0,0,0,0,0,0,0,0,0,0,0,0,2,0,0
63428,0,0,0,0,0,0,0,0,0,0,0,0,0,0,0,2,0,0
63438,0,0,0,0,0,0,0,0,0,0,0,0,0,0,0,2,0,0
63448,0,0,0,0,0,0,0,0,0,0,0,0,0,0,0,2,0,0
63458,0,0,0,0,0,0,0,0,0,0,0,0,0,0,0,2,0,0
63468,0,0,0,0,0,0,0,0,0,0,0,0,0,0,0,2,0,0
63478,0,0,0,0,0,0,0,0,0,0,0,0,0,0,0,2,0,0
63488,0,0,0,0,0,0,0,0,0,0,0,0,0,0,0,2,0,0
63498,0,0,0,0,0,0,0,0,0,0,0,0,0,0,0,2,0,0
63508,0,0,0,0,0,0,0,0,0,0,0,0,0,0,0,2,0,0
63518,0,0,0,0,0,0,0,0,0,0,0,0,0,0,0,2,0,0
63528,0,0,0,0,0,0,0,0,0,0,0,0,0,0,0,2,0,0
63538,0,0,0,0,0,0,0,0,0,0,0,0,0,0,0,2,0,0
63548,0,0,0,0,0,0,0,0,0,0,0,0,0,0,0,2,0,0
63558,0,0,0,0,0,0,0,0,0,0,0,0,0,0,0,2,0,0
63568,0,0,0,0,0,0,0,0,0,0,0,0,0,0,0,2,0,0
63578,0,0,0,0,0,0,0,0,0,0,0,0,0,0,0,2,0,0
63588,0,0,0,0,0,0,0,0,0,0,0,0,0,0,0,2,0,0
63598,0,0,0,0,0,0,0,0,0,0,0,0,0,0,0,2,0,0
63608,0,0,0,0,0,0,0,0,0,0,0,0,0,0,0,2,0,0
63618,0,0,0,0,0,0,0,0,0,0,0,0,0,0,0,2,0,0
63628,0,0,0,0,0,0,0,0,0,0,0,0,0,0,0,2,0,0
63638,0,0,0,0,0,0,0,0,0,0,0,0,0,0,0,2,0,0
63648,0,0,0,0,0,0,0,0,0,0,0,0,0,0,0,2,0,0
63658,0,0,0,0,0,0,0,0,0,0,0,0,0,0,0,2,0,0
63668,0,0,0,0,0,0,0,0,0,0,0,0,0,0,0,2,0,0
63678,0,0,0,0,0,0,0,0,0,0,0,0,0,0,0,2,0,0
63688,0,0,0,0,0,0,0,0,0,0,0,0,0,0,0,2,0,0
63698,0,0,0,0,0,0,0,0,0,0,0,0,0,0,0,2,0,0
63708,0,0,0,0,0,0,0,0,0,0,0,0,0,0,0,2,0,0
63718,0,0,0,0,0,0,0,0,0,0,0,0,0,0,0,2,0,0
63728,0,0,0,0,0,0,0,0,0,0,0,0,0,0,0,2,0,0
63738,0,0,0,0,0,0,0,0,0,0,0,0,0,0,0,2,0,0
63748,0,0,0,0,0,0,0,0,0,0,0,0,0,0,0,2,0,0
63758,0,0,0,0,0,0,0,0,0,0,0,0,0,0,0,2,0,0
63768,0,0,0,0,0,0,0,0,0,0,0,0,0,0,0,2,0,0
63778,0,0,0,0,0,0,0,0,0,0,0,0,0,0,0,2,0,0
63788,0,0,0,0,0,0,0,0,0,0,0,0,0,0,0,2,0,0
63798,0,0,0,0,0,0,0,0,0,0,0,0,0,0,0,2,0,0
63808,0,0,0,0,0,0,0,0,0,0,0,0,0,0,0,2,0,0
63818,0,0,0,0,0,0,0,0,0,0,0,0,0,0,0,2,0,0
63828,0,0,0,0,0,0,0,0,0,0,0,0,0,0,0,2,0,0
63838,0,0,0,0,0,0,0,0,0,0,0,0,0,0,0,2,0,0
63848,0,0,0,0,0,0,0,0,0,0,0,0,0,0,0,2,0,0
63858,0,0,0,0,0,0,0,0,0,0,0,0,0,0,0,2,0,0
63868,0,0,0,0,0,0,0,0,0,0,0,0,0,0,0,2,0,0
63878,0,0,0,0,0,0,0,0,0,0,0,0,0,0,0,2,0,0
63888,0,0,0,0,0,0,0,0,0,0,0,0,0,0,0,2,0,0
63898,0,0,0,0,0,0,0,0,0,0,0,0,0,0,0,2,0,0
63908,0,0,0,0,0,0,0,0,0,0,0,0,0,0,0,2,0,0
63918,0,0,0,0,0,0,0,0,0,0,0,0,0,0,0,2,0,0
63928,0,0,0,0,0,0,0,0,0,0,0,0,0,0,0,2,0,0
63938,0,0,0,0,0,0,0,0,0,0,0,0,0,0,0,2,0,0
63948,0,0,0,0,0,0,0,0,0,0,0,0,0,0,0,2,0,0
63958,0,0,0,0,0,0,0,0,0,0,0,0,0,0,0,2,0,0
63968,0,0,0,0,0,0,0,0,0,0,0,0,0,0,0,2,0,0
63978,0,0,0,0,0,0,0,0,0,0,0,0,0,0,0,2,0,0
63988,0,0,0,0,0,0,0,0,0,0,0,0,0,0,0,2,0,0
63998,0,0,0,0,0,0,0,0,0,0,0,0,0,0,0,2,0,0
64008,0,0,0,0,0,0,0,0,0,0,0,0,0,0,0,2,0,0
64018,0,0,0,0,0,0,0,0,0,0,0,0,0,0,0,2,0,0
64028,0,0,0,0,0,0,0,0,0,0,0,0,0,0,0,2,0,0
64038,0,0,0,0,0,0,0,0,0,0,0,0,0,0,0,2,0,0
64048,0,0,0,0,0,0,0,0,0,0,0,0,0,0,0,2,0,0
64058,0,0,0,0,0,0,0,0,0,0,0,0,0,0,0,2,0,0
64068,0,0,0,0,0,0,0,0,0,0,0,0,0,0,0,2,0,0
64078,0,0,0,0,0,0,0,0,0,0,0,0,0,0,0,2,0,0
64088,0,0,0,0,0,0,0,0,0,0,0,0,0,0,0,2,0,0
64098,0,0,0,0,0,0,0,0,0,0,0,0,0,0,0,2,0,0
64108,0,0,0,0,0,0,0,0,0,0,0,0,0,0,0,2,0,0
64118,0,0,0,0,0,0,0,0,0,0,0,0,0,0,0,2,0,0
64128,0,0,0,0,0,0,0,0,0,0,0,0,0,0,0,2,0,0
64138,0,0,0,0,0,0,0,0,0,0,0,0,0,0,0,2,0,0
64148,0,0,0,0,0,0,0,0,0,0,0,0,0,0,0,2,0,0
64158,0,0,0,0,0,0,0,0,0,0,0,0,0,0,0,2,0,0
64168,0,0,0,0,0,0,0,0,0,0,0,0,0,0,0,2,0,0
64178,0,0,0,0,0,0,0,0,0,0,0,0,0,0,0,2,0,0
64188,0,0,0,0,0,0,0,0,0,0,0,0,0,0,0,2,0,0
64198,0,0,0,0,0,0,0,0,0,0,0,0,0,0,0,2,0,0
64208,0,0,0,0,0,0,0,0,0,0,0,0,0,0,0,2,0,0
64218,0,0,0,0,0,0,0,0,0,0,0,0,0,0,0,2,0,0
64228,0,0,0,0,0,0,0,0,0,0,0,0,0,0,0,2,0,0
64238,0,0,0,0,0,0,0,0,0,0,0,0,0,0,0,2,0,0
64248,0,0,0,0,0,0,0,0,0,0,0,0,0,0,0,2,0,0
64258,0,0,0,0,0,0,0,0,0,0,0,0,0,0,0,2,0,0
64268,0,0,0,0,0,0,0,0,0,0,0,0,0,0,0,2,0,0
64278,0,0,0,0,0,0,0,0,0,0,0,0,0,0,0,2,0,0
64288,0,0,0,0,0,0,0,0,0,0,0,0,0,0,0,2,0,0
64298,0,0,0,0,0,0,0,0,0,0,0,0,0,0,0,2,0,0
64308,0,0,0,0,0,0,0,0,0,0,0,0,0,0,0,2,0,0
64318,0,0,0,0,0,0,0,0,0,0,0,0,0,0,0,2,0,0
64328,0,0,0,0,0,0,0,0,0,0,0,0,0,0,0,2,0,0
64338,0,0,0,0,0,0,0,0,0,0,0,0,0,0,0,2,0,0
64348,0,0,0,0,0,0,0,0,0,0,0,0,0,0,0,2,0,0
64358,0,0,0,0,0,0,0,0,0,0,0,0,0,0,0,2,0,0
64368,0,0,0,0,0,0,0,0,0,0,0,0,0,0,0,2,0,0
64378,0,0,0,0,0,0,0,0,0,0,0,0,0,0,0,2,0,0
64388,0,0,0,0,0,0,0,0,0,0,0,0,0,0,0,2,0,0
64398,0,0,0,0,0,0,0,0,0,0,0,0,0,0,0,2,0,0
64408,0,0,0,0,0,0,0,0,0,0,0,0,0,0,0,2,0,0
64418,0,0,0,0,0,0,0,0,0,0,0,0,0,0,0,2,0,0
64428,0,0,0,0,0,0,0,0,0,0,0,0,0,0,0,2,0,0
64438,0,0,0,0,0,0,0,0,0,0,0,0,0,0,0,2,0,0
64448,0,0,0,0,0,0,0,0,0,0,0,0,0,0,0,2,0,0
64458,0,0,0,0,0,0,0,0,0,0,0,0,0,0,0,2,0,0
64468,0,0,0,0,0,0,0,0,0,0,0,0,0,0,0,2,0,0
64478,0,0,0,0,0,0,0,0,0,0,0,0,0,0,0,2,0,0
64488,0,0,0,0,0,0,0,0,0,0,0,0,0,0,0,2,0,0
64498,0,0,0,0,0,0,0,0,0,0,0,0,0,0,0,2,0,0
64508,0,0,0,0,0,0,0,0,0,0,0,0,0,0,0,2,0,0
64518,0,0,0,0,0,0,0,0,0,0,0,0,0,0,0,2,0,0
64528,0,0,0,0,0,0,0,0,0,0,0,0,0,0,0,2,0,0
64538,0,0,0,0,0,0,0,0,0,0,0,0,0,0,0,2,0,0
64548,0,0,0,0,0,0,0,0,0,0,0,0,0,0,0,2,0,0
64558,0,0,0,0,0,0,0,0,0,0,0,0,0,0,0,2,0,0
64568,0,0,0,0,0,0,0,0,0,0,0,0,0,0,0,2,0,0
64578,0,0,0,0,0,0,0,0,0,0,0,0,0,0,0,2,0,0
64588,0,0,0,0,0,0,0,0,0,0,0,0,0,0,0,2,0,0
64598,0,0,0,0,0,0,0,0,0,0,0,0,0,0,0,2,0,0
64608,0,0,0,0,0,0,0,0,0,0,0,0,0,0,0,2,0,0
64618,0,0,0,0,0,0,0,0,0,0,0,0,0,0,0,2,0,0
64628,0,0,0,0,0,0,0,0,0,0,0,0,0,0,0,2,0,0
64638,0,0,0,0,0,0,0,0,0,0,0,0,0,0,0,2,0,0
64648,0,0,0,0,0,0,0,0,0,0,0,0,0,0,0,2,0,0
64658,0,0,0,0,0,0,0,0,0,0,0,0,0,0,0,2,0,0
64668,0,0,0,0,0,0,0,0,0,0,0,0,0,0,0,2,0,0
64678,0,0,0,0,0,0,0,0,0,0,0,0,0,0,0,2,0,0
64688,0,0,0,0,0,0,0,0,0,0,0,0,0,0,0,2,0,0
64698,0,0,0,0,0,0,0,0,0,0,0,0,0,0,0,2,0,0
64708,0,0,0,0,0,0,0,0,0,0,0,0,0,0,0,2,0,0
64718,0,0,0,0,0,0,0,0,0,0,0,0,0,0,0,2,0,0
64728,0,0,0,0,0,0,0,0,0,0,0,0,0,0,0,2,0,0
64738,0,0,0,0,0,0,0,0,0,0,0,0,0,0,0,2,0,0
64748,0,0,0,0,0,0,0,0,0,0,0,0,0,0,0,2,0,0
64758,0,0,0,0,0,0,0,0,0,0,0,0,0,0,0,2,0,0
64768,0,0,0,0,0,0,0,0,0,0,0,0,0,0,0,2,0,0
64778,0,0,0,0,0,0,0,0,0,0,0,0,0,0,0,2,0,0
64788,0,0,0,0,0,0,0,0,0,0,0,0,0,0,0,2,0,0
64798,0,0,0,0,0,0,0,0,0,0,0,0,0,0,0,2,0,0
64808,0,0,0,0,0,0,0,0,0,0,0,0,0,0,0,2,0,0
64818,0,0,0,0,0,0,0,0,0,0,0,0,0,0,0,2,0,0
64828,0,0,0,0,0,0,0,0,0,0,0,0,0,0,0,2,0,0
64838,0,0,0,0,0,0,0,0,0,0,0,0,0,0,0,2,0,0
64848,0,0,0,0,0,0,0,0,0,0,0,0,0,0,0,2,0,0
64858,0,0,0,0,0,0,0,0,0,0,0,0,0,0,0,2,0,0
64868,0,0,0,0,0,0,0,0,0,0,0,0,0,0,0,2,0,0
64878,0,0,0,0,0,0,0,0,0,0,0,0,0,0,0,2,0,0
64888,0,0,0,0,0,0,0,0,0,0,0,0,0,0,0,2,0,0
64898,0,0,0,0,0,0,0,0,0,0,0,0,0,0,0,2,0,0
64908,0,0,0,0,0,0,0,0,0,0,0,0,0,0,0,2,0,0
64918,0,0,0,0,0,0,0,0,0,0,0,0,0,0,0,2,0,0
64928,0,0,0,0,0,0,0,0,0,0,0,0,0,0,0,2,0,0
64938,0,0,0,0,0,0,0,0,0,0,0,0,0,0,0,2,0,0
64948,0,0,0,0,0,0,0,0,0,0,0,0,0,0,0,2,0,0
64958,0,0,0,0,0,0,0,0,0,0,0,0,0,0,0,2,0,0
64968,0,0,0,0,0,0,0,0,0,0,0,0,0,0,0,2,0,0
64978,0,0,0,0,0,0,0,0,0,0,0,0,0,0,0,2,0,0
64988,0,0,0,0,0,0,0,0,0,0,0,0,0,0,0,2,0,0
64998,0,0,0,0,0,0,0,0,0,0,0,0,0,0,0,2,0,0
65008,0,0,0,0,0,0,0,0,0,0,0,0,0,0,0,2,0,0
65018,0,0,0,0,0,0,0,0,0,0,0,0,0,0,0,2,0,0
65028,0,0,0,0,0,0,0,0,0,0,0,0,0,0,0,2,0,0
65038,0,0,0,0,0,0,0,0,0,0,0,0,0,0,0,2,0,0
65048,0,0,0,0,0,0,0,0,0,0,0,0,0,0,0,2,0,0
65058,0,0,0,0,0,0,0,0,0,0,0,0,0,0,0,2,0,0
65068,0,0,0,0,0,0,0,0,0,0,0,0,0,0,0,2,0,0
65078,0,0,0,0,0,0,0,0,0,0,0,0,0,0,0,2,0,0
65088,0,0,0,0,0,0,0,0,0,0,0,0,0,0,0,2,0,0
65098,0,0,0,0,0,0,0,0,0,0,0,0,0,0,0,2,0,0
65108,0,0,0,0,0,0,0,0,0,0,0,0,0,0,0,2,0,0
65118,0,0,0,0,0,0,0,0,0,0,0,0,0,0,0,2,0,0
65128,0,0,0,0,0,0,0,0,0,0,0,0,0,0,0,2,0,0
65138,0,0,0,0,0,0,0,0,0,0,0,0,0,0,0,2,0,0
65148,0,0,0,0,0,0,0,0,0,0,0,0,0,0,0,2,0,0
65158,0,0,0,0,0,0,0,0,0,0,0,0,0,0,0,2,0,0
65168,0,0,0,0,0,0,0,0,0,0,0,0,0,0,0,2,0,0
65178,0,0,0,0,0,0,0,0,0,0,0,0,0,0,0,2,0,0
65188,0,0,0,0,0,0,0,0,0,0,0,0,0,0,0,2,0,0
65198,0,0,0,0,0,0,0,0,0,0,0,0,0,0,0,2,0,0
65208,0,0,0,0,0,0,0,0,0,0,0,0,0,0,0,2,0,0
65218,0,0,0,0,0,0,0,0,0,0,0,0,0,0,0,2,0,0
65228,0,0,0,0,0,0,0,0,0,0,0,0,0,0,0,2,0,0
65238,0,0,0,0,0,0,0,0,0,0,0,0,0,0,0,2,0,0
65248,0,0,0,0,0,0,0,0,0,0,0,0,0,0,0,2,0,0
65258,0,0,0,0,0,0,0,0,0,0,0,0,0,0,0,2,0,0
65268,0,0,0,0,0,0,0,0,0,0,0,0,0,0,0,2,0,0
65278,0,0,0,0,0,0,0,0,0,0,0,0,0,0,0,2,0,0
65288,0,0,0,0,0,0,0,0,0,0,0,0,0,0,0,2,0,0
65298,0,0,0,0,0,0,0,0,0,0,0,0,0,0,0,2,0,0
65308,0,0,0,0,0,0,0,0,0,0,0,0,0,0,0,2,0,0
65318,0,0,0,0,0,0,0,0,0,0,0,0,0,0,0,2,0,0
65328,0,0,0,0,0,0,0,0,0,0,0,0,0,0,0,2,0,0
65338,0,0,0,0,0,0,0,0,0,0,0,0,0,0,0,2,0,0
65348,0,0,0,0,0,0,0,0,0,0,0,0,0,0,0,2,0,0
65358,0,0,0,0,0,0,0,0,0,0,0,0,0,0,0,2,0,0
65368,0,0,0,0,0,0,0,0,0,0,0,0,0,0,0,2,0,0
65378,0,0,0,0,0,0,0,0,0,0,0,0,0,0,0,2,0,0
65388,0,0,0,0,0,0,0,0,0,0,0,0,0,0,0,2,0,0
65398,0,0,0,0,0,0,0,0,0,0,0,0,0,0,0,2,0,0
65408,0,0,0,0,0,0,0,0,0,0,0,0,0,0,0,2,0,0
65418,0,0,0,0,0,0,0,0,0,0,0,0,0,0,0,2,0,0
65428,0,0,0,0,0,0,0,0,0,0,0,0,0,0,0,2,0,0
65438,0,0,0,0,0,0,0,0,0,0,0,0,0,0,0,2,0,0
65448,0,0,0,0,0,0,0,0,0,0,0,0,0,0,0,2,0,0
65458,0,0,0,0,0,0,0,0,0,0,0,0,0,0,0,2,0,0
65468,0,0,0,0,0,0,0,0,0,0,0,0,0,0,0,2,0,0
65478,0,0,0,0,0,0,0,0,0,0,0,0,0,0,0,2,0,0
65488,0,0,0,0,0,0,0,0,0,0,0,0,0,0,0,2,0,0
65498,0,0,0,0,0,0,0,0,0,0,0,0,0,0,0,2,0,0
65508,0,0,0,0,0,0,0,0,0,0,0,0,0,0,0,2,0,0
65518,0,0,0,0,0,0,0,0,0,0,0,0,0,0,0,2,0,0
65528,0,0,0,0,0,0,0,0,0,0,0,0,0,0,0,2,0,0
65538,0,0,0,0,0,0,0,0,0,0,0,0,0,0,0,2,0,0
65548,0,0,0,0,0,0,0,0,0,0,0,0,0,0,0,2,0,0
65558,0,0,0,0,0,0,0,0,0,0,0,0,0,0,0,2,0,0
65568,0,0,0,0,0,0,0,0,0,0,0,0,0,0,0,2,0,0
65578,0,0,0,0,0,0,0,0,0,0,0,0,0,0,0,2,0,0
65588,0,0,0,0,0,0,0,0,0,0,0,0,0,0,0,2,0,0
65598,0,0,0,0,0,0,0,0,0,0,0,0,0,0,0,2,0,0
65608,0,0,0,0,0,0,0,0,0,0,0,0,0,0,0,2,0,0
65618,0,0,0,0,0,0,0,0,0,0,0,0,0,0,0,2,0,0
65628,0,0,0,0,0,0,0,0,0,0,0,0,0,0,0,2,0,0
65638,0,0,0,0,0,0,0,0,0,0,0,0,0,0,0,2,0,0
65648,0,0,0,0,0,0,0,0,0,0,0,0,0,0,0,2,0,0
65658,0,0,0,0,0,0,0,0,0,0,0,0,0,0,0,2,0,0
65668,0,0,0,0,0,0,0,0,0,0,0,0,0,0,0,2,0,0
65678,0,0,0,0,0,0,0,0,0,0,0,0,0,0,0,2,0,0
65688,0,0,0,0,0,0,0,0,0,0,0,0,0,0,0,2,0,0
65698,0,0,0,0,0,0,0,0,0,0,0,0,0,0,0,2,0,0
65708,0,0,0,0,0,0,0,0,0,0,0,0,0,0,0,2,0,0
65718,0,0,0,0,0,0,0,0,0,0,0,0,0,0,0,2,0,0
65728,0,0,0,0,0,0,0,0,0,0,0,0,0,0,0,2,0,0
65738,0,0,0,0,0,0,0,0,0,0,0,0,0,0,0,2,0,0
65748,0,0,0,0,0,0,0,0,0,0,0,0,0,0,0,2,0,0
65758,0,0,0,0,0,0,0,0,0,0,0,0,0,0,0,2,0,0
65768,0,0,0,0,0,0,0,0,0,0,0,0,0,0,0,2,0,0
65778,0,0,0,0,0,0,0,0,0,0,0,0,0,0,0,2,0,0
65788,0,0,0,0,0,0,0,0,0,0,0,0,0,0,0,2,0,0
65798,0,0,0,0,0,0,0,0,0,0,0,0,0,0,0,2,0,0
65808,0,0,0,0,0,0,0,0,0,0,0,0,0,0,0,2,0,0
65818,0,0,0,0,0,0,0,0,0,0,0,0,0,0,0,2,0,0
65828,0,0,0,0,0,0,0,0,0,0,0,0,0,0,0,2,0,0
65838,0,0,0,0,0,0,0,0,0,0,0,0,0,0,0,2,0,0
65848,0,0,0,0,0,0,0,0,0,0,0,0,0,0,0,2,0,0
65858,0,0,0,0,0,0,0,0,0,0,0,0,0,0,0,2,0,0
65868,0,0,0,0,0,0,0,0,0,0,0,0,0,0,0,2,0,0
65878,0,0,0,0,0,0,0,0,0,0,0,0,0,0,0,2,0,0
65888,0,0,0,0,0,0,0,0,0,0,0,0,0,0,0,2,0,0
65898,0,0,0,0,0,0,0,0,0,0,0,0,0,0,0,2,0,0
65908,0,0,0,0,0,0,0,0,0,0,0,0,0,0,0,2,0,0
65918,0,0,0,0,0,0,0,0,0,0,0,0,0,0,0,2,0,0
65928,0,0,0,0,0,0,0,0,0,0,0,0,0,0,0,2,0,0
65938,0,0,0,0,0,0,0,0,0,0,0,0,0,0,0,2,0,0
65948,0,0,0,0,0,0,0,0,0,0,0,0,0,0,0,2,0,0
65958,0,0,0,0,0,0,0,0,0,0,0,0,0,0,0,2,0,0
65968,0,0,0,0,0,0,0,0,0,0,0,0,0,0,0,2,0,0
65978,0,0,0,0,0,0,0,0,0,0,0,0,0,0,0,2,0,0
65988,0,0,0,0,0,0,0,0,0,0,0,0,0,0,0,2,0,0
65998,0,0,0,0,0,0,0,0,0,0,0,0,0,0,0,2,0,0
66008,0,0,0,0,0,0,0,0,0,0,0,0,0,0,0,2,0,0
66018,0,0,0,0,0,0,0,0,0,0,0,0,0,0,0,2,0,0
66028,0,0,0,0,0,0,0,0,0,0,0,0,0,0,0,2,0,0
66038,0,0,0,0,0,0,0,0,0,0,0,0,0,0,0,2,0,0
66048,0,0,0,0,0,0,0,0,0,0,0,0,0,0,0,2,0,0
66058,0,0,0,0,0,0,0,0,0,0,0,0,0,0,0,2,0,0
66068,0,0,0,0,0,0,0,0,0,0,0,0,0,0,0,2,0,0
66078,0,0,0,0,0,0,0,0,0,0,0,0,0,0,0,2,0,0
66088,0,0,0,0,0,0,0,0,0,0,0,0,0,0,0,2,0,0
66098,0,0,0,0,0,0,0,0,0,0,0,0,0,0,0,2,0,0
66108,0,0,0,0,0,0,0,0,0,0,0,0,0,0,0,2,0,0
66118,0,0,0,0,0,0,0,0,0,0,0,0,0,0,0,2,0,0
66128,0,0,0,0,0,0,0,0,0,0,0,0,0,0,0,2,0,0
66138,0,0,0,0,0,0,0,0,0,0,0,0,0,0,0,2,0,0
66148,0,0,0,0,0,0,0,0,0,0,0,0,0,0,0,2,0,0
66158,0,0,0,0,0,0,0,0,0,0,0,0,0,0,0,2,0,0
66168,0,0,0,0,0,0,0,0,0,0,0,0,0,0,0,2,0,0
66178,0,0,0,0,0,0,0,0,0,0,0,0,0,0,0,2,0,0
66188,0,0,0,0,0,0,0,0,0,0,0,0,0,0,0,2,0,0
66198,0,0,0,0,0,0,0,0,0,0,0,0,0,0,0,2,0,0
66208,0,0,0,0,0,0,0,0,0,0,0,0,0,0,0,2,0,0
66218,0,0,0,0,0,0,0,0,0,0,0,0,0,0,0,2,0,0
66228,0,0,0,0,0,0,0,0,0,0,0,0,0,0,0,2,0,0
66238,0,0,0,0,0,0,0,0,0,0,0,0,0,0,0,2,0,0
66248,0,0,0,0,0,0,0,0,0,0,0,0,0,0,0,2,0,0
66258,0,0,0,0,0,0,0,0,0,0,0,0,0,0,0,2,0,0
66268,0,0,0,0,0,0,0,0,0,0,0,0,0,0,0,2,0,0
66278,0,0,0,0,0,0,0,0,0,0,0,0,0,0,0,2,0,0
66288,0,0,0,0,0,0,0,0,0,0,0,0,0,0,0,2,0,0
66298,0,0,0,0,0,0,0,0,0,0,0,0,0,0,0,2,0,0
66308,0,0,0,0,0,0,0,0,0,0,0,0,0,0,0,2,0,0
66318,0,0,0,0,0,0,0,0,0,0,0,0,0,0,0,2,0,0
66328,0,0,0,0,0,0,0,0,0,0,0,0,0,0,0,2,0,0
66338,0,0,0,0,0,0,0,0,0,0,0,0,0,0,0,2,0,0
66348,0,0,0,0,0,0,0,0,0,0,0,0,0,0,0,2,0,0
66358,0,0,0,0,0,0,0,0,0,0,0,0,0,0,0,2,0,0
66368,0,0,0,0,0,0,0,0,0,0,0,0,0,0,0,2,0,0
66378,0,0,0,0,0,0,0,0,0,0,0,0,0,0,0,2,0,0
66388,0,0,0,0,0,0,0,0,0,0,0,0,0,0,0,2,0,0
66398,0,0,0,0,0,0,0,0,0,0,0,0,0,0,0,2,0,0
66408,0,0,0,0,0,0,0,0,0,0,0,0,0,0,0,2,0,0
66418,0,0,0,0,0,0,0,0,0,0,0,0,0,0,0,2,0,0
66428,0,0,0,0,0,0,0,0,0,0,0,0,0,0,0,2,0,0
66438,0,0,0,0,0,0,0,0,0,0,0,0,0,0,0,2,0,0
66448,0,0,0,0,0,0,0,0,0,0,0,0,0,0,0,2,0,0
66458,0,0,0,0,0,0,0,0,0,0,0,0,0,0,0,2,0,0
66468,0,0,0,0,0,0,0,0,0,0,0,0,0,0,0,2,0,0
66478,0,0,0,0,0,0,0,0,0,0,0,0,0,0,0,2,0,0
66488,0,0,0,0,0,0,0,0,0,0,0,0,0,0,0,2,0,0
66498,0,0,0,0,0,0,0,0,0,0,0,0,0,0,0,2,0,0
66508,0,0,0,0,0,0,0,0,0,0,0,0,0,0,0,2,0,0
66518,0,0,0,0,0,0,0,0,0,0,0,0,0,0,0,2,0,0
66528,0,0,0,0,0,0,0,0,0,0,0,0,0,0,0,2,0,0
66538,0,0,0,0,0,0,0,0,0,0,0,0,0,0,0,2,0,0
66548,0,0,0,0,0,0,0,0,0,0,0,0,0,0,0,2,0,0
66558,0,0,0,0,0,0,0,0,0,0,0,0,0,0,0,2,0,0
66568,0,0,0,0,0,0,0,0,0,0,0,0,0,0,0,2,0,0
66578,0,0,0,0,0,0,0,0,0,0,0,0,0,0,0,2,0,0
66588,0,0,0,0,0,0,0,0,0,0,0,0,0,0,0,2,0,0
66598,0,0,0,0,0,0,0,0,0,0,0,0,0,0,0,2,0,0
66608,0,0,0,0,0,0,0,0,0,0,0,0,0,0,0,2,0,0
66618,0,0,0,0,0,0,0,0,0,0,0,0,0,0,0,2,0,0
66628,0,0,0,0,0,0,0,0,0,0,0,0,0,0,0,2,0,0
66638,0,0,0,0,0,0,0,0,0,0,0,0,0,0,0,2,0,0
66648,0,0,0,0,0,0,0,0,0,0,0,0,0,0,0,2,0,0
66658,0,0,0,0,0,0,0,0,0,0,0,0,0,0,0,2,0,0
66668,0,0,0,0,0,0,0,0,0,0,0,0,0,0,0,2,0,0
66678,0,0,0,0,0,0,0,0,0,0,0,0,0,0,0,2,0,0
66688,0,0,0,0,0,0,0,0,0,0,0,0,0,0,0,2,0,0
66698,0,0,0,0,0,0,0,0,0,0,0,0,0,0,0,2,0,0
66708,0,0,0,0,0,0,0,0,0,0,0,0,0,0,0,2,0,0
66718,0,0,0,0,0,0,0,0,0,0,0,0,0,0,0,2,0,0
66728,0,0,0,0,0,0,0,0,0,0,0,0,0,0,0,2,0,0
66738,0,0,0,0,0,0,0,0,0,0,0,0,0,0,0,2,0,0
66748,0,0,0,0,0,0,0,0,0,0,0,0,0,0,0,2,0,0
66758,0,0,0,0,0,0,0,0,0,0,0,0,0,0,0,2,0,0
66768,0,0,0,0,0,0,0,0,0,0,0,0,0,0,0,2,0,0
66778,0,0,0,0,0,0,0,0,0,0,0,0,0,0,0,2,0,0
66788,0,0,0,0,0,0,0,0,0,0,0,0,0,0,0,2,0,0
66798,0,0,0,0,0,0,0,0,0,0,0,0,0,0,0,2,0,0
66808,0,0,0,0,0,0,0,0,0,0,0,0,0,0,0,2,0,0
66818,0,0,0,0,0,0,0,0,0,0,0,0,0,0,0,2,0,0
66828,0,0,0,0,0,0,0,0,0,0,0,0,0,0,0,2,0,0
66838,0,0,0,0,0,0,0,0,0,0,0,0,0,0,0,2,0,0
66848,0,0,0,0,0,0,0,0,0,0,0,0,0,0,0,2,0,0
66858,0,0,0,0,0,0,0,0,0,0,0,0,0,0,0,2,0,0
66868,0,0,0,0,0,0,0,0,0,0,0,0,0,0,0,2,0,0
66878,0,0,0,0,0,0,0,0,0,0,0,0,0,0,0,2,0,0
66888,0,0,0,0,0,0,0,0,0,0,0,0,0,0,0,2,0,0
66898,0,0,0,0,0,0,0,0,0,0,0,0,0,0,0,2,0,0
66908,0,0,0,0,0,0,0,0,0,0,0,0,0,0,0,2,0,0
66918,0,0,0,0,0,0,0,0,0,0,0,0,0,0,0,2,0,0
66928,0,0,0,0,0,0,0,0,0,0,0,0,0,0,0,2,0,0
66938,0,0,0,0,0,0,0,0,0,0,0,0,0,0,0,2,0,0
66948,0,0,0,0,0,0,0,0,0,0,0,0,0,0,0,2,0,0
66958,0,0,0,0,0,0,0,0,0,0,0,0,0,0,0,2,0,0
66968,0,0,0,0,0,0,0,0,0,0,0,0,0,0,0,2,0,0
66978,0,0,0,0,0,0,0,0,0,0,0,0,0,0,0,2,0,0
66988,0,0,0,0,0,0,0,0,0,0,0,0,0,0,0,2,0,0
66998,0,0,0,0,0,0,0,0,0,0,0,0,0,0,0,2,0,0
67008,0,0,0,0,0,0,0,0,0,0,0,0,0,0,0,2,0,0
67018,0,0,0,0,0,0,0,0,0,0,0,0,0,0,0,2,0,0
67028,0,0,0,0,0,0,0,0,0,0,0,0,0,0,0,2,0,0
67038,0,0,0,0,0,0,0,0,0,0,0,0,0,0,0,2,0,0
67048,0,0,0,0,0,0,0,0,0,0,0,0,0,0,0,2,0,0
67058,0,0,0,0,0,0,0,0,0,0,0,0,0,0,0,2,0,0
67068,0,0,0,0,0,0,0,0,0,0,0,0,0,0,0,2,0,0
67078,0,0,0,0,0,0,0,0,0,0,0,0,0,0,0,2,0,0
67088,0,0,0,0,0,0,0,0,0,0,0,0,0,0,0,2,0,0
67098,0,0,0,0,0,0,0,0,0,0,0,0,0,0,0,2,0,0
67108,0,0,0,0,0,0,0,0,0,0,0,0,0,0,0,2,0,0
67118,0,0,0,0,0,0,0,0,0,0,0,0,0,0,0,2,0,0
67128,0,0,0,0,0,0,0,0,0,0,0,0,0,0,0,2,0,0
67138,0,0,0,0,0,0,0,0,0,0,0,0,0,0,0,2,0,0
67148,0,0,0,0,0,0,0,0,0,0,0,0,0,0,0,2,0,0
67158,0,0,0,0,0,0,0,0,0,0,0,0,0,0,0,2,0,0
67168,0,0,0,0,0,0,0,0,0,0,0,0,0,0,0,2,0,0
67178,0,0,0,0,0,0,0,0,0,0,0,0,0,0,0,2,0,0
67188,0,0,0,0,0,0,0,0,0,0,0,0,0,0,0,2,0,0
67198,0,0,0,0,0,0,0,0,0,0,0,0,0,0,0,2,0,0
67208,0,0,0,0,0,0,0,0,0,0,0,0,0,0,0,2,0,0
67218,0,0,0,0,0,0,0,0,0,0,0,0,0,0,0,2,0,0
67228,0,0,0,0,0,0,0,0,0,0,0,0,0,0,0,2,0,0
67238,0,0,0,0,0,0,0,0,0,0,0,0,0,0,0,2,0,0
67248,0,0,0,0,0,0,0,0,0,0,0,0,0,0,0,2,0,0
67258,0,0,0,0,0,0,0,0,0,0,0,0,0,0,0,2,0,0
67268,0,0,0,0,0,0,0,0,0,0,0,0,0,0,0,2,0,0
67278,0,0,0,0,0,0,0,0,0,0,0,0,0,0,0,2,0,0
67288,0,0,0,0,0,0,0,0,0,0,0,0,0,0,0,2,0,0
67298,0,0,0,0,0,0,0,0,0,0,0,0,0,0,0,2,0,0
67308,0,0,0,0,0,0,0,0,0,0,0,0,0,0,0,2,0,0
67318,0,0,0,0,0,0,0,0,0,0,0,0,0,0,0,2,0,0
67328,0,0,0,0,0,0,0,0,0,0,0,0,0,0,0,2,0,0
67338,0,0,0,0,0,0,0,0,0,0,0,0,0,0,0,2,0,0
67348,0,0,0,0,0,0,0,0,0,0,0,0,0,0,0,2,0,0
67358,0,0,0,0,0,0,0,0,0,0,0,0,0,0,0,2,0,0
67368,0,0,0,0,0,0,0,0,0,0,0,0,0,0,0,2,0,0
67378,0,0,0,0,0,0,0,0,0,0,0,0,0,0,0,2,0,0
67388,0,0,0,0,0,0,0,0,0,0,0,0,0,0,0,2,0,0
67398,0,0,0,0,0,0,0,0,0,0,0,0,0,0,0,2,0,0
67408,0,0,0,0,0,0,0,0,0,0,0,0,0,0,0,2,0,0
67418,0,0,0,0,0,0,0,0,0,0,0,0,0,0,0,2,0,0
67428,0,0,0,0,0,0,0,0,0,0,0,0,0,0,0,2,0,0
67438,0,0,0,0,0,0,0,0,0,0,0,0,0,0,0,2,0,0
67448,0,0,0,0,0,0,0,0,0,0,0,0,0,0,0,2,0,0
67458,0,0,0,0,0,0,0,0,0,0,0,0,0,0,0,2,0,0
67468,0,0,0,0,0,0,0,0,0,0,0,0,0,0,0,2,0,0
67478,0,0,0,0,0,0,0,0,0,0,0,0,0,0,0,2,0,0
67488,0,0,0,0,0,0,0,0,0,0,0,0,0,0,0,2,0,0
67498,0,0,0,0,0,0,0,0,0,0,0,0,0,0,0,2,0,0
67508,0,0,0,0,0,0,0,0,0,0,0,0,0,0,0,2,0,0
67518,0,0,0,0,0,0,0,0,0,0,0,0,0,0,0,2,0,0
67528,0,0,0,0,0,0,0,0,0,0,0,0,0,0,0,2,0,0
67538,0,0,0,0,0,0,0,0,0,0,0,0,0,0,0,2,0,0
67548,0,0,0,0,0,0,0,0,0,0,0,0,0,0,0,2,0,0
67558,0,0,0,0,0,0,0,0,0,0,0,0,0,0,0,2,0,0
67568,0,0,0,0,0,0,0,0,0,0,0,0,0,0,0,2,0,0
67578,0,0,0,0,0,0,0,0,0,0,0,0,0,0,0,2,0,0
67588,0,0,0,0,0,0,0,0,0,0,0,0,0,0,0,2,0,0
67598,0,0,0,0,0,0,0,0,0,0,0,0,0,0,0,2,0,0
67608,0,0,0,0,0,0,0,0,0,0,0,0,0,0,0,2,0,0
67618,0,0,0,0,0,0,0,0,0,0,0,0,0,0,0,2,0,0
67628,0,0,0,0,0,0,0,0,0,0,0,0,0,0,0,2,0,0
67638,0,0,0,0,0,0,0,0,0,0,0,0,0,0,0,2,0,0
67648,0,0,0,0,0,0,0,0,0,0,0,0,0,0,0,2,0,0
67658,0,0,0,0,0,0,0,0,0,0,0,0,0,0,0,2,0,0
67668,0,0,0,0,0,0,0,0,0,0,0,0,0,0,0,2,0,0
67678,0,0,0,0,0,0,0,0,0,0,0,0,0,0,0,2,0,0
67688,0,0,0,0,0,0,0,0,0,0,0,0,0,0,0,2,0,0
67698,0,0,0,0,0,0,0,0,0,0,0,0,0,0,0,2,0,0
67708,0,0,0,0,0,0,0,0,0,0,0,0,0,0,0,2,0,0
67718,0,0,0,0,0,0,0,0,0,0,0,0,0,0,0,2,0,0
67728,0,0,0,0,0,0,0,0,0,0,0,0,0,0,0,2,0,0
67738,0,0,0,0,0,0,0,0,0,0,0,0,0,0,0,2,0,0
67748,0,0,0,0,0,0,0,0,0,0,0,0,0,0,0,2,0,0
67758,0,0,0,0,0,0,0,0,0,0,0,0,0,0,0,2,0,0
67768,0,0,0,0,0,0,0,0,0,0,0,0,0,0,0,2,0,0
67778,0,0,0,0,0,0,0,0,0,0,0,0,0,0,0,2,0,0
67788,0,0,0,0,0,0,0,0,0,0,0,0,0,0,0,2,0,0
67798,0,0,0,0,0,0,0,0,0,0,0,0,0,0,0,2,0,0
67808,0,0,0,0,0,0,0,0,0,0,0,0,0,0,0,2,0,0
67818,0,0,0,0,0,0,0,0,0,0,0,0,0,0,0,2,0,0
67828,0,0,0,0,0,0,0,0,0,0,0,0,0,0,0,2,0,0
67838,0,0,0,0,0,0,0,0,0,0,0,0,0,0,0,2,0,0
67848,0,0,0,0,0,0,0,0,0,0,0,0,0,0,0,2,0,0
67858,0,0,0,0,0,0,0,0,0,0,0,0,0,0,0,2,0,0
67868,0,0,0,0,0,0,0,0,0,0,0,0,0,0,0,2,0,0
67878,0,0,0,0,0,0,0,0,0,0,0,0,0,0,0,2,0,0
67888,0,0,0,0,0,0,0,0,0,0,0,0,0,0,0,2,0,0
67898,0,0,0,0,0,0,0,0,0,0,0,0,0,0,0,2,0,0
67908,0,0,0,0,0,0,0,0,0,0,0,0,0,0,0,2,0,0
67918,0,0,0,0,0,0,0,0,0,0,0,0,0,0,0,2,0,0
67928,0,0,0,0,0,0,0,0,0,0,0,0,0,0,0,2,0,0
67938,0,0,0,0,0,0,0,0,0,0,0,0,0,0,0,2,0,0
67948,0,0,0,0,0,0,0,0,0,0,0,0,0,0,0,2,0,0
67958,0,0,0,0,0,0,0,0,0,0,0,0,0,0,0,2,0,0
67968,0,0,0,0,0,0,0,0,0,0,0,0,0,0,0,2,0,0
67978,0,0,0,0,0,0,0,0,0,0,0,0,0,0,0,2,0,0
67988,0,0,0,0,0,0,0,0,0,0,0,0,0,0,0,2,0,0
67998,0,0,0,0,0,0,0,0,0,0,0,0,0,0,0,2,0,0
68008,0,0,0,0,0,0,0,0,0,0,0,0,0,0,0,2,0,0
68018,0,0,0,0,0,0,0,0,0,0,0,0,0,0,0,2,0,0
68028,0,0,0,0,0,0,0,0,0,0,0,0,0,0,0,2,0,0
68038,0,0,0,0,0,0,0,0,0,0,0,0,0,0,0,2,0,0
68048,0,0,0,0,0,0,0,0,0,0,0,0,0,0,0,2,0,0
68058,0,0,0,0,0,0,0,0,0,0,0,0,0,0,0,2,0,0
68068,0,0,0,0,0,0,0,0,0,0,0,0,0,0,0,2,0,0
68078,0,0,0,0,0,0,0,0,0,0,0,0,0,0,0,2,0,0
68088,0,0,0,0,0,0,0,0,0,0,0,0,0,0,0,2,0,0
68098,0,0,0,0,0,0,0,0,0,0,0,0,0,0,0,2,0,0
68108,0,0,0,0,0,0,0,0,0,0,0,0,0,0,0,2,0,0
68118,0,0,0,0,0,0,0,0,0,0,0,0,0,0,0,2,0,0
68128,0,0,0,0,0,0,0,0,0,0,0,0,0,0,0,2,0,0
68138,0,0,0,0,0,0,0,0,0,0,0,0,0,0,0,2,0,0
68148,0,0,0,0,0,0,0,0,0,0,0,0,0,0,0,2,0,0
68158,0,0,0,0,0,0,0,0,0,0,0,0,0,0,0,2,0,0
68168,0,0,0,0,0,0,0,0,0,0,0,0,0,0,0,2,0,0
68178,0,0,0,0,0,0,0,0,0,0,0,0,0,0,0,2,0,0
68188,0,0,0,0,0,0,0,0,0,0,0,0,0,0,0,2,0,0
68198,0,0,0,0,0,0,0,0,0,0,0,0,0,0,0,2,0,0
68208,0,0,0,0,0,0,0,0,0,0,0,0,0,0,0,2,0,0
68218,0,0,0,0,0,0,0,0,0,0,0,0,0,0,0,2,0,0
68228,0,0,0,0,0,0,0,0,0,0,0,0,0,0,0,2,0,0
68238,0,0,0,0,0,0,0,0,0,0,0,0,0,0,0,2,0,0
68248,0,0,0,0,0,0,0,0,0,0,0,0,0,0,0,2,0,0
68258,0,0,0,0,0,0,0,0,0,0,0,0,0,0,0,2,0,0
68268,0,0,0,0,0,0,0,0,0,0,0,0,0,0,0,2,0,0
68278,0,0,0,0,0,0,0,0,0,0,0,0,0,0,0,2,0,0
68288,0,0,0,0,0,0,0,0,0,0,0,0,0,0,0,2,0,0
68298,0,0,0,0,0,0,0,0,0,0,0,0,0,0,0,2,0,0
68308,0,0,0,0,0,0,0,0,0,0,0,0,0,0,0,2,0,0
68318,0,0,0,0,0,0,0,0,0,0,0,0,0,0,0,2,0,0
68328,0,0,0,0,0,0,0,0,0,0,0,0,0,0,0,2,0,0
68338,0,0,0,0,0,0,0,0,0,0,0,0,0,0,0,2,0,0
68348,0,0,0,0,0,0,0,0,0,0,0,0,0,0,0,2,0,0
68358,0,0,0,0,0,0,0,0,0,0,0,0,0,0,0,2,0,0
68368,0,0,0,0,0,0,0,0,0,0,0,0,0,0,0,2,0,0
68378,0,0,0,0,0,0,0,0,0,0,0,0,0,0,0,2,0,0
68388,0,0,0,0,0,0,0,0,0,0,0,0,0,0,0,2,0,0
68398,0,0,0,0,0,0,0,0,0,0,0,0,0,0,0,2,0,0
68408,0,0,0,0,0,0,0,0,0,0,0,0,0,0,0,2,0,0
68418,0,0,0,0,0,0,0,0,0,0,0,0,0,0,0,2,0,0
68428,0,0,0,0,0,0,0,0,0,0,0,0,0,0,0,2,0,0
68438,0,0,0,0,0,0,0,0,0,0,0,0,0,0,0,2,0,0
68448,0,0,0,0,0,0,0,0,0,0,0,0,0,0,0,2,0,0
68458,0,0,0,0,0,0,0,0,0,0,0,0,0,0,0,2,0,0
68468,0,0,0,0,0,0,0,0,0,0,0,0,0,0,0,2,0,0
68478,0,0,0,0,0,0,0,0,0,0,0,0,0,0,0,2,0,0
68488,0,0,0,0,0,0,0,0,0,0,0,0,0,0,0,2,0,0
68498,0,0,0,0,0,0,0,0,0,0,0,0,0,0,0,2,0,0
68508,0,0,0,0,0,0,0,0,0,0,0,0,0,0,0,2,0,0
68518,0,0,0,0,0,0,0,0,0,0,0,0,0,0,0,2,0,0
68528,0,0,0,0,0,0,0,0,0,0,0,0,0,0,0,2,0,0
68538,0,0,0,0,0,0,0,0,0,0,0,0,0,0,0,2,0,0
68548,0,0,0,0,0,0,0,0,0,0,0,0,0,0,0,2,0,0
68558,0,0,0,0,0,0,0,0,0,0,0,0,0,0,0,2,0,0
68568,0,0,0,0,0,0,0,0,0,0,0,0,0,0,0,2,0,0
68578,0,0,0,0,0,0,0,0,0,0,0,0,0,0,0,2,0,0
68588,0,0,0,0,0,0,0,0,0,0,0,0,0,0,0,2,0,0
68598,0,0,0,0,0,0,0,0,0,0,0,0,0,0,0,2,0,0
68608,0,0,0,0,0,0,0,0,0,0,0,0,0,0,0,2,0,0
68618,0,0,0,0,0,0,0,0,0,0,0,0,0,0,0,2,0,0
68628,0,0,0,0,0,0,0,0,0,0,0,0,0,0,0,2,0,0
68638,0,0,0,0,0,0,0,0,0,0,0,0,0,0,0,2,0,0
68648,0,0,0,0,0,0,0,0,0,0,0,0,0,0,0,2,0,0
68658,0,0,0,0,0,0,0,0,0,0,0,0,0,0,0,2,0,0
68668,0,0,0,0,0,0,0,0,0,0,0,0,0,0,0,2,0,0
68678,0,0,0,0,0,0,0,0,0,0,0,0,0,0,0,2,0,0
68688,0,0,0,0,0,0,0,0,0,0,0,0,0,0,0,2,0,0
68698,0,0,0,0,0,0,0,0,0,0,0,0,0,0,0,2,0,0
68708,0,0,0,0,0,0,0,0,0,0,0,0,0,0,0,2,0,0
68718,0,0,0,0,0,0,0,0,0,0,0,0,0,0,0,2,0,0
68728,0,0,0,0,0,0,0,0,0,0,0,0,0,0,0,2,0,0
68738,0,0,0,0,0,0,0,0,0,0,0,0,0,0,0,2,0,0
68748,0,0,0,0,0,0,0,0,0,0,0,0,0,0,0,2,0,0
68758,0,0,0,0,0,0,0,0,0,0,0,0,0,0,0,2,0,0
68768,0,0,0,0,0,0,0,0,0,0,0,0,0,0,0,2,0,0
68778,0,0,0,0,0,0,0,0,0,0,0,0,0,0,0,2,0,0
68788,0,0,0,0,0,0,0,0,0,0,0,0,0,0,0,2,0,0
68798,0,0,0,0,0,0,0,0,0,0,0,0,0,0,0,2,0,0
68808,0,0,0,0,0,0,0,0,0,0,0,0,0,0,0,2,0,0
68818,0,0,0,0,0,0,0,0,0,0,0,0,0,0,0,2,0,0
68828,0,0,0,0,0,0,0,0,0,0,0,0,0,0,0,2,0,0
68838,0,0,0,0,0,0,0,0,0,0,0,0,0,0,0,2,0,0
68848,0,0,0,0,0,0,0,0,0,0,0,0,0,0,0,2,0,0
68858,0,0,0,0,0,0,0,0,0,0,0,0,0,0,0,2,0,0
68868,0,0,0,0,0,0,0,0,0,0,0,0,0,0,0,2,0,0
68878,0,0,0,0,0,0,0,0,0,0,0,0,0,0,0,2,0,0
68888,0,0,0,0,0,0,0,0,0,0,0,0,0,0,0,2,0,0
68898,0,0,0,0,0,0,0,0,0,0,0,0,0,0,0,2,0,0
68908,0,0,0,0,0,0,0,0,0,0,0,0,0,0,0,2,0,0
68918,0,0,0,0,0,0,0,0,0,0,0,0,0,0,0,2,0,0
68928,0,0,0,0,0,0,0,0,0,0,0,0,0,0,0,2,0,0
68938,0,0,0,0,0,0,0,0,0,0,0,0,0,0,0,2,0,0
68948,0,0,0,0,0,0,0,0,0,0,0,0,0,0,0,2,0,0
68958,0,0,0,0,0,0,0,0,0,0,0,0,0,0,0,2,0,0
68968,0,0,0,0,0,0,0,0,0,0,0,0,0,0,0,2,0,0
68978,0,0,0,0,0,0,0,0,0,0,0,0,0,0,0,2,0,0
68988,0,0,0,0,0,0,0,0,0,0,0,0,0,0,0,2,0,0
68998,0,0,0,0,0,0,0,0,0,0,0,0,0,0,0,2,0,0
69008,0,0,0,0,0,0,0,0,0,0,0,0,0,0,0,2,0,0
69018,0,0,0,0,0,0,0,0,0,0,0,0,0,0,0,2,0,0
69028,0,0,0,0,0,0,0,0,0,0,0,0,0,0,0,2,0,0
69038,0,0,0,0,0,0,0,0,0,0,0,0,0,0,0,2,0,0
69048,0.068,0.002,-0.802,0,0,0,0,0,0,0,0,0,0,30,41,4,0,0
69058,0.137,0.005,-0.802,0,0,0,0,0,0,0,0,0,0,-10,1,4,0,0
69068,0.137,0.005,-0.802,0,0,0,0,0,0,0,0,0,0,-46,-35,4,0,0
69078,0.137,0.005,-0.802,0.008,0,0,0,0,0,0,-0.001,0.015,0.02,-46,-35,4,0.015,0.02
69088,0.205,0.008,-0.802,0.035,0.001,0,0,0,0.001,0,-0.004,-0.005,-0.001,-6,5,4,-0.005,-0.001
69098,0.274,0.011,-0.802,0.072,0.002,0.005,0,0.001,-0.002,0.001,-0.007,-0.023,-0.021,-42,-35,4,-0.023,-0.021
69108,0.342,0.015,-0.802,0.104,0.004,0.032,0,0.024,-0.002,0.003,-0.011,-0.021,-0.023,-2,5,4,-0.021,-0.023
69118,0.342,0.015,-0.802,0.133,0.005,0.057,0,0.045,0,0.007,-0.016,0,-0.005,38,11,4,0,-0.005
69128,0.479,0.018,-0.802,0.172,0.007,0.079,0.006,0.065,0.006,0.011,-0.021,-0.016,-0.028,-2,8,4,-0.016,-0.028
69138,0.479,0.018,-0.802,0.222,0.009,0.101,0.008,0.094,0.003,0.017,-0.027,0.007,-0.011,-9,8,4,0.007,-0.011
69148,0.548,0.014,-0.802,0.273,0.011,0.127,0.011,0.111,0.011,0.024,-0.036,0.031,-0.012,31,-6,4,0.031,-0.012
69158,0.617,0.006,-0.802,0.328,0.014,0.168,0.017,0.147,0.014,0.033,-0.042,0.015,-0.017,-9,18,4,0.015,-0.017
69168,0.617,0.006,-0.802,0.389,0.016,0.2,0.027,0.176,0.017,0.047,-0.044,0.019,-0.018,-25,18,4,0.019,-0.018
69178,0.685,-0.008,-0.802,0.445,0.017,0.234,0.027,0.213,0.013,0.066,-0.048,0.048,-0.027,15,0,4,0.048,-0.027
69188,0.753,-0.033,-0.802,0.503,0.015,0.273,0.033,0.246,0.023,0.085,-0.053,0.037,-0.017,-5,33,4,0.037,-0.017
69198,0.819,-0.069,-0.802,0.555,0.013,0.335,0.043,0.309,0.045,0.104,-0.057,0.039,-0.019,35,-7,4,0.039,-0.019
69208,0.883,-0.117,-0.802,0.601,0.008,0.371,0.058,0.339,0.046,0.123,-0.055,0.068,-0.028,75,33,4,0.068,-0.028
69218,0.883,-0.117,-0.802,0.649,-0.001,0.392,0.058,0.366,0.046,0.142,-0.049,0.068,-0.008,115,71,4,0.068,-0.008
69228,0.943,-0.179,-0.802,0.703,-0.017,0.43,0.06,0.404,0.045,0.173,-0.047,0.103,-0.027,155,31,4,0.103,-0.027
69238,0.943,-0.179,-0.802,0.763,-0.043,0.513,0.059,0.469,0.06,0.202,-0.051,0.138,-0.009,157,14,4,0.138,-0.009
69248,1.042,-0.34,-0.802,0.817,-0.072,0.481,0.052,0.453,0.053,0.232,-0.048,0.172,0.011,197,54,4,0.172,0.011
69258,1.042,-0.34,-0.802,0.864,-0.103,0.576,0.036,0.538,0.036,0.272,-0.047,0.212,-0.008,237,59,4,0.212,-0.008
69268,1.08,-0.436,-0.228,0.903,-0.135,0.529,0.018,0.517,0.026,0.31,-0.055,0.232,-0.02,277,38,4,0.232,-0.02
69278,1.109,-0.54,-0.192,0.941,-0.179,0.592,-0.017,0.543,0.009,0.348,-0.059,0.271,-0.002,317,62,4,0.271,-0.002
69288,1.109,-0.54,-0.192,0.982,-0.238,0.622,-0.035,0.618,-0.025,0.39,-0.062,0.312,-0.001,349,62,4,0.312,-0.001
69298,1.131,-0.646,-0.162,1.019,-0.299,0.642,-0.089,0.602,-0.074,0.439,-0.073,0.356,-0.017,389,22,4,0.356,-0.017
69308,1.142,-0.758,-0.133,1.053,-0.372,0.542,-0.02,0.568,-0.025,0.505,-0.102,0.408,-0.019,429,-18,4,0.408,-0.019
69318,1.142,-0.758,-0.133,1.081,-0.444,0.442,-0.003,0.463,0.021,0.578,-0.14,0.461,-0.038,469,-58,4,0.461,-0.038
69328,1.148,-0.869,-0.111,1.103,-0.511,0.342,0.01,0.356,0.012,0.634,-0.167,0.51,-0.071,509,-98,4,0.51,-0.071
69338,1.148,-0.869,-0.111,1.12,-0.586,0.242,-0.025,0.267,-0.024,0.667,-0.178,0.547,-0.098,549,-135,4,0.547,-0.098
69348,1.148,-0.978,-0.093,1.133,-0.661,0.142,0,0.172,0.013,0.685,-0.196,0.576,-0.126,589,-175,4,0.576,-0.126
69358,1.139,-1.09,-0.093,1.141,-0.729,0.222,-0.1,0.175,-0.024,0.715,-0.238,0.611,-0.166,629,-199,4,0.611,-0.166
69368,1.128,-1.197,-0.066,1.146,-0.793,0.322,-0.2,0.262,-0.177,0.706,-0.262,0.628,-0.198,669,-239,4,0.628,-0.198
69378,1.116,-1.3,-0.054,1.149,-0.852,0.422,-0.3,0.366,-0.27,0.703,-0.302,0.646,-0.237,702,-279,4,0.646,-0.237
69388,1.116,-1.3,-0.054,1.149,-0.921,0.462,-0.32,0.462,-0.291,0.689,-0.346,0.659,-0.271,702,-319,4,0.659,-0.271
69398,1.096,-1.405,-0.038,1.145,-1.006,0.362,-0.22,0.379,-0.265,0.663,-0.377,0.667,-0.307,662,-359,4,0.667,-0.307
69408,1.069,-1.511,-0.027,1.137,-1.101,0.262,-0.16,0.276,-0.171,0.648,-0.408,0.675,-0.342,702,-399,4,0.675,-0.342
69418,1.031,-1.619,-0.027,1.129,-1.191,0.162,-0.06,0.185,-0.078,0.638,-0.431,0.671,-0.374,742,-439,4,0.671,-0.374
69428,1.031,-1.619,-0.027,1.12,-1.268,0.062,-0.002,0.083,-0.013,0.625,-0.453,0.644,-0.405,782,-479,4,0.644,-0.405
69438,0.985,-1.727,-0.027,1.107,-1.347,0,0,0.003,0.002,0.615,-0.473,0.659,-0.435,787,-519,4,0.659,-0.435
69448,0.935,-1.832,-0.027,1.087,-1.435,0.057,-0.057,0.025,-0.018,0.624,-0.504,0.682,-0.47,756,-559,4,0.682,-0.47
69458,0.879,-1.935,-0.027,1.065,-1.517,0.093,-0.089,0.064,-0.037,0.645,-0.55,0.713,-0.513,796,-599,4,0.713,-0.513
69468,0.879,-1.935,-0.027,1.042,-1.59,0.193,-0.189,0.125,-0.178,0.659,-0.588,0.723,-0.553,823,-639,4,0.723,-0.553
69478,0.82,-2.035,-0.027,1.012,-1.667,0.293,-0.289,0.238,-0.242,0.648,-0.616,0.702,-0.586,863,-679,4,0.702,-0.586
69488,0.82,-2.035,-0.027,0.973,-1.753,0.243,-0.235,0.255,-0.222,0.648,-0.651,0.722,-0.624,868,-719,4,0.722,-0.624
69498,0.682,-2.229,-0.027,0.933,-1.835,0.143,-0.135,0.157,-0.166,0.637,-0.667,0.73,-0.653,904,-759,4,0.73,-0.653
69508,0.682,-2.229,-0.027,0.896,-1.906,0.043,-0.035,0.067,-0.082,0.607,-0.676,0.736,-0.677,904,-799,4,0.736,-0.677
69518,0.61,-2.32,-0.027,0.862,-1.968,0.063,-0.066,0.035,-0.027,0.58,-0.692,0.724,-0.705,864,-839,4,0.724,-0.705
69528,0.523,-2.412,-0.027,0.82,-2.034,0.163,-0.166,0.122,-0.119,0.577,-0.72,0.74,-0.738,824,-879,4,0.74,-0.738
69538,0.523,-2.412,-0.027,0.768,-2.11,0.263,-0.266,0.206,-0.22,0.592,-0.765,0.748,-0.781,796,-919,4,0.748,-0.781
69548,0.434,-2.499,-0.027,0.716,-2.183,0.203,-0.226,0.182,-0.244,0.608,-0.816,0.736,-0.826,836,-959,4,0.736,-0.826
69558,0.336,-2.583,-0.027,0.657,-2.259,0.107,-0.166,0.123,-0.162,0.587,-0.84,0.707,-0.859,804,-999,4,0.707,-0.859
69568,0.236,-2.663,-0.027,0.599,-2.329,0.021,-0.069,0.024,-0.113,0.548,-0.843,0.674,-0.881,844,-1039,4,0.674,-0.881
69578,0.236,-2.663,-0.027,0.545,-2.389,0.062,-0.084,0.037,-0.064,0.521,-0.851,0.68,-0.905,855,-1079,4,0.68,-0.905
69588,0.121,-2.74,-0.027,0.483,-2.452,0.04,-0.053,0.01,-0.045,0.49,-0.858,0.648,-0.928,815,-1119,4,0.648,-0.928
69598,0.004,-2.811,-0.027,0.408,-2.521,0.14,-0.153,0.095,-0.118,0.456,-0.871,0.651,-0.955,776,-1159,4,0.651,-0.955
69608,0.004,-2.811,-0.027,0.334,-2.585,0.24,-0.253,0.2,-0.205,0.426,-0.881,0.642,-0.98,776,-1199,4,0.642,-0.98
69618,-0.108,-2.877,-0.027,0.264,-2.641,0.213,-0.253,0.22,-0.237,0.412,-0.896,0.614,-1.007,736,-1239,4,0.614,-1.007
69628,-0.227,-2.939,-0.027,0.185,-2.697,0.213,-0.273,0.189,-0.247,0.415,-0.938,0.595,-1.047,765,-1279,4,0.595,-1.047
69638,-0.227,-2.939,-0.027,0.107,-2.749,0.313,-0.373,0.278,-0.338,0.38,-0.965,0.58,-1.081,765,-1319,4,0.58,-1.081
69648,-0.441,-3.053,-0.027,0.035,-2.794,0.413,-0.473,0.374,-0.424,0.32,-0.996,0.53,-1.116,725,-1359,4,0.53,-1.116
69658,-0.441,-3.053,-0.027,-0.045,-2.841,0.513,-0.573,0.476,-0.517,0.262,-1.036,0.516,-1.156,685,-1399,4,0.516,-1.156
69668,-0.529,-3.109,-0.027,-0.124,-2.885,0.613,-0.673,0.584,-0.625,0.188,-1.085,0.479,-1.2,645,-1439,4,0.479,-1.2
69678,-0.588,-3.168,-0.027,-0.209,-2.931,0.713,-0.773,0.68,-0.737,0.1,-1.149,0.416,-1.251,673,-1479,4,0.416,-1.251
69688,-0.588,-3.168,-0.027,-0.302,-2.98,0.798,-0.873,0.783,-0.834,0.027,-1.221,0.359,-1.307,673,-1519,4,0.359,-1.307
69698,-0.626,-3.231,-0.027,-0.387,-3.026,0.769,-0.973,0.787,-0.913,-0.015,-1.295,0.316,-1.365,643,-1559,4,0.316,-1.365
69708,-0.624,-3.301,-0.027,-0.464,-3.073,0.689,-1.073,0.756,-1.054,-0.009,-1.364,0.331,-1.419,615,-1599,4,0.331,-1.419
69718,-0.586,-3.377,-0.027,-0.528,-3.116,0.778,-1.173,0.76,-1.148,-0.02,-1.454,0.327,-1.483,650,-1639,4,0.327,-1.483
69728,-0.521,-3.458,-0.027,-0.574,-3.155,0.846,-1.273,0.833,-1.221,-0.027,-1.548,0.308,-1.55,690,-1679,4,0.308,-1.55
69738,-0.521,-3.458,-0.027,-0.606,-3.198,0.846,-1.343,0.863,-1.328,-0.024,-1.624,0.296,-1.609,695,-1719,4,0.296,-1.609
69748,-0.424,-3.54,-0.027,-0.619,-3.252,0.746,-1.248,0.779,-1.289,-0.06,-1.665,0.296,-1.651,707,-1759,4,0.296,-1.651
69758,-0.298,-3.621,-0.027,-0.608,-3.315,0.776,-1.348,0.789,-1.318,-0.127,-1.65,0.284,-1.665,679,-1799,4,0.284,-1.665
69768,-0.298,-3.621,-0.027,-0.582,-3.377,0.863,-1.448,0.833,-1.406,-0.18,-1.605,0.26,-1.664,679,-1839,4,0.26,-1.664
69778,-0.169,-3.698,-0.027,-0.544,-3.433,0.856,-1.548,0.865,-1.529,-0.196,-1.548,0.256,-1.656,687,-1879,4,0.256,-1.656
69788,-0.024,-3.771,-0.027,-0.482,-3.493,0.776,-1.648,0.833,-1.621,-0.189,-1.542,0.244,-1.67,715,-1919,4,0.244,-1.67
69798,0.104,-3.838,-0.027,-0.411,-3.55,0.758,-1.748,0.804,-1.695,-0.184,-1.601,0.247,-1.717,755,-1959,4,0.247,-1.717
69808,0.104,-3.838,-0.027,-0.337,-3.601,0.693,-1.808,0.729,-1.79,-0.179,-1.679,0.254,-1.776,795,-1994,4,0.254,-1.776
69818,0.206,-3.902,-0.027,-0.246,-3.655,0.643,-1.819,0.669,-1.812,-0.186,-1.741,0.265,-1.829,755,-1954,4,0.265,-1.829
69828,0.277,-3.967,-0.027,-0.137,-3.715,0.631,-1.88,0.679,-1.867,-0.17,-1.73,0.291,-1.846,732,-1914,4,0.291,-1.846
69838,0.277,-3.967,-0.027,-0.032,-3.771,0.56,-1.936,0.612,-1.904,-0.154,-1.641,0.32,-1.821,732,-1901,4,0.32,-1.821
69848,0.307,-3.988,-0.027,0.059,-3.818,0.514,-1.953,0.546,-1.975,-0.173,-1.572,0.292,-1.765,696,-1936,4,0.292,-1.765
69858,0.314,-3.987,-0.027,0.142,-3.867,0.447,-1.941,0.462,-1.937,-0.211,-1.567,0.262,-1.74,656,-1969,4,0.262,-1.74
69868,0.314,-3.987,-0.027,0.21,-3.912,0.387,-1.947,0.432,-1.926,-0.221,-1.608,0.255,-1.753,627,-1969,4,0.255,-1.753
69878,0.301,-3.988,-0.027,0.259,-3.947,0.357,-1.927,0.382,-1.921,-0.168,-1.618,0.262,-1.777,587,-1930,4,0.262,-1.777
69888,0.301,-3.988,-0.027,0.292,-3.972,0.348,-2.027,0.356,-2.024,-0.13,-1.599,0.263,-1.785,574,-1930,4,0.263,-1.785
69898,0.229,-3.993,-0.027,0.311,-3.986,0.289,-2.087,0.321,-2.059,-0.143,-1.567,0.243,-1.769,534,-1970,4,0.243,-1.769
69908,0.19,-3.995,-0.027,0.318,-3.992,0.189,-1.987,0.246,-1.998,-0.148,-1.542,0.219,-1.737,494,-2010,4,0.219,-1.737
69918,0.19,-3.995,-0.027,0.317,-3.993,0.169,-1.887,0.152,-1.918,-0.145,-1.558,0.214,-1.743,454,-2039,4,0.214,-1.743
69928,0.149,-3.997,-0.027,0.303,-3.993,0.22,-1.887,0.219,-1.847,-0.128,-1.582,0.203,-1.775,414,-2077,4,0.203,-1.775
69938,0.149,-3.997,-0.027,0.274,-3.993,0.203,-1.987,0.242,-1.953,-0.103,-1.596,0.195,-1.803,374,-2077,4,0.195,-1.803
69948,0.1,-3.998,-0.027,0.241,-3.994,0.204,-2.087,0.205,-2.065,-0.089,-1.6,0.182,-1.82,384,-2117,4,0.182,-1.82
69958,0.1,-3.998,-0.027,0.209,-3.995,0.189,-2.133,0.193,-2.089,-0.101,-1.585,0.157,-1.832,384,-2118,4,0.157,-1.832
69968,0.017,-3.931,-0.027,0.181,-3.995,0.177,-2.233,0.188,-2.206,-0.113,-1.552,0.131,-1.815,344,-2158,4,0.131,-1.815
69978,-0.013,-3.862,-0.027,0.155,-3.996,0.141,-2.241,0.15,-2.246,-0.121,-1.524,0.132,-1.822,342,-2198,4,0.132,-1.822
69988,-0.013,-3.862,-0.027,0.131,-3.997,0.155,-2.313,0.154,-2.263,-0.117,-1.528,0.133,-1.822,342,-2238,4,0.133,-1.822
69998,-0.042,-3.931,-0.027,0.103,-3.989,0.131,-2.266,0.15,-2.294,-0.097,-1.571,0.123,-1.862,302,-2278,4,0.123,-1.862
70008,-0.06,-3.862,-0.027,0.066,-3.963,0.138,-2.326,0.143,-2.286,-0.077,-1.617,0.133,-1.906,262,-2281,4,0.133,-1.906
70018,-0.06,-3.862,-0.027,0.031,-3.927,0.113,-2.426,0.125,-2.378,-0.07,-1.611,0.136,-1.926,222,-2281,4,0.136,-1.926
70028,-0.076,-3.93,-0.027,0.002,-3.904,0.077,-2.426,0.083,-2.432,-0.078,-1.589,0.112,-1.934,182,-2321,4,0.112,-1.934
70038,-0.078,-3.862,-0.027,-0.023,-3.893,0.086,-2.434,0.113,-2.435,-0.104,-1.594,0.08,-1.937,142,-2361,4,0.08,-1.937
70048,-0.081,-3.793,-0.027,-0.043,-3.88,0.094,-2.474,0.088,-2.461,-0.12,-1.62,0.052,-1.949,102,-2401,4,0.052,-1.949
70058,-0.081,-3.793,-0.027,-0.057,-3.879,0.078,-2.525,0.079,-2.499,-0.11,-1.653,0.035,-1.986,66,-2427,4,0.035,-1.986
70068,-0.077,-3.862,-0.027,-0.068,-3.883,0.085,-2.565,0.089,-2.524,-0.069,-1.664,0.034,-2.013,27,-2467,4,0.034,-2.013
70078,-0.055,-3.793,-0.027,-0.076,-3.871,0.024,-2.581,0.04,-2.584,-0.082,-1.649,0.012,-2.025,-13,-2493,4,0.012,-2.025
70088,-0.055,-3.793,-0.027,-0.08,-3.846,0.051,-2.621,0.057,-2.618,-0.135,-1.649,-0.032,-2.037,-53,-2493,4,-0.032,-2.037
70098,-0.03,-3.725,-0.027,-0.081,-3.831,0.005,-2.601,0.032,-2.587,-0.173,-1.66,-0.072,-2.063,-41,-2453,4,-0.072,-2.063
70108,-0.005,-3.794,-0.027,-0.078,-3.824,0.033,-2.601,0.019,-2.602,-0.15,-1.669,-0.083,-2.081,-6,-2493,4,-0.083,-2.081
70118,-0.005,-3.794,-0.027,-0.071,-3.813,-0.004,-2.561,-0.001,-2.588,-0.152,-1.689,-0.102,-2.09,-6,-2533,4,-0.102,-2.09
70128,0.011,-3.725,-0.027,-0.061,-3.796,-0.044,-2.642,0.016,-2.615,-0.169,-1.664,-0.104,-2.06,-46,-2547,4,-0.104,-2.06
70138,0.034,-3.794,-0.027,-0.046,-3.779,-0.07,-2.659,-0.058,-2.636,-0.186,-1.629,-0.095,-2.062,-37,-2507,4,-0.095,-2.062
70148,0.051,-3.725,-0.027,-0.029,-3.776,-0.07,-2.619,-0.084,-2.623,-0.212,-1.636,-0.108,-2.084,-77,-2547,4,-0.108,-2.084
70158,0.071,-3.656,-0.027,-0.014,-3.771,-0.118,-2.63,-0.098,-2.618,-0.253,-1.665,-0.148,-2.104,-65,-2565,4,-0.148,-2.104
70168,0.071,-3.656,-0.027,0.001,-3.765,-0.129,-2.67,-0.099,-2.644,-0.254,-1.667,-0.146,-2.087,-65,-2565,4,-0.146,-2.087
70178,0.08,-3.724,-0.027,0.018,-3.762,-0.153,-2.65,-0.161,-2.679,-0.248,-1.638,-0.162,-2.094,-102,-2605,4,-0.162,-2.094
70188,0.08,-3.724,-0.027,0.035,-3.743,-0.214,-2.71,-0.165,-2.693,-0.251,-1.61,-0.158,-2.089,-102,-2620,4,-0.158,-2.089
70198,0.077,-3.656,-0.027,0.052,-3.713,-0.215,-2.722,-0.198,-2.688,-0.255,-1.59,-0.16,-2.078,-142,-2611,4,-0.16,-2.078
70208,0.067,-3.587,-0.027,0.064,-3.695,-0.238,-2.741,-0.242,-2.731,-0.274,-1.589,-0.187,-2.097,-139,-2595,4,-0.187,-2.097
70218,0.067,-3.587,-0.027,0.074,-3.694,-0.277,-2.781,-0.256,-2.756,-0.3,-1.601,-0.2,-2.11,-139,-2595,4,-0.2,-2.11
70228,0.06,-3.656,-0.027,0.079,-3.694,-0.329,-2.821,-0.293,-2.775,-0.287,-1.597,-0.216,-2.105,-179,-2635,4,-0.216,-2.105
70238,0.034,-3.588,-0.027,0.079,-3.675,-0.326,-2.814,-0.325,-2.801,-0.259,-1.6,-0.2,-2.097,-193,-2640,4,-0.2,-2.097
70248,0.017,-3.657,-0.027,0.076,-3.646,-0.321,-2.754,-0.298,-2.773,-0.241,-1.62,-0.19,-2.107,-233,-2680,4,-0.19,-2.107
70258,0,-3.588,-0.027,0.072,-3.627,-0.347,-2.824,-0.343,-2.787,-0.238,-1.632,-0.208,-2.134,-273,-2720,4,-0.208,-2.134
70268,0,-3.588,-0.027,0.064,-3.618,-0.341,-2.844,-0.332,-2.81,-0.239,-1.625,-0.216,-2.133,-313,-2732,4,-0.216,-2.133
70278,-0.016,-3.519,-0.027,0.051,-3.615,-0.33,-2.869,-0.311,-2.869,-0.24,-1.608,-0.237,-2.144,-342,-2772,4,-0.237,-2.144
70288,-0.016,-3.519,-0.027,0.035,-3.616,-0.348,-2.889,-0.35,-2.901,-0.225,-1.626,-0.249,-2.171,-342,-2812,4,-0.249,-2.171
70298,-0.029,-3.588,-0.027,0.02,-3.61,-0.335,-2.849,-0.344,-2.828,-0.186,-1.688,-0.251,-2.208,-335,-2772,4,-0.251,-2.208
70308,-0.035,-3.519,-0.027,0.006,-3.593,-0.303,-2.88,-0.31,-2.893,-0.13,-1.73,-0.238,-2.25,-375,-2800,4,-0.238,-2.25
70318,-0.024,-3.451,-0.027,-0.005,-3.567,-0.328,-2.98,-0.358,-2.937,-0.124,-1.726,-0.233,-2.269,-415,-2840,4,-0.233,-2.269
70328,-0.024,-3.451,-0.027,-0.014,-3.553,-0.302,-2.96,-0.297,-2.946,-0.144,-1.691,-0.239,-2.233,-455,-2880,4,-0.239,-2.233
70338,-0.023,-3.519,-0.027,-0.022,-3.547,-0.329,-2.961,-0.334,-2.959,-0.144,-1.673,-0.259,-2.237,-457,-2840,4,-0.259,-2.237
70348,0.002,-3.451,-0.027,-0.027,-3.53,-0.312,-2.981,-0.307,-2.988,-0.112,-1.718,-0.265,-2.277,-417,-2880,4,-0.265,-2.277
70358,0.002,-3.451,-0.027,-0.029,-3.503,-0.284,-2.981,-0.283,-2.97,-0.071,-1.767,-0.265,-2.322,-413,-2920,4,-0.265,-2.322
70368,0.014,-3.382,-0.027,-0.028,-3.487,-0.27,-3.021,-0.281,-3.017,-0.052,-1.772,-0.255,-2.306,-373,-2891,4,-0.255,-2.306
70378,0.044,-3.451,-0.027,-0.023,-3.48,-0.231,-3.121,-0.232,-3.052,-0.057,-1.733,-0.237,-2.308,-388,-2914,4,-0.237,-2.308
70388,0.044,-3.451,-0.027,-0.015,-3.47,-0.2,-3.121,-0.217,-3.143,-0.04,-1.693,-0.228,-2.308,-388,-2914,4,-0.228,-2.308
70398,0.075,-3.381,-0.027,-0.006,-3.453,-0.219,-3.131,-0.215,-3.139,-0.008,-1.693,-0.192,-2.291,-354,-2954,4,-0.192,-2.291
70408,0.105,-3.312,-0.027,0.007,-3.436,-0.209,-3.051,-0.242,-3.068,0.029,-1.716,-0.18,-2.314,-378,-2956,4,-0.18,-2.314
70418,0.105,-3.312,-0.027,0.021,-3.433,-0.173,-3.071,-0.201,-3.049,0.044,-1.715,-0.172,-2.315,-378,-2956,4,-0.172,-2.315
70428,0.138,-3.379,-0.027,0.037,-3.428,-0.167,-3.124,-0.176,-3.095,0.053,-1.695,-0.151,-2.325,-338,-2996,4,-0.151,-2.325
70438,0.138,-3.379,-0.027,0.056,-3.405,-0.175,-3.123,-0.202,-3.143,0.052,-1.676,-0.163,-2.316,-298,-3015,4,-0.163,-2.316
70448,0.164,-3.31,-0.027,0.077,-3.373,-0.189,-3.133,-0.18,-3.106,0.071,-1.665,-0.155,-2.31,-338,-3055,4,-0.155,-2.31
70458,0.167,-3.241,-0.027,0.096,-3.352,-0.183,-3.19,-0.202,-3.164,0.113,-1.666,-0.114,-2.331,-298,-3048,4,-0.114,-2.331
70468,0.167,-3.241,-0.027,0.115,-3.35,-0.151,-3.19,-0.176,-3.18,0.137,-1.66,-0.081,-2.338,-258,-3048,4,-0.081,-2.338
70478,0.166,-3.31,-0.027,0.132,-3.348,-0.169,-3.29,-0.167,-3.268,0.133,-1.636,-0.102,-2.346,-218,-3088,4,-0.102,-2.346
70488,0.154,-3.241,-0.027,0.147,-3.33,-0.16,-3.35,-0.18,-3.313,0.125,-1.599,-0.086,-2.325,-178,-3094,4,-0.086,-2.325
70498,0.128,-3.174,-0.027,0.158,-3.299,-0.117,-3.286,-0.152,-3.293,0.128,-1.576,-0.065,-2.313,-196,-3134,4,-0.065,-2.313
70508,0.128,-3.174,-0.027,0.165,-3.281,-0.12,-3.274,-0.098,-3.297,0.168,-1.591,-0.027,-2.339,-196,-3168,4,-0.027,-2.339
70518,0.102,-3.106,-0.027,0.167,-3.272,-0.14,-3.21,-0.153,-3.207,0.217,-1.632,0.018,-2.361,-160,-3130,4,0.018,-2.361
70528,0.085,-3.175,-0.027,0.161,-3.252,-0.117,-3.22,-0.14,-3.232,0.235,-1.647,0.02,-2.39,-130,-3143,4,0.02,-2.39
70538,0.085,-3.175,-0.027,0.15,-3.225,-0.144,-3.314,-0.131,-3.32,0.217,-1.62,0.011,-2.396,-130,-3143,4,0.011,-2.396
70548,0.054,-3.107,-0.027,0.137,-3.192,-0.134,-3.391,-0.156,-3.367,0.207,-1.584,0.023,-2.358,-170,-3103,4,0.023,-2.358
70558,0.026,-3.039,-0.027,0.121,-3.165,-0.049,-3.352,-0.073,-3.343,0.21,-1.575,0.04,-2.358,-161,-3143,4,0.04,-2.358
70568,0.026,-3.039,-0.027,0.105,-3.157,-0.006,-3.35,-0.043,-3.336,0.223,-1.578,0.046,-2.361,-161,-3168,4,0.046,-2.361
70578,0.012,-3.108,-0.027,0.09,-3.149,0.053,-3.373,0.016,-3.389,0.216,-1.566,0.024,-2.335,-121,-3208,4,0.024,-2.335
70588,0.006,-3.039,-0.027,0.071,-3.128,0.104,-3.273,0.084,-3.283,0.232,-1.568,0.034,-2.355,-125,-3168,4,0.034,-2.355
70598,0.002,-2.971,-0.027,0.052,-3.096,0.11,-3.25,0.108,-3.228,0.267,-1.581,0.052,-2.374,-125,-3128,4,0.052,-2.374
70608,0.007,-3.039,-0.027,0.036,-3.077,0.127,-3.35,0.104,-3.312,0.286,-1.593,0.082,-2.4,-111,-3140,4,0.082,-2.4
70618,0.007,-3.039,-0.027,0.022,-3.069,0.198,-3.43,0.2,-3.424,0.289,-1.605,0.082,-2.387,-111,-3140,4,0.082,-2.387
70628,0.024,-2.971,-0.027,0.012,-3.049,0.277,-3.485,0.238,-3.481,0.271,-1.607,0.074,-2.368,-71,-3180,4,0.074,-2.368
70638,0.024,-2.971,-0.027,0.006,-3.03,0.305,-3.436,0.285,-3.434,0.246,-1.609,0.068,-2.374,-31,-3192,4,0.068,-2.374
70648,0.037,-2.902,-0.027,0.004,-3.024,0.277,-3.356,0.254,-3.367,0.245,-1.617,0.067,-2.378,9,-3232,4,0.067,-2.378
70658,0.063,-2.97,-0.027,0.006,-3.017,0.309,-3.376,0.282,-3.379,0.258,-1.626,0.093,-2.403,49,-3192,4,0.093,-2.403
70668,0.081,-2.901,-0.027,0.011,-3.003,0.297,-3.376,0.304,-3.39,0.276,-1.646,0.122,-2.418,82,-3232,4,0.122,-2.418
70678,0.098,-2.832,-0.027,0.018,-2.98,0.363,-3.426,0.33,-3.4,0.268,-1.669,0.139,-2.45,42,-3192,4,0.139,-2.45
70688,0.098,-2.832,-0.027,0.029,-2.96,0.404,-3.4,0.374,-3.378,0.225,-1.668,0.139,-2.43,2,-3152,4,0.139,-2.43
70698,0.116,-2.9,-0.027,0.044,-2.945,0.446,-3.42,0.432,-3.414,0.174,-1.662,0.13,-2.448,42,-3192,4,0.13,-2.448
70708,0.128,-2.831,-0.027,0.062,-2.92,0.412,-3.392,0.404,-3.395,0.142,-1.659,0.092,-2.426,82,-3232,4,0.092,-2.426
70718,0.128,-2.831,-0.027,0.078,-2.887,0.432,-3.336,0.411,-3.335,0.151,-1.677,0.076,-2.413,122,-3272,4,0.076,-2.413
70728,0.141,-2.761,-0.027,0.092,-2.868,0.488,-3.343,0.478,-3.327,0.2,-1.691,0.119,-2.441,162,-3274,4,0.119,-2.441
70738,0.141,-2.761,-0.027,0.105,-2.86,0.497,-3.443,0.477,-3.42,0.231,-1.675,0.156,-2.455,202,-3274,4,0.156,-2.455
70748,0.153,-2.761,-0.027,0.117,-2.849,0.516,-3.533,0.542,-3.511,0.24,-1.642,0.18,-2.458,242,-3280,4,0.18,-2.458
70758,0.153,-2.761,-0.027,0.126,-2.832,0.521,-3.614,0.5,-3.574,0.222,-1.619,0.193,-2.447,282,-3280,4,0.193,-2.447
70768,0.15,-2.692,-0.027,0.133,-2.807,0.554,-3.585,0.522,-3.603,0.208,-1.633,0.205,-2.452,322,-3320,4,0.205,-2.452
70778,0.144,-2.624,-0.027,0.14,-2.785,0.587,-3.485,0.565,-3.518,0.224,-1.689,0.232,-2.483,362,-3360,4,0.232,-2.483
70788,0.144,-2.624,-0.027,0.146,-2.77,0.636,-3.385,0.604,-3.398,0.292,-1.743,0.284,-2.51,402,-3399,4,0.284,-2.51
70798,0.143,-2.693,-0.027,0.15,-2.753,0.632,-3.305,0.608,-3.334,0.323,-1.771,0.323,-2.545,442,-3407,4,0.323,-2.545
70808,0.134,-2.624,-0.027,0.151,-2.722,0.552,-3.405,0.57,-3.418,0.25,-1.756,0.31,-2.559,455,-3367,4,0.31,-2.559
70818,0.122,-2.556,-0.027,0.149,-2.685,0.452,-3.492,0.519,-3.486,0.15,-1.736,0.28,-2.568,495,-3407,4,0.28,-2.568
70828,0.106,-2.488,-0.027,0.147,-2.663,0.481,-3.502,0.492,-3.45,0.05,-1.745,0.25,-2.575,535,-3447,4,0.25,-2.575
70838,0.106,-2.488,-0.027,0.144,-2.653,0.381,-3.402,0.396,-3.413,0.04,-1.745,0.247,-2.556,575,-3487,4,0.247,-2.556
70848,0.098,-2.557,-0.027,0.139,-2.633,0.343,-3.292,0.337,-3.369,0.079,-1.72,0.286,-2.564,535,-3447,4,0.286,-2.564
70858,0.095,-2.489,-0.027,0.131,-2.597,0.443,-3.252,0.39,-3.259,0.057,-1.686,0.298,-2.568,575,-3487,4,0.298,-2.568
70868,0.095,-2.489,-0.027,0.121,-2.555,0.543,-3.352,0.527,-3.307,-0.01,-1.665,0.285,-2.577,615,-3527,4,0.285,-2.577
70878,0.084,-2.421,-0.027,0.112,-2.529,0.559,-3.452,0.551,-3.392,-0.069,-1.655,0.235,-2.551,575,-3487,4,0.235,-2.551
70888,0.074,-2.352,-0.027,0.105,-2.517,0.539,-3.552,0.541,-3.555,-0.085,-1.635,0.245,-2.562,535,-3527,4,0.245,-2.562
70898,0.082,-2.421,-0.027,0.099,-2.505,0.568,-3.489,0.607,-3.507,-0.073,-1.614,0.271,-2.571,526,-3567,4,0.271,-2.571
70908,0.082,-2.421,-0.027,0.094,-2.488,0.535,-3.396,0.553,-3.441,-0.07,-1.644,0.252,-2.564,526,-3607,4,0.252,-2.564
70918,0.083,-2.352,-0.027,0.089,-2.455,0.502,-3.405,0.527,-3.395,-0.104,-1.708,0.217,-2.615,566,-3567,4,0.217,-2.615
70928,0.073,-2.284,-0.027,0.084,-2.424,0.502,-3.447,0.512,-3.418,-0.15,-1.748,0.19,-2.657,606,-3527,4,0.19,-2.657
70938,0.073,-2.284,-0.027,0.081,-2.411,0.453,-3.493,0.477,-3.494,-0.183,-1.715,0.172,-2.663,635,-3487,4,0.172,-2.663
70948,0.061,-2.216,-0.027,0.08,-2.399,0.46,-3.593,0.467,-3.561,-0.17,-1.634,0.197,-2.603,595,-3447,4,0.197,-2.603
70958,0.053,-2.284,-0.027,0.08,-2.374,0.436,-3.577,0.447,-3.572,-0.169,-1.582,0.219,-2.555,555,-3487,4,0.219,-2.555
70968,0.042,-2.216,-0.027,0.078,-2.341,0.396,-3.477,0.428,-3.498,-0.197,-1.597,0.221,-2.541,515,-3527,4,0.221,-2.541
70978,0.042,-2.216,-0.027,0.074,-2.305,0.363,-3.452,0.38,-3.48,-0.239,-1.645,0.18,-2.545,475,-3539,4,0.18,-2.545
70988,0.033,-2.148,-0.027,0.068,-2.276,0.366,-3.549,0.373,-3.529,-0.267,-1.663,0.144,-2.575,511,-3550,4,0.144,-2.575
70998,0.024,-2.079,-0.027,0.061,-2.257,0.411,-3.569,0.41,-3.563,-0.266,-1.638,0.124,-2.583,471,-3510,4,0.124,-2.583
71008,0.024,-2.079,-0.027,0.053,-2.24,0.332,-3.509,0.363,-3.528,-0.263,-1.582,0.106,-2.563,431,-3470,4,0.106,-2.563
71018,0.011,-2.011,-0.027,0.046,-2.218,0.262,-3.47,0.292,-3.531,-0.263,-1.499,0.124,-2.528,391,-3510,4,0.124,-2.528
71028,0.006,-2.079,-0.027,0.039,-2.183,0.276,-3.37,0.278,-3.397,-0.277,-1.443,0.097,-2.478,359,-3470,4,0.097,-2.478
71038,-0.004,-2.011,-0.027,0.032,-2.142,0.244,-3.349,0.28,-3.327,-0.284,-1.413,0.073,-2.443,399,-3510,4,0.073,-2.443
71048,-0.016,-1.942,-0.027,0.026,-2.101,0.179,-3.429,0.191,-3.461,-0.269,-1.362,0.061,-2.438,359,-3470,4,0.061,-2.438
71058,-0.016,-1.942,-0.027,0.019,-2.07,0.096,-3.482,0.144,-3.456,-0.261,-1.278,0.049,-2.378,319,-3436,4,0.049,-2.378
71068,-0.023,-1.873,-0.027,0.011,-2.05,0.079,-3.422,0.073,-3.428,-0.267,-1.183,0.066,-2.35,279,-3452,4,0.066,-2.35
71078,-0.036,-1.804,-0.027,0.003,-2.024,0.037,-3.322,0.062,-3.35,-0.287,-1.103,0.037,-2.289,239,-3451,4,0.037,-2.289
71088,-0.036,-1.804,-0.027,-0.005,-1.993,-0.025,-3.307,-0.002,-3.354,-0.306,-1.036,0.007,-2.238,199,-3451,4,0.007,-2.238
71098,-0.057,-1.873,-0.027,-0.012,-1.958,-0.089,-3.407,-0.062,-3.411,-0.287,-0.998,-0.005,-2.226,175,-3451,4,-0.005,-2.226
71108,-0.072,-1.803,-0.027,-0.019,-1.914,-0.114,-3.391,-0.1,-3.391,-0.26,-0.963,-0.011,-2.208,140,-3411,4,-0.011,-2.208
71118,-0.072,-1.803,-0.027,-0.027,-1.868,-0.145,-3.299,-0.158,-3.312,-0.263,-0.921,-0.031,-2.188,140,-3371,4,-0.031,-2.188
71128,-0.095,-1.734,-0.027,-0.034,-1.841,-0.226,-3.199,-0.196,-3.269,-0.268,-0.873,-0.046,-2.164,100,-3382,4,-0.046,-2.164
71138,-0.116,-1.664,-0.027,-0.045,-1.83,-0.278,-3.219,-0.253,-3.237,-0.268,-0.791,-0.064,-2.104,60,-3422,4,-0.064,-2.104
71148,-0.141,-1.593,-0.015,-0.056,-1.818,-0.351,-3.169,-0.326,-3.199,-0.273,-0.691,-0.066,-2.035,20,-3382,4,-0.066,-2.035
71158,-0.141,-1.593,-0.015,-0.068,-1.801,-0.366,-3.16,-0.334,-3.183,-0.279,-0.591,-0.089,-1.99,-20,-3342,4,-0.089,-1.99
71168,-0.165,-1.533,-0.012,-0.082,-1.769,-0.396,-3.205,-0.368,-3.216,-0.258,-0.491,-0.1,-1.96,-60,-3302,4,-0.1,-1.96
71178,-0.182,-1.474,-0.012,-0.099,-1.72,-0.433,-3.132,-0.413,-3.171,-0.242,-0.485,-0.111,-1.933,-100,-3262,4,-0.111,-1.933
71188,-0.182,-1.474,-0.012,-0.117,-1.668,-0.459,-3.032,-0.483,-3.074,-0.261,-0.509,-0.139,-1.925,-140,-3222,4,-0.139,-1.925
71198,-0.198,-1.414,-0.006,-0.133,-1.62,-0.545,-2.932,-0.506,-2.973,-0.299,-0.517,-0.178,-1.909,-180,-3182,4,-0.178,-1.909
71208,-0.198,-1.414,-0.006,-0.15,-1.571,-0.549,-2.94,-0.528,-2.999,-0.325,-0.501,-0.212,-1.882,-220,-3142,4,-0.212,-1.882
71218,-0.219,-1.295,-0.003,-0.165,-1.527,-0.616,-2.927,-0.606,-2.953,-0.32,-0.505,-0.23,-1.863,-260,-3102,4,-0.23,-1.863
71228,-0.224,-1.236,-0.002,-0.177,-1.488,-0.649,-2.827,-0.632,-2.849,-0.313,-0.495,-0.247,-1.84,-300,-3062,4,-0.247,-1.84
71238,-0.224,-1.236,-0.002,-0.188,-1.453,-0.66,-2.729,-0.646,-2.779,-0.315,-0.412,-0.268,-1.781,-340,-3022,4,-0.268,-1.781
71248,-0.227,-1.177,-0.002,-0.197,-1.414,-0.662,-2.739,-0.617,-2.777,-0.292,-0.312,-0.277,-1.711,-300,-2982,4,-0.277,-1.711
71258,-0.221,-1.12,-0.001,-0.207,-1.361,-0.697,-2.759,-0.683,-2.76,-0.236,-0.212,-0.27,-1.641,-340,-3022,4,-0.27,-1.641
71268,-0.221,-1.12,-0.001,-0.215,-1.308,-0.708,-2.685,-0.715,-2.722,-0.226,-0.222,-0.283,-1.62,-380,-3062,4,-0.283,-1.62
71278,-0.212,-1.064,-0.001,-0.221,-1.26,-0.719,-2.612,-0.72,-2.671,-0.274,-0.322,-0.285,-1.648,-420,-3022,4,-0.285,-1.648
71288,-0.212,-1.064,-0.001,-0.225,-1.213,-0.746,-2.608,-0.718,-2.628,-0.302,-0.385,-0.32,-1.702,-460,-2982,4,-0.32,-1.702
71298,-0.2,-1.008,0,-0.225,-1.17,-0.763,-2.564,-0.761,-2.594,-0.289,-0.341,-0.335,-1.705,-500,-2942,4,-0.335,-1.705
71308,-0.183,-0.953,0,-0.223,-1.133,-0.81,-2.539,-0.795,-2.539,-0.246,-0.241,-0.335,-1.635,-540,-2902,4,-0.335,-1.635
71318,-0.183,-0.953,0,-0.219,-1.1,-0.78,-2.439,-0.791,-2.511,-0.203,-0.142,-0.333,-1.566,-580,-2862,4,-0.333,-1.566
71328,-0.167,-0.898,0.002,-0.215,-1.071,-0.818,-2.417,-0.813,-2.458,-0.197,-0.171,-0.348,-1.555,-540,-2822,4,-0.348,-1.555
71338,-0.167,-0.898,0.002,-0.207,-1.036,-0.764,-2.361,-0.781,-2.398,-0.227,-0.25,-0.382,-1.573,-500,-2782,4,-0.382,-1.573
71348,-0.131,-0.788,0.004,-0.198,-1.001,-0.742,-2.3,-0.778,-2.347,-0.251,-0.301,-0.415,-1.58,-460,-2742,4,-0.415,-1.58
71358,-0.131,-0.788,0.004,-0.188,-0.968,-0.742,-2.2,-0.748,-2.247,-0.242,-0.305,-0.392,-1.564,-420,-2702,4,-0.392,-1.564
71368,-0.06,-0.738,0.002,-0.179,-0.936,-0.728,-2.12,-0.755,-2.187,-0.17,-0.251,-0.338,-1.519,-460,-2742,4,-0.338,-1.519
71378,-0.043,-0.682,0.001,-0.168,-0.9,-0.779,-2.12,-0.786,-2.148,-0.072,-0.17,-0.269,-1.459,-500,-2702,4,-0.269,-1.459
71388,-0.043,-0.682,0.001,-0.154,-0.857,-0.724,-2.08,-0.764,-2.121,-0.023,-0.116,-0.223,-1.41,-540,-2662,4,-0.223,-1.41
71398,0.022,-0.622,0.001,-0.134,-0.816,-0.624,-1.98,-0.658,-2.017,-0.073,-0.13,-0.264,-1.435,-580,-2622,4,-0.264,-1.435
71408,0.022,-0.622,0.001,-0.099,-0.764,-0.563,-1.86,-0.573,-1.921,-0.16,-0.183,-0.328,-1.441,-620,-2582,4,-0.328,-1.441
71418,0.075,-0.541,0.001,-0.077,-0.732,-0.602,-1.84,-0.589,-1.889,-0.174,-0.22,-0.357,-1.44,-660,-2542,4,-0.357,-1.44
71428,0.066,-0.265,0,-0.049,-0.695,-0.587,-1.8,-0.616,-1.839,-0.15,-0.246,-0.366,-1.433,-620,-2502,4,-0.366,-1.433
71438,0.042,-0.069,0,-0.02,-0.661,-0.593,-1.74,-0.583,-1.752,-0.108,-0.239,-0.366,-1.412,-660,-2542,4,-0.366,-1.412
71448,0.025,-0.004,0.001,0.009,-0.628,-0.514,-1.68,-0.539,-1.721,-0.018,-0.162,-0.343,-1.356,-700,-2502,4,-0.343,-1.356
71458,0.026,0.003,0.001,0.037,-0.558,-0.473,-1.612,-0.527,-1.687,0.082,-0.082,-0.273,-1.295,-660,-2462,4,-0.273,-1.295
71468,0.026,0.003,0.001,0.053,-0.432,-0.373,-1.512,-0.426,-1.541,0.145,-0.046,-0.259,-1.295,-649,-2422,4,-0.259,-1.295
71478,0.047,0.019,0.002,0.054,-0.28,-0.273,-1.412,-0.317,-1.467,0.149,-0.048,-0.275,-1.275,-609,-2382,4,-0.275,-1.275
71488,0.091,0.057,0.002,0.048,-0.147,-0.173,-1.312,-0.203,-1.372,0.144,-0.05,-0.258,-1.256,-649,-2342,4,-0.258,-1.256
71498,0.091,0.057,0.002,0.04,-0.054,-0.073,-1.212,-0.143,-1.253,0.149,-0.022,-0.249,-1.223,-673,-2302,4,-0.249,-1.223
71508,0.128,0.102,0.003,0.035,0,-0.07,-1.112,-0.045,-1.167,0.08,-0.073,-0.262,-1.225,-633,-2262,4,-0.262,-1.225
71518,0.161,0.151,0.003,0.042,0.032,-0.17,-1.012,-0.125,-1.071,0.029,-0.109,-0.309,-1.225,-593,-2222,4,-0.309,-1.225
71528,0.19,0.202,0.004,0.057,0.052,-0.27,-0.992,-0.251,-1.025,0.029,-0.09,-0.323,-1.198,-553,-2182,4,-0.323,-1.198
71538,0.19,0.202,0.004,0.076,0.066,-0.266,-0.954,-0.253,-0.985,0.114,-0.005,-0.263,-1.137,-513,-2142,4,-0.263,-1.137
71548,0.216,0.255,0.003,0.101,0.087,-0.211,-0.914,-0.234,-0.956,0.214,0.095,-0.193,-1.067,-473,-2102,4,-0.193,-1.067
71558,0.216,0.255,0.003,0.13,0.118,-0.165,-0.814,-0.193,-0.872,0.314,0.195,-0.123,-0.997,-433,-2062,4,-0.123,-0.997
71568,0.24,0.309,0.003,0.157,0.152,-0.177,-0.785,-0.193,-0.817,0.413,0.273,-0.054,-0.936,-393,-2022,4,-0.054,-0.936
71578,0.264,0.362,0.004,0.18,0.185,-0.187,-0.765,-0.214,-0.807,0.342,0.209,-0.062,-0.943,-353,-1982,4,-0.062,-0.943
71588,0.287,0.416,0.004,0.198,0.216,-0.188,-0.713,-0.185,-0.759,0.242,0.111,-0.092,-0.972,-313,-1942,4,-0.092,-0.972
71598,0.311,0.468,0.008,0.213,0.246,-0.13,-0.632,-0.146,-0.689,0.142,0.053,-0.122,-0.983,-273,-1902,4,-0.122,-0.983
71608,0.311,0.468,0.008,0.229,0.28,-0.1,-0.533,-0.116,-0.593,0.137,0.046,-0.109,-0.969,-248,-1862,4,-0.109,-0.969
71618,0.338,0.519,0.008,0.247,0.322,-0.121,-0.505,-0.112,-0.538,0.219,0.125,-0.05,-0.912,-208,-1822,4,-0.05,-0.912
71628,0.368,0.568,0.009,0.268,0.369,-0.022,-0.405,-0.062,-0.463,0.319,0.225,0.019,-0.842,-168,-1782,4,0.019,-0.842
71638,0.368,0.568,0.009,0.287,0.413,-0.003,-0.305,-0.017,-0.369,0.419,0.325,0.082,-0.772,-128,-1742,4,0.082,-0.772
71648,0.398,0.616,0.013,0.304,0.452,-0.042,-0.205,-0.025,-0.265,0.519,0.425,0.152,-0.702,-88,-1702,4,0.152,-0.702
71658,0.432,0.662,0.016,0.324,0.49,-0.099,-0.136,-0.098,-0.179,0.619,0.525,0.222,-0.632,-128,-1662,4,0.222,-0.632
71668,0.474,0.703,0.016,0.343,0.526,-0.078,-0.036,-0.071,-0.083,0.719,0.625,0.292,-0.562,-141,-1622,4,0.292,-0.562
71678,0.474,0.703,0.016,0.361,0.557,-0.081,-0.023,-0.082,-0.028,0.819,0.725,0.362,-0.492,-141,-1582,4,0.362,-0.492
71688,0.456,0.646,0.019,0.382,0.59,-0.052,0.028,-0.057,-0.018,0.773,0.647,0.326,-0.504,-181,-1542,4,0.326,-0.504
71698,0.507,0.68,0.019,0.408,0.627,-0.01,0.093,-0.039,0.072,0.673,0.547,0.27,-0.534,-141,-1502,4,0.27,-0.534
71708,0.489,0.622,0.018,0.436,0.661,0,0.016,-0.015,0.023,0.573,0.447,0.22,-0.564,-101,-1462,4,0.22,-0.564
71718,0.489,0.622,0.018,0.454,0.679,0.004,0.031,-0.024,0.013,0.473,0.347,0.15,-0.594,-61,-1422,4,0.15,-0.594
71728,0.538,0.655,0.011,0.469,0.682,-0.002,0.089,-0.011,0.057,0.373,0.302,0.12,-0.6,-88,-1382,4,0.12,-0.6
71738,0.51,0.604,0.011,0.482,0.676,0,0.012,-0.015,0.021,0.283,0.307,0.093,-0.578,-48,-1342,4,0.093,-0.578
71748,0.551,0.644,0.005,0.489,0.66,0,0.002,-0.022,-0.015,0.262,0.296,0.102,-0.562,-71,-1302,4,0.102,-0.562
71758,0.514,0.601,0,0.498,0.647,0,0,-0.014,-0.012,0.242,0.284,0.078,-0.549,-31,-1262,4,0.078,-0.549
71768,0.514,0.601,0,0.508,0.638,0.024,0.033,-0.002,-0.001,0.24,0.287,0.096,-0.528,9,-1222,4,0.096,-0.528
71778,0.545,0.649,-0.005,0.518,0.631,0.113,0.133,0.074,0.111,0.242,0.286,0.085,-0.508,49,-1182,4,0.085,-0.508
71788,0.545,0.649,-0.005,0.526,0.626,0.08,0.165,0.103,0.152,0.254,0.291,0.111,-0.486,68,-1142,4,0.111,-0.486
71798,0.503,0.61,-0.011,0.526,0.617,0.1,0.13,0.062,0.138,0.274,0.304,0.141,-0.459,28,-1102,4,0.141,-0.459
71808,0.523,0.667,-0.018,0.527,0.616,0.2,0.23,0.166,0.18,0.274,0.297,0.162,-0.442,68,-1062,4,0.162,-0.442
71818,0.523,0.667,-0.018,0.532,0.623,0.29,0.33,0.261,0.288,0.278,0.291,0.173,-0.425,108,-1022,4,0.173,-0.425
71828,0.473,0.633,-0.018,0.532,0.628,0.375,0.43,0.334,0.405,0.285,0.284,0.156,-0.409,148,-982,4,0.156,-0.409
71838,0.421,0.6,-0.018,0.527,0.633,0.411,0.484,0.392,0.455,0.301,0.286,0.184,-0.388,188,-942,4,0.184,-0.388
71848,0.437,0.659,-0.015,0.524,0.643,0.311,0.384,0.333,0.406,0.309,0.288,0.208,-0.367,228,-902,4,0.208,-0.367
71858,0.437,0.659,-0.015,0.517,0.649,0.239,0.284,0.234,0.309,0.32,0.292,0.233,-0.346,245,-862,4,0.233,-0.346
71868,0.391,0.62,-0.011,0.496,0.644,0.339,0.364,0.283,0.338,0.326,0.297,0.257,-0.323,285,-822,4,0.257,-0.323
71878,0.352,0.577,-0.007,0.471,0.638,0.259,0.284,0.281,0.287,0.338,0.308,0.283,-0.298,325,-782,4,0.283,-0.298
71888,0.352,0.577,-0.007,0.452,0.64,0.255,0.264,0.22,0.253,0.366,0.332,0.305,-0.266,337,-742,4,0.305,-0.266
71898,0.379,0.628,-0.004,0.434,0.642,0.355,0.364,0.334,0.314,0.365,0.337,0.325,-0.243,377,-702,4,0.325,-0.243
71908,0.379,0.628,-0.004,0.412,0.631,0.335,0.344,0.359,0.336,0.381,0.352,0.352,-0.216,417,-662,4,0.352,-0.216
71918,0.345,0.581,-0.001,0.387,0.613,0.235,0.244,0.221,0.288,0.413,0.378,0.374,-0.183,457,-622,4,0.374,-0.183
71928,0.317,0.532,-0.001,0.372,0.603,0.155,0.149,0.172,0.151,0.417,0.386,0.397,-0.158,463,-582,4,0.397,-0.158
71938,0.286,0.484,-0.001,0.367,0.605,0.255,0.249,0.221,0.218,0.445,0.415,0.43,-0.125,503,-542,4,0.43,-0.125
71948,0.255,0.435,0.001,0.364,0.606,0.295,0.275,0.297,0.276,0.471,0.446,0.463,-0.089,543,-502,4,0.463,-0.089
71958,0.255,0.435,0.001,0.355,0.594,0.335,0.314,0.305,0.259,0.485,0.461,0.474,-0.061,556,-462,4,0.474,-0.061
71968,0.279,0.487,0.003,0.337,0.568,0.318,0.3,0.339,0.295,0.491,0.46,0.497,-0.041,596,-422,4,0.497,-0.041
71978,0.246,0.44,0.004,0.314,0.53,0.218,0.2,0.245,0.244,0.488,0.461,0.515,-0.02,556,-382,4,0.515,-0.02
71988,0.246,0.44,0.004,0.289,0.49,0.118,0.1,0.164,0.108,0.483,0.459,0.519,-0.002,516,-342,4,0.519,-0.002
71998,0.167,0.305,0.005,0.273,0.466,0.098,0.1,0.061,0.073,0.492,0.462,0.544,0.02,556,-302,4,0.544,0.02
72008,0.056,0.165,0.005,0.264,0.456,0.072,0.083,0.073,0.109,0.486,0.461,0.521,0.04,596,-262,4,0.521,0.04
72018,0.056,0.165,0.005,0.256,0.448,0.141,0.163,0.126,0.125,0.479,0.473,0.497,0.065,636,-222,4,0.497,0.065
72028,0.014,0.046,0.005,0.24,0.426,0.121,0.126,0.131,0.132,0.495,0.496,0.525,0.096,676,-182,4,0.525,0.096
72038,0,0.008,0.005,0.202,0.369,0.021,0.026,0.036,0.053,0.514,0.509,0.555,0.123,716,-142,4,0.555,0.123
72048,0,0.002,0.003,0.149,0.295,0.12,0.126,0.088,0.074,0.508,0.511,0.572,0.144,756,-102,4,0.572,0.144
72058,0,0.002,0.003,0.099,0.216,0.22,0.226,0.18,0.182,0.491,0.508,0.584,0.163,796,-62,4,0.584,0.163
72068,-0.001,0,0.002,0.055,0.137,0.22,0.226,0.227,0.249,0.456,0.488,0.587,0.174,836,-22,4,0.587,0.174
72078,-0.004,0,0.002,0.023,0.07,0.3,0.306,0.31,0.285,0.413,0.451,0.586,0.176,876,18,4,0.586,0.176
72088,-0.004,0,0.002,0.004,0.026,0.36,0.347,0.341,0.338,0.355,0.421,0.578,0.18,916,58,4,0.578,0.18
72098,-0.012,-0.002,0.003,-0.005,0.001,0.28,0.264,0.337,0.289,0.275,0.399,0.558,0.189,956,98,4,0.558,0.189
72108,-0.031,-0.01,0.004,-0.008,-0.009,0.196,0.188,0.237,0.225,0.19,0.383,0.536,0.201,996,138,4,0.536,0.201
72118,-0.031,-0.01,0.004,-0.008,-0.011,0.196,0.188,0.188,0.192,0.129,0.378,0.525,0.218,1036,178,4,0.525,0.218
72128,-0.082,-0.036,0.008,-0.008,-0.009,0.296,0.279,0.278,0.243,0.095,0.372,0.526,0.236,1076,218,4,0.526,0.236
72138,-0.131,-0.065,0.008,-0.011,-0.008,0.396,0.379,0.382,0.335,0.131,0.359,0.562,0.249,1036,258,4,0.562,0.249
72148,-0.18,-0.095,0.011,-0.018,-0.008,0.496,0.479,0.475,0.458,0.138,0.329,0.587,0.255,996,298,4,0.587,0.255
72158,-0.18,-0.095,0.011,-0.03,-0.011,0.596,0.579,0.579,0.558,0.09,0.298,0.585,0.259,956,338,4,0.585,0.259
72168,-0.229,-0.124,0.013,-0.054,-0.023,0.516,0.499,0.563,0.524,0.008,0.282,0.525,0.27,965,378,4,0.525,0.27
72178,-0.28,-0.151,0.012,-0.089,-0.042,0.416,0.399,0.47,0.436,-0.071,0.285,0.465,0.291,997,418,4,0.465,0.291
72188,-0.28,-0.151,0.012,-0.127,-0.063,0.316,0.299,0.365,0.361,-0.104,0.296,0.426,0.316,997,458,4,0.426,0.316
72198,-0.33,-0.177,0.012,-0.162,-0.083,0.276,0.282,0.292,0.281,-0.048,0.301,0.456,0.34,957,498,4,0.456,0.34
72208,-0.382,-0.201,0.011,-0.199,-0.105,0.376,0.382,0.362,0.362,0.02,0.265,0.506,0.343,917,458,4,0.506,0.343
72218,-0.382,-0.201,0.011,-0.235,-0.126,0.476,0.482,0.456,0.456,0.041,0.21,0.519,0.336,877,418,4,0.519,0.336
72228,-0.433,-0.227,0.01,-0.267,-0.144,0.515,0.575,0.521,0.561,0.004,0.155,0.482,0.329,917,458,4,0.482,0.329
72238,-0.433,-0.227,0.01,-0.303,-0.163,0.434,0.495,0.478,0.532,-0.074,0.082,0.425,0.273,957,498,4,0.425,0.273
72248,-0.484,-0.253,0.007,-0.337,-0.18,0.334,0.395,0.389,0.443,-0.174,-0.018,0.355,0.204,917,538,4,0.355,0.204
72258,-0.532,-0.284,0.007,-0.369,-0.196,0.234,0.295,0.292,0.353,-0.274,-0.118,0.325,0.174,877,535,4,0.325,0.174
72268,-0.579,-0.317,-0.005,-0.398,-0.21,0.134,0.195,0.181,0.241,-0.374,-0.218,0.295,0.144,837,569,4,0.295,0.144
72278,-0.622,-0.357,-0.013,-0.425,-0.223,0.034,0.095,0.085,0.143,-0.474,-0.318,0.225,0.114,797,529,4,0.225,0.114
72288,-0.622,-0.357,-0.013,-0.457,-0.24,0,0,0.014,0.051,-0.481,-0.404,0.197,0.067,757,489,4,0.197,0.067
72298,-0.662,-0.402,-0.013,-0.495,-0.262,0,0,0.02,0.018,-0.421,-0.361,0.206,0.102,717,480,4,0.206,0.102
72308,-0.694,-0.458,-0.019,-0.537,-0.29,-0.1,0.096,-0.039,0.08,-0.345,-0.313,0.223,0.107,677,440,4,0.223,0.107
72318,-0.694,-0.458,-0.019,-0.576,-0.318,-0.056,0.1,-0.059,0.121,-0.336,-0.334,0.212,0.08,637,400,4,0.212,0.08
72328,-0.719,-0.522,-0.033,-0.608,-0.345,-0.133,0.129,-0.086,0.136,-0.413,-0.431,0.155,0.028,597,360,4,0.155,0.028
72338,-0.719,-0.522,-0.033,-0.639,-0.377,-0.173,0.111,-0.166,0.146,-0.513,-0.531,0.085,-0.042,557,320,4,0.085,-0.042
72348,-0.731,-0.601,-0.038,-0.666,-0.411,-0.171,0.129,-0.141,0.124,-0.613,-0.631,0.015,-0.112,517,360,4,0.015,-0.112
72358,-0.734,-0.683,-0.039,-0.687,-0.445,-0.263,0.144,-0.196,0.122,-0.713,-0.731,-0.055,-0.182,477,320,4,-0.055,-0.182
72368,-0.65,-0.687,-0.039,-0.704,-0.478,-0.241,0.084,-0.226,0.098,-0.813,-0.831,-0.125,-0.252,437,280,4,-0.125,-0.252
72378,-0.647,-0.766,-0.035,-0.716,-0.512,-0.282,0.074,-0.266,0.102,-0.913,-0.931,-0.195,-0.282,397,240,4,-0.195,-0.282
72388,-0.647,-0.766,-0.035,-0.725,-0.559,-0.182,0.012,-0.189,0.033,-0.888,-0.836,-0.209,-0.261,357,200,4,-0.209,-0.261
72398,-0.568,-0.756,-0.036,-0.721,-0.61,-0.082,0.002,-0.094,0.005,-0.788,-0.736,-0.179,-0.231,317,160,4,-0.179,-0.231
72408,-0.568,-0.756,-0.036,-0.701,-0.66,0,0,-0.02,0.015,-0.688,-0.636,-0.149,-0.201,277,120,4,-0.149,-0.201
72418,-0.561,-0.831,-0.033,-0.679,-0.707,-0.096,-0.032,-0.041,0.004,-0.588,-0.536,-0.119,-0.171,237,80,4,-0.119,-0.171
72428,-0.497,-0.804,-0.028,-0.652,-0.741,-0.196,-0.036,-0.155,-0.034,-0.488,-0.436,-0.089,-0.141,197,54,4,-0.089,-0.141
72438,-0.501,-0.868,-0.028,-0.62,-0.758,-0.296,-0.042,-0.25,-0.04,-0.554,-0.504,-0.135,-0.188,157,85,4,-0.135,-0.188
72448,-0.458,-0.827,-0.018,-0.593,-0.774,-0.396,-0.1,-0.338,-0.087,-0.654,-0.604,-0.205,-0.258,117,45,4,-0.205,-0.258
72458,-0.458,-0.827,-0.018,-0.566,-0.792,-0.376,-0.046,-0.378,-0.051,-0.724,-0.652,-0.263,-0.299,77,5,4,-0.263,-0.299
72468,-0.479,-0.88,-0.015,-0.538,-0.81,-0.276,-0.005,-0.3,0.015,-0.686,-0.599,-0.267,-0.26,37,-35,4,-0.267,-0.26
72478,-0.446,-0.833,-0.015,-0.512,-0.827,-0.176,0,-0.194,-0.023,-0.594,-0.501,-0.242,-0.232,-3,-75,4,-0.242,-0.232
72488,-0.446,-0.833,-0.015,-0.487,-0.834,-0.176,-0.07,-0.153,-0.039,-0.525,-0.437,-0.226,-0.218,-43,-115,4,-0.226,-0.218
72498,-0.417,-0.784,-0.012,-0.473,-0.842,-0.276,-0.17,-0.247,-0.087,-0.482,-0.413,-0.224,-0.224,-83,-155,4,-0.224,-0.224
72508,-0.396,-0.858,-0.009,-0.464,-0.849,-0.296,-0.12,-0.288,-0.145,-0.455,-0.403,-0.23,-0.239,-123,-155,4,-0.23,-0.239
72518,-0.396,-0.858,-0.009,-0.456,-0.848,-0.284,-0.114,-0.283,-0.115,-0.478,-0.409,-0.259,-0.262,-163,-155,4,-0.259,-0.262
72528,-0.397,-0.794,-0.008,-0.447,-0.838,-0.184,-0.034,-0.211,-0.027,-0.498,-0.412,-0.291,-0.284,-203,-195,4,-0.291,-0.284
72538,-0.375,-0.741,-0.008,-0.433,-0.829,-0.184,-0.063,-0.199,-0.053,-0.485,-0.413,-0.304,-0.284,-243,-217,4,-0.304,-0.284
72548,-0.352,-0.814,-0.004,-0.418,-0.833,-0.084,-0.01,-0.1,-0.015,-0.479,-0.456,-0.321,-0.304,-283,-257,4,-0.321,-0.304
72558,-0.347,-0.754,-0.002,-0.406,-0.833,-0.084,-0.054,-0.048,-0.015,-0.488,-0.501,-0.346,-0.347,-323,-285,4,-0.346,-0.347
72568,-0.347,-0.754,-0.002,-0.396,-0.817,-0.118,-0.05,-0.088,-0.031,-0.485,-0.496,-0.364,-0.357,-363,-285,4,-0.364,-0.357
72578,-0.321,-0.827,-0.002,-0.384,-0.8,-0.218,-0.15,-0.165,-0.111,-0.492,-0.479,-0.387,-0.368,-403,-325,4,-0.387,-0.368
72588,-0.321,-0.827,-0.002,-0.37,-0.789,-0.254,-0.121,-0.229,-0.125,-0.498,-0.464,-0.41,-0.375,-443,-365,4,-0.41,-0.375
72598,-0.316,-0.768,-0.002,-0.359,-0.776,-0.154,-0.021,-0.168,-0.05,-0.493,-0.451,-0.428,-0.368,-483,-405,4,-0.428,-0.368
72608,-0.316,-0.768,-0.002,-0.348,-0.774,-0.054,-0.003,-0.089,0.005,-0.495,-0.46,-0.449,-0.392,-523,-413,4,-0.449,-0.392
72618,-0.244,-0.734,-0.001,-0.337,-0.786,-0.111,-0.091,-0.085,-0.046,-0.496,-0.476,-0.469,-0.42,-563,-453,4,-0.469,-0.42
72628,-0.23,-0.678,-0.003,-0.327,-0.795,-0.211,-0.191,-0.164,-0.147,-0.505,-0.5,-0.494,-0.452,-603,-469,4,-0.494,-0.452
72638,-0.186,-0.75,-0.003,-0.321,-0.791,-0.311,-0.291,-0.281,-0.236,-0.503,-0.53,-0.513,-0.47,-643,-509,4,-0.513,-0.47
72648,-0.161,-0.697,-0.007,-0.308,-0.78,-0.411,-0.376,-0.357,-0.346,-0.503,-0.592,-0.533,-0.52,-683,-549,4,-0.533,-0.52
72658,-0.085,-0.649,-0.008,-0.285,-0.757,-0.411,-0.356,-0.429,-0.355,-0.508,-0.674,-0.556,-0.569,-723,-589,4,-0.556,-0.569
72668,-0.085,-0.649,-0.008,-0.256,-0.736,-0.311,-0.256,-0.338,-0.276,-0.485,-0.744,-0.565,-0.624,-763,-628,4,-0.565,-0.624
72678,-0.015,-0.708,-0.008,-0.217,-0.722,-0.341,-0.253,-0.305,-0.257,-0.452,-0.81,-0.568,-0.678,-803,-668,4,-0.568,-0.678
72688,-0.015,-0.708,-0.008,-0.188,-0.709,-0.269,-0.178,-0.281,-0.186,-0.437,-0.833,-0.58,-0.71,-843,-708,4,-0.58,-0.71
72698,0.054,-0.645,-0.01,-0.148,-0.688,-0.354,-0.278,-0.335,-0.226,-0.402,-0.794,-0.584,-0.714,-883,-727,4,-0.584,-0.714
72708,0.117,-0.574,-0.014,-0.107,-0.677,-0.41,-0.338,-0.406,-0.344,-0.368,-0.715,-0.587,-0.694,-923,-767,4,-0.587,-0.694
72718,0.117,-0.574,-0.014,-0.067,-0.68,-0.31,-0.238,-0.326,-0.266,-0.345,-0.66,-0.595,-0.685,-963,-777,4,-0.595,-0.685
72728,0.211,-0.6,-0.014,-0.029,-0.681,-0.21,-0.143,-0.268,-0.149,-0.304,-0.623,-0.595,-0.676,-1003,-817,4,-0.595,-0.676
72738,0.252,-0.512,-0.014,0.015,-0.663,-0.306,-0.243,-0.325,-0.21,-0.243,-0.61,-0.585,-0.689,-1043,-857,4,-0.585,-0.689
72748,0.35,-0.506,-0.01,0.059,-0.634,-0.406,-0.343,-0.382,-0.307,-0.193,-0.607,-0.58,-0.692,-1083,-897,4,-0.58,-0.692
72758,0.35,-0.506,-0.01,0.103,-0.61,-0.386,-0.343,-0.427,-0.36,-0.15,-0.609,-0.578,-0.713,-1123,-937,4,-0.578,-0.713
72768,0.357,-0.413,-0.007,0.154,-0.586,-0.286,-0.243,-0.321,-0.263,-0.134,-0.597,-0.589,-0.728,-1118,-911,4,-0.589,-0.728
72778,0.443,-0.381,-0.004,0.211,-0.557,-0.266,-0.276,-0.289,-0.263,-0.124,-0.575,-0.604,-0.737,-1078,-951,4,-0.604,-0.737
72788,0.443,-0.381,-0.004,0.27,-0.532,-0.166,-0.176,-0.219,-0.213,-0.093,-0.572,-0.61,-0.754,-1038,-991,4,-0.61,-0.754
72798,0.523,-0.341,0,0.315,-0.504,-0.066,-0.096,-0.122,-0.103,-0.038,-0.584,-0.58,-0.747,-998,-1027,4,-0.58,-0.747
72808,0.523,-0.341,0,0.355,-0.465,-0.012,-0.036,-0.043,-0.067,0.024,-0.597,-0.529,-0.773,-958,-1027,4,-0.529,-0.773
72818,0.594,-0.296,0.002,0.393,-0.428,-0.002,-0.005,-0.028,-0.015,0.082,-0.598,-0.48,-0.795,-923,-1067,4,-0.48,-0.795
72828,0.658,-0.245,0.003,0.432,-0.396,-0.036,-0.035,-0.051,-0.019,0.125,-0.576,-0.438,-0.803,-963,-1107,4,-0.438,-0.803
72838,0.658,-0.245,0.003,0.47,-0.369,-0.117,-0.12,-0.117,-0.102,0.169,-0.537,-0.396,-0.784,-1003,-1147,4,-0.396,-0.784
72848,0.717,-0.19,0.002,0.508,-0.345,-0.024,-0.067,-0.05,-0.106,0.227,-0.494,-0.351,-0.782,-963,-1107,4,-0.351,-0.782
72858,0.717,-0.19,0.002,0.553,-0.317,-0.097,-0.107,-0.11,-0.086,0.259,-0.459,-0.352,-0.784,-923,-1067,4,-0.352,-0.784
72868,0.821,-0.065,0.002,0.598,-0.287,-0.067,-0.127,-0.091,-0.17,0.252,-0.448,-0.375,-0.798,-883,-1027,4,-0.375,-0.798
72878,0.821,-0.065,0.002,0.639,-0.257,-0.048,-0.07,-0.061,-0.084,0.272,-0.402,-0.346,-0.756,-843,-987,4,-0.346,-0.756
72888,0.868,0.002,0,0.676,-0.228,-0.024,-0.078,-0.042,-0.088,0.304,-0.345,-0.311,-0.708,-803,-947,4,-0.311,-0.708
72898,0.911,0.075,0,0.714,-0.191,-0.011,-0.028,-0.029,-0.039,0.378,-0.261,-0.256,-0.648,-843,-987,4,-0.256,-0.648
72908,0.952,0.15,-0.001,0.756,-0.144,-0.084,-0.128,-0.095,-0.132,0.473,-0.161,-0.189,-0.578,-803,-947,4,-0.189,-0.578
72918,0.952,0.15,-0.001,0.796,-0.097,-0.004,-0.132,-0.043,-0.134,0.572,-0.061,-0.119,-0.508,-763,-907,4,-0.119,-0.508
72928,0.988,0.229,-0.002,0.836,-0.043,-0.021,-0.145,-0.036,-0.138,0.582,0.039,-0.129,-0.478,-723,-947,4,-0.129,-0.478
72938,0.988,0.229,-0.002,0.876,0.018,-0.027,-0.245,-0.025,-0.236,0.486,0.013,-0.155,-0.466,-695,-987,4,-0.155,-0.466
72948,0.912,0.277,-0.003,0.912,0.076,-0.005,-0.345,-0.029,-0.348,0.386,-0.015,-0.185,-0.46,-655,-947,4,-0.185,-0.46
72958,0.912,0.277,-0.003,0.941,0.129,0.079,-0.445,0.069,-0.424,0.33,0.016,-0.198,-0.468,-615,-907,4,-0.198,-0.468
72968,0.986,0.402,-0.003,0.965,0.176,0.116,-0.415,0.079,-0.432,0.413,0.112,-0.145,-0.441,-575,-867,4,-0.145,-0.441
72978,0.905,0.439,0.002,0.971,0.214,0.13,-0.453,0.111,-0.457,0.513,0.195,-0.075,-0.378,-535,-827,4,-0.075,-0.378
72988,0.905,0.439,0.002,0.959,0.246,0.053,-0.353,0.069,-0.407,0.613,0.253,-0.005,-0.329,-495,-787,4,-0.005,-0.329
72998,0.953,0.471,0.009,0.951,0.282,0.019,-0.253,0.018,-0.298,0.713,0.337,0.065,-0.268,-455,-747,4,0.065,-0.268
73008,0.901,0.446,0.021,0.947,0.332,0.003,-0.153,-0.006,-0.206,0.813,0.429,0.135,-0.202,-415,-707,4,0.135,-0.202
73018,0.901,0.446,0.021,0.934,0.379,0,-0.053,-0.02,-0.092,0.913,0.451,0.205,-0.168,-375,-667,4,0.205,-0.168
73028,0.829,0.459,0.027,0.928,0.418,0,0,-0.001,-0.028,1.013,0.384,0.275,-0.178,-335,-627,4,0.275,-0.178
73038,0.829,0.459,0.027,0.925,0.444,0.009,-0.02,-0.005,-0.026,0.952,0.284,0.272,-0.208,-295,-587,4,0.272,-0.208
73048,0.79,0.41,0.028,0.918,0.455,0.075,-0.011,0.065,-0.043,0.852,0.184,0.242,-0.238,-255,-547,4,0.242,-0.238
73058,0.846,0.427,0.026,0.902,0.459,0.011,-0.002,0.025,-0.027,0.752,0.089,0.212,-0.266,-215,-507,4,0.212,-0.266
73068,0.846,0.427,0.026,0.877,0.461,0.002,0,-0.017,0.001,0.72,0.135,0.211,-0.228,-175,-467,4,0.211,-0.228
73078,0.798,0.394,0.023,0.85,0.455,0.011,0.032,-0.01,-0.009,0.814,0.217,0.276,-0.168,-135,-427,4,0.276,-0.168
73088,0.748,0.365,0.023,0.83,0.443,0.111,0.055,0.069,0.042,0.914,0.303,0.346,-0.105,-95,-387,4,0.346,-0.105
73098,0.798,0.394,0.016,0.826,0.434,0.023,0.008,0.055,0.006,0.892,0.312,0.361,-0.077,-55,-347,4,0.361,-0.077
73108,0.798,0.394,0.016,0.824,0.425,0.015,-0.002,0.016,0.01,0.792,0.248,0.332,-0.087,-15,-307,4,0.332,-0.087
73118,0.748,0.366,0.013,0.81,0.41,0.115,0.098,0.062,0.052,0.692,0.227,0.302,-0.08,0,-267,4,0.302,-0.08
73128,0.795,0.398,0.008,0.795,0.396,0.095,0.037,0.084,0.061,0.592,0.241,0.272,-0.054,40,-227,4,0.272,-0.054
73138,0.795,0.398,0.008,0.789,0.389,0.101,0.059,0.092,0.024,0.492,0.267,0.242,-0.021,80,-187,4,0.242,-0.021
73148,0.742,0.378,0.006,0.783,0.385,0.121,0.059,0.102,0.066,0.395,0.273,0.201,0.003,120,-147,4,0.201,0.003
73158,0.785,0.418,0.001,0.778,0.382,0.221,0.159,0.18,0.118,0.388,0.267,0.214,0.02,160,-107,4,0.214,0.02
73168,0.785,0.418,0.001,0.78,0.385,0.321,0.259,0.284,0.204,0.404,0.278,0.241,0.045,200,-67,4,0.241,0.045
73178,0.729,0.401,0,0.778,0.387,0.421,0.359,0.351,0.315,0.423,0.288,0.271,0.071,160,-27,4,0.271,0.071
73188,0.672,0.387,0,0.773,0.39,0.521,0.435,0.472,0.392,0.426,0.284,0.293,0.089,200,13,4,0.293,0.089
73198,0.716,0.424,0.002,0.774,0.399,0.601,0.441,0.571,0.434,0.465,0.314,0.33,0.122,240,53,4,0.33,0.122
73208,0.663,0.402,0.003,0.771,0.405,0.501,0.341,0.524,0.366,0.51,0.355,0.334,0.162,200,13,4,0.334,0.162
73218,0.663,0.402,0.003,0.752,0.405,0.421,0.301,0.445,0.31,0.527,0.368,0.363,0.19,160,0,4,0.363,0.19
73228,0.613,0.374,0.003,0.729,0.405,0.321,0.201,0.358,0.223,0.511,0.348,0.376,0.201,200,40,4,0.376,0.201
73238,0.613,0.374,0.003,0.71,0.407,0.221,0.101,0.248,0.129,0.507,0.342,0.353,0.177,240,80,4,0.353,0.177
73248,0.565,0.342,0.001,0.69,0.407,0.121,0.005,0.144,0.022,0.515,0.345,0.337,0.173,280,120,4,0.337,0.173
73258,0.565,0.342,0.001,0.669,0.402,0.021,0,0.03,-0.008,0.526,0.354,0.363,0.197,320,160,4,0.363,0.197
73268,0.568,0.337,0,0.646,0.393,0.107,0.085,0.078,0.054,0.524,0.355,0.382,0.217,360,200,4,0.382,0.217
73278,0.521,0.305,0.002,0.623,0.381,0.187,0.154,0.154,0.128,0.536,0.371,0.407,0.245,320,160,4,0.407,0.245
73288,0.521,0.305,0.002,0.598,0.366,0.087,0.054,0.115,0.074,0.542,0.377,0.431,0.268,280,120,4,0.431,0.268
73298,0.476,0.268,0.003,0.58,0.353,0.027,0.025,0.031,0.006,0.535,0.374,0.448,0.287,320,160,4,0.448,0.287
73308,0.476,0.268,0.003,0.564,0.34,0.127,0.125,0.075,0.098,0.533,0.375,0.427,0.268,360,200,4,0.427,0.268
73318,0.432,0.23,0.003,0.546,0.326,0.167,0.139,0.15,0.112,0.553,0.387,0.415,0.253,400,240,4,0.415,0.253
73328,0.438,0.216,0.003,0.527,0.31,0.167,0.133,0.156,0.122,0.57,0.392,0.444,0.276,440,280,4,0.444,0.276
73338,0.438,0.216,0.003,0.506,0.293,0.227,0.188,0.206,0.173,0.595,0.405,0.477,0.302,480,320,4,0.477,0.302
73348,0.177,0.056,0.003,0.485,0.275,0.127,0.088,0.147,0.104,0.62,0.421,0.509,0.33,520,360,4,0.509,0.33
73358,0.04,0.009,0.003,0.463,0.255,0.027,0.008,0.044,0.035,0.629,0.425,0.534,0.353,560,400,4,0.534,0.353
73368,0.005,0,0.003,0.448,0.236,0.005,0.011,0.013,-0.012,0.621,0.422,0.551,0.371,600,440,4,0.551,0.371
73378,0.005,0,0.003,0.407,0.204,0.105,0.111,0.08,0.059,0.623,0.429,0.571,0.394,640,480,4,0.571,0.394
73388,0,0,0.005,0.316,0.148,0.205,0.211,0.173,0.17,0.638,0.438,0.598,0.419,680,520,4,0.598,0.419
73398,0,-0.001,0.007,0.204,0.089,0.305,0.311,0.251,0.293,0.656,0.445,0.627,0.442,720,560,4,0.627,0.442
73408,0,-0.001,0.007,0.108,0.042,0.365,0.351,0.34,0.349,0.646,0.438,0.644,0.46,760,600,4,0.644,0.46
73418,-0.001,-0.005,0.007,0.041,0.012,0.305,0.271,0.303,0.272,0.6,0.41,0.642,0.466,800,640,4,0.642,0.466
73428,-0.009,-0.016,0.006,0.004,-0.004,0.385,0.331,0.368,0.353,0.542,0.39,0.633,0.476,840,680,4,0.633,0.476
73438,-0.009,-0.016,0.006,-0.013,-0.009,0.285,0.231,0.368,0.249,0.473,0.362,0.619,0.482,880,720,4,0.619,0.482
73448,-0.032,-0.044,0.006,-0.016,-0.01,0.207,0.131,0.234,0.177,0.393,0.302,0.599,0.473,920,760,4,0.599,0.473
73458,-0.032,-0.044,0.006,-0.015,-0.01,0.107,0.05,0.142,0.085,0.308,0.248,0.577,0.466,960,800,4,0.577,0.466
73468,-0.115,-0.124,0.007,-0.013,-0.012,0.133,0.09,0.141,0.082,0.215,0.197,0.551,0.46,1000,840,4,0.551,0.46
73478,-0.161,-0.159,0.009,-0.014,-0.017,0.233,0.19,0.211,0.171,0.155,0.149,0.539,0.456,1040,880,4,0.539,0.456
73488,-0.161,-0.159,0.009,-0.019,-0.026,0.333,0.29,0.334,0.271,0.178,0.143,0.567,0.471,1080,905,4,0.567,0.471
73498,-0.208,-0.192,0.01,-0.034,-0.044,0.433,0.39,0.428,0.37,0.203,0.145,0.601,0.493,1120,866,4,0.601,0.493
73508,-0.258,-0.222,0.012,-0.067,-0.076,0.533,0.49,0.502,0.462,0.157,0.092,0.601,0.488,1160,826,4,0.601,0.488
73518,-0.258,-0.222,0.012,-0.104,-0.11,0.633,0.562,0.608,0.571,0.065,0.008,0.576,0.459,1187,824,4,0.576,0.459
73528,-0.308,-0.251,0.012,-0.139,-0.14,0.613,0.502,0.648,0.548,-0.002,-0.036,0.561,0.416,1227,801,4,0.561,0.416
73538,-0.308,-0.251,0.012,-0.177,-0.17,0.513,0.402,0.559,0.436,-0.035,-0.041,0.564,0.393,1259,801,4,0.564,0.393
73548,-0.36,-0.277,0.006,-0.213,-0.195,0.413,0.302,0.462,0.347,-0.068,-0.062,0.561,0.382,1219,761,4,0.561,0.382
73558,-0.36,-0.277,0.006,-0.246,-0.216,0.313,0.202,0.371,0.25,-0.119,-0.125,0.556,0.341,1179,721,4,0.556,0.341
73568,-0.41,-0.306,0.001,-0.275,-0.233,0.213,0.102,0.27,0.156,-0.207,-0.223,0.53,0.292,1219,761,4,0.53,0.292
73578,-0.458,-0.337,-0.005,-0.301,-0.248,0.113,0.05,0.162,0.085,-0.293,-0.323,0.465,0.222,1179,721,4,0.465,0.222
73588,-0.458,-0.337,-0.005,-0.327,-0.261,0.093,0.067,0.107,0.065,-0.345,-0.399,0.419,0.163,1139,681,4,0.419,0.163
73598,-0.542,-0.415,-0.014,-0.352,-0.274,0.094,0.096,0.132,0.114,-0.398,-0.449,0.413,0.158,1099,641,4,0.413,0.158
73608,-0.542,-0.415,-0.014,-0.383,-0.291,0.133,0.116,0.13,0.106,-0.462,-0.508,0.361,0.109,1059,601,4,0.361,0.109
73618,-0.576,-0.465,-0.025,-0.415,-0.31,0.22,0.216,0.218,0.199,-0.522,-0.574,0.31,0.056,1019,561,4,0.31,0.056
73628,-0.603,-0.521,-0.034,-0.449,-0.334,0.211,0.316,0.225,0.294,-0.574,-0.632,0.264,0.006,979,521,4,0.264,0.006
73638,-0.603,-0.521,-0.034,-0.486,-0.364,0.22,0.367,0.242,0.375,-0.628,-0.675,0.218,-0.035,939,481,4,0.218,-0.035
73648,-0.623,-0.585,-0.04,-0.52,-0.396,0.142,0.289,0.186,0.327,-0.662,-0.687,0.179,-0.063,899,441,4,0.179,-0.063
73658,-0.636,-0.653,-0.042,-0.551,-0.433,0.093,0.251,0.13,0.272,-0.658,-0.667,0.16,-0.074,859,401,4,0.16,-0.074
73668,-0.636,-0.653,-0.042,-0.577,-0.471,0.019,0.167,0.061,0.211,-0.654,-0.65,0.142,-0.085,819,361,4,0.142,-0.085
73678,-0.644,-0.723,-0.043,-0.597,-0.507,0.003,0.067,0.032,0.115,-0.663,-0.649,0.118,-0.104,779,321,4,0.118,-0.104
73688,-0.644,-0.723,-0.043,-0.613,-0.549,0,0.001,0.02,0.028,-0.665,-0.654,0.097,-0.126,739,305,4,0.097,-0.126
73698,-0.649,-0.795,-0.041,-0.626,-0.593,-0.019,0.009,0.007,0.024,-0.65,-0.645,0.084,-0.143,699,278,4,0.084,-0.143
73708,-0.656,-0.862,-0.034,-0.634,-0.635,-0.084,0.021,-0.05,0.029,-0.602,-0.579,0.086,-0.132,659,318,4,0.086,-0.132
73718,-0.598,-0.833,-0.034,-0.64,-0.674,-0.133,-0.008,-0.094,0.007,-0.511,-0.48,0.11,-0.091,619,278,4,0.11,-0.091
73728,-0.598,-0.833,-0.034,-0.644,-0.712,-0.175,-0.028,-0.156,-0.002,-0.417,-0.38,0.138,-0.055,579,238,4,0.138,-0.055
73738,-0.615,-0.892,-0.027,-0.648,-0.756,-0.209,-0.027,-0.19,-0.018,-0.363,-0.334,0.147,-0.009,539,198,4,0.147,-0.009
73748,-0.572,-0.851,-0.02,-0.644,-0.798,-0.233,-0.034,-0.213,-0.044,-0.371,-0.354,0.125,-0.036,499,158,4,0.125,-0.036
73758,-0.572,-0.851,-0.02,-0.631,-0.824,-0.133,-0.005,-0.118,-0.003,-0.444,-0.433,0.071,-0.094,459,118,4,0.071,-0.094
73768,-0.603,-0.9,-0.014,-0.62,-0.844,-0.133,-0.071,-0.128,-0.01,-0.522,-0.517,0.011,-0.157,419,78,4,0.011,-0.157
73778,-0.577,-0.848,-0.01,-0.608,-0.859,-0.233,-0.092,-0.195,-0.071,-0.561,-0.559,-0.03,-0.2,379,38,4,-0.03,-0.2
73788,-0.577,-0.848,-0.01,-0.594,-0.864,-0.333,-0.127,-0.293,-0.113,-0.577,-0.55,-0.059,-0.217,339,-2,4,-0.059,-0.217
73798,-0.62,-0.888,-0.007,-0.587,-0.868,-0.433,-0.184,-0.384,-0.165,-0.556,-0.495,-0.07,-0.211,299,-42,4,-0.07,-0.211
73808,-0.62,-0.888,-0.007,-0.585,-0.872,-0.413,-0.164,-0.445,-0.168,-0.485,-0.415,-0.056,-0.191,259,-82,4,-0.056,-0.191
73818,-0.643,-0.871,-0.006,-0.582,-0.867,-0.313,-0.064,-0.316,-0.081,-0.419,-0.355,-0.042,-0.18,219,-122,4,-0.042,-0.18
73828,-0.643,-0.871,-0.006,-0.585,-0.865,-0.213,-0.002,-0.238,-0.005,-0.408,-0.355,-0.054,-0.198,179,-162,4,-0.054,-0.198
73838,-0.618,-0.818,-0.004,-0.595,-0.87,-0.143,-0.039,-0.16,-0.036,-0.413,-0.37,-0.077,-0.225,139,-154,4,-0.077,-0.225
73848,-0.592,-0.766,-0.003,-0.608,-0.875,-0.168,-0.088,-0.141,-0.055,-0.438,-0.399,-0.108,-0.259,99,-194,4,-0.108,-0.259
73858,-0.635,-0.805,-0.003,-0.622,-0.876,-0.268,-0.188,-0.195,-0.138,-0.488,-0.462,-0.153,-0.309,59,-234,4,-0.153,-0.309
73868,-0.635,-0.805,-0.003,-0.63,-0.868,-0.368,-0.288,-0.33,-0.235,-0.533,-0.528,-0.196,-0.339,19,-251,4,-0.196,-0.339
73878,-0.603,-0.757,-0.003,-0.628,-0.846,-0.328,-0.208,-0.34,-0.226,-0.555,-0.554,-0.227,-0.373,-21,-291,4,-0.227,-0.373
73888,-0.603,-0.757,-0.003,-0.623,-0.822,-0.228,-0.108,-0.23,-0.153,-0.567,-0.535,-0.254,-0.385,-61,-295,4,-0.254,-0.385
73898,-0.568,-0.712,-0.004,-0.624,-0.807,-0.128,-0.008,-0.146,-0.043,-0.544,-0.488,-0.264,-0.371,-101,-335,4,-0.264,-0.371
73908,-0.6,-0.759,-0.005,-0.623,-0.795,-0.028,0,-0.069,0.032,-0.533,-0.485,-0.277,-0.388,-141,-313,4,-0.277,-0.388
73918,-0.559,-0.719,-0.005,-0.618,-0.78,-0.034,-0.04,-0.004,-0.012,-0.531,-0.497,-0.295,-0.395,-181,-353,4,-0.295,-0.395
73928,-0.513,-0.682,-0.008,-0.608,-0.763,-0.134,-0.14,-0.097,-0.116,-0.563,-0.522,-0.33,-0.428,-221,-393,4,-0.33,-0.428
73938,-0.513,-0.682,-0.008,-0.597,-0.749,-0.234,-0.24,-0.188,-0.174,-0.567,-0.52,-0.355,-0.417,-261,-433,4,-0.355,-0.417
73948,-0.489,-0.768,-0.007,-0.589,-0.74,-0.294,-0.26,-0.263,-0.256,-0.529,-0.5,-0.357,-0.427,-301,-473,4,-0.357,-0.427
73958,-0.489,-0.768,-0.007,-0.572,-0.727,-0.194,-0.16,-0.209,-0.201,-0.535,-0.54,-0.377,-0.464,-341,-513,4,-0.377,-0.464
73968,-0.459,-0.719,-0.007,-0.55,-0.71,-0.144,-0.093,-0.132,-0.122,-0.605,-0.631,-0.43,-0.529,-381,-553,4,-0.43,-0.529
73978,-0.414,-0.679,-0.008,-0.529,-0.707,-0.044,-0.026,-0.068,-0.014,-0.695,-0.731,-0.494,-0.598,-421,-561,4,-0.494,-0.598
73988,-0.414,-0.679,-0.008,-0.51,-0.721,-0.091,-0.09,-0.085,-0.088,-0.776,-0.817,-0.556,-0.663,-461,-561,4,-0.556,-0.663
73998,-0.32,-0.664,-0.012,-0.493,-0.732,-0.085,-0.07,-0.077,-0.038,-0.808,-0.799,-0.594,-0.678,-501,-601,4,-0.594,-0.678
74008,-0.329,-0.723,-0.015,-0.472,-0.729,-0.185,-0.17,-0.142,-0.142,-0.75,-0.707,-0.588,-0.638,-541,-641,4,-0.588,-0.638
74018,-0.232,-0.7,-0.015,-0.449,-0.715,-0.285,-0.27,-0.237,-0.24,-0.678,-0.622,-0.572,-0.594,-581,-678,4,-0.572,-0.594
74028,-0.188,-0.653,-0.015,-0.419,-0.698,-0.385,-0.37,-0.344,-0.34,-0.655,-0.618,-0.578,-0.609,-621,-718,4,-0.578,-0.609
74038,-0.188,-0.653,-0.015,-0.383,-0.69,-0.407,-0.33,-0.407,-0.329,-0.649,-0.653,-0.596,-0.646,-661,-758,4,-0.596,-0.646
74048,-0.098,-0.613,-0.015,-0.342,-0.692,-0.307,-0.23,-0.335,-0.25,-0.619,-0.681,-0.601,-0.679,-701,-753,4,-0.601,-0.679
74058,-0.015,-0.562,-0.015,-0.293,-0.689,-0.407,-0.31,-0.358,-0.317,-0.611,-0.69,-0.616,-0.704,-741,-772,4,-0.616,-0.704
74068,-0.015,-0.562,-0.015,-0.246,-0.679,-0.307,-0.21,-0.334,-0.229,-0.623,-0.687,-0.642,-0.723,-781,-772,4,-0.642,-0.723
74078,0.064,-0.615,-0.013,-0.201,-0.663,-0.227,-0.13,-0.246,-0.128,-0.588,-0.674,-0.647,-0.714,-821,-812,4,-0.647,-0.714
74088,0.064,-0.615,-0.013,-0.146,-0.638,-0.214,-0.13,-0.266,-0.14,-0.514,-0.642,-0.63,-0.708,-861,-836,4,-0.63,-0.708
74098,0.17,-0.466,-0.011,-0.091,-0.608,-0.114,-0.047,-0.111,-0.062,-0.433,-0.622,-0.61,-0.698,-901,-876,4,-0.61,-0.698
74108,0.17,-0.466,-0.011,-0.039,-0.591,-0.014,-0.007,-0.065,-0.015,-0.395,-0.595,-0.609,-0.705,-941,-892,4,-0.609,-0.705
74118,0.26,-0.478,-0.005,0.008,-0.59,-0.106,-0.107,-0.105,-0.057,-0.383,-0.56,-0.622,-0.699,-981,-874,4,-0.622,-0.699
74128,0.347,-0.475,-0.002,0.055,-0.577,-0.169,-0.16,-0.167,-0.128,-0.353,-0.541,-0.628,-0.709,-1021,-914,4,-0.628,-0.709
74138,0.347,-0.475,-0.002,0.103,-0.544,-0.249,-0.23,-0.258,-0.221,-0.304,-0.546,-0.624,-0.719,-1061,-954,4,-0.624,-0.719
74148,0.339,-0.389,-0.002,0.151,-0.512,-0.329,-0.31,-0.303,-0.279,-0.241,-0.566,-0.613,-0.719,-1101,-946,4,-0.613,-0.719
74158,0.418,-0.359,0,0.209,-0.49,-0.349,-0.317,-0.372,-0.309,-0.178,-0.591,-0.601,-0.752,-1141,-986,4,-0.601,-0.752
74168,0.418,-0.359,0,0.267,-0.477,-0.249,-0.217,-0.303,-0.254,-0.144,-0.588,-0.603,-0.771,-1181,-1012,4,-0.603,-0.771
74178,0.491,-0.318,0.002,0.311,-0.461,-0.165,-0.177,-0.221,-0.205,-0.116,-0.572,-0.61,-0.76,-1141,-1033,4,-0.61,-0.76
74188,0.491,-0.318,0.002,0.345,-0.432,-0.065,-0.077,-0.112,-0.119,-0.064,-0.562,-0.605,-0.774,-1101,-1033,4,-0.605,-0.774
74198,0.621,-0.222,0.005,0.378,-0.402,-0.105,-0.117,-0.1,-0.084,0.007,-0.571,-0.59,-0.791,-1103,-993,4,-0.59,-0.791
74208,0.621,-0.222,0.005,0.41,-0.374,-0.205,-0.217,-0.215,-0.195,0.075,-0.557,-0.535,-0.796,-1103,-988,4,-0.535,-0.796
74218,0.679,-0.167,0.003,0.444,-0.348,-0.16,-0.178,-0.194,-0.209,0.107,-0.522,-0.498,-0.779,-1143,-1028,4,-0.498,-0.779
74228,0.679,-0.167,0.003,0.486,-0.318,-0.18,-0.198,-0.22,-0.214,0.129,-0.495,-0.488,-0.745,-1183,-1068,4,-0.488,-0.745
74238,0.733,-0.105,0.001,0.537,-0.282,-0.08,-0.098,-0.115,-0.145,0.18,-0.459,-0.464,-0.725,-1143,-1028,4,-0.464,-0.725
74248,0.783,-0.034,-0.003,0.586,-0.245,-0.002,-0.003,-0.053,-0.036,0.269,-0.374,-0.44,-0.704,-1103,-1032,4,-0.44,-0.704
74258,0.783,-0.034,-0.003,0.63,-0.21,0,0,-0.021,-0.025,0.358,-0.274,-0.416,-0.674,-1063,-1032,4,-0.416,-0.674
74268,0.829,0.039,-0.002,0.667,-0.177,-0.084,-0.084,-0.078,-0.064,0.444,-0.174,-0.352,-0.605,-1023,-992,4,-0.352,-0.605
74278,0.871,0.121,-0.001,0.705,-0.137,-0.064,-0.104,-0.088,-0.116,0.441,-0.101,-0.329,-0.567,-983,-952,4,-0.329,-0.567
74288,0.871,0.121,-0.001,0.74,-0.094,-0.025,-0.039,-0.055,-0.098,0.371,-0.088,-0.343,-0.561,-943,-912,4,-0.343,-0.561
74298,0.91,0.203,0,0.771,-0.053,-0.004,-0.005,-0.038,-0.037,0.276,-0.077,-0.37,-0.535,-903,-872,4,-0.37,-0.535
74308,0.91,0.203,0,0.804,-0.002,0,0,-0.04,0.005,0.2,-0.06,-0.39,-0.507,-863,-832,4,-0.39,-0.507
74318,0.945,0.287,0.002,0.834,0.05,-0.096,-0.094,-0.087,-0.093,0.204,-0.014,-0.371,-0.465,-823,-792,4,-0.371,-0.465
74328,0.995,0.317,0.005,0.861,0.099,-0.066,-0.194,-0.079,-0.169,0.293,0.079,-0.309,-0.4,-863,-832,4,-0.309,-0.4
74338,0.995,0.317,0.005,0.884,0.146,-0.033,-0.134,-0.041,-0.164,0.393,0.179,-0.239,-0.33,-903,-872,4,-0.239,-0.33
74348,1.027,0.395,0.008,0.905,0.19,-0.022,-0.154,-0.052,-0.172,0.493,0.279,-0.169,-0.26,-863,-832,4,-0.169,-0.26
74358,0.974,0.374,0.01,0.929,0.236,-0.04,-0.104,-0.06,-0.137,0.593,0.379,-0.139,-0.23,-823,-792,4,-0.139,-0.23
74368,0.974,0.374,0.01,0.956,0.275,0.021,-0.065,-0.018,-0.05,0.693,0.479,-0.109,-0.2,-783,-752,4,-0.109,-0.2
74378,1.027,0.393,0.012,0.981,0.312,0.018,-0.137,0.012,-0.156,0.713,0.387,-0.072,-0.219,-743,-712,4,-0.072,-0.219
74388,1.082,0.408,0.012,0.996,0.345,0.003,-0.037,-0.013,-0.105,0.613,0.287,-0.102,-0.249,-703,-672,4,-0.102,-0.249
74398,1.011,0.43,0.011,0.997,0.366,0,-0.003,-0.021,0.001,0.513,0.187,-0.132,-0.279,-663,-632,4,-0.132,-0.279
74408,1.011,0.43,0.011,0.998,0.379,0,0,-0.03,-0.017,0.413,0.134,-0.162,-0.289,-623,-592,4,-0.162,-0.289
74418,1.073,0.43,0.009,1.012,0.39,0,0,0.001,-0.019,0.433,0.201,-0.139,-0.239,-583,-552,4,-0.139,-0.239
74428,1.02,0.408,0.009,1.027,0.401,0.07,-0.04,0.038,-0.034,0.533,0.301,-0.069,-0.169,-543,-512,4,-0.069,-0.169
74438,1.02,0.408,0.009,1.029,0.413,0.139,-0.05,0.105,-0.057,0.633,0.401,0.001,-0.099,-503,-472,4,0.001,-0.099
74448,1.072,0.433,0.008,1.033,0.423,0.183,-0.02,0.154,-0.037,0.733,0.501,0.071,-0.029,-463,-432,4,0.071,-0.029
74458,1.015,0.42,0.005,1.038,0.426,0.245,0.025,0.218,-0.004,0.753,0.414,0.108,-0.045,-423,-392,4,0.108,-0.045
74468,1.066,0.446,0.005,1.036,0.422,0.336,0.083,0.316,0.043,0.653,0.314,0.078,-0.075,-383,-352,4,0.078,-0.075
74478,1.009,0.435,0,1.037,0.42,0.436,0.109,0.402,0.074,0.553,0.251,0.048,-0.09,-343,-312,4,0.048,-0.09
74488,1.009,0.435,0,1.046,0.423,0.356,0.023,0.388,0.036,0.453,0.211,0.018,-0.089,-303,-272,4,0.018,-0.089
74498,0.952,0.422,0,1.056,0.428,0.33,0.105,0.317,0.058,0.426,0.211,0.019,-0.071,-263,-232,4,0.019,-0.071
74508,0.998,0.459,0.001,1.055,0.433,0.39,0.148,0.368,0.142,0.524,0.291,0.087,-0.014,-223,-192,4,0.087,-0.014
74518,0.998,0.459,0.001,1.043,0.436,0.29,0.048,0.31,0.073,0.624,0.391,0.157,0.056,-183,-152,4,0.157,0.056
74528,0.941,0.445,0.005,1.022,0.435,0.19,0.014,0.199,0.021,0.724,0.491,0.227,0.126,-143,-112,4,0.227,0.126
74538,0.941,0.445,0.005,1.002,0.436,0.09,0.012,0.102,-0.002,0.824,0.546,0.297,0.178,-103,-72,4,0.297,0.178
74548,0.991,0.473,0.009,0.992,0.442,0.169,0.092,0.175,0.046,0.839,0.449,0.331,0.152,-63,-32,4,0.331,0.152
74558,0.991,0.473,0.009,0.983,0.447,0.209,0.113,0.197,0.139,0.739,0.349,0.302,0.122,-23,8,4,0.302,0.122
74568,0.941,0.447,0.01,0.968,0.449,0.109,0.014,0.125,0.049,0.639,0.3,0.272,0.115,17,48,4,0.272,0.115
74578,0.891,0.418,0.005,0.962,0.452,0.029,0.016,0.037,-0.008,0.539,0.291,0.242,0.129,57,88,4,0.242,0.129
74588,0.84,0.393,0.005,0.966,0.458,0.129,0.116,0.086,0.039,0.538,0.294,0.257,0.151,97,128,4,0.257,0.151
74598,0.892,0.417,0.005,0.968,0.462,0.135,0.09,0.126,0.113,0.559,0.302,0.287,0.174,137,168,4,0.287,0.174
74608,0.892,0.417,0.005,0.956,0.456,0.065,0.05,0.07,0.046,0.588,0.325,0.321,0.205,177,208,4,0.321,0.205
74618,0.842,0.388,0.006,0.929,0.441,0.013,0.012,0.017,-0.002,0.606,0.349,0.351,0.238,217,248,4,0.351,0.238
74628,0.792,0.36,0.006,0.901,0.425,0.002,0.002,0.006,-0.012,0.58,0.336,0.36,0.253,257,288,4,0.36,0.253
74638,0.792,0.36,0.006,0.887,0.417,0,0,-0.007,0.001,0.544,0.32,0.362,0.264,297,328,4,0.362,0.264
74648,0.743,0.33,0.005,0.877,0.41,0.083,0.09,0.056,0.064,0.523,0.32,0.371,0.284,337,368,4,0.371,0.284
74658,0.798,0.347,0.001,0.858,0.398,0.183,0.19,0.153,0.139,0.533,0.34,0.394,0.313,297,328,4,0.394,0.313
74668,0.798,0.347,0.001,0.833,0.384,0.283,0.29,0.236,0.236,0.536,0.345,0.417,0.337,257,288,4,0.417,0.337
74678,0.748,0.319,0,0.807,0.368,0.383,0.39,0.324,0.359,0.536,0.344,0.436,0.356,297,328,4,0.436,0.356
74688,0.699,0.287,0,0.786,0.354,0.483,0.49,0.436,0.421,0.55,0.35,0.423,0.339,337,368,4,0.423,0.339
74698,0.649,0.258,0,0.781,0.347,0.513,0.49,0.523,0.5,0.565,0.354,0.41,0.321,377,408,4,0.41,0.321
74708,0.599,0.226,0.002,0.777,0.34,0.413,0.39,0.44,0.412,0.594,0.378,0.444,0.352,417,448,4,0.444,0.352
74718,0.599,0.226,0.002,0.762,0.328,0.473,0.446,0.446,0.41,0.615,0.401,0.476,0.384,457,488,4,0.476,0.384
74728,0.548,0.197,0.002,0.734,0.309,0.544,0.503,0.538,0.46,0.625,0.416,0.501,0.411,497,528,4,0.501,0.411
74738,0.548,0.197,0.002,0.695,0.285,0.49,0.423,0.476,0.45,0.607,0.404,0.513,0.426,537,568,4,0.513,0.426
74748,0.51,0.115,0.004,0.654,0.26,0.59,0.523,0.538,0.509,0.593,0.401,0.525,0.444,577,608,4,0.525,0.444
74758,0.51,0.115,0.004,0.618,0.237,0.65,0.573,0.666,0.542,0.59,0.409,0.543,0.468,617,648,4,0.543,0.468
74768,0.322,0.063,0.003,0.585,0.218,0.55,0.473,0.574,0.494,0.606,0.425,0.571,0.496,657,688,4,0.571,0.496
74778,0.322,0.063,0.003,0.557,0.195,0.45,0.373,0.457,0.385,0.628,0.441,0.601,0.524,697,728,4,0.601,0.524
74788,0.122,-0.002,0,0.534,0.165,0.43,0.371,0.402,0.37,0.644,0.433,0.63,0.541,737,768,4,0.63,0.541
74798,0.024,-0.005,0,0.496,0.134,0.53,0.471,0.476,0.434,0.661,0.417,0.658,0.553,777,808,4,0.658,0.553
74808,0.004,-0.004,0,0.436,0.103,0.59,0.511,0.585,0.51,0.671,0.395,0.684,0.562,817,848,4,0.684,0.562
74818,0.001,-0.007,0,0.358,0.072,0.49,0.411,0.519,0.456,0.678,0.37,0.707,0.57,857,888,4,0.707,0.57
74828,0.001,-0.007,0,0.255,0.041,0.39,0.311,0.419,0.365,0.676,0.338,0.727,0.574,897,894,4,0.727,0.574
74838,-0.002,-0.016,0.002,0.154,0.016,0.29,0.211,0.308,0.237,0.649,0.296,0.734,0.573,937,934,4,0.734,0.573
74848,-0.015,-0.039,0.002,0.076,0,0.19,0.111,0.24,0.154,0.594,0.25,0.728,0.57,977,965,4,0.728,0.57
74858,-0.015,-0.039,0.002,0.026,-0.008,0.09,0.011,0.177,0.089,0.527,0.221,0.715,0.559,1017,965,4,0.715,0.559
74868,-0.048,-0.086,0.001,-0.002,-0.012,0.056,0.042,0.04,0.034,0.429,0.17,0.687,0.554,1057,1005,4,0.687,0.554
74878,-0.088,-0.129,0.001,-0.015,-0.018,0.156,0.142,0.119,0.104,0.329,0.073,0.657,0.523,1097,965,4,0.657,0.523
74888,-0.088,-0.129,0.001,-0.02,-0.025,0.176,0.126,0.202,0.155,0.229,-0.025,0.627,0.473,1137,925,4,0.627,0.473
74898,-0.134,-0.165,0,-0.025,-0.038,0.276,0.213,0.268,0.226,0.133,-0.033,0.598,0.485,1177,965,4,0.598,0.485
74908,-0.18,-0.2,-0.004,-0.038,-0.06,0.255,0.186,0.25,0.184,0.193,0.036,0.643,0.498,1217,925,4,0.643,0.498
74918,-0.18,-0.2,-0.004,-0.056,-0.087,0.355,0.286,0.326,0.254,0.209,0.047,0.673,0.487,1257,885,4,0.673,0.487
74928,-0.226,-0.235,-0.007,-0.077,-0.113,0.455,0.386,0.439,0.377,0.148,-0.017,0.665,0.476,1217,845,4,0.665,0.476
74938,-0.226,-0.235,-0.007,-0.106,-0.141,0.515,0.426,0.533,0.439,0.07,-0.086,0.646,0.422,1190,805,4,0.646,0.422
74948,-0.272,-0.271,-0.011,-0.136,-0.167,0.415,0.326,0.477,0.372,-0.028,-0.168,0.618,0.362,1191,765,4,0.618,0.362
74958,-0.272,-0.271,-0.011,-0.166,-0.191,0.315,0.226,0.366,0.26,-0.128,-0.266,0.548,0.293,1191,725,4,0.548,0.293
74968,-0.315,-0.308,-0.016,-0.193,-0.212,0.215,0.126,0.264,0.178,-0.228,-0.366,0.485,0.223,1151,685,4,0.485,0.223
74978,-0.355,-0.348,-0.026,-0.218,-0.231,0.115,0.046,0.158,0.082,-0.281,-0.419,0.456,0.174,1111,645,4,0.456,0.174
74988,-0.393,-0.391,-0.026,-0.242,-0.248,0.215,0.146,0.202,0.129,-0.25,-0.373,0.469,0.173,1071,605,4,0.469,0.173
74998,-0.427,-0.438,-0.039,-0.265,-0.266,0.315,0.246,0.305,0.215,-0.193,-0.296,0.477,0.192,1031,631,4,0.477,0.192
75008,-0.427,-0.438,-0.039,-0.292,-0.289,0.415,0.346,0.39,0.332,-0.159,-0.26,0.476,0.192,991,631,4,0.476,0.192
75018,-0.454,-0.491,-0.043,-0.323,-0.318,0.335,0.286,0.394,0.322,-0.205,-0.312,0.436,0.149,1031,671,4,0.436,0.149
75028,-0.454,-0.491,-0.043,-0.358,-0.355,0.235,0.186,0.288,0.235,-0.302,-0.412,0.368,0.113,1071,711,4,0.368,0.113
75038,-0.478,-0.547,-0.041,-0.39,-0.391,0.135,0.086,0.18,0.126,-0.402,-0.512,0.298,0.063,1031,671,4,0.298,0.063
75048,-0.5,-0.602,-0.036,-0.416,-0.424,0.106,0.086,0.124,0.077,-0.502,-0.612,0.268,0.033,991,631,4,0.268,0.033
75058,-0.5,-0.602,-0.036,-0.436,-0.455,0.206,0.186,0.195,0.168,-0.602,-0.712,0.238,0.003,951,591,4,0.238,0.003
75068,-0.524,-0.657,-0.034,-0.452,-0.483,0.241,0.286,0.262,0.279,-0.702,-0.802,0.168,-0.063,911,551,4,0.168,-0.063
75078,-0.547,-0.711,-0.032,-0.468,-0.518,0.181,0.259,0.218,0.282,-0.712,-0.714,0.136,-0.045,871,511,4,0.136,-0.045
75088,-0.547,-0.711,-0.032,-0.482,-0.553,0.15,0.254,0.169,0.256,-0.612,-0.614,0.166,-0.015,831,471,4,0.166,-0.015
75098,-0.571,-0.764,-0.032,-0.496,-0.587,0.05,0.154,0.108,0.205,-0.512,-0.514,0.196,0.015,791,431,4,0.196,0.015
75108,-0.6,-0.815,-0.028,-0.511,-0.625,0.004,0.054,0.035,0.11,-0.412,-0.414,0.226,0.045,751,471,4,0.226,0.045
75118,-0.6,-0.815,-0.028,-0.527,-0.662,-0.051,0.044,-0.008,0.039,-0.325,-0.374,0.251,0.051,711,511,4,0.251,0.051
75128,-0.633,-0.861,-0.02,-0.541,-0.697,-0.055,0.034,-0.037,0.044,-0.423,-0.474,0.188,-0.018,671,471,4,0.188,-0.018
75138,-0.633,-0.861,-0.02,-0.558,-0.734,-0.009,0.006,-0.006,0.026,-0.523,-0.574,0.118,-0.048,631,431,4,0.118,-0.048
75148,-0.673,-0.903,-0.017,-0.576,-0.77,-0.001,0,0.012,0.01,-0.623,-0.674,0.048,-0.078,591,391,4,0.048,-0.078
75158,-0.648,-0.85,-0.015,-0.593,-0.802,-0.073,-0.007,-0.019,0,-0.723,-0.774,-0.022,-0.148,551,351,4,-0.022,-0.148
75168,-0.693,-0.887,-0.015,-0.61,-0.83,-0.125,-0.024,-0.115,0.011,-0.706,-0.713,-0.041,-0.145,511,311,4,-0.041,-0.145
75178,-0.693,-0.887,-0.015,-0.628,-0.854,-0.102,-0.014,-0.086,-0.004,-0.606,-0.613,-0.011,-0.115,471,271,4,-0.011,-0.115
75188,-0.667,-0.835,-0.014,-0.647,-0.877,-0.202,-0.064,-0.15,-0.052,-0.506,-0.513,0.019,-0.085,431,231,4,0.019,-0.085
75198,-0.707,-0.876,-0.013,-0.667,-0.892,-0.122,-0.01,-0.167,0.014,-0.379,-0.386,0.062,-0.042,391,191,4,0.062,-0.042
75208,-0.707,-0.876,-0.013,-0.678,-0.895,-0.062,-0.014,-0.051,0,-0.31,-0.332,0.078,-0.032,351,151,4,0.078,-0.032
75218,-0.674,-0.829,-0.01,-0.684,-0.889,-0.121,-0.037,-0.098,-0.047,-0.361,-0.399,0.038,-0.081,311,111,4,0.038,-0.081
75228,-0.716,-0.869,-0.007,-0.688,-0.878,-0.14,-0.032,-0.145,-0.036,-0.461,-0.499,-0.031,-0.15,271,71,4,-0.031,-0.15
75238,-0.716,-0.869,-0.007,-0.694,-0.873,-0.04,-0.006,-0.025,-0.027,-0.561,-0.599,-0.101,-0.22,231,31,4,-0.101,-0.22
75248,-0.683,-0.822,-0.005,-0.696,-0.866,-0.1,-0.084,-0.06,-0.045,-0.661,-0.699,-0.171,-0.29,191,-9,4,-0.171,-0.29
75258,-0.652,-0.773,-0.003,-0.696,-0.858,-0.1,-0.031,-0.096,-0.037,-0.761,-0.799,-0.241,-0.36,151,-49,4,-0.241,-0.36
75268,-0.652,-0.773,-0.003,-0.701,-0.858,-0.04,-0.038,-0.031,-0.023,-0.861,-0.899,-0.311,-0.43,111,-89,4,-0.311,-0.43
75278,-0.688,-0.818,-0.005,-0.703,-0.855,-0.14,-0.138,-0.11,-0.085,-0.837,-0.819,-0.326,-0.418,71,-129,4,-0.326,-0.418
75288,-0.688,-0.818,-0.005,-0.695,-0.839,-0.24,-0.238,-0.199,-0.205,-0.737,-0.719,-0.296,-0.388,31,-169,4,-0.296,-0.388
75298,-0.648,-0.776,-0.006,-0.681,-0.816,-0.34,-0.338,-0.306,-0.284,-0.637,-0.619,-0.266,-0.358,-9,-209,4,-0.266,-0.358
75308,-0.608,-0.735,-0.01,-0.672,-0.801,-0.44,-0.351,-0.383,-0.352,-0.537,-0.519,-0.236,-0.328,0,-169,4,-0.236,-0.328
75318,-0.608,-0.735,-0.01,-0.672,-0.799,-0.34,-0.251,-0.346,-0.295,-0.54,-0.521,-0.252,-0.342,0,-129,4,-0.252,-0.342
75328,-0.633,-0.789,-0.012,-0.672,-0.798,-0.24,-0.151,-0.253,-0.2,-0.639,-0.621,-0.321,-0.412,-40,-169,4,-0.321,-0.412
75338,-0.633,-0.789,-0.012,-0.661,-0.787,-0.14,-0.051,-0.172,-0.049,-0.739,-0.721,-0.366,-0.442,-80,-209,4,-0.366,-0.442
75348,-0.585,-0.753,-0.012,-0.643,-0.769,-0.08,-0.041,-0.082,-0.027,-0.839,-0.821,-0.416,-0.472,-120,-235,4,-0.416,-0.472
75358,-0.496,-0.747,-0.012,-0.63,-0.76,-0.18,-0.141,-0.134,-0.11,-0.934,-0.912,-0.484,-0.538,-160,-275,4,-0.484,-0.538
75368,-0.534,-0.79,-0.015,-0.625,-0.763,-0.18,-0.081,-0.187,-0.101,-0.947,-0.862,-0.514,-0.538,-200,-315,4,-0.514,-0.538
75378,-0.487,-0.752,-0.015,-0.619,-0.767,-0.22,-0.133,-0.174,-0.095,-0.852,-0.762,-0.49,-0.502,-240,-355,4,-0.49,-0.502
75388,-0.487,-0.752,-0.015,-0.598,-0.764,-0.32,-0.233,-0.283,-0.213,-0.752,-0.662,-0.46,-0.472,-280,-395,4,-0.46,-0.472
75398,-0.392,-0.741,-0.016,-0.568,-0.764,-0.38,-0.262,-0.358,-0.243,-0.652,-0.562,-0.43,-0.442,-320,-435,4,-0.43,-0.442
75408,-0.407,-0.798,-0.016,-0.541,-0.766,-0.28,-0.162,-0.309,-0.173,-0.607,-0.546,-0.424,-0.449,-280,-395,4,-0.424,-0.449
75418,-0.407,-0.798,-0.016,-0.516,-0.763,-0.18,-0.062,-0.204,-0.093,-0.601,-0.598,-0.44,-0.494,-240,-355,4,-0.44,-0.494
75428,-0.314,-0.777,-0.015,-0.487,-0.758,-0.08,-0.002,-0.082,-0.034,-0.637,-0.667,-0.477,-0.549,-280,-395,4,-0.477,-0.549
75438,-0.314,-0.777,-0.015,-0.453,-0.758,-0.04,-0.036,-0.033,0.006,-0.689,-0.726,-0.483,-0.559,-320,-435,4,-0.483,-0.559
75448,-0.276,-0.73,-0.013,-0.427,-0.769,-0.14,-0.136,-0.108,-0.081,-0.701,-0.751,-0.471,-0.553,-360,-475,4,-0.471,-0.553
75458,-0.276,-0.73,-0.013,-0.4,-0.778,-0.24,-0.192,-0.186,-0.17,-0.651,-0.716,-0.468,-0.557,-400,-515,4,-0.468,-0.557
75468,-0.192,-0.696,-0.01,-0.367,-0.781,-0.34,-0.292,-0.301,-0.239,-0.58,-0.664,-0.452,-0.551,-440,-555,4,-0.452,-0.551
75478,-0.191,-0.756,-0.009,-0.336,-0.776,-0.44,-0.335,-0.407,-0.305,-0.54,-0.635,-0.451,-0.556,-480,-595,4,-0.451,-0.556
75488,-0.191,-0.756,-0.009,-0.308,-0.762,-0.54,-0.435,-0.507,-0.398,-0.53,-0.608,-0.464,-0.562,-520,-613,4,-0.464,-0.562
75498,-0.043,-0.658,-0.008,-0.278,-0.744,-0.64,-0.535,-0.613,-0.491,-0.555,-0.59,-0.497,-0.573,-560,-603,4,-0.497,-0.573
75508,-0.043,-0.658,-0.008,-0.244,-0.732,-0.74,-0.635,-0.695,-0.581,-0.573,-0.589,-0.526,-0.592,-600,-603,4,-0.526,-0.592
75518,0.028,-0.711,-0.008,-0.216,-0.733,-0.74,-0.595,-0.755,-0.628,-0.583,-0.613,-0.551,-0.612,-640,-643,4,-0.551,-0.612
75528,0.082,-0.641,-0.006,-0.181,-0.727,-0.64,-0.495,-0.663,-0.526,-0.574,-0.643,-0.567,-0.621,-680,-683,4,-0.567,-0.621
75538,0.082,-0.641,-0.006,-0.131,-0.707,-0.54,-0.395,-0.563,-0.396,-0.53,-0.684,-0.567,-0.642,-720,-723,4,-0.567,-0.642
75548,0.123,-0.563,-0.005,-0.08,-0.693,-0.58,-0.435,-0.558,-0.398,-0.448,-0.715,-0.547,-0.678,-760,-761,4,-0.547,-0.678
75558,0.123,-0.563,-0.005,-0.025,-0.683,-0.68,-0.535,-0.669,-0.517,-0.43,-0.683,-0.555,-0.685,-800,-761,4,-0.555,-0.685
75568,0.209,-0.578,-0.005,0.025,-0.669,-0.78,-0.635,-0.752,-0.597,-0.442,-0.624,-0.581,-0.675,-840,-774,4,-0.581,-0.675
75578,0.295,-0.58,-0.004,0.065,-0.646,-0.88,-0.735,-0.865,-0.673,-0.422,-0.582,-0.592,-0.672,-880,-814,4,-0.592,-0.672
75588,0.295,-0.58,-0.004,0.096,-0.616,-0.78,-0.635,-0.837,-0.662,-0.37,-0.577,-0.587,-0.669,-920,-854,4,-0.587,-0.669
75598,0.381,-0.567,-0.003,0.126,-0.592,-0.68,-0.535,-0.741,-0.578,-0.317,-0.592,-0.58,-0.682,-960,-894,4,-0.58,-0.682
75608,0.381,-0.567,-0.003,0.17,-0.579,-0.58,-0.435,-0.631,-0.444,-0.255,-0.615,-0.57,-0.714,-1000,-934,4,-0.57,-0.714
75618,0.463,-0.543,-0.001,0.219,-0.574,-0.48,-0.335,-0.528,-0.376,-0.202,-0.627,-0.563,-0.74,-1040,-901,4,-0.563,-0.74
75628,0.541,-0.511,-0.001,0.27,-0.572,-0.5,-0.372,-0.513,-0.349,-0.158,-0.624,-0.561,-0.759,-1080,-861,4,-0.561,-0.759
75638,0.541,-0.511,-0.001,0.318,-0.57,-0.6,-0.472,-0.599,-0.449,-0.103,-0.622,-0.553,-0.778,-1120,-857,4,-0.553,-0.778
75648,0.614,-0.471,0.002,0.364,-0.565,-0.6,-0.492,-0.633,-0.489,-0.051,-0.624,-0.547,-0.762,-1160,-897,4,-0.547,-0.762
75658,0.681,-0.426,0.002,0.418,-0.554,-0.52,-0.452,-0.579,-0.465,0.005,-0.618,-0.539,-0.74,-1200,-937,4,-0.539,-0.74
75668,0.744,-0.376,0.001,0.471,-0.538,-0.459,-0.432,-0.504,-0.462,0.039,-0.597,-0.542,-0.728,-1160,-963,4,-0.542,-0.728
75678,0.804,-0.319,0.001,0.519,-0.52,-0.359,-0.332,-0.422,-0.375,0.09,-0.575,-0.537,-0.736,-1120,-1003,4,-0.537,-0.736
75688,0.804,-0.319,0.001,0.571,-0.494,-0.259,-0.232,-0.315,-0.277,0.145,-0.58,-0.529,-0.758,-1080,-1043,4,-0.529,-0.758
75698,0.861,-0.26,0.001,0.628,-0.461,-0.179,-0.152,-0.239,-0.163,0.194,-0.588,-0.484,-0.776,-1040,-1003,4,-0.484,-0.776
75708,0.861,-0.26,0.001,0.688,-0.418,-0.279,-0.252,-0.257,-0.22,0.205,-0.579,-0.458,-0.791,-1000,-963,4,-0.458,-0.791
75718,0.916,-0.197,0.001,0.742,-0.376,-0.259,-0.292,-0.305,-0.306,0.228,-0.551,-0.427,-0.798,-1040,-1003,4,-0.427,-0.798
75728,0.968,-0.128,0.001,0.787,-0.337,-0.296,-0.372,-0.287,-0.373,0.242,-0.526,-0.4,-0.765,-1000,-1043,4,-0.4,-0.765
75738,0.968,-0.128,0.001,0.824,-0.301,-0.359,-0.472,-0.362,-0.434,0.273,-0.505,-0.365,-0.735,-960,-1045,4,-0.365,-0.735
75748,1.017,-0.056,0,0.855,-0.269,-0.259,-0.472,-0.331,-0.481,0.311,-0.494,-0.366,-0.749,-920,-1005,4,-0.366,-0.749
75758,1.064,0.02,0,0.89,-0.229,-0.252,-0.572,-0.277,-0.559,0.326,-0.463,-0.338,-0.754,-880,-965,4,-0.338,-0.754
75768,1.064,0.02,0,0.924,-0.187,-0.243,-0.656,-0.282,-0.647,0.38,-0.399,-0.293,-0.725,-840,-925,4,-0.293,-0.725
75778,1.107,0.101,0,0.955,-0.146,-0.164,-0.556,-0.194,-0.602,0.477,-0.299,-0.225,-0.656,-800,-901,4,-0.225,-0.656
75788,1.145,0.186,0,0.989,-0.097,-0.185,-0.585,-0.197,-0.576,0.577,-0.199,-0.155,-0.586,-816,-941,4,-0.155,-0.586
75798,1.182,0.264,0.003,1.022,-0.047,-0.085,-0.505,-0.136,-0.56,0.603,-0.121,-0.119,-0.525,-776,-901,4,-0.119,-0.525
75808,1.182,0.264,0.003,1.051,0,-0.022,-0.487,-0.064,-0.524,0.554,-0.105,-0.121,-0.503,-736,-861,4,-0.121,-0.503
75818,1.107,0.313,0.002,1.082,0.055,-0.012,-0.387,-0.047,-0.428,0.482,-0.094,-0.165,-0.518,-696,-821,4,-0.165,-0.518
75828,1.107,0.313,0.002,1.115,0.121,0.051,-0.31,0.02,-0.34,0.439,-0.066,-0.167,-0.485,-656,-781,4,-0.167,-0.485
75838,1.139,0.394,0.003,1.146,0.184,0.028,-0.268,0.029,-0.328,0.433,-0.019,-0.152,-0.442,-616,-741,4,-0.152,-0.442
75848,1.188,0.425,0.004,1.158,0.236,0.004,-0.168,-0.023,-0.201,0.457,0.041,-0.121,-0.392,-576,-701,4,-0.121,-0.392
75858,1.11,0.464,0.004,1.151,0.277,0.01,-0.068,-0.014,-0.125,0.517,0.117,-0.072,-0.335,-536,-661,4,-0.072,-0.335
75868,1.11,0.464,0.004,1.14,0.313,0.028,-0.022,0.019,-0.052,0.616,0.215,-0.004,-0.267,-496,-621,4,-0.004,-0.267
75878,1.163,0.487,0.006,1.142,0.352,0.004,-0.003,-0.006,-0.033,0.716,0.315,0.066,-0.197,-456,-581,4,0.066,-0.197
75888,1.163,0.487,0.006,1.144,0.391,0,0,-0.022,-0.019,0.797,0.365,0.129,-0.149,-416,-541,4,0.129,-0.149
75898,1.107,0.471,0.006,1.137,0.426,0,0,-0.022,-0.006,0.752,0.332,0.131,-0.142,-376,-501,4,0.131,-0.142
75908,1.156,0.502,0.008,1.133,0.452,0.06,-0.023,0.038,-0.048,0.652,0.245,0.102,-0.165,-336,-461,4,0.102,-0.165
75918,1.101,0.485,0.008,1.139,0.472,0.16,-0.007,0.126,-0.021,0.552,0.186,0.072,-0.176,-296,-421,4,0.072,-0.176
75928,1.101,0.485,0.008,1.141,0.482,0.06,-0.001,0.044,0.006,0.482,0.21,0.054,-0.147,-256,-381,4,0.054,-0.147
75938,1.148,0.517,0.009,1.139,0.487,0.004,0,0.013,-0.031,0.527,0.257,0.093,-0.104,-216,-341,4,0.093,-0.104
75948,1.071,0.546,0.01,1.136,0.491,0.069,0.013,0.033,-0.025,0.62,0.321,0.158,-0.052,-176,-301,4,0.158,-0.052
75958,1.071,0.546,0.01,1.126,0.491,0.169,0.04,0.127,0.025,0.72,0.399,0.228,0.006,-136,-261,4,0.228,0.006
75968,1.026,0.507,0.009,1.121,0.493,0.269,0.107,0.202,0.088,0.774,0.427,0.279,0.043,-96,-221,4,0.279,0.043
75978,0.963,0.481,0.009,1.116,0.504,0.369,0.155,0.318,0.119,0.715,0.376,0.273,0.04,-56,-181,4,0.273,0.04
75988,0.963,0.481,0.009,1.103,0.519,0.469,0.172,0.457,0.139,0.616,0.306,0.244,0.025,-16,-141,4,0.244,0.025
75998,0.91,0.459,0.008,1.084,0.527,0.489,0.144,0.476,0.21,0.528,0.245,0.218,0.014,24,-101,4,0.218,0.014
76008,0.857,0.436,0.008,1.054,0.522,0.389,0.105,0.406,0.092,0.496,0.238,0.22,0.028,64,-61,4,0.22,0.028
76018,0.803,0.416,0.003,1.019,0.51,0.289,0.054,0.305,0.058,0.516,0.268,0.249,0.062,104,-21,4,0.249,0.062
76028,0.803,0.416,0.003,0.983,0.495,0.189,0.027,0.207,0.012,0.559,0.308,0.29,0.102,144,19,4,0.29,0.102
76038,0.852,0.446,0.003,0.944,0.477,0.089,0.004,0.104,0.016,0.619,0.357,0.339,0.146,104,0,4,0.339,0.146
76048,0.8,0.423,0.003,0.899,0.457,0.079,0.051,0.061,0.021,0.67,0.402,0.385,0.189,64,0,4,0.385,0.189
76058,0.747,0.399,0.002,0.856,0.438,0.179,0.151,0.138,0.097,0.682,0.412,0.414,0.216,104,40,4,0.414,0.216
76068,0.747,0.399,0.002,0.831,0.428,0.207,0.131,0.227,0.116,0.625,0.367,0.367,0.186,144,80,4,0.367,0.186
76078,0.796,0.43,0.002,0.82,0.426,0.107,0.031,0.124,0.096,0.566,0.318,0.317,0.16,184,120,4,0.317,0.16
76088,0.796,0.43,0.002,0.804,0.421,0.167,0.09,0.148,0.07,0.55,0.311,0.327,0.175,224,160,4,0.327,0.175
76098,0.743,0.407,0.001,0.783,0.414,0.166,0.056,0.162,0.076,0.576,0.33,0.359,0.204,264,200,4,0.359,0.204
76108,0.743,0.407,0.001,0.771,0.411,0.066,0.028,0.107,0.01,0.591,0.34,0.387,0.229,304,240,4,0.387,0.229
76118,0.692,0.381,0.004,0.772,0.414,0.027,0.016,0.04,0.025,0.617,0.363,0.419,0.26,344,280,4,0.419,0.26
76128,0.695,0.376,0.005,0.773,0.417,0.004,0.002,-0.003,-0.009,0.64,0.383,0.451,0.291,384,320,4,0.451,0.291
76138,0.695,0.376,0.005,0.765,0.416,0.044,0.062,0.022,0.02,0.658,0.391,0.481,0.315,424,360,4,0.481,0.315
76148,0.647,0.344,0.004,0.75,0.41,0.069,0.088,0.045,0.051,0.641,0.373,0.494,0.328,464,400,4,0.494,0.328
76158,0.647,0.344,0.004,0.73,0.399,0.022,0.016,0.037,0.018,0.62,0.369,0.502,0.344,504,440,4,0.502,0.344
76168,0.6,0.312,0.004,0.713,0.389,0.003,0.002,-0.003,0.004,0.601,0.374,0.513,0.367,464,400,4,0.513,0.367
76178,0.552,0.278,0.003,0.695,0.378,0,0,-0.008,-0.015,0.605,0.389,0.534,0.394,504,440,4,0.534,0.394
76188,0.552,0.278,0.003,0.676,0.365,0,0,-0.001,-0.007,0.616,0.395,0.56,0.417,544,480,4,0.56,0.417
76198,0.505,0.246,0.002,0.655,0.35,0,0,-0.019,-0.014,0.639,0.412,0.551,0.405,584,520,4,0.551,0.405
76208,0.505,0.246,0.002,0.627,0.33,0,0,-0.018,-0.013,0.659,0.425,0.581,0.432,624,560,4,0.581,0.432
76218,0.563,0.256,0.002,0.596,0.309,0.078,0.078,0.035,0.063,0.655,0.421,0.6,0.451,664,600,4,0.6,0.451
76228,0.515,0.221,0.002,0.567,0.288,0.174,0.121,0.155,0.114,0.65,0.425,0.617,0.472,704,640,4,0.617,0.472
76238,0.267,0.077,0.002,0.539,0.269,0.074,0.022,0.112,0.04,0.648,0.435,0.636,0.497,744,680,4,0.636,0.497
76248,0.065,0.014,0.003,0.526,0.257,0.174,0.122,0.147,0.079,0.656,0.443,0.659,0.521,784,720,4,0.659,0.521
76258,0.006,0,0.002,0.524,0.247,0.274,0.222,0.216,0.199,0.671,0.452,0.687,0.546,824,760,4,0.687,0.546
76268,0.006,0,0.002,0.491,0.219,0.374,0.309,0.322,0.247,0.685,0.453,0.714,0.567,864,800,4,0.714,0.567
76278,0,0,0.001,0.396,0.164,0.474,0.409,0.436,0.373,0.705,0.447,0.744,0.584,904,840,4,0.744,0.584
76288,0,0,0.001,0.266,0.102,0.574,0.509,0.532,0.483,0.709,0.431,0.766,0.596,944,880,4,0.766,0.596
76298,0,-0.002,0.001,0.147,0.05,0.614,0.529,0.629,0.552,0.676,0.41,0.772,0.606,984,867,4,0.772,0.606
76308,0,-0.002,0.001,0.061,0.016,0.514,0.429,0.542,0.47,0.61,0.371,0.76,0.607,1024,867,4,0.76,0.607
76318,-0.017,-0.025,0.004,0.011,-0.002,0.414,0.329,0.453,0.364,0.542,0.323,0.746,0.603,1064,907,4,0.746,0.603
76328,-0.056,-0.067,0.005,-0.013,-0.009,0.414,0.329,0.419,0.317,0.447,0.256,0.719,0.564,1104,947,4,0.719,0.564
76338,-0.056,-0.067,0.005,-0.019,-0.01,0.374,0.269,0.424,0.309,0.347,0.174,0.689,0.524,1144,987,4,0.689,0.524
76348,-0.099,-0.105,0.005,-0.019,-0.011,0.294,0.169,0.331,0.223,0.247,0.112,0.659,0.511,1184,947,4,0.659,0.511
76358,-0.099,-0.105,0.005,-0.023,-0.02,0.194,0.089,0.252,0.128,0.207,0.099,0.657,0.523,1224,907,4,0.657,0.523
76368,-0.144,-0.141,0.005,-0.033,-0.036,0.294,0.189,0.273,0.156,0.175,0.076,0.661,0.533,1264,867,4,0.661,0.533
76378,-0.191,-0.174,0.006,-0.048,-0.055,0.334,0.209,0.352,0.231,0.13,0.021,0.659,0.486,1304,907,4,0.659,0.486
76388,-0.191,-0.174,0.006,-0.067,-0.075,0.234,0.109,0.298,0.171,0.104,-0.01,0.665,0.449,1344,932,4,0.665,0.449
76398,-0.238,-0.206,0.003,-0.089,-0.096,0.134,0.009,0.192,0.05,0.118,0.012,0.69,0.438,1304,892,4,0.69,0.438
76408,-0.287,-0.238,0.001,-0.117,-0.119,0.216,0.109,0.199,0.081,0.112,0.012,0.709,0.46,1300,852,4,0.709,0.46
76418,-0.335,-0.269,0.001,-0.148,-0.143,0.236,0.134,0.274,0.164,0.054,-0.038,0.702,0.449,1260,812,4,0.702,0.449
76428,-0.382,-0.302,-0.006,-0.177,-0.165,0.136,0.034,0.196,0.105,-0.037,-0.117,0.637,0.39,1220,772,4,0.637,0.39
76438,-0.382,-0.302,-0.006,-0.21,-0.188,0.076,0.034,0.085,0.017,-0.137,-0.217,0.585,0.321,1180,732,4,0.585,0.321
76448,-0.426,-0.338,-0.011,-0.249,-0.214,0.09,0.069,0.127,0.057,-0.237,-0.317,0.515,0.251,1220,772,4,0.515,0.251
76458,-0.467,-0.378,-0.014,-0.293,-0.242,0.04,0.023,0.061,0.041,-0.337,-0.417,0.445,0.181,1180,732,4,0.445,0.181
76468,-0.467,-0.378,-0.014,-0.333,-0.269,0.025,0.009,0.047,0.043,-0.437,-0.517,0.375,0.111,1140,692,4,0.375,0.111
76478,-0.503,-0.424,-0.02,-0.368,-0.293,0.125,0.109,0.109,0.081,-0.537,-0.617,0.345,0.081,1100,652,4,0.345,0.081
76488,-0.503,-0.424,-0.02,-0.401,-0.319,0.225,0.209,0.203,0.188,-0.557,-0.605,0.311,0.061,1060,612,4,0.311,0.061
76498,-0.531,-0.479,-0.025,-0.437,-0.349,0.307,0.329,0.322,0.304,-0.475,-0.506,0.33,0.09,1020,572,4,0.33,0.09
76508,-0.555,-0.538,-0.025,-0.456,-0.367,0.27,0.37,0.303,0.37,-0.434,-0.468,0.331,0.09,980,536,4,0.331,0.09
76518,-0.573,-0.6,-0.025,-0.478,-0.391,0.287,0.415,0.3,0.403,-0.446,-0.494,0.309,0.061,940,505,4,0.309,0.061
76528,-0.589,-0.662,-0.025,-0.496,-0.415,0.219,0.351,0.256,0.375,-0.524,-0.575,0.252,0.002,900,465,4,0.252,0.002
76538,-0.589,-0.662,-0.025,-0.516,-0.449,0.214,0.371,0.245,0.375,-0.62,-0.667,0.184,-0.062,860,425,4,0.184,-0.062
76548,-0.607,-0.722,-0.022,-0.536,-0.493,0.175,0.328,0.206,0.359,-0.708,-0.731,0.118,-0.111,820,407,4,0.118,-0.111
76558,-0.607,-0.722,-0.022,-0.555,-0.545,0.123,0.287,0.159,0.313,-0.754,-0.742,0.074,-0.139,780,407,4,0.074,-0.139
76568,-0.627,-0.78,-0.022,-0.572,-0.597,0.056,0.247,0.097,0.29,-0.718,-0.683,0.069,-0.132,740,430,4,0.069,-0.132
76578,-0.653,-0.833,-0.02,-0.585,-0.642,0.005,0.147,0.037,0.208,-0.62,-0.583,0.096,-0.091,700,390,4,0.096,-0.091
76588,-0.653,-0.833,-0.02,-0.596,-0.68,-0.035,0.047,0,0.101,-0.52,-0.483,0.126,-0.041,660,350,4,0.126,-0.041
76598,-0.681,-0.883,-0.018,-0.606,-0.714,-0.073,0.037,-0.052,0.055,-0.42,-0.383,0.156,0.02,620,336,4,0.156,0.02
76608,-0.64,-0.842,-0.016,-0.618,-0.751,-0.082,0.032,-0.083,0.043,-0.32,-0.283,0.186,0.05,580,296,4,0.186,0.05
76618,-0.676,-0.887,-0.016,-0.632,-0.787,-0.011,0.005,-0.009,0.005,-0.352,-0.363,0.158,-0.003,540,256,4,0.158,-0.003
76628,-0.648,-0.836,-0.007,-0.647,-0.819,-0.044,0.026,0.012,0.039,-0.452,-0.463,0.088,-0.06,500,216,4,0.088,-0.06
76638,-0.648,-0.836,-0.007,-0.656,-0.844,-0.14,0.014,-0.099,0.025,-0.552,-0.563,0.018,-0.13,460,176,4,0.018,-0.13
76648,-0.696,-0.871,-0.003,-0.661,-0.859,-0.204,-0.014,-0.159,0.002,-0.652,-0.657,-0.052,-0.198,420,136,4,-0.052,-0.198
76658,-0.696,-0.871,-0.003,-0.663,-0.866,-0.122,-0.017,-0.145,0.009,-0.616,-0.571,-0.062,-0.181,380,96,4,-0.062,-0.181
76668,-0.675,-0.815,-0.001,-0.66,-0.861,-0.102,-0.014,-0.127,-0.007,-0.516,-0.471,-0.032,-0.151,340,56,4,-0.032,-0.151
76678,-0.729,-0.844,0,-0.662,-0.857,-0.04,-0.01,-0.069,-0.003,-0.416,-0.371,-0.002,-0.121,300,40,4,-0.002,-0.121
76688,-0.729,-0.844,0,-0.671,-0.859,-0.006,-0.002,0.011,0.006,-0.431,-0.406,-0.025,-0.153,260,40,4,-0.025,-0.153
76698,-0.706,-0.788,0,-0.679,-0.856,-0.032,-0.005,-0.01,-0.007,-0.457,-0.437,-0.058,-0.19,220,0,4,-0.058,-0.19
76708,-0.706,-0.788,0,-0.687,-0.848,-0.005,0,0.019,0.01,-0.452,-0.426,-0.077,-0.194,180,-34,4,-0.077,-0.194
76718,-0.753,-0.822,-0.001,-0.702,-0.844,-0.099,-0.046,-0.052,-0.023,-0.441,-0.413,-0.09,-0.186,140,-74,4,-0.09,-0.186
76728,-0.725,-0.771,0,-0.711,-0.835,-0.017,-0.007,-0.019,-0.008,-0.474,-0.454,-0.125,-0.225,100,-113,4,-0.125,-0.225
76738,-0.725,-0.771,0,-0.714,-0.82,-0.003,-0.001,-0.001,-0.002,-0.561,-0.543,-0.187,-0.285,60,-113,4,-0.187,-0.285
76748,-0.688,-0.727,0,-0.719,-0.81,-0.05,-0.05,0.008,-0.026,-0.661,-0.643,-0.257,-0.355,20,-153,4,-0.257,-0.355
76758,-0.73,-0.766,0,-0.726,-0.802,-0.15,-0.145,-0.117,-0.096,-0.761,-0.743,-0.327,-0.424,-20,-193,4,-0.327,-0.424
76768,-0.686,-0.728,-0.008,-0.729,-0.791,-0.25,-0.225,-0.211,-0.193,-0.77,-0.703,-0.357,-0.411,-60,-215,4,-0.357,-0.411
76778,-0.686,-0.728,-0.008,-0.724,-0.776,-0.23,-0.157,-0.18,-0.168,-0.672,-0.603,-0.33,-0.382,-100,-215,4,-0.33,-0.382
76788,-0.641,-0.692,-0.012,-0.719,-0.763,-0.23,-0.135,-0.235,-0.14,-0.584,-0.515,-0.305,-0.356,-140,-255,4,-0.305,-0.356
76798,-0.641,-0.692,-0.012,-0.714,-0.753,-0.25,-0.14,-0.262,-0.149,-0.551,-0.5,-0.306,-0.357,-180,-295,4,-0.306,-0.357
76808,-0.665,-0.747,-0.015,-0.705,-0.743,-0.15,-0.04,-0.153,-0.056,-0.556,-0.524,-0.327,-0.368,-220,-335,4,-0.327,-0.368
76818,-0.611,-0.718,-0.017,-0.691,-0.73,-0.07,-0.03,-0.088,-0.019,-0.61,-0.585,-0.372,-0.417,-260,-367,4,-0.372,-0.417
76828,-0.555,-0.69,-0.019,-0.672,-0.716,-0.058,-0.032,-0.038,-0.017,-0.707,-0.681,-0.44,-0.484,-300,-371,4,-0.44,-0.484
76838,-0.555,-0.69,-0.019,-0.66,-0.71,-0.158,-0.132,-0.106,-0.103,-0.807,-0.781,-0.51,-0.554,-340,-371,4,-0.51,-0.554
76848,-0.521,-0.786,-0.019,-0.649,-0.714,-0.198,-0.131,-0.166,-0.11,-0.907,-0.856,-0.58,-0.609,-380,-411,4,-0.58,-0.609
76858,-0.521,-0.786,-0.019,-0.629,-0.713,-0.265,-0.171,-0.254,-0.16,-0.923,-0.849,-0.612,-0.612,-420,-451,4,-0.612,-0.612
76868,-0.521,-0.786,-0.019,-0.601,-0.707,-0.345,-0.238,-0.295,-0.232,-0.849,-0.756,-0.598,-0.567,-460,-491,4,-0.598,-0.567
76878,-0.487,-0.739,-0.02,-0.574,-0.712,-0.445,-0.338,-0.409,-0.3,-0.753,-0.656,-0.57,-0.537,-500,-496,4,-0.57,-0.537
76888,-0.434,-0.705,-0.022,-0.55,-0.732,-0.425,-0.298,-0.421,-0.289,-0.688,-0.564,-0.556,-0.51,-540,-536,4,-0.556,-0.51
76898,-0.336,-0.693,-0.022,-0.532,-0.755,-0.385,-0.247,-0.39,-0.255,-0.628,-0.532,-0.546,-0.512,-580,-576,4,-0.546,-0.512
76908,-0.336,-0.693,-0.022,-0.518,-0.766,-0.465,-0.307,-0.439,-0.284,-0.596,-0.531,-0.549,-0.514,-620,-616,4,-0.549,-0.514
76918,-0.331,-0.757,-0.021,-0.498,-0.76,-0.565,-0.407,-0.512,-0.376,-0.587,-0.537,-0.563,-0.536,-660,-625,4,-0.563,-0.536
76928,-0.24,-0.729,-0.015,-0.462,-0.742,-0.665,-0.507,-0.597,-0.453,-0.605,-0.549,-0.591,-0.562,-700,-628,4,-0.591,-0.562
76938,-0.24,-0.729,-0.015,-0.415,-0.722,-0.765,-0.607,-0.728,-0.571,-0.624,-0.554,-0.621,-0.585,-740,-628,4,-0.621,-0.585
76948,-0.154,-0.692,-0.012,-0.375,-0.714,-0.865,-0.707,-0.825,-0.668,-0.635,-0.553,-0.647,-0.589,-780,-665,4,-0.647,-0.589
76958,-0.154,-0.692,-0.012,-0.336,-0.719,-0.965,-0.78,-0.931,-0.759,-0.635,-0.549,-0.668,-0.588,-820,-665,4,-0.668,-0.588
76968,-0.079,-0.647,-0.007,-0.296,-0.723,-1.065,-0.811,-1.006,-0.759,-0.618,-0.538,-0.68,-0.584,-860,-652,4,-0.68,-0.584
76978,-0.012,-0.594,-0.002,-0.255,-0.722,-1.165,-0.811,-1.147,-0.803,-0.589,-0.518,-0.685,-0.592,-900,-692,4,-0.685,-0.592
76988,-0.012,-0.594,-0.002,-0.212,-0.714,-1.085,-0.711,-1.113,-0.741,-0.568,-0.519,-0.695,-0.591,-940,-732,4,-0.695,-0.591
76998,0.099,-0.579,0,-0.171,-0.7,-0.985,-0.611,-1.015,-0.625,-0.523,-0.567,-0.694,-0.607,-980,-772,4,-0.694,-0.607
77008,0.099,-0.579,0,-0.123,-0.674,-1.025,-0.664,-1.027,-0.639,-0.454,-0.614,-0.679,-0.652,-1020,-812,4,-0.679,-0.652
77018,0.176,-0.608,-0.001,-0.075,-0.643,-1.125,-0.764,-1.11,-0.715,-0.426,-0.6,-0.684,-0.667,-1060,-852,4,-0.684,-0.667
77028,0.198,-0.524,-0.003,-0.026,-0.616,-1.205,-0.844,-1.197,-0.838,-0.401,-0.578,-0.691,-0.676,-1100,-868,4,-0.691,-0.676
77038,0.198,-0.524,-0.003,0.026,-0.596,-1.105,-0.744,-1.155,-0.769,-0.38,-0.56,-0.701,-0.687,-1140,-868,4,-0.701,-0.687
77048,0.282,-0.52,-0.003,0.075,-0.587,-1.005,-0.644,-1.076,-0.655,-0.344,-0.558,-0.703,-0.705,-1180,-906,4,-0.703,-0.705
77058,0.364,-0.502,-0.004,0.124,-0.578,-0.905,-0.544,-0.964,-0.566,-0.302,-0.562,-0.702,-0.715,-1220,-871,4,-0.702,-0.715
77068,0.364,-0.502,-0.004,0.162,-0.561,-0.805,-0.444,-0.85,-0.494,-0.25,-0.568,-0.697,-0.718,-1260,-871,4,-0.697,-0.718
77078,0.446,-0.469,-0.006,0.198,-0.544,-0.705,-0.344,-0.764,-0.38,-0.204,-0.571,-0.694,-0.739,-1300,-911,4,-0.694,-0.739
77088,0.446,-0.469,-0.006,0.243,-0.529,-0.649,-0.364,-0.68,-0.33,-0.166,-0.563,-0.694,-0.717,-1315,-951,4,-0.694,-0.717
77098,0.522,-0.429,-0.004,0.293,-0.515,-0.749,-0.464,-0.727,-0.429,-0.119,-0.562,-0.692,-0.716,-1275,-972,4,-0.692,-0.716
77108,0.595,-0.381,-0.004,0.341,-0.502,-0.667,-0.424,-0.725,-0.445,-0.034,-0.583,-0.67,-0.746,-1235,-932,4,-0.67,-0.746
77118,0.595,-0.381,-0.004,0.387,-0.489,-0.567,-0.324,-0.636,-0.362,0.05,-0.605,-0.635,-0.777,-1195,-892,4,-0.635,-0.777
77128,0.595,-0.381,-0.004,0.431,-0.473,-0.467,-0.224,-0.505,-0.257,0.116,-0.617,-0.582,-0.794,-1155,-852,4,-0.582,-0.794
77138,0.663,-0.326,-0.002,0.48,-0.45,-0.367,-0.184,-0.439,-0.197,0.165,-0.609,-0.536,-0.771,-1195,-892,4,-0.536,-0.771
77148,0.784,-0.205,0,0.53,-0.423,-0.41,-0.284,-0.42,-0.254,0.174,-0.583,-0.511,-0.739,-1235,-932,4,-0.511,-0.739
77158,0.784,-0.205,0,0.567,-0.401,-0.503,-0.384,-0.506,-0.378,0.17,-0.557,-0.492,-0.706,-1275,-972,4,-0.492,-0.706
77168,0.837,-0.14,0,0.597,-0.38,-0.529,-0.484,-0.538,-0.46,0.175,-0.53,-0.511,-0.712,-1235,-1012,4,-0.511,-0.712
77178,0.886,-0.071,-0.001,0.641,-0.343,-0.523,-0.584,-0.58,-0.55,0.208,-0.507,-0.515,-0.72,-1195,-972,4,-0.515,-0.72
77188,0.886,-0.071,-0.001,0.695,-0.293,-0.423,-0.521,-0.468,-0.549,0.261,-0.477,-0.51,-0.726,-1155,-932,4,-0.51,-0.726
77198,0.932,0.004,-0.004,0.747,-0.242,-0.323,-0.421,-0.38,-0.466,0.351,-0.412,-0.445,-0.715,-1115,-972,4,-0.445,-0.715
77208,0.932,0.004,-0.004,0.796,-0.187,-0.246,-0.421,-0.286,-0.429,0.426,-0.33,-0.387,-0.654,-1075,-1001,4,-0.387,-0.654
77218,0.975,0.082,-0.005,0.84,-0.135,-0.312,-0.521,-0.322,-0.502,0.472,-0.256,-0.343,-0.597,-1035,-961,4,-0.343,-0.597
77228,1.013,0.166,-0.005,0.875,-0.088,-0.212,-0.461,-0.273,-0.489,0.467,-0.204,-0.323,-0.589,-995,-1001,4,-0.323,-0.589
77238,1.013,0.166,-0.005,0.904,-0.046,-0.112,-0.361,-0.155,-0.416,0.403,-0.158,-0.334,-0.581,-984,-1041,4,-0.334,-0.581
77248,1.048,0.253,-0.007,0.928,-0.006,-0.014,-0.401,-0.066,-0.391,0.327,-0.12,-0.351,-0.542,-944,-1001,4,-0.351,-0.542
77258,1.077,0.349,-0.011,0.954,0.043,0.035,-0.501,-0.01,-0.486,0.27,-0.088,-0.361,-0.546,-904,-961,4,-0.361,-0.546
77268,1.077,0.349,-0.011,0.98,0.094,0.096,-0.601,0.061,-0.581,0.247,-0.06,-0.369,-0.552,-864,-921,4,-0.369,-0.552
77278,1.099,0.447,-0.009,1.003,0.144,0.086,-0.561,0.06,-0.59,0.294,0.003,-0.328,-0.502,-824,-961,4,-0.328,-0.502
77288,1.099,0.447,-0.009,1.028,0.203,0.138,-0.521,0.113,-0.536,0.392,0.102,-0.26,-0.433,-784,-1001,4,-0.26,-0.433
77298,1.016,0.493,-0.005,1.05,0.265,0.038,-0.421,0.057,-0.476,0.492,0.202,-0.19,-0.363,-744,-961,4,-0.19,-0.363
77308,1.061,0.531,-0.003,1.069,0.323,0.083,-0.321,0.031,-0.364,0.592,0.302,-0.12,-0.333,-704,-921,4,-0.12,-0.333
77318,1.061,0.531,-0.003,1.084,0.379,0.136,-0.292,0.108,-0.316,0.692,0.402,-0.05,-0.303,-664,-881,4,-0.05,-0.303
77328,1.006,0.512,0.006,1.084,0.424,0.19,-0.265,0.155,-0.313,0.728,0.347,-0.005,-0.303,-624,-841,4,-0.005,-0.303
77338,1.006,0.512,0.006,1.072,0.465,0.286,-0.24,0.243,-0.272,0.628,0.247,-0.034,-0.333,-584,-801,4,-0.034,-0.333
77348,1.027,0.592,0.01,1.065,0.499,0.359,-0.207,0.317,-0.221,0.528,0.15,-0.064,-0.362,-544,-761,4,-0.064,-0.362
77358,1.027,0.592,0.01,1.054,0.518,0.408,-0.18,0.393,-0.217,0.499,0.165,-0.064,-0.339,-504,-721,4,-0.064,-0.339
77368,0.983,0.553,0.014,1.037,0.525,0.308,-0.08,0.332,-0.119,0.594,0.229,0.001,-0.289,-464,-681,4,0.001,-0.289
77378,0.937,0.519,0.016,1.025,0.534,0.208,-0.03,0.227,-0.056,0.694,0.326,0.071,-0.221,-424,-641,4,0.071,-0.221
77388,0.863,0.531,0.016,1.021,0.552,0.303,-0.034,0.254,-0.056,0.794,0.413,0.141,-0.156,-384,-601,4,0.141,-0.156
77398,0.829,0.475,0.014,1.015,0.565,0.373,0.001,0.343,-0.024,0.862,0.411,0.2,-0.134,-344,-561,4,0.2,-0.134
77408,0.829,0.475,0.014,0.999,0.563,0.461,0.057,0.44,0.018,0.762,0.331,0.173,-0.152,-304,-521,4,0.173,-0.152
77418,0.88,0.502,0.01,0.968,0.553,0.526,0.066,0.509,0.062,0.662,0.274,0.143,-0.162,-264,-481,4,0.143,-0.162
77428,0.828,0.477,0.004,0.924,0.536,0.511,0.095,0.458,0.102,0.562,0.256,0.113,-0.152,-224,-441,4,0.113,-0.152
77438,0.828,0.477,0.004,0.882,0.514,0.591,0.193,0.578,0.132,0.462,0.252,0.083,-0.135,-184,-401,4,0.083,-0.135
77448,0.871,0.517,0.001,0.858,0.498,0.598,0.194,0.58,0.164,0.445,0.258,0.091,-0.112,-144,-361,4,0.091,-0.112
77458,0.814,0.5,0,0.847,0.489,0.618,0.166,0.636,0.177,0.437,0.252,0.107,-0.095,-104,-321,4,0.107,-0.095
77468,0.814,0.5,0,0.838,0.483,0.518,0.146,0.522,0.133,0.45,0.262,0.132,-0.07,-64,-281,4,0.132,-0.07
77478,0.757,0.484,0.001,0.837,0.483,0.543,0.246,0.5,0.188,0.482,0.28,0.168,-0.041,-24,-241,4,0.168,-0.041
77488,0.757,0.484,0.001,0.838,0.49,0.503,0.206,0.514,0.207,0.5,0.289,0.198,-0.016,16,-201,4,0.198,-0.016
77498,0.796,0.528,0.001,0.833,0.495,0.403,0.106,0.424,0.13,0.498,0.289,0.217,0.004,56,-161,4,0.217,0.004
77508,0.796,0.528,0.001,0.819,0.497,0.303,0.034,0.333,0.042,0.495,0.288,0.236,0.024,96,-121,4,0.236,0.024
77518,0.741,0.507,0.001,0.797,0.494,0.203,0.005,0.229,-0.011,0.503,0.291,0.259,0.045,136,-81,4,0.259,0.045
77528,0.688,0.484,0.003,0.783,0.496,0.103,0,0.104,0.006,0.52,0.299,0.288,0.069,176,-41,4,0.288,0.069
77538,0.688,0.484,0.003,0.78,0.505,0.143,0.082,0.111,0.038,0.534,0.308,0.314,0.093,216,-1,4,0.314,0.093
77548,0.637,0.456,0.004,0.777,0.512,0.233,0.162,0.182,0.152,0.557,0.323,0.346,0.121,256,39,4,0.346,0.121
77558,0.637,0.456,0.004,0.76,0.511,0.236,0.142,0.259,0.137,0.575,0.341,0.375,0.149,296,79,4,0.375,0.149
77568,0.632,0.463,0.005,0.735,0.503,0.176,0.101,0.178,0.085,0.58,0.356,0.398,0.177,336,119,4,0.398,0.177
77578,0.632,0.463,0.005,0.706,0.492,0.135,0.054,0.133,0.076,0.588,0.373,0.422,0.206,376,159,4,0.422,0.206
77588,0.583,0.434,0.003,0.677,0.478,0.177,0.132,0.149,0.124,0.57,0.368,0.434,0.224,416,199,4,0.434,0.224
77598,0.534,0.404,0.003,0.654,0.468,0.127,0.092,0.137,0.056,0.564,0.377,0.45,0.247,456,239,4,0.45,0.247
77608,0.534,0.404,0.003,0.639,0.462,0.113,0.077,0.157,0.078,0.557,0.384,0.466,0.271,496,279,4,0.466,0.271
77618,0.485,0.374,0.002,0.625,0.457,0.013,0.007,0.022,0.014,0.561,0.401,0.488,0.299,536,319,4,0.488,0.299
77628,0.437,0.343,0.002,0.603,0.445,0.059,0.064,0.024,0.04,0.565,0.404,0.511,0.322,576,359,4,0.511,0.322
77638,0.437,0.343,0.002,0.576,0.43,0.074,0.054,0.056,0.019,0.576,0.403,0.535,0.341,616,399,4,0.535,0.341
77648,0.39,0.31,0.003,0.549,0.413,0.174,0.143,0.126,0.105,0.592,0.414,0.564,0.366,656,439,4,0.564,0.366
77658,0.343,0.277,0.003,0.515,0.393,0.094,0.043,0.119,0.057,0.608,0.428,0.591,0.393,696,479,4,0.591,0.393
77668,0.343,0.277,0.003,0.482,0.372,0.005,0.003,0.02,0.009,0.628,0.447,0.622,0.422,736,519,4,0.622,0.422
77678,0.179,0.147,0.002,0.451,0.352,0.032,0.033,-0.002,0.008,0.64,0.45,0.648,0.445,776,559,4,0.648,0.445
77688,0.179,0.147,0.002,0.417,0.329,0.132,0.133,0.08,0.101,0.648,0.452,0.672,0.465,816,599,4,0.672,0.465
77698,0.053,0.045,0.003,0.385,0.307,0.232,0.233,0.192,0.202,0.651,0.463,0.694,0.491,856,639,4,0.694,0.491
77708,0.005,0.005,0.004,0.341,0.274,0.192,0.154,0.213,0.176,0.65,0.474,0.713,0.516,896,679,4,0.713,0.516
77718,0,0,0.004,0.282,0.229,0.292,0.234,0.264,0.189,0.652,0.484,0.734,0.541,936,719,4,0.734,0.541
77728,0,0,0.004,0.216,0.177,0.332,0.254,0.287,0.207,0.652,0.487,0.754,0.563,976,759,4,0.754,0.563
77738,0,0,0.004,0.142,0.117,0.424,0.334,0.385,0.334,0.622,0.471,0.761,0.576,1016,799,4,0.761,0.576
77748,0,0,0.004,0.076,0.064,0.324,0.234,0.349,0.284,0.557,0.437,0.749,0.58,1056,839,4,0.749,0.58
77758,-0.005,-0.003,0.004,0.03,0.026,0.416,0.334,0.431,0.312,0.488,0.395,0.734,0.578,1096,879,4,0.734,0.578
77768,-0.023,-0.015,0.002,0.003,0.003,0.516,0.434,0.482,0.397,0.419,0.344,0.72,0.573,1136,919,4,0.72,0.573
77778,-0.07,-0.047,0.001,-0.009,-0.007,0.616,0.514,0.58,0.502,0.354,0.299,0.708,0.571,1176,959,4,0.708,0.571
77788,-0.07,-0.047,0.001,-0.012,-0.009,0.516,0.414,0.58,0.473,0.257,0.23,0.68,0.557,1216,999,4,0.68,0.557
77798,-0.117,-0.079,0.003,-0.014,-0.01,0.476,0.354,0.486,0.371,0.157,0.145,0.65,0.535,1256,1039,4,0.65,0.535
77808,-0.165,-0.11,0.002,-0.022,-0.016,0.576,0.454,0.543,0.425,0.11,0.088,0.643,0.525,1296,999,4,0.643,0.525
77818,-0.165,-0.11,0.002,-0.038,-0.026,0.676,0.554,0.66,0.525,0.158,0.098,0.685,0.547,1336,959,4,0.685,0.547
77828,-0.214,-0.14,0.003,-0.058,-0.039,0.776,0.634,0.764,0.646,0.193,0.117,0.724,0.578,1296,919,4,0.724,0.578
77838,-0.263,-0.169,0.003,-0.087,-0.059,0.876,0.68,0.862,0.666,0.158,0.089,0.729,0.546,1301,879,4,0.729,0.546
77848,-0.313,-0.197,0,-0.119,-0.08,0.796,0.58,0.83,0.612,0.065,0.008,0.704,0.487,1261,839,4,0.704,0.487
77858,-0.363,-0.224,-0.001,-0.15,-0.1,0.696,0.48,0.743,0.534,-0.035,-0.09,0.634,0.418,1221,799,4,0.634,0.418
77868,-0.363,-0.224,-0.001,-0.184,-0.122,0.596,0.434,0.674,0.478,-0.133,-0.143,0.587,0.369,1193,759,4,0.587,0.369
77878,-0.413,-0.253,-0.005,-0.225,-0.146,0.496,0.334,0.55,0.378,-0.173,-0.173,0.545,0.334,1153,719,4,0.545,0.334
77888,-0.413,-0.253,-0.005,-0.27,-0.172,0.396,0.234,0.436,0.257,-0.214,-0.213,0.505,0.295,1113,704,4,0.505,0.295
77898,-0.46,-0.285,-0.009,-0.312,-0.196,0.42,0.334,0.43,0.312,-0.26,-0.266,0.468,0.248,1073,664,4,0.468,0.248
77908,-0.506,-0.32,-0.019,-0.348,-0.216,0.469,0.434,0.495,0.428,-0.276,-0.298,0.439,0.211,1033,624,4,0.439,0.211
77918,-0.506,-0.32,-0.019,-0.38,-0.234,0.409,0.389,0.441,0.437,-0.285,-0.32,0.415,0.193,1017,603,4,0.415,0.193
77928,-0.544,-0.365,-0.027,-0.407,-0.25,0.309,0.289,0.35,0.327,-0.316,-0.35,0.38,0.158,1057,643,4,0.38,0.158
77938,-0.544,-0.365,-0.027,-0.437,-0.269,0.209,0.189,0.263,0.237,-0.38,-0.417,0.329,0.106,1097,683,4,0.329,0.106
77948,-0.579,-0.416,-0.029,-0.466,-0.29,0.149,0.149,0.186,0.158,-0.475,-0.515,0.275,0.048,1057,643,4,0.275,0.048
77958,-0.607,-0.474,-0.033,-0.493,-0.312,0.054,0.097,0.113,0.139,-0.575,-0.615,0.245,0.018,1017,603,4,0.245,0.018
77968,-0.607,-0.474,-0.033,-0.517,-0.334,0.092,0.152,0.111,0.133,-0.675,-0.715,0.215,-0.012,977,563,4,0.215,-0.012
77978,-0.63,-0.536,-0.034,-0.538,-0.357,0,0.052,0.052,0.087,-0.775,-0.815,0.145,-0.082,937,523,4,0.145,-0.082
77988,-0.65,-0.599,-0.034,-0.56,-0.389,0.013,0.046,0.025,0.078,-0.84,-0.82,0.089,-0.11,897,483,4,0.089,-0.11
77998,-0.667,-0.665,-0.035,-0.581,-0.423,0.021,0.095,0.046,0.115,-0.777,-0.742,0.097,-0.093,857,443,4,0.097,-0.093
78008,-0.667,-0.665,-0.035,-0.599,-0.458,0.003,0.012,0.027,0.043,-0.677,-0.642,0.127,-0.063,817,403,4,0.127,-0.063
78018,-0.682,-0.729,-0.035,-0.617,-0.499,-0.026,0.055,0.005,0.055,-0.577,-0.542,0.157,-0.033,777,363,4,0.157,-0.033
78028,-0.697,-0.793,-0.032,-0.635,-0.55,-0.099,0.115,-0.044,0.11,-0.477,-0.442,0.187,-0.003,737,403,4,0.187,-0.003
78038,-0.697,-0.793,-0.032,-0.65,-0.6,-0.101,0.056,-0.093,0.085,-0.467,-0.46,0.176,-0.026,697,443,4,0.176,-0.026
78048,-0.717,-0.851,-0.032,-0.663,-0.644,-0.014,0.008,-0.02,0.04,-0.538,-0.541,0.123,-0.085,657,403,4,0.123,-0.085
78058,-0.717,-0.851,-0.032,-0.674,-0.692,-0.002,0.001,0.011,0.004,-0.635,-0.632,0.055,-0.111,617,363,4,0.055,-0.111
78068,-0.668,-0.818,-0.027,-0.685,-0.737,-0.02,-0.008,0.022,-0.006,-0.721,-0.664,-0.01,-0.111,577,323,4,-0.01,-0.111
78078,-0.696,-0.868,-0.023,-0.695,-0.777,-0.12,-0.062,-0.085,-0.014,-0.671,-0.59,-0.01,-0.097,537,283,4,-0.01,-0.097
78088,-0.659,-0.825,-0.023,-0.704,-0.812,-0.22,-0.074,-0.176,-0.055,-0.571,-0.49,0.019,-0.067,497,243,4,0.019,-0.067
78098,-0.694,-0.869,-0.019,-0.706,-0.832,-0.313,-0.063,-0.27,-0.053,-0.471,-0.39,0.049,-0.037,457,203,4,0.049,-0.037
78108,-0.694,-0.869,-0.019,-0.7,-0.843,-0.368,-0.051,-0.328,-0.058,-0.401,-0.381,0.068,-0.047,417,163,4,0.068,-0.047
78118,-0.662,-0.822,-0.016,-0.692,-0.849,-0.39,-0.056,-0.369,-0.056,-0.49,-0.479,0.007,-0.114,377,123,4,0.007,-0.114
78128,-0.703,-0.862,-0.012,-0.685,-0.85,-0.446,-0.093,-0.396,-0.086,-0.59,-0.579,-0.063,-0.184,337,83,4,-0.063,-0.184
78138,-0.703,-0.862,-0.012,-0.684,-0.856,-0.446,-0.093,-0.457,-0.09,-0.69,-0.679,-0.133,-0.254,297,43,4,-0.133,-0.254
78148,-0.673,-0.813,-0.011,-0.682,-0.856,-0.346,-0.022,-0.375,-0.013,-0.66,-0.642,-0.145,-0.263,257,3,4,-0.145,-0.263
78158,-0.641,-0.765,-0.011,-0.682,-0.852,-0.246,-0.003,-0.257,-0.009,-0.561,-0.542,-0.116,-0.233,217,-37,4,-0.116,-0.233
78168,-0.641,-0.765,-0.011,-0.687,-0.853,-0.146,0.001,-0.167,-0.005,-0.499,-0.448,-0.102,-0.205,177,-77,4,-0.102,-0.205
78178,-0.679,-0.808,-0.011,-0.689,-0.85,-0.206,-0.083,-0.173,-0.029,-0.484,-0.445,-0.114,-0.221,137,-117,4,-0.114,-0.221
78188,-0.679,-0.808,-0.011,-0.682,-0.833,-0.206,-0.065,-0.207,-0.084,-0.478,-0.469,-0.131,-0.252,97,-155,4,-0.131,-0.252
78198,-0.674,-0.812,-0.011,-0.669,-0.809,-0.106,-0.007,-0.117,-0.018,-0.512,-0.518,-0.165,-0.295,57,-149,4,-0.165,-0.295
78208,-0.674,-0.812,-0.011,-0.661,-0.793,-0.006,-0.001,-0.016,0.012,-0.577,-0.587,-0.217,-0.349,17,-149,4,-0.217,-0.349
78218,-0.63,-0.774,-0.01,-0.662,-0.791,0,0,0.007,0.009,-0.654,-0.66,-0.276,-0.405,-23,-189,4,-0.276,-0.405
78228,-0.588,-0.735,-0.009,-0.666,-0.794,-0.043,-0.046,-0.008,-0.025,-0.732,-0.724,-0.335,-0.435,-63,-229,4,-0.335,-0.435
78238,-0.588,-0.735,-0.009,-0.67,-0.8,-0.083,-0.071,-0.058,-0.029,-0.767,-0.727,-0.375,-0.439,-103,-269,4,-0.375,-0.439
78248,-0.613,-0.787,-0.01,-0.667,-0.801,-0.183,-0.136,-0.132,-0.103,-0.71,-0.636,-0.369,-0.416,-143,-309,4,-0.369,-0.416
78258,-0.613,-0.787,-0.01,-0.652,-0.79,-0.246,-0.166,-0.223,-0.171,-0.625,-0.536,-0.347,-0.386,-183,-349,4,-0.347,-0.386
78268,-0.525,-0.78,-0.01,-0.629,-0.771,-0.266,-0.186,-0.237,-0.163,-0.602,-0.527,-0.353,-0.397,-223,-325,4,-0.353,-0.397
78278,-0.501,-0.728,-0.012,-0.612,-0.761,-0.23,-0.126,-0.246,-0.135,-0.62,-0.582,-0.381,-0.443,-263,-365,4,-0.381,-0.443
78288,-0.501,-0.728,-0.012,-0.606,-0.763,-0.329,-0.206,-0.261,-0.154,-0.609,-0.61,-0.397,-0.479,-303,-405,4,-0.397,-0.479
78298,-0.52,-0.783,-0.012,-0.594,-0.769,-0.429,-0.306,-0.397,-0.269,-0.588,-0.599,-0.406,-0.463,-343,-388,4,-0.406,-0.463
78308,-0.429,-0.771,-0.016,-0.569,-0.768,-0.529,-0.406,-0.485,-0.376,-0.61,-0.61,-0.435,-0.487,-383,-428,4,-0.435,-0.487
78318,-0.429,-0.771,-0.016,-0.541,-0.758,-0.629,-0.506,-0.593,-0.475,-0.694,-0.684,-0.495,-0.541,-423,-468,4,-0.495,-0.541
78328,-0.391,-0.727,-0.016,-0.522,-0.752,-0.589,-0.408,-0.576,-0.421,-0.765,-0.76,-0.552,-0.572,-463,-508,4,-0.552,-0.572
78338,-0.391,-0.727,-0.016,-0.503,-0.757,-0.607,-0.408,-0.592,-0.37,-0.756,-0.743,-0.571,-0.587,-503,-515,4,-0.571,-0.587
78348,-0.301,-0.706,-0.015,-0.476,-0.762,-0.707,-0.508,-0.668,-0.482,-0.695,-0.65,-0.561,-0.563,-543,-555,4,-0.561,-0.563
78358,-0.301,-0.706,-0.015,-0.449,-0.761,-0.807,-0.608,-0.758,-0.551,-0.644,-0.564,-0.555,-0.538,-583,-585,4,-0.555,-0.538
78368,-0.315,-0.763,-0.017,-0.423,-0.752,-0.907,-0.708,-0.874,-0.658,-0.591,-0.538,-0.549,-0.527,-623,-625,4,-0.549,-0.527
78378,-0.227,-0.731,-0.017,-0.393,-0.74,-0.967,-0.677,-0.953,-0.697,-0.566,-0.556,-0.555,-0.555,-663,-665,4,-0.555,-0.555
78388,-0.144,-0.692,-0.017,-0.358,-0.726,-0.867,-0.577,-0.895,-0.616,-0.577,-0.604,-0.58,-0.592,-703,-629,4,-0.58,-0.592
78398,-0.065,-0.643,-0.014,-0.33,-0.722,-0.907,-0.602,-0.864,-0.557,-0.585,-0.65,-0.604,-0.636,-743,-669,4,-0.604,-0.636
78408,0.005,-0.699,-0.014,-0.305,-0.727,-0.867,-0.542,-0.87,-0.548,-0.572,-0.674,-0.618,-0.669,-783,-709,4,-0.618,-0.669
78418,0.005,-0.699,-0.014,-0.264,-0.725,-0.767,-0.442,-0.784,-0.492,-0.562,-0.671,-0.633,-0.651,-823,-749,4,-0.633,-0.651
78428,0.064,-0.632,-0.013,-0.208,-0.71,-0.827,-0.502,-0.802,-0.467,-0.555,-0.649,-0.65,-0.66,-863,-775,4,-0.65,-0.66
78438,0.064,-0.632,-0.013,-0.14,-0.694,-0.927,-0.602,-0.896,-0.547,-0.545,-0.626,-0.665,-0.668,-903,-775,4,-0.665,-0.668
78448,0.113,-0.556,-0.012,-0.075,-0.688,-1.027,-0.702,-1.008,-0.667,-0.538,-0.585,-0.681,-0.668,-943,-803,4,-0.681,-0.668
78458,0.197,-0.577,-0.008,-0.021,-0.681,-0.987,-0.653,-1.023,-0.671,-0.513,-0.552,-0.689,-0.665,-983,-830,4,-0.689,-0.665
78468,0.197,-0.577,-0.008,0.023,-0.665,-0.887,-0.553,-0.919,-0.588,-0.442,-0.57,-0.676,-0.671,-1023,-830,4,-0.676,-0.671
78478,0.285,-0.582,-0.007,0.057,-0.641,-0.787,-0.453,-0.851,-0.475,-0.342,-0.628,-0.646,-0.713,-1063,-870,4,-0.646,-0.713
78488,0.371,-0.573,-0.007,0.096,-0.612,-0.787,-0.513,-0.793,-0.475,-0.282,-0.639,-0.634,-0.735,-1103,-893,4,-0.634,-0.735
78498,0.361,-0.486,-0.004,0.137,-0.592,-0.887,-0.613,-0.851,-0.585,-0.271,-0.612,-0.647,-0.722,-1143,-926,4,-0.647,-0.722
78508,0.44,-0.454,-0.002,0.18,-0.58,-0.847,-0.593,-0.88,-0.613,-0.243,-0.598,-0.654,-0.734,-1183,-945,4,-0.654,-0.734
78518,0.44,-0.454,-0.002,0.235,-0.574,-0.747,-0.493,-0.8,-0.506,-0.186,-0.606,-0.647,-0.749,-1223,-945,4,-0.647,-0.749
78528,0.514,-0.412,0,0.29,-0.561,-0.757,-0.558,-0.769,-0.546,-0.153,-0.59,-0.649,-0.759,-1263,-985,4,-0.649,-0.759
78538,0.514,-0.412,0,0.341,-0.533,-0.737,-0.578,-0.776,-0.576,-0.128,-0.563,-0.657,-0.755,-1303,-1025,4,-0.657,-0.755
78548,0.582,-0.363,0,0.387,-0.501,-0.637,-0.478,-0.694,-0.517,-0.044,-0.587,-0.637,-0.764,-1263,-996,4,-0.637,-0.764
78558,0.582,-0.363,0,0.428,-0.471,-0.537,-0.378,-0.599,-0.424,0.056,-0.639,-0.607,-0.81,-1223,-996,4,-0.607,-0.81
78568,0.644,-0.31,0.001,0.467,-0.444,-0.437,-0.278,-0.484,-0.291,0.156,-0.649,-0.577,-0.837,-1183,-1036,4,-0.577,-0.837
78578,0.703,-0.252,0,0.503,-0.419,-0.337,-0.178,-0.399,-0.226,0.217,-0.622,-0.525,-0.811,-1143,-996,4,-0.525,-0.811
78588,0.759,-0.189,0,0.538,-0.394,-0.337,-0.258,-0.357,-0.251,0.233,-0.574,-0.495,-0.787,-1103,-1036,4,-0.495,-0.787
78598,0.812,-0.123,0,0.571,-0.37,-0.297,-0.358,-0.331,-0.35,0.254,-0.532,-0.466,-0.786,-1063,-999,4,-0.466,-0.786
78608,0.863,-0.055,-0.001,0.61,-0.338,-0.395,-0.458,-0.386,-0.418,0.333,-0.466,-0.408,-0.734,-1023,-959,4,-0.408,-0.734
78618,0.863,-0.055,-0.001,0.657,-0.295,-0.495,-0.558,-0.494,-0.528,0.387,-0.399,-0.359,-0.72,-983,-919,4,-0.359,-0.72
78628,0.911,0.018,-0.001,0.708,-0.243,-0.433,-0.598,-0.451,-0.613,0.347,-0.384,-0.356,-0.692,-1023,-959,4,-0.356,-0.692
78638,0.911,0.018,-0.001,0.762,-0.183,-0.333,-0.498,-0.385,-0.541,0.294,-0.368,-0.363,-0.664,-1063,-999,4,-0.363,-0.664
78648,0.956,0.094,0,0.809,-0.126,-0.233,-0.398,-0.303,-0.446,0.279,-0.313,-0.352,-0.618,-1023,-959,4,-0.352,-0.618
78658,0.998,0.171,0,0.848,-0.075,-0.133,-0.298,-0.189,-0.347,0.303,-0.221,-0.361,-0.594,-983,-919,4,-0.361,-0.594
78668,0.998,0.171,0,0.88,-0.031,-0.033,-0.198,-0.08,-0.243,0.386,-0.121,-0.342,-0.564,-943,-879,4,-0.342,-0.564
78678,1.038,0.251,0,0.907,0.009,-0.058,-0.178,-0.06,-0.184,0.486,-0.021,-0.272,-0.494,-903,-839,4,-0.272,-0.494
78688,1.038,0.251,0,0.935,0.056,-0.132,-0.278,-0.134,-0.272,0.526,0.079,-0.228,-0.424,-863,-799,4,-0.228,-0.424
78698,1.089,0.28,-0.001,0.963,0.105,-0.049,-0.258,-0.069,-0.3,0.434,0.092,-0.251,-0.392,-823,-793,4,-0.251,-0.392
78708,1.089,0.28,-0.001,0.988,0.151,-0.034,-0.322,-0.06,-0.325,0.342,0.06,-0.278,-0.389,-783,-793,4,-0.278,-0.389
78718,1.171,0.4,0,1.011,0.195,-0.003,-0.303,-0.025,-0.342,0.35,0.091,-0.258,-0.356,-743,-753,4,-0.258,-0.356
78728,1.113,0.391,0.005,1.033,0.231,0.077,-0.343,0.034,-0.34,0.429,0.161,-0.2,-0.319,-703,-793,4,-0.2,-0.319
78738,1.113,0.391,0.005,1.057,0.258,0.035,-0.323,0.031,-0.351,0.509,0.217,-0.141,-0.29,-663,-833,4,-0.141,-0.29
78748,1.144,0.466,0.005,1.084,0.289,0.035,-0.223,0.008,-0.281,0.609,0.268,-0.071,-0.245,-623,-793,4,-0.071,-0.245
78758,1.144,0.466,0.005,1.111,0.329,0.055,-0.188,0.032,-0.225,0.709,0.349,-0.001,-0.225,-583,-753,4,-0.001,-0.225
78768,1.093,0.441,0.007,1.122,0.361,0.055,-0.116,0.038,-0.146,0.809,0.445,0.069,-0.198,-543,-713,4,0.069,-0.198
78778,1.148,0.456,0.01,1.128,0.391,0.081,-0.162,0.059,-0.169,0.909,0.5,0.139,-0.147,-503,-673,4,0.139,-0.147
78788,1.148,0.456,0.01,1.135,0.422,0.121,-0.11,0.09,-0.142,1.009,0.437,0.209,-0.155,-463,-633,4,0.209,-0.155
78798,1.099,0.423,0.011,1.134,0.443,0.11,-0.049,0.132,-0.126,0.915,0.337,0.19,-0.184,-423,-593,4,0.19,-0.184
78808,1.155,0.435,0.01,1.13,0.453,0.205,-0.073,0.169,-0.075,0.815,0.237,0.16,-0.214,-383,-553,4,0.16,-0.214
78818,1.102,0.413,0.01,1.132,0.458,0.305,-0.002,0.232,-0.012,0.715,0.169,0.13,-0.232,-343,-513,4,0.13,-0.232
78828,1.102,0.413,0.01,1.132,0.455,0.316,0.043,0.3,0.016,0.615,0.192,0.1,-0.202,-303,-473,4,0.1,-0.202
78838,1.154,0.437,0.007,1.13,0.448,0.23,0.012,0.244,-0.011,0.552,0.258,0.084,-0.15,-263,-433,4,0.084,-0.15
78848,1.096,0.428,0.005,1.129,0.439,0.13,0.002,0.152,-0.007,0.574,0.294,0.116,-0.11,-223,-393,4,0.116,-0.11
78858,1.096,0.428,0.005,1.122,0.428,0.03,0,0.058,0.006,0.522,0.274,0.112,-0.098,-183,-353,4,0.112,-0.098
78868,1.141,0.468,-0.002,1.12,0.423,-0.005,0.007,0.037,-0.025,0.467,0.235,0.103,-0.098,-143,-313,4,0.103,-0.098
78878,1.078,0.47,-0.006,1.121,0.423,0.095,0.084,0.035,0.07,0.439,0.216,0.109,-0.088,-103,-273,4,0.109,-0.088
78888,1.078,0.47,-0.006,1.115,0.425,0.195,0.175,0.135,0.15,0.414,0.201,0.116,-0.075,-63,-233,4,0.116,-0.075
78898,1.017,0.466,-0.006,1.113,0.431,0.295,0.228,0.27,0.191,0.434,0.213,0.144,-0.051,-23,-193,4,0.144,-0.051
78908,1.017,0.466,-0.006,1.112,0.443,0.215,0.128,0.23,0.147,0.529,0.293,0.209,0.006,17,-153,4,0.209,0.006
78918,1.06,0.51,-0.002,1.103,0.455,0.115,0.028,0.141,0.05,0.629,0.393,0.279,0.076,57,-113,4,0.279,0.076
78928,1.004,0.495,0,1.085,0.463,0.085,0.04,0.052,0.027,0.729,0.493,0.349,0.146,97,-73,4,0.349,0.146
78938,1.004,0.495,0,1.06,0.467,0.185,0.14,0.137,0.101,0.829,0.537,0.419,0.194,137,-33,4,0.419,0.194
78948,0.951,0.473,0.002,1.044,0.474,0.255,0.18,0.298,0.141,0.776,0.437,0.42,0.166,177,7,4,0.42,0.166
78958,1.002,0.498,0.002,1.035,0.484,0.155,0.08,0.132,0.155,0.676,0.337,0.39,0.136,217,47,4,0.39,0.136
78968,0.955,0.465,0.003,1.023,0.491,0.115,0.054,0.131,0.029,0.576,0.303,0.36,0.135,257,87,4,0.36,0.135
78978,0.904,0.439,0.001,1.007,0.492,0.215,0.154,0.171,0.094,0.531,0.314,0.354,0.161,297,127,4,0.354,0.161
78988,0.904,0.439,0.001,0.992,0.491,0.315,0.254,0.257,0.2,0.547,0.305,0.381,0.177,337,167,4,0.381,0.177
78998,0.959,0.456,0.007,0.983,0.488,0.315,0.214,0.324,0.229,0.63,0.344,0.44,0.213,377,207,4,0.44,0.213
79008,0.912,0.423,0.007,0.966,0.478,0.215,0.114,0.245,0.145,0.73,0.438,0.51,0.279,417,247,4,0.51,0.279
79018,0.912,0.423,0.007,0.943,0.464,0.115,0.014,0.121,0.046,0.83,0.538,0.58,0.349,457,287,4,0.58,0.349
79028,0.865,0.388,0.006,0.931,0.454,0.015,0,0.03,-0.011,0.93,0.556,0.65,0.383,497,327,4,0.65,0.383
79038,0.865,0.388,0.006,0.927,0.446,0,0,0.042,-0.012,0.856,0.462,0.64,0.358,537,367,4,0.64,0.358
79048,0.816,0.356,0.002,0.922,0.437,0,0,-0.034,0.018,0.756,0.386,0.61,0.338,577,407,4,0.61,0.338
79058,0.816,0.356,0.002,0.911,0.426,0,0,-0.014,-0.011,0.656,0.353,0.58,0.341,617,447,4,0.58,0.341
79068,0.768,0.323,0.001,0.895,0.411,0.041,0.04,0.021,-0.007,0.602,0.356,0.57,0.361,657,487,4,0.57,0.361
79078,0.824,0.336,0,0.875,0.396,0.141,0.126,0.099,0.095,0.593,0.357,0.585,0.382,697,527,4,0.585,0.382
79088,0.775,0.307,0,0.852,0.379,0.241,0.206,0.191,0.157,0.619,0.371,0.617,0.408,737,545,4,0.617,0.408
79098,0.725,0.276,0.002,0.827,0.363,0.341,0.286,0.293,0.259,0.647,0.384,0.651,0.435,777,585,4,0.651,0.435
79108,0.725,0.276,0.002,0.809,0.347,0.241,0.186,0.255,0.217,0.667,0.398,0.682,0.463,817,625,4,0.682,0.463
79118,0.675,0.245,0.002,0.799,0.335,0.141,0.086,0.179,0.107,0.652,0.395,0.695,0.47,857,665,4,0.695,0.47
79128,0.639,0.163,0.001,0.783,0.319,0.047,0.005,0.063,0.007,0.634,0.391,0.706,0.488,817,625,4,0.706,0.488
79138,0.639,0.163,0.001,0.762,0.301,0.147,0.105,0.095,0.081,0.614,0.389,0.716,0.507,777,585,4,0.716,0.507
79148,0.586,0.137,0.001,0.738,0.284,0.247,0.185,0.206,0.169,0.612,0.398,0.734,0.531,817,625,4,0.734,0.531
79158,0.379,0.043,0.001,0.707,0.257,0.323,0.265,0.284,0.21,0.631,0.413,0.723,0.519,857,665,4,0.723,0.519
79168,0.379,0.043,0.001,0.678,0.222,0.423,0.36,0.37,0.311,0.671,0.428,0.722,0.506,897,705,4,0.722,0.506
79178,0.151,-0.009,0.001,0.649,0.19,0.523,0.46,0.475,0.413,0.707,0.44,0.761,0.532,937,745,4,0.761,0.532
79188,0.151,-0.009,0.001,0.596,0.152,0.543,0.46,0.535,0.476,0.736,0.44,0.796,0.553,977,776,4,0.796,0.553
79198,0.032,-0.006,0.001,0.52,0.108,0.551,0.46,0.518,0.46,0.745,0.418,0.821,0.562,1017,816,4,0.821,0.562
79208,0.005,-0.004,0.001,0.425,0.068,0.651,0.56,0.625,0.519,0.74,0.38,0.839,0.564,1057,818,4,0.839,0.564
79218,0.005,-0.004,0.001,0.317,0.032,0.751,0.66,0.72,0.657,0.731,0.33,0.854,0.555,1097,818,4,0.854,0.555
79228,0.001,-0.006,0.001,0.216,0.007,0.731,0.62,0.735,0.655,0.696,0.282,0.858,0.551,1137,858,4,0.858,0.551
79238,-0.003,-0.017,0.001,0.124,-0.006,0.671,0.54,0.677,0.54,0.632,0.241,0.847,0.531,1177,898,4,0.847,0.531
79248,-0.022,-0.047,0,0.057,-0.011,0.771,0.64,0.748,0.643,0.558,0.21,0.83,0.515,1217,938,4,0.83,0.515
79258,-0.022,-0.047,0,0.015,-0.012,0.711,0.557,0.762,0.613,0.48,0.188,0.812,0.524,1257,943,4,0.812,0.524
79268,-0.058,-0.091,0.001,-0.006,-0.012,0.611,0.457,0.654,0.494,0.38,0.121,0.782,0.512,1297,903,4,0.782,0.512
79278,-0.099,-0.132,0.001,-0.016,-0.017,0.511,0.357,0.565,0.397,0.28,0.021,0.752,0.483,1337,863,4,0.752,0.483
79288,-0.099,-0.132,0.001,-0.022,-0.026,0.411,0.257,0.452,0.297,0.18,-0.061,0.722,0.443,1377,823,4,0.722,0.443
79298,-0.144,-0.169,0.001,-0.029,-0.041,0.333,0.201,0.37,0.218,0.098,-0.051,0.699,0.425,1417,783,4,0.699,0.425
79308,-0.19,-0.204,0.001,-0.044,-0.065,0.433,0.301,0.419,0.298,0.173,0.021,0.752,0.439,1377,823,4,0.752,0.439
79318,-0.19,-0.204,0.001,-0.064,-0.091,0.533,0.401,0.51,0.368,0.219,0.059,0.798,0.441,1337,863,4,0.798,0.441
79328,-0.236,-0.239,-0.006,-0.087,-0.117,0.633,0.501,0.61,0.475,0.162,0.001,0.793,0.395,1297,823,4,0.793,0.395
79338,-0.236,-0.239,-0.006,-0.116,-0.145,0.733,0.593,0.722,0.575,0.062,-0.099,0.723,0.366,1257,783,4,0.723,0.366
79348,-0.281,-0.274,-0.009,-0.147,-0.172,0.793,0.599,0.806,0.616,-0.038,-0.199,0.653,0.336,1217,743,4,0.653,0.336
79358,-0.326,-0.31,-0.013,-0.176,-0.195,0.693,0.499,0.744,0.54,-0.138,-0.299,0.583,0.266,1257,783,4,0.583,0.266
79368,-0.326,-0.31,-0.013,-0.203,-0.216,0.593,0.399,0.64,0.451,-0.209,-0.336,0.525,0.225,1297,823,4,0.525,0.225
79378,-0.367,-0.35,-0.016,-0.228,-0.234,0.493,0.299,0.551,0.355,-0.2,-0.335,0.508,0.204,1257,783,4,0.508,0.204
79388,-0.406,-0.392,-0.016,-0.257,-0.256,0.393,0.239,0.447,0.249,-0.201,-0.333,0.528,0.225,1217,743,4,0.528,0.225
79398,-0.438,-0.44,-0.032,-0.287,-0.279,0.293,0.198,0.333,0.224,-0.276,-0.392,0.514,0.218,1257,783,4,0.514,0.218
79408,-0.438,-0.44,-0.032,-0.314,-0.301,0.193,0.098,0.243,0.142,-0.376,-0.482,0.444,0.154,1297,823,4,0.444,0.154
79418,-0.467,-0.492,-0.034,-0.343,-0.328,0.093,0.01,0.142,0.041,-0.476,-0.56,0.374,0.094,1257,783,4,0.374,0.094
79428,-0.492,-0.547,-0.034,-0.375,-0.361,0.033,0.032,0.056,0.036,-0.565,-0.608,0.348,0.088,1217,743,4,0.348,0.088
79438,-0.492,-0.547,-0.034,-0.404,-0.394,0.133,0.132,0.125,0.116,-0.562,-0.601,0.367,0.11,1177,703,4,0.367,0.11
79448,-0.513,-0.604,-0.034,-0.428,-0.426,0.074,0.068,0.102,0.089,-0.523,-0.56,0.366,0.11,1137,663,4,0.366,0.11
79458,-0.534,-0.661,-0.03,-0.451,-0.462,0.011,0.01,0.049,0.039,-0.496,-0.532,0.36,0.105,1097,623,4,0.36,0.105
79468,-0.534,-0.661,-0.03,-0.471,-0.499,0.066,0.059,0.063,0.05,-0.498,-0.534,0.339,0.085,1057,583,4,0.339,0.085
79478,-0.559,-0.714,-0.025,-0.487,-0.533,0.135,0.159,0.143,0.143,-0.503,-0.538,0.317,0.062,1017,623,4,0.317,0.062
79488,-0.559,-0.714,-0.025,-0.503,-0.572,0.132,0.251,0.167,0.226,-0.489,-0.517,0.304,0.052,977,663,4,0.304,0.052
79498,-0.588,-0.764,-0.021,-0.517,-0.61,0.062,0.167,0.102,0.205,-0.492,-0.499,0.283,0.042,937,623,4,0.283,0.042
79508,-0.621,-0.81,-0.014,-0.53,-0.646,0.014,0.108,0.052,0.148,-0.488,-0.482,0.264,0.07,897,583,4,0.264,0.07
79518,-0.621,-0.81,-0.014,-0.543,-0.677,-0.031,0.08,-0.001,0.099,-0.459,-0.449,0.258,0.106,857,543,4,0.258,0.106
79528,-0.66,-0.852,-0.011,-0.556,-0.706,-0.074,0.041,-0.044,0.062,-0.409,-0.399,0.262,0.111,817,503,4,0.262,0.111
79538,-0.702,-0.893,-0.011,-0.573,-0.738,-0.111,0.051,-0.078,0.052,-0.397,-0.388,0.25,0.098,777,463,4,0.25,0.098
79548,-0.676,-0.84,-0.006,-0.592,-0.769,-0.044,0.012,-0.037,0.021,-0.44,-0.437,0.21,0.055,737,423,4,0.21,0.055
79558,-0.676,-0.84,-0.006,-0.612,-0.798,-0.004,0.002,-0.009,0.025,-0.502,-0.502,0.16,0.003,697,383,4,0.16,0.003
79568,-0.722,-0.876,-0.003,-0.638,-0.828,0,0,0.004,0.023,-0.508,-0.511,0.134,-0.024,657,343,4,0.134,-0.024
79578,-0.7,-0.82,0,-0.661,-0.85,0,0,0.02,0.005,-0.457,-0.458,0.138,-0.02,617,303,4,0.138,-0.02
79588,-0.7,-0.82,0,-0.675,-0.857,0,0,0.013,0,-0.419,-0.404,0.138,-0.012,577,263,4,0.138,-0.012
79598,-0.751,-0.851,0,-0.686,-0.86,0,0,0.038,0.007,-0.452,-0.419,0.104,-0.036,537,223,4,0.104,-0.036
79608,-0.725,-0.798,0,-0.697,-0.858,-0.066,-0.033,-0.061,-0.005,-0.508,-0.47,0.056,-0.082,497,183,4,0.056,-0.082
79618,-0.725,-0.798,0,-0.703,-0.848,-0.062,-0.043,-0.038,-0.013,-0.537,-0.51,0.021,-0.122,457,143,4,0.021,-0.122
79628,-0.696,-0.747,0,-0.71,-0.84,-0.162,-0.143,-0.123,-0.094,-0.537,-0.521,0,-0.149,417,103,4,0,-0.149
79638,-0.696,-0.747,0,-0.721,-0.833,-0.262,-0.171,-0.18,-0.182,-0.517,-0.498,-0.011,-0.159,377,63,4,-0.011,-0.159
79648,-0.741,-0.783,0,-0.726,-0.822,-0.242,-0.169,-0.239,-0.134,-0.487,-0.45,-0.016,-0.155,337,23,4,-0.016,-0.155
79658,-0.706,-0.737,0,-0.724,-0.805,-0.202,-0.104,-0.188,-0.122,-0.471,-0.416,-0.027,-0.157,297,-17,4,-0.027,-0.157
79668,-0.748,-0.776,0,-0.717,-0.783,-0.222,-0.139,-0.187,-0.104,-0.477,-0.415,-0.049,-0.176,257,-57,4,-0.049,-0.176
79678,-0.748,-0.776,0,-0.714,-0.769,-0.242,-0.139,-0.247,-0.149,-0.515,-0.45,-0.087,-0.212,217,-97,4,-0.087,-0.212
79688,-0.709,-0.734,-0.001,-0.715,-0.762,-0.142,-0.039,-0.168,-0.057,-0.565,-0.492,-0.132,-0.253,177,-137,4,-0.132,-0.253
79698,-0.664,-0.698,-0.003,-0.718,-0.757,-0.182,-0.099,-0.127,-0.089,-0.589,-0.509,-0.165,-0.283,137,-177,4,-0.165,-0.283
79708,-0.664,-0.698,-0.003,-0.727,-0.76,-0.282,-0.199,-0.243,-0.15,-0.604,-0.519,-0.193,-0.308,97,-217,4,-0.193,-0.308
79718,-0.696,-0.746,-0.003,-0.731,-0.76,-0.373,-0.224,-0.322,-0.185,-0.594,-0.514,-0.209,-0.325,57,-257,4,-0.209,-0.325
79728,-0.649,-0.712,-0.003,-0.722,-0.749,-0.317,-0.127,-0.314,-0.162,-0.588,-0.506,-0.226,-0.342,17,-297,4,-0.226,-0.342
79738,-0.649,-0.712,-0.003,-0.704,-0.732,-0.217,-0.027,-0.249,-0.058,-0.597,-0.505,-0.25,-0.361,-23,-337,4,-0.25,-0.361
79748,-0.603,-0.676,-0.005,-0.69,-0.722,-0.117,-0.002,-0.136,-0.002,-0.607,-0.514,-0.275,-0.385,0,-297,4,-0.275,-0.385
79758,-0.603,-0.676,-0.005,-0.68,-0.72,-0.017,0,-0.025,0.014,-0.604,-0.523,-0.293,-0.409,0,-257,4,-0.293,-0.409
79768,-0.626,-0.731,-0.008,-0.668,-0.717,-0.051,-0.06,-0.035,-0.017,-0.62,-0.549,-0.321,-0.442,-40,-297,4,-0.321,-0.442
79778,-0.574,-0.7,-0.01,-0.653,-0.71,-0.111,-0.08,-0.085,-0.092,-0.661,-0.584,-0.329,-0.439,-80,-337,4,-0.329,-0.439
79788,-0.574,-0.7,-0.01,-0.634,-0.699,-0.115,-0.09,-0.094,-0.067,-0.701,-0.613,-0.349,-0.434,-120,-377,4,-0.349,-0.434
79798,-0.478,-0.701,-0.01,-0.621,-0.695,-0.018,-0.014,-0.028,-0.02,-0.76,-0.681,-0.398,-0.486,-160,-417,4,-0.398,-0.486
79808,-0.441,-0.656,-0.01,-0.611,-0.699,-0.003,-0.002,-0.002,-0.006,-0.803,-0.728,-0.44,-0.532,-200,-457,4,-0.44,-0.532
79818,-0.342,-0.649,-0.013,-0.597,-0.701,-0.103,-0.081,-0.043,-0.058,-0.783,-0.691,-0.453,-0.536,-240,-497,4,-0.453,-0.536
79828,-0.373,-0.698,-0.013,-0.574,-0.701,-0.203,-0.181,-0.158,-0.123,-0.738,-0.643,-0.45,-0.531,-200,-457,4,-0.45,-0.531
79838,-0.373,-0.698,-0.013,-0.536,-0.696,-0.303,-0.281,-0.275,-0.243,-0.696,-0.611,-0.45,-0.535,-160,-417,4,-0.45,-0.535
79848,-0.276,-0.68,-0.014,-0.484,-0.683,-0.37,-0.305,-0.355,-0.314,-0.672,-0.593,-0.456,-0.545,-200,-457,4,-0.456,-0.545
79858,-0.276,-0.68,-0.014,-0.431,-0.675,-0.47,-0.365,-0.405,-0.324,-0.667,-0.608,-0.433,-0.532,-240,-497,4,-0.433,-0.532
79868,-0.233,-0.635,-0.013,-0.394,-0.677,-0.57,-0.465,-0.526,-0.436,-0.699,-0.652,-0.428,-0.533,-280,-537,4,-0.428,-0.533
79878,-0.144,-0.599,-0.013,-0.362,-0.681,-0.67,-0.565,-0.638,-0.519,-0.697,-0.666,-0.449,-0.562,-320,-577,4,-0.449,-0.562
79888,-0.077,-0.667,-0.013,-0.327,-0.683,-0.77,-0.665,-0.725,-0.633,-0.675,-0.649,-0.458,-0.574,-360,-617,4,-0.458,-0.574
79898,-0.002,-0.61,-0.012,-0.294,-0.677,-0.87,-0.765,-0.821,-0.732,-0.669,-0.623,-0.475,-0.581,-400,-657,4,-0.475,-0.581
79908,-0.002,-0.61,-0.012,-0.255,-0.66,-0.97,-0.825,-0.933,-0.814,-0.667,-0.621,-0.494,-0.599,-440,-697,4,-0.494,-0.599
79918,0.062,-0.543,-0.01,-0.202,-0.646,-1.05,-0.865,-1.022,-0.852,-0.656,-0.623,-0.509,-0.62,-480,-737,4,-0.509,-0.62
79928,0.147,-0.575,-0.007,-0.14,-0.638,-0.95,-0.765,-0.986,-0.788,-0.627,-0.599,-0.515,-0.629,-520,-777,4,-0.515,-0.629
79938,0.147,-0.575,-0.007,-0.079,-0.628,-0.85,-0.665,-0.847,-0.692,-0.597,-0.586,-0.519,-0.642,-560,-817,4,-0.519,-0.642
79948,0.178,-0.49,-0.006,-0.027,-0.611,-0.75,-0.565,-0.794,-0.579,-0.56,-0.602,-0.522,-0.669,-600,-857,4,-0.522,-0.669
79958,0.265,-0.487,-0.004,0.027,-0.591,-0.65,-0.465,-0.678,-0.488,-0.518,-0.614,-0.521,-0.695,-640,-897,4,-0.521,-0.695
79968,0.265,-0.487,-0.004,0.08,-0.578,-0.55,-0.365,-0.605,-0.396,-0.479,-0.601,-0.521,-0.71,-680,-937,4,-0.521,-0.71
79978,0.349,-0.469,-0.004,0.122,-0.562,-0.45,-0.265,-0.507,-0.306,-0.459,-0.566,-0.53,-0.713,-720,-897,4,-0.53,-0.713
79988,0.429,-0.436,-0.004,0.164,-0.537,-0.35,-0.165,-0.396,-0.182,-0.434,-0.544,-0.538,-0.721,-760,-937,4,-0.538,-0.721
79998,0.502,-0.394,0,0.207,-0.514,-0.31,-0.145,-0.332,-0.123,-0.37,-0.564,-0.528,-0.749,-800,-977,4,-0.528,-0.749
80008,0.502,-0.394,0,0.25,-0.495,-0.39,-0.245,-0.377,-0.212,-0.28,-0.603,-0.503,-0.748,-840,-1007,4,-0.503,-0.748
80018,0.571,-0.342,0.002,0.302,-0.477,-0.29,-0.185,-0.355,-0.204,-0.18,-0.648,-0.473,-0.792,-880,-1047,4,-0.473,-0.792
80028,0.633,-0.287,0.005,0.364,-0.454,-0.25,-0.146,-0.277,-0.123,-0.112,-0.644,-0.458,-0.811,-920,-1007,4,-0.458,-0.811
80038,0.633,-0.287,0.005,0.425,-0.429,-0.275,-0.205,-0.307,-0.209,-0.069,-0.612,-0.456,-0.811,-960,-997,4,-0.456,-0.811
80048,0.691,-0.228,0.005,0.477,-0.404,-0.175,-0.105,-0.224,-0.161,-0.031,-0.584,-0.457,-0.816,-1000,-1007,4,-0.457,-0.816
80058,0.691,-0.228,0.005,0.53,-0.371,-0.075,-0.006,-0.13,-0.04,0.041,-0.543,-0.443,-0.777,-1040,-1007,4,-0.443,-0.777
80068,0.744,-0.167,0.005,0.578,-0.336,-0.026,-0.016,-0.078,-0.015,0.123,-0.516,-0.421,-0.757,-1080,-1047,4,-0.421,-0.757
80078,0.794,-0.099,0.004,0.619,-0.302,-0.026,-0.015,-0.035,-0.031,0.152,-0.513,-0.424,-0.76,-1040,-1030,4,-0.424,-0.76
80088,0.841,-0.03,0.004,0.654,-0.27,-0.027,-0.023,-0.051,-0.043,0.168,-0.486,-0.437,-0.748,-1000,-1014,4,-0.437,-0.748
80098,0.885,0.04,0.004,0.684,-0.238,-0.004,-0.003,-0.044,-0.008,0.202,-0.424,-0.44,-0.738,-960,-974,4,-0.44,-0.738
80108,0.927,0.114,0.003,0.718,-0.199,0,0,-0.018,-0.013,0.279,-0.328,-0.384,-0.683,-920,-934,4,-0.384,-0.683
80118,0.927,0.114,0.003,0.757,-0.149,-0.09,-0.09,-0.087,-0.077,0.379,-0.228,-0.314,-0.625,-903,-894,4,-0.314,-0.625
80128,0.966,0.194,0.003,0.799,-0.09,-0.19,-0.19,-0.176,-0.175,0.461,-0.128,-0.251,-0.555,-863,-854,4,-0.251,-0.555
80138,0.966,0.194,0.003,0.844,-0.024,-0.29,-0.29,-0.279,-0.279,0.44,-0.038,-0.238,-0.488,-823,-849,4,-0.238,-0.488
80148,1.003,0.276,0.004,0.883,0.038,-0.39,-0.39,-0.375,-0.37,0.352,-0.036,-0.272,-0.465,-783,-849,4,-0.272,-0.465
80158,1.054,0.306,0.005,0.915,0.093,-0.386,-0.49,-0.393,-0.465,0.272,-0.03,-0.293,-0.443,-743,-809,4,-0.293,-0.443
80168,1.086,0.388,0.005,0.941,0.141,-0.316,-0.543,-0.369,-0.559,0.221,-0.011,-0.299,-0.431,-703,-783,4,-0.299,-0.431
80178,1.141,0.405,0.006,0.963,0.184,-0.243,-0.51,-0.307,-0.546,0.194,0.009,-0.294,-0.42,-663,-743,4,-0.294,-0.42
80188,1.141,0.405,0.006,0.988,0.229,-0.209,-0.41,-0.235,-0.471,0.187,0.027,-0.278,-0.392,-623,-703,4,-0.278,-0.392
80198,1.191,0.433,0.01,1.019,0.277,-0.145,-0.403,-0.173,-0.445,0.255,0.098,-0.228,-0.346,-583,-663,4,-0.228,-0.346
80208,1.191,0.433,0.01,1.055,0.326,-0.1,-0.364,-0.133,-0.378,0.355,0.198,-0.158,-0.276,-543,-641,4,-0.158,-0.276
80218,1.135,0.419,0.01,1.092,0.367,-0.113,-0.368,-0.134,-0.385,0.455,0.298,-0.088,-0.206,-503,-601,4,-0.088,-0.206
80228,1.186,0.446,0.013,1.126,0.397,-0.137,-0.335,-0.159,-0.344,0.555,0.398,-0.018,-0.136,-463,-561,4,-0.018,-0.136
80238,1.186,0.446,0.013,1.156,0.418,-0.144,-0.294,-0.169,-0.329,0.655,0.498,0.052,-0.075,-423,-531,4,0.052,-0.075
80248,1.237,0.472,0.016,1.17,0.429,-0.09,-0.256,-0.116,-0.26,0.755,0.485,0.122,-0.054,-383,-491,4,0.122,-0.054
80258,1.163,0.5,0.016,1.174,0.434,0.01,-0.204,-0.04,-0.27,0.689,0.385,0.116,-0.084,-343,-451,4,0.116,-0.084
80268,1.228,0.492,0.016,1.178,0.439,0.05,-0.152,0.029,-0.169,0.589,0.285,0.087,-0.119,-303,-411,4,0.087,-0.119
80278,1.176,0.468,0.014,1.188,0.446,0.007,-0.052,0.018,-0.109,0.489,0.231,0.057,-0.13,-263,-371,4,0.057,-0.13
80288,1.176,0.468,0.014,1.196,0.459,0.097,-0.033,0.049,-0.049,0.464,0.287,0.057,-0.085,-223,-331,4,0.057,-0.085
80298,1.231,0.486,0.014,1.198,0.474,0.197,-0.052,0.146,-0.054,0.564,0.377,0.127,-0.02,-183,-291,4,0.127,-0.02
80308,1.176,0.468,0.012,1.201,0.481,0.143,0,0.131,-0.017,0.664,0.439,0.197,0.033,-143,-251,4,0.197,0.033
80318,1.176,0.468,0.012,1.195,0.481,0.162,0.037,0.129,-0.003,0.735,0.424,0.256,0.048,-103,-211,4,0.256,0.048
80328,1.23,0.488,0.014,1.195,0.48,0.256,0.052,0.223,0.032,0.647,0.333,0.236,0.025,-63,-171,4,0.236,0.025
80338,1.23,0.488,0.014,1.197,0.479,0.298,0.093,0.269,0.094,0.547,0.256,0.206,0.005,-23,-132,4,0.206,0.005
80348,1.177,0.465,0.013,1.193,0.476,0.347,0.142,0.331,0.107,0.45,0.248,0.177,0.018,1,-92,4,0.177,0.018
80358,1.233,0.481,0.013,1.193,0.475,0.387,0.167,0.391,0.16,0.482,0.291,0.208,0.058,1,-52,4,0.208,0.058
80368,1.178,0.464,0.006,1.203,0.478,0.287,0.117,0.284,0.11,0.559,0.356,0.265,0.11,41,-12,4,0.265,0.11
80378,1.122,0.449,0.006,1.207,0.479,0.264,0.104,0.257,0.134,0.583,0.373,0.292,0.141,81,28,4,0.292,0.141
80388,1.122,0.449,0.006,1.208,0.478,0.164,0.01,0.205,0.016,0.561,0.351,0.282,0.15,121,68,4,0.282,0.15
80398,1.173,0.475,0.006,1.208,0.476,0.164,0.075,0.137,0.036,0.533,0.322,0.288,0.156,161,108,4,0.288,0.156
80408,1.173,0.475,0.006,1.194,0.47,0.264,0.175,0.221,0.123,0.485,0.286,0.285,0.158,201,148,4,0.285,0.158
80418,1.119,0.458,0.006,1.17,0.463,0.304,0.195,0.291,0.216,0.449,0.253,0.286,0.161,241,188,4,0.286,0.161
80428,1.065,0.438,0.005,1.154,0.459,0.204,0.095,0.214,0.11,0.452,0.247,0.306,0.178,281,228,4,0.306,0.178
80438,1.116,0.464,0.006,1.152,0.462,0.124,0.025,0.15,0.017,0.468,0.25,0.334,0.198,321,205,4,0.334,0.198
80448,1.064,0.44,0.007,1.15,0.464,0.144,0.054,0.134,0.054,0.517,0.276,0.377,0.231,361,245,4,0.377,0.231
80458,1.064,0.44,0.007,1.135,0.461,0.064,0.022,0.056,0.027,0.551,0.293,0.415,0.26,401,285,4,0.415,0.26
80468,1.013,0.413,0.007,1.117,0.457,0.164,0.122,0.121,0.065,0.585,0.316,0.451,0.26,441,325,4,0.451,0.26
80478,1.068,0.431,0.007,1.103,0.454,0.264,0.222,0.218,0.172,0.618,0.342,0.489,0.293,481,365,4,0.489,0.293
80488,1.068,0.431,0.007,1.088,0.45,0.364,0.322,0.316,0.289,0.595,0.327,0.499,0.307,521,401,4,0.499,0.307
80498,1.017,0.404,0.007,1.069,0.442,0.299,0.222,0.291,0.25,0.57,0.318,0.506,0.322,561,441,4,0.506,0.322
80508,0.967,0.376,0.006,1.054,0.434,0.379,0.302,0.361,0.252,0.557,0.316,0.519,0.341,601,481,4,0.519,0.341
80518,0.967,0.376,0.006,1.051,0.43,0.479,0.402,0.429,0.354,0.566,0.326,0.543,0.363,641,521,4,0.543,0.363
80528,0.915,0.35,0.005,1.048,0.425,0.539,0.442,0.515,0.438,0.57,0.329,0.565,0.385,681,541,4,0.565,0.385
80538,0.973,0.359,0.005,1.033,0.414,0.439,0.342,0.442,0.379,0.583,0.341,0.591,0.411,721,581,4,0.591,0.411
80548,0.973,0.359,0.005,1.01,0.4,0.339,0.242,0.358,0.257,0.603,0.359,0.621,0.44,761,621,4,0.621,0.44
80558,0.923,0.33,0.005,0.983,0.385,0.402,0.304,0.372,0.263,0.607,0.357,0.644,0.449,801,585,4,0.644,0.449
80568,0.873,0.299,0.005,0.962,0.371,0.502,0.404,0.454,0.377,0.6,0.35,0.661,0.465,841,625,4,0.661,0.465
80578,0.822,0.268,0.005,0.956,0.362,0.602,0.504,0.548,0.456,0.612,0.363,0.686,0.492,881,665,4,0.686,0.492
80588,0.822,0.268,0.005,0.952,0.354,0.582,0.464,0.577,0.484,0.635,0.378,0.717,0.481,921,674,4,0.717,0.481
80598,0.785,0.186,0.006,0.937,0.341,0.482,0.364,0.515,0.381,0.666,0.392,0.752,0.508,961,714,4,0.752,0.508
80608,0.731,0.167,0.007,0.908,0.321,0.382,0.264,0.414,0.298,0.679,0.395,0.779,0.53,1001,754,4,0.779,0.53
80618,0.79,0.161,0.008,0.875,0.3,0.282,0.171,0.302,0.17,0.7,0.412,0.809,0.543,1041,767,4,0.809,0.543
80628,0.79,0.161,0.008,0.843,0.273,0.202,0.111,0.209,0.112,0.714,0.425,0.837,0.569,1081,767,4,0.837,0.569
80638,0.742,0.081,0.009,0.809,0.237,0.187,0.109,0.191,0.143,0.714,0.427,0.858,0.591,1111,807,4,0.858,0.591
80648,0.689,0.005,0.007,0.782,0.204,0.207,0.149,0.172,0.124,0.711,0.418,0.876,0.593,1071,767,4,0.876,0.593
80658,0.689,0.005,0.007,0.773,0.18,0.307,0.249,0.272,0.202,0.721,0.402,0.901,0.585,1031,727,4,0.901,0.585
80668,0.627,-0.062,0.005,0.768,0.155,0.232,0.209,0.256,0.232,0.748,0.383,0.928,0.596,1071,767,4,0.928,0.596
80678,0.474,-0.099,0.005,0.753,0.117,0.172,0.149,0.162,0.149,0.781,0.352,0.925,0.561,1111,807,4,0.925,0.561
80688,0.474,-0.099,0.005,0.73,0.073,0.272,0.249,0.235,0.217,0.805,0.316,0.917,0.523,1151,847,4,0.917,0.523
80698,0.271,-0.104,0.004,0.703,0.03,0.372,0.349,0.321,0.327,0.821,0.274,0.945,0.522,1111,807,4,0.945,0.522
80708,0.195,-0.03,1.575,0.654,-0.016,0.472,0.449,0.413,0.422,0.838,0.221,0.974,0.516,1151,847,4,0.974,0.516
80718,0.195,-0.03,1.575,0.588,-0.056,0.572,0.549,0.54,0.508,0.83,0.174,0.991,0.512,1191,887,4,0.991,0.512
80728,0.118,0.044,1.575,0.508,-0.084,0.612,0.529,0.607,0.578,0.804,0.131,0.959,0.47,1231,918,4,0.959,0.47
80738,0.042,0.118,1.575,0.406,-0.091,0.592,0.449,0.598,0.485,0.766,0.079,0.96,0.465,1271,958,4,0.96,0.465
80748,0.032,0.188,1.574,0.31,-0.079,0.692,0.549,0.651,0.532,0.734,-0.009,0.963,0.443,1311,918,4,0.963,0.443
80758,0.032,0.188,1.574,0.232,-0.052,0.792,0.649,0.816,0.627,0.723,-0.109,0.977,0.408,1351,878,4,0.977,0.408
80768,0.022,0.257,1.57,0.162,-0.008,0.892,0.641,0.857,0.674,0.676,-0.209,0.976,0.378,1391,838,4,0.976,0.378
80778,0.022,0.257,1.57,0.102,0.05,0.992,0.685,0.966,0.685,0.576,-0.305,0.947,0.31,1431,824,4,0.947,0.31
80788,0.026,0.326,1.567,0.059,0.109,1.092,0.654,1.076,0.635,0.476,-0.307,0.917,0.285,1471,784,4,0.917,0.285
80798,0.028,0.395,1.575,0.034,0.162,1.152,0.574,1.166,0.609,0.376,-0.321,0.887,0.259,1511,744,4,0.887,0.259
80808,0.031,0.463,1.575,0.02,0.208,1.052,0.474,1.107,0.522,0.276,-0.312,0.857,0.255,1508,704,4,0.857,0.255
80818,0.031,0.463,1.575,0.016,0.247,0.952,0.374,0.997,0.428,0.176,-0.23,0.827,0.274,1508,664,4,0.827,0.274
80828,0.038,0.531,1.584,0.017,0.292,0.852,0.274,0.894,0.299,0.172,-0.13,0.839,0.304,1468,624,4,0.839,0.304
80838,0.038,0.531,1.584,0.02,0.345,0.752,0.174,0.802,0.21,0.156,-0.076,0.834,0.314,1428,603,4,0.834,0.314
80848,0.045,0.6,1.587,0.024,0.396,0.652,0.074,0.711,0.124,0.064,-0.152,0.79,0.26,1388,619,4,0.79,0.26
80858,0.045,0.6,1.587,0.029,0.443,0.552,0.051,0.6,0.052,-0.036,-0.25,0.72,0.19,1376,619,4,0.72,0.19
80868,0.062,0.667,1.592,0.033,0.484,0.508,0.109,0.53,0.064,-0.136,-0.301,0.65,0.152,1416,659,4,0.65,0.152
80878,0.084,0.734,1.594,0.037,0.521,0.608,0.209,0.601,0.163,-0.186,-0.27,0.601,0.172,1376,619,4,0.601,0.172
80888,0.084,0.734,1.594,0.04,0.557,0.708,0.289,0.683,0.278,-0.173,-0.173,0.601,0.219,1336,579,4,0.601,0.219
80898,0.114,0.799,1.595,0.045,0.59,0.628,0.189,0.667,0.212,-0.144,-0.073,0.634,0.289,1296,539,4,0.634,0.289
80908,0.151,0.862,1.596,0.054,0.632,0.528,0.089,0.573,0.083,-0.05,0.027,0.659,0.319,1256,499,4,0.659,0.319
80918,0.151,0.862,1.596,0.065,0.674,0.442,0.076,0.499,0.072,0.05,0.127,0.689,0.349,1216,459,4,0.689,0.349
80928,0.192,0.924,1.606,0.078,0.715,0.542,0.176,0.512,0.15,0.032,0.227,0.666,0.379,1176,419,4,0.666,0.379
80938,0.192,0.924,1.606,0.097,0.761,0.642,0.276,0.617,0.231,-0.065,0.327,0.599,0.409,1136,379,4,0.599,0.409
80948,0.255,0.98,1.613,0.119,0.805,0.662,0.264,0.703,0.256,-0.165,0.427,0.529,0.439,1176,419,4,0.529,0.439
80958,0.323,1.032,1.618,0.141,0.845,0.562,0.164,0.619,0.193,-0.251,0.527,0.464,0.469,1136,390,4,0.464,0.469
80968,0.323,1.032,1.618,0.163,0.882,0.604,0.196,0.61,0.181,-0.243,0.627,0.446,0.499,1096,390,4,0.446,0.499
80978,0.408,1.075,1.635,0.187,0.914,0.697,0.24,0.698,0.21,-0.212,0.678,0.48,0.549,1056,350,4,0.48,0.549
80988,0.408,1.075,1.635,0.222,0.951,0.597,0.14,0.617,0.148,-0.156,0.625,0.487,0.51,1016,310,4,0.487,0.51
80998,0.623,1.126,1.651,0.262,0.986,0.537,0.19,0.573,0.165,-0.06,0.537,0.514,0.466,976,320,4,0.514,0.466
81008,0.623,1.126,1.651,0.304,1.018,0.437,0.09,0.484,0.115,0.01,0.489,0.531,0.42,936,320,4,0.531,0.42
81018,0.753,1.127,1.663,0.348,1.045,0.377,0.133,0.416,0.1,0,0.552,0.509,0.428,896,280,4,0.509,0.428
81028,0.914,1.092,1.675,0.407,1.07,0.467,0.164,0.467,0.161,-0.037,0.652,0.471,0.482,902,320,4,0.471,0.482
81038,0.914,1.092,1.675,0.486,1.095,0.496,0.178,0.497,0.176,-0.081,0.752,0.429,0.532,902,360,4,0.429,0.532
81048,1.077,1.033,1.675,0.569,1.113,0.511,0.181,0.542,0.18,-0.12,0.852,0.389,0.562,862,320,4,0.389,0.562
81058,1.244,0.943,1.672,0.669,1.12,0.43,0.181,0.465,0.176,-0.135,0.952,0.384,0.632,822,280,4,0.384,0.632
81068,1.244,0.943,1.672,0.772,1.115,0.412,0.21,0.43,0.183,-0.135,0.919,0.383,0.643,782,240,4,0.383,0.643
81078,1.401,0.832,1.672,0.87,1.101,0.419,0.239,0.428,0.223,-0.105,0.819,0.377,0.573,742,208,4,0.377,0.573
81088,1.401,0.832,1.672,0.983,1.066,0.438,0.29,0.442,0.278,-0.037,0.719,0.39,0.503,702,208,4,0.39,0.503
81098,1.545,0.706,1.672,1.096,1.021,0.439,0.307,0.439,0.288,0.057,0.619,0.416,0.433,662,168,4,0.416,0.433
81108,1.674,0.566,1.672,1.199,0.969,0.419,0.308,0.424,0.278,0.157,0.519,0.446,0.367,622,208,4,0.446,0.367
81118,1.674,0.566,1.672,1.292,0.913,0.437,0.299,0.432,0.278,0.257,0.419,0.476,0.317,582,248,4,0.476,0.317
81128,1.787,0.417,1.672,1.376,0.854,0.513,0.353,0.469,0.347,0.357,0.372,0.506,0.269,542,279,4,0.506,0.269
81138,1.787,0.417,1.672,1.468,0.776,0.487,0.374,0.469,0.349,0.457,0.394,0.536,0.301,502,279,4,0.536,0.301
81148,1.89,0.231,1.672,1.559,0.69,0.467,0.34,0.444,0.337,0.454,0.364,0.519,0.308,462,319,4,0.519,0.308
81158,1.89,0.231,1.672,1.639,0.605,0.545,0.396,0.514,0.355,0.398,0.298,0.472,0.291,429,359,4,0.472,0.291
81168,1.972,0.058,1.672,1.709,0.523,0.618,0.396,0.594,0.404,0.397,0.274,0.448,0.277,389,319,4,0.448,0.277
81178,2.038,-0.116,1.672,1.77,0.44,0.622,0.407,0.621,0.405,0.444,0.28,0.451,0.299,357,293,4,0.451,0.299
81188,2.038,-0.116,1.672,1.826,0.353,0.661,0.461,0.627,0.413,0.538,0.319,0.48,0.337,357,293,4,0.48,0.337
81198,2.092,-0.272,1.672,1.875,0.265,0.581,0.361,0.597,0.388,0.638,0.354,0.51,0.335,397,254,4,0.51,0.335
81208,2.141,-0.401,1.672,1.928,0.155,0.481,0.261,0.504,0.286,0.738,0.358,0.544,0.325,437,283,4,0.544,0.325
81218,2.184,-0.526,1.672,1.977,0.042,0.381,0.181,0.406,0.183,0.836,0.343,0.593,0.319,477,244,4,0.593,0.319
81228,2.227,-0.635,1.672,2.02,-0.064,0.481,0.281,0.431,0.228,0.873,0.295,0.634,0.277,517,284,4,0.634,0.277
81238,2.227,-0.635,1.672,2.061,-0.176,0.541,0.321,0.52,0.319,0.909,0.262,0.671,0.273,557,309,4,0.671,0.273
81248,2.263,-0.748,1.672,2.104,-0.294,0.441,0.221,0.462,0.243,0.997,0.278,0.733,0.26,597,349,4,0.733,0.26
81258,2.304,-0.842,1.672,2.147,-0.414,0.341,0.121,0.353,0.156,1.097,0.29,0.803,0.287,637,309,4,0.803,0.287
81268,2.304,-0.842,1.672,2.185,-0.52,0.241,0.021,0.254,0.053,1.11,0.208,0.835,0.262,677,288,4,0.835,0.262
81278,2.345,-0.925,1.672,2.215,-0.606,0.141,0,0.165,0.012,1.038,0.108,0.82,0.232,717,322,4,0.82,0.232
81288,2.345,-0.925,1.672,2.245,-0.689,0.161,0.07,0.147,0.083,0.963,0.076,0.803,0.193,757,322,4,0.803,0.193
81298,2.393,-0.991,1.672,2.272,-0.762,0.181,0.07,0.159,0.058,0.898,0.071,0.789,0.18,797,362,4,0.789,0.18
81308,2.393,-0.991,1.672,2.296,-0.822,0.161,0.071,0.133,0.074,0.882,0.035,0.799,0.18,837,402,4,0.799,0.18
81318,2.444,-1.044,1.672,2.319,-0.873,0.066,0.012,0.078,0.036,0.927,-0.034,0.84,0.147,877,362,4,0.84,0.147
81328,2.503,-1.082,1.672,2.34,-0.915,0.086,0.024,0.042,0.047,0.945,-0.082,0.871,0.141,917,359,4,0.871,0.141
81338,2.567,-1.105,1.672,2.362,-0.952,0.106,0.06,0.084,0.062,0.915,-0.084,0.878,0.159,957,319,4,0.878,0.159
81348,2.642,-1.105,1.672,2.386,-0.983,0.186,0.064,0.184,0.086,0.874,-0.076,0.877,0.143,997,279,4,0.877,0.143
81358,2.642,-1.105,1.672,2.417,-1.016,0.086,0.019,0.096,0.03,0.86,-0.079,0.889,0.141,1037,239,4,0.889,0.141
81368,2.723,-1.088,1.672,2.459,-1.049,0.028,0.019,0.024,0.04,0.889,-0.112,0.921,0.105,1077,260,4,0.921,0.105
81378,2.807,-1.062,1.672,2.513,-1.077,0.009,0.014,-0.013,0.03,0.944,-0.161,0.969,0.061,1117,220,4,0.969,0.061
81388,2.807,-1.062,1.672,2.568,-1.095,0.003,0.003,-0.011,0.012,0.996,-0.202,1.015,0.02,1157,204,4,1.015,0.02
81398,2.807,-1.062,1.672,2.619,-1.103,0,0,-0.013,0.036,1.027,-0.216,1.05,0.022,1197,204,4,1.05,0.022
81408,2.807,-1.062,1.672,2.677,-1.1,0,0,-0.005,0.005,1.092,-0.249,1.101,-0.013,1237,204,4,1.101,-0.013
81418,2.807,-1.062,1.672,2.733,-1.089,0,0,-0.007,0.001,1.192,-0.337,1.171,-0.063,1277,204,4,1.171,-0.063
81428,2.807,-1.062,1.672,2.775,-1.077,0.03,0.03,0.009,0.032,1.292,-0.43,1.241,-0.11,1317,204,4,1.241,-0.11
81438,2.807,-1.062,1.672,2.801,-1.069,0.13,0.038,0.089,0.047,1.365,-0.443,1.301,-0.121,1357,204,4,1.301,-0.121
81448,2.807,-1.062,1.672,2.813,-1.064,0.05,0.006,0.07,0.041,1.266,-0.347,1.275,-0.075,1397,204,4,1.275,-0.075
81458,2.807,-1.062,1.672,2.816,-1.061,0.004,0,0.009,0.024,1.166,-0.269,1.245,-0.034,1416,204,4,1.245,-0.034
81468,2.807,-1.062,1.672,2.815,-1.06,0,0,-0.012,0.011,1.143,-0.269,1.249,-0.031,1416,204,4,1.249,-0.031
81478,2.807,-1.062,1.672,2.813,-1.06,0,0,-0.01,0.009,1.185,-0.303,1.289,-0.048,1416,204,4,1.289,-0.048
81488,2.807,-1.062,1.672,2.81,-1.061,0.035,0.017,0.004,0.029,1.24,-0.338,1.326,-0.066,1416,204,4,1.326,-0.066
81498,2.807,-1.062,1.672,2.808,-1.061,0.01,0.003,0.024,0.042,1.246,-0.324,1.331,-0.061,1416,204,4,1.331,-0.061
81508,2.807,-1.062,1.672,2.807,-1.062,0.001,0,-0.009,-0.008,1.247,-0.309,1.331,-0.052,1416,204,4,1.331,-0.052
81518,2.807,-1.062,1.672,2.807,-1.062,0.06,-0.015,0.021,0.013,1.235,-0.297,1.326,-0.047,1416,204,4,1.326,-0.047
81528,2.807,-1.062,1.672,2.807,-1.062,0.16,-0.031,0.142,-0.027,1.181,-0.264,1.3,-0.031,1416,204,4,1.3,-0.031
81538,0,0,1.672,2.807,-1.062,0.26,-0.089,0.211,-0.053,1.128,-0.239,1.274,-0.018,0,0,2,1.274,-0.018
81548,0,0,1.672,2.807,-1.062,0.36,-0.189,0.303,-0.14,1.107,-0.24,1.262,-0.018,0,0,2,1.262,-0.018
81558,0,0,1.672,2.807,-1.062,0.46,-0.231,0.41,-0.206,1.092,-0.245,1.254,-0.02,0,0,2,1.254,-0.02
81568,0,0,1.672,2.465,-0.933,0.56,-0.201,0.507,-0.23,1.112,-0.266,0.968,-0.156,0,0,2,0.968,-0.156
81578,0,0,1.672,1.704,-0.645,0.54,-0.101,0.55,-0.117,1.139,-0.293,1.103,-0.236,0,0,2,1.103,-0.236
81588,0,0,1.672,0.958,-0.363,0.46,-0.061,0.477,-0.041,1.144,-0.312,1.13,-0.271,0,0,2,1.13,-0.271
81598,0,0,1.672,0.408,-0.154,0.56,-0.161,0.517,-0.097,1.115,-0.305,1.115,-0.283,0,0,2,1.115,-0.283
81608,0,0,1.672,0.079,-0.03,0.66,-0.261,0.63,-0.235,1.027,-0.294,1.048,-0.287,0,0,2,1.048,-0.287
81618,0,0,1.672,-0.077,0.029,0.76,-0.283,0.742,-0.292,0.927,-0.297,0.951,-0.292,0,0,2,0.951,-0.292
81628,0,0,1.672,-0.121,0.046,0.68,-0.183,0.717,-0.199,0.827,-0.297,0.858,-0.295,0,0,2,0.858,-0.295
81638,0,0,1.672,-0.109,0.041,0.58,-0.083,0.628,-0.113,0.727,-0.3,0.756,-0.279,0,0,2,0.756,-0.279
81648,0,0,1.672,-0.076,0.029,0.56,-0.063,0.561,-0.043,0.627,-0.32,0.658,-0.284,0,0,2,0.658,-0.284
81658,0,0,1.672,-0.043,0.016,0.66,-0.141,0.636,-0.104,0.527,-0.338,0.561,-0.295,0,0,2,0.561,-0.295
81668,0,0,1.672,-0.019,0.007,0.76,-0.09,0.747,-0.118,0.427,-0.339,0.463,-0.32,0,0,2,0.463,-0.32
81678,0,0,1.672,-0.004,0.001,0.86,-0.102,0.857,-0.116,0.327,-0.345,0.366,-0.328,0,0,2,0.366,-0.328
81688,0,0,1.672,0.003,-0.001,0.9,-0.038,0.905,-0.048,0.227,-0.377,0.284,-0.331,0,0,2,0.284,-0.331
81698,0,0,1.672,0.005,-0.002,0.8,-0.005,0.84,0,0.127,-0.404,0.178,-0.352,0,0,2,0.178,-0.352
81708,0,0,1.672,0.005,-0.002,0.7,0,0.777,-0.005,0.027,-0.413,0.069,-0.384,0,0,2,0.069,-0.384
81718,0,0,1.672,0.003,-0.001,0.66,0.058,0.681,0.001,-0.073,-0.42,-0.029,-0.396,0,0,2,-0.029,-0.396
81728,0,0,1.672,0.002,-0.001,0.76,0.117,0.743,0.101,-0.173,-0.404,-0.13,-0.397,0,0,2,-0.13,-0.397
81738,0,0,1.672,0.001,0,0.86,0.158,0.855,0.153,-0.103,-0.313,-0.118,-0.346,0,0,2,-0.118,-0.346
81748,0,0,1.672,0,0,0.96,0.167,0.919,0.152,-0.003,-0.213,-0.025,-0.263,0,0,2,-0.025,-0.263
81758,0,0,1.672,0,0,1.06,0.149,1.034,0.149,0.097,-0.113,0.073,-0.171,0,0,2,0.073,-0.171
81768,0,0,1.672,0,0,1.16,0.174,1.149,0.157,0.197,-0.062,0.171,-0.095,0,0,2,0.171,-0.095
81778,0,0,1.672,0,0,1.26,0.148,1.251,0.146,0.136,-0.063,0.167,-0.066,0,0,2,0.167,-0.066
81788,0,0,1.672,0,0,1.289,0.132,1.323,0.137,0.076,-0.071,0.125,-0.056,0,0,2,0.125,-0.056
81798,0,0,1.672,0,0,1.263,0.076,1.31,0.099,0.04,-0.058,0.138,-0.026,0,0,2,0.138,-0.026
81808,0,0,1.672,0,0,1.163,0.017,1.209,0.037,0.013,-0.025,0.058,-0.026,0,0,2,0.058,-0.026
81818,0,0,1.672,0,0,1.063,0.024,1.109,0.011,-0.003,-0.003,0.029,-0.012,0,0,2,0.029,-0.012
81828,0,0,1.672,0,0,0.968,0.04,1.045,0.026,0.005,-0.006,0.037,-0.004,0,0,2,0.037,-0.004
81838,0,0,1.672,0,0,1.068,-0.007,1.05,-0.009,0.057,-0.035,0.049,-0.018,0,0,2,0.049,-0.018
81848,0,0,1.672,0,0,1.168,-0.019,1.151,0.006,0.111,-0.046,0.104,-0.035,0,0,2,0.104,-0.035
81858,0,0,1.672,0,0,1.068,-0.023,1.114,-0.006,0.132,-0.03,0.15,-0.033,0,0,2,0.15,-0.033
81868,0,0,1.672,0,0,0.971,-0.01,1.028,-0.027,0.146,-0.031,0.152,-0.03,0,0,2,0.152,-0.03
81878,0,0,1.672,0,0,0.871,-0.018,0.953,-0.019,0.116,-0.032,0.143,-0.033,0,0,2,0.143,-0.033
81888,0,0,1.672,0,0,0.771,-0.024,0.821,-0.014,0.034,0.014,0.079,-0.012,0,0,2,0.079,-0.012
81898,0,0,1.672,0,0,0.671,-0.023,0.719,-0.045,-0.051,0.072,-0.006,0.029,0,0,2,-0.006,0.029
81908,0,0,1.672,0,0,0.571,-0.09,0.635,-0.075,-0.105,0.096,-0.07,0.064,0,0,2,-0.07,0.064
81918,0,0,1.672,0,0,0.471,-0.015,0.54,-0.028,-0.111,0.087,-0.097,0.076,0,0,2,-0.097,0.076
81928,0,0,1.672,0,0,0.371,-0.002,0.42,0.003,-0.078,0.056,-0.082,0.067,0,0,2,-0.082,0.067
81938,0,0,1.672,0,0,0.271,0,0.331,0.005,-0.035,0.021,-0.045,0.042,0,0,2,-0.045,0.042
81948,0,0,1.672,0,0,0.171,0,0.221,0.001,0.003,-0.007,-0.008,0.015,0,0,2,-0.008,0.015
81958,0,0,1.672,0,0,0.071,0,0.099,0.001,0.038,-0.031,0.027,-0.012,0,0,2,0.027,-0.012
81968,0,0,1.672,0,0,0.037,-0.051,0.044,-0.023,0.053,-0.036,0.049,-0.025,0,0,2,0.049,-0.025
81978,0,0,1.672,0,0,0.059,-0.109,0.08,-0.104,0.045,-0.038,0.048,-0.034,0,0,2,0.048,-0.034
81988,0,0,1.672,0,0,0.023,-0.067,0.052,-0.095,0.023,-0.039,0.031,-0.041,0,0,2,0.031,-0.041
81998,0,0,1.672,0,0,0.003,-0.008,0.03,-0.017,-0.002,-0.046,0.007,-0.043,0,0,2,0.007,-0.043
82008,0,0,1.672,0,0,-0.005,-0.066,0.026,-0.049,-0.021,-0.05,-0.013,-0.045,0,0,2,-0.013,-0.045
82018,0,0,1.672,0,0,-0.01,-0.058,0.004,-0.071,-0.035,-0.053,-0.03,-0.051,0,0,2,-0.03,-0.051
82028,0,0,1.672,0,0,-0.053,-0.072,-0.03,-0.073,-0.034,-0.041,-0.034,-0.048,0,0,2,-0.034,-0.048
82038,0,0,1.672,0,0,-0.02,-0.022,-0.027,-0.044,-0.028,-0.023,-0.029,-0.037,0,0,2,-0.029,-0.037
82048,0,0,1.672,0,0,-0.065,-0.039,-0.047,-0.038,-0.029,-0.013,-0.029,-0.025,0,0,2,-0.029,-0.025
82058,0,0,1.672,0,0,-0.097,-0.05,-0.079,-0.048,-0.034,-0.009,-0.033,-0.017,0,0,2,-0.033,-0.017
82068,0,0,1.672,0,0,-0.128,-0.056,-0.108,-0.057,-0.041,-0.012,-0.041,-0.018,0,0,2,-0.041,-0.018
82078,0,0,1.672,0,0,-0.125,-0.059,-0.118,-0.06,-0.048,-0.015,-0.051,-0.024,0,0,2,-0.051,-0.024
82088,0,0,1.672,0,0,-0.13,-0.068,-0.115,-0.061,-0.051,-0.019,-0.052,-0.023,0,0,2,-0.052,-0.023
82098,0,0,1.672,0,0,-0.084,-0.032,-0.108,-0.052,-0.055,-0.024,-0.056,-0.026,0,0,2,-0.056,-0.026
82108,0,0,1.672,0,0,-0.069,-0.036,-0.06,-0.031,-0.06,-0.03,-0.06,-0.029,0,0,2,-0.06,-0.029
82118,0,0,1.672,0,0,-0.041,-0.013,-0.063,-0.02,-0.066,-0.038,-0.065,-0.033,0,0,2,-0.065,-0.033
82128,0,0,1.672,0,0,-0.005,-0.002,-0.011,-0.009,-0.07,-0.042,-0.066,-0.034,0,0,2,-0.066,-0.034
82138,0,0,1.672,0,0,-0.038,-0.031,-0.014,-0.026,-0.072,-0.045,-0.068,-0.037,0,0,2,-0.068,-0.037
82148,0,0,1.672,0,0,-0.098,-0.028,-0.083,-0.024,-0.073,-0.045,-0.071,-0.04,0,0,2,-0.071,-0.04
82158,0,0,1.672,0,0,-0.113,-0.022,-0.108,-0.024,-0.072,-0.042,-0.073,-0.04,0,0,2,-0.073,-0.04
82168,0,0,1.672,0,0,-0.141,-0.02,-0.14,-0.024,-0.07,-0.038,-0.072,-0.038,0,0,2,-0.072,-0.038
82178,0,0,1.672,0,0,-0.084,-0.015,-0.115,-0.016,-0.069,-0.035,-0.079,-0.031,0,0,2,-0.079,-0.031
82188,3.064,-0.19,1.672,0,0,-0.126,-0.017,-0.12,-0.016,-0.068,-0.031,-0.072,-0.028,-184,-69,4,-0.072,-0.028
82198,3.129,-0.244,1.672,0,0,-0.123,-0.015,-0.129,-0.018,-0.066,-0.025,-0.071,-0.026,-144,-29,4,-0.071,-0.026
82208,3.129,-0.244,1.672,0,0,-0.128,-0.017,-0.131,-0.014,-0.064,-0.019,-0.07,-0.022,-142,-18,4,-0.07,-0.022
82218,3.193,-0.302,1.672,0.373,-0.023,-0.159,-0.016,-0.145,-0.014,-0.062,-0.012,-0.121,-0.041,-182,2,4,-0.121,-0.041
82228,3.254,-0.375,1.672,1.212,-0.081,-0.065,-0.003,-0.105,-0.002,-0.037,-0.011,-0.092,-0.02,-142,-12,4,-0.092,-0.02
82238,3.254,-0.375,1.672,2.044,-0.146,-0.004,0,-0.039,-0.005,-0.009,-0.018,-0.076,-0.018,-116,-12,4,-0.076,-0.018
82248,3.314,-0.448,1.672,2.669,-0.205,0,0,-0.025,0.003,0.013,-0.014,-0.085,-0.006,-156,-16,4,-0.085,-0.006
82258,3.314,-0.448,1.672,3.066,-0.263,0,0,-0.015,-0.006,0.067,-0.018,-0.04,-0.015,-169,-16,4,-0.04,-0.015
82268,3.374,-0.514,1.672,3.277,-0.315,0,0,-0.021,0.003,0.165,-0.046,0.021,-0.028,-129,6,4,0.021,-0.028
82278,3.434,-0.568,1.672,3.366,-0.36,0,0,-0.015,0.009,0.265,-0.107,0.051,-0.059,-169,-34,4,0.051,-0.059
82288,3.499,-0.598,1.672,3.389,-0.401,0,0,-0.026,0.006,0.365,-0.204,0.094,-0.106,-169,-39,4,0.094,-0.106
82298,3.564,-0.624,1.672,3.386,-0.438,0,0,-0.021,0,0.465,-0.304,0.164,-0.145,-129,-37,4,0.164,-0.145
82308,3.564,-0.624,1.672,3.39,-0.479,0,0,-0.048,-0.008,0.565,-0.404,0.194,-0.215,-89,-37,4,0.194,-0.215
82318,3.634,-0.622,1.672,3.41,-0.522,0.02,0.002,-0.012,0.007,0.665,-0.385,0.244,-0.214,-49,3,4,0.244,-0.214
82328,3.703,-0.626,1.672,3.449,-0.562,0.084,-0.017,0.094,-0.033,0.765,-0.288,0.314,-0.166,-9,-37,4,0.314,-0.166
82338,3.703,-0.626,1.672,3.494,-0.594,0.012,-0.003,-0.029,0.024,0.865,-0.199,0.384,-0.12,31,-77,4,0.384,-0.12
82348,3.703,-0.626,1.672,3.539,-0.615,0.022,-0.02,-0.01,-0.042,0.797,-0.202,0.376,-0.1,71,-117,4,0.376,-0.1
82358,3.703,-0.626,1.672,3.59,-0.626,0.122,-0.093,0.099,-0.069,0.833,-0.189,0.409,-0.113,111,-142,4,0.409,-0.113
82368,3.703,-0.626,1.672,3.639,-0.63,0.222,-0.056,0.148,-0.033,0.933,-0.233,0.478,-0.152,151,-142,4,0.478,-0.152
82378,3.703,-0.626,1.672,3.681,-0.631,0.342,-0.07,0.315,-0.037,0.926,-0.301,0.499,-0.207,191,-142,4,0.499,-0.207
82388,3.703,-0.626,1.672,3.698,-0.63,0.422,-0.111,0.375,-0.094,0.913,-0.311,0.513,-0.226,231,-142,4,0.513,-0.226
82398,3.703,-0.626,1.672,3.708,-0.629,0.522,-0.127,0.464,-0.08,0.876,-0.244,0.515,-0.196,271,-142,4,0.515,-0.196
82408,3.703,-0.626,1.672,3.711,-0.627,0.622,-0.131,0.587,-0.148,0.824,-0.151,0.508,-0.15,305,-142,4,0.508,-0.15
82418,3.703,-0.626,1.672,3.71,-0.627,0.522,-0.031,0.53,-0.082,0.834,-0.097,0.532,-0.121,305,-142,4,0.532,-0.121
82428,3.703,-0.626,1.672,3.708,-0.626,0.422,-0.044,0.449,-0.017,0.86,-0.108,0.564,-0.124,305,-142,4,0.564,-0.124
82438,0,0,1.672,3.706,-0.626,0.322,-0.007,0.312,0,0.955,-0.182,0.626,-0.159,0,0,2,0.626,-0.159
82448,0,0,1.672,3.704,-0.626,0.222,-0.001,0.218,-0.016,1.055,-0.241,0.676,-0.19,0,0,2,0.676,-0.19
82458,3.922,-0.782,1.672,3.703,-0.626,0.122,0,0.13,0.006,1.155,-0.248,0.726,-0.195,3,0,4,0.726,-0.195
82468,3.922,-0.782,1.672,3.252,-0.55,0.022,0,0.056,0.044,1.246,-0.246,1.093,-0.165,3,0,4,1.093,-0.165
82478,3.933,-0.728,1.672,2.247,-0.38,0,0,-0.033,-0.026,1.244,-0.214,1.225,-0.2,43,-40,4,1.225,-0.2
82488,3.933,-0.728,1.672,1.741,-0.309,0,0,-0.01,0.031,1.185,-0.179,0.596,-0.09,83,-80,4,0.596,-0.09
82498,3.956,-0.587,1.672,2.08,-0.398,0,0,-0.01,0.038,1.173,-0.191,0.588,-0.095,123,-120,4,0.588,-0.095
82508,3.968,-0.498,1.672,2.688,-0.526,0,0,0.004,0.003,1.2,-0.222,0.62,-0.129,163,-160,4,0.62,-0.129
82518,3.968,-0.498,1.672,3.254,-0.63,0,0,-0.013,-0.006,1.273,-0.291,0.675,-0.183,203,-200,4,0.675,-0.183
82528,3.978,-0.414,1.672,3.662,-0.68,0.053,-0.045,0.012,-0.012,1.346,-0.356,0.733,-0.236,243,-240,4,0.733,-0.236
82538,3.978,-0.414,1.672,3.906,-0.667,0.092,-0.016,0.077,0.023,1.326,-0.336,0.747,-0.25,283,-261,4,0.747,-0.25
82548,3.978,-0.414,1.672,4.022,-0.619,0.01,-0.002,0.022,-0.007,1.265,-0.277,0.736,-0.24,323,-261,4,0.736,-0.24
82558,3.978,-0.414,1.672,4.057,-0.558,0.001,0,-0.024,0.011,1.242,-0.249,0.743,-0.245,363,-261,4,0.743,-0.245
82568,3.978,-0.414,1.672,4.051,-0.497,0,0,-0.004,0.005,1.237,-0.248,0.76,-0.254,403,-261,4,0.76,-0.254
82578,3.978,-0.414,1.672,4.031,-0.45,0,0,-0.016,0.027,1.246,-0.262,0.784,-0.261,443,-261,4,0.784,-0.261
82588,3.978,-0.414,1.672,4.009,-0.422,0,0,-0.007,-0.001,1.305,-0.311,0.831,-0.284,483,-261,4,0.831,-0.284
82598,3.978,-0.414,1.672,3.992,-0.408,0,0,-0.039,0.001,1.351,-0.345,0.876,-0.302,523,-261,4,0.876,-0.302
82608,3.978,-0.414,1.672,3.981,-0.404,0,0,0.015,0.015,1.305,-0.324,0.876,-0.294,563,-261,4,0.876,-0.294
82618,3.978,-0.414,1.672,3.976,-0.405,0,0,-0.023,0.018,1.276,-0.307,0.88,-0.284,603,-261,4,0.88,-0.284
82628,3.978,-0.414,1.672,3.975,-0.408,0.049,-0.049,0.025,-0.026,1.276,-0.301,0.899,-0.281,643,-261,4,0.899,-0.281
82638,0,0,1.672,3.975,-0.41,0.057,-0.02,0.05,-0.035,1.306,-0.29,0.933,-0.276,0,0,2,0.933,-0.276
82648,0,0,1.672,3.976,-0.412,0.137,-0.107,0.068,-0.053,1.335,-0.283,0.968,-0.272,0,0,2,0.968,-0.272
82658,3.999,-0.057,1.672,3.977,-0.414,0.237,-0.207,0.188,-0.184,1.39,-0.281,1.014,-0.272,1655,-545,4,1.014,-0.272
82668,3.999,-0.057,1.672,3.493,-0.364,0.337,-0.278,0.296,-0.289,1.453,-0.261,1.401,-0.247,1655,-545,4,1.401,-0.247
82678,3.998,-0.114,1.672,2.414,-0.252,0.437,-0.358,0.392,-0.299,1.492,-0.227,1.46,-0.243,1615,-585,4,1.46,-0.243
82688,3.998,-0.114,1.672,1.845,-0.149,0.537,-0.458,0.475,-0.421,1.451,-0.189,1.555,-0.368,1575,-588,4,1.555,-0.368
82698,3.998,-0.114,1.672,2.151,-0.083,0.637,-0.558,0.589,-0.557,1.358,-0.169,1.51,-0.358,1543,-588,4,1.51,-0.358
82708,3.998,-0.114,1.672,2.745,-0.056,0.737,-0.658,0.706,-0.617,1.291,-0.159,1.455,-0.372,1543,-588,4,1.455,-0.372
82718,3.998,-0.114,1.672,3.308,-0.06,0.837,-0.758,0.8,-0.698,1.248,-0.159,1.413,-0.373,1543,-588,4,1.413,-0.373
82728,3.998,-0.114,1.672,3.714,-0.075,0.937,-0.858,0.898,-0.819,1.216,-0.187,1.38,-0.386,1543,-588,4,1.38,-0.386
82738,3.998,-0.114,1.672,3.954,-0.091,1.037,-0.874,1.033,-0.875,1.221,-0.224,1.382,-0.405,1543,-588,4,1.382,-0.405
82748,3.955,-0.594,1.672,4.063,-0.104,1.137,-0.889,1.075,-0.88,1.255,-0.239,1.398,-0.413,1583,-628,4,1.398,-0.413
82758,3.941,-0.68,1.672,4.092,-0.111,1.237,-0.841,1.184,-0.845,1.315,-0.202,1.426,-0.397,1623,-668,4,1.426,-0.397
82768,3.941,-0.68,1.672,4.08,-0.115,1.337,-0.787,1.291,-0.799,1.401,-0.174,1.469,-0.382,1663,-708,4,1.469,-0.382
82778,3.941,-0.68,1.672,4.049,-0.175,1.417,-0.799,1.355,-0.828,1.47,-0.148,1.525,-0.389,1703,-748,4,1.525,-0.389
82788,3.941,-0.68,1.672,4.011,-0.316,1.317,-0.699,1.351,-0.727,1.527,-0.183,1.572,-0.423,1743,-788,4,1.572,-0.423
82798,3.941,-0.68,1.672,3.977,-0.466,1.217,-0.599,1.251,-0.619,1.627,-0.266,1.641,-0.483,1783,-828,4,1.641,-0.483
82808,3.941,-0.68,1.672,3.954,-0.582,1.117,-0.499,1.168,-0.491,1.727,-0.358,1.711,-0.55,1823,-868,4,1.711,-0.55
82818,3.959,-0.568,1.672,3.942,-0.655,1.017,-0.399,1.087,-0.492,1.825,-0.449,1.781,-0.615,1863,-904,4,1.781,-0.615
82828,3.971,-0.474,1.672,3.936,-0.691,0.977,-0.399,0.898,-0.323,1.753,-0.517,1.772,-0.671,1903,-864,4,1.772,-0.671
82838,3.971,-0.474,1.672,3.935,-0.703,1.077,-0.499,1.031,-0.47,1.653,-0.482,1.742,-0.677,1943,-824,4,1.742,-0.677
82848,3.971,-0.474,1.672,3.938,-0.689,1.177,-0.599,1.142,-0.57,1.553,-0.442,1.712,-0.674,1983,-790,4,1.712,-0.674
82858,3.971,-0.474,1.672,3.946,-0.641,1.277,-0.699,1.235,-0.677,1.495,-0.444,1.7,-0.654,2023,-790,4,1.7,-0.654
82868,3.971,-0.474,1.672,3.956,-0.579,1.377,-0.711,1.321,-0.695,1.502,-0.451,1.722,-0.637,2063,-790,4,1.722,-0.637
82878,3.971,-0.474,1.672,3.964,-0.527,1.477,-0.737,1.428,-0.673,1.534,-0.452,1.757,-0.621,2103,-790,4,1.757,-0.621
82888,3.971,-0.474,1.672,3.969,-0.492,1.577,-0.739,1.546,-0.779,1.538,-0.431,1.781,-0.611,2143,-790,4,1.781,-0.611
82898,3.971,-0.474,1.672,3.971,-0.473,1.677,-0.839,1.643,-0.788,1.51,-0.408,1.788,-0.6,2183,-790,4,1.788,-0.6
82908,3.971,-0.474,1.672,3.972,-0.466,1.777,-0.879,1.729,-0.849,1.501,-0.399,1.802,-0.595,2192,-790,4,1.802,-0.595
82918,3.971,-0.474,1.672,3.972,-0.465,1.877,-0.922,1.823,-0.934,1.525,-0.381,1.833,-0.586,2192,-790,4,1.833,-0.586
82928,3.998,0.118,1.672,3.972,-0.467,1.977,-0.971,1.928,-0.956,1.569,-0.342,1.874,-0.568,2232,-785,4,1.874,-0.568
82938,3.998,0.118,1.672,3.972,-0.469,2.077,-1.041,2.036,-1.024,1.623,-0.287,1.906,-0.541,2272,-785,4,1.906,-0.541
82948,3.999,0.06,1.672,3.971,-0.472,2.177,-1.113,2.123,-1.111,1.652,-0.234,1.922,-0.514,2312,-825,4,1.922,-0.514
82958,3.999,0.06,1.672,3.974,-0.401,2.277,-1.184,2.25,-1.138,1.649,-0.179,1.941,-0.484,2352,-834,4,1.941,-0.484
82968,3.999,0.06,1.672,3.982,-0.241,2.377,-1.219,2.349,-1.234,1.636,-0.14,1.954,-0.464,2392,-834,4,1.954,-0.464
82978,3.999,0.06,1.672,3.989,-0.091,2.477,-1.201,2.464,-1.191,1.644,-0.117,1.978,-0.472,2393,-834,4,1.978,-0.472
82988,3.999,0.06,1.672,3.994,0.009,2.577,-1.161,2.541,-1.189,1.654,-0.093,2.003,-0.464,2393,-834,4,2.003,-0.464
82998,3.986,-0.322,1.672,3.998,0.063,2.592,-1.061,2.593,-1.119,1.666,-0.037,2.028,-0.438,2433,-874,4,2.028,-0.438
83008,3.976,-0.434,1.672,4,0.084,2.612,-0.995,2.603,-1.017,1.691,0.011,2.041,-0.413,2473,-914,4,2.041,-0.413
83018,3.9,-0.489,1.672,4,0.087,2.549,-0.895,2.533,-0.934,1.72,0.043,2.056,-0.397,2433,-954,4,2.056,-0.397
83028,3.9,-0.489,1.672,3.998,0.035,2.449,-0.795,2.48,-0.83,1.751,0.039,2.091,-0.417,2393,-994,4,2.091,-0.417
83038,3.9,-0.489,1.672,3.993,-0.09,2.349,-0.695,2.375,-0.728,1.769,0.006,2.12,-0.452,2353,-1034,4,2.12,-0.452
83048,3.905,-0.447,1.672,3.978,-0.235,2.412,-0.608,2.401,-0.618,1.754,-0.049,2.095,-0.499,2393,-994,4,2.095,-0.499
83058,3.905,-0.447,1.672,3.952,-0.359,2.512,-0.56,2.466,-0.591,1.704,-0.109,2.051,-0.55,2433,-971,4,2.051,-0.55
83068,3.905,-0.447,1.672,3.928,-0.443,2.612,-0.556,2.587,-0.555,1.66,-0.137,2.007,-0.584,2473,-971,4,2.007,-0.584
83078,3.905,-0.447,1.672,3.912,-0.484,2.712,-0.587,2.665,-0.595,1.67,-0.11,2.031,-0.554,2513,-971,4,2.031,-0.554
83088,3.905,-0.447,1.672,3.903,-0.492,2.812,-0.657,2.779,-0.63,1.695,-0.067,2.063,-0.52,2553,-971,4,2.063,-0.52
83098,3.861,-0.07,1.672,3.9,-0.483,2.912,-0.666,2.851,-0.652,1.701,-0.06,2.088,-0.515,2593,-931,4,2.088,-0.515
83108,3.793,0.065,1.672,3.9,-0.471,2.972,-0.669,2.963,-0.688,1.698,-0.109,2.105,-0.537,2633,-891,4,2.105,-0.537
83118,3.721,0.158,1.672,3.901,-0.46,2.982,-0.71,2.942,-0.711,1.701,-0.154,2.127,-0.561,2673,-851,4,2.127,-0.561
83128,3.721,0.158,1.672,3.897,-0.406,2.949,-0.803,2.934,-0.744,1.72,-0.157,2.155,-0.545,2713,-811,4,2.155,-0.545
83138,3.721,0.158,1.672,3.878,-0.283,2.849,-0.79,2.872,-0.8,1.751,-0.127,2.191,-0.511,2726,-771,4,2.191,-0.511
83148,3.717,0.233,1.672,3.84,-0.133,2.85,-0.789,2.861,-0.821,1.796,-0.076,2.233,-0.465,2686,-811,4,2.233,-0.465
83158,3.649,0.225,1.672,3.794,0.003,2.95,-0.839,2.917,-0.834,1.846,-0.011,2.278,-0.413,2646,-851,4,2.278,-0.413
83168,3.649,0.225,1.672,3.757,0.098,3.05,-0.867,3.003,-0.838,1.858,0.037,2.292,-0.368,2606,-891,4,2.292,-0.368
83178,3.649,0.225,1.672,3.732,0.161,3.086,-0.844,3.057,-0.87,1.825,0.046,2.257,-0.383,2566,-931,4,2.257,-0.383
83188,3.649,0.225,1.672,3.71,0.204,3.157,-0.875,3.148,-0.892,1.799,0.024,2.223,-0.412,2526,-971,4,2.223,-0.412
83198,3.649,0.225,1.672,3.685,0.227,3.081,-0.805,3.079,-0.813,1.811,0.021,2.208,-0.435,2486,-1011,4,2.208,-0.435
83208,3.649,0.225,1.672,3.666,0.236,3.054,-0.777,3.032,-0.783,1.821,0.036,2.193,-0.448,2446,-1051,4,2.193,-0.448
83218,3.649,0.225,1.672,3.654,0.237,3.038,-0.745,3.024,-0.74,1.818,0.048,2.173,-0.462,2406,-1091,4,2.173,-0.462
83228,3.649,0.225,1.672,3.648,0.234,3.114,-0.712,3.086,-0.73,1.816,0.046,2.151,-0.482,2366,-1117,4,2.151,-0.482
83238,3.649,0.225,1.672,3.645,0.231,3.214,-0.659,3.183,-0.692,1.794,0.022,2.121,-0.513,2326,-1117,4,2.121,-0.513
83248,3.649,0.225,1.672,3.645,0.228,3.241,-0.559,3.223,-0.605,1.766,-0.014,2.087,-0.552,2286,-1117,4,2.087,-0.552
83258,3.587,0,1.672,3.646,0.226,3.321,-0.547,3.315,-0.577,1.738,-0.026,2.053,-0.571,2326,-1077,4,2.053,-0.571
83268,3.519,0.004,1.672,3.647,0.225,3.345,-0.48,3.353,-0.522,1.719,-0.031,2.023,-0.573,2366,-1037,4,2.023,-0.573
83278,3.45,0.037,1.672,3.648,0.225,3.342,-0.468,3.306,-0.476,1.721,-0.019,2.003,-0.569,2406,-997,4,2.003,-0.569
83288,3.45,0.037,1.672,3.641,0.197,3.41,-0.489,3.384,-0.518,1.737,0.007,2.03,-0.536,2446,-957,4,2.03,-0.536
83298,3.45,0.037,1.672,3.61,0.124,3.41,-0.452,3.408,-0.465,1.757,0.024,2.061,-0.506,2486,-917,4,2.061,-0.506
83308,3.45,0.037,1.672,3.576,0.081,3.35,-0.426,3.362,-0.44,1.765,0.017,2.086,-0.489,2526,-877,4,2.086,-0.489
83318,3.45,0.037,1.672,3.528,0.046,3.403,-0.432,3.38,-0.443,1.747,-0.001,2.097,-0.479,2566,-837,4,2.097,-0.479
83328,3.377,0.181,1.672,3.489,0.03,3.423,-0.449,3.419,-0.423,1.74,-0.006,2.113,-0.462,2606,-797,4,2.113,-0.462
83338,3.377,0.181,1.672,3.463,0.025,3.427,-0.443,3.413,-0.458,1.747,0.002,2.136,-0.438,2646,-757,4,2.136,-0.438
83348,3.306,0.218,1.672,3.449,0.026,3.438,-0.455,3.434,-0.456,1.756,0.01,2.16,-0.414,2686,-717,4,2.16,-0.414
83358,3.306,0.218,1.672,3.434,0.047,3.518,-0.455,3.475,-0.462,1.771,0.029,2.188,-0.385,2726,-677,4,2.188,-0.385
83368,3.165,0.258,1.672,3.414,0.089,3.509,-0.443,3.512,-0.435,1.78,0.038,2.213,-0.36,2766,-637,4,2.213,-0.36
83378,3.232,0.277,1.672,3.388,0.134,3.423,-0.415,3.446,-0.41,1.771,0.029,2.229,-0.344,2806,-597,4,2.229,-0.344
83388,3.232,0.277,1.672,3.356,0.174,3.454,-0.471,3.427,-0.478,1.77,0.021,2.248,-0.328,2846,-557,4,2.248,-0.328
83398,3.164,0.276,1.672,3.313,0.207,3.494,-0.462,3.477,-0.452,1.765,0.026,2.265,-0.306,2886,-517,4,2.265,-0.306
83408,3.164,0.276,1.672,3.266,0.235,3.498,-0.409,3.506,-0.419,1.768,0.045,2.286,-0.277,2926,-477,4,2.286,-0.277
83418,3.164,0.276,1.672,3.238,0.257,3.439,-0.394,3.466,-0.408,1.784,0.072,2.315,-0.244,2966,-437,4,2.315,-0.244
83428,3.164,0.276,1.672,3.217,0.272,3.443,-0.386,3.438,-0.394,1.796,0.086,2.341,-0.216,3006,-429,4,2.341,-0.216
83438,3.164,0.276,1.672,3.195,0.278,3.463,-0.335,3.462,-0.374,1.782,0.086,2.354,-0.195,3046,-429,4,2.354,-0.195
83448,3.164,0.276,1.672,3.178,0.281,3.484,-0.339,3.498,-0.339,1.75,0.067,2.359,-0.184,3086,-429,4,2.359,-0.184
83458,3.164,0.276,1.672,3.167,0.28,3.568,-0.289,3.528,-0.302,1.729,0.055,2.368,-0.187,3126,-429,4,2.368,-0.187
83468,3.164,0.276,1.672,3.162,0.279,3.555,-0.279,3.592,-0.295,1.72,0.054,2.383,-0.187,3166,-429,4,2.383,-0.187
83478,3.164,0.276,1.672,3.161,0.278,3.595,-0.28,3.579,-0.289,1.729,0.075,2.407,-0.178,3206,-429,4,2.407,-0.178
83488,3.164,0.276,1.672,3.161,0.277,3.609,-0.239,3.601,-0.255,1.739,0.1,2.432,-0.165,3246,-429,4,2.432,-0.165
83498,3.164,0.276,1.672,3.162,0.276,3.624,-0.227,3.598,-0.245,1.737,0.113,2.452,-0.159,3286,-429,4,2.452,-0.159
83508,3.164,0.276,1.672,3.163,0.276,3.524,-0.182,3.55,-0.185,1.724,0.102,2.465,-0.163,3307,-429,4,2.465,-0.163
83518,2.883,0.323,1.672,3.163,0.276,3.535,-0.184,3.538,-0.186,1.721,0.096,2.483,-0.166,3347,-389,4,2.483,-0.166
83528,2.814,0.321,1.672,3.164,0.276,3.555,-0.196,3.539,-0.2,1.724,0.094,2.504,-0.168,3387,-349,4,2.504,-0.168
83538,2.744,0.329,1.672,3.164,0.276,3.575,-0.179,3.56,-0.181,1.726,0.104,2.517,-0.163,3427,-309,4,2.517,-0.163
83548,2.675,0.333,1.672,3.13,0.282,3.635,-0.198,3.644,-0.203,1.732,0.118,2.539,-0.136,3467,-269,4,2.539,-0.136
83558,2.604,0.344,1.672,3.045,0.294,3.642,-0.189,3.614,-0.192,1.738,0.134,2.562,-0.108,3439,-268,4,2.562,-0.108
83569,2.604,0.344,1.672,2.943,0.307,3.622,-0.137,3.632,-0.17,1.731,0.138,2.579,-0.086,3439,-268,4,2.579,-0.086
83577,2.604,0.344,1.672,2.824,0.32,3.612,-0.126,3.626,-0.144,1.716,0.131,2.592,-0.069,3439,-268,4,2.592,-0.069
83587,2.604,0.344,1.672,2.753,0.328,3.578,-0.088,3.577,-0.11,1.71,0.132,2.575,-0.068,3439,-268,4,2.575,-0.068
83597,2.604,0.344,1.672,2.679,0.336,3.585,-0.115,3.58,-0.132,1.695,0.137,2.567,-0.066,3439,-268,4,2.567,-0.066
83607,2.604,0.344,1.672,2.63,0.341,3.607,-0.088,3.581,-0.11,1.683,0.149,2.561,-0.06,3439,-268,4,2.561,-0.06
83617,2.604,0.344,1.672,2.603,0.344,3.652,-0.101,3.647,-0.099,1.68,0.168,2.56,-0.051,3439,-268,4,2.56,-0.051
83627,2.604,0.344,1.672,2.592,0.345,3.597,-0.062,3.602,-0.082,1.669,0.179,2.555,-0.045,3439,-268,4,2.555,-0.045
83637,2.604,0.344,1.672,2.591,0.345,3.554,-0.014,3.562,-0.036,1.652,0.189,2.546,-0.04,3439,-268,4,2.546,-0.04
83647,2.604,0.344,1.672,2.593,0.345,3.57,-0.06,3.56,-0.059,1.642,0.189,2.541,-0.04,3439,-268,4,2.541,-0.04
83657,2.604,0.344,1.672,2.597,0.345,3.499,-0.043,3.509,-0.046,1.638,0.191,2.539,-0.039,3439,-268,4,2.539,-0.039
83667,2.604,0.344,1.672,2.601,0.344,3.574,0.016,3.551,-0.02,1.642,0.206,2.54,-0.032,3439,-268,4,2.54,-0.032
83677,2.604,0.344,1.672,2.603,0.344,3.645,0.039,3.625,0.012,1.652,0.225,2.545,-0.022,3439,-268,4,2.545,-0.022
83687,2.251,0.386,1.672,2.604,0.344,3.72,0.021,3.669,0.022,1.653,0.233,2.546,-0.018,3479,-228,4,2.546,-0.018
83697,2.181,0.385,1.672,2.605,0.344,3.66,0.029,3.7,0.013,1.634,0.217,2.538,-0.025,3519,-188,4,2.538,-0.025
83707,2.181,0.385,1.672,2.605,0.344,3.56,0.051,3.586,0.056,1.623,0.205,2.531,-0.031,3559,-148,4,2.531,-0.031
83717,2.181,0.385,1.672,2.561,0.349,3.498,0.093,3.512,0.065,1.628,0.226,2.553,-0.002,3599,-108,4,2.553,-0.002
83727,2.181,0.385,1.672,2.457,0.36,3.538,0.134,3.526,0.089,1.633,0.255,2.576,0.032,3600,-68,4,2.576,0.032
83737,2.181,0.385,1.672,2.344,0.371,3.638,0.146,3.584,0.144,1.631,0.261,2.596,0.056,3600,-28,4,2.596,0.056
83747,2.181,0.385,1.672,2.256,0.379,3.715,0.159,3.694,0.148,1.622,0.249,2.611,0.071,3600,-21,4,2.611,0.071
83757,2.181,0.385,1.672,2.201,0.384,3.625,0.204,3.661,0.194,1.602,0.244,2.602,0.088,3600,-21,4,2.602,0.088
83767,2.181,0.385,1.672,2.173,0.386,3.585,0.205,3.596,0.176,1.57,0.259,2.586,0.115,3600,-21,4,2.586,0.115
83777,2.181,0.385,1.672,2.164,0.387,3.625,0.2,3.615,0.174,1.523,0.282,2.563,0.13,3600,-21,4,2.563,0.13
83787,2.181,0.385,1.672,2.164,0.387,3.665,0.216,3.651,0.212,1.478,0.294,2.54,0.137,3600,-21,4,2.54,0.137
83797,2.181,0.385,1.672,2.169,0.386,3.685,0.213,3.702,0.201,1.459,0.3,2.53,0.139,3600,-21,4,2.53,0.139
83807,2.181,0.385,1.672,2.174,0.386,3.585,0.199,3.629,0.216,1.438,0.313,2.52,0.145,3600,-21,4,2.52,0.145
83817,2.181,0.385,1.672,2.178,0.385,3.485,0.196,3.511,0.196,1.402,0.359,2.503,0.167,3600,-21,4,2.503,0.167
83827,1.704,0.47,1.672,2.18,0.385,3.505,0.214,3.516,0.186,1.354,0.411,2.479,0.194,3569,19,4,2.479,0.194
83837,1.704,0.47,1.672,2.181,0.385,3.579,0.22,3.559,0.226,1.339,0.442,2.469,0.21,3569,59,4,2.469,0.21
83847,1.647,0.462,1.672,2.182,0.385,3.559,0.222,3.588,0.202,1.335,0.442,2.467,0.211,3557,99,4,2.467,0.211
83857,1.647,0.462,1.672,2.124,0.395,3.579,0.232,3.598,0.246,1.335,0.419,2.452,0.22,3557,139,4,2.452,0.22
83867,1.647,0.462,1.672,1.994,0.418,3.489,0.243,3.502,0.221,1.319,0.418,2.445,0.239,3557,170,4,2.445,0.239
83877,1.647,0.462,1.672,1.86,0.44,3.429,0.279,3.443,0.253,1.279,0.441,2.42,0.269,3557,170,4,2.42,0.269
83887,1.647,0.462,1.672,1.751,0.454,3.369,0.286,3.397,0.291,1.213,0.466,2.388,0.301,3557,170,4,2.388,0.301
83897,1.647,0.462,1.672,1.68,0.462,3.429,0.328,3.43,0.304,1.129,0.496,2.346,0.332,3557,170,4,2.346,0.332
83907,1.647,0.462,1.672,1.642,0.465,3.449,0.322,3.45,0.299,1.042,0.525,2.303,0.347,3557,170,4,2.303,0.347
83917,1.647,0.462,1.672,1.628,0.466,3.374,0.332,3.396,0.325,0.979,0.558,2.27,0.363,3557,170,4,2.27,0.363
83927,1.647,0.462,1.672,1.627,0.465,3.312,0.373,3.327,0.341,0.932,0.585,2.246,0.377,3557,170,4,2.246,0.377
83937,1.647,0.462,1.672,1.632,0.464,3.279,0.393,3.308,0.365,0.917,0.581,2.238,0.376,3557,170,4,2.238,0.376
83947,1.647,0.462,1.672,1.637,0.463,3.199,0.408,3.224,0.402,0.903,0.575,2.231,0.373,3557,170,4,2.231,0.373
83957,1.647,0.462,1.672,1.642,0.462,3.118,0.4,3.159,0.391,0.865,0.598,2.213,0.383,3557,170,4,2.213,0.383
83967,1.647,0.462,1.672,1.645,0.462,3.122,0.421,3.16,0.409,0.809,0.628,2.185,0.398,3557,170,4,2.185,0.398
83977,0.881,0.594,1.602,1.647,0.462,3.058,0.434,3.101,0.419,0.757,0.655,2.159,0.411,3517,210,4,2.159,0.411
83987,0.881,0.594,1.602,1.648,0.462,3.018,0.482,3.048,0.484,0.691,0.699,2.127,0.433,3477,250,4,2.127,0.433
83997,0.721,0.507,1.602,1.648,0.462,3.098,0.545,3.087,0.519,0.652,0.736,2.105,0.452,3437,290,4,2.105,0.452
84007,0.721,0.507,1.602,1.554,0.478,3.038,0.583,3.025,0.534,0.724,0.669,2.117,0.443,3397,330,4,2.117,0.443
84017,0.721,0.507,1.602,1.346,0.514,2.978,0.612,2.995,0.595,0.818,0.569,2.145,0.413,3357,334,4,2.145,0.413
84027,0.546,0.516,1.575,1.123,0.538,2.878,0.615,2.969,0.641,0.8,0.505,2.121,0.399,3317,374,4,2.121,0.399
84037,0.546,0.516,1.575,0.93,0.541,2.798,0.612,2.812,0.618,0.704,0.552,2.054,0.438,3277,414,4,2.054,0.438
84047,0.448,0.495,1.575,0.797,0.533,2.744,0.584,2.794,0.573,0.604,0.652,1.984,0.489,3237,454,4,1.984,0.489
84057,0.448,0.495,1.575,0.702,0.524,2.668,0.577,2.718,0.59,0.504,0.752,1.914,0.559,3197,494,4,1.914,0.559
84067,0.357,0.457,1.577,0.624,0.519,2.608,0.571,2.653,0.573,0.404,0.852,1.844,0.629,3157,534,4,1.844,0.629
84077,0.272,0.409,1.578,0.56,0.513,2.584,0.596,2.605,0.585,0.304,0.952,1.774,0.699,3117,540,4,1.774,0.699
84087,0.272,0.409,1.578,0.505,0.506,2.584,0.676,2.607,0.652,0.204,1.052,1.704,0.769,3077,540,4,1.704,0.769
84097,0.114,0.295,1.576,0.457,0.496,2.524,0.732,2.531,0.668,0.104,1.152,1.634,0.839,3037,580,4,1.634,0.839
84107,0.114,0.295,1.576,0.402,0.476,2.432,0.725,2.554,0.721,0.147,1.065,1.629,0.806,2997,620,4,1.629,0.806
84117,0.051,0.232,1.572,0.346,0.451,2.354,0.711,2.364,0.762,0.247,0.965,1.658,0.756,2957,580,4,1.658,0.756
84127,-0.01,0.167,1.564,0.285,0.416,2.254,0.611,2.278,0.644,0.224,0.865,1.633,0.726,2917,594,4,1.633,0.726
84137,-0.01,0.167,1.564,0.217,0.371,2.144,0.501,2.241,0.491,0.124,0.765,1.564,0.696,2877,594,4,1.564,0.696
84147,-0.07,0.099,1.564,0.155,0.326,2.054,0.471,2.112,0.471,0.035,0.665,1.499,0.626,2837,634,4,1.499,0.626
84157,-0.127,0.027,1.562,0.096,0.275,1.954,0.461,1.999,0.501,0.019,0.565,1.468,0.583,2797,674,4,1.468,0.583
84167,-0.127,0.027,1.562,0.045,0.227,1.854,0.431,1.909,0.439,0.05,0.465,1.462,0.533,2757,714,4,1.462,0.533
84177,-0.183,0.007,1.561,0.003,0.184,1.794,0.531,1.823,0.499,0.121,0.365,1.476,0.503,2717,748,4,1.476,0.503
84187,-0.239,-0.015,1.561,-0.04,0.136,1.894,0.631,1.886,0.596,0.221,0.314,1.505,0.495,2677,788,4,1.505,0.495
84197,-0.293,-0.04,1.561,-0.08,0.089,1.994,0.731,1.985,0.707,0.32,0.3,1.535,0.508,2637,828,4,1.535,0.508
84207,-0.293,-0.04,1.561,-0.115,0.051,1.903,0.772,1.94,0.765,0.267,0.235,1.495,0.495,2597,868,4,1.495,0.495
84217,-0.348,-0.056,1.563,-0.153,0.022,1.803,0.672,1.838,0.706,0.167,0.136,1.426,0.466,2557,883,4,1.426,0.466
84227,-0.403,-0.074,1.563,-0.197,-0.003,1.703,0.572,1.762,0.604,0.067,0.036,1.356,0.436,2517,896,4,1.356,0.436
84237,-0.403,-0.074,1.563,-0.24,-0.022,1.603,0.472,1.678,0.499,-0.033,-0.062,1.286,0.406,2477,896,4,1.286,0.406
84247,-0.458,-0.093,1.563,-0.277,-0.037,1.493,0.362,1.546,0.408,-0.133,-0.106,1.216,0.39,2437,856,4,1.216,0.39
84257,-0.512,-0.113,1.566,-0.317,-0.05,1.403,0.272,1.451,0.301,-0.233,-0.162,1.146,0.369,2477,896,4,1.146,0.369
84267,-0.512,-0.113,1.566,-0.355,-0.061,1.303,0.172,1.372,0.209,-0.287,-0.236,1.096,0.333,2517,936,4,1.096,0.333
84277,-0.565,-0.135,1.563,-0.39,-0.071,1.203,0.072,1.257,0.099,-0.337,-0.327,1.052,0.268,2477,896,4,1.052,0.268
84287,-0.618,-0.162,1.563,-0.428,-0.084,1.103,0,1.163,0.017,-0.423,-0.427,1.031,0.238,2437,856,4,1.031,0.238
84297,-0.668,-0.194,1.56,-0.465,-0.096,1.003,0,1.078,0.012,-0.516,-0.527,1.004,0.208,2397,816,4,1.004,0.208
84307,-0.668,-0.194,1.56,-0.498,-0.108,0.903,0.08,0.981,0.053,-0.578,-0.627,0.951,0.138,2357,776,4,0.951,0.138
84317,-0.715,-0.234,1.556,-0.535,-0.123,0.828,0.18,0.867,0.147,-0.608,-0.727,0.915,0.068,2317,775,4,0.915,0.068
84327,-0.769,-0.289,1.544,-0.578,-0.143,0.817,0.28,0.833,0.255,-0.612,-0.827,0.893,-0.002,2277,735,4,0.893,-0.002
84337,-0.769,-0.289,1.544,-0.618,-0.164,0.717,0.38,0.771,0.358,-0.579,-0.75,0.887,0.009,2237,715,4,0.887,0.009
84347,-0.816,-0.354,1.538,-0.653,-0.185,0.676,0.48,0.706,0.454,-0.531,-0.65,0.891,0.059,2197,755,4,0.891,0.059
84357,-0.816,-0.354,1.538,-0.69,-0.213,0.656,0.58,0.697,0.554,-0.495,-0.564,0.89,0.084,2157,795,4,0.89,0.084
84367,-0.86,-0.422,1.538,-0.725,-0.244,0.556,0.48,0.619,0.529,-0.496,-0.6,0.872,0.06,2117,791,4,0.872,0.06
84377,-0.903,-0.488,1.542,-0.756,-0.276,0.456,0.38,0.509,0.421,-0.539,-0.697,0.831,0.032,2077,775,4,0.831,0.032
84387,-0.903,-0.488,1.542,-0.784,-0.309,0.378,0.4,0.427,0.375,-0.602,-0.797,0.779,0.002,2037,775,4,0.779,0.002
84397,-0.948,-0.548,1.549,-0.809,-0.342,0.393,0.499,0.411,0.466,-0.66,-0.897,0.731,-0.05,1997,815,4,0.731,-0.05
84407,-0.996,-0.602,1.552,-0.837,-0.384,0.41,0.539,0.443,0.561,-0.707,-0.957,0.687,-0.091,1957,775,4,0.687,-0.091
84417,-1.047,-0.649,1.552,-0.866,-0.427,0.31,0.466,0.379,0.511,-0.695,-0.885,0.669,-0.058,1917,735,4,0.669,-0.058
84427,-1.1,-0.694,1.553,-0.892,-0.468,0.274,0.459,0.294,0.484,-0.601,-0.785,0.694,0.011,1877,695,4,0.694,0.011
84437,-1.152,-0.74,1.554,-0.923,-0.512,0.224,0.467,0.255,0.473,-0.501,-0.685,0.724,0.041,1837,655,4,0.724,0.041
84447,-1.152,-0.74,1.554,-0.96,-0.558,0.127,0.367,0.17,0.417,-0.401,-0.585,0.754,0.071,1797,632,4,0.754,0.071
84457,-1.207,-0.783,1.555,-1.004,-0.606,0.084,0.309,0.117,0.334,-0.301,-0.485,0.784,0.101,1757,625,4,0.784,0.101
84467,-1.207,-0.783,1.555,-1.053,-0.653,0.033,0.27,0.077,0.296,-0.328,-0.385,0.758,0.131,1717,625,4,0.758,0.131
84477,-1.263,-0.821,1.557,-1.098,-0.695,-0.024,0.235,0.031,0.254,-0.428,-0.477,0.688,0.081,1677,665,4,0.688,0.081
84487,-1.263,-0.821,1.557,-1.137,-0.728,-0.065,0.232,-0.042,0.248,-0.528,-0.577,0.618,0.028,1637,705,4,0.618,0.028
84497,-1.324,-0.853,1.559,-1.171,-0.756,-0.032,0.132,-0.009,0.178,-0.628,-0.677,0.548,-0.022,1597,665,4,0.548,-0.022
84507,-1.324,-0.853,1.559,-1.201,-0.779,-0.005,0.032,0.009,0.074,-0.728,-0.777,0.478,-0.052,1557,625,4,0.478,-0.052
84517,-1.386,-0.884,1.559,-1.229,-0.799,0,0.002,0.01,0.02,-0.828,-0.877,0.408,-0.082,1517,585,4,0.408,-0.082
84527,-1.45,-0.911,1.559,-1.256,-0.817,-0.015,-0.004,0.021,0.006,-0.928,-0.977,0.338,-0.152,1477,545,4,0.338,-0.152
84537,-1.508,-0.947,1.559,-1.285,-0.833,-0.115,0.023,-0.082,0.04,-0.937,-1.077,0.308,-0.222,1437,505,4,0.308,-0.222
84547,-1.564,-0.987,1.558,-1.314,-0.849,-0.114,0.016,-0.095,0.033,-0.852,-0.99,0.329,-0.206,1397,465,4,0.329,-0.206
84557,-1.616,-1.033,1.557,-1.352,-0.867,-0.214,0.019,-0.152,0.017,-0.752,-0.89,0.359,-0.176,1357,425,4,0.359,-0.176
84567,-1.616,-1.033,1.557,-1.399,-0.89,-0.314,-0.011,-0.263,-0.007,-0.66,-0.79,0.386,-0.146,1317,385,4,0.386,-0.146
84577,-1.665,-1.084,1.557,-1.453,-0.919,-0.414,-0.045,-0.365,-0.019,-0.656,-0.69,0.37,-0.116,1277,345,4,0.37,-0.116
84587,-1.665,-1.084,1.557,-1.51,-0.954,-0.455,-0.032,-0.432,-0.022,-0.659,-0.622,0.349,-0.098,1237,305,4,0.349,-0.098
84597,-1.602,-1.054,1.557,-1.56,-0.988,-0.499,-0.034,-0.469,-0.039,-0.705,-0.72,0.308,-0.164,1197,265,4,0.308,-0.164
84607,-1.656,-1.098,1.557,-1.601,-1.02,-0.595,-0.093,-0.54,-0.071,-0.774,-0.819,0.254,-0.234,1157,225,4,0.254,-0.234
84617,-1.656,-1.098,1.557,-1.634,-1.049,-0.689,-0.114,-0.637,-0.085,-0.838,-0.875,0.202,-0.283,1117,185,4,0.202,-0.283
84627,-1.597,-1.062,1.557,-1.648,-1.066,-0.623,-0.019,-0.627,-0.04,-0.893,-0.898,0.153,-0.317,1077,145,4,0.153,-0.317
84637,-1.657,-1.096,1.557,-1.648,-1.076,-0.523,-0.003,-0.549,-0.02,-0.934,-0.871,0.113,-0.325,1037,105,4,0.113,-0.325
84647,-1.603,-1.054,1.557,-1.651,-1.085,-0.423,-0.015,-0.458,0.005,-0.93,-0.784,0.093,-0.303,997,65,4,0.093,-0.303
84657,-1.603,-1.054,1.557,-1.646,-1.088,-0.471,-0.115,-0.445,-0.051,-0.845,-0.684,0.112,-0.273,957,25,4,0.112,-0.273
84667,-1.667,-1.081,1.557,-1.639,-1.087,-0.571,-0.189,-0.516,-0.175,-0.745,-0.584,0.142,-0.243,917,-15,4,0.142,-0.243
84677,-1.612,-1.04,1.557,-1.634,-1.083,-0.551,-0.11,-0.563,-0.127,-0.68,-0.484,0.158,-0.213,877,-55,4,0.158,-0.213
84687,-1.612,-1.04,1.557,-1.624,-1.075,-0.625,-0.208,-0.583,-0.155,-0.698,-0.454,0.131,-0.212,837,-95,4,0.131,-0.212
84697,-1.559,-0.995,1.557,-1.622,-1.069,-0.545,-0.108,-0.558,-0.127,-0.755,-0.545,0.084,-0.276,797,-135,4,0.084,-0.276
84707,-1.559,-0.995,1.557,-1.626,-1.065,-0.445,-0.054,-0.449,-0.074,-0.842,-0.645,0.021,-0.346,757,-153,4,0.021,-0.346
84717,-1.427,-0.896,1.557,-1.624,-1.057,-0.345,-0.013,-0.383,-0.014,-0.938,-0.745,-0.047,-0.416,717,-193,4,-0.047,-0.416
84727,-1.372,-0.854,1.56,-1.614,-1.044,-0.245,-0.014,-0.253,0.018,-0.986,-0.811,-0.094,-0.473,677,-233,4,-0.094,-0.473
84737,-1.372,-0.854,1.56,-1.596,-1.026,-0.305,-0.094,-0.293,-0.031,-0.901,-0.716,-0.076,-0.438,637,-273,4,-0.076,-0.438
84747,-1.321,-0.828,1.559,-1.563,-0.999,-0.34,-0.114,-0.322,-0.137,-0.801,-0.616,-0.046,-0.408,597,-233,4,-0.046,-0.408
84757,-1.268,-0.805,1.56,-1.508,-0.957,-0.24,-0.064,-0.281,-0.073,-0.762,-0.516,-0.043,-0.378,557,-273,4,-0.043,-0.378
84767,-1.268,-0.805,1.56,-1.451,-0.913,-0.24,-0.09,-0.226,-0.062,-0.757,-0.477,-0.06,-0.374,517,-313,4,-0.06,-0.374
84777,-1.311,-0.843,1.562,-1.392,-0.871,-0.216,-0.066,-0.19,-0.051,-0.76,-0.525,-0.081,-0.378,477,-273,4,-0.081,-0.378
84787,-1.311,-0.843,1.562,-1.357,-0.848,-0.286,-0.136,-0.257,-0.095,-0.773,-0.546,-0.108,-0.409,437,-233,4,-0.108,-0.409
84797,-1.256,-0.823,1.561,-1.316,-0.825,-0.386,-0.216,-0.342,-0.188,-0.781,-0.552,-0.132,-0.432,397,-273,4,-0.132,-0.432
84807,-1.256,-0.823,1.561,-1.292,-0.816,-0.287,-0.116,-0.304,-0.139,-0.796,-0.561,-0.159,-0.416,357,-313,4,-0.159,-0.416
84817,-1.203,-0.799,1.563,-1.287,-0.818,-0.208,-0.053,-0.23,-0.064,-0.809,-0.577,-0.185,-0.405,317,-353,4,-0.185,-0.405
84827,-1.15,-0.776,1.565,-1.285,-0.823,-0.164,-0.058,-0.174,-0.069,-0.794,-0.574,-0.2,-0.424,277,-393,4,-0.2,-0.424
84837,-1.15,-0.776,1.565,-1.276,-0.825,-0.064,-0.007,-0.081,0,-0.775,-0.559,-0.209,-0.436,237,-433,4,-0.209,-0.436
84847,-1.141,-0.789,1.565,-1.261,-0.823,-0.002,-0.001,-0.022,0.005,-0.767,-0.537,-0.225,-0.446,197,-473,4,-0.225,-0.446
84857,-1.141,-0.789,1.565,-1.234,-0.813,-0.037,-0.033,-0.014,-0.01,-0.768,-0.526,-0.245,-0.46,157,-513,4,-0.245,-0.46
84867,-1.091,-0.76,1.568,-1.201,-0.799,-0.137,-0.133,-0.075,-0.101,-0.767,-0.52,-0.265,-0.477,117,-553,4,-0.265,-0.477
84877,-1.091,-0.76,1.568,-1.174,-0.79,-0.237,-0.233,-0.202,-0.189,-0.774,-0.515,-0.288,-0.494,77,-593,4,-0.288,-0.494
84887,-1.038,-0.737,1.566,-1.154,-0.785,-0.337,-0.333,-0.283,-0.281,-0.763,-0.503,-0.303,-0.508,37,-633,4,-0.303,-0.508
84897,-1.078,-0.779,1.566,-1.137,-0.781,-0.437,-0.393,-0.392,-0.385,-0.76,-0.51,-0.321,-0.531,-3,-653,4,-0.321,-0.531
84907,-1.078,-0.779,1.566,-1.118,-0.774,-0.417,-0.313,-0.414,-0.319,-0.774,-0.542,-0.348,-0.566,-43,-653,4,-0.348,-0.566
84917,-1.024,-0.756,1.566,-1.097,-0.765,-0.517,-0.413,-0.475,-0.385,-0.809,-0.593,-0.385,-0.611,-83,-693,4,-0.385,-0.611
84927,-0.969,-0.734,1.566,-1.078,-0.759,-0.617,-0.513,-0.582,-0.449,-0.828,-0.626,-0.415,-0.639,-123,-718,4,-0.415,-0.639
84937,-0.969,-0.734,1.566,-1.071,-0.762,-0.557,-0.413,-0.565,-0.425,-0.829,-0.618,-0.436,-0.636,-163,-718,4,-0.436,-0.636
84947,-0.914,-0.711,1.566,-1.063,-0.764,-0.457,-0.313,-0.464,-0.376,-0.836,-0.601,-0.459,-0.648,-203,-758,4,-0.459,-0.648
84957,-0.914,-0.711,1.566,-1.043,-0.761,-0.397,-0.253,-0.409,-0.249,-0.848,-0.596,-0.485,-0.657,-243,-798,4,-0.485,-0.657
84967,-0.86,-0.688,1.566,-1.016,-0.752,-0.497,-0.353,-0.456,-0.274,-0.839,-0.593,-0.501,-0.656,-283,-838,4,-0.501,-0.656
84977,-0.892,-0.738,1.564,-0.987,-0.742,-0.597,-0.453,-0.564,-0.401,-0.824,-0.588,-0.514,-0.673,-323,-878,4,-0.514,-0.673
84987,-0.835,-0.718,1.564,-0.956,-0.729,-0.697,-0.553,-0.651,-0.543,-0.827,-0.587,-0.535,-0.692,-363,-900,4,-0.535,-0.692
84997,-0.776,-0.698,1.565,-0.926,-0.717,-0.797,-0.653,-0.757,-0.604,-0.86,-0.618,-0.57,-0.726,-403,-939,4,-0.57,-0.726
85007,-0.721,-0.673,1.566,-0.901,-0.711,-0.897,-0.753,-0.831,-0.696,-0.886,-0.644,-0.604,-0.76,-443,-979,4,-0.604,-0.76
85017,-0.721,-0.673,1.566,-0.882,-0.712,-0.997,-0.853,-0.984,-0.839,-0.909,-0.631,-0.635,-0.766,-483,-1019,4,-0.635,-0.766
85027,-0.628,-0.684,1.566,-0.855,-0.712,-1.097,-0.953,-1.063,-0.913,-0.939,-0.622,-0.67,-0.781,-523,-1059,4,-0.67,-0.781
85037,-0.628,-0.684,1.566,-0.817,-0.705,-1.197,-1.053,-1.153,-1.008,-0.971,-0.667,-0.706,-0.82,-563,-1099,4,-0.706,-0.82
85047,-0.588,-0.644,1.566,-0.777,-0.695,-1.297,-1.145,-1.222,-1.093,-0.966,-0.72,-0.725,-0.868,-603,-1139,4,-0.725,-0.868
85057,-0.497,-0.645,1.566,-0.735,-0.686,-1.397,-1.138,-1.328,-1.144,-0.93,-0.738,-0.728,-0.898,-643,-1099,4,-0.728,-0.898
85067,-0.449,-0.61,1.566,-0.691,-0.682,-1.497,-1.12,-1.464,-1.141,-0.913,-0.739,-0.738,-0.919,-683,-1065,4,-0.738,-0.919
85077,-0.449,-0.61,1.566,-0.652,-0.676,-1.597,-1.183,-1.559,-1.167,-0.922,-0.73,-0.762,-0.935,-723,-1065,4,-0.762,-0.935
85087,-0.362,-0.596,1.568,-0.609,-0.665,-1.697,-1.126,-1.666,-1.119,-0.908,-0.674,-0.776,-0.889,-763,-1105,4,-0.776,-0.889
85097,-0.274,-0.573,1.566,-0.557,-0.652,-1.797,-1.184,-1.791,-1.172,-0.907,-0.624,-0.795,-0.846,-803,-1145,4,-0.795,-0.846
85107,-0.192,-0.535,1.565,-0.508,-0.636,-1.897,-1.204,-1.857,-1.202,-0.92,-0.62,-0.821,-0.842,-843,-1185,4,-0.821,-0.842
85117,-0.192,-0.535,1.565,-0.463,-0.621,-1.997,-1.238,-1.921,-1.197,-0.908,-0.66,-0.836,-0.881,-883,-1210,4,-0.836,-0.881
85127,-0.111,-0.427,1.566,-0.408,-0.606,-1.979,-1.185,-1.982,-1.171,-0.872,-0.7,-0.839,-0.921,-923,-1170,4,-0.839,-0.921
85137,-0.111,-0.427,1.566,-0.341,-0.586,-2.079,-1.265,-2.047,-1.28,-0.839,-0.699,-0.842,-0.943,-963,-1143,4,-0.842,-0.943
85147,-0.014,-0.28,1.566,-0.276,-0.566,-1.999,-1.26,-1.999,-1.267,-0.8,-0.652,-0.844,-0.933,-1003,-1183,4,-0.844,-0.933
85157,0.049,-0.18,1.566,-0.218,-0.536,-1.899,-1.16,-1.955,-1.162,-0.745,-0.592,-0.836,-0.883,-1043,-1223,4,-0.836,-0.883
85167,0.129,-0.139,1.566,-0.167,-0.496,-1.799,-1.068,-1.843,-1.117,-0.706,-0.527,-0.836,-0.837,-1083,-1204,4,-0.836,-0.837
85177,0.197,-0.08,1.565,-0.12,-0.445,-1.784,-1.142,-1.8,-1.124,-0.644,-0.461,-0.826,-0.825,-1123,-1244,4,-0.826,-0.825
85187,0.197,-0.08,1.565,-0.066,-0.37,-1.804,-1.162,-1.846,-1.177,-0.556,-0.41,-0.803,-0.818,-1163,-1284,4,-0.803,-0.818
85197,0.256,-0.012,1.566,-0.005,-0.286,-1.704,-1.062,-1.762,-1.089,-0.478,-0.365,-0.783,-0.786,-1203,-1244,4,-0.783,-0.786
85207,0.311,0.006,1.567,0.062,-0.207,-1.626,-1.014,-1.673,-1.019,-0.408,-0.305,-0.768,-0.777,-1243,-1228,4,-0.768,-0.777
85217,0.311,0.006,1.567,0.124,-0.142,-1.646,-1.054,-1.671,-1.092,-0.346,-0.242,-0.757,-0.765,-1283,-1228,4,-0.757,-0.765
85227,0.357,0.083,1.566,0.175,-0.092,-1.546,-0.954,-1.606,-0.984,-0.318,-0.215,-0.761,-0.73,-1323,-1268,4,-0.761,-0.73
85237,0.357,0.083,1.566,0.223,-0.049,-1.446,-0.854,-1.512,-0.9,-0.294,-0.198,-0.77,-0.714,-1363,-1300,4,-0.77,-0.714
85247,0.465,0.119,1.567,0.265,-0.017,-1.346,-0.754,-1.413,-0.799,-0.241,-0.147,-0.764,-0.69,-1403,-1260,4,-0.764,-0.69
85257,0.465,0.119,1.567,0.3,0.011,-1.246,-0.714,-1.306,-0.751,-0.147,-0.054,-0.739,-0.665,-1443,-1220,4,-0.739,-0.665
85267,0.516,0.148,1.571,0.328,0.041,-1.146,-0.614,-1.2,-0.654,-0.047,0.033,-0.709,-0.636,-1483,-1214,4,-0.709,-0.636
85277,0.567,0.177,1.571,0.361,0.068,-1.046,-0.514,-1.111,-0.562,0.022,0.08,-0.692,-0.591,-1523,-1174,4,-0.692,-0.591
85287,0.567,0.177,1.571,0.4,0.092,-0.946,-0.414,-1.001,-0.457,0.049,0.12,-0.698,-0.552,-1563,-1134,4,-0.698,-0.552
85297,0.617,0.207,1.569,0.439,0.112,-0.846,-0.314,-0.925,-0.345,0.035,0.145,-0.723,-0.535,-1531,-1094,4,-0.723,-0.535
85307,0.666,0.239,1.569,0.481,0.133,-0.746,-0.214,-0.797,-0.265,-0.007,0.15,-0.764,-0.512,-1491,-1054,4,-0.764,-0.512
85317,0.666,0.239,1.569,0.52,0.153,-0.646,-0.254,-0.656,-0.241,-0.043,0.117,-0.802,-0.507,-1451,-1014,4,-0.802,-0.507
85327,0.713,0.275,1.564,0.554,0.171,-0.746,-0.354,-0.755,-0.356,-0.061,0.079,-0.796,-0.507,-1411,-984,4,-0.796,-0.507
85337,0.713,0.275,1.564,0.59,0.191,-0.846,-0.454,-0.829,-0.416,0.005,0.118,-0.747,-0.47,-1371,-984,4,-0.747,-0.47
85347,0.805,0.352,1.561,0.624,0.212,-0.76,-0.414,-0.798,-0.448,0.105,0.215,-0.677,-0.403,-1411,-1024,4,-0.677,-0.403
85357,0.805,0.352,1.561,0.654,0.231,-0.66,-0.314,-0.713,-0.367,0.205,0.315,-0.607,-0.338,-1451,-1064,4,-0.607,-0.338
85367,0.854,0.381,1.572,0.682,0.251,-0.56,-0.214,-0.623,-0.261,0.305,0.415,-0.537,-0.288,-1411,-1024,4,-0.537,-0.288
85377,0.854,0.381,1.572,0.712,0.274,-0.46,-0.154,-0.513,-0.161,0.405,0.515,-0.507,-0.258,-1371,-984,4,-0.507,-0.258
85387,0.91,0.397,1.584,0.748,0.303,-0.56,-0.254,-0.545,-0.248,0.504,0.439,-0.477,-0.309,-1331,-944,4,-0.477,-0.309
85397,0.971,0.4,1.588,0.783,0.331,-0.66,-0.354,-0.65,-0.342,0.404,0.339,-0.5,-0.339,-1291,-904,4,-0.5,-0.339
85407,0.971,0.4,1.588,0.816,0.355,-0.7,-0.436,-0.75,-0.414,0.304,0.239,-0.53,-0.369,-1251,-864,4,-0.53,-0.369
85417,1.033,0.399,1.587,0.845,0.374,-0.6,-0.336,-0.637,-0.375,0.204,0.171,-0.56,-0.385,-1211,-824,4,-0.56,-0.385
85427,1.093,0.4,1.587,0.881,0.387,-0.504,-0.294,-0.557,-0.322,0.181,0.186,-0.557,-0.361,-1171,-784,4,-0.557,-0.361
85437,1.093,0.4,1.587,0.919,0.396,-0.484,-0.268,-0.535,-0.32,0.279,0.27,-0.49,-0.301,-1131,-744,4,-0.49,-0.301
85447,1.153,0.402,1.587,0.955,0.401,-0.384,-0.168,-0.431,-0.201,0.379,0.37,-0.42,-0.231,-1091,-704,4,-0.42,-0.231
85457,1.213,0.404,1.585,0.997,0.402,-0.284,-0.068,-0.352,-0.104,0.479,0.47,-0.35,-0.161,-1051,-664,4,-0.35,-0.161
85467,1.213,0.404,1.585,1.038,0.402,-0.184,-0.015,-0.24,-0.029,0.579,0.568,-0.28,-0.091,-1011,-624,4,-0.28,-0.091
85477,1.27,0.412,1.58,1.077,0.402,-0.257,-0.115,-0.245,-0.107,0.559,0.473,-0.263,-0.112,-971,-584,4,-0.263,-0.112
85487,1.326,0.426,1.58,1.119,0.402,-0.236,-0.172,-0.231,-0.168,0.459,0.373,-0.293,-0.142,-931,-544,4,-0.293,-0.142
85497,1.378,0.451,1.573,1.16,0.403,-0.136,-0.134,-0.202,-0.141,0.359,0.273,-0.323,-0.172,-891,-504,4,-0.323,-0.172
85507,1.427,0.484,1.571,1.197,0.404,-0.036,-0.066,-0.088,-0.114,0.284,0.201,-0.343,-0.191,-851,-464,4,-0.343,-0.191
85517,1.427,0.484,1.571,1.238,0.408,-0.005,-0.009,-0.03,-0.042,0.379,0.242,-0.28,-0.153,-811,-424,4,-0.28,-0.153
85527,1.475,0.521,1.573,1.283,0.418,0,-0.001,-0.019,-0.021,0.479,0.326,-0.21,-0.093,-771,-384,4,-0.21,-0.093
85537,1.475,0.521,1.573,1.332,0.434,0,0,-0.016,-0.012,0.579,0.426,-0.14,-0.023,-731,-344,4,-0.14,-0.023
85547,1.524,0.553,1.578,1.376,0.453,0,0,-0.024,-0.004,0.679,0.526,-0.07,0.047,-691,-304,4,-0.07,0.047
85557,1.469,0.536,1.582,1.413,0.474,0,0,-0.038,-0.002,0.779,0.534,0,0.078,-651,-264,4,0,0.078
85567,1.529,0.54,1.582,1.444,0.494,0.056,0.06,0.02,0.034,0.752,0.434,0.014,0.049,-611,-224,4,0.014,0.049
85577,1.479,0.509,1.578,1.47,0.513,0.156,0.07,0.123,0.059,0.652,0.334,-0.016,0.019,-571,-184,4,-0.016,0.019
85587,1.479,0.509,1.578,1.488,0.529,0.228,0.129,0.181,0.079,0.552,0.26,-0.046,-0.001,-531,-144,4,-0.046,-0.001
85597,1.536,0.517,1.575,1.498,0.538,0.246,0.146,0.219,0.129,0.452,0.263,-0.076,0.019,-491,-104,4,-0.076,0.019
85607,1.485,0.491,1.575,1.504,0.538,0.259,0.146,0.248,0.128,0.485,0.304,-0.046,0.058,-451,-64,4,-0.046,0.058
85617,1.485,0.491,1.575,1.5,0.531,0.301,0.162,0.267,0.159,0.573,0.363,0.018,0.108,-411,-24,4,0.018,0.108
85627,1.541,0.504,1.575,1.5,0.523,0.32,0.194,0.297,0.173,0.635,0.408,0.07,0.151,-371,16,4,0.07,0.151
85637,1.541,0.504,1.575,1.503,0.516,0.258,0.13,0.255,0.14,0.639,0.405,0.095,0.171,-331,56,4,0.095,0.171
85647,1.489,0.479,1.575,1.5,0.506,0.184,0.075,0.207,0.091,0.577,0.359,0.086,0.17,-291,96,4,0.086,0.17
85657,1.436,0.457,1.572,1.501,0.5,0.084,0.008,0.105,0.025,0.517,0.312,0.075,0.165,-251,136,4,0.075,0.165
85667,1.49,0.475,1.572,1.512,0.498,0.002,0.001,0.007,0.001,0.481,0.274,0.076,0.166,-211,176,4,0.076,0.166
85677,1.434,0.462,1.569,1.517,0.496,0.058,0.048,0.035,-0.017,0.477,0.261,0.093,0.179,-171,216,4,0.093,0.179
85687,1.434,0.462,1.569,1.506,0.488,0.158,0.108,0.126,0.104,0.476,0.247,0.112,0.192,-131,256,4,0.112,0.192
85697,1.486,0.488,1.569,1.49,0.479,0.058,0.013,0.06,0.031,0.528,0.274,0.156,0.223,-91,289,4,0.156,0.223
85707,1.43,0.474,1.57,1.477,0.473,0.06,0.027,0.055,0.036,0.625,0.344,0.223,0.277,-51,329,4,0.223,0.277
85717,1.43,0.474,1.57,1.46,0.468,0.007,0.003,-0.004,-0.001,0.725,0.422,0.293,0.337,-11,331,4,0.293,0.337
85727,1.375,0.458,1.572,1.453,0.467,0,0,-0.029,0,0.76,0.44,0.335,0.365,29,331,4,0.335,0.365
85737,1.375,0.458,1.572,1.452,0.47,0.1,0.1,0.083,0.047,0.714,0.398,0.333,0.365,69,331,4,0.333,0.365
85747,1.378,0.45,1.572,1.446,0.473,0.097,0.054,0.101,0.093,0.663,0.34,0.328,0.338,109,371,4,0.328,0.338
85757,1.378,0.45,1.572,1.433,0.472,0.057,0.034,0.039,0.02,0.622,0.305,0.327,0.319,149,400,4,0.327,0.319
85767,1.325,0.429,1.57,1.413,0.468,0.157,0.122,0.125,0.079,0.616,0.303,0.342,0.317,189,440,4,0.342,0.317
85777,1.381,0.441,1.57,1.395,0.463,0.089,0.042,0.07,0.049,0.639,0.318,0.373,0.344,229,480,4,0.373,0.344
85787,1.381,0.441,1.57,1.384,0.458,0.09,0.039,0.098,0.051,0.659,0.328,0.403,0.364,269,520,4,0.403,0.364
85797,1.329,0.415,1.572,1.371,0.451,0.021,0.013,0.032,0.004,0.71,0.36,0.447,0.399,309,480,4,0.447,0.399
85807,1.279,0.384,1.573,1.361,0.444,0.121,0.113,0.083,0.065,0.765,0.395,0.495,0.437,349,520,4,0.495,0.437
85817,1.279,0.384,1.573,1.362,0.44,0.221,0.19,0.188,0.141,0.759,0.382,0.515,0.452,389,560,4,0.515,0.452
85827,1.339,0.381,1.573,1.361,0.436,0.321,0.29,0.253,0.268,0.721,0.355,0.517,0.419,429,547,4,0.517,0.419
85837,1.289,0.347,1.573,1.346,0.425,0.381,0.31,0.358,0.33,0.701,0.346,0.525,0.433,469,587,4,0.525,0.433
85847,1.239,0.314,1.573,1.323,0.41,0.281,0.21,0.312,0.234,0.708,0.348,0.548,0.454,509,627,4,0.548,0.454
85857,1.239,0.314,1.573,1.31,0.397,0.261,0.19,0.248,0.158,0.722,0.355,0.575,0.451,549,655,4,0.575,0.451
85867,1.187,0.284,1.573,1.306,0.383,0.361,0.29,0.319,0.255,0.732,0.364,0.6,0.475,589,695,4,0.6,0.475
85877,1.135,0.254,1.573,1.294,0.365,0.461,0.39,0.415,0.342,0.747,0.374,0.627,0.5,629,735,4,0.627,0.5
85887,1.135,0.254,1.573,1.275,0.344,0.561,0.49,0.512,0.459,0.767,0.385,0.657,0.519,669,775,4,0.657,0.519
85897,1.082,0.226,1.573,1.252,0.324,0.661,0.59,0.601,0.543,0.762,0.38,0.676,0.538,709,735,4,0.676,0.538
85907,1.15,0.165,1.573,1.22,0.302,0.761,0.69,0.704,0.646,0.746,0.37,0.688,0.553,749,775,4,0.688,0.553
85917,1.15,0.165,1.573,1.185,0.281,0.741,0.622,0.755,0.668,0.747,0.369,0.708,0.572,789,815,4,0.708,0.572
85927,1.095,0.143,1.572,1.152,0.262,0.641,0.522,0.672,0.531,0.768,0.389,0.738,0.561,829,807,4,0.738,0.561
85937,1.095,0.143,1.572,1.129,0.238,0.541,0.422,0.568,0.444,0.785,0.396,0.767,0.585,869,807,4,0.767,0.585
85947,1.044,0.067,1.572,1.124,0.209,0.441,0.322,0.463,0.337,0.792,0.377,0.791,0.597,909,822,4,0.791,0.597
85957,1.044,0.067,1.572,1.123,0.184,0.501,0.342,0.475,0.356,0.8,0.351,0.814,0.58,949,822,4,0.814,0.58
85967,0.987,0.049,1.571,1.115,0.163,0.401,0.242,0.417,0.291,0.819,0.333,0.843,0.57,989,849,4,0.843,0.57
85977,0.929,-0.019,1.571,1.1,0.14,0.441,0.282,0.416,0.246,0.856,0.319,0.881,0.571,1029,866,4,0.881,0.571
85987,0.867,-0.082,1.571,1.08,0.112,0.538,0.342,0.494,0.335,0.892,0.296,0.919,0.56,1069,906,4,0.919,0.56
85997,0.799,-0.142,1.573,1.056,0.087,0.478,0.242,0.471,0.293,0.921,0.268,0.954,0.559,1109,946,4,0.954,0.559
86007,0.799,-0.142,1.573,1.021,0.059,0.398,0.171,0.415,0.197,0.938,0.233,0.983,0.551,1149,964,4,0.983,0.551
86017,0.724,-0.194,1.574,0.976,0.02,0.498,0.271,0.459,0.235,0.959,0.176,1.013,0.543,1189,1004,4,1.013,0.543
86027,0.641,-0.233,1.574,0.922,-0.029,0.398,0.171,0.41,0.23,0.973,0.113,1.041,0.531,1229,964,4,1.041,0.531
86037,0.641,-0.233,1.574,0.868,-0.078,0.298,0.071,0.332,0.11,0.95,0.092,1.051,0.529,1269,924,4,1.051,0.529
86047,0.552,-0.255,1.574,0.82,-0.121,0.358,0.151,0.32,0.146,0.912,0.085,1.052,0.545,1309,885,4,1.052,0.545
86057,0.462,-0.254,1.571,0.765,-0.161,0.418,0.201,0.388,0.188,0.899,0.05,1.064,0.508,1349,845,4,1.064,0.508
86067,0.462,-0.254,1.571,0.712,-0.196,0.518,0.301,0.488,0.291,0.893,-0.007,1.081,0.461,1389,805,4,1.081,0.461
86077,0.462,-0.254,1.571,0.661,-0.223,0.618,0.401,0.574,0.387,0.905,-0.053,1.106,0.418,1429,786,4,1.106,0.418
86087,0.362,-0.399,1.569,0.601,-0.242,0.718,0.501,0.7,0.485,0.897,-0.072,1.124,0.387,1469,746,4,1.124,0.387
86097,0.362,-0.399,1.569,0.542,-0.252,0.818,0.561,0.791,0.546,0.836,-0.116,1.115,0.347,1509,706,4,1.115,0.347
86107,0.294,-0.449,1.568,0.497,-0.257,0.778,0.461,0.78,0.512,0.777,-0.181,1.105,0.305,1549,666,4,1.105,0.305
86117,0.219,-0.486,1.568,0.458,-0.276,0.778,0.381,0.77,0.421,0.731,-0.214,1.102,0.267,1589,626,4,1.102,0.267
86127,0.14,-0.512,1.566,0.417,-0.315,0.878,0.481,0.843,0.466,0.666,-0.233,1.09,0.237,1629,599,4,1.09,0.237
86137,0.14,-0.512,1.566,0.378,-0.358,0.978,0.47,0.98,0.513,0.571,-0.283,1.064,0.194,1669,599,4,1.064,0.194
86147,0.061,-0.531,1.559,0.332,-0.403,1.078,0.522,1.053,0.522,0.471,-0.38,1.034,0.127,1709,559,4,1.034,0.127
86157,-0.019,-0.543,1.556,0.275,-0.446,1.178,0.474,1.163,0.48,0.371,-0.48,1.004,0.063,1749,526,4,1.004,0.063
86167,-0.019,-0.543,1.556,0.217,-0.48,1.258,0.474,1.258,0.489,0.271,-0.58,0.974,0.013,1789,526,4,0.974,0.013
86177,-0.1,-0.55,1.553,0.164,-0.505,1.158,0.374,1.225,0.435,0.171,-0.623,0.944,-0.031,1749,486,4,0.944,-0.031
86187,-0.178,-0.555,1.548,0.107,-0.523,1.058,0.274,1.111,0.324,0.104,-0.623,0.927,-0.049,1709,446,4,0.927,-0.049
86197,-0.178,-0.555,1.548,0.051,-0.535,0.958,0.174,1.005,0.191,0.099,-0.616,0.945,-0.045,1669,436,4,0.945,-0.045
86207,-0.252,-0.559,1.544,0.001,-0.543,0.858,0.134,0.912,0.142,0.042,-0.649,0.898,-0.08,1709,476,4,0.898,-0.08
86217,-0.325,-0.563,1.544,-0.055,-0.549,0.758,0.054,0.818,0.115,-0.003,-0.694,0.854,-0.123,1669,492,4,0.854,-0.123
86227,-0.396,-0.569,1.544,-0.109,-0.553,0.658,0.084,0.716,0.059,0.016,-0.685,0.841,-0.126,1629,452,4,0.841,-0.126
86237,-0.396,-0.569,1.544,-0.158,-0.555,0.738,0.184,0.734,0.144,0.026,-0.65,0.868,-0.088,1589,419,4,0.868,-0.088
86247,-0.47,-0.575,1.545,-0.21,-0.558,0.838,0.284,0.825,0.261,-0.015,-0.643,0.829,-0.075,1549,400,4,0.829,-0.075
86257,-0.47,-0.575,1.545,-0.27,-0.561,0.778,0.224,0.815,0.262,-0.106,-0.695,0.765,-0.119,1509,400,4,0.765,-0.119
86267,-0.546,-0.581,1.548,-0.326,-0.564,0.678,0.124,0.75,0.141,-0.206,-0.782,0.695,-0.179,1469,414,4,0.695,-0.179
86277,-0.586,-0.621,1.551,-0.376,-0.568,0.578,0.024,0.622,0.071,-0.306,-0.851,0.625,-0.223,1429,396,4,0.625,-0.223
86287,-0.586,-0.621,1.551,-0.42,-0.571,0.498,0.107,0.561,0.1,-0.406,-0.883,0.555,-0.241,1389,396,4,0.555,-0.241
86297,-0.632,-0.656,1.554,-0.46,-0.574,0.562,0.207,0.577,0.172,-0.506,-0.884,0.485,-0.235,1349,420,4,0.485,-0.235
86307,-0.68,-0.688,1.554,-0.503,-0.582,0.598,0.281,0.602,0.272,-0.606,-0.874,0.415,-0.24,1309,380,4,0.415,-0.24
86317,-0.73,-0.719,1.554,-0.542,-0.595,0.521,0.251,0.555,0.266,-0.702,-0.847,0.347,-0.227,1269,340,4,0.347,-0.227
86327,-0.73,-0.719,1.554,-0.575,-0.611,0.522,0.271,0.535,0.257,-0.678,-0.797,0.335,-0.19,1229,315,4,0.335,-0.19
86337,-0.778,-0.752,1.553,-0.608,-0.633,0.462,0.195,0.508,0.227,-0.644,-0.742,0.331,-0.183,1189,275,4,0.331,-0.183
86347,-0.828,-0.782,1.555,-0.646,-0.66,0.394,0.23,0.448,0.24,-0.607,-0.691,0.33,-0.177,1149,259,4,0.33,-0.177
86357,-0.828,-0.782,1.555,-0.683,-0.686,0.294,0.157,0.347,0.169,-0.612,-0.685,0.309,-0.184,1109,259,4,0.309,-0.184
86367,-0.789,-0.739,1.556,-0.716,-0.709,0.213,0.151,0.26,0.166,-0.666,-0.733,0.264,-0.226,1069,299,4,0.264,-0.226
86377,-0.835,-0.774,1.558,-0.751,-0.733,0.126,0.072,0.185,0.112,-0.747,-0.806,0.204,-0.271,1029,259,4,0.204,-0.271
86387,-0.835,-0.774,1.558,-0.785,-0.755,0.026,0.007,0.082,0.029,-0.834,-0.874,0.14,-0.305,989,219,4,0.14,-0.305
86397,-0.798,-0.73,1.559,-0.805,-0.766,0.001,0.001,0.028,0.013,-0.919,-0.925,0.078,-0.311,949,259,4,0.078,-0.311
86407,-0.798,-0.73,1.559,-0.815,-0.768,0,0,0.018,0.011,-0.972,-0.944,0.03,-0.342,909,299,4,0.03,-0.342
86417,-0.843,-0.765,1.56,-0.824,-0.77,0.006,0,0.015,0.016,-0.965,-0.914,0.011,-0.349,869,259,4,0.011,-0.349
86427,-0.805,-0.722,1.561,-0.826,-0.767,-0.052,-0.009,-0.016,0.005,-0.908,-0.845,0.018,-0.296,829,219,4,0.018,-0.296
86437,-0.85,-0.758,1.561,-0.82,-0.756,-0.099,-0.033,-0.074,-0.013,-0.821,-0.755,0.04,-0.232,789,179,4,0.04,-0.232
86447,-0.81,-0.717,1.563,-0.817,-0.749,-0.125,-0.049,-0.11,-0.055,-0.721,-0.655,0.07,-0.202,749,139,4,0.07,-0.202
86457,-0.81,-0.717,1.563,-0.818,-0.745,-0.025,-0.007,-0.041,-0.006,-0.621,-0.555,0.1,-0.172,709,99,4,0.1,-0.172
86467,-0.856,-0.751,1.566,-0.821,-0.742,-0.072,-0.06,-0.035,-0.029,-0.54,-0.499,0.123,-0.161,669,59,4,0.123,-0.161
86477,-0.818,-0.707,1.566,-0.824,-0.74,-0.172,-0.088,-0.118,-0.084,-0.581,-0.542,0.086,-0.199,629,19,4,0.086,-0.199
86487,-0.818,-0.707,1.566,-0.822,-0.733,-0.248,-0.1,-0.219,-0.1,-0.671,-0.616,0.023,-0.256,589,-21,4,0.023,-0.256
86497,-0.87,-0.734,1.567,-0.824,-0.73,-0.219,-0.066,-0.204,-0.1,-0.736,-0.656,-0.032,-0.298,549,-61,4,-0.032,-0.298
86507,-0.834,-0.688,1.568,-0.828,-0.729,-0.119,-0.007,-0.15,0.016,-0.715,-0.633,-0.045,-0.309,509,-70,4,-0.045,-0.309
86517,-0.834,-0.688,1.568,-0.827,-0.723,-0.019,-0.001,-0.052,0.003,-0.633,-0.556,-0.025,-0.292,469,-70,4,-0.025,-0.292
86527,-0.888,-0.713,1.57,-0.831,-0.72,0,0,0.004,0.004,-0.551,-0.463,-0.004,-0.266,429,-110,4,-0.004,-0.266
86537,-0.888,-0.713,1.57,-0.838,-0.716,-0.04,-0.045,0.005,-0.019,-0.489,-0.389,0.008,-0.232,389,-150,4,0.008,-0.232
86547,-0.85,-0.669,1.57,-0.84,-0.708,-0.14,-0.145,-0.106,-0.079,-0.454,-0.354,0.006,-0.213,349,-110,4,0.006,-0.213
86557,-0.85,-0.669,1.57,-0.846,-0.702,-0.2,-0.145,-0.178,-0.151,-0.43,-0.335,-0.001,-0.223,309,-90,4,-0.001,-0.223
86567,-0.905,-0.692,1.572,-0.859,-0.703,-0.1,-0.045,-0.107,-0.07,-0.454,-0.355,-0.031,-0.251,269,-130,4,-0.031,-0.251
86577,-0.866,-0.647,1.572,-0.867,-0.7,-0.003,-0.002,-0.028,-0.005,-0.543,-0.44,-0.093,-0.271,229,-170,4,-0.093,-0.271
86587,-0.827,-0.604,1.571,-0.866,-0.691,-0.05,-0.051,-0.02,-0.012,-0.643,-0.54,-0.163,-0.311,189,-210,4,-0.163,-0.311
86597,-0.879,-0.63,1.571,-0.868,-0.685,-0.1,-0.04,-0.071,-0.036,-0.743,-0.64,-0.233,-0.381,149,-250,4,-0.233,-0.381
86607,-0.879,-0.63,1.571,-0.874,-0.678,-0.16,-0.084,-0.115,-0.066,-0.802,-0.658,-0.286,-0.414,109,-290,4,-0.286,-0.414
86617,-0.834,-0.595,1.57,-0.869,-0.663,-0.061,-0.011,-0.104,-0.016,-0.736,-0.582,-0.277,-0.4,69,-328,4,-0.277,-0.4
86627,-0.834,-0.595,1.57,-0.863,-0.645,-0.098,-0.059,-0.065,-0.03,-0.636,-0.482,-0.247,-0.37,29,-328,4,-0.247,-0.37
86637,-0.787,-0.561,1.569,-0.865,-0.633,-0.128,-0.057,-0.126,-0.049,-0.583,-0.456,-0.237,-0.373,-11,-368,4,-0.237,-0.373
86647,-0.831,-0.598,1.567,-0.863,-0.624,-0.069,-0.035,-0.071,-0.026,-0.609,-0.495,-0.268,-0.409,-51,-328,4,-0.268,-0.409
86657,-0.779,-0.572,1.565,-0.855,-0.612,-0.084,-0.026,-0.084,-0.048,-0.683,-0.57,-0.324,-0.446,-91,-368,4,-0.324,-0.446
86667,-0.779,-0.572,1.565,-0.841,-0.599,-0.073,-0.027,-0.079,-0.023,-0.779,-0.662,-0.391,-0.512,-131,-393,4,-0.391,-0.512
86677,-0.725,-0.55,1.563,-0.827,-0.589,-0.009,-0.004,0.013,-0.008,-0.874,-0.752,-0.459,-0.537,-171,-429,4,-0.459,-0.537
86687,-0.725,-0.55,1.563,-0.816,-0.583,-0.109,-0.077,-0.082,-0.066,-0.936,-0.797,-0.512,-0.582,-211,-429,4,-0.512,-0.582
86697,-0.672,-0.525,1.563,-0.802,-0.578,-0.156,-0.114,-0.096,-0.092,-0.939,-0.762,-0.536,-0.58,-251,-469,4,-0.536,-0.58
86707,-0.701,-0.58,1.561,-0.784,-0.572,-0.216,-0.151,-0.21,-0.149,-0.868,-0.669,-0.523,-0.553,-291,-509,4,-0.523,-0.553
86717,-0.641,-0.561,1.561,-0.762,-0.564,-0.264,-0.191,-0.212,-0.151,-0.787,-0.596,-0.502,-0.515,-331,-535,4,-0.502,-0.515
86727,-0.641,-0.561,1.561,-0.737,-0.554,-0.364,-0.291,-0.33,-0.241,-0.733,-0.572,-0.493,-0.521,-371,-535,4,-0.493,-0.521
86737,-0.58,-0.543,1.56,-0.714,-0.549,-0.464,-0.371,-0.419,-0.349,-0.731,-0.603,-0.51,-0.554,-411,-495,4,-0.51,-0.554
86747,-0.523,-0.521,1.56,-0.694,-0.553,-0.464,-0.311,-0.418,-0.334,-0.771,-0.661,-0.549,-0.596,-451,-535,4,-0.549,-0.596
86757,-0.523,-0.521,1.56,-0.672,-0.556,-0.564,-0.411,-0.501,-0.357,-0.825,-0.723,-0.596,-0.627,-491,-575,4,-0.596,-0.627
86767,-0.467,-0.495,1.561,-0.648,-0.557,-0.664,-0.511,-0.587,-0.485,-0.863,-0.752,-0.636,-0.623,-531,-546,4,-0.636,-0.623
86777,-0.372,-0.5,1.561,-0.614,-0.551,-0.764,-0.611,-0.727,-0.588,-0.881,-0.738,-0.666,-0.638,-571,-586,4,-0.666,-0.638
86787,-0.372,-0.5,1.561,-0.577,-0.541,-0.864,-0.711,-0.836,-0.662,-0.847,-0.659,-0.671,-0.62,-611,-626,4,-0.671,-0.62
86797,-0.407,-0.545,1.562,-0.541,-0.529,-0.844,-0.651,-0.868,-0.68,-0.785,-0.559,-0.66,-0.556,-651,-666,4,-0.66,-0.556
86807,-0.316,-0.536,1.562,-0.496,-0.516,-0.744,-0.551,-0.787,-0.57,-0.744,-0.502,-0.659,-0.545,-691,-703,4,-0.659,-0.545
86817,-0.225,-0.519,1.562,-0.437,-0.505,-0.624,-0.431,-0.647,-0.455,-0.713,-0.494,-0.663,-0.56,-731,-743,4,-0.663,-0.56
86827,-0.225,-0.519,1.562,-0.41,-0.504,-0.544,-0.351,-0.583,-0.387,-0.714,-0.509,-0.683,-0.587,-771,-782,4,-0.683,-0.587
86837,-0.142,-0.489,1.565,-0.383,-0.512,-0.444,-0.251,-0.415,-0.256,-0.71,-0.535,-0.701,-0.618,-811,-742,4,-0.701,-0.618
86847,-0.046,-0.314,1.568,-0.344,-0.52,-0.344,-0.151,-0.361,-0.176,-0.704,-0.569,-0.717,-0.655,-851,-716,4,-0.717,-0.655
86857,-0.046,-0.314,1.568,-0.298,-0.522,-0.304,-0.121,-0.307,-0.11,-0.686,-0.583,-0.729,-0.682,-891,-716,4,-0.729,-0.682
86867,0.01,-0.164,1.571,-0.25,-0.519,-0.404,-0.221,-0.378,-0.179,-0.664,-0.575,-0.739,-0.659,-931,-756,4,-0.739,-0.659
86877,0.031,-0.061,1.571,-0.192,-0.489,-0.504,-0.321,-0.474,-0.287,-0.63,-0.527,-0.741,-0.623,-971,-796,4,-0.741,-0.623
86887,0.031,-0.061,1.571,-0.131,-0.432,-0.604,-0.421,-0.588,-0.382,-0.608,-0.484,-0.75,-0.601,-1011,-836,4,-0.75,-0.601
86897,0.034,-0.036,1.571,-0.077,-0.361,-0.704,-0.521,-0.668,-0.486,-0.566,-0.467,-0.75,-0.612,-1051,-816,4,-0.75,-0.612
86907,0.068,-0.033,1.571,-0.031,-0.269,-0.804,-0.621,-0.781,-0.586,-0.5,-0.476,-0.738,-0.636,-1091,-856,4,-0.738,-0.636
86917,0.068,-0.033,1.571,0.004,-0.179,-0.904,-0.721,-0.891,-0.674,-0.452,-0.455,-0.733,-0.647,-1131,-867,4,-0.733,-0.647
86927,0.127,-0.032,1.57,0.026,-0.109,-1.004,-0.821,-1.009,-0.78,-0.428,-0.408,-0.74,-0.614,-1171,-827,4,-0.74,-0.614
86937,0.127,-0.032,1.57,0.041,-0.061,-1.104,-0.882,-1.102,-0.877,-0.399,-0.347,-0.746,-0.604,-1211,-817,4,-0.746,-0.604
86947,0.184,-0.022,1.569,0.054,-0.034,-1.204,-0.922,-1.17,-0.943,-0.36,-0.303,-0.747,-0.586,-1251,-857,4,-0.747,-0.586
86957,0.184,-0.022,1.569,0.07,-0.023,-1.137,-0.842,-1.191,-0.864,-0.292,-0.257,-0.734,-0.544,-1291,-897,4,-0.734,-0.544
86967,0.297,0.01,1.569,0.091,-0.021,-1.037,-0.742,-1.119,-0.776,-0.245,-0.227,-0.729,-0.523,-1301,-924,4,-0.729,-0.523
86977,0.351,0.033,1.563,0.116,-0.021,-1.037,-0.742,-1.042,-0.759,-0.216,-0.203,-0.735,-0.531,-1261,-884,4,-0.735,-0.531
86987,0.351,0.033,1.563,0.143,-0.022,-0.937,-0.768,-0.99,-0.766,-0.196,-0.185,-0.744,-0.542,-1221,-878,4,-0.744,-0.542
86997,0.404,0.059,1.562,0.179,-0.018,-0.857,-0.719,-0.901,-0.752,-0.166,-0.157,-0.735,-0.542,-1200,-838,4,-0.735,-0.542
87007,0.404,0.059,1.562,0.23,-0.007,-0.757,-0.619,-0.815,-0.649,-0.096,-0.098,-0.681,-0.493,-1200,-822,4,-0.681,-0.493
87017,0.456,0.09,1.562,0.281,0.008,-0.657,-0.519,-0.714,-0.55,-0.025,-0.033,-0.625,-0.458,-1160,-807,4,-0.625,-0.458
87027,0.506,0.123,1.562,0.327,0.024,-0.557,-0.419,-0.613,-0.469,0.047,0.051,-0.579,-0.397,-1120,-767,4,-0.579,-0.397
87037,0.506,0.123,1.562,0.365,0.039,-0.457,-0.319,-0.505,-0.375,0.1,0.134,-0.552,-0.346,-1080,-727,4,-0.552,-0.346
87047,0.554,0.162,1.561,0.397,0.054,-0.357,-0.219,-0.397,-0.272,0.113,0.159,-0.523,-0.324,-1120,-767,4,-0.523,-0.324
87057,0.6,0.205,1.558,0.431,0.073,-0.347,-0.319,-0.358,-0.307,0.081,0.116,-0.518,-0.324,-1080,-727,4,-0.518,-0.324
87067,0.6,0.205,1.558,0.464,0.094,-0.359,-0.419,-0.371,-0.409,0.054,0.081,-0.513,-0.322,-1040,-687,4,-0.513,-0.322
87077,0.642,0.252,1.558,0.494,0.114,-0.304,-0.436,-0.353,-0.45,0.078,0.095,-0.523,-0.337,-1000,-727,4,-0.523,-0.337
87087,0.642,0.252,1.558,0.527,0.14,-0.257,-0.372,-0.296,-0.401,0.15,0.152,-0.468,-0.29,-960,-767,4,-0.468,-0.29
87097,0.726,0.344,1.56,0.559,0.167,-0.265,-0.363,-0.282,-0.389,0.232,0.218,-0.407,-0.237,-920,-727,4,-0.407,-0.237
87107,0.726,0.344,1.56,0.588,0.194,-0.235,-0.33,-0.262,-0.361,0.307,0.277,-0.349,-0.227,-880,-687,4,-0.349,-0.227
87117,0.772,0.38,1.575,0.613,0.219,-0.212,-0.289,-0.234,-0.317,0.356,0.31,-0.303,-0.229,-840,-647,4,-0.303,-0.229
87127,0.823,0.404,1.581,0.641,0.249,-0.175,-0.242,-0.215,-0.281,0.375,0.305,-0.273,-0.21,-800,-607,4,-0.273,-0.21
87137,0.823,0.404,1.581,0.674,0.286,-0.124,-0.202,-0.161,-0.223,0.365,0.266,-0.257,-0.209,-760,-567,4,-0.257,-0.209
87147,0.878,0.421,1.587,0.706,0.32,-0.077,-0.141,-0.111,-0.183,0.347,0.232,-0.246,-0.206,-720,-527,4,-0.246,-0.206
87157,0.878,0.421,1.587,0.742,0.352,-0.036,-0.068,-0.065,-0.113,0.31,0.197,-0.243,-0.204,-680,-487,4,-0.243,-0.204
87167,0.936,0.432,1.587,0.778,0.378,0.007,-0.009,-0.033,-0.044,0.274,0.173,-0.242,-0.197,-640,-447,4,-0.242,-0.197
87177,0.997,0.434,1.587,0.81,0.398,0.046,0.028,0.009,0.012,0.262,0.176,-0.229,-0.176,-600,-407,4,-0.229,-0.176
87187,0.997,0.434,1.587,0.841,0.412,0.078,0.069,0.05,0.036,0.26,0.188,-0.21,-0.15,-560,-367,4,-0.21,-0.15
87197,1.061,0.431,1.584,0.87,0.421,0.128,0.085,0.099,0.048,0.297,0.23,-0.174,-0.111,-520,-327,4,-0.174,-0.111
87207,1.121,0.434,1.58,0.906,0.428,0.099,0.051,0.056,0.053,0.351,0.286,-0.126,-0.062,-480,-287,4,-0.126,-0.062
87217,1.121,0.434,1.58,0.944,0.432,0.162,0.136,0.11,0.111,0.361,0.294,-0.099,-0.036,-440,-247,4,-0.099,-0.036
87227,1.179,0.443,1.577,0.981,0.434,0.213,0.178,0.203,0.136,0.333,0.26,-0.092,-0.032,-400,-207,4,-0.092,-0.032
87237,1.128,0.416,1.577,1.023,0.434,0.153,0.085,0.175,0.107,0.321,0.235,-0.079,-0.025,-360,-167,4,-0.079,-0.025
87247,1.182,0.435,1.57,1.066,0.434,0.253,0.177,0.203,0.155,0.324,0.225,-0.058,-0.011,-320,-127,4,-0.058,-0.011
87257,1.182,0.435,1.57,1.104,0.435,0.353,0.253,0.302,0.213,0.328,0.221,-0.036,0.007,-280,-87,4,-0.036,0.007
87267,1.128,0.417,1.571,1.133,0.434,0.385,0.268,0.36,0.244,0.342,0.226,-0.009,0.029,-240,-47,4,-0.009,0.029
87277,1.073,0.4,1.572,1.15,0.432,0.29,0.17,0.313,0.184,0.377,0.248,0.026,0.059,-200,-7,4,0.026,0.059
87287,1.073,0.4,1.572,1.165,0.431,0.19,0.07,0.204,0.096,0.426,0.279,0.071,0.095,-160,33,4,0.071,0.095
87297,1.127,0.418,1.572,1.169,0.43,0.23,0.146,0.185,0.114,0.455,0.294,0.107,0.123,-120,73,4,0.107,0.123
87307,1.127,0.418,1.572,1.154,0.424,0.33,0.246,0.289,0.19,0.491,0.304,0.144,0.148,-80,113,4,0.144,0.148
87317,1.076,0.392,1.575,1.127,0.416,0.43,0.346,0.384,0.307,0.557,0.341,0.196,0.186,-40,153,4,0.196,0.186
87327,1.026,0.362,1.577,1.109,0.41,0.53,0.37,0.475,0.375,0.604,0.368,0.241,0.22,0,193,4,0.241,0.22
87337,1.026,0.362,1.577,1.106,0.41,0.605,0.429,0.572,0.376,0.613,0.364,0.267,0.239,40,233,4,0.267,0.239
87347,1.085,0.365,1.578,1.104,0.409,0.705,0.507,0.667,0.465,0.606,0.348,0.283,0.251,80,273,4,0.283,0.251
87357,1.037,0.326,1.578,1.09,0.4,0.605,0.407,0.593,0.444,0.581,0.328,0.292,0.261,120,313,4,0.292,0.261
87367,1.037,0.326,1.578,1.068,0.387,0.546,0.367,0.526,0.363,0.565,0.324,0.303,0.279,160,353,4,0.303,0.279
87377,0.99,0.287,1.578,1.056,0.376,0.646,0.467,0.61,0.417,0.569,0.33,0.325,0.301,200,393,4,0.325,0.301
87387,0.94,0.253,1.578,1.052,0.364,0.746,0.554,0.72,0.518,0.557,0.319,0.339,0.317,240,433,4,0.339,0.317
87397,1,0.247,1.575,1.047,0.349,0.666,0.454,0.682,0.477,0.543,0.312,0.352,0.332,280,473,4,0.352,0.332
87407,1,0.247,1.575,1.036,0.333,0.57,0.397,0.574,0.389,0.559,0.329,0.379,0.361,320,513,4,0.379,0.361
87417,0.947,0.221,1.573,1.014,0.31,0.67,0.497,0.645,0.452,0.559,0.329,0.399,0.381,360,473,4,0.399,0.381
87427,0.893,0.198,1.572,0.994,0.285,0.69,0.512,0.686,0.518,0.579,0.339,0.428,0.405,400,513,4,0.428,0.405
87437,0.893,0.198,1.572,0.987,0.266,0.59,0.412,0.589,0.44,0.607,0.353,0.463,0.432,440,528,4,0.463,0.432
87447,0.848,0.123,1.572,0.981,0.25,0.55,0.392,0.53,0.385,0.619,0.359,0.489,0.416,480,568,4,0.489,0.416
87457,0.848,0.123,1.572,0.963,0.233,0.45,0.292,0.475,0.312,0.616,0.355,0.508,0.434,520,608,4,0.508,0.434
87467,0.792,0.105,1.572,0.938,0.217,0.47,0.312,0.453,0.301,0.616,0.356,0.528,0.442,560,648,4,0.528,0.442
87477,0.85,0.098,1.572,0.911,0.197,0.57,0.412,0.526,0.388,0.643,0.38,0.56,0.473,600,688,4,0.56,0.473
87487,0.85,0.098,1.572,0.884,0.17,0.67,0.512,0.621,0.442,0.665,0.395,0.592,0.501,640,705,4,0.592,0.501
87497,0.795,0.03,1.572,0.857,0.145,0.77,0.612,0.736,0.566,0.665,0.379,0.613,0.514,680,745,4,0.613,0.514
87507,0.795,0.03,1.572,0.836,0.123,0.87,0.712,0.812,0.683,0.678,0.357,0.638,0.523,720,785,4,0.638,0.523
87517,0.665,-0.092,1.573,0.831,0.108,0.97,0.812,0.915,0.783,0.712,0.345,0.675,0.525,760,745,4,0.675,0.525
87527,0.588,-0.139,1.574,0.827,0.091,1.07,0.831,1.027,0.815,0.739,0.325,0.709,0.536,800,785,4,0.709,0.536
87537,0.588,-0.139,1.574,0.818,0.069,1.17,0.814,1.11,0.82,0.75,0.292,0.735,0.54,840,825,4,0.735,0.54
87547,0.504,-0.173,1.575,0.792,0.035,1.21,0.804,1.21,0.81,0.762,0.257,0.761,0.503,880,865,4,0.761,0.503
87557,0.504,-0.173,1.575,0.74,-0.017,1.151,0.704,1.136,0.729,0.791,0.211,0.794,0.5,920,882,4,0.794,0.5
87567,0.362,-0.161,1.574,0.68,-0.069,1.251,0.696,1.212,0.72,0.806,0.157,0.823,0.493,960,853,4,0.823,0.493
87577,0.27,-0.201,1.574,0.622,-0.112,1.345,0.719,1.318,0.714,0.809,0.118,0.845,0.493,1000,841,4,0.845,0.493
87587,0.27,-0.201,1.574,0.568,-0.146,1.374,0.695,1.373,0.713,0.802,0.081,0.861,0.483,1040,841,4,0.861,0.483
87597,0.199,-0.25,1.574,0.513,-0.165,1.389,0.645,1.371,0.669,0.792,0.046,0.876,0.451,1080,801,4,0.876,0.451
87607,0.129,-0.308,1.574,0.44,-0.177,1.289,0.545,1.319,0.59,0.781,0.004,0.89,0.424,1120,841,4,0.89,0.424
87617,0.129,-0.308,1.574,0.368,-0.188,1.189,0.445,1.229,0.487,0.791,-0.044,0.915,0.4,1160,881,4,0.915,0.4
87627,0.049,-0.349,1.571,0.304,-0.201,1.089,0.345,1.107,0.406,0.793,-0.103,0.937,0.351,1200,841,4,0.937,0.351
87637,0.049,-0.349,1.571,0.243,-0.226,1.069,0.365,1.066,0.366,0.744,-0.129,0.934,0.357,1240,801,4,0.934,0.357
87647,-0.032,-0.378,1.568,0.189,-0.257,1.066,0.436,1.07,0.409,0.646,-0.147,0.907,0.368,1280,761,4,0.907,0.368
87657,-0.032,-0.378,1.568,0.142,-0.288,1.166,0.502,1.16,0.497,0.546,-0.188,0.877,0.328,1320,721,4,0.877,0.328
87667,-0.116,-0.398,1.566,0.099,-0.316,1.254,0.476,1.256,0.494,0.446,-0.252,0.847,0.277,1360,681,4,0.847,0.277
87677,-0.201,-0.411,1.564,0.059,-0.339,1.234,0.449,1.249,0.459,0.346,-0.342,0.817,0.213,1400,641,4,0.817,0.213
87687,-0.285,-0.42,1.564,0.019,-0.359,1.235,0.434,1.264,0.453,0.246,-0.442,0.787,0.143,1440,601,4,0.787,0.143
87697,-0.369,-0.426,1.562,-0.02,-0.374,1.135,0.334,1.181,0.371,0.146,-0.542,0.757,0.073,1465,561,4,0.757,0.073
87707,-0.369,-0.426,1.562,-0.071,-0.388,1.035,0.234,1.086,0.276,0.046,-0.642,0.727,0.003,1465,521,4,0.727,0.003
87717,-0.369,-0.426,1.562,-0.135,-0.401,0.935,0.244,0.995,0.259,-0.054,-0.694,0.697,-0.046,1465,481,4,0.697,-0.046
87727,-0.404,-0.471,1.553,-0.209,-0.411,0.835,0.204,0.877,0.213,-0.154,-0.663,0.659,-0.053,1505,521,4,0.659,-0.053
87737,-0.48,-0.478,1.553,-0.28,-0.42,0.805,0.304,0.821,0.271,-0.181,-0.566,0.641,-0.026,1465,481,4,0.641,-0.026
87747,-0.494,-0.544,1.549,-0.332,-0.425,0.761,0.344,0.817,0.354,-0.109,-0.466,0.675,0.004,1425,441,4,0.675,0.004
87757,-0.494,-0.544,1.549,-0.367,-0.432,0.693,0.354,0.726,0.355,-0.1,-0.373,0.704,0.071,1385,403,4,0.704,0.071
87767,-0.522,-0.596,1.546,-0.4,-0.446,0.655,0.36,0.68,0.359,-0.18,-0.445,0.646,0.022,1345,391,4,0.646,0.022
87777,-0.59,-0.611,1.548,-0.435,-0.468,0.719,0.41,0.738,0.409,-0.28,-0.545,0.576,-0.048,1305,351,4,0.576,-0.048
87787,-0.59,-0.611,1.548,-0.465,-0.496,0.619,0.335,0.665,0.36,-0.38,-0.645,0.506,-0.117,1265,311,4,0.506,-0.117
87797,-0.599,-0.68,1.549,-0.488,-0.526,0.609,0.334,0.64,0.348,-0.48,-0.745,0.436,-0.173,1225,351,4,0.436,-0.173
87807,-0.599,-0.68,1.549,-0.514,-0.558,0.509,0.234,0.56,0.266,-0.58,-0.845,0.366,-0.243,1185,391,4,0.366,-0.243
87817,-0.629,-0.729,1.549,-0.544,-0.585,0.43,0.276,0.464,0.275,-0.68,-0.912,0.296,-0.3,1145,351,4,0.296,-0.3
87827,-0.662,-0.776,1.55,-0.569,-0.611,0.38,0.259,0.414,0.28,-0.78,-0.869,0.226,-0.261,1105,375,4,0.226,-0.261
87837,-0.662,-0.776,1.55,-0.587,-0.639,0.411,0.285,0.399,0.28,-0.724,-0.781,0.227,-0.199,1065,375,4,0.227,-0.199
87847,-0.698,-0.821,1.553,-0.601,-0.667,0.314,0.198,0.366,0.24,-0.63,-0.681,0.254,-0.168,1025,415,4,0.254,-0.168
87857,-0.663,-0.775,1.558,-0.618,-0.7,0.26,0.172,0.299,0.199,-0.558,-0.596,0.271,-0.113,985,375,4,0.271,-0.113
87867,-0.663,-0.775,1.558,-0.636,-0.733,0.227,0.165,0.262,0.183,-0.548,-0.592,0.259,-0.108,945,366,4,0.259,-0.108
87877,-0.706,-0.813,1.562,-0.654,-0.763,0.171,0.146,0.213,0.16,-0.61,-0.662,0.21,-0.12,905,326,4,0.21,-0.12
87887,-0.706,-0.813,1.562,-0.669,-0.784,0.124,0.138,0.154,0.141,-0.699,-0.755,0.147,-0.186,865,286,4,0.147,-0.186
87897,-0.68,-0.76,1.565,-0.673,-0.791,0.05,0.076,0.097,0.11,-0.788,-0.836,0.081,-0.233,825,246,4,0.081,-0.233
87907,-0.73,-0.792,1.565,-0.678,-0.794,0.004,0.035,0.039,0.065,-0.843,-0.865,0.032,-0.27,785,206,4,0.032,-0.27
87917,-0.73,-0.792,1.565,-0.687,-0.8,-0.037,0.006,-0.009,0.029,-0.859,-0.843,0.003,-0.28,745,176,4,0.003,-0.28
87927,-0.704,-0.738,1.567,-0.692,-0.799,-0.084,-0.028,-0.063,-0.004,-0.791,-0.756,0.013,-0.259,705,176,4,0.013,-0.259
87937,-0.753,-0.77,1.567,-0.697,-0.793,-0.117,-0.056,-0.088,-0.042,-0.691,-0.656,0.043,-0.229,665,136,4,0.043,-0.229
87947,-0.721,-0.721,1.567,-0.708,-0.79,-0.2,-0.13,-0.155,-0.098,-0.591,-0.556,0.073,-0.194,625,96,4,0.073,-0.194
87957,-0.721,-0.721,1.567,-0.714,-0.783,-0.233,-0.124,-0.203,-0.112,-0.491,-0.479,0.103,-0.152,585,56,4,0.103,-0.152
87967,-0.769,-0.754,1.569,-0.721,-0.772,-0.246,-0.125,-0.212,-0.129,-0.507,-0.515,0.08,-0.187,545,16,4,0.08,-0.187
87977,-0.769,-0.754,1.569,-0.727,-0.762,-0.146,-0.025,-0.174,-0.049,-0.552,-0.568,0.038,-0.234,505,-24,4,0.038,-0.234
87987,-0.737,-0.705,1.571,-0.729,-0.747,-0.046,-0.003,-0.073,0.005,-0.607,-0.612,-0.009,-0.277,465,-64,4,-0.009,-0.277
87997,-0.737,-0.705,1.571,-0.733,-0.738,-0.001,0,0.006,0.001,-0.66,-0.632,-0.056,-0.308,425,-104,4,-0.056,-0.308
88007,-0.787,-0.735,1.572,-0.744,-0.739,0,0,0.02,0.025,-0.638,-0.586,-0.069,-0.308,385,-144,4,-0.069,-0.308
88017,-0.753,-0.688,1.572,-0.751,-0.737,0,0,0,0.022,-0.542,-0.487,-0.042,-0.279,345,-119,4,-0.042,-0.279
88027,-0.753,-0.688,1.572,-0.75,-0.728,0,0,0.013,-0.001,-0.46,-0.396,-0.02,-0.252,305,-119,4,-0.02,-0.252
88037,-0.802,-0.719,1.573,-0.753,-0.722,-0.1,-0.08,-0.067,-0.057,-0.467,-0.398,-0.04,-0.27,265,-159,4,-0.04,-0.27
88047,-0.765,-0.674,1.575,-0.758,-0.717,-0.02,-0.012,-0.03,-0.003,-0.51,-0.439,-0.081,-0.277,225,-199,4,-0.081,-0.277
88057,-0.765,-0.674,1.575,-0.759,-0.708,-0.003,-0.002,-0.005,0.016,-0.547,-0.472,-0.12,-0.295,185,-238,4,-0.12,-0.295
88067,-0.727,-0.63,1.576,-0.764,-0.703,-0.099,-0.099,-0.055,-0.07,-0.552,-0.463,-0.144,-0.312,145,-278,4,-0.144,-0.312
88077,-0.773,-0.665,1.577,-0.771,-0.699,-0.199,-0.199,-0.163,-0.154,-0.556,-0.456,-0.165,-0.327,105,-311,4,-0.165,-0.327
88087,-0.773,-0.665,1.577,-0.772,-0.691,-0.227,-0.159,-0.208,-0.162,-0.543,-0.44,-0.18,-0.34,65,-311,4,-0.18,-0.34
88097,-0.734,-0.623,1.577,-0.767,-0.678,-0.259,-0.159,-0.269,-0.161,-0.524,-0.418,-0.19,-0.349,25,-308,4,-0.19,-0.349
88107,-0.69,-0.586,1.574,-0.76,-0.665,-0.219,-0.119,-0.199,-0.108,-0.528,-0.414,-0.211,-0.363,-15,-348,4,-0.211,-0.363
88117,-0.69,-0.586,1.574,-0.76,-0.66,-0.209,-0.101,-0.214,-0.12,-0.545,-0.421,-0.239,-0.366,-55,-388,4,-0.239,-0.366
88127,-0.733,-0.624,1.573,-0.759,-0.654,-0.109,-0.038,-0.154,-0.017,-0.536,-0.409,-0.256,-0.359,-95,-425,4,-0.256,-0.359
88137,-0.733,-0.624,1.573,-0.747,-0.639,-0.209,-0.138,-0.16,-0.116,-0.517,-0.393,-0.266,-0.371,-135,-425,4,-0.266,-0.371
88147,-0.687,-0.59,1.572,-0.727,-0.619,-0.209,-0.138,-0.221,-0.135,-0.547,-0.426,-0.299,-0.405,-175,-452,4,-0.299,-0.405
88157,-0.687,-0.59,1.572,-0.715,-0.608,-0.109,-0.038,-0.125,-0.067,-0.639,-0.515,-0.363,-0.466,-215,-452,4,-0.363,-0.466
88167,-0.637,-0.559,1.57,-0.715,-0.607,-0.009,-0.002,-0.021,-0.01,-0.739,-0.615,-0.433,-0.516,-255,-466,4,-0.433,-0.516
88177,-0.588,-0.529,1.57,-0.713,-0.607,-0.051,-0.051,-0.018,-0.025,-0.839,-0.692,-0.503,-0.57,-295,-497,4,-0.503,-0.57
88187,-0.588,-0.529,1.57,-0.706,-0.602,-0.151,-0.151,-0.109,-0.099,-0.829,-0.679,-0.524,-0.567,-335,-497,4,-0.524,-0.567
88197,-0.618,-0.58,1.568,-0.692,-0.594,-0.251,-0.251,-0.184,-0.225,-0.741,-0.601,-0.502,-0.537,-375,-537,4,-0.502,-0.537
88207,-0.563,-0.555,1.566,-0.667,-0.578,-0.351,-0.311,-0.306,-0.29,-0.664,-0.538,-0.481,-0.519,-415,-550,4,-0.481,-0.519
88217,-0.563,-0.555,1.566,-0.636,-0.559,-0.331,-0.261,-0.323,-0.285,-0.653,-0.542,-0.494,-0.519,-455,-550,4,-0.494,-0.519
88227,-0.508,-0.528,1.565,-0.615,-0.55,-0.412,-0.323,-0.383,-0.276,-0.665,-0.585,-0.519,-0.56,-495,-590,4,-0.519,-0.56
88237,-0.508,-0.528,1.565,-0.6,-0.551,-0.411,-0.263,-0.388,-0.265,-0.709,-0.646,-0.56,-0.596,-535,-630,4,-0.56,-0.596
88247,-0.412,-0.536,1.56,-0.585,-0.552,-0.391,-0.229,-0.367,-0.234,-0.765,-0.676,-0.608,-0.612,-575,-590,4,-0.608,-0.612
88257,-0.366,-0.499,1.558,-0.566,-0.55,-0.491,-0.329,-0.436,-0.316,-0.782,-0.642,-0.639,-0.618,-615,-630,4,-0.639,-0.618
88267,-0.366,-0.499,1.558,-0.544,-0.544,-0.591,-0.429,-0.559,-0.379,-0.744,-0.571,-0.641,-0.603,-655,-670,4,-0.641,-0.603
88277,-0.269,-0.492,1.558,-0.514,-0.538,-0.571,-0.389,-0.553,-0.383,-0.695,-0.535,-0.637,-0.563,-695,-710,4,-0.637,-0.563
88287,-0.269,-0.492,1.558,-0.47,-0.531,-0.651,-0.449,-0.626,-0.417,-0.671,-0.515,-0.643,-0.573,-735,-750,4,-0.643,-0.573
88297,-0.174,-0.472,1.559,-0.426,-0.52,-0.751,-0.549,-0.659,-0.518,-0.668,-0.518,-0.662,-0.594,-775,-710,4,-0.662,-0.594
88307,-0.174,-0.472,1.559,-0.381,-0.509,-0.851,-0.649,-0.818,-0.616,-0.678,-0.541,-0.686,-0.625,-815,-698,4,-0.686,-0.625
88317,-0.075,-0.376,1.564,-0.334,-0.5,-0.771,-0.549,-0.772,-0.559,-0.696,-0.576,-0.715,-0.662,-855,-738,4,-0.715,-0.662
88327,-0.003,-0.212,1.565,-0.287,-0.492,-0.671,-0.449,-0.688,-0.482,-0.676,-0.578,-0.727,-0.644,-895,-753,4,-0.727,-0.644
88337,-0.003,-0.212,1.565,-0.239,-0.484,-0.571,-0.349,-0.61,-0.369,-0.633,-0.552,-0.725,-0.626,-935,-753,4,-0.725,-0.626
88347,0.018,-0.03,1.565,-0.191,-0.466,-0.651,-0.444,-0.612,-0.428,-0.603,-0.513,-0.73,-0.627,-975,-793,4,-0.73,-0.627
88357,0.018,-0.03,1.565,-0.133,-0.416,-0.751,-0.544,-0.742,-0.492,-0.576,-0.475,-0.737,-0.615,-1015,-833,4,-0.737,-0.615
88367,0.03,-0.018,1.567,-0.076,-0.344,-0.851,-0.644,-0.843,-0.607,-0.54,-0.465,-0.739,-0.609,-1055,-873,4,-0.739,-0.609
88377,0.074,-0.015,1.567,-0.032,-0.258,-0.951,-0.684,-0.944,-0.654,-0.493,-0.47,-0.736,-0.631,-1095,-892,4,-0.736,-0.631
88387,0.074,-0.015,1.567,-0.001,-0.166,-0.991,-0.704,-1.016,-0.694,-0.445,-0.458,-0.732,-0.646,-1135,-892,4,-0.732,-0.646
88397,0.131,-0.003,1.568,0.018,-0.092,-0.891,-0.604,-0.933,-0.643,-0.418,-0.427,-0.737,-0.652,-1175,-932,4,-0.737,-0.652
88407,0.187,0.014,1.568,0.034,-0.042,-0.96,-0.684,-0.952,-0.688,-0.395,-0.372,-0.746,-0.634,-1215,-972,4,-0.746,-0.634
88417,0.187,0.014,1.568,0.051,-0.015,-1.06,-0.784,-1.036,-0.759,-0.364,-0.333,-0.751,-0.614,-1255,-1010,4,-0.751,-0.614
88427,0.241,0.036,1.568,0.071,-0.002,-1.16,-0.884,-1.159,-0.85,-0.317,-0.301,-0.748,-0.618,-1295,-970,4,-0.748,-0.618
88437,0.241,0.036,1.568,0.101,0.005,-1.14,-0.844,-1.177,-0.873,-0.257,-0.249,-0.739,-0.613,-1335,-930,4,-0.739,-0.613
88447,0.294,0.06,1.565,0.135,0.01,-1.06,-0.784,-1.128,-0.841,-0.159,-0.151,-0.71,-0.584,-1334,-970,4,-0.71,-0.584
88457,0.346,0.089,1.563,0.169,0.016,-0.96,-0.684,-1.006,-0.73,-0.059,-0.064,-0.68,-0.519,-1294,-930,4,-0.68,-0.519
88467,0.346,0.089,1.563,0.201,0.023,-0.866,-0.721,-0.923,-0.69,0.003,-0.027,-0.667,-0.479,-1254,-904,4,-0.667,-0.479
88477,0.396,0.121,1.562,0.231,0.033,-0.766,-0.621,-0.794,-0.66,0.004,-0.025,-0.665,-0.498,-1294,-944,4,-0.665,-0.498
88487,0.396,0.121,1.562,0.265,0.047,-0.666,-0.524,-0.735,-0.579,0.009,-0.001,-0.643,-0.467,-1334,-984,4,-0.643,-0.467
88497,0.443,0.158,1.561,0.3,0.063,-0.706,-0.621,-0.705,-0.607,0.029,0.024,-0.613,-0.441,-1294,-944,4,-0.613,-0.441
88507,0.49,0.197,1.559,0.332,0.081,-0.644,-0.672,-0.681,-0.664,0.05,0.04,-0.622,-0.452,-1254,-904,4,-0.622,-0.452
88517,0.49,0.197,1.559,0.361,0.098,-0.544,-0.597,-0.611,-0.616,0.077,0.064,-0.63,-0.461,-1214,-864,4,-0.63,-0.461
88527,0.534,0.239,1.557,0.388,0.115,-0.467,-0.579,-0.498,-0.592,0.127,0.118,-0.585,-0.415,-1174,-841,4,-0.585,-0.415
88537,0.534,0.239,1.557,0.418,0.138,-0.367,-0.479,-0.439,-0.52,0.152,0.16,-0.551,-0.373,-1134,-841,4,-0.551,-0.373
88547,0.576,0.284,1.558,0.449,0.162,-0.267,-0.379,-0.328,-0.447,0.102,0.153,-0.554,-0.355,-1094,-801,4,-0.554,-0.355
88557,0.576,0.284,1.558,0.477,0.186,-0.301,-0.4,-0.314,-0.398,0.055,0.14,-0.558,-0.35,-1054,-761,4,-0.558,-0.35
88569,0.618,0.326,1.562,0.503,0.209,-0.348,-0.428,-0.33,-0.422,0.021,0.13,-0.556,-0.355,-1094,-801,4,-0.556,-0.355
88578,0.663,0.362,1.564,0.532,0.237,-0.237,-0.319,-0.282,-0.373,0.04,0.143,-0.528,-0.329,-1054,-761,4,-0.528,-0.329
88588,0.663,0.362,1.564,0.549,0.254,-0.154,-0.257,-0.195,-0.292,0.08,0.158,-0.49,-0.303,-1014,-721,4,-0.49,-0.303
88598,0.71,0.396,1.568,0.57,0.276,-0.117,-0.226,-0.146,-0.258,0.175,0.203,-0.463,-0.301,-974,-681,4,-0.463,-0.301
88608,0.763,0.418,1.573,0.596,0.302,-0.097,-0.213,-0.145,-0.234,0.275,0.255,-0.393,-0.255,-934,-721,4,-0.393,-0.255
88618,0.763,0.418,1.573,0.624,0.328,-0.059,-0.115,-0.091,-0.17,0.375,0.301,-0.323,-0.212,-894,-761,4,-0.323,-0.212
88628,0.819,0.435,1.58,0.651,0.351,-0.033,-0.078,-0.051,-0.12,0.475,0.349,-0.253,-0.168,-854,-721,4,-0.253,-0.168
88638,0.819,0.435,1.58,0.683,0.375,-0.007,-0.046,-0.037,-0.062,0.575,0.4,-0.183,-0.162,-814,-681,4,-0.183,-0.162
88648,0.881,0.438,1.58,0.717,0.396,0.024,-0.007,-0.022,-0.025,0.675,0.412,-0.113,-0.174,-774,-641,4,-0.113,-0.174
88658,0.945,0.438,1.58,0.749,0.412,0.088,0.052,0.056,0.011,0.687,0.363,-0.082,-0.176,-734,-601,4,-0.082,-0.176
88671,0.945,0.438,1.58,0.78,0.424,0.027,0.014,0.049,0.003,0.596,0.276,-0.106,-0.199,-694,-561,4,-0.106,-0.199
88678,1.01,0.433,1.58,0.823,0.435,0.157,0.095,0.121,0.065,0.48,0.208,-0.145,-0.216,-654,-521,4,-0.145,-0.216
88688,1.01,0.433,1.58,0.843,0.437,0.159,0.085,0.145,0.081,0.444,0.197,-0.143,-0.202,-614,-481,4,-0.143,-0.202
88698,1.073,0.43,1.577,0.881,0.439,0.088,0.043,0.083,0.043,0.386,0.183,-0.152,-0.189,-574,-441,4,-0.152,-0.189
88708,1.073,0.43,1.577,0.921,0.439,0.188,0.143,0.139,0.089,0.364,0.203,-0.145,-0.16,-534,-401,4,-0.145,-0.16
88718,1.135,0.428,1.575,0.96,0.438,0.278,0.197,0.238,0.184,0.393,0.258,-0.112,-0.114,-494,-361,4,-0.112,-0.114
88728,1.193,0.435,1.572,0.996,0.435,0.339,0.247,0.323,0.237,0.417,0.297,-0.079,-0.073,-454,-321,4,-0.079,-0.073
88738,1.193,0.435,1.572,1.03,0.433,0.338,0.265,0.328,0.233,0.402,0.284,-0.065,-0.057,-414,-281,4,-0.065,-0.057
88748,1.142,0.409,1.571,1.063,0.431,0.428,0.309,0.388,0.286,0.384,0.263,-0.055,-0.048,-374,-241,4,-0.055,-0.048
88758,1.195,0.429,1.569,1.102,0.43,0.501,0.338,0.45,0.341,0.392,0.266,-0.031,-0.027,-334,-201,4,-0.031,-0.027
88768,1.195,0.429,1.569,1.141,0.431,0.515,0.383,0.527,0.367,0.384,0.254,-0.015,-0.013,-294,-161,4,-0.015,-0.013
88778,1.14,0.412,1.569,1.164,0.429,0.598,0.422,0.552,0.391,0.384,0.242,0.005,0.001,-254,-121,4,0.005,0.001
88788,1.14,0.412,1.569,1.174,0.426,0.678,0.488,0.621,0.475,0.444,0.278,0.052,0.037,-214,-81,4,0.052,0.037
88798,1.086,0.394,1.57,1.184,0.425,0.578,0.388,0.586,0.406,0.523,0.335,0.112,0.085,-174,-41,4,0.112,0.085
88808,1.14,0.412,1.571,1.184,0.424,0.478,0.288,0.514,0.291,0.587,0.374,0.164,0.125,-134,-1,4,0.164,0.125
88818,1.14,0.412,1.571,1.173,0.42,0.378,0.188,0.398,0.212,0.613,0.382,0.2,0.151,-94,39,4,0.2,0.151
88828,1.088,0.388,1.572,1.153,0.415,0.278,0.126,0.29,0.154,0.594,0.359,0.211,0.16,-54,79,4,0.211,0.16
88838,1.088,0.388,1.572,1.135,0.409,0.218,0.086,0.221,0.06,0.567,0.336,0.217,0.168,-14,119,4,0.217,0.168
88848,0.987,0.332,1.572,1.129,0.408,0.318,0.186,0.263,0.135,0.549,0.321,0.229,0.181,26,159,4,0.229,0.181
88858,0.987,0.332,1.572,1.123,0.405,0.398,0.266,0.34,0.26,0.527,0.302,0.237,0.191,66,199,4,0.237,0.191
88868,1.045,0.336,1.572,1.111,0.4,0.298,0.166,0.311,0.178,0.54,0.313,0.262,0.215,106,239,4,0.262,0.215
88878,0.994,0.308,1.571,1.089,0.388,0.338,0.226,0.291,0.204,0.57,0.335,0.297,0.247,146,279,4,0.297,0.247
88888,0.994,0.308,1.571,1.054,0.369,0.265,0.166,0.301,0.171,0.594,0.351,0.329,0.274,186,319,4,0.329,0.274
88898,0.943,0.279,1.572,1.029,0.352,0.165,0.086,0.175,0.104,0.648,0.386,0.375,0.311,226,359,4,0.375,0.311
88908,0.903,0.2,1.572,1.017,0.338,0.265,0.186,0.238,0.133,0.694,0.413,0.418,0.345,266,399,4,0.418,0.345
88918,0.903,0.2,1.572,1.006,0.324,0.365,0.286,0.312,0.251,0.713,0.413,0.45,0.367,306,439,4,0.45,0.367
88928,0.849,0.178,1.573,0.992,0.311,0.465,0.386,0.429,0.332,0.693,0.384,0.46,0.372,346,479,4,0.46,0.372
88938,0.849,0.178,1.573,0.969,0.288,0.565,0.486,0.514,0.455,0.676,0.369,0.472,0.384,386,519,4,0.472,0.384
88948,0.795,0.154,1.573,0.943,0.256,0.665,0.586,0.626,0.541,0.659,0.369,0.483,0.404,426,559,4,0.483,0.404
88958,0.747,0.076,1.575,0.916,0.226,0.765,0.686,0.735,0.63,0.648,0.374,0.497,0.426,466,599,4,0.497,0.426
88968,0.747,0.076,1.575,0.887,0.202,0.865,0.786,0.831,0.745,0.651,0.382,0.518,0.45,506,639,4,0.518,0.45
88978,0.805,0.061,1.574,0.86,0.183,0.912,0.722,0.902,0.738,0.671,0.4,0.547,0.479,546,679,4,0.547,0.479
88988,0.805,0.061,1.574,0.826,0.158,0.812,0.622,0.808,0.661,0.693,0.414,0.579,0.507,586,719,4,0.579,0.507
88998,0.68,-0.068,1.572,0.792,0.127,0.912,0.702,0.904,0.656,0.694,0.401,0.6,0.521,626,759,4,0.6,0.521
89008,0.68,-0.068,1.572,0.774,0.1,1.012,0.802,0.957,0.772,0.708,0.379,0.626,0.53,666,799,4,0.626,0.53
89018,0.604,-0.115,1.572,0.774,0.079,1.112,0.902,1.064,0.872,0.733,0.355,0.659,0.538,706,839,4,0.659,0.538
89028,0.478,-0.133,1.573,0.767,0.05,1.212,0.913,1.166,0.916,0.753,0.325,0.689,0.543,746,879,4,0.689,0.543
89038,0.478,-0.133,1.573,0.742,0.008,1.232,0.853,1.227,0.865,0.777,0.294,0.72,0.548,786,919,4,0.72,0.548
89048,0.335,-0.161,1.573,0.707,-0.034,1.132,0.753,1.151,0.803,0.805,0.243,0.754,0.543,826,879,4,0.754,0.543
89058,0.335,-0.161,1.573,0.651,-0.074,1.032,0.653,1.057,0.73,0.837,0.188,0.791,0.535,866,839,4,0.791,0.535
89068,0.216,-0.178,1.571,0.584,-0.105,0.932,0.553,0.965,0.602,0.849,0.138,0.817,0.53,906,879,4,0.817,0.53
89078,0.147,-0.233,1.569,0.513,-0.129,0.832,0.453,0.852,0.488,0.847,0.093,0.836,0.488,946,919,4,0.836,0.488
89088,0.147,-0.233,1.569,0.438,-0.146,0.852,0.459,0.845,0.466,0.84,0.044,0.853,0.443,986,933,4,0.853,0.443
89098,0.072,-0.285,1.567,0.367,-0.16,0.772,0.374,0.807,0.417,0.83,-0.002,0.869,0.44,1026,893,4,0.869,0.44
89108,0.072,-0.285,1.567,0.291,-0.176,0.872,0.464,0.819,0.479,0.805,-0.051,0.877,0.436,1066,853,4,0.877,0.436
89118,-0.009,-0.32,1.564,0.223,-0.197,0.972,0.564,0.931,0.533,0.747,-0.073,0.869,0.43,1106,893,4,0.869,0.43
89128,-0.094,-0.343,1.564,0.167,-0.222,1.072,0.614,1.048,0.611,0.665,-0.087,0.849,0.403,1146,853,4,0.849,0.403
89138,-0.094,-0.343,1.564,0.12,-0.247,1.172,0.614,1.152,0.632,0.572,-0.092,0.823,0.381,1186,813,4,0.823,0.381
89148,-0.18,-0.357,1.564,0.078,-0.272,1.152,0.514,1.19,0.548,0.472,-0.16,0.793,0.37,1226,773,4,0.793,0.37
89158,-0.18,-0.357,1.564,0.029,-0.297,1.141,0.454,1.172,0.482,0.372,-0.26,0.763,0.3,1266,733,4,0.763,0.3
89168,-0.266,-0.366,1.562,-0.022,-0.319,1.041,0.354,1.105,0.391,0.272,-0.36,0.733,0.23,1306,693,4,0.733,0.23
89178,-0.309,-0.405,1.558,-0.072,-0.336,0.941,0.254,1.022,0.318,0.172,-0.46,0.703,0.16,1346,653,4,0.703,0.16
89188,-0.309,-0.405,1.558,-0.12,-0.348,0.841,0.154,0.883,0.187,0.072,-0.56,0.673,0.09,1386,613,4,0.673,0.09
89198,-0.392,-0.409,1.552,-0.165,-0.356,0.741,0.054,0.78,0.091,-0.028,-0.66,0.643,0.02,1425,573,4,0.643,0.02
89208,-0.392,-0.409,1.552,-0.215,-0.367,0.701,0.154,0.718,0.136,-0.128,-0.76,0.613,-0.05,1425,533,4,0.613,-0.05
89218,-0.448,-0.513,1.546,-0.259,-0.381,0.601,0.137,0.623,0.173,-0.228,-0.833,0.583,-0.11,1465,573,4,0.583,-0.11
89228,-0.448,-0.513,1.546,-0.3,-0.393,0.541,0.204,0.563,0.198,-0.328,-0.733,0.552,-0.084,1505,613,4,0.552,-0.084
89238,-0.512,-0.53,1.543,-0.34,-0.402,0.641,0.304,0.626,0.275,-0.287,-0.633,0.566,-0.054,1465,573,4,0.566,-0.054
89248,-0.509,-0.61,1.542,-0.376,-0.42,0.561,0.244,0.6,0.272,-0.271,-0.533,0.598,0.016,1425,533,4,0.598,0.016
89258,-0.527,-0.668,1.548,-0.41,-0.451,0.461,0.184,0.518,0.199,-0.352,-0.587,0.58,0.017,1385,552,4,0.58,0.017
89268,-0.527,-0.668,1.548,-0.441,-0.482,0.361,0.098,0.432,0.119,-0.452,-0.687,0.51,-0.053,1345,552,4,0.51,-0.053
89278,-0.546,-0.726,1.549,-0.471,-0.516,0.261,0.006,0.31,0.04,-0.552,-0.787,0.44,-0.123,1305,592,4,0.44,-0.123
89288,-0.546,-0.726,1.549,-0.495,-0.561,0.161,0,0.212,0.017,-0.652,-0.887,0.37,-0.164,1265,632,4,0.37,-0.164
89298,-0.57,-0.779,1.549,-0.513,-0.607,0.061,0,0.119,0.014,-0.752,-0.984,0.3,-0.213,1225,592,4,0.3,-0.213
89308,-0.57,-0.779,1.549,-0.527,-0.648,0,0,0.035,-0.007,-0.852,-1.012,0.23,-0.21,1185,552,4,0.23,-0.21
89318,-0.599,-0.828,1.552,-0.537,-0.685,0.052,0.047,0.024,0.042,-0.927,-0.994,0.169,-0.183,1145,512,4,0.169,-0.183
89328,-0.634,-0.873,1.557,-0.546,-0.717,0.152,0.147,0.151,0.139,-0.832,-0.895,0.193,-0.155,1105,551,4,0.193,-0.155
89338,-0.634,-0.873,1.557,-0.556,-0.746,0.252,0.231,0.243,0.219,-0.732,-0.795,0.223,-0.125,1065,551,4,0.223,-0.125
89348,-0.677,-0.912,1.56,-0.567,-0.772,0.295,0.195,0.302,0.214,-0.632,-0.695,0.253,-0.095,1025,591,4,0.253,-0.095
89358,-0.677,-0.912,1.56,-0.584,-0.802,0.246,0.186,0.279,0.189,-0.532,-0.595,0.283,-0.026,985,631,4,0.283,-0.026
89368,-0.657,-0.856,1.564,-0.604,-0.833,0.223,0.161,0.284,0.189,-0.458,-0.512,0.303,0.018,945,591,4,0.303,0.018
89378,-0.713,-0.885,1.573,-0.625,-0.86,0.123,0.061,0.18,0.101,-0.558,-0.612,0.237,-0.007,905,551,4,0.237,-0.007
89388,-0.703,-0.818,1.573,-0.646,-0.885,0.023,0.002,0.082,0.025,-0.658,-0.712,0.167,-0.037,865,511,4,0.167,-0.037
89398,-0.772,-0.833,1.579,-0.661,-0.895,0,0,0.025,0.011,-0.758,-0.812,0.097,-0.107,825,471,4,0.097,-0.107
89408,-0.842,-0.846,1.58,-0.673,-0.893,0,0,0.017,0.01,-0.858,-0.912,0.027,-0.177,785,431,4,0.027,-0.177
89418,-0.842,-0.846,1.58,-0.686,-0.882,0,0,0.026,0.012,-0.924,-0.912,-0.03,-0.202,745,391,4,-0.03,-0.202
89428,-0.829,-0.776,1.58,-0.705,-0.863,0,0,0.027,0.011,-0.871,-0.872,-0.025,-0.202,705,351,4,-0.025,-0.202
89438,-0.829,-0.776,1.58,-0.738,-0.849,0,0,-0.002,0.024,-0.795,-0.804,-0.009,-0.19,665,311,4,-0.009,-0.19
89448,-0.894,-0.79,1.578,-0.778,-0.843,-0.035,-0.004,-0.01,0.024,-0.695,-0.704,0.021,-0.16,625,271,4,0.021,-0.16
89458,-0.894,-0.79,1.578,-0.809,-0.832,-0.135,-0.098,-0.087,-0.069,-0.595,-0.604,0.051,-0.13,585,231,4,0.051,-0.13
89468,-0.866,-0.735,1.573,-0.827,-0.814,-0.154,-0.118,-0.157,-0.114,-0.495,-0.504,0.081,-0.1,545,191,4,0.081,-0.1
89478,-0.917,-0.763,1.57,-0.843,-0.798,-0.063,-0.033,-0.081,-0.045,-0.395,-0.404,0.111,-0.07,505,151,4,0.111,-0.07
89488,-0.917,-0.763,1.57,-0.862,-0.79,-0.163,-0.107,-0.114,-0.078,-0.395,-0.438,0.098,-0.1,465,111,4,0.098,-0.1
89498,-0.875,-0.725,1.569,-0.875,-0.78,-0.263,-0.131,-0.213,-0.129,-0.495,-0.538,0.029,-0.17,425,71,4,0.029,-0.17
89508,-0.875,-0.725,1.569,-0.884,-0.768,-0.223,-0.045,-0.196,-0.098,-0.595,-0.638,-0.041,-0.24,385,31,4,-0.041,-0.24
89518,-0.87,-0.73,1.567,-0.896,-0.761,-0.123,-0.005,-0.138,-0.002,-0.695,-0.738,-0.111,-0.31,345,-9,4,-0.111,-0.31
89528,-0.822,-0.699,1.566,-0.901,-0.755,-0.023,0,-0.044,0.007,-0.795,-0.838,-0.181,-0.38,305,-49,4,-0.181,-0.38
89538,-0.822,-0.699,1.566,-0.897,-0.744,-0.103,-0.077,-0.043,-0.04,-0.895,-0.938,-0.251,-0.45,265,-89,4,-0.251,-0.45
89548,-0.855,-0.748,1.563,-0.889,-0.736,-0.093,-0.016,-0.114,-0.01,-0.995,-0.98,-0.321,-0.497,225,-66,4,-0.321,-0.497
89558,-0.798,-0.725,1.562,-0.875,-0.727,-0.077,-0.021,-0.096,-0.023,-0.972,-0.88,-0.337,-0.468,185,-106,4,-0.337,-0.468
89568,-0.798,-0.725,1.562,-0.856,-0.716,-0.003,-0.015,-0.013,0.001,-0.872,-0.78,-0.307,-0.438,145,-139,4,-0.307,-0.438
89578,-0.824,-0.782,1.562,-0.843,-0.714,-0.093,-0.115,-0.032,-0.089,-0.772,-0.68,-0.277,-0.377,105,-177,4,-0.277,-0.377
89588,-0.824,-0.782,1.562,-0.834,-0.718,-0.203,-0.19,-0.168,-0.158,-0.672,-0.58,-0.247,-0.347,65,-177,4,-0.247,-0.347
89598,-0.764,-0.761,1.561,-0.821,-0.722,-0.143,-0.09,-0.151,-0.102,-0.623,-0.545,-0.237,-0.339,25,-206,4,-0.237,-0.339
89608,-0.764,-0.761,1.561,-0.813,-0.731,-0.043,-0.004,-0.042,-0.039,-0.709,-0.64,-0.298,-0.405,-15,-206,4,-0.298,-0.405
89618,-0.708,-0.736,1.563,-0.813,-0.748,-0.001,0,-0.003,-0.003,-0.809,-0.735,-0.368,-0.453,-55,-221,4,-0.368,-0.453
89628,-0.731,-0.793,1.563,-0.808,-0.761,-0.072,-0.03,-0.05,-0.018,-0.909,-0.799,-0.438,-0.501,-95,-261,4,-0.438,-0.501
89638,-0.731,-0.793,1.563,-0.795,-0.766,-0.069,-0.035,-0.022,-0.015,-0.959,-0.817,-0.487,-0.512,-135,-301,4,-0.487,-0.512
89648,-0.63,-0.729,1.565,-0.775,-0.764,-0.169,-0.135,-0.132,-0.109,-0.885,-0.73,-0.474,-0.479,-175,-341,4,-0.474,-0.479
89658,-0.63,-0.729,1.565,-0.753,-0.763,-0.279,-0.205,-0.223,-0.195,-0.785,-0.63,-0.444,-0.449,-215,-381,4,-0.444,-0.449
89668,-0.612,-0.817,1.565,-0.738,-0.77,-0.185,-0.105,-0.226,-0.109,-0.685,-0.53,-0.414,-0.419,-255,-361,4,-0.414,-0.419
89678,-0.612,-0.817,1.565,-0.718,-0.771,-0.085,-0.005,-0.106,-0.036,-0.614,-0.462,-0.395,-0.402,-295,-361,4,-0.395,-0.402
89688,-0.587,-0.765,1.565,-0.687,-0.761,-0.085,-0.06,-0.046,-0.05,-0.634,-0.49,-0.423,-0.434,-335,-401,4,-0.423,-0.434
89698,-0.587,-0.765,1.565,-0.658,-0.759,-0.055,-0.016,-0.057,-0.014,-0.688,-0.562,-0.469,-0.458,-375,-430,4,-0.469,-0.458
89708,-0.501,-0.756,1.568,-0.634,-0.773,-0.012,-0.003,-0.017,0.013,-0.754,-0.659,-0.522,-0.506,-415,-470,4,-0.522,-0.506
89718,-0.501,-0.756,1.568,-0.616,-0.784,-0.072,-0.07,-0.031,-0.054,-0.829,-0.759,-0.579,-0.576,-455,-510,4,-0.579,-0.576
89728,-0.473,-0.706,1.569,-0.601,-0.783,-0.182,-0.18,-0.138,-0.146,-0.89,-0.837,-0.63,-0.631,-495,-533,4,-0.63,-0.631
89738,-0.389,-0.69,1.57,-0.581,-0.777,-0.272,-0.27,-0.173,-0.222,-0.893,-0.841,-0.655,-0.657,-535,-544,4,-0.655,-0.657
89748,-0.389,-0.69,1.57,-0.552,-0.77,-0.372,-0.37,-0.348,-0.319,-0.801,-0.743,-0.632,-0.63,-575,-544,4,-0.632,-0.63
89758,-0.416,-0.741,1.568,-0.524,-0.757,-0.472,-0.47,-0.433,-0.45,-0.701,-0.643,-0.602,-0.592,-615,-578,4,-0.602,-0.592
89768,-0.331,-0.718,1.565,-0.49,-0.737,-0.572,-0.57,-0.56,-0.511,-0.643,-0.543,-0.591,-0.547,-655,-618,4,-0.591,-0.547
89778,-0.331,-0.718,1.565,-0.45,-0.717,-0.652,-0.58,-0.627,-0.569,-0.603,-0.534,-0.59,-0.538,-695,-658,4,-0.59,-0.538
89788,-0.246,-0.688,1.563,-0.421,-0.708,-0.552,-0.48,-0.572,-0.501,-0.6,-0.581,-0.607,-0.578,-735,-618,4,-0.607,-0.578
89798,-0.246,-0.688,1.563,-0.398,-0.71,-0.452,-0.39,-0.486,-0.425,-0.642,-0.637,-0.647,-0.626,-775,-596,4,-0.647,-0.626
89808,-0.165,-0.65,1.563,-0.371,-0.713,-0.482,-0.4,-0.426,-0.351,-0.67,-0.649,-0.682,-0.654,-815,-636,4,-0.682,-0.654
89818,-0.165,-0.65,1.563,-0.34,-0.712,-0.452,-0.331,-0.461,-0.333,-0.633,-0.61,-0.685,-0.616,-855,-676,4,-0.685,-0.616
89828,-0.089,-0.601,1.564,-0.303,-0.705,-0.552,-0.391,-0.521,-0.377,-0.607,-0.614,-0.692,-0.605,-895,-716,4,-0.692,-0.605
89838,-0.089,-0.601,1.564,-0.264,-0.694,-0.652,-0.491,-0.617,-0.449,-0.588,-0.647,-0.702,-0.641,-935,-756,4,-0.702,-0.641
89848,-0.015,-0.654,1.564,-0.223,-0.678,-0.752,-0.591,-0.719,-0.538,-0.551,-0.642,-0.704,-0.66,-975,-719,4,-0.704,-0.66
89858,-0.015,-0.654,1.564,-0.182,-0.658,-0.852,-0.691,-0.839,-0.646,-0.525,-0.591,-0.71,-0.656,-1015,-719,4,-0.71,-0.656
89868,0.037,-0.583,1.568,-0.142,-0.636,-0.952,-0.791,-0.953,-0.749,-0.508,-0.543,-0.723,-0.651,-1055,-759,4,-0.723,-0.651
89878,0.037,-0.583,1.568,-0.103,-0.624,-0.916,-0.731,-0.951,-0.755,-0.464,-0.541,-0.721,-0.629,-1095,-799,4,-0.721,-0.629
89888,0.125,-0.601,1.57,-0.065,-0.627,-0.806,-0.621,-0.858,-0.647,-0.389,-0.566,-0.705,-0.641,-1135,-839,4,-0.705,-0.641
89898,0.125,-0.601,1.57,-0.03,-0.626,-0.716,-0.531,-0.765,-0.532,-0.329,-0.578,-0.694,-0.668,-1175,-879,4,-0.694,-0.668
89908,0.209,-0.6,1.575,0.001,-0.615,-0.736,-0.551,-0.77,-0.547,-0.307,-0.558,-0.701,-0.68,-1215,-849,4,-0.701,-0.68
89918,0.292,-0.581,1.575,0.034,-0.605,-0.636,-0.451,-0.69,-0.49,-0.298,-0.527,-0.717,-0.684,-1255,-889,4,-0.717,-0.684
89928,0.292,-0.581,1.575,0.07,-0.599,-0.526,-0.341,-0.577,-0.398,-0.27,-0.518,-0.724,-0.699,-1293,-905,4,-0.724,-0.699
89938,0.369,-0.551,1.575,0.109,-0.597,-0.436,-0.251,-0.495,-0.272,-0.226,-0.535,-0.722,-0.691,-1333,-902,4,-0.722,-0.691
89948,0.441,-0.511,1.577,0.161,-0.595,-0.387,-0.291,-0.438,-0.282,-0.172,-0.567,-0.715,-0.727,-1293,-942,4,-0.715,-0.727
89958,0.507,-0.462,1.578,0.215,-0.59,-0.287,-0.191,-0.342,-0.215,-0.116,-0.595,-0.707,-0.749,-1333,-982,4,-0.707,-0.749
89968,0.507,-0.462,1.578,0.266,-0.583,-0.187,-0.094,-0.254,-0.155,-0.057,-0.616,-0.697,-0.758,-1373,-1022,4,-0.697,-0.758
89978,0.567,-0.41,1.578,0.322,-0.566,-0.128,-0.129,-0.159,-0.118,-0.01,-0.625,-0.653,-0.783,-1333,-982,4,-0.653,-0.783
89988,0.625,-0.352,1.576,0.383,-0.54,-0.147,-0.148,-0.159,-0.107,0.025,-0.608,-0.655,-0.796,-1293,-1008,4,-0.655,-0.796
89998,0.625,-0.352,1.576,0.44,-0.509,-0.247,-0.248,-0.238,-0.233,0.051,-0.574,-0.662,-0.799,-1253,-1008,4,-0.662,-0.799
90008,0.679,-0.291,1.576,0.487,-0.478,-0.347,-0.348,-0.348,-0.319,0.094,-0.55,-0.621,-0.766,-1213,-968,4,-0.621,-0.766
90018,0.732,-0.226,1.576,0.534,-0.441,-0.447,-0.448,-0.431,-0.416,0.131,-0.538,-0.582,-0.774,-1173,-1008,4,-0.582,-0.774
90028,0.732,-0.226,1.576,0.576,-0.403,-0.447,-0.488,-0.493,-0.504,0.155,-0.516,-0.549,-0.763,-1133,-1047,4,-0.549,-0.763
90038,0.781,-0.159,1.575,0.613,-0.367,-0.425,-0.499,-0.442,-0.479,0.185,-0.484,-0.515,-0.727,-1093,-1007,4,-0.515,-0.727
90048,0.829,-0.086,1.573,0.651,-0.325,-0.379,-0.539,-0.411,-0.536,0.251,-0.445,-0.463,-0.728,-1053,-979,4,-0.463,-0.728
90058,0.829,-0.086,1.573,0.687,-0.283,-0.279,-0.439,-0.33,-0.471,0.297,-0.418,-0.419,-0.733,-1013,-979,4,-0.419,-0.733
90068,0.873,-0.009,1.572,0.719,-0.243,-0.239,-0.499,-0.246,-0.495,0.316,-0.386,-0.389,-0.698,-973,-939,4,-0.389,-0.698
90078,0.915,0.073,1.57,0.754,-0.196,-0.157,-0.459,-0.195,-0.473,0.342,-0.342,-0.356,-0.662,-933,-918,4,-0.356,-0.662
90088,0.915,0.073,1.57,0.787,-0.149,-0.142,-0.539,-0.185,-0.537,0.355,-0.282,-0.329,-0.633,-893,-918,4,-0.329,-0.633
90098,0.952,0.16,1.569,0.817,-0.105,-0.119,-0.639,-0.142,-0.619,0.35,-0.204,-0.312,-0.575,-853,-878,4,-0.312,-0.575
90108,0.985,0.252,1.566,0.848,-0.052,-0.022,-0.599,-0.062,-0.636,0.361,-0.118,-0.286,-0.521,-813,-896,4,-0.286,-0.521
90118,1.013,0.345,1.566,0.878,0.001,0.003,-0.499,-0.037,-0.539,0.362,-0.056,-0.265,-0.489,-773,-856,4,-0.265,-0.489
90128,1.013,0.345,1.566,0.904,0.052,0.048,-0.463,0.015,-0.493,0.343,-0.019,-0.254,-0.45,-733,-847,4,-0.254,-0.45
90138,1.036,0.442,1.564,0.931,0.111,0.099,-0.538,0.083,-0.546,0.361,0.03,-0.227,-0.435,-693,-807,4,-0.227,-0.435
90148,1.079,0.486,1.566,0.959,0.183,0.019,-0.438,0.017,-0.477,0.401,0.082,-0.187,-0.389,-653,-783,4,-0.187,-0.389
90158,1.018,0.481,1.566,0.984,0.253,0.101,-0.338,0.046,-0.39,0.415,0.101,-0.159,-0.373,-613,-743,4,-0.159,-0.373
90168,1.018,0.481,1.566,1.005,0.317,0.201,-0.341,0.159,-0.36,0.42,0.1,-0.137,-0.354,-573,-703,4,-0.137,-0.354
90178,1.036,0.569,1.569,1.026,0.38,0.269,-0.325,0.238,-0.354,0.469,0.13,-0.094,-0.328,-533,-663,4,-0.094,-0.328
90188,1.036,0.569,1.569,1.041,0.432,0.336,-0.348,0.325,-0.364,0.545,0.183,-0.037,-0.282,-493,-623,4,-0.037,-0.282
90198,1.084,0.599,1.576,1.041,0.466,0.236,-0.248,0.257,-0.299,0.637,0.251,0.028,-0.229,-453,-663,4,0.028,-0.229
90208,1.084,0.599,1.576,1.038,0.495,0.136,-0.148,0.159,-0.182,0.737,0.324,0.098,-0.173,-413,-703,4,0.098,-0.173
90218,0.997,0.611,1.577,1.036,0.525,0.036,-0.048,0.047,-0.101,0.837,0.39,0.168,-0.118,-373,-663,4,0.168,-0.118
90228,0.946,0.564,1.578,1.041,0.552,0.04,-0.021,0.012,-0.039,0.912,0.389,0.229,-0.136,-333,-623,4,0.229,-0.136
90238,0.946,0.564,1.578,1.054,0.575,0.14,-0.07,0.085,-0.096,0.827,0.318,0.21,-0.189,-293,-583,4,0.21,-0.189
90248,0.899,0.53,1.581,1.056,0.592,0.24,-0.018,0.206,-0.036,0.727,0.219,0.18,-0.218,-253,-543,4,0.18,-0.218
90258,0.823,0.544,1.579,1.036,0.598,0.26,-0.002,0.258,-0.016,0.627,0.204,0.151,-0.21,-213,-503,4,0.151,-0.21
90268,0.885,0.553,1.579,1.005,0.592,0.16,0,0.162,-0.013,0.563,0.267,0.135,-0.16,-173,-463,4,0.135,-0.16
90278,0.885,0.553,1.579,0.972,0.578,0.099,0.033,0.091,-0.007,0.609,0.324,0.177,-0.111,-133,-423,4,0.177,-0.111
90288,0.885,0.553,1.579,0.93,0.562,0.199,0.082,0.16,0.037,0.615,0.335,0.201,-0.084,-93,-383,4,0.201,-0.084
90298,0.885,0.553,1.579,0.894,0.552,0.299,0.115,0.257,0.091,0.571,0.311,0.201,-0.075,-53,-343,4,0.201,-0.075
90308,0.885,0.553,1.579,0.876,0.548,0.399,0.196,0.369,0.162,0.504,0.273,0.188,-0.074,-13,-303,4,0.188,-0.074
90318,0.885,0.553,1.579,0.871,0.548,0.499,0.232,0.448,0.19,0.478,0.256,0.193,-0.063,27,-263,4,0.193,-0.063
90328,0.885,0.553,1.579,0.873,0.549,0.599,0.271,0.575,0.256,0.45,0.235,0.199,-0.053,67,-223,4,0.199,-0.053
90338,0.885,0.553,1.579,0.877,0.55,0.688,0.296,0.646,0.279,0.462,0.251,0.224,-0.027,107,-183,4,0.224,-0.027
90348,0.885,0.553,1.579,0.88,0.552,0.668,0.276,0.674,0.283,0.502,0.289,0.263,0.011,147,-143,4,0.263,0.011
90358,0.885,0.553,1.579,0.883,0.553,0.568,0.176,0.581,0.181,0.561,0.337,0.312,0.055,187,-131,4,0.312,0.055
90368,0.885,0.553,1.579,0.885,0.553,0.468,0.076,0.494,0.106,0.596,0.365,0.35,0.09,227,-131,4,0.35,0.09
90378,0.885,0.553,1.579,0.885,0.553,0.428,0.174,0.418,0.121,0.617,0.385,0.381,0.12,267,-131,4,0.381,0.12
90388,0.885,0.553,1.579,0.886,0.553,0.508,0.264,0.462,0.234,0.617,0.389,0.403,0.129,307,-131,4,0.403,0.129
90398,0.885,0.553,1.579,0.886,0.553,0.408,0.184,0.431,0.19,0.595,0.378,0.412,0.124,347,-131,4,0.412,0.124
90408,0.885,0.553,1.579,0.885,0.553,0.488,0.284,0.448,0.253,0.569,0.355,0.419,0.113,387,-131,4,0.419,0.113
90418,0.885,0.553,1.579,0.885,0.553,0.588,0.384,0.57,0.35,0.547,0.335,0.427,0.102,427,-131,4,0.427,0.102
90428,0.885,0.553,1.579,0.885,0.553,0.608,0.384,0.614,0.393,0.561,0.349,0.453,0.108,467,-131,4,0.453,0.108
90438,0,0,1.579,0.885,0.553,0.508,0.285,0.517,0.291,0.596,0.376,0.49,0.122,0,0,2,0.49,0.122
90448,0,0,1.579,0.885,0.553,0.408,0.185,0.434,0.21,0.609,0.383,0.518,0.126,0,0,2,0.518,0.126
90458,0,0,1.579,0.885,0.553,0.308,0.102,0.351,0.123,0.617,0.391,0.541,0.129,0,0,2,0.541,0.129
90468,0,0,1.579,0.777,0.486,0.377,0.202,0.338,0.172,0.632,0.406,0.699,0.187,0,0,2,0.699,0.187
90478,0,0,1.579,0.537,0.336,0.477,0.302,0.446,0.236,0.638,0.415,0.639,0.333,0,0,2,0.639,0.333
90488,0,0,1.579,0.302,0.189,0.577,0.402,0.547,0.357,0.61,0.395,0.619,0.378,0,0,2,0.619,0.378
90498,0,0,1.579,0.129,0.08,0.677,0.502,0.633,0.487,0.585,0.389,0.593,0.39,0,0,2,0.593,0.39
90508,0,0,1.579,0.025,0.015,0.677,0.502,0.693,0.5,0.568,0.399,0.577,0.401,0,0,2,0.577,0.401
90518,0,0,1.579,-0.024,-0.015,0.657,0.462,0.652,0.441,0.535,0.381,0.55,0.398,0,0,2,0.55,0.398
90528,0,0,1.579,-0.038,-0.024,0.757,0.562,0.711,0.54,0.505,0.357,0.517,0.378,0,0,2,0.517,0.378
90538,0,0,1.579,-0.034,-0.021,0.857,0.662,0.821,0.636,0.464,0.33,0.482,0.358,0,0,2,0.482,0.358
90548,0,0,1.579,-0.024,-0.015,0.957,0.755,0.951,0.731,0.407,0.301,0.434,0.341,0,0,2,0.434,0.341
90558,0,0,1.579,-0.014,-0.009,1.025,0.718,1.03,0.744,0.337,0.284,0.413,0.398,0,0,2,0.413,0.398
90568,0,0,1.579,-0.006,-0.004,0.925,0.618,0.97,0.658,0.251,0.262,0.294,0.327,0,0,2,0.294,0.327
90578,0,0,1.579,-0.001,-0.001,0.925,0.58,0.914,0.575,0.189,0.221,0.217,0.275,0,0,2,0.217,0.275
90588,0,0,1.579,0.001,0.001,0.999,0.532,1.004,0.535,0.183,0.161,0.205,0.243,0,0,2,0.205,0.243
90598,0,0,1.579,0.002,0.001,1.099,0.588,1.084,0.594,0.239,0.167,0.232,0.199,0,0,2,0.232,0.199
90608,0,0,1.579,0.002,0.001,1.059,0.497,1.093,0.541,0.26,0.192,0.283,0.232,0,0,2,0.283,0.232
90618,0,0,1.579,0.001,0.001,0.959,0.397,0.998,0.435,0.228,0.195,0.253,0.219,0,0,2,0.253,0.219
90628,0,0,1.579,0.001,0,0.939,0.458,0.937,0.449,0.167,0.151,0.195,0.191,0,0,2,0.195,0.191
90638,0,0,1.579,0,0,0.868,0.52,0.9,0.499,0.119,0.099,0.145,0.15,0,0,2,0.145,0.15
90648,0,0,1.579,0,0,0.823,0.495,0.864,0.511,0.088,0.063,0.106,0.109,0,0,2,0.106,0.109
90658,0,0,1.579,0,0,0.809,0.515,0.852,0.544,0.066,0.053,0.08,0.083,0,0,2,0.08,0.083
90668,0,0,1.579,0,0,0.729,0.487,0.774,0.5,0.048,0.067,0.106,0.136,0,0,2,0.106,0.136
90678,0,0,1.579,0,0,0.639,0.484,0.699,0.506,0.035,0.086,0.056,0.121,0,0,2,0.056,0.121
90688,0,0,1.579,0,0,0.615,0.532,0.627,0.502,0.032,0.083,0.04,0.108,0,0,2,0.04,0.108
90698,0,0,1.579,0,0,0.515,0.458,0.548,0.486,0.048,0.077,0.049,0.102,0,0,2,0.049,0.102
90708,0,0,1.579,0,0,0.458,0.498,0.482,0.519,0.097,0.112,0.091,0.123,0,0,2,0.091,0.123
90718,0,0,1.579,0,0,0.416,0.541,0.449,0.54,0.11,0.121,0.111,0.133,0,0,2,0.111,0.133
90728,0,0,1.579,0,0,0.409,0.522,0.405,0.514,0.086,0.09,0.098,0.126,0,0,2,0.098,0.126
90738,0,0,1.579,0,0,0.309,0.422,0.359,0.462,0.041,0.038,0.063,0.099,0,0,2,0.063,0.099
90748,0,0,1.579,0,0,0.265,0.349,0.295,0.382,-0.002,-0.023,0.024,0.069,0,0,2,0.024,0.069
90758,0,0,1.579,0,0,0.331,0.425,0.321,0.411,-0.023,-0.065,-0.012,0,0,0,2,-0.012,0
90768,0,0,1.579,0,0,0.268,0.365,0.3,0.392,-0.012,-0.044,-0.014,-0.025,0,0,2,-0.014,-0.025
90778,0,0,1.579,0,0,0.168,0.265,0.196,0.286,0.029,0.009,0.019,0.002,0,0,2,0.019,0.002
90788,0,0,1.579,0,0,0.193,0.242,0.208,0.27,0.048,0.033,0.044,0.029,0,0,2,0.044,0.029
90798,0,0,1.579,0,0,0.222,0.29,0.23,0.286,0.054,0.041,0.057,0.055,0,0,2,0.057,0.055
90808,0,0,1.579,0,0,0.166,0.233,0.192,0.258,0.043,0.034,0.053,0.071,0,0,2,0.053,0.071
90818,0,0,1.579,0,0,0.066,0.133,0.118,0.171,0.031,0.023,0.038,0.052,0,0,2,0.038,0.052
90828,0,0,1.579,0,0,0.002,0.033,0.04,0.077,0.032,0.021,0.033,0.041,0,0,2,0.033,0.041
90838,0,0,1.579,0,0,0,0,0.007,0.019,0.037,0.021,0.035,0.028,0,0,2,0.035,0.028
90848,0,0,1.579,0,0,0,0,0.007,0.006,0.037,0.019,0.036,0.022,0,0,2,0.036,0.022
90858,0,0,1.579,0,0,0.07,0.049,0.05,0.031,0.032,0.016,0.033,0.017,0,0,2,0.033,0.017
90868,0,0,1.579,0,0,0.085,0.097,0.085,0.098,0.025,0.013,0.031,0.026,0,0,2,0.031,0.026
90878,0,0,1.579,0,0,0.082,0.112,0.093,0.118,0.017,0.011,0.021,0.023,0,0,2,0.021,0.023
90888,0,0,1.579,0,0,0.062,0.1,0.072,0.101,0.012,0.009,0.017,0.026,0,0,2,0.017,0.026
90898,0,0,1.579,0,0,0.036,0.063,0.052,0.082,0.008,0.007,0.016,0.039,0,0,2,0.016,0.039
90908,0,0,1.579,0,0,0.01,0.039,0.024,0.055,0.004,0.006,0.009,0.03,0,0,2,0.009,0.03
90918,0,0,1.579,0,0,-0.018,0.023,-0.007,0.039,-0.001,0.007,0.002,0.035,0,0,2,0.002,0.035
90928,0,0,1.579,0,0,-0.043,0.009,-0.034,0.019,-0.005,0.008,-0.006,0.021,0,0,2,-0.006,0.021
90938,0,0,1.579,0,0,-0.049,0,-0.042,0.005,-0.008,0.009,-0.009,0.013,0,0,2,-0.009,0.013
90948,0,0,1.579,0,0,-0.066,-0.011,-0.058,-0.005,-0.01,0.011,-0.014,0.009,0,0,2,-0.014,0.009
90958,0,0,1.579,0,0,-0.06,-0.018,-0.062,-0.014,-0.012,0.012,-0.017,0.006,0,0,2,-0.017,0.006
90968,0,0,1.579,0,0,-0.063,-0.024,-0.062,-0.021,-0.014,0.012,-0.022,-0.001,0,0,2,-0.022,-0.001
90978,0,0,1.579,0,0,-0.074,-0.026,-0.07,-0.025,-0.015,0.013,-0.031,-0.01,0,0,2,-0.031,-0.01
90988,0,0,1.579,0,0,-0.079,-0.029,-0.077,-0.027,-0.016,0.013,-0.028,-0.007,0,0,2,-0.028,-0.007
90998,0,0,1.579,0,0,-0.09,-0.032,-0.081,-0.029,-0.017,0.013,-0.024,-0.002,0,0,2,-0.024,-0.002
91008,0,0,1.579,0,0,-0.077,-0.03,-0.085,-0.032,-0.017,0.013,-0.025,-0.002,0,0,2,-0.025,-0.002
91018,0,0,1.579,0,0,-0.061,-0.023,-0.065,-0.027,-0.017,0.013,-0.024,-0.002,0,0,2,-0.024,-0.002
91028,0,0,1.579,0,0,-0.056,-0.023,-0.058,-0.025,-0.017,0.012,-0.025,-0.005,0,0,2,-0.025,-0.005
91038,0,0,1.579,0,0,-0.046,-0.02,-0.055,-0.025,-0.015,0.01,-0.029,-0.012,0,0,2,-0.029,-0.012
91048,0,0,1.579,0,0,-0.03,-0.013,-0.038,-0.017,-0.013,0.008,-0.024,-0.012,0,0,2,-0.024,-0.012
91058,0,0,1.579,0,0,-0.018,-0.007,-0.025,-0.012,-0.01,0.006,-0.017,-0.008,0,0,2,-0.017,-0.008
91068,0,0,1.579,0,0,-0.005,-0.002,-0.012,-0.006,-0.007,0.003,-0.012,-0.006,0,0,2,-0.012,-0.006
91078,0,0,1.579,0,0,0.007,0,0.002,-0.002,-0.004,0.002,-0.005,-0.002,0,0,2,-0.005,-0.002
91088,0,0,1.579,0,0,0.014,0.005,0.012,0.003,-0.002,0,-0.001,0,0,0,2,-0.001,0
91098,0,0,1.579,0,0,0.018,0.007,0.018,0.007,0.001,-0.001,0.005,0.003,0,0,2,0.005,0.003
91108,0,0,1.579,0,0,0.018,0.007,0.019,0.008,0.002,-0.002,0.01,0.005,0,0,2,0.01,0.005
91118,0,0,1.579,0,0,0.015,0.006,0.017,0.007,0.002,-0.003,0.009,0.005,0,0,2,0.009,0.005
91128,0,0,1.579,0,0,0.011,0.004,0.014,0.005,0.002,-0.002,0.01,0.005,0,0,2,0.01,0.005
91138,0,0,1.579,0,0,0.006,0.003,0.01,0.004,0.001,-0.002,0.007,0.003,0,0,2,0.007,0.003
91148,0,0,1.579,0,0,0.003,0.001,0.005,0.002,0.001,-0.002,0.003,0.002,0,0,2,0.003,0.002
91158,0,0,1.579,0,0,0,0,0.001,0.001,0,-0.002,0.001,0.001,0,0,2,0.001,0.001
91168,0,0,1.579,0,0,0,0,0,0,0,-0.001,0,0,0,0,2,0,0
91178,0,0,1.579,0,0,0,0,0,0,0,-0.001,0,0,0,0,2,0,0
91188,0,0,1.579,0,0,0,0,0,0,0,0,0,0,0,0,2,0,0
91198,0,0,1.579,0,0,0,0,0,0,0,0,0,0,0,0,2,0,0
91208,0,0,1.579,0,0,0,0,0,0,0,0,0,0,0,0,2,0,0
91218,0,0,1.579,0,0,0,0,0,0,0,0,0,0,0,0,2,0,0
91228,0,0,1.579,0,0,0,0,0,0,0,0,0,0,0,0,2,0,0
91238,0,0,1.579,0,0,0,0,0,0,0,0,0,0,0,0,2,0,0
91248,0,0,1.579,0,0,0,0,0,0,0,0,0,0,0,0,2,0,0
91258,0,0,1.579,0,0,0,0,0,0,0,0,0,0,0,0,2,0,0
91268,0,0,1.579,0,0,0,0,0,0,0,0,0,0,0,0,2,0,0
91278,0,0,1.579,0,0,0,0,0,0,0,0,0,0,0,0,2,0,0
91288,0,0,1.579,0,0,0,0,0,0,0,0,0,0,0,0,2,0,0
91298,0,0,1.579,0,0,0,0,0.001,0,0,0,0,0,0,0,2,0,0
91308,0,0,1.579,0,0,0,0,0.001,0,0,0,0,0,0,0,2,0,0
91318,0,0,1.579,0,0,0,0,0.001,0,0,-0.001,0,0,0,0,2,0,0
91328,0,0,1.579,0,0,0,0,0.001,0,0,0,0,0,0,0,2,0,0
91338,0,0,1.579,0,0,0,0,0.001,0,0,-0.001,0,0,0,0,2,0,0
91348,0,0,1.579,0,0,0,0,0.001,0,0,-0.001,0,0,0,0,2,0,0
91358,0,0,1.579,0,0,0,0,0.001,0,0,-0.001,0,0,0,0,2,0,0
91368,0,0,1.579,0,0,0,0,0.001,0,0,-0.001,0,0,0,0,2,0,0
91378,0,0,1.579,0,0,0,0,0.001,0,0,-0.001,0,0,0,0,2,0,0
91388,0,0,1.579,0,0,0,0,0.001,0,0,-0.001,0,0,0,0,2,0,0
91398,0,0,1.579,0,0,0,0,0.001,0,0,-0.001,0,0,0,0,2,0,0
91408,0,0,1.579,0,0,0,0,0.001,0,0,-0.001,0,0,0,0,2,0,0
91418,0,0,1.579,0,0,0,0,0.001,0,0,-0.001,0,0,0,0,2,0,0
91428,0,0,1.579,0,0,0,0,0.001,0,0,-0.001,0,0,0,0,2,0,0
91438,0,0,1.579,0,0,0,0,0.001,0,0,-0.001,0,0,0,0,2,0,0
91448,0,0,1.579,0,0,0,0,0.001,0,0,-0.001,0,0,0,0,2,0,0
91458,0,0,1.579,0,0,0,0,0.001,0,0,0,0,0,0,0,2,0,0
91468,0,0,1.579,0,0,0,0,0.001,0,0.001,-0.001,0.001,0,0,0,2,0.001,0
91478,0,0,1.579,0,0,0,0,0.001,0,0,0,0,0,0,0,2,0,0
91488,0,0,1.579,0,0,0,0,0.001,0,0,0,0,0,0,0,2,0,0
91498,0,0,1.579,0,0,0,0,0,0,0,0,0,0,0,0,2,0,0
91508,0,0,1.579,0,0,0,0,0,0,0,0,0,0,0,0,2,0,0
91518,0,0,1.579,0,0,0,0,0,0,0,0,0,0,0,0,2,0,0
91528,0,0,1.579,0,0,0,0,0,0,0,0,0,0,0,0,2,0,0
91538,0,0,1.579,0,0,0,0,0,0,0,0,0,0,0,0,2,0,0
91548,0,0,1.579,0,0,0,0,0,0,0,0,0,0,0,0,2,0,0
91558,0,0,1.579,0,0,0,0,0,0,0,0,0,0,0,0,2,0,0
91568,0,0,1.579,0,0,0,0,0,0,0,0,0,0,0,0,2,0,0
91578,0,0,1.579,0,0,0,0,0,0,0,0,0,0,0,0,2,0,0
91588,0,0,1.579,0,0,0,0,0,0,0,0,0,0,0,0,2,0,0
91598,0,0,1.579,0,0,0,0,0,0,0,0,0,0,0,0,2,0,0
91608,0,0,1.579,0,0,0,0,0,0,0,0,0,0,0,0,2,0,0
91618,0,0,1.579,0,0,0,0,0,0,0,0,0,0,0,0,2,0,0
91628,0,0,1.579,0,0,0,0,0,0,0,0,0,0,0,0,2,0,0
91638,0,0,1.579,0,0,0,0,0,0,0,0,0,0,0,0,2,0,0
91648,0,0,1.579,0,0,0,0,0,0,0,0,0,0,0,0,2,0,0
91658,0,0,1.579,0,0,0,0,0,0,0,0,0,0,0,0,2,0,0
91668,0,0,1.579,0,0,0,0,0,0,0,0,0,0,0,0,2,0,0
91678,0,0,1.579,0,0,0,0,0,0,0,0,0,0,0,0,2,0,0
91688,0,0,1.579,0,0,0,0,0,0,0,0,0,0,0,0,2,0,0
91698,0,0,1.579,0,0,0,0,0,0,0,0,0,0,0,0,2,0,0
91708,0,0,1.579,0,0,0,0,0,0,0,0,0,0,0,0,2,0,0
91718,0,0,1.579,0,0,0,0,0,0,0,0,0,0,0,0,2,0,0
91728,0,0,1.579,0,0,0,0,0,0,0,0,0,0,0,0,2,0,0
91738,0,0,1.579,0,0,0,0,0,0,0,0,0,0,0,0,2,0,0
91748,0,0,1.579,0,0,0,0,0,0,0,0,0,0,0,0,2,0,0
91758,0,0,1.579,0,0,0,0,0,0,0,0,0,0,0,0,2,0,0
91768,0,0,1.579,0,0,0,0,0,0,0,0,0,0,0,0,2,0,0
91778,0,0,1.579,0,0,0,0,0,0,0,0,0,0,0,0,2,0,0
91788,0,0,1.579,0,0,0,0,0,0,0,0,0,0,0,0,2,0,0
91798,0,0,1.579,0,0,0,0,0,0,0,0,0,0,0,0,2,0,0
91808,0,0,1.579,0,0,0,0,0,0,0,0,0,0,0,0,2,0,0
91818,0,0,1.579,0,0,0,0,0,0,0,0,0,0,0,0,2,0,0
91828,0,0,1.579,0,0,0,0,0,0,0,0,0,0,0,0,2,0,0
91838,0,0,1.579,0,0,0,0,0,0,0,0,0,0,0,0,2,0,0
91848,0,0,1.579,0,0,0,0,0,0,0,0,0,0,0,0,2,0,0
91858,0,0,1.579,0,0,0,0,0,0,0,0,0,0,0,0,2,0,0
91868,0,0,1.579,0,0,0,0,0,0,0,0,0,0,0,0,2,0,0
91878,0,0,1.579,0,0,0,0,0,0,0,0,0,0,0,0,2,0,0
91888,0,0,1.579,0,0,0,0,0,0,0,0,0,0,0,0,2,0,0
91898,0,0,1.579,0,0,0,0,0,0,0,0,0,0,0,0,2,0,0
91908,0,0,1.579,0,0,0,0,0,0,0,0,0,0,0,0,2,0,0
91918,0,0,1.579,0,0,0,0,0,0,0,0,0,0,0,0,2,0,0
91928,0,0,1.579,0,0,0,0,0,0,0,0,0,0,0,0,2,0,0
91938,0,0,1.579,0,0,0,0,0,0,0,0,0,0,0,0,2,0,0
91948,0,0,1.579,0,0,0,0,0,0,0,0,0,0,0,0,2,0,0
91958,0,0,1.579,0,0,0,0,0,0,0,0,0,0,0,0,2,0,0
91968,0,0,1.579,0,0,0,0,0,0,0,0,0,0,0,0,2,0,0
91978,0,0,1.579,0,0,0,0,0,0,0,0,0,0,0,0,2,0,0
91988,0,0,1.579,0,0,0,0,0,0,0,0,0,0,0,0,2,0,0
91998,0,0,1.579,0,0,0,0,0,0,0,0,0,0,0,0,2,0,0
92008,0,0,1.579,0,0,0,0,0,0,0,0,0,0,0,0,2,0,0
92018,0,0,1.579,0,0,0,0,0,0,0,0,0,0,0,0,2,0,0
92028,0,0,1.579,0,0,0,0,0,0,0,0,0,0,0,0,2,0,0
92038,0,0,1.579,0,0,0,0,0,0,0,0,0,0,0,0,2,0,0
92048,0,0,1.579,0,0,0,0,0,0,0,0,0,0,0,0,2,0,0
92058,0,0,1.579,0,0,0,0,0,0,0,0,0,0,0,0,2,0,0
92068,0,0,1.579,0,0,0,0,0,0,0,0,0,0,0,0,2,0,0
92078,0,0,1.579,0,0,0,0,0,0,0,0,0,0,0,0,2,0,0
92088,0,0,1.579,0,0,0,0,0,0,0,0,0,0,0,0,2,0,0
92098,0,0,1.579,0,0,0,0,0,0,0,0,0,0,0,0,2,0,0
92108,0,0,1.579,0,0,0,0,0,0,0,0,0,0,0,0,2,0,0
92118,0,0,1.579,0,0,0,0,0,0,0,0,0,0,0,0,2,0,0
92128,0,0,1.579,0,0,0,0,0,0,0,0,0,0,0,0,2,0,0
92138,0,0,1.579,0,0,0,0,0,0,0,0,0,0,0,0,2,0,0
92148,0,0,1.579,0,0,0,0,0,0,0,0,0,0,0,0,2,0,0
92158,0,0,1.579,0,0,0,0,0,0,0,0,0,0,0,0,2,0,0
92168,0,0,1.579,0,0,0,0,0,0,0,0,0,0,0,0,2,0,0
92178,0,0,1.579,0,0,0,0,0,0,0,0,0,0,0,0,2,0,0
92188,0,0,1.579,0,0,0,0,0,0,0,0,0,0,0,0,2,0,0
92198,0,0,1.579,0,0,0,0,0,0,0,0,0,0,0,0,2,0,0
92208,0,0,1.579,0,0,0,0,0,0,0,0,0,0,0,0,2,0,0
92218,0,0,1.579,0,0,0,0,0,0,0,0,0,0,0,0,2,0,0
92228,0,0,1.579,0,0,0,0,0,0,0,0,0,0,0,0,2,0,0
92238,0,0,1.579,0,0,0,0,0,0,0,0,0,0,0,0,2,0,0
92248,0,0,1.579,0,0,0,0,0,0,0,0,0,0,0,0,2,0,0
92258,0,0,1.579,0,0,0,0,0,0,0,0,0,0,0,0,2,0,0
92268,0,0,1.579,0,0,0,0,0,0,0,0,0,0,0,0,2,0,0
92278,0,0,1.579,0,0,0,0,0,0,0,0,0,0,0,0,2,0,0
92288,0,0,1.579,0,0,0,0,0,0,0,0,0,0,0,0,2,0,0
92298,0,0,1.579,0,0,0,0,0,0,0,0,0,0,0,0,2,0,0
92308,0,0,1.579,0,0,0,0,0,0,0,0,0,0,0,0,2,0,0
92318,0,0,1.579,0,0,0,0,0,0,0,0,0,0,0,0,2,0,0
92328,0,0,1.579,0,0,0,0,0,0,0,0,0,0,0,0,2,0,0
92338,0,0,1.579,0,0,0,0,0.001,0,0,0,0,0,0,0,2,0,0
92348,0,0,1.579,0,0,0,0,0,0,0,0,0,0,0,0,2,0,0
92358,0,0,1.579,0,0,0,0,0,0,0,0,0,0,0,0,2,0,0
92368,0,0,1.579,0,0,0,0,0,0,0,0,0,0,0,0,2,0,0
92378,0,0,1.579,0,0,0,0,0,0,0,0,0,0,0,0,2,0,0
92388,0,0,1.579,0,0,0,0,0,0,0,0,0,0,0,0,2,0,0
92398,0,0,1.579,0,0,0,0,0,0,0,0,0,0,0,0,2,0,0
92408,0,0,1.579,0,0,0,0,0,0,0,0,0,0,0,0,2,0,0
92418,0,0,1.579,0,0,0,0,0,0,0,0,0,0,0,0,2,0,0
92428,0,0,1.579,0,0,0,0,0,0,0,0,0,0,0,0,2,0,0
92438,0,0,1.579,0,0,0,0,0,0,0,0,0,0,0,0,2,0,0
92448,0,0,1.579,0,0,0,0,0,0,0,0,0,0,0,0,2,0,0
92458,0,0,1.579,0,0,0,0,0,0,0,0,0,0,0,0,2,0,0
92468,0,0,1.579,0,0,0,0,0,0,0,0,0,0,0,0,2,0,0
92478,0,0,1.579,0,0,0,0,0,0,0,0,0,0,0,0,2,0,0
92488,0,0,1.579,0,0,0,0,0,0,0,0,0,0,0,0,2,0,0
92498,0,0,1.579,0,0,0,0,0,0,0,0,0,0,0,0,2,0,0
92508,0,0,1.579,0,0,0,0,0,0,0,0,0,0,0,0,2,0,0
92518,0,0,1.579,0,0,0,0,0,0,0,0,0,0,0,0,2,0,0
92528,0,0,1.579,0,0,0,0,0,0,0,0,0,0,0,0,2,0,0
92538,0,0,1.579,0,0,0,0,0,0,0,0,0,0,0,0,2,0,0
92548,0,0,1.579,0,0,0,0,0,0,0,0,0,0,0,0,2,0,0
92558,0,0,1.579,0,0,0,0,0,0,0,0,0,0,0,0,2,0,0
92568,0,0,1.579,0,0,0,0,0,0,0,0,0,0,0,0,2,0,0
92578,0,0,1.579,0,0,0,0,0,0,0,0,0,0,0,0,2,0,0
92588,0,0,1.579,0,0,0,0,0,0,0,0,0,0,0,0,2,0,0
92598,0,0,1.579,0,0,0,0,0,0,0,0,0,0,0,0,2,0,0
92608,0,0,1.579,0,0,0,0,0,0,0,0,0,0,0,0,2,0,0
92618,0,0,1.579,0,0,0,0,0,0,0,0,0,0,0,0,2,0,0
92628,0,0,1.579,0,0,0,0,0,0,0,0,0,0,0,0,2,0,0
92638,0,0,1.579,0,0,0,0,0,0,0,0,0,0,0,0,2,0,0
92648,0,0,1.579,0,0,0,0,0,0,0,0,0,0,0,0,2,0,0
92658,0,0,1.579,0,0,0,0,0,0,0,0,0,0,0,0,2,0,0
92668,0,0,1.579,0,0,0,0,0,0,0,0,0,0,0,0,2,0,0
92678,0,0,1.579,0,0,0,0,0,0,0,0,0,0,0,0,2,0,0
92688,0,0,1.579,0,0,0,0,0,0,0,0,0,0,0,0,2,0,0
92698,0,0,1.579,0,0,0,0,0,0,0,0,0,0,0,0,2,0,0
92708,0,0,1.579,0,0,0,0,0,0,0,0,0,0,0,0,2,0,0
92718,0,0,1.579,0,0,0,0,0,0,0,0,0,0,0,0,2,0,0
92728,0,0,1.579,0,0,0,0,0,0,0,0,0,0,0,0,2,0,0
92738,0,0,1.579,0,0,0,0,0,0,0,0,0,0,0,0,2,0,0
92748,0,0,1.579,0,0,0,0,0,0,0,0,0,0,0,0,2,0,0
92758,0,0,1.579,0,0,0,0,0,0,0,0,0,0,0,0,2,0,0
92768,0,0,1.579,0,0,0,0,0,0,0,0,0,0,0,0,2,0,0
92778,0,0,1.579,0,0,0,0,0,0,0,0,0,0,0,0,2,0,0
92788,0,0,1.579,0,0,0,0,0,0,0,0,0,0,0,0,2,0,0
92798,0,0,1.579,0,0,0,0,0,0,0,0,0,0,0,0,2,0,0
92808,0,0,1.579,0,0,0,0,0,0,0,0,0,0,0,0,2,0,0
92818,0,0,1.579,0,0,0,0,0,0,0,0,0,0,0,0,2,0,0
92828,0,0,1.579,0,0,0,0,0,0,0,0,0,0,0,0,2,0,0
92838,0,0,1.579,0,0,0,0,0,0,0,0,0,0,0,0,2,0,0
92848,0,0,1.579,0,0,0,0,0,0,0,0,0,0,0,0,2,0,0
92858,0,0,1.579,0,0,0,0,0,0,0,0,0,0,0,0,2,0,0
92868,0,0,1.579,0,0,0,0,0,0,0,0,0,0,0,0,2,0,0
92878,0,0,1.579,0,0,0,0,0,0,0,0,0,0,0,0,2,0,0
92888,0,0,1.579,0,0,0,0,0,0,0,0,0,0,0,0,2,0,0
92898,0,0,1.579,0,0,0,0,0,0,0,0,0,0,0,0,2,0,0
92908,0,0,1.579,0,0,0,0,0,0,0,0,0,0,0,0,2,0,0
92918,0,0,1.579,0,0,0,0,0,0,0,0,0,0,0,0,2,0,0
92928,0,0,1.579,0,0,0,0,0,0,0,0,0,0,0,0,2,0,0
92938,0,0,1.579,0,0,0,0,0,0,0,0,0,0,0,0,2,0,0
92948,0,0,1.579,0,0,0,0,0,0,0,0,0,0,0,0,2,0,0
92958,0,0,1.579,0,0,0,0,0,0,0,0,0,0,0,0,2,0,0
92968,0,0,1.579,0,0,0,0,0,0,0,0,0,0,0,0,2,0,0
92978,0,0,1.579,0,0,0,0,0,0,0,0,0,0,0,0,2,0,0
92988,0,0,1.579,0,0,0,0,0,0,0,0,0,0,0,0,2,0,0
92998,0,0,1.579,0,0,0,0,0,0,0,0,0,0,0,0,2,0,0
93008,0,0,1.579,0,0,0,0,0,0,0,0,0,0,0,0,2,0,0
93018,0,0,1.579,0,0,0,0,0,0,0,0,0,0,0,0,2,0,0
93028,0,0,1.579,0,0,0,0,0,0,0,0,0,0,0,0,2,0,0
93038,0,0,1.579,0,0,0,0,0,0,0,0,0,0,0,0,2,0,0
93048,0,0,1.579,0,0,0,0,0,0,0,0,0,0,0,0,2,0,0
93058,0,0,1.579,0,0,0,0,0,0,0,0,0,0,0,0,2,0,0
93068,0,0,1.579,0,0,0,0,0,0,0,0,0,0,0,0,2,0,0
93078,0,0,1.579,0,0,0,0,0,0,0,0,0,0,0,0,2,0,0
93088,0,0,1.579,0,0,0,0,0,0,0,0,0,0,0,0,2,0,0
93098,0,0,1.579,0,0,0,0,0,0,0,0,0,0,0,0,2,0,0
93108,0,0,1.579,0,0,0,0,0,0,0,0,0,0,0,0,2,0,0
93118,0,0,1.579,0,0,0,0,0,0,0,0,0,0,0,0,2,0,0
93128,0,0,1.579,0,0,0,0,0,0,0,0,0,0,0,0,2,0,0
93138,0,0,1.579,0,0,0,0,0,0,0,0,0,0,0,0,2,0,0
93148,0,0,1.579,0,0,0,0,0,0,0,0,0,0,0,0,2,0,0
93158,0,0,1.579,0,0,0,0,0,0,0,0,0,0,0,0,2,0,0
93168,0,0,1.579,0,0,0,0,0,0,0,0,0,0,0,0,2,0,0
93178,0,0,1.579,0,0,0,0,0,0,0,0,0,0,0,0,2,0,0
93188,0,0,1.579,0,0,0,0,0,0,0,0,0,0,0,0,2,0,0
93198,0,0,1.579,0,0,0,0,0,0,0,0,0,0,0,0,2,0,0
93208,0,0,1.579,0,0,0,0,0,0,0,0,0,0,0,0,2,0,0
93218,0,0,1.579,0,0,0,0,0,0,0,0,0,0,0,0,2,0,0
93228,0,0,1.579,0,0,0,0,0,0,0,0,0,0,0,0,2,0,0
93238,0,0,1.579,0,0,0,0,0,0,0,0,0,0,0,0,2,0,0
93248,0,0,1.579,0,0,0,0,0,0,0,0,0,0,0,0,2,0,0
93258,0,0,1.579,0,0,0,0,0,0,0,0,0,0,0,0,2,0,0
93268,0,0,1.579,0,0,0,0,0,0,0,0,0,0,0,0,2,0,0
93278,0,0,1.579,0,0,0,0,0,0,0,0,0,0,0,0,2,0,0
93288,0,0,1.579,0,0,0,0,0,0,0,0,0,0,0,0,2,0,0
93298,0,0,1.579,0,0,0,0,0,0,0,0,0,0,0,0,2,0,0
93308,0,0,1.579,0,0,0,0,0,0,0,0,0,0,0,0,2,0,0
93318,0,0,1.579,0,0,0,0,0,0,0,0,0,0,0,0,2,0,0
93328,0,0,1.579,0,0,0,0,0,0,0,0,0,0,0,0,2,0,0
93338,0,0,1.579,0,0,0,0,0,0,0,0,0,0,0,0,2,0,0
93348,0,0,1.579,0,0,0,0,0,0,0,0,0,0,0,0,2,0,0
93358,0,0,1.579,0,0,0,0,0,0,0,0,0,0,0,0,2,0,0
93368,0,0,1.579,0,0,0,0,0,0,0,0,0,0,0,0,2,0,0
93378,0,0,1.579,0,0,0,0,0,0,0,0,0,0,0,0,2,0,0
93388,0,0,1.579,0,0,0,0,0,0,0,0,0,0,0,0,2,0,0
93398,0,0,1.579,0,0,0,0,0,0,0,0,0,0,0,0,2,0,0
93408,0,0,1.579,0,0,0,0,0,0,0,0,0,0,0,0,2,0,0
93418,0,0,1.579,0,0,0,0,0,0,0,0,0,0,0,0,2,0,0
93428,0,0,1.579,0,0,0,0,0,0,0,0,0,0,0,0,2,0,0
93438,0,0,1.579,0,0,0,0,0,0,0,0,0,0,0,0,2,0,0
93448,0,0,1.579,0,0,0,0,0,0,0,0,0,0,0,0,2,0,0
93458,0,0,1.579,0,0,0,0,0,0,0,0,0,0,0,0,2,0,0
93468,0,0,1.579,0,0,0,0,0,0,0,0,0,0,0,0,2,0,0
93478,0,0,1.579,0,0,0,0,0,0,0,0,0,0,0,0,2,0,0
93488,0,0,1.579,0,0,0,0,0,0,0,0,0,0,0,0,2,0,0
93498,0,0,1.579,0,0,0,0,0,0,0,0,0,0,0,0,2,0,0
93508,0,0,1.579,0,0,0,0,0,0,0,0,0,0,0,0,2,0,0
93518,0,0,1.579,0,0,0,0,0,0,0,0,0,0,0,0,2,0,0
93528,0,0,1.579,0,0,0,0,0,0,0,0,0,0,0,0,2,0,0
93538,0,0,1.579,0,0,0,0,0,0,0,0,0,0,0,0,2,0,0
93548,0,0,1.579,0,0,0,0,0,0,0,0,0,0,0,0,2,0,0
93558,0,0,1.579,0,0,0,0,0,0,0,0,0,0,0,0,2,0,0
93568,0,0,1.579,0,0,0,0,0,0,0,0,0,0,0,0,2,0,0
93578,0,0,1.579,0,0,0,0,0,0,0,0,0,0,0,0,2,0,0
93588,0,0,1.579,0,0,0,0,0,0,0,0,0,0,0,0,2,0,0
93598,0,0,1.579,0,0,0,0,0,0,0,0,0,0,0,0,2,0,0
93608,0,0,1.579,0,0,0,0,0,0,0,0,0,0,0,0,2,0,0
93618,0,0,1.579,0,0,0,0,0,0,0,0,0,0,0,0,2,0,0
93628,0,0,1.579,0,0,0,0,0,0,0,0,0,0,0,0,2,0,0
93638,0,0,1.579,0,0,0,0,0,0,0,0,0,0,0,0,2,0,0
93648,0,0,1.579,0,0,0,0,0,0,0,0,0,0,0,0,2,0,0
93658,0,0,1.579,0,0,0,0,0,0,0,0,0,0,0,0,2,0,0
93668,0,0,1.579,0,0,0,0,0,0,0,0,0,0,0,0,2,0,0
93678,0,0,1.579,0,0,0,0,0,0,0,0,0,0,0,0,2,0,0
93688,0,0,1.579,0,0,0,0,0,0,0,0,0,0,0,0,2,0,0
93698,0,0,1.579,0,0,0,0,0,0,0,0,0,0,0,0,2,0,0
93708,0,0,1.579,0,0,0,0,0,0,0,0,0,0,0,0,2,0,0
93718,0,0,1.579,0,0,0,0,0,0,0,0,0,0,0,0,2,0,0
93728,0,0,1.579,0,0,0,0,0,0,0,0,0,0,0,0,2,0,0
93738,0,0,1.579,0,0,0,0,0,0,0,0,0,0,0,0,2,0,0
93748,0,0,1.579,0,0,0,0,0,0,0,0,0,0,0,0,2,0,0
93758,0,0,1.579,0,0,0,0,0,0,0,0,0,0,0,0,2,0,0
93768,0,0,1.579,0,0,0,0,0,0,0,0,0,0,0,0,2,0,0
93778,0,0,1.579,0,0,0,0,0,0,0,0,0,0,0,0,2,0,0
93788,0,0,1.579,0,0,0,0,0,0,0,0,0,0,0,0,2,0,0
93798,0,0,1.579,0,0,0,0,0,0,0,0,0,0,0,0,2,0,0
93808,0,0,1.579,0,0,0,0,0,0,0,0,0,0,0,0,2,0,0
93818,0,0,1.579,0,0,0,0,0,0,0,0,0,0,0,0,2,0,0
93828,0,0,1.579,0,0,0,0,0,0,0,0,0,0,0,0,2,0,0
93838,0,0,1.579,0,0,0,0,0,0,0,0,0,0,0,0,2,0,0
93848,0,0,1.579,0,0,0,0,0,0,0,0,0,0,0,0,2,0,0
93858,0,0,1.579,0,0,0,0,0,0,0,0,0,0,0,0,2,0,0
93868,0,0,1.579,0,0,0,0,0,0,0,0,0,0,0,0,2,0,0
93878,0,0,1.579,0,0,0,0,0,0,0,0,0,0,0,0,2,0,0
93888,0,0,1.579,0,0,0,0,0,0,0,0,0,0,0,0,2,0,0
93898,0,0,1.579,0,0,0,0,0,0,0,0,0,0,0,0,2,0,0
93908,0,0,1.579,0,0,0,0,0,0,0,0,0,0,0,0,2,0,0
93918,0,0,1.579,0,0,0,0,0,0,0,0,0,0,0,0,2,0,0
93928,0,0,1.579,0,0,0,0,0,0,0,0,0,0,0,0,2,0,0
93938,0,0,1.579,0,0,0,0,0,0,0,0,0,0,0,0,2,0,0
93948,0,0,1.579,0,0,0,0,0,0,0,0,0,0,0,0,2,0,0
93958,0,0,1.579,0,0,0,0,0,0,0,0,0,0,0,0,2,0,0
93968,0,0,1.579,0,0,0,0,0,0,0,0,0,0,0,0,2,0,0
93978,0,0,1.579,0,0,0,0,0,0,0,0,0,0,0,0,2,0,0
93988,0,0,1.579,0,0,0,0,0,0,0,0,0,0,0,0,2,0,0
93998,0,0,1.579,0,0,0,0,0,0,0,0,0,0,0,0,2,0,0
94008,0,0,1.579,0,0,0,0,0,0,0,0,0,0,0,0,2,0,0
94018,0,0,1.579,0,0,0,0,0,0,0,0,0,0,0,0,2,0,0
94028,0,0,1.579,0,0,0,0,0,0,0,0,0,0,0,0,2,0,0
94038,0,0,1.579,0,0,0,0,0,0,0,0,0,0,0,0,2,0,0
94048,0,0,1.579,0,0,0,0,0,0,0,0,0,0,0,0,2,0,0
94058,0,0,1.579,0,0,0,0,0,0,0,0,0,0,0,0,2,0,0
94068,0,0,1.579,0,0,0,0,0,0,0,0,0,0,0,0,2,0,0
94078,0,0,1.579,0,0,0,0,0,0,0,0,0,0,0,0,2,0,0
94088,0,0,1.579,0,0,0,0,0,0,0,0,0,0,0,0,2,0,0
94098,0,0,1.579,0,0,0,0,0,0,0,0,0,0,0,0,2,0,0
94108,0,0,1.579,0,0,0,0,0,0,0,0,0,0,0,0,2,0,0
94118,0,0,1.579,0,0,0,0,0,0,0,0,0,0,0,0,2,0,0
94128,0,0,1.579,0,0,0,0,0,0,0,0,0,0,0,0,2,0,0
94138,0,0,1.579,0,0,0,0,0,0,0,0,0,0,0,0,2,0,0
94148,0,0,1.579,0,0,0,0,0,0,0,0,0,0,0,0,2,0,0
94158,0,0,1.579,0,0,0,0,0,0,0,0,0,0,0,0,2,0,0
94168,0,0,1.579,0,0,0,0,0,0,0,0,0,0,0,0,2,0,0
94178,0,0,1.579,0,0,0,0,0,0,0,0,0,0,0,0,2,0,0
94188,0,0,1.579,0,0,0,0,0,0,0,0,0,0,0,0,2,0,0
94198,0,0,1.579,0,0,0,0,0,0,0,0,0,0,0,0,2,0,0
94208,0,0,1.579,0,0,0,0,0,0,0,0,0,0,0,0,2,0,0
94218,0,0,1.579,0,0,0,0,0,0,0,0,0,0,0,0,2,0,0
94228,0,0,1.579,0,0,0,0,0,0,0,0,0,0,0,0,2,0,0
94238,0,0,1.579,0,0,0,0,0,0,0,0,0,0,0,0,2,0,0
94248,0,0,1.579,0,0,0,0,0,0,0,0,0,0,0,0,2,0,0
94258,0,0,1.579,0,0,0,0,0,0,0,0,0,0,0,0,2,0,0
94268,0,0,1.579,0,0,0,0,0,0,0,0,0,0,0,0,2,0,0
94278,0,0,1.579,0,0,0,0,0,0,0,0,0,0,0,0,2,0,0
94288,0,0,1.579,0,0,0,0,0,0,0,0,0,0,0,0,2,0,0
94298,0,0,1.579,0,0,0,0,0,0,0,0,0,0,0,0,2,0,0
94308,0,0,1.579,0,0,0,0,0,0,0,0,0,0,0,0,2,0,0
94318,0,0,1.579,0,0,0,0,0,0,0,0,0,0,0,0,2,0,0
94328,0,0,1.579,0,0,0,0,0,0,0,0,0,0,0,0,2,0,0
94338,0,0,1.579,0,0,0,0,0,0,0,0,0,0,0,0,2,0,0
94348,0,0,1.579,0,0,0,0,0,0,0,0,0,0,0,0,2,0,0
94358,0,0,1.579,0,0,0,0,0,0,0,0,0,0,0,0,2,0,0
94368,0,0,1.579,0,0,0,0,0,0,0,0,0,0,0,0,2,0,0
94378,0,0,1.579,0,0,0,0,0,0,0,0,0,0,0,0,2,0,0
94388,0,0,1.579,0,0,0,0,0,0,0,0,0,0,0,0,2,0,0
94398,0,0,1.579,0,0,0,0,0,0,0,0,0,0,0,0,2,0,0
94408,0,0,1.579,0,0,0,0,0,0,0,0,0,0,0,0,2,0,0
94418,0,0,1.579,0,0,0,0,0,0,0,0,0,0,0,0,2,0,0
94428,0,0,1.579,0,0,0,0,0,0,0,0,0,0,0,0,2,0,0
94438,0,0,1.579,0,0,0,0,0,0,0,0,0,0,0,0,2,0,0
94448,0,0,1.579,0,0,0,0,0,0,0,0,0,0,0,0,2,0,0
94458,0,0,1.579,0,0,0,0,0,0,0,0,0,0,0,0,2,0,0
94468,0,0,1.579,0,0,0,0,0,0,0,0,0,0,0,0,2,0,0
94478,0,0,1.579,0,0,0,0,0,0,0,0,0,0,0,0,2,0,0
94488,0,0,1.579,0,0,0,0,0,0,0,0,0,0,0,0,2,0,0
94498,0,0,1.579,0,0,0,0,0,0,0,0,0,0,0,0,2,0,0
94508,0,0,1.579,0,0,0,0,0,0,0,0,0,0,0,0,2,0,0
94518,0,0,1.579,0,0,0,0,0,0,0,0,0,0,0,0,2,0,0
94528,0,0,1.579,0,0,0,0,0,0,0,0,0,0,0,0,2,0,0
94538,0,0,1.579,0,0,0,0,0,0,0,0,0,0,0,0,2,0,0
94548,0,0,1.579,0,0,0,0,0,0,0,0,0,0,0,0,2,0,0
94558,0,0,1.579,0,0,0,0,0,0,0,0,0,0,0,0,2,0,0
94568,0,0,1.579,0,0,0,0,0,0,0,0,0,0,0,0,2,0,0
94578,0,0,1.579,0,0,0,0,0,0,0,0,0,0,0,0,2,0,0
94588,0,0,1.579,0,0,0,0,0,0,0,0,0,0,0,0,2,0,0
94598,0,0,1.579,0,0,0,0,0,0,0,0,0,0,0,0,2,0,0
94608,0,0,1.579,0,0,0,0,0,0,0,0,0,0,0,0,2,0,0
94618,0,0,1.579,0,0,0,0,0,0,0,0,0,0,0,0,2,0,0
94628,0,0,1.579,0,0,0,0,0,0,0,0,0,0,0,0,2,0,0
94638,0,0,1.579,0,0,0,0,0,0,0,0,0,0,0,0,2,0,0
94648,0,0,1.579,0,0,0,0,0,0,0,0,0,0,0,0,2,0,0
94658,0,0,1.579,0,0,0,0,0,0,0,0,0,0,0,0,2,0,0
94668,0,0,1.579,0,0,0,0,0,0,0,0,0,0,0,0,2,0,0
94678,0,0,1.579,0,0,0,0,0,0,0,0,0,0,0,0,2,0,0
94688,0,0,1.579,0,0,0,0,0,0,0,0,0,0,0,0,2,0,0
94698,0,0,1.579,0,0,0,0,0,0,0,0,0,0,0,0,2,0,0
94708,0,0,1.579,0,0,0,0,0,0,0,0,0,0,0,0,2,0,0
94718,0,0,1.579,0,0,0,0,0,0,0,0,0,0,0,0,2,0,0
94728,0,0,1.579,0,0,0,0,0,0,0,0,0,0,0,0,2,0,0
94738,0,0,1.579,0,0,0,0,0,0,0,0,0,0,0,0,2,0,0
94748,0,0,1.579,0,0,0,0,0,0,0,0,0,0,0,0,2,0,0
94758,0,0,1.579,0,0,0,0,0,0,0,0,0,0,0,0,2,0,0
94768,0,0,1.579,0,0,0,0,0,0,0,0,0,0,0,0,2,0,0
94778,0,0,1.579,0,0,0,0,0,0,0,0,0,0,0,0,2,0,0
94788,0,0,1.579,0,0,0,0,0,0,0,0,0,0,0,0,2,0,0
94798,0,0,1.579,0,0,0,0,0,0,0,0,0,0,0,0,2,0,0
94808,0,0,1.579,0,0,0,0,0,0,0,0,0,0,0,0,2,0,0
94818,0,0,1.579,0,0,0,0,0,0,0,0,0,0,0,0,2,0,0
94828,0,0,1.579,0,0,0,0,0,0,0,0,0,0,0,0,2,0,0
94838,0,0,1.579,0,0,0,0,0,0,0,0,0,0,0,0,2,0,0
94848,0,0,1.579,0,0,0,0,0,0,0,0,0,0,0,0,2,0,0
94858,0,0,1.579,0,0,0,0,0,0,0,0,0,0,0,0,2,0,0
94868,0,0,1.579,0,0,0,0,0,0,0,0,0,0,0,0,2,0,0
94878,0,0,1.579,0,0,0,0,0,0,0,0,0,0,0,0,2,0,0
94888,0,0,1.579,0,0,0,0,0,0,0,0,0,0,0,0,2,0,0
94898,0,0,1.579,0,0,0,0,0,0,0,0,0,0,0,0,2,0,0
94908,0,0,1.579,0,0,0,0,0,0,0,0,0,0,0,0,2,0,0
94918,0,0,1.579,0,0,0,0,0,0,0,0,0,0,0,0,2,0,0
94928,0,0,1.579,0,0,0,0,0,0,0,0,0,0,0,0,2,0,0
94938,0,0,1.579,0,0,0,0,0,0,0,0,0,0,0,0,2,0,0
94948,0,0,1.579,0,0,0,0,0,0,0,0,0,0,0,0,2,0,0
94958,0,0,1.579,0,0,0,0,0,0,0,0,0,0,0,0,2,0,0
94968,0,0,1.579,0,0,0,0,0,0,0,0,0,0,0,0,2,0,0
94978,0,0,1.579,0,0,0,0,0,0,0,0,0,0,0,0,2,0,0
94988,0,0,1.579,0,0,0,0,0,0,0,0,0,0,0,0,2,0,0
94998,0,0,1.579,0,0,0,0,0,0,0,0,0,0,0,0,2,0,0
95008,0,0,1.579,0,0,0,0,0,0,0,0,0,0,0,0,2,0,0
95018,0,0,1.579,0,0,0,0,0,0,0,0,0,0,0,0,2,0,0
95028,0,0,1.579,0,0,0,0,0,0,0,0,0,0,0,0,2,0,0
95038,0,0,1.579,0,0,0,0,0,0,0,0,0,0,0,0,2,0,0
95048,0,0,1.579,0,0,0,0,0,0,0,0,0,0,0,0,2,0,0
95058,0,0,1.579,0,0,0,0,0,0,0,0,0,0,0,0,2,0,0
95068,0,0,1.579,0,0,0,0,0,0,0,0,0,0,0,0,2,0,0
95078,0,0,1.579,0,0,0,0,0,0,0,0,0,0,0,0,2,0,0
95088,0,0,1.579,0,0,0,0,0,0,0,0,0,0,0,0,2,0,0
95098,0,0,1.579,0,0,0,0,0,0,0,0,0,0,0,0,2,0,0
95108,0,0,1.579,0,0,0,0,0,0,0,0,0,0,0,0,2,0,0
95118,0,0,1.579,0,0,0,0,0,0,0,0,0,0,0,0,2,0,0
95128,0,0,1.579,0,0,0,0,0,0,0,0,0,0,0,0,2,0,0
95138,0,0,1.579,0,0,0,0,0,0,0,0,0,0,0,0,2,0,0
95148,0,0,1.579,0,0,0,0,0,0,0,0,0,0,0,0,2,0,0
95158,0,0,1.579,0,0,0,0,0,0,0,0,0,0,0,0,2,0,0
95168,0,0,1.579,0,0,0,0,0,0,0,0,0,0,0,0,2,0,0
95178,0,0,1.579,0,0,0,0,0,0,0,0,0,0,0,0,2,0,0
95188,0,0,1.579,0,0,0,0,0,0,0,0,0,0,0,0,2,0,0
95198,0,0,1.579,0,0,0,0,0,0,0,0,0,0,0,0,2,0,0
95208,0,0,1.579,0,0,0,0,0,0,0,0,0,0,0,0,2,0,0
95218,0,0,1.579,0,0,0,0,0,0,0,0,0,0,0,0,2,0,0
95228,0,0,1.579,0,0,0,0,0,0,0,0,0,0,0,0,2,0,0
95238,0,0,1.579,0,0,0,0,0,0,0,0,0,0,0,0,2,0,0
95248,0,0,1.579,0,0,0,0,0,0,0,0,0,0,0,0,2,0,0
95258,0,0,1.579,0,0,0,0,0,0,0,0,0,0,0,0,2,0,0
95268,0,0,1.579,0,0,0,0,0,0,0,0,0,0,0,0,2,0,0
95278,0,0,1.579,0,0,0,0,0,0,0,0,0,0,0,0,2,0,0
95288,0,0,1.579,0,0,0,0,0,0,0,0,0,0,0,0,2,0,0
95298,0,0,1.579,0,0,0,0,0,0,0,0,0,0,0,0,2,0,0
95308,0,0,1.579,0,0,0,0,0,0,0,0,0,0,0,0,2,0,0
95318,0,0,1.579,0,0,0,0,0,0,0,0,0,0,0,0,2,0,0
95328,0,0,1.579,0,0,0,0,0,0,0,0,0,0,0,0,2,0,0
95338,0,0,1.579,0,0,0,0,0,0,0,0,0,0,0,0,2,0,0
95348,0,0,1.579,0,0,0,0,0,0,0,0,0,0,0,0,2,0,0
95358,0,0,1.579,0,0,0,0,0,0,0,0,0,0,0,0,2,0,0
95368,0,0,1.579,0,0,0,0,0,0,0,0,0,0,0,0,2,0,0
95378,0,0,1.579,0,0,0,0,0,0,0,0,0,0,0,0,2,0,0
95388,0,0,1.579,0,0,0,0,0,0,0,0,0,0,0,0,2,0,0
95398,0,0,1.579,0,0,0,0,0,0,0,0,0,0,0,0,2,0,0
95408,0,0,1.579,0,0,0,0,0,0,0,0,0,0,0,0,2,0,0
95418,0,0,1.579,0,0,0,0,0,0,0,0,0,0,0,0,2,0,0
95428,0,0,1.579,0,0,0,0,0,0,0,0,0,0,0,0,2,0,0
95438,0,0,1.579,0,0,0,0,0,0,0,0,0,0,0,0,2,0,0
95448,0,0,1.579,0,0,0,0,0,0,0,0,0,0,0,0,2,0,0
95458,0,0,1.579,0,0,0,0,0,0,0,0,0,0,0,0,2,0,0
95468,0,0,1.579,0,0,0,0,0,0,0,0,0,0,0,0,2,0,0
95478,0,0,1.579,0,0,0,0,0,0,0,0,0,0,0,0,2,0,0
95488,0,0,1.579,0,0,0,0,0,0,0,0,0,0,0,0,2,0,0
95498,0,0,1.579,0,0,0,0,0,0,0,0,0,0,0,0,2,0,0
95508,0,0,1.579,0,0,0,0,0,0,0,0,0,0,0,0,2,0,0
95518,0,0,1.579,0,0,0,0,0,0,0,0,0,0,0,0,2,0,0
95528,0,0,1.579,0,0,0,0,0,0,0,0,0,0,0,0,2,0,0
95538,0,0,1.579,0,0,0,0,0,0,0,0,0,0,0,0,2,0,0
95548,0,0,1.579,0,0,0,0,0,0,0,0,0,0,0,0,2,0,0
95558,0,0,1.579,0,0,0,0,0,0,0,0,0,0,0,0,2,0,0
95568,0,0,1.579,0,0,0,0,0,0,0,0,0,0,0,0,2,0,0
95578,0,0,1.579,0,0,0,0,0,0,0,0,0,0,0,0,2,0,0
95588,0,0,1.579,0,0,0,0,0,0,0,0,0,0,0,0,2,0,0
95598,0,0,1.579,0,0,0,0,0,0,0,0,0,0,0,0,2,0,0
95608,0,0,1.579,0,0,0,0,0,0,0,0,0,0,0,0,2,0,0
95618,0,0,1.579,0,0,0,0,0,0,0,0,0,0,0,0,2,0,0
95628,0,0,1.579,0,0,0,0,0,0,0,0,0,0,0,0,2,0,0
95638,0,0,1.579,0,0,0,0,0,0,0,0,0,0,0,0,2,0,0
95648,0,0,1.579,0,0,0,0,0,0,0,0,0,0,0,0,2,0,0
95658,0,0,1.579,0,0,0,0,0,0,0,0,0,0,0,0,2,0,0
95668,0,0,1.579,0,0,0,0,0,0,0,0,0,0,0,0,2,0,0
95678,0,0,1.579,0,0,0,0,0,0,0,0,0,0,0,0,2,0,0
95688,0,0,1.579,0,0,0,0,0,0,0,0,0,0,0,0,2,0,0
95698,0,0,1.579,0,0,0,0,0,0,0,0,0,0,0,0,2,0,0
95708,0,0,1.579,0,0,0,0,0,0,0,0,0,0,0,0,2,0,0
95718,0,0,1.579,0,0,0,0,0,0,0,0,0,0,0,0,2,0,0
95728,0,0,1.579,0,0,0,0,0,0,0,0,0,0,0,0,2,0,0
95738,0,0,1.579,0,0,0,0,0,0,0,0,0,0,0,0,2,0,0
95748,0,0,1.579,0,0,0,0,0,0,0,0,0,0,0,0,2,0,0
95758,0,0,1.579,0,0,0,0,0,0,0,0,0,0,0,0,2,0,0
95768,0,0,1.579,0,0,0,0,0,0,0,0,0,0,0,0,2,0,0
95778,0,0,1.579,0,0,0,0,0,0,0,0,0,0,0,0,2,0,0
95788,0,0,1.579,0,0,0,0,0,0,0,0,0,0,0,0,2,0,0
95798,0,0,1.579,0,0,0,0,0,0,0,0,0,0,0,0,2,0,0
95808,0,0,1.579,0,0,0,0,0,0,0,0,0,0,0,0,2,0,0
95818,0,0,1.579,0,0,0,0,0,0,0,0,0,0,0,0,2,0,0
95828,0,0,1.579,0,0,0,0,0,0,0,0,0,0,0,0,2,0,0
95838,0,0,1.579,0,0,0,0,0,0,0,0,0,0,0,0,2,0,0
95848,0,0,1.579,0,0,0,0,0,0,0,0,0,0,0,0,2,0,0
95858,0,0,1.579,0,0,0,0,0,0,0,0,0,0,0,0,2,0,0
95868,0,0,1.579,0,0,0,0,0,0,0,0,0,0,0,0,2,0,0
95878,0,0,1.579,0,0,0,0,0,0,0,0,0,0,0,0,2,0,0
95888,0,0,1.579,0,0,0,0,0,0,0,0,0,0,0,0,2,0,0
95898,0,0,1.579,0,0,0,0,0,0,0,0,0,0,0,0,2,0,0
95908,0,0,1.579,0,0,0,0,0,0,0,0,0,0,0,0,2,0,0
95918,0,0,1.579,0,0,0,0,0,0,0,0,0,0,0,0,2,0,0
95928,0,0,1.579,0,0,0,0,0,0,0,0,0,0,0,0,2,0,0
95938,0,0,1.579,0,0,0,0,0,0,0,0,0,0,0,0,2,0,0
95948,0,0,1.579,0,0,0,0,0,0,0,0,0,0,0,0,2,0,0
95958,0,0,1.579,0,0,0,0,0,0,0,0,0,0,0,0,2,0,0
95968,0,0,1.579,0,0,0,0,0,0,0,0,0,0,0,0,2,0,0
95978,0,0,1.579,0,0,0,0,0,0,0,0,0,0,0,0,2,0,0
95988,0,0,1.579,0,0,0,0,0,0,0,0,0,0,0,0,2,0,0
95998,0,0,1.579,0,0,0,0,0,0,0,0,0,0,0,0,2,0,0
96008,0,0,1.579,0,0,0,0,0,0,0,0,0,0,0,0,2,0,0
96018,0,0,1.579,0,0,0,0,0,0,0,0,0,0,0,0,2,0,0
96028,0,0,1.579,0,0,0,0,0,0,0,0,0,0,0,0,2,0,0
96038,0,0,1.579,0,0,0,0,0,0,0,0,0,0,0,0,2,0,0
96048,0,0,1.579,0,0,0,0,0,0,0,0,0,0,0,0,2,0,0
96058,0,0,1.579,0,0,0,0,0,0,0,0,0,0,0,0,2,0,0
96068,0,0,1.579,0,0,0,0,0,0,0,0,0,0,0,0,2,0,0
96078,0,0,1.579,0,0,0,0,0,0,0,0,0,0,0,0,2,0,0
96088,0,0,1.579,0,0,0,0,0,0,0,0,0,0,0,0,2,0,0
96098,0,0,1.579,0,0,0,0,0,0,0,0,0,0,0,0,2,0,0
96108,0,0,1.579,0,0,0,0,0,0,0,0,0,0,0,0,2,0,0
96118,0,0,1.579,0,0,0,0,0,0,0,0,0,0,0,0,2,0,0
96128,0,0,1.579,0,0,0,0,0,0,0,0,0,0,0,0,2,0,0
96138,0,0,1.579,0,0,0,0,0,0,0,0,0,0,0,0,2,0,0
96148,0,0,1.579,0,0,0,0,0,0,0,0,0,0,0,0,2,0,0
96158,0,0,1.579,0,0,0,0,0,0,0,0,0,0,0,0,2,0,0
96168,0,0,1.579,0,0,0,0,0,0,0,0,0,0,0,0,2,0,0
96178,0,0,1.579,0,0,0,0,0,0,0,0,0,0,0,0,2,0,0
96188,0,0,1.579,0,0,0,0,0,0,0,0,0,0,0,0,2,0,0
96198,0,0,1.579,0,0,0,0,0,0,0,0,0,0,0,0,2,0,0
96208,0,0,1.579,0,0,0,0,0,0,0,0,0,0,0,0,2,0,0
96218,0,0,1.579,0,0,0,0,0,0,0,0,0,0,0,0,2,0,0
96228,0,0,1.579,0,0,0,0,0,0,0,0,0,0,0,0,2,0,0
96238,0,0,1.579,0,0,0,0,0,0,0,0,0,0,0,0,2,0,0
96248,0,0,1.579,0,0,0,0,0,0,0,0,0,0,0,0,2,0,0
96258,0,0,1.579,0,0,0,0,0,0,0,0,0,0,0,0,2,0,0
96268,0,0,1.579,0,0,0,0,0,0,0,0,0,0,0,0,2,0,0
96278,0,0,1.579,0,0,0,0,0,0,0,0,0,0,0,0,2,0,0
96288,0,0,1.579,0,0,0,0,0,0,0,0,0,0,0,0,2,0,0
96298,0,0,1.579,0,0,0,0,0,0,0,0,0,0,0,0,2,0,0
96308,0,0,1.579,0,0,0,0,0,0,0,0,0,0,0,0,2,0,0
96318,0,0,1.579,0,0,0,0,0,0,0,0,0,0,0,0,2,0,0
96328,0,0,1.579,0,0,0,0,0,0,0,0,0,0,0,0,2,0,0
96338,0,0,1.579,0,0,0,0,0,0,0,0,0,0,0,0,2,0,0
96348,0,0,1.579,0,0,0,0,0,0,0,0,0,0,0,0,2,0,0
96358,0,0,1.579,0,0,0,0,0,0,0,0,0,0,0,0,2,0,0
96368,0,0,1.579,0,0,0,0,0,0,0,0,0,0,0,0,2,0,0
96378,0,0,1.579,0,0,0,0,0,0,0,0,0,0,0,0,2,0,0
96388,0,0,1.579,0,0,0,0,0,0,0,0,0,0,0,0,2,0,0
96398,0,0,1.579,0,0,0,0,0,0,0,0,0,0,0,0,2,0,0
96408,0,0,1.579,0,0,0,0,0,0,0,0,0,0,0,0,2,0,0
96418,0,0,1.579,0,0,0,0,0,0,0,0,0,0,0,0,2,0,0
96428,0,0,1.579,0,0,0,0,0,0,0,0,0,0,0,0,2,0,0
96438,0,0,1.579,0,0,0,0,0,0,0,0,0,0,0,0,2,0,0
96448,0,0,1.579,0,0,0,0,0,0,0,0,0,0,0,0,2,0,0
96458,0,0,1.579,0,0,0,0,0,0,0,0,0,0,0,0,2,0,0
96468,0,0,1.579,0,0,0,0,0,0,0,0,0,0,0,0,2,0,0
96478,0,0,1.579,0,0,0,0,0,0,0,0,0,0,0,0,2,0,0
96488,0,0,1.579,0,0,0,0,0,0,0,0,0,0,0,0,2,0,0
96498,0,0,1.579,0,0,0,0,0,0,0,0,0,0,0,0,2,0,0
96508,0,0,1.579,0,0,0,0,0,0,0,0,0,0,0,0,2,0,0
96518,0,0,1.579,0,0,0,0,0,0,0,0,0,0,0,0,2,0,0
96528,0,0,1.579,0,0,0,0,0,0,0,0,0,0,0,0,2,0,0
96538,0,0,1.579,0,0,0,0,0,0,0,0,0,0,0,0,2,0,0
96548,0,0,1.579,0,0,0,0,0,0,0,0,0,0,0,0,2,0,0
96558,0,0,1.579,0,0,0,0,0,0,0,0,0,0,0,0,2,0,0
96568,0,0,1.579,0,0,0,0,0,0,0,0,0,0,0,0,2,0,0
96578,0,0,1.579,0,0,0,0,0,0,0,0,0,0,0,0,2,0,0
96588,0,0,1.579,0,0,0,0,0,0,0,0,0,0,0,0,2,0,0
96598,0,0,1.579,0,0,0,0,0,0,0,0,0,0,0,0,2,0,0
96608,0,0,1.579,0,0,0,0,0,0,0,0,0,0,0,0,2,0,0
96618,0,0,1.579,0,0,0,0,0,0,0,0,0,0,0,0,2,0,0
96628,0,0,1.579,0,0,0,0,0,0,0,0,0,0,0,0,2,0,0
96638,0,0,1.579,0,0,0,0,0,0,0,0,0,0,0,0,2,0,0
96648,0,0,1.579,0,0,0,0,0,0,0,0,0,0,0,0,2,0,0
96658,0,0,1.579,0,0,0,0,0,0,0,0,0,0,0,0,2,0,0
96668,0,0,1.579,0,0,0,0,0,0,0,0,0,0,0,0,2,0,0
96678,0,0,1.579,0,0,0,0,0,0,0,0,0,0,0,0,2,0,0
96688,0,0,1.579,0,0,0,0,0,0,0,0,0,0,0,0,2,0,0
96698,0,0,1.579,0,0,0,0,0,0,0,0,0,0,0,0,2,0,0
96708,0,0,1.579,0,0,0,0,0,0,0,0,0,0,0,0,2,0,0
96718,0,0,1.579,0,0,0,0,0,0,0,0,0,0,0,0,2,0,0
96728,0,0,1.579,0,0,0,0,0,0,0,0,0,0,0,0,2,0,0
96738,0,0,1.579,0,0,0,0,0,0,0,0,0,0,0,0,2,0,0
96748,0,0,1.579,0,0,0,0,0,0,0,0,0,0,0,0,2,0,0
96758,0,0,1.579,0,0,0,0,0,0,0,0,0,0,0,0,2,0,0
96768,0,0,1.579,0,0,0,0,0,0,0,0,0,0,0,0,2,0,0
96778,0,0,1.579,0,0,0,0,0,0,0,0,0,0,0,0,2,0,0
96788,0,0,1.579,0,0,0,0,0,0,0,0,0,0,0,0,2,0,0
96798,0,0,1.579,0,0,0,0,0,0,0,0,0,0,0,0,2,0,0
96808,0,0,1.579,0,0,0,0,0,0,0,0,0,0,0,0,2,0,0
96818,0,0,1.579,0,0,0,0,0,0,0,0,0,0,0,0,2,0,0
96828,0,0,1.579,0,0,0,0,0,0,0,0,0,0,0,0,2,0,0
96838,0,0,1.579,0,0,0,0,0,0,0,0,0,0,0,0,2,0,0
96848,0,0,1.579,0,0,0,0,0,0,0,0,0,0,0,0,2,0,0
96858,0,0,1.579,0,0,0,0,0,0,0,0,0,0,0,0,2,0,0
96868,0,0,1.579,0,0,0,0,0,0,0,0,0,0,0,0,2,0,0
96878,0,0,1.579,0,0,0,0,0,0,0,0,0,0,0,0,2,0,0
96888,0,0,1.579,0,0,0,0,0,0,0,0,0,0,0,0,2,0,0
96898,0,0,1.579,0,0,0,0,0,0,0,0,0,0,0,0,2,0,0
96908,0,0,1.579,0,0,0,0,0,0,0,0,0,0,0,0,2,0,0
96918,0,0,1.579,0,0,0,0,0,0,0,0,0,0,0,0,2,0,0
96928,0,0,1.579,0,0,0,0,0,0,0,0,0,0,0,0,2,0,0
96938,0,0,1.579,0,0,0,0,0,0,0,0,0,0,0,0,2,0,0
96948,0,0,1.579,0,0,0,0,0,0,0,0,0,0,0,0,2,0,0
96958,0,0,1.579,0,0,0,0,0,0,0,0,0,0,0,0,2,0,0
96968,0,0,1.579,0,0,0,0,0,0,0,0,0,0,0,0,2,0,0
96978,0,0,1.579,0,0,0,0,0,0,0,0,0,0,0,0,2,0,0
96988,0,0,1.579,0,0,0,0,0,0,0,0,0,0,0,0,2,0,0
96998,0,0,1.579,0,0,0,0,0,0,0,0,0,0,0,0,2,0,0
97008,0,0,1.579,0,0,0,0,0,0,0,0,0,0,0,0,2,0,0
97018,0,0,1.579,0,0,0,0,0,0,0,0,0,0,0,0,2,0,0
97028,0,0,1.579,0,0,0,0,0,0,0,0,0,0,0,0,2,0,0
97038,0,0,1.579,0,0,0,0,0,0,0,0,0,0,0,0,2,0,0
97048,0,0,1.579,0,0,0,0,0,0,0,0,0,0,0,0,2,0,0
97058,0,0,1.579,0,0,0,0,0,0,0,0,0,0,0,0,2,0,0
97068,0,0,1.579,0,0,0,0,0,0,0,0,0,0,0,0,2,0,0
97078,0,0,1.579,0,0,0,0,0,0,0,0,0,0,0,0,2,0,0
97088,0,0,1.579,0,0,0,0,0,0,0,0,0,0,0,0,2,0,0
97098,0,0,1.579,0,0,0,0,0,0,0,0,0,0,0,0,2,0,0
97108,0,0,1.579,0,0,0,0,0,0,0,0,0,0,0,0,2,0,0
97118,0,0,1.579,0,0,0,0,0,0,0,0,0,0,0,0,2,0,0
97128,0,0,1.579,0,0,0,0,0,0,0,0,0,0,0,0,2,0,0
97138,0,0,1.579,0,0,0,0,0,0,0,0,0,0,0,0,2,0,0
97148,0,0,1.579,0,0,0,0,0,0,0,0,0,0,0,0,2,0,0
97158,0,0,1.579,0,0,0,0,0,0,0,0,0,0,0,0,2,0,0
97168,0,0,1.579,0,0,0,0,0,0,0,0,0,0,0,0,2,0,0
97178,0,0,1.579,0,0,0,0,0,0,0,0,0,0,0,0,2,0,0
97188,0,0,1.579,0,0,0,0,0,0,0,0,0,0,0,0,2,0,0
97198,0,0,1.579,0,0,0,0,0,0,0,0,0,0,0,0,2,0,0
97208,0,0,1.579,0,0,0,0,0,0,0,0,0,0,0,0,2,0,0
97218,0,0,1.579,0,0,0,0,0,0,0,0,0,0,0,0,2,0,0
97228,0,0,1.579,0,0,0,0,0,0,0,0,0,0,0,0,2,0,0
97238,0,0,1.579,0,0,0,0,0,0,0,0,0,0,0,0,2,0,0
97248,0,0,1.579,0,0,0,0,0,0,0,0,0,0,0,0,2,0,0
97258,0,0,1.579,0,0,0,0,0,0,0,0,0,0,0,0,2,0,0
97268,0,0,1.579,0,0,0,0,0,0,0,0,0,0,0,0,2,0,0
97278,0,0,1.579,0,0,0,0,0,0,0,0,0,0,0,0,2,0,0
97288,0,0,1.579,0,0,0,0,0,0,0,0,0,0,0,0,2,0,0
97298,0,0,1.579,0,0,0,0,0,0,0,0,0,0,0,0,2,0,0
97308,0,0,1.579,0,0,0,0,0,0,0,0,0,0,0,0,2,0,0
97318,0,0,1.579,0,0,0,0,0,0,0,0,0,0,0,0,2,0,0
97328,0,0,1.579,0,0,0,0,0,0,0,0,0,0,0,0,2,0,0
97338,0,0,1.579,0,0,0,0,0,0,0,0,0,0,0,0,2,0,0
97348,0,0,1.579,0,0,0,0,0,0,0,0,0,0,0,0,2,0,0
97358,0,0,1.579,0,0,0,0,0,0,0,0,0,0,0,0,2,0,0
97368,0,0,1.579,0,0,0,0,0,0,0,0,0,0,0,0,2,0,0
97378,0,0,1.579,0,0,0,0,0,0,0,0,0,0,0,0,2,0,0
97388,0,0,1.579,0,0,0,0,0,0,0,0,0,0,0,0,2,0,0
97398,0,0,1.579,0,0,0,0,0,0,0,0,0,0,0,0,2,0,0
97408,0,0,1.579,0,0,0,0,0,0,0,0,0,0,0,0,2,0,0
97418,0,0,1.579,0,0,0,0,0,0,0,0,0,0,0,0,2,0,0
97428,0,0,1.579,0,0,0,0,0,0,0,0,0,0,0,0,2,0,0
97438,0,0,1.579,0,0,0,0,0,0,0,0,0,0,0,0,2,0,0
97448,0,0,1.579,0,0,0,0,0,0,0,0,0,0,0,0,2,0,0
97458,0,0,1.579,0,0,0,0,0,0,0,0,0,0,0,0,2,0,0
97468,0,0,1.579,0,0,0,0,0,0,0,0,0,0,0,0,2,0,0
97478,0,0,1.579,0,0,0,0,0,0,0,0,0,0,0,0,2,0,0
97488,0,0,1.579,0,0,0,0,0,0,0,0,0,0,0,0,2,0,0
97498,0,0,1.579,0,0,0,0,0,0,0,0,0,0,0,0,2,0,0
97508,0,0,1.579,0,0,0,0,0,0,0,0,0,0,0,0,2,0,0
97518,0,0,1.579,0,0,0,0,0,0,0,0,0,0,0,0,2,0,0
97528,0,0,1.579,0,0,0,0,0,0,0,0,0,0,0,0,2,0,0
97538,0,0,1.579,0,0,0,0,0,0,0,0,0,0,0,0,2,0,0
97548,0,0,1.579,0,0,0,0,0,0,0,0,0,0,0,0,2,0,0
97558,0,0,1.579,0,0,0,0,0,0,0,0,0,0,0,0,2,0,0
97568,0,0,1.579,0,0,0,0,0,0,0,0,0,0,0,0,2,0,0
97578,0,0,1.579,0,0,0,0,0,0,0,0,0,0,0,0,2,0,0
97588,0,0,1.579,0,0,0,0,0,0,0,0,0,0,0,0,2,0,0
97598,0,0,1.579,0,0,0,0,0,0,0,0,0,0,0,0,2,0,0
97608,0,0,1.579,0,0,0,0,0,0,0,0,0,0,0,0,2,0,0
97618,0,0,1.579,0,0,0,0,0,0,0,0,0,0,0,0,2,0,0
97628,0,0,1.579,0,0,0,0,0,0,0,0,0,0,0,0,2,0,0
97638,0,0,1.579,0,0,0,0,0,0,0,0,0,0,0,0,2,0,0
97648,0,0,1.579,0,0,0,0,0,0,0,0,0,0,0,0,2,0,0
97658,0,0,1.579,0,0,0,0,0,0,0,0,0,0,0,0,2,0,0
97668,0,0,1.579,0,0,0,0,0,0,0,0,0,0,0,0,2,0,0
97678,0,0,1.579,0,0,0,0,0,0,0,0,0,0,0,0,2,0,0
97688,0,0,1.579,0,0,0,0,0,0,0,0,0,0,0,0,2,0,0
97698,0,0,1.579,0,0,0,0,0,0,0,0,0,0,0,0,2,0,0
97708,0,0,1.579,0,0,0,0,0,0,0,0,0,0,0,0,2,0,0
97718,0,0,1.579,0,0,0,0,0,0,0,0,0,0,0,0,2,0,0
97728,0,0,1.579,0,0,0,0,0,0,0,0,0,0,0,0,2,0,0
97738,0,0,1.579,0,0,0,0,0,0,0,0,0,0,0,0,2,0,0
97748,0,0,1.579,0,0,0,0,0,0,0,0,0,0,0,0,2,0,0
97758,0,0,1.579,0,0,0,0,0,0,0,0,0,0,0,0,2,0,0
97768,0,0,1.579,0,0,0,0,0,0,0,0,0,0,0,0,2,0,0
97778,0,0,1.579,0,0,0,0,0,0,0,0,0,0,0,0,2,0,0
97788,0,0,1.579,0,0,0,0,0,0,0,0,0,0,0,0,2,0,0
97798,0,0,1.579,0,0,0,0,0,0,0,0,0,0,0,0,2,0,0
97808,0,0,1.579,0,0,0,0,0,0,0,0,0,0,0,0,2,0,0
97818,0,0,1.579,0,0,0,0,0,0,0,0,0,0,0,0,2,0,0
97828,0,0,1.579,0,0,0,0,0,0,0,0,0,0,0,0,2,0,0
97838,0,0,1.579,0,0,0,0,0,0,0,0,0,0,0,0,2,0,0
97848,0,0,1.579,0,0,0,0,0,0,0,0,0,0,0,0,2,0,0
97858,0,0,1.579,0,0,0,0,0,0,0,0,0,0,0,0,2,0,0
97868,0,0,1.579,0,0,0,0,0,0,0,0,0,0,0,0,2,0,0
97878,0,0,1.579,0,0,0,0,0,0,0,0,0,0,0,0,2,0,0
97888,0,0,1.579,0,0,0,0,0,0,0,0,0,0,0,0,2,0,0
97898,0,0,1.579,0,0,0,0,0,0,0,0,0,0,0,0,2,0,0
97908,0,0,1.579,0,0,0,0,0,0,0,0,0,0,0,0,2,0,0
97918,0,0,1.579,0,0,0,0,0,0,0,0,0,0,0,0,2,0,0
97928,0,0,1.579,0,0,0,0,0,0,0,0,0,0,0,0,2,0,0
97938,0,0,1.579,0,0,0,0,0,0,0,0,0,0,0,0,2,0,0
97948,0,0,1.579,0,0,0,0,0,0,0,0,0,0,0,0,2,0,0
97958,0,0,1.579,0,0,0,0,0,0,0,0,0,0,0,0,2,0,0
97968,0,0,1.579,0,0,0,0,0,0,0,0,0,0,0,0,2,0,0
97978,0,0,1.579,0,0,0,0,0,0,0,0,0,0,0,0,2,0,0
97988,0,0,1.579,0,0,0,0,0,0,0,0,0,0,0,0,2,0,0
97998,0,0,1.579,0,0,0,0,0,0,0,0,0,0,0,0,2,0,0
98008,0,0,1.579,0,0,0,0,0,0,0,0,0,0,0,0,2,0,0
98018,0,0,1.579,0,0,0,0,0,0,0,0,0,0,0,0,2,0,0
98028,0,0,1.579,0,0,0,0,0,0,0,0,0,0,0,0,2,0,0
98038,0,0,1.579,0,0,0,0,0,0,0,0,0,0,0,0,2,0,0
98048,0,0,1.579,0,0,0,0,0,0,0,0,0,0,0,0,2,0,0
98058,0,0,1.579,0,0,0,0,0,0,0,0,0,0,0,0,2,0,0
98068,0,0,1.579,0,0,0,0,0,0,0,0,0,0,0,0,2,0,0
98078,0,0,1.579,0,0,0,0,0,0,0,0,0,0,0,0,2,0,0
98088,0,0,1.579,0,0,0,0,0,0,0,0,0,0,0,0,2,0,0
98098,0,0,1.579,0,0,0,0,0,0,0,0,0,0,0,0,2,0,0
98108,0,0,1.579,0,0,0,0,0,0,0,0,0,0,0,0,2,0,0
98118,0,0,1.579,0,0,0,0,0,0,0,0,0,0,0,0,2,0,0
98128,0,0,1.579,0,0,0,0,0,0,0,0,0,0,0,0,2,0,0
98138,0,0,1.579,0,0,0,0,0,0,0,0,0,0,0,0,2,0,0
98148,0,0,1.579,0,0,0,0,0,0,0,0,0,0,0,0,2,0,0
98158,0,0,1.579,0,0,0,0,0,0,0,0,0,0,0,0,2,0,0
98168,0,0,1.579,0,0,0,0,0,0,0,0,0,0,0,0,2,0,0
98178,0,0,1.579,0,0,0,0,0,0,0,0,0,0,0,0,2,0,0
98188,0,0,1.579,0,0,0,0,0,0,0,0,0,0,0,0,2,0,0
98198,0,0,1.579,0,0,0,0,0,0,0,0,0,0,0,0,2,0,0
98208,0,0,1.579,0,0,0,0,0,0,0,0,0,0,0,0,2,0,0
98218,0,0,1.579,0,0,0,0,0,0,0,0,0,0,0,0,2,0,0
98228,0,0,1.579,0,0,0,0,0,0,0,0,0,0,0,0,2,0,0
98238,0,0,1.579,0,0,0,0,0,0,0,0,0,0,0,0,2,0,0
98248,0,0,1.579,0,0,0,0,0,0,0,0,0,0,0,0,2,0,0
98258,0,0,1.579,0,0,0,0,0,0,0,0,0,0,0,0,2,0,0
98268,0,0,1.579,0,0,0,0,0,0,0,0,0,0,0,0,2,0,0
98278,0,0,1.579,0,0,0,0,0,0,0,0,0,0,0,0,2,0,0
98288,0,0,1.579,0,0,0,0,0,0,0,0,0,0,0,0,2,0,0
98298,0,0,1.579,0,0,0,0,0,0,0,0,0,0,0,0,2,0,0
98308,0,0,1.579,0,0,0,0,0,0,0,0,0,0,0,0,2,0,0
98318,0,0,1.579,0,0,0,0,0,0,0,0,0,0,0,0,2,0,0
98328,0,0,1.579,0,0,0,0,0,0,0,0,0,0,0,0,2,0,0
98338,0,0,1.579,0,0,0,0,0,0,0,0,0,0,0,0,2,0,0
98348,0,0,1.579,0,0,0,0,0,0,0,0,0,0,0,0,2,0,0
98358,0,0,1.579,0,0,0,0,0,0,0,0,0,0,0,0,2,0,0
98368,0,0,1.579,0,0,0,0,0,0,0,0,0,0,0,0,2,0,0
98378,0,0,1.579,0,0,0,0,0,0,0,0,0,0,0,0,2,0,0
98388,0,0,1.579,0,0,0,0,0,0,0,0,0,0,0,0,2,0,0
98398,0,0,1.579,0,0,0,0,0,0,0,0,0,0,0,0,2,0,0
98408,0,0,1.579,0,0,0,0,0,0,0,0,0,0,0,0,2,0,0
98418,0,0,1.579,0,0,0,0,0,0,0,0,0,0,0,0,2,0,0
98428,0,0,1.579,0,0,0,0,0,0,0,0,0,0,0,0,2,0,0
98438,0,0,1.579,0,0,0,0,0,0,0,0,0,0,0,0,2,0,0
98448,0,0,1.579,0,0,0,0,0,0,0,0,0,0,0,0,2,0,0
98458,0,0,1.579,0,0,0,0,0,0,0,0,0,0,0,0,2,0,0
98468,0,0,1.579,0,0,0,0,0,0,0,0,0,0,0,0,2,0,0
98478,0,0,1.579,0,0,0,0,0,0,0,0,0,0,0,0,2,0,0
98488,0,0,1.579,0,0,0,0,0,0,0,0,0,0,0,0,2,0,0
98498,0,0,1.579,0,0,0,0,0,0,0,0,0,0,0,0,2,0,0
98508,0,0,1.579,0,0,0,0,0,0,0,0,0,0,0,0,2,0,0
98518,0,0,1.579,0,0,0,0,0,0,0,0,0,0,0,0,2,0,0
98528,0,0,1.579,0,0,0,0,0,0,0,0,0,0,0,0,2,0,0
98538,0,0,1.579,0,0,0,0,0,0,0,0,0,0,0,0,2,0,0
98548,0,0,1.579,0,0,0,0,0,0,0,0,0,0,0,0,2,0,0
98558,0,0,1.579,0,0,0,0,0,0,0,0,0,0,0,0,2,0,0
98568,0,0,1.579,0,0,0,0,0,0,0,0,0,0,0,0,2,0,0
98578,0,0,1.579,0,0,0,0,0,0,0,0,0,0,0,0,2,0,0
98588,0,0,1.579,0,0,0,0,0,0,0,0,0,0,0,0,2,0,0
98598,0,0,1.579,0,0,0,0,0,0,0,0,0,0,0,0,2,0,0
98608,0,0,1.579,0,0,0,0,0,0,0,0,0,0,0,0,2,0,0
98618,0,0,1.579,0,0,0,0,0,0,0,0,0,0,0,0,2,0,0
98628,0,0,1.579,0,0,0,0,0,0,0,0,0,0,0,0,2,0,0
98638,0,0,1.579,0,0,0,0,0,0,0,0,0,0,0,0,2,0,0
98648,0,0,1.579,0,0,0,0,0,0,0,0,0,0,0,0,2,0,0
98658,0,0,1.579,0,0,0,0,0,0,0,0,0,0,0,0,2,0,0
98668,0,0,1.579,0,0,0,0,0,0,0,0,0,0,0,0,2,0,0
98678,0,0,1.579,0,0,0,0,0,0,0,0,0,0,0,0,2,0,0
98688,0,0,1.579,0,0,0,0,0,0,0,0,0,0,0,0,2,0,0
98698,0,0,1.579,0,0,0,0,0,0,0,0,0,0,0,0,2,0,0
98708,0,0,1.579,0,0,0,0,0,0,0,0,0,0,0,0,2,0,0
98718,0,0,1.579,0,0,0,0,0,0,0,0,0,0,0,0,2,0,0
98728,0,0,1.579,0,0,0,0,0,0,0,0,0,0,0,0,2,0,0
98738,0,0,1.579,0,0,0,0,0,0,0,0,0,0,0,0,2,0,0
98748,0,0,1.579,0,0,0,0,0,0,0,0,0,0,0,0,2,0,0
98758,0,0,1.579,0,0,0,0,0,0,0,0,0,0,0,0,2,0,0
98768,0,0,1.579,0,0,0,0,0,0,0,0,0,0,0,0,2,0,0
98778,0,0,1.579,0,0,0,0,0,0,0,0,0,0,0,0,2,0,0
98788,0,0,1.579,0,0,0,0,0,0,0,0,0,0,0,0,2,0,0
98798,0,0,1.579,0,0,0,0,0,0,0,0,0,0,0,0,2,0,0
98808,0,0,1.579,0,0,0,0,0,0,0,0,0,0,0,0,2,0,0
98818,0,0,1.579,0,0,0,0,0,0,0,0,0,0,0,0,2,0,0
98828,0,0,1.579,0,0,0,0,0,0,0,0,0,0,0,0,2,0,0
98838,0,0,1.579,0,0,0,0,0,0,0,0,0,0,0,0,2,0,0
98848,0,0,1.579,0,0,0,0,0,0,0,0,0,0,0,0,2,0,0
98858,0,0,1.579,0,0,0,0,0,0,0,0,0,0,0,0,2,0,0
98868,0,0,1.579,0,0,0,0,0,0,0,0,0,0,0,0,2,0,0
98878,0,0,1.579,0,0,0,0,0,0,0,0,0,0,0,0,2,0,0
98888,0,0,1.579,0,0,0,0,0,0,0,0,0,0,0,0,2,0,0
98898,0,0,1.579,0,0,0,0,0,0,0,0,0,0,0,0,2,0,0
98908,0,0,1.579,0,0,0,0,0,0,0,0,0,0,0,0,2,0,0
98918,0,0,1.579,0,0,0,0,0,0,0,0,0,0,0,0,2,0,0
98928,0,0,1.579,0,0,0,0,0,0,0,0,0,0,0,0,2,0,0
98938,0,0,1.579,0,0,0,0,0,0,0,0,0,0,0,0,2,0,0
98948,0,0,1.579,0,0,0,0,0,0,0,0,0,0,0,0,2,0,0
98958,0,0,1.579,0,0,0,0,0,0,0,0,0,0,0,0,2,0,0
98968,0,0,1.579,0,0,0,0,0,0,0,0,0,0,0,0,2,0,0
98978,0,0,1.579,0,0,0,0,0,0,0,0,0,0,0,0,2,0,0
98988,0,0,1.579,0,0,0,0,0,0,0,0,0,0,0,0,2,0,0
98998,0,0,1.579,0,0,0,0,0,0,0,0,0,0,0,0,2,0,0
99008,0,0,1.579,0,0,0,0,0,0,0,0,0,0,0,0,2,0,0
99018,0,0,1.579,0,0,0,0,0,0,0,0,0,0,0,0,2,0,0
99028,0,0,1.579,0,0,0,0,0,0,0,0,0,0,0,0,2,0,0
99038,0,0,1.579,0,0,0,0,0,0,0,0,0,0,0,0,2,0,0
99048,0,0,1.579,0,0,0,0,0,0,0,0,0,0,0,0,2,0,0
99058,0,0,1.579,0,0,0,0,0,0,0,0,0,0,0,0,2,0,0
99068,0,0,1.579,0,0,0,0,0,0,0,0,0,0,0,0,2,0,0
99078,0,0,1.579,0,0,0,0,0,0,0,0,0,0,0,0,2,0,0
99088,0,0,1.579,0,0,0,0,0,0,0,0,0,0,0,0,2,0,0
99098,0,0,1.579,0,0,0,0,0,0,0,0,0,0,0,0,2,0,0
99108,0,0,1.579,0,0,0,0,0,0,0,0,0,0,0,0,2,0,0
99118,0,0,1.579,0,0,0,0,0,0,0,0,0,0,0,0,2,0,0
99128,0,0,1.579,0,0,0,0,0,0,0,0,0,0,0,0,2,0,0
99138,0,0,1.579,0,0,0,0,0,0,0,0,0,0,0,0,2,0,0
99148,0,0,1.579,0,0,0,0,0,0,0,0,0,0,0,0,2,0,0
99158,0,0,1.579,0,0,0,0,0,0,0,0,0,0,0,0,2,0,0
99168,0,0,1.579,0,0,0,0,0,0,0,0,0,0,0,0,2,0,0
99178,0,0,1.579,0,0,0,0,0,0,0,0,0,0,0,0,2,0,0
99188,0,0,1.579,0,0,0,0,0,0,0,0,0,0,0,0,2,0,0
99198,0,0,1.579,0,0,0,0,0,0,0,0,0,0,0,0,2,0,0
99208,0,0,1.579,0,0,0,0,0,0,0,0,0,0,0,0,2,0,0
99218,0,0,1.579,0,0,0,0,0,0,0,0,0,0,0,0,2,0,0
99228,0,0,1.579,0,0,0,0,0,0,0,0,0,0,0,0,2,0,0
99238,0,0,1.579,0,0,0,0,0,0,0,0,0,0,0,0,2,0,0
99248,0,0,1.579,0,0,0,0,0,0,0,0,0,0,0,0,2,0,0
99258,0,0,1.579,0,0,0,0,0,0,0,0,0,0,0,0,2,0,0
99268,0,0,1.579,0,0,0,0,0,0,0,0,0,0,0,0,2,0,0
99278,0,0,1.579,0,0,0,0,0,0,0,0,0,0,0,0,2,0,0
99288,0,0,1.579,0,0,0,0,0,0,0,0,0,0,0,0,2,0,0
99298,0,0,1.579,0,0,0,0,0,0,0,0,0,0,0,0,2,0,0
99308,0,0,1.579,0,0,0,0,0,0,0,0,0,0,0,0,2,0,0
99318,0,0,1.579,0,0,0,0,0,0,0,0,0,0,0,0,2,0,0
99328,0,0,1.579,0,0,0,0,0,0,0,0,0,0,0,0,2,0,0
99338,0,0,1.579,0,0,0,0,0,0,0,0,0,0,0,0,2,0,0
99348,0,0,1.579,0,0,0,0,0,0,0,0,0,0,0,0,2,0,0
99358,0,0,1.579,0,0,0,0,0,0,0,0,0,0,0,0,2,0,0
99368,0,0,1.579,0,0,0,0,0,0,0,0,0,0,0,0,2,0,0
99378,0,0,1.579,0,0,0,0,0,0,0,0,0,0,0,0,2,0,0
99388,0,0,1.579,0,0,0,0,0,0,0,0,0,0,0,0,2,0,0
99398,0,0,1.579,0,0,0,0,0,0,0,0,0,0,0,0,2,0,0
99408,0,0,1.579,0,0,0,0,0,0,0,0,0,0,0,0,2,0,0
99418,0,0,1.579,0,0,0,0,0,0,0,0,0,0,0,0,2,0,0
99428,0,0,1.579,0,0,0,0,0,0,0,0,0,0,0,0,2,0,0
99438,0,0,1.579,0,0,0,0,0,0,0,0,0,0,0,0,2,0,0
99448,0,0,1.579,0,0,0,0,0,0,0,0,0,0,0,0,2,0,0
99458,0,0,1.579,0,0,0,0,0,0,0,0,0,0,0,0,2,0,0
99468,0,0,1.579,0,0,0,0,0,0,0,0,0,0,0,0,2,0,0
99478,0,0,1.579,0,0,0,0,0,0,0,0,0,0,0,0,2,0,0
99488,0,0,1.579,0,0,0,0,0,0,0,0,0,0,0,0,2,0,0
99498,0,0,1.579,0,0,0,0,0,0,0,0,0,0,0,0,2,0,0
99508,0,0,1.579,0,0,0,0,0,0,0,0,0,0,0,0,2,0,0
99518,0,0,1.579,0,0,0,0,0,0,0,0,0,0,0,0,2,0,0
99528,0,0,1.579,0,0,0,0,0,0,0,0,0,0,0,0,2,0,0
99538,0,0,1.579,0,0,0,0,0,0,0,0,0,0,0,0,2,0,0
99548,0,0,1.579,0,0,0,0,0,0,0,0,0,0,0,0,2,0,0
99558,0,0,1.579,0,0,0,0,0,0,0,0,0,0,0,0,2,0,0
99568,0,0,1.579,0,0,0,0,0,0,0,0,0,0,0,0,2,0,0
99578,0,0,1.579,0,0,0,0,0,0,0,0,0,0,0,0,2,0,0
99588,0,0,1.579,0,0,0,0,0,0,0,0,0,0,0,0,2,0,0
99598,0,0,1.579,0,0,0,0,0,0,0,0,0,0,0,0,2,0,0
99608,0,0,1.579,0,0,0,0,0,0,0,0,0,0,0,0,2,0,0
99618,0,0,1.579,0,0,0,0,0,0,0,0,0,0,0,0,2,0,0
99628,0,0,1.579,0,0,0,0,0,0,0,0,0,0,0,0,2,0,0
99638,0,0,1.579,0,0,0,0,0,0,0,0,0,0,0,0,2,0,0
99648,0,0,1.579,0,0,0,0,0,0,0,0,0,0,0,0,2,0,0
99658,0,0,1.579,0,0,0,0,0,0,0,0,0,0,0,0,2,0,0
99668,0,0,1.579,0,0,0,0,0,0,0,0,0,0,0,0,2,0,0
99678,0,0,1.579,0,0,0,0,0,0,0,0,0,0,0,0,2,0,0
99688,0,0,1.579,0,0,0,0,0,0,0,0,0,0,0,0,2,0,0
99698,0,0,1.579,0,0,0,0,0,0,0,0,0,0,0,0,2,0,0
99708,0,0,1.579,0,0,0,0,0,0,0,0,0,0,0,0,2,0,0
99718,0,0,1.579,0,0,0,0,0,0,0,0,0,0,0,0,2,0,0
99728,0,0,1.579,0,0,0,0,0,0,0,0,0,0,0,0,2,0,0
99738,0,0,1.579,0,0,0,0,0,0,0,0,0,0,0,0,2,0,0
99748,0,0,1.579,0,0,0,0,0,0,0,0,0,0,0,0,2,0,0
99758,0,0,1.579,0,0,0,0,0,0,0,0,0,0,0,0,2,0,0
99768,0,0,1.579,0,0,0,0,0,0,0,0,0,0,0,0,2,0,0
99778,0,0,1.579,0,0,0,0,0,0,0,0,0,0,0,0,2,0,0
99788,0,0,1.579,0,0,0,0,0,0,0,0,0,0,0,0,2,0,0
99798,0,0,1.579,0,0,0,0,0,0,0,0,0,0,0,0,2,0,0
99808,0,0,1.579,0,0,0,0,0,0,0,0,0,0,0,0,2,0,0
99818,0,0,1.579,0,0,0,0,0,0,0,0,0,0,0,0,2,0,0
99828,0,0,1.579,0,0,0,0,0,0,0,0,0,0,0,0,2,0,0
99838,0,0,1.579,0,0,0,0,0,0,0,0,0,0,0,0,2,0,0
99848,0,0,1.579,0,0,0,0,0,0,0,0,0,0,0,0,2,0,0
99858,0,0,1.579,0,0,0,0,0,0,0,0,0,0,0,0,2,0,0
99868,0,0,1.579,0,0,0,0,0,0,0,0,0,0,0,0,2,0,0
99878,0,0,1.579,0,0,0,0,0,0,0,0,0,0,0,0,2,0,0
99888,0,0,1.579,0,0,0,0,0,0,0,0,0,0,0,0,2,0,0
99898,0,0,1.579,0,0,0,0,0,0,0,0,0,0,0,0,2,0,0
99908,0,0,1.579,0,0,0,0,0,0,0,0,0,0,0,0,2,0,0
99918,0,0,1.579,0,0,0,0,0,0,0,0,0,0,0,0,2,0,0
99928,0,0,1.579,0,0,0,0,0,0,0,0,0,0,0,0,2,0,0
99938,0,0,1.579,0,0,0,0,0,0,0,0,0,0,0,0,2,0,0
99948,0,0,1.579,0,0,0,0,0,0,0,0,0,0,0,0,2,0,0
99958,0,0,1.579,0,0,0,0,0,0,0,0,0,0,0,0,2,0,0
99968,0,0,1.579,0,0,0,0,0,0,0,0,0,0,0,0,2,0,0
99977,0,0,1.579,0,0,0,0,0,0,0,0,0,0,0,0,2,0,0
99988,0,0,1.579,0,0,0,0,0,0,0,0,0,0,0,0,2,0,0
99998,0,0,1.579,0,0,0,0,0,0,0,0,0,0,0,0,2,0,0
100008,0,0,1.579,0,0,0,0,0,0,0,0,0,0,0,0,2,0,0
100018,0,0,1.579,0,0,0,0,0,0,0,0,0,0,0,0,2,0,0
100028,0,0,1.579,0,0,0,0,0,0,0,0,0,0,0,0,2,0,0
100038,0,0,1.579,0,0,0,0,0,0,0,0,0,0,0,0,2,0,0
100048,0,0,1.579,0,0,0,0,0,0,0,0,0,0,0,0,2,0,0
100058,0,0,1.579,0,0,0,0,0,0,0,0,0,0,0,0,2,0,0
100068,0,0,1.579,0,0,0,0,0,0,0,0,0,0,0,0,2,0,0
100078,0,0,1.579,0,0,0,0,0,0,0,0,0,0,0,0,2,0,0
100088,0,0,1.579,0,0,0,0,0,0,0,0,0,0,0,0,2,0,0
100098,0,0,1.579,0,0,0,0,0,0,0,0,0,0,0,0,2,0,0
100108,0,0,1.579,0,0,0,0,0,0,0,0,0,0,0,0,2,0,0
100118,0,0,1.579,0,0,0,0,0,0,0,0,0,0,0,0,2,0,0
100128,0,0,1.579,0,0,0,0,0,0,0,0,0,0,0,0,2,0,0
100138,0,0,1.579,0,0,0,0,0,0,0,0,0,0,0,0,2,0,0
100148,0,0,1.579,0,0,0,0,0,0,0,0,0,0,0,0,2,0,0
100158,0,0,1.579,0,0,0,0,0,0,0,0,0,0,0,0,2,0,0
100168,0,0,1.579,0,0,0,0,0,0,0,0,0,0,0,0,2,0,0
100178,0,0,1.579,0,0,0,0,0,0,0,0,0,0,0,0,2,0,0
100188,0,0,1.579,0,0,0,0,0,0,0,0,0,0,0,0,2,0,0
100198,0,0,1.579,0,0,0,0,0,0,0,0,0,0,0,0,2,0,0
100208,0,0,1.579,0,0,0,0,0,0,0,0,0,0,0,0,2,0,0
100218,0,0,1.579,0,0,0,0,0,0,0,0,0,0,0,0,2,0,0
100228,0,0,1.579,0,0,0,0,0,0,0,0,0,0,0,0,2,0,0
100238,0,0,1.579,0,0,0,0,0,0,0,0,0,0,0,0,2,0,0
100248,0,0,1.579,0,0,0,0,0,0,0,0,0,0,0,0,2,0,0
100258,0,0,1.579,0,0,0,0,0,0,0,0,0,0,0,0,2,0,0
100268,0,0,1.579,0,0,0,0,0,0,0,0,0,0,0,0,2,0,0
100278,0,0,1.579,0,0,0,0,0,0,0,0,0,0,0,0,2,0,0
100288,0,0,1.579,0,0,0,0,0,0,0,0,0,0,0,0,2,0,0
100298,0,0,1.579,0,0,0,0,0,0,0,0,0,0,0,0,2,0,0
100308,0,0,1.579,0,0,0,0,0,0,0,0,0,0,0,0,2,0,0
100318,0,0,1.579,0,0,0,0,0,0,0,0,0,0,0,0,2,0,0
100328,0,0,1.579,0,0,0,0,0,0,0,0,0,0,0,0,2,0,0
100338,0,0,1.579,0,0,0,0,0,0,0,0,0,0,0,0,2,0,0
100348,0,0,1.579,0,0,0,0,0,0,0,0,0,0,0,0,2,0,0
100358,0,0,1.579,0,0,0,0,0,0,0,0,0,0,0,0,2,0,0
100368,0,0,1.579,0,0,0,0,0,0,0,0,0,0,0,0,2,0,0
100378,0,0,1.579,0,0,0,0,0,0,0,0,0,0,0,0,2,0,0
100388,0,0,1.579,0,0,0,0,0,0,0,0,0,0,0,0,2,0,0
100398,0,0,1.579,0,0,0,0,0,0,0,0,0,0,0,0,2,0,0
100408,0,0,1.579,0,0,0,0,0,0,0,0,0,0,0,0,2,0,0
100418,0,0,1.579,0,0,0,0,0,0,0,0,0,0,0,0,2,0,0
100428,0,0,1.579,0,0,0,0,0,0,0,0,0,0,0,0,2,0,0
100438,0,0,1.579,0,0,0,0,0,0,0,0,0,0,0,0,2,0,0
100448,0,0,1.579,0,0,0,0,0,0,0,0,0,0,0,0,2,0,0
100458,0,0,1.579,0,0,0,0,0,0,0,0,0,0,0,0,2,0,0
100468,0,0,1.579,0,0,0,0,0,0,0,0,0,0,0,0,2,0,0
100478,0,0,1.579,0,0,0,0,0,0,0,0,0,0,0,0,2,0,0
100488,0,0,1.579,0,0,0,0,0,0,0,0,0,0,0,0,2,0,0
100498,0,0,1.579,0,0,0,0,0,0,0,0,0,0,0,0,2,0,0
100508,0,0,1.579,0,0,0,0,0,0,0,0,0,0,0,0,2,0,0
100518,0,0,1.579,0,0,0,0,0,0,0,0,0,0,0,0,2,0,0
100528,0,0,1.579,0,0,0,0,0,0,0,0,0,0,0,0,2,0,0
100538,0,0,1.579,0,0,0,0,0,0,0,0,0,0,0,0,2,0,0
100548,0,0,1.579,0,0,0,0,0,0,0,0,0,0,0,0,2,0,0
100558,0,0,1.579,0,0,0,0,0,0,0,0,0,0,0,0,2,0,0
100568,0,0,1.579,0,0,0,0,0,0,0,0,0,0,0,0,2,0,0
100578,0,0,1.579,0,0,0,0,0,0,0,0,0,0,0,0,2,0,0
100588,0,0,1.579,0,0,0,0,0,0,0,0,0,0,0,0,2,0,0
100598,0,0,1.579,0,0,0,0,0,0,0,0,0,0,0,0,2,0,0
100608,0,0,1.579,0,0,0,0,0,0,0,0,0,0,0,0,2,0,0
100618,0,0,1.579,0,0,0,0,0,0,0,0,0,0,0,0,2,0,0
100628,0,0,1.579,0,0,0,0,0,0,0,0,0,0,0,0,2,0,0
100638,0,0,1.579,0,0,0,0,0,0,0,0,0,0,0,0,2,0,0
100648,0,0,1.579,0,0,0,0,0,0,0,0,0,0,0,0,2,0,0
100658,0,0,1.579,0,0,0,0,0,0,0,0,0,0,0,0,2,0,0
100668,0,0,1.579,0,0,0,0,0,0,0,0,0,0,0,0,2,0,0
100678,0,0,1.579,0,0,0,0,0,0,0,0,0,0,0,0,2,0,0
100688,0,0,1.579,0,0,0,0,0,0,0,0,0,0,0,0,2,0,0
100698,0,0,1.579,0,0,0,0,0,0,0,0,0,0,0,0,2,0,0
100708,0,0,1.579,0,0,0,0,0,0,0,0,0,0,0,0,2,0,0
100718,0,0,1.579,0,0,0,0,0,0,0,0,0,0,0,0,2,0,0
100728,0,0,1.579,0,0,0,0,0,0,0,0,0,0,0,0,2,0,0
100738,0,0,1.579,0,0,0,0,0,0,0,0,0,0,0,0,2,0,0
100748,0,0,1.579,0,0,0,0,0,0,0,0,0,0,0,0,2,0,0
100758,0,0,1.579,0,0,0,0,0,0,0,0,0,0,0,0,2,0,0
100768,0,0,1.579,0,0,0,0,0,0,0,0,0,0,0,0,2,0,0
100778,0,0,1.579,0,0,0,0,0,0,0,0,0,0,0,0,2,0,0
100788,0,0,1.579,0,0,0,0,0,0,0,0,0,0,0,0,2,0,0
100798,0,0,1.579,0,0,0,0,0,0,0,0,0,0,0,0,2,0,0
100808,0,0,1.579,0,0,0,0,0,0,0,0,0,0,0,0,2,0,0
100818,0,0,1.579,0,0,0,0,0,0,0,0,0,0,0,0,2,0,0
100828,0,0,1.579,0,0,0,0,0,0,0,0,0,0,0,0,2,0,0
100838,0,0,1.579,0,0,0,0,0,0,0,0,0,0,0,0,2,0,0
100848,0,0,1.579,0,0,0,0,0,0,0,0,0,0,0,0,2,0,0
100858,0,0,1.579,0,0,0,0,0,0,0,0,0,0,0,0,2,0,0
100868,0,0,1.579,0,0,0,0,0,0,0,0,0,0,0,0,2,0,0
100878,0,0,1.579,0,0,0,0,0,0,0,0,0,0,0,0,2,0,0
100888,0,0,1.579,0,0,0,0,0,0,0,0,0,0,0,0,2,0,0
100898,0,0,1.579,0,0,0,0,0,0,0,0,0,0,0,0,2,0,0
100908,0,0,1.579,0,0,0,0,0,0,0,0,0,0,0,0,2,0,0
100918,0,0,1.579,0,0,0,0,0,0,0,0,0,0,0,0,2,0,0
100928,0,0,1.579,0,0,0,0,0,0,0,0,0,0,0,0,2,0,0
100938,0,0,1.579,0,0,0,0,0,0,0,0,0,0,0,0,2,0,0
100948,0,0,1.579,0,0,0,0,0,0,0,0,0,0,0,0,2,0,0
100958,0,0,1.579,0,0,0,0,0,0,0,0,0,0,0,0,2,0,0
100968,0,0,1.579,0,0,0,0,0,0,0,0,0,0,0,0,2,0,0
100978,0,0,1.579,0,0,0,0,0,0,0,0,0,0,0,0,2,0,0
100988,0,0,1.579,0,0,0,0,0,0,0,0,0,0,0,0,2,0,0
100998,0,0,1.579,0,0,0,0,0,0,0,0,0,0,0,0,2,0,0
101008,0,0,1.579,0,0,0,0,0,0,0,0,0,0,0,0,2,0,0
101018,0,0,1.579,0,0,0,0,0,0,0,0,0,0,0,0,2,0,0
101028,0,0,1.579,0,0,0,0,0,0,0,0,0,0,0,0,2,0,0
101038,0,0,1.579,0,0,0,0,0,0,0,0,0,0,0,0,2,0,0
101048,0,0,1.579,0,0,0,0,0,0,0,0,0,0,0,0,2,0,0
101058,0,0,1.579,0,0,0,0,0,0,0,0,0,0,0,0,2,0,0
101068,0,0,1.579,0,0,0,0,0,0,0,0,0,0,0,0,2,0,0
101078,0,0,1.579,0,0,0,0,0,0,0,0,0,0,0,0,2,0,0
101088,0,0,1.579,0,0,0,0,0,0,0,0,0,0,0,0,2,0,0
101098,0,0,1.579,0,0,0,0,0,0,0,0,0,0,0,0,2,0,0
101108,0,0,1.579,0,0,0,0,0,0,0,0,0,0,0,0,2,0,0
101118,0,0,1.579,0,0,0,0,0,0,0,0,0,0,0,0,2,0,0
101128,0,0,1.579,0,0,0,0,0,0,0,0,0,0,0,0,2,0,0
101138,0,0,1.579,0,0,0,0,0,0,0,0,0,0,0,0,2,0,0
101148,0,0,1.579,0,0,0,0,0,0,0,0,0,0,0,0,2,0,0
101158,0,0,1.579,0,0,0,0,0,0,0,0,0,0,0,0,2,0,0
101168,0,0,1.579,0,0,0,0,0,0,0,0,0,0,0,0,2,0,0
101178,0,0,1.579,0,0,0,0,0,0,0,0,0,0,0,0,2,0,0
101188,0,0,1.579,0,0,0,0,0,0,0,0,0,0,0,0,2,0,0
101198,0,0,1.579,0,0,0,0,0,0,0,0,0,0,0,0,2,0,0
101208,0,0,1.579,0,0,0,0,0,0,0,0,0,0,0,0,2,0,0
101218,0,0,1.579,0,0,0,0,0,0,0,0,0,0,0,0,2,0,0
101228,0,0,1.579,0,0,0,0,0,0,0,0,0,0,0,0,2,0,0
101238,0,0,1.579,0,0,0,0,0,0,0,0,0,0,0,0,2,0,0
101248,0,0,1.579,0,0,0,0,0,0,0,0,0,0,0,0,2,0,0
101258,0,0,1.579,0,0,0,0,0,0,0,0,0,0,0,0,2,0,0
101268,0,0,1.579,0,0,0,0,0,0,0,0,0,0,0,0,2,0,0
101278,0,0,1.579,0,0,0,0,0,0,0,0,0,0,0,0,2,0,0
101288,0,0,1.579,0,0,0,0,0,0,0,0,0,0,0,0,2,0,0
101298,0,0,1.579,0,0,0,0,0,0,0,0,0,0,0,0,2,0,0
101308,0,0,1.579,0,0,0,0,0,0,0,0,0,0,0,0,2,0,0
101318,0,0,1.579,0,0,0,0,0,0,0,0,0,0,0,0,2,0,0
101328,0,0,1.579,0,0,0,0,0,0,0,0,0,0,0,0,2,0,0
101338,0,0,1.579,0,0,0,0,0,0,0,0,0,0,0,0,2,0,0
101348,0,0,1.579,0,0,0,0,0,0,0,0,0,0,0,0,2,0,0
101358,0,0,1.579,0,0,0,0,0,0,0,0,0,0,0,0,2,0,0
101368,0,0,1.579,0,0,0,0,0,0,0,0,0,0,0,0,2,0,0
101378,0,0,1.579,0,0,0,0,0,0,0,0,0,0,0,0,2,0,0
101388,0,0,1.579,0,0,0,0,0,0,0,0,0,0,0,0,2,0,0
101398,0,0,1.579,0,0,0,0,0,0,0,0,0,0,0,0,2,0,0
101408,0,0,1.579,0,0,0,0,0,0,0,0,0,0,0,0,2,0,0
101418,0,0,1.579,0,0,0,0,0,0,0,0,0,0,0,0,2,0,0
101428,0,0,1.579,0,0,0,0,0,0,0,0,0,0,0,0,2,0,0
101438,0,0,1.579,0,0,0,0,0,0,0,0,0,0,0,0,2,0,0
101448,0,0,1.579,0,0,0,0,0,0,0,0,0,0,0,0,2,0,0
101458,0,0,1.579,0,0,0,0,0,0,0,0,0,0,0,0,2,0,0
101468,0,0,1.579,0,0,0,0,0,0,0,0,0,0,0,0,2,0,0
101478,0,0,1.579,0,0,0,0,0,0,0,0,0,0,0,0,2,0,0
101488,0,0,1.579,0,0,0,0,0,0,0,0,0,0,0,0,2,0,0
101498,0,0,1.579,0,0,0,0,0,0,0,0,0,0,0,0,2,0,0
101508,0,0,1.579,0,0,0,0,0,0,0,0,0,0,0,0,2,0,0
101518,0,0,1.579,0,0,0,0,0,0,0,0,0,0,0,0,2,0,0
101528,0,0,1.579,0,0,0,0,0,0,0,0,0,0,0,0,2,0,0
101538,0,0,1.579,0,0,0,0,0,0,0,0,0,0,0,0,2,0,0
101548,0,0,1.579,0,0,0,0,0,0,0,0,0,0,0,0,2,0,0
101558,0,0,1.579,0,0,0,0,0,0,0,0,0,0,0,0,2,0,0
101568,0,0,1.579,0,0,0,0,0,0,0,0,0,0,0,0,2,0,0
101578,0,0,1.579,0,0,0,0,0,0,0,0,0,0,0,0,2,0,0
101588,0,0,1.579,0,0,0,0,0,0,0,0,0,0,0,0,2,0,0
101598,0,0,1.579,0,0,0,0,0,0,0,0,0,0,0,0,2,0,0
101608,0,0,1.579,0,0,0,0,0,0,0,0,0,0,0,0,2,0,0
101618,0,0,1.579,0,0,0,0,0,0,0,0,0,0,0,0,2,0,0
101628,0,0,1.579,0,0,0,0,0,0,0,0,0,0,0,0,2,0,0
101638,0,0,1.579,0,0,0,0,0,0,0,0,0,0,0,0,2,0,0
101648,0,0,1.579,0,0,0,0,0,0,0,0,0,0,0,0,2,0,0
101658,0,0,1.579,0,0,0,0,0,0,0,0,0,0,0,0,2,0,0
101668,0,0,1.579,0,0,0,0,0,0,0,0,0,0,0,0,2,0,0
101678,0,0,1.579,0,0,0,0,0,0,0,0,0,0,0,0,2,0,0
101688,0,0,1.579,0,0,0,0,0,0,0,0,0,0,0,0,2,0,0
101698,0,0,1.579,0,0,0,0,0,0,0,0,0,0,0,0,2,0,0
101708,0,0,1.579,0,0,0,0,0,0,0,0,0,0,0,0,2,0,0
101718,0,0,1.579,0,0,0,0,0,0,0,0,0,0,0,0,2,0,0
101728,0,0,1.579,0,0,0,0,0,0,0,0,0,0,0,0,2,0,0
101738,0,0,1.579,0,0,0,0,0,0,0,0,0,0,0,0,2,0,0
101748,0,0,1.579,0,0,0,0,0,0,0,0,0,0,0,0,2,0,0
101758,0,0,1.579,0,0,0,0,0,0,0,0,0,0,0,0,2,0,0
101768,0,0,1.579,0,0,0,0,0,0,0,0,0,0,0,0,2,0,0
101778,0,0,1.579,0,0,0,0,0,0,0,0,0,0,0,0,2,0,0
101788,0,0,1.579,0,0,0,0,0,0,0,0,0,0,0,0,2,0,0
101798,0,0,1.579,0,0,0,0,0,0,0,0,0,0,0,0,2,0,0
101808,0,0,1.579,0,0,0,0,0,0,0,0,0,0,0,0,2,0,0
101818,0,0,1.579,0,0,0,0,0,0,0,0,0,0,0,0,2,0,0
101828,0,0,1.579,0,0,0,0,0,0,0,0,0,0,0,0,2,0,0
101838,0,0,1.579,0,0,0,0,0,0,0,0,0,0,0,0,2,0,0
101847,0,0,1.579,0,0,0,0,0,0,0,0,0,0,0,0,2,0,0
101858,0,0,1.579,0,0,0,0,0,0,0,0,0,0,0,0,2,0,0
101868,0,0,1.579,0,0,0,0,0,0,0,0,0,0,0,0,2,0,0
101878,0,0,1.579,0,0,0,0,0,0,0,0,0,0,0,0,2,0,0
101888,0,0,1.579,0,0,0,0,0,0,0,0,0,0,0,0,2,0,0
101898,0,0,1.579,0,0,0,0,0,0,0,0,0,0,0,0,2,0,0
101908,0,0,1.579,0,0,0,0,0,0,0,0,0,0,0,0,2,0,0
101918,0,0,1.579,0,0,0,0,0,0,0,0,0,0,0,0,2,0,0
101928,0,0,1.579,0,0,0,0,0,0,0,0,0,0,0,0,2,0,0
101938,0,0,1.579,0,0,0,0,0,0,0,0,0,0,0,0,2,0,0
101948,0,0,1.579,0,0,0,0,0,0,0,0,0,0,0,0,2,0,0
101958,0,0,1.579,0,0,0,0,0,0,0,0,0,0,0,0,2,0,0
101968,0,0,1.579,0,0,0,0,0,0,0,0,0,0,0,0,2,0,0
101978,0,0,1.579,0,0,0,0,0,0,0,0,0,0,0,0,2,0,0
101988,0,0,1.579,0,0,0,0,0,0,0,0,0,0,0,0,2,0,0
101998,0,0,1.579,0,0,0,0,0,0,0,0,0,0,0,0,2,0,0
102008,0,0,1.579,0,0,0,0,0,0,0,0,0,0,0,0,2,0,0
102018,0,0,1.579,0,0,0,0,0,0,0,0,0,0,0,0,2,0,0
102028,0,0,1.579,0,0,0,0,0,0,0,0,0,0,0,0,2,0,0
102038,0,0,1.579,0,0,0,0,0,0,0,0,0,0,0,0,2,0,0
102048,0,0,1.579,0,0,0,0,0,0,0,0,0,0,0,0,2,0,0
102058,0,0,1.579,0,0,0,0,0,0,0,0,0,0,0,0,2,0,0
102068,0,0,1.579,0,0,0,0,0,0,0,0,0,0,0,0,2,0,0
102078,0,0,1.579,0,0,0,0,0,0,0,0,0,0,0,0,2,0,0
102088,0,0,1.579,0,0,0,0,0,0,0,0,0,0,0,0,2,0,0
102098,0,0,1.579,0,0,0,0,0,0,0,0,0,0,0,0,2,0,0
102108,0,0,1.579,0,0,0,0,0,0,0,0,0,0,0,0,2,0,0
102118,0,0,1.579,0,0,0,0,0,0,0,0,0,0,0,0,2,0,0
102128,0,0,1.579,0,0,0,0,0,0,0,0,0,0,0,0,2,0,0
102138,0,0,1.579,0,0,0,0,0,0,0,0,0,0,0,0,2,0,0
102148,0,0,1.579,0,0,0,0,0,0,0,0,0,0,0,0,2,0,0
102158,0,0,1.579,0,0,0,0,0,0,0,0,0,0,0,0,2,0,0
102168,0,0,1.579,0,0,0,0,0,0,0,0,0,0,0,0,2,0,0
102178,0,0,1.579,0,0,0,0,0,0,0,0,0,0,0,0,2,0,0
102188,0,0,1.579,0,0,0,0,0,0,0,0,0,0,0,0,2,0,0
102198,0,0,1.579,0,0,0,0,0,0,0,0,0,0,0,0,2,0,0
102208,0,0,1.579,0,0,0,0,0,0,0,0,0,0,0,0,2,0,0
102218,0,0,1.579,0,0,0,0,0,0,0,0,0,0,0,0,2,0,0
102228,0,0,1.579,0,0,0,0,0,0,0,0,0,0,0,0,2,0,0
102238,0,0,1.579,0,0,0,0,0,0,0,0,0,0,0,0,2,0,0
102248,0,0,1.579,0,0,0,0,0,0,0,0,0,0,0,0,2,0,0
102258,0,0,1.579,0,0,0,0,0,0,0,0,0,0,0,0,2,0,0
102268,0,0,1.579,0,0,0,0,0,0,0,0,0,0,0,0,2,0,0
102278,0,0,1.579,0,0,0,0,0,0,0,0,0,0,0,0,2,0,0
102288,0,0,1.579,0,0,0,0,0,0,0,0,0,0,0,0,2,0,0
102298,0,0,1.579,0,0,0,0,0,0,0,0,0,0,0,0,2,0,0
102308,0,0,1.579,0,0,0,0,0,0,0,0,0,0,0,0,2,0,0
102318,0,0,1.579,0,0,0,0,0,0,0,0,0,0,0,0,2,0,0
102328,0,0,1.579,0,0,0,0,0,0,0,0,0,0,0,0,2,0,0
102338,0,0,1.579,0,0,0,0,0,0,0,0,0,0,0,0,2,0,0
102348,0,0,1.579,0,0,0,0,0,0,0,0,0,0,0,0,2,0,0
102358,0,0,1.579,0,0,0,0,0,0,0,0,0,0,0,0,2,0,0
102368,0,0,1.579,0,0,0,0,0,0,0,0,0,0,0,0,2,0,0
102378,0,0,1.579,0,0,0,0,0,0,0,0,0,0,0,0,2,0,0
102388,0,0,1.579,0,0,0,0,0,0,0,0,0,0,0,0,2,0,0
102398,0,0,1.579,0,0,0,0,0,0,0,0,0,0,0,0,2,0,0
102408,0,0,1.579,0,0,0,0,0,0,0,0,0,0,0,0,2,0,0
102418,0,0,1.579,0,0,0,0,0,0,0,0,0,0,0,0,2,0,0
102428,0,0,1.579,0,0,0,0,0,0,0,0,0,0,0,0,2,0,0
102438,0,0,1.579,0,0,0,0,0,0,0,0,0,0,0,0,2,0,0
102448,0,0,1.579,0,0,0,0,0,0,0,0,0,0,0,0,2,0,0
102458,0,0,1.579,0,0,0,0,0,0,0,0,0,0,0,0,2,0,0
102468,0,0,1.579,0,0,0,0,0,0,0,0,0,0,0,0,2,0,0
102478,0,0,1.579,0,0,0,0,0,0,0,0,0,0,0,0,2,0,0
102488,0,0,1.579,0,0,0,0,0,0,0,0,0,0,0,0,2,0,0
102498,0,0,1.579,0,0,0,0,0,0,0,0,0,0,0,0,2,0,0
102508,0,0,1.579,0,0,0,0,0,0,0,0,0,0,0,0,2,0,0
102518,0,0,1.579,0,0,0,0,0,0,0,0,0,0,0,0,2,0,0
102528,0,0,1.579,0,0,0,0,0,0,0,0,0,0,0,0,2,0,0
102538,0,0,1.579,0,0,0,0,0,0,0,0,0,0,0,0,2,0,0
102548,0,0,1.579,0,0,0,0,0,0,0,0,0,0,0,0,2,0,0
102558,0,0,1.579,0,0,0,0,0,0,0,0,0,0,0,0,2,0,0
102568,0,0,1.579,0,0,0,0,0,0,0,0,0,0,0,0,2,0,0
102578,0,0,1.579,0,0,0,0,0,0,0,0,0,0,0,0,2,0,0
102588,0,0,1.579,0,0,0,0,0,0,0,0,0,0,0,0,2,0,0
102598,0,0,1.579,0,0,0,0,0,0,0,0,0,0,0,0,2,0,0
102608,0,0,1.579,0,0,0,0,0,0,0,0,0,0,0,0,2,0,0
102618,0,0,1.579,0,0,0,0,0,0,0,0,0,0,0,0,2,0,0
102628,0,0,1.579,0,0,0,0,0,0,0,0,0,0,0,0,2,0,0
102638,0,0,1.579,0,0,0,0,0,0,0,0,0,0,0,0,2,0,0
102648,0,0,1.579,0,0,0,0,0,0,0,0,0,0,0,0,2,0,0
102658,0,0,1.579,0,0,0,0,0,0,0,0,0,0,0,0,2,0,0
102668,0,0,1.579,0,0,0,0,0,0,0,0,0,0,0,0,2,0,0
102678,0,0,1.579,0,0,0,0,0,0,0,0,0,0,0,0,2,0,0
102688,0,0,1.579,0,0,0,0,0,0,0,0,0,0,0,0,2,0,0
102698,0,0,1.579,0,0,0,0,0,0,0,0,0,0,0,0,2,0,0
102708,0,0,1.579,0,0,0,0,0,0,0,0,0,0,0,0,2,0,0
102718,0,0,1.579,0,0,0,0,0,0,0,0,0,0,0,0,2,0,0
102728,0,0,1.579,0,0,0,0,0,0,0,0,0,0,0,0,2,0,0
102738,0,0,1.579,0,0,0,0,0,0,0,0,0,0,0,0,2,0,0
102748,0,0,1.579,0,0,0,0,0,0,0,0,0,0,0,0,2,0,0
102758,0,0,1.579,0,0,0,0,0,0,0,0,0,0,0,0,2,0,0
102768,0,0,1.579,0,0,0,0,0,0,0,0,0,0,0,0,2,0,0
102778,0,0,1.579,0,0,0,0,0,0,0,0,0,0,0,0,2,0,0
102788,0,0,1.579,0,0,0,0,0,0,0,0,0,0,0,0,2,0,0
102798,0,0,1.579,0,0,0,0,0,0,0,0,0,0,0,0,2,0,0
102808,0,0,1.579,0,0,0,0,0,0,0,0,0,0,0,0,2,0,0
102818,0,0,1.579,0,0,0,0,0,0,0,0,0,0,0,0,2,0,0
102828,0,0,1.579,0,0,0,0,0,0,0,0,0,0,0,0,2,0,0
102838,0,0,1.579,0,0,0,0,0,0,0,0,0,0,0,0,2,0,0
102848,0,0,1.579,0,0,0,0,0,0,0,0,0,0,0,0,2,0,0
102858,0,0,1.579,0,0,0,0,0,0,0,0,0,0,0,0,2,0,0
102868,0,0,1.579,0,0,0,0,0,0,0,0,0,0,0,0,2,0,0
102878,0,0,1.579,0,0,0,0,0,0,0,0,0,0,0,0,2,0,0
102888,0,0,1.579,0,0,0,0,0,0,0,0,0,0,0,0,2,0,0
102898,0,0,1.579,0,0,0,0,0,0,0,0,0,0,0,0,2,0,0
102908,0,0,1.579,0,0,0,0,0,0,0,0,0,0,0,0,2,0,0
102918,0,0,1.579,0,0,0,0,0,0,0,0,0,0,0,0,2,0,0
102928,0,0,1.579,0,0,0,0,0,0,0,0,0,0,0,0,2,0,0
102938,0,0,1.579,0,0,0,0,0,0,0,0,0,0,0,0,2,0,0
102948,0,0,1.579,0,0,0,0,0,0,0,0,0,0,0,0,2,0,0
102958,0,0,1.579,0,0,0,0,0,0,0,0,0,0,0,0,2,0,0
102968,0,0,1.579,0,0,0,0,0,0,0,0,0,0,0,0,2,0,0
102978,0,0,1.579,0,0,0,0,0,0,0,0,0,0,0,0,2,0,0
102988,0,0,1.579,0,0,0,0,0,0,0,0,0,0,0,0,2,0,0
102998,0,0,1.579,0,0,0,0,0,0,0,0,0,0,0,0,2,0,0
103008,0,0,1.579,0,0,0,0,0,0,0,0,0,0,0,0,2,0,0
103018,0,0,1.579,0,0,0,0,0,0,0,0,0,0,0,0,2,0,0
103028,0,0,1.579,0,0,0,0,0,0,0,0,0,0,0,0,2,0,0
103038,0,0,1.579,0,0,0,0,0,0,0,0,0,0,0,0,2,0,0
103048,0,0,1.579,0,0,0,0,0,0,0,0,0,0,0,0,2,0,0
103058,0,0,1.579,0,0,0,0,0,0,0,0,0,0,0,0,2,0,0
103068,0,0,1.579,0,0,0,0,0,0,0,0,0,0,0,0,2,0,0
103078,0,0,1.579,0,0,0,0,0,0,0,0,0,0,0,0,2,0,0
103088,0,0,1.579,0,0,0,0,0,0,0,0,0,0,0,0,2,0,0
103098,0,0,1.579,0,0,0,0,0,0,0,0,0,0,0,0,2,0,0
103108,0,0,1.579,0,0,0,0,0,0,0,0,0,0,0,0,2,0,0
103118,0,0,1.579,0,0,0,0,0,0,0,0,0,0,0,0,2,0,0
103128,0,0,1.579,0,0,0,0,0,0,0,0,0,0,0,0,2,0,0
103138,0,0,1.579,0,0,0,0,0,0,0,0,0,0,0,0,2,0,0
103148,0,0,1.579,0,0,0,0,0,0,0,0,0,0,0,0,2,0,0
103158,0,0,1.579,0,0,0,0,0,0,0,0,0,0,0,0,2,0,0
103168,0,0,1.579,0,0,0,0,0,0,0,0,0,0,0,0,2,0,0
103178,0,0,1.579,0,0,0,0,0,0,0,0,0,0,0,0,2,0,0
103188,0,0,1.579,0,0,0,0,0,0,0,0,0,0,0,0,2,0,0
103198,0,0,1.579,0,0,0,0,0,0,0,0,0,0,0,0,2,0,0
103208,0,0,1.579,0,0,0,0,0,0,0,0,0,0,0,0,2,0,0
103218,0,0,1.579,0,0,0,0,0,0,0,0,0,0,0,0,2,0,0
103228,0,0,1.579,0,0,0,0,0,0,0,0,0,0,0,0,2,0,0
103238,0,0,1.579,0,0,0,0,0,0,0,0,0,0,0,0,2,0,0
103248,0,0,1.579,0,0,0,0,0,0,0,0,0,0,0,0,2,0,0
103258,0,0,1.579,0,0,0,0,0,0,0,0,0,0,0,0,2,0,0
103268,0,0,1.579,0,0,0,0,0,0,0,0,0,0,0,0,2,0,0
103278,0,0,1.579,0,0,0,0,0,0,0,0,0,0,0,0,2,0,0
103288,0,0,1.579,0,0,0,0,0,0,0,0,0,0,0,0,2,0,0
103298,0,0,1.579,0,0,0,0,0,0,0,0,0,0,0,0,2,0,0
103308,0,0,1.579,0,0,0,0,0,0,0,0,0,0,0,0,2,0,0
103318,0,0,1.579,0,0,0,0,0,0,0,0,0,0,0,0,2,0,0
103328,0,0,1.579,0,0,0,0,0,0,0,0,0,0,0,0,2,0,0
103338,0,0,1.579,0,0,0,0,0,0,0,0,0,0,0,0,2,0,0
103348,0,0,1.579,0,0,0,0,0,0,0,0,0,0,0,0,2,0,0
103358,0,0,1.579,0,0,0,0,0,0,0,0,0,0,0,0,2,0,0
103368,0,0,1.579,0,0,0,0,0,0,0,0,0,0,0,0,2,0,0
103378,0,0,1.579,0,0,0,0,0,0,0,0,0,0,0,0,2,0,0
103388,0,0,1.579,0,0,0,0,0,0,0,0,0,0,0,0,2,0,0
103398,0,0,1.579,0,0,0,0,0,0,0,0,0,0,0,0,2,0,0
103408,0,0,1.579,0,0,0,0,0,0,0,0,0,0,0,0,2,0,0
103418,0,0,1.579,0,0,0,0,0,0,0,0,0,0,0,0,2,0,0
103428,0,0,1.579,0,0,0,0,0,0,0,0,0,0,0,0,2,0,0
103438,0,0,1.579,0,0,0,0,0,0,0,0,0,0,0,0,2,0,0
103448,0,0,1.579,0,0,0,0,0,0,0,0,0,0,0,0,2,0,0
103458,0,0,1.579,0,0,0,0,0,0,0,0,0,0,0,0,2,0,0
103468,0,0,1.579,0,0,0,0,0,0,0,0,0,0,0,0,2,0,0
103478,0,0,1.579,0,0,0,0,0,0,0,0,0,0,0,0,2,0,0
103488,0,0,1.579,0,0,0,0,0,0,0,0,0,0,0,0,2,0,0
103498,0,0,1.579,0,0,0,0,0,0,0,0,0,0,0,0,2,0,0
103508,0,0,1.579,0,0,0,0,0,0,0,0,0,0,0,0,2,0,0
103518,0,0,1.579,0,0,0,0,0,0,0,0,0,0,0,0,2,0,0
103528,0,0,1.579,0,0,0,0,0,0,0,0,0,0,0,0,2,0,0
103538,0,0,1.579,0,0,0,0,0,0,0,0,0,0,0,0,2,0,0
103548,0,0,1.579,0,0,0,0,0,0,0,0,0,0,0,0,2,0,0
103558,0,0,1.579,0,0,0,0,0,0,0,0,0,0,0,0,2,0,0
103568,0,0,1.579,0,0,0,0,0,0,0,0,0,0,0,0,2,0,0
103578,0,0,1.579,0,0,0,0,0,0,0,0,0,0,0,0,2,0,0
103588,0,0,1.579,0,0,0,0,0,0,0,0,0,0,0,0,2,0,0
103598,0,0,1.579,0,0,0,0,0,0,0,0,0,0,0,0,2,0,0
103608,0,0,1.579,0,0,0,0,0,0,0,0,0,0,0,0,2,0,0
103618,0,0,1.579,0,0,0,0,0,0,0,0,0,0,0,0,2,0,0
103628,0,0,1.579,0,0,0,0,0,0,0,0,0,0,0,0,2,0,0
103638,0,0,1.579,0,0,0,0,0,0,0,0,0,0,0,0,2,0,0
103648,0,0,1.579,0,0,0,0,0,0,0,0,0,0,0,0,2,0,0
103658,0,0,1.579,0,0,0,0,0,0,0,0,0,0,0,0,2,0,0
103668,0,0,1.579,0,0,0,0,0,0,0,0,0,0,0,0,2,0,0
103678,0,0,1.579,0,0,0,0,0,0,0,0,0,0,0,0,2,0,0
103688,0,0,1.579,0,0,0,0,0,0,0,0,0,0,0,0,2,0,0
103698,0,0,1.579,0,0,0,0,0,0,0,0,0,0,0,0,2,0,0
103708,0,0,1.579,0,0,0,0,0,0,0,0,0,0,0,0,2,0,0
103718,0,0,1.579,0,0,0,0,0,0,0,0,0,0,0,0,2,0,0
103728,0,0,1.579,0,0,0,0,0,0,0,0,0,0,0,0,2,0,0
103738,0,0,1.579,0,0,0,0,0,0,0,0,0,0,0,0,2,0,0
103748,0,0,1.579,0,0,0,0,0,0,0,0,0,0,0,0,2,0,0
103758,0,0,1.579,0,0,0,0,0,0,0,0,0,0,0,0,2,0,0
103768,0,0,1.579,0,0,0,0,0,0,0,0,0,0,0,0,2,0,0
103778,0,0,1.579,0,0,0,0,0,0,0,0,0,0,0,0,2,0,0
103788,0,0,1.579,0,0,0,0,0,0,0,0,0,0,0,0,2,0,0
103798,0,0,1.579,0,0,0,0,0,0,0,0,0,0,0,0,2,0,0
103808,0,0,1.579,0,0,0,0,0,0,0,0,0,0,0,0,2,0,0
103818,0,0,1.579,0,0,0,0,0,0,0,0,0,0,0,0,2,0,0
103828,0,0,1.579,0,0,0,0,0,0,0,0,0,0,0,0,2,0,0
103838,0,0,1.579,0,0,0,0,0,0,0,0,0,0,0,0,2,0,0
103848,0,0,1.579,0,0,0,0,0,0,0,0,0,0,0,0,2,0,0
103858,0,0,1.579,0,0,0,0,0,0,0,0,0,0,0,0,2,0,0
103868,0,0,1.579,0,0,0,0,0,0,0,0,0,0,0,0,2,0,0
103878,0,0,1.579,0,0,0,0,0,0,0,0,0,0,0,0,2,0,0
103888,0,0,1.579,0,0,0,0,0,0,0,0,0,0,0,0,2,0,0
103898,0,0,1.579,0,0,0,0,0,0,0,0,0,0,0,0,2,0,0
103908,0,0,1.579,0,0,0,0,0,0,0,0,0,0,0,0,2,0,0
103918,0,0,1.579,0,0,0,0,0,0,0,0,0,0,0,0,2,0,0
103928,0,0,1.579,0,0,0,0,0,0,0,0,0,0,0,0,2,0,0
103938,0,0,1.579,0,0,0,0,0,0,0,0,0,0,0,0,2,0,0
103948,0,0,1.579,0,0,0,0,0,0,0,0,0,0,0,0,2,0,0
103958,0,0,1.579,0,0,0,0,0,0,0,0,0,0,0,0,2,0,0
103968,0,0,1.579,0,0,0,0,0,0,0,0,0,0,0,0,2,0,0
103978,0,0,1.579,0,0,0,0,0,0,0,0,0,0,0,0,2,0,0
103988,0,0,1.579,0,0,0,0,0,0,0,0,0,0,0,0,2,0,0
103998,0,0,1.579,0,0,0,0,0,0,0,0,0,0,0,0,2,0,0
104008,0,0,1.579,0,0,0,0,0,0,0,0,0,0,0,0,2,0,0
104018,0,0,1.579,0,0,0,0,0,0,0,0,0,0,0,0,2,0,0
104028,0,0,1.579,0,0,0,0,0,0,0,0,0,0,0,0,2,0,0
104038,0,0,1.579,0,0,0,0,0,0,0,0,0,0,0,0,2,0,0
104048,0,0,1.579,0,0,0,0,0,0,0,0,0,0,0,0,2,0,0
104058,0,0,1.579,0,0,0,0,0,0,0,0,0,0,0,0,2,0,0
104068,0,0,1.579,0,0,0,0,0,0,0,0,0,0,0,0,2,0,0
104078,0,0,1.579,0,0,0,0,0,0,0,0,0,0,0,0,2,0,0
104088,0,0,1.579,0,0,0,0,0,0,0,0,0,0,0,0,2,0,0
104098,0,0,1.579,0,0,0,0,0,0,0,0,0,0,0,0,2,0,0
104108,0,0,1.579,0,0,0,0,0,0,0,0,0,0,0,0,2,0,0
104118,0,0,1.579,0,0,0,0,0,0,0,0,0,0,0,0,2,0,0
104128,0,0,1.579,0,0,0,0,0,0,0,0,0,0,0,0,2,0,0
104138,0,0,1.579,0,0,0,0,0,0,0,0,0,0,0,0,2,0,0
104148,0,0,1.579,0,0,0,0,0,0,0,0,0,0,0,0,2,0,0
104158,0,0,1.579,0,0,0,0,0,0,0,0,0,0,0,0,2,0,0
104168,0,0,1.579,0,0,0,0,0,0,0,0,0,0,0,0,2,0,0
104178,0,0,1.579,0,0,0,0,0,0,0,0,0,0,0,0,2,0,0
104188,0,0,1.579,0,0,0,0,0,0,0,0,0,0,0,0,2,0,0
104198,0,0,1.579,0,0,0,0,0,0,0,0,0,0,0,0,2,0,0
104208,0,0,1.579,0,0,0,0,0,0,0,0,0,0,0,0,2,0,0
104218,0,0,1.579,0,0,0,0,0,0,0,0,0,0,0,0,2,0,0
104228,0,0,1.579,0,0,0,0,0,0,0,0,0,0,0,0,2,0,0
104238,0,0,1.579,0,0,0,0,0,0,0,0,0,0,0,0,2,0,0
104248,0,0,1.579,0,0,0,0,0,0,0,0,0,0,0,0,2,0,0
104258,0,0,1.579,0,0,0,0,0,0,0,0,0,0,0,0,2,0,0
104268,0,0,1.579,0,0,0,0,0,0,0,0,0,0,0,0,2,0,0
104278,0,0,1.579,0,0,0,0,0,0,0,0,0,0,0,0,2,0,0
104288,0,0,1.579,0,0,0,0,0,0,0,0,0,0,0,0,2,0,0
104298,0,0,1.579,0,0,0,0,0,0,0,0,0,0,0,0,2,0,0
104308,0,0,1.579,0,0,0,0,0,0,0,0,0,0,0,0,2,0,0
104318,0,0,1.579,0,0,0,0,0,0,0,0,0,0,0,0,2,0,0
104328,0,0,1.579,0,0,0,0,0,0,0,0,0,0,0,0,2,0,0
104338,0,0,1.579,0,0,0,0,0,0,0,0,0,0,0,0,2,0,0
104348,0,0,1.579,0,0,0,0,0,0,0,0,0,0,0,0,2,0,0
104358,0,0,1.579,0,0,0,0,0,0,0,0,0,0,0,0,2,0,0
104368,0,0,1.579,0,0,0,0,0,0,0,0,0,0,0,0,2,0,0
104378,0,0,1.579,0,0,0,0,0,0,0,0,0,0,0,0,2,0,0
104388,0,0,1.579,0,0,0,0,0,0,0,0,0,0,0,0,2,0,0
104398,0,0,1.579,0,0,0,0,0,0,0,0,0,0,0,0,2,0,0
104408,0,0,1.579,0,0,0,0,0,0,0,0,0,0,0,0,2,0,0
104418,0,0,1.579,0,0,0,0,0,0,0,0,0,0,0,0,2,0,0
104428,0,0,1.579,0,0,0,0,0,0,0,0,0,0,0,0,2,0,0
104438,0,0,1.579,0,0,0,0,0,0,0,0,0,0,0,0,2,0,0
104448,0,0,1.579,0,0,0,0,0,0,0,0,0,0,0,0,2,0,0
104458,0,0,1.579,0,0,0,0,0,0,0,0,0,0,0,0,2,0,0
104468,0,0,1.579,0,0,0,0,0,0,0,0,0,0,0,0,2,0,0
104478,0,0,1.579,0,0,0,0,0,0,0,0,0,0,0,0,2,0,0
104488,0,0,1.579,0,0,0,0,0,0,0,0,0,0,0,0,2,0,0
104498,0,0,1.579,0,0,0,0,0,0,0,0,0,0,0,0,2,0,0
104508,0,0,1.579,0,0,0,0,0,0,0,0,0,0,0,0,2,0,0
104518,0,0,1.579,0,0,0,0,0,0,0,0,0,0,0,0,2,0,0
104528,0,0,1.579,0,0,0,0,0,0,0,0,0,0,0,0,2,0,0
104538,0,0,1.579,0,0,0,0,0,0,0,0,0,0,0,0,2,0,0
104548,0,0,1.579,0,0,0,0,0,0,0,0,0,0,0,0,2,0,0
104558,0,0,1.579,0,0,0,0,0,0,0,0,0,0,0,0,2,0,0
104568,0,0,1.579,0,0,0,0,0,0,0,0,0,0,0,0,2,0,0
104578,0,0,1.579,0,0,0,0,0,0,0,0,0,0,0,0,2,0,0
104588,0,0,1.579,0,0,0,0,0,0,0,0,0,0,0,0,2,0,0
104598,0,0,1.579,0,0,0,0,0,0,0,0,0,0,0,0,2,0,0
104608,0,0,1.579,0,0,0,0,0,0,0,0,0,0,0,0,2,0,0
104618,0,0,1.579,0,0,0,0,0,0,0,0,0,0,0,0,2,0,0
104628,0,0,1.579,0,0,0,0,0,0,0,0,0,0,0,0,2,0,0
104638,0,0,1.579,0,0,0,0,0,0,0,0,0,0,0,0,2,0,0
104648,0,0,1.579,0,0,0,0,0,0,0,0,0,0,0,0,2,0,0
104658,0,0,1.579,0,0,0,0,0,0,0,0,0,0,0,0,2,0,0
104668,0,0,1.579,0,0,0,0,0,0,0,0,0,0,0,0,2,0,0
104678,0,0,1.579,0,0,0,0,0,0,0,0,0,0,0,0,2,0,0
104688,0,0,1.579,0,0,0,0,0,0,0,0,0,0,0,0,2,0,0
104698,0,0,1.579,0,0,0,0,0,0,0,0,0,0,0,0,2,0,0
104708,0,0,1.579,0,0,0,0,0,0,0,0,0,0,0,0,2,0,0
104718,0,0,1.579,0,0,0,0,0,0,0,0,0,0,0,0,2,0,0
104728,0,0,1.579,0,0,0,0,0,0,0,0,0,0,0,0,2,0,0
104738,0,0,1.579,0,0,0,0,0,0,0,0,0,0,0,0,2,0,0
104748,0,0,1.579,0,0,0,0,0,0,0,0,0,0,0,0,2,0,0
104758,0,0,1.579,0,0,0,0,0,0,0,0,0,0,0,0,2,0,0
104768,0,0,1.579,0,0,0,0,0,0,0,0,0,0,0,0,2,0,0
104778,0,0,1.579,0,0,0,0,0,0,0,0,0,0,0,0,2,0,0
104788,0,0,1.579,0,0,0,0,0,0,0,0,0,0,0,0,2,0,0
104798,0,0,1.579,0,0,0,0,0,0,0,0,0,0,0,0,2,0,0
104808,0,0,1.579,0,0,0,0,0,0,0,0,0,0,0,0,2,0,0
104818,0,0,1.579,0,0,0,0,0,0,0,0,0,0,0,0,2,0,0
104828,0,0,1.579,0,0,0,0,0,0,0,0,0,0,0,0,2,0,0
104838,0,0,1.579,0,0,0,0,0,0,0,0,0,0,0,0,2,0,0
104848,0,0,1.579,0,0,0,0,0,0,0,0,0,0,0,0,2,0,0
104858,0,0,1.579,0,0,0,0,0,0,0,0,0,0,0,0,2,0,0
104868,0,0,1.579,0,0,0,0,0,0,0,0,0,0,0,0,2,0,0
104878,0,0,1.579,0,0,0,0,0,0,0,0,0,0,0,0,2,0,0
104888,0,0,1.579,0,0,0,0,0,0,0,0,0,0,0,0,2,0,0
104898,0,0,1.579,0,0,0,0,0,0,0,0,0,0,0,0,2,0,0
104908,0,0,1.579,0,0,0,0,0,0,0,0,0,0,0,0,2,0,0
104918,0,0,1.579,0,0,0,0,0,0,0,0,0,0,0,0,2,0,0
104928,0,0,1.579,0,0,0,0,0,0,0,0,0,0,0,0,2,0,0
104938,0,0,1.579,0,0,0,0,0,0,0,0,0,0,0,0,2,0,0
104948,0,0,1.579,0,0,0,0,0,0,0,0,0,0,0,0,2,0,0
104958,0,0,1.579,0,0,0,0,0,0,0,0,0,0,0,0,2,0,0
104968,0,0,1.579,0,0,0,0,0,0,0,0,0,0,0,0,2,0,0
104978,0,0,1.579,0,0,0,0,0,0,0,0,0,0,0,0,2,0,0
104988,0,0,1.579,0,0,0,0,0,0,0,0,0,0,0,0,2,0,0
104998,0,0,1.579,0,0,0,0,0,0,0,0,0,0,0,0,2,0,0
105008,0,0,1.579,0,0,0,0,0,0,0,0,0,0,0,0,2,0,0
105018,0,0,1.579,0,0,0,0,0,0,0,0,0,0,0,0,2,0,0
105028,0,0,1.579,0,0,0,0,0,0,0,0,0,0,0,0,2,0,0
105038,0,0,1.579,0,0,0,0,0,0,0,0,0,0,0,0,2,0,0
105048,0,0,1.579,0,0,0,0,0,0,0,0,0,0,0,0,2,0,0
105058,0,0,1.579,0,0,0,0,0,0,0,0,0,0,0,0,2,0,0
105068,0,0,1.579,0,0,0,0,0,0,0,0,0,0,0,0,2,0,0
105078,0,0,1.579,0,0,0,0,0,0,0,0,0,0,0,0,2,0,0
105088,0,0,1.579,0,0,0,0,0,0,0,0,0,0,0,0,2,0,0
105098,0,0,1.579,0,0,0,0,0,0,0,0,0,0,0,0,2,0,0
105108,0,0,1.579,0,0,0,0,0,0,0,0,0,0,0,0,2,0,0
105118,0,0,1.579,0,0,0,0,0,0,0,0,0,0,0,0,2,0,0
105128,0,0,1.579,0,0,0,0,0,0,0,0,0,0,0,0,2,0,0
105138,0,0,1.579,0,0,0,0,0,0,0,0,0,0,0,0,2,0,0
105148,0,0,1.579,0,0,0,0,0,0,0,0,0,0,0,0,2,0,0
105158,0,0,1.579,0,0,0,0,0,0,0,0,0,0,0,0,2,0,0
105168,0,0,1.579,0,0,0,0,0,0,0,0,0,0,0,0,2,0,0
105178,0,0,1.579,0,0,0,0,0,0,0,0,0,0,0,0,2,0,0
105188,0,0,1.579,0,0,0,0,0,0,0,0,0,0,0,0,2,0,0
105198,0,0,1.579,0,0,0,0,0,0,0,0,0,0,0,0,2,0,0
105208,0,0,1.579,0,0,0,0,0,0,0,0,0,0,0,0,2,0,0
105218,0,0,1.579,0,0,0,0,0,0,0,0,0,0,0,0,2,0,0
105228,0,0,1.579,0,0,0,0,0,0,0,0,0,0,0,0,2,0,0
105238,0,0,1.579,0,0,0,0,0,0,0,0,0,0,0,0,2,0,0
105248,0,0,1.579,0,0,0,0,0,0,0,0,0,0,0,0,2,0,0
105258,0,0,1.579,0,0,0,0,0,0,0,0,0,0,0,0,2,0,0
105268,0,0,1.579,0,0,0,0,0,0,0,0,0,0,0,0,2,0,0
105278,0,0,1.579,0,0,0,0,0,0,0,0,0,0,0,0,2,0,0
105288,0,0,1.579,0,0,0,0,0,0,0,0,0,0,0,0,2,0,0
105298,0,0,1.579,0,0,0,0,0,0,0,0,0,0,0,0,2,0,0
105308,0,0,1.579,0,0,0,0,0,0,0,0,0,0,0,0,2,0,0
105318,0,0,1.579,0,0,0,0,0,0,0,0,0,0,0,0,2,0,0
105328,0,0,1.579,0,0,0,0,0,0,0,0,0,0,0,0,2,0,0
105338,0,0,1.579,0,0,0,0,0,0,0,0,0,0,0,0,2,0,0
105348,0,0,1.579,0,0,0,0,0,0,0,0,0,0,0,0,2,0,0
105358,0,0,1.579,0,0,0,0,0,0,0,0,0,0,0,0,2,0,0
105368,0,0,1.579,0,0,0,0,0,0,0,0,0,0,0,0,2,0,0
105378,0,0,1.579,0,0,0,0,0,0,0,0,0,0,0,0,2,0,0
105388,0,0,1.579,0,0,0,0,0,0,0,0,0,0,0,0,2,0,0
105398,0,0,1.579,0,0,0,0,0,0,0,0,0,0,0,0,2,0,0
105408,0,0,1.579,0,0,0,0,0,0,0,0,0,0,0,0,2,0,0
105418,0,0,1.579,0,0,0,0,0,0,0,0,0,0,0,0,2,0,0
105428,0,0,1.579,0,0,0,0,0,0,0,0,0,0,0,0,2,0,0
105438,0,0,1.579,0,0,0,0,0,0,0,0,0,0,0,0,2,0,0
105448,0,0,1.579,0,0,0,0,0,0,0,0,0,0,0,0,2,0,0
105458,0,0,1.579,0,0,0,0,0,0,0,0,0,0,0,0,2,0,0
105468,0,0,1.579,0,0,0,0,0,0,0,0,0,0,0,0,2,0,0
105478,0,0,1.579,0,0,0,0,0,0,0,0,0,0,0,0,2,0,0
105488,0,0,1.579,0,0,0,0,0,0,0,0,0,0,0,0,2,0,0
105498,0,0,1.579,0,0,0,0,0,0,0,0,0,0,0,0,2,0,0
105508,0,0,1.579,0,0,0,0,0,0,0,0,0,0,0,0,2,0,0
105518,0,0,1.579,0,0,0,0,0,0,0,0,0,0,0,0,2,0,0
105528,0,0,1.579,0,0,0,0,0,0,0,0,0,0,0,0,2,0,0
105538,0,0,1.579,0,0,0,0,0,0,0,0,0,0,0,0,2,0,0
105548,0,0,1.579,0,0,0,0,0,0,0,0,0,0,0,0,2,0,0
105558,0,0,1.579,0,0,0,0,0,0,0,0,0,0,0,0,2,0,0
105568,0,0,1.579,0,0,0,0,0,0,0,0,0,0,0,0,2,0,0
105578,0,0,1.579,0,0,0,0,0,0,0,0,0,0,0,0,2,0,0
105588,0,0,1.579,0,0,0,0,0,0,0,0,0,0,0,0,2,0,0
105598,0,0,1.579,0,0,0,0,0,0,0,0,0,0,0,0,2,0,0
105608,0,0,1.579,0,0,0,0,0,0,0,0,0,0,0,0,2,0,0
105618,0,0,1.579,0,0,0,0,0,0,0,0,0,0,0,0,2,0,0
105628,0,0,1.579,0,0,0,0,0,0,0,0,0,0,0,0,2,0,0
105638,0,0,1.579,0,0,0,0,0,0,0,0,0,0,0,0,2,0,0
105648,0,0,1.579,0,0,0,0,0,0,0,0,0,0,0,0,2,0,0
105658,0,0,1.579,0,0,0,0,0,0,0,0,0,0,0,0,2,0,0
105668,0,0,1.579,0,0,0,0,0,0,0,0,0,0,0,0,2,0,0
105678,0,0,1.579,0,0,0,0,0,0,0,0,0,0,0,0,2,0,0
105688,0,0,1.579,0,0,0,0,0,0,0,0,0,0,0,0,2,0,0
105698,0,0,1.579,0,0,0,0,0,0,0,0,0,0,0,0,2,0,0
105708,0,0,1.579,0,0,0,0,0,0,0,0,0,0,0,0,2,0,0
105718,0,0,1.579,0,0,0,0,0,0,0,0,0,0,0,0,2,0,0
105728,0,0,1.579,0,0,0,0,0,0,0,0,0,0,0,0,2,0,0
105738,0,0,1.579,0,0,0,0,0,0,0,0,0,0,0,0,2,0,0
105748,0,0,1.579,0,0,0,0,0,0,0,0,0,0,0,0,2,0,0
105758,0,0,1.579,0,0,0,0,0,0,0,0,0,0,0,0,2,0,0
105768,0,0,1.579,0,0,0,0,0,0,0,0,0,0,0,0,2,0,0
105778,0,0,1.579,0,0,0,0,0,0,0,0,0,0,0,0,2,0,0
105788,0,0,1.579,0,0,0,0,0,0,0,0,0,0,0,0,2,0,0
105798,0,0,1.579,0,0,0,0,0,0,0,0,0,0,0,0,2,0,0
105808,0,0,1.579,0,0,0,0,0,0,0,0,0,0,0,0,2,0,0
105818,0,0,1.579,0,0,0,0,0,0,0,0,0,0,0,0,2,0,0
105828,0,0,1.579,0,0,0,0,0,0,0,0,0,0,0,0,2,0,0
105838,0,0,1.579,0,0,0,0,0,0,0,0,0,0,0,0,2,0,0
105848,0,0,1.579,0,0,0,0,0,0,0,0,0,0,0,0,2,0,0
105858,0,0,1.579,0,0,0,0,0,0,0,0,0,0,0,0,2,0,0
105868,0,0,1.579,0,0,0,0,0,0,0,0,0,0,0,0,2,0,0
105878,0,0,1.579,0,0,0,0,0,0,0,0,0,0,0,0,2,0,0
105888,0,0,1.579,0,0,0,0,0,0,0,0,0,0,0,0,2,0,0
105898,0,0,1.579,0,0,0,0,0,0,0,0,0,0,0,0,2,0,0
105908,0,0,1.579,0,0,0,0,0,0,0,0,0,0,0,0,2,0,0
105918,0,0,1.579,0,0,0,0,0,0,0,0,0,0,0,0,2,0,0
105928,0,0,1.579,0,0,0,0,0,0,0,0,0,0,0,0,2,0,0
105938,0,0,1.579,0,0,0,0,0,0,0,0,0,0,0,0,2,0,0
105948,0,0,1.579,0,0,0,0,0,0,0,0,0,0,0,0,2,0,0
105958,0,0,1.579,0,0,0,0,0,0,0,0,0,0,0,0,2,0,0
105968,0,0,1.579,0,0,0,0,0,0,0,0,0,0,0,0,2,0,0
105978,0,0,1.579,0,0,0,0,0,0,0,0,0,0,0,0,2,0,0
105988,0,0,1.579,0,0,0,0,0,0,0,0,0,0,0,0,2,0,0
105998,0,0,1.579,0,0,0,0,0,0,0,0,0,0,0,0,2,0,0
106008,0,0,1.579,0,0,0,0,0,0,0,0,0,0,0,0,2,0,0
106018,0,0,1.579,0,0,0,0,0,0,0,0,0,0,0,0,2,0,0
106028,0,0,1.579,0,0,0,0,0,0,0,0,0,0,0,0,2,0,0
106038,0,0,1.579,0,0,0,0,0,0,0,0,0,0,0,0,2,0,0
106048,0,0,1.579,0,0,0,0,0,0,0,0,0,0,0,0,2,0,0
106058,0,0,1.579,0,0,0,0,0,0,0,0,0,0,0,0,2,0,0
106068,0,0,1.579,0,0,0,0,0,0,0,0,0,0,0,0,2,0,0
106078,0,0,1.579,0,0,0,0,0,0,0,0,0,0,0,0,2,0,0
106088,0,0,1.579,0,0,0,0,0,0,0,0,0,0,0,0,2,0,0
106098,0,0,1.579,0,0,0,0,0,0,0,0,0,0,0,0,2,0,0
106108,0,0,1.579,0,0,0,0,0,0,0,0,0,0,0,0,2,0,0
106118,0,0,1.579,0,0,0,0,0,0,0,0,0,0,0,0,2,0,0
106128,0,0,1.579,0,0,0,0,0,0,0,0,0,0,0,0,2,0,0
106138,0,0,1.579,0,0,0,0,0,0,0,0,0,0,0,0,2,0,0
106148,0,0,1.579,0,0,0,0,0,0,0,0,0,0,0,0,2,0,0
106158,0,0,1.579,0,0,0,0,0,0,0,0,0,0,0,0,2,0,0
106168,0,0,1.579,0,0,0,0,0,0,0,0,0,0,0,0,2,0,0
106178,0,0,1.579,0,0,0,0,0,0,0,0,0,0,0,0,2,0,0
106188,0,0,1.579,0,0,0,0,0,0,0,0,0,0,0,0,2,0,0
106198,0,0,1.579,0,0,0,0,0,0,0,0,0,0,0,0,2,0,0
106208,0,0,1.579,0,0,0,0,0,0,0,0,0,0,0,0,2,0,0
106218,0,0,1.579,0,0,0,0,0,0,0,0,0,0,0,0,2,0,0
106228,0,0,1.579,0,0,0,0,0,0,0,0,0,0,0,0,2,0,0
106238,0,0,1.579,0,0,0,0,0,0,0,0,0,0,0,0,2,0,0
106248,0,0,1.579,0,0,0,0,0,0,0,0,0,0,0,0,2,0,0
106258,0,0,1.579,0,0,0,0,0,0,0,0,0,0,0,0,2,0,0
106268,0,0,1.579,0,0,0,0,0,0,0,0,0,0,0,0,2,0,0
106278,0,0,1.579,0,0,0,0,0,0,0,0,0,0,0,0,2,0,0
106288,0,0,1.579,0,0,0,0,0,0,0,0,0,0,0,0,2,0,0
106298,0,0,1.579,0,0,0,0,0,0,0,0,0,0,0,0,2,0,0
106308,0,0,1.579,0,0,0,0,0,0,0,0,0,0,0,0,2,0,0
106318,0,0,1.579,0,0,0,0,0,0,0,0,0,0,0,0,2,0,0
106328,0,0,1.579,0,0,0,0,0,0,0,0,0,0,0,0,2,0,0
106338,0,0,1.579,0,0,0,0,0,0,0,0,0,0,0,0,2,0,0
106348,0,0,1.579,0,0,0,0,0,0,0,0,0,0,0,0,2,0,0
106358,0,0,1.579,0,0,0,0,0,0,0,0,0,0,0,0,2,0,0
106368,0,0,1.579,0,0,0,0,0,0,0,0,0,0,0,0,2,0,0
106378,0,0,1.579,0,0,0,0,0,0,0,0,0,0,0,0,2,0,0
106388,0,0,1.579,0,0,0,0,0,0,0,0,0,0,0,0,2,0,0
106398,0,0,1.579,0,0,0,0,0,0,0,0,0,0,0,0,2,0,0
106408,0,0,1.579,0,0,0,0,0,0,0,0,0,0,0,0,2,0,0
106418,0,0,1.579,0,0,0,0,0,0,0,0,0,0,0,0,2,0,0
106428,0,0,1.579,0,0,0,0,0,0,0,0,0,0,0,0,2,0,0
106438,0,0,1.579,0,0,0,0,0,0,0,0,0,0,0,0,2,0,0
106448,0,0,1.579,0,0,0,0,0,0,0,0,0,0,0,0,2,0,0
106458,0,0,1.579,0,0,0,0,0,0,0,0,0,0,0,0,2,0,0
106468,0,0,1.579,0,0,0,0,0,0,0,0,0,0,0,0,2,0,0
106478,0,0,1.579,0,0,0,0,0,0,0,0,0,0,0,0,2,0,0
106488,0,0,1.579,0,0,0,0,0,0,0,0,0,0,0,0,2,0,0
106498,0,0,1.579,0,0,0,0,0,0,0,0,0,0,0,0,2,0,0
106508,0,0,1.579,0,0,0,0,0,0,0,0,0,0,0,0,2,0,0
106518,0,0,1.579,0,0,0,0,0,0,0,0,0,0,0,0,2,0,0
106528,0,0,1.579,0,0,0,0,0,0,0,0,0,0,0,0,2,0,0
106538,0,0,1.579,0,0,0,0,0,0,0,0,0,0,0,0,2,0,0
106548,0,0,1.579,0,0,0,0,0,0,0,0,0,0,0,0,2,0,0
106558,0,0,1.579,0,0,0,0,0,0,0,0,0,0,0,0,2,0,0
106568,0,0,1.579,0,0,0,0,0,0,0,0,0,0,0,0,2,0,0
106578,0,0,1.579,0,0,0,0,0,0,0,0,0,0,0,0,2,0,0
106588,0,0,1.579,0,0,0,0,0,0,0,0,0,0,0,0,2,0,0
106598,0,0,1.579,0,0,0,0,0,0,0,0,0,0,0,0,2,0,0
106608,0,0,1.579,0,0,0,0,0,0,0,0,0,0,0,0,2,0,0
106618,0,0,1.579,0,0,0,0,0,0,0,0,0,0,0,0,2,0,0
106628,0,0,1.579,0,0,0,0,0,0,0,0,0,0,0,0,2,0,0
106638,0,0,1.579,0,0,0,0,0,0,0,0,0,0,0,0,2,0,0
106648,0,0,1.579,0,0,0,0,0,0,0,0,0,0,0,0,2,0,0
106658,0,0,1.579,0,0,0,0,0,0,0,0,0,0,0,0,2,0,0
106668,0,0,1.579,0,0,0,0,0,0,0,0,0,0,0,0,2,0,0
106678,0,0,1.579,0,0,0,0,0,0,0,0,0,0,0,0,2,0,0
106688,0,0,1.579,0,0,0,0,0,0,0,0,0,0,0,0,2,0,0
106698,0,0,1.579,0,0,0,0,0,0,0,0,0,0,0,0,2,0,0
106708,0,0,1.579,0,0,0,0,0,0,0,0,0,0,0,0,2,0,0
106718,0,0,1.579,0,0,0,0,0,0,0,0,0,0,0,0,2,0,0
106728,0,0,1.579,0,0,0,0,0,0,0,0,0,0,0,0,2,0,0
106738,0,0,1.579,0,0,0,0,0,0,0,0,0,0,0,0,2,0,0
106748,0,0,1.579,0,0,0,0,0,0,0,0,0,0,0,0,2,0,0
106758,0,0,1.579,0,0,0,0,0,0,0,0,0,0,0,0,2,0,0
106768,0,0,1.579,0,0,0,0,0,0,0,0,0,0,0,0,2,0,0
106778,0,0,1.579,0,0,0,0,0,0,0,0,0,0,0,0,2,0,0
106788,0,0,1.579,0,0,0,0,0,0,0,0,0,0,0,0,2,0,0
106798,0,0,1.579,0,0,0,0,0,0,0,0,0,0,0,0,2,0,0
106808,0,0,1.579,0,0,0,0,0,0,0,0,0,0,0,0,2,0,0
106818,0,0,1.579,0,0,0,0,0,0,0,0,0,0,0,0,2,0,0
106828,0,0,1.579,0,0,0,0,0,0,0,0,0,0,0,0,2,0,0
106838,0,0,1.579,0,0,0,0,0,0,0,0,0,0,0,0,2,0,0
106848,0,0,1.579,0,0,0,0,0,0,0,0,0,0,0,0,2,0,0
106858,0,0,1.579,0,0,0,0,0,0,0,0,0,0,0,0,2,0,0
106868,0,0,1.579,0,0,0,0,0,0,0,0,0,0,0,0,2,0,0
106878,0,0,1.579,0,0,0,0,0,0,0,0,0,0,0,0,2,0,0
106888,0,0,1.579,0,0,0,0,0,0,0,0,0,0,0,0,2,0,0
106898,0,0,1.579,0,0,0,0,0,0,0,0,0,0,0,0,2,0,0
106908,0,0,1.579,0,0,0,0,0,0,0,0,0,0,0,0,2,0,0
106918,0,0,1.579,0,0,0,0,0,0,0,0,0,0,0,0,2,0,0
106928,0,0,1.579,0,0,0,0,0,0,0,0,0,0,0,0,2,0,0
106938,0,0,1.579,0,0,0,0,0,0,0,0,0,0,0,0,2,0,0
106948,0,0,1.579,0,0,0,0,0,0,0,0,0,0,0,0,2,0,0
106958,0,0,1.579,0,0,0,0,0,0,0,0,0,0,0,0,2,0,0
106968,0,0,1.579,0,0,0,0,0,0,0,0,0,0,0,0,2,0,0
106978,0,0,1.579,0,0,0,0,0,0,0,0,0,0,0,0,2,0,0
106988,0,0,1.579,0,0,0,0,0,0,0,0,0,0,0,0,2,0,0
106998,0,0,1.579,0,0,0,0,0,0,0,0,0,0,0,0,2,0,0
107008,0,0,1.579,0,0,0,0,0,0,0,0,0,0,0,0,2,0,0
107018,0,0,1.579,0,0,0,0,0,0,0,0,0,0,0,0,2,0,0
107028,0,0,1.579,0,0,0,0,0,0,0,0,0,0,0,0,2,0,0
107038,0,0,1.579,0,0,0,0,0,0,0,0,0,0,0,0,2,0,0
107048,0,0,1.579,0,0,0,0,0,0,0,0,0,0,0,0,2,0,0
107058,0,0,1.579,0,0,0,0,0,0,0,0,0,0,0,0,2,0,0
107068,0,0,1.579,0,0,0,0,0,0,0,0,0,0,0,0,2,0,0
107078,0,0,1.579,0,0,0,0,0,0,0,0,0,0,0,0,2,0,0
107088,0,0,1.579,0,0,0,0,0,0,0,0,0,0,0,0,2,0,0
107098,0,0,1.579,0,0,0,0,0,0,0,0,0,0,0,0,2,0,0
107108,0,0,1.579,0,0,0,0,0,0,0,0,0,0,0,0,2,0,0
107118,0,0,1.579,0,0,0,0,0,0,0,0,0,0,0,0,2,0,0
107128,0,0,1.579,0,0,0,0,0,0,0,0,0,0,0,0,2,0,0
107138,0,0,1.579,0,0,0,0,0,0,0,0,0,0,0,0,2,0,0
107148,0,0,1.579,0,0,0,0,0,0,0,0,0,0,0,0,2,0,0
107158,0,0,1.579,0,0,0,0,0,0,0,0,0,0,0,0,2,0,0
107168,0,0,1.579,0,0,0,0,0,0,0,0,0,0,0,0,2,0,0
107178,0,0,1.579,0,0,0,0,0,0,0,0,0,0,0,0,2,0,0
107188,0,0,1.579,0,0,0,0,0,0,0,0,0,0,0,0,2,0,0
107198,0,0,1.579,0,0,0,0,0,0,0,0,0,0,0,0,2,0,0
107208,0,0,1.579,0,0,0,0,0,0,0,0,0,0,0,0,2,0,0
107218,0,0,1.579,0,0,0,0,0,0,0,0,0,0,0,0,2,0,0
107228,0,0,1.579,0,0,0,0,0,0,0,0,0,0,0,0,2,0,0
107238,0,0,1.579,0,0,0,0,0,0,0,0,0,0,0,0,2,0,0
107248,0,0,1.579,0,0,0,0,0,0,0,0,0,0,0,0,2,0,0
107258,0,0,1.579,0,0,0,0,0,0,0,0,0,0,0,0,2,0,0
107268,0,0,1.579,0,0,0,0,0,0,0,0,0,0,0,0,2,0,0
107278,0,0,1.579,0,0,0,0,0,0,0,0,0,0,0,0,2,0,0
107288,0,0,1.579,0,0,0,0,0,0,0,0,0,0,0,0,2,0,0
107298,0,0,1.579,0,0,0,0,0,0,0,0,0,0,0,0,2,0,0
107308,0,0,1.579,0,0,0,0,0,0,0,0,0,0,0,0,2,0,0
107318,0,0,1.579,0,0,0,0,0,0,0,0,0,0,0,0,2,0,0
107328,0,0,1.579,0,0,0,0,0,0,0,0,0,0,0,0,2,0,0
107338,0,0,1.579,0,0,0,0,0,0,0,0,0,0,0,0,2,0,0
107348,0,0,1.579,0,0,0,0,0,0,0,0,0,0,0,0,2,0,0
107358,0,0,1.579,0,0,0,0,0,0,0,0,0,0,0,0,2,0,0
107368,0,0,1.579,0,0,0,0,0,0,0,0,0,0,0,0,2,0,0
107378,0,0,1.579,0,0,0,0,0,0,0,0,0,0,0,0,2,0,0
107388,0,0,1.579,0,0,0,0,0,0,0,0,0,0,0,0,2,0,0
107398,0,0,1.579,0,0,0,0,0,0,0,0,0,0,0,0,2,0,0
107408,0,0,1.579,0,0,0,0,0,0,0,0,0,0,0,0,2,0,0
107418,0,0,1.579,0,0,0,0,0,0,0,0,0,0,0,0,2,0,0
107428,0,0,1.579,0,0,0,0,0,0,0,0,0,0,0,0,2,0,0
107438,0,0,1.579,0,0,0,0,0,0,0,0,0,0,0,0,2,0,0
107448,0,0,1.579,0,0,0,0,0,0,0,0,0,0,0,0,2,0,0
107458,0,0,1.579,0,0,0,0,0,0,0,0,0,0,0,0,2,0,0
107468,0,0,1.579,0,0,0,0,0,0,0,0,0,0,0,0,2,0,0
107478,0,0,1.579,0,0,0,0,0,0,0,0,0,0,0,0,2,0,0
107488,0,0,1.579,0,0,0,0,0,0,0,0,0,0,0,0,2,0,0
107498,0,0,1.579,0,0,0,0,0,0,0,0,0,0,0,0,2,0,0
107508,0,0,1.579,0,0,0,0,0,0,0,0,0,0,0,0,2,0,0
107518,0,0,1.579,0,0,0,0,0,0,0,0,0,0,0,0,2,0,0
107528,0,0,1.579,0,0,0,0,0,0,0,0,0,0,0,0,2,0,0
107538,0,0,1.579,0,0,0,0,0,0,0,0,0,0,0,0,2,0,0
107548,0,0,1.579,0,0,0,0,0,0,0,0,0,0,0,0,2,0,0
107558,0,0,1.579,0,0,0,0,0,0,0,0,0,0,0,0,2,0,0
107568,0,0,1.579,0,0,0,0,0,0,0,0,0,0,0,0,2,0,0
107578,0,0,1.579,0,0,0,0,0,0,0,0,0,0,0,0,2,0,0
107588,0,0,1.579,0,0,0,0,0,0,0,0,0,0,0,0,2,0,0
107598,0,0,1.579,0,0,0,0,0,0,0,0,0,0,0,0,2,0,0
107608,0,0,1.579,0,0,0,0,0,0,0,0,0,0,0,0,2,0,0
107618,0,0,1.579,0,0,0,0,0,0,0,0,0,0,0,0,2,0,0
107628,0,0,1.579,0,0,0,0,0,0,0,0,0,0,0,0,2,0,0
107638,0,0,1.579,0,0,0,0,0,0,0,0,0,0,0,0,2,0,0
107648,0,0,1.579,0,0,0,0,0,0,0,0,0,0,0,0,2,0,0
107658,0,0,1.579,0,0,0,0,0,0,0,0,0,0,0,0,2,0,0
107668,0,0,1.579,0,0,0,0,0,0,0,0,0,0,0,0,2,0,0
107678,0,0,1.579,0,0,0,0,0,0,0,0,0,0,0,0,2,0,0
107688,0,0,1.579,0,0,0,0,0,0,0,0,0,0,0,0,2,0,0
107698,0,0,1.579,0,0,0,0,0,0,0,0,0,0,0,0,2,0,0
107708,0,0,1.579,0,0,0,0,0,0,0,0,0,0,0,0,2,0,0
107718,0,0,1.579,0,0,0,0,0,0,0,0,0,0,0,0,2,0,0
107728,0,0,1.579,0,0,0,0,0,0,0,0,0,0,0,0,2,0,0
107738,0,0,1.579,0,0,0,0,0,0,0,0,0,0,0,0,2,0,0
107748,0,0,1.579,0,0,0,0,0,0,0,0,0,0,0,0,2,0,0
107758,0,0,1.579,0,0,0,0,0,0,0,0,0,0,0,0,2,0,0
107768,0,0,1.579,0,0,0,0,0,0,0,0,0,0,0,0,2,0,0
107778,0,0,1.579,0,0,0,0,0,0,0,0,0,0,0,0,2,0,0
107788,0,0,1.579,0,0,0,0,0,0,0,0,0,0,0,0,2,0,0
107798,0,0,1.579,0,0,0,0,0,0,0,0,0,0,0,0,2,0,0
107808,0,0,1.579,0,0,0,0,0,0,0,0,0,0,0,0,2,0,0
107818,0,0,1.579,0,0,0,0,0,0,0,0,0,0,0,0,2,0,0
107828,0,0,1.579,0,0,0,0,0,0,0,0,0,0,0,0,2,0,0
107838,0,0,1.579,0,0,0,0,0,0,0,0,0,0,0,0,2,0,0
107848,0,0,1.579,0,0,0,0,0,0,0,0,0,0,0,0,2,0,0
107858,0,0,1.579,0,0,0,0,0,0,0,0,0,0,0,0,2,0,0
107868,0,0,1.579,0,0,0,0,0,0,0,0,0,0,0,0,2,0,0
107878,0,0,1.579,0,0,0,0,0,0,0,0,0,0,0,0,2,0,0
107888,0,0,1.579,0,0,0,0,0,0,0,0,0,0,0,0,2,0,0
107898,0,0,1.579,0,0,0,0,0,0,0,0,0,0,0,0,2,0,0
107908,0,0,1.579,0,0,0,0,0,0,0,0,0,0,0,0,2,0,0
107918,0,0,1.579,0,0,0,0,0,0,0,0,0,0,0,0,2,0,0
107928,0,0,1.579,0,0,0,0,0,0,0,0,0,0,0,0,2,0,0
107938,0,0,1.579,0,0,0,0,0,0,0,0,0,0,0,0,2,0,0
107948,0,0,1.579,0,0,0,0,0,0,0,0,0,0,0,0,2,0,0
107958,0,0,1.579,0,0,0,0,0,0,0,0,0,0,0,0,2,0,0
107968,0,0,1.579,0,0,0,0,0,0,0,0,0,0,0,0,2,0,0
107978,0,0,1.579,0,0,0,0,0,0,0,0,0,0,0,0,2,0,0
107988,0,0,1.579,0,0,0,0,0,0,0,0,0,0,0,0,2,0,0
107998,0,0,1.579,0,0,0,0,0,0,0,0,0,0,0,0,2,0,0
108008,0,0,1.579,0,0,0,0,0,0,0,0,0,0,0,0,2,0,0
108018,0,0,1.579,0,0,0,0,0,0,0,0,0,0,0,0,2,0,0
108028,0,0,1.579,0,0,0,0,0,0,0,0,0,0,0,0,2,0,0
108038,0,0,1.579,0,0,0,0,0,0,0,0,0,0,0,0,2,0,0
108048,0,0,1.579,0,0,0,0,0,0,0,0,0,0,0,0,2,0,0
108058,0,0,1.579,0,0,0,0,0,0,0,0,0,0,0,0,2,0,0
108068,0,0,1.579,0,0,0,0,0,0,0,0,0,0,0,0,2,0,0
108078,0,0,1.579,0,0,0,0,0,0,0,0,0,0,0,0,2,0,0
108088,0,0,1.579,0,0,0,0,0,0,0,0,0,0,0,0,2,0,0
108098,0,0,1.579,0,0,0,0,0,0,0,0,0,0,0,0,2,0,0
108108,0,0,1.579,0,0,0,0,0,0,0,0,0,0,0,0,2,0,0
108118,0,0,1.579,0,0,0,0,0,0,0,0,0,0,0,0,2,0,0
108128,0,0,1.579,0,0,0,0,0,0,0,0,0,0,0,0,2,0,0
108138,0,0,1.579,0,0,0,0,0,0,0,0,0,0,0,0,2,0,0
108148,0,0,1.579,0,0,0,0,0,0,0,0,0,0,0,0,2,0,0
108158,0,0,1.579,0,0,0,0,0,0,0,0,0,0,0,0,2,0,0
108168,0,0,1.579,0,0,0,0,0,0,0,0,0,0,0,0,2,0,0
108178,0,0,1.579,0,0,0,0,0,0,0,0,0,0,0,0,2,0,0
108188,0,0,1.579,0,0,0,0,0,0,0,0,0,0,0,0,2,0,0
108198,0,0,1.579,0,0,0,0,0,0,0,0,0,0,0,0,2,0,0
108208,0,0,1.579,0,0,0,0,0,0,0,0,0,0,0,0,2,0,0
108218,0,0,1.579,0,0,0,0,0,0,0,0,0,0,0,0,2,0,0
108228,0,0,1.579,0,0,0,0,0,0,0,0,0,0,0,0,2,0,0
108238,0,0,1.579,0,0,0,0,0,0,0,0,0,0,0,0,2,0,0
108248,0,0,1.579,0,0,0,0,0,0,0,0,0,0,0,0,2,0,0
108258,0,0,1.579,0,0,0,0,0,0,0,0,0,0,0,0,2,0,0
108268,0,0,1.579,0,0,0,0,0,0,0,0,0,0,0,0,2,0,0
108278,0,0,1.579,0,0,0,0,0,0,0,0,0,0,0,0,2,0,0
108288,0,0,1.579,0,0,0,0,0,0,0,0,0,0,0,0,2,0,0
108298,0,0,1.579,0,0,0,0,0,0,0,0,0,0,0,0,2,0,0
108308,0,0,1.579,0,0,0,0,0,0,0,0,0,0,0,0,2,0,0
108318,0,0,1.579,0,0,0,0,0,0,0,0,0,0,0,0,2,0,0
108328,0,0,1.579,0,0,0,0,0,0,0,0,0,0,0,0,2,0,0
108338,0,0,1.579,0,0,0,0,0,0,0,0,0,0,0,0,2,0,0
108348,0,0,1.579,0,0,0,0,0,0,0,0,0,0,0,0,2,0,0
108358,0,0,1.579,0,0,0,0,0,0,0,0,0,0,0,0,2,0,0
108368,0,0,1.579,0,0,0,0,0,0,0,0,0,0,0,0,2,0,0
108378,0,0,1.579,0,0,0,0,0,0,0,0,0,0,0,0,2,0,0
108388,0,0,1.579,0,0,0,0,0,0,0,0,0,0,0,0,2,0,0
108398,0,0,1.579,0,0,0,0,0,0,0,0,0,0,0,0,2,0,0
108408,0,0,1.579,0,0,0,0,0,0,0,0,0,0,0,0,2,0,0
108418,0,0,1.579,0,0,0,0,0,0,0,0,0,0,0,0,2,0,0
108428,0,0,1.579,0,0,0,0,0,0,0,0,0,0,0,0,2,0,0
108438,0,0,1.579,0,0,0,0,0,0,0,0,0,0,0,0,2,0,0
108448,0,0,1.579,0,0,0,0,0,0,0,0,0,0,0,0,2,0,0
108458,0,0,1.579,0,0,0,0,0,0,0,0,0,0,0,0,2,0,0
108468,0,0,1.579,0,0,0,0,0,0,0,0,0,0,0,0,2,0,0
108478,0,0,1.579,0,0,0,0,0,0,0,0,0,0,0,0,2,0,0
108488,0,0,1.579,0,0,0,0,0,0,0,0,0,0,0,0,2,0,0
108498,0,0,1.579,0,0,0,0,0,0,0,0,0,0,0,0,2,0,0
108508,0,0,1.579,0,0,0,0,0,0,0,0,0,0,0,0,2,0,0
108518,0,0,1.579,0,0,0,0,0,0,0,0,0,0,0,0,2,0,0
108528,0,0,1.579,0,0,0,0,0,0,0,0,0,0,0,0,2,0,0
108538,0,0,1.579,0,0,0,0,0,0,0,0,0,0,0,0,2,0,0
108548,0,0,1.579,0,0,0,0,0,0,0,0,0,0,0,0,2,0,0
108558,0,0,1.579,0,0,0,0,0,0,0,0,0,0,0,0,2,0,0
108568,0,0,1.579,0,0,0,0,0,0,0,0,0,0,0,0,2,0,0
108578,0,0,1.579,0,0,0,0,0,0,0,0,0,0,0,0,2,0,0
108588,0,0,1.579,0,0,0,0,0,0,0,0,0,0,0,0,2,0,0
108598,0,0,1.579,0,0,0,0,0,0,0,0,0,0,0,0,2,0,0
108608,0,0,1.579,0,0,0,0,0,0,0,0,0,0,0,0,2,0,0
108618,0,0,1.579,0,0,0,0,0,0,0,0,0,0,0,0,2,0,0
108628,0,0,1.579,0,0,0,0,0,0,0,0,0,0,0,0,2,0,0
108638,0,0,1.579,0,0,0,0,0,0,0,0,0,0,0,0,2,0,0
108648,0,0,1.579,0,0,0,0,0,0,0,0,0,0,0,0,2,0,0
108658,0,0,1.579,0,0,0,0,0,0,0,0,0,0,0,0,2,0,0
108668,0,0,1.579,0,0,0,0,0,0,0,0,0,0,0,0,2,0,0
108678,0,0,1.579,0,0,0,0,0,0,0,0,0,0,0,0,2,0,0
108688,0,0,1.579,0,0,0,0,0,0,0,0,0,0,0,0,2,0,0
108698,0,0,1.579,0,0,0,0,0,0,0,0,0,0,0,0,2,0,0
108708,0,0,1.579,0,0,0,0,0,0,0,0,0,0,0,0,2,0,0
108718,0,0,1.579,0,0,0,0,0,0,0,0,0,0,0,0,2,0,0
108728,0,0,1.579,0,0,0,0,0,0,0,0,0,0,0,0,2,0,0
108738,0,0,1.579,0,0,0,0,0,0,0,0,0,0,0,0,2,0,0
108748,0,0,1.579,0,0,0,0,0,0,0,0,0,0,0,0,2,0,0
108758,0,0,1.579,0,0,0,0,0,0,0,0,0,0,0,0,2,0,0
108768,0,0,1.579,0,0,0,0,0,0,0,0,0,0,0,0,2,0,0
108778,0,0,1.579,0,0,0,0,0,0,0,0,0,0,0,0,2,0,0
108788,0,0,1.579,0,0,0,0,0,0,0,0,0,0,0,0,2,0,0
108798,0,0,1.579,0,0,0,0,0,0,0,0,0,0,0,0,2,0,0
108808,0,0,1.579,0,0,0,0,0,0,0,0,0,0,0,0,2,0,0
108818,0,0,1.579,0,0,0,0,0,0,0,0,0,0,0,0,2,0,0
108828,0,0,1.579,0,0,0,0,0,0,0,0,0,0,0,0,2,0,0
108838,0,0,1.579,0,0,0,0,0,0,0,0,0,0,0,0,2,0,0
108848,0,0,1.579,0,0,0,0,0,0,0,0,0,0,0,0,2,0,0
108858,0,0,1.579,0,0,0,0,0,0,0,0,0,0,0,0,2,0,0
108868,0,0,1.579,0,0,0,0,0,0,0,0,0,0,0,0,2,0,0
108878,0,0,1.579,0,0,0,0,0,0,0,0,0,0,0,0,2,0,0
108888,0,0,1.579,0,0,0,0,0,0,0,0,0,0,0,0,2,0,0
108898,0,0,1.579,0,0,0,0,0,0,0,0,0,0,0,0,2,0,0
108908,0,0,1.579,0,0,0,0,0,0,0,0,0,0,0,0,2,0,0
108918,0,0,1.579,0,0,0,0,0,0,0,0,0,0,0,0,2,0,0
108928,0,0,1.579,0,0,0,0,0,0,0,0,0,0,0,0,2,0,0
108938,0,0,1.579,0,0,0,0,0,0,0,0,0,0,0,0,2,0,0
108948,0,0,1.579,0,0,0,0,0,0,0,0,0,0,0,0,2,0,0
108958,0,0,1.579,0,0,0,0,0,0,0,0,0,0,0,0,2,0,0
108968,0,0,1.579,0,0,0,0,0,0,0,0,0,0,0,0,2,0,0
108978,0,0,1.579,0,0,0,0,0,0,0,0,0,0,0,0,2,0,0
108988,0,0,1.579,0,0,0,0,0,0,0,0,0,0,0,0,2,0,0
108998,0,0,1.579,0,0,0,0,0,0,0,0,0,0,0,0,2,0,0
109008,0,0,1.579,0,0,0,0,0,0,0,0,0,0,0,0,2,0,0
109018,0,0,1.579,0,0,0,0,0,0,0,0,0,0,0,0,2,0,0
109028,0,0,1.579,0,0,0,0,0,0,0,0,0,0,0,0,2,0,0
109038,0,0,1.579,0,0,0,0,0,0,0,0,0,0,0,0,2,0,0
109048,0,0,1.579,0,0,0,0,0,0,0,0,0,0,0,0,2,0,0
109058,0,0,1.579,0,0,0,0,0,0,0,0,0,0,0,0,2,0,0
109068,0,0,1.579,0,0,0,0,0,0,0,0,0,0,0,0,2,0,0
109078,0,0,1.579,0,0,0,0,0,0,0,0,0,0,0,0,2,0,0
109088,0,0,1.579,0,0,0,0,0,0,0,0,0,0,0,0,2,0,0
109098,0,0,1.579,0,0,0,0,0,0,0,0,0,0,0,0,2,0,0
109108,0,0,1.579,0,0,0,0,0,0,0,0,0,0,0,0,2,0,0
109118,0,0,1.579,0,0,0,0,0,0,0,0,0,0,0,0,2,0,0
109128,0,0,1.579,0,0,0,0,0,0,0,0,0,0,0,0,2,0,0
109138,0,0,1.579,0,0,0,0,0,0,0,0,0,0,0,0,2,0,0
109148,0,0,1.579,0,0,0,0,0,0,0,0,0,0,0,0,2,0,0
109158,0,0,1.579,0,0,0,0,0,0,0,0,0,0,0,0,2,0,0
109168,0,0,1.579,0,0,0,0,0,0,0,0,0,0,0,0,2,0,0
109178,0,0,1.579,0,0,0,0,0,0,0,0,0,0,0,0,2,0,0
109188,0,0,1.579,0,0,0,0,0,0,0,0,0,0,0,0,2,0,0
109198,0,0,1.579,0,0,0,0,0,0,0,0,0,0,0,0,2,0,0
109208,0,0,1.579,0,0,0,0,0,0,0,0,0,0,0,0,2,0,0
109218,0,0,1.579,0,0,0,0,0,0,0,0,0,0,0,0,2,0,0
109228,0,0,1.579,0,0,0,0,0,0,0,0,0,0,0,0,2,0,0
109238,0,0,1.579,0,0,0,0,0,0,0,0,0,0,0,0,2,0,0
109248,0,0,1.579,0,0,0,0,0,0,0,0,0,0,0,0,2,0,0
109258,0,0,1.579,0,0,0,0,0,0,0,0,0,0,0,0,2,0,0
109268,0,0,1.579,0,0,0,0,0,0,0,0,0,0,0,0,2,0,0
109278,0,0,1.579,0,0,0,0,0,0,0,0,0,0,0,0,2,0,0
109288,0,0,1.579,0,0,0,0,0,0,0,0,0,0,0,0,2,0,0
109298,0,0,1.579,0,0,0,0,0,0,0,0,0,0,0,0,2,0,0
109308,0,0,1.579,0,0,0,0,0,0,0,0,0,0,0,0,2,0,0
109318,0,0,1.579,0,0,0,0,0,0,0,0,0,0,0,0,2,0,0
109328,0,0,1.579,0,0,0,0,0,0,0,0,0,0,0,0,2,0,0
109338,0,0,1.579,0,0,0,0,0,0,0,0,0,0,0,0,2,0,0
109348,0,0,1.579,0,0,0,0,0,0,0,0,0,0,0,0,2,0,0
109358,0,0,1.579,0,0,0,0,0,0,0,0,0,0,0,0,2,0,0
109368,0,0,1.579,0,0,0,0,0,0,0,0,0,0,0,0,2,0,0
109378,0,0,1.579,0,0,0,0,0,0,0,0,0,0,0,0,2,0,0
109388,0,0,1.579,0,0,0,0,0,0,0,0,0,0,0,0,2,0,0
109398,0,0,1.579,0,0,0,0,0,0,0,0,0,0,0,0,2,0,0
109408,0,0,1.579,0,0,0,0,0,0,0,0,0,0,0,0,2,0,0
109418,0,0,1.579,0,0,0,0,0,0,0,0,0,0,0,0,2,0,0
109428,0,0,1.579,0,0,0,0,0,0,0,0,0,0,0,0,2,0,0
109438,0,0,1.579,0,0,0,0,0,0,0,0,0,0,0,0,2,0,0
109448,0,0,1.579,0,0,0,0,0,0,0,0,0,0,0,0,2,0,0
109458,0,0,1.579,0,0,0,0,0,0,0,0,0,0,0,0,2,0,0
109468,0,0,1.579,0,0,0,0,0,0,0,0,0,0,0,0,2,0,0
109478,0,0,1.579,0,0,0,0,0,0,0,0,0,0,0,0,2,0,0
109488,0,0,1.579,0,0,0,0,0,0,0,0,0,0,0,0,2,0,0
109498,0,0,1.579,0,0,0,0,0,0,0,0,0,0,0,0,2,0,0
109508,0,0,1.579,0,0,0,0,0,0,0,0,0,0,0,0,2,0,0
109518,0,0,1.579,0,0,0,0,0,0,0,0,0,0,0,0,2,0,0
109528,0,0,1.579,0,0,0,0,0,0,0,0,0,0,0,0,2,0,0
109538,0,0,1.579,0,0,0,0,0,0,0,0,0,0,0,0,2,0,0
109548,0,0,1.579,0,0,0,0,0,0,0,0,0,0,0,0,2,0,0
109558,0,0,1.579,0,0,0,0,0,0,0,0,0,0,0,0,2,0,0
109568,0,0,1.579,0,0,0,0,0,0,0,0,0,0,0,0,2,0,0
109578,0,0,1.579,0,0,0,0,0,0,0,0,0,0,0,0,2,0,0
109588,0,0,1.579,0,0,0,0,0,0,0,0,0,0,0,0,2,0,0
109598,0,0,1.579,0,0,0,0,0,0,0,0,0,0,0,0,2,0,0
109608,0,0,1.579,0,0,0,0,0,0,0,0,0,0,0,0,2,0,0
109618,0,0,1.579,0,0,0,0,0,0,0,0,0,0,0,0,2,0,0
109628,0,0,1.579,0,0,0,0,0,0,0,0,0,0,0,0,2,0,0
109638,0,0,1.579,0,0,0,0,0,0,0,0,0,0,0,0,2,0,0
109648,0,0,1.579,0,0,0,0,0,0,0,0,0,0,0,0,2,0,0
109658,0,0,1.579,0,0,0,0,0,0,0,0,0,0,0,0,2,0,0
109668,0,0,1.579,0,0,0,0,0,0,0,0,0,0,0,0,2,0,0
109678,0,0,1.579,0,0,0,0,0,0,0,0,0,0,0,0,2,0,0
109688,0,0,1.579,0,0,0,0,0,0,0,0,0,0,0,0,2,0,0
109698,0,0,1.579,0,0,0,0,0,0,0,0,0,0,0,0,2,0,0
109708,0,0,1.579,0,0,0,0,0,0,0,0,0,0,0,0,2,0,0
109718,0,0,1.579,0,0,0,0,0,0,0,0,0,0,0,0,2,0,0
109728,0,0,1.579,0,0,0,0,0,0,0,0,0,0,0,0,2,0,0
109738,0,0,1.579,0,0,0,0,0,0,0,0,0,0,0,0,2,0,0
109748,0,0,1.579,0,0,0,0,0,0,0,0,0,0,0,0,2,0,0
109758,0,0,1.579,0,0,0,0,0,0,0,0,0,0,0,0,2,0,0
109768,0,0,1.579,0,0,0,0,0,0,0,0,0,0,0,0,2,0,0
109778,0,0,1.579,0,0,0,0,0,0,0,0,0,0,0,0,2,0,0
109788,0,0,1.579,0,0,0,0,0,0,0,0,0,0,0,0,2,0,0
109798,0,0,1.579,0,0,0,0,0,0,0,0,0,0,0,0,2,0,0
109808,0,0,1.579,0,0,0,0,0,0,0,0,0,0,0,0,2,0,0
109818,0,0,1.579,0,0,0,0,0,0,0,0,0,0,0,0,2,0,0
109828,0,0,1.579,0,0,0,0,0,0,0,0,0,0,0,0,2,0,0
109838,0,0,1.579,0,0,0,0,0,0,0,0,0,0,0,0,2,0,0
109848,0,0,1.579,0,0,0,0,0,0,0,0,0,0,0,0,2,0,0
109858,0,0,1.579,0,0,0,0,0,0,0,0,0,0,0,0,2,0,0
109868,0,0,1.579,0,0,0,0,0,0,0,0,0,0,0,0,2,0,0
109878,0,0,1.579,0,0,0,0,0,0,0,0,0,0,0,0,2,0,0
109888,0,0,1.579,0,0,0,0,0,0,0,0,0,0,0,0,2,0,0
109898,0,0,1.579,0,0,0,0,0,0,0,0,0,0,0,0,2,0,0
109908,0,0,1.579,0,0,0,0,0,0,0,0,0,0,0,0,2,0,0
109918,0,0,1.579,0,0,0,0,0,0,0,0,0,0,0,0,2,0,0
109928,0,0,1.579,0,0,0,0,0,0,0,0,0,0,0,0,2,0,0
109938,0,0,1.579,0,0,0,0,0,0,0,0,0,0,0,0,2,0,0
109948,0,0,1.579,0,0,0,0,0,0,0,0,0,0,0,0,2,0,0
109958,0,0,1.579,0,0,0,0,0,0,0,0,0,0,0,0,2,0,0
109968,0,0,1.579,0,0,0,0,0,0,0,0,0,0,0,0,2,0,0
109978,0,0,1.579,0,0,0,0,0,0,0,0,0,0,0,0,2,0,0
109988,0,0,1.579,0,0,0,0,0,0,0,0,0,0,0,0,2,0,0
109998,0,0,1.579,0,0,0,0,0,0,0,0,0,0,0,0,2,0,0
110008,0,0,1.579,0,0,0,0,0,0,0,0,0,0,0,0,2,0,0
110018,0,0,1.579,0,0,0,0,0,0,0,0,0,0,0,0,2,0,0
110028,0,0,1.579,0,0,0,0,0,0,0,0,0,0,0,0,2,0,0
110038,0,0,1.579,0,0,0,0,0,0,0,0,0,0,0,0,2,0,0
110048,0,0,1.579,0,0,0,0,0,0,0,0,0,0,0,0,2,0,0
110058,0,0,1.579,0,0,0,0,0,0,0,0,0,0,0,0,2,0,0
110068,0,0,1.579,0,0,0,0,0,0,0,0,0,0,0,0,2,0,0
110078,0,0,1.579,0,0,0,0,0,0,0,0,0,0,0,0,2,0,0
110088,0,0,1.579,0,0,0,0,0,0,0,0,0,0,0,0,2,0,0
110098,0,0,1.579,0,0,0,0,0,0,0,0,0,0,0,0,2,0,0
110108,0,0,1.579,0,0,0,0,0,0,0,0,0,0,0,0,2,0,0
110118,0,0,1.579,0,0,0,0,0,0,0,0,0,0,0,0,2,0,0
110128,0,0,1.579,0,0,0,0,0,0,0,0,0,0,0,0,2,0,0
110138,0,0,1.579,0,0,0,0,0,0,0,0,0,0,0,0,2,0,0
110148,0,0,1.579,0,0,0,0,0,0,0,0,0,0,0,0,2,0,0
110158,0,0,1.579,0,0,0,0,0,0,0,0,0,0,0,0,2,0,0
110168,0,0,1.579,0,0,0,0,0,0,0,0,0,0,0,0,2,0,0
110178,0,0,1.579,0,0,0,0,0,0,0,0,0,0,0,0,2,0,0
110188,0,0,1.579,0,0,0,0,0,0,0,0,0,0,0,0,2,0,0
110198,0,0,1.579,0,0,0,0,0,0,0,0,0,0,0,0,2,0,0
110208,0,0,1.579,0,0,0,0,0,0,0,0,0,0,0,0,2,0,0
110218,0,0,1.579,0,0,0,0,0,0,0,0,0,0,0,0,2,0,0
110228,0,0,1.579,0,0,0,0,0,0,0,0,0,0,0,0,2,0,0
110238,0,0,1.579,0,0,0,0,0,0,0,0,0,0,0,0,2,0,0
110248,0,0,1.579,0,0,0,0,0,0,0,0,0,0,0,0,2,0,0
110258,0,0,1.579,0,0,0,0,0,0,0,0,0,0,0,0,2,0,0
110268,0,0,1.579,0,0,0,0,0,0,0,0,0,0,0,0,2,0,0
110278,0,0,1.579,0,0,0,0,0,0,0,0,0,0,0,0,2,0,0
110288,0,0,1.579,0,0,0,0,0,0,0,0,0,0,0,0,2,0,0
110298,0,0,1.579,0,0,0,0,0,0,0,0,0,0,0,0,2,0,0
110308,0,0,1.579,0,0,0,0,0,0,0,0,0,0,0,0,2,0,0
110318,0,0,1.579,0,0,0,0,0,0,0,0,0,0,0,0,2,0,0
110328,0,0,1.579,0,0,0,0,0,0,0,0,0,0,0,0,2,0,0
110338,0,0,1.579,0,0,0,0,0,0,0,0,0,0,0,0,2,0,0
110348,0,0,1.579,0,0,0,0,0,0,0,0,0,0,0,0,2,0,0
110358,0,0,1.579,0,0,0,0,0,0,0,0,0,0,0,0,2,0,0
110368,0,0,1.579,0,0,0,0,0,0,0,0,0,0,0,0,2,0,0
110378,0,0,1.579,0,0,0,0,0,0,0,0,0,0,0,0,2,0,0
110388,0,0,1.579,0,0,0,0,0,0,0,0,0,0,0,0,2,0,0
110398,0,0,1.579,0,0,0,0,0,0,0,0,0,0,0,0,2,0,0
110408,0,0,1.579,0,0,0,0,0,0,0,0,0,0,0,0,2,0,0
110418,0,0,1.579,0,0,0,0,0,0,0,0,0,0,0,0,2,0,0
110428,0,0,1.579,0,0,0,0,0,0,0,0,0,0,0,0,2,0,0
110438,0,0,1.579,0,0,0,0,0,0,0,0,0,0,0,0,2,0,0
110448,0,0,1.579,0,0,0,0,0,0,0,0,0,0,0,0,2,0,0
110458,0,0,1.579,0,0,0,0,0,0,0,0,0,0,0,0,2,0,0
110468,0,0,1.579,0,0,0,0,0,0,0,0,0,0,0,0,2,0,0
110478,0,0,1.579,0,0,0,0,0,0,0,0,0,0,0,0,2,0,0
110488,0,0,1.579,0,0,0,0,0,0,0,0,0,0,0,0,2,0,0
110498,0,0,1.579,0,0,0,0,0,0,0,0,0,0,0,0,2,0,0
110508,0,0,1.579,0,0,0,0,0,0,0,0,0,0,0,0,2,0,0
110518,0,0,1.579,0,0,0,0,0,0,0,0,0,0,0,0,2,0,0
110528,0,0,1.579,0,0,0,0,0,0,0,0,0,0,0,0,2,0,0
110538,0,0,1.579,0,0,0,0,0,0,0,0,0,0,0,0,2,0,0
110548,0,0,1.579,0,0,0,0,0,0,0,0,0,0,0,0,2,0,0
110558,0,0,1.579,0,0,0,0,0,0,0,0,0,0,0,0,2,0,0
110568,0,0,1.579,0,0,0,0,0,0,0,0,0,0,0,0,2,0,0
110578,0,0,1.579,0,0,0,0,0,0,0,0,0,0,0,0,2,0,0
110588,0,0,1.579,0,0,0,0,0,0,0,0,0,0,0,0,2,0,0
110598,0,0,1.579,0,0,0,0,0,0,0,0,0,0,0,0,2,0,0
110608,0,0,1.579,0,0,0,0,0,0,0,0,0,0,0,0,2,0,0
110618,0,0,1.579,0,0,0,0,0,0,0,0,0,0,0,0,2,0,0
110628,0,0,1.579,0,0,0,0,0,0,0,0,0,0,0,0,2,0,0
110638,0,0,1.579,0,0,0,0,0,0,0,0,0,0,0,0,2,0,0
110648,0,0,1.579,0,0,0,0,0,0,0,0,0,0,0,0,2,0,0
110658,0,0,1.579,0,0,0,0,0,0,0,0,0,0,0,0,2,0,0
110668,0,0,1.579,0,0,0,0,0,0,0,0,0,0,0,0,2,0,0
110678,0,0,1.579,0,0,0,0,0,0,0,0,0,0,0,0,2,0,0
110688,0,0,1.579,0,0,0,0,0,0,0,0,0,0,0,0,2,0,0
110698,0,0,1.579,0,0,0,0,0,0,0,0,0,0,0,0,2,0,0
110708,0,0,1.579,0,0,0,0,0,0,0,0,0,0,0,0,2,0,0
110718,0,0,1.579,0,0,0,0,0,0,0,0,0,0,0,0,2,0,0
110728,0,0,1.579,0,0,0,0,0,0,0,0,0,0,0,0,2,0,0
110738,0,0,1.579,0,0,0,0,0,0,0,0,0,0,0,0,2,0,0
110748,0,0,1.579,0,0,0,0,0,0,0,0,0,0,0,0,2,0,0
110758,0,0,1.579,0,0,0,0,0,0,0,0,0,0,0,0,2,0,0
110768,0,0,1.579,0,0,0,0,0,0,0,0,0,0,0,0,2,0,0
110778,0,0,1.579,0,0,0,0,0,0,0,0,0,0,0,0,2,0,0
110788,0,0,1.579,0,0,0,0,0,0,0,0,0,0,0,0,2,0,0
110798,0,0,1.579,0,0,0,0,0,0,0,0,0,0,0,0,2,0,0
110808,0,0,1.579,0,0,0,0,0,0,0,0,0,0,0,0,2,0,0
110818,0,0,1.579,0,0,0,0,0,0,0,0,0,0,0,0,2,0,0
110828,0,0,1.579,0,0,0,0,0,0,0,0,0,0,0,0,2,0,0
110838,0,0,1.579,0,0,0,0,0,0,0,0,0,0,0,0,2,0,0
110848,0,0,1.579,0,0,0,0,0,0,0,0,0,0,0,0,2,0,0
110858,0,0,1.579,0,0,0,0,0,0,0,0,0,0,0,0,2,0,0
110868,0,0,1.579,0,0,0,0,0,0,0,0,0,0,0,0,2,0,0
110878,0,0,1.579,0,0,0,0,0,0,0,0,0,0,0,0,2,0,0
110888,0,0,1.579,0,0,0,0,0,0,0,0,0,0,0,0,2,0,0
110898,0,0,1.579,0,0,0,0,0,0,0,0,0,0,0,0,2,0,0
110908,0,0,1.579,0,0,0,0,0,0,0,0,0,0,0,0,2,0,0
110918,0,0,1.579,0,0,0,0,0,0,0,0,0,0,0,0,2,0,0
110928,0,0,1.579,0,0,0,0,0,0,0,0,0,0,0,0,2,0,0
110938,0,0,1.579,0,0,0,0,0,0,0,0,0,0,0,0,2,0,0
110948,0,0,1.579,0,0,0,0,0,0,0,0,0,0,0,0,2,0,0
110958,0,0,1.579,0,0,0,0,0,0,0,0,0,0,0,0,2,0,0
110968,0,0,1.579,0,0,0,0,0,0,0,0,0,0,0,0,2,0,0
110978,0,0,1.579,0,0,0,0,0,0,0,0,0,0,0,0,2,0,0
110988,0,0,1.579,0,0,0,0,0,0,0,0,0,0,0,0,2,0,0
110998,0,0,1.579,0,0,0,0,0,0,0,0,0,0,0,0,2,0,0
111008,0,0,1.579,0,0,0,0,0,0,0,0,0,0,0,0,2,0,0
111018,0,0,1.579,0,0,0,0,0,0,0,0,0,0,0,0,2,0,0
111028,0,0,1.579,0,0,0,0,0,0,0,0,0,0,0,0,2,0,0
111038,0,0,1.579,0,0,0,0,0,0,0,0,0,0,0,0,2,0,0
111048,0,0,1.579,0,0,0,0,0,0,0,0,0,0,0,0,2,0,0
111058,0,0,1.579,0,0,0,0,0,0,0,0,0,0,0,0,2,0,0
111068,0,0,1.579,0,0,0,0,0,0,0,0,0,0,0,0,2,0,0
111078,0,0,1.579,0,0,0,0,0,0,0,0,0,0,0,0,2,0,0
111088,0,0,1.579,0,0,0,0,0,0,0,0,0,0,0,0,2,0,0
111098,0,0,1.579,0,0,0,0,0,0,0,0,0,0,0,0,2,0,0
111108,0,0,1.579,0,0,0,0,0,0,0,0,0,0,0,0,2,0,0
111118,0,0,1.579,0,0,0,0,0,0,0,0,0,0,0,0,2,0,0
111128,0,0,1.579,0,0,0,0,0,0,0,0,0,0,0,0,2,0,0
111138,0,0,1.579,0,0,0,0,0,0,0,0,0,0,0,0,2,0,0
111148,0,0,1.579,0,0,0,0,0,0,0,0,0,0,0,0,2,0,0
111158,0,0,1.579,0,0,0,0,0,0,0,0,0,0,0,0,2,0,0
111168,0,0,1.579,0,0,0,0,0,0,0,0,0,0,0,0,2,0,0
111178,0,0,1.579,0,0,0,0,0,0,0,0,0,0,0,0,2,0,0
111188,0,0,1.579,0,0,0,0,0,0,0,0,0,0,0,0,2,0,0
111198,0,0,1.579,0,0,0,0,0,0,0,0,0,0,0,0,2,0,0
111208,0,0,1.579,0,0,0,0,0,0,0,0,0,0,0,0,2,0,0
111218,0,0,1.579,0,0,0,0,0,0,0,0,0,0,0,0,2,0,0
111228,0,0,1.579,0,0,0,0,0,0,0,0,0,0,0,0,2,0,0
111238,0,0,1.579,0,0,0,0,0,0,0,0,0,0,0,0,2,0,0
111248,0,0,1.579,0,0,0,0,0,0,0,0,0,0,0,0,2,0,0
111258,0,0,1.579,0,0,0,0,0,0,0,0,0,0,0,0,2,0,0
111268,0,0,1.579,0,0,0,0,0,0,0,0,0,0,0,0,2,0,0
111278,0,0,1.579,0,0,0,0,0,0,0,0,0,0,0,0,2,0,0
111288,0,0,1.579,0,0,0,0,0,0,0,0,0,0,0,0,2,0,0
111298,0,0,1.579,0,0,0,0,0,0,0,0,0,0,0,0,2,0,0
111308,0,0,1.579,0,0,0,0,0,0,0,0,0,0,0,0,2,0,0
111318,0,0,1.579,0,0,0,0,0,0,0,0,0,0,0,0,2,0,0
111328,0,0,1.579,0,0,0,0,0,0,0,0,0,0,0,0,2,0,0
111338,0,0,1.579,0,0,0,0,0,0,0,0,0,0,0,0,2,0,0
111348,0,0,1.579,0,0,0,0,0,0,0,0,0,0,0,0,2,0,0
111358,0,0,1.579,0,0,0,0,0,0,0,0,0,0,0,0,2,0,0
111368,0,0,1.579,0,0,0,0,0,0,0,0,0,0,0,0,2,0,0
111378,0,0,1.579,0,0,0,0,0,0,0,0,0,0,0,0,2,0,0
111388,0,0,1.579,0,0,0,0,0,0,0,0,0,0,0,0,2,0,0
111398,0,0,1.579,0,0,0,0,0,0,0,0,0,0,0,0,2,0,0
111408,0,0,1.579,0,0,0,0,0,0,0,0,0,0,0,0,2,0,0
111418,0,0,1.579,0,0,0,0,0,0,0,0,0,0,0,0,2,0,0
111428,0,0,1.579,0,0,0,0,0,0,0,0,0,0,0,0,2,0,0
111438,0,0,1.579,0,0,0,0,0,0,0,0,0,0,0,0,2,0,0
111448,0,0,1.579,0,0,0,0,0,0,0,0,0,0,0,0,2,0,0
111458,0,0,1.579,0,0,0,0,0,0,0,0,0,0,0,0,2,0,0
111468,0,0,1.579,0,0,0,0,0,0,0,0,0,0,0,0,2,0,0
111478,0,0,1.579,0,0,0,0,0,0,0,0,0,0,0,0,2,0,0
111488,0,0,1.579,0,0,0,0,0,0,0,0,0,0,0,0,2,0,0
111498,0,0,1.579,0,0,0,0,0,0,0,0,0,0,0,0,2,0,0
111508,0,0,1.579,0,0,0,0,0,0,0,0,0,0,0,0,2,0,0
111518,0,0,1.579,0,0,0,0,0,0,0,0,0,0,0,0,2,0,0
111528,0,0,1.579,0,0,0,0,0,0,0,0,0,0,0,0,2,0,0
111538,0,0,1.579,0,0,0,0,0,0,0,0,0,0,0,0,2,0,0
111548,0,0,1.579,0,0,0,0,0,0,0,0,0,0,0,0,2,0,0
111558,0,0,1.579,0,0,0,0,0,0,0,0,0,0,0,0,2,0,0
111568,0,0,1.579,0,0,0,0,0,0,0,0,0,0,0,0,2,0,0
111578,0,0,1.579,0,0,0,0,0,0,0,0,0,0,0,0,2,0,0
111588,0,0,1.579,0,0,0,0,0,0,0,0,0,0,0,0,2,0,0
111598,0,0,1.579,0,0,0,0,0,0,0,0,0,0,0,0,2,0,0
111608,0,0,1.579,0,0,0,0,0,0,0,0,0,0,0,0,2,0,0
111618,0,0,1.579,0,0,0,0,0,0,0,0,0,0,0,0,2,0,0
111628,0,0,1.579,0,0,0,0,0,0,0,0,0,0,0,0,2,0,0
111638,0,0,1.579,0,0,0,0,0,0,0,0,0,0,0,0,2,0,0
111648,0,0,1.579,0,0,0,0,0,0,0,0,0,0,0,0,2,0,0
111658,0,0,1.579,0,0,0,0,0,0,0,0,0,0,0,0,2,0,0
111668,0,0,1.579,0,0,0,0,0,0,0,0,0,0,0,0,2,0,0
111678,0,0,1.579,0,0,0,0,0,0,0,0,0,0,0,0,2,0,0
111688,0,0,1.579,0,0,0,0,0,0,0,0,0,0,0,0,2,0,0
111698,0,0,1.579,0,0,0,0,0,0,0,0,0,0,0,0,2,0,0
111708,0,0,1.579,0,0,0,0,0,0,0,0,0,0,0,0,2,0,0
111718,0,0,1.579,0,0,0,0,0,0,0,0,0,0,0,0,2,0,0
111728,0,0,1.579,0,0,0,0,0,0,0,0,0,0,0,0,2,0,0
111738,0,0,1.579,0,0,0,0,0,0,0,0,0,0,0,0,2,0,0
111748,0,0,1.579,0,0,0,0,0,0,0,0,0,0,0,0,2,0,0
111758,0,0,1.579,0,0,0,0,0,0,0,0,0,0,0,0,2,0,0
111768,0,0,1.579,0,0,0,0,0,0,0,0,0,0,0,0,2,0,0
111778,0,0,1.579,0,0,0,0,0,0,0,0,0,0,0,0,2,0,0
111788,0,0,1.579,0,0,0,0,0,0,0,0,0,0,0,0,2,0,0
111798,0,0,1.579,0,0,0,0,0,0,0,0,0,0,0,0,2,0,0
111808,0,0,1.579,0,0,0,0,0,0,0,0,0,0,0,0,2,0,0
111818,0,0,1.579,0,0,0,0,0,0,0,0,0,0,0,0,2,0,0
111828,0,0,1.579,0,0,0,0,0,0,0,0,0,0,0,0,2,0,0
111838,0,0,1.579,0,0,0,0,0,0,0,0,0,0,0,0,2,0,0
111848,0,0,1.579,0,0,0,0,0,0,0,0,0,0,0,0,2,0,0
111858,0,0,1.579,0,0,0,0,0,0,0,0,0,0,0,0,2,0,0
111868,0,0,1.579,0,0,0,0,0,0,0,0,0,0,0,0,2,0,0
111878,0,0,1.579,0,0,0,0,0,0,0,0,0,0,0,0,2,0,0
111888,0,0,1.579,0,0,0,0,0,0,0,0,0,0,0,0,2,0,0
111898,0,0,1.579,0,0,0,0,0,0,0,0,0,0,0,0,2,0,0
111908,0,0,1.579,0,0,0,0,0,0,0,0,0,0,0,0,2,0,0
111918,0,0,1.579,0,0,0,0,0,0,0,0,0,0,0,0,2,0,0
111928,0,0,1.579,0,0,0,0,0,0,0,0,0,0,0,0,2,0,0
111938,0,0,1.579,0,0,0,0,0,0,0,0,0,0,0,0,2,0,0
111948,0,0,1.579,0,0,0,0,0,0,0,0,0,0,0,0,2,0,0
111958,0,0,1.579,0,0,0,0,0,0,0,0,0,0,0,0,2,0,0
111968,0,0,1.579,0,0,0,0,0,0,0,0,0,0,0,0,2,0,0
111978,0,0,1.579,0,0,0,0,0,0,0,0,0,0,0,0,2,0,0
111988,0,0,1.579,0,0,0,0,0,0,0,0,0,0,0,0,2,0,0
111998,0,0,1.579,0,0,0,0,0,0,0,0,0,0,0,0,2,0,0
112008,0,0,1.579,0,0,0,0,0,0,0,0,0,0,0,0,2,0,0
112018,0,0,1.579,0,0,0,0,0,0,0,0,0,0,0,0,2,0,0
112028,0,0,1.579,0,0,0,0,0,0,0,0,0,0,0,0,2,0,0
112038,0,0,1.579,0,0,0,0,0,0,0,0,0,0,0,0,2,0,0
112048,0,0,1.579,0,0,0,0,0,0,0,0,0,0,0,0,2,0,0
112058,0,0,1.579,0,0,0,0,0,0,0,0,0,0,0,0,2,0,0
112068,0,0,1.579,0,0,0,0,0,0,0,0,0,0,0,0,2,0,0
112078,0,0,1.579,0,0,0,0,0,0,0,0,0,0,0,0,2,0,0
112088,0,0,1.579,0,0,0,0,0,0,0,0,0,0,0,0,2,0,0
112098,0,0,1.579,0,0,0,0,0,0,0,0,0,0,0,0,2,0,0
112108,0,0,1.579,0,0,0,0,0,0,0,0,0,0,0,0,2,0,0
112118,0,0,1.579,0,0,0,0,0,0,0,0,0,0,0,0,2,0,0
112128,0,0,1.579,0,0,0,0,0,0,0,0,0,0,0,0,2,0,0
112138,0,0,1.579,0,0,0,0,0,0,0,0,0,0,0,0,2,0,0
112148,0,0,1.579,0,0,0,0,0,0,0,0,0,0,0,0,2,0,0
112158,0,0,1.579,0,0,0,0,0,0,0,0,0,0,0,0,2,0,0
112168,0,0,1.579,0,0,0,0,0,0,0,0,0,0,0,0,2,0,0
112178,0,0,1.579,0,0,0,0,0,0,0,0,0,0,0,0,2,0,0
112188,0,0,1.579,0,0,0,0,0,0,0,0,0,0,0,0,2,0,0
112198,0,0,1.579,0,0,0,0,0,0,0,0,0,0,0,0,2,0,0
112208,0,0,1.579,0,0,0,0,0,0,0,0,0,0,0,0,2,0,0
112218,0,0,1.579,0,0,0,0,0,0,0,0,0,0,0,0,2,0,0
112228,0,0,1.579,0,0,0,0,0,0,0,0,0,0,0,0,2,0,0
112238,0,0,1.579,0,0,0,0,0,0,0,0,0,0,0,0,2,0,0
112248,0,0,1.579,0,0,0,0,0,0,0,0,0,0,0,0,2,0,0
112258,0,0,1.579,0,0,0,0,0,0,0,0,0,0,0,0,2,0,0
112268,0,0,1.579,0,0,0,0,0,0,0,0,0,0,0,0,2,0,0
112278,0,0,1.579,0,0,0,0,0,0,0,0,0,0,0,0,2,0,0
112288,0,0,1.579,0,0,0,0,0,0,0,0,0,0,0,0,2,0,0
112298,0,0,1.579,0,0,0,0,0,0,0,0,0,0,0,0,2,0,0
112308,0,0,1.579,0,0,0,0,0,0,0,0,0,0,0,0,2,0,0
112318,0,0,1.579,0,0,0,0,0,0,0,0,0,0,0,0,2,0,0
112328,0,0,1.579,0,0,0,0,0,0,0,0,0,0,0,0,2,0,0
112338,0,0,1.579,0,0,0,0,0,0,0,0,0,0,0,0,2,0,0
112348,0,0,1.579,0,0,0,0,0,0,0,0,0,0,0,0,2,0,0
112358,0,0,1.579,0,0,0,0,0,0,0,0,0,0,0,0,2,0,0
112368,0,0,1.579,0,0,0,0,0,0,0,0,0,0,0,0,2,0,0
112378,0,0,1.579,0,0,0,0,0,0,0,0,0,0,0,0,2,0,0
112388,0,0,1.579,0,0,0,0,0,0,0,0,0,0,0,0,2,0,0
112398,0,0,1.579,0,0,0,0,0,0,0,0,0,0,0,0,2,0,0
112408,0,0,1.579,0,0,0,0,0,0,0,0,0,0,0,0,2,0,0
112418,0,0,1.579,0,0,0,0,0,0,0,0,0,0,0,0,2,0,0
112428,0,0,1.579,0,0,0,0,0,0,0,0,0,0,0,0,2,0,0
112438,0,0,1.579,0,0,0,0,0,0,0,0,0,0,0,0,2,0,0
112448,0,0,1.579,0,0,0,0,0,0,0,0,0,0,0,0,2,0,0
112458,0,0,1.579,0,0,0,0,0,0,0,0,0,0,0,0,2,0,0
112468,0,0,1.579,0,0,0,0,0,0,0,0,0,0,0,0,2,0,0
112478,0,0,1.579,0,0,0,0,0,0,0,0,0,0,0,0,2,0,0
112488,0,0,1.579,0,0,0,0,0,0,0,0,0,0,0,0,2,0,0
112498,0,0,1.579,0,0,0,0,0,0,0,0,0,0,0,0,2,0,0
112508,0,0,1.579,0,0,0,0,0,0,0,0,0,0,0,0,2,0,0
112518,0,0,1.579,0,0,0,0,0,0,0,0,0,0,0,0,2,0,0
112528,0,0,1.579,0,0,0,0,0,0,0,0,0,0,0,0,2,0,0
112538,0,0,1.579,0,0,0,0,0,0,0,0,0,0,0,0,2,0,0
112548,0,0,1.579,0,0,0,0,0,0,0,0,0,0,0,0,2,0,0
112558,0,0,1.579,0,0,0,0,0,0,0,0,0,0,0,0,2,0,0
112568,0,0,1.579,0,0,0,0,0,0,0,0,0,0,0,0,2,0,0
112578,0,0,1.579,0,0,0,0,0,0,0,0,0,0,0,0,2,0,0
112588,0,0,1.579,0,0,0,0,0,0,0,0,0,0,0,0,2,0,0
112598,0,0,1.579,0,0,0,0,0,0,0,0,0,0,0,0,2,0,0
112608,0,0,1.579,0,0,0,0,0,0,0,0,0,0,0,0,2,0,0
112618,0,0,1.579,0,0,0,0,0,0,0,0,0,0,0,0,2,0,0
112628,0,0,1.579,0,0,0,0,0,0,0,0,0,0,0,0,2,0,0
112638,0,0,1.579,0,0,0,0,0,0,0,0,0,0,0,0,2,0,0
112648,0,0,1.579,0,0,0,0,0,0,0,0,0,0,0,0,2,0,0
112658,0,0,1.579,0,0,0,0,0,0,0,0,0,0,0,0,2,0,0
112668,0,0,1.579,0,0,0,0,0,0,0,0,0,0,0,0,2,0,0
112678,0,0,1.579,0,0,0,0,0,0,0,0,0,0,0,0,2,0,0
112688,0,0,1.579,0,0,0,0,0,0,0,0,0,0,0,0,2,0,0
112698,0,0,1.579,0,0,0,0,0,0,0,0,0,0,0,0,2,0,0
112708,0,0,1.579,0,0,0,0,0,0,0,0,0,0,0,0,2,0,0
112718,0,0,1.579,0,0,0,0,0,0,0,0,0,0,0,0,2,0,0
112728,0,0,1.579,0,0,0,0,0,0,0,0,0,0,0,0,2,0,0
112738,0,0,1.579,0,0,0,0,0,0,0,0,0,0,0,0,2,0,0
112748,0,0,1.579,0,0,0,0,0,0,0,0,0,0,0,0,2,0,0
112758,0,0,1.579,0,0,0,0,0,0,0,0,0,0,0,0,2,0,0
112768,0,0,1.579,0,0,0,0,0,0,0,0,0,0,0,0,2,0,0
112778,0,0,1.579,0,0,0,0,0,0,0,0,0,0,0,0,2,0,0
112788,0,0,1.579,0,0,0,0,0,0,0,0,0,0,0,0,2,0,0
112798,0,0,1.579,0,0,0,0,0,0,0,0,0,0,0,0,2,0,0
112808,0,0,1.579,0,0,0,0,0,0,0,0,0,0,0,0,2,0,0
112818,0,0,1.579,0,0,0,0,0,0,0,0,0,0,0,0,2,0,0
112828,0,0,1.579,0,0,0,0,0,0,0,0,0,0,0,0,2,0,0
112838,0,0,1.579,0,0,0,0,0,0,0,0,0,0,0,0,2,0,0
112848,0,0,1.579,0,0,0,0,0,0,0,0,0,0,0,0,2,0,0
112858,0,0,1.579,0,0,0,0,0,0,0,0,0,0,0,0,2,0,0
112868,0,0,1.579,0,0,0,0,0,0,0,0,0,0,0,0,2,0,0
112878,0,0,1.579,0,0,0,0,0,0,0,0,0,0,0,0,2,0,0
112888,0,0,1.579,0,0,0,0,0,0,0,0,0,0,0,0,2,0,0
112898,0,0,1.579,0,0,0,0,0,0,0,0,0,0,0,0,2,0,0
112908,0,0,1.579,0,0,0,0,0,0,0,0,0,0,0,0,2,0,0
112918,0,0,1.579,0,0,0,0,0,0,0,0,0,0,0,0,2,0,0
112928,0,0,1.579,0,0,0,0,0,0,0,0,0,0,0,0,2,0,0
112938,0,0,1.579,0,0,0,0,0,0,0,0,0,0,0,0,2,0,0
112948,0,0,1.579,0,0,0,0,0,0,0,0,0,0,0,0,2,0,0
112958,0,0,1.579,0,0,0,0,0,0,0,0,0,0,0,0,2,0,0
112968,0,0,1.579,0,0,0,0,0,0,0,0,0,0,0,0,2,0,0
112978,0,0,1.579,0,0,0,0,0,0,0,0,0,0,0,0,2,0,0
112988,0,0,1.579,0,0,0,0,0,0,0,0,0,0,0,0,2,0,0
112998,0,0,1.579,0,0,0,0,0,0,0,0,0,0,0,0,2,0,0
113008,0,0,1.579,0,0,0,0,0,0,0,0,0,0,0,0,2,0,0
113018,0,0,1.579,0,0,0,0,0,0,0,0,0,0,0,0,2,0,0
113028,0,0,1.579,0,0,0,0,0,0,0,0,0,0,0,0,2,0,0
113038,0,0,1.579,0,0,0,0,0,0,0,0,0,0,0,0,2,0,0
113048,0,0,1.579,0,0,0,0,0,0,0,0,0,0,0,0,2,0,0
113058,0,0,1.579,0,0,0,0,0,0,0,0,0,0,0,0,2,0,0
113068,0,0,1.579,0,0,0,0,0,0,0,0,0,0,0,0,2,0,0
113078,0,0,1.579,0,0,0,0,0,0,0,0,0,0,0,0,2,0,0
113088,0,0,1.579,0,0,0,0,0,0,0,0,0,0,0,0,2,0,0
113098,0,0,1.579,0,0,0,0,0,0,0,0,0,0,0,0,2,0,0
113108,0,0,1.579,0,0,0,0,0,0,0,0,0,0,0,0,2,0,0
113118,0,0,1.579,0,0,0,0,0,0,0,0,0,0,0,0,2,0,0
113128,0,0,1.579,0,0,0,0,0,0,0,0,0,0,0,0,2,0,0
113138,0,0,1.579,0,0,0,0,0,0,0,0,0,0,0,0,2,0,0
113148,0,0,1.579,0,0,0,0,0,0,0,0,0,0,0,0,2,0,0
113158,0,0,1.579,0,0,0,0,0,0,0,0,0,0,0,0,2,0,0
113168,0,0,1.579,0,0,0,0,0,0,0,0,0,0,0,0,2,0,0
113178,0,0,1.579,0,0,0,0,0,0,0,0,0,0,0,0,2,0,0
113188,0,0,1.579,0,0,0,0,0,0,0,0,0,0,0,0,2,0,0
113198,0,0,1.579,0,0,0,0,0,0,0,0,0,0,0,0,2,0,0
113208,0,0,1.579,0,0,0,0,0,0,0,0,0,0,0,0,2,0,0
113218,0,0,1.579,0,0,0,0,0,0,0,0,0,0,0,0,2,0,0
113228,0,0,1.579,0,0,0,0,0,0,0,0,0,0,0,0,2,0,0
113238,0,0,1.579,0,0,0,0,0,0,0,0,0,0,0,0,2,0,0
113248,0,0,1.579,0,0,0,0,0,0,0,0,0,0,0,0,2,0,0
113258,0,0,1.579,0,0,0,0,0,0,0,0,0,0,0,0,2,0,0
113268,0,0,1.579,0,0,0,0,0,0,0,0,0,0,0,0,2,0,0
113278,0,0,1.579,0,0,0,0,0,0,0,0,0,0,0,0,2,0,0
113288,0,0,1.579,0,0,0,0,0,0,0,0,0,0,0,0,2,0,0
113298,0,0,1.579,0,0,0,0,0,0,0,0,0,0,0,0,2,0,0
113308,0,0,1.579,0,0,0,0,0,0,0,0,0,0,0,0,2,0,0
113318,0,0,1.579,0,0,0,0,0,0,0,0,0,0,0,0,2,0,0
113328,0,0,1.579,0,0,0,0,0,0,0,0,0,0,0,0,2,0,0
113338,0,0,1.579,0,0,0,0,0,0,0,0,0,0,0,0,2,0,0
113348,0,0,1.579,0,0,0,0,0,0,0,0,0,0,0,0,2,0,0
113358,0,0,1.579,0,0,0,0,0,0,0,0,0,0,0,0,2,0,0
113367,0,0,1.579,0,0,0,0,0,0,0,0,0,0,0,0,2,0,0
113378,0,0,1.579,0,0,0,0,0,0,0,0,0,0,0,0,2,0,0
113388,0,0,1.579,0,0,0,0,0,0,0,0,0,0,0,0,2,0,0
113398,0,0,1.579,0,0,0,0,0,0,0,0,0,0,0,0,2,0,0
113408,0,0,1.579,0,0,0,0,0,0,0,0,0,0,0,0,2,0,0
113418,0,0,1.579,0,0,0,0,0,0,0,0,0,0,0,0,2,0,0
113428,0,0,1.579,0,0,0,0,0,0,0,0,0,0,0,0,2,0,0
113438,0,0,1.579,0,0,0,0,0,0,0,0,0,0,0,0,2,0,0
113448,0,0,1.579,0,0,0,0,0,0,0,0,0,0,0,0,2,0,0
113458,0,0,1.579,0,0,0,0,0,0,0,0,0,0,0,0,2,0,0
113468,0,0,1.579,0,0,0,0,0,0,0,0,0,0,0,0,2,0,0
113478,0,0,1.579,0,0,0,0,0,0,0,0,0,0,0,0,2,0,0
113488,0,0,1.579,0,0,0,0,0,0,0,0,0,0,0,0,2,0,0
113498,0,0,1.579,0,0,0,0,0,0,0,0,0,0,0,0,2,0,0
113508,0,0,1.579,0,0,0,0,0,0,0,0,0,0,0,0,2,0,0
113518,0,0,1.579,0,0,0,0,0,0,0,0,0,0,0,0,2,0,0
113528,0,0,1.579,0,0,0,0,0,0,0,0,0,0,0,0,2,0,0
113538,0,0,1.579,0,0,0,0,0,0,0,0,0,0,0,0,2,0,0
113548,0,0,1.579,0,0,0,0,0,0,0,0,0,0,0,0,2,0,0
113558,0,0,1.579,0,0,0,0,0,0,0,0,0,0,0,0,2,0,0
113568,0,0,1.579,0,0,0,0,0,0,0,0,0,0,0,0,2,0,0
113578,0,0,1.579,0,0,0,0,0,0,0,0,0,0,0,0,2,0,0
113588,0,0,1.579,0,0,0,0,0,0,0,0,0,0,0,0,2,0,0
113598,0,0,1.579,0,0,0,0,0,0,0,0,0,0,0,0,2,0,0
113608,0,0,1.579,0,0,0,0,0,0,0,0,0,0,0,0,2,0,0
113618,0,0,1.579,0,0,0,0,0,0,0,0,0,0,0,0,2,0,0
113628,0,0,1.579,0,0,0,0,0,0,0,0,0,0,0,0,2,0,0
113638,0,0,1.579,0,0,0,0,0,0,0,0,0,0,0,0,2,0,0
113648,0,0,1.579,0,0,0,0,0,0,0,0,0,0,0,0,2,0,0
113658,0,0,1.579,0,0,0,0,0,0,0,0,0,0,0,0,2,0,0
113668,0,0,1.579,0,0,0,0,0,0,0,0,0,0,0,0,2,0,0
113678,0,0,1.579,0,0,0,0,0,0,0,0,0,0,0,0,2,0,0
113688,0,0,1.579,0,0,0,0,0,0,0,0,0,0,0,0,2,0,0
113698,0,0,1.579,0,0,0,0,0,0,0,0,0,0,0,0,2,0,0
113708,0,0,1.579,0,0,0,0,0,0,0,0,0,0,0,0,2,0,0
113718,0,0,1.579,0,0,0,0,0,0,0,0,0,0,0,0,2,0,0
113728,0,0,1.579,0,0,0,0,0,0,0,0,0,0,0,0,2,0,0
113738,0,0,1.579,0,0,0,0,0,0,0,0,0,0,0,0,2,0,0
113748,0,0,1.579,0,0,0,0,0,0,0,0,0,0,0,0,2,0,0
113758,0,0,1.579,0,0,0,0,0,0,0,0,0,0,0,0,2,0,0
113768,0,0,1.579,0,0,0,0,0,0,0,0,0,0,0,0,2,0,0
113778,0,0,1.579,0,0,0,0,0,0,0,0,0,0,0,0,2,0,0
113788,0,0,1.579,0,0,0,0,0,0,0,0,0,0,0,0,2,0,0
113798,0,0,1.579,0,0,0,0,0,0,0,0,0,0,0,0,2,0,0
113808,0,0,1.579,0,0,0,0,0,0,0,0,0,0,0,0,2,0,0
113818,0,0,1.579,0,0,0,0,0,0,0,0,0,0,0,0,2,0,0
113828,0,0,1.579,0,0,0,0,0,0,0,0,0,0,0,0,2,0,0
113838,0,0,1.579,0,0,0,0,0,0,0,0,0,0,0,0,2,0,0
113848,0,0,1.579,0,0,0,0,0,0,0,0,0,0,0,0,2,0,0
113858,0,0,1.579,0,0,0,0,0,0,0,0,0,0,0,0,2,0,0
113868,0,0,1.579,0,0,0,0,0,0,0,0,0,0,0,0,2,0,0
113878,0,0,1.579,0,0,0,0,0,0,0,0,0,0,0,0,2,0,0
113888,0,0,1.579,0,0,0,0,0,0,0,0,0,0,0,0,2,0,0
113898,0,0,1.579,0,0,0,0,0,0,0,0,0,0,0,0,2,0,0
113908,0,0,1.579,0,0,0,0,0,0,0,0,0,0,0,0,2,0,0
113918,0,0,1.579,0,0,0,0,0,0,0,0,0,0,0,0,2,0,0
113928,0,0,1.579,0,0,0,0,0,0,0,0,0,0,0,0,2,0,0
113938,0,0,1.579,0,0,0,0,0,0,0,0,0,0,0,0,2,0,0
113948,0,0,1.579,0,0,0,0,0,0,0,0,0,0,0,0,2,0,0
113958,0,0,1.579,0,0,0,0,0,0,0,0,0,0,0,0,2,0,0
113968,0,0,1.579,0,0,0,0,0,0,0,0,0,0,0,0,2,0,0
113978,0,0,1.579,0,0,0,0,0,0,0,0,0,0,0,0,2,0,0
113988,0,0,1.579,0,0,0,0,0,0,0,0,0,0,0,0,2,0,0
113998,0,0,1.579,0,0,0,0,0,0,0,0,0,0,0,0,2,0,0
114008,0,0,1.579,0,0,0,0,0,0,0,0,0,0,0,0,2,0,0
114018,0,0,1.579,0,0,0,0,0,0,0,0,0,0,0,0,2,0,0
114028,0,0,1.579,0,0,0,0,0,0,0,0,0,0,0,0,2,0,0
114038,0,0,1.579,0,0,0,0,0,0,0,0,0,0,0,0,2,0,0
114048,0,0,1.579,0,0,0,0,0,0,0,0,0,0,0,0,2,0,0
114058,0,0,1.579,0,0,0,0,0,0,0,0,0,0,0,0,2,0,0
114068,0,0,1.579,0,0,0,0,0,0,0,0,0,0,0,0,2,0,0
114078,0,0,1.579,0,0,0,0,0,0,0,0,0,0,0,0,2,0,0
114088,0,0,1.579,0,0,0,0,0,0,0,0,0,0,0,0,2,0,0
114098,0,0,1.579,0,0,0,0,0,0,0,0,0,0,0,0,2,0,0
114108,0,0,1.579,0,0,0,0,0,-0.001,0,0,0,0,0,0,2,0,0
114118,0,0,1.579,0,0,0,0,0,0,0,0,0,0,0,0,2,0,0
114128,0,0,1.579,0,0,0,0,0,0,0,0,0,0,0,0,2,0,0
114138,0,0,1.579,0,0,0,0,0.001,0.001,0,0,0,0,0,0,2,0,0
114148,0,0,1.579,0,0,0,0,0,0,0,0,0,0,0,0,2,0,0
114158,0,0,1.579,0,0,0,0,0,0,0,0,0,0,0,0,2,0,0
114168,0,0,1.579,0,0,0,0,0,0,0,0,0,0,0,0,2,0,0
114178,0,0,1.579,0,0,0,0,0,0,0,0,0,0,0,0,2,0,0
114188,0,0,1.579,0,0,0,0,0,0,0,0,0,0,0,0,2,0,0
114198,0,0,1.579,0,0,0,0,0,0,0,0,0,0,0,0,2,0,0
114208,0,0,1.579,0,0,0,0,0,0,0,0,0,0,0,0,2,0,0
114218,0,0,1.579,0,0,0,0,0,0,0,0,0,0,0,0,2,0,0
114228,0,0,1.579,0,0,0,0,0,0,0,0,0,0,0,0,2,0,0
114238,0,0,1.579,0,0,0,0,0,0,0,0,0,0,0,0,2,0,0
114248,0,0,1.579,0,0,0,0,0,0,0,0,0,0,0,0,2,0,0
114258,0,0,1.579,0,0,0,0,0,0,0,0,0,0,0,0,2,0,0
114268,0,0,1.579,0,0,0,0,0,0,0,0,0,0,0,0,2,0,0
114278,0,0,1.579,0,0,0,0,0,0,0,0,0,0,0,0,2,0,0
114288,0,0,1.579,0,0,0,0,0,0,0,0,0,0,0,0,2,0,0
114298,0,0,1.579,0,0,0,0,0,0,0,0,0,0,0,0,2,0,0
114308,0,0,1.579,0,0,0,0,0,0,0,0,0,0,0,0,2,0,0
114318,0,0,1.579,0,0,0,0,0,0,0,0,0,0,0,0,2,0,0
114328,0,0,1.579,0,0,0,0,0,0,0,0,0,0,0,0,2,0,0
114338,0,0,1.579,0,0,0,0,0,0,0,0,0,0,0,0,2,0,0
114348,0,0,1.579,0,0,0,0,0,0,0,0,0,0,0,0,2,0,0
114358,0,0,1.579,0,0,0,0,0,0,0,0,0,0,0,0,2,0,0
114368,0,0,1.579,0,0,0,0,0,0,0,0,0,0,0,0,2,0,0
114378,0,0,1.579,0,0,0,0,0,0,0,0,0,0,0,0,2,0,0
114388,0,0,1.579,0,0,0,0,0,0,0,0,0,0,0,0,2,0,0
114398,0,0,1.579,0,0,0,0,0,0,0,0,0,0,0,0,2,0,0
114408,0,0,1.579,0,0,0,0,0,0,0,0,0,0,0,0,2,0,0
114418,0,0,1.579,0,0,0,0,0,0,0,0,0,0,0,0,2,0,0
114428,0,0,1.579,0,0,0,0,0,0,0,0,0,0,0,0,2,0,0
114438,0,0,1.579,0,0,0,0,0,0,0,0,0,0,0,0,2,0,0
114448,0,0,1.579,0,0,0,0,0,0,0,0,0,0,0,0,2,0,0
114458,0,0,1.579,0,0,0,0,0,0,0,0,0,0,0,0,2,0,0
114468,0,0,1.579,0,0,0,0,0,0,0,0,0,0,0,0,2,0,0
114478,0,0,1.579,0,0,0,0,0,0,0,0,0,0,0,0,2,0,0
114488,0,0,1.579,0,0,0,0,0,0,0,0,0,0,0,0,2,0,0
114498,0,0,1.579,0,0,0,0,0,0,0,0,0,0,0,0,2,0,0
114508,0,0,1.579,0,0,0,0,0,0,0,0,0,0,0,0,2,0,0
114518,0,0,1.579,0,0,0,0,0,0,0,0,0,0,0,0,2,0,0
114528,0,0,1.579,0,0,0,0,0,0,0,0,0,0,0,0,2,0,0
114538,0,0,1.579,0,0,0,0,0,0,0,0,0,0,0,0,2,0,0
114548,0,0,1.579,0,0,0,0,0,0,0,0,0,0,0,0,2,0,0
114558,0,0,1.579,0,0,0,0,0,0,0,0,0,0,0,0,2,0,0
114568,0,0,1.579,0,0,0,0,0,0,0,0,0,0,0,0,2,0,0
114578,0,0,1.579,0,0,0,0,0,0,0,0,0,0,0,0,2,0,0
114588,0,0,1.579,0,0,0,0,0,0,0,0,0,0,0,0,2,0,0
114598,0,0,1.579,0,0,0,0,0,0,0,0,0,0,0,0,2,0,0
114608,0,0,1.579,0,0,0,0,0,0,0,0,0,0,0,0,2,0,0
114618,0,0,1.579,0,0,0,0,0,0,0,0,0,0,0,0,2,0,0
114628,0,0,1.579,0,0,0,0,0,0,0,0,0,0,0,0,2,0,0
114638,0,0,1.579,0,0,0,0,-0.001,0,0,0,0,0,0,0,2,0,0
114648,0,0,1.579,0,0,0,0,0,0,0,0,0,0,0,0,2,0,0
114658,0,0,1.579,0,0,0,0,0,0,0,0,0,0,0,0,2,0,0
114668,0,0,1.579,0,0,0,0,0,0,0,0,0,0,0,0,2,0,0
114678,0,0,1.579,0,0,0,0,0,0,0,0,0,0,0,0,2,0,0
114688,0,0,1.579,0,0,0,0,0,0,0,0,0,0,0,0,2,0,0
114698,0,0,1.579,0,0,0,0,0,0,0,0,0,0,0,0,2,0,0
114708,0,0,1.579,0,0,0,0,0,0,0,0,0,0,0,0,2,0,0
114718,0,0,1.579,0,0,0,0,0,0,0,0,0,0,0,0,2,0,0
114728,0,0,1.579,0,0,0,0,0,0,0,0,0,0,0,0,2,0,0
114738,0,0,1.579,0,0,0,0,0,0,0,0,0,0,0,0,2,0,0
114748,0,0,1.579,0,0,0,0,0,0,0,0,0,0,0,0,2,0,0
114758,0,0,1.579,0,0,0,0,0,0,0,0,0,0,0,0,2,0,0
114768,0,0,1.579,0,0,0,0,0,0,0,0,0,0,0,0,2,0,0
114778,0,0,1.579,0,0,0,0,0,0,0,0,0,0,0,0,2,0,0
114788,0,0,1.579,0,0,0,0,0,0,0,0,0,0,0,0,2,0,0
114798,0,0,1.579,0,0,0,0,0,0,0,0,0,0,0,0,2,0,0
114808,0,0,1.579,0,0,0,0,0,0,0,0,0,0,0,0,2,0,0
114818,0,0,1.579,0,0,0,0,0,0,0,0,0,0,0,0,2,0,0
114828,0,0,1.579,0,0,0,0,0,0,0,0,0,0,0,0,2,0,0
114838,0,0,1.579,0,0,0,0,0,0,0,0,0,0,0,0,2,0,0
114848,0,0,1.579,0,0,0,0,0,0,0,0,0,0,0,0,2,0,0
114858,0,0,1.579,0,0,0,0,0,0,0,0,0,0,0,0,2,0,0
114868,0,0,1.579,0,0,0,0,0,0,0,0,0,0,0,0,2,0,0
114878,0,0,1.579,0,0,0,0,0,0,0,0,0,0,0,0,2,0,0
114888,0,0,1.579,0,0,0,0,0,0,0,0,0,0,0,0,2,0,0
114898,0,0,1.579,0,0,0,0,0,0,0,0,0,0,0,0,2,0,0
114908,0,0,1.579,0,0,0,0,0,0,0,0,0,0,0,0,2,0,0
114918,0,0,1.579,0,0,0,0,0,0,0,0,0,0,0,0,2,0,0
114928,0,0,1.579,0,0,0,0,0,0,0,0,0,0,0,0,2,0,0
114938,0,0,1.579,0,0,0,0,0,0,0,0,0,0,0,0,2,0,0
114948,0,0,1.579,0,0,0,0,0,0,0,0,0,0,0,0,2,0,0
114958,0,0,1.579,0,0,0,0,0,0,0,0,0,0,0,0,2,0,0
114968,0,0,1.579,0,0,0,0,0,0,0,0,0,0,0,0,2,0,0
114978,0,0,1.579,0,0,0,0,0,0,0,0,0,0,0,0,2,0,0
114988,0,0,1.579,0,0,0,0,0,0,0,0,0,0,0,0,2,0,0
114998,0,0,1.579,0,0,0,0,0,0,0,0,0,0,0,0,2,0,0
115008,0,0,1.579,0,0,0,0,0,0,0,0,0,0,0,0,2,0,0
115018,0,0,1.579,0,0,0,0,0,0,0,0,0,0,0,0,2,0,0
115028,0,0,1.579,0,0,0,0,0,0,0,0,0,0,0,0,2,0,0
115038,0,0,1.579,0,0,0,0,0,0,0,0,0,0,0,0,2,0,0
115048,0,0,1.579,0,0,0,0,0,0,0,0,0,0,0,0,2,0,0
115058,0,0,1.579,0,0,0,0,0,0,0,0,0,0,0,0,2,0,0
115068,0,0,1.579,0,0,0,0,0,0,0,0,0,0,0,0,2,0,0
115078,0,0,1.579,0,0,0,0,0,0,0,0,0,0,0,0,2,0,0
115088,0,0,1.579,0,0,0,0,0,0,0,0,0,0,0,0,2,0,0
115098,0,0,1.579,0,0,0,0,0,0,0,0,0,0,0,0,2,0,0
115108,0,0,1.579,0,0,0,0,0,0,0,0,0,0,0,0,2,0,0
115118,0,0,1.579,0,0,0,0,0,0,0,0,0,0,0,0,2,0,0
115128,0,0,1.579,0,0,0,0,0,0,0,0,0,0,0,0,2,0,0
115138,0,0,1.579,0,0,0,0,0,0,0,0,0,0,0,0,2,0,0
115148,0,0,1.579,0,0,0,0,0,0,0,0,0,0,0,0,2,0,0
115158,0,0,1.579,0,0,0,0,0,0,0,0,0,0,0,0,2,0,0
115167,0,0,1.579,0,0,0,0,0,0,0,0,0,0,0,0,2,0,0
115178,0,0,1.579,0,0,0,0,0,0,0,0,0,0,0,0,2,0,0
115188,0,0,1.579,0,0,0,0,0,0,0,0,0,0,0,0,2,0,0
115198,0,0,1.579,0,0,0,0,0,0,0,0,0,0,0,0,2,0,0
115208,0,0,1.579,0,0,0,0,0,0,0,0,0,0,0,0,2,0,0
115218,0,0,1.579,0,0,0,0,0,0,0,0,0,0,0,0,2,0,0
115228,0,0,1.579,0,0,0,0,0,0,0,0,0,0,0,0,2,0,0
115238,0,0,1.579,0,0,0,0,0,0,0,0,0,0,0,0,2,0,0
115248,0,0,1.579,0,0,0,0,0,0,0,0,0,0,0,0,2,0,0
115258,0,0,1.579,0,0,0,0,0,0,0,0,0,0,0,0,2,0,0
115268,0,0,1.579,0,0,0,0,0,0,0,0,0,0,0,0,2,0,0
115278,0,0,1.579,0,0,0,0,0,0,0,0,0,0,0,0,2,0,0
115288,0,0,1.579,0,0,0,0,0,0,0,0,0,0,0,0,2,0,0
115298,0,0,1.579,0,0,0,0,0,0,0,0,0,0,0,0,2,0,0
115308,0,0,1.579,0,0,0,0,0,0,0,0,0,0,0,0,2,0,0
115318,0,0,1.579,0,0,0,0,0,0,0,0,0,0,0,0,2,0,0
115328,0,0,1.579,0,0,0,0,0,0,0,0,0,0,0,0,2,0,0
115338,0,0,1.579,0,0,0,0,0,0,0,0,0,0,0,0,2,0,0
115348,0,0,1.579,0,0,0,0,0,0,0,0,0,0,0,0,2,0,0
115358,0,0,1.579,0,0,0,0,0,0,0,0,0,0,0,0,2,0,0
115368,0,0,1.579,0,0,0,0,0,0,0,0,0,0,0,0,2,0,0
115378,0,0,1.579,0,0,0,0,0,0,0,0,0,0,0,0,2,0,0
115388,0,0,1.579,0,0,0,0,0,0,0,0,0,0,0,0,2,0,0
115398,0,0,1.579,0,0,0,0,0,0,0,0,0,0,0,0,2,0,0
115408,0,0,1.579,0,0,0,0,0,0,0,0,0,0,0,0,2,0,0
115418,0,0,1.579,0,0,0,0,0,0,0,0,0,0,0,0,2,0,0
115428,0,0,1.579,0,0,0,0,0,0,0,0,0,0,0,0,2,0,0
115438,0,0,1.579,0,0,0,0,0,0,0,0,0,0,0,0,2,0,0
115448,0,0,1.579,0,0,0,0,0,0,0,0,0,0,0,0,2,0,0
115458,0,0,1.579,0,0,0,0,0,0,0,0,0,0,0,0,2,0,0
115468,0,0,1.579,0,0,0,0,0,0,0,0,0,0,0,0,2,0,0
115478,0,0,1.579,0,0,0,0,0,0,0,0,0,0,0,0,2,0,0
115488,0,0,1.579,0,0,0,0,0,0,0,0,0,0,0,0,2,0,0
115498,0,0,1.579,0,0,0,0,0,0,0,0,0,0,0,0,2,0,0
115508,0,0,1.579,0,0,0,0,0,0,0,0,0,0,0,0,2,0,0
115518,0,0,1.579,0,0,0,0,0,0,0,0,0,0,0,0,2,0,0
115528,0,0,1.579,0,0,0,0,0,0,0,0,0,0,0,0,2,0,0
115538,0,0,1.579,0,0,0,0,0,0,0,0,0,0,0,0,2,0,0
115548,0,0,1.579,0,0,0,0,0,0,0,0,0,0,0,0,2,0,0
115558,0,0,1.579,0,0,0,0,0,0,0,0,0,0,0,0,2,0,0
115568,0,0,1.579,0,0,0,0,0,0,0,0,0,0,0,0,2,0,0
115578,0,0,1.579,0,0,0,0,0,0,0,0,0,0,0,0,2,0,0
115588,0,0,1.579,0,0,0,0,0,0,0,0,0,0,0,0,2,0,0
115598,0,0,1.579,0,0,0,0,0,0,0,0,0,0,0,0,2,0,0
115608,0,0,1.579,0,0,0,0,0,0,0,0,0,0,0,0,2,0,0
115618,0,0,1.579,0,0,0,0,0,0,0,0,0,0,0,0,2,0,0
115628,0,0,1.579,0,0,0,0,0,0,0,0,0,0,0,0,2,0,0
115638,0,0,1.579,0,0,0,0,0,0,0,0,0,0,0,0,2,0,0
115648,0,0,1.579,0,0,0,0,0,0,0,0,0,0,0,0,2,0,0
115658,0,0,1.579,0,0,0,0,0,0,0,0,0,0,0,0,2,0,0
115668,0,0,1.579,0,0,0,0,0,0,0,0,0,0,0,0,2,0,0
115678,0,0,1.579,0,0,0,0,0,0,0,0,0,0,0,0,2,0,0
115688,0,0,1.579,0,0,0,0,0,0,0,0,0,0,0,0,2,0,0
115698,0,0,1.579,0,0,0,0,0,0,0,0,0,0,0,0,2,0,0
115708,0,0,1.579,0,0,0,0,0,0,0,0,0,0,0,0,2,0,0
115718,0,0,1.579,0,0,0,0,0,0,0,0,0,0,0,0,2,0,0
115728,0,0,1.579,0,0,0,0,0,0,0,0,0,0,0,0,2,0,0
115738,0,0,1.579,0,0,0,0,0,0,0,0,0,0,0,0,2,0,0
115748,0,0,1.579,0,0,0,0,0,0,0,0,0,0,0,0,2,0,0
115758,0,0,1.579,0,0,0,0,0,0,0,0,0,0,0,0,2,0,0
115768,0,0,1.579,0,0,0,0,0,0,0,0,0,0,0,0,2,0,0
115778,0,0,1.579,0,0,0,0,0,0,0,0,0,0,0,0,2,0,0
115788,0,0,1.579,0,0,0,0,0,0,0,0,0,0,0,0,2,0,0
115798,0,0,1.579,0,0,0,0,0,0,0,0,0,0,0,0,2,0,0
115808,0,0,1.579,0,0,0,0,0,0,0,0,0,0,0,0,2,0,0
115818,0,0,1.579,0,0,0,0,0,0,0,0,0,0,0,0,2,0,0
115828,0,0,1.579,0,0,0,0,0,0,0,0,0,0,0,0,2,0,0
115838,0,0,1.579,0,0,0,0,0,0,0,0,0,0,0,0,2,0,0
115848,0,0,1.579,0,0,0,0,0,0,0,0,0,0,0,0,2,0,0
115858,0,0,1.579,0,0,0,0,0,0,0,0,0,0,0,0,2,0,0
115868,0,0,1.579,0,0,0,0,0,0,0,0,0,0,0,0,2,0,0
115878,0,0,1.579,0,0,0,0,0,0,0,0,0,0,0,0,2,0,0
115888,0,0,1.579,0,0,0,0,0,0,0,0,0,0,0,0,2,0,0
115898,0,0,1.579,0,0,0,0,0,0,0,0,0,0,0,0,2,0,0
115908,0,0,1.579,0,0,0,0,0,0,0,0,0,0,0,0,2,0,0
115918,0,0,1.579,0,0,0,0,0,0,0,0,0,0,0,0,2,0,0
115928,0,0,1.579,0,0,0,0,0,0,0,0,0,0,0,0,2,0,0
115938,0,0,1.579,0,0,0,0,0,0,0,0,0,0,0,0,2,0,0
115948,0,0,1.579,0,0,0,0,0,0,0,0,0,0,0,0,2,0,0
115958,0,0,1.579,0,0,0,0,0,0,0,0,0,0,0,0,2,0,0
115968,0,0,1.579,0,0,0,0,0,0,0,0,0,0,0,0,2,0,0
115978,0,0,1.579,0,0,0,0,0,0,0,0,0,0,0,0,2,0,0
115988,0,0,1.579,0,0,0,0,0,0,0,0,0,0,0,0,2,0,0
115998,0,0,1.579,0,0,0,0,0,0,0,0,0,0,0,0,2,0,0
116008,0,0,1.579,0,0,0,0,0,0,0,0,0,0,0,0,2,0,0
116018,0,0,1.579,0,0,0,0,0,0,0,0,0,0,0,0,2,0,0
116028,0,0,1.579,0,0,0,0,0,0,0,0,0,0,0,0,2,0,0
116038,0,0,1.579,0,0,0,0,0,0,0,0,0,0,0,0,2,0,0
116048,0,0,1.579,0,0,0,0,0,0,0,0,0,0,0,0,2,0,0
116058,0,0,1.579,0,0,0,0,0,0,0,0,0,0,0,0,2,0,0
116068,0,0,1.579,0,0,0,0,0,0,0,0,0,0,0,0,2,0,0
116078,0,0,1.579,0,0,0,0,0,0,0,0,0,0,0,0,2,0,0
116088,0,0,1.579,0,0,0,0,0,0,0,0,0,0,0,0,2,0,0
116098,0,0,1.579,0,0,0,0,0,0,0,0,0,0,0,0,2,0,0
116108,0,0,1.579,0,0,0,0,0,0,0,0,0,0,0,0,2,0,0
116118,0,0,1.579,0,0,0,0,0,0,0,0,0,0,0,0,2,0,0
116128,0,0,1.579,0,0,0,0,0,0,0,0,0,0,0,0,2,0,0
116138,0,0,1.579,0,0,0,0,0,0,0,0,0,0,0,0,2,0,0
116148,0,0,1.579,0,0,0,0,0,0,0,0,0,0,0,0,2,0,0
116158,0,0,1.579,0,0,0,0,0,0,0,0,0,0,0,0,2,0,0
116168,0,0,1.579,0,0,0,0,0,0,0,0,0,0,0,0,2,0,0
116178,0,0,1.579,0,0,0,0,0,0,0,0,0,0,0,0,2,0,0
116188,0,0,1.579,0,0,0,0,0,0,0,0,0,0,0,0,2,0,0
116198,0,0,1.579,0,0,0,0,0,0,0,0,0,0,0,0,2,0,0
116208,0,0,1.579,0,0,0,0,0,0,0,0,0,0,0,0,2,0,0
116218,0,0,1.579,0,0,0,0,0,0,0,0,0,0,0,0,2,0,0
116228,0,0,1.579,0,0,0,0,0,0,0,0,0,0,0,0,2,0,0
116238,0,0,1.579,0,0,0,0,0,0,0,0,0,0,0,0,2,0,0
116248,0,0,1.579,0,0,0,0,0,0,0,0,0,0,0,0,2,0,0
116258,0,0,1.579,0,0,0,0,0,0,0,0,0,0,0,0,2,0,0
116268,0,0,1.579,0,0,0,0,0,0,0,0,0,0,0,0,2,0,0
116278,0,0,1.579,0,0,0,0,0,0,0,0,0,0,0,0,2,0,0
116288,0,0,1.579,0,0,0,0,0,0,0,0,0,0,0,0,2,0,0
116298,0,0,1.579,0,0,0,0,0,0,0,0,0,0,0,0,2,0,0
116308,0,0,1.579,0,0,0,0,0,0,0,0,0,0,0,0,2,0,0
116318,0,0,1.579,0,0,0,0,0,0,0,0,0,0,0,0,2,0,0
116328,0,0,1.579,0,0,0,0,0,0,0,0,0,0,0,0,2,0,0
116338,0,0,1.579,0,0,0,0,0,0,0,0,0,0,0,0,2,0,0
116348,0,0,1.579,0,0,0,0,0,0,0,0,0,0,0,0,2,0,0
116358,0,0,1.579,0,0,0,0,0,0,0,0,0,0,0,0,2,0,0
116368,0,0,1.579,0,0,0,0,0,0,0,0,0,0,0,0,2,0,0
116378,0,0,1.579,0,0,0,0,0,0,0,0,0,0,0,0,2,0,0
116388,0,0,1.579,0,0,0,0,0,0,0,0,0,0,0,0,2,0,0
116398,0,0,1.579,0,0,0,0,0,0,0,0,0,0,0,0,2,0,0
116408,0,0,1.579,0,0,0,0,0,0,0,0,0,0,0,0,2,0,0
116418,0,0,1.579,0,0,0,0,0,0,0,0,0,0,0,0,2,0,0
116428,0,0,1.579,0,0,0,0,0,0,0,0,0,0,0,0,2,0,0
116438,0,0,1.579,0,0,0,0,0,0,0,0,0,0,0,0,2,0,0
116448,0,0,1.579,0,0,0,0,0,0,0,0,0,0,0,0,2,0,0
116458,0,0,1.579,0,0,0,0,0,0,0,0,0,0,0,0,2,0,0
116468,0,0,1.579,0,0,0,0,0,0,0,0,0,0,0,0,2,0,0
116478,0,0,1.579,0,0,0,0,0,0,0,0,0,0,0,0,2,0,0
116488,0,0,1.579,0,0,0,0,0,0,0,0,0,0,0,0,2,0,0
116498,0,0,1.579,0,0,0,0,0,0,0,0,0,0,0,0,2,0,0
116508,0,0,1.579,0,0,0,0,0,0,0,0,0,0,0,0,2,0,0
116518,0,0,1.579,0,0,0,0,0,0,0,0,0,0,0,0,2,0,0
116528,0,0,1.579,0,0,0,0,0,0,0,0,0,0,0,0,2,0,0
116538,0,0,1.579,0,0,0,0,0,0,0,0,0,0,0,0,2,0,0
116548,0,0,1.579,0,0,0,0,0,0,0,0,0,0,0,0,2,0,0
116558,0,0,1.579,0,0,0,0,0,0,0,0,0,0,0,0,2,0,0
116568,0,0,1.579,0,0,0,0,0,0,0,0,0,0,0,0,2,0,0
116578,0,0,1.579,0,0,0,0,0,0,0,0,0,0,0,0,2,0,0
116588,0,0,1.579,0,0,0,0,0,0,0,0,0,0,0,0,2,0,0
116598,0,0,1.579,0,0,0,0,0,0,0,0,0,0,0,0,2,0,0
116608,0,0,1.579,0,0,0,0,0,0,0,0,0,0,0,0,2,0,0
116618,0,0,1.579,0,0,0,0,0,0,0,0,0,0,0,0,2,0,0
116628,0,0,1.579,0,0,0,0,0,0,0,0,0,0,0,0,2,0,0
116638,0,0,1.579,0,0,0,0,0,0,0,0,0,0,0,0,2,0,0
116647,0,0,1.579,0,0,0,0,0,0,0,0,0,0,0,0,2,0,0
116658,0,0,1.579,0,0,0,0,0,0,0,0,0,0,0,0,2,0,0
116668,0,0,1.579,0,0,0,0,0,0,0,0,0,0,0,0,2,0,0
116678,0,0,1.579,0,0,0,0,0,0,0,0,0,0,0,0,2,0,0
116688,0,0,1.579,0,0,0,0,0,0,0,0,0,0,0,0,2,0,0
116698,0,0,1.579,0,0,0,0,0,0,0,0,0,0,0,0,2,0,0
116708,0,0,1.579,0,0,0,0,0,0,0,0,0,0,0,0,2,0,0
116718,0,0,1.579,0,0,0,0,0,0,0,0,0,0,0,0,2,0,0
116728,0,0,1.579,0,0,0,0,0,0,0,0,0,0,0,0,2,0,0
116738,0,0,1.579,0,0,0,0,0,0,0,0,0,0,0,0,2,0,0
116748,0,0,1.579,0,0,0,0,0,0,0,0,0,0,0,0,2,0,0
116758,0,0,1.579,0,0,0,0,0,0,0,0,0,0,0,0,2,0,0
116768,0,0,1.579,0,0,0,0,0,0,0,0,0,0,0,0,2,0,0
116778,0,0,1.579,0,0,0,0,0,0,0,0,0,0,0,0,2,0,0
116788,0,0,1.579,0,0,0,0,0,0,0,0,0,0,0,0,2,0,0
116798,0,0,1.579,0,0,0,0,0,0,0,0,0,0,0,0,2,0,0
116808,0,0,1.579,0,0,0,0,0,0,0,0,0,0,0,0,2,0,0
116818,0,0,1.579,0,0,0,0,0,0,0,0,0,0,0,0,2,0,0
116828,0,0,1.579,0,0,0,0,0,0,0,0,0,0,0,0,2,0,0
116838,0,0,1.579,0,0,0,0,0,0,0,0,0,0,0,0,2,0,0
116848,0,0,1.579,0,0,0,0,0,0,0,0,0,0,0,0,2,0,0
116858,0,0,1.579,0,0,0,0,0,0,0,0,0,0,0,0,2,0,0
116868,0,0,1.579,0,0,0,0,0,0,0,0,0,0,0,0,2,0,0
116878,0,0,1.579,0,0,0,0,0,0,0,0,0,0,0,0,2,0,0
116888,0,0,1.579,0,0,0,0,0,0,0,0,0,0,0,0,2,0,0
116898,0,0,1.579,0,0,0,0,0,0,0,0,0,0,0,0,2,0,0
116908,0,0,1.579,0,0,0,0,0,0,0,0,0,0,0,0,2,0,0
116918,0,0,1.579,0,0,0,0,0,0,0,0,0,0,0,0,2,0,0
116928,0,0,1.579,0,0,0,0,0,0,0,0,0,0,0,0,2,0,0
116938,0,0,1.579,0,0,0,0,0,0,0,0,0,0,0,0,2,0,0
116948,0,0,1.579,0,0,0,0,0,0,0,0,0,0,0,0,2,0,0
116958,0,0,1.579,0,0,0,0,0,0,0,0,0,0,0,0,2,0,0
116968,0,0,1.579,0,0,0,0,0,0,0,0,0,0,0,0,2,0,0
116978,0,0,1.579,0,0,0,0,0,0,0,0,0,0,0,0,2,0,0
116988,0,0,1.579,0,0,0,0,0,0,0,0,0,0,0,0,2,0,0
116998,0,0,1.579,0,0,0,0,0,0,0,0,0,0,0,0,2,0,0
117008,0,0,1.579,0,0,0,0,0,0,0,0,0,0,0,0,2,0,0
117018,0,0,1.579,0,0,0,0,0,0,0,0,0,0,0,0,2,0,0
117028,0,0,1.579,0,0,0,0,0,0,0,0,0,0,0,0,2,0,0
117038,0,0,1.579,0,0,0,0,0,0,0,0,0,0,0,0,2,0,0
117048,0,0,1.579,0,0,0,0,0,0,0,0,0,0,0,0,2,0,0
117058,0,0,1.579,0,0,0,0,0,0,0,0,0,0,0,0,2,0,0
117068,0,0,1.579,0,0,0,0,0,0,0,0,0,0,0,0,2,0,0
117078,0,0,1.579,0,0,0,0,0,0,0,0,0,0,0,0,2,0,0
117088,0,0,1.579,0,0,0,0,0,0,0,0,0,0,0,0,2,0,0
117098,0,0,1.579,0,0,0,0,0,0,0,0,0,0,0,0,2,0,0
117108,0,0,1.579,0,0,0,0,0,0,0,0,0,0,0,0,2,0,0
117118,0,0,1.579,0,0,0,0,0,0,0,0,0,0,0,0,2,0,0
117128,0,0,1.579,0,0,0,0,0,0,0,0,0,0,0,0,2,0,0
117138,0,0,1.579,0,0,0,0,0,0,0,0,0,0,0,0,2,0,0
117148,0,0,1.579,0,0,0,0,0,0,0,0,0,0,0,0,2,0,0
117158,0,0,1.579,0,0,0,0,0,0,0,0,0,0,0,0,2,0,0
117168,0,0,1.579,0,0,0,0,0,0,0,0,0,0,0,0,2,0,0
117178,0,0,1.579,0,0,0,0,0,0,0,0,0,0,0,0,2,0,0
117188,0,0,1.579,0,0,0,0,0,0,0,0,0,0,0,0,2,0,0
117198,0,0,1.579,0,0,0,0,0,0,0,0,0,0,0,0,2,0,0
117208,0,0,1.579,0,0,0,0,0,0,0,0,0,0,0,0,2,0,0
117218,0,0,1.579,0,0,0,0,0,0,0,0,0,0,0,0,2,0,0
117228,0,0,1.579,0,0,0,0,0,0,0,0,0,0,0,0,2,0,0
117238,0,0,1.579,0,0,0,0,0,0,0,0,0,0,0,0,2,0,0
117248,0,0,1.579,0,0,0,0,0,0,0,0,0,0,0,0,2,0,0
117258,0,0,1.579,0,0,0,0,0,0,0,0,0,0,0,0,2,0,0
117268,0,0,1.579,0,0,0,0,0,0,0,0,0,0,0,0,2,0,0
117278,0,0,1.579,0,0,0,0,0,0,0,0,0,0,0,0,2,0,0
117288,0,0,1.579,0,0,0,0,0,0,0,0,0,0,0,0,2,0,0
117298,0,0,1.579,0,0,0,0,0,0,0,0,0,0,0,0,2,0,0
117308,0,0,1.579,0,0,0,0,0,0,0,0,0,0,0,0,2,0,0
117318,0,0,1.579,0,0,0,0,0,0,0,0,0,0,0,0,2,0,0
117328,0,0,1.579,0,0,0,0,0,0,0,0,0,0,0,0,2,0,0
117338,0,0,1.579,0,0,0,0,0,0,0,0,0,0,0,0,2,0,0
117348,0,0,1.579,0,0,0,0,0,0,0,0,0,0,0,0,2,0,0
117358,0,0,1.579,0,0,0,0,0,0,0,0,0,0,0,0,2,0,0
117368,0,0,1.579,0,0,0,0,0,0,0,0,0,0,0,0,2,0,0
117378,0,0,1.579,0,0,0,0,0,0,0,0,0,0,0,0,2,0,0
117388,0,0,1.579,0,0,0,0,0,0,0,0,0,0,0,0,2,0,0
117398,0,0,1.579,0,0,0,0,0,0,0,0,0,0,0,0,2,0,0
117408,0,0,1.579,0,0,0,0,0,0,0,0,0,0,0,0,2,0,0
117418,0,0,1.579,0,0,0,0,0,0,0,0,0,0,0,0,2,0,0
117428,0,0,1.579,0,0,0,0,0,0,0,0,0,0,0,0,2,0,0
117438,0,0,1.579,0,0,0,0,0,0,0,0,0,0,0,0,2,0,0
117448,0,0,1.579,0,0,0,0,0,0,0,0,0,0,0,0,2,0,0
117458,0,0,1.579,0,0,0,0,0,0,0,0,0,0,0,0,2,0,0
117468,0,0,1.579,0,0,0,0,0,0,0,0,0,0,0,0,2,0,0
117478,0,0,1.579,0,0,0,0,0,0,0,0,0,0,0,0,2,0,0
117488,0,0,1.579,0,0,0,0,0,0,0,0,0,0,0,0,2,0,0
117498,0,0,1.579,0,0,0,0,0,0,0,0,0,0,0,0,2,0,0
117508,0,0,1.579,0,0,0,0,0,0,0,0,0,0,0,0,2,0,0
117518,0,0,1.579,0,0,0,0,0,0,0,0,0,0,0,0,2,0,0
117528,0,0,1.579,0,0,0,0,0,0,0,0,0,0,0,0,2,0,0
117538,0,0,1.579,0,0,0,0,0,0,0,0,0,0,0,0,2,0,0
117548,0,0,1.579,0,0,0,0,0,0,0,0,0,0,0,0,2,0,0
117558,0,0,1.579,0,0,0,0,0,0,0,0,0,0,0,0,2,0,0
117568,0,0,1.579,0,0,0,0,0,0,0,0,0,0,0,0,2,0,0
117578,0,0,1.579,0,0,0,0,0,0,0,0,0,0,0,0,2,0,0
117588,0,0,1.579,0,0,0,0,0,0,0,0,0,0,0,0,2,0,0
117598,0,0,1.579,0,0,0,0,0,0,0,0,0,0,0,0,2,0,0
117608,0,0,1.579,0,0,0,0,0,0,0,0,0,0,0,0,2,0,0
117618,0,0,1.579,0,0,0,0,0,0,0,0,0,0,0,0,2,0,0
117628,0,0,1.579,0,0,0,0,0,0,0,0,0,0,0,0,2,0,0
117638,0,0,1.579,0,0,0,0,0,0,0,0,0,0,0,0,2,0,0
117648,0,0,1.579,0,0,0,0,0,0,0,0,0,0,0,0,2,0,0
117658,0,0,1.579,0,0,0,0,0,0,0,0,0,0,0,0,2,0,0
117668,0,0,1.579,0,0,0,0,0,0,0,0,0,0,0,0,2,0,0
117678,0,0,1.579,0,0,0,0,0,0,0,0,0,0,0,0,2,0,0
117688,0,0,1.579,0,0,0,0,0,0,0,0,0,0,0,0,2,0,0
117698,0,0,1.579,0,0,0,0,0,0,0,0,0,0,0,0,2,0,0
117708,0,0,1.579,0,0,0,0,0,0,0,0,0,0,0,0,2,0,0
117718,0,0,1.579,0,0,0,0,0,0,0,0,0,0,0,0,2,0,0
117728,0,0,1.579,0,0,0,0,0,0,0,0,0,0,0,0,2,0,0
117738,0,0,1.579,0,0,0,0,0,0,0,0,0,0,0,0,2,0,0
117748,0,0,1.579,0,0,0,0,0,0,0,0,0,0,0,0,2,0,0
117758,0,0,1.579,0,0,0,0,0,0,0,0,0,0,0,0,2,0,0
117768,0,0,1.579,0,0,0,0,0,0,0,0,0,0,0,0,2,0,0
117778,0,0,1.579,0,0,0,0,0,0,0,0,0,0,0,0,2,0,0
117788,0,0,1.579,0,0,0,0,0,0,0,0,0,0,0,0,2,0,0
117798,0,0,1.579,0,0,0,0,0,0,0,0,0,0,0,0,2,0,0
117808,0,0,1.579,0,0,0,0,0,0,0,0,0,0,0,0,2,0,0
117818,0,0,1.579,0,0,0,0,0,0,0,0,0,0,0,0,2,0,0
117828,0,0,1.579,0,0,0,0,0,0,0,0,0,0,0,0,2,0,0
117838,0,0,1.579,0,0,0,0,0,0,0,0,0,0,0,0,2,0,0
117848,0,0,1.579,0,0,0,0,0,0,0,0,0,0,0,0,2,0,0
117858,0,0,1.579,0,0,0,0,0,0,0,0,0,0,0,0,2,0,0
117868,0,0,1.579,0,0,0,0,0,0,0,0,0,0,0,0,2,0,0
117878,0,0,1.579,0,0,0,0,0,0,0,0,0,0,0,0,2,0,0
117888,0,0,1.579,0,0,0,0,0,0,0,0,0,0,0,0,2,0,0
117898,0,0,1.579,0,0,0,0,0,0,0,0,0,0,0,0,2,0,0
117908,0,0,1.579,0,0,0,0,0,0,0,0,0,0,0,0,2,0,0
117918,0,0,1.579,0,0,0,0,0,0,0,0,0,0,0,0,2,0,0
117928,0,0,1.579,0,0,0,0,0,0,0,0,0,0,0,0,2,0,0
117938,0,0,1.579,0,0,0,0,0,0,0,0,0,0,0,0,2,0,0
117948,0,0,1.579,0,0,0,0,0,0,0,0,0,0,0,0,2,0,0
117958,0,0,1.579,0,0,0,0,0,0,0,0,0,0,0,0,2,0,0
117968,0,0,1.579,0,0,0,0,0,0,0,0,0,0,0,0,2,0,0
117978,0,0,1.579,0,0,0,0,0,0,0,0,0,0,0,0,2,0,0
117988,0,0,1.579,0,0,0,0,0,0,0,0,0,0,0,0,2,0,0
117998,0,0,1.579,0,0,0,0,0,0,0,0,0,0,0,0,2,0,0
118008,0,0,1.579,0,0,0,0,0,0,0,0,0,0,0,0,2,0,0
118018,0,0,1.579,0,0,0,0,0,0,0,0,0,0,0,0,2,0,0
118028,0,0,1.579,0,0,0,0,0,0,0,0,0,0,0,0,2,0,0
118038,0,0,1.579,0,0,0,0,0,0,0,0,0,0,0,0,2,0,0
118048,0,0,1.579,0,0,0,0,0,0,0,0,0,0,0,0,2,0,0
118058,0,0,1.579,0,0,0,0,0,0,0,0,0,0,0,0,2,0,0
118068,0,0,1.579,0,0,0,0,0,0,0,0,0,0,0,0,2,0,0
118078,0,0,1.579,0,0,0,0,0,0,0,0,0,0,0,0,2,0,0
118088,0,0,1.579,0,0,0,0,0,0,0,0,0,0,0,0,2,0,0
118098,0,0,1.579,0,0,0,0,0,0,0,0,0,0,0,0,2,0,0
118108,0,0,1.579,0,0,0,0,0,0,0,0,0,0,0,0,2,0,0
118118,0,0,1.579,0,0,0,0,0,0,0,0,0,0,0,0,2,0,0
118128,0,0,1.579,0,0,0,0,0,0,0,0,0,0,0,0,2,0,0
118138,0,0,1.579,0,0,0,0,0,0,0,0,0,0,0,0,2,0,0
118148,0,0,1.579,0,0,0,0,0,0,0,0,0,0,0,0,2,0,0
118158,0,0,1.579,0,0,0,0,0,0,0,0,0,0,0,0,2,0,0
118168,0,0,1.579,0,0,0,0,0,0,0,0,0,0,0,0,2,0,0
118178,0,0,1.579,0,0,0,0,0,0,0,0,0,0,0,0,2,0,0
118188,0,0,1.579,0,0,0,0,0,0,0,0,0,0,0,0,2,0,0
118198,0,0,1.579,0,0,0,0,0,0,0,0,0,0,0,0,2,0,0
118208,0,0,1.579,0,0,0,0,0,0,0,0,0,0,0,0,2,0,0
118218,0,0,1.579,0,0,0,0,0,0,0,0,0,0,0,0,2,0,0
118228,0,0,1.579,0,0,0,0,0,0,0,0,0,0,0,0,2,0,0
118238,0,0,1.579,0,0,0,0,0,0,0,0,0,0,0,0,2,0,0
118248,0,0,1.579,0,0,0,0,0,0,0,0,0,0,0,0,2,0,0
118258,0,0,1.579,0,0,0,0,0,0,0,0,0,0,0,0,2,0,0
118268,0,0,1.579,0,0,0,0,0,0,0,0,0,0,0,0,2,0,0
118278,0,0,1.579,0,0,0,0,0,0,0,0,0,0,0,0,2,0,0
118288,0,0,1.579,0,0,0,0,0,0,0,0,0,0,0,0,2,0,0
118298,0,0,1.579,0,0,0,0,0,0,0,0,0,0,0,0,2,0,0
118308,0,0,1.579,0,0,0,0,0,0,0,0,0,0,0,0,2,0,0
118318,0,0,1.579,0,0,0,0,0,0,0,0,0,0,0,0,2,0,0
118328,0,0,1.579,0,0,0,0,0,0,0,0,0,0,0,0,2,0,0
118338,0,0,1.579,0,0,0,0,0,0,0,0,0,0,0,0,2,0,0
118348,0,0,1.579,0,0,0,0,0,0,0,0,0,0,0,0,2,0,0
118358,0,0,1.579,0,0,0,0,0,0,0,0,0,0,0,0,2,0,0
118368,0,0,1.579,0,0,0,0,0,0,0,0,0,0,0,0,2,0,0
118378,0,0,1.579,0,0,0,0,0,0,0,0,0,0,0,0,2,0,0
118388,0,0,1.579,0,0,0,0,0,0,0,0,0,0,0,0,2,0,0
118398,0,0,1.579,0,0,0,0,0,0,0,0,0,0,0,0,2,0,0
118408,0,0,1.579,0,0,0,0,0,0,0,0,0,0,0,0,2,0,0
118418,0,0,1.579,0,0,0,0,0,0,0,0,0,0,0,0,2,0,0
118428,0,0,1.579,0,0,0,0,0,0,0,0,0,0,0,0,2,0,0
118438,0,0,1.579,0,0,0,0,0,0,0,0,0,0,0,0,2,0,0
118448,0,0,1.579,0,0,0,0,0,0,0,0,0,0,0,0,2,0,0
118458,0,0,1.579,0,0,0,0,0,0,0,0,0,0,0,0,2,0,0
118468,0,0,1.579,0,0,0,0,0,0,0,0,0,0,0,0,2,0,0
118478,0,0,1.579,0,0,0,0,0,0,0,0,0,0,0,0,2,0,0
118488,0,0,1.579,0,0,0,0,0,0,0,0,0,0,0,0,2,0,0
118498,0,0,1.579,0,0,0,0,0,0,0,0,0,0,0,0,2,0,0
118508,0,0,1.579,0,0,0,0,0,0,0,0,0,0,0,0,2,0,0
118518,0,0,1.579,0,0,0,0,0,0,0,0,0,0,0,0,2,0,0
118528,0,0,1.579,0,0,0,0,0,0,0,0,0,0,0,0,2,0,0
118538,0,0,1.579,0,0,0,0,0,0,0,0,0,0,0,0,2,0,0
118548,0,0,1.579,0,0,0,0,0,0,0,0,0,0,0,0,2,0,0
118558,0,0,1.579,0,0,0,0,0,0,0,0,0,0,0,0,2,0,0
118568,0,0,1.579,0,0,0,0,0,0,0,0,0,0,0,0,2,0,0
118578,0,0,1.579,0,0,0,0,0,0,0,0,0,0,0,0,2,0,0
118588,0,0,1.579,0,0,0,0,0,0,0,0,0,0,0,0,2,0,0
118598,0,0,1.579,0,0,0,0,0,0,0,0,0,0,0,0,2,0,0
118608,0,0,1.579,0,0,0,0,0,0,0,0,0,0,0,0,2,0,0
118618,0,0,1.579,0,0,0,0,0,0,0,0,0,0,0,0,2,0,0
118628,0,0,1.579,0,0,0,0,0,0,0,0,0,0,0,0,2,0,0
118638,0,0,1.579,0,0,0,0,0,0,0,0,0,0,0,0,2,0,0
118648,0,0,1.579,0,0,0,0,0,0,0,0,0,0,0,0,2,0,0
118658,0,0,1.579,0,0,0,0,0,0,0,0,0,0,0,0,2,0,0
118668,0,0,1.579,0,0,0,0,0,0,0,0,0,0,0,0,2,0,0
118678,0,0,1.579,0,0,0,0,0,0,0,0,0,0,0,0,2,0,0
118688,0,0,1.579,0,0,0,0,0,0,0,0,0,0,0,0,2,0,0
118698,0,0,1.579,0,0,0,0,0,0,0,0,0,0,0,0,2,0,0
118708,0,0,1.579,0,0,0,0,0,0,0,0,0,0,0,0,2,0,0
118718,0,0,1.579,0,0,0,0,0,0,0,0,0,0,0,0,2,0,0
118728,0,0,1.579,0,0,0,0,0,0,0,0,0,0,0,0,2,0,0
118738,0,0,1.579,0,0,0,0,0,0,0,0,0,0,0,0,2,0,0
118748,0,0,1.579,0,0,0,0,0,0,0,0,0,0,0,0,2,0,0
118758,0,0,1.579,0,0,0,0,0,0,0,0,0,0,0,0,2,0,0
118768,0,0,1.579,0,0,0,0,0,0,0,0,0,0,0,0,2,0,0
118778,0,0,1.579,0,0,0,0,0,0,0,0,0,0,0,0,2,0,0
118788,0,0,1.579,0,0,0,0,0,0,0,0,0,0,0,0,2,0,0
118798,0,0,1.579,0,0,0,0,0,0,0,0,0,0,0,0,2,0,0
118808,0,0,1.579,0,0,0,0,0,0,0,0,0,0,0,0,2,0,0
118818,0,0,1.579,0,0,0,0,0,0,0,0,0,0,0,0,2,0,0
118828,0,0,1.579,0,0,0,0,0,0,0,0,0,0,0,0,2,0,0
118838,0,0,1.579,0,0,0,0,0,0,0,0,0,0,0,0,2,0,0
118848,0,0,1.579,0,0,0,0,0,0,0,0,0,0,0,0,2,0,0
118858,0,0,1.579,0,0,0,0,0,0,0,0,0,0,0,0,2,0,0
118868,0,0,1.579,0,0,0,0,0,0,0,0,0,0,0,0,2,0,0
118878,0,0,1.579,0,0,0,0,0,0,0,0,0,0,0,0,2,0,0
118888,0,0,1.579,0,0,0,0,0,0,0,0,0,0,0,0,2,0,0
118898,0,0,1.579,0,0,0,0,0,0,0,0,0,0,0,0,2,0,0
118908,0,0,1.579,0,0,0,0,0,0,0,0,0,0,0,0,2,0,0
118918,0,0,1.579,0,0,0,0,0,0,0,0,0,0,0,0,2,0,0
118928,0,0,1.579,0,0,0,0,0,0,0,0,0,0,0,0,2,0,0
118938,0,0,1.579,0,0,0,0,0,0,0,0,0,0,0,0,2,0,0
118948,0,0,1.579,0,0,0,0,0,0,0,0,0,0,0,0,2,0,0
118958,0,0,1.579,0,0,0,0,0,0,0,0,0,0,0,0,2,0,0
118968,0,0,1.579,0,0,0,0,0,0,0,0,0,0,0,0,2,0,0
118978,0,0,1.579,0,0,0,0,0,0,0,0,0,0,0,0,2,0,0
118988,0,0,1.579,0,0,0,0,0,0,0,0,0,0,0,0,2,0,0
118998,0,0,1.579,0,0,0,0,0,0,0,0,0,0,0,0,2,0,0
119008,0,0,1.579,0,0,0,0,0,0,0,0,0,0,0,0,2,0,0
119018,0,0,1.579,0,0,0,0,0,0,0,0,0,0,0,0,2,0,0
119028,0,0,1.579,0,0,0,0,0,0,0,0,0,0,0,0,2,0,0
119038,0,0,1.579,0,0,0,0,0,0,0,0,0,0,0,0,2,0,0
119048,0,0,1.579,0,0,0,0,0,0,0,0,0,0,0,0,2,0,0
119058,0,0,1.579,0,0,0,0,0,0,0,0,0,0,0,0,2,0,0
119068,0,0,1.579,0,0,0,0,0,0,0,0,0,0,0,0,2,0,0
119078,0,0,1.579,0,0,0,0,0,0,0,0,0,0,0,0,2,0,0
119088,0,0,1.579,0,0,0,0,0,0,0,0,0,0,0,0,2,0,0
119098,0,0,1.579,0,0,0,0,0,0,0,0,0,0,0,0,2,0,0
119108,0,0,1.579,0,0,0,0,0,0,0,0,0,0,0,0,2,0,0
119118,0,0,1.579,0,0,0,0,0,0,0,0,0,0,0,0,2,0,0
119128,0,0,1.579,0,0,0,0,0,0,0,0,0,0,0,0,2,0,0
119138,0,0,1.579,0,0,0,0,0,0,0,0,0,0,0,0,2,0,0
119148,0,0,1.579,0,0,0,0,0,0,0,0,0,0,0,0,2,0,0
119158,0,0,1.579,0,0,0,0,0,0,0,0,0,0,0,0,2,0,0
119168,0,0,1.579,0,0,0,0,0,0,0,0,0,0,0,0,2,0,0
119178,0,0,1.579,0,0,0,0,0,0,0,0,0,0,0,0,2,0,0
119188,0,0,1.579,0,0,0,0,0,0,0,0,0,0,0,0,2,0,0
119198,0,0,1.579,0,0,0,0,0,0,0,0,0,0,0,0,2,0,0
119208,0,0,1.579,0,0,0,0,0,0,0,0,0,0,0,0,2,0,0
119218,0,0,1.579,0,0,0,0,0,0,0,0,0,0,0,0,2,0,0
119228,0,0,1.579,0,0,0,0,0,0,0,0,0,0,0,0,2,0,0
119238,0,0,1.579,0,0,0,0,0,0,0,0,0,0,0,0,2,0,0
119248,0,0,1.579,0,0,0,0,0,0,0,0,0,0,0,0,2,0,0
119258,0,0,1.579,0,0,0,0,0,0,0,0,0,0,0,0,2,0,0
119268,0,0,1.579,0,0,0,0,0,0,0,0,0,0,0,0,2,0,0
119278,0,0,1.579,0,0,0,0,0,0,0,0,0,0,0,0,2,0,0
119288,0,0,1.579,0,0,0,0,0,0,0,0,0,0,0,0,2,0,0
119298,0,0,1.579,0,0,0,0,0,0,0,0,0,0,0,0,2,0,0
119308,0,0,1.579,0,0,0,0,0,0,0,0,0,0,0,0,2,0,0
119318,0,0,1.579,0,0,0,0,0,0,0,0,0,0,0,0,2,0,0
119328,0,0,1.579,0,0,0,0,0,0,0,0,0,0,0,0,2,0,0
119338,0,0,1.579,0,0,0,0,0,0,0,0,0,0,0,0,2,0,0
119348,0,0,1.579,0,0,0,0,0,0,0,0,0,0,0,0,2,0,0
119358,0,0,1.579,0,0,0,0,0,0,0,0,0,0,0,0,2,0,0
119368,0,0,1.579,0,0,0,0,0,0,0,0,0,0,0,0,2,0,0
119378,0,0,1.579,0,0,0,0,0,0,0,0,0,0,0,0,2,0,0
119388,0,0,1.579,0,0,0,0,0,0,0,0,0,0,0,0,2,0,0
119398,0,0,1.579,0,0,0,0,0,0,0,0,0,0,0,0,2,0,0
119408,0,0,1.579,0,0,0,0,0,0,0,0,0,0,0,0,2,0,0
119418,0,0,1.579,0,0,0,0,0,0,0,0,0,0,0,0,2,0,0
119428,0,0,1.579,0,0,0,0,0,0,0,0,0,0,0,0,2,0,0
119438,0,0,1.579,0,0,0,0,0,0,0,0,0,0,0,0,2,0,0
119448,0,0,1.579,0,0,0,0,0,0,0,0,0,0,0,0,2,0,0
119458,0,0,1.579,0,0,0,0,0,0,0,0,0,0,0,0,2,0,0
119468,0,0,1.579,0,0,0,0,0,0,0,0,0,0,0,0,2,0,0
119478,0,0,1.579,0,0,0,0,0,0,0,0,0,0,0,0,2,0,0
119488,0,0,1.579,0,0,0,0,0,0,0,0,0,0,0,0,2,0,0
119498,0,0,1.579,0,0,0,0,0,0,0,0,0,0,0,0,2,0,0
119508,0,0,1.579,0,0,0,0,0,0,0,0,0,0,0,0,2,0,0
119518,0,0,1.579,0,0,0,0,0,0,0,0,0,0,0,0,2,0,0
119528,0,0,1.579,0,0,0,0,0,0,0,0,0,0,0,0,2,0,0
119538,0,0,1.579,0,0,0,0,0,0,0,0,0,0,0,0,2,0,0
119548,0,0,1.579,0,0,0,0,0,0,0,0,0,0,0,0,2,0,0
119558,0,0,1.579,0,0,0,0,0,0,0,0,0,0,0,0,2,0,0
119568,0,0,1.579,0,0,0,0,0,0,0,0,0,0,0,0,2,0,0
119578,0,0,1.579,0,0,0,0,0,0,0,0,0,0,0,0,2,0,0
119588,0,0,1.579,0,0,0,0,0,0,0,0,0,0,0,0,2,0,0
119598,0,0,1.579,0,0,0,0,0,0,0,0,0,0,0,0,2,0,0
119608,0,0,1.579,0,0,0,0,0,0,0,0,0,0,0,0,2,0,0
119618,0,0,1.579,0,0,0,0,0,0,0,0,0,0,0,0,2,0,0
119628,0,0,1.579,0,0,0,0,0,0,0,0,0,0,0,0,2,0,0
119638,0,0,1.579,0,0,0,0,0,0,0,0,0,0,0,0,2,0,0
119648,0,0,1.579,0,0,0,0,0,0,0,0,0,0,0,0,2,0,0
119658,0,0,1.579,0,0,0,0,0,0,0,0,0,0,0,0,2,0,0
119668,0,0,1.579,0,0,0,0,0,0,0,0,0,0,0,0,2,0,0
119678,0,0,1.579,0,0,0,0,0,0,0,0,0,0,0,0,2,0,0
119688,0,0,1.579,0,0,0,0,0,0,0,0,0,0,0,0,2,0,0
119698,0,0,1.579,0,0,0,0,0,0,0,0,0,0,0,0,2,0,0
119708,0,0,1.579,0,0,0,0,0,0,0,0,0,0,0,0,2,0,0
119718,0,0,1.579,0,0,0,0,0,0,0,0,0,0,0,0,2,0,0
119728,0,0,1.579,0,0,0,0,0,0,0,0,0,0,0,0,2,0,0
119738,0,0,1.579,0,0,0,0,0,0,0,0,0,0,0,0,2,0,0
119748,0,0,1.579,0,0,0,0,0,0,0,0,0,0,0,0,2,0,0
119758,0,0,1.579,0,0,0,0,0,0,0,0,0,0,0,0,2,0,0
119768,0,0,1.579,0,0,0,0,0,0,0,0,0,0,0,0,2,0,0
119778,0,0,1.579,0,0,0,0,0,0,0,0,0,0,0,0,2,0,0
119788,0,0,1.579,0,0,0,0,0,0,0,0,0,0,0,0,2,0,0
119798,0,0,1.579,0,0,0,0,0,0,0,0,0,0,0,0,2,0,0
119808,0,0,1.579,0,0,0,0,0,0,0,0,0,0,0,0,2,0,0
119818,0,0,1.579,0,0,0,0,0,0,0,0,0,0,0,0,2,0,0
119828,0,0,1.579,0,0,0,0,0,0,0,0,0,0,0,0,2,0,0
119838,0,0,1.579,0,0,0,0,0,0,0,0,0,0,0,0,2,0,0
119848,0,0,1.579,0,0,0,0,0,0,0,0,0,0,0,0,2,0,0
119858,0,0,1.579,0,0,0,0,0,0,0,0,0,0,0,0,2,0,0
119868,0,0,1.579,0,0,0,0,0,0,0,0,0,0,0,0,2,0,0
119878,0,0,1.579,0,0,0,0,0,0,0,0,0,0,0,0,2,0,0
119888,0,0,1.579,0,0,0,0,0,0,0,0,0,0,0,0,2,0,0
119898,0,0,1.579,0,0,0,0,0,0,0,0,0,0,0,0,2,0,0
119908,0,0,1.579,0,0,0,0,0,0,0,0,0,0,0,0,2,0,0
119918,0,0,1.579,0,0,0,0,0,0,0,0,0,0,0,0,2,0,0
119928,0,0,1.579,0,0,0,0,0,0,0,0,0,0,0,0,2,0,0
119938,0,0,1.579,0,0,0,0,0,0,0,0,0,0,0,0,2,0,0
119948,0,0,1.579,0,0,0,0,0,0,0,0,0,0,0,0,2,0,0
119958,0,0,1.579,0,0,0,0,0,0,0,0,0,0,0,0,2,0,0
119968,0,0,1.579,0,0,0,0,0,0,0,0,0,0,0,0,2,0,0
119978,0,0,1.579,0,0,0,0,0,0,0,0,0,0,0,0,2,0,0
119988,0,0,1.579,0,0,0,0,0,0,0,0,0,0,0,0,2,0,0
119998,0,0,1.579,0,0,0,0,0,0,0,0,0,0,0,0,2,0,0
120008,0,0,1.579,0,0,0,0,0,0,0,0,0,0,0,0,2,0,0
120018,0,0,1.579,0,0,0,0,0,0,0,0,0,0,0,0,2,0,0
120028,0,0,1.579,0,0,0,0,0,0,0,0,0,0,0,0,2,0,0
120038,0,0,1.579,0,0,0,0,0,0,0,0,0,0,0,0,2,0,0
120048,0,0,1.579,0,0,0,0,0,0,0,0,0,0,0,0,2,0,0
120058,0,0,1.579,0,0,0,0,0,0,0,0,0,0,0,0,2,0,0
120068,0,0,1.579,0,0,0,0,0,0,0,0,0,0,0,0,2,0,0
120078,0,0,1.579,0,0,0,0,0,0,0,0,0,0,0,0,2,0,0
120088,0,0,1.579,0,0,0,0,0,0,0,0,0,0,0,0,2,0,0
120098,0,0,1.579,0,0,0,0,0,0,0,0,0,0,0,0,2,0,0
120108,0,0,1.579,0,0,0,0,0,0,0,0,0,0,0,0,2,0,0
120118,0,0,1.579,0,0,0,0,0,0,0,0,0,0,0,0,2,0,0
120128,0,0,1.579,0,0,0,0,0,0,0,0,0,0,0,0,2,0,0
120138,0,0,1.579,0,0,0,0,0,0,0,0,0,0,0,0,2,0,0
120148,0,0,1.579,0,0,0,0,0,0,0,0,0,0,0,0,2,0,0
120158,0,0,1.579,0,0,0,0,0,0,0,0,0,0,0,0,2,0,0
120168,0,0,1.579,0,0,0,0,0,0,0,0,0,0,0,0,2,0,0
120178,0,0,1.579,0,0,0,0,0,0,0,0,0,0,0,0,2,0,0
120188,0,0,1.579,0,0,0,0,0,0,0,0,0,0,0,0,2,0,0
120198,0,0,1.579,0,0,0,0,0,0,0,0,0,0,0,0,2,0,0
120208,0,0,1.579,0,0,0,0,0,0,0,0,0,0,0,0,2,0,0
120218,0,0,1.579,0,0,0,0,0,0,0,0,0,0,0,0,2,0,0
120228,0,0,1.579,0,0,0,0,0,0,0,0,0,0,0,0,2,0,0
120238,0,0,1.579,0,0,0,0,0,0,0,0,0,0,0,0,2,0,0
120248,0,0,1.579,0,0,0,0,0,0,0,0,0,0,0,0,2,0,0
120258,0,0,1.579,0,0,0,0,0,0,0,0,0,0,0,0,2,0,0
120268,0,0,1.579,0,0,0,0,0,0,0,0,0,0,0,0,2,0,0
120278,0,0,1.579,0,0,0,0,0,0,0,0,0,0,0,0,2,0,0
120288,0,0,1.579,0,0,0,0,0,0,0,0,0,0,0,0,2,0,0
120298,0,0,1.579,0,0,0,0,0,0,0,0,0,0,0,0,2,0,0
120308,0,0,1.579,0,0,0,0,0,0,0,0,0,0,0,0,2,0,0
120318,0,0,1.579,0,0,0,0,0,0,0,0,0,0,0,0,2,0,0
120328,0,0,1.579,0,0,0,0,0,0,0,0,0,0,0,0,2,0,0
120338,0,0,1.579,0,0,0,0,0,0,0,0,0,0,0,0,2,0,0
120348,0,0,1.579,0,0,0,0,0,0,0,0,0,0,0,0,2,0,0
120358,0,0,1.579,0,0,0,0,0,0,0,0,0,0,0,0,2,0,0
120368,0,0,1.579,0,0,0,0,0,0,0,0,0,0,0,0,2,0,0
120378,0,0,1.579,0,0,0,0,0,0,0,0,0,0,0,0,2,0,0
120388,0,0,1.579,0,0,0,0,0,0,0,0,0,0,0,0,2,0,0
120398,0,0,1.579,0,0,0,0,0,0,0,0,0,0,0,0,2,0,0
120408,0,0,1.579,0,0,0,0,0,0,0,0,0,0,0,0,2,0,0
120418,0,0,1.579,0,0,0,0,0,0,0,0,0,0,0,0,2,0,0
120428,0,0,1.579,0,0,0,0,0,0,0,0,0,0,0,0,2,0,0
120438,0,0,1.579,0,0,0,0,0,0,0,0,0,0,0,0,2,0,0
120448,0,0,1.579,0,0,0,0,0,0,0,0,0,0,0,0,2,0,0
120458,0,0,1.579,0,0,0,0,0,0,0,0,0,0,0,0,2,0,0
120468,0,0,1.579,0,0,0,0,0,0,0,0,0,0,0,0,2,0,0
120478,0,0,1.579,0,0,0,0,0,0,0,0,0,0,0,0,2,0,0
120488,0,0,1.579,0,0,0,0,0,0,0,0,0,0,0,0,2,0,0
120498,0,0,1.579,0,0,0,0,0,0,0,0,0,0,0,0,2,0,0
120508,0,0,1.579,0,0,0,0,0,0,0,0,0,0,0,0,2,0,0
120518,0,0,1.579,0,0,0,0,0,0,0,0,0,0,0,0,2,0,0
120528,0,0,1.579,0,0,0,0,0,0,0,0,0,0,0,0,2,0,0
120538,0,0,1.579,0,0,0,0,0,0,0,0,0,0,0,0,2,0,0
120548,0,0,1.579,0,0,0,0,0,0,0,0,0,0,0,0,2,0,0
120558,0,0,1.579,0,0,0,0,0,0,0,0,0,0,0,0,2,0,0
120568,0,0,1.579,0,0,0,0,0,0,0,0,0,0,0,0,2,0,0
120578,0,0,1.579,0,0,0,0,0,0,0,0,0,0,0,0,2,0,0
120588,0,0,1.579,0,0,0,0,0,0,0,0,0,0,0,0,2,0,0
120598,0,0,1.579,0,0,0,0,0,0,0,0,0,0,0,0,2,0,0
120608,0,0,1.579,0,0,0,0,0,0,0,0,0,0,0,0,2,0,0
120618,0,0,1.579,0,0,0,0,0,0,0,0,0,0,0,0,2,0,0
120628,0,0,1.579,0,0,0,0,0,0,0,0,0,0,0,0,2,0,0
120638,0,0,1.579,0,0,0,0,0,0,0,0,0,0,0,0,2,0,0
120648,0,0,1.579,0,0,0,0,0,0,0,0,0,0,0,0,2,0,0
120658,0,0,1.579,0,0,0,0,0,0,0,0,0,0,0,0,2,0,0
120668,0,0,1.579,0,0,0,0,0,0,0,0,0,0,0,0,2,0,0
120678,0,0,1.579,0,0,0,0,0,0,0,0,0,0,0,0,2,0,0
120688,0,0,1.579,0,0,0,0,0,0,0,0,0,0,0,0,2,0,0
120698,0,0,1.579,0,0,0,0,0,0,0,0,0,0,0,0,2,0,0
120708,0,0,1.579,0,0,0,0,0,0,0,0,0,0,0,0,2,0,0
120718,0,0,1.579,0,0,0,0,0,0,0,0,0,0,0,0,2,0,0
120728,0,0,1.579,0,0,0,0,0,0,0,0,0,0,0,0,2,0,0
120738,0,0,1.579,0,0,0,0,0,0,0,0,0,0,0,0,2,0,0
120748,0,0,1.579,0,0,0,0,0,0,0,0,0,0,0,0,2,0,0
120758,0,0,1.579,0,0,0,0,0,0,0,0,0,0,0,0,2,0,0
120768,0,0,1.579,0,0,0,0,0,0,0,0,0,0,0,0,2,0,0
120778,0,0,1.579,0,0,0,0,0,0,0,0,0,0,0,0,2,0,0
120788,0,0,1.579,0,0,0,0,0,0,0,0,0,0,0,0,2,0,0
120798,0,0,1.579,0,0,0,0,0,0,0,0,0,0,0,0,2,0,0
120808,0,0,1.579,0,0,0,0,0,0,0,0,0,0,0,0,2,0,0
120818,0,0,1.579,0,0,0,0,0,0,0,0,0,0,0,0,2,0,0
120828,0,0,1.579,0,0,0,0,0,0,0,0,0,0,0,0,2,0,0
120838,0,0,1.579,0,0,0,0,0,0,0,0,0,0,0,0,2,0,0
120848,0,0,1.579,0,0,0,0,0,0,0,0,0,0,0,0,2,0,0
120858,0,0,1.579,0,0,0,0,0,0,0,0,0,0,0,0,2,0,0
120868,0,0,1.579,0,0,0,0,0,0,0,0,0,0,0,0,2,0,0
120878,0,0,1.579,0,0,0,0,0,0,0,0,0,0,0,0,2,0,0
120888,0,0,1.579,0,0,0,0,0,0,0,0,0,0,0,0,2,0,0
120898,0,0,1.579,0,0,0,0,0,0,0,0,0,0,0,0,2,0,0
120908,0,0,1.579,0,0,0,0,0,0,0,0,0,0,0,0,2,0,0
120918,0,0,1.579,0,0,0,0,0,0,0,0,0,0,0,0,2,0,0
120928,0,0,1.579,0,0,0,0,0,0,0,0,0,0,0,0,2,0,0
120938,0,0,1.579,0,0,0,0,0,0,0,0,0,0,0,0,2,0,0
120948,0,0,1.579,0,0,0,0,0,0,0,0,0,0,0,0,2,0,0
120958,0,0,1.579,0,0,0,0,0,0,0,0,0,0,0,0,2,0,0
120968,0,0,1.579,0,0,0,0,0,0,0,0,0,0,0,0,2,0,0
120978,0,0,1.579,0,0,0,0,0,0,0,0,0,0,0,0,2,0,0
120988,0,0,1.579,0,0,0,0,0,0,0,0,0,0,0,0,2,0,0
120998,0,0,1.579,0,0,0,0,0,0,0,0,0,0,0,0,2,0,0
121008,0,0,1.579,0,0,0,0,0,0,0,0,0,0,0,0,2,0,0
121018,0,0,1.579,0,0,0,0,0,0,0,0,0,0,0,0,2,0,0
121028,0,0,1.579,0,0,0,0,0,0,0,0,0,0,0,0,2,0,0
121038,0,0,1.579,0,0,0,0,0,0,0,0,0,0,0,0,2,0,0
121048,0,0,1.579,0,0,0,0,0,0,0,0,0,0,0,0,2,0,0
121058,0,0,1.579,0,0,0,0,0,0,0,0,0,0,0,0,2,0,0
121068,0,0,1.579,0,0,0,0,0,0,0,0,0,0,0,0,2,0,0
121078,0,0,1.579,0,0,0,0,0,0,0,0,0,0,0,0,2,0,0
121088,0,0,1.579,0,0,0,0,0,0,0,0,0,0,0,0,2,0,0
121098,0,0,1.579,0,0,0,0,0,0,0,0,0,0,0,0,2,0,0
121108,0,0,1.579,0,0,0,0,0,0,0,0,0,0,0,0,2,0,0
121118,0,0,1.579,0,0,0,0,0,0,0,0,0,0,0,0,2,0,0
121128,0,0,1.579,0,0,0,0,0,0,0,0,0,0,0,0,2,0,0
121138,0,0,1.579,0,0,0,0,0,0,0,0,0,0,0,0,2,0,0
121148,0,0,1.579,0,0,0,0,0,0,0,0,0,0,0,0,2,0,0
121158,0,0,1.579,0,0,0,0,0,0,0,0,0,0,0,0,2,0,0
121168,0,0,1.579,0,0,0,0,0,0,0,0,0,0,0,0,2,0,0
121178,0,0,1.579,0,0,0,0,0,0,0,0,0,0,0,0,2,0,0
121188,0,0,1.579,0,0,0,0,0,0,0,0,0,0,0,0,2,0,0
121198,0,0,1.579,0,0,0,0,0,0,0,0,0,0,0,0,2,0,0
121208,0,0,1.579,0,0,0,0,0,0,0,0,0,0,0,0,2,0,0
121218,0,0,1.579,0,0,0,0,0,0,0,0,0,0,0,0,2,0,0
121228,0,0,1.579,0,0,0,0,0,0,0,0,0,0,0,0,2,0,0
121238,0,0,1.579,0,0,0,0,0,0,0,0,0,0,0,0,2,0,0
121248,0,0,1.579,0,0,0,0,0,0,0,0,0,0,0,0,2,0,0
121258,0,0,1.579,0,0,0,0,0,0,0,0,0,0,0,0,2,0,0
121268,0,0,1.579,0,0,0,0,0,0,0,0,0,0,0,0,2,0,0
121278,0,0,1.579,0,0,0,0,0,0,0,0,0,0,0,0,2,0,0
121288,0,0,1.579,0,0,0,0,0,0,0,0,0,0,0,0,2,0,0
121298,0,0,1.579,0,0,0,0,0,0,0,0,0,0,0,0,2,0,0
121308,0,0,1.579,0,0,0,0,0,0,0,0,0,0,0,0,2,0,0
121318,0,0,1.579,0,0,0,0,0,0,0,0,0,0,0,0,2,0,0
121328,0,0,1.579,0,0,0,0,0,0,0,0,0,0,0,0,2,0,0
121338,0,0,1.579,0,0,0,0,0,0,0,0,0,0,0,0,2,0,0
121348,0,0,1.579,0,0,0,0,0,0,0,0,0,0,0,0,2,0,0
121358,0,0,1.579,0,0,0,0,0,0,0,0,0,0,0,0,2,0,0
121368,0,0,1.579,0,0,0,0,0,0,0,0,0,0,0,0,2,0,0
121378,0,0,1.579,0,0,0,0,0,0,0,0,0,0,0,0,2,0,0
121388,0,0,1.579,0,0,0,0,0,0,0,0,0,0,0,0,2,0,0
121398,0,0,1.579,0,0,0,0,0,0,0,0,0,0,0,0,2,0,0
121408,0,0,1.579,0,0,0,0,0,0,0,0,0,0,0,0,2,0,0
121418,0,0,1.579,0,0,0,0,0,0,0,0,0,0,0,0,2,0,0
121428,0,0,1.579,0,0,0,0,0,0,0,0,0,0,0,0,2,0,0
121438,0,0,1.579,0,0,0,0,0,0,0,0,0,0,0,0,2,0,0
121448,0,0,1.579,0,0,0,0,0,0,0,0,0,0,0,0,2,0,0
121458,0,0,1.579,0,0,0,0,0,0,0,0,0,0,0,0,2,0,0
121468,0,0,1.579,0,0,0,0,0,0,0,0,0,0,0,0,2,0,0
121478,0,0,1.579,0,0,0,0,0,0,0,0,0,0,0,0,2,0,0
121488,0,0,1.579,0,0,0,0,0,0,0,0,0,0,0,0,2,0,0
121498,0,0,1.579,0,0,0,0,0,0,0,0,0,0,0,0,2,0,0
121508,0,0,1.579,0,0,0,0,0,0,0,0,0,0,0,0,2,0,0
121518,0,0,1.579,0,0,0,0,0,0,0,0,0,0,0,0,2,0,0
121528,0,0,1.579,0,0,0,0,0,0,0,0,0,0,0,0,2,0,0
121538,0,0,1.579,0,0,0,0,0,0,0,0,0,0,0,0,2,0,0
121548,0,0,1.579,0,0,0,0,0,0,0,0,0,0,0,0,2,0,0
121558,0,0,1.579,0,0,0,0,0,0,0,0,0,0,0,0,2,0,0
121568,0,0,1.579,0,0,0,0,0,0,0,0,0,0,0,0,2,0,0
121578,0,0,1.579,0,0,0,0,0,0,0,0,0,0,0,0,2,0,0
121588,0,0,1.579,0,0,0,0,0,0,0,0,0,0,0,0,2,0,0
121598,0,0,1.579,0,0,0,0,0,0,0,0,0,0,0,0,2,0,0
121608,0,0,1.579,0,0,0,0,0,0,0,0,0,0,0,0,2,0,0
121618,0,0,1.579,0,0,0,0,0,0,0,0,0,0,0,0,2,0,0
121628,0,0,1.579,0,0,0,0,0,0,0,0,0,0,0,0,2,0,0
121638,0,0,1.579,0,0,0,0,0,0,0,0,0,0,0,0,2,0,0
121648,0,0,1.579,0,0,0,0,0,0,0,0,0,0,0,0,2,0,0
121658,0,0,1.579,0,0,0,0,0,0,0,0,0,0,0,0,2,0,0
121668,0,0,1.579,0,0,0,0,0,0,0,0,0,0,0,0,2,0,0
121678,0,0,1.579,0,0,0,0,0,0,0,0,0,0,0,0,2,0,0
121688,0,0,1.579,0,0,0,0,0,0,0,0,0,0,0,0,2,0,0
121698,0,0,1.579,0,0,0,0,0,0,0,0,0,0,0,0,2,0,0
121708,0,0,1.579,0,0,0,0,0,0,0,0,0,0,0,0,2,0,0
121718,0,0,1.579,0,0,0,0,0,0,0,0,0,0,0,0,2,0,0
121728,0,0,1.579,0,0,0,0,0,0,0,0,0,0,0,0,2,0,0
121738,0,0,1.579,0,0,0,0,0,0,0,0,0,0,0,0,2,0,0
121748,0,0,1.579,0,0,0,0,0,0,0,0,0,0,0,0,2,0,0
121758,0,0,1.579,0,0,0,0,0,0,0,0,0,0,0,0,2,0,0
121768,0,0,1.579,0,0,0,0,0,0,0,0,0,0,0,0,2,0,0
121778,0,0,1.579,0,0,0,0,0,0,0,0,0,0,0,0,2,0,0
121788,0,0,1.579,0,0,0,0,0,0,0,0,0,0,0,0,2,0,0
121798,0,0,1.579,0,0,0,0,0,0,0,0,0,0,0,0,2,0,0
121808,0,0,1.579,0,0,0,0,0,0,0,0,0,0,0,0,2,0,0
121818,0,0,1.579,0,0,0,0,0,0,0,0,0,0,0,0,2,0,0
121828,0,0,1.579,0,0,0,0,0,0,0,0,0,0,0,0,2,0,0
121838,0,0,1.579,0,0,0,0,0,0,0,0,0,0,0,0,2,0,0
121848,0,0,1.579,0,0,0,0,0,0,0,0,0,0,0,0,2,0,0
121858,0,0,1.579,0,0,0,0,0,0,0,0,0,0,0,0,2,0,0
121868,0,0,1.579,0,0,0,0,0,0,0,0,0,0,0,0,2,0,0
121878,0,0,1.579,0,0,0,0,0,0,0,0,0,0,0,0,2,0,0
121888,0,0,1.579,0,0,0,0,0,0,0,0,0,0,0,0,2,0,0
121898,0,0,1.579,0,0,0,0,0,0,0,0,0,0,0,0,2,0,0
121908,0,0,1.579,0,0,0,0,0,0,0,0,0,0,0,0,2,0,0
121918,0,0,1.579,0,0,0,0,0,0,0,0,0,0,0,0,2,0,0
121928,0,0,1.579,0,0,0,0,0,0,0,0,0,0,0,0,2,0,0
121938,0,0,1.579,0,0,0,0,0,0,0,0,0,0,0,0,2,0,0
121948,0,0,1.579,0,0,0,0,0,0,0,0,0,0,0,0,2,0,0
121958,0,0,1.579,0,0,0,0,0,0,0,0,0,0,0,0,2,0,0
121968,0,0,1.579,0,0,0,0,0,0,0,0,0,0,0,0,2,0,0
121978,0,0,1.579,0,0,0,0,0,0,0,0,0,0,0,0,2,0,0
121988,0,0,1.579,0,0,0,0,0,0,0,0,0,0,0,0,2,0,0
121998,0,0,1.579,0,0,0,0,0,0,0,0,0,0,0,0,2,0,0
122008,0,0,1.579,0,0,0,0,0,0,0,0,0,0,0,0,2,0,0
122018,0,0,1.579,0,0,0,0,0,0,0,0,0,0,0,0,2,0,0
122028,0,0,1.579,0,0,0,0,0,0,0,0,0,0,0,0,2,0,0
122038,0,0,1.579,0,0,0,0,0,0,0,0,0,0,0,0,2,0,0
122048,0,0,1.579,0,0,0,0,0,0,0,0,0,0,0,0,2,0,0
122058,0,0,1.579,0,0,0,0,0,0,0,0,0,0,0,0,2,0,0
122068,0,0,1.579,0,0,0,0,0,0,0,0,0,0,0,0,2,0,0
122078,0,0,1.579,0,0,0,0,0,0,0,0,0,0,0,0,2,0,0
122088,0,0,1.579,0,0,0,0,0,0,0,0,0,0,0,0,2,0,0
122098,0,0,1.579,0,0,0,0,0,0,0,0,0,0,0,0,2,0,0
122108,0,0,1.579,0,0,0,0,0,0,0,0,0,0,0,0,2,0,0
122118,0,0,1.579,0,0,0,0,0,0,0,0,0,0,0,0,2,0,0
122128,0,0,1.579,0,0,0,0,0,0,0,0,0,0,0,0,2,0,0
122138,0,0,1.579,0,0,0,0,0,0,0,0,0,0,0,0,2,0,0
122148,0,0,1.579,0,0,0,0,0,0,0,0,0,0,0,0,2,0,0
122158,0,0,1.579,0,0,0,0,0,0,0,0,0,0,0,0,2,0,0
122168,0,0,1.579,0,0,0,0,0,0,0,0,0,0,0,0,2,0,0
122178,0,0,1.579,0,0,0,0,0,0,0,0,0,0,0,0,2,0,0
122188,0,0,1.579,0,0,0,0,0,0,0,0,0,0,0,0,2,0,0
122198,0,0,1.579,0,0,0,0,0,0,0,0,0,0,0,0,2,0,0
122208,0,0,1.579,0,0,0,0,0,0,0,0,0,0,0,0,2,0,0
122218,0,0,1.579,0,0,0,0,0,0,0,0,0,0,0,0,2,0,0
122228,0,0,1.579,0,0,0,0,0,0,0,0,0,0,0,0,2,0,0
122238,0,0,1.579,0,0,0,0,0,0,0,0,0,0,0,0,2,0,0
122248,0,0,1.579,0,0,0,0,0,0,0,0,0,0,0,0,2,0,0
122258,0,0,1.579,0,0,0,0,0,0,0,0,0,0,0,0,2,0,0
122268,0,0,1.579,0,0,0,0,0,0,0,0,0,0,0,0,2,0,0
122278,0,0,1.579,0,0,0,0,0,0,0,0,0,0,0,0,2,0,0
122288,0,0,1.579,0,0,0,0,0,0,0,0,0,0,0,0,2,0,0
122298,0,0,1.579,0,0,0,0,0,0,0,0,0,0,0,0,2,0,0
122308,0,0,1.579,0,0,0,0,0,0,0,0,0,0,0,0,2,0,0
122318,0,0,1.579,0,0,0,0,0,0,0,0,0,0,0,0,2,0,0
122328,0,0,1.579,0,0,0,0,0,0,0,0,0,0,0,0,2,0,0
122338,0,0,1.579,0,0,0,0,0,0,0,0,0,0,0,0,2,0,0
122348,0,0,1.579,0,0,0,0,0,0,0,0,0,0,0,0,2,0,0
122358,0,0,1.579,0,0,0,0,0,0,0,0,0,0,0,0,2,0,0
122368,0,0,1.579,0,0,0,0,0,0,0,0,0,0,0,0,2,0,0
122378,0,0,1.579,0,0,0,0,0,0,0,0,0,0,0,0,2,0,0
122388,0,0,1.579,0,0,0,0,0,0,0,0,0,0,0,0,2,0,0
122398,0,0,1.579,0,0,0,0,0,0,0,0,0,0,0,0,2,0,0
122408,0,0,1.579,0,0,0,0,0,0,0,0,0,0,0,0,2,0,0
122418,0,0,1.579,0,0,0,0,0,0,0,0,0,0,0,0,2,0,0
122428,0,0,1.579,0,0,0,0,0,0,0,0,0,0,0,0,2,0,0
122438,0,0,1.579,0,0,0,0,0,0,0,0,0,0,0,0,2,0,0
122448,0,0,1.579,0,0,0,0,0,0,0,0,0,0,0,0,2,0,0
122458,0,0,1.579,0,0,0,0,0,0,0,0,0,0,0,0,2,0,0
122468,0,0,1.579,0,0,0,0,0,0,0,0,0,0,0,0,2,0,0
122478,0,0,1.579,0,0,0,0,0,0,0,0,0,0,0,0,2,0,0
122488,0,0,1.579,0,0,0,0,0,0,0,0,0,0,0,0,2,0,0
122498,0,0,1.579,0,0,0,0,0,0,0,0,0,0,0,0,2,0,0
122508,0,0,1.579,0,0,0,0,0,0,0,0,0,0,0,0,2,0,0
122518,0,0,1.579,0,0,0,0,0,0,0,0,0,0,0,0,2,0,0
122528,0,0,1.579,0,0,0,0,0,0,0,0,0,0,0,0,2,0,0
122538,0,0,1.579,0,0,0,0,0,0,0,0,0,0,0,0,2,0,0
122548,0,0,1.579,0,0,0,0,0,0,0,0,0,0,0,0,2,0,0
122558,0,0,1.579,0,0,0,0,0,0,0,0,0,0,0,0,2,0,0
122568,0,0,1.579,0,0,0,0,0,0,0,0,0,0,0,0,2,0,0
122578,0,0,1.579,0,0,0,0,0,0,0,0,0,0,0,0,2,0,0
122588,0,0,1.579,0,0,0,0,0,0,0,0,0,0,0,0,2,0,0
122598,0,0,1.579,0,0,0,0,0,0,0,0,0,0,0,0,2,0,0
122608,0,0,1.579,0,0,0,0,0,0,0,0,0,0,0,0,2,0,0
122618,0,0,1.579,0,0,0,0,0,0,0,0,0,0,0,0,2,0,0
122628,0,0,1.579,0,0,0,0,0,0,0,0,0,0,0,0,2,0,0
122638,0,0,1.579,0,0,0,0,0,0,0,0,0,0,0,0,2,0,0
122648,0,0,1.579,0,0,0,0,0,0,0,0,0,0,0,0,2,0,0
122658,0,0,1.579,0,0,0,0,0,0,0,0,0,0,0,0,2,0,0
122668,0,0,1.579,0,0,0,0,0,0,0,0,0,0,0,0,2,0,0
122678,0,0,1.579,0,0,0,0,0,0,0,0,0,0,0,0,2,0,0
122688,0,0,1.579,0,0,0,0,0,0,0,0,0,0,0,0,2,0,0
122698,0,0,1.579,0,0,0,0,0,0,0,0,0,0,0,0,2,0,0
122708,0,0,1.579,0,0,0,0,0,0,0,0,0,0,0,0,2,0,0
122718,0,0,1.579,0,0,0,0,0,0,0,0,0,0,0,0,2,0,0
122728,0,0,1.579,0,0,0,0,0,0,0,0,0,0,0,0,2,0,0
122738,0,0,1.579,0,0,0,0,0,0,0,0,0,0,0,0,2,0,0
122748,0,0,1.579,0,0,0,0,0,0,0,0,0,0,0,0,2,0,0
122758,0,0,1.579,0,0,0,0,0,0,0,0,0,0,0,0,2,0,0
122768,0,0,1.579,0,0,0,0,0,0,0,0,0,0,0,0,2,0,0
122778,0,0,1.579,0,0,0,0,0,0,0,0,0,0,0,0,2,0,0
122788,0,0,1.579,0,0,0,0,0,0,0,0,0,0,0,0,2,0,0
122798,0,0,1.579,0,0,0,0,0,0,0,0,0,0,0,0,2,0,0
122808,0,0,1.579,0,0,0,0,0,0,0,0,0,0,0,0,2,0,0
122818,0,0,1.579,0,0,0,0,0,0,0,0,0,0,0,0,2,0,0
122828,0,0,1.579,0,0,0,0,0,0,0,0,0,0,0,0,2,0,0
122838,0,0,1.579,0,0,0,0,0,0,0,0,0,0,0,0,2,0,0
122848,0,0,1.579,0,0,0,0,0,0,0,0,0,0,0,0,2,0,0
122858,0,0,1.579,0,0,0,0,0,0,0,0,0,0,0,0,2,0,0
122868,0,0,1.579,0,0,0,0,0,0,0,0,0,0,0,0,2,0,0
122878,0,0,1.579,0,0,0,0,0,0,0,0,0,0,0,0,2,0,0
122888,0,0,1.579,0,0,0,0,0,0,0,0,0,0,0,0,2,0,0
122898,0,0,1.579,0,0,0,0,0,0,0,0,0,0,0,0,2,0,0
122908,0,0,1.579,0,0,0,0,0,0,0,0,0,0,0,0,2,0,0
122918,0,0,1.579,0,0,0,0,0,0,0,0,0,0,0,0,2,0,0
122928,0,0,1.579,0,0,0,0,0,0,0,0,0,0,0,0,2,0,0
122938,0,0,1.579,0,0,0,0,0,0,0,0,0,0,0,0,2,0,0
122948,0,0,1.579,0,0,0,0,0,0,0,0,0,0,0,0,2,0,0
122958,0,0,1.579,0,0,0,0,0,0,0,0,0,0,0,0,2,0,0
122968,0,0,1.579,0,0,0,0,0,0,0,0,0,0,0,0,2,0,0
122978,0,0,1.579,0,0,0,0,0,0,0,0,0,0,0,0,2,0,0
122988,0,0,1.579,0,0,0,0,0,0,0,0,0,0,0,0,2,0,0
122998,0,0,1.579,0,0,0,0,0,0,0,0,0,0,0,0,2,0,0
123008,0,0,1.579,0,0,0,0,0,0,0,0,0,0,0,0,2,0,0
123018,0,0,1.579,0,0,0,0,0,0,0,0,0,0,0,0,2,0,0
123028,0,0,1.579,0,0,0,0,0,0,0,0,0,0,0,0,2,0,0
123038,0,0,1.579,0,0,0,0,0,0,0,0,0,0,0,0,2,0,0
123048,0,0,1.579,0,0,0,0,0,0,0,0,0,0,0,0,2,0,0
123058,0,0,1.579,0,0,0,0,0,0,0,0,0,0,0,0,2,0,0
123068,0,0,1.579,0,0,0,0,0,0,0,0,0,0,0,0,2,0,0
123078,0,0,1.579,0,0,0,0,0,0,0,0,0,0,0,0,2,0,0
123088,0,0,1.579,0,0,0,0,0,0,0,0,0,0,0,0,2,0,0
123098,0,0,1.579,0,0,0,0,0,0,0,0,0,0,0,0,2,0,0
123108,0,0,1.579,0,0,0,0,0,0,0,0,0,0,0,0,2,0,0
123118,0,0,1.579,0,0,0,0,0,0,0,0,0,0,0,0,2,0,0
123128,0,0,1.579,0,0,0,0,0,0,0,0,0,0,0,0,2,0,0
123138,0,0,1.579,0,0,0,0,0,0,0,0,0,0,0,0,2,0,0
123148,0,0,1.579,0,0,0,0,0,0,0,0,0,0,0,0,2,0,0
123158,0,0,1.579,0,0,0,0,0,0,0,0,0,0,0,0,2,0,0
123168,0,0,1.579,0,0,0,0,0,0,0,0,0,0,0,0,2,0,0
123178,0,0,1.579,0,0,0,0,0,0,0,0,0,0,0,0,2,0,0
123188,0,0,1.579,0,0,0,0,0,0,0,0,0,0,0,0,2,0,0
123198,0,0,1.579,0,0,0,0,0,0,0,0,0,0,0,0,2,0,0
123208,0,0,1.579,0,0,0,0,0,0,0,0,0,0,0,0,2,0,0
123218,0,0,1.579,0,0,0,0,0,0,0,0,0,0,0,0,2,0,0
123228,0,0,1.579,0,0,0,0,0,0,0,0,0,0,0,0,2,0,0
123238,0,0,1.579,0,0,0,0,0,0,0,0,0,0,0,0,2,0,0
123248,0,0,1.579,0,0,0,0,0,0,0,0,0,0,0,0,2,0,0
123258,0,0,1.579,0,0,0,0,0,0,0,0,0,0,0,0,2,0,0
123268,0,0,1.579,0,0,0,0,0,0,0,0,0,0,0,0,2,0,0
123278,0,0,1.579,0,0,0,0,0,0,0,0,0,0,0,0,2,0,0
123288,0,0,1.579,0,0,0,0,0,0,0,0,0,0,0,0,2,0,0
123298,0,0,1.579,0,0,0,0,0,0,0,0,0,0,0,0,2,0,0
123308,0,0,1.579,0,0,0,0,0,0,0,0,0,0,0,0,2,0,0
123318,0,0,1.579,0,0,0,0,0,0,0,0,0,0,0,0,2,0,0
123328,0,0,1.579,0,0,0,0,0,0,0,0,0,0,0,0,2,0,0
123338,0,0,1.579,0,0,0,0,0,0,0,0,0,0,0,0,2,0,0
123348,0,0,1.579,0,0,0,0,0,0,0,0,0,0,0,0,2,0,0
123358,0,0,1.579,0,0,0,0,0,0,0,0,0,0,0,0,2,0,0
123368,0,0,1.579,0,0,0,0,0,0,0,0,0,0,0,0,2,0,0
123378,0,0,1.579,0,0,0,0,0,0,0,0,0,0,0,0,2,0,0
123388,0,0,1.579,0,0,0,0,0,0,0,0,0,0,0,0,2,0,0
123398,0,0,1.579,0,0,0,0,0,0,0,0,0,0,0,0,2,0,0
123408,0,0,1.579,0,0,0,0,0,0,0,0,0,0,0,0,2,0,0
123418,0,0,1.579,0,0,0,0,0,0,0,0,0,0,0,0,2,0,0
123428,0,0,1.579,0,0,0,0,0,0,0,0,0,0,0,0,2,0,0
123438,0,0,1.579,0,0,0,0,0,0,0,0,0,0,0,0,2,0,0
123448,0,0,1.579,0,0,0,0,0,0,0,0,0,0,0,0,2,0,0
123458,0,0,1.579,0,0,0,0,0,0,0,0,0,0,0,0,2,0,0
123468,0,0,1.579,0,0,0,0,0,0,0,0,0,0,0,0,2,0,0
123478,0,0,1.579,0,0,0,0,0,0,0,0,0,0,0,0,2,0,0
123488,0,0,1.579,0,0,0,0,0,0,0,0,0,0,0,0,2,0,0
123498,0,0,1.579,0,0,0,0,0,0,0,0,0,0,0,0,2,0,0
123508,0,0,1.579,0,0,0,0,0,0,0,0,0,0,0,0,2,0,0
123518,0,0,1.579,0,0,0,0,0,0,0,0,0,0,0,0,2,0,0
123528,0,0,1.579,0,0,0,0,0,0,0,0,0,0,0,0,2,0,0
123538,0,0,1.579,0,0,0,0,0,0,0,0,0,0,0,0,2,0,0
123548,0,0,1.579,0,0,0,0,0,0,0,0,0,0,0,0,2,0,0
123558,0,0,1.579,0,0,0,0,0,0,0,0,0,0,0,0,2,0,0
123568,0,0,1.579,0,0,0,0,0,0,0,0,0,0,0,0,2,0,0
123578,0,0,1.579,0,0,0,0,0,0,0,0,0,0,0,0,2,0,0
123588,0,0,1.579,0,0,0,0,0,0,0,0,0,0,0,0,2,0,0
123598,0,0,1.579,0,0,0,0,0,0,0,0,0,0,0,0,2,0,0
123608,0,0,1.579,0,0,0,0,0,0,0,0,0,0,0,0,2,0,0
123618,0,0,1.579,0,0,0,0,0,0,0,0,0,0,0,0,2,0,0
123628,0,0,1.579,0,0,0,0,0,0,0,0,0,0,0,0,2,0,0
123638,0,0,1.579,0,0,0,0,0,0,0,0,0,0,0,0,2,0,0
123648,0,0,1.579,0,0,0,0,0,0,0,0,0,0,0,0,2,0,0
123658,0,0,1.579,0,0,0,0,0,0,0,0,0,0,0,0,2,0,0
123668,0,0,1.579,0,0,0,0,0,0,0,0,0,0,0,0,2,0,0
123678,0,0,1.579,0,0,0,0,0,0,0,0,0,0,0,0,2,0,0
123688,0,0,1.579,0,0,0,0,0,0,0,0,0,0,0,0,2,0,0
123698,0,0,1.579,0,0,0,0,0,0,0,0,0,0,0,0,2,0,0
123708,0,0,1.579,0,0,0,0,0,0,0,0,0,0,0,0,2,0,0
123718,0,0,1.579,0,0,0,0,0,0,0,0,0,0,0,0,2,0,0
123728,0,0,1.579,0,0,0,0,0,0,0,0,0,0,0,0,2,0,0
123738,0,0,1.579,0,0,0,0,0,0,0,0,0,0,0,0,2,0,0
123748,0,0,1.579,0,0,0,0,0,0,0,0,0,0,0,0,2,0,0
123758,0,0,1.579,0,0,0,0,0,0,0,0,0,0,0,0,2,0,0
123768,0,0,1.579,0,0,0,0,0,0,0,0,0,0,0,0,2,0,0
123778,0,0,1.579,0,0,0,0,0,0,0,0,0,0,0,0,2,0,0
123788,0,0,1.579,0,0,0,0,0,0,0,0,0,0,0,0,2,0,0
123798,0,0,1.579,0,0,0,0,0,0,0,0,0,0,0,0,2,0,0
123808,0,0,1.579,0,0,0,0,0,0,0,0,0,0,0,0,2,0,0
123818,0,0,1.579,0,0,0,0,0,0,0,0,0,0,0,0,2,0,0
123828,0,0,1.579,0,0,0,0,0,0,0,0,0,0,0,0,2,0,0
123838,0,0,1.579,0,0,0,0,0,0,0,0,0,0,0,0,2,0,0
123848,0,0,1.579,0,0,0,0,0,0,0,0,0,0,0,0,2,0,0
123858,0,0,1.579,0,0,0,0,0,0,0,0,0,0,0,0,2,0,0
123868,0,0,1.579,0,0,0,0,0,0,0,0,0,0,0,0,2,0,0
123878,0,0,1.579,0,0,0,0,0,0,0,0,0,0,0,0,2,0,0
123888,0,0,1.579,0,0,0,0,0,0,0,0,0,0,0,0,2,0,0
123898,0,0,1.579,0,0,0,0,0,0,0,0,0,0,0,0,2,0,0
123908,0,0,1.579,0,0,0,0,0,0,0,0,0,0,0,0,2,0,0
123918,0,0,1.579,0,0,0,0,0,0,0,0,0,0,0,0,2,0,0
123928,0,0,1.579,0,0,0,0,0,0,0,0,0,0,0,0,2,0,0
123938,0,0,1.579,0,0,0,0,0,0,0,0,0,0,0,0,2,0,0
123948,0,0,1.579,0,0,0,0,0,0,0,0,0,0,0,0,2,0,0
123958,0,0,1.579,0,0,0,0,0,0,0,0,0,0,0,0,2,0,0
123968,0,0,1.579,0,0,0,0,0,0,0,0,0,0,0,0,2,0,0
123978,0,0,1.579,0,0,0,0,0,0,0,0,0,0,0,0,2,0,0
123988,0,0,1.579,0,0,0,0,0,0,0,0,0,0,0,0,2,0,0
123998,0,0,1.579,0,0,0,0,0,0,0,0,0,0,0,0,2,0,0
124008,0,0,1.579,0,0,0,0,0,0,0,0,0,0,0,0,2,0,0
124018,0,0,1.579,0,0,0,0,0,0,0,0,0,0,0,0,2,0,0
124028,0,0,1.579,0,0,0,0,0,0,0,0,0,0,0,0,2,0,0
124038,0,0,1.579,0,0,0,0,0,0,0,0,0,0,0,0,2,0,0
124048,0,0,1.579,0,0,0,0,0,0,0,0,0,0,0,0,2,0,0
124058,0,0,1.579,0,0,0,0,0,0,0,0,0,0,0,0,2,0,0
124068,0,0,1.579,0,0,0,0,0,0,0,0,0,0,0,0,2,0,0
124078,0,0,1.579,0,0,0,0,0,0,0,0,0,0,0,0,2,0,0
124088,0,0,1.579,0,0,0,0,0,0,0,0,0,0,0,0,2,0,0
124098,0,0,1.579,0,0,0,0,0,0,0,0,0,0,0,0,2,0,0
124108,0,0,1.579,0,0,0,0,0,0,0,0,0,0,0,0,2,0,0
124118,0,0,1.579,0,0,0,0,0,0,0,0,0,0,0,0,2,0,0
124128,0,0,1.579,0,0,0,0,0,0,0,0,0,0,0,0,2,0,0
124138,0,0,1.579,0,0,0,0,0,0,0,0,0,0,0,0,2,0,0
124148,0,0,1.579,0,0,0,0,0,0,0,0,0,0,0,0,2,0,0
124158,0,0,1.579,0,0,0,0,0,0,0,0,0,0,0,0,2,0,0
124168,0,0,1.579,0,0,0,0,0,0,0,0,0,0,0,0,2,0,0
124178,0,0,1.579,0,0,0,0,0,0,0,0,0,0,0,0,2,0,0
124188,0,0,1.579,0,0,0,0,0,0,0,0,0,0,0,0,2,0,0
124198,0,0,1.579,0,0,0,0,0,0,0,0,0,0,0,0,2,0,0
124208,0,0,1.579,0,0,0,0,0,0,0,0,0,0,0,0,2,0,0
124218,0,0,1.579,0,0,0,0,0,0,0,0,0,0,0,0,2,0,0
124228,0,0,1.579,0,0,0,0,0,0,0,0,0,0,0,0,2,0,0
124238,0,0,1.579,0,0,0,0,0,0,0,0,0,0,0,0,2,0,0
124248,0,0,1.579,0,0,0,0,0,0,0,0,0,0,0,0,2,0,0
124258,0,0,1.579,0,0,0,0,0,0,0,0,0,0,0,0,2,0,0
124268,0,0,1.579,0,0,0,0,0,0,0,0,0,0,0,0,2,0,0
124278,0,0,1.579,0,0,0,0,0,0,0,0,0,0,0,0,2,0,0
124288,0,0,1.579,0,0,0,0,0,0,0,0,0,0,0,0,2,0,0
124298,0,0,1.579,0,0,0,0,0,0,0,0,0,0,0,0,2,0,0
124308,0,0,1.579,0,0,0,0,0,0,0,0,0,0,0,0,2,0,0
124318,0,0,1.579,0,0,0,0,0,0,0,0,0,0,0,0,2,0,0
124328,0,0,1.579,0,0,0,0,0,0,0,0,0,0,0,0,2,0,0
124338,0,0,1.579,0,0,0,0,0,0,0,0,0,0,0,0,2,0,0
124348,0,0,1.579,0,0,0,0,0,0,0,0,0,0,0,0,2,0,0
124358,0,0,1.579,0,0,0,0,0,0,0,0,0,0,0,0,2,0,0
124368,0,0,1.579,0,0,0,0,0,0,0,0,0,0,0,0,2,0,0
124378,0,0,1.579,0,0,0,0,0,0,0,0,0,0,0,0,2,0,0
124388,0,0,1.579,0,0,0,0,0,0,0,0,0,0,0,0,2,0,0
124398,0,0,1.579,0,0,0,0,0,0,0,0,0,0,0,0,2,0,0
124408,0,0,1.579,0,0,0,0,0,0,0,0,0,0,0,0,2,0,0
124418,0,0,1.579,0,0,0,0,0,0,0,0,0,0,0,0,2,0,0
124428,0,0,1.579,0,0,0,0,0,0,0,0,0,0,0,0,2,0,0
124438,0,0,1.579,0,0,0,0,0,0,0,0,0,0,0,0,2,0,0
124448,0,0,1.579,0,0,0,0,0,0,0,0,0,0,0,0,2,0,0
124458,0,0,1.579,0,0,0,0,0,0,0,0,0,0,0,0,2,0,0
124468,0,0,1.579,0,0,0,0,0,0,0,0,0,0,0,0,2,0,0
124478,0,0,1.579,0,0,0,0,0,0,0,0,0,0,0,0,2,0,0
124488,0,0,1.579,0,0,0,0,0,0,0,0,0,0,0,0,2,0,0
124498,0,0,1.579,0,0,0,0,0,0,0,0,0,0,0,0,2,0,0
124508,0,0,1.579,0,0,0,0,0,0,0,0,0,0,0,0,2,0,0
124518,0,0,1.579,0,0,0,0,0,0,0,0,0,0,0,0,2,0,0
124528,0,0,1.579,0,0,0,0,0,0,0,0,0,0,0,0,2,0,0
124538,0,0,1.579,0,0,0,0,0,0,0,0,0,0,0,0,2,0,0
124548,0,0,1.579,0,0,0,0,0,0,0,0,0,0,0,0,2,0,0
124558,0,0,1.579,0,0,0,0,0,0,0,0,0,0,0,0,2,0,0
124568,0,0,1.579,0,0,0,0,0,0,0,0,0,0,0,0,2,0,0
124578,0,0,1.579,0,0,0,0,0,0,0,0,0,0,0,0,2,0,0
124588,0,0,1.579,0,0,0,0,0,0,0,0,0,0,0,0,2,0,0
124598,0,0,1.579,0,0,0,0,0,0,0,0,0,0,0,0,2,0,0
124608,0,0,1.579,0,0,0,0,0,0,0,0,0,0,0,0,2,0,0
124618,0,0,1.579,0,0,0,0,0,0,0,0,0,0,0,0,2,0,0
124628,0,0,1.579,0,0,0,0,0,0,0,0,0,0,0,0,2,0,0
124638,0,0,1.579,0,0,0,0,0,0,0,0,0,0,0,0,2,0,0
124648,0,0,1.579,0,0,0,0,0,0,0,0,0,0,0,0,2,0,0
124658,0,0,1.579,0,0,0,0,0,0,0,0,0,0,0,0,2,0,0
124668,0,0,1.579,0,0,0,0,0,0,0,0,0,0,0,0,2,0,0
124678,0,0,1.579,0,0,0,0,0,0,0,0,0,0,0,0,2,0,0
124688,0,0,1.579,0,0,0,0,0,0,0,0,0,0,0,0,2,0,0
124698,0,0,1.579,0,0,0,0,0,0,0,0,0,0,0,0,2,0,0
124708,0,0,1.579,0,0,0,0,0,0,0,0,0,0,0,0,2,0,0
124718,0,0,1.579,0,0,0,0,0,0,0,0,0,0,0,0,2,0,0
124728,0,0,1.579,0,0,0,0,0,0,0,0,0,0,0,0,2,0,0
124738,0,0,1.579,0,0,0,0,0,0,0,0,0,0,0,0,2,0,0
124748,0,0,1.579,0,0,0,0,0,0,0,0,0,0,0,0,2,0,0
124758,0,0,1.579,0,0,0,0,0,0,0,0,0,0,0,0,2,0,0
124768,0,0,1.579,0,0,0,0,0,0,0,0,0,0,0,0,2,0,0
124778,0,0,1.579,0,0,0,0,0,0,0,0,0,0,0,0,2,0,0
124788,0,0,1.579,0,0,0,0,0,0,0,0,0,0,0,0,2,0,0
124798,0,0,1.579,0,0,0,0,0,0,0,0,0,0,0,0,2,0,0
124808,0,0,1.579,0,0,0,0,0,0,0,0,0,0,0,0,2,0,0
124818,0,0,1.579,0,0,0,0,0,0,0,0,0,0,0,0,2,0,0
124828,0,0,1.579,0,0,0,0,0,0,0,0,0,0,0,0,2,0,0
124838,0,0,1.579,0,0,0,0,0,0,0,0,0,0,0,0,2,0,0
124848,0,0,1.579,0,0,0,0,0,0,0,0,0,0,0,0,2,0,0
124858,0,0,1.579,0,0,0,0,0,0,0,0,0,0,0,0,2,0,0
124868,0,0,1.579,0,0,0,0,0,0,0,0,0,0,0,0,2,0,0
124878,0,0,1.579,0,0,0,0,0,0,0,0,0,0,0,0,2,0,0
124888,0,0,1.579,0,0,0,0,0,0,0,0,0,0,0,0,2,0,0
124898,0,0,1.579,0,0,0,0,0,0,0,0,0,0,0,0,2,0,0
124908,0,0,1.579,0,0,0,0,0,0,0,0,0,0,0,0,2,0,0
124918,0,0,1.579,0,0,0,0,0,0,0,0,0,0,0,0,2,0,0
124928,0,0,1.579,0,0,0,0,0,0,0,0,0,0,0,0,2,0,0
124938,0,0,1.579,0,0,0,0,0,0,0,0,0,0,0,0,2,0,0
124948,0,0,1.579,0,0,0,0,0,0,0,0,0,0,0,0,2,0,0
124958,0,0,1.579,0,0,0,0,0,0,0,0,0,0,0,0,2,0,0
124968,0,0,1.579,0,0,0,0,0,0,0,0,0,0,0,0,2,0,0
124978,0,0,1.579,0,0,0,0,0,0,0,0,0,0,0,0,2,0,0
124988,0,0,1.579,0,0,0,0,0,0,0,0,0,0,0,0,2,0,0
124998,0,0,1.579,0,0,0,0,0,0,0,0,0,0,0,0,2,0,0
125008,0,0,1.579,0,0,0,0,0,0,0,0,0,0,0,0,2,0,0
125018,0,0,1.579,0,0,0,0,0,0,0,0,0,0,0,0,2,0,0
125028,0,0,1.579,0,0,0,0,0,0,0,0,0,0,0,0,2,0,0
125038,0,0,1.579,0,0,0,0,0,0,0,0,0,0,0,0,2,0,0
125048,0,0,1.579,0,0,0,0,0,0,0,0,0,0,0,0,2,0,0
125058,0,0,1.579,0,0,0,0,0,0,0,0,0,0,0,0,2,0,0
125068,0,0,1.579,0,0,0,0,0,0,0,0,0,0,0,0,2,0,0
125078,0,0,1.579,0,0,0,0,0,0,0,0,0,0,0,0,2,0,0
125088,0,0,1.579,0,0,0,0,0,0,0,0,0,0,0,0,2,0,0
125098,0,0,1.579,0,0,0,0,0,0,0,0,0,0,0,0,2,0,0
125108,0,0,1.579,0,0,0,0,0,0,0,0,0,0,0,0,2,0,0
125118,0,0,1.579,0,0,0,0,0,0,0,0,0,0,0,0,2,0,0
125128,0,0,1.579,0,0,0,0,0,0,0,0,0,0,0,0,2,0,0
125138,0,0,1.579,0,0,0,0,0,0,0,0,0,0,0,0,2,0,0
125148,0,0,1.579,0,0,0,0,0,0,0,0,0,0,0,0,2,0,0
125158,0,0,1.579,0,0,0,0,0,0,0,0,0,0,0,0,2,0,0
125168,0,0,1.579,0,0,0,0,0,0,0,0,0,0,0,0,2,0,0
125178,0,0,1.579,0,0,0,0,0,0,0,0,0,0,0,0,2,0,0
125188,0,0,1.579,0,0,0,0,0,0,0,0,0,0,0,0,2,0,0
125198,0,0,1.579,0,0,0,0,0,0,0,0,0,0,0,0,2,0,0
125208,0,0,1.579,0,0,0,0,0,0,0,0,0,0,0,0,2,0,0
125218,0,0,1.579,0,0,0,0,0,0,0,0,0,0,0,0,2,0,0
125228,0,0,1.579,0,0,0,0,0,0,0,0,0,0,0,0,2,0,0
125238,0,0,1.579,0,0,0,0,0,0,0,0,0,0,0,0,2,0,0
125248,0,0,1.579,0,0,0,0,0,0,0,0,0,0,0,0,2,0,0
125258,0,0,1.579,0,0,0,0,0,0,0,0,0,0,0,0,2,0,0
125268,0,0,1.579,0,0,0,0,0,0,0,0,0,0,0,0,2,0,0
125278,0,0,1.579,0,0,0,0,0,0,0,0,0,0,0,0,2,0,0
125288,0,0,1.579,0,0,0,0,0,0,0,0,0,0,0,0,2,0,0
125298,0,0,1.579,0,0,0,0,0,0,0,0,0,0,0,0,2,0,0
125308,0,0,1.579,0,0,0,0,0,0,0,0,0,0,0,0,2,0,0
125318,0,0,1.579,0,0,0,0,0,0,0,0,0,0,0,0,2,0,0
125328,0,0,1.579,0,0,0,0,0,0,0,0,0,0,0,0,2,0,0
125338,0,0,1.579,0,0,0,0,0,0,0,0,0,0,0,0,2,0,0
125348,0,0,1.579,0,0,0,0,0,0,0,0,0,0,0,0,2,0,0
125358,0,0,1.579,0,0,0,0,0,0,0,0,0,0,0,0,2,0,0
125368,0,0,1.579,0,0,0,0,0,0,0,0,0,0,0,0,2,0,0
125378,0,0,1.579,0,0,0,0,0,0,0,0,0,0,0,0,2,0,0
125388,0,0,1.579,0,0,0,0,0,0,0,0,0,0,0,0,2,0,0
125398,0,0,1.579,0,0,0,0,0,0,0,0,0,0,0,0,2,0,0
125408,0,0,1.579,0,0,0,0,0,0,0,0,0,0,0,0,2,0,0
125418,0,0,1.579,0,0,0,0,0,0,0,0,0,0,0,0,2,0,0
125428,0,0,1.579,0,0,0,0,0,0,0,0,0,0,0,0,2,0,0
125438,0,0,1.579,0,0,0,0,0,0,0,0,0,0,0,0,2,0,0
125448,0,0,1.579,0,0,0,0,0,0,0,0,0,0,0,0,2,0,0
125458,0,0,1.579,0,0,0,0,0,0,0,0,0,0,0,0,2,0,0
125468,0,0,1.579,0,0,0,0,0,0,0,0,0,0,0,0,2,0,0
125478,0,0,1.579,0,0,0,0,0,0,0,0,0,0,0,0,2,0,0
125488,0,0,1.579,0,0,0,0,0,0,0,0,0,0,0,0,2,0,0
125498,0,0,1.579,0,0,0,0,0,0,0,0,0,0,0,0,2,0,0
125508,0,0,1.579,0,0,0,0,0,0,0,0,0,0,0,0,2,0,0
125518,0,0,1.579,0,0,0,0,0,0,0,0,0,0,0,0,2,0,0
125528,0,0,1.579,0,0,0,0,0,0,0,0,0,0,0,0,2,0,0
125538,0,0,1.579,0,0,0,0,0,0,0,0,0,0,0,0,2,0,0
125548,0,0,1.579,0,0,0,0,0,0,0,0,0,0,0,0,2,0,0
125558,0,0,1.579,0,0,0,0,0,0,0,0,0,0,0,0,2,0,0
125568,0,0,1.579,0,0,0,0,0,0,0,0,0,0,0,0,2,0,0
125578,0,0,1.579,0,0,0,0,0,0,0,0,0,0,0,0,2,0,0
125588,0,0,1.579,0,0,0,0,0,0,0,0,0,0,0,0,2,0,0
125598,0,0,1.579,0,0,0,0,0,0,0,0,0,0,0,0,2,0,0
125608,0,0,1.579,0,0,0,0,0,0,0,0,0,0,0,0,2,0,0
125618,0,0,1.579,0,0,0,0,0,0,0,0,0,0,0,0,2,0,0
125628,0,0,1.579,0,0,0,0,0,0,0,0,0,0,0,0,2,0,0
125638,0,0,1.579,0,0,0,0,0,0,0,0,0,0,0,0,2,0,0
125648,0,0,1.579,0,0,0,0,0,0,0,0,0,0,0,0,2,0,0
125658,0,0,1.579,0,0,0,0,0,0,0,0,0,0,0,0,2,0,0
125668,0,0,1.579,0,0,0,0,0,0,0,0,0,0,0,0,2,0,0
125678,0,0,1.579,0,0,0,0,0,0,0,0,0,0,0,0,2,0,0
125688,0,0,1.579,0,0,0,0,0,0,0,0,0,0,0,0,2,0,0
125698,0,0,1.579,0,0,0,0,0,0,0,0,0,0,0,0,2,0,0
125708,0,0,1.579,0,0,0,0,0,0,0,0,0,0,0,0,2,0,0
125718,0,0,1.579,0,0,0,0,0,0,0,0,0,0,0,0,2,0,0
125728,0,0,1.579,0,0,0,0,0,0,0,0,0,0,0,0,2,0,0
125738,0,0,1.579,0,0,0,0,0,0,0,0,0,0,0,0,2,0,0
125748,0,0,1.579,0,0,0,0,0,0,0,0,0,0,0,0,2,0,0
125758,0,0,1.579,0,0,0,0,0,0,0,0,0,0,0,0,2,0,0
125768,0,0,1.579,0,0,0,0,0,0,0,0,0,0,0,0,2,0,0
125778,0,0,1.579,0,0,0,0,0,0,0,0,0,0,0,0,2,0,0
125788,0,0,1.579,0,0,0,0,0,0,0,0,0,0,0,0,2,0,0
125798,0,0,1.579,0,0,0,0,0,0,0,0,0,0,0,0,2,0,0
125808,0,0,1.579,0,0,0,0,0,0,0,0,0,0,0,0,2,0,0
125818,0,0,1.579,0,0,0,0,0,0,0,0,0,0,0,0,2,0,0
125828,0,0,1.579,0,0,0,0,0,0,0,0,0,0,0,0,2,0,0
125838,0,0,1.579,0,0,0,0,0,0,0,0,0,0,0,0,2,0,0
125848,0,0,1.579,0,0,0,0,0,0,0,0,0,0,0,0,2,0,0
125858,0,0,1.579,0,0,0,0,0,0,0,0,0,0,0,0,2,0,0
125868,0,0,1.579,0,0,0,0,0,0,0,0,0,0,0,0,2,0,0
125878,0,0,1.579,0,0,0,0,0,0,0,0,0,0,0,0,2,0,0
125888,0,0,1.579,0,0,0,0,0,0,0,0,0,0,0,0,2,0,0
125898,0,0,1.579,0,0,0,0,0,0,0,0,0,0,0,0,2,0,0
125908,0,0,1.579,0,0,0,0,0,0,0,0,0,0,0,0,2,0,0
125918,0,0,1.579,0,0,0,0,0,0,0,0,0,0,0,0,2,0,0
125928,0,0,1.579,0,0,0,0,0,0,0,0,0,0,0,0,2,0,0
125938,0,0,1.579,0,0,0,0,0,0,0,0,0,0,0,0,2,0,0
125948,0,0,1.579,0,0,0,0,0,0,0,0,0,0,0,0,2,0,0
125958,0,0,1.579,0,0,0,0,0,0,0,0,0,0,0,0,2,0,0
125968,0,0,1.579,0,0,0,0,0,0,0,0,0,0,0,0,2,0,0
125978,0,0,1.579,0,0,0,0,0,0,0,0,0,0,0,0,2,0,0
125988,0,0,1.579,0,0,0,0,0,0,0,0,0,0,0,0,2,0,0
125998,0,0,1.579,0,0,0,0,0,0,0,0,0,0,0,0,2,0,0
126008,0,0,1.579,0,0,0,0,0,0,0,0,0,0,0,0,2,0,0
126018,0,0,1.579,0,0,0,0,0,0,0,0,0,0,0,0,2,0,0
126028,0,0,1.579,0,0,0,0,0,0,0,0,0,0,0,0,2,0,0
126038,0,0,1.579,0,0,0,0,0,0,0,0,0,0,0,0,2,0,0
126048,0,0,1.579,0,0,0,0,0,0,0,0,0,0,0,0,2,0,0
126058,0,0,1.579,0,0,0,0,0,0,0,0,0,0,0,0,2,0,0
126068,0,0,1.579,0,0,0,0,0,0,0,0,0,0,0,0,2,0,0
126078,0,0,1.579,0,0,0,0,0,0,0,0,0,0,0,0,2,0,0
126088,0,0,1.579,0,0,0,0,0,0,0,0,0,0,0,0,2,0,0
126098,0,0,1.579,0,0,0,0,0,0,0,0,0,0,0,0,2,0,0
126108,0,0,1.579,0,0,0,0,0,0,0,0,0,0,0,0,2,0,0
126118,0,0,1.579,0,0,0,0,0,0,0,0,0,0,0,0,2,0,0
126128,0,0,1.579,0,0,0,0,0,0,0,0,0,0,0,0,2,0,0
126138,0,0,1.579,0,0,0,0,0,0,0,0,0,0,0,0,2,0,0
126148,0,0,1.579,0,0,0,0,0,0,0,0,0,0,0,0,2,0,0
126158,0,0,1.579,0,0,0,0,0,0,0,0,0,0,0,0,2,0,0
126168,0,0,1.579,0,0,0,0,0,0,0,0,0,0,0,0,2,0,0
126178,0,0,1.579,0,0,0,0,0,0,0,0,0,0,0,0,2,0,0
126188,0,0,1.579,0,0,0,0,0,0,0,0,0,0,0,0,2,0,0
126198,0,0,1.579,0,0,0,0,0,0,0,0,0,0,0,0,2,0,0
126208,0,0,1.579,0,0,0,0,0,0,0,0,0,0,0,0,2,0,0
126218,0,0,1.579,0,0,0,0,0,0,0,0,0,0,0,0,2,0,0
126228,0,0,1.579,0,0,0,0,0,0,0,0,0,0,0,0,2,0,0
126238,0,0,1.579,0,0,0,0,0,0,0,0,0,0,0,0,2,0,0
126248,0,0,1.579,0,0,0,0,0,0,0,0,0,0,0,0,2,0,0
126258,0,0,1.579,0,0,0,0,0,0,0,0,0,0,0,0,2,0,0
126268,0,0,1.579,0,0,0,0,0,0,0,0,0,0,0,0,2,0,0
126278,0,0,1.579,0,0,0,0,0,0,0,0,0,0,0,0,2,0,0
126288,0,0,1.579,0,0,0,0,0,0,0,0,0,0,0,0,2,0,0
126298,0,0,1.579,0,0,0,0,0,0,0,0,0,0,0,0,2,0,0
126308,0,0,1.579,0,0,0,0,0,0,0,0,0,0,0,0,2,0,0
126318,0,0,1.579,0,0,0,0,0,0,0,0,0,0,0,0,2,0,0
126328,0,0,1.579,0,0,0,0,0,0,0,0,0,0,0,0,2,0,0
126338,0,0,1.579,0,0,0,0,0,0,0,0,0,0,0,0,2,0,0
126348,0,0,1.579,0,0,0,0,0,0,0,0,0,0,0,0,2,0,0
126358,0,0,1.579,0,0,0,0,0,0,0,0,0,0,0,0,2,0,0
126368,0,0,1.579,0,0,0,0,0,0,0,0,0,0,0,0,2,0,0
126378,0,0,1.579,0,0,0,0,0,0,0,0,0,0,0,0,2,0,0
126388,0,0,1.579,0,0,0,0,0,0,0,0,0,0,0,0,2,0,0
126398,0,0,1.579,0,0,0,0,0,0,0,0,0,0,0,0,2,0,0
126408,0,0,1.579,0,0,0,0,0,0,0,0,0,0,0,0,2,0,0
126418,0,0,1.579,0,0,0,0,0,0,0,0,0,0,0,0,2,0,0
126428,0,0,1.579,0,0,0,0,0,0,0,0,0,0,0,0,2,0,0
126438,0,0,1.579,0,0,0,0,0,0,0,0,0,0,0,0,2,0,0
126448,0,0,1.579,0,0,0,0,0,0,0,0,0,0,0,0,2,0,0
126458,0,0,1.579,0,0,0,0,0,0,0,0,0,0,0,0,2,0,0
126468,0,0,1.579,0,0,0,0,0,0,0,0,0,0,0,0,2,0,0
126478,0,0,1.579,0,0,0,0,0,0,0,0,0,0,0,0,2,0,0
126488,0,0,1.579,0,0,0,0,0,0,0,0,0,0,0,0,2,0,0
126498,0,0,1.579,0,0,0,0,0,0,0,0,0,0,0,0,2,0,0
126508,0,0,1.579,0,0,0,0,0,0,0,0,0,0,0,0,2,0,0
126518,0,0,1.579,0,0,0,0,0,0,0,0,0,0,0,0,2,0,0
126528,0,0,1.579,0,0,0,0,0,0,0,0,0,0,0,0,2,0,0
126538,0,0,1.579,0,0,0,0,0,0,0,0,0,0,0,0,2,0,0
126548,0,0,1.579,0,0,0,0,0,0,0,0,0,0,0,0,2,0,0
126558,0,0,1.579,0,0,0,0,0,0,0,0,0,0,0,0,2,0,0
126568,0,0,1.579,0,0,0,0,0,0,0,0,0,0,0,0,2,0,0
126578,0,0,1.579,0,0,0,0,0,0,0,0,0,0,0,0,2,0,0
126588,0,0,1.579,0,0,0,0,0,0,0,0,0,0,0,0,2,0,0
126598,0,0,1.579,0,0,0,0,0,0,0,0,0,0,0,0,2,0,0
126608,0,0,1.579,0,0,0,0,0,0,0,0,0,0,0,0,2,0,0
126618,0,0,1.579,0,0,0,0,0,0,0,0,0,0,0,0,2,0,0
126628,0,0,1.579,0,0,0,0,0,0,0,0,0,0,0,0,2,0,0
126638,0,0,1.579,0,0,0,0,0,0,0,0,0,0,0,0,2,0,0
126648,0,0,1.579,0,0,0,0,0,0,0,0,0,0,0,0,2,0,0
126658,0,0,1.579,0,0,0,0,0,0,0,0,0,0,0,0,2,0,0
126668,0,0,1.579,0,0,0,0,0,0,0,0,0,0,0,0,2,0,0
126678,0,0,1.579,0,0,0,0,0,0,0,0,0,0,0,0,2,0,0
126688,0,0,1.579,0,0,0,0,0,0,0,0,0,0,0,0,2,0,0
126698,0,0,1.579,0,0,0,0,0,0,0,0,0,0,0,0,2,0,0
126708,0,0,1.579,0,0,0,0,0,0,0,0,0,0,0,0,2,0,0
126718,0,0,1.579,0,0,0,0,0,0,0,0,0,0,0,0,2,0,0
126728,0,0,1.579,0,0,0,0,0,0,0,0,0,0,0,0,2,0,0
126738,0,0,1.579,0,0,0,0,0,0,0,0,0,0,0,0,2,0,0
126748,0,0,1.579,0,0,0,0,0,0,0,0,0,0,0,0,2,0,0
126758,0,0,1.579,0,0,0,0,0,0,0,0,0,0,0,0,2,0,0
126768,0,0,1.579,0,0,0,0,0,0,0,0,0,0,0,0,2,0,0
126778,0,0,1.579,0,0,0,0,0,0,0,0,0,0,0,0,2,0,0
126788,0,0,1.579,0,0,0,0,0,0,0,0,0,0,0,0,2,0,0
126798,0,0,1.579,0,0,0,0,0,0,0,0,0,0,0,0,2,0,0
126808,0,0,1.579,0,0,0,0,0,0,0,0,0,0,0,0,2,0,0
126818,0,0,1.579,0,0,0,0,0,0,0,0,0,0,0,0,2,0,0
126828,0,0,1.579,0,0,0,0,0,0,0,0,0,0,0,0,2,0,0
126838,0,0,1.579,0,0,0,0,0,0,0,0,0,0,0,0,2,0,0
126848,0,0,1.579,0,0,0,0,0,0,0,0,0,0,0,0,2,0,0
126858,0,0,1.579,0,0,0,0,0,0,0,0,0,0,0,0,2,0,0
126868,0,0,1.579,0,0,0,0,0,0,0,0,0,0,0,0,2,0,0
126878,0,0,1.579,0,0,0,0,0,0,0,0,0,0,0,0,2,0,0
126888,0,0,1.579,0,0,0,0,0,0,0,0,0,0,0,0,2,0,0
126898,0,0,1.579,0,0,0,0,0,0,0,0,0,0,0,0,2,0,0
126908,0,0,1.579,0,0,0,0,0,0,0,0,0,0,0,0,2,0,0
126918,0,0,1.579,0,0,0,0,0,0,0,0,0,0,0,0,2,0,0
126928,0,0,1.579,0,0,0,0,0,0,0,0,0,0,0,0,2,0,0
126938,0,0,1.579,0,0,0,0,0,0,0,0,0,0,0,0,2,0,0
126948,0,0,1.579,0,0,0,0,0,0,0,0,0,0,0,0,2,0,0
126958,0,0,1.579,0,0,0,0,0,0,0,0,0,0,0,0,2,0,0
126968,0,0,1.579,0,0,0,0,0,0,0,0,0,0,0,0,2,0,0
126978,0,0,1.579,0,0,0,0,0,0,0,0,0,0,0,0,2,0,0
126988,0,0,1.579,0,0,0,0,0,0,0,0,0,0,0,0,2,0,0
126998,0,0,1.579,0,0,0,0,0,0,0,0,0,0,0,0,2,0,0
127008,0,0,1.579,0,0,0,0,0,0,0,0,0,0,0,0,2,0,0
127018,0,0,1.579,0,0,0,0,0,0,0,0,0,0,0,0,2,0,0
127028,0,0,1.579,0,0,0,0,0,0,0,0,0,0,0,0,2,0,0
127038,0,0,1.579,0,0,0,0,0,0,0,0,0,0,0,0,2,0,0
127048,0,0,1.579,0,0,0,0,0,0,0,0,0,0,0,0,2,0,0
127058,0,0,1.579,0,0,0,0,0,0,0,0,0,0,0,0,2,0,0
127068,0,0,1.579,0,0,0,0,0,0,0,0,0,0,0,0,2,0,0
127078,0,0,1.579,0,0,0,0,0,0,0,0,0,0,0,0,2,0,0
127088,0,0,1.579,0,0,0,0,0,0,0,0,0,0,0,0,2,0,0
127098,0,0,1.579,0,0,0,0,0,0,0,0,0,0,0,0,2,0,0
127108,0,0,1.579,0,0,0,0,0,0,0,0,0,0,0,0,2,0,0
127118,0,0,1.579,0,0,0,0,0,0,0,0,0,0,0,0,2,0,0
127128,0,0,1.579,0,0,0,0,0,0,0,0,0,0,0,0,2,0,0
127138,0,0,1.579,0,0,0,0,0,0,0,0,0,0,0,0,2,0,0
127148,0,0,1.579,0,0,0,0,0,0,0,0,0,0,0,0,2,0,0
127158,0,0,1.579,0,0,0,0,0,0,0,0,0,0,0,0,2,0,0
127168,0,0,1.579,0,0,0,0,0,0,0,0,0,0,0,0,2,0,0
127178,0,0,1.579,0,0,0,0,0,0,0,0,0,0,0,0,2,0,0
127188,0,0,1.579,0,0,0,0,0,0,0,0,0,0,0,0,2,0,0
127198,0,0,1.579,0,0,0,0,0,0,0,0,0,0,0,0,2,0,0
127208,0,0,1.579,0,0,0,0,0,0,0,0,0,0,0,0,2,0,0
127218,0,0,1.579,0,0,0,0,0,0,0,0,0,0,0,0,2,0,0
127228,0,0,1.579,0,0,0,0,0,0,0,0,0,0,0,0,2,0,0
127238,0,0,1.579,0,0,0,0,0,0,0,0,0,0,0,0,2,0,0
127248,0,0,1.579,0,0,0,0,0,0,0,0,0,0,0,0,2,0,0
127258,0,0,1.579,0,0,0,0,0,0,0,0,0,0,0,0,2,0,0
127268,0,0,1.579,0,0,0,0,0,0,0,0,0,0,0,0,2,0,0
127278,0,0,1.579,0,0,0,0,0,0,0,0,0,0,0,0,2,0,0
127288,0,0,1.579,0,0,0,0,0,0,0,0,0,0,0,0,2,0,0
127298,0,0,1.579,0,0,0,0,0,0,0,0,0,0,0,0,2,0,0
127308,0,0,1.579,0,0,0,0,0,0,0,0,0,0,0,0,2,0,0
127318,0,0,1.579,0,0,0,0,0,0,0,0,0,0,0,0,2,0,0
127328,0,0,1.579,0,0,0,0,0,0,0,0,0,0,0,0,2,0,0
127338,0,0,1.579,0,0,0,0,0,0,0,0,0,0,0,0,2,0,0
127348,0,0,1.579,0,0,0,0,0,0,0,0,0,0,0,0,2,0,0
127358,0,0,1.579,0,0,0,0,0,0,0,0,0,0,0,0,2,0,0
127368,0,0,1.579,0,0,0,0,0,0,0,0,0,0,0,0,2,0,0
127378,0,0,1.579,0,0,0,0,0,0,0,0,0,0,0,0,2,0,0
127388,0,0,1.579,0,0,0,0,0,0,0,0,0,0,0,0,2,0,0
127398,0,0,1.579,0,0,0,0,0,0,0,0,0,0,0,0,2,0,0
127408,0,0,1.579,0,0,0,0,0,0,0,0,0,0,0,0,2,0,0
127418,0,0,1.579,0,0,0,0,0,0,0,0,0,0,0,0,2,0,0
127428,0,0,1.579,0,0,0,0,0,0,0,0,0,0,0,0,2,0,0
127438,0,0,1.579,0,0,0,0,0,0,0,0,0,0,0,0,2,0,0
127448,0,0,1.579,0,0,0,0,0,0,0,0,0,0,0,0,2,0,0
127458,0,0,1.579,0,0,0,0,0,0,0,0,0,0,0,0,2,0,0
127468,0,0,1.579,0,0,0,0,0,0,0,0,0,0,0,0,2,0,0
127478,0,0,1.579,0,0,0,0,0,0,0,0,0,0,0,0,2,0,0
127488,0,0,1.579,0,0,0,0,0,0,0,0,0,0,0,0,2,0,0
127498,0,0,1.579,0,0,0,0,0,0,0,0,0,0,0,0,2,0,0
127508,0,0,1.579,0,0,0,0,0,0,0,0,0,0,0,0,2,0,0
127518,0,0,1.579,0,0,0,0,0,0,0,0,0,0,0,0,2,0,0
127528,0,0,1.579,0,0,0,0,0,0,0,0,0,0,0,0,2,0,0
127538,0,0,1.579,0,0,0,0,0,0,0,0,0,0,0,0,2,0,0
127548,0,0,1.579,0,0,0,0,0,0,0,0,0,0,0,0,2,0,0
127558,0,0,1.579,0,0,0,0,0,0,0,0,0,0,0,0,2,0,0
127568,0,0,1.579,0,0,0,0,0,0,0,0,0,0,0,0,2,0,0
127578,0,0,1.579,0,0,0,0,0,0,0,0,0,0,0,0,2,0,0
127588,0,0,1.579,0,0,0,0,0,0,0,0,0,0,0,0,2,0,0
127598,0,0,1.579,0,0,0,0,0,0,0,0,0,0,0,0,2,0,0
127608,0,0,1.579,0,0,0,0,0,0,0,0,0,0,0,0,2,0,0
127618,0,0,1.579,0,0,0,0,0,0,0,0,0,0,0,0,2,0,0
127628,0,0,1.579,0,0,0,0,0,0,0,0,0,0,0,0,2,0,0
127638,0,0,1.579,0,0,0,0,0,0,0,0,0,0,0,0,2,0,0
127648,0,0,1.579,0,0,0,0,0,0,0,0,0,0,0,0,2,0,0
127658,0,0,1.579,0,0,0,0,0,0,0,0,0,0,0,0,2,0,0
127668,0,0,1.579,0,0,0,0,0,0,0,0,0,0,0,0,2,0,0
127678,0,0,1.579,0,0,0,0,0,0,0,0,0,0,0,0,2,0,0
127688,0,0,1.579,0,0,0,0,0,0,0,0,0,0,0,0,2,0,0
127698,0,0,1.579,0,0,0,0,0,0,0,0,0,0,0,0,2,0,0
127708,0,0,1.579,0,0,0,0,0,0,0,0,0,0,0,0,2,0,0
127718,0,0,1.579,0,0,0,0,0,0,0,0,0,0,0,0,2,0,0
127728,0,0,1.579,0,0,0,0,0,0,0,0,0,0,0,0,2,0,0
127738,0,0,1.579,0,0,0,0,0,0,0,0,0,0,0,0,2,0,0
127748,0,0,1.579,0,0,0,0,0,0,0,0,0,0,0,0,2,0,0
127758,0,0,1.579,0,0,0,0,0,0,0,0,0,0,0,0,2,0,0
127768,0,0,1.579,0,0,0,0,0,0,0,0,0,0,0,0,2,0,0
127778,0,0,1.579,0,0,0,0,0,0,0,0,0,0,0,0,2,0,0
127788,0,0,1.579,0,0,0,0,0,0,0,0,0,0,0,0,2,0,0
127798,0,0,1.579,0,0,0,0,0,0,0,0,0,0,0,0,2,0,0
127808,0,0,1.579,0,0,0,0,0,0,0,0,0,0,0,0,2,0,0
127818,0,0,1.579,0,0,0,0,0,0,0,0,0,0,0,0,2,0,0
127828,0,0,1.579,0,0,0,0,0,0,0,0,0,0,0,0,2,0,0
127838,0,0,1.579,0,0,0,0,0,0,0,0,0,0,0,0,2,0,0
127848,0,0,1.579,0,0,0,0,0,0,0,0,0,0,0,0,2,0,0
127858,0,0,1.579,0,0,0,0,0,0,0,0,0,0,0,0,2,0,0
127868,0,0,1.579,0,0,0,0,0,0,0,0,0,0,0,0,2,0,0
127878,0,0,1.579,0,0,0,0,0,0,0,0,0,0,0,0,2,0,0
127888,0,0,1.579,0,0,0,0,0,0,0,0,0,0,0,0,2,0,0
127898,0,0,1.579,0,0,0,0,0,0,0,0,0,0,0,0,2,0,0
127908,0,0,1.579,0,0,0,0,0,0,0,0,0,0,0,0,2,0,0
127918,0,0,1.579,0,0,0,0,0,0,0,0,0,0,0,0,2,0,0
127928,0,0,1.579,0,0,0,0,0,0,0,0,0,0,0,0,2,0,0
127938,0,0,1.579,0,0,0,0,0,0,0,0,0,0,0,0,2,0,0
127948,0,0,1.579,0,0,0,0,0,0,0,0,0,0,0,0,2,0,0
127958,0,0,1.579,0,0,0,0,0,0,0,0,0,0,0,0,2,0,0
127968,0,0,1.579,0,0,0,0,0,0,0,0,0,0,0,0,2,0,0
127978,0,0,1.579,0,0,0,0,0,0,0,0,0,0,0,0,2,0,0
127988,0,0,1.579,0,0,0,0,0,0,0,0,0,0,0,0,2,0,0
127998,0,0,1.579,0,0,0,0,0,0,0,0,0,0,0,0,2,0,0
128008,0,0,1.579,0,0,0,0,0,0,0,0,0,0,0,0,2,0,0
128018,0,0,1.579,0,0,0,0,0,0,0,0,0,0,0,0,2,0,0
128028,0,0,1.579,0,0,0,0,0,0,0,0,0,0,0,0,2,0,0
128038,0,0,1.579,0,0,0,0,0,0,0,0,0,0,0,0,2,0,0
128048,0,0,1.579,0,0,0,0,0,0,0,0,0,0,0,0,2,0,0
128058,0,0,1.579,0,0,0,0,0,0,0,0,0,0,0,0,2,0,0
128068,0,0,1.579,0,0,0,0,0,0,0,0,0,0,0,0,2,0,0
128078,0,0,1.579,0,0,0,0,0,0,0,0,0,0,0,0,2,0,0
128088,0,0,1.579,0,0,0,0,0,0,0,0,0,0,0,0,2,0,0
128098,0,0,1.579,0,0,0,0,0,0,0,0,0,0,0,0,2,0,0
128108,0,0,1.579,0,0,0,0,0,0,0,0,0,0,0,0,2,0,0
128118,0,0,1.579,0,0,0,0,0,0,0,0,0,0,0,0,2,0,0
128128,0,0,1.579,0,0,0,0,0,0,0,0,0,0,0,0,2,0,0
128138,0,0,1.579,0,0,0,0,0,0,0,0,0,0,0,0,2,0,0
128148,0,0,1.579,0,0,0,0,0,0,0,0,0,0,0,0,2,0,0
128158,0,0,1.579,0,0,0,0,0,0,0,0,0,0,0,0,2,0,0
128168,0,0,1.579,0,0,0,0,0,0,0,0,0,0,0,0,2,0,0
128178,0,0,1.579,0,0,0,0,0,0,0,0,0,0,0,0,2,0,0
128188,0,0,1.579,0,0,0,0,0,0,0,0,0,0,0,0,2,0,0
128198,0,0,1.579,0,0,0,0,0,0,0,0,0,0,0,0,2,0,0
128208,0,0,1.579,0,0,0,0,0,0,0,0,0,0,0,0,2,0,0
128218,0,0,1.579,0,0,0,0,0,0,0,0,0,0,0,0,2,0,0
128228,0,0,1.579,0,0,0,0,0,0,0,0,0,0,0,0,2,0,0
128238,0,0,1.579,0,0,0,0,0,0,0,0,0,0,0,0,2,0,0
128248,0,0,1.579,0,0,0,0,0,0,0,0,0,0,0,0,2,0,0
128258,0,0,1.579,0,0,0,0,0,0,0,0,0,0,0,0,2,0,0
128268,0,0,1.579,0,0,0,0,0,0,0,0,0,0,0,0,2,0,0
128278,0,0,1.579,0,0,0,0,0,0,0,0,0,0,0,0,2,0,0
128288,0,0,1.579,0,0,0,0,0,0,0,0,0,0,0,0,2,0,0
128298,0,0,1.579,0,0,0,0,0,0,0,0,0,0,0,0,2,0,0
128308,0,0,1.579,0,0,0,0,0,0,0,0,0,0,0,0,2,0,0
128318,0,0,1.579,0,0,0,0,0,0,0,0,0,0,0,0,2,0,0
128328,0,0,1.579,0,0,0,0,0,0,0,0,0,0,0,0,2,0,0
128338,0,0,1.579,0,0,0,0,0,0,0,0,0,0,0,0,2,0,0
128348,0,0,1.579,0,0,0,0,0,0,0,0,0,0,0,0,2,0,0
128358,0,0,1.579,0,0,0,0,0,0,0,0,0,0,0,0,2,0,0
128368,0,0,1.579,0,0,0,0,0,0,0,0,0,0,0,0,2,0,0
128378,0,0,1.579,0,0,0,0,0,0,0,0,0,0,0,0,2,0,0
128388,0,0,1.579,0,0,0,0,0,0,0,0,0,0,0,0,2,0,0
128398,0,0,1.579,0,0,0,0,0,0,0,0,0,0,0,0,2,0,0
128408,0,0,1.579,0,0,0,0,0,0,0,0,0,0,0,0,2,0,0
128418,0,0,1.579,0,0,0,0,0,0,0,0,0,0,0,0,2,0,0
128428,0,0,1.579,0,0,0,0,0,0,0,0,0,0,0,0,2,0,0
128438,0,0,1.579,0,0,0,0,0,0,0,0,0,0,0,0,2,0,0
128448,0,0,1.579,0,0,0,0,0,0,0,0,0,0,0,0,2,0,0
128458,0,0,1.579,0,0,0,0,0,0,0,0,0,0,0,0,2,0,0
128468,0,0,1.579,0,0,0,0,0,0,0,0,0,0,0,0,2,0,0
128478,0,0,1.579,0,0,0,0,0,0,0,0,0,0,0,0,2,0,0
128488,0,0,1.579,0,0,0,0,0,0,0,0,0,0,0,0,2,0,0
128498,0,0,1.579,0,0,0,0,0,0,0,0,0,0,0,0,2,0,0
128508,0,0,1.579,0,0,0,0,0,0,0,0,0,0,0,0,2,0,0
128518,0,0,1.579,0,0,0,0,0,0,0,0,0,0,0,0,2,0,0
128528,0,0,1.579,0,0,0,0,0,0,0,0,0,0,0,0,2,0,0
128538,0,0,1.579,0,0,0,0,0,0,0,0,0,0,0,0,2,0,0
128548,0,0,1.579,0,0,0,0,0,0,0,0,0,0,0,0,2,0,0
128558,0,0,1.579,0,0,0,0,0,0,0,0,0,0,0,0,2,0,0
128568,0,0,1.579,0,0,0,0,0,0,0,0,0,0,0,0,2,0,0
128578,0,0,1.579,0,0,0,0,0,0,0,0,0,0,0,0,2,0,0
128588,0,0,1.579,0,0,0,0,0,0,0,0,0,0,0,0,2,0,0
128598,0,0,1.579,0,0,0,0,0,0,0,0,0,0,0,0,2,0,0
128608,0,0,1.579,0,0,0,0,0,0,0,0,0,0,0,0,2,0,0
128618,0,0,1.579,0,0,0,0,0,0,0,0,0,0,0,0,2,0,0
128628,0,0,1.579,0,0,0,0,0,0,0,0,0,0,0,0,2,0,0
128638,0,0,1.579,0,0,0,0,0,0,0,0,0,0,0,0,2,0,0
128648,0,0,1.579,0,0,0,0,0,0,0,0,0,0,0,0,2,0,0
128658,0,0,1.579,0,0,0,0,0,0,0,0,0,0,0,0,2,0,0
128668,0,0,1.579,0,0,0,0,0,0,0,0,0,0,0,0,2,0,0
128678,0,0,1.579,0,0,0,0,0,0,0,0,0,0,0,0,2,0,0
128688,0,0,1.579,0,0,0,0,0,0,0,0,0,0,0,0,2,0,0
128698,0,0,1.579,0,0,0,0,0,0,0,0,0,0,0,0,2,0,0
128708,0,0,1.579,0,0,0,0,0,0,0,0,0,0,0,0,2,0,0
128718,0,0,1.579,0,0,0,0,0,0,0,0,0,0,0,0,2,0,0
128728,0,0,1.579,0,0,0,0,0,0,0,0,0,0,0,0,2,0,0
128738,0,0,1.579,0,0,0,0,0,0,0,0,0,0,0,0,2,0,0
128748,0,0,1.579,0,0,0,0,0,0,0,0,0,0,0,0,2,0,0
128758,0,0,1.579,0,0,0,0,0,0,0,0,0,0,0,0,2,0,0
128768,0,0,1.579,0,0,0,0,0,0,0,0,0,0,0,0,2,0,0
128778,0,0,1.579,0,0,0,0,0,0,0,0,0,0,0,0,2,0,0
128788,0,0,1.579,0,0,0,0,0,0,0,0,0,0,0,0,2,0,0
128798,0,0,1.579,0,0,0,0,0,0,0,0,0,0,0,0,2,0,0
128808,0,0,1.579,0,0,0,0,0,0,0,0,0,0,0,0,2,0,0
128818,0,0,1.579,0,0,0,0,0,0,0,0,0,0,0,0,2,0,0
128828,0,0,1.579,0,0,0,0,0,0,0,0,0,0,0,0,2,0,0
128838,0,0,1.579,0,0,0,0,0,0,0,0,0,0,0,0,2,0,0
128848,0,0,1.579,0,0,0,0,0,0,0,0,0,0,0,0,2,0,0
128858,0,0,1.579,0,0,0,0,0,0,0,0,0,0,0,0,2,0,0
128868,0,0,1.579,0,0,0,0,0,0,0,0,0,0,0,0,2,0,0
128878,0,0,1.579,0,0,0,0,0,0,0,0,0,0,0,0,2,0,0
128888,0,0,1.579,0,0,0,0,0,0,0,0,0,0,0,0,2,0,0
128898,0,0,1.579,0,0,0,0,0,0,0,0,0,0,0,0,2,0,0
128908,0,0,1.579,0,0,0,0,0,0,0,0,0,0,0,0,2,0,0
128918,0,0,1.579,0,0,0,0,0,0,0,0,0,0,0,0,2,0,0
128928,0,0,1.579,0,0,0,0,0,0,0,0,0,0,0,0,2,0,0
128938,0,0,1.579,0,0,0,0,0,0,0,0,0,0,0,0,2,0,0
128948,0,0,1.579,0,0,0,0,0,0,0,0,0,0,0,0,2,0,0
128958,0,0,1.579,0,0,0,0,0,0,0,0,0,0,0,0,2,0,0
128968,0,0,1.579,0,0,0,0,0,0,0,0,0,0,0,0,2,0,0
128978,0,0,1.579,0,0,0,0,0,0,0,0,0,0,0,0,2,0,0
128988,0,0,1.579,0,0,0,0,0,0,0,0,0,0,0,0,2,0,0
128998,0,0,1.579,0,0,0,0,0,0,0,0,0,0,0,0,2,0,0
129008,0,0,1.579,0,0,0,0,0,0,0,0,0,0,0,0,2,0,0
129018,0,0,1.579,0,0,0,0,0,0,0,0,0,0,0,0,2,0,0
129028,0,0,1.579,0,0,0,0,0,0,0,0,0,0,0,0,2,0,0
129038,0,0,1.579,0,0,0,0,0,0,0,0,0,0,0,0,2,0,0
129048,0,0,1.579,0,0,0,0,0,0,0,0,0,0,0,0,2,0,0
129058,0,0,1.579,0,0,0,0,0,0,0,0,0,0,0,0,2,0,0
129068,0,0,1.579,0,0,0,0,0,0,0,0,0,0,0,0,2,0,0
129078,0,0,1.579,0,0,0,0,0,0,0,0,0,0,0,0,2,0,0
129088,0,0,1.579,0,0,0,0,0,0,0,0,0,0,0,0,2,0,0
129098,0,0,1.579,0,0,0,0,0,0,0,0,0,0,0,0,2,0,0
129108,0,0,1.579,0,0,0,0,0,0,0,0,0,0,0,0,2,0,0
129118,0,0,1.579,0,0,0,0,0,0,0,0,0,0,0,0,2,0,0
129128,0,0,1.579,0,0,0,0,0,0,0,0,0,0,0,0,2,0,0
129138,0,0,1.579,0,0,0,0,0,0,0,0,0,0,0,0,2,0,0
129148,0,0,1.579,0,0,0,0,0,0,0,0,0,0,0,0,2,0,0
129158,0,0,1.579,0,0,0,0,0,0,0,0,0,0,0,0,2,0,0
129168,0,0,1.579,0,0,0,0,0,0,0,0,0,0,0,0,2,0,0
129178,0,0,1.579,0,0,0,0,0,0,0,0,0,0,0,0,2,0,0
129188,0,0,1.579,0,0,0,0,0,0,0,0,0,0,0,0,2,0,0
129198,0,0,1.579,0,0,0,0,0,0,0,0,0,0,0,0,2,0,0
129208,0,0,1.579,0,0,0,0,0,0,0,0,0,0,0,0,2,0,0
129218,0,0,1.579,0,0,0,0,0,0,0,0,0,0,0,0,2,0,0
129228,0,0,1.579,0,0,0,0,0,0,0,0,0,0,0,0,2,0,0
129238,0,0,1.579,0,0,0,0,0,0,0,0,0,0,0,0,2,0,0
129248,0,0,1.579,0,0,0,0,0,0,0,0,0,0,0,0,2,0,0
129258,0,0,1.579,0,0,0,0,0,0,0,0,0,0,0,0,2,0,0
129268,0,0,1.579,0,0,0,0,0,0,0,0,0,0,0,0,2,0,0
129278,0,0,1.579,0,0,0,0,0,0,0,0,0,0,0,0,2,0,0
129288,0,0,1.579,0,0,0,0,0,0,0,0,0,0,0,0,2,0,0
129298,0,0,1.579,0,0,0,0,0,0,0,0,0,0,0,0,2,0,0
129308,0,0,1.579,0,0,0,0,0,0,0,0,0,0,0,0,2,0,0
129318,0,0,1.579,0,0,0,0,0,0,0,0,0,0,0,0,2,0,0
129328,0,0,1.579,0,0,0,0,0,0,0,0,0,0,0,0,2,0,0
129338,0,0,1.579,0,0,0,0,0,0,0,0,0,0,0,0,2,0,0
129348,0,0,1.579,0,0,0,0,0,0,0,0,0,0,0,0,2,0,0
129358,0,0,1.579,0,0,0,0,0,0,0,0,0,0,0,0,2,0,0
129368,0,0,1.579,0,0,0,0,0,0,0,0,0,0,0,0,2,0,0
129378,0,0,1.579,0,0,0,0,0,0,0,0,0,0,0,0,2,0,0
129388,0,0,1.579,0,0,0,0,0,0,0,0,0,0,0,0,2,0,0
129398,0,0,1.579,0,0,0,0,0,0,0,0,0,0,0,0,2,0,0
129408,0,0,1.579,0,0,0,0,0,0,0,0,0,0,0,0,2,0,0
129418,0,0,1.579,0,0,0,0,0,0,0,0,0,0,0,0,2,0,0
129428,0,0,1.579,0,0,0,0,0,0,0,0,0,0,0,0,2,0,0
129438,0,0,1.579,0,0,0,0,0,0,0,0,0,0,0,0,2,0,0
129448,0,0,1.579,0,0,0,0,0,0,0,0,0,0,0,0,2,0,0
129458,0,0,1.579,0,0,0,0,0,0,0,0,0,0,0,0,2,0,0
129468,0,0,1.579,0,0,0,0,0,0,0,0,0,0,0,0,2,0,0
129478,0,0,1.579,0,0,0,0,0,0,0,0,0,0,0,0,2,0,0
129488,0,0,1.579,0,0,0,0,0,0,0,0,0,0,0,0,2,0,0
129498,0,0,1.579,0,0,0,0,0,0,0,0,0,0,0,0,2,0,0
129508,0,0,1.579,0,0,0,0,0,0,0,0,0,0,0,0,2,0,0
129518,0,0,1.579,0,0,0,0,0,0,0,0,0,0,0,0,2,0,0
129528,0,0,1.579,0,0,0,0,0,0,0,0,0,0,0,0,2,0,0
129538,0,0,1.579,0,0,0,0,0,0,0,0,0,0,0,0,2,0,0
129548,0,0,1.579,0,0,0,0,0,0,0,0,0,0,0,0,2,0,0
129558,0,0,1.579,0,0,0,0,0,0,0,0,0,0,0,0,2,0,0
129568,0,0,1.579,0,0,0,0,0,0,0,0,0,0,0,0,2,0,0
129578,0,0,1.579,0,0,0,0,0,0,0,0,0,0,0,0,2,0,0
129588,0,0,1.579,0,0,0,0,0,0,0,0,0,0,0,0,2,0,0
129598,0,0,1.579,0,0,0,0,0,0,0,0,0,0,0,0,2,0,0
129608,0,0,1.579,0,0,0,0,0,0,0,0,0,0,0,0,2,0,0
129618,0,0,1.579,0,0,0,0,0,0,0,0,0,0,0,0,2,0,0
129628,0,0,1.579,0,0,0,0,0,0,0,0,0,0,0,0,2,0,0
129638,0,0,1.579,0,0,0,0,0,0,0,0,0,0,0,0,2,0,0
129648,0,0,1.579,0,0,0,0,0,0,0,0,0,0,0,0,2,0,0
129658,0,0,1.579,0,0,0,0,0,0,0,0,0,0,0,0,2,0,0
129668,0,0,1.579,0,0,0,0,0,0,0,0,0,0,0,0,2,0,0
129678,0,0,1.579,0,0,0,0,0,0,0,0,0,0,0,0,2,0,0
129688,0,0,1.579,0,0,0,0,0,0,0,0,0,0,0,0,2,0,0
129698,0,0,1.579,0,0,0,0,0,0,0,0,0,0,0,0,2,0,0
129708,0,0,1.579,0,0,0,0,0,0,0,0,0,0,0,0,2,0,0
129718,0,0,1.579,0,0,0,0,0,0,0,0,0,0,0,0,2,0,0
129728,0,0,1.579,0,0,0,0,0,0,0,0,0,0,0,0,2,0,0
129738,0,0,1.579,0,0,0,0,0,0,0,0,0,0,0,0,2,0,0
129748,0,0,1.579,0,0,0,0,0,0,0,0,0,0,0,0,2,0,0
129758,0,0,1.579,0,0,0,0,0,0,0,0,0,0,0,0,2,0,0
129768,0,0,1.579,0,0,0,0,0,0,0,0,0,0,0,0,2,0,0
129778,0,0,1.579,0,0,0,0,0,0,0,0,0,0,0,0,2,0,0
129788,0,0,1.579,0,0,0,0,0,0,0,0,0,0,0,0,2,0,0
129798,0,0,1.579,0,0,0,0,0,0,0,0,0,0,0,0,2,0,0
129808,0,0,1.579,0,0,0,0,0,0,0,0,0,0,0,0,2,0,0
129818,0,0,1.579,0,0,0,0,0,0,0,0,0,0,0,0,2,0,0
129828,0,0,1.579,0,0,0,0,0,0,0,0,0,0,0,0,2,0,0
129838,0,0,1.579,0,0,0,0,0,0,0,0,0,0,0,0,2,0,0
129848,0,0,1.579,0,0,0,0,0,0,0,0,0,0,0,0,2,0,0
129858,0,0,1.579,0,0,0,0,0,0,0,0,0,0,0,0,2,0,0
129868,0,0,1.579,0,0,0,0,0,0,0,0,0,0,0,0,2,0,0
129878,0,0,1.579,0,0,0,0,0,0,0,0,0,0,0,0,2,0,0
129888,0,0,1.579,0,0,0,0,0,0,0,0,0,0,0,0,2,0,0
129898,0,0,1.579,0,0,0,0,0,0,0,0,0,0,0,0,2,0,0
129908,0,0,1.579,0,0,0,0,0,0,0,0,0,0,0,0,2,0,0
129918,0,0,1.579,0,0,0,0,0,0,0,0,0,0,0,0,2,0,0
129928,0,0,1.579,0,0,0,0,0,0,0,0,0,0,0,0,2,0,0
129938,0,0,1.579,0,0,0,0,0,0,0,0,0,0,0,0,2,0,0
129948,0,0,1.579,0,0,0,0,0,0,0,0,0,0,0,0,2,0,0
129958,0,0,1.579,0,0,0,0,0,0,0,0,0,0,0,0,2,0,0
129968,0,0,1.579,0,0,0,0,0,0,0,0,0,0,0,0,2,0,0
129978,0,0,1.579,0,0,0,0,0,0,0,0,0,0,0,0,2,0,0
129988,0,0,1.579,0,0,0,0,0,0,0,0,0,0,0,0,2,0,0
129998,0,0,1.579,0,0,0,0,0,0,0,0,0,0,0,0,2,0,0
130008,0,0,1.579,0,0,0,0,0,0,0,0,0,0,0,0,2,0,0
130018,0,0,1.579,0,0,0,0,0,0,0,0,0,0,0,0,2,0,0
130028,0,0,1.579,0,0,0,0,0,0,0,0,0,0,0,0,2,0,0
130038,0,0,1.579,0,0,0,0,0,0,0,0,0,0,0,0,2,0,0
130048,0,0,1.579,0,0,0,0,0,0,0,0,0,0,0,0,2,0,0
130058,0,0,1.579,0,0,0,0,0,0,0,0,0,0,0,0,2,0,0
130068,0,0,1.579,0,0,0,0,0,0,0,0,0,0,0,0,2,0,0
130078,0,0,1.579,0,0,0,0,0,0,0,0,0,0,0,0,2,0,0
130088,0,0,1.579,0,0,0,0,0,0,0,0,0,0,0,0,2,0,0
130098,0,0,1.579,0,0,0,0,0,0,0,0,0,0,0,0,2,0,0
130108,0,0,1.579,0,0,0,0,0,0,0,0,0,0,0,0,2,0,0
130118,0,0,1.579,0,0,0,0,0,0,0,0,0,0,0,0,2,0,0
130128,0,0,1.579,0,0,0,0,0,0,0,0,0,0,0,0,2,0,0
130138,0,0,1.579,0,0,0,0,0,0,0,0,0,0,0,0,2,0,0
130148,0,0,1.579,0,0,0,0,0,0,0,0,0,0,0,0,2,0,0
130158,0,0,1.579,0,0,0,0,0,0,0,0,0,0,0,0,2,0,0
130168,0,0,1.579,0,0,0,0,0,0,0,0,0,0,0,0,2,0,0
130178,0,0,1.579,0,0,0,0,0,0,0,0,0,0,0,0,2,0,0
130188,0,0,1.579,0,0,0,0,0,0,0,0,0,0,0,0,2,0,0
130198,0,0,1.579,0,0,0,0,0,0,0,0,0,0,0,0,2,0,0
130208,0,0,1.579,0,0,0,0,0,0,0,0,0,0,0,0,2,0,0
130218,0,0,1.579,0,0,0,0,0,0,0,0,0,0,0,0,2,0,0
130228,0,0,1.579,0,0,0,0,0,0,0,0,0,0,0,0,2,0,0
130238,0,0,1.579,0,0,0,0,0,0,0,0,0,0,0,0,2,0,0
130248,0,0,1.579,0,0,0,0,0,0,0,0,0,0,0,0,2,0,0
130258,0,0,1.579,0,0,0,0,0,0,0,0,0,0,0,0,2,0,0
130268,0,0,1.579,0,0,0,0,0,0,0,0,0,0,0,0,2,0,0
130278,0,0,1.579,0,0,0,0,0,0,0,0,0,0,0,0,2,0,0
130288,0,0,1.579,0,0,0,0,0,0,0,0,0,0,0,0,2,0,0
130298,0,0,1.579,0,0,0,0,0,0,0,0,0,0,0,0,2,0,0
130308,0,0,1.579,0,0,0,0,0,0,0,0,0,0,0,0,2,0,0
130318,0,0,1.579,0,0,0,0,0,0,0,0,0,0,0,0,2,0,0
130328,0,0,1.579,0,0,0,0,0,0,0,0,0,0,0,0,2,0,0
130338,0,0,1.579,0,0,0,0,0,0,0,0,0,0,0,0,2,0,0
130348,0,0,1.579,0,0,0,0,0,0,0,0,0,0,0,0,2,0,0
130358,0,0,1.579,0,0,0,0,0,0,0,0,0,0,0,0,2,0,0
130368,0,0,1.579,0,0,0,0,0,0,0,0,0,0,0,0,2,0,0
130378,0,0,1.579,0,0,0,0,0,0,0,0,0,0,0,0,2,0,0
130388,0,0,1.579,0,0,0,0,0,0,0,0,0,0,0,0,2,0,0
130398,0,0,1.579,0,0,0,0,0,0,0,0,0,0,0,0,2,0,0
130408,0,0,1.579,0,0,0,0,0,0,0,0,0,0,0,0,2,0,0
130418,0,0,1.579,0,0,0,0,0,0,0,0,0,0,0,0,2,0,0
130428,0,0,1.579,0,0,0,0,0,0,0,0,0,0,0,0,2,0,0
130438,0,0,1.579,0,0,0,0,0,0,0,0,0,0,0,0,2,0,0
130448,0,0,1.579,0,0,0,0,0,0,0,0,0,0,0,0,2,0,0
130458,0,0,1.579,0,0,0,0,0,0,0,0,0,0,0,0,2,0,0
130468,0,0,1.579,0,0,0,0,0,0,0,0,0,0,0,0,2,0,0
130478,0,0,1.579,0,0,0,0,0,0,0,0,0,0,0,0,2,0,0
130488,0,0,1.579,0,0,0,0,0,0,0,0,0,0,0,0,2,0,0
130498,0,0,1.579,0,0,0,0,0,0,0,0,0,0,0,0,2,0,0
130508,0,0,1.579,0,0,0,0,0,0,0,0,0,0,0,0,2,0,0
130518,0,0,1.579,0,0,0,0,0,0,0,0,0,0,0,0,2,0,0
130528,0,0,1.579,0,0,0,0,0,0,0,0,0,0,0,0,2,0,0
130538,0,0,1.579,0,0,0,0,0,0,0,0,0,0,0,0,2,0,0
130548,0,0,1.579,0,0,0,0,0,0,0,0,0,0,0,0,2,0,0
130558,0,0,1.579,0,0,0,0,0,0,0,0,0,0,0,0,2,0,0
130568,0,0,1.579,0,0,0,0,0,0,0,0,0,0,0,0,2,0,0
130578,0,0,1.579,0,0,0,0,0,0,0,0,0,0,0,0,2,0,0
130588,0,0,1.579,0,0,0,0,0,0,0,0,0,0,0,0,2,0,0
130598,0,0,1.579,0,0,0,0,0,0,0,0,0,0,0,0,2,0,0
130608,0,0,1.579,0,0,0,0,0,0,0,0,0,0,0,0,2,0,0
130618,0,0,1.579,0,0,0,0,0,0,0,0,0,0,0,0,2,0,0
130628,0,0,1.579,0,0,0,0,0,0,0,0,0,0,0,0,2,0,0
130638,0,0,1.579,0,0,0,0,0,0,0,0,0,0,0,0,2,0,0
130648,0,0,1.579,0,0,0,0,0,0,0,0,0,0,0,0,2,0,0
130658,0,0,1.579,0,0,0,0,0,0,0,0,0,0,0,0,2,0,0
130668,0,0,1.579,0,0,0,0,0,0,0,0,0,0,0,0,2,0,0
130678,0,0,1.579,0,0,0,0,0,0,0,0,0,0,0,0,2,0,0
130688,0,0,1.579,0,0,0,0,0,0,0,0,0,0,0,0,2,0,0
130698,0,0,1.579,0,0,0,0,0,0,0,0,0,0,0,0,2,0,0
130708,0,0,1.579,0,0,0,0,0,0,0,0,0,0,0,0,2,0,0
130718,0,0,1.579,0,0,0,0,0,0,0,0,0,0,0,0,2,0,0
130728,0,0,1.579,0,0,0,0,0,0,0,0,0,0,0,0,2,0,0
130738,0,0,1.579,0,0,0,0,0,0,0,0,0,0,0,0,2,0,0
130748,0,0,1.579,0,0,0,0,0,0,0,0,0,0,0,0,2,0,0
130758,0,0,1.579,0,0,0,0,0,0,0,0,0,0,0,0,2,0,0
130768,0,0,1.579,0,0,0,0,0,0,0,0,0,0,0,0,2,0,0
130778,0,0,1.579,0,0,0,0,0,0,0,0,0,0,0,0,2,0,0
130788,0,0,1.579,0,0,0,0,0,0,0,0,0,0,0,0,2,0,0
130798,0,0,1.579,0,0,0,0,0,0,0,0,0,0,0,0,2,0,0
130808,0,0,1.579,0,0,0,0,0,0,0,0,0,0,0,0,2,0,0
130818,0,0,1.579,0,0,0,0,0,0,0,0,0,0,0,0,2,0,0
130828,0,0,1.579,0,0,0,0,0,0,0,0,0,0,0,0,2,0,0
130838,0,0,1.579,0,0,0,0,0,0,0,0,0,0,0,0,2,0,0
130848,0,0,1.579,0,0,0,0,0,0,0,0,0,0,0,0,2,0,0
130858,0,0,1.579,0,0,0,0,0,0,0,0,0,0,0,0,2,0,0
130868,0,0,1.579,0,0,0,0,0,0,0,0,0,0,0,0,2,0,0
130878,0,0,1.579,0,0,0,0,0,0,0,0,0,0,0,0,2,0,0
130888,0,0,1.579,0,0,0,0,0,0,0,0,0,0,0,0,2,0,0
130898,0,0,1.579,0,0,0,0,0,0,0,0,0,0,0,0,2,0,0
130908,0,0,1.579,0,0,0,0,0,0,0,0,0,0,0,0,2,0,0
130918,0,0,1.579,0,0,0,0,0,0,0,0,0,0,0,0,2,0,0
130928,0,0,1.579,0,0,0,0,0,0,0,0,0,0,0,0,2,0,0
130938,0,0,1.579,0,0,0,0,0,0,0,0,0,0,0,0,2,0,0
130948,0,0,1.579,0,0,0,0,0,0,0,0,0,0,0,0,2,0,0
130958,0,0,1.579,0,0,0,0,0,0,0,0,0,0,0,0,2,0,0
130968,0,0,1.579,0,0,0,0,0,0,0,0,0,0,0,0,2,0,0
130978,0,0,1.579,0,0,0,0,0,0,0,0,0,0,0,0,2,0,0
130988,0,0,1.579,0,0,0,0,0,0,0,0,0,0,0,0,2,0,0
130998,0,0,1.579,0,0,0,0,0,0,0,0,0,0,0,0,2,0,0
131008,0,0,1.579,0,0,0,0,0,0,0,0,0,0,0,0,2,0,0
131018,0,0,1.579,0,0,0,0,0,0,0,0,0,0,0,0,2,0,0
131028,0,0,1.579,0,0,0,0,0,0,0,0,0,0,0,0,2,0,0
131038,0,0,1.579,0,0,0,0,0,0,0,0,0,0,0,0,2,0,0
131048,0,0,1.579,0,0,0,0,0,0,0,0,0,0,0,0,2,0,0
131058,0,0,1.579,0,0,0,0,0,0,0,0,0,0,0,0,2,0,0
131068,0,0,1.579,0,0,0,0,0,0,0,0,0,0,0,0,2,0,0
131078,0,0,1.579,0,0,0,0,0,0,0,0,0,0,0,0,2,0,0
131088,0,0,1.579,0,0,0,0,0,0,0,0,0,0,0,0,2,0,0
131098,0,0,1.579,0,0,0,0,0,0,0,0,0,0,0,0,2,0,0
131108,0,0,1.579,0,0,0,0,0,0,0,0,0,0,0,0,2,0,0
131118,0,0,1.579,0,0,0,0,0,0,0,0,0,0,0,0,2,0,0
131128,0,0,1.579,0,0,0,0,0,0,0,0,0,0,0,0,2,0,0
131138,0,0,1.579,0,0,0,0,0,0,0,0,0,0,0,0,2,0,0
131148,0,0,1.579,0,0,0,0,0,0,0,0,0,0,0,0,2,0,0
131158,0,0,1.579,0,0,0,0,0,0,0,0,0,0,0,0,2,0,0
131168,0,0,1.579,0,0,0,0,0,0,0,0,0,0,0,0,2,0,0
131178,0,0,1.579,0,0,0,0,0,0,0,0,0,0,0,0,2,0,0
131188,0,0,1.579,0,0,0,0,0,0,0,0,0,0,0,0,2,0,0
131198,0,0,1.579,0,0,0,0,0,0,0,0,0,0,0,0,2,0,0
131208,0,0,1.579,0,0,0,0,0,0,0,0,0,0,0,0,2,0,0
131218,0,0,1.579,0,0,0,0,0,0,0,0,0,0,0,0,2,0,0
131228,0,0,1.579,0,0,0,0,0,0,0,0,0,0,0,0,2,0,0
131238,0,0,1.579,0,0,0,0,0,0,0,0,0,0,0,0,2,0,0
131248,0,0,1.579,0,0,0,0,0,0,0,0,0,0,0,0,2,0,0
131258,0,0,1.579,0,0,0,0,0,0,0,0,0,0,0,0,2,0,0
131268,0,0,1.579,0,0,0,0,0,0,0,0,0,0,0,0,2,0,0
131278,0,0,1.579,0,0,0,0,0,0,0,0,0,0,0,0,2,0,0
131288,0,0,1.579,0,0,0,0,0,0,0,0,0,0,0,0,2,0,0
131298,0,0,1.579,0,0,0,0,0,0,0,0,0,0,0,0,2,0,0
131308,0,0,1.579,0,0,0,0,0,0,0,0,0,0,0,0,2,0,0
131318,0,0,1.579,0,0,0,0,0,0,0,0,0,0,0,0,2,0,0
131328,0,0,1.579,0,0,0,0,0,0,0,0,0,0,0,0,2,0,0
131338,0,0,1.579,0,0,0,0,0,0,0,0,0,0,0,0,2,0,0
131348,0,0,1.579,0,0,0,0,0,0,0,0,0,0,0,0,2,0,0
131358,0,0,1.579,0,0,0,0,0,0,0,0,0,0,0,0,2,0,0
131368,0,0,1.579,0,0,0,0,0,0,0,0,0,0,0,0,2,0,0
131378,0,0,1.579,0,0,0,0,0,0,0,0,0,0,0,0,2,0,0
131388,0,0,1.579,0,0,0,0,0,0,0,0,0,0,0,0,2,0,0
131398,0,0,1.579,0,0,0,0,0,0,0,0,0,0,0,0,2,0,0
131408,0,0,1.579,0,0,0,0,0,0,0,0,0,0,0,0,2,0,0
131418,0,0,1.579,0,0,0,0,0,0,0,0,0,0,0,0,2,0,0
131428,0,0,1.579,0,0,0,0,0,0,0,0,0,0,0,0,2,0,0
131438,0,0,1.579,0,0,0,0,0,0,0,0,0,0,0,0,2,0,0
131448,0,0,1.579,0,0,0,0,0,0,0,0,0,0,0,0,2,0,0
131458,0,0,1.579,0,0,0,0,0,0,0,0,0,0,0,0,2,0,0
131468,0,0,1.579,0,0,0,0,0,0,0,0,0,0,0,0,2,0,0
131478,0,0,1.579,0,0,0,0,0,0,0,0,0,0,0,0,2,0,0
131488,0,0,1.579,0,0,0,0,0,0,0,0,0,0,0,0,2,0,0
131498,0,0,1.579,0,0,0,0,0,0,0,0,0,0,0,0,2,0,0
131508,0,0,1.579,0,0,0,0,0,0,0,0,0,0,0,0,2,0,0
131518,0,0,1.579,0,0,0,0,0,0,0,0,0,0,0,0,2,0,0
131528,0,0,1.579,0,0,0,0,0,0,0,0,0,0,0,0,2,0,0
131538,0,0,1.579,0,0,0,0,0,0,0,0,0,0,0,0,2,0,0
131548,0,0,1.579,0,0,0,0,0,0,0,0,0,0,0,0,2,0,0
131558,0,0,1.579,0,0,0,0,0,0,0,0,0,0,0,0,2,0,0
131568,0,0,1.579,0,0,0,0,0,0,0,0,0,0,0,0,2,0,0
131578,0,0,1.579,0,0,0,0,0,0,0,0,0,0,0,0,2,0,0
131588,0,0,1.579,0,0,0,0,0,0,0,0,0,0,0,0,2,0,0
131598,0,0,1.579,0,0,0,0,0,0,0,0,0,0,0,0,2,0,0
131608,0,0,1.579,0,0,0,0,0,0,0,0,0,0,0,0,2,0,0
131618,0,0,1.579,0,0,0,0,0,0,0,0,0,0,0,0,2,0,0
131628,0,0,1.579,0,0,0,0,0,0,0,0,0,0,0,0,2,0,0
131638,0,0,1.579,0,0,0,0,0,0,0,0,0,0,0,0,2,0,0
131648,0,0,1.579,0,0,0,0,0,0,0,0,0,0,0,0,2,0,0
131658,0,0,1.579,0,0,0,0,0,0,0,0,0,0,0,0,2,0,0
131668,0,0,1.579,0,0,0,0,0,0,0,0,0,0,0,0,2,0,0
131678,0,0,1.579,0,0,0,0,0,0,0,0,0,0,0,0,2,0,0
131688,0,0,1.579,0,0,0,0,0,0,0,0,0,0,0,0,2,0,0
131698,0,0,1.579,0,0,0,0,0,0,0,0,0,0,0,0,2,0,0
131708,0,0,1.579,0,0,0,0,0,0,0,0,0,0,0,0,2,0,0
131718,0,0,1.579,0,0,0,0,0,0,0,0,0,0,0,0,2,0,0
131728,0,0,1.579,0,0,0,0,0,0,0,0,0,0,0,0,2,0,0
131738,0,0,1.579,0,0,0,0,0,0,0,0,0,0,0,0,2,0,0
131748,0,0,1.579,0,0,0,0,0,0,0,0,0,0,0,0,2,0,0
131758,0,0,1.579,0,0,0,0,0,0,0,0,0,0,0,0,2,0,0
131768,0,0,1.579,0,0,0,0,0,0,0,0,0,0,0,0,2,0,0
131778,0,0,1.579,0,0,0,0,0,0,0,0,0,0,0,0,2,0,0
131788,0,0,1.579,0,0,0,0,0,0,0,0,0,0,0,0,2,0,0
131798,0,0,1.579,0,0,0,0,0,0,0,0,0,0,0,0,2,0,0
131808,0,0,1.579,0,0,0,0,0,0,0,0,0,0,0,0,2,0,0
131818,0,0,1.579,0,0,0,0,0,0,0,0,0,0,0,0,2,0,0
131828,0,0,1.579,0,0,0,0,0,0,0,0,0,0,0,0,2,0,0
131838,0,0,1.579,0,0,0,0,0,0,0,0,0,0,0,0,2,0,0
131848,0,0,1.579,0,0,0,0,0,0,0,0,0,0,0,0,2,0,0
131858,0,0,1.579,0,0,0,0,0,0,0,0,0,0,0,0,2,0,0
131868,0,0,1.579,0,0,0,0,0,0,0,0,0,0,0,0,2,0,0
131878,0,0,1.579,0,0,0,0,0,0,0,0,0,0,0,0,2,0,0
131888,0,0,1.579,0,0,0,0,0,0,0,0,0,0,0,0,2,0,0
131898,0,0,1.579,0,0,0,0,0,0,0,0,0,0,0,0,2,0,0
131908,0,0,1.579,0,0,0,0,0,0,0,0,0,0,0,0,2,0,0
131918,0,0,1.579,0,0,0,0,0,0,0,0,0,0,0,0,2,0,0
131928,0,0,1.579,0,0,0,0,0,0,0,0,0,0,0,0,2,0,0
131938,0,0,1.579,0,0,0,0,0,0,0,0,0,0,0,0,2,0,0
131948,0,0,1.579,0,0,0,0,0,0,0,0,0,0,0,0,2,0,0
131958,0,0,1.579,0,0,0,0,0,0,0,0,0,0,0,0,2,0,0
131968,0,0,1.579,0,0,0,0,0,0,0,0,0,0,0,0,2,0,0
131978,0,0,1.579,0,0,0,0,0,0,0,0,0,0,0,0,2,0,0
131988,0,0,1.579,0,0,0,0,0,0,0,0,0,0,0,0,2,0,0
131998,0,0,1.579,0,0,0,0,0,0,0,0,0,0,0,0,2,0,0
132008,0,0,1.579,0,0,0,0,0,0,0,0,0,0,0,0,2,0,0
132018,0,0,1.579,0,0,0,0,0,0,0,0,0,0,0,0,2,0,0
132028,0,0,1.579,0,0,0,0,0,0,0,0,0,0,0,0,2,0,0
132038,0,0,1.579,0,0,0,0,0,0,0,0,0,0,0,0,2,0,0
132048,0,0,1.579,0,0,0,0,0,0,0,0,0,0,0,0,2,0,0
132058,0,0,1.579,0,0,0,0,0,0,0,0,0,0,0,0,2,0,0
132068,0,0,1.579,0,0,0,0,0,0,0,0,0,0,0,0,2,0,0
132078,0,0,1.579,0,0,0,0,0,0,0,0,0,0,0,0,2,0,0
132088,0,0,1.579,0,0,0,0,0,0,0,0,0,0,0,0,2,0,0
132098,0,0,1.579,0,0,0,0,0,0,0,0,0,0,0,0,2,0,0
132108,0,0,1.579,0,0,0,0,0,0,0,0,0,0,0,0,2,0,0
132118,0,0,1.579,0,0,0,0,0,0,0,0,0,0,0,0,2,0,0
132128,0,0,1.579,0,0,0,0,0,0,0,0,0,0,0,0,2,0,0
132138,0,0,1.579,0,0,0,0,0,0,0,0,0,0,0,0,2,0,0
132148,0,0,1.579,0,0,0,0,0,0,0,0,0,0,0,0,2,0,0
132158,0,0,1.579,0,0,0,0,0,0,0,0,0,0,0,0,2,0,0
132168,0,0,1.579,0,0,0,0,0,0,0,0,0,0,0,0,2,0,0
132178,0,0,1.579,0,0,0,0,0,0,0,0,0,0,0,0,2,0,0
132188,0,0,1.579,0,0,0,0,0,0,0,0,0,0,0,0,2,0,0
132198,0,0,1.579,0,0,0,0,0,0,0,0,0,0,0,0,2,0,0
132208,0,0,1.579,0,0,0,0,0,0,0,0,0,0,0,0,2,0,0
132218,0,0,1.579,0,0,0,0,0,0,0,0,0,0,0,0,2,0,0
132228,0,0,1.579,0,0,0,0,0,0,0,0,0,0,0,0,2,0,0
132238,0,0,1.579,0,0,0,0,0,0,0,0,0,0,0,0,2,0,0
132248,0,0,1.579,0,0,0,0,0,0,0,0,0,0,0,0,2,0,0
132258,0,0,1.579,0,0,0,0,0,0,0,0,0,0,0,0,2,0,0
132268,0,0,1.579,0,0,0,0,0,0,0,0,0,0,0,0,2,0,0
132278,0,0,1.579,0,0,0,0,0,0,0,0,0,0,0,0,2,0,0
132288,0,0,1.579,0,0,0,0,0,0,0,0,0,0,0,0,2,0,0
132298,0,0,1.579,0,0,0,0,0,0,0,0,0,0,0,0,2,0,0
132308,0,0,1.579,0,0,0,0,0,0,0,0,0,0,0,0,2,0,0
132318,0,0,1.579,0,0,0,0,0,0,0,0,0,0,0,0,2,0,0
132328,0,0,1.579,0,0,0,0,0,0,0,0,0,0,0,0,2,0,0
132338,0,0,1.579,0,0,0,0,0,0,0,0,0,0,0,0,2,0,0
132348,0,0,1.579,0,0,0,0,0,0,0,0,0,0,0,0,2,0,0
132358,0,0,1.579,0,0,0,0,0,0,0,0,0,0,0,0,2,0,0
132368,0,0,1.579,0,0,0,0,0,0,0,0,0,0,0,0,2,0,0
132378,0,0,1.579,0,0,0,0,0,0,0,0,0,0,0,0,2,0,0
132388,0,0,1.579,0,0,0,0,0,0,0,0,0,0,0,0,2,0,0
132398,0,0,1.579,0,0,0,0,0,0,0,0,0,0,0,0,2,0,0
132408,0,0,1.579,0,0,0,0,0,0,0,0,0,0,0,0,2,0,0
132418,0,0,1.579,0,0,0,0,0,0,0,0,0,0,0,0,2,0,0
132428,0,0,1.579,0,0,0,0,0,0,0,0,0,0,0,0,2,0,0
132438,0,0,1.579,0,0,0,0,0,0,0,0,0,0,0,0,2,0,0
132448,0,0,1.579,0,0,0,0,0,0,0,0,0,0,0,0,2,0,0
132458,0,0,1.579,0,0,0,0,0,0,0,0,0,0,0,0,2,0,0
132468,0,0,1.579,0,0,0,0,0,0,0,0,0,0,0,0,2,0,0
132478,0,0,1.579,0,0,0,0,0,0,0,0,0,0,0,0,2,0,0
132488,0,0,1.579,0,0,0,0,0,0,0,0,0,0,0,0,2,0,0
132498,0,0,1.579,0,0,0,0,0,0,0,0,0,0,0,0,2,0,0
132508,0,0,1.579,0,0,0,0,0,0,0,0,0,0,0,0,2,0,0
132518,0,0,1.579,0,0,0,0,0,0,0,0,0,0,0,0,2,0,0
132528,0,0,1.579,0,0,0,0,0,0,0,0,0,0,0,0,2,0,0
132538,0,0,1.579,0,0,0,0,0,0,0,0,0,0,0,0,2,0,0
132548,0,0,1.579,0,0,0,0,0,0,0,0,0,0,0,0,2,0,0
132558,0,0,1.579,0,0,0,0,0,0,0,0,0,0,0,0,2,0,0
132568,0,0,1.579,0,0,0,0,0,0,0,0,0,0,0,0,2,0,0
132578,0,0,1.579,0,0,0,0,0,0,0,0,0,0,0,0,2,0,0
132588,0,0,1.579,0,0,0,0,0,0,0,0,0,0,0,0,2,0,0
132598,0,0,1.579,0,0,0,0,0,0,0,0,0,0,0,0,2,0,0
132608,0,0,1.579,0,0,0,0,0,0,0,0,0,0,0,0,2,0,0
132618,0,0,1.579,0,0,0,0,0,0,0,0,0,0,0,0,2,0,0
132628,0,0,1.579,0,0,0,0,0,0,0,0,0,0,0,0,2,0,0
132638,0,0,1.579,0,0,0,0,0,0,0,0,0,0,0,0,2,0,0
132648,0,0,1.579,0,0,0,0,0,0,0,0,0,0,0,0,2,0,0
132658,0,0,1.579,0,0,0,0,0,0,0,0,0,0,0,0,2,0,0
132668,0,0,1.579,0,0,0,0,0,0,0,0,0,0,0,0,2,0,0
132678,0,0,1.579,0,0,0,0,0,0,0,0,0,0,0,0,2,0,0
132688,0,0,1.579,0,0,0,0,0,0,0,0,0,0,0,0,2,0,0
132698,0,0,1.579,0,0,0,0,0,0,0,0,0,0,0,0,2,0,0
132708,0,0,1.579,0,0,0,0,0,0,0,0,0,0,0,0,2,0,0
132718,0,0,1.579,0,0,0,0,0,0,0,0,0,0,0,0,2,0,0
132728,0,0,1.579,0,0,0,0,0,0,0,0,0,0,0,0,2,0,0
132738,0,0,1.579,0,0,0,0,0,0,0,0,0,0,0,0,2,0,0
132748,0,0,1.579,0,0,0,0,0,0,0,0,0,0,0,0,2,0,0
132758,0,0,1.579,0,0,0,0,0,0,0,0,0,0,0,0,2,0,0
132768,0,0,1.579,0,0,0,0,0,0,0,0,0,0,0,0,2,0,0
132778,0,0,1.579,0,0,0,0,0,0,0,0,0,0,0,0,2,0,0
132788,0,0,1.579,0,0,0,0,0,0,0,0,0,0,0,0,2,0,0
132798,0,0,1.579,0,0,0,0,0,0,0,0,0,0,0,0,2,0,0
132808,0,0,1.579,0,0,0,0,0,0,0,0,0,0,0,0,2,0,0
132818,0,0,1.579,0,0,0,0,0,0,0,0,0,0,0,0,2,0,0
132828,0,0,1.579,0,0,0,0,0,0,0,0,0,0,0,0,2,0,0
132838,0,0,1.579,0,0,0,0,0,0,0,0,0,0,0,0,2,0,0
132848,0,0,1.579,0,0,0,0,0,0,0,0,0,0,0,0,2,0,0
132858,0,0,1.579,0,0,0,0,0,0,0,0,0,0,0,0,2,0,0
132868,0,0,1.579,0,0,0,0,0,0,0,0,0,0,0,0,2,0,0
132878,0,0,1.579,0,0,0,0,0,0,0,0,0,0,0,0,2,0,0
132888,0,0,1.579,0,0,0,0,0,0,0,0,0,0,0,0,2,0,0
132898,0,0,1.579,0,0,0,0,0,0,0,0,0,0,0,0,2,0,0
132908,0,0,1.579,0,0,0,0,0,0,0,0,0,0,0,0,2,0,0
132918,0,0,1.579,0,0,0,0,0,0,0,0,0,0,0,0,2,0,0
132928,0,0,1.579,0,0,0,0,0,0,0,0,0,0,0,0,2,0,0
132938,0,0,1.579,0,0,0,0,0,0,0,0,0,0,0,0,2,0,0
132948,0,0,1.579,0,0,0,0,0,0,0,0,0,0,0,0,2,0,0
132958,0,0,1.579,0,0,0,0,0,0,0,0,0,0,0,0,2,0,0
132968,0,0,1.579,0,0,0,0,0,0,0,0,0,0,0,0,2,0,0
132978,0,0,1.579,0,0,0,0,0,0,0,0,0,0,0,0,2,0,0
132988,0,0,1.579,0,0,0,0,0,0,0,0,0,0,0,0,2,0,0
132998,0,0,1.579,0,0,0,0,0,0,0,0,0,0,0,0,2,0,0
133008,0,0,1.579,0,0,0,0,0,0,0,0,0,0,0,0,2,0,0
133018,0,0,1.579,0,0,0,0,0,0,0,0,0,0,0,0,2,0,0
133028,0,0,1.579,0,0,0,0,0,0,0,0,0,0,0,0,2,0,0
133038,0,0,1.579,0,0,0,0,0,0,0,0,0,0,0,0,2,0,0
133048,0,0,1.579,0,0,0,0,0,0,0,0,0,0,0,0,2,0,0
133058,0,0,1.579,0,0,0,0,0,0,0,0,0,0,0,0,2,0,0
133068,0,0,1.579,0,0,0,0,0,0,0,0,0,0,0,0,2,0,0
133078,0,0,1.579,0,0,0,0,0,0,0,0,0,0,0,0,2,0,0
133088,0,0,1.579,0,0,0,0,0,0,0,0,0,0,0,0,2,0,0
133098,0,0,1.579,0,0,0,0,0,0,0,0,0,0,0,0,2,0,0
133108,0,0,1.579,0,0,0,0,0,0,0,0,0,0,0,0,2,0,0
133118,0,0,1.579,0,0,0,0,0,0,0,0,0,0,0,0,2,0,0
133128,0,0,1.579,0,0,0,0,0,0,0,0,0,0,0,0,2,0,0
133138,0,0,1.579,0,0,0,0,0,0,0,0,0,0,0,0,2,0,0
133148,0,0,1.579,0,0,0,0,0,0,0,0,0,0,0,0,2,0,0
133158,0,0,1.579,0,0,0,0,0,0,0,0,0,0,0,0,2,0,0
133168,0,0,1.579,0,0,0,0,0,0,0,0,0,0,0,0,2,0,0
133178,0,0,1.579,0,0,0,0,0,0,0,0,0,0,0,0,2,0,0
133188,0,0,1.579,0,0,0,0,0,0,0,0,0,0,0,0,2,0,0
133198,0,0,1.579,0,0,0,0,0,0,0,0,0,0,0,0,2,0,0
133208,0,0,1.579,0,0,0,0,0,0,0,0,0,0,0,0,2,0,0
133218,0,0,1.579,0,0,0,0,0,0,0,0,0,0,0,0,2,0,0
133228,0,0,1.579,0,0,0,0,0,0,0,0,0,0,0,0,2,0,0
133238,0,0,1.579,0,0,0,0,0,0,0,0,0,0,0,0,2,0,0
133248,0,0,1.579,0,0,0,0,0,0,0,0,0,0,0,0,2,0,0
133258,0,0,1.579,0,0,0,0,0,0,0,0,0,0,0,0,2,0,0
133268,0,0,1.579,0,0,0,0,0,0,0,0,0,0,0,0,2,0,0
133278,0,0,1.579,0,0,0,0,0,0,0,0,0,0,0,0,2,0,0
133288,0,0,1.579,0,0,0,0,0,0,0,0,0,0,0,0,2,0,0
133298,0,0,1.579,0,0,0,0,0,0,0,0,0,0,0,0,2,0,0
133308,0,0,1.579,0,0,0,0,0,0,0,0,0,0,0,0,2,0,0
133318,0,0,1.579,0,0,0,0,0,0,0,0,0,0,0,0,2,0,0
133328,0,0,1.579,0,0,0,0,0,0,0,0,0,0,0,0,2,0,0
133338,0,0,1.579,0,0,0,0,0,0,0,0,0,0,0,0,2,0,0
133348,0,0,1.579,0,0,0,0,0,0,0,0,0,0,0,0,2,0,0
133358,0,0,1.579,0,0,0,0,0,0,0,0,0,0,0,0,2,0,0
133368,0,0,1.579,0,0,0,0,0,0,0,0,0,0,0,0,2,0,0
133378,0,0,1.579,0,0,0,0,0,0,0,0,0,0,0,0,2,0,0
133388,0,0,1.579,0,0,0,0,0,0,0,0,0,0,0,0,2,0,0
133398,0,0,1.579,0,0,0,0,0,0,0,0,0,0,0,0,2,0,0
133408,0,0,1.579,0,0,0,0,0,0,0,0,0,0,0,0,2,0,0
133418,0,0,1.579,0,0,0,0,0,0,0,0,0,0,0,0,2,0,0
133428,0,0,1.579,0,0,0,0,0,0,0,0,0,0,0,0,2,0,0
133438,0,0,1.579,0,0,0,0,0,0,0,0,0,0,0,0,2,0,0
133448,0,0,1.579,0,0,0,0,0,0,0,0,0,0,0,0,2,0,0
133458,0,0,1.579,0,0,0,0,0,0,0,0,0,0,0,0,2,0,0
133468,0,0,1.579,0,0,0,0,0,0,0,0,0,0,0,0,2,0,0
133478,0,0,1.579,0,0,0,0,0,0,0,0,0,0,0,0,2,0,0
133488,0,0,1.579,0,0,0,0,0,0,0,0,0,0,0,0,2,0,0
133498,0,0,1.579,0,0,0,0,0,0,0,0,0,0,0,0,2,0,0
133508,0,0,1.579,0,0,0,0,0,0,0,0,0,0,0,0,2,0,0
133518,0,0,1.579,0,0,0,0,0,0,0,0,0,0,0,0,2,0,0
133528,0,0,1.579,0,0,0,0,0,0,0,0,0,0,0,0,2,0,0
133538,0,0,1.579,0,0,0,0,0,0,0,0,0,0,0,0,2,0,0
133548,0,0,1.579,0,0,0,0,0,0,0,0,0,0,0,0,2,0,0
133558,0,0,1.579,0,0,0,0,0,0,0,0,0,0,0,0,2,0,0
133568,0,0,1.579,0,0,0,0,0,0,0,0,0,0,0,0,2,0,0
133578,0,0,1.579,0,0,0,0,0,0,0,0,0,0,0,0,2,0,0
133588,0,0,1.579,0,0,0,0,0,0,0,0,0,0,0,0,2,0,0
133598,0,0,1.579,0,0,0,0,0,0,0,0,0,0,0,0,2,0,0
133608,0,0,1.579,0,0,0,0,0,0,0,0,0,0,0,0,2,0,0
133618,0,0,1.579,0,0,0,0,0,0,0,0,0,0,0,0,2,0,0
133628,0,0,1.579,0,0,0,0,0,0,0,0,0,0,0,0,2,0,0
133638,0,0,1.579,0,0,0,0,0,0,0,0,0,0,0,0,2,0,0
133648,0,0,1.579,0,0,0,0,0,0,0,0,0,0,0,0,2,0,0
133658,0,0,1.579,0,0,0,0,0,0,0,0,0,0,0,0,2,0,0
133668,0,0,1.579,0,0,0,0,0,0,0,0,0,0,0,0,2,0,0
133678,0,0,1.579,0,0,0,0,0,0,0,0,0,0,0,0,2,0,0
133688,0,0,1.579,0,0,0,0,0,0,0,0,0,0,0,0,2,0,0
133698,0,0,1.579,0,0,0,0,0,0,0,0,0,0,0,0,2,0,0
133708,0,0,1.579,0,0,0,0,0,0,0,0,0,0,0,0,2,0,0
133718,0,0,1.579,0,0,0,0,0,0,0,0,0,0,0,0,2,0,0
133728,0,0,1.579,0,0,0,0,0,0,0,0,0,0,0,0,2,0,0
133738,0,0,1.579,0,0,0,0,0,0,0,0,0,0,0,0,2,0,0
133748,0,0,1.579,0,0,0,0,0,0,0,0,0,0,0,0,2,0,0
133758,0,0,1.579,0,0,0,0,0,0,0,0,0,0,0,0,2,0,0
133768,0,0,1.579,0,0,0,0,0,0,0,0,0,0,0,0,2,0,0
133778,0,0,1.579,0,0,0,0,0,0,0,0,0,0,0,0,2,0,0
133788,0,0,1.579,0,0,0,0,0,0,0,0,0,0,0,0,2,0,0
133798,0,0,1.579,0,0,0,0,0,0,0,0,0,0,0,0,2,0,0
133808,0,0,1.579,0,0,0,0,0,0,0,0,0,0,0,0,2,0,0
133818,0,0,1.579,0,0,0,0,0,0,0,0,0,0,0,0,2,0,0
133828,0,0,1.579,0,0,0,0,0,0,0,0,0,0,0,0,2,0,0
133838,0,0,1.579,0,0,0,0,0,0,0,0,0,0,0,0,2,0,0
133848,0,0,1.579,0,0,0,0,0,0,0,0,0,0,0,0,2,0,0
133858,0,0,1.579,0,0,0,0,0,0,0,0,0,0,0,0,2,0,0
133868,0,0,1.579,0,0,0,0,0,0,0,0,0,0,0,0,2,0,0
133878,0,0,1.579,0,0,0,0,0,0,0,0,0,0,0,0,2,0,0
133888,0,0,1.579,0,0,0,0,0,0,0,0,0,0,0,0,2,0,0
133898,0,0,1.579,0,0,0,0,0,0,0,0,0,0,0,0,2,0,0
133908,0,0,1.579,0,0,0,0,0,0,0,0,0,0,0,0,2,0,0
133918,0,0,1.579,0,0,0,0,0,0,0,0,0,0,0,0,2,0,0
133928,0,0,1.579,0,0,0,0,0,0,0,0,0,0,0,0,2,0,0
133938,0,0,1.579,0,0,0,0,0,0,0,0,0,0,0,0,2,0,0
133948,0,0,1.579,0,0,0,0,0,0,0,0,0,0,0,0,2,0,0
133958,0,0,1.579,0,0,0,0,0,0,0,0,0,0,0,0,2,0,0
133968,0,0,1.579,0,0,0,0,0,0,0,0,0,0,0,0,2,0,0
133978,0,0,1.579,0,0,0,0,0,0,0,0,0,0,0,0,2,0,0
133988,0,0,1.579,0,0,0,0,0,0,0,0,0,0,0,0,2,0,0
133998,0,0,1.579,0,0,0,0,0,0,0,0,0,0,0,0,2,0,0
134008,0,0,1.579,0,0,0,0,0,0,0,0,0,0,0,0,2,0,0
134018,0,0,1.579,0,0,0,0,0,0,0,0,0,0,0,0,2,0,0
134028,0,0,1.579,0,0,0,0,0,0,0,0,0,0,0,0,2,0,0
134038,0,0,1.579,0,0,0,0,0,0,0,0,0,0,0,0,2,0,0
134048,0,0,1.579,0,0,0,0,0,0,0,0,0,0,0,0,2,0,0
134058,0,0,1.579,0,0,0,0,0,0,0,0,0,0,0,0,2,0,0
134068,0,0,1.579,0,0,0,0,0,0,0,0,0,0,0,0,2,0,0
134078,0,0,1.579,0,0,0,0,0,0,0,0,0,0,0,0,2,0,0
134088,0,0,1.579,0,0,0,0,0,0,0,0,0,0,0,0,2,0,0
134098,0,0,1.579,0,0,0,0,0,0,0,0,0,0,0,0,2,0,0
134108,0,0,1.579,0,0,0,0,0,0,0,0,0,0,0,0,2,0,0
134118,0,0,1.579,0,0,0,0,0,0,0,0,0,0,0,0,2,0,0
134128,0,0,1.579,0,0,0,0,0,0,0,0,0,0,0,0,2,0,0
134138,0,0,1.579,0,0,0,0,0,0,0,0,0,0,0,0,2,0,0
134148,0,0,1.579,0,0,0,0,0,0,0,0,0,0,0,0,2,0,0
134158,0,0,1.579,0,0,0,0,0,0,0,0,0,0,0,0,2,0,0
134168,0,0,1.579,0,0,0,0,0,0,0,0,0,0,0,0,2,0,0
134178,0,0,1.579,0,0,0,0,0,0,0,0,0,0,0,0,2,0,0
134188,0,0,1.579,0,0,0,0,0,0,0,0,0,0,0,0,2,0,0
134198,0,0,1.579,0,0,0,0,0,0,0,0,0,0,0,0,2,0,0
134208,0,0,1.579,0,0,0,0,0,0,0,0,0,0,0,0,2,0,0
134218,0,0,1.579,0,0,0,0,0,0,0,0,0,0,0,0,2,0,0
134228,0,0,1.579,0,0,0,0,0,0,0,0,0,0,0,0,2,0,0
134238,0,0,1.579,0,0,0,0,0,0,0,0,0,0,0,0,2,0,0
134248,0,0,1.579,0,0,0,0,0,0,0,0,0,0,0,0,2,0,0
134258,0,0,1.579,0,0,0,0,0,0,0,0,0,0,0,0,2,0,0
134268,0,0,1.579,0,0,0,0,0,0,0,0,0,0,0,0,2,0,0
134278,0,0,1.579,0,0,0,0,0,0,0,0,0,0,0,0,2,0,0
134288,0,0,1.579,0,0,0,0,0,0,0,0,0,0,0,0,2,0,0
134298,0,0,1.579,0,0,0,0,0,0,0,0,0,0,0,0,2,0,0
134308,0,0,1.579,0,0,0,0,0,0,0,0,0,0,0,0,2,0,0
134318,0,0,1.579,0,0,0,0,0,0,0,0,0,0,0,0,2,0,0
134328,0,0,1.579,0,0,0,0,0,0,0,0,0,0,0,0,2,0,0
134338,0,0,1.579,0,0,0,0,0,0,0,0,0,0,0,0,2,0,0
134348,0,0,1.579,0,0,0,0,0,0,0,0,0,0,0,0,2,0,0
134358,0,0,1.579,0,0,0,0,0,0,0,0,0,0,0,0,2,0,0
134368,0,0,1.579,0,0,0,0,0,0,0,0,0,0,0,0,2,0,0
134378,0,0,1.579,0,0,0,0,0,0,0,0,0,0,0,0,2,0,0
134388,0,0,1.579,0,0,0,0,0,0,0,0,0,0,0,0,2,0,0
134398,0,0,1.579,0,0,0,0,0,0,0,0,0,0,0,0,2,0,0
134408,0,0,1.579,0,0,0,0,0,0,0,0,0,0,0,0,2,0,0
134418,0,0,1.579,0,0,0,0,0,0,0,0,0,0,0,0,2,0,0
134428,0,0,1.579,0,0,0,0,0,0,0,0,0,0,0,0,2,0,0
134438,0,0,1.579,0,0,0,0,0,0,0,0,0,0,0,0,2,0,0
134448,0,0,1.579,0,0,0,0,0,0,0,0,0,0,0,0,2,0,0
134458,0,0,1.579,0,0,0,0,0,0,0,0,0,0,0,0,2,0,0
134468,0,0,1.579,0,0,0,0,0,0,0,0,0,0,0,0,2,0,0
134478,0,0,1.579,0,0,0,0,0,0,0,0,0,0,0,0,2,0,0
134488,0,0,1.579,0,0,0,0,0,0,0,0,0,0,0,0,2,0,0
134498,0,0,1.579,0,0,0,0,0,0,0,0,0,0,0,0,2,0,0
134508,0,0,1.579,0,0,0,0,0,0,0,0,0,0,0,0,2,0,0
134518,0,0,1.579,0,0,0,0,0,0,0,0,0,0,0,0,2,0,0
134528,0,0,1.579,0,0,0,0,0,0,0,0,0,0,0,0,2,0,0
134538,0,0,1.579,0,0,0,0,0,0,0,0,0,0,0,0,2,0,0
134548,0,0,1.579,0,0,0,0,0,0,0,0,0,0,0,0,2,0,0
134558,0,0,1.579,0,0,0,0,0,0,0,0,0,0,0,0,2,0,0
134568,0,0,1.579,0,0,0,0,0,0,0,0,0,0,0,0,2,0,0
134578,0,0,1.579,0,0,0,0,0,0,0,0,0,0,0,0,2,0,0
134588,0,0,1.579,0,0,0,0,0,0,0,0,0,0,0,0,2,0,0
134598,0,0,1.579,0,0,0,0,0,0,0,0,0,0,0,0,2,0,0
134608,0,0,1.579,0,0,0,0,0,0,0,0,0,0,0,0,2,0,0
134618,0,0,1.579,0,0,0,0,0,0,0,0,0,0,0,0,2,0,0
134628,0,0,1.579,0,0,0,0,0,0,0,0,0,0,0,0,2,0,0
134638,0,0,1.579,0,0,0,0,0,0,0,0,0,0,0,0,2,0,0
134648,0,0,1.579,0,0,0,0,0,0,0,0,0,0,0,0,2,0,0
134658,0,0,1.579,0,0,0,0,0,0,0,0,0,0,0,0,2,0,0
134668,0,0,1.579,0,0,0,0,0,0,0,0,0,0,0,0,2,0,0
134678,0,0,1.579,0,0,0,0,0,0,0,0,0,0,0,0,2,0,0
134688,0,0,1.579,0,0,0,0,0,0,0,0,0,0,0,0,2,0,0
134698,0,0,1.579,0,0,0,0,0,0,0,0,0,0,0,0,2,0,0
134708,0,0,1.579,0,0,0,0,0,0,0,0,0,0,0,0,2,0,0
134718,0,0,1.579,0,0,0,0,0,0,0,0,0,0,0,0,2,0,0
134728,0,0,1.579,0,0,0,0,0,0,0,0,0,0,0,0,2,0,0
134738,0,0,1.579,0,0,0,0,0,0,0,0,0,0,0,0,2,0,0
134748,0,0,1.579,0,0,0,0,0,0,0,0,0,0,0,0,2,0,0
134758,0,0,1.579,0,0,0,0,0,0,0,0,0,0,0,0,2,0,0
134768,0,0,1.579,0,0,0,0,0,0,0,0,0,0,0,0,2,0,0
134778,0,0,1.579,0,0,0,0,0,0,0,0,0,0,0,0,2,0,0
134788,0,0,1.579,0,0,0,0,0,0,0,0,0,0,0,0,2,0,0
134798,0,0,1.579,0,0,0,0,0,0,0,0,0,0,0,0,2,0,0
134808,0,0,1.579,0,0,0,0,0,0,0,0,0,0,0,0,2,0,0
134818,0,0,1.579,0,0,0,0,0,0,0,0,0,0,0,0,2,0,0
134828,0,0,1.579,0,0,0,0,0,0,0,0,0,0,0,0,2,0,0
134838,0,0,1.579,0,0,0,0,0,0,0,0,0,0,0,0,2,0,0
134848,0,0,1.579,0,0,0,0,0,0,0,0,0,0,0,0,2,0,0
134858,0,0,1.579,0,0,0,0,0,0,0,0,0,0,0,0,2,0,0
134868,0,0,1.579,0,0,0,0,0,0,0,0,0,0,0,0,2,0,0
134878,0,0,1.579,0,0,0,0,0,0,0,0,0,0,0,0,2,0,0
134888,0,0,1.579,0,0,0,0,0,0,0,0,0,0,0,0,2,0,0
134898,0,0,1.579,0,0,0,0,0,0,0,0,0,0,0,0,2,0,0
134908,0,0,1.579,0,0,0,0,0,0,0,0,0,0,0,0,2,0,0
134918,0,0,1.579,0,0,0,0,0,0,0,0,0,0,0,0,2,0,0
134928,0,0,1.579,0,0,0,0,0,0,0,0,0,0,0,0,2,0,0
134938,0,0,1.579,0,0,0,0,0,0,0,0,0,0,0,0,2,0,0
134948,0,0,1.579,0,0,0,0,0,0,0,0,0,0,0,0,2,0,0
134958,0,0,1.579,0,0,0,0,0,0,0,0,0,0,0,0,2,0,0
134968,0,0,1.579,0,0,0,0,0,0,0,0,0,0,0,0,2,0,0
134978,0,0,1.579,0,0,0,0,0,0,0,0,0,0,0,0,2,0,0
134988,0,0,1.579,0,0,0,0,0,0,0,0,0,0,0,0,2,0,0
134998,0,0,1.579,0,0,0,0,0,0,0,0,0,0,0,0,2,0,0
135008,0,0,1.579,0,0,0,0,0,0,0,0,0,0,0,0,2,0,0
135018,0,0,1.579,0,0,0,0,0,0,0,0,0,0,0,0,2,0,0
135028,0,0,1.579,0,0,0,0,0,0,0,0,0,0,0,0,2,0,0
135038,0,0,1.579,0,0,0,0,0,0,0,0,0,0,0,0,2,0,0
135048,0,0,1.579,0,0,0,0,0,0,0,0,0,0,0,0,2,0,0
135058,0,0,1.579,0,0,0,0,0,0,0,0,0,0,0,0,2,0,0
135068,0,0,1.579,0,0,0,0,0,0,0,0,0,0,0,0,2,0,0
135078,0,0,1.579,0,0,0,0,0,0,0,0,0,0,0,0,2,0,0
135088,0,0,1.579,0,0,0,0,0,0,0,0,0,0,0,0,2,0,0
135098,0,0,1.579,0,0,0,0,0,0,0,0,0,0,0,0,2,0,0
135108,0,0,1.579,0,0,0,0,0,0,0,0,0,0,0,0,2,0,0
135118,0,0,1.579,0,0,0,0,0,0,0,0,0,0,0,0,2,0,0
135128,0,0,1.579,0,0,0,0,0,0,0,0,0,0,0,0,2,0,0
135138,0,0,1.579,0,0,0,0,0,0,0,0,0,0,0,0,2,0,0
135148,0,0,1.579,0,0,0,0,0,0,0,0,0,0,0,0,2,0,0
135158,0,0,1.579,0,0,0,0,0,0,0,0,0,0,0,0,2,0,0
135168,0,0,1.579,0,0,0,0,0,0,0,0,0,0,0,0,2,0,0
135178,0,0,1.579,0,0,0,0,0,0,0,0,0,0,0,0,2,0,0
135188,0,0,1.579,0,0,0,0,0,0,0,0,0,0,0,0,2,0,0
135198,0,0,1.579,0,0,0,0,0,0,0,0,0,0,0,0,2,0,0
135208,0,0,1.579,0,0,0,0,0,0,0,0,0,0,0,0,2,0,0
135218,0,0,1.579,0,0,0,0,0,0,0,0,0,0,0,0,2,0,0
135228,0,0,1.579,0,0,0,0,0,0,0,0,0,0,0,0,2,0,0
135238,0,0,1.579,0,0,0,0,0,0,0,0,0,0,0,0,2,0,0
135248,0,0,1.579,0,0,0,0,0,0,0,0,0,0,0,0,2,0,0
135258,0,0,1.579,0,0,0,0,0,0,0,0,0,0,0,0,2,0,0
135268,0,0,1.579,0,0,0,0,0,0,0,0,0,0,0,0,2,0,0
135278,0,0,1.579,0,0,0,0,0,0,0,0,0,0,0,0,2,0,0
135288,0,0,1.579,0,0,0,0,0,0,0,0,0,0,0,0,2,0,0
135298,0,0,1.579,0,0,0,0,0,0,0,0,0,0,0,0,2,0,0
135308,0,0,1.579,0,0,0,0,0,0,0,0,0,0,0,0,2,0,0
135318,0,0,1.579,0,0,0,0,0,0,0,0,0,0,0,0,2,0,0
135328,0,0,1.579,0,0,0,0,0,0,0,0,0,0,0,0,2,0,0
135338,0,0,1.579,0,0,0,0,0,0,0,0,0,0,0,0,2,0,0
135348,0,0,1.579,0,0,0,0,0,0,0,0,0,0,0,0,2,0,0
135358,0,0,1.579,0,0,0,0,0,0,0,0,0,0,0,0,2,0,0
135368,0,0,1.579,0,0,0,0,0,0,0,0,0,0,0,0,2,0,0
135378,0,0,1.579,0,0,0,0,0,0,0,0,0,0,0,0,2,0,0
135388,0,0,1.579,0,0,0,0,0,0,0,0,0,0,0,0,2,0,0
135398,0,0,1.579,0,0,0,0,0,0,0,0,0,0,0,0,2,0,0
135408,0,0,1.579,0,0,0,0,0,0,0,0,0,0,0,0,2,0,0
135418,0,0,1.579,0,0,0,0,0,0,0,0,0,0,0,0,2,0,0
135428,0,0,1.579,0,0,0,0,0,0,0,0,0,0,0,0,2,0,0
135438,0,0,1.579,0,0,0,0,0,0,0,0,0,0,0,0,2,0,0
135448,0,0,1.579,0,0,0,0,0,0,0,0,0,0,0,0,2,0,0
135458,0,0,1.579,0,0,0,0,0,0,0,0,0,0,0,0,2,0,0
135468,0,0,1.579,0,0,0,0,0,0,0,0,0,0,0,0,2,0,0
135478,0,0,1.579,0,0,0,0,0,0,0,0,0,0,0,0,2,0,0
135488,0,0,1.579,0,0,0,0,0,0,0,0,0,0,0,0,2,0,0
135498,0,0,1.579,0,0,0,0,0,0,0,0,0,0,0,0,2,0,0
135508,0,0,1.579,0,0,0,0,0,0,0,0,0,0,0,0,2,0,0
135518,0,0,1.579,0,0,0,0,0,0,0,0,0,0,0,0,2,0,0
135528,0,0,1.579,0,0,0,0,0,0,0,0,0,0,0,0,2,0,0
135538,0,0,1.579,0,0,0,0,0,0,0,0,0,0,0,0,2,0,0
135548,0,0,1.579,0,0,0,0,0,0,0,0,0,0,0,0,2,0,0
135558,0,0,1.579,0,0,0,0,0,0,0,0,0,0,0,0,2,0,0
135568,0,0,1.579,0,0,0,0,0,0,0,0,0,0,0,0,2,0,0
135578,0,0,1.579,0,0,0,0,0,0,0,0,0,0,0,0,2,0,0
135588,0,0,1.579,0,0,0,0,0,0,0,0,0,0,0,0,2,0,0
135598,0,0,1.579,0,0,0,0,0,0,0,0,0,0,0,0,2,0,0
135608,0,0,1.579,0,0,0,0,0,0,0,0,0,0,0,0,2,0,0
135618,0,0,1.579,0,0,0,0,0,0,0,0,0,0,0,0,2,0,0
135628,0,0,1.579,0,0,0,0,0,0,0,0,0,0,0,0,2,0,0
135638,0,0,1.579,0,0,0,0,0,0,0,0,0,0,0,0,2,0,0
135648,0,0,1.579,0,0,0,0,0,0,0,0,0,0,0,0,2,0,0
135658,0,0,1.579,0,0,0,0,0,0,0,0,0,0,0,0,2,0,0
135668,0,0,1.579,0,0,0,0,0,0,0,0,0,0,0,0,2,0,0
135678,0,0,1.579,0,0,0,0,0,0,0,0,0,0,0,0,2,0,0
135688,0,0,1.579,0,0,0,0,0,0,0,0,0,0,0,0,2,0,0
135698,0,0,1.579,0,0,0,0,0,0,0,0,0,0,0,0,2,0,0
135708,0,0,1.579,0,0,0,0,0,0,0,0,0,0,0,0,2,0,0
135718,0,0,1.579,0,0,0,0,0,0,0,0,0,0,0,0,2,0,0
135728,0,0,1.579,0,0,0,0,0,0,0,0,0,0,0,0,2,0,0
135738,0,0,1.579,0,0,0,0,0,0,0,0,0,0,0,0,2,0,0
135748,0,0,1.579,0,0,0,0,0,0,0,0,0,0,0,0,2,0,0
135758,0,0,1.579,0,0,0,0,0,0,0,0,0,0,0,0,2,0,0
135768,0,0,1.579,0,0,0,0,0,0,0,0,0,0,0,0,2,0,0
135778,0,0,1.579,0,0,0,0,0,0,0,0,0,0,0,0,2,0,0
135788,0,0,1.579,0,0,0,0,0,0,0,0,0,0,0,0,2,0,0
135798,0,0,1.579,0,0,0,0,0,0,0,0,0,0,0,0,2,0,0
135808,0,0,1.579,0,0,0,0,0,0,0,0,0,0,0,0,2,0,0
135818,0,0,1.579,0,0,0,0,0,0,0,0,0,0,0,0,2,0,0
135828,0,0,1.579,0,0,0,0,0,0,0,0,0,0,0,0,2,0,0
135838,0,0,1.579,0,0,0,0,0,0,0,0,0,0,0,0,2,0,0
135848,0,0,1.579,0,0,0,0,0,0,0,0,0,0,0,0,2,0,0
135858,0,0,1.579,0,0,0,0,0,0,0,0,0,0,0,0,2,0,0
135868,0,0,1.579,0,0,0,0,0,0,0,0,0,0,0,0,2,0,0
135878,0,0,1.579,0,0,0,0,0,0,0,0,0,0,0,0,2,0,0
135888,0,0,1.579,0,0,0,0,0,0,0,0,0,0,0,0,2,0,0
135898,0,0,1.579,0,0,0,0,0,0,0,0,0,0,0,0,2,0,0
135908,0,0,1.579,0,0,0,0,0,0,0,0,0,0,0,0,2,0,0
135918,0,0,1.579,0,0,0,0,0,0,0,0,0,0,0,0,2,0,0
135928,0,0,1.579,0,0,0,0,0,0,0,0,0,0,0,0,2,0,0
135938,0,0,1.579,0,0,0,0,0,0,0,0,0,0,0,0,2,0,0
135948,0,0,1.579,0,0,0,0,0,0,0,0,0,0,0,0,2,0,0
135958,0,0,1.579,0,0,0,0,0,0,0,0,0,0,0,0,2,0,0
135968,0,0,1.579,0,0,0,0,0,0,0,0,0,0,0,0,2,0,0
135978,0,0,1.579,0,0,0,0,0,0,0,0,0,0,0,0,2,0,0
135988,0,0,1.579,0,0,0,0,0,0,0,0,0,0,0,0,2,0,0
135998,0,0,1.579,0,0,0,0,0,0,0,0,0,0,0,0,2,0,0
136008,0,0,1.579,0,0,0,0,0,0,0,0,0,0,0,0,2,0,0
136018,0,0,1.579,0,0,0,0,0,0,0,0,0,0,0,0,2,0,0
136028,0,0,1.579,0,0,0,0,0,0,0,0,0,0,0,0,2,0,0
136038,0,0,1.579,0,0,0,0,0,0,0,0,0,0,0,0,2,0,0
136048,0,0,1.579,0,0,0,0,0,0,0,0,0,0,0,0,2,0,0
136058,0,0,1.579,0,0,0,0,0,0,0,0,0,0,0,0,2,0,0
136068,0,0,1.579,0,0,0,0,0,0,0,0,0,0,0,0,2,0,0
136078,0,0,1.579,0,0,0,0,0,0,0,0,0,0,0,0,2,0,0
136088,0,0,1.579,0,0,0,0,0,0,0,0,0,0,0,0,2,0,0
136098,0,0,1.579,0,0,0,0,0,0,0,0,0,0,0,0,2,0,0
136108,0,0,1.579,0,0,0,0,0,0,0,0,0,0,0,0,2,0,0
136118,0,0,1.579,0,0,0,0,0,0,0,0,0,0,0,0,2,0,0
136128,0,0,1.579,0,0,0,0,0,0,0,0,0,0,0,0,2,0,0
136138,0,0,1.579,0,0,0,0,0,0,0,0,0,0,0,0,2,0,0
136148,0,0,1.579,0,0,0,0,0,0,0,0,0,0,0,0,2,0,0
136158,0,0,1.579,0,0,0,0,0,0,0,0,0,0,0,0,2,0,0
136168,0,0,1.579,0,0,0,0,0,0,0,0,0,0,0,0,2,0,0
136178,0,0,1.579,0,0,0,0,0,0,0,0,0,0,0,0,2,0,0
136188,0,0,1.579,0,0,0,0,0,0,0,0,0,0,0,0,2,0,0
136198,0,0,1.579,0,0,0,0,0,0,0,0,0,0,0,0,2,0,0
136208,0,0,1.579,0,0,0,0,0,0,0,0,0,0,0,0,2,0,0
136218,0,0,1.579,0,0,0,0,0,0,0,0,0,0,0,0,2,0,0
136228,0,0,1.579,0,0,0,0,0,0,0,0,0,0,0,0,2,0,0
136238,0,0,1.579,0,0,0,0,0,0,0,0,0,0,0,0,2,0,0
136248,0,0,1.579,0,0,0,0,0,0,0,0,0,0,0,0,2,0,0
136258,0,0,1.579,0,0,0,0,0,0,0,0,0,0,0,0,2,0,0
136268,0,0,1.579,0,0,0,0,0,0,0,0,0,0,0,0,2,0,0
136278,0,0,1.579,0,0,0,0,0,0,0,0,0,0,0,0,2,0,0
136288,0,0,1.579,0,0,0,0,0,0,0,0,0,0,0,0,2,0,0
136298,0,0,1.579,0,0,0,0,0,0,0,0,0,0,0,0,2,0,0
136308,0,0,1.579,0,0,0,0,0,0,0,0,0,0,0,0,2,0,0
136318,0,0,1.579,0,0,0,0,0,0,0,0,0,0,0,0,2,0,0
136328,0,0,1.579,0,0,0,0,0,0,0,0,0,0,0,0,2,0,0
136338,0,0,1.579,0,0,0,0,0,0,0,0,0,0,0,0,2,0,0
136348,0,0,1.579,0,0,0,0,0,0,0,0,0,0,0,0,2,0,0
136358,0,0,1.579,0,0,0,0,0,0,0,0,0,0,0,0,2,0,0
136368,0,0,1.579,0,0,0,0,0,0,0,0,0,0,0,0,2,0,0
136378,0,0,1.579,0,0,0,0,0,0,0,0,0,0,0,0,2,0,0
136388,0,0,1.579,0,0,0,0,0,0,0,0,0,0,0,0,2,0,0
136398,0,0,1.579,0,0,0,0,0,0,0,0,0,0,0,0,2,0,0
136408,0,0,1.579,0,0,0,0,0,0,0,0,0,0,0,0,2,0,0
136418,0,0,1.579,0,0,0,0,0,0,0,0,0,0,0,0,2,0,0
136428,0,0,1.579,0,0,0,0,0,0,0,0,0,0,0,0,2,0,0
136438,0,0,1.579,0,0,0,0,0,0,0,0,0,0,0,0,2,0,0
136448,0,0,1.579,0,0,0,0,0,0,0,0,0,0,0,0,2,0,0
136458,0,0,1.579,0,0,0,0,0,0,0,0,0,0,0,0,2,0,0
136468,0,0,1.579,0,0,0,0,0,0,0,0,0,0,0,0,2,0,0
136478,0,0,1.579,0,0,0,0,0,0,0,0,0,0,0,0,2,0,0
136488,0,0,1.579,0,0,0,0,0,0,0,0,0,0,0,0,2,0,0
136498,0,0,1.579,0,0,0,0,0,0,0,0,0,0,0,0,2,0,0
136508,0,0,1.579,0,0,0,0,0,0,0,0,0,0,0,0,2,0,0
136518,0,0,1.579,0,0,0,0,0,0,0,0,0,0,0,0,2,0,0
136528,0,0,1.579,0,0,0,0,0,0,0,0,0,0,0,0,2,0,0
136538,0,0,1.579,0,0,0,0,0,0,0,0,0,0,0,0,2,0,0
136548,0,0,1.579,0,0,0,0,0,0,0,0,0,0,0,0,2,0,0
136558,0,0,1.579,0,0,0,0,0,0,0,0,0,0,0,0,2,0,0
136568,0,0,1.579,0,0,0,0,0,0,0,0,0,0,0,0,2,0,0
136578,0,0,1.579,0,0,0,0,0,0,0,0,0,0,0,0,2,0,0
136588,0,0,1.579,0,0,0,0,0,0,0,0,0,0,0,0,2,0,0
136598,0,0,1.579,0,0,0,0,0,0,0,0,0,0,0,0,2,0,0
136608,0,0,1.579,0,0,0,0,0,0,0,0,0,0,0,0,2,0,0
136618,0,0,1.579,0,0,0,0,0,0,0,0,0,0,0,0,2,0,0
136628,0,0,1.579,0,0,0,0,0,0,0,0,0,0,0,0,2,0,0
136638,0,0,1.579,0,0,0,0,0,0,0,0,0,0,0,0,2,0,0
136648,0,0,1.579,0,0,0,0,0,0,0,0,0,0,0,0,2,0,0
136658,0,0,1.579,0,0,0,0,0,0,0,0,0,0,0,0,2,0,0
136668,0,0,1.579,0,0,0,0,0,0,0,0,0,0,0,0,2,0,0
136678,0,0,1.579,0,0,0,0,0,0,0,0,0,0,0,0,2,0,0
136688,0,0,1.579,0,0,0,0,0,0,0,0,0,0,0,0,2,0,0
136698,0,0,1.579,0,0,0,0,0,0,0,0,0,0,0,0,2,0,0
136708,0,0,1.579,0,0,0,0,0,0,0,0,0,0,0,0,2,0,0
136718,0,0,1.579,0,0,0,0,0,0,0,0,0,0,0,0,2,0,0
136728,0,0,1.579,0,0,0,0,0,0,0,0,0,0,0,0,2,0,0
136738,0,0,1.579,0,0,0,0,0,0,0,0,0,0,0,0,2,0,0
136748,0,0,1.579,0,0,0,0,0,0,0,0,0,0,0,0,2,0,0
136758,0,0,1.579,0,0,0,0,0,0,0,0,0,0,0,0,2,0,0
136768,0,0,1.579,0,0,0,0,0,0,0,0,0,0,0,0,2,0,0
136778,0,0,1.579,0,0,0,0,0,0,0,0,0,0,0,0,2,0,0
136788,0,0,1.579,0,0,0,0,0,0,0,0,0,0,0,0,2,0,0
136798,0,0,1.579,0,0,0,0,0,0,0,0,0,0,0,0,2,0,0
136808,0,0,1.579,0,0,0,0,0,0,0,0,0,0,0,0,2,0,0
136818,0,0,1.579,0,0,0,0,0,0,0,0,0,0,0,0,2,0,0
136828,0,0,1.579,0,0,0,0,0,0,0,0,0,0,0,0,2,0,0
136838,0,0,1.579,0,0,0,0,0,0,0,0,0,0,0,0,2,0,0
136848,0,0,1.579,0,0,0,0,0,0,0,0,0,0,0,0,2,0,0
136858,0,0,1.579,0,0,0,0,0,0,0,0,0,0,0,0,2,0,0
136868,0,0,1.579,0,0,0,0,0,0,0,0,0,0,0,0,2,0,0
136878,0,0,1.579,0,0,0,0,0,0,0,0,0,0,0,0,2,0,0
136888,0,0,1.579,0,0,0,0,0,0,0,0,0,0,0,0,2,0,0
136898,0,0,1.579,0,0,0,0,0,0,0,0,0,0,0,0,2,0,0
136908,0,0,1.579,0,0,0,0,0,0,0,0,0,0,0,0,2,0,0
136918,0,0,1.579,0,0,0,0,0,0,0,0,0,0,0,0,2,0,0
136928,0,0,1.579,0,0,0,0,0,0,0,0,0,0,0,0,2,0,0
136938,0,0,1.579,0,0,0,0,0,0,0,0,0,0,0,0,2,0,0
136948,0,0,1.579,0,0,0,0,0,0,0,0,0,0,0,0,2,0,0
136958,0,0,1.579,0,0,0,0,0,0,0,0,0,0,0,0,2,0,0
136968,0,0,1.579,0,0,0,0,0,0,0,0,0,0,0,0,2,0,0
136978,0,0,1.579,0,0,0,0,0,0,0,0,0,0,0,0,2,0,0
136988,0,0,1.579,0,0,0,0,0,0,0,0,0,0,0,0,2,0,0
136998,0,0,1.579,0,0,0,0,0,0,0,0,0,0,0,0,2,0,0
137008,0,0,1.579,0,0,0,0,0,0,0,0,0,0,0,0,2,0,0
137018,0,0,1.579,0,0,0,0,0,0,0,0,0,0,0,0,2,0,0
137028,0,0,1.579,0,0,0,0,0,0,0,0,0,0,0,0,2,0,0
137038,0,0,1.579,0,0,0,0,0,0,0,0,0,0,0,0,2,0,0
137048,0,0,1.579,0,0,0,0,0,0,0,0,0,0,0,0,2,0,0
137058,0,0,1.579,0,0,0,0,0,0,0,0,0,0,0,0,2,0,0
137068,0,0,1.579,0,0,0,0,0,0,0,0,0,0,0,0,2,0,0
137078,0,0,1.579,0,0,0,0,0,0,0,0,0,0,0,0,2,0,0
137088,0,0,1.579,0,0,0,0,0,0,0,0,0,0,0,0,2,0,0
137098,0,0,1.579,0,0,0,0,0,0,0,0,0,0,0,0,2,0,0
137108,0,0,1.579,0,0,0,0,0,0,0,0,0,0,0,0,2,0,0
137118,0,0,1.579,0,0,0,0,0,0,0,0,0,0,0,0,2,0,0
137128,0,0,1.579,0,0,0,0,0,0,0,0,0,0,0,0,2,0,0
137138,0,0,1.579,0,0,0,0,0,0,0,0,0,0,0,0,2,0,0
137148,0,0,1.579,0,0,0,0,0,0,0,0,0,0,0,0,2,0,0
137158,0,0,1.579,0,0,0,0,0,0,0,0,0,0,0,0,2,0,0
137168,0,0,1.579,0,0,0,0,0,0,0,0,0,0,0,0,2,0,0
137178,0,0,1.579,0,0,0,0,0,0,0,0,0,0,0,0,2,0,0
137188,0,0,1.579,0,0,0,0,0,0,0,0,0,0,0,0,2,0,0
137198,0,0,1.579,0,0,0,0,0,0,0,0,0,0,0,0,2,0,0
137208,0,0,1.579,0,0,0,0,0,0,0,0,0,0,0,0,2,0,0
137218,0,0,1.579,0,0,0,0,0,0,0,0,0,0,0,0,2,0,0
137228,0,0,1.579,0,0,0,0,0,0,0,0,0,0,0,0,2,0,0
137238,0,0,1.579,0,0,0,0,0,0,0,0,0,0,0,0,2,0,0
137248,0,0,1.579,0,0,0,0,0,0,0,0,0,0,0,0,2,0,0
137258,0,0,1.579,0,0,0,0,0,0,0,0,0,0,0,0,2,0,0
137268,0,0,1.579,0,0,0,0,0,0,0,0,0,0,0,0,2,0,0
137278,0,0,1.579,0,0,0,0,0,0,0,0,0,0,0,0,2,0,0
137288,0,0,1.579,0,0,0,0,0,0,0,0,0,0,0,0,2,0,0
137298,0,0,1.579,0,0,0,0,0,0,0,0,0,0,0,0,2,0,0
137308,0,0,1.579,0,0,0,0,0,0,0,0,0,0,0,0,2,0,0
137318,0,0,1.579,0,0,0,0,0,0,0,0,0,0,0,0,2,0,0
137328,0,0,1.579,0,0,0,0,0,0,0,0,0,0,0,0,2,0,0
137338,0,0,1.579,0,0,0,0,0,0,0,0,0,0,0,0,2,0,0
137348,0,0,1.579,0,0,0,0,0,0,0,0,0,0,0,0,2,0,0
137358,0,0,1.579,0,0,0,0,0,0,0,0,0,0,0,0,2,0,0
137368,0,0,1.579,0,0,0,0,0,0,0,0,0,0,0,0,2,0,0
137378,0,0,1.579,0,0,0,0,0,0,0,0,0,0,0,0,2,0,0
137388,0,0,1.579,0,0,0,0,0,0,0,0,0,0,0,0,2,0,0
137398,0,0,1.579,0,0,0,0,0,0,0,0,0,0,0,0,2,0,0
137408,0,0,1.579,0,0,0,0,0,0,0,0,0,0,0,0,2,0,0
137418,0,0,1.579,0,0,0,0,0,0,0,0,0,0,0,0,2,0,0
137428,0,0,1.579,0,0,0,0,0,0,0,0,0,0,0,0,2,0,0
137438,0,0,1.579,0,0,0,0,0,0,0,0,0,0,0,0,2,0,0
137448,0,0,1.579,0,0,0,0,0,0,0,0,0,0,0,0,2,0,0
137458,0,0,1.579,0,0,0,0,0,0,0,0,0,0,0,0,2,0,0
137468,0,0,1.579,0,0,0,0,0,0,0,0,0,0,0,0,2,0,0
137478,0,0,1.579,0,0,0,0,0,0,0,0,0,0,0,0,2,0,0
137488,0,0,1.579,0,0,0,0,0,0,0,0,0,0,0,0,2,0,0
137498,0,0,1.579,0,0,0,0,0,0,0,0,0,0,0,0,2,0,0
137508,0,0,1.579,0,0,0,0,0,0,0,0,0,0,0,0,2,0,0
137518,0,0,1.579,0,0,0,0,0,0,0,0,0,0,0,0,2,0,0
137528,0,0,1.579,0,0,0,0,0,0,0,0,0,0,0,0,2,0,0
137538,0,0,1.579,0,0,0,0,0,0,0,0,0,0,0,0,2,0,0
137548,0,0,1.579,0,0,0,0,0,0,0,0,0,0,0,0,2,0,0
137558,0,0,1.579,0,0,0,0,0,0,0,0,0,0,0,0,2,0,0
137568,0,0,1.579,0,0,0,0,0,0,0,0,0,0,0,0,2,0,0
137578,0,0,1.579,0,0,0,0,0,0,0,0,0,0,0,0,2,0,0
137588,0,0,1.579,0,0,0,0,0,0,0,0,0,0,0,0,2,0,0
137598,0,0,1.579,0,0,0,0,0,0,0,0,0,0,0,0,2,0,0
137608,0,0,1.579,0,0,0,0,0,0,0,0,0,0,0,0,2,0,0
137618,0,0,1.579,0,0,0,0,0,0,0,0,0,0,0,0,2,0,0
137628,0,0,1.579,0,0,0,0,0,0,0,0,0,0,0,0,2,0,0
137638,0,0,1.579,0,0,0,0,0,0,0,0,0,0,0,0,2,0,0
137648,0,0,1.579,0,0,0,0,0,0,0,0,0,0,0,0,2,0,0
137658,0,0,1.579,0,0,0,0,0,0,0,0,0,0,0,0,2,0,0
137668,0,0,1.579,0,0,0,0,0,0,0,0,0,0,0,0,2,0,0
137678,0,0,1.579,0,0,0,0,0,0,0,0,0,0,0,0,2,0,0
137688,0,0,1.579,0,0,0,0,0,0,0,0,0,0,0,0,2,0,0
137698,0,0,1.579,0,0,0,0,0,0,0,0,0,0,0,0,2,0,0
137708,0,0,1.579,0,0,0,0,0,0,0,0,0,0,0,0,2,0,0
137718,0,0,1.579,0,0,0,0,0,0,0,0,0,0,0,0,2,0,0
137728,0,0,1.579,0,0,0,0,0,0,0,0,0,0,0,0,2,0,0
137738,0,0,1.579,0,0,0,0,0,0,0,0,0,0,0,0,2,0,0
137748,0,0,1.579,0,0,0,0,0,0,0,0,0,0,0,0,2,0,0
137758,0,0,1.579,0,0,0,0,0,0,0,0,0,0,0,0,2,0,0
137768,0,0,1.579,0,0,0,0,0,0,0,0,0,0,0,0,2,0,0
137778,0,0,1.579,0,0,0,0,0,0,0,0,0,0,0,0,2,0,0
137788,0,0,1.579,0,0,0,0,0,0,0,0,0,0,0,0,2,0,0
137798,0,0,1.579,0,0,0,0,0,0,0,0,0,0,0,0,2,0,0
137808,0,0,1.579,0,0,0,0,0,0,0,0,0,0,0,0,2,0,0
137818,0,0,1.579,0,0,0,0,0,0,0,0,0,0,0,0,2,0,0
137828,0,0,1.579,0,0,0,0,0,0,0,0,0,0,0,0,2,0,0
137838,0,0,1.579,0,0,0,0,0,0,0,0,0,0,0,0,2,0,0
137848,0,0,1.579,0,0,0,0,0,0,0,0,0,0,0,0,2,0,0
137858,0,0,1.579,0,0,0,0,0,0,0,0,0,0,0,0,2,0,0
137868,0,0,1.579,0,0,0,0,0,0,0,0,0,0,0,0,2,0,0
137878,0,0,1.579,0,0,0,0,0,0,0,0,0,0,0,0,2,0,0
137888,0,0,1.579,0,0,0,0,0,0,0,0,0,0,0,0,2,0,0
137898,0,0,1.579,0,0,0,0,0,0,0,0,0,0,0,0,2,0,0
137908,0,0,1.579,0,0,0,0,0,0,0,0,0,0,0,0,2,0,0
137918,0,0,1.579,0,0,0,0,0,0,0,0,0,0,0,0,2,0,0
137928,0,0,1.579,0,0,0,0,0,0,0,0,0,0,0,0,2,0,0
137938,0,0,1.579,0,0,0,0,0,0,0,0,0,0,0,0,2,0,0
137948,0,0,1.579,0,0,0,0,0,0,0,0,0,0,0,0,2,0,0
137958,0,0,1.579,0,0,0,0,0,0,0,0,0,0,0,0,2,0,0
137968,0,0,1.579,0,0,0,0,0,0,0,0,0,0,0,0,2,0,0
137978,0,0,1.579,0,0,0,0,0,0,0,0,0,0,0,0,2,0,0
137988,0,0,1.579,0,0,0,0,0,0,0,0,0,0,0,0,2,0,0
137998,0,0,1.579,0,0,0,0,0,0,0,0,0,0,0,0,2,0,0
138008,0,0,1.579,0,0,0,0,0,0,0,0,0,0,0,0,2,0,0
138018,0,0,1.579,0,0,0,0,0,0,0,0,0,0,0,0,2,0,0
138028,0,0,1.579,0,0,0,0,0,0,0,0,0,0,0,0,2,0,0
138038,0,0,1.579,0,0,0,0,0,0,0,0,0,0,0,0,2,0,0
138048,0,0,1.579,0,0,0,0,0,0,0,0,0,0,0,0,2,0,0
138058,0,0,1.579,0,0,0,0,0,0,0,0,0,0,0,0,2,0,0
138068,0,0,1.579,0,0,0,0,0,0,0,0,0,0,0,0,2,0,0
138078,0,0,1.579,0,0,0,0,0,0,0,0,0,0,0,0,2,0,0
138088,0,0,1.579,0,0,0,0,0,0,0,0,0,0,0,0,2,0,0
138098,0,0,1.579,0,0,0,0,0,0,0,0,0,0,0,0,2,0,0
138108,0,0,1.579,0,0,0,0,0,0,0,0,0,0,0,0,2,0,0
138118,0,0,1.579,0,0,0,0,0,0,0,0,0,0,0,0,2,0,0
138128,0,0,1.579,0,0,0,0,0,0,0,0,0,0,0,0,2,0,0
138138,0,0,1.579,0,0,0,0,0,0,0,0,0,0,0,0,2,0,0
138148,0,0,1.579,0,0,0,0,0,0,0,0,0,0,0,0,2,0,0
138158,0,0,1.579,0,0,0,0,0,0,0,0,0,0,0,0,2,0,0
138168,0,0,1.579,0,0,0,0,0,0,0,0,0,0,0,0,2,0,0
138178,0,0,1.579,0,0,0,0,0,0,0,0,0,0,0,0,2,0,0
138188,0,0,1.579,0,0,0,0,0,0,0,0,0,0,0,0,2,0,0
138198,0,0,1.579,0,0,0,0,0,0,0,0,0,0,0,0,2,0,0
138208,0,0,1.579,0,0,0,0,0,0,0,0,0,0,0,0,2,0,0
138218,0,0,1.579,0,0,0,0,0,0,0,0,0,0,0,0,2,0,0
138228,0,0,1.579,0,0,0,0,0,0,0,0,0,0,0,0,2,0,0
138238,0,0,1.579,0,0,0,0,0,0,0,0,0,0,0,0,2,0,0
138248,0,0,1.579,0,0,0,0,0,0,0,0,0,0,0,0,2,0,0
138258,0,0,1.579,0,0,0,0,0,0,0,0,0,0,0,0,2,0,0
138268,0,0,1.579,0,0,0,0,0,0,0,0,0,0,0,0,2,0,0
138278,0,0,1.579,0,0,0,0,0,0,0,0,0,0,0,0,2,0,0
138288,0,0,1.579,0,0,0,0,0,0,0,0,0,0,0,0,2,0,0
138298,0,0,1.579,0,0,0,0,0,0,0,0,0,0,0,0,2,0,0
138308,0,0,1.579,0,0,0,0,0,0,0,0,0,0,0,0,2,0,0
138318,0,0,1.579,0,0,0,0,0,0,0,0,0,0,0,0,2,0,0
138328,0,0,1.579,0,0,0,0,0,0,0,0,0,0,0,0,2,0,0
138338,0,0,1.579,0,0,0,0,0,0,0,0,0,0,0,0,2,0,0
138348,0,0,1.579,0,0,0,0,0,0,0,0,0,0,0,0,2,0,0
138358,0,0,1.579,0,0,0,0,0,0,0,0,0,0,0,0,2,0,0
138368,0,0,1.579,0,0,0,0,0,0,0,0,0,0,0,0,2,0,0
138378,0,0,1.579,0,0,0,0,0,0,0,0,0,0,0,0,2,0,0
138388,0,0,1.579,0,0,0,0,0,0,0,0,0,0,0,0,2,0,0
138398,0,0,1.579,0,0,0,0,0,0,0,0,0,0,0,0,2,0,0
138408,0,0,1.579,0,0,0,0,0,0,0,0,0,0,0,0,2,0,0
138418,0,0,1.579,0,0,0,0,0,0,0,0,0,0,0,0,2,0,0
138428,0,0,1.579,0,0,0,0,0,0,0,0,0,0,0,0,2,0,0
138438,0,0,1.579,0,0,0,0,0,0,0,0,0,0,0,0,2,0,0
138448,0,0,1.579,0,0,0,0,0,0,0,0,0,0,0,0,2,0,0
138458,0,0,1.579,0,0,0,0,0,0,0,0,0,0,0,0,2,0,0
138468,0,0,1.579,0,0,0,0,0,0,0,0,0,0,0,0,2,0,0
138478,0,0,1.579,0,0,0,0,0,0,0,0,0,0,0,0,2,0,0
138488,0,0,1.579,0,0,0,0,0,0,0,0,0,0,0,0,2,0,0
138498,0,0,1.579,0,0,0,0,0,0,0,0,0,0,0,0,2,0,0
138508,0,0,1.579,0,0,0,0,0,0,0,0,0,0,0,0,2,0,0
138518,0,0,1.579,0,0,0,0,0,0,0,0,0,0,0,0,2,0,0
138528,0,0,1.579,0,0,0,0,0,0,0,0,0,0,0,0,2,0,0
138538,0,0,1.579,0,0,0,0,0,0,0,0,0,0,0,0,2,0,0
138548,0,0,1.579,0,0,0,0,0,0,0,0,0,0,0,0,2,0,0
138558,0,0,1.579,0,0,0,0,0,0,0,0,0,0,0,0,2,0,0
138568,0,0,1.579,0,0,0,0,0,0,0,0,0,0,0,0,2,0,0
138578,0,0,1.579,0,0,0,0,0,0,0,0,0,0,0,0,2,0,0
138588,0,0,1.579,0,0,0,0,0,0,0,0,0,0,0,0,2,0,0
138598,0,0,1.579,0,0,0,0,0,0,0,0,0,0,0,0,2,0,0
138608,0,0,1.579,0,0,0,0,0,0,0,0,0,0,0,0,2,0,0
138618,0,0,1.579,0,0,0,0,0,0,0,0,0,0,0,0,2,0,0
138628,0,0,1.579,0,0,0,0,0,0,0,0,0,0,0,0,2,0,0
138638,0,0,1.579,0,0,0,0,0,0,0,0,0,0,0,0,2,0,0
138648,0,0,1.579,0,0,0,0,0,0,0,0,0,0,0,0,2,0,0
138658,0,0,1.579,0,0,0,0,0,0,0,0,0,0,0,0,2,0,0
138668,0,0,1.579,0,0,0,0,0,0,0,0,0,0,0,0,2,0,0
138678,0,0,1.579,0,0,0,0,0,0,0,0,0,0,0,0,2,0,0
138688,0,0,1.579,0,0,0,0,0,0,0,0,0,0,0,0,2,0,0
138698,0,0,1.579,0,0,0,0,0,0,0,0,0,0,0,0,2,0,0
138708,0,0,1.579,0,0,0,0,0,0,0,0,0,0,0,0,2,0,0
138718,0,0,1.579,0,0,0,0,0,0,0,0,0,0,0,0,2,0,0
138728,0,0,1.579,0,0,0,0,0,0,0,0,0,0,0,0,2,0,0
138738,0,0,1.579,0,0,0,0,0,0,0,0,0,0,0,0,2,0,0
138748,0,0,1.579,0,0,0,0,0,0,0,0,0,0,0,0,2,0,0
138758,0,0,1.579,0,0,0,0,0,0,0,0,0,0,0,0,2,0,0
138768,0,0,1.579,0,0,0,0,0,0,0,0,0,0,0,0,2,0,0
138778,0,0,1.579,0,0,0,0,0,0,0,0,0,0,0,0,2,0,0
138788,0,0,1.579,0,0,0,0,0,0,0,0,0,0,0,0,2,0,0
138798,0,0,1.579,0,0,0,0,0,0,0,0,0,0,0,0,2,0,0
138808,0,0,1.579,0,0,0,0,0,0,0,0,0,0,0,0,2,0,0
138818,0,0,1.579,0,0,0,0,0,0,0,0,0,0,0,0,2,0,0
138828,0,0,1.579,0,0,0,0,0,0,0,0,0,0,0,0,2,0,0
138838,0,0,1.579,0,0,0,0,0,0,0,0,0,0,0,0,2,0,0
138848,0,0,1.579,0,0,0,0,0,0,0,0,0,0,0,0,2,0,0
138858,0,0,1.579,0,0,0,0,0,0,0,0,0,0,0,0,2,0,0
138868,0,0,1.579,0,0,0,0,0,0,0,0,0,0,0,0,2,0,0
138878,0,0,1.579,0,0,0,0,0,0,0,0,0,0,0,0,2,0,0
138888,0,0,1.579,0,0,0,0,0,0,0,0,0,0,0,0,2,0,0
138898,0,0,1.579,0,0,0,0,0,0,0,0,0,0,0,0,2,0,0
138908,0,0,1.579,0,0,0,0,0,0,0,0,0,0,0,0,2,0,0
138918,0,0,1.579,0,0,0,0,0,0,0,0,0,0,0,0,2,0,0
138928,0,0,1.579,0,0,0,0,0,0,0,0,0,0,0,0,2,0,0
138938,0,0,1.579,0,0,0,0,0,0,0,0,0,0,0,0,2,0,0
138948,0,0,1.579,0,0,0,0,0,0,0,0,0,0,0,0,2,0,0
138958,0,0,1.579,0,0,0,0,0,0,0,0,0,0,0,0,2,0,0
138968,0,0,1.579,0,0,0,0,0,0,0,0,0,0,0,0,2,0,0
138978,0,0,1.579,0,0,0,0,0,0,0,0,0,0,0,0,2,0,0
138988,0,0,1.579,0,0,0,0,0,0,0,0,0,0,0,0,2,0,0
138998,0,0,1.579,0,0,0,0,0,0,0,0,0,0,0,0,2,0,0
139008,0,0,1.579,0,0,0,0,0,0,0,0,0,0,0,0,2,0,0
139018,0,0,1.579,0,0,0,0,0,0,0,0,0,0,0,0,2,0,0
139028,0,0,1.579,0,0,0,0,0,0,0,0,0,0,0,0,2,0,0
139038,0,0,1.579,0,0,0,0,0,0,0,0,0,0,0,0,2,0,0
139048,0,0,1.579,0,0,0,0,0,0,0,0,0,0,0,0,2,0,0
139058,0,0,1.579,0,0,0,0,0,0,0,0,0,0,0,0,2,0,0
139068,0,0,1.579,0,0,0,0,0,0,0,0,0,0,0,0,2,0,0
139078,0,0,1.579,0,0,0,0,0,0,0,0,0,0,0,0,2,0,0
139088,0,0,1.579,0,0,0,0,0,0,0,0,0,0,0,0,2,0,0
139098,0,0,1.579,0,0,0,0,0,0,0,0,0,0,0,0,2,0,0
139108,0,0,1.579,0,0,0,0,0,0,0,0,0,0,0,0,2,0,0
139118,0,0,1.579,0,0,0,0,0,0,0,0,0,0,0,0,2,0,0
139128,0,0,1.579,0,0,0,0,0,0,0,0,0,0,0,0,2,0,0
139138,0,0,1.579,0,0,0,0,0,0,0,0,0,0,0,0,2,0,0
139148,0,0,1.579,0,0,0,0,0,0,0,0,0,0,0,0,2,0,0
139158,0,0,1.579,0,0,0,0,0,0,0,0,0,0,0,0,2,0,0
139168,0,0,1.579,0,0,0,0,0,0,0,0,0,0,0,0,2,0,0
139178,0,0,1.579,0,0,0,0,0,0,0,0,0,0,0,0,2,0,0
139188,0,0,1.579,0,0,0,0,0,0,0,0,0,0,0,0,2,0,0
139198,0,0,1.579,0,0,0,0,0,0,0,0,0,0,0,0,2,0,0
139208,0,0,1.579,0,0,0,0,0,0,0,0,0,0,0,0,2,0,0
139218,0,0,1.579,0,0,0,0,0,0,0,0,0,0,0,0,2,0,0
139228,0,0,1.579,0,0,0,0,0,0,0,0,0,0,0,0,2,0,0
139238,0,0,1.579,0,0,0,0,0,0,0,0,0,0,0,0,2,0,0
139248,0,0,1.579,0,0,0,0,0,0,0,0,0,0,0,0,2,0,0
139258,0,0,1.579,0,0,0,0,0,0,0,0,0,0,0,0,2,0,0
139268,0,0,1.579,0,0,0,0,0,0,0,0,0,0,0,0,2,0,0
139278,0,0,1.579,0,0,0,0,0,0,0,0,0,0,0,0,2,0,0
139288,0,0,1.579,0,0,0,0,0,0,0,0,0,0,0,0,2,0,0
139298,0,0,1.579,0,0,0,0,0,0,0,0,0,0,0,0,2,0,0
139308,0,0,1.579,0,0,0,0,0,0,0,0,0,0,0,0,2,0,0
139318,0,0,1.579,0,0,0,0,0,0,0,0,0,0,0,0,2,0,0
139328,0,0,1.579,0,0,0,0,0,0,0,0,0,0,0,0,2,0,0
139338,0,0,1.579,0,0,0,0,0,0,0,0,0,0,0,0,2,0,0
139348,0,0,1.579,0,0,0,0,0,0,0,0,0,0,0,0,2,0,0
139358,0,0,1.579,0,0,0,0,0,0,0,0,0,0,0,0,2,0,0
139368,0,0,1.579,0,0,0,0,0,0,0,0,0,0,0,0,2,0,0
139378,0,0,1.579,0,0,0,0,0,0,0,0,0,0,0,0,2,0,0
139388,0,0,1.579,0,0,0,0,0,0,0,0,0,0,0,0,2,0,0
139398,0,0,1.579,0,0,0,0,0,0,0,0,0,0,0,0,2,0,0
139408,0,0,1.579,0,0,0,0,0,0,0,0,0,0,0,0,2,0,0
139418,0,0,1.579,0,0,0,0,0,0,0,0,0,0,0,0,2,0,0
139428,0,0,1.579,0,0,0,0,0,0,0,0,0,0,0,0,2,0,0
139438,0,0,1.579,0,0,0,0,0,0,0,0,0,0,0,0,2,0,0
139448,0,0,1.579,0,0,0,0,0,0,0,0,0,0,0,0,2,0,0
139458,0,0,1.579,0,0,0,0,0,0,0,0,0,0,0,0,2,0,0
139468,0,0,1.579,0,0,0,0,0,0,0,0,0,0,0,0,2,0,0
139478,0,0,1.579,0,0,0,0,0,0,0,0,0,0,0,0,2,0,0
139488,0,0,1.579,0,0,0,0,0,0,0,0,0,0,0,0,2,0,0
139498,0,0,1.579,0,0,0,0,0,0,0,0,0,0,0,0,2,0,0
139508,0,0,1.579,0,0,0,0,0,0,0,0,0,0,0,0,2,0,0
139518,0,0,1.579,0,0,0,0,0,0,0,0,0,0,0,0,2,0,0
139528,0,0,1.579,0,0,0,0,0,0,0,0,0,0,0,0,2,0,0
139538,0,0,1.579,0,0,0,0,0,0,0,0,0,0,0,0,2,0,0
139548,0,0,1.579,0,0,0,0,0,0,0,0,0,0,0,0,2,0,0
139558,0,0,1.579,0,0,0,0,0,0,0,0,0,0,0,0,2,0,0
139568,0,0,1.579,0,0,0,0,0,0,0,0,0,0,0,0,2,0,0
139578,0,0,1.579,0,0,0,0,0,0,0,0,0,0,0,0,2,0,0
139588,0,0,1.579,0,0,0,0,0,0,0,0,0,0,0,0,2,0,0
139598,0,0,1.579,0,0,0,0,0,0,0,0,0,0,0,0,2,0,0
139608,0,0,1.579,0,0,0,0,0,0,0,0,0,0,0,0,2,0,0
139618,0,0,1.579,0,0,0,0,0,0,0,0,0,0,0,0,2,0,0
139628,0,0,1.579,0,0,0,0,0,0,0,0,0,0,0,0,2,0,0
139638,0,0,1.579,0,0,0,0,0,0,0,0,0,0,0,0,2,0,0
139648,0,0,1.579,0,0,0,0,0,0,0,0,0,0,0,0,2,0,0
139658,0,0,1.579,0,0,0,0,0,0,0,0,0,0,0,0,2,0,0
139668,0,0,1.579,0,0,0,0,0,0,0,0,0,0,0,0,2,0,0
139678,0,0,1.579,0,0,0,0,0,0,0,0,0,0,0,0,2,0,0
139688,0,0,1.579,0,0,0,0,0,0,0,0,0,0,0,0,2,0,0
139698,0,0,1.579,0,0,0,0,0,0,0,0,0,0,0,0,2,0,0
139708,0,0,1.579,0,0,0,0,0,0,0,0,0,0,0,0,2,0,0
139718,0,0,1.579,0,0,0,0,0,0,0,0,0,0,0,0,2,0,0
139728,0,0,1.579,0,0,0,0,0,0,0,0,0,0,0,0,2,0,0
139738,0,0,1.579,0,0,0,0,0,0,0,0,0,0,0,0,2,0,0
139748,0,0,1.579,0,0,0,0,0,0,0,0,0,0,0,0,2,0,0
139758,0,0,1.579,0,0,0,0,0,0,0,0,0,0,0,0,2,0,0
139768,0,0,1.579,0,0,0,0,0,0,0,0,0,0,0,0,2,0,0
139778,0,0,1.579,0,0,0,0,0,0,0,0,0,0,0,0,2,0,0
139788,0,0,1.579,0,0,0,0,0,0,0,0,0,0,0,0,2,0,0
139798,0,0,1.579,0,0,0,0,0,0,0,0,0,0,0,0,2,0,0
139808,0,0,1.579,0,0,0,0,0,0,0,0,0,0,0,0,2,0,0
139818,0,0,1.579,0,0,0,0,0,0,0,0,0,0,0,0,2,0,0
139828,0,0,1.579,0,0,0,0,0,0,0,0,0,0,0,0,2,0,0
139838,0,0,1.579,0,0,0,0,0,0,0,0,0,0,0,0,2,0,0
139848,0,0,1.579,0,0,0,0,0,0,0,0,0,0,0,0,2,0,0
139858,0,0,1.579,0,0,0,0,0,0,0,0,0,0,0,0,2,0,0
139868,0,0,1.579,0,0,0,0,0,0,0,0,0,0,0,0,2,0,0
139878,0,0,1.579,0,0,0,0,0,0,0,0,0,0,0,0,2,0,0
139888,0,0,1.579,0,0,0,0,0,0,0,0,0,0,0,0,2,0,0
139898,0,0,1.579,0,0,0,0,0,0,0,0,0,0,0,0,2,0,0
139908,0,0,1.579,0,0,0,0,0,0,0,0,0,0,0,0,2,0,0
139918,0,0,1.579,0,0,0,0,0,0,0,0,0,0,0,0,2,0,0
139928,0,0,1.579,0,0,0,0,0,0,0,0,0,0,0,0,2,0,0
139938,0,0,1.579,0,0,0,0,0,0,0,0,0,0,0,0,2,0,0
139948,0,0,1.579,0,0,0,0,0,0,0,0,0,0,0,0,2,0,0
139958,0,0,1.579,0,0,0,0,0,0,0,0,0,0,0,0,2,0,0
139968,0,0,1.579,0,0,0,0,0,0,0,0,0,0,0,0,2,0,0
139978,0,0,1.579,0,0,0,0,0,0,0,0,0,0,0,0,2,0,0
139988,0,0,1.579,0,0,0,0,0,0,0,0,0,0,0,0,2,0,0
139998,0,0,1.579,0,0,0,0,0,0,0,0,0,0,0,0,2,0,0
140008,0,0,1.579,0,0,0,0,0,0,0,0,0,0,0,0,2,0,0
140018,0,0,1.579,0,0,0,0,0,0,0,0,0,0,0,0,2,0,0
140028,0,0,1.579,0,0,0,0,0,0,0,0,0,0,0,0,2,0,0
140038,0,0,1.579,0,0,0,0,0,0,0,0,0,0,0,0,2,0,0
140048,0,0,1.579,0,0,0,0,0,0,0,0,0,0,0,0,2,0,0
140058,0,0,1.579,0,0,0,0,0,0,0,0,0,0,0,0,2,0,0
140068,0,0,1.579,0,0,0,0,0,0,0,0,0,0,0,0,2,0,0
140078,0,0,1.579,0,0,0,0,0,0,0,0,0,0,0,0,2,0,0
140088,0,0,1.579,0,0,0,0,0,0,0,0,0,0,0,0,2,0,0
140098,0,0,1.579,0,0,0,0,0,0,0,0,0,0,0,0,2,0,0
140108,0,0,1.579,0,0,0,0,0,0,0,0,0,0,0,0,2,0,0
140118,0,0,1.579,0,0,0,0,0,0,0,0,0,0,0,0,2,0,0
140128,0,0,1.579,0,0,0,0,0,0,0,0,0,0,0,0,2,0,0
140138,0,0,1.579,0,0,0,0,0,0,0,0,0,0,0,0,2,0,0
140148,0,0,1.579,0,0,0,0,0,0,0,0,0,0,0,0,2,0,0
140158,0,0,1.579,0,0,0,0,0,0,0,0,0,0,0,0,2,0,0
140168,0,0,1.579,0,0,0,0,0,0,0,0,0,0,0,0,2,0,0
140178,0,0,1.579,0,0,0,0,0,0,0,0,0,0,0,0,2,0,0
140188,0,0,1.579,0,0,0,0,0,0,0,0,0,0,0,0,2,0,0
140198,0,0,1.579,0,0,0,0,0,0,0,0,0,0,0,0,2,0,0
140208,0,0,1.579,0,0,0,0,0,0,0,0,0,0,0,0,2,0,0
140218,0,0,1.579,0,0,0,0,0,0,0,0,0,0,0,0,2,0,0
140228,0,0,1.579,0,0,0,0,0,0,0,0,0,0,0,0,2,0,0
140238,0,0,1.579,0,0,0,0,0,0,0,0,0,0,0,0,2,0,0
140248,0,0,1.579,0,0,0,0,0,0,0,0,0,0,0,0,2,0,0
140258,0,0,1.579,0,0,0,0,0,0,0,0,0,0,0,0,2,0,0
140268,0,0,1.579,0,0,0,0,0,0,0,0,0,0,0,0,2,0,0
140278,0,0,1.579,0,0,0,0,0,0,0,0,0,0,0,0,2,0,0
140288,0,0,1.579,0,0,0,0,0,0,0,0,0,0,0,0,2,0,0
140298,0,0,1.579,0,0,0,0,0,0,0,0,0,0,0,0,2,0,0
140308,0,0,1.579,0,0,0,0,0,0,0,0,0,0,0,0,2,0,0
140318,0,0,1.579,0,0,0,0,0,0,0,0,0,0,0,0,2,0,0
140328,0,0,1.579,0,0,0,0,0,0,0,0,0,0,0,0,2,0,0
140338,0,0,1.579,0,0,0,0,0,0,0,0,0,0,0,0,2,0,0
140348,0,0,1.579,0,0,0,0,0,0,0,0,0,0,0,0,2,0,0
140358,0,0,1.579,0,0,0,0,0,0,0,0,0,0,0,0,2,0,0
140368,0,0,1.579,0,0,0,0,0,0,0,0,0,0,0,0,2,0,0
140378,0,0,1.579,0,0,0,0,0,0,0,0,0,0,0,0,2,0,0
140388,0,0,1.579,0,0,0,0,0,0,0,0,0,0,0,0,2,0,0
140398,0,0,1.579,0,0,0,0,0,0,0,0,0,0,0,0,2,0,0
140408,0,0,1.579,0,0,0,0,0,0,0,0,0,0,0,0,2,0,0
140418,0,0,1.579,0,0,0,0,0,0,0,0,0,0,0,0,2,0,0
140428,0,0,1.579,0,0,0,0,0,0,0,0,0,0,0,0,2,0,0
140438,0,0,1.579,0,0,0,0,0,0,0,0,0,0,0,0,2,0,0
140448,0,0,1.579,0,0,0,0,0,0,0,0,0,0,0,0,2,0,0
140458,0,0,1.579,0,0,0,0,0,0,0,0,0,0,0,0,2,0,0
140468,0,0,1.579,0,0,0,0,0,0,0,0,0,0,0,0,2,0,0
140478,0,0,1.579,0,0,0,0,0,0,0,0,0,0,0,0,2,0,0
140488,0,0,1.579,0,0,0,0,0,0,0,0,0,0,0,0,2,0,0
140498,0,0,1.579,0,0,0,0,0,0,0,0,0,0,0,0,2,0,0
140508,0,0,1.579,0,0,0,0,0,0,0,0,0,0,0,0,2,0,0
140518,0,0,1.579,0,0,0,0,0,0,0,0,0,0,0,0,2,0,0
140528,0,0,1.579,0,0,0,0,0,0,0,0,0,0,0,0,2,0,0
140538,0,0,1.579,0,0,0,0,0,0,0,0,0,0,0,0,2,0,0
140548,0,0,1.579,0,0,0,0,0,0,0,0,0,0,0,0,2,0,0
140558,0,0,1.579,0,0,0,0,0,0,0,0,0,0,0,0,2,0,0
140568,0,0,1.579,0,0,0,0,0,0,0,0,0,0,0,0,2,0,0
140578,0,0,1.579,0,0,0,0,0,0,0,0,0,0,0,0,2,0,0
140588,0,0,1.579,0,0,0,0,0,0,0,0,0,0,0,0,2,0,0
140598,0,0,1.579,0,0,0,0,0,0,0,0,0,0,0,0,2,0,0
140608,0,0,1.579,0,0,0,0,0,0,0,0,0,0,0,0,2,0,0
140618,0,0,1.579,0,0,0,0,0,0,0,0,0,0,0,0,2,0,0
140628,0,0,1.579,0,0,0,0,0,0,0,0,0,0,0,0,2,0,0
140638,0,0,1.579,0,0,0,0,0,0,0,0,0,0,0,0,2,0,0
140648,0,0,1.579,0,0,0,0,0,0,0,0,0,0,0,0,2,0,0
140658,0,0,1.579,0,0,0,0,0,0,0,0,0,0,0,0,2,0,0
140668,0,0,1.579,0,0,0,0,0,0,0,0,0,0,0,0,2,0,0
140678,0,0,1.579,0,0,0,0,0,0,0,0,0,0,0,0,2,0,0
140688,0,0,1.579,0,0,0,0,0,0,0,0,0,0,0,0,2,0,0
140698,0,0,1.579,0,0,0,0,0,0,0,0,0,0,0,0,2,0,0
140708,0,0,1.579,0,0,0,0,0,0,0,0,0,0,0,0,2,0,0
140718,0,0,1.579,0,0,0,0,0,0,0,0,0,0,0,0,2,0,0
140728,0,0,1.579,0,0,0,0,0,0,0,0,0,0,0,0,2,0,0
140738,0,0,1.579,0,0,0,0,0,0,0,0,0,0,0,0,2,0,0
140748,0,0,1.579,0,0,0,0,0,0,0,0,0,0,0,0,2,0,0
140758,0,0,1.579,0,0,0,0,0,0,0,0,0,0,0,0,2,0,0
140768,0,0,1.579,0,0,0,0,0,0,0,0,0,0,0,0,2,0,0
140778,0,0,1.579,0,0,0,0,0,0,0,0,0,0,0,0,2,0,0
140788,0,0,1.579,0,0,0,0,0,0,0,0,0,0,0,0,2,0,0
140798,0,0,1.579,0,0,0,0,0,0,0,0,0,0,0,0,2,0,0
140808,0,0,1.579,0,0,0,0,0,0,0,0,0,0,0,0,2,0,0
140818,0,0,1.579,0,0,0,0,0,0,0,0,0,0,0,0,2,0,0
140828,0,0,1.579,0,0,0,0,0,0,0,0,0,0,0,0,2,0,0
140838,0,0,1.579,0,0,0,0,0,0,0,0,0,0,0,0,2,0,0
140848,0,0,1.579,0,0,0,0,0,0,0,0,0,0,0,0,2,0,0
140858,0,0,1.579,0,0,0,0,0,0,0,0,0,0,0,0,2,0,0
140868,0,0,1.579,0,0,0,0,0,0,0,0,0,0,0,0,2,0,0
140878,0,0,1.579,0,0,0,0,0,0,0,0,0,0,0,0,2,0,0
140888,0,0,1.579,0,0,0,0,0,0,0,0,0,0,0,0,2,0,0
140898,0,0,1.579,0,0,0,0,0,0,0,0,0,0,0,0,2,0,0
140908,0,0,1.579,0,0,0,0,0,0,0,0,0,0,0,0,2,0,0
140918,0,0,1.579,0,0,0,0,0,0,0,0,0,0,0,0,2,0,0
140928,0,0,1.579,0,0,0,0,0,0,0,0,0,0,0,0,2,0,0
140938,0,0,1.579,0,0,0,0,0,0,0,0,0,0,0,0,2,0,0
140948,0,0,1.579,0,0,0,0,0,0,0,0,0,0,0,0,2,0,0
140958,0,0,1.579,0,0,0,0,0,0,0,0,0,0,0,0,2,0,0
140968,0,0,1.579,0,0,0,0,0,0,0,0,0,0,0,0,2,0,0
140978,0,0,1.579,0,0,0,0,0,0,0,0,0,0,0,0,2,0,0
140988,0,0,1.579,0,0,0,0,0,0,0,0,0,0,0,0,2,0,0
140998,0,0,1.579,0,0,0,0,0,0,0,0,0,0,0,0,2,0,0
141008,0,0,1.579,0,0,0,0,0,0,0,0,0,0,0,0,2,0,0
141018,0,0,1.579,0,0,0,0,0,0,0,0,0,0,0,0,2,0,0
141028,0,0,1.579,0,0,0,0,0,0,0,0,0,0,0,0,2,0,0
141038,0,0,1.579,0,0,0,0,0,0,0,0,0,0,0,0,2,0,0
141048,0,0,1.579,0,0,0,0,0,0,0,0,0,0,0,0,2,0,0
141058,0,0,1.579,0,0,0,0,0,0,0,0,0,0,0,0,2,0,0
141068,0,0,1.579,0,0,0,0,0,0,0,0,0,0,0,0,2,0,0
141078,0,0,1.579,0,0,0,0,0,0,0,0,0,0,0,0,2,0,0
141088,0,0,1.579,0,0,0,0,0,0,0,0,0,0,0,0,2,0,0
141098,0,0,1.579,0,0,0,0,0,0,0,0,0,0,0,0,2,0,0
141108,0,0,1.579,0,0,0,0,0,0,0,0,0,0,0,0,2,0,0
141118,0,0,1.579,0,0,0,0,0,0,0,0,0,0,0,0,2,0,0
141128,0,0,1.579,0,0,0,0,0,0,0,0,0,0,0,0,2,0,0
141138,0,0,1.579,0,0,0,0,0,0,0,0,0,0,0,0,2,0,0
141148,0,0,1.579,0,0,0,0,0,0,0,0,0,0,0,0,2,0,0
141158,0,0,1.579,0,0,0,0,0,0,0,0,0,0,0,0,2,0,0
141168,0,0,1.579,0,0,0,0,0,0,0,0,0,0,0,0,2,0,0
141178,0,0,1.579,0,0,0,0,0,0,0,0,0,0,0,0,2,0,0
141188,0,0,1.579,0,0,0,0,0,0,0,0,0,0,0,0,2,0,0
141198,0,0,1.579,0,0,0,0,0,0,0,0,0,0,0,0,2,0,0
141208,0,0,1.579,0,0,0,0,0,0,0,0,0,0,0,0,2,0,0
141218,0,0,1.579,0,0,0,0,0,0,0,0,0,0,0,0,2,0,0
141228,0,0,1.579,0,0,0,0,0,0,0,0,0,0,0,0,2,0,0
141238,0,0,1.579,0,0,0,0,0,0,0,0,0,0,0,0,2,0,0
141248,0,0,1.579,0,0,0,0,0,0,0,0,0,0,0,0,2,0,0
141258,0,0,1.579,0,0,0,0,0,0,0,0,0,0,0,0,2,0,0
141268,0,0,1.579,0,0,0,0,0,0,0,0,0,0,0,0,2,0,0
141278,0,0,1.579,0,0,0,0,0,0,0,0,0,0,0,0,2,0,0
141288,0,0,1.579,0,0,0,0,0,0,0,0,0,0,0,0,2,0,0
141298,0,0,1.579,0,0,0,0,0,0,0,0,0,0,0,0,2,0,0
141308,0,0,1.579,0,0,0,0,0,0,0,0,0,0,0,0,2,0,0
141318,0,0,1.579,0,0,0,0,0,0,0,0,0,0,0,0,2,0,0
141328,0,0,1.579,0,0,0,0,0,0,0,0,0,0,0,0,2,0,0
141338,0,0,1.579,0,0,0,0,0,0,0,0,0,0,0,0,2,0,0
141348,0,0,1.579,0,0,0,0,0,0,0,0,0,0,0,0,2,0,0
141358,0,0,1.579,0,0,0,0,0,0,0,0,0,0,0,0,2,0,0
141368,0,0,1.579,0,0,0,0,0,0,0,0,0,0,0,0,2,0,0
141378,0,0,1.579,0,0,0,0,0,0,0,0,0,0,0,0,2,0,0
141388,0,0,1.579,0,0,0,0,0,0,0,0,0,0,0,0,2,0,0
141398,0,0,1.579,0,0,0,0,0,0,0,0,0,0,0,0,2,0,0
141408,0,0,1.579,0,0,0,0,0,0,0,0,0,0,0,0,2,0,0
141418,0,0,1.579,0,0,0,0,0,0,0,0,0,0,0,0,2,0,0
141428,0,0,1.579,0,0,0,0,0,0,0,0,0,0,0,0,2,0,0
141438,0,0,1.579,0,0,0,0,0,0,0,0,0,0,0,0,2,0,0
141448,0,0,1.579,0,0,0,0,0,0,0,0,0,0,0,0,2,0,0
141458,0,0,1.579,0,0,0,0,0,0,0,0,0,0,0,0,2,0,0
141468,0,0,1.579,0,0,0,0,0,0,0,0,0,0,0,0,2,0,0
141478,0,0,1.579,0,0,0,0,0,0,0,0,0,0,0,0,2,0,0
141488,0,0,1.579,0,0,0,0,0,0,0,0,0,0,0,0,2,0,0
141498,0,0,1.579,0,0,0,0,0,0,0,0,0,0,0,0,2,0,0
141508,0,0,1.579,0,0,0,0,0,0,0,0,0,0,0,0,2,0,0
141518,0,0,1.579,0,0,0,0,0,0,0,0,0,0,0,0,2,0,0
141528,0,0,1.579,0,0,0,0,0,0,0,0,0,0,0,0,2,0,0
141538,0,0,1.579,0,0,0,0,0,0,0,0,0,0,0,0,2,0,0
141548,0,0,1.579,0,0,0,0,0,0,0,0,0,0,0,0,2,0,0
141558,0,0,1.579,0,0,0,0,0,0,0,0,0,0,0,0,2,0,0
141568,0,0,1.579,0,0,0,0,0,0,0,0,0,0,0,0,2,0,0
141578,0,0,1.579,0,0,0,0,0,0,0,0,0,0,0,0,2,0,0
141588,0,0,1.579,0,0,0,0,0,0,0,0,0,0,0,0,2,0,0
141598,0,0,1.579,0,0,0,0,0,0,0,0,0,0,0,0,2,0,0
141608,0,0,1.579,0,0,0,0,0,0,0,0,0,0,0,0,2,0,0
141618,0,0,1.579,0,0,0,0,0,0,0,0,0,0,0,0,2,0,0
141628,0,0,1.579,0,0,0,0,0,0,0,0,0,0,0,0,2,0,0
141638,0,0,1.579,0,0,0,0,0,0,0,0,0,0,0,0,2,0,0
141648,0,0,1.579,0,0,0,0,0,0,0,0,0,0,0,0,2,0,0
141658,0,0,1.579,0,0,0,0,0,0,0,0,0,0,0,0,2,0,0
141668,0,0,1.579,0,0,0,0,0,0,0,0,0,0,0,0,2,0,0
141678,0,0,1.579,0,0,0,0,0,0,0,0,0,0,0,0,2,0,0
141688,0,0,1.579,0,0,0,0,0,0,0,0,0,0,0,0,2,0,0
141698,0,0,1.579,0,0,0,0,0,0,0,0,0,0,0,0,2,0,0
141708,0,0,1.579,0,0,0,0,0,0,0,0,0,0,0,0,2,0,0
141718,0,0,1.579,0,0,0,0,0,0,0,0,0,0,0,0,2,0,0
141728,0,0,1.579,0,0,0,0,0,0,0,0,0,0,0,0,2,0,0
141738,0,0,1.579,0,0,0,0,0,0,0,0,0,0,0,0,2,0,0
141748,0,0,1.579,0,0,0,0,0,0,0,0,0,0,0,0,2,0,0
141758,0,0,1.579,0,0,0,0,0,0,0,0,0,0,0,0,2,0,0
141768,0,0,1.579,0,0,0,0,0,0,0,0,0,0,0,0,2,0,0
141778,0,0,1.579,0,0,0,0,0,0,0,0,0,0,0,0,2,0,0
141788,0,0,1.579,0,0,0,0,0,0,0,0,0,0,0,0,2,0,0
141798,0,0,1.579,0,0,0,0,0,0,0,0,0,0,0,0,2,0,0
141808,0,0,1.579,0,0,0,0,0,0,0,0,0,0,0,0,2,0,0
141818,0,0,1.579,0,0,0,0,0,0,0,0,0,0,0,0,2,0,0
141828,0,0,1.579,0,0,0,0,0,0,0,0,0,0,0,0,2,0,0
141838,0,0,1.579,0,0,0,0,0,0,0,0,0,0,0,0,2,0,0
141848,0,0,1.579,0,0,0,0,0,0,0,0,0,0,0,0,2,0,0
141858,0,0,1.579,0,0,0,0,0,0,0,0,0,0,0,0,2,0,0
141868,0,0,1.579,0,0,0,0,0,0,0,0,0,0,0,0,2,0,0
141878,0,0,1.579,0,0,0,0,0,0,0,0,0,0,0,0,2,0,0
141888,0,0,1.579,0,0,0,0,0,0,0,0,0,0,0,0,2,0,0
141898,0,0,1.579,0,0,0,0,0,0,0,0,0,0,0,0,2,0,0
141908,0,0,1.579,0,0,0,0,0,0,0,0,0,0,0,0,2,0,0
141918,0,0,1.579,0,0,0,0,0,0,0,0,0,0,0,0,2,0,0
141928,0,0,1.579,0,0,0,0,0,0,0,0,0,0,0,0,2,0,0
141938,0,0,1.579,0,0,0,0,0,0,0,0,0,0,0,0,2,0,0
141948,0,0,1.579,0,0,0,0,0,0,0,0,0,0,0,0,2,0,0
141958,0,0,1.579,0,0,0,0,0,0,0,0,0,0,0,0,2,0,0
141968,0,0,1.579,0,0,0,0,0,0,0,0,0,0,0,0,2,0,0
141978,0,0,1.579,0,0,0,0,0,0,0,0,0,0,0,0,2,0,0
141988,0,0,1.579,0,0,0,0,0,0,0,0,0,0,0,0,2,0,0
141998,0,0,1.579,0,0,0,0,0,0,0,0,0,0,0,0,2,0,0
142008,0,0,1.579,0,0,0,0,0,0,0,0,0,0,0,0,2,0,0
142018,0,0,1.579,0,0,0,0,0,0,0,0,0,0,0,0,2,0,0
142028,0,0,1.579,0,0,0,0,0,0,0,0,0,0,0,0,2,0,0
142038,0,0,1.579,0,0,0,0,0,0,0,0,0,0,0,0,2,0,0
142048,0,0,1.579,0,0,0,0,0,0,0,0,0,0,0,0,2,0,0
142058,0,0,1.579,0,0,0,0,0,0,0,0,0,0,0,0,2,0,0
142068,0,0,1.579,0,0,0,0,0,0,0,0,0,0,0,0,2,0,0
142078,0,0,1.579,0,0,0,0,0,0,0,0,0,0,0,0,2,0,0
142088,0,0,1.579,0,0,0,0,0,0,0,0,0,0,0,0,2,0,0
142098,0,0,1.579,0,0,0,0,0,0,0,0,0,0,0,0,2,0,0
142108,0,0,1.579,0,0,0,0,0,0,0,0,0,0,0,0,2,0,0
142118,0,0,1.579,0,0,0,0,0,0,0,0,0,0,0,0,2,0,0
142128,0,0,1.579,0,0,0,0,0,0,0,0,0,0,0,0,2,0,0
142138,0,0,1.579,0,0,0,0,0,0,0,0,0,0,0,0,2,0,0
142148,0,0,1.579,0,0,0,0,0,0,0,0,0,0,0,0,2,0,0
142158,0,0,1.579,0,0,0,0,0,0,0,0,0,0,0,0,2,0,0
142168,0,0,1.579,0,0,0,0,0,0,0,0,0,0,0,0,2,0,0
142178,0,0,1.579,0,0,0,0,0,0,0,0,0,0,0,0,2,0,0
142188,0,0,1.579,0,0,0,0,0,0,0,0,0,0,0,0,2,0,0
142198,0,0,1.579,0,0,0,0,0,0,0,0,0,0,0,0,2,0,0
142208,0,0,1.579,0,0,0,0,0,0,0,0,0,0,0,0,2,0,0
142218,0,0,1.579,0,0,0,0,0,0,0,0,0,0,0,0,2,0,0
142228,0,0,1.579,0,0,0,0,0,0,0,0,0,0,0,0,2,0,0
142238,0,0,1.579,0,0,0,0,0,0,0,0,0,0,0,0,2,0,0
142248,0,0,1.579,0,0,0,0,0,0,0,0,0,0,0,0,2,0,0
142258,0,0,1.579,0,0,0,0,0,0,0,0,0,0,0,0,2,0,0
142268,0,0,1.579,0,0,0,0,0,0,0,0,0,0,0,0,2,0,0
142278,0,0,1.579,0,0,0,0,0,0,0,0,0,0,0,0,2,0,0
142288,0,0,1.579,0,0,0,0,0,0,0,0,0,0,0,0,2,0,0
142298,0,0,1.579,0,0,0,0,0,0,0,0,0,0,0,0,2,0,0
142308,0,0,1.579,0,0,0,0,0,0,0,0,0,0,0,0,2,0,0
142318,0,0,1.579,0,0,0,0,0,0,0,0,0,0,0,0,2,0,0
142328,0,0,1.579,0,0,0,0,0,0,0,0,0,0,0,0,2,0,0
142338,0,0,1.579,0,0,0,0,0,0,0,0,0,0,0,0,2,0,0
142348,0,0,1.579,0,0,0,0,0,0,0,0,0,0,0,0,2,0,0
142358,0,0,1.579,0,0,0,0,0,0,0,0,0,0,0,0,2,0,0
142368,0,0,1.579,0,0,0,0,0,0,0,0,0,0,0,0,2,0,0
142378,0,0,1.579,0,0,0,0,0,0,0,0,0,0,0,0,2,0,0
142388,0,0,1.579,0,0,0,0,0,0,0,0,0,0,0,0,2,0,0
142398,0,0,1.579,0,0,0,0,0,0,0,0,0,0,0,0,2,0,0
142408,0,0,1.579,0,0,0,0,0,0,0,0,0,0,0,0,2,0,0
142418,0,0,1.579,0,0,0,0,0,0,0,0,0,0,0,0,2,0,0
142428,0,0,1.579,0,0,0,0,0,0,0,0,0,0,0,0,2,0,0
142438,0,0,1.579,0,0,0,0,0,0,0,0,0,0,0,0,2,0,0
142448,0,0,1.579,0,0,0,0,0,0,0,0,0,0,0,0,2,0,0
142458,0,0,1.579,0,0,0,0,0,0,0,0,0,0,0,0,2,0,0
142468,0,0,1.579,0,0,0,0,0,0,0,0,0,0,0,0,2,0,0
142478,0,0,1.579,0,0,0,0,0,0,0,0,0,0,0,0,2,0,0
142488,0,0,1.579,0,0,0,0,0,0,0,0,0,0,0,0,2,0,0
142498,0,0,1.579,0,0,0,0,0,0,0,0,0,0,0,0,2,0,0
142508,0,0,1.579,0,0,0,0,0,0,0,0,0,0,0,0,2,0,0
142518,0,0,1.579,0,0,0,0,0,0,0,0,0,0,0,0,2,0,0
142528,0,0,1.579,0,0,0,0,0,0,0,0,0,0,0,0,2,0,0
142538,0,0,1.579,0,0,0,0,0,0,0,0,0,0,0,0,2,0,0
142548,0,0,1.579,0,0,0,0,0,0,0,0,0,0,0,0,2,0,0
142558,0,0,1.579,0,0,0,0,0,0,0,0,0,0,0,0,2,0,0
142568,0,0,1.579,0,0,0,0,0,0,0,0,0,0,0,0,2,0,0
142578,0,0,1.579,0,0,0,0,0,0,0,0,0,0,0,0,2,0,0
142588,0,0,1.579,0,0,0,0,0,0,0,0,0,0,0,0,2,0,0
142598,0,0,1.579,0,0,0,0,0,0,0,0,0,0,0,0,2,0,0
142608,0,0,1.579,0,0,0,0,0,0,0,0,0,0,0,0,2,0,0
142618,0,0,1.579,0,0,0,0,0,0,0,0,0,0,0,0,2,0,0
142628,0,0,1.579,0,0,0,0,0,0,0,0,0,0,0,0,2,0,0
142638,0,0,1.579,0,0,0,0,0,0,0,0,0,0,0,0,2,0,0
142648,0,0,1.579,0,0,0,0,0,0,0,0,0,0,0,0,2,0,0
142658,0,0,1.579,0,0,0,0,0,0,0,0,0,0,0,0,2,0,0
142668,0,0,1.579,0,0,0,0,0,0,0,0,0,0,0,0,2,0,0
142678,0,0,1.579,0,0,0,0,0,0,0,0,0,0,0,0,2,0,0
142688,0,0,1.579,0,0,0,0,0,0,0,0,0,0,0,0,2,0,0
142698,0,0,1.579,0,0,0,0,0,0,0,0,0,0,0,0,2,0,0
142708,0,0,1.579,0,0,0,0,0,0,0,0,0,0,0,0,2,0,0
142718,0,0,1.579,0,0,0,0,0,0,0,0,0,0,0,0,2,0,0
142728,0,0,1.579,0,0,0,0,0,0,0,0,0,0,0,0,2,0,0
142738,0,0,1.579,0,0,0,0,0,0,0,0,0,0,0,0,2,0,0
142748,0,0,1.579,0,0,0,0,0,0,0,0,0,0,0,0,2,0,0
142758,0,0,1.579,0,0,0,0,0,0,0,0,0,0,0,0,2,0,0
142768,0,0,1.579,0,0,0,0,0,0,0,0,0,0,0,0,2,0,0
142778,0,0,1.579,0,0,0,0,0,0,0,0,0,0,0,0,2,0,0
142788,0,0,1.579,0,0,0,0,0,0,0,0,0,0,0,0,2,0,0
142798,0,0,1.579,0,0,0,0,0,0,0,0,0,0,0,0,2,0,0
142808,0,0,1.579,0,0,0,0,0,0,0,0,0,0,0,0,2,0,0
142818,0,0,1.579,0,0,0,0,0,0,0,0,0,0,0,0,2,0,0
142828,0,0,1.579,0,0,0,0,0,0,0,0,0,0,0,0,2,0,0
142838,0,0,1.579,0,0,0,0,0,0,0,0,0,0,0,0,2,0,0
142848,0,0,1.579,0,0,0,0,0,0,0,0,0,0,0,0,2,0,0
142858,0,0,1.579,0,0,0,0,0,0,0,0,0,0,0,0,2,0,0
142868,0,0,1.579,0,0,0,0,0,0,0,0,0,0,0,0,2,0,0
142878,0,0,1.579,0,0,0,0,0,0,0,0,0,0,0,0,2,0,0
142888,0,0,1.579,0,0,0,0,0,0,0,0,0,0,0,0,2,0,0
142898,0,0,1.579,0,0,0,0,0,0,0,0,0,0,0,0,2,0,0
142908,0,0,1.579,0,0,0,0,0,0,0,0,0,0,0,0,2,0,0
142918,0,0,1.579,0,0,0,0,0,0,0,0,0,0,0,0,2,0,0
142928,0,0,1.579,0,0,0,0,0,0,0,0,0,0,0,0,2,0,0
142938,0,0,1.579,0,0,0,0,0,0,0,0,0,0,0,0,2,0,0
142948,0,0,1.579,0,0,0,0,0,0,0,0,0,0,0,0,2,0,0
142958,0,0,1.579,0,0,0,0,0,0,0,0,0,0,0,0,2,0,0
142968,0,0,1.579,0,0,0,0,0,0,0,0,0,0,0,0,2,0,0
142978,0,0,1.579,0,0,0,0,0,0,0,0,0,0,0,0,2,0,0
142988,0,0,1.579,0,0,0,0,0,0,0,0,0,0,0,0,2,0,0
142998,0,0,1.579,0,0,0,0,0,0,0,0,0,0,0,0,2,0,0
143008,0,0,1.579,0,0,0,0,0,0,0,0,0,0,0,0,2,0,0
143018,0,0,1.579,0,0,0,0,0,0,0,0,0,0,0,0,2,0,0
143028,0,0,1.579,0,0,0,0,0,0,0,0,0,0,0,0,2,0,0
143038,0,0,1.579,0,0,0,0,0,0,0,0,0,0,0,0,2,0,0
143048,0,0,1.579,0,0,0,0,0,0,0,0,0,0,0,0,2,0,0
143058,0,0,1.579,0,0,0,0,0,0,0,0,0,0,0,0,2,0,0
143068,0,0,1.579,0,0,0,0,0,0,0,0,0,0,0,0,2,0,0
143078,0,0,1.579,0,0,0,0,0,0,0,0,0,0,0,0,2,0,0
143088,0,0,1.579,0,0,0,0,0,0,0,0,0,0,0,0,2,0,0
143098,0,0,1.579,0,0,0,0,0,0,0,0,0,0,0,0,2,0,0
143108,0,0,1.579,0,0,0,0,0,0,0,0,0,0,0,0,2,0,0
143118,0,0,1.579,0,0,0,0,0,0,0,0,0,0,0,0,2,0,0
143128,0,0,1.579,0,0,0,0,0,0,0,0,0,0,0,0,2,0,0
143138,0,0,1.579,0,0,0,0,0,0,0,0,0,0,0,0,2,0,0
143148,0,0,1.579,0,0,0,0,0,0,0,0,0,0,0,0,2,0,0
143158,0,0,1.579,0,0,0,0,0,0,0,0,0,0,0,0,2,0,0
143168,0,0,1.579,0,0,0,0,0,0,0,0,0,0,0,0,2,0,0
143178,0,0,1.579,0,0,0,0,0,0,0,0,0,0,0,0,2,0,0
143188,0,0,1.579,0,0,0,0,0,0,0,0,0,0,0,0,2,0,0
143198,0,0,1.579,0,0,0,0,0,0,0,0,0,0,0,0,2,0,0
143208,0,0,1.579,0,0,0,0,0,0,0,0,0,0,0,0,2,0,0
143218,0,0,1.579,0,0,0,0,0,0,0,0,0,0,0,0,2,0,0
143228,0,0,1.579,0,0,0,0,0,0,0,0,0,0,0,0,2,0,0
143238,0,0,1.579,0,0,0,0,0,0,0,0,0,0,0,0,2,0,0
143248,0,0,1.579,0,0,0,0,0,0,0,0,0,0,0,0,2,0,0
143258,0,0,1.579,0,0,0,0,0,0,0,0,0,0,0,0,2,0,0
143268,0,0,1.579,0,0,0,0,0,0,0,0,0,0,0,0,2,0,0
143278,0,0,1.579,0,0,0,0,0,0,0,0,0,0,0,0,2,0,0
143288,0,0,1.579,0,0,0,0,0,0,0,0,0,0,0,0,2,0,0
143298,0,0,1.579,0,0,0,0,0,0,0,0,0,0,0,0,2,0,0
143308,0,0,1.579,0,0,0,0,0,0,0,0,0,0,0,0,2,0,0
143318,0,0,1.579,0,0,0,0,0,0,0,0,0,0,0,0,2,0,0
143328,0,0,1.579,0,0,0,0,0,0,0,0,0,0,0,0,2,0,0
143338,0,0,1.579,0,0,0,0,0,0,0,0,0,0,0,0,2,0,0
143348,0,0,1.579,0,0,0,0,0,0,0,0,0,0,0,0,2,0,0
143358,0,0,1.579,0,0,0,0,0,0,0,0,0,0,0,0,2,0,0
143368,0,0,1.579,0,0,0,0,0,0,0,0,0,0,0,0,2,0,0
143378,0,0,1.579,0,0,0,0,0,0,0,0,0,0,0,0,2,0,0
143388,0,0,1.579,0,0,0,0,0,0,0,0,0,0,0,0,2,0,0
143398,0,0,1.579,0,0,0,0,0,0,0,0,0,0,0,0,2,0,0
143408,0,0,1.579,0,0,0,0,0,0,0,0,0,0,0,0,2,0,0
143418,0,0,1.579,0,0,0,0,0,0,0,0,0,0,0,0,2,0,0
143428,0,0,1.579,0,0,0,0,0,0,0,0,0,0,0,0,2,0,0
143438,0,0,1.579,0,0,0,0,0,0,0,0,0,0,0,0,2,0,0
143448,0,0,1.579,0,0,0,0,0,0,0,0,0,0,0,0,2,0,0
143458,0,0,1.579,0,0,0,0,0,0,0,0,0,0,0,0,2,0,0
143468,0,0,1.579,0,0,0,0,0,0,0,0,0,0,0,0,2,0,0
143478,0,0,1.579,0,0,0,0,0,0,0,0,0,0,0,0,2,0,0
143488,0,0,1.579,0,0,0,0,0,0,0,0,0,0,0,0,2,0,0
143498,0,0,1.579,0,0,0,0,0,0,0,0,0,0,0,0,2,0,0
143508,0,0,1.579,0,0,0,0,0,0,0,0,0,0,0,0,2,0,0
143518,0,0,1.579,0,0,0,0,0,0,0,0,0,0,0,0,2,0,0
143528,0,0,1.579,0,0,0,0,0,0,0,0,0,0,0,0,2,0,0
143538,0,0,1.579,0,0,0,0,0,0,0,0,0,0,0,0,2,0,0
143548,0,0,1.579,0,0,0,0,0,0,0,0,0,0,0,0,2,0,0
143558,0,0,1.579,0,0,0,0,0,0,0,0,0,0,0,0,2,0,0
143568,0,0,1.579,0,0,0,0,0,0,0,0,0,0,0,0,2,0,0
143578,0,0,1.579,0,0,0,0,0,0,0,0,0,0,0,0,2,0,0
143588,0,0,1.579,0,0,0,0,0,0,0,0,0,0,0,0,2,0,0
143600,0,0,1.579,0,0,0,0,0,0,0,0,0,0,0,0,2,0,0
143608,0,0,1.579,0,0,0,0,0,0,0,0,0,0,0,0,2,0,0
143618,0,0,1.579,0,0,0,0,0,0,0,0,0,0,0,0,2,0,0
143627,0,0,1.579,0,0,0,0,0,0,0,0,0,0,0,0,2,0,0
143638,0,0,1.579,0,0,0,0,0,0,0,0,0,0,0,0,2,0,0
143647,0,0,1.579,0,0,0,0,0,0,0,0,0,0,0,0,2,0,0
143657,0,0,1.579,0,0,0,0,0,0,0,0,0,0,0,0,2,0,0
143667,0,0,1.579,0,0,0,0,0,0,0,0,0,0,0,0,2,0,0
143677,0,0,1.579,0,0,0,0,0,0,0,0,0,0,0,0,2,0,0
143687,0,0,1.579,0,0,0,0,0,0,0,0,0,0,0,0,2,0,0
143697,0,0,1.579,0,0,0,0,0,0,0,0,0,0,0,0,2,0,0
143707,0,0,1.579,0,0,0,0,0,0,0,0,0,0,0,0,2,0,0
143718,0,0,1.579,0,0,0,0,0,0,0,0,0,0,0,0,2,0,0
143728,0,0,1.579,0,0,0,0,0,0,0,0,0,0,0,0,2,0,0
143738,0,0,1.579,0,0,0,0,0,0,0,0,0,0,0,0,2,0,0
143748,0,0,1.579,0,0,0,0,0,0,0,0,0,0,0,0,2,0,0
143758,0,0,1.579,0,0,0,0,0,0,0,0,0,0,0,0,2,0,0
143768,0,0,1.579,0,0,0,0,0,0,0,0,0,0,0,0,2,0,0
143778,0,0,1.579,0,0,0,0,0,0,0,0,0,0,0,0,2,0,0
143788,0,0,1.579,0,0,0,0,0,0,0,0,0,0,0,0,2,0,0
143798,0,0,1.579,0,0,0,0,0,0,0,0,0,0,0,0,2,0,0
143808,0,0,1.579,0,0,0,0,0,0,0,0,0,0,0,0,2,0,0
143818,0,0,1.579,0,0,0,0,0,0,0,0,0,0,0,0,2,0,0
143828,0,0,1.579,0,0,0,0,0,0,0,0,0,0,0,0,2,0,0
143838,0,0,1.579,0,0,0,0,0,0,0,0,0,0,0,0,2,0,0
143848,0,0,1.579,0,0,0,0,0,0,0,0,0,0,0,0,2,0,0
143858,0,0,1.579,0,0,0,0,0,0,0,0,0,0,0,0,2,0,0
143868,0,0,1.579,0,0,0,0,0,0,0,0,0,0,0,0,2,0,0
143878,0,0,1.579,0,0,0,0,0,0,0,0,0,0,0,0,2,0,0
143888,0,0,1.579,0,0,0,0,0,0,0,0,0,0,0,0,2,0,0
143898,0,0,1.579,0,0,0,0,0,0,0,0,0,0,0,0,2,0,0
143908,0,0,1.579,0,0,0,0,0,0,0,0,0,0,0,0,2,0,0
143918,0,0,1.579,0,0,0,0,0,0,0,0,0,0,0,0,2,0,0
143928,0,0,1.579,0,0,0,0,0,0,0,0,0,0,0,0,2,0,0
143938,0,0,1.579,0,0,0,0,0,0,0,0,0,0,0,0,2,0,0
143948,0,0,1.579,0,0,0,0,0,0,0,0,0,0,0,0,2,0,0
143958,0,0,1.579,0,0,0,0,0,0,0,0,0,0,0,0,2,0,0
143968,0,0,1.579,0,0,0,0,0,0,0,0,0,0,0,0,2,0,0
143978,0,0,1.579,0,0,0,0,0,0,0,0,0,0,0,0,2,0,0
143988,0,0,1.579,0,0,0,0,0,0,0,0,0,0,0,0,2,0,0
143998,0,0,1.579,0,0,0,0,0,0,0,0,0,0,0,0,2,0,0
144008,0,0,1.579,0,0,0,0,0,0,0,0,0,0,0,0,2,0,0
144018,0,0,1.579,0,0,0,0,0,0,0,0,0,0,0,0,2,0,0
144028,0,0,1.579,0,0,0,0,0,0,0,0,0,0,0,0,2,0,0
144038,0,0,1.579,0,0,0,0,0,0,0,0,0,0,0,0,2,0,0
144048,0,0,1.579,0,0,0,0,0,0,0,0,0,0,0,0,2,0,0
144058,0,0,1.579,0,0,0,0,0,0,0,0,0,0,0,0,2,0,0
144068,0,0,1.579,0,0,0,0,0,0,0,0,0,0,0,0,2,0,0
144078,0,0,1.579,0,0,0,0,0,0,0,0,0,0,0,0,2,0,0
144088,0,0,1.579,0,0,0,0,0,0,0,0,0,0,0,0,2,0,0
144098,0,0,1.579,0,0,0,0,0,0,0,0,0,0,0,0,2,0,0
144108,0,0,1.579,0,0,0,0,0,0,0,0,0,0,0,0,2,0,0
144118,0,0,1.579,0,0,0,0,0,0,0,0,0,0,0,0,2,0,0
144128,0,0,1.579,0,0,0,0,0,0,0,0,0,0,0,0,2,0,0
144138,0,0,1.579,0,0,0,0,0,0,0,0,0,0,0,0,2,0,0
144148,0,0,1.579,0,0,0,0,0,0,0,0,0,0,0,0,2,0,0
144158,0,0,1.579,0,0,0,0,0,0,0,0,0,0,0,0,2,0,0
144168,0,0,1.579,0,0,0,0,0,0,0,0,0,0,0,0,2,0,0
144178,0,0,1.579,0,0,0,0,0,0,0,0,0,0,0,0,2,0,0
144188,0,0,1.579,0,0,0,0,0,0,0,0,0,0,0,0,2,0,0
144198,0,0,1.579,0,0,0,0,0,0,0,0,0,0,0,0,2,0,0
144208,0,0,1.579,0,0,0,0,0,0,0,0,0,0,0,0,2,0,0
144218,0,0,1.579,0,0,0,0,0,0,0,0,0,0,0,0,2,0,0
144228,0,0,1.579,0,0,0,0,0,0,0,0,0,0,0,0,2,0,0
144238,0,0,1.579,0,0,0,0,0,0,0,0,0,0,0,0,2,0,0
144248,0,0,1.579,0,0,0,0,0,0,0,0,0,0,0,0,2,0,0
144258,0,0,1.579,0,0,0,0,0,0,0,0,0,0,0,0,2,0,0
144268,0,0,1.579,0,0,0,0,0,0,0,0,0,0,0,0,2,0,0
144278,0,0,1.579,0,0,0,0,0,0,0,0,0,0,0,0,2,0,0
144288,0,0,1.579,0,0,0,0,0,0,0,0,0,0,0,0,2,0,0
144298,0,0,1.579,0,0,0,0,0,0,0,0,0,0,0,0,2,0,0
144308,0,0,1.579,0,0,0,0,0,0,0,0,0,0,0,0,2,0,0
144318,0,0,1.579,0,0,0,0,0,0,0,0,0,0,0,0,2,0,0
144328,0,0,1.579,0,0,0,0,0,0,0,0,0,0,0,0,2,0,0
144338,0,0,1.579,0,0,0,0,0,0,0,0,0,0,0,0,2,0,0
144348,0,0,1.579,0,0,0,0,0,0,0,0,0,0,0,0,2,0,0
144358,0,0,1.579,0,0,0,0,0,0,0,0,0,0,0,0,2,0,0
144368,0,0,1.579,0,0,0,0,0,0,0,0,0,0,0,0,2,0,0
144378,0,0,1.579,0,0,0,0,0,0,0,0,0,0,0,0,2,0,0
144388,0,0,1.579,0,0,0,0,0,0,0,0,0,0,0,0,2,0,0
144398,0,0,1.579,0,0,0,0,0,0,0,0,0,0,0,0,2,0,0
144408,0,0,1.579,0,0,0,0,0,0,0,0,0,0,0,0,2,0,0
144418,0,0,1.579,0,0,0,0,0,0,0,0,0,0,0,0,2,0,0
144428,0,0,1.579,0,0,0,0,0,0,0,0,0,0,0,0,2,0,0
144438,0,0,1.579,0,0,0,0,0,0,0,0,0,0,0,0,2,0,0
144448,0,0,1.579,0,0,0,0,0,0,0,0,0,0,0,0,2,0,0
144458,0,0,1.579,0,0,0,0,0,0,0,0,0,0,0,0,2,0,0
144468,0,0,1.579,0,0,0,0,0,0,0,0,0,0,0,0,2,0,0
144478,0,0,1.579,0,0,0,0,0,0,0,0,0,0,0,0,2,0,0
144488,0,0,1.579,0,0,0,0,0,0,0,0,0,0,0,0,2,0,0
144498,0,0,1.579,0,0,0,0,0,0,0,0,0,0,0,0,2,0,0
144508,0,0,1.579,0,0,0,0,0,0,0,0,0,0,0,0,2,0,0
144518,0,0,1.579,0,0,0,0,0,0,0,0,0,0,0,0,2,0,0
144528,0,0,1.579,0,0,0,0,0,0,0,0,0,0,0,0,2,0,0
144538,0,0,1.579,0,0,0,0,0,0,0,0,0,0,0,0,2,0,0
144548,0,0,1.579,0,0,0,0,0,0,0,0,0,0,0,0,2,0,0
144558,0,0,1.579,0,0,0,0,0,0,0,0,0,0,0,0,2,0,0
144568,0,0,1.579,0,0,0,0,0,0,0,0,0,0,0,0,2,0,0
144578,0,0,1.579,0,0,0,0,0,0,0,0,0,0,0,0,2,0,0
144588,0,0,1.579,0,0,0,0,0,0,0,0,0,0,0,0,2,0,0
144598,0,0,1.579,0,0,0,0,0,0,0,0,0,0,0,0,2,0,0
144608,0,0,1.579,0,0,0,0,0,0,0,0,0,0,0,0,2,0,0
144618,0,0,1.579,0,0,0,0,0,0,0,0,0,0,0,0,2,0,0
144628,0,0,1.579,0,0,0,0,0,0,0,0,0,0,0,0,2,0,0
144638,0,0,1.579,0,0,0,0,0,0,0,0,0,0,0,0,2,0,0
144648,0,0,1.579,0,0,0,0,0,0,0,0,0,0,0,0,2,0,0
144658,0,0,1.579,0,0,0,0,0,0,0,0,0,0,0,0,2,0,0
144668,0,0,1.579,0,0,0,0,0,0,0,0,0,0,0,0,2,0,0
144678,0,0,1.579,0,0,0,0,0,0,0,0,0,0,0,0,2,0,0
144688,0,0,1.579,0,0,0,0,0,0,0,0,0,0,0,0,2,0,0
144698,0,0,1.579,0,0,0,0,0,0,0,0,0,0,0,0,2,0,0
144708,0,0,1.579,0,0,0,0,0,0,0,0,0,0,0,0,2,0,0
144718,0,0,1.579,0,0,0,0,0,0,0,0,0,0,0,0,2,0,0
144728,0,0,1.579,0,0,0,0,0,0,0,0,0,0,0,0,2,0,0
144738,0,0,1.579,0,0,0,0,0,0,0,0,0,0,0,0,2,0,0
144748,0,0,1.579,0,0,0,0,0,0,0,0,0,0,0,0,2,0,0
144758,0,0,1.579,0,0,0,0,0,0,0,0,0,0,0,0,2,0,0
144768,0,0,1.579,0,0,0,0,0,0,0,0,0,0,0,0,2,0,0
144778,0,0,1.579,0,0,0,0,0,0,0,0,0,0,0,0,2,0,0
144788,0,0,1.579,0,0,0,0,0,0,0,0,0,0,0,0,2,0,0
144798,0,0,1.579,0,0,0,0,0,0,0,0,0,0,0,0,2,0,0
144808,0,0,1.579,0,0,0,0,0,0,0,0,0,0,0,0,2,0,0
144818,0,0,1.579,0,0,0,0,0,0,0,0,0,0,0,0,2,0,0
144828,0,0,1.579,0,0,0,0,0,0,0,0,0,0,0,0,2,0,0
144838,0,0,1.579,0,0,0,0,0,0,0,0,0,0,0,0,2,0,0
144848,0,0,1.579,0,0,0,0,0,0,0,0,0,0,0,0,2,0,0
144858,0,0,1.579,0,0,0,0,0,0,0,0,0,0,0,0,2,0,0
144868,0,0,1.579,0,0,0,0,0,0,0,0,0,0,0,0,2,0,0
144878,0,0,1.579,0,0,0,0,0,0,0,0,0,0,0,0,2,0,0
144888,0,0,1.579,0,0,0,0,0,0,0,0,0,0,0,0,2,0,0
144898,0,0,1.579,0,0,0,0,0,0,0,0,0,0,0,0,2,0,0
144908,0,0,1.579,0,0,0,0,0,0,0,0,0,0,0,0,2,0,0
144918,0,0,1.579,0,0,0,0,0,0,0,0,0,0,0,0,2,0,0
144928,0,0,1.579,0,0,0,0,0,0,0,0,0,0,0,0,2,0,0
144938,0,0,1.579,0,0,0,0,0,0,0,0,0,0,0,0,2,0,0
144948,0,0,1.579,0,0,0,0,0,0,0,0,0,0,0,0,2,0,0
144958,0,0,1.579,0,0,0,0,0,0,0,0,0,0,0,0,2,0,0
144968,0,0,1.579,0,0,0,0,0,0,0,0,0,0,0,0,2,0,0
144978,0,0,1.579,0,0,0,0,0,0,0,0,0,0,0,0,2,0,0
144988,0,0,1.579,0,0,0,0,0,0,0,0,0,0,0,0,2,0,0
144998,0,0,1.579,0,0,0,0,0,0,0,0,0,0,0,0,2,0,0
145008,0,0,1.579,0,0,0,0,0,0,0,0,0,0,0,0,2,0,0
145018,0,0,1.579,0,0,0,0,0,0,0,0,0,0,0,0,2,0,0
145028,0,0,1.579,0,0,0,0,0,0,0,0,0,0,0,0,2,0,0
145038,0,0,1.579,0,0,0,0,0,0,0,0,0,0,0,0,2,0,0
145048,0,0,1.579,0,0,0,0,0,0,0,0,0,0,0,0,2,0,0
145058,0,0,1.579,0,0,0,0,0,0,0,0,0,0,0,0,2,0,0
145068,0,0,1.579,0,0,0,0,0,0,0,0,0,0,0,0,2,0,0
145078,0,0,1.579,0,0,0,0,0,0,0,0,0,0,0,0,2,0,0
145088,0,0,1.579,0,0,0,0,0,0,0,0,0,0,0,0,2,0,0
145098,0,0,1.579,0,0,0,0,0,0,0,0,0,0,0,0,2,0,0
145108,0,0,1.579,0,0,0,0,0,0,0,0,0,0,0,0,2,0,0
145118,0,0,1.579,0,0,0,0,0,0,0,0,0,0,0,0,2,0,0
145128,0,0,1.579,0,0,0,0,0,0,0,0,0,0,0,0,2,0,0
145138,0,0,1.579,0,0,0,0,0,0,0,0,0,0,0,0,2,0,0
145148,0,0,1.579,0,0,0,0,0,0,0,0,0,0,0,0,2,0,0
145158,0,0,1.579,0,0,0,0,0,0,0,0,0,0,0,0,2,0,0
145168,0,0,1.579,0,0,0,0,0,0,0,0,0,0,0,0,2,0,0
145178,0,0,1.579,0,0,0,0,0,0,0,0,0,0,0,0,2,0,0
145188,0,0,1.579,0,0,0,0,0,0,0,0,0,0,0,0,2,0,0
145198,0,0,1.579,0,0,0,0,0,0,0,0,0,0,0,0,2,0,0
145208,0,0,1.579,0,0,0,0,0,0,0,0,0,0,0,0,2,0,0
145218,0,0,1.579,0,0,0,0,0,0,0,0,0,0,0,0,2,0,0
145228,0,0,1.579,0,0,0,0,0,0,0,0,0,0,0,0,2,0,0
145238,0,0,1.579,0,0,0,0,0,0,0,0,0,0,0,0,2,0,0
145248,0,0,1.579,0,0,0,0,0,0,0,0,0,0,0,0,2,0,0
145258,0,0,1.579,0,0,0,0,0,0,0,0,0,0,0,0,2,0,0
145268,0,0,1.579,0,0,0,0,0,0,0,0,0,0,0,0,2,0,0
145278,0,0,1.579,0,0,0,0,0,0,0,0,0,0,0,0,2,0,0
145288,0,0,1.579,0,0,0,0,0,0,0,0,0,0,0,0,2,0,0
145298,0,0,1.579,0,0,0,0,0,0,0,0,0,0,0,0,2,0,0
145308,0,0,1.579,0,0,0,0,0,0,0,0,0,0,0,0,2,0,0
145318,0,0,1.579,0,0,0,0,0,0,0,0,0,0,0,0,2,0,0
145328,0,0,1.579,0,0,0,0,0,0,0,0,0,0,0,0,2,0,0
145338,0,0,1.579,0,0,0,0,0,0,0,0,0,0,0,0,2,0,0
145348,0,0,1.579,0,0,0,0,0,0,0,0,0,0,0,0,2,0,0
145358,0,0,1.579,0,0,0,0,0,0,0,0,0,0,0,0,2,0,0
145368,0,0,1.579,0,0,0,0,0,0,0,0,0,0,0,0,2,0,0
145378,0,0,1.579,0,0,0,0,0,0,0,0,0,0,0,0,2,0,0
145388,0,0,1.579,0,0,0,0,0,0,0,0,0,0,0,0,2,0,0
145398,0,0,1.579,0,0,0,0,0,0,0,0,0,0,0,0,2,0,0
145408,0,0,1.579,0,0,0,0,0,0,0,0,0,0,0,0,2,0,0
145418,0,0,1.579,0,0,0,0,0,0,0,0,0,0,0,0,2,0,0
145428,0,0,1.579,0,0,0,0,0,0,0,0,0,0,0,0,2,0,0
145438,0,0,1.579,0,0,0,0,0,0,0,0,0,0,0,0,2,0,0
145448,0,0,1.579,0,0,0,0,0,0,0,0,0,0,0,0,2,0,0
145458,0,0,1.579,0,0,0,0,0,0,0,0,0,0,0,0,2,0,0
145468,0,0,1.579,0,0,0,0,0,0,0,0,0,0,0,0,2,0,0
145478,0,0,1.579,0,0,0,0,0,0,0,0,0,0,0,0,2,0,0
145488,0,0,1.579,0,0,0,0,0,0,0,0,0,0,0,0,2,0,0
145498,0,0,1.579,0,0,0,0,0,0,0,0,0,0,0,0,2,0,0
145508,0,0,1.579,0,0,0,0,0,0,0,0,0,0,0,0,2,0,0
145518,0,0,1.579,0,0,0,0,0,0,0,0,0,0,0,0,2,0,0
145528,0,0,1.579,0,0,0,0,0,0,0,0,0,0,0,0,2,0,0
145538,0,0,1.579,0,0,0,0,0,0,0,0,0,0,0,0,2,0,0
145548,0,0,1.579,0,0,0,0,0,0,0,0,0,0,0,0,2,0,0
145558,0,0,1.579,0,0,0,0,0,0,0,0,0,0,0,0,2,0,0
145568,0,0,1.579,0,0,0,0,0,0,0,0,0,0,0,0,2,0,0
145578,0,0,1.579,0,0,0,0,0,0,0,0,0,0,0,0,2,0,0
145588,0,0,1.579,0,0,0,0,0,0,0,0,0,0,0,0,2,0,0
145598,0,0,1.579,0,0,0,0,0,0,0,0,0,0,0,0,2,0,0
145608,0,0,1.579,0,0,0,0,0,0,0,0,0,0,0,0,2,0,0
145618,0,0,1.579,0,0,0,0,0,0,0,0,0,0,0,0,2,0,0
145628,0,0,1.579,0,0,0,0,0,0,0,0,0,0,0,0,2,0,0
145638,0,0,1.579,0,0,0,0,0,0,0,0,0,0,0,0,2,0,0
145648,0,0,1.579,0,0,0,0,0,0,0,0,0,0,0,0,2,0,0
145658,0,0,1.579,0,0,0,0,0,0,0,0,0,0,0,0,2,0,0
145668,0,0,1.579,0,0,0,0,0,0,0,0,0,0,0,0,2,0,0
145678,0,0,1.579,0,0,0,0,0,0,0,0,0,0,0,0,2,0,0
145688,0,0,1.579,0,0,0,0,0,0,0,0,0,0,0,0,2,0,0
145698,0,0,1.579,0,0,0,0,0,0,0,0,0,0,0,0,2,0,0
145708,0,0,1.579,0,0,0,0,0,0,0,0,0,0,0,0,2,0,0
145718,0,0,1.579,0,0,0,0,0,0,0,0,0,0,0,0,2,0,0
145728,0,0,1.579,0,0,0,0,0,0,0,0,0,0,0,0,2,0,0
145738,0,0,1.579,0,0,0,0,0,0,0,0,0,0,0,0,2,0,0
145748,0,0,1.579,0,0,0,0,0,0,0,0,0,0,0,0,2,0,0
145758,0,0,1.579,0,0,0,0,0,0,0,0,0,0,0,0,2,0,0
145768,0,0,1.579,0,0,0,0,0,0,0,0,0,0,0,0,2,0,0
145778,0,0,1.579,0,0,0,0,0,0,0,0,0,0,0,0,2,0,0
145788,0,0,1.579,0,0,0,0,0,0,0,0,0,0,0,0,2,0,0
145798,0,0,1.579,0,0,0,0,0,0,0,0,0,0,0,0,2,0,0
145808,0,0,1.579,0,0,0,0,0,0,0,0,0,0,0,0,2,0,0
145818,0,0,1.579,0,0,0,0,0,0,0,0,0,0,0,0,2,0,0
145828,0,0,1.579,0,0,0,0,0,0,0,0,0,0,0,0,2,0,0
145838,0,0,1.579,0,0,0,0,0,0,0,0,0,0,0,0,2,0,0
145848,0,0,1.579,0,0,0,0,0,0,0,0,0,0,0,0,2,0,0
145858,0,0,1.579,0,0,0,0,0,0,0,0,0,0,0,0,2,0,0
145868,0,0,1.579,0,0,0,0,0,0,0,0,0,0,0,0,2,0,0
145878,0,0,1.579,0,0,0,0,0,0,0,0,0,0,0,0,2,0,0
145888,0,0,1.579,0,0,0,0,0,0,0,0,0,0,0,0,2,0,0
145898,0,0,1.579,0,0,0,0,0,0,0,0,0,0,0,0,2,0,0
145908,0,0,1.579,0,0,0,0,0,0,0,0,0,0,0,0,2,0,0
145918,0,0,1.579,0,0,0,0,0,0,0,0,0,0,0,0,2,0,0
145928,0,0,1.579,0,0,0,0,0,0,0,0,0,0,0,0,2,0,0
145938,0,0,1.579,0,0,0,0,0,0,0,0,0,0,0,0,2,0,0
145948,0,0,1.579,0,0,0,0,0,0,0,0,0,0,0,0,2,0,0
145958,0,0,1.579,0,0,0,0,0,0,0,0,0,0,0,0,2,0,0
145968,0,0,1.579,0,0,0,0,0,0,0,0,0,0,0,0,2,0,0
145978,0,0,1.579,0,0,0,0,0,0,0,0,0,0,0,0,2,0,0
145988,0,0,1.579,0,0,0,0,0,0,0,0,0,0,0,0,2,0,0
145998,0,0,1.579,0,0,0,0,0,0,0,0,0,0,0,0,2,0,0
146008,0,0,1.579,0,0,0,0,0,0,0,0,0,0,0,0,2,0,0
146018,0,0,1.579,0,0,0,0,0,0,0,0,0,0,0,0,2,0,0
146028,0,0,1.579,0,0,0,0,0,0,0,0,0,0,0,0,2,0,0
146038,0,0,1.579,0,0,0,0,0,0,0,0,0,0,0,0,2,0,0
146048,0,0,1.579,0,0,0,0,0,0,0,0,0,0,0,0,2,0,0
146058,0,0,1.579,0,0,0,0,0,0,0,0,0,0,0,0,2,0,0
146068,0,0,1.579,0,0,0,0,0,0,0,0,0,0,0,0,2,0,0
146078,0,0,1.579,0,0,0,0,0,0,0,0,0,0,0,0,2,0,0
146088,0,0,1.579,0,0,0,0,0,0,0,0,0,0,0,0,2,0,0
146098,0,0,1.579,0,0,0,0,0,0,0,0,0,0,0,0,2,0,0
146108,0,0,1.579,0,0,0,0,0,0,0,0,0,0,0,0,2,0,0
146118,0,0,1.579,0,0,0,0,0,0,0,0,0,0,0,0,2,0,0
146128,0,0,1.579,0,0,0,0,0,0,0,0,0,0,0,0,2,0,0
146138,0,0,1.579,0,0,0,0,0,0,0,0,0,0,0,0,2,0,0
146148,0,0,1.579,0,0,0,0,0,0,0,0,0,0,0,0,2,0,0
146158,0,0,1.579,0,0,0,0,0,0,0,0,0,0,0,0,2,0,0
146168,0,0,1.579,0,0,0,0,0,0,0,0,0,0,0,0,2,0,0
146178,0,0,1.579,0,0,0,0,0,0,0,0,0,0,0,0,2,0,0
146188,0,0,1.579,0,0,0,0,0,0,0,0,0,0,0,0,2,0,0
146198,0,0,1.579,0,0,0,0,0,0,0,0,0,0,0,0,2,0,0
146208,0,0,1.579,0,0,0,0,0,0,0,0,0,0,0,0,2,0,0
146218,0,0,1.579,0,0,0,0,0,0,0,0,0,0,0,0,2,0,0
146228,0,0,1.579,0,0,0,0,0,0,0,0,0,0,0,0,2,0,0
146238,0,0,1.579,0,0,0,0,0,0,0,0,0,0,0,0,2,0,0
146248,0,0,1.579,0,0,0,0,0,0,0,0,0,0,0,0,2,0,0
146258,0,0,1.579,0,0,0,0,0,0,0,0,0,0,0,0,2,0,0
146268,0,0,1.579,0,0,0,0,0,0,0,0,0,0,0,0,2,0,0
146278,0,0,1.579,0,0,0,0,0,0,0,0,0,0,0,0,2,0,0
146288,0,0,1.579,0,0,0,0,0,0,0,0,0,0,0,0,2,0,0
146298,0,0,1.579,0,0,0,0,0,0,0,0,0,0,0,0,2,0,0
146308,0,0,1.579,0,0,0,0,0,0,0,0,0,0,0,0,2,0,0
146318,0,0,1.579,0,0,0,0,0,0,0,0,0,0,0,0,2,0,0
146328,0,0,1.579,0,0,0,0,0,0,0,0,0,0,0,0,2,0,0
146338,0,0,1.579,0,0,0,0,0,0,0,0,0,0,0,0,2,0,0
146348,0,0,1.579,0,0,0,0,0,0,0,0,0,0,0,0,2,0,0
146358,0,0,1.579,0,0,0,0,0,0,0,0,0,0,0,0,2,0,0
146368,0,0,1.579,0,0,0,0,0,0,0,0,0,0,0,0,2,0,0
146378,0,0,1.579,0,0,0,0,0,0,0,0,0,0,0,0,2,0,0
146388,0,0,1.579,0,0,0,0,0,0,0,0,0,0,0,0,2,0,0
146398,0,0,1.579,0,0,0,0,0,0,0,0,0,0,0,0,2,0,0
146408,0,0,1.579,0,0,0,0,0,0,0,0,0,0,0,0,2,0,0
146418,0,0,1.579,0,0,0,0,0,0,0,0,0,0,0,0,2,0,0
146428,0,0,1.579,0,0,0,0,0,0,0,0,0,0,0,0,2,0,0
146438,0,0,1.579,0,0,0,0,0,0,0,0,0,0,0,0,2,0,0
146448,0,0,1.579,0,0,0,0,0,0,0,0,0,0,0,0,2,0,0
146458,0,0,1.579,0,0,0,0,0,0,0,0,0,0,0,0,2,0,0
146468,0,0,1.579,0,0,0,0,0,0,0,0,0,0,0,0,2,0,0
146478,0,0,1.579,0,0,0,0,0,0,0,0,0,0,0,0,2,0,0
146488,0,0,1.579,0,0,0,0,0,0,0,0,0,0,0,0,2,0,0
146498,0,0,1.579,0,0,0,0,0,0,0,0,0,0,0,0,2,0,0
146508,0,0,1.579,0,0,0,0,0,0,0,0,0,0,0,0,2,0,0
146518,0,0,1.579,0,0,0,0,0,0,0,0,0,0,0,0,2,0,0
146528,0,0,1.579,0,0,0,0,0,0,0,0,0,0,0,0,2,0,0
146538,0,0,1.579,0,0,0,0,0,0,0,0,0,0,0,0,2,0,0
146548,0,0,1.579,0,0,0,0,0,0,0,0,0,0,0,0,2,0,0
146558,0,0,1.579,0,0,0,0,0,0,0,0,0,0,0,0,2,0,0
146568,0,0,1.579,0,0,0,0,0,0,0,0,0,0,0,0,2,0,0
146578,0,0,1.579,0,0,0,0,0,0,0,0,0,0,0,0,2,0,0
146588,0,0,1.579,0,0,0,0,0,0,0,0,0,0,0,0,2,0,0
146598,0,0,1.579,0,0,0,0,0,0,0,0,0,0,0,0,2,0,0
146608,0,0,1.579,0,0,0,0,0,0,0,0,0,0,0,0,2,0,0
146618,0,0,1.579,0,0,0,0,0,0,0,0,0,0,0,0,2,0,0
146628,0,0,1.579,0,0,0,0,0,0,0,0,0,0,0,0,2,0,0
146638,0,0,1.579,0,0,0,0,0,0,0,0,0,0,0,0,2,0,0
146648,0,0,1.579,0,0,0,0,0,0,0,0,0,0,0,0,2,0,0
146658,0,0,1.579,0,0,0,0,0,0,0,0,0,0,0,0,2,0,0
146668,0,0,1.579,0,0,0,0,0,0,0,0,0,0,0,0,2,0,0
146678,0,0,1.579,0,0,0,0,0,0,0,0,0,0,0,0,2,0,0
146688,0,0,1.579,0,0,0,0,0,0,0,0,0,0,0,0,2,0,0
146698,0,0,1.579,0,0,0,0,0,0,0,0,0,0,0,0,2,0,0
146708,0,0,1.579,0,0,0,0,0,0,0,0,0,0,0,0,2,0,0
146718,0,0,1.579,0,0,0,0,0,0,0,0,0,0,0,0,2,0,0
146728,0,0,1.579,0,0,0,0,0,0,0,0,0,0,0,0,2,0,0
146738,0,0,1.579,0,0,0,0,0,0,0,0,0,0,0,0,2,0,0
146748,0,0,1.579,0,0,0,0,0,0,0,0,0,0,0,0,2,0,0
146758,0,0,1.579,0,0,0,0,0,0,0,0,0,0,0,0,2,0,0
146768,0,0,1.579,0,0,0,0,0,0,0,0,0,0,0,0,2,0,0
146778,0,0,1.579,0,0,0,0,0,0,0,0,0,0,0,0,2,0,0
146788,0,0,1.579,0,0,0,0,0,0,0,0,0,0,0,0,2,0,0
146798,0,0,1.579,0,0,0,0,0,0,0,0,0,0,0,0,2,0,0
146808,0,0,1.579,0,0,0,0,0,0,0,0,0,0,0,0,2,0,0
146818,0,0,1.579,0,0,0,0,0,0,0,0,0,0,0,0,2,0,0
146828,0,0,1.579,0,0,0,0,0,0,0,0,0,0,0,0,2,0,0
146838,0,0,1.579,0,0,0,0,0,0,0,0,0,0,0,0,2,0,0
146848,0,0,1.579,0,0,0,0,0,0,0,0,0,0,0,0,2,0,0
146858,0,0,1.579,0,0,0,0,0,0,0,0,0,0,0,0,2,0,0
146868,0,0,1.579,0,0,0,0,0,0,0,0,0,0,0,0,2,0,0
146878,0,0,1.579,0,0,0,0,0,0,0,0,0,0,0,0,2,0,0
146888,0,0,1.579,0,0,0,0,0,0,0,0,0,0,0,0,2,0,0
146898,0,0,1.579,0,0,0,0,0,0,0,0,0,0,0,0,2,0,0
146908,0,0,1.579,0,0,0,0,0,0,0,0,0,0,0,0,2,0,0
146918,0,0,1.579,0,0,0,0,0,0,0,0,0,0,0,0,2,0,0
146928,0,0,1.579,0,0,0,0,0,0,0,0,0,0,0,0,2,0,0
146938,0,0,1.579,0,0,0,0,0,0,0,0,0,0,0,0,2,0,0
146948,0,0,1.579,0,0,0,0,0,0,0,0,0,0,0,0,2,0,0
146958,0,0,1.579,0,0,0,0,0,0,0,0,0,0,0,0,2,0,0
146968,0,0,1.579,0,0,0,0,0,0,0,0,0,0,0,0,2,0,0
146978,0,0,1.579,0,0,0,0,0,0,0,0,0,0,0,0,2,0,0
146988,0,0,1.579,0,0,0,0,0,0,0,0,0,0,0,0,2,0,0
146998,0,0,1.579,0,0,0,0,0,0,0,0,0,0,0,0,2,0,0
147008,0,0,1.579,0,0,0,0,0,0,0,0,0,0,0,0,2,0,0
147018,0,0,1.579,0,0,0,0,0,0,0,0,0,0,0,0,2,0,0
147028,0,0,1.579,0,0,0,0,0,0,0,0,0,0,0,0,2,0,0
147038,0,0,1.579,0,0,0,0,0,0,0,0,0,0,0,0,2,0,0
147048,0,0,1.579,0,0,0,0,0,0,0,0,0,0,0,0,2,0,0
147058,0,0,1.579,0,0,0,0,0,0,0,0,0,0,0,0,2,0,0
147068,0,0,1.579,0,0,0,0,0,0,0,0,0,0,0,0,2,0,0
147078,0,0,1.579,0,0,0,0,0,0,0,0,0,0,0,0,2,0,0
147088,0,0,1.579,0,0,0,0,0,0,0,0,0,0,0,0,2,0,0
147098,0,0,1.579,0,0,0,0,0,0,0,0,0,0,0,0,2,0,0
147108,0,0,1.579,0,0,0,0,0,0,0,0,0,0,0,0,2,0,0
147118,0,0,1.579,0,0,0,0,0,0,0,0,0,0,0,0,2,0,0
147128,0,0,1.579,0,0,0,0,0,0,0,0,0,0,0,0,2,0,0
147138,0,0,1.579,0,0,0,0,0,0,0,0,0,0,0,0,2,0,0
147148,0,0,1.579,0,0,0,0,0,0,0,0,0,0,0,0,2,0,0
147158,0,0,1.579,0,0,0,0,0,0,0,0,0,0,0,0,2,0,0
147168,0,0,1.579,0,0,0,0,0,0,0,0,0,0,0,0,2,0,0
147178,0,0,1.579,0,0,0,0,0,0,0,0,0,0,0,0,2,0,0
147188,0,0,1.579,0,0,0,0,0,0,0,0,0,0,0,0,2,0,0
147198,0,0,1.579,0,0,0,0,0,0,0,0,0,0,0,0,2,0,0
147208,0,0,1.579,0,0,0,0,0,0,0,0,0,0,0,0,2,0,0
147218,0,0,1.579,0,0,0,0,0,0,0,0,0,0,0,0,2,0,0
147228,0,0,1.579,0,0,0,0,0,0,0,0,0,0,0,0,2,0,0
147238,0,0,1.579,0,0,0,0,0,0,0,0,0,0,0,0,2,0,0
147248,0,0,1.579,0,0,0,0,0,0,0,0,0,0,0,0,2,0,0
147258,0,0,1.579,0,0,0,0,0,0,0,0,0,0,0,0,2,0,0
147268,0,0,1.579,0,0,0,0,0,0,0,0,0,0,0,0,2,0,0
147278,0,0,1.579,0,0,0,0,0,0,0,0,0,0,0,0,2,0,0
147288,0,0,1.579,0,0,0,0,0,0,0,0,0,0,0,0,2,0,0
147298,0,0,1.579,0,0,0,0,0,0,0,0,0,0,0,0,2,0,0
147308,0,0,1.579,0,0,0,0,0,0,0,0,0,0,0,0,2,0,0
147318,0,0,1.579,0,0,0,0,0,0,0,0,0,0,0,0,2,0,0
147328,0,0,1.579,0,0,0,0,0,0,0,0,0,0,0,0,2,0,0
147338,0,0,1.579,0,0,0,0,0,0,0,0,0,0,0,0,2,0,0
147348,0,0,1.579,0,0,0,0,0,0,0,0,0,0,0,0,2,0,0
147358,0,0,1.579,0,0,0,0,0,0,0,0,0,0,0,0,2,0,0
147368,0,0,1.579,0,0,0,0,0,0,0,0,0,0,0,0,2,0,0
147378,0,0,1.579,0,0,0,0,0,0,0,0,0,0,0,0,2,0,0
147388,0,0,1.579,0,0,0,0,0,0,0,0,0,0,0,0,2,0,0
147398,0,0,1.579,0,0,0,0,0,0,0,0,0,0,0,0,2,0,0
147408,0,0,1.579,0,0,0,0,0,0,0,0,0,0,0,0,2,0,0
147418,0,0,1.579,0,0,0,0,0,0,0,0,0,0,0,0,2,0,0
147428,0,0,1.579,0,0,0,0,0,0,0,0,0,0,0,0,2,0,0
147438,0,0,1.579,0,0,0,0,0,0,0,0,0,0,0,0,2,0,0
147448,0,0,1.579,0,0,0,0,0,0,0,0,0,0,0,0,2,0,0
147458,0,0,1.579,0,0,0,0,0,0,0,0,0,0,0,0,2,0,0
147468,0,0,1.579,0,0,0,0,0,0,0,0,0,0,0,0,2,0,0
147478,0,0,1.579,0,0,0,0,0,0,0,0,0,0,0,0,2,0,0
147488,0,0,1.579,0,0,0,0,0,0,0,0,0,0,0,0,2,0,0
147498,0,0,1.579,0,0,0,0,0,0,0,0,0,0,0,0,2,0,0
147508,0,0,1.579,0,0,0,0,0,0,0,0,0,0,0,0,2,0,0
147518,0,0,1.579,0,0,0,0,0,0,0,0,0,0,0,0,2,0,0
147528,0,0,1.579,0,0,0,0,0,0,0,0,0,0,0,0,2,0,0
147538,0,0,1.579,0,0,0,0,0,0,0,0,0,0,0,0,2,0,0
147548,0,0,1.579,0,0,0,0,0,0,0,0,0,0,0,0,2,0,0
147558,0,0,1.579,0,0,0,0,0,0,0,0,0,0,0,0,2,0,0
147568,0,0,1.579,0,0,0,0,0,0,0,0,0,0,0,0,2,0,0
147578,0,0,1.579,0,0,0,0,0,0,0,0,0,0,0,0,2,0,0
147588,0,0,1.579,0,0,0,0,0,0,0,0,0,0,0,0,2,0,0
147598,0,0,1.579,0,0,0,0,0,0,0,0,0,0,0,0,2,0,0
147608,0,0,1.579,0,0,0,0,0,0,0,0,0,0,0,0,2,0,0
147618,0,0,1.579,0,0,0,0,0,0,0,0,0,0,0,0,2,0,0
147628,0,0,1.579,0,0,0,0,0,0,0,0,0,0,0,0,2,0,0
147638,0,0,1.579,0,0,0,0,0,0,0,0,0,0,0,0,2,0,0
147648,0,0,1.579,0,0,0,0,0,0,0,0,0,0,0,0,2,0,0
147658,0,0,1.579,0,0,0,0,0,0,0,0,0,0,0,0,2,0,0
147668,0,0,1.579,0,0,0,0,0,0,0,0,0,0,0,0,2,0,0
147678,0,0,1.579,0,0,0,0,0,0,0,0,0,0,0,0,2,0,0
147688,0,0,1.579,0,0,0,0,0,0,0,0,0,0,0,0,2,0,0
147698,0,0,1.579,0,0,0,0,0,0,0,0,0,0,0,0,2,0,0
147708,0,0,1.579,0,0,0,0,0,0,0,0,0,0,0,0,2,0,0
147718,0,0,1.579,0,0,0,0,0,0,0,0,0,0,0,0,2,0,0
147728,0,0,1.579,0,0,0,0,0,0,0,0,0,0,0,0,2,0,0
147738,0,0,1.579,0,0,0,0,0,0,0,0,0,0,0,0,2,0,0
147748,0,0,1.579,0,0,0,0,0,0,0,0,0,0,0,0,2,0,0
147758,0,0,1.579,0,0,0,0,0,0,0,0,0,0,0,0,2,0,0
147768,0,0,1.579,0,0,0,0,0,0,0,0,0,0,0,0,2,0,0
147778,0,0,1.579,0,0,0,0,0,0,0,0,0,0,0,0,2,0,0
147788,0,0,1.579,0,0,0,0,0,0,0,0,0,0,0,0,2,0,0
147798,0,0,1.579,0,0,0,0,0,0,0,0,0,0,0,0,2,0,0
147808,0,0,1.579,0,0,0,0,0,0,0,0,0,0,0,0,2,0,0
147818,0,0,1.579,0,0,0,0,0,0,0,0,0,0,0,0,2,0,0
147828,0,0,1.579,0,0,0,0,0,0,0,0,0,0,0,0,2,0,0
147838,0,0,1.579,0,0,0,0,0,0,0,0,0,0,0,0,2,0,0
147848,0,0,1.579,0,0,0,0,0,0,0,0,0,0,0,0,2,0,0
147858,0,0,1.579,0,0,0,0,0,0,0,0,0,0,0,0,2,0,0
147868,0,0,1.579,0,0,0,0,0,0,0,0,0,0,0,0,2,0,0
147878,0,0,1.579,0,0,0,0,0,0,0,0,0,0,0,0,2,0,0
147888,0,0,1.579,0,0,0,0,0,0,0,0,0,0,0,0,2,0,0
147898,0,0,1.579,0,0,0,0,0,0,0,0,0,0,0,0,2,0,0
147908,0,0,1.579,0,0,0,0,0,0,0,0,0,0,0,0,2,0,0
147918,0,0,1.579,0,0,0,0,0,0,0,0,0,0,0,0,2,0,0
147928,0,0,1.579,0,0,0,0,0,0,0,0,0,0,0,0,2,0,0
147938,0,0,1.579,0,0,0,0,0,0,0,0,0,0,0,0,2,0,0
147948,0,0,1.579,0,0,0,0,0,0,0,0,0,0,0,0,2,0,0
147958,0,0,1.579,0,0,0,0,0,0,0,0,0,0,0,0,2,0,0
147968,0,0,1.579,0,0,0,0,0,0,0,0,0,0,0,0,2,0,0
147978,0,0,1.579,0,0,0,0,0,0,0,0,0,0,0,0,2,0,0
147988,0,0,1.579,0,0,0,0,0,0,0,0,0,0,0,0,2,0,0
147998,0,0,1.579,0,0,0,0,0,0,0,0,0,0,0,0,2,0,0
148008,0,0,1.579,0,0,0,0,0,0,0,0,0,0,0,0,2,0,0
148018,0,0,1.579,0,0,0,0,0,0,0,0,0,0,0,0,2,0,0
148028,0,0,1.579,0,0,0,0,0,0,0,0,0,0,0,0,2,0,0
148038,0,0,1.579,0,0,0,0,0,0,0,0,0,0,0,0,2,0,0
148048,0,0,1.579,0,0,0,0,0,0,0,0,0,0,0,0,2,0,0
148058,0,0,1.579,0,0,0,0,0,0,0,0,0,0,0,0,2,0,0
148068,0,0,1.579,0,0,0,0,0,0,0,0,0,0,0,0,2,0,0
148078,0,0,1.579,0,0,0,0,0,0,0,0,0,0,0,0,2,0,0
148088,0,0,1.579,0,0,0,0,0,0,0,0,0,0,0,0,2,0,0
148098,0,0,1.579,0,0,0,0,0,0,0,0,0,0,0,0,2,0,0
148108,0,0,1.579,0,0,0,0,0,0,0,0,0,0,0,0,2,0,0
148118,0,0,1.579,0,0,0,0,0,0,0,0,0,0,0,0,2,0,0
148128,0,0,1.579,0,0,0,0,0,0,0,0,0,0,0,0,2,0,0
148138,0,0,1.579,0,0,0,0,0,0,0,0,0,0,0,0,2,0,0
148148,0,0,1.579,0,0,0,0,0,0,0,0,0,0,0,0,2,0,0
148158,0,0,1.579,0,0,0,0,0,0,0,0,0,0,0,0,2,0,0
148168,0,0,1.579,0,0,0,0,0,0,0,0,0,0,0,0,2,0,0
148178,0,0,1.579,0,0,0,0,0,0,0,0,0,0,0,0,2,0,0
148188,0,0,1.579,0,0,0,0,0,0,0,0,0,0,0,0,2,0,0
148198,0,0,1.579,0,0,0,0,0,0,0,0,0,0,0,0,2,0,0
148208,0,0,1.579,0,0,0,0,0,0,0,0,0,0,0,0,2,0,0
148218,0,0,1.579,0,0,0,0,0,0,0,0,0,0,0,0,2,0,0
148228,0,0,1.579,0,0,0,0,0,0,0,0,0,0,0,0,2,0,0
148238,0,0,1.579,0,0,0,0,0,0,0,0,0,0,0,0,2,0,0
148248,0,0,1.579,0,0,0,0,0,0,0,0,0,0,0,0,2,0,0
148258,0,0,1.579,0,0,0,0,0,0,0,0,0,0,0,0,2,0,0
148268,0,0,1.579,0,0,0,0,0,0,0,0,0,0,0,0,2,0,0
148278,0,0,1.579,0,0,0,0,0,0,0,0,0,0,0,0,2,0,0
148288,0,0,1.579,0,0,0,0,0,0,0,0,0,0,0,0,2,0,0
148298,0,0,1.579,0,0,0,0,0,0,0,0,0,0,0,0,2,0,0
148308,0,0,1.579,0,0,0,0,0,0,0,0,0,0,0,0,2,0,0
148318,0,0,1.579,0,0,0,0,0,0,0,0,0,0,0,0,2,0,0
148328,0,0,1.579,0,0,0,0,0,0,0,0,0,0,0,0,2,0,0
148338,0,0,1.579,0,0,0,0,0,0,0,0,0,0,0,0,2,0,0
148348,0,0,1.579,0,0,0,0,0,0,0,0,0,0,0,0,2,0,0
148358,0,0,1.579,0,0,0,0,0,0,0,0,0,0,0,0,2,0,0
148368,0,0,1.579,0,0,0,0,0,0,0,0,0,0,0,0,2,0,0
148378,0,0,1.579,0,0,0,0,0,0,0,0,0,0,0,0,2,0,0
148388,0,0,1.579,0,0,0,0,0,0,0,0,0,0,0,0,2,0,0
148398,0,0,1.579,0,0,0,0,0,0,0,0,0,0,0,0,2,0,0
148408,0,0,1.579,0,0,0,0,0,0,0,0,0,0,0,0,2,0,0
148418,0,0,1.579,0,0,0,0,0,0,0,0,0,0,0,0,2,0,0
148428,0,0,1.579,0,0,0,0,0,0,0,0,0,0,0,0,2,0,0
148438,0,0,1.579,0,0,0,0,0,0,0,0,0,0,0,0,2,0,0
148448,0,0,1.579,0,0,0,0,0,0,0,0,0,0,0,0,2,0,0
148458,0,0,1.579,0,0,0,0,0,0,0,0,0,0,0,0,2,0,0
148468,0,0,1.579,0,0,0,0,0,0,0,0,0,0,0,0,2,0,0
148478,0,0,1.579,0,0,0,0,0,0,0,0,0,0,0,0,2,0,0
148488,0,0,1.579,0,0,0,0,0,0,0,0,0,0,0,0,2,0,0
148498,0,0,1.579,0,0,0,0,0,0,0,0,0,0,0,0,2,0,0
148508,0,0,1.579,0,0,0,0,0,0,0,0,0,0,0,0,2,0,0
148518,0,0,1.579,0,0,0,0,0,0,0,0,0,0,0,0,2,0,0
148528,0,0,1.579,0,0,0,0,0,0,0,0,0,0,0,0,2,0,0
148538,0,0,1.579,0,0,0,0,0,0,0,0,0,0,0,0,2,0,0
148548,0,0,1.579,0,0,0,0,0,0,0,0,0,0,0,0,2,0,0
148558,0,0,1.579,0,0,0,0,0,0,0,0,0,0,0,0,2,0,0
148568,0,0,1.579,0,0,0,0,0,0,0,0,0,0,0,0,2,0,0
148578,0,0,1.579,0,0,0,0,0,0,0,0,0,0,0,0,2,0,0
148588,0,0,1.579,0,0,0,0,0,0,0,0,0,0,0,0,2,0,0
148598,0,0,1.579,0,0,0,0,0,0,0,0,0,0,0,0,2,0,0
148608,0,0,1.579,0,0,0,0,0,0,0,0,0,0,0,0,2,0,0
148618,0,0,1.579,0,0,0,0,0,0,0,0,0,0,0,0,2,0,0
148628,0,0,1.579,0,0,0,0,0,0,0,0,0,0,0,0,2,0,0
148638,0,0,1.579,0,0,0,0,0,0,0,0,0,0,0,0,2,0,0
148648,0,0,1.579,0,0,0,0,0,0,0,0,0,0,0,0,2,0,0
148658,0,0,1.579,0,0,0,0,0,0,0,0,0,0,0,0,2,0,0
148668,0,0,1.579,0,0,0,0,0,0,0,0,0,0,0,0,2,0,0
148678,0,0,1.579,0,0,0,0,0,0,0,0,0,0,0,0,2,0,0
148688,0,0,1.579,0,0,0,0,0,0,0,0,0,0,0,0,2,0,0
148698,0,0,1.579,0,0,0,0,0,0,0,0,0,0,0,0,2,0,0
148708,0,0,1.579,0,0,0,0,0,0,0,0,0,0,0,0,2,0,0
148718,0,0,1.579,0,0,0,0,0,0,0,0,0,0,0,0,2,0,0
148728,0,0,1.579,0,0,0,0,0,0,0,0,0,0,0,0,2,0,0
148738,0,0,1.579,0,0,0,0,0,0,0,0,0,0,0,0,2,0,0
148748,0,0,1.579,0,0,0,0,0,0,0,0,0,0,0,0,2,0,0
148758,0,0,1.579,0,0,0,0,0,0,0,0,0,0,0,0,2,0,0
148768,0,0,1.579,0,0,0,0,0,0,0,0,0,0,0,0,2,0,0
148778,0,0,1.579,0,0,0,0,0,0,0,0,0,0,0,0,2,0,0
148788,0,0,1.579,0,0,0,0,0,0,0,0,0,0,0,0,2,0,0
148798,0,0,1.579,0,0,0,0,0,0,0,0,0,0,0,0,2,0,0
148808,0,0,1.579,0,0,0,0,0,0,0,0,0,0,0,0,2,0,0
148818,0,0,1.579,0,0,0,0,0,0,0,0,0,0,0,0,2,0,0
148828,0,0,1.579,0,0,0,0,0,0,0,0,0,0,0,0,2,0,0
148838,0,0,1.579,0,0,0,0,0,0,0,0,0,0,0,0,2,0,0
148848,0,0,1.579,0,0,0,0,0,0,0,0,0,0,0,0,2,0,0
148858,0,0,1.579,0,0,0,0,0,0,0,0,0,0,0,0,2,0,0
148868,0,0,1.579,0,0,0,0,0,0,0,0,0,0,0,0,2,0,0
148878,0,0,1.579,0,0,0,0,0,0,0,0,0,0,0,0,2,0,0
148888,0,0,1.579,0,0,0,0,0,0,0,0,0,0,0,0,2,0,0
148898,0,0,1.579,0,0,0,0,0,0,0,0,0,0,0,0,2,0,0
148908,0,0,1.579,0,0,0,0,0,0,0,0,0,0,0,0,2,0,0
148918,0,0,1.579,0,0,0,0,0,0,0,0,0,0,0,0,2,0,0
148928,0,0,1.579,0,0,0,0,0,0,0,0,0,0,0,0,2,0,0
148938,0,0,1.579,0,0,0,0,0,0,0,0,0,0,0,0,2,0,0
148948,0,0,1.579,0,0,0,0,0,0,0,0,0,0,0,0,2,0,0
148958,0,0,1.579,0,0,0,0,0,0,0,0,0,0,0,0,2,0,0
148968,0,0,1.579,0,0,0,0,0,0,0,0,0,0,0,0,2,0,0
148978,0,0,1.579,0,0,0,0,0,0,0,0,0,0,0,0,2,0,0
148988,0,0,1.579,0,0,0,0,0,0,0,0,0,0,0,0,2,0,0
148998,0,0,1.579,0,0,0,0,0,0,0,0,0,0,0,0,2,0,0
149008,0,0,1.579,0,0,0,0,0,0,0,0,0,0,0,0,2,0,0
149018,0,0,1.579,0,0,0,0,0,0,0,0,0,0,0,0,2,0,0
149028,0,0,1.579,0,0,0,0,0,0,0,0,0,0,0,0,2,0,0
149038,0,0,1.579,0,0,0,0,0,0,0,0,0,0,0,0,2,0,0
149048,0,0,1.579,0,0,0,0,0,0,0,0,0,0,0,0,2,0,0
149058,0,0,1.579,0,0,0,0,0,0,0,0,0,0,0,0,2,0,0
149068,0,0,1.579,0,0,0,0,0,0,0,0,0,0,0,0,2,0,0
149078,0,0,1.579,0,0,0,0,0,0,0,0,0,0,0,0,2,0,0
149088,0,0,1.579,0,0,0,0,0,0,0,0,0,0,0,0,2,0,0
149098,0,0,1.579,0,0,0,0,0,0,0,0,0,0,0,0,2,0,0
149108,0,0,1.579,0,0,0,0,0,0,0,0,0,0,0,0,2,0,0
149118,0,0,1.579,0,0,0,0,0,0,0,0,0,0,0,0,2,0,0
149128,0,0,1.579,0,0,0,0,0,0,0,0,0,0,0,0,2,0,0
149138,0,0,1.579,0,0,0,0,0,0,0,0,0,0,0,0,2,0,0
149148,0,0,1.579,0,0,0,0,0,0,0,0,0,0,0,0,2,0,0
149158,0,0,1.579,0,0,0,0,0,0,0,0,0,0,0,0,2,0,0
149168,0,0,1.579,0,0,0,0,0,0,0,0,0,0,0,0,2,0,0
149178,0,0,1.579,0,0,0,0,0,0,0,0,0,0,0,0,2,0,0
149188,0,0,1.579,0,0,0,0,0,0,0,0,0,0,0,0,2,0,0
149198,0,0,1.579,0,0,0,0,0,0,0,0,0,0,0,0,2,0,0
149208,0,0,1.579,0,0,0,0,0,0,0,0,0,0,0,0,2,0,0
149218,0,0,1.579,0,0,0,0,0,0,0,0,0,0,0,0,2,0,0
149228,0,0,1.579,0,0,0,0,0,0,0,0,0,0,0,0,2,0,0
149238,0,0,1.579,0,0,0,0,0,0,0,0,0,0,0,0,2,0,0
149248,0,0,1.579,0,0,0,0,0,0,0,0,0,0,0,0,2,0,0
149258,0,0,1.579,0,0,0,0,0,0,0,0,0,0,0,0,2,0,0
149268,0,0,1.579,0,0,0,0,0,0,0,0,0,0,0,0,2,0,0
149278,0,0,1.579,0,0,0,0,0,0,0,0,0,0,0,0,2,0,0
149288,0,0,1.579,0,0,0,0,0,0,0,0,0,0,0,0,2,0,0
149298,0,0,1.579,0,0,0,0,0,0,0,0,0,0,0,0,2,0,0
149308,0,0,1.579,0,0,0,0,0,0,0,0,0,0,0,0,2,0,0
149318,0,0,1.579,0,0,0,0,0,0,0,0,0,0,0,0,2,0,0
149328,0,0,1.579,0,0,0,0,0,0,0,0,0,0,0,0,2,0,0
149338,0,0,1.579,0,0,0,0,0,0,0,0,0,0,0,0,2,0,0
149348,0,0,1.579,0,0,0,0,0,0,0,0,0,0,0,0,2,0,0
149358,0,0,1.579,0,0,0,0,0,0,0,0,0,0,0,0,2,0,0
149368,0,0,1.579,0,0,0,0,0,0,0,0,0,0,0,0,2,0,0
149378,0,0,1.579,0,0,0,0,0,0,0,0,0,0,0,0,2,0,0
149388,0,0,1.579,0,0,0,0,0,0,0,0,0,0,0,0,2,0,0
149398,0,0,1.579,0,0,0,0,0,0,0,0,0,0,0,0,2,0,0
149408,0,0,1.579,0,0,0,0,0,0,0,0,0,0,0,0,2,0,0
149418,0,0,1.579,0,0,0,0,0,0,0,0,0,0,0,0,2,0,0
149428,0,0,1.579,0,0,0,0,0,0,0,0,0,0,0,0,2,0,0
149438,0,0,1.579,0,0,0,0,0,0,0,0,0,0,0,0,2,0,0
149448,0,0,1.579,0,0,0,0,0,0,0,0,0,0,0,0,2,0,0
149458,0,0,1.579,0,0,0,0,0,0,0,0,0,0,0,0,2,0,0
149468,0,0,1.579,0,0,0,0,0,0,0,0,0,0,0,0,2,0,0
149478,0,0,1.579,0,0,0,0,0,0,0,0,0,0,0,0,2,0,0
149488,0,0,1.579,0,0,0,0,0,0,0,0,0,0,0,0,2,0,0
149498,0,0,1.579,0,0,0,0,0,0,0,0,0,0,0,0,2,0,0
149508,0,0,1.579,0,0,0,0,0,0,0,0,0,0,0,0,2,0,0
149518,0,0,1.579,0,0,0,0,0,0,0,0,0,0,0,0,2,0,0
149528,0,0,1.579,0,0,0,0,0,0,0,0,0,0,0,0,2,0,0
149538,0,0,1.579,0,0,0,0,0,0,0,0,0,0,0,0,2,0,0
149548,0,0,1.579,0,0,0,0,0,0,0,0,0,0,0,0,2,0,0
149558,0,0,1.579,0,0,0,0,0,0,0,0,0,0,0,0,2,0,0
149568,0,0,1.579,0,0,0,0,0,0,0,0,0,0,0,0,2,0,0
149578,0,0,1.579,0,0,0,0,0,0,0,0,0,0,0,0,2,0,0
149588,0,0,1.579,0,0,0,0,0,0,0,0,0,0,0,0,2,0,0
149598,0,0,1.579,0,0,0,0,0,0,0,0,0,0,0,0,2,0,0
149608,0,0,1.579,0,0,0,0,0,0,0,0,0,0,0,0,2,0,0
149618,0,0,1.579,0,0,0,0,0,0,0,0,0,0,0,0,2,0,0
149628,0,0,1.579,0,0,0,0,0,0,0,0,0,0,0,0,2,0,0
149638,0,0,1.579,0,0,0,0,0,0,0,0,0,0,0,0,2,0,0
149648,0,0,1.579,0,0,0,0,0,0,0,0,0,0,0,0,2,0,0
149658,0,0,1.579,0,0,0,0,0,0,0,0,0,0,0,0,2,0,0
149668,0,0,1.579,0,0,0,0,0,0,0,0,0,0,0,0,2,0,0
149678,0,0,1.579,0,0,0,0,0,0,0,0,0,0,0,0,2,0,0
149688,0,0,1.579,0,0,0,0,0,0,0,0,0,0,0,0,2,0,0
149698,0,0,1.579,0,0,0,0,0,0,0,0,0,0,0,0,2,0,0
149708,0,0,1.579,0,0,0,0,0,0,0,0,0,0,0,0,2,0,0
149718,0,0,1.579,0,0,0,0,0,0,0,0,0,0,0,0,2,0,0
149728,0,0,1.579,0,0,0,0,0,0,0,0,0,0,0,0,2,0,0
149738,0,0,1.579,0,0,0,0,0,0,0,0,0,0,0,0,2,0,0
149748,0,0,1.579,0,0,0,0,0,0,0,0,0,0,0,0,2,0,0
149758,0,0,1.579,0,0,0,0,0,0,0,0,0,0,0,0,2,0,0
149768,0,0,1.579,0,0,0,0,0,0,0,0,0,0,0,0,2,0,0
149778,0,0,1.579,0,0,0,0,0,0,0,0,0,0,0,0,2,0,0
149788,0,0,1.579,0,0,0,0,0,0,0,0,0,0,0,0,2,0,0
149798,0,0,1.579,0,0,0,0,0,0,0,0,0,0,0,0,2,0,0
149808,0,0,1.579,0,0,0,0,0,0,0,0,0,0,0,0,2,0,0
149818,0,0,1.579,0,0,0,0,0,0,0,0,0,0,0,0,2,0,0
149828,0,0,1.579,0,0,0,0,0,0,0,0,0,0,0,0,2,0,0
149838,0,0,1.579,0,0,0,0,0,0,0,0,0,0,0,0,2,0,0
149848,0,0,1.579,0,0,0,0,0,0,0,0,0,0,0,0,2,0,0
149858,0,0,1.579,0,0,0,0,0,0,0,0,0,0,0,0,2,0,0
149868,0,0,1.579,0,0,0,0,0,0,0,0,0,0,0,0,2,0,0
149878,0,0,1.579,0,0,0,0,0,0,0,0,0,0,0,0,2,0,0
149888,0,0,1.579,0,0,0,0,0,0,0,0,0,0,0,0,2,0,0
149898,0,0,1.579,0,0,0,0,0,0,0,0,0,0,0,0,2,0,0
149908,0,0,1.579,0,0,0,0,0,0,0,0,0,0,0,0,2,0,0
149918,0,0,1.579,0,0,0,0,0,0,0,0,0,0,0,0,2,0,0
149928,0,0,1.579,0,0,0,0,0,0,0,0,0,0,0,0,2,0,0
149938,0,0,1.579,0,0,0,0,0,0,0,0,0,0,0,0,2,0,0
149948,0,0,1.579,0,0,0,0,0,0,0,0,0,0,0,0,2,0,0
149958,0,0,1.579,0,0,0,0,0,0,0,0,0,0,0,0,2,0,0
149968,0,0,1.579,0,0,0,0,0,0,0,0,0,0,0,0,2,0,0
149978,0,0,1.579,0,0,0,0,0,0,0,0,0,0,0,0,2,0,0
149988,0,0,1.579,0,0,0,0,0,0,0,0,0,0,0,0,2,0,0
149998,0,0,1.579,0,0,0,0,0,0,0,0,0,0,0,0,2,0,0
150008,0,0,1.579,0,0,0,0,0,0,0,0,0,0,0,0,2,0,0
150018,0,0,1.579,0,0,0,0,0,0,0,0,0,0,0,0,2,0,0
150028,0,0,1.579,0,0,0,0,0,0,0,0,0,0,0,0,2,0,0
150038,0,0,1.579,0,0,0,0,0,0,0,0,0,0,0,0,2,0,0
150048,0,0,1.579,0,0,0,0,0,0,0,0,0,0,0,0,2,0,0
150058,0,0,1.579,0,0,0,0,0,0,0,0,0,0,0,0,2,0,0
150068,0,0,1.579,0,0,0,0,0,0,0,0,0,0,0,0,2,0,0
150078,0,0,1.579,0,0,0,0,0,0,0,0,0,0,0,0,2,0,0
150088,0,0,1.579,0,0,0,0,0,0,0,0,0,0,0,0,2,0,0
150098,0,0,1.579,0,0,0,0,0,0,0,0,0,0,0,0,2,0,0
150108,0,0,1.579,0,0,0,0,0,0,0,0,0,0,0,0,2,0,0
150118,0,0,1.579,0,0,0,0,0,0,0,0,0,0,0,0,2,0,0
150128,0,0,1.579,0,0,0,0,0,0,0,0,0,0,0,0,2,0,0
150138,0,0,1.579,0,0,0,0,0,0,0,0,0,0,0,0,2,0,0
150148,0,0,1.579,0,0,0,0,0,0,0,0,0,0,0,0,2,0,0
150158,0,0,1.579,0,0,0,0,0,0,0,0,0,0,0,0,2,0,0
150168,0,0,1.579,0,0,0,0,0,0,0,0,0,0,0,0,2,0,0
150178,0,0,1.579,0,0,0,0,0,0,0,0,0,0,0,0,2,0,0
150188,0,0,1.579,0,0,0,0,0,0,0,0,0,0,0,0,2,0,0
150198,0,0,1.579,0,0,0,0,0,0,0,0,0,0,0,0,2,0,0
150208,0,0,1.579,0,0,0,0,0,0,0,0,0,0,0,0,2,0,0
150218,0,0,1.579,0,0,0,0,0,0,0,0,0,0,0,0,2,0,0
150228,0,0,1.579,0,0,0,0,0,0,0,0,0,0,0,0,2,0,0
150238,0,0,1.579,0,0,0,0,0,0,0,0,0,0,0,0,2,0,0
150248,0,0,1.579,0,0,0,0,0,0,0,0,0,0,0,0,2,0,0
150258,0,0,1.579,0,0,0,0,0,0,0,0,0,0,0,0,2,0,0
150268,0,0,1.579,0,0,0,0,0,0,0,0,0,0,0,0,2,0,0
150278,0,0,1.579,0,0,0,0,0,0,0,0,0,0,0,0,2,0,0
150288,0,0,1.579,0,0,0,0,0,0,0,0,0,0,0,0,2,0,0
150298,0,0,1.579,0,0,0,0,0,0,0,0,0,0,0,0,2,0,0
150308,0,0,1.579,0,0,0,0,0,0,0,0,0,0,0,0,2,0,0
150318,0,0,1.579,0,0,0,0,0,0,0,0,0,0,0,0,2,0,0
150328,0,0,1.579,0,0,0,0,0,0,0,0,0,0,0,0,2,0,0
150338,0,0,1.579,0,0,0,0,0,0,0,0,0,0,0,0,2,0,0
150348,0,0,1.579,0,0,0,0,0,0,0,0,0,0,0,0,2,0,0
150358,0,0,1.579,0,0,0,0,0,0,0,0,0,0,0,0,2,0,0
150368,0,0,1.579,0,0,0,0,0,0,0,0,0,0,0,0,2,0,0
150378,0,0,1.579,0,0,0,0,0,0,0,0,0,0,0,0,2,0,0
150388,0,0,1.579,0,0,0,0,0,0,0,0,0,0,0,0,2,0,0
150398,0,0,1.579,0,0,0,0,0,0,0,0,0,0,0,0,2,0,0
150408,0,0,1.579,0,0,0,0,0,0,0,0,0,0,0,0,2,0,0
150418,0,0,1.579,0,0,0,0,0,0,0,0,0,0,0,0,2,0,0
150428,0,0,1.579,0,0,0,0,0,0,0,0,0,0,0,0,2,0,0
150438,0,0,1.579,0,0,0,0,0,0,0,0,0,0,0,0,2,0,0
150448,0,0,1.579,0,0,0,0,0,0,0,0,0,0,0,0,2,0,0
150458,0,0,1.579,0,0,0,0,0,0,0,0,0,0,0,0,2,0,0
150468,0,0,1.579,0,0,0,0,0,0,0,0,0,0,0,0,2,0,0
150478,0,0,1.579,0,0,0,0,0,0,0,0,0,0,0,0,2,0,0
150488,0,0,1.579,0,0,0,0,0,0,0,0,0,0,0,0,2,0,0
150498,0,0,1.579,0,0,0,0,0,0,0,0,0,0,0,0,2,0,0
150508,0,0,1.579,0,0,0,0,0,0,0,0,0,0,0,0,2,0,0
150518,0,0,1.579,0,0,0,0,0,0,0,0,0,0,0,0,2,0,0
150528,0,0,1.579,0,0,0,0,0,0,0,0,0,0,0,0,2,0,0
150538,0,0,1.579,0,0,0,0,0,0,0,0,0,0,0,0,2,0,0
150548,0,0,1.579,0,0,0,0,0,0,0,0,0,0,0,0,2,0,0
150558,0,0,1.579,0,0,0,0,0,0,0,0,0,0,0,0,2,0,0
150568,0,0,1.579,0,0,0,0,0,0,0,0,0,0,0,0,2,0,0
150578,0,0,1.579,0,0,0,0,0,0,0,0,0,0,0,0,2,0,0
150588,0,0,1.579,0,0,0,0,0,0,0,0,0,0,0,0,2,0,0
150598,0,0,1.579,0,0,0,0,0,0,0,0,0,0,0,0,2,0,0
150608,0,0,1.579,0,0,0,0,0,0,0,0,0,0,0,0,2,0,0
150618,0,0,1.579,0,0,0,0,0,0,0,0,0,0,0,0,2,0,0
150628,0,0,1.579,0,0,0,0,0,0,0,0,0,0,0,0,2,0,0
150638,0,0,1.579,0,0,0,0,0,0,0,0,0,0,0,0,2,0,0
150648,0,0,1.579,0,0,0,0,0,0,0,0,0,0,0,0,2,0,0
150658,0,0,1.579,0,0,0,0,0,0,0,0,0,0,0,0,2,0,0
150668,0,0,1.579,0,0,0,0,0,0,0,0,0,0,0,0,2,0,0
150678,0,0,1.579,0,0,0,0,0,0,0,0,0,0,0,0,2,0,0
150688,0,0,1.579,0,0,0,0,0,0,0,0,0,0,0,0,2,0,0
150698,0,0,1.579,0,0,0,0,0,0,0,0,0,0,0,0,2,0,0
150708,0,0,1.579,0,0,0,0,0,0,0,0,0,0,0,0,2,0,0
150718,0,0,1.579,0,0,0,0,0,0,0,0,0,0,0,0,2,0,0
150728,0,0,1.579,0,0,0,0,0,0,0,0,0,0,0,0,2,0,0
150738,0,0,1.579,0,0,0,0,0,0,0,0,0,0,0,0,2,0,0
150748,0,0,1.579,0,0,0,0,0,0,0,0,0,0,0,0,2,0,0
150758,0,0,1.579,0,0,0,0,0,0,0,0,0,0,0,0,2,0,0
150768,0,0,1.579,0,0,0,0,0,0,0,0,0,0,0,0,2,0,0
150778,0,0,1.579,0,0,0,0,0,0,0,0,0,0,0,0,2,0,0
150788,0,0,1.579,0,0,0,0,0,0,0,0,0,0,0,0,2,0,0
150798,0,0,1.579,0,0,0,0,0,0,0,0,0,0,0,0,2,0,0
150808,0,0,1.579,0,0,0,0,0,0,0,0,0,0,0,0,2,0,0
150818,0,0,1.579,0,0,0,0,0,0,0,0,0,0,0,0,2,0,0
150828,0,0,1.579,0,0,0,0,0,0,0,0,0,0,0,0,2,0,0
150838,0,0,1.579,0,0,0,0,0,0,0,0,0,0,0,0,2,0,0
150848,0,0,1.579,0,0,0,0,0,0,0,0,0,0,0,0,2,0,0
150858,0,0,1.579,0,0,0,0,0,0,0,0,0,0,0,0,2,0,0
150868,0,0,1.579,0,0,0,0,0,0,0,0,0,0,0,0,2,0,0
150878,0,0,1.579,0,0,0,0,0,0,0,0,0,0,0,0,2,0,0
150888,0,0,1.579,0,0,0,0,0,0,0,0,0,0,0,0,2,0,0
150898,0,0,1.579,0,0,0,0,0,0,0,0,0,0,0,0,2,0,0
150908,0,0,1.579,0,0,0,0,0,0,0,0,0,0,0,0,2,0,0
150918,0,0,1.579,0,0,0,0,0,0,0,0,0,0,0,0,2,0,0
150928,0,0,1.579,0,0,0,0,0,0,0,0,0,0,0,0,2,0,0
150938,0,0,1.579,0,0,0,0,0,0,0,0,0,0,0,0,2,0,0
150948,0,0,1.579,0,0,0,0,0,0,0,0,0,0,0,0,2,0,0
150958,0,0,1.579,0,0,0,0,0,0,0,0,0,0,0,0,2,0,0
150968,0,0,1.579,0,0,0,0,0,0,0,0,0,0,0,0,2,0,0
150978,0,0,1.579,0,0,0,0,0,0,0,0,0,0,0,0,2,0,0
150988,0,0,1.579,0,0,0,0,0,0,0,0,0,0,0,0,2,0,0
150998,0,0,1.579,0,0,0,0,0,0,0,0,0,0,0,0,2,0,0
151008,0,0,1.579,0,0,0,0,0,0,0,0,0,0,0,0,2,0,0
151018,0,0,1.579,0,0,0,0,0,0,0,0,0,0,0,0,2,0,0
151028,0,0,1.579,0,0,0,0,0,0,0,0,0,0,0,0,2,0,0
151038,0,0,1.579,0,0,0,0,0,0,0,0,0,0,0,0,2,0,0
151048,0,0,1.579,0,0,0,0,0,0,0,0,0,0,0,0,2,0,0
151058,0,0,1.579,0,0,0,0,0,0,0,0,0,0,0,0,2,0,0
151068,0,0,1.579,0,0,0,0,0,0,0,0,0,0,0,0,2,0,0
151078,0,0,1.579,0,0,0,0,0,0,0,0,0,0,0,0,2,0,0
151088,0,0,1.579,0,0,0,0,0,0,0,0,0,0,0,0,2,0,0
151098,0,0,1.579,0,0,0,0,0,0,0,0,0,0,0,0,2,0,0
151108,0,0,1.579,0,0,0,0,0,0,0,0,0,0,0,0,2,0,0
151118,0,0,1.579,0,0,0,0,0,0,0,0,0,0,0,0,2,0,0
151128,0,0,1.579,0,0,0,0,0,0,0,0,0,0,0,0,2,0,0
151138,0,0,1.579,0,0,0,0,0,0,0,0,0,0,0,0,2,0,0
151148,0,0,1.579,0,0,0,0,0,0,0,0,0,0,0,0,2,0,0
151158,0,0,1.579,0,0,0,0,0,0,0,0,0,0,0,0,2,0,0
151168,0,0,1.579,0,0,0,0,0,0,0,0,0,0,0,0,2,0,0
151178,0,0,1.579,0,0,0,0,0,0,0,0,0,0,0,0,2,0,0
151188,0,0,1.579,0,0,0,0,0,0,0,0,0,0,0,0,2,0,0
151198,0,0,1.579,0,0,0,0,0,0,0,0,0,0,0,0,2,0,0
151208,0,0,1.579,0,0,0,0,0,0,0,0,0,0,0,0,2,0,0
151218,0,0,1.579,0,0,0,0,0,0,0,0,0,0,0,0,2,0,0
151228,0,0,1.579,0,0,0,0,0,0,0,0,0,0,0,0,2,0,0
151238,0,0,1.579,0,0,0,0,0,0,0,0,0,0,0,0,2,0,0
151248,0,0,1.579,0,0,0,0,0,0,0,0,0,0,0,0,2,0,0
151258,0,0,1.579,0,0,0,0,0,0,0,0,0,0,0,0,2,0,0
151268,0,0,1.579,0,0,0,0,0,0,0,0,0,0,0,0,2,0,0
151278,0,0,1.579,0,0,0,0,0,0,0,0,0,0,0,0,2,0,0
151288,0,0,1.579,0,0,0,0,0,0,0,0,0,0,0,0,2,0,0
151298,0,0,1.579,0,0,0,0,0,0,0,0,0,0,0,0,2,0,0
151308,0,0,1.579,0,0,0,0,0,0,0,0,0,0,0,0,2,0,0
151318,0,0,1.579,0,0,0,0,0,0,0,0,0,0,0,0,2,0,0
151328,0,0,1.579,0,0,0,0,0,0,0,0,0,0,0,0,2,0,0
151338,0,0,1.579,0,0,0,0,0,0,0,0,0,0,0,0,2,0,0
151348,0,0,1.579,0,0,0,0,0,0,0,0,0,0,0,0,2,0,0
151358,0,0,1.579,0,0,0,0,0,0,0,0,0,0,0,0,2,0,0
151368,0,0,1.579,0,0,0,0,0,0,0,0,0,0,0,0,2,0,0
151378,0,0,1.579,0,0,0,0,0,0,0,0,0,0,0,0,2,0,0
151388,0,0,1.579,0,0,0,0,0,0,0,0,0,0,0,0,2,0,0
151398,0,0,1.579,0,0,0,0,0,0,0,0,0,0,0,0,2,0,0
151408,0,0,1.579,0,0,0,0,0,0,0,0,0,0,0,0,2,0,0
151418,0,0,1.579,0,0,0,0,0,0,0,0,0,0,0,0,2,0,0
151428,0,0,1.579,0,0,0,0,0,0,0,0,0,0,0,0,2,0,0
151438,0,0,1.579,0,0,0,0,0,0,0,0,0,0,0,0,2,0,0
151448,0,0,1.579,0,0,0,0,0,0,0,0,0,0,0,0,2,0,0
151458,0,0,1.579,0,0,0,0,0,0,0,0,0,0,0,0,2,0,0
151468,0,0,1.579,0,0,0,0,0,0,0,0,0,0,0,0,2,0,0
151478,0,0,1.579,0,0,0,0,0,0,0,0,0,0,0,0,2,0,0
151488,0,0,1.579,0,0,0,0,0,0,0,0,0,0,0,0,2,0,0
151498,0,0,1.579,0,0,0,0,0,0,0,0,0,0,0,0,2,0,0
151508,0,0,1.579,0,0,0,0,0,0,0,0,0,0,0,0,2,0,0
151518,0,0,1.579,0,0,0,0,0,0,0,0,0,0,0,0,2,0,0
151528,0,0,1.579,0,0,0,0,0,0,0,0,0,0,0,0,2,0,0
151538,0,0,1.579,0,0,0,0,0,0,0,0,0,0,0,0,2,0,0
151548,0,0,1.579,0,0,0,0,0,0,0,0,0,0,0,0,2,0,0
151558,0,0,1.579,0,0,0,0,0,0,0,0,0,0,0,0,2,0,0
151568,0,0,1.579,0,0,0,0,0,0,0,0,0,0,0,0,2,0,0
151578,0,0,1.579,0,0,0,0,0,0,0,0,0,0,0,0,2,0,0
151588,0,0,1.579,0,0,0,0,0,0,0,0,0,0,0,0,2,0,0
151598,0,0,1.579,0,0,0,0,0,0,0,0,0,0,0,0,2,0,0
151608,0,0,1.579,0,0,0,0,0,0,0,0,0,0,0,0,2,0,0
151618,0,0,1.579,0,0,0,0,0,0,0,0,0,0,0,0,2,0,0
151628,0,0,1.579,0,0,0,0,0,0,0,0,0,0,0,0,2,0,0
151638,0,0,1.579,0,0,0,0,0,0,0,0,0,0,0,0,2,0,0
151648,0,0,1.579,0,0,0,0,0,0,0,0,0,0,0,0,2,0,0
151658,0,0,1.579,0,0,0,0,0,0,0,0,0,0,0,0,2,0,0
151668,0,0,1.579,0,0,0,0,0,0,0,0,0,0,0,0,2,0,0
151678,0,0,1.579,0,0,0,0,0,0,0,0,0,0,0,0,2,0,0
151688,0,0,1.579,0,0,0,0,0,0,0,0,0,0,0,0,2,0,0
151698,0,0,1.579,0,0,0,0,0,0,0,0,0,0,0,0,2,0,0
151708,0,0,1.579,0,0,0,0,0,0,0,0,0,0,0,0,2,0,0
151718,0,0,1.579,0,0,0,0,0,0,0,0,0,0,0,0,2,0,0
151728,0,0,1.579,0,0,0,0,0,0,0,0,0,0,0,0,2,0,0
151738,0,0,1.579,0,0,0,0,0,0,0,0,0,0,0,0,2,0,0
151748,0,0,1.579,0,0,0,0,0,0,0,0,0,0,0,0,2,0,0
151758,0,0,1.579,0,0,0,0,0,0,0,0,0,0,0,0,2,0,0
151768,0,0,1.579,0,0,0,0,0,0,0,0,0,0,0,0,2,0,0
151778,0,0,1.579,0,0,0,0,0,0,0,0,0,0,0,0,2,0,0
151788,0,0,1.579,0,0,0,0,0,0,0,0,0,0,0,0,2,0,0
151798,0,0,1.579,0,0,0,0,0,0,0,0,0,0,0,0,2,0,0
151808,0,0,1.579,0,0,0,0,0,0,0,0,0,0,0,0,2,0,0
151818,0,0,1.579,0,0,0,0,0,0,0,0,0,0,0,0,2,0,0
151828,0,0,1.579,0,0,0,0,0,0,0,0,0,0,0,0,2,0,0
151838,0,0,1.579,0,0,0,0,0,0,0,0,0,0,0,0,2,0,0
151848,0,0,1.579,0,0,0,0,0,0,0,0,0,0,0,0,2,0,0
151858,0,0,1.579,0,0,0,0,0,0,0,0,0,0,0,0,2,0,0
151868,0,0,1.579,0,0,0,0,0,0,0,0,0,0,0,0,2,0,0
151878,0,0,1.579,0,0,0,0,0,0,0,0,0,0,0,0,2,0,0
151888,0,0,1.579,0,0,0,0,0,0,0,0,0,0,0,0,2,0,0
151898,0,0,1.579,0,0,0,0,0,0,0,0,0,0,0,0,2,0,0
151908,0,0,1.579,0,0,0,0,0,0,0,0,0,0,0,0,2,0,0
151918,0,0,1.579,0,0,0,0,0,0,0,0,0,0,0,0,2,0,0
151928,0,0,1.579,0,0,0,0,0,0,0,0,0,0,0,0,2,0,0
151938,0,0,1.579,0,0,0,0,0,0,0,0,0,0,0,0,2,0,0
151948,0,0,1.579,0,0,0,0,0,0,0,0,0,0,0,0,2,0,0
151958,0,0,1.579,0,0,0,0,0,0,0,0,0,0,0,0,2,0,0
151968,0,0,1.579,0,0,0,0,0,0,0,0,0,0,0,0,2,0,0
151978,0,0,1.579,0,0,0,0,0,0,0,0,0,0,0,0,2,0,0
151988,0,0,1.579,0,0,0,0,0,0,0,0,0,0,0,0,2,0,0
151998,0,0,1.579,0,0,0,0,0,0,0,0,0,0,0,0,2,0,0
152008,0,0,1.579,0,0,0,0,0,0,0,0,0,0,0,0,2,0,0
152018,0,0,1.579,0,0,0,0,0,0,0,0,0,0,0,0,2,0,0
152028,0,0,1.579,0,0,0,0,0,0,0,0,0,0,0,0,2,0,0
152038,0,0,1.579,0,0,0,0,0,0,0,0,0,0,0,0,2,0,0
152048,0,0,1.579,0,0,0,0,0,0,0,0,0,0,0,0,2,0,0
152058,0,0,1.579,0,0,0,0,0,0,0,0,0,0,0,0,2,0,0
152068,0,0,1.579,0,0,0,0,0,0,0,0,0,0,0,0,2,0,0
152078,0,0,1.579,0,0,0,0,0,0,0,0,0,0,0,0,2,0,0
152088,0,0,1.579,0,0,0,0,0,0,0,0,0,0,0,0,2,0,0
152098,0,0,1.579,0,0,0,0,0,0,0,0,0,0,0,0,2,0,0
152108,0,0,1.579,0,0,0,0,0,0,0,0,0,0,0,0,2,0,0
152118,0,0,1.579,0,0,0,0,0,0,0,0,0,0,0,0,2,0,0
152128,0,0,1.579,0,0,0,0,0,0,0,0,0,0,0,0,2,0,0
152138,0,0,1.579,0,0,0,0,0,0,0,0,0,0,0,0,2,0,0
152148,0,0,1.579,0,0,0,0,0,0,0,0,0,0,0,0,2,0,0
152158,0,0,1.579,0,0,0,0,0,0,0,0,0,0,0,0,2,0,0
152168,0,0,1.579,0,0,0,0,0,0,0,0,0,0,0,0,2,0,0
152178,0,0,1.579,0,0,0,0,0,0,0,0,0,0,0,0,2,0,0
152188,0,0,1.579,0,0,0,0,0,0,0,0,0,0,0,0,2,0,0
152198,0,0,1.579,0,0,0,0,0,0,0,0,0,0,0,0,2,0,0
152208,0,0,1.579,0,0,0,0,0,0,0,0,0,0,0,0,2,0,0
152218,0,0,1.579,0,0,0,0,0,0,0,0,0,0,0,0,2,0,0
152228,0,0,1.579,0,0,0,0,0,0,0,0,0,0,0,0,2,0,0
152238,0,0,1.579,0,0,0,0,0,0,0,0,0,0,0,0,2,0,0
152248,0,0,1.579,0,0,0,0,0,0,0,0,0,0,0,0,2,0,0
152258,0,0,1.579,0,0,0,0,0,0,0,0,0,0,0,0,2,0,0
152268,0,0,1.579,0,0,0,0,0,0,0,0,0,0,0,0,2,0,0
152278,0,0,1.579,0,0,0,0,0,0,0,0,0,0,0,0,2,0,0
152288,0,0,1.579,0,0,0,0,0,0,0,0,0,0,0,0,2,0,0
152298,0,0,1.579,0,0,0,0,0,0,0,0,0,0,0,0,2,0,0
152308,0,0,1.579,0,0,0,0,0,0,0,0,0,0,0,0,2,0,0
152318,0,0,1.579,0,0,0,0,0,0,0,0,0,0,0,0,2,0,0
152328,0,0,1.579,0,0,0,0,0,0,0,0,0,0,0,0,2,0,0
152338,0,0,1.579,0,0,0,0,0,0,0,0,0,0,0,0,2,0,0
152348,0,0,1.579,0,0,0,0,0,0,0,0,0,0,0,0,2,0,0
152358,0,0,1.579,0,0,0,0,0,0,0,0,0,0,0,0,2,0,0
152368,0,0,1.579,0,0,0,0,0,0,0,0,0,0,0,0,2,0,0
152378,0,0,1.579,0,0,0,0,0,0,0,0,0,0,0,0,2,0,0
152388,0,0,1.579,0,0,0,0,0,0,0,0,0,0,0,0,2,0,0
152398,0,0,1.579,0,0,0,0,0,0,0,0,0,0,0,0,2,0,0
152408,0,0,1.579,0,0,0,0,0,0,0,0,0,0,0,0,2,0,0
152418,0,0,1.579,0,0,0,0,0,0,0,0,0,0,0,0,2,0,0
152428,0,0,1.579,0,0,0,0,0,0,0,0,0,0,0,0,2,0,0
152438,0,0,1.579,0,0,0,0,0,0,0,0,0,0,0,0,2,0,0
152448,0,0,1.579,0,0,0,0,0,0,0,0,0,0,0,0,2,0,0
152458,0,0,1.579,0,0,0,0,0,0,0,0,0,0,0,0,2,0,0
152468,0,0,1.579,0,0,0,0,0,0,0,0,0,0,0,0,2,0,0
152478,0,0,1.579,0,0,0,0,0,0,0,0,0,0,0,0,2,0,0
152488,0,0,1.579,0,0,0,0,0,0,0,0,0,0,0,0,2,0,0
152498,0,0,1.579,0,0,0,0,0,0,0,0,0,0,0,0,2,0,0
152508,0,0,1.579,0,0,0,0,0,0,0,0,0,0,0,0,2,0,0
152518,0,0,1.579,0,0,0,0,0,0,0,0,0,0,0,0,2,0,0
152528,0,0,1.579,0,0,0,0,0,0,0,0,0,0,0,0,2,0,0
152538,0,0,1.579,0,0,0,0,0,0,0,0,0,0,0,0,2,0,0
152548,0,0,1.579,0,0,0,0,0,0,0,0,0,0,0,0,2,0,0
152558,0,0,1.579,0,0,0,0,0,0,0,0,0,0,0,0,2,0,0
152568,0,0,1.579,0,0,0,0,0,0,0,0,0,0,0,0,2,0,0
152578,0,0,1.579,0,0,0,0,0,0,0,0,0,0,0,0,2,0,0
152588,0,0,1.579,0,0,0,0,0,0,0,0,0,0,0,0,2,0,0
152598,0,0,1.579,0,0,0,0,0,0,0,0,0,0,0,0,2,0,0
152608,0,0,1.579,0,0,0,0,0,0,0,0,0,0,0,0,2,0,0
152618,0,0,1.579,0,0,0,0,0,0,0,0,0,0,0,0,2,0,0
152628,0,0,1.579,0,0,0,0,0,0,0,0,0,0,0,0,2,0,0
152638,0,0,1.579,0,0,0,0,0,0,0,0,0,0,0,0,2,0,0
152648,0,0,1.579,0,0,0,0,0,0,0,0,0,0,0,0,2,0,0
152658,0,0,1.579,0,0,0,0,0,0,0,0,0,0,0,0,2,0,0
152668,0,0,1.579,0,0,0,0,0,0,0,0,0,0,0,0,2,0,0
152678,0,0,1.579,0,0,0,0,0,0,0,0,0,0,0,0,2,0,0
152688,0,0,1.579,0,0,0,0,0,0,0,0,0,0,0,0,2,0,0
152698,0,0,1.579,0,0,0,0,0,0,0,0,0,0,0,0,2,0,0
152708,0,0,1.579,0,0,0,0,0,0,0,0,0,0,0,0,2,0,0
152718,0,0,1.579,0,0,0,0,0,0,0,0,0,0,0,0,2,0,0
152728,0,0,1.579,0,0,0,0,0,0,0,0,0,0,0,0,2,0,0
152738,0,0,1.579,0,0,0,0,0,0,0,0,0,0,0,0,2,0,0
152748,0,0,1.579,0,0,0,0,0,0,0,0,0,0,0,0,2,0,0
152758,0,0,1.579,0,0,0,0,0,0,0,0,0,0,0,0,2,0,0
152768,0,0,1.579,0,0,0,0,0,0,0,0,0,0,0,0,2,0,0
152778,0,0,1.579,0,0,0,0,0,0,0,0,0,0,0,0,2,0,0
152788,0,0,1.579,0,0,0,0,0,0,0,0,0,0,0,0,2,0,0
152798,0,0,1.579,0,0,0,0,0,0,0,0,0,0,0,0,2,0,0
152808,0,0,1.579,0,0,0,0,0,0,0,0,0,0,0,0,2,0,0
152818,0,0,1.579,0,0,0,0,0,0,0,0,0,0,0,0,2,0,0
152828,0,0,1.579,0,0,0,0,0,0,0,0,0,0,0,0,2,0,0
152838,0,0,1.579,0,0,0,0,0,0,0,0,0,0,0,0,2,0,0
152848,0,0,1.579,0,0,0,0,0,0,0,0,0,0,0,0,2,0,0
152858,0,0,1.579,0,0,0,0,0,0,0,0,0,0,0,0,2,0,0
152868,0,0,1.579,0,0,0,0,0,0,0,0,0,0,0,0,2,0,0
152878,0,0,1.579,0,0,0,0,0,0,0,0,0,0,0,0,2,0,0
152888,0,0,1.579,0,0,0,0,0,0,0,0,0,0,0,0,2,0,0
152898,0,0,1.579,0,0,0,0,0,0,0,0,0,0,0,0,2,0,0
152908,0,0,1.579,0,0,0,0,0,0,0,0,0,0,0,0,2,0,0
152918,0,0,1.579,0,0,0,0,0,0,0,0,0,0,0,0,2,0,0
152928,0,0,1.579,0,0,0,0,0,0,0,0,0,0,0,0,2,0,0
152938,0,0,1.579,0,0,0,0,0,0,0,0,0,0,0,0,2,0,0
152948,0,0,1.579,0,0,0,0,0,0,0,0,0,0,0,0,2,0,0
152958,0,0,1.579,0,0,0,0,0,0,0,0,0,0,0,0,2,0,0
152968,0,0,1.579,0,0,0,0,0,0,0,0,0,0,0,0,2,0,0
152978,0,0,1.579,0,0,0,0,0,0,0,0,0,0,0,0,2,0,0
152988,0,0,1.579,0,0,0,0,0,0,0,0,0,0,0,0,2,0,0
152998,0,0,1.579,0,0,0,0,0,0,0,0,0,0,0,0,2,0,0
153008,0,0,1.579,0,0,0,0,0,0,0,0,0,0,0,0,2,0,0
153018,0,0,1.579,0,0,0,0,0,0,0,0,0,0,0,0,2,0,0
153028,0,0,1.579,0,0,0,0,0,0,0,0,0,0,0,0,2,0,0
153038,0,0,1.579,0,0,0,0,0,0,0,0,0,0,0,0,2,0,0
153048,0,0,1.579,0,0,0,0,0,0,0,0,0,0,0,0,2,0,0
153058,0,0,1.579,0,0,0,0,0,0,0,0,0,0,0,0,2,0,0
153068,0,0,1.579,0,0,0,0,0,0,0,0,0,0,0,0,2,0,0
153078,0,0,1.579,0,0,0,0,0,0,0,0,0,0,0,0,2,0,0
153088,0,0,1.579,0,0,0,0,0,0,0,0,0,0,0,0,2,0,0
153098,0,0,1.579,0,0,0,0,0,0,0,0,0,0,0,0,2,0,0
153108,0,0,1.579,0,0,0,0,0,0,0,0,0,0,0,0,2,0,0
153118,0,0,1.579,0,0,0,0,0,0,0,0,0,0,0,0,2,0,0
153128,0,0,1.579,0,0,0,0,0,0,0,0,0,0,0,0,2,0,0
153138,0,0,1.579,0,0,0,0,0,0,0,0,0,0,0,0,2,0,0
153148,0,0,1.579,0,0,0,0,0,0,0,0,0,0,0,0,2,0,0
153158,0,0,1.579,0,0,0,0,0,0,0,0,0,0,0,0,2,0,0
153168,0,0,1.579,0,0,0,0,0,0,0,0,0,0,0,0,2,0,0
153178,0,0,1.579,0,0,0,0,0,0,0,0,0,0,0,0,2,0,0
153188,0,0,1.579,0,0,0,0,0,0,0,0,0,0,0,0,2,0,0
153198,0,0,1.579,0,0,0,0,0,0,0,0,0,0,0,0,2,0,0
153208,0,0,1.579,0,0,0,0,0,0,0,0,0,0,0,0,2,0,0
153218,0,0,1.579,0,0,0,0,0,0,0,0,0,0,0,0,2,0,0
153228,0,0,1.579,0,0,0,0,0,0,0,0,0,0,0,0,2,0,0
153238,0,0,1.579,0,0,0,0,0,0,0,0,0,0,0,0,2,0,0
153248,0,0,1.579,0,0,0,0,0,0,0,0,0,0,0,0,2,0,0
153258,0,0,1.579,0,0,0,0,0,0,0,0,0,0,0,0,2,0,0
153268,0,0,1.579,0,0,0,0,0,0,0,0,0,0,0,0,2,0,0
153278,0,0,1.579,0,0,0,0,0,0,0,0,0,0,0,0,2,0,0
153288,0,0,1.579,0,0,0,0,0,0,0,0,0,0,0,0,2,0,0
153298,0,0,1.579,0,0,0,0,0,0,0,0,0,0,0,0,2,0,0
153308,0,0,1.579,0,0,0,0,0,0,0,0,0,0,0,0,2,0,0
153318,0,0,1.579,0,0,0,0,0,0,0,0,0,0,0,0,2,0,0
153328,0,0,1.579,0,0,0,0,0,0,0,0,0,0,0,0,2,0,0
153338,0,0,1.579,0,0,0,0,0,0,0,0,0,0,0,0,2,0,0
153348,0,0,1.579,0,0,0,0,0,0,0,0,0,0,0,0,2,0,0
153358,0,0,1.579,0,0,0,0,0,0,0,0,0,0,0,0,2,0,0
153368,0,0,1.579,0,0,0,0,0,0,0,0,0,0,0,0,2,0,0
153378,0,0,1.579,0,0,0,0,0,0,0,0,0,0,0,0,2,0,0
153388,0,0,1.579,0,0,0,0,0,0,0,0,0,0,0,0,2,0,0
153398,0,0,1.579,0,0,0,0,0,0,0,0,0,0,0,0,2,0,0
153408,0,0,1.579,0,0,0,0,0,0,0,0,0,0,0,0,2,0,0
153418,0,0,1.579,0,0,0,0,0,0,0,0,0,0,0,0,2,0,0
153428,0,0,1.579,0,0,0,0,0,0,0,0,0,0,0,0,2,0,0
153438,0,0,1.579,0,0,0,0,0,0,0,0,0,0,0,0,2,0,0
153448,0,0,1.579,0,0,0,0,0,0,0,0,0,0,0,0,2,0,0
153458,0,0,1.579,0,0,0,0,0,0,0,0,0,0,0,0,2,0,0
153468,0,0,1.579,0,0,0,0,0,0,0,0,0,0,0,0,2,0,0
153478,0,0,1.579,0,0,0,0,0,0,0,0,0,0,0,0,2,0,0
153488,0,0,1.579,0,0,0,0,0,0,0,0,0,0,0,0,2,0,0
153498,0,0,1.579,0,0,0,0,0,0,0,0,0,0,0,0,2,0,0
153508,0,0,1.579,0,0,0,0,0,0,0,0,0,0,0,0,2,0,0
153518,0,0,1.579,0,0,0,0,0,0,0,0,0,0,0,0,2,0,0
153528,0,0,1.579,0,0,0,0,0,0,0,0,0,0,0,0,2,0,0
153538,0,0,1.579,0,0,0,0,0,0,0,0,0,0,0,0,2,0,0
153548,0,0,1.579,0,0,0,0,0,0,0,0,0,0,0,0,2,0,0
153558,0,0,1.579,0,0,0,0,0,0,0,0,0,0,0,0,2,0,0
153568,0,0,1.579,0,0,0,0,0,0,0,0,0,0,0,0,2,0,0
153578,0,0,1.579,0,0,0,0,0,0,0,0,0,0,0,0,2,0,0
153588,0,0,1.579,0,0,0,0,0,0,0,0,0,0,0,0,2,0,0
153598,0,0,1.579,0,0,0,0,0,0,0,0,0,0,0,0,2,0,0
153608,0,0,1.579,0,0,0,0,0,0,0,0,0,0,0,0,2,0,0
153618,0,0,1.579,0,0,0,0,0,0,0,0,0,0,0,0,2,0,0
153628,0,0,1.579,0,0,0,0,0,0,0,0,0,0,0,0,2,0,0
153638,0,0,1.579,0,0,0,0,0,0,0,0,0,0,0,0,2,0,0
153648,0,0,1.579,0,0,0,0,0,0,0,0,0,0,0,0,2,0,0
153658,0,0,1.579,0,0,0,0,0,0,0,0,0,0,0,0,2,0,0
153668,0,0,1.579,0,0,0,0,0,0,0,0,0,0,0,0,2,0,0
153678,0,0,1.579,0,0,0,0,0,0,0,0,0,0,0,0,2,0,0
153688,0,0,1.579,0,0,0,0,0,0,0,0,0,0,0,0,2,0,0
153698,0,0,1.579,0,0,0,0,0,0,0,0,0,0,0,0,2,0,0
153708,0,0,1.579,0,0,0,0,0,0,0,0,0,0,0,0,2,0,0
153718,0,0,1.579,0,0,0,0,0,0,0,0,0,0,0,0,2,0,0
153728,0,0,1.579,0,0,0,0,0,0,0,0,0,0,0,0,2,0,0
153738,0,0,1.579,0,0,0,0,0,0,0,0,0,0,0,0,2,0,0
153748,0,0,1.579,0,0,0,0,0,0,0,0,0,0,0,0,2,0,0
153758,0,0,1.579,0,0,0,0,0,0,0,0,0,0,0,0,2,0,0
153768,0,0,1.579,0,0,0,0,0,0,0,0,0,0,0,0,2,0,0
153778,0,0,1.579,0,0,0,0,0,0,0,0,0,0,0,0,2,0,0
153788,0,0,1.579,0,0,0,0,0,0,0,0,0,0,0,0,2,0,0
153798,0,0,1.579,0,0,0,0,0,0,0,0,0,0,0,0,2,0,0
153808,0,0,1.579,0,0,0,0,0,0,0,0,0,0,0,0,2,0,0
153818,0,0,1.579,0,0,0,0,0,0,0,0,0,0,0,0,2,0,0
153828,0,0,1.579,0,0,0,0,0,0,0,0,0,0,0,0,2,0,0
153838,0,0,1.579,0,0,0,0,0,0,0,0,0,0,0,0,2,0,0
153848,0,0,1.579,0,0,0,0,0,0,0,0,0,0,0,0,2,0,0
153858,0,0,1.579,0,0,0,0,0,0,0,0,0,0,0,0,2,0,0
153868,0,0,1.579,0,0,0,0,0,0,0,0,0,0,0,0,2,0,0
153878,0,0,1.579,0,0,0,0,0,0,0,0,0,0,0,0,2,0,0
153888,0,0,1.579,0,0,0,0,0,0,0,0,0,0,0,0,2,0,0
153898,0,0,1.579,0,0,0,0,0,0,0,0,0,0,0,0,2,0,0
153908,0,0,1.579,0,0,0,0,0,0,0,0,0,0,0,0,2,0,0
153918,0,0,1.579,0,0,0,0,0,0,0,0,0,0,0,0,2,0,0
153928,0,0,1.579,0,0,0,0,0,0,0,0,0,0,0,0,2,0,0
153938,0,0,1.579,0,0,0,0,0,0,0,0,0,0,0,0,2,0,0
153948,0,0,1.579,0,0,0,0,0,0,0,0,0,0,0,0,2,0,0
153958,0,0,1.579,0,0,0,0,0,0,0,0,0,0,0,0,2,0,0
153968,0,0,1.579,0,0,0,0,0,0,0,0,0,0,0,0,2,0,0
153978,0,0,1.579,0,0,0,0,0,0,0,0,0,0,0,0,2,0,0
153988,0,0,1.579,0,0,0,0,0,0,0,0,0,0,0,0,2,0,0
153998,0,0,1.579,0,0,0,0,0,0,0,0,0,0,0,0,2,0,0
154008,0,0,1.579,0,0,0,0,0,0,0,0,0,0,0,0,2,0,0
154018,0,0,1.579,0,0,0,0,0,0,0,0,0,0,0,0,2,0,0
154028,0,0,1.579,0,0,0,0,0,0,0,0,0,0,0,0,2,0,0
154038,0,0,1.579,0,0,0,0,0,0,0,0,0,0,0,0,2,0,0
154048,0,0,1.579,0,0,0,0,0,0,0,0,0,0,0,0,2,0,0
154058,0,0,1.579,0,0,0,0,0,0,0,0,0,0,0,0,2,0,0
154068,0,0,1.579,0,0,0,0,0,0,0,0,0,0,0,0,2,0,0
154078,0,0,1.579,0,0,0,0,0,0,0,0,0,0,0,0,2,0,0
154088,0,0,1.579,0,0,0,0,0,0,0,0,0,0,0,0,2,0,0
154098,0,0,1.579,0,0,0,0,0,0,0,0,0,0,0,0,2,0,0
154108,0,0,1.579,0,0,0,0,0,0,0,0,0,0,0,0,2,0,0
154118,0,0,1.579,0,0,0,0,0,0,0,0,0,0,0,0,2,0,0
154128,0,0,1.579,0,0,0,0,0,0,0,0,0,0,0,0,2,0,0
154138,0,0,1.579,0,0,0,0,0,0,0,0,0,0,0,0,2,0,0
154148,0,0,1.579,0,0,0,0,0,0,0,0,0,0,0,0,2,0,0
154158,0,0,1.579,0,0,0,0,0,0,0,0,0,0,0,0,2,0,0
154168,0,0,1.579,0,0,0,0,0,0,0,0,0,0,0,0,2,0,0
154178,0,0,1.579,0,0,0,0,0,0,0,0,0,0,0,0,2,0,0
154188,0,0,1.579,0,0,0,0,0,0,0,0,0,0,0,0,2,0,0
154198,0,0,1.579,0,0,0,0,0,0,0,0,0,0,0,0,2,0,0
154208,0,0,1.579,0,0,0,0,0,0,0,0,0,0,0,0,2,0,0
154218,0,0,1.579,0,0,0,0,0,0,0,0,0,0,0,0,2,0,0
154228,0,0,1.579,0,0,0,0,0,0,0,0,0,0,0,0,2,0,0
154238,0,0,1.579,0,0,0,0,0,0,0,0,0,0,0,0,2,0,0
154248,0,0,1.579,0,0,0,0,0,0,0,0,0,0,0,0,2,0,0
154258,0,0,1.579,0,0,0,0,0,0,0,0,0,0,0,0,2,0,0
154268,0,0,1.579,0,0,0,0,0,0,0,0,0,0,0,0,2,0,0
154278,0,0,1.579,0,0,0,0,0,0,0,0,0,0,0,0,2,0,0
154288,0,0,1.579,0,0,0,0,0,0,0,0,0,0,0,0,2,0,0
154298,0,0,1.579,0,0,0,0,0,0,0,0,0,0,0,0,2,0,0
154308,0,0,1.579,0,0,0,0,0,0,0,0,0,0,0,0,2,0,0
154318,0,0,1.579,0,0,0,0,0,0,0,0,0,0,0,0,2,0,0
154328,0,0,1.579,0,0,0,0,0,0,0,0,0,0,0,0,2,0,0
154338,0,0,1.579,0,0,0,0,0,0,0,0,0,0,0,0,2,0,0
154348,0,0,1.579,0,0,0,0,0,0,0,0,0,0,0,0,2,0,0
154358,0,0,1.579,0,0,0,0,0,0,0,0,0,0,0,0,2,0,0
154368,0,0,1.579,0,0,0,0,0,0,0,0,0,0,0,0,2,0,0
154378,0,0,1.579,0,0,0,0,0,0,0,0,0,0,0,0,2,0,0
154388,0,0,1.579,0,0,0,0,0,0,0,0,0,0,0,0,2,0,0
154398,0,0,1.579,0,0,0,0,0,0,0,0,0,0,0,0,2,0,0
154408,0,0,1.579,0,0,0,0,0,0,0,0,0,0,0,0,2,0,0
154418,0,0,1.579,0,0,0,0,0,0,0,0,0,0,0,0,2,0,0
154428,0,0,1.579,0,0,0,0,0,0,0,0,0,0,0,0,2,0,0
154438,0,0,1.579,0,0,0,0,0,0,0,0,0,0,0,0,2,0,0
154448,0,0,1.579,0,0,0,0,0,0,0,0,0,0,0,0,2,0,0
154458,0,0,1.579,0,0,0,0,0,0,0,0,0,0,0,0,2,0,0
154468,0,0,1.579,0,0,0,0,0,0,0,0,0,0,0,0,2,0,0
154478,0,0,1.579,0,0,0,0,0,0,0,0,0,0,0,0,2,0,0
154488,0,0,1.579,0,0,0,0,0,0,0,0,0,0,0,0,2,0,0
154498,0,0,1.579,0,0,0,0,0,0,0,0,0,0,0,0,2,0,0
154508,0,0,1.579,0,0,0,0,0,0,0,0,0,0,0,0,2,0,0
154518,0,0,1.579,0,0,0,0,0,0,0,0,0,0,0,0,2,0,0
154528,0,0,1.579,0,0,0,0,0,0,0,0,0,0,0,0,2,0,0
154538,0,0,1.579,0,0,0,0,0,0,0,0,0,0,0,0,2,0,0
154548,0,0,1.579,0,0,0,0,0,0,0,0,0,0,0,0,2,0,0
154558,0,0,1.579,0,0,0,0,0,0,0,0,0,0,0,0,2,0,0
154568,0,0,1.579,0,0,0,0,0,0,0,0,0,0,0,0,2,0,0
154578,0,0,1.579,0,0,0,0,0,0,0,0,0,0,0,0,2,0,0
154588,0,0,1.579,0,0,0,0,0,0,0,0,0,0,0,0,2,0,0
154598,0,0,1.579,0,0,0,0,0,0,0,0,0,0,0,0,2,0,0
154608,0,0,1.579,0,0,0,0,0,0,0,0,0,0,0,0,2,0,0
154618,0,0,1.579,0,0,0,0,0,0,0,0,0,0,0,0,2,0,0
154628,0,0,1.579,0,0,0,0,0,0,0,0,0,0,0,0,2,0,0
154638,0,0,1.579,0,0,0,0,0,0,0,0,0,0,0,0,2,0,0
154648,0,0,1.579,0,0,0,0,0,0,0,0,0,0,0,0,2,0,0
154658,0,0,1.579,0,0,0,0,0,0,0,0,0,0,0,0,2,0,0
154668,0,0,1.579,0,0,0,0,0,0,0,0,0,0,0,0,2,0,0
154678,0,0,1.579,0,0,0,0,0,0,0,0,0,0,0,0,2,0,0
154688,0,0,1.579,0,0,0,0,0,0,0,0,0,0,0,0,2,0,0
154698,0,0,1.579,0,0,0,0,0,0,0,0,0,0,0,0,2,0,0
154708,0,0,1.579,0,0,0,0,0,0,0,0,0,0,0,0,2,0,0
154718,0,0,1.579,0,0,0,0,0,0,0,0,0,0,0,0,2,0,0
154728,0,0,1.579,0,0,0,0,0,0,0,0,0,0,0,0,2,0,0
154738,0,0,1.579,0,0,0,0,0,0,0,0,0,0,0,0,2,0,0
154748,0,0,1.579,0,0,0,0,0,0,0,0,0,0,0,0,2,0,0
154758,0,0,1.579,0,0,0,0,0,0,0,0,0,0,0,0,2,0,0
154768,0,0,1.579,0,0,0,0,0,0,0,0,0,0,0,0,2,0,0
154778,0,0,1.579,0,0,0,0,0,0,0,0,0,0,0,0,2,0,0
154788,0,0,1.579,0,0,0,0,0,0,0,0,0,0,0,0,2,0,0
154798,0,0,1.579,0,0,0,0,0,0,0,0,0,0,0,0,2,0,0
154808,0,0,1.579,0,0,0,0,0,0,0,0,0,0,0,0,2,0,0
154818,0,0,1.579,0,0,0,0,0,0,0,0,0,0,0,0,2,0,0
154828,0,0,1.579,0,0,0,0,0,0,0,0,0,0,0,0,2,0,0
154838,0,0,1.579,0,0,0,0,0,0,0,0,0,0,0,0,2,0,0
154848,0,0,1.579,0,0,0,0,0,0,0,0,0,0,0,0,2,0,0
154858,0,0,1.579,0,0,0,0,0,0,0,0,0,0,0,0,2,0,0
154868,0,0,1.579,0,0,0,0,0,0,0,0,0,0,0,0,2,0,0
154878,0,0,1.579,0,0,0,0,0,0,0,0,0,0,0,0,2,0,0
154888,0,0,1.579,0,0,0,0,0,0,0,0,0,0,0,0,2,0,0
154898,0,0,1.579,0,0,0,0,0,0,0,0,0,0,0,0,2,0,0
154908,0,0,1.579,0,0,0,0,0,0,0,0,0,0,0,0,2,0,0
154918,0,0,1.579,0,0,0,0,0,0,0,0,0,0,0,0,2,0,0
154928,0,0,1.579,0,0,0,0,0,0,0,0,0,0,0,0,2,0,0
154938,0,0,1.579,0,0,0,0,0,0,0,0,0,0,0,0,2,0,0
154948,0,0,1.579,0,0,0,0,0,0,0,0,0,0,0,0,2,0,0
154958,0,0,1.579,0,0,0,0,0,0,0,0,0,0,0,0,2,0,0
154968,0,0,1.579,0,0,0,0,0,0,0,0,0,0,0,0,2,0,0
154978,0,0,1.579,0,0,0,0,0,0,0,0,0,0,0,0,2,0,0
154988,0,0,1.579,0,0,0,0,0,0,0,0,0,0,0,0,2,0,0
154998,0,0,1.579,0,0,0,0,0,0,0,0,0,0,0,0,2,0,0
155008,0,0,1.579,0,0,0,0,0,0,0,0,0,0,0,0,2,0,0
155018,0,0,1.579,0,0,0,0,0,0,0,0,0,0,0,0,2,0,0
155028,0,0,1.579,0,0,0,0,0,0,0,0,0,0,0,0,2,0,0
155038,0,0,1.579,0,0,0,0,0,0,0,0,0,0,0,0,2,0,0
155048,0,0,1.579,0,0,0,0,0,0,0,0,0,0,0,0,2,0,0
155058,0,0,1.579,0,0,0,0,0,0,0,0,0,0,0,0,2,0,0
155068,0,0,1.579,0,0,0,0,0,0,0,0,0,0,0,0,2,0,0
155078,0,0,1.579,0,0,0,0,0,0,0,0,0,0,0,0,2,0,0
155088,0,0,1.579,0,0,0,0,0,0,0,0,0,0,0,0,2,0,0
155098,0,0,1.579,0,0,0,0,0,0,0,0,0,0,0,0,2,0,0
155108,0,0,1.579,0,0,0,0,0,0,0,0,0,0,0,0,2,0,0
155118,0,0,1.579,0,0,0,0,0,0,0,0,0,0,0,0,2,0,0
155128,0,0,1.579,0,0,0,0,0,0,0,0,0,0,0,0,2,0,0
155138,0,0,1.579,0,0,0,0,0,0,0,0,0,0,0,0,2,0,0
155148,0,0,1.579,0,0,0,0,0,0,0,0,0,0,0,0,2,0,0
155158,0,0,1.579,0,0,0,0,0,0,0,0,0,0,0,0,2,0,0
155168,0,0,1.579,0,0,0,0,0,0,0,0,0,0,0,0,2,0,0
155178,0,0,1.579,0,0,0,0,0,0,0,0,0,0,0,0,2,0,0
155188,0,0,1.579,0,0,0,0,0,0,0,0,0,0,0,0,2,0,0
155198,0,0,1.579,0,0,0,0,0,0,0,0,0,0,0,0,2,0,0
155208,0,0,1.579,0,0,0,0,0,0,0,0,0,0,0,0,2,0,0
155218,0,0,1.579,0,0,0,0,0,0,0,0,0,0,0,0,2,0,0
155228,0,0,1.579,0,0,0,0,0,0,0,0,0,0,0,0,2,0,0
155238,0,0,1.579,0,0,0,0,0,0,0,0,0,0,0,0,2,0,0
155248,0,0,1.579,0,0,0,0,0,0,0,0,0,0,0,0,2,0,0
155258,0,0,1.579,0,0,0,0,0,0,0,0,0,0,0,0,2,0,0
155268,0,0,1.579,0,0,0,0,0,0,0,0,0,0,0,0,2,0,0
155278,0,0,1.579,0,0,0,0,0,0,0,0,0,0,0,0,2,0,0
155288,0,0,1.579,0,0,0,0,0,0,0,0,0,0,0,0,2,0,0
155298,0,0,1.579,0,0,0,0,0,0,0,0,0,0,0,0,2,0,0
155308,0,0,1.579,0,0,0,0,0,0,0,0,0,0,0,0,2,0,0
155318,0,0,1.579,0,0,0,0,0,0,0,0,0,0,0,0,2,0,0
155328,0,0,1.579,0,0,0,0,0,0,0,0,0,0,0,0,2,0,0
155338,0,0,1.579,0,0,0,0,0,0,0,0,0,0,0,0,2,0,0
155348,0,0,1.579,0,0,0,0,0,0,0,0,0,0,0,0,2,0,0
155358,0,0,1.579,0,0,0,0,0,0,0,0,0,0,0,0,2,0,0
155367,0,0,1.579,0,0,0,0,0,0,0,0,0,0,0,0,2,0,0
155377,0,0,1.579,0,0,0,0,0,0,0,0,0,0,0,0,2,0,0
155388,0,0,1.579,0,0,0,0,0,0,0,0,0,0,0,0,2,0,0
155398,0,0,1.579,0,0,0,0,0,0,0,0,0,0,0,0,2,0,0
155407,0,0,1.579,0,0,0,0,0,0,0,0,0,0,0,0,2,0,0
155417,0,0,1.579,0,0,0,0,0,0,0,0,0,0,0,0,2,0,0
155427,0,0,1.579,0,0,0,0,0,0,0,0,0,0,0,0,2,0,0
155438,0,0,1.579,0,0,0,0,0,0,0,0,0,0,0,0,2,0,0
155447,0,0,1.579,0,0,0,0,0,0,0,0,0,0,0,0,2,0,0
155458,0,0,1.579,0,0,0,0,0,0,0,0,0,0,0,0,2,0,0
155468,0,0,1.579,0,0,0,0,0,0,0,0,0,0,0,0,2,0,0
155478,0,0,1.579,0,0,0,0,0,0,0,0,0,0,0,0,2,0,0
155487,0,0,1.579,0,0,0,0,0,0,0,0,0,0,0,0,2,0,0
155498,0,0,1.579,0,0,0,0,0,0,0,0,0,0,0,0,2,0,0
155507,0,0,1.579,0,0,0,0,0,0,0,0,0,0,0,0,2,0,0
155518,0,0,1.579,0,0,0,0,0,0,0,0,0,0,0,0,2,0,0
155528,0,0,1.579,0,0,0,0,0,0,0,0,0,0,0,0,2,0,0
155538,0,0,1.579,0,0,0,0,0,0,0,0,0,0,0,0,2,0,0
155547,0,0,1.579,0,0,0,0,0,0,0,0,0,0,0,0,2,0,0
155558,0,0,1.579,0,0,0,0,0,0,0,0,0,0,0,0,2,0,0
155568,0,0,1.579,0,0,0,0,0,0,0,0,0,0,0,0,2,0,0
155578,0,0,1.579,0,0,0,0,0,0,0,0,0,0,0,0,2,0,0
155588,0,0,1.579,0,0,0,0,0,0,0,0,0,0,0,0,2,0,0
155598,0,0,1.579,0,0,0,0,0,0,0,0,0,0,0,0,2,0,0
155608,0,0,1.579,0,0,0,0,0,0,0,0,0,0,0,0,2,0,0
155618,0,0,1.579,0,0,0,0,0,0,0,0,0,0,0,0,2,0,0
155628,0,0,1.579,0,0,0,0,0,0,0,0,0,0,0,0,2,0,0
155638,0,0,1.579,0,0,0,0,0,0,0,0,0,0,0,0,2,0,0
155648,0,0,1.579,0,0,0,0,0,0,0,0,0,0,0,0,2,0,0
155658,0,0,1.579,0,0,0,0,0,0,0,0,0,0,0,0,2,0,0
155668,0,0,1.579,0,0,0,0,0,0,0,0,0,0,0,0,2,0,0
155678,0,0,1.579,0,0,0,0,0,0,0,0,0,0,0,0,2,0,0
155688,0,0,1.579,0,0,0,0,0,0,0,0,0,0,0,0,2,0,0
155698,0,0,1.579,0,0,0,0,0,0,0,0,0,0,0,0,2,0,0
155708,0,0,1.579,0,0,0,0,0,0,0,0,0,0,0,0,2,0,0
155718,0,0,1.579,0,0,0,0,0,0,0,0,0,0,0,0,2,0,0
155728,0,0,1.579,0,0,0,0,0,0,0,0,0,0,0,0,2,0,0
155738,0,0,1.579,0,0,0,0,0,0,0,0,0,0,0,0,2,0,0
155748,0,0,1.579,0,0,0,0,0,0,0,0,0,0,0,0,2,0,0
155758,0,0,1.579,0,0,0,0,0,0,0,0,0,0,0,0,2,0,0
155768,0,0,1.579,0,0,0,0,0,0,0,0,0,0,0,0,2,0,0
155778,0,0,1.579,0,0,0,0,0,0,0,0,0,0,0,0,2,0,0
155788,0,0,1.579,0,0,0,0,0,0,0,0,0,0,0,0,2,0,0
155798,0,0,1.579,0,0,0,0,0,0,0,0,0,0,0,0,2,0,0
155808,0,0,1.579,0,0,0,0,0,0,0,0,0,0,0,0,2,0,0
155818,0,0,1.579,0,0,0,0,0,0,0,0,0,0,0,0,2,0,0
155828,0,0,1.579,0,0,0,0,0,0,0,0,0,0,0,0,2,0,0
155838,0,0,1.579,0,0,0,0,0,0,0,0,0,0,0,0,2,0,0
155848,0,0,1.579,0,0,0,0,0,0,0,0,0,0,0,0,2,0,0
155858,0,0,1.579,0,0,0,0,0,0,0,0,0,0,0,0,2,0,0
155868,0,0,1.579,0,0,0,0,0,0,0,0,0,0,0,0,2,0,0
155878,0,0,1.579,0,0,0,0,0,0,0,0,0,0,0,0,2,0,0
155888,0,0,1.579,0,0,0,0,0,0,0,0,0,0,0,0,2,0,0
155898,0,0,1.579,0,0,0,0,0,0,0,0,0,0,0,0,2,0,0
155908,0,0,1.579,0,0,0,0,0,0,0,0,0,0,0,0,2,0,0
155918,0,0,1.579,0,0,0,0,0,0,0,0,0,0,0,0,2,0,0
155928,0,0,1.579,0,0,0,0,0,0,0,0,0,0,0,0,2,0,0
155938,0,0,1.579,0,0,0,0,0,0,0,0,0,0,0,0,2,0,0
155948,0,0,1.579,0,0,0,0,0,0,0,0,0,0,0,0,2,0,0
155958,0,0,1.579,0,0,0,0,0,0,0,0,0,0,0,0,2,0,0
155968,0,0,1.579,0,0,0,0,0,0,0,0,0,0,0,0,2,0,0
155978,0,0,1.579,0,0,0,0,0,0,0,0,0,0,0,0,2,0,0
155988,0,0,1.579,0,0,0,0,0,0,0,0,0,0,0,0,2,0,0
155998,0,0,1.579,0,0,0,0,0,0,0,0,0,0,0,0,2,0,0
156008,0,0,1.579,0,0,0,0,0,0,0,0,0,0,0,0,2,0,0
156018,0,0,1.579,0,0,0,0,0,0,0,0,0,0,0,0,2,0,0
156028,0,0,1.579,0,0,0,0,0,0,0,0,0,0,0,0,2,0,0
156038,0,0,1.579,0,0,0,0,0,0,0,0,0,0,0,0,2,0,0
156048,0,0,1.579,0,0,0,0,0,0,0,0,0,0,0,0,2,0,0
156058,0,0,1.579,0,0,0,0,0,0,0,0,0,0,0,0,2,0,0
156068,0,0,1.579,0,0,0,0,0,0,0,0,0,0,0,0,2,0,0
156078,0,0,1.579,0,0,0,0,0,0,0,0,0,0,0,0,2,0,0
156088,0,0,1.579,0,0,0,0,0,0,0,0,0,0,0,0,2,0,0
156098,0,0,1.579,0,0,0,0,0,0,0,0,0,0,0,0,2,0,0
156108,0,0,1.579,0,0,0,0,0,0,0,0,0,0,0,0,2,0,0
156118,0,0,1.579,0,0,0,0,0,0,0,0,0,0,0,0,2,0,0
156128,0,0,1.579,0,0,0,0,0,0,0,0,0,0,0,0,2,0,0
156138,0,0,1.579,0,0,0,0,0,0,0,0,0,0,0,0,2,0,0
156148,0,0,1.579,0,0,0,0,0,0,0,0,0,0,0,0,2,0,0
156158,0,0,1.579,0,0,0,0,0,0,0,0,0,0,0,0,2,0,0
156168,0,0,1.579,0,0,0,0,0,0,0,0,0,0,0,0,2,0,0
156178,0,0,1.579,0,0,0,0,0,0,0,0,0,0,0,0,2,0,0
156188,0,0,1.579,0,0,0,0,0,0,0,0,0,0,0,0,2,0,0
156198,0,0,1.579,0,0,0,0,0,0,0,0,0,0,0,0,2,0,0
156208,0,0,1.579,0,0,0,0,0,0,0,0,0,0,0,0,2,0,0
156218,0,0,1.579,0,0,0,0,0,0,0,0,0,0,0,0,2,0,0
156228,0,0,1.579,0,0,0,0,0,0,0,0,0,0,0,0,2,0,0
156238,0,0,1.579,0,0,0,0,0,0,0,0,0,0,0,0,2,0,0
156248,0,0,1.579,0,0,0,0,0,0,0,0,0,0,0,0,2,0,0
156258,0,0,1.579,0,0,0,0,0,0,0,0,0,0,0,0,2,0,0
156268,0,0,1.579,0,0,0,0,0,0,0,0,0,0,0,0,2,0,0
156278,0,0,1.579,0,0,0,0,0,0,0,0,0,0,0,0,2,0,0
156288,0,0,1.579,0,0,0,0,0,0,0,0,0,0,0,0,2,0,0
156298,0,0,1.579,0,0,0,0,0,0,0,0,0,0,0,0,2,0,0
156308,0,0,1.579,0,0,0,0,0,0,0,0,0,0,0,0,2,0,0
156318,0,0,1.579,0,0,0,0,0,0,0,0,0,0,0,0,2,0,0
156328,0,0,1.579,0,0,0,0,0,0,0,0,0,0,0,0,2,0,0
156338,0,0,1.579,0,0,0,0,0,0,0,0,0,0,0,0,2,0,0
156348,0,0,1.579,0,0,0,0,0,0,0,0,0,0,0,0,2,0,0
156358,0,0,1.579,0,0,0,0,0,0,0,0,0,0,0,0,2,0,0
156368,0,0,1.579,0,0,0,0,0,0,0,0,0,0,0,0,2,0,0
156378,0,0,1.579,0,0,0,0,0,0,0,0,0,0,0,0,2,0,0
156388,0,0,1.579,0,0,0,0,0,0,0,0,0,0,0,0,2,0,0
156398,0,0,1.579,0,0,0,0,0,0,0,0,0,0,0,0,2,0,0
156408,0,0,1.579,0,0,0,0,0,0,0,0,0,0,0,0,2,0,0
156418,0,0,1.579,0,0,0,0,0,0,0,0,0,0,0,0,2,0,0
156428,0,0,1.579,0,0,0,0,0,0,0,0,0,0,0,0,2,0,0
156438,0,0,1.579,0,0,0,0,0,0,0,0,0,0,0,0,2,0,0
156448,0,0,1.579,0,0,0,0,0,0,0,0,0,0,0,0,2,0,0
156458,0,0,1.579,0,0,0,0,0,0,0,0,0,0,0,0,2,0,0
156468,0,0,1.579,0,0,0,0,0,0,0,0,0,0,0,0,2,0,0
156478,0,0,1.579,0,0,0,0,0,0,0,0,0,0,0,0,2,0,0
156488,0,0,1.579,0,0,0,0,0,0,0,0,0,0,0,0,2,0,0
156498,0,0,1.579,0,0,0,0,0,0,0,0,0,0,0,0,2,0,0
156508,0,0,1.579,0,0,0,0,0,0,0,0,0,0,0,0,2,0,0
156518,0,0,1.579,0,0,0,0,0,0,0,0,0,0,0,0,2,0,0
156528,0,0,1.579,0,0,0,0,0,0,0,0,0,0,0,0,2,0,0
156538,0,0,1.579,0,0,0,0,0,0,0,0,0,0,0,0,2,0,0
156548,0,0,1.579,0,0,0,0,0,0,0,0,0,0,0,0,2,0,0
156558,0,0,1.579,0,0,0,0,0,0,0,0,0,0,0,0,2,0,0
156568,0,0,1.579,0,0,0,0,0,0,0,0,0,0,0,0,2,0,0
156578,0,0,1.579,0,0,0,0,0,0,0,0,0,0,0,0,2,0,0
156588,0,0,1.579,0,0,0,0,0,0,0,0,0,0,0,0,2,0,0
156598,0,0,1.579,0,0,0,0,0,0,0,0,0,0,0,0,2,0,0
156608,0,0,1.579,0,0,0,0,0,0,0,0,0,0,0,0,2,0,0
156618,0,0,1.579,0,0,0,0,0,0,0,0,0,0,0,0,2,0,0
156628,0,0,1.579,0,0,0,0,0,0,0,0,0,0,0,0,2,0,0
156638,0,0,1.579,0,0,0,0,0,0,0,0,0,0,0,0,2,0,0
156648,0,0,1.579,0,0,0,0,0,0,0,0,0,0,0,0,2,0,0
156658,0,0,1.579,0,0,0,0,0,0,0,0,0,0,0,0,2,0,0
156668,0,0,1.579,0,0,0,0,0,0,0,0,0,0,0,0,2,0,0
156678,0,0,1.579,0,0,0,0,0,0,0,0,0,0,0,0,2,0,0
156688,0,0,1.579,0,0,0,0,0,0,0,0,0,0,0,0,2,0,0
156698,0,0,1.579,0,0,0,0,0,0,0,0,0,0,0,0,2,0,0
156708,0,0,1.579,0,0,0,0,0,0,0,0,0,0,0,0,2,0,0
156718,0,0,1.579,0,0,0,0,0,0,0,0,0,0,0,0,2,0,0
156728,0,0,1.579,0,0,0,0,0,0,0,0,0,0,0,0,2,0,0
156738,0,0,1.579,0,0,0,0,0,0,0,0,0,0,0,0,2,0,0
156748,0,0,1.579,0,0,0,0,0,0,0,0,0,0,0,0,2,0,0
156758,0,0,1.579,0,0,0,0,0,0,0,0,0,0,0,0,2,0,0
156768,0,0,1.579,0,0,0,0,0,0,0,0,0,0,0,0,2,0,0
156778,0,0,1.579,0,0,0,0,0,0,0,0,0,0,0,0,2,0,0
156788,0,0,1.579,0,0,0,0,0,0,0,0,0,0,0,0,2,0,0
156798,0,0,1.579,0,0,0,0,0,0,0,0,0,0,0,0,2,0,0
156808,0,0,1.579,0,0,0,0,0,0,0,0,0,0,0,0,2,0,0
156818,0,0,1.579,0,0,0,0,0,0,0,0,0,0,0,0,2,0,0
156828,0,0,1.579,0,0,0,0,0,0,0,0,0,0,0,0,2,0,0
156838,0,0,1.579,0,0,0,0,0,0,0,0,0,0,0,0,2,0,0
156848,0,0,1.579,0,0,0,0,0,0,0,0,0,0,0,0,2,0,0
156858,0,0,1.579,0,0,0,0,0,0,0,0,0,0,0,0,2,0,0
156868,0,0,1.579,0,0,0,0,0,0,0,0,0,0,0,0,2,0,0
156878,0,0,1.579,0,0,0,0,0,0,0,0,0,0,0,0,2,0,0
156888,0,0,1.579,0,0,0,0,0,0,0,0,0,0,0,0,2,0,0
156898,0,0,1.579,0,0,0,0,0,0,0,0,0,0,0,0,2,0,0
156908,0,0,1.579,0,0,0,0,0,0,0,0,0,0,0,0,2,0,0
156918,0,0,1.579,0,0,0,0,0,0,0,0,0,0,0,0,2,0,0
156928,0,0,1.579,0,0,0,0,0,0,0,0,0,0,0,0,2,0,0
156938,0,0,1.579,0,0,0,0,0,0,0,0,0,0,0,0,2,0,0
156948,0,0,1.579,0,0,0,0,0,0,0,0,0,0,0,0,2,0,0
156958,0,0,1.579,0,0,0,0,0,0,0,0,0,0,0,0,2,0,0
156968,0,0,1.579,0,0,0,0,0,0,0,0,0,0,0,0,2,0,0
156978,0,0,1.579,0,0,0,0,0,0,0,0,0,0,0,0,2,0,0
156988,0,0,1.579,0,0,0,0,0,0,0,0,0,0,0,0,2,0,0
156998,0,0,1.579,0,0,0,0,0,0,0,0,0,0,0,0,2,0,0
157008,0,0,1.579,0,0,0,0,0,0,0,0,0,0,0,0,2,0,0
157018,0,0,1.579,0,0,0,0,0,0,0,0,0,0,0,0,2,0,0
157028,0,0,1.579,0,0,0,0,0,0,0,0,0,0,0,0,2,0,0
157038,0,0,1.579,0,0,0,0,0,0,0,0,0,0,0,0,2,0,0
157048,0,0,1.579,0,0,0,0,0,0,0,0,0,0,0,0,2,0,0
157058,0,0,1.579,0,0,0,0,0,0,0,0,0,0,0,0,2,0,0
157068,0,0,1.579,0,0,0,0,0,0,0,0,0,0,0,0,2,0,0
157078,0,0,1.579,0,0,0,0,0,0,0,0,0,0,0,0,2,0,0
157088,0,0,1.579,0,0,0,0,0,0,0,0,0,0,0,0,2,0,0
157098,0,0,1.579,0,0,0,0,0,0,0,0,0,0,0,0,2,0,0
157108,0,0,1.579,0,0,0,0,0,0,0,0,0,0,0,0,2,0,0
157118,0,0,1.579,0,0,0,0,0,0,0,0,0,0,0,0,2,0,0
157128,0,0,1.579,0,0,0,0,0,0,0,0,0,0,0,0,2,0,0
157138,0,0,1.579,0,0,0,0,0,0,0,0,0,0,0,0,2,0,0
157148,0,0,1.579,0,0,0,0,0,0,0,0,0,0,0,0,2,0,0
157158,0,0,1.579,0,0,0,0,0,0,0,0,0,0,0,0,2,0,0
157168,0,0,1.579,0,0,0,0,0,0,0,0,0,0,0,0,2,0,0
157178,0,0,1.579,0,0,0,0,0,0,0,0,0,0,0,0,2,0,0
157188,0,0,1.579,0,0,0,0,0,0,0,0,0,0,0,0,2,0,0
157198,0,0,1.579,0,0,0,0,0,0,0,0,0,0,0,0,2,0,0
157208,0,0,1.579,0,0,0,0,0,0,0,0,0,0,0,0,2,0,0
157218,0,0,1.579,0,0,0,0,0,0,0,0,0,0,0,0,2,0,0
157228,0,0,1.579,0,0,0,0,0,0,0,0,0,0,0,0,2,0,0
157238,0,0,1.579,0,0,0,0,0,0,0,0,0,0,0,0,2,0,0
157248,0,0,1.579,0,0,0,0,0,0,0,0,0,0,0,0,2,0,0
157258,0,0,1.579,0,0,0,0,0,0,0,0,0,0,0,0,2,0,0
157268,0,0,1.579,0,0,0,0,0,0,0,0,0,0,0,0,2,0,0
157278,0,0,1.579,0,0,0,0,0,0,0,0,0,0,0,0,2,0,0
157288,0,0,1.579,0,0,0,0,0,0,0,0,0,0,0,0,2,0,0
157298,0,0,1.579,0,0,0,0,0,0,0,0,0,0,0,0,2,0,0
157308,0,0,1.579,0,0,0,0,0,0,0,0,0,0,0,0,2,0,0
157318,0,0,1.579,0,0,0,0,0,0,0,0,0,0,0,0,2,0,0
157328,0,0,1.579,0,0,0,0,0,0,0,0,0,0,0,0,2,0,0
157338,0,0,1.579,0,0,0,0,0,0,0,0,0,0,0,0,2,0,0
157348,0,0,1.579,0,0,0,0,0,0,0,0,0,0,0,0,2,0,0
157358,0,0,1.579,0,0,0,0,0,0,0,0,0,0,0,0,2,0,0
157368,0,0,1.579,0,0,0,0,0,0,0,0,0,0,0,0,2,0,0
157378,0,0,1.579,0,0,0,0,0,0,0,0,0,0,0,0,2,0,0
157388,0,0,1.579,0,0,0,0,0,0,0,0,0,0,0,0,2,0,0
157398,0,0,1.579,0,0,0,0,0,0,0,0,0,0,0,0,2,0,0
157408,0,0,1.579,0,0,0,0,0,0,0,0,0,0,0,0,2,0,0
157418,0,0,1.579,0,0,0,0,0,0,0,0,0,0,0,0,2,0,0
157428,0,0,1.579,0,0,0,0,0,0,0,0,0,0,0,0,2,0,0
157438,0,0,1.579,0,0,0,0,0,0,0,0,0,0,0,0,2,0,0
157448,0,0,1.579,0,0,0,0,0,0,0,0,0,0,0,0,2,0,0
157458,0,0,1.579,0,0,0,0,0,0,0,0,0,0,0,0,2,0,0
157468,0,0,1.579,0,0,0,0,0,0,0,0,0,0,0,0,2,0,0
157478,0,0,1.579,0,0,0,0,0,0,0,0,0,0,0,0,2,0,0
157488,0,0,1.579,0,0,0,0,0,0,0,0,0,0,0,0,2,0,0
157498,0,0,1.579,0,0,0,0,0,0,0,0,0,0,0,0,2,0,0
157508,0,0,1.579,0,0,0,0,0,0,0,0,0,0,0,0,2,0,0
157518,0,0,1.579,0,0,0,0,0,0,0,0,0,0,0,0,2,0,0
157528,0,0,1.579,0,0,0,0,0,0,0,0,0,0,0,0,2,0,0
157538,0,0,1.579,0,0,0,0,0,0,0,0,0,0,0,0,2,0,0
157548,0,0,1.579,0,0,0,0,0,0,0,0,0,0,0,0,2,0,0
157558,0,0,1.579,0,0,0,0,0,0,0,0,0,0,0,0,2,0,0
157568,0,0,1.579,0,0,0,0,0,0,0,0,0,0,0,0,2,0,0
157578,0,0,1.579,0,0,0,0,0,0,0,0,0,0,0,0,2,0,0
157588,0,0,1.579,0,0,0,0,0,0,0,0,0,0,0,0,2,0,0
157598,0,0,1.579,0,0,0,0,0,0,0,0,0,0,0,0,2,0,0
157608,0,0,1.579,0,0,0,0,0,0,0,0,0,0,0,0,2,0,0
157618,0,0,1.579,0,0,0,0,0,0,0,0,0,0,0,0,2,0,0
157628,0,0,1.579,0,0,0,0,0,0,0,0,0,0,0,0,2,0,0
157638,0,0,1.579,0,0,0,0,0,0,0,0,0,0,0,0,2,0,0
157648,0,0,1.579,0,0,0,0,0,0,0,0,0,0,0,0,2,0,0
157658,0,0,1.579,0,0,0,0,0,0,0,0,0,0,0,0,2,0,0
157672,0,0,1.579,0,0,0,0,0,0,0,0,0,0,0,0,2,0,0
157677,0,0,1.579,0,0,0,0,0,0,0,0,0,0,0,0,2,0,0
157687,0,0,1.579,0,0,0,0,0,0,0,0,0,0,0,0,2,0,0
157697,0,0,1.579,0,0,0,0,0,0,0,0,0,0,0,0,2,0,0
157707,0,0,1.579,0,0,0,0,0,0,0,0,0,0,0,0,2,0,0
157717,0,0,1.579,0,0,0,0,0,0,0,0,0,0,0,0,2,0,0
157727,0,0,1.579,0,0,0,0,0,0,0,0,0,0,0,0,2,0,0
157737,0,0,1.579,0,0,0,0,0,0,0,0,0,0,0,0,2,0,0
157747,0,0,1.579,0,0,0,0,0,0,0,0,0,0,0,0,2,0,0
157757,0,0,1.579,0,0,0,0,0,0,0,0,0,0,0,0,2,0,0
157769,0,0,1.579,0,0,0,0,0,0,0,0,0,0,0,0,2,0,0
157777,0,0,1.579,0,0,0,0,0,0,0,0,0,0,0,0,2,0,0
157787,0,0,1.579,0,0,0,0,0,0,0,0,0,0,0,0,2,0,0
157798,0,0,1.579,0,0,0,0,0,0,0,0,0,0,0,0,2,0,0
157807,0,0,1.579,0,0,0,0,0,0,0,0,0,0,0,0,2,0,0
157817,0,0,1.579,0,0,0,0,0,0,0,0,0,0,0,0,2,0,0
157827,0,0,1.579,0,0,0,0,0,0,0,0,0,0,0,0,2,0,0
157838,0,0,1.579,0,0,0,0,0,0,0,0,0,0,0,0,2,0,0
157847,0,0,1.579,0,0,0,0,0,0,0,0,0,0,0,0,2,0,0
157857,0,0,1.579,0,0,0,0,0,0,0,0,0,0,0,0,2,0,0
157870,0,0,1.579,0,0,0,0,0,0,0,0,0,0,0,0,2,0,0
157878,0,0,1.579,0,0,0,0,0,0,0,0,0,0,0,0,2,0,0
157888,0,0,1.579,0,0,0,0,0,0,0,0,0,0,0,0,2,0,0
157898,0,0,1.579,0,0,0,0,0,0,0,0,0,0,0,0,2,0,0
157908,0,0,1.579,0,0,0,0,0,0,0,0,0,0,0,0,2,0,0
157918,0,0,1.579,0,0,0,0,0,0,0,0,0,0,0,0,2,0,0
157928,0,0,1.579,0,0,0,0,0,0,0,0,0,0,0,0,2,0,0
157938,0,0,1.579,0,0,0,0,0,0,0,0,0,0,0,0,2,0,0
157948,0,0,1.579,0,0,0,0,0,0,0,0,0,0,0,0,2,0,0
157958,0,0,1.579,0,0,0,0,0,0,0,0,0,0,0,0,2,0,0
157968,0,0,1.579,0,0,0,0,0,0,0,0,0,0,0,0,2,0,0
157978,0,0,1.579,0,0,0,0,0,0,0,0,0,0,0,0,2,0,0
157988,0,0,1.579,0,0,0,0,0,0,0,0,0,0,0,0,2,0,0
157998,0,0,1.579,0,0,0,0,0,0,0,0,0,0,0,0,2,0,0
158008,0,0,1.579,0,0,0,0,0,0,0,0,0,0,0,0,2,0,0
158018,0,0,1.579,0,0,0,0,0,0,0,0,0,0,0,0,2,0,0
158028,0,0,1.579,0,0,0,0,0,0,0,0,0,0,0,0,2,0,0
158038,0,0,1.579,0,0,0,0,0,0,0,0,0,0,0,0,2,0,0
158048,0,0,1.579,0,0,0,0,0,0,0,0,0,0,0,0,2,0,0
158058,0,0,1.579,0,0,0,0,0,0,0,0,0,0,0,0,2,0,0
158068,0,0,1.579,0,0,0,0,0,0,0,0,0,0,0,0,2,0,0
158078,0,0,1.579,0,0,0,0,0,0,0,0,0,0,0,0,2,0,0
158088,0,0,1.579,0,0,0,0,0,0,0,0,0,0,0,0,2,0,0
158098,0,0,1.579,0,0,0,0,0,0,0,0,0,0,0,0,2,0,0
158108,0,0,1.579,0,0,0,0,0,0,0,0,0,0,0,0,2,0,0
158118,0,0,1.579,0,0,0,0,0,0,0,0,0,0,0,0,2,0,0
158128,0,0,1.579,0,0,0,0,0,0,0,0,0,0,0,0,2,0,0
158138,0,0,1.579,0,0,0,0,0,0,0,0,0,0,0,0,2,0,0
158148,0,0,1.579,0,0,0,0,0,0,0,0,0,0,0,0,2,0,0
158158,0,0,1.579,0,0,0,0,0,0,0,0,0,0,0,0,2,0,0
158168,0,0,1.579,0,0,0,0,0,0,0,0,0,0,0,0,2,0,0
158178,0,0,1.579,0,0,0,0,0,0,0,0,0,0,0,0,2,0,0
158188,0,0,1.579,0,0,0,0,0,0,0,0,0,0,0,0,2,0,0
158198,0,0,1.579,0,0,0,0,0,0,0,0,0,0,0,0,2,0,0
158208,0,0,1.579,0,0,0,0,0,0,0,0,0,0,0,0,2,0,0
158218,0,0,1.579,0,0,0,0,0,0,0,0,0,0,0,0,2,0,0
158228,0,0,1.579,0,0,0,0,0,0,0,0,0,0,0,0,2,0,0
158238,0,0,1.579,0,0,0,0,0,0,0,0,0,0,0,0,2,0,0
158248,0,0,1.579,0,0,0,0,0,0,0,0,0,0,0,0,2,0,0
158258,0,0,1.579,0,0,0,0,0,0,0,0,0,0,0,0,2,0,0
158268,0,0,1.579,0,0,0,0,0,0,0,0,0,0,0,0,2,0,0
158278,0,0,1.579,0,0,0,0,0,0,0,0,0,0,0,0,2,0,0
158288,0,0,1.579,0,0,0,0,0,0,0,0,0,0,0,0,2,0,0
158298,0,0,1.579,0,0,0,0,0,0,0,0,0,0,0,0,2,0,0
158308,0,0,1.579,0,0,0,0,0,0,0,0,0,0,0,0,2,0,0
158318,0,0,1.579,0,0,0,0,0,0,0,0,0,0,0,0,2,0,0
158328,0,0,1.579,0,0,0,0,0,0,0,0,0,0,0,0,2,0,0
158338,0,0,1.579,0,0,0,0,0,0,0,0,0,0,0,0,2,0,0
158348,0,0,1.579,0,0,0,0,0,0,0,0,0,0,0,0,2,0,0
158358,0,0,1.579,0,0,0,0,0,0,0,0,0,0,0,0,2,0,0
158368,0,0,1.579,0,0,0,0,0,0,0,0,0,0,0,0,2,0,0
158378,0,0,1.579,0,0,0,0,0,0,0,0,0,0,0,0,2,0,0
158388,0,0,1.579,0,0,0,0,0,0,0,0,0,0,0,0,2,0,0
158398,0,0,1.579,0,0,0,0,0,0,0,0,0,0,0,0,2,0,0
158408,0,0,1.579,0,0,0,0,0,0,0,0,0,0,0,0,2,0,0
158418,0,0,1.579,0,0,0,0,0,0,0,0,0,0,0,0,2,0,0
158428,0,0,1.579,0,0,0,0,0,0,0,0,0,0,0,0,2,0,0
158438,0,0,1.579,0,0,0,0,0,0,0,0,0,0,0,0,2,0,0
158448,0,0,1.579,0,0,0,0,0,0,0,0,0,0,0,0,2,0,0
158458,0,0,1.579,0,0,0,0,0,0,0,0,0,0,0,0,2,0,0
158468,0,0,1.579,0,0,0,0,0,0,0,0,0,0,0,0,2,0,0
158478,0,0,1.579,0,0,0,0,0,0,0,0,0,0,0,0,2,0,0
158488,0,0,1.579,0,0,0,0,0,0,0,0,0,0,0,0,2,0,0
158498,0,0,1.579,0,0,0,0,0,0,0,0,0,0,0,0,2,0,0
158508,0,0,1.579,0,0,0,0,0,0,0,0,0,0,0,0,2,0,0
158518,0,0,1.579,0,0,0,0,0,0,0,0,0,0,0,0,2,0,0
158528,0,0,1.579,0,0,0,0,0,0,0,0,0,0,0,0,2,0,0
158538,0,0,1.579,0,0,0,0,0,0,0,0,0,0,0,0,2,0,0
158548,0,0,1.579,0,0,0,0,0,0,0,0,0,0,0,0,2,0,0
158558,0,0,1.579,0,0,0,0,0,0,0,0,0,0,0,0,2,0,0
158568,0,0,1.579,0,0,0,0,0,0,0,0,0,0,0,0,2,0,0
158578,0,0,1.579,0,0,0,0,0,0,0,0,0,0,0,0,2,0,0
158588,0,0,1.579,0,0,0,0,0,0,0,0,0,0,0,0,2,0,0
158598,0,0,1.579,0,0,0,0,0,0,0,0,0,0,0,0,2,0,0
158608,0,0,1.579,0,0,0,0,0,0,0,0,0,0,0,0,2,0,0
158618,0,0,1.579,0,0,0,0,0,0,0,0,0,0,0,0,2,0,0
158628,0,0,1.579,0,0,0,0,0,0,0,0,0,0,0,0,2,0,0
158638,0,0,1.579,0,0,0,0,0,0,0,0,0,0,0,0,2,0,0
158648,0,0,1.579,0,0,0,0,0,0,0,0,0,0,0,0,2,0,0
158658,0,0,1.579,0,0,0,0,0,0,0,0,0,0,0,0,2,0,0
158668,0,0,1.579,0,0,0,0,0,0,0,0,0,0,0,0,2,0,0
158678,0,0,1.579,0,0,0,0,0,0,0,0,0,0,0,0,2,0,0
158688,0,0,1.579,0,0,0,0,0,0,0,0,0,0,0,0,2,0,0
158698,0,0,1.579,0,0,0,0,0,0,0,0,0,0,0,0,2,0,0
158708,0,0,1.579,0,0,0,0,0,0,0,0,0,0,0,0,2,0,0
158718,0,0,1.579,0,0,0,0,0,0,0,0,0,0,0,0,2,0,0
158728,0,0,1.579,0,0,0,0,0,0,0,0,0,0,0,0,2,0,0
158738,0,0,1.579,0,0,0,0,0,0,0,0,0,0,0,0,2,0,0
158748,0,0,1.579,0,0,0,0,0,0,0,0,0,0,0,0,2,0,0
158758,0,0,1.579,0,0,0,0,0,0,0,0,0,0,0,0,2,0,0
158768,0,0,1.579,0,0,0,0,0,0,0,0,0,0,0,0,2,0,0
158778,0,0,1.579,0,0,0,0,0,0,0,0,0,0,0,0,2,0,0
158788,0,0,1.579,0,0,0,0,0,0,0,0,0,0,0,0,2,0,0
158798,0,0,1.579,0,0,0,0,0,0,0,0,0,0,0,0,2,0,0
158808,0,0,1.579,0,0,0,0,0,0,0,0,0,0,0,0,2,0,0
158818,0,0,1.579,0,0,0,0,0,0,0,0,0,0,0,0,2,0,0
158828,0,0,1.579,0,0,0,0,0,0,0,0,0,0,0,0,2,0,0
158838,0,0,1.579,0,0,0,0,0,0,0,0,0,0,0,0,2,0,0
158848,0,0,1.579,0,0,0,0,0,0,0,0,0,0,0,0,2,0,0
158858,0,0,1.579,0,0,0,0,0,0,0,0,0,0,0,0,2,0,0
158868,0,0,1.579,0,0,0,0,0,0,0,0,0,0,0,0,2,0,0
158878,0,0,1.579,0,0,0,0,0,0,0,0,0,0,0,0,2,0,0
158888,0,0,1.579,0,0,0,0,0,0,0,0,0,0,0,0,2,0,0
158898,0,0,1.579,0,0,0,0,0,0,0,0,0,0,0,0,2,0,0
158908,0,0,1.579,0,0,0,0,0,0,0,0,0,0,0,0,2,0,0
158918,0,0,1.579,0,0,0,0,0,0,0,0,0,0,0,0,2,0,0
158928,0,0,1.579,0,0,0,0,0,0,0,0,0,0,0,0,2,0,0
158938,0,0,1.579,0,0,0,0,0,0,0,0,0,0,0,0,2,0,0
158948,0,0,1.579,0,0,0,0,0,0,0,0,0,0,0,0,2,0,0
158958,0,0,1.579,0,0,0,0,0,0,0,0,0,0,0,0,2,0,0
158968,0,0,1.579,0,0,0,0,0,0,0,0,0,0,0,0,2,0,0
158978,0,0,1.579,0,0,0,0,0,0,0,0,0,0,0,0,2,0,0
158988,0,0,1.579,0,0,0,0,0,0,0,0,0,0,0,0,2,0,0
158998,0,0,1.579,0,0,0,0,0,0,0,0,0,0,0,0,2,0,0
159008,0,0,1.579,0,0,0,0,0,0,0,0,0,0,0,0,2,0,0
159018,0,0,1.579,0,0,0,0,0,0,0,0,0,0,0,0,2,0,0
159028,0,0,1.579,0,0,0,0,0,0,0,0,0,0,0,0,2,0,0
159038,0,0,1.579,0,0,0,0,0,0,0,0,0,0,0,0,2,0,0
159048,0,0,1.579,0,0,0,0,0,0,0,0,0,0,0,0,2,0,0
159058,0,0,1.579,0,0,0,0,0,0,0,0,0,0,0,0,2,0,0
159068,0,0,1.579,0,0,0,0,0,0,0,0,0,0,0,0,2,0,0
159078,0,0,1.579,0,0,0,0,0,0,0,0,0,0,0,0,2,0,0
159088,0,0,1.579,0,0,0,0,0,0,0,0,0,0,0,0,2,0,0
159098,0,0,1.579,0,0,0,0,0,0,0,0,0,0,0,0,2,0,0
159108,0,0,1.579,0,0,0,0,0,0,0,0,0,0,0,0,2,0,0
159118,0,0,1.579,0,0,0,0,0,0,0,0,0,0,0,0,2,0,0
159128,0,0,1.579,0,0,0,0,0,0,0,0,0,0,0,0,2,0,0
159138,0,0,1.579,0,0,0,0,0,0,0,0,0,0,0,0,2,0,0
159148,0,0,1.579,0,0,0,0,0,0,0,0,0,0,0,0,2,0,0
159158,0,0,1.579,0,0,0,0,0,0,0,0,0,0,0,0,2,0,0
159168,0,0,1.579,0,0,0,0,0,0,0,0,0,0,0,0,2,0,0
159178,0,0,1.579,0,0,0,0,0,0,0,0,0,0,0,0,2,0,0
159187,0,0,1.579,0,0,0,0,0,0,0,0,0,0,0,0,2,0,0
159197,0,0,1.579,0,0,0,0,0,0,0,0,0,0,0,0,2,0,0
159207,0,0,1.579,0,0,0,0,0,0,0,0,0,0,0,0,2,0,0
159217,0,0,1.579,0,0,0,0,0,0,0,0,0,0,0,0,2,0,0
159227,0,0,1.579,0,0,0,0,0,0,0,0,0,0,0,0,2,0,0
159237,0,0,1.579,0,0,0,0,0,0,0,0,0,0,0,0,2,0,0
159247,0,0,1.579,0,0,0,0,0,0,0,0,0,0,0,0,2,0,0
159257,0,0,1.579,0,0,0,0,0,0,0,0,0,0,0,0,2,0,0
159267,0,0,1.579,0,0,0,0,0,0,0,0,0,0,0,0,2,0,0
159277,0,0,1.579,0,0,0,0,0,0,0,0,0,0,0,0,2,0,0
159287,0,0,1.579,0,0,0,0,0,0,0,0,0,0,0,0,2,0,0
159297,0,0,1.579,0,0,0,0,0,0,0,0,0,0,0,0,2,0,0
159307,0,0,1.579,0,0,0,0,0,0,0,0,0,0,0,0,2,0,0
159317,0,0,1.579,0,0,0,0,0,0,0,0,0,0,0,0,2,0,0
159327,0,0,1.579,0,0,0,0,0,0,0,0,0,0,0,0,2,0,0
159337,0,0,1.579,0,0,0,0,0,0,0,0,0,0,0,0,2,0,0
159347,0,0,1.579,0,0,0,0,0,0,0,0,0,0,0,0,2,0,0
159357,0,0,1.579,0,0,0,0,0,0,0,0,0,0,0,0,2,0,0
159367,0,0,1.579,0,0,0,0,0,0,0,0,0,0,0,0,2,0,0
159377,0,0,1.579,0,0,0,0,0,0,0,0,0,0,0,0,2,0,0
159387,0,0,1.579,0,0,0,0,0,0,0,0,0,0,0,0,2,0,0
159397,0,0,1.579,0,0,0,0,0,0,0,0,0,0,0,0,2,0,0
159407,0,0,1.579,0,0,0,0,0,0,0,0,0,0,0,0,2,0,0
159417,0,0,1.579,0,0,0,0,0,0,0,0,0,0,0,0,2,0,0
159427,0,0,1.579,0,0,0,0,0,0,0,0,0,0,0,0,2,0,0
159437,0,0,1.579,0,0,0,0,0,0,0,0,0,0,0,0,2,0,0
159447,0,0,1.579,0,0,0,0,0,0,0,0,0,0,0,0,2,0,0
159457,0,0,1.579,0,0,0,0,0,0,0,0,0,0,0,0,2,0,0
159467,0,0,1.579,0,0,0,0,0,0,0,0,0,0,0,0,2,0,0
159477,0,0,1.579,0,0,0,0,0,0,0,0,0,0,0,0,2,0,0
159487,0,0,1.579,0,0,0,0,0,0,0,0,0,0,0,0,2,0,0
159497,0,0,1.579,0,0,0,0,0,0,0,0,0,0,0,0,2,0,0
159507,0,0,1.579,0,0,0,0,0,0,0,0,0,0,0,0,2,0,0
159517,0,0,1.579,0,0,0,0,0,0,0,0,0,0,0,0,2,0,0
159527,0,0,1.579,0,0,0,0,0,0,0,0,0,0,0,0,2,0,0
159537,0,0,1.579,0,0,0,0,0,0,0,0,0,0,0,0,2,0,0
159547,0,0,1.579,0,0,0,0,0,0,0,0,0,0,0,0,2,0,0
159557,0,0,1.579,0,0,0,0,0,0,0,0,0,0,0,0,2,0,0
159567,0,0,1.579,0,0,0,0,0,0,0,0,0,0,0,0,2,0,0
159577,0,0,1.579,0,0,0,0,0,0,0,0,0,0,0,0,2,0,0
159587,0,0,1.579,0,0,0,0,0,0,0,0,0,0,0,0,2,0,0
159597,0,0,1.579,0,0,0,0,0,0,0,0,0,0,0,0,2,0,0
159607,0,0,1.579,0,0,0,0,0,0,0,0,0,0,0,0,2,0,0
159617,0,0,1.579,0,0,0,0,0,0,0,0,0,0,0,0,2,0,0
159627,0,0,1.579,0,0,0,0,0,0,0,0,0,0,0,0,2,0,0
159637,0,0,1.579,0,0,0,0,0,0,0,0,0,0,0,0,2,0,0
159647,0,0,1.579,0,0,0,0,0,0,0,0,0,0,0,0,2,0,0
159657,0,0,1.579,0,0,0,0,0,0,0,0,0,0,0,0,2,0,0
159667,0,0,1.579,0,0,0,0,0,0,0,0,0,0,0,0,2,0,0
159677,0,0,1.579,0,0,0,0,0,0,0,0,0,0,0,0,2,0,0
159687,0,0,1.579,0,0,0,0,0,0,0,0,0,0,0,0,2,0,0
159697,0,0,1.579,0,0,0,0,0,0,0,0,0,0,0,0,2,0,0
159707,0,0,1.579,0,0,0,0,0,0,0,0,0,0,0,0,2,0,0
159717,0,0,1.579,0,0,0,0,0,0,0,0,0,0,0,0,2,0,0
159727,0,0,1.579,0,0,0,0,0,0,0,0,0,0,0,0,2,0,0
159737,0,0,1.579,0,0,0,0,0,0,0,0,0,0,0,0,2,0,0
159747,0,0,1.579,0,0,0,0,0,0,0,0,0,0,0,0,2,0,0
159757,0,0,1.579,0,0,0,0,0,0,0,0,0,0,0,0,2,0,0
159767,0,0,1.579,0,0,0,0,0,0,0,0,0,0,0,0,2,0,0
159777,0,0,1.579,0,0,0,0,0,0,0,0,0,0,0,0,2,0,0
159787,0,0,1.579,0,0,0,0,0,0,0,0,0,0,0,0,2,0,0
159797,0,0,1.579,0,0,0,0,0,0,0,0,0,0,0,0,2,0,0
159807,0,0,1.579,0,0,0,0,0,0,0,0,0,0,0,0,2,0,0
159817,0,0,1.579,0,0,0,0,0,0,0,0,0,0,0,0,2,0,0
159827,0,0,1.579,0,0,0,0,0,0,0,0,0,0,0,0,2,0,0
159837,0,0,1.579,0,0,0,0,0,0,0,0,0,0,0,0,2,0,0
159847,0,0,1.579,0,0,0,0,0,0,0,0,0,0,0,0,2,0,0
159857,0,0,1.579,0,0,0,0,0,0,0,0,0,0,0,0,2,0,0
159867,0,0,1.579,0,0,0,0,0,0,0,0,0,0,0,0,2,0,0
159877,0,0,1.579,0,0,0,0,0,0,0,0,0,0,0,0,2,0,0
159887,0,0,1.579,0,0,0,0,0,0,0,0,0,0,0,0,2,0,0
159897,0,0,1.579,0,0,0,0,0,0,0,0,0,0,0,0,2,0,0
159907,0,0,1.579,0,0,0,0,0,0,0,0,0,0,0,0,2,0,0
159917,0,0,1.579,0,0,0,0,0,0,0,0,0,0,0,0,2,0,0
159927,0,0,1.579,0,0,0,0,0,0,0,0,0,0,0,0,2,0,0
159937,0,0,1.579,0,0,0,0,0,0,0,0,0,0,0,0,2,0,0
159947,0,0,1.579,0,0,0,0,0,0,0,0,0,0,0,0,2,0,0
159957,0,0,1.579,0,0,0,0,0,0,0,0,0,0,0,0,2,0,0
159967,0,0,1.579,0,0,0,0,0,0,0,0,0,0,0,0,2,0,0
159977,0,0,1.579,0,0,0,0,0,0,0,0,0,0,0,0,2,0,0
159987,0,0,1.579,0,0,0,0,0,0,0,0,0,0,0,0,2,0,0
159997,0,0,1.579,0,0,0,0,0,0,0,0,0,0,0,0,2,0,0
160007,0,0,1.579,0,0,0,0,0,0,0,0,0,0,0,0,2,0,0
160017,0,0,1.579,0,0,0,0,0,0,0,0,0,0,0,0,2,0,0
160027,0,0,1.579,0,0,0,0,0,0,0,0,0,0,0,0,2,0,0
160037,0,0,1.579,0,0,0,0,0,0,0,0,0,0,0,0,2,0,0
160047,0,0,1.579,0,0,0,0,0,0,0,0,0,0,0,0,2,0,0
160057,0,0,1.579,0,0,0,0,0,0,0,0,0,0,0,0,2,0,0
160067,0,0,1.579,0,0,0,0,0,0,0,0,0,0,0,0,2,0,0
160077,0,0,1.579,0,0,0,0,0,0,0,0,0,0,0,0,2,0,0
160087,0,0,1.579,0,0,0,0,0,0,0,0,0,0,0,0,2,0,0
160097,0,0,1.579,0,0,0,0,0,0,0,0,0,0,0,0,2,0,0
160107,0,0,1.579,0,0,0,0,0,0,0,0,0,0,0,0,2,0,0
160117,0,0,1.579,0,0,0,0,0,0,0,0,0,0,0,0,2,0,0
160127,0,0,1.579,0,0,0,0,0,0,0,0,0,0,0,0,2,0,0
160137,0,0,1.579,0,0,0,0,0,0,0,0,0,0,0,0,2,0,0
160147,0,0,1.579,0,0,0,0,0,0,0,0,0,0,0,0,2,0,0
160157,0,0,1.579,0,0,0,0,0,0,0,0,0,0,0,0,2,0,0
160167,0,0,1.579,0,0,0,0,0,0,0,0,0,0,0,0,2,0,0
160177,0,0,1.579,0,0,0,0,0,0,0,0,0,0,0,0,2,0,0
160187,0,0,1.579,0,0,0,0,0,0,0,0,0,0,0,0,2,0,0
160197,0,0,1.579,0,0,0,0,0,0,0,0,0,0,0,0,2,0,0
160207,0,0,1.579,0,0,0,0,0,0,0,0,0,0,0,0,2,0,0
160217,0,0,1.579,0,0,0,0,0,0,0,0,0,0,0,0,2,0,0
160227,0,0,1.579,0,0,0,0,0,0,0,0,0,0,0,0,2,0,0
160237,0,0,1.579,0,0,0,0,0,0,0,0,0,0,0,0,2,0,0
160247,0,0,1.579,0,0,0,0,0,0,0,0,0,0,0,0,2,0,0
160257,0,0,1.579,0,0,0,0,0,0,0,0,0,0,0,0,2,0,0
160267,0,0,1.579,0,0,0,0,0,0,0,0,0,0,0,0,2,0,0
160277,0,0,1.579,0,0,0,0,0,0,0,0,0,0,0,0,2,0,0
160287,0,0,1.579,0,0,0,0,0,0,0,0,0,0,0,0,2,0,0
160297,0,0,1.579,0,0,0,0,0,0,0,0,0,0,0,0,2,0,0
160307,0,0,1.579,0,0,0,0,0,0,0,0,0,0,0,0,2,0,0
160317,0,0,1.579,0,0,0,0,0,0,0,0,0,0,0,0,2,0,0
160327,0,0,1.579,0,0,0,0,0,0,0,0,0,0,0,0,2,0,0
160337,0,0,1.579,0,0,0,0,0,0,0,0,0,0,0,0,2,0,0
160347,0,0,1.579,0,0,0,0,0,0,0,0,0,0,0,0,2,0,0
160357,0,0,1.579,0,0,0,0,0,0,0,0,0,0,0,0,2,0,0
160367,0,0,1.579,0,0,0,0,0,0,0,0,0,0,0,0,2,0,0
160377,0,0,1.579,0,0,0,0,0,0,0,0,0,0,0,0,2,0,0
160387,0,0,1.579,0,0,0,0,0,0,0,0,0,0,0,0,2,0,0
160397,0,0,1.579,0,0,0,0,0,0,0,0,0,0,0,0,2,0,0
160407,0,0,1.579,0,0,0,0,0,0,0,0,0,0,0,0,2,0,0
160417,0,0,1.579,0,0,0,0,0,0,0,0,0,0,0,0,2,0,0
160427,0,0,1.579,0,0,0,0,0,0,0,0,0,0,0,0,2,0,0
160437,0,0,1.579,0,0,0,0,0,0,0,0,0,0,0,0,2,0,0
160447,0,0,1.579,0,0,0,0,0,0,0,0,0,0,0,0,2,0,0
160457,0,0,1.579,0,0,0,0,0,0,0,0,0,0,0,0,2,0,0
160467,0,0,1.579,0,0,0,0,0,0,0,0,0,0,0,0,2,0,0
160477,0,0,1.579,0,0,0,0,0,0,0,0,0,0,0,0,2,0,0
160487,0,0,1.579,0,0,0,0,0,0,0,0,0,0,0,0,2,0,0
160497,0,0,1.579,0,0,0,0,0,0,0,0,0,0,0,0,2,0,0
160507,0,0,1.579,0,0,0,0,0,0,0,0,0,0,0,0,2,0,0
160517,0,0,1.579,0,0,0,0,0,0,0,0,0,0,0,0,2,0,0
160527,0,0,1.579,0,0,0,0,0,0,0,0,0,0,0,0,2,0,0
160537,0,0,1.579,0,0,0,0,0,0,0,0,0,0,0,0,2,0,0
160547,0,0,1.579,0,0,0,0,0,0,0,0,0,0,0,0,2,0,0
160557,0,0,1.579,0,0,0,0,0,0,0,0,0,0,0,0,2,0,0
160567,0,0,1.579,0,0,0,0,0,0,0,0,0,0,0,0,2,0,0
160577,0,0,1.579,0,0,0,0,0,0,0,0,0,0,0,0,2,0,0
160587,0,0,1.579,0,0,0,0,0,0,0,0,0,0,0,0,2,0,0
160597,0,0,1.579,0,0,0,0,0,0,0,0,0,0,0,0,2,0,0
160607,0,0,1.579,0,0,0,0,0,0,0,0,0,0,0,0,2,0,0
160617,0,0,1.579,0,0,0,0,0,0,0,0,0,0,0,0,2,0,0
160627,0,0,1.579,0,0,0,0,0,0,0,0,0,0,0,0,2,0,0
160637,0,0,1.579,0,0,0,0,0,0,0,0,0,0,0,0,2,0,0
160647,0,0,1.579,0,0,0,0,0,0,0,0,0,0,0,0,2,0,0
160657,0,0,1.579,0,0,0,0,0,0,0,0,0,0,0,0,2,0,0
160667,0,0,1.579,0,0,0,0,0,0,0,0,0,0,0,0,2,0,0
160677,0,0,1.579,0,0,0,0,0,0,0,0,0,0,0,0,2,0,0
160687,0,0,1.579,0,0,0,0,0,0,0,0,0,0,0,0,2,0,0
160697,0,0,1.579,0,0,0,0,0,0,0,0,0,0,0,0,2,0,0
160707,0,0,1.579,0,0,0,0,0,0,0,0,0,0,0,0,2,0,0
160717,0,0,1.579,0,0,0,0,0,0,0,0,0,0,0,0,2,0,0
160727,0,0,1.579,0,0,0,0,0,0,0,0,0,0,0,0,2,0,0
160737,0,0,1.579,0,0,0,0,0,0,0,0,0,0,0,0,2,0,0
160747,0,0,1.579,0,0,0,0,0,0,0,0,0,0,0,0,2,0,0
160757,0,0,1.579,0,0,0,0,0,0,0,0,0,0,0,0,2,0,0
160767,0,0,1.579,0,0,0,0,0,0,0,0,0,0,0,0,2,0,0
160777,0,0,1.579,0,0,0,0,0,0,0,0,0,0,0,0,2,0,0
160787,0,0,1.579,0,0,0,0,0,0,0,0,0,0,0,0,2,0,0
160797,0,0,1.579,0,0,0,0,0,0,0,0,0,0,0,0,2,0,0
160807,0,0,1.579,0,0,0,0,0,0,0,0,0,0,0,0,2,0,0
160817,0,0,1.579,0,0,0,0,0,0,0,0,0,0,0,0,2,0,0
160827,0,0,1.579,0,0,0,0,0,0,0,0,0,0,0,0,2,0,0
160837,0,0,1.579,0,0,0,0,0,0,0,0,0,0,0,0,2,0,0
160847,0,0,1.579,0,0,0,0,0,0,0,0,0,0,0,0,2,0,0
160857,0,0,1.579,0,0,0,0,0,0,0,0,0,0,0,0,2,0,0
160867,0,0,1.579,0,0,0,0,0,0,0,0,0,0,0,0,2,0,0
160877,0,0,1.579,0,0,0,0,0,0,0,0,0,0,0,0,2,0,0
160887,0,0,1.579,0,0,0,0,0,0,0,0,0,0,0,0,2,0,0
160897,0,0,1.579,0,0,0,0,0,0,0,0,0,0,0,0,2,0,0
160907,0,0,1.579,0,0,0,0,0,0,0,0,0,0,0,0,2,0,0
160917,0,0,1.579,0,0,0,0,0,0,0,0,0,0,0,0,2,0,0
160927,0,0,1.579,0,0,0,0,0,0,0,0,0,0,0,0,2,0,0
160937,0,0,1.579,0,0,0,0,0,0,0,0,0,0,0,0,2,0,0
160947,0,0,1.579,0,0,0,0,0,0,0,0,0,0,0,0,2,0,0
160957,0,0,1.579,0,0,0,0,0,0,0,0,0,0,0,0,2,0,0
160967,0,0,1.579,0,0,0,0,0,0,0,0,0,0,0,0,2,0,0
160977,0,0,1.579,0,0,0,0,0,0,0,0,0,0,0,0,2,0,0
160987,0,0,1.579,0,0,0,0,0,0,0,0,0,0,0,0,2,0,0
160997,0,0,1.579,0,0,0,0,0,0,0,0,0,0,0,0,2,0,0
161007,0,0,1.579,0,0,0,0,0,0,0,0,0,0,0,0,2,0,0
161017,0,0,1.579,0,0,0,0,0,0,0,0,0,0,0,0,2,0,0
161027,0,0,1.579,0,0,0,0,0,0,0,0,0,0,0,0,2,0,0
161037,0,0,1.579,0,0,0,0,0,0,0,0,0,0,0,0,2,0,0
161047,0,0,1.579,0,0,0,0,0,0,0,0,0,0,0,0,2,0,0
161057,0,0,1.579,0,0,0,0,0,0,0,0,0,0,0,0,2,0,0
161067,0,0,1.579,0,0,0,0,0,0,0,0,0,0,0,0,2,0,0
161077,0,0,1.579,0,0,0,0,0,0,0,0,0,0,0,0,2,0,0
161087,0,0,1.579,0,0,0,0,0,0,0,0,0,0,0,0,2,0,0
161097,0,0,1.579,0,0,0,0,0,0,0,0,0,0,0,0,2,0,0
161107,0,0,1.579,0,0,0,0,0,0,0,0,0,0,0,0,2,0,0
161117,0,0,1.579,0,0,0,0,0,0,0,0,0,0,0,0,2,0,0
161127,0,0,1.579,0,0,0,0,0,0,0,0,0,0,0,0,2,0,0
161137,0,0,1.579,0,0,0,0,0,0,0,0,0,0,0,0,2,0,0
161147,0,0,1.579,0,0,0,0,0,0,0,0,0,0,0,0,2,0,0
161157,0,0,1.579,0,0,0,0,0,0,0,0,0,0,0,0,2,0,0
161167,0,0,1.579,0,0,0,0,0,0,0,0,0,0,0,0,2,0,0
161177,0,0,1.579,0,0,0,0,0,0,0,0,0,0,0,0,2,0,0
161187,0,0,1.579,0,0,0,0,0,0,0,0,0,0,0,0,2,0,0
161197,0,0,1.579,0,0,0,0,0,0,0,0,0,0,0,0,2,0,0
161207,0,0,1.579,0,0,0,0,0,0,0,0,0,0,0,0,2,0,0
161217,0,0,1.579,0,0,0,0,0,0,0,0,0,0,0,0,2,0,0
161227,0,0,1.579,0,0,0,0,0,0,0,0,0,0,0,0,2,0,0
161237,0,0,1.579,0,0,0,0,0,0,0,0,0,0,0,0,2,0,0
161247,0,0,1.579,0,0,0,0,0,0,0,0,0,0,0,0,2,0,0
161257,0,0,1.579,0,0,0,0,0,0,0,0,0,0,0,0,2,0,0
161267,0,0,1.579,0,0,0,0,0,0,0,0,0,0,0,0,2,0,0
161277,0,0,1.579,0,0,0,0,0,0,0,0,0,0,0,0,2,0,0
161287,0,0,1.579,0,0,0,0,0,0,0,0,0,0,0,0,2,0,0
161297,0,0,1.579,0,0,0,0,0,0,0,0,0,0,0,0,2,0,0
161307,0,0,1.579,0,0,0,0,0,0,0,0,0,0,0,0,2,0,0
161317,0,0,1.579,0,0,0,0,0,0,0,0,0,0,0,0,2,0,0
161327,0,0,1.579,0,0,0,0,0,0,0,0,0,0,0,0,2,0,0
161337,0,0,1.579,0,0,0,0,0,0,0,0,0,0,0,0,2,0,0
161347,0,0,1.579,0,0,0,0,0,0,0,0,0,0,0,0,2,0,0
161357,0,0,1.579,0,0,0,0,0,0,0,0,0,0,0,0,2,0,0
161367,0,0,1.579,0,0,0,0,0,0,0,0,0,0,0,0,2,0,0
161377,0,0,1.579,0,0,0,0,0,0,0,0,0,0,0,0,2,0,0
161387,0,0,1.579,0,0,0,0,0,0,0,0,0,0,0,0,2,0,0
161397,0,0,1.579,0,0,0,0,0,0,0,0,0,0,0,0,2,0,0
161407,0,0,1.579,0,0,0,0,0,0,0,0,0,0,0,0,2,0,0
161417,0,0,1.579,0,0,0,0,0,0,0,0,0,0,0,0,2,0,0
161427,0,0,1.579,0,0,0,0,0,0,0,0,0,0,0,0,2,0,0
161437,0,0,1.579,0,0,0,0,0,0,0,0,0,0,0,0,2,0,0
161447,0,0,1.579,0,0,0,0,0,0,0,0,0,0,0,0,2,0,0
161457,0,0,1.579,0,0,0,0,0,0,0,0,0,0,0,0,2,0,0
161467,0,0,1.579,0,0,0,0,0,0,0,0,0,0,0,0,2,0,0
161477,0,0,1.579,0,0,0,0,0,0,0,0,0,0,0,0,2,0,0
161487,0,0,1.579,0,0,0,0,0,0,0,0,0,0,0,0,2,0,0
161497,0,0,1.579,0,0,0,0,0,0,0,0,0,0,0,0,2,0,0
161507,0,0,1.579,0,0,0,0,0,0,0,0,0,0,0,0,2,0,0
161517,0,0,1.579,0,0,0,0,0,0,0,0,0,0,0,0,2,0,0
161527,0,0,1.579,0,0,0,0,0,0,0,0,0,0,0,0,2,0,0
161537,0,0,1.579,0,0,0,0,0,0,0,0,0,0,0,0,2,0,0
161547,0,0,1.579,0,0,0,0,0,0,0,0,0,0,0,0,2,0,0
161557,0,0,1.579,0,0,0,0,0,0,0,0,0,0,0,0,2,0,0
161567,0,0,1.579,0,0,0,0,0,0,0,0,0,0,0,0,2,0,0
161577,0,0,1.579,0,0,0,0,0,0,0,0,0,0,0,0,2,0,0
161587,0,0,1.579,0,0,0,0,0,0,0,0,0,0,0,0,2,0,0
161597,0,0,1.579,0,0,0,0,0,0,0,0,0,0,0,0,2,0,0
161607,0,0,1.579,0,0,0,0,0,0,0,0,0,0,0,0,2,0,0
161617,0,0,1.579,0,0,0,0,0,0,0,0,0,0,0,0,2,0,0
161627,0,0,1.579,0,0,0,0,0,0,0,0,0,0,0,0,2,0,0
161637,0,0,1.579,0,0,0,0,0,0,0,0,0,0,0,0,2,0,0
161647,0,0,1.579,0,0,0,0,0,0,0,0,0,0,0,0,2,0,0
161657,0,0,1.579,0,0,0,0,0,0,0,0,0,0,0,0,2,0,0
161667,0,0,1.579,0,0,0,0,0,0,0,0,0,0,0,0,2,0,0
161677,0,0,1.579,0,0,0,0,0,0,0,0,0,0,0,0,2,0,0
161687,0,0,1.579,0,0,0,0,0,0,0,0,0,0,0,0,2,0,0
161697,0,0,1.579,0,0,0,0,0,0,0,0,0,0,0,0,2,0,0
161707,0,0,1.579,0,0,0,0,0,0,0,0,0,0,0,0,2,0,0
161717,0,0,1.579,0,0,0,0,0,0,0,0,0,0,0,0,2,0,0
161727,0,0,1.579,0,0,0,0,0,0,0,0,0,0,0,0,2,0,0
161737,0,0,1.579,0,0,0,0,0,0,0,0,0,0,0,0,2,0,0
161747,0,0,1.579,0,0,0,0,0,0,0,0,0,0,0,0,2,0,0
161757,0,0,1.579,0,0,0,0,0,0,0,0,0,0,0,0,2,0,0
161767,0,0,1.579,0,0,0,0,0,0,0,0,0,0,0,0,2,0,0
161777,0,0,1.579,0,0,0,0,0,0,0,0,0,0,0,0,2,0,0
161787,0,0,1.579,0,0,0,0,0,0,0,0,0,0,0,0,2,0,0
161797,0,0,1.579,0,0,0,0,0,0,0,0,0,0,0,0,2,0,0
161807,0,0,1.579,0,0,0,0,0,0,0,0,0,0,0,0,2,0,0
161817,0,0,1.579,0,0,0,0,0,0,0,0,0,0,0,0,2,0,0
161827,0,0,1.579,0,0,0,0,0,0,0,0,0,0,0,0,2,0,0
161837,0,0,1.579,0,0,0,0,0,0,0,0,0,0,0,0,2,0,0
161847,0,0,1.579,0,0,0,0,0,0,0,0,0,0,0,0,2,0,0
161857,0,0,1.579,0,0,0,0,0,0,0,0,0,0,0,0,2,0,0
161867,0,0,1.579,0,0,0,0,0,0,0,0,0,0,0,0,2,0,0
161877,0,0,1.579,0,0,0,0,0,0,0,0,0,0,0,0,2,0,0
161887,0,0,1.579,0,0,0,0,0,0,0,0,0,0,0,0,2,0,0
161897,0,0,1.579,0,0,0,0,0,0,0,0,0,0,0,0,2,0,0
161907,0,0,1.579,0,0,0,0,0,0,0,0,0,0,0,0,2,0,0
161917,0,0,1.579,0,0,0,0,0,0,0,0,0,0,0,0,2,0,0
161927,0,0,1.579,0,0,0,0,0,0,0,0,0,0,0,0,2,0,0
161937,0,0,1.579,0,0,0,0,0,0,0,0,0,0,0,0,2,0,0
161947,0,0,1.579,0,0,0,0,0,0,0,0,0,0,0,0,2,0,0
161957,0,0,1.579,0,0,0,0,0,0,0,0,0,0,0,0,2,0,0
161967,0,0,1.579,0,0,0,0,0,0,0,0,0,0,0,0,2,0,0
161977,0,0,1.579,0,0,0,0,0,0,0,0,0,0,0,0,2,0,0
161987,0,0,1.579,0,0,0,0,0,0,0,0,0,0,0,0,2,0,0
161997,0,0,1.579,0,0,0,0,0,0,0,0,0,0,0,0,2,0,0
162007,0,0,1.579,0,0,0,0,0,0,0,0,0,0,0,0,2,0,0
162017,0,0,1.579,0,0,0,0,0,0,0,0,0,0,0,0,2,0,0
162027,0,0,1.579,0,0,0,0,0,0,0,0,0,0,0,0,2,0,0
162037,0,0,1.579,0,0,0,0,0,0,0,0,0,0,0,0,2,0,0
162047,0,0,1.579,0,0,0,0,0,0,0,0,0,0,0,0,2,0,0
162057,0,0,1.579,0,0,0,0,0,0,0,0,0,0,0,0,2,0,0
162067,0,0,1.579,0,0,0,0,0,0,0,0,0,0,0,0,2,0,0
162077,0,0,1.579,0,0,0,0,0,0,0,0,0,0,0,0,2,0,0
162087,0,0,1.579,0,0,0,0,0,0,0,0,0,0,0,0,2,0,0
162097,0,0,1.579,0,0,0,0,0,0,0,0,0,0,0,0,2,0,0
162107,0,0,1.579,0,0,0,0,0,0,0,0,0,0,0,0,2,0,0
162117,0,0,1.579,0,0,0,0,0,0,0,0,0,0,0,0,2,0,0
162127,0,0,1.579,0,0,0,0,0,0,0,0,0,0,0,0,2,0,0
162137,0,0,1.579,0,0,0,0,0,0,0,0,0,0,0,0,2,0,0
162147,0,0,1.579,0,0,0,0,0,0,0,0,0,0,0,0,2,0,0
162157,0,0,1.579,0,0,0,0,0,0,0,0,0,0,0,0,2,0,0
162167,0,0,1.579,0,0,0,0,0,0,0,0,0,0,0,0,2,0,0
162177,0,0,1.579,0,0,0,0,0,0,0,0,0,0,0,0,2,0,0
162187,0,0,1.579,0,0,0,0,0,0,0,0,0,0,0,0,2,0,0
162197,0,0,1.579,0,0,0,0,0,0,0,0,0,0,0,0,2,0,0
162207,0,0,1.579,0,0,0,0,0,0,0,0,0,0,0,0,2,0,0
162217,0,0,1.579,0,0,0,0,0,0,0,0,0,0,0,0,2,0,0
162227,0,0,1.579,0,0,0,0,0,0,0,0,0,0,0,0,2,0,0
162237,0,0,1.579,0,0,0,0,0,0,0,0,0,0,0,0,2,0,0
162247,0,0,1.579,0,0,0,0,0,0,0,0,0,0,0,0,2,0,0
162257,0,0,1.579,0,0,0,0,0,0,0,0,0,0,0,0,2,0,0
162267,0,0,1.579,0,0,0,0,0,0,0,0,0,0,0,0,2,0,0
162277,0,0,1.579,0,0,0,0,0,0,0,0,0,0,0,0,2,0,0
162287,0,0,1.579,0,0,0,0,0,0,0,0,0,0,0,0,2,0,0
162297,0,0,1.579,0,0,0,0,0,0,0,0,0,0,0,0,2,0,0
162307,0,0,1.579,0,0,0,0,0,0,0,0,0,0,0,0,2,0,0
162317,0,0,1.579,0,0,0,0,0,0,0,0,0,0,0,0,2,0,0
162327,0,0,1.579,0,0,0,0,0,0,0,0,0,0,0,0,2,0,0
162337,0,0,1.579,0,0,0,0,0,0,0,0,0,0,0,0,2,0,0
162347,0,0,1.579,0,0,0,0,0,0,0,0,0,0,0,0,2,0,0
162357,0,0,1.579,0,0,0,0,0,0,0,0,0,0,0,0,2,0,0
162367,0,0,1.579,0,0,0,0,0,0,0,0,0,0,0,0,2,0,0
162377,0,0,1.579,0,0,0,0,0,0,0,0,0,0,0,0,2,0,0
162387,0,0,1.579,0,0,0,0,0,0,0,0,0,0,0,0,2,0,0
162397,0,0,1.579,0,0,0,0,0,0,0,0,0,0,0,0,2,0,0
162407,0,0,1.579,0,0,0,0,0,0,0,0,0,0,0,0,2,0,0
162417,0,0,1.579,0,0,0,0,0,0,0,0,0,0,0,0,2,0,0
162427,0,0,1.579,0,0,0,0,0,0,0,0,0,0,0,0,2,0,0
162437,0,0,1.579,0,0,0,0,0,0,0,0,0,0,0,0,2,0,0
162447,0,0,1.579,0,0,0,0,0,0,0,0,0,0,0,0,2,0,0
162457,0,0,1.579,0,0,0,0,0,0,0,0,0,0,0,0,2,0,0
162467,0,0,1.579,0,0,0,0,0,0,0,0,0,0,0,0,2,0,0
162477,0,0,1.579,0,0,0,0,0,0,0,0,0,0,0,0,2,0,0
162487,0,0,1.579,0,0,0,0,0,0,0,0,0,0,0,0,2,0,0
162497,0,0,1.579,0,0,0,0,0,0,0,0,0,0,0,0,2,0,0
162507,0,0,1.579,0,0,0,0,0,0,0,0,0,0,0,0,2,0,0
162517,0,0,1.579,0,0,0,0,0,0,0,0,0,0,0,0,2,0,0
162527,0,0,1.579,0,0,0,0,0,0,0,0,0,0,0,0,2,0,0
162537,0,0,1.579,0,0,0,0,0,0,0,0,0,0,0,0,2,0,0
162547,0,0,1.579,0,0,0,0,0,0,0,0,0,0,0,0,2,0,0
162557,0,0,1.579,0,0,0,0,0,0,0,0,0,0,0,0,2,0,0
162567,0,0,1.579,0,0,0,0,0,0,0,0,0,0,0,0,2,0,0
162577,0,0,1.579,0,0,0,0,0,0,0,0,0,0,0,0,2,0,0
162587,0,0,1.579,0,0,0,0,0,0,0,0,0,0,0,0,2,0,0
162597,0,0,1.579,0,0,0,0,0,0,0,0,0,0,0,0,2,0,0
162607,0,0,1.579,0,0,0,0,0,0,0,0,0,0,0,0,2,0,0
162617,0,0,1.579,0,0,0,0,0,0,0,0,0,0,0,0,2,0,0
162627,0,0,1.579,0,0,0,0,0,0,0,0,0,0,0,0,2,0,0
162637,0,0,1.579,0,0,0,0,0,0,0,0,0,0,0,0,2,0,0
162647,0,0,1.579,0,0,0,0,0,0,0,0,0,0,0,0,2,0,0
162657,0,0,1.579,0,0,0,0,0,0,0,0,0,0,0,0,2,0,0
162667,0,0,1.579,0,0,0,0,0,0,0,0,0,0,0,0,2,0,0
162677,0,0,1.579,0,0,0,0,0,0,0,0,0,0,0,0,2,0,0
162687,0,0,1.579,0,0,0,0,0,0,0,0,0,0,0,0,2,0,0
162697,0,0,1.579,0,0,0,0,0,0,0,0,0,0,0,0,2,0,0
162707,0,0,1.579,0,0,0,0,0,0,0,0,0,0,0,0,2,0,0
162717,0,0,1.579,0,0,0,0,0,0,0,0,0,0,0,0,2,0,0
162727,0,0,1.579,0,0,0,0,0,0,0,0,0,0,0,0,2,0,0
162737,0,0,1.579,0,0,0,0,0,0,0,0,0,0,0,0,2,0,0
162747,0,0,1.579,0,0,0,0,0,0,0,0,0,0,0,0,2,0,0
162757,0,0,1.579,0,0,0,0,0,0,0,0,0,0,0,0,2,0,0
162767,0,0,1.579,0,0,0,0,0,0,0,0,0,0,0,0,2,0,0
162777,0,0,1.579,0,0,0,0,0,0,0,0,0,0,0,0,2,0,0
162787,0,0,1.579,0,0,0,0,0,0,0,0,0,0,0,0,2,0,0
162797,0,0,1.579,0,0,0,0,0,0,0,0,0,0,0,0,2,0,0
162807,0,0,1.579,0,0,0,0,0,0,0,0,0,0,0,0,2,0,0
162817,0,0,1.579,0,0,0,0,0,0,0,0,0,0,0,0,2,0,0
162827,0,0,1.579,0,0,0,0,0,0,0,0,0,0,0,0,2,0,0
162837,0,0,1.579,0,0,0,0,0,0,0,0,0,0,0,0,2,0,0
162847,0,0,1.579,0,0,0,0,0,0,0,0,0,0,0,0,2,0,0
162857,0,0,1.579,0,0,0,0,0,0,0,0,0,0,0,0,2,0,0
162867,0,0,1.579,0,0,0,0,0,0,0,0,0,0,0,0,2,0,0
162877,0,0,1.579,0,0,0,0,0,0,0,0,0,0,0,0,2,0,0
162887,0,0,1.579,0,0,0,0,0,0,0,0,0,0,0,0,2,0,0
162897,0,0,1.579,0,0,0,0,0,0,0,0,0,0,0,0,2,0,0
162907,0,0,1.579,0,0,0,0,0,0,0,0,0,0,0,0,2,0,0
162917,0,0,1.579,0,0,0,0,0,0,0,0,0,0,0,0,2,0,0
162927,0,0,1.579,0,0,0,0,0,0,0,0,0,0,0,0,2,0,0
162937,0,0,1.579,0,0,0,0,0,0,0,0,0,0,0,0,2,0,0
162947,0,0,1.579,0,0,0,0,0,0,0,0,0,0,0,0,2,0,0
162957,0,0,1.579,0,0,0,0,0,0,0,0,0,0,0,0,2,0,0
162967,0,0,1.579,0,0,0,0,0,0,0,0,0,0,0,0,2,0,0
162977,0,0,1.579,0,0,0,0,0,0,0,0,0,0,0,0,2,0,0
162987,0,0,1.579,0,0,0,0,0,0,0,0,0,0,0,0,2,0,0
162997,0,0,1.579,0,0,0,0,0,0,0,0,0,0,0,0,2,0,0
163007,0,0,1.579,0,0,0,0,0,0,0,0,0,0,0,0,2,0,0
163017,0,0,1.579,0,0,0,0,0,0,0,0,0,0,0,0,2,0,0
163027,0,0,1.579,0,0,0,0,0,0,0,0,0,0,0,0,2,0,0
163037,0,0,1.579,0,0,0,0,0,0,0,0,0,0,0,0,2,0,0
163047,0,0,1.579,0,0,0,0,0,0,0,0,0,0,0,0,2,0,0
163057,0,0,1.579,0,0,0,0,0,0,0,0,0,0,0,0,2,0,0
163067,0,0,1.579,0,0,0,0,0,0,0,0,0,0,0,0,2,0,0
163077,0,0,1.579,0,0,0,0,0,0,0,0,0,0,0,0,2,0,0
163087,0,0,1.579,0,0,0,0,0,0,0,0,0,0,0,0,2,0,0
163097,0,0,1.579,0,0,0,0,0,0,0,0,0,0,0,0,2,0,0
163107,0,0,1.579,0,0,0,0,0,0,0,0,0,0,0,0,2,0,0
163117,0,0,1.579,0,0,0,0,0,0,0,0,0,0,0,0,2,0,0
163127,0,0,1.579,0,0,0,0,0,0,0,0,0,0,0,0,2,0,0
163137,0,0,1.579,0,0,0,0,0,0,0,0,0,0,0,0,2,0,0
163147,0,0,1.579,0,0,0,0,0,0,0,0,0,0,0,0,2,0,0
163157,0,0,1.579,0,0,0,0,0,0,0,0,0,0,0,0,2,0,0
163167,0,0,1.579,0,0,0,0,0,0,0,0,0,0,0,0,2,0,0
163177,0,0,1.579,0,0,0,0,0,0,0,0,0,0,0,0,2,0,0
163187,0,0,1.579,0,0,0,0,0,0,0,0,0,0,0,0,2,0,0
163197,0,0,1.579,0,0,0,0,0,0,0,0,0,0,0,0,2,0,0
163207,0,0,1.579,0,0,0,0,0,0,0,0,0,0,0,0,2,0,0
163217,0,0,1.579,0,0,0,0,0,0,0,0,0,0,0,0,2,0,0
163227,0,0,1.579,0,0,0,0,0,0,0,0,0,0,0,0,2,0,0
163237,0,0,1.579,0,0,0,0,0,0,0,0,0,0,0,0,2,0,0
163247,0,0,1.579,0,0,0,0,0,0,0,0,0,0,0,0,2,0,0
163257,0,0,1.579,0,0,0,0,0,0,0,0,0,0,0,0,2,0,0
163267,0,0,1.579,0,0,0,0,0,0,0,0,0,0,0,0,2,0,0
163277,0,0,1.579,0,0,0,0,0,0,0,0,0,0,0,0,2,0,0
163287,0,0,1.579,0,0,0,0,0,0,0,0,0,0,0,0,2,0,0
163297,0,0,1.579,0,0,0,0,0,0,0,0,0,0,0,0,2,0,0
163307,0,0,1.579,0,0,0,0,0,0,0,0,0,0,0,0,2,0,0
163317,0,0,1.579,0,0,0,0,0,0,0,0,0,0,0,0,2,0,0
163327,0,0,1.579,0,0,0,0,0,0,0,0,0,0,0,0,2,0,0
163337,0,0,1.579,0,0,0,0,0,0,0,0,0,0,0,0,2,0,0
163347,0,0,1.579,0,0,0,0,0,0,0,0,0,0,0,0,2,0,0
163357,0,0,1.579,0,0,0,0,0,0,0,0,0,0,0,0,2,0,0
163367,0,0,1.579,0,0,0,0,0,0,0,0,0,0,0,0,2,0,0
163377,0,0,1.579,0,0,0,0,0,0,0,0,0,0,0,0,2,0,0
163387,0,0,1.579,0,0,0,0,0,0,0,0,0,0,0,0,2,0,0
163397,0,0,1.579,0,0,0,0,0,0,0,0,0,0,0,0,2,0,0
163407,0,0,1.579,0,0,0,0,0,0,0,0,0,0,0,0,2,0,0
163417,0,0,1.579,0,0,0,0,0,0,0,0,0,0,0,0,2,0,0
163427,0,0,1.579,0,0,0,0,0,0,0,0,0,0,0,0,2,0,0
163437,0,0,1.579,0,0,0,0,0,0,0,0,0,0,0,0,2,0,0
163447,0,0,1.579,0,0,0,0,0,0,0,0,0,0,0,0,2,0,0
163457,0,0,1.579,0,0,0,0,0,0,0,0,0,0,0,0,2,0,0
163467,0,0,1.579,0,0,0,0,0,0,0,0,0,0,0,0,2,0,0
163477,0,0,1.579,0,0,0,0,0,0,0,0,0,0,0,0,2,0,0
163487,0,0,1.579,0,0,0,0,0,0,0,0,0,0,0,0,2,0,0
163497,0,0,1.579,0,0,0,0,0,0,0,0,0,0,0,0,2,0,0
163507,0,0,1.579,0,0,0,0,0,0,0,0,0,0,0,0,2,0,0
163517,0,0,1.579,0,0,0,0,0,0,0,0,0,0,0,0,2,0,0
163527,0,0,1.579,0,0,0,0,0,0,0,0,0,0,0,0,2,0,0
163537,0,0,1.579,0,0,0,0,0,0,0,0,0,0,0,0,2,0,0
163547,0,0,1.579,0,0,0,0,0,0,0,0,0,0,0,0,2,0,0
163557,0,0,1.579,0,0,0,0,0,0,0,0,0,0,0,0,2,0,0
163567,0,0,1.579,0,0,0,0,0,0,0,0,0,0,0,0,2,0,0
163577,0,0,1.579,0,0,0,0,0,0,0,0,0,0,0,0,2,0,0
163587,0,0,1.579,0,0,0,0,0,0,0,0,0,0,0,0,2,0,0
163597,0,0,1.579,0,0,0,0,0,0,0,0,0,0,0,0,2,0,0
163607,0,0,1.579,0,0,0,0,0,0,0,0,0,0,0,0,2,0,0
163617,0,0,1.579,0,0,0,0,0,0,0,0,0,0,0,0,2,0,0
163627,0,0,1.579,0,0,0,0,0,0,0,0,0,0,0,0,2,0,0
163637,0,0,1.579,0,0,0,0,0,0,0,0,0,0,0,0,2,0,0
163647,0,0,1.579,0,0,0,0,0,0,0,0,0,0,0,0,2,0,0
163657,0,0,1.579,0,0,0,0,0,0,0,0,0,0,0,0,2,0,0
163667,0,0,1.579,0,0,0,0,0,0,0,0,0,0,0,0,2,0,0
163677,0,0,1.579,0,0,0,0,0,0,0,0,0,0,0,0,2,0,0
163687,0,0,1.579,0,0,0,0,0,0,0,0,0,0,0,0,2,0,0
163697,0,0,1.579,0,0,0,0,0,0,0,0,0,0,0,0,2,0,0
163707,0,0,1.579,0,0,0,0,0,0,0,0,0,0,0,0,2,0,0
163717,0,0,1.579,0,0,0,0,0,0,0,0,0,0,0,0,2,0,0
163727,0,0,1.579,0,0,0,0,0,0,0,0,0,0,0,0,2,0,0
163737,0,0,1.579,0,0,0,0,0,0,0,0,0,0,0,0,2,0,0
163747,0,0,1.579,0,0,0,0,0,0,0,0,0,0,0,0,2,0,0
163757,0,0,1.579,0,0,0,0,0,0,0,0,0,0,0,0,2,0,0
163767,0,0,1.579,0,0,0,0,0,0,0,0,0,0,0,0,2,0,0
163777,0,0,1.579,0,0,0,0,0,0,0,0,0,0,0,0,2,0,0
163787,0,0,1.579,0,0,0,0,0,0,0,0,0,0,0,0,2,0,0
163797,0,0,1.579,0,0,0,0,0,0,0,0,0,0,0,0,2,0,0
163807,0,0,1.579,0,0,0,0,0,0,0,0,0,0,0,0,2,0,0
163817,0,0,1.579,0,0,0,0,0,0,0,0,0,0,0,0,2,0,0
163827,0,0,1.579,0,0,0,0,0,0,0,0,0,0,0,0,2,0,0
163837,0,0,1.579,0,0,0,0,0,0,0,0,0,0,0,0,2,0,0
163847,0,0,1.579,0,0,0,0,0,0,0,0,0,0,0,0,2,0,0
163857,0,0,1.579,0,0,0,0,0,0,0,0,0,0,0,0,2,0,0
163867,0,0,1.579,0,0,0,0,0,0,0,0,0,0,0,0,2,0,0
163877,0,0,1.579,0,0,0,0,0,0,0,0,0,0,0,0,2,0,0
163887,0,0,1.579,0,0,0,0,0,0,0,0,0,0,0,0,2,0,0
163897,0,0,1.579,0,0,0,0,0,0,0,0,0,0,0,0,2,0,0
163907,0,0,1.579,0,0,0,0,0,0,0,0,0,0,0,0,2,0,0
163917,0,0,1.579,0,0,0,0,0,0,0,0,0,0,0,0,2,0,0
163927,0,0,1.579,0,0,0,0,0,0,0,0,0,0,0,0,2,0,0
163937,0,0,1.579,0,0,0,0,0,0,0,0,0,0,0,0,2,0,0
163947,0,0,1.579,0,0,0,0,0,0,0,0,0,0,0,0,2,0,0
163957,0,0,1.579,0,0,0,0,0,0,0,0,0,0,0,0,2,0,0
163967,0,0,1.579,0,0,0,0,0,0,0,0,0,0,0,0,2,0,0
163977,0,0,1.579,0,0,0,0,0,0,0,0,0,0,0,0,2,0,0
163987,0,0,1.579,0,0,0,0,0,0,0,0,0,0,0,0,2,0,0
163997,0,0,1.579,0,0,0,0,0,0,0,0,0,0,0,0,2,0,0
164007,0,0,1.579,0,0,0,0,0,0,0,0,0,0,0,0,2,0,0
164017,0,0,1.579,0,0,0,0,0,0,0,0,0,0,0,0,2,0,0
164027,0,0,1.579,0,0,0,0,0,0,0,0,0,0,0,0,2,0,0
164037,0,0,1.579,0,0,0,0,0,0,0,0,0,0,0,0,2,0,0
164047,0,0,1.579,0,0,0,0,0,0,0,0,0,0,0,0,2,0,0
164057,0,0,1.579,0,0,0,0,0,0,0,0,0,0,0,0,2,0,0
164067,0,0,1.579,0,0,0,0,0,0,0,0,0,0,0,0,2,0,0
164077,0,0,1.579,0,0,0,0,0,0,0,0,0,0,0,0,2,0,0
164087,0,0,1.579,0,0,0,0,0,0,0,0,0,0,0,0,2,0,0
164097,0,0,1.579,0,0,0,0,0,0,0,0,0,0,0,0,2,0,0
164107,0,0,1.579,0,0,0,0,0,0,0,0,0,0,0,0,2,0,0
164117,0,0,1.579,0,0,0,0,0,0,0,0,0,0,0,0,2,0,0
164127,0,0,1.579,0,0,0,0,0,0,0,0,0,0,0,0,2,0,0
164137,0,0,1.579,0,0,0,0,0,0,0,0,0,0,0,0,2,0,0
164147,0,0,1.579,0,0,0,0,0,0,0,0,0,0,0,0,2,0,0
164158,0,0,1.579,0,0,0,0,0,0,0,0,0,0,0,0,2,0,0
164168,0,0,1.579,0,0,0,0,0,0,0,0,0,0,0,0,2,0,0
164179,0,0,1.579,0,0,0,0,0,0,0,0,0,0,0,0,2,0,0
164188,0,0,1.579,0,0,0,0,0,0,0,0,0,0,0,0,2,0,0
164198,0,0,1.579,0,0,0,0,0,0,0,0,0,0,0,0,2,0,0
164208,0,0,1.579,0,0,0,0,0,0,0,0,0,0,0,0,2,0,0
164218,0,0,1.579,0,0,0,0,0,0,0,0,0,0,0,0,2,0,0
164228,0,0,1.579,0,0,0,0,0,0,0,0,0,0,0,0,2,0,0
164238,0,0,1.579,0,0,0,0,0,0,0,0,0,0,0,0,2,0,0
164248,0,0,1.579,0,0,0,0,0,0,0,0,0,0,0,0,2,0,0
164258,0,0,1.579,0,0,0,0,0,0,0,0,0,0,0,0,2,0,0
164268,0,0,1.579,0,0,0,0,0,0,0,0,0,0,0,0,2,0,0
164278,0,0,1.579,0,0,0,0,0,0,0,0,0,0,0,0,2,0,0
164287,0,0,1.579,0,0,0,0,0,0,0,0,0,0,0,0,2,0,0
164297,0,0,1.579,0,0,0,0,0,0,0,0,0,0,0,0,2,0,0
164307,0,0,1.579,0,0,0,0,0,0,0,0,0,0,0,0,2,0,0
164317,0,0,1.579,0,0,0,0,0,0,0,0,0,0,0,0,2,0,0
164328,0,0,1.579,0,0,0,0,0,0,0,0,0,0,0,0,2,0,0
164338,0,0,1.579,0,0,0,0,0,0,0,0,0,0,0,0,2,0,0
164347,0,0,1.579,0,0,0,0,0,0,0,0,0,0,0,0,2,0,0
164357,0,0,1.579,0,0,0,0,0,0,0,0,0,0,0,0,2,0,0
164367,0,0,1.579,0,0,0,0,0,0,0,0,0,0,0,0,2,0,0
164378,0,0,1.579,0,0,0,0,0,0,0,0,0,0,0,0,2,0,0
164387,0,0,1.579,0,0,0,0,0,0,0,0,0,0,0,0,2,0,0
164397,0,0,1.579,0,0,0,0,0,0,0,0,0,0,0,0,2,0,0
164407,0,0,1.579,0,0,0,0,0,0,0,0,0,0,0,0,2,0,0
164417,0,0,1.579,0,0,0,0,0,0,0,0,0,0,0,0,2,0,0
164427,0,0,1.579,0,0,0,0,0,0,0,0,0,0,0,0,2,0,0
164437,0,0,1.579,0,0,0,0,0,0,0,0,0,0,0,0,2,0,0
164447,0,0,1.579,0,0,0,0,0,0,0,0,0,0,0,0,2,0,0
164457,0,0,1.579,0,0,0,0,0,0,0,0,0,0,0,0,2,0,0
164467,0,0,1.579,0,0,0,0,0,0,0,0,0,0,0,0,2,0,0
164477,0,0,1.579,0,0,0,0,0,0,0,0,0,0,0,0,2,0,0
164487,0,0,1.579,0,0,0,0,0,0,0,0,0,0,0,0,2,0,0
164497,0,0,1.579,0,0,0,0,0,0,0,0,0,0,0,0,2,0,0
164507,0,0,1.579,0,0,0,0,0,0,0,0,0,0,0,0,2,0,0
164517,0,0,1.579,0,0,0,0,0,0,0,0,0,0,0,0,2,0,0
164527,0,0,1.579,0,0,0,0,0,0,0,0,0,0,0,0,2,0,0
164537,0,0,1.579,0,0,0,0,0,0,0,0,0,0,0,0,2,0,0
164547,0,0,1.579,0,0,0,0,0,0,0,0,0,0,0,0,2,0,0
164557,0,0,1.579,0,0,0,0,0,0,0,0,0,0,0,0,2,0,0
164567,0,0,1.579,0,0,0,0,0,0,0,0,0,0,0,0,2,0,0
164577,0,0,1.579,0,0,0,0,0,0,0,0,0,0,0,0,2,0,0
164587,0,0,1.579,0,0,0,0,0,0,0,0,0,0,0,0,2,0,0
164597,0,0,1.579,0,0,0,0,0,0,0,0,0,0,0,0,2,0,0
164607,0,0,1.579,0,0,0,0,0,0,0,0,0,0,0,0,2,0,0
164617,0,0,1.579,0,0,0,0,0,0,0,0,0,0,0,0,2,0,0
164627,0,0,1.579,0,0,0,0,0,0,0,0,0,0,0,0,2,0,0
164637,0,0,1.579,0,0,0,0,0,0,0,0,0,0,0,0,2,0,0
164647,0,0,1.579,0,0,0,0,0,0,0,0,0,0,0,0,2,0,0
164657,0,0,1.579,0,0,0,0,0,0,0,0,0,0,0,0,2,0,0
164667,0,0,1.579,0,0,0,0,0,0,0,0,0,0,0,0,2,0,0
164677,0,0,1.579,0,0,0,0,0,0,0,0,0,0,0,0,2,0,0
164687,0,0,1.579,0,0,0,0,0,0,0,0,0,0,0,0,2,0,0
164697,0,0,1.579,0,0,0,0,0,0,0,0,0,0,0,0,2,0,0
164708,0,0,1.579,0,0,0,0,0,0,0,0,0,0,0,0,2,0,0
164720,0,0,1.579,0,0,0,0,0,0,0,0,0,0,0,0,2,0,0
164727,0,0,1.579,0,0,0,0,0,0,0,0,0,0,0,0,2,0,0
164738,0,0,1.579,0,0,0,0,0,0,0,0,0,0,0,0,2,0,0
164747,0,0,1.579,0,0,0,0,0,0,0,0,0,0,0,0,2,0,0
164758,0,0,1.579,0,0,0,0,0,0,0,0,0,0,0,0,2,0,0
164767,0,0,1.579,0,0,0,0,0,0,0,0,0,0,0,0,2,0,0
164777,0,0,1.579,0,0,0,0,0,0,0,0,0,0,0,0,2,0,0
164789,0,0,1.579,0,0,0,0,0,0,0,0,0,0,0,0,2,0,0
164797,0,0,1.579,0,0,0,0,0,0,0,0,0,0,0,0,2,0,0
164807,0,0,1.579,0,0,0,0,0,0,0,0,0,0,0,0,2,0,0
164819,0,0,1.579,0,0,0,0,0,0,0,0,0,0,0,0,2,0,0
164827,0,0,1.579,0,0,0,0,0,0,0,0,0,0,0,0,2,0,0
164838,0,0,1.579,0,0,0,0,0,0,0,0,0,0,0,0,2,0,0
164850,0,0,1.579,0,0,0,0,0,0,0,0,0,0,0,0,2,0,0
164858,0,0,1.579,0,0,0,0,0,0,0,0,0,0,0,0,2,0,0
164867,0,0,1.579,0,0,0,0,0,0,0,0,0,0,0,0,2,0,0
164877,0,0,1.579,0,0,0,0,0,0,0,0,0,0,0,0,2,0,0
164887,0,0,1.579,0,0,0,0,0,0,0,0,0,0,0,0,2,0,0
164897,0,0,1.579,0,0,0,0,0,0,0,0,0,0,0,0,2,0,0
164907,0,0,1.579,0,0,0,0,0,0,0,0,0,0,0,0,2,0,0
164917,0,0,1.579,0,0,0,0,0,0,0,0,0,0,0,0,2,0,0
164927,0,0,1.579,0,0,0,0,0,0,0,0,0,0,0,0,2,0,0
164938,0,0,1.579,0,0,0,0,0,0,0,0,0,0,0,0,2,0,0
164948,0,0,1.579,0,0,0,0,0,0,0,0,0,0,0,0,2,0,0
164958,0,0,1.579,0,0,0,0,0,0,0,0,0,0,0,0,2,0,0
164967,0,0,1.579,0,0,0,0,0,0,0,0,0,0,0,0,2,0,0
164978,0,0,1.579,0,0,0,0,0,0,0,0,0,0,0,0,2,0,0
164987,0,0,1.579,0,0,0,0,0,0,0,0,0,0,0,0,2,0,0
164997,0,0,1.579,0,0,0,0,0,0,0,0,0,0,0,0,2,0,0
165007,0,0,1.579,0,0,0,0,0,0,0,0,0,0,0,0,2,0,0
165017,0,0,1.579,0,0,0,0,0,0,0,0,0,0,0,0,2,0,0
165027,0,0,1.579,0,0,0,0,0,0,0,0,0,0,0,0,2,0,0
165038,0,0,1.579,0,0,0,0,0,0,0,0,0,0,0,0,2,0,0
165047,0,0,1.579,0,0,0,0,0,0,0,0,0,0,0,0,2,0,0
165058,0,0,1.579,0,0,0,0,0,0,0,0,0,0,0,0,2,0,0
165067,0,0,1.579,0,0,0,0,0,0,0,0,0,0,0,0,2,0,0
165077,0,0,1.579,0,0,0,0,0,0,0,0,0,0,0,0,2,0,0
165087,0,0,1.579,0,0,0,0,0,0,0,0,0,0,0,0,2,0,0
165097,0,0,1.579,0,0,0,0,0,0,0,0,0,0,0,0,2,0,0
165107,0,0,1.579,0,0,0,0,0,0,0,0,0,0,0,0,2,0,0
165118,0,0,1.579,0,0,0,0,0,0,0,0,0,0,0,0,2,0,0
165127,0,0,1.579,0,0,0,0,0,0,0,0,0,0,0,0,2,0,0
165138,0,0,1.579,0,0,0,0,0,0,0,0,0,0,0,0,2,0,0
165147,0,0,1.579,0,0,0,0,0,0,0,0,0,0,0,0,2,0,0
165157,0,0,1.579,0,0,0,0,0,0,0,0,0,0,0,0,2,0,0
165167,0,0,1.579,0,0,0,0,0,0,0,0,0,0,0,0,2,0,0
165177,0,0,1.579,0,0,0,0,0,0,0,0,0,0,0,0,2,0,0
165187,0,0,1.579,0,0,0,0,0,0,0,0,0,0,0,0,2,0,0
165197,0,0,1.579,0,0,0,0,0,0,0,0,0,0,0,0,2,0,0
165208,0,0,1.579,0,0,0,0,0,0,0,0,0,0,0,0,2,0,0
165217,0,0,1.579,0,0,0,0,0,0,0,0,0,0,0,0,2,0,0
165227,0,0,1.579,0,0,0,0,0,0,0,0,0,0,0,0,2,0,0
165238,0,0,1.579,0,0,0,0,0,0,0,0,0,0,0,0,2,0,0
165248,0,0,1.579,0,0,0,0,0,0,0,0,0,0,0,0,2,0,0
165257,0,0,1.579,0,0,0,0,0,0,0,0,0,0,0,0,2,0,0
165267,0,0,1.579,0,0,0,0,0,0,0,0,0,0,0,0,2,0,0
165278,0,0,1.579,0,0,0,0,0,0,0,0,0,0,0,0,2,0,0
165288,0,0,1.579,0,0,0,0,0,0,0,0,0,0,0,0,2,0,0
165298,0,0,1.579,0,0,0,0,0,0,0,0,0,0,0,0,2,0,0
165307,0,0,1.579,0,0,0,0,0,0,0,0,0,0,0,0,2,0,0
165317,0,0,1.579,0,0,0,0,0,0,0,0,0,0,0,0,2,0,0
165327,0,0,1.579,0,0,0,0,0,0,0,0,0,0,0,0,2,0,0
165338,0,0,1.579,0,0,0,0,0,0,0,0,0,0,0,0,2,0,0
165347,0,0,1.579,0,0,0,0,0,0,0,0,0,0,0,0,2,0,0
165357,0,0,1.579,0,0,0,0,0,0,0,0,0,0,0,0,2,0,0
165367,0,0,1.579,0,0,0,0,0,0,0,0,0,0,0,0,2,0,0
165377,0,0,1.579,0,0,0,0,0,0,0,0,0,0,0,0,2,0,0
165387,0,0,1.579,0,0,0,0,0,0,0,0,0,0,0,0,2,0,0
165397,0,0,1.579,0,0,0,0,0,0,0,0,0,0,0,0,2,0,0
165407,0,0,1.579,0,0,0,0,0,0,0,0,0,0,0,0,2,0,0
165417,0,0,1.579,0,0,0,0,0,0,0,0,0,0,0,0,2,0,0
165427,0,0,1.579,0,0,0,0,0,0,0,0,0,0,0,0,2,0,0
165438,0,0,1.579,0,0,0,0,0,0,0,0,0,0,0,0,2,0,0
165447,0,0,1.579,0,0,0,0,0,0,0,0,0,0,0,0,2,0,0
165457,0,0,1.579,0,0,0,0,0,0,0,0,0,0,0,0,2,0,0
165467,0,0,1.579,0,0,0,0,0,0,0,0,0,0,0,0,2,0,0
165477,0,0,1.579,0,0,0,0,0,0,0,0,0,0,0,0,2,0,0
165487,0,0,1.579,0,0,0,0,0,0,0,0,0,0,0,0,2,0,0
165497,0,0,1.579,0,0,0,0,0,0,0,0,0,0,0,0,2,0,0
165507,0,0,1.579,0,0,0,0,0,0,0,0,0,0,0,0,2,0,0
165517,0,0,1.579,0,0,0,0,0,0,0,0,0,0,0,0,2,0,0
165527,0,0,1.579,0,0,0,0,0,0,0,0,0,0,0,0,2,0,0
165537,0,0,1.579,0,0,0,0,0,0,0,0,0,0,0,0,2,0,0
165547,0,0,1.579,0,0,0,0,0,0,0,0,0,0,0,0,2,0,0
165557,0,0,1.579,0,0,0,0,0,0,0,0,0,0,0,0,2,0,0
165567,0,0,1.579,0,0,0,0,0,0,0,0,0,0,0,0,2,0,0
165577,0,0,1.579,0,0,0,0,0,0,0,0,0,0,0,0,2,0,0
165587,0,0,1.579,0,0,0,0,0,0,0,0,0,0,0,0,2,0,0
165597,0,0,1.579,0,0,0,0,0,0,0,0,0,0,0,0,2,0,0
165607,0,0,1.579,0,0,0,0,0,0,0,0,0,0,0,0,2,0,0
165617,0,0,1.579,0,0,0,0,0,0,0,0,0,0,0,0,2,0,0
165627,0,0,1.579,0,0,0,0,0,0,0,0,0,0,0,0,2,0,0
165637,0,0,1.579,0,0,0,0,0,0,0,0,0,0,0,0,2,0,0
165647,0,0,1.579,0,0,0,0,0,0,0,0,0,0,0,0,2,0,0
165657,0,0,1.579,0,0,0,0,0,0,0,0,0,0,0,0,2,0,0
165667,0,0,1.579,0,0,0,0,0,0,0,0,0,0,0,0,2,0,0
165677,0,0,1.579,0,0,0,0,0,0,0,0,0,0,0,0,2,0,0
165687,0,0,1.579,0,0,0,0,0,0,0,0,0,0,0,0,2,0,0
165697,0,0,1.579,0,0,0,0,0,0,0,0,0,0,0,0,2,0,0
165707,0,0,1.579,0,0,0,0,0,0,0,0,0,0,0,0,2,0,0
165717,0,0,1.579,0,0,0,0,0,0,0,0,0,0,0,0,2,0,0
165727,0,0,1.579,0,0,0,0,0,0,0,0,0,0,0,0,2,0,0
165737,0,0,1.579,0,0,0,0,0,0,0,0,0,0,0,0,2,0,0
165747,0,0,1.579,0,0,0,0,0,0,0,0,0,0,0,0,2,0,0
165757,0,0,1.579,0,0,0,0,0,0,0,0,0,0,0,0,2,0,0
165767,0,0,1.579,0,0,0,0,0,0,0,0,0,0,0,0,2,0,0
165777,0,0,1.579,0,0,0,0,0,0,0,0,0,0,0,0,2,0,0
165787,0,0,1.579,0,0,0,0,0,0,0,0,0,0,0,0,2,0,0
165797,0,0,1.579,0,0,0,0,0,0,0,0,0,0,0,0,2,0,0
165807,0,0,1.579,0,0,0,0,0,0,0,0,0,0,0,0,2,0,0
165817,0,0,1.579,0,0,0,0,0,0,0,0,0,0,0,0,2,0,0
165827,0,0,1.579,0,0,0,0,0,0,0,0,0,0,0,0,2,0,0
165837,0,0,1.579,0,0,0,0,0,0,0,0,0,0,0,0,2,0,0
165847,0,0,1.579,0,0,0,0,0,0,0,0,0,0,0,0,2,0,0
165857,0,0,1.579,0,0,0,0,0,0,0,0,0,0,0,0,2,0,0
165867,0,0,1.579,0,0,0,0,0,0,0,0,0,0,0,0,2,0,0
165877,0,0,1.579,0,0,0,0,0,0,0,0,0,0,0,0,2,0,0
165887,0,0,1.579,0,0,0,0,0,0,0,0,0,0,0,0,2,0,0
165897,0,0,1.579,0,0,0,0,0,0,0,0,0,0,0,0,2,0,0
165907,0,0,1.579,0,0,0,0,0,0,0,0,0,0,0,0,2,0,0
165917,0,0,1.579,0,0,0,0,0,0,0,0,0,0,0,0,2,0,0
165927,0,0,1.579,0,0,0,0,0,0,0,0,0,0,0,0,2,0,0
165937,0,0,1.579,0,0,0,0,0,0,0,0,0,0,0,0,2,0,0
165947,0,0,1.579,0,0,0,0,0,0,0,0,0,0,0,0,2,0,0
165957,0,0,1.579,0,0,0,0,0,0,0,0,0,0,0,0,2,0,0
165967,0,0,1.579,0,0,0,0,0,0,0,0,0,0,0,0,2,0,0
165977,0,0,1.579,0,0,0,0,0,0,0,0,0,0,0,0,2,0,0
165987,0,0,1.579,0,0,0,0,0,0,0,0,0,0,0,0,2,0,0
165997,0,0,1.579,0,0,0,0,0,0,0,0,0,0,0,0,2,0,0
166007,0,0,1.579,0,0,0,0,0,0,0,0,0,0,0,0,2,0,0
166017,0,0,1.579,0,0,0,0,0,0,0,0,0,0,0,0,2,0,0
166027,0,0,1.579,0,0,0,0,0,0,0,0,0,0,0,0,2,0,0
166037,0,0,1.579,0,0,0,0,0,0,0,0,0,0,0,0,2,0,0
166047,0,0,1.579,0,0,0,0,0,0,0,0,0,0,0,0,2,0,0
166057,0,0,1.579,0,0,0,0,0,0,0,0,0,0,0,0,2,0,0
166067,0,0,1.579,0,0,0,0,0,0,0,0,0,0,0,0,2,0,0
166078,0,0,1.579,0,0,0,0,0,0,0,0,0,0,0,0,2,0,0
166087,0,0,1.579,0,0,0,0,0,0,0,0,0,0,0,0,2,0,0
166097,0,0,1.579,0,0,0,0,0,0,0,0,0,0,0,0,2,0,0
166107,0,0,1.579,0,0,0,0,0,0,0,0,0,0,0,0,2,0,0
166117,0,0,1.579,0,0,0,0,0,0,0,0,0,0,0,0,2,0,0
166127,0,0,1.579,0,0,0,0,0,0,0,0,0,0,0,0,2,0,0
166137,0,0,1.579,0,0,0,0,0,0,0,0,0,0,0,0,2,0,0
166147,0,0,1.579,0,0,0,0,0,0,0,0,0,0,0,0,2,0,0
166157,0,0,1.579,0,0,0,0,0,0,0,0,0,0,0,0,2,0,0
166167,0,0,1.579,0,0,0,0,0,0,0,0,0,0,0,0,2,0,0
166177,0,0,1.579,0,0,0,0,0,0,0,0,0,0,0,0,2,0,0
166187,0,0,1.579,0,0,0,0,0,0,0,0,0,0,0,0,2,0,0
166197,0,0,1.579,0,0,0,0,0,0,0,0,0,0,0,0,2,0,0
166207,0,0,1.579,0,0,0,0,0,0,0,0,0,0,0,0,2,0,0
166217,0,0,1.579,0,0,0,0,0,0,0,0,0,0,0,0,2,0,0
166227,0,0,1.579,0,0,0,0,0,0,0,0,0,0,0,0,2,0,0
166238,0,0,1.579,0,0,0,0,0,0,0,0,0,0,0,0,2,0,0
166247,0,0,1.579,0,0,0,0,0,0,0,0,0,0,0,0,2,0,0
166257,0,0,1.579,0,0,0,0,0,0,0,0,0,0,0,0,2,0,0
166267,0,0,1.579,0,0,0,0,0,0,0,0,0,0,0,0,2,0,0
166277,0,0,1.579,0,0,0,0,0,0,0,0,0,0,0,0,2,0,0
166287,0,0,1.579,0,0,0,0,0,0,0,0,0,0,0,0,2,0,0
166297,0,0,1.579,0,0,0,0,0,0,0,0,0,0,0,0,2,0,0
166307,0,0,1.579,0,0,0,0,0,0,0,0,0,0,0,0,2,0,0
166317,0,0,1.579,0,0,0,0,0,0,0,0,0,0,0,0,2,0,0
166327,0,0,1.579,0,0,0,0,0,0,0,0,0,0,0,0,2,0,0
166337,0,0,1.579,0,0,0,0,0,0,0,0,0,0,0,0,2,0,0
166347,0,0,1.579,0,0,0,0,0,0,0,0,0,0,0,0,2,0,0
166357,0,0,1.579,0,0,0,0,0,0,0,0,0,0,0,0,2,0,0
166367,0,0,1.579,0,0,0,0,0,0,0,0,0,0,0,0,2,0,0
166377,0,0,1.579,0,0,0,0,0,0,0,0,0,0,0,0,2,0,0
166387,0,0,1.579,0,0,0,0,0,0,0,0,0,0,0,0,2,0,0
166397,0,0,1.579,0,0,0,0,0,0,0,0,0,0,0,0,2,0,0
166407,0,0,1.579,0,0,0,0,0,0,0,0,0,0,0,0,2,0,0
166417,0,0,1.579,0,0,0,0,0,0,0,0,0,0,0,0,2,0,0
166427,0,0,1.579,0,0,0,0,0,0,0,0,0,0,0,0,2,0,0
166437,0,0,1.579,0,0,0,0,0,0,0,0,0,0,0,0,2,0,0
166447,0,0,1.579,0,0,0,0,0,0,0,0,0,0,0,0,2,0,0
166457,0,0,1.579,0,0,0,0,0,0,0,0,0,0,0,0,2,0,0
166467,0,0,1.579,0,0,0,0,0,0,0,0,0,0,0,0,2,0,0
166478,0,0,1.579,0,0,0,0,0,0,0,0,0,0,0,0,2,0,0
166487,0,0,1.579,0,0,0,0,0,0,0,0,0,0,0,0,2,0,0
166497,0,0,1.579,0,0,0,0,0,0,0,0,0,0,0,0,2,0,0
166507,0,0,1.579,0,0,0,0,0,0,0,0,0,0,0,0,2,0,0
166517,0,0,1.579,0,0,0,0,0,0,0,0,0,0,0,0,2,0,0
166527,0,0,1.579,0,0,0,0,0,0,0,0,0,0,0,0,2,0,0
166538,0,0,1.579,0,0,0,0,0,0,0,0,0,0,0,0,2,0,0
166547,0,0,1.579,0,0,0,0,0,0,0,0,0,0,0,0,2,0,0
166557,0,0,1.579,0,0,0,0,0,0,0,0,0,0,0,0,2,0,0
166567,0,0,1.579,0,0,0,0,0,0,0,0,0,0,0,0,2,0,0
166577,0,0,1.579,0,0,0,0,0,0,0,0,0,0,0,0,2,0,0
166587,0,0,1.579,0,0,0,0,0,0,0,0,0,0,0,0,2,0,0
166598,0,0,1.579,0,0,0,0,0,0,0,0,0,0,0,0,2,0,0
166607,0,0,1.579,0,0,0,0,0,0,0,0,0,0,0,0,2,0,0
166617,0,0,1.579,0,0,0,0,0,0,0,0,0,0,0,0,2,0,0
166627,0,0,1.579,0,0,0,0,0,0,0,0,0,0,0,0,2,0,0
166638,0,0,1.579,0,0,0,0,0,0,0,0,0,0,0,0,2,0,0
166647,0,0,1.579,0,0,0,0,0,0,0,0,0,0,0,0,2,0,0
166657,0,0,1.579,0,0,0,0,0,0,0,0,0,0,0,0,2,0,0
166667,0,0,1.579,0,0,0,0,0,0,0,0,0,0,0,0,2,0,0
166677,0,0,1.579,0,0,0,0,0,0,0,0,0,0,0,0,2,0,0
166687,0,0,1.579,0,0,0,0,0,0,0,0,0,0,0,0,2,0,0
166697,0,0,1.579,0,0,0,0,0,0,0,0,0,0,0,0,2,0,0
166707,0,0,1.579,0,0,0,0,0,0,0,0,0,0,0,0,2,0,0
166717,0,0,1.579,0,0,0,0,0,0,0,0,0,0,0,0,2,0,0
166727,0,0,1.579,0,0,0,0,0,0,0,0,0,0,0,0,2,0,0
166737,0,0,1.579,0,0,0,0,0,0,0,0,0,0,0,0,2,0,0
166747,0,0,1.579,0,0,0,0,0,0,0,0,0,0,0,0,2,0,0
166758,0,0,1.579,0,0,0,0,0,0,0,0,0,0,0,0,2,0,0
166767,0,0,1.579,0,0,0,0,0,0,0,0,0,0,0,0,2,0,0
166777,0,0,1.579,0,0,0,0,0,0,0,0,0,0,0,0,2,0,0
166787,0,0,1.579,0,0,0,0,0,0,0,0,0,0,0,0,2,0,0
166797,0,0,1.579,0,0,0,0,0,0,0,0,0,0,0,0,2,0,0
166807,0,0,1.579,0,0,0,0,0,0,0,0,0,0,0,0,2,0,0
166817,0,0,1.579,0,0,0,0,0,0,0,0,0,0,0,0,2,0,0
166827,0,0,1.579,0,0,0,0,0,0,0,0,0,0,0,0,2,0,0
166837,0,0,1.579,0,0,0,0,0,0,0,0,0,0,0,0,2,0,0
166847,0,0,1.579,0,0,0,0,0,0,0,0,0,0,0,0,2,0,0
166857,0,0,1.579,0,0,0,0,0,0,0,0,0,0,0,0,2,0,0
166867,0,0,1.579,0,0,0,0,0,0,0,0,0,0,0,0,2,0,0
166878,0,0,1.579,0,0,0,0,0,0,0,0,0,0,0,0,2,0,0
166887,0,0,1.579,0,0,0,0,0,0,0,0,0,0,0,0,2,0,0
166897,0,0,1.579,0,0,0,0,0,0,0,0,0,0,0,0,2,0,0
166907,0,0,1.579,0,0,0,0,0,0,0,0,0,0,0,0,2,0,0
166917,0,0,1.579,0,0,0,0,0,0,0,0,0,0,0,0,2,0,0
166927,0,0,1.579,0,0,0,0,0,0,0,0,0,0,0,0,2,0,0
166938,0,0,1.579,0,0,0,0,0,0,0,0,0,0,0,0,2,0,0
166947,0,0,1.579,0,0,0,0,0,0,0,0,0,0,0,0,2,0,0
166958,0,0,1.579,0,0,0,0,0,0,0,0,0,0,0,0,2,0,0
166967,0,0,1.579,0,0,0,0,0,0,0,0,0,0,0,0,2,0,0
166977,0,0,1.579,0,0,0,0,0,0,0,0,0,0,0,0,2,0,0
166987,0,0,1.579,0,0,0,0,0,0,0,0,0,0,0,0,2,0,0
166998,0,0,1.579,0,0,0,0,0,0,0,0,0,0,0,0,2,0,0
167007,0,0,1.579,0,0,0,0,0,0,0,0,0,0,0,0,2,0,0
167017,0,0,1.579,0,0,0,0,0,0,0,0,0,0,0,0,2,0,0
167027,0,0,1.579,0,0,0,0,0,0,0,0,0,0,0,0,2,0,0
167037,0,0,1.579,0,0,0,0,0,0,0,0,0,0,0,0,2,0,0
167047,0,0,1.579,0,0,0,0,0,0,0,0,0,0,0,0,2,0,0
167057,0,0,1.579,0,0,0,0,0,0,0,0,0,0,0,0,2,0,0
167067,0,0,1.579,0,0,0,0,0,0,0,0,0,0,0,0,2,0,0
167078,0,0,1.579,0,0,0,0,0,0,0,0,0,0,0,0,2,0,0
167087,0,0,1.579,0,0,0,0,0,0,0,0,0,0,0,0,2,0,0
167097,0,0,1.579,0,0,0,0,0,0,0,0,0,0,0,0,2,0,0
167107,0,0,1.579,0,0,0,0,0,0,0,0,0,0,0,0,2,0,0
167117,0,0,1.579,0,0,0,0,0,0,0,0,0,0,0,0,2,0,0
167128,0,0,1.579,0,0,0,0,0,0,0,0,0,0,0,0,2,0,0
167138,0,0,1.579,0,0,0,0,0,0,0,0,0,0,0,0,2,0,0
167147,0,0,1.579,0,0,0,0,0,0,0,0,0,0,0,0,2,0,0
167158,0,0,1.579,0,0,0,0,0,0,0,0,0,0,0,0,2,0,0
167167,0,0,1.579,0,0,0,0,0,0,0,0,0,0,0,0,2,0,0
167177,0,0,1.579,0,0,0,0,0,0,0,0,0,0,0,0,2,0,0
167187,0,0,1.579,0,0,0,0,0,0,0,0,0,0,0,0,2,0,0
167197,0,0,1.579,0,0,0,0,0,0,0,0,0,0,0,0,2,0,0
167207,0,0,1.579,0,0,0,0,0,0,0,0,0,0,0,0,2,0,0
167217,0,0,1.579,0,0,0,0,0,0,0,0,0,0,0,0,2,0,0
167227,0,0,1.579,0,0,0,0,0,0,0,0,0,0,0,0,2,0,0
167237,0,0,1.579,0,0,0,0,0,0,0,0,0,0,0,0,2,0,0
167247,0,0,1.579,0,0,0,0,0,0,0,0,0,0,0,0,2,0,0
167257,0,0,1.579,0,0,0,0,0,0,0,0,0,0,0,0,2,0,0
167267,0,0,1.579,0,0,0,0,0,0,0,0,0,0,0,0,2,0,0
167277,0,0,1.579,0,0,0,0,0,0,0,0,0,0,0,0,2,0,0
167287,0,0,1.579,0,0,0,0,0,0,0,0,0,0,0,0,2,0,0
167297,0,0,1.579,0,0,0,0,0,0,0,0,0,0,0,0,2,0,0
167307,0,0,1.579,0,0,0,0,0,0,0,0,0,0,0,0,2,0,0
167317,0,0,1.579,0,0,0,0,0,0,0,0,0,0,0,0,2,0,0
167327,0,0,1.579,0,0,0,0,0,0,0,0,0,0,0,0,2,0,0
167338,0,0,1.579,0,0,0,0,0,0,0,0,0,0,0,0,2,0,0
167347,0,0,1.579,0,0,0,0,0,0,0,0,0,0,0,0,2,0,0
167357,0,0,1.579,0,0,0,0,0,0,0,0,0,0,0,0,2,0,0
167367,0,0,1.579,0,0,0,0,0,0,0,0,0,0,0,0,2,0,0
167377,0,0,1.579,0,0,0,0,0,0,0,0,0,0,0,0,2,0,0
167387,0,0,1.579,0,0,0,0,0,0,0,0,0,0,0,0,2,0,0
167397,0,0,1.579,0,0,0,0,0,0,0,0,0,0,0,0,2,0,0
167407,0,0,1.579,0,0,0,0,0,0,0,0,0,0,0,0,2,0,0
167417,0,0,1.579,0,0,0,0,0,0,0,0,0,0,0,0,2,0,0
167427,0,0,1.579,0,0,0,0,0,0,0,0,0,0,0,0,2,0,0
167437,0,0,1.579,0,0,0,0,0,0,0,0,0,0,0,0,2,0,0
167447,0,0,1.579,0,0,0,0,0,0,0,0,0,0,0,0,2,0,0
167458,0,0,1.579,0,0,0,0,0,0,0,0,0,0,0,0,2,0,0
167467,0,0,1.579,0,0,0,0,0,0,0,0,0,0,0,0,2,0,0
167477,0,0,1.579,0,0,0,0,0,0,0,0,0,0,0,0,2,0,0
167487,0,0,1.579,0,0,0,0,0,0,0,0,0,0,0,0,2,0,0
167500,0,0,1.579,0,0,0,0,0,0,0,0,0,0,0,0,2,0,0
167507,0,0,1.579,0,0,0,0,0,0,0,0,0,0,0,0,2,0,0
167518,0,0,1.579,0,0,0,0,0,0,0,0,0,0,0,0,2,0,0
167527,0,0,1.579,0,0,0,0,0,0,0,0,0,0,0,0,2,0,0
167537,0,0,1.579,0,0,0,0,0,0,0,0,0,0,0,0,2,0,0
167547,0,0,1.579,0,0,0,0,0,0,0,0,0,0,0,0,2,0,0
167557,0,0,1.579,0,0,0,0,0,0,0,0,0,0,0,0,2,0,0
167567,0,0,1.579,0,0,0,0,0,0,0,0,0,0,0,0,2,0,0
167577,0,0,1.579,0,0,0,0,0,0,0,0,0,0,0,0,2,0,0
167587,0,0,1.579,0,0,0,0,0,0,0,0,0,0,0,0,2,0,0
167597,0,0,1.579,0,0,0,0,0,0,0,0,0,0,0,0,2,0,0
167607,0,0,1.579,0,0,0,0,0,0,0,0,0,0,0,0,2,0,0
167617,0,0,1.579,0,0,0,0,0,0,0,0,0,0,0,0,2,0,0
167627,0,0,1.579,0,0,0,0,0,0,0,0,0,0,0,0,2,0,0
167638,0,0,1.579,0,0,0,0,0,0,0,0,0,0,0,0,2,0,0
167647,0,0,1.579,0,0,0,0,0,0,0,0,0,0,0,0,2,0,0
167660,0,0,1.579,0,0,0,0,0,0,0,0,0,0,0,0,2,0,0
167667,0,0,1.579,0,0,0,0,0,0,0,0,0,0,0,0,2,0,0
167679,0,0,1.579,0,0,0,0,0,0,0,0,0,0,0,0,2,0,0
167687,0,0,1.579,0,0,0,0,0,0,0,0,0,0,0,0,2,0,0
167697,0,0,1.579,0,0,0,0,0,0,0,0,0,0,0,0,2,0,0
167708,0,0,1.579,0,0,0,0,0,0,0,0,0,0,0,0,2,0,0
167717,0,0,1.579,0,0,0,0,0,0,0,0,0,0,0,0,2,0,0
167727,0,0,1.579,0,0,0,0,0,0,0,0,0,0,0,0,2,0,0
167737,0,0,1.579,0,0,0,0,0,0,0,0,0,0,0,0,2,0,0
167747,0,0,1.579,0,0,0,0,0,0,0,0,0,0,0,0,2,0,0
167757,0,0,1.579,0,0,0,0,0,0,0,0,0,0,0,0,2,0,0
167767,0,0,1.579,0,0,0,0,0,0,0,0,0,0,0,0,2,0,0
167777,0,0,1.579,0,0,0,0,0,0,0,0,0,0,0,0,2,0,0
167787,0,0,1.579,0,0,0,0,0,0,0,0,0,0,0,0,2,0,0
167797,0,0,1.579,0,0,0,0,0,0,0,0,0,0,0,0,2,0,0
167807,0,0,1.579,0,0,0,0,0,0,0,0,0,0,0,0,2,0,0
167817,0,0,1.579,0,0,0,0,0,0,0,0,0,0,0,0,2,0,0
167827,0,0,1.579,0,0,0,0,0,0,0,0,0,0,0,0,2,0,0
167837,0,0,1.579,0,0,0,0,0,0,0,0,0,0,0,0,2,0,0
167847,0,0,1.579,0,0,0,0,0,0,0,0,0,0,0,0,2,0,0
167857,0,0,1.579,0,0,0,0,0,0,0,0,0,0,0,0,2,0,0
167867,0,0,1.579,0,0,0,0,0,0,0,0,0,0,0,0,2,0,0
167877,0,0,1.579,0,0,0,0,0,0,0,0,0,0,0,0,2,0,0
167887,0,0,1.579,0,0,0,0,0,0,0,0,0,0,0,0,2,0,0
167898,0,0,1.579,0,0,0,0,0,0,0,0,0,0,0,0,2,0,0
167907,0,0,1.579,0,0,0,0,0,0,0,0,0,0,0,0,2,0,0
167917,0,0,1.579,0,0,0,0,0,0,0,0,0,0,0,0,2,0,0
167927,0,0,1.579,0,0,0,0,0,0,0,0,0,0,0,0,2,0,0
167937,0,0,1.579,0,0,0,0,0,0,0,0,0,0,0,0,2,0,0
167947,0,0,1.579,0,0,0,0,0,0,0,0,0,0,0,0,2,0,0
167957,0,0,1.579,0,0,0,0,0,0,0,0,0,0,0,0,2,0,0
167968,0,0,1.579,0,0,0,0,0,0,0,0,0,0,0,0,2,0,0
167977,0,0,1.579,0,0,0,0,0,0,0,0,0,0,0,0,2,0,0
167987,0,0,1.579,0,0,0,0,0,0,0,0,0,0,0,0,2,0,0
167997,0,0,1.579,0,0,0,0,0,0,0,0,0,0,0,0,2,0,0
168007,0,0,1.579,0,0,0,0,0,0,0,0,0,0,0,0,2,0,0
168017,0,0,1.579,0,0,0,0,0,0,0,0,0,0,0,0,2,0,0
168027,0,0,1.579,0,0,0,0,0,0,0,0,0,0,0,0,2,0,0
168037,0,0,1.579,0,0,0,0,0,0,0,0,0,0,0,0,2,0,0
168047,0,0,1.579,0,0,0,0,0,0,0,0,0,0,0,0,2,0,0
168057,0,0,1.579,0,0,0,0,0,0,0,0,0,0,0,0,2,0,0
168069,0,0,1.579,0,0,0,0,0,0,0,0,0,0,0,0,2,0,0
168077,0,0,1.579,0,0,0,0,0,0,0,0,0,0,0,0,2,0,0
168087,0,0,1.579,0,0,0,0,0,0,0,0,0,0,0,0,2,0,0
168097,0,0,1.579,0,0,0,0,0,0,0,0,0,0,0,0,2,0,0
168107,0,0,1.579,0,0,0,0,0,0,0,0,0,0,0,0,2,0,0
168117,0,0,1.579,0,0,0,0,0,0,0,0,0,0,0,0,2,0,0
168127,0,0,1.579,0,0,0,0,0,0,0,0,0,0,0,0,2,0,0
168138,0,0,1.579,0,0,0,0,0,0,0,0,0,0,0,0,2,0,0
168147,0,0,1.579,0,0,0,0,0,0,0,0,0,0,0,0,2,0,0
168157,0,0,1.579,0,0,0,0,0,0,0,0,0,0,0,0,2,0,0
168168,0,0,1.579,0,0,0,0,0,0,0,0,0,0,0,0,2,0,0
168177,0,0,1.579,0,0,0,0,0,0,0,0,0,0,0,0,2,0,0
168187,0,0,1.579,0,0,0,0,0,0,0,0,0,0,0,0,2,0,0
168197,0,0,1.579,0,0,0,0,0,0,0,0,0,0,0,0,2,0,0
168207,0,0,1.579,0,0,0,0,0,0,0,0,0,0,0,0,2,0,0
168217,0,0,1.579,0,0,0,0,0,0,0,0,0,0,0,0,2,0,0
168227,0,0,1.579,0,0,0,0,0,0,0,0,0,0,0,0,2,0,0
168238,0,0,1.579,0,0,0,0,0,0,0,0,0,0,0,0,2,0,0
168247,0,0,1.579,0,0,0,0,0,0,0,0,0,0,0,0,2,0,0
168257,0,0,1.579,0,0,0,0,0,0,0,0,0,0,0,0,2,0,0
168267,0,0,1.579,0,0,0,0,0,0,0,0,0,0,0,0,2,0,0
168277,0,0,1.579,0,0,0,0,0,0,0,0,0,0,0,0,2,0,0
168288,0,0,1.579,0,0,0,0,0,0,0,0,0,0,0,0,2,0,0
168297,0,0,1.579,0,0,0,0,0,0,0,0,0,0,0,0,2,0,0
168307,0,0,1.579,0,0,0,0,0,0,0,0,0,0,0,0,2,0,0
168317,0,0,1.579,0,0,0,0,0,0,0,0,0,0,0,0,2,0,0
168327,0,0,1.579,0,0,0,0,0,0,0,0,0,0,0,0,2,0,0
168337,0,0,1.579,0,0,0,0,0,0,0,0,0,0,0,0,2,0,0
168347,0,0,1.579,0,0,0,0,0,0,0,0,0,0,0,0,2,0,0
168357,0,0,1.579,0,0,0,0,0,0,0,0,0,0,0,0,2,0,0
168367,0,0,1.579,0,0,0,0,0,0,0,0,0,0,0,0,2,0,0
168377,0,0,1.579,0,0,0,0,0,0,0,0,0,0,0,0,2,0,0
168387,0,0,1.579,0,0,0,0,0,0,0,0,0,0,0,0,2,0,0
168397,0,0,1.579,0,0,0,0,0,0,0,0,0,0,0,0,2,0,0
168407,0,0,1.579,0,0,0,0,0,0,0,0,0,0,0,0,2,0,0
168418,0,0,1.579,0,0,0,0,0,0,0,0,0,0,0,0,2,0,0
168428,0,0,1.579,0,0,0,0,0,0,0,0,0,0,0,0,2,0,0
168438,0,0,1.579,0,0,0,0,0,0,0,0,0,0,0,0,2,0,0
168447,0,0,1.579,0,0,0,0,0,0,0,0,0,0,0,0,2,0,0
168457,0,0,1.579,0,0,0,0,0,0,0,0,0,0,0,0,2,0,0
168468,0,0,1.579,0,0,0,0,0,0,0,0,0,0,0,0,2,0,0
168478,0,0,1.579,0,0,0,0,0,0,0,0,0,0,0,0,2,0,0
168488,0,0,1.579,0,0,0,0,0,0,0,0,0,0,0,0,2,0,0
168497,0,0,1.579,0,0,0,0,0,0,0,0,0,0,0,0,2,0,0
168507,0,0,1.579,0,0,0,0,0,0,0,0,0,0,0,0,2,0,0
168518,0,0,1.579,0,0,0,0,0,0,0,0,0,0,0,0,2,0,0
168527,0,0,1.579,0,0,0,0,0,0,0,0,0,0,0,0,2,0,0
168538,0,0,1.579,0,0,0,0,0,0,0,0,0,0,0,0,2,0,0
168547,0,0,1.579,0,0,0,0,0,0,0,0,0,0,0,0,2,0,0
168558,0,0,1.579,0,0,0,0,0,0,0,0,0,0,0,0,2,0,0
168567,0,0,1.579,0,0,0,0,0,0,0,0,0,0,0,0,2,0,0
168578,0,0,1.579,0,0,0,0,0,0,0,0,0,0,0,0,2,0,0
168588,0,0,1.579,0,0,0,0,0,0,0,0,0,0,0,0,2,0,0
168598,0,0,1.579,0,0,0,0,0,0,0,0,0,0,0,0,2,0,0
168607,0,0,1.579,0,0,0,0,0,0,0,0,0,0,0,0,2,0,0
168618,0,0,1.579,0,0,0,0,0,0,0,0,0,0,0,0,2,0,0
168627,0,0,1.579,0,0,0,0,0,0,0,0,0,0,0,0,2,0,0
168638,0,0,1.579,0,0,0,0,0,0,0,0,0,0,0,0,2,0,0
168647,0,0,1.579,0,0,0,0,0,0,0,0,0,0,0,0,2,0,0
168657,0,0,1.579,0,0,0,0,0,0,0,0,0,0,0,0,2,0,0
168667,0,0,1.579,0,0,0,0,0,0,0,0,0,0,0,0,2,0,0
168677,0,0,1.579,0,0,0,0,0,0,0,0,0,0,0,0,2,0,0
168687,0,0,1.579,0,0,0,0,0,0,0,0,0,0,0,0,2,0,0
168697,0,0,1.579,0,0,0,0,0,0,0,0,0,0,0,0,2,0,0
168707,0,0,1.579,0,0,0,0,0,0,0,0,0,0,0,0,2,0,0
168717,0,0,1.579,0,0,0,0,0,0,0,0,0,0,0,0,2,0,0
168727,0,0,1.579,0,0,0,0,0,0,0,0,0,0,0,0,2,0,0
168737,0,0,1.579,0,0,0,0,0,0,0,0,0,0,0,0,2,0,0
168747,0,0,1.579,0,0,0,0,0,0,0,0,0,0,0,0,2,0,0
168757,0,0,1.579,0,0,0,0,0,0,0,0,0,0,0,0,2,0,0
168767,0,0,1.579,0,0,0,0,0,0,0,0,0,0,0,0,2,0,0
168777,0,0,1.579,0,0,0,0,0,0,0,0,0,0,0,0,2,0,0
168787,0,0,1.579,0,0,0,0,0,0,0,0,0,0,0,0,2,0,0
168797,0,0,1.579,0,0,0,0,0,0,0,0,0,0,0,0,2,0,0
168807,0,0,1.579,0,0,0,0,0,0,0,0,0,0,0,0,2,0,0
168817,0,0,1.579,0,0,0,0,0,0,0,0,0,0,0,0,2,0,0
168827,0,0,1.579,0,0,0,0,0,0,0,0,0,0,0,0,2,0,0
168838,0,0,1.579,0,0,0,0,0,0,0,0,0,0,0,0,2,0,0
168847,0,0,1.579,0,0,0,0,0,0,0,0,0,0,0,0,2,0,0
168857,0,0,1.579,0,0,0,0,0,0,0,0,0,0,0,0,2,0,0
168867,0,0,1.579,0,0,0,0,0,0,0,0,0,0,0,0,2,0,0
168877,0,0,1.579,0,0,0,0,0,0,0,0,0,0,0,0,2,0,0
168887,0,0,1.579,0,0,0,0,0,0,0,0,0,0,0,0,2,0,0
168898,0,0,1.579,0,0,0,0,0,0,0,0,0,0,0,0,2,0,0
168907,0,0,1.579,0,0,0,0,0,0,0,0,0,0,0,0,2,0,0
168918,0,0,1.579,0,0,0,0,0,0,0,0,0,0,0,0,2,0,0
168928,0,0,1.579,0,0,0,0,0,0,0,0,0,0,0,0,2,0,0
168937,0,0,1.579,0,0,0,0,0,0,0,0,0,0,0,0,2,0,0
168947,0,0,1.579,0,0,0,0,0,0,0,0,0,0,0,0,2,0,0
168958,0,0,1.579,0,0,0,0,0,0,0,0,0,0,0,0,2,0,0
168968,0,0,1.579,0,0,0,0,0,0,0,0,0,0,0,0,2,0,0
168977,0,0,1.579,0,0,0,0,0,0,0,0,0,0,0,0,2,0,0
168987,0,0,1.579,0,0,0,0,0,0,0,0,0,0,0,0,2,0,0
168998,0,0,1.579,0,0,0,0,0,0,0,0,0,0,0,0,2,0,0
169007,0,0,1.579,0,0,0,0,0,0,0,0,0,0,0,0,2,0,0
169017,0,0,1.579,0,0,0,0,0,0,0,0,0,0,0,0,2,0,0
169027,0,0,1.579,0,0,0,0,0,0,0,0,0,0,0,0,2,0,0
169037,0,0,1.579,0,0,0,0,0,0,0,0,0,0,0,0,2,0,0
169047,0,0,1.579,0,0,0,0,0,0,0,0,0,0,0,0,2,0,0
169057,0,0,1.579,0,0,0,0,0,0,0,0,0,0,0,0,2,0,0
169067,0,0,1.579,0,0,0,0,0,0,0,0,0,0,0,0,2,0,0
169077,0,0,1.579,0,0,0,0,0,0,0,0,0,0,0,0,2,0,0
169087,0,0,1.579,0,0,0,0,0,0,0,0,0,0,0,0,2,0,0
169097,0,0,1.579,0,0,0,0,0,0,0,0,0,0,0,0,2,0,0
169108,0,0,1.579,0,0,0,0,0,0,0,0,0,0,0,0,2,0,0
169117,0,0,1.579,0,0,0,0,0,0,0,0,0,0,0,0,2,0,0
169128,0,0,1.579,0,0,0,0,0,0,0,0,0,0,0,0,2,0,0
169137,0,0,1.579,0,0,0,0,0,0,0,0,0,0,0,0,2,0,0
169147,0,0,1.579,0,0,0,0,0,0,0,0,0,0,0,0,2,0,0
169157,0,0,1.579,0,0,0,0,0,0,0,0,0,0,0,0,2,0,0
169168,0,0,1.579,0,0,0,0,0,0,0,0,0,0,0,0,2,0,0
169177,0,0,1.579,0,0,0,0,0,0,0,0,0,0,0,0,2,0,0
169187,0,0,1.579,0,0,0,0,0,0,0,0,0,0,0,0,2,0,0
169197,0,0,1.579,0,0,0,0,0,0,0,0,0,0,0,0,2,0,0
169207,0,0,1.579,0,0,0,0,0,0,0,0,0,0,0,0,2,0,0
169217,0,0,1.579,0,0,0,0,0,0,0,0,0,0,0,0,2,0,0
169227,0,0,1.579,0,0,0,0,0,0,0,0,0,0,0,0,2,0,0
169237,0,0,1.579,0,0,0,0,0,0,0,0,0,0,0,0,2,0,0
169248,0,0,1.579,0,0,0,0,0,0,0,0,0,0,0,0,2,0,0
169257,0,0,1.579,0,0,0,0,0,0,0,0,0,0,0,0,2,0,0
169267,0,0,1.579,0,0,0,0,0,0,0,0,0,0,0,0,2,0,0
169277,0,0,1.579,0,0,0,0,0,0,0,0,0,0,0,0,2,0,0
169288,0,0,1.579,0,0,0,0,0,0,0,0,0,0,0,0,2,0,0
169297,0,0,1.579,0,0,0,0,0,0,0,0,0,0,0,0,2,0,0
169307,0,0,1.579,0,0,0,0,0,0,0,0,0,0,0,0,2,0,0
169318,0,0,1.579,0,0,0,0,0,0,0,0,0,0,0,0,2,0,0
169327,0,0,1.579,0,0,0,0,0,0,0,0,0,0,0,0,2,0,0
169337,0,0,1.579,0,0,0,0,0,0,0,0,0,0,0,0,2,0,0
169347,0,0,1.579,0,0,0,0,0,0,0,0,0,0,0,0,2,0,0
169357,0,0,1.579,0,0,0,0,0,0,0,0,0,0,0,0,2,0,0
169368,0,0,1.579,0,0,0,0,0,0,0,0,0,0,0,0,2,0,0
169377,0,0,1.579,0,0,0,0,0,0,0,0,0,0,0,0,2,0,0
169388,0,0,1.579,0,0,0,0,0,0,0,0,0,0,0,0,2,0,0
169397,0,0,1.579,0,0,0,0,0,0,0,0,0,0,0,0,2,0,0
169408,0,0,1.579,0,0,0,0,0,0,0,0,0,0,0,0,2,0,0
169420,0,0,1.579,0,0,0,0,0,0,0,0,0,0,0,0,2,0,0
169427,0,0,1.579,0,0,0,0,0,0,0,0,0,0,0,0,2,0,0
169437,0,0,1.579,0,0,0,0,0,0,0,0,0,0,0,0,2,0,0
169447,0,0,1.579,0,0,0,0,0,0,0,0,0,0,0,0,2,0,0
169457,0,0,1.579,0,0,0,0,0,0,0,0,0,0,0,0,2,0,0
169467,0,0,1.579,0,0,0,0,0,0,0,0,0,0,0,0,2,0,0
169478,0,0,1.579,0,0,0,0,0,0,0,0,0,0,0,0,2,0,0
169487,0,0,1.579,0,0,0,0,0,0,0,0,0,0,0,0,2,0,0
169497,0,0,1.579,0,0,0,0,0,0,0,0,0,0,0,0,2,0,0
169507,0,0,1.579,0,0,0,0,0,0,0,0,0,0,0,0,2,0,0
169517,0,0,1.579,0,0,0,0,0,0,0,0,0,0,0,0,2,0,0
169527,0,0,1.579,0,0,0,0,0,0,0,0,0,0,0,0,2,0,0
169537,0,0,1.579,0,0,0,0,0,0,0,0,0,0,0,0,2,0,0
169547,0,0,1.579,0,0,0,0,0,0,0,0,0,0,0,0,2,0,0
169557,0,0,1.579,0,0,0,0,0,0,0,0,0,0,0,0,2,0,0
169567,0,0,1.579,0,0,0,0,0,0,0,0,0,0,0,0,2,0,0
169577,0,0,1.579,0,0,0,0,0,0,0,0,0,0,0,0,2,0,0
169587,0,0,1.579,0,0,0,0,0,0,0,0,0,0,0,0,2,0,0
169597,0,0,1.579,0,0,0,0,0,0,0,0,0,0,0,0,2,0,0
169608,0,0,1.579,0,0,0,0,0,0,0,0,0,0,0,0,2,0,0
169617,0,0,1.579,0,0,0,0,0,0,0,0,0,0,0,0,2,0,0
169627,0,0,1.579,0,0,0,0,0,0,0,0,0,0,0,0,2,0,0
169638,0,0,1.579,0,0,0,0,0,0,0,0,0,0,0,0,2,0,0
169648,0,0,1.579,0,0,0,0,0,0,0,0,0,0,0,0,2,0,0
169657,0,0,1.579,0,0,0,0,0,0,0,0,0,0,0,0,2,0,0
169667,0,0,1.579,0,0,0,0,0,0,0,0,0,0,0,0,2,0,0
169678,0,0,1.579,0,0,0,0,0,0,0,0,0,0,0,0,2,0,0
169687,0,0,1.579,0,0,0,0,0,0,0,0,0,0,0,0,2,0,0
169697,0,0,1.579,0,0,0,0,0,0,0,0,0,0,0,0,2,0,0
169708,0,0,1.579,0,0,0,0,0,0,0,0,0,0,0,0,2,0,0
169718,0,0,1.579,0,0,0,0,0,0,0,0,0,0,0,0,2,0,0
169728,0,0,1.579,0,0,0,0,0,0,0,0,0,0,0,0,2,0,0
169738,0,0,1.579,0,0,0,0,0,0,0,0,0,0,0,0,2,0,0
169748,0,0,1.579,0,0,0,0,0,0,0,0,0,0,0,0,2,0,0
169758,0,0,1.579,0,0,0,0,0,0,0,0,0,0,0,0,2,0,0
169767,0,0,1.579,0,0,0,0,0,0,0,0,0,0,0,0,2,0,0
169778,0,0,1.579,0,0,0,0,0,0,0,0,0,0,0,0,2,0,0
169787,0,0,1.579,0,0,0,0,0,0,0,0,0,0,0,0,2,0,0
169800,0,0,1.579,0,0,0,0,0,0,0,0,0,0,0,0,2,0,0
169807,0,0,1.579,0,0,0,0,0,0,0,0,0,0,0,0,2,0,0
169817,0,0,1.579,0,0,0,0,0,0,0,0,0,0,0,0,2,0,0
169827,0,0,1.579,0,0,0,0,0,0,0,0,0,0,0,0,2,0,0
169838,0,0,1.579,0,0,0,0,0,0,0,0,0,0,0,0,2,0,0
169847,0,0,1.579,0,0,0,0,0,0,0,0,0,0,0,0,2,0,0
169858,0,0,1.579,0,0,0,0,0,0,0,0,0,0,0,0,2,0,0
169868,0,0,1.579,0,0,0,0,0,0,0,0,0,0,0,0,2,0,0
169878,0,0,1.579,0,0,0,0,0,0,0,0,0,0,0,0,2,0,0
169887,0,0,1.579,0,0,0,0,0,0,0,0,0,0,0,0,2,0,0
169898,0,0,1.579,0,0,0,0,0,0,0,0,0,0,0,0,2,0,0
169907,0,0,1.579,0,0,0,0,0,0,0,0,0,0,0,0,2,0,0
169918,0,0,1.579,0,0,0,0,0,0,0,0,0,0,0,0,2,0,0
169928,0,0,1.579,0,0,0,0,0,0,0,0,0,0,0,0,2,0,0
169938,0,0,1.579,0,0,0,0,0,0,0,0,0,0,0,0,2,0,0
169947,0,0,1.579,0,0,0,0,0,0,0,0,0,0,0,0,2,0,0
169958,0,0,1.579,0,0,0,0,0,0,0,0,0,0,0,0,2,0,0
169967,0,0,1.579,0,0,0,0,0,0,0,0,0,0,0,0,2,0,0
169977,0,0,1.579,0,0,0,0,0,0,0,0,0,0,0,0,2,0,0
169988,0,0,1.579,0,0,0,0,0,0,0,0,0,0,0,0,2,0,0
169998,0,0,1.579,0,0,0,0,0,0,0,0,0,0,0,0,2,0,0
170008,0,0,1.579,0,0,0,0,0,0,0,0,0,0,0,0,2,0,0
170017,0,0,1.579,0,0,0,0,0,0,0,0,0,0,0,0,2,0,0
170028,0,0,1.579,0,0,0,0,0,0,0,0,0,0,0,0,2,0,0
170038,0,0,1.579,0,0,0,0,0,0,0,0,0,0,0,0,2,0,0
170047,0,0,1.579,0,0,0,0,0,0,0,0,0,0,0,0,2,0,0
170057,0,0,1.579,0,0,0,0,0,0,0,0,0,0,0,0,2,0,0
170067,0,0,1.579,0,0,0,0,0,0,0,0,0,0,0,0,2,0,0
170078,0,0,1.579,0,0,0,0,0,0,0,0,0,0,0,0,2,0,0
170087,0,0,1.579,0,0,0,0,0,0,0,0,0,0,0,0,2,0,0
170097,0,0,1.579,0,0,0,0,0,0,0,0,0,0,0,0,2,0,0
170107,0,0,1.579,0,0,0,0,0,0,0,0,0,0,0,0,2,0,0
170118,0,0,1.579,0,0,0,0,0,0,0,0,0,0,0,0,2,0,0
170127,0,0,1.579,0,0,0,0,0,0,0,0,0,0,0,0,2,0,0
170138,0,0,1.579,0,0,0,0,0,0,0,0,0,0,0,0,2,0,0
170147,0,0,1.579,0,0,0,0,0,0,0,0,0,0,0,0,2,0,0
170158,0,0,1.579,0,0,0,0,0,0,0,0,0,0,0,0,2,0,0
170167,0,0,1.579,0,0,0,0,0,0,0,0,0,0,0,0,2,0,0
170177,0,0,1.579,0,0,0,0,0,0,0,0,0,0,0,0,2,0,0
170187,0,0,1.579,0,0,0,0,0,0,0,0,0,0,0,0,2,0,0
170198,0,0,1.579,0,0,0,0,0,0,0,0,0,0,0,0,2,0,0
170207,0,0,1.579,0,0,0,0,0,0,0,0,0,0,0,0,2,0,0
170217,0,0,1.579,0,0,0,0,0,0,0,0,0,0,0,0,2,0,0
170227,0,0,1.579,0,0,0,0,0,0,0,0,0,0,0,0,2,0,0
170238,0,0,1.579,0,0,0,0,0,0,0,0,0,0,0,0,2,0,0
170247,0,0,1.579,0,0,0,0,0,0,0,0,0,0,0,0,2,0,0
170257,0,0,1.579,0,0,0,0,0,0,0,0,0,0,0,0,2,0,0
170267,0,0,1.579,0,0,0,0,0,0,0,0,0,0,0,0,2,0,0
170278,0,0,1.579,0,0,0,0,0,0,0,0,0,0,0,0,2,0,0
170287,0,0,1.579,0,0,0,0,0,0,0,0,0,0,0,0,2,0,0
170297,0,0,1.579,0,0,0,0,0,0,0,0,0,0,0,0,2,0,0
170307,0,0,1.579,0,0,0,0,0,0,0,0,0,0,0,0,2,0,0
170318,0,0,1.579,0,0,0,0,0,0,0,0,0,0,0,0,2,0,0
170327,0,0,1.579,0,0,0,0,0,0,0,0,0,0,0,0,2,0,0
170338,0,0,1.579,0,0,0,0,0,0,0,0,0,0,0,0,2,0,0
170347,0,0,1.579,0,0,0,0,0,0,0,0,0,0,0,0,2,0,0
170358,0,0,1.579,0,0,0,0,0,0,0,0,0,0,0,0,2,0,0
170368,0,0,1.579,0,0,0,0,0,0,0,0,0,0,0,0,2,0,0
170379,0,0,1.579,0,0,0,0,0,0,0,0,0,0,0,0,2,0,0
170388,0,0,1.579,0,0,0,0,0,0,0,0,0,0,0,0,2,0,0
170398,0,0,1.579,0,0,0,0,0,0,0,0,0,0,0,0,2,0,0
170408,0,0,1.579,0,0,0,0,0,0,0,0,0,0,0,0,2,0,0
170417,0,0,1.579,0,0,0,0,0,0,0,0,0,0,0,0,2,0,0
170427,0,0,1.579,0,0,0,0,0,0,0,0,0,0,0,0,2,0,0
170438,0,0,1.579,0,0,0,0,0,0,0,0,0,0,0,0,2,0,0
170447,0,0,1.579,0,0,0,0,0,0,0,0,0,0,0,0,2,0,0
170457,0,0,1.579,0,0,0,0,0,0,0,0,0,0,0,0,2,0,0
170467,0,0,1.579,0,0,0,0,0,0,0,0,0,0,0,0,2,0,0
170478,0,0,1.579,0,0,0,0,0,0,0,0,0,0,0,0,2,0,0
170487,0,0,1.579,0,0,0,0,0,0,0,0,0,0,0,0,2,0,0
170497,0,0,1.579,0,0,0,0,0,0,0,0,0,0,0,0,2,0,0
170508,0,0,1.579,0,0,0,0,0,0,0,0,0,0,0,0,2,0,0
170518,0,0,1.579,0,0,0,0,0,0,0,0,0,0,0,0,2,0,0
170527,0,0,1.579,0,0,0,0,0,0,0,0,0,0,0,0,2,0,0
170538,0,0,1.579,0,0,0,0,0,0,0,0,0,0,0,0,2,0,0
170548,0,0,1.579,0,0,0,0,0,0,0,0,0,0,0,0,2,0,0
170558,0,0,1.579,0,0,0,0,0,0,0,0,0,0,0,0,2,0,0
170568,0,0,1.579,0,0,0,0,0,0,0,0,0,0,0,0,2,0,0
170577,0,0,1.579,0,0,0,0,0,0,0,0,0,0,0,0,2,0,0
170587,0,0,1.579,0,0,0,0,0,0,0,0,0,0,0,0,2,0,0
170598,0,0,1.579,0,0,0,0,0,0,0,0,0,0,0,0,2,0,0
170607,0,0,1.579,0,0,0,0,0,0,0,0,0,0,0,0,2,0,0
170617,0,0,1.579,0,0,0,0,0,0,0,0,0,0,0,0,2,0,0
170628,0,0,1.579,0,0,0,0,0,0,0,0,0,0,0,0,2,0,0
170638,0,0,1.579,0,0,0,0,0,0,0,0,0,0,0,0,2,0,0
170647,0,0,1.579,0,0,0,0,0,0,0,0,0,0,0,0,2,0,0
170657,0,0,1.579,0,0,0,0,0,0,0,0,0,0,0,0,2,0,0
170667,0,0,1.579,0,0,0,0,0,0,0,0,0,0,0,0,2,0,0
170678,0,0,1.579,0,0,0,0,0,0,0,0,0,0,0,0,2,0,0
170687,0,0,1.579,0,0,0,0,0,0,0,0,0,0,0,0,2,0,0
170697,0,0,1.579,0,0,0,0,0,0,0,0,0,0,0,0,2,0,0
170707,0,0,1.579,0,0,0,0,0,0,0,0,0,0,0,0,2,0,0
170717,0,0,1.579,0,0,0,0,0,0,0,0,0,0,0,0,2,0,0
170728,0,0,1.579,0,0,0,0,0,0,0,0,0,0,0,0,2,0,0
170738,0,0,1.579,0,0,0,0,0,0,0,0,0,0,0,0,2,0,0
170747,0,0,1.579,0,0,0,0,0,0,0,0,0,0,0,0,2,0,0
170758,0,0,1.579,0,0,0,0,0,0,0,0,0,0,0,0,2,0,0
170767,0,0,1.579,0,0,0,0,0,0,0,0,0,0,0,0,2,0,0
170777,0,0,1.579,0,0,0,0,0,0,0,0,0,0,0,0,2,0,0
170787,0,0,1.579,0,0,0,0,0,0,0,0,0,0,0,0,2,0,0
170798,0,0,1.579,0,0,0,0,0,0,0,0,0,0,0,0,2,0,0
170811,0,0,1.579,0,0,0,0,0,0,0,0,0,0,0,0,2,0,0
170818,0,0,1.579,0,0,0,0,0,0,0,0,0,0,0,0,2,0,0
170827,0,0,1.579,0,0,0,0,0,0,0,0,0,0,0,0,2,0,0
170838,0,0,1.579,0,0,0,0,0,0,0,0,0,0,0,0,2,0,0
170847,0,0,1.579,0,0,0,0,0,0,0,0,0,0,0,0,2,0,0
170857,0,0,1.579,0,0,0,0,0,0,0,0,0,0,0,0,2,0,0
170868,0,0,1.579,0,0,0,0,0,0,0,0,0,0,0,0,2,0,0
170878,0,0,1.579,0,0,0,0,0,0,0,0,0,0,0,0,2,0,0
170888,0,0,1.579,0,0,0,0,0,0,0,0,0,0,0,0,2,0,0
170898,0,0,1.579,0,0,0,0,0,0,0,0,0,0,0,0,2,0,0
170907,0,0,1.579,0,0,0,0,0,0,0,0,0,0,0,0,2,0,0
170918,0,0,1.579,0,0,0,0,0,0,0,0,0,0,0,0,2,0,0
170927,0,0,1.579,0,0,0,0,0,0,0,0,0,0,0,0,2,0,0
170938,0,0,1.579,0,0,0,0,0,0,0,0,0,0,0,0,2,0,0
170948,0,0,1.579,0,0,0,0,0,0,0,0,0,0,0,0,2,0,0
170958,0,0,1.579,0,0,0,0,0,0,0,0,0,0,0,0,2,0,0
170967,0,0,1.579,0,0,0,0,0,0,0,0,0,0,0,0,2,0,0
170978,0,0,1.579,0,0,0,0,0,0,0,0,0,0,0,0,2,0,0
170987,0,0,1.579,0,0,0,0,0,0,0,0,0,0,0,0,2,0,0
170998,0,0,1.579,0,0,0,0,0,0,0,0,0,0,0,0,2,0,0
171009,0,0,1.579,0,0,0,0,0,0,0,0,0,0,0,0,2,0,0
171018,0,0,1.579,0,0,0,0,0,0,0,0,0,0,0,0,2,0,0
171027,0,0,1.579,0,0,0,0,0,0,0,0,0,0,0,0,2,0,0
171040,0,0,1.579,0,0,0,0,0,0,0,0,0,0,0,0,2,0,0
171047,0,0,1.579,0,0,0,0,0,0,0,0,0,0,0,0,2,0,0
171058,0,0,1.579,0,0,0,0,0,0,0,0,0,0,0,0,2,0,0
171067,0,0,1.579,0,0,0,0,0,0,0,0,0,0,0,0,2,0,0
171078,0,0,1.579,0,0,0,0,0,0,0,0,0,0,0,0,2,0,0
171087,0,0,1.579,0,0,0,0,0,0,0,0,0,0,0,0,2,0,0
171097,0,0,1.579,0,0,0,0,0,0,0,0,0,0,0,0,2,0,0
171107,0,0,1.579,0,0,0,0,0,0,0,0,0,0,0,0,2,0,0
171118,0,0,1.579,0,0,0,0,0,0,0,0,0,0,0,0,2,0,0
171127,0,0,1.579,0,0,0,0,0,0,0,0,0,0,0,0,2,0,0
171138,0,0,1.579,0,0,0,0,0,0,0,0,0,0,0,0,2,0,0
171147,0,0,1.579,0,0,0,0,0,0,0,0,0,0,0,0,2,0,0
171157,0,0,1.579,0,0,0,0,0,0,0,0,0,0,0,0,2,0,0
171167,0,0,1.579,0,0,0,0,0,0,0,0,0,0,0,0,2,0,0
171177,0,0,1.579,0,0,0,0,0,0,0,0,0,0,0,0,2,0,0
171188,0,0,1.579,0,0,0,0,0,0,0,0,0,0,0,0,2,0,0
171198,0,0,1.579,0,0,0,0,0,0,0,0,0,0,0,0,2,0,0
171207,0,0,1.579,0,0,0,0,0,0,0,0,0,0,0,0,2,0,0
171218,0,0,1.579,0,0,0,0,0,0,0,0,0,0,0,0,2,0,0
171227,0,0,1.579,0,0,0,0,0,0,0,0,0,0,0,0,2,0,0
171238,0,0,1.579,0,0,0,0,0,0,0,0,0,0,0,0,2,0,0
171248,0,0,1.579,0,0,0,0,0,0,0,0,0,0,0,0,2,0,0
171257,0,0,1.579,0,0,0,0,0,0,0,0,0,0,0,0,2,0,0
171267,0,0,1.579,0,0,0,0,0,0,0,0,0,0,0,0,2,0,0
171278,0,0,1.579,0,0,0,0,0,0,0,0,0,0,0,0,2,0,0
171288,0,0,1.579,0,0,0,0,0,0,0,0,0,0,0,0,2,0,0
171298,0,0,1.579,0,0,0,0,0,0,0,0,0,0,0,0,2,0,0
171308,0,0,1.579,0,0,0,0,0,0,0,0,0,0,0,0,2,0,0
171318,0,0,1.579,0,0,0,0,0,0,0,0,0,0,0,0,2,0,0
171328,0,0,1.579,0,0,0,0,0,0,0,0,0,0,0,0,2,0,0
171338,0,0,1.579,0,0,0,0,0,0,0,0,0,0,0,0,2,0,0
171348,0,0,1.579,0,0,0,0,0,0,0,0,0,0,0,0,2,0,0
171358,0,0,1.579,0,0,0,0,0,0,0,0,0,0,0,0,2,0,0
171368,0,0,1.579,0,0,0,0,0,0,0,0,0,0,0,0,2,0,0
171378,0,0,1.579,0,0,0,0,0,0,0,0,0,0,0,0,2,0,0
171388,0,0,1.579,0,0,0,0,0,0,0,0,0,0,0,0,2,0,0
171398,0,0,1.579,0,0,0,0,0,0,0,0,0,0,0,0,2,0,0
171408,0,0,1.579,0,0,0,0,0,0,0,0,0,0,0,0,2,0,0
171418,0,0,1.579,0,0,0,0,0,0,0,0,0,0,0,0,2,0,0
171428,0,0,1.579,0,0,0,0,0,0,0,0,0,0,0,0,2,0,0
171438,0,0,1.579,0,0,0,0,0,0,0,0,0,0,0,0,2,0,0
171448,0,0,1.579,0,0,0,0,0,0,0,0,0,0,0,0,2,0,0
171458,0,0,1.579,0,0,0,0,0,0,0,0,0,0,0,0,2,0,0
171467,0,0,1.579,0,0,0,0,0,0,0,0,0,0,0,0,2,0,0
171478,0,0,1.579,0,0,0,0,0,0,0,0,0,0,0,0,2,0,0
171487,0,0,1.579,0,0,0,0,0,0,0,0,0,0,0,0,2,0,0
171498,0,0,1.579,0,0,0,0,0,0,0,0,0,0,0,0,2,0,0
171507,0,0,1.579,0,0,0,0,0,0,0,0,0,0,0,0,2,0,0
171518,0,0,1.579,0,0,0,0,0,0,0,0,0,0,0,0,2,0,0
171527,0,0,1.579,0,0,0,0,0,0,0,0,0,0,0,0,2,0,0
171538,0,0,1.579,0,0,0,0,0,0,0,0,0,0,0,0,2,0,0
171547,0,0,1.579,0,0,0,0,0,0,0,0,0,0,0,0,2,0,0
171558,0,0,1.579,0,0,0,0,0,0,0,0,0,0,0,0,2,0,0
171568,0,0,1.579,0,0,0,0,0,0,0,0,0,0,0,0,2,0,0
171577,0,0,1.579,0,0,0,0,0,0,0,0,0,0,0,0,2,0,0
171587,0,0,1.579,0,0,0,0,0,0,0,0,0,0,0,0,2,0,0
171598,0,0,1.579,0,0,0,0,0,0,0,0,0,0,0,0,2,0,0
171608,0,0,1.579,0,0,0,0,0,0,0,0,0,0,0,0,2,0,0
171618,0,0,1.579,0,0,0,0,0,0,0,0,0,0,0,0,2,0,0
171628,0,0,1.579,0,0,0,0,0,0,0,0,0,0,0,0,2,0,0
171638,0,0,1.579,0,0,0,0,0,0,0,0,0,0,0,0,2,0,0
171648,0,0,1.579,0,0,0,0,0,0,0,0,0,0,0,0,2,0,0
171658,0,0,1.579,0,0,0,0,0,0,0,0,0,0,0,0,2,0,0
171667,0,0,1.579,0,0,0,0,0,0,0,0,0,0,0,0,2,0,0
171678,0,0,1.579,0,0,0,0,0,0,0,0,0,0,0,0,2,0,0
171688,0,0,1.579,0,0,0,0,0,0,0,0,0,0,0,0,2,0,0
171698,0,0,1.579,0,0,0,0,0,0,0,0,0,0,0,0,2,0,0
171708,0,0,1.579,0,0,0,0,0,0,0,0,0,0,0,0,2,0,0
171719,0,0,1.579,0,0,0,0,0,0,0,0,0,0,0,0,2,0,0
171728,0,0,1.579,0,0,0,0,0,0,0,0,0,0,0,0,2,0,0
171738,0,0,1.579,0,0,0,0,0,0,0,0,0,0,0,0,2,0,0
171747,0,0,1.579,0,0,0,0,0,0,0,0,0,0,0,0,2,0,0
171757,0,0,1.579,0,0,0,0,0,0,0,0,0,0,0,0,2,0,0
171767,0,0,1.579,0,0,0,0,0,0,0,0,0,0,0,0,2,0,0
171777,0,0,1.579,0,0,0,0,0,0,0,0,0,0,0,0,2,0,0
171787,0,0,1.579,0,0,0,0,0,0,0,0,0,0,0,0,2,0,0
171798,0,0,1.579,0,0,0,0,0,0,0,0,0,0,0,0,2,0,0
171808,0,0,1.579,0,0,0,0,0,0,0,0,0,0,0,0,2,0,0
171818,0,0,1.579,0,0,0,0,0,0,0,0,0,0,0,0,2,0,0
171827,0,0,1.579,0,0,0,0,0,0,0,0,0,0,0,0,2,0,0
171838,0,0,1.579,0,0,0,0,0,0,0,0,0,0,0,0,2,0,0
171848,0,0,1.579,0,0,0,0,0,0,0,0,0,0,0,0,2,0,0
171860,0,0,1.579,0,0,0,0,0,0,0,0,0,0,0,0,2,0,0
171868,0,0,1.579,0,0,0,0,0,0,0,0,0,0,0,0,2,0,0
171878,0,0,1.579,0,0,0,0,0,0,0,0,0,0,0,0,2,0,0
171887,0,0,1.579,0,0,0,0,0,0,0,0,0,0,0,0,2,0,0
171897,0,0,1.579,0,0,0,0,0,0,0,0,0,0,0,0,2,0,0
171908,0,0,1.579,0,0,0,0,0,0,0,0,0,0,0,0,2,0,0
171918,0,0,1.579,0,0,0,0,0,0,0,0,0,0,0,0,2,0,0
171927,0,0,1.579,0,0,0,0,0,0,0,0,0,0,0,0,2,0,0
171938,0,0,1.579,0,0,0,0,0,0,0,0,0,0,0,0,2,0,0
171948,0,0,1.579,0,0,0,0,0,0,0,0,0,0,0,0,2,0,0
171957,0,0,1.579,0,0,0,0,0,0,0,0,0,0,0,0,2,0,0
171967,0,0,1.579,0,0,0,0,0,0,0,0,0,0,0,0,2,0,0
171977,0,0,1.579,0,0,0,0,0,0,0,0,0,0,0,0,2,0,0
171987,0,0,1.579,0,0,0,0,0,0,0,0,0,0,0,0,2,0,0
171997,0,0,1.579,0,0,0,0,0,0,0,0,0,0,0,0,2,0,0
172007,0,0,1.579,0,0,0,0,0,0,0,0,0,0,0,0,2,0,0
172017,0,0,1.579,0,0,0,0,0,0,0,0,0,0,0,0,2,0,0
172027,0,0,1.579,0,0,0,0,0,0,0,0,0,0,0,0,2,0,0
172037,0,0,1.579,0,0,0,0,0,0,0,0,0,0,0,0,2,0,0
172047,0,0,1.579,0,0,0,0,0,0,0,0,0,0,0,0,2,0,0
172057,0,0,1.579,0,0,0,0,0,0,0,0,0,0,0,0,2,0,0
172067,0,0,1.579,0,0,0,0,0,0,0,0,0,0,0,0,2,0,0
172077,0,0,1.579,0,0,0,0,0,0,0,0,0,0,0,0,2,0,0
172087,0,0,1.579,0,0,0,0,0,0,0,0,0,0,0,0,2,0,0
172097,0,0,1.579,0,0,0,0,0,0,0,0,0,0,0,0,2,0,0
172107,0,0,1.579,0,0,0,0,0,0,0,0,0,0,0,0,2,0,0
172117,0,0,1.579,0,0,0,0,0,0,0,0,0,0,0,0,2,0,0
172127,0,0,1.579,0,0,0,0,0,0,0,0,0,0,0,0,2,0,0
172137,0,0,1.579,0,0,0,0,0,0,0,0,0,0,0,0,2,0,0
172147,0,0,1.579,0,0,0,0,0,0,0,0,0,0,0,0,2,0,0
172157,0,0,1.579,0,0,0,0,0,0,0,0,0,0,0,0,2,0,0
172167,0,0,1.579,0,0,0,0,0,0,0,0,0,0,0,0,2,0,0
172177,0,0,1.579,0,0,0,0,0,0,0,0,0,0,0,0,2,0,0
172187,0,0,1.579,0,0,0,0,0,0,0,0,0,0,0,0,2,0,0
172198,0,0,1.579,0,0,0,0,0,0,0,0,0,0,0,0,2,0,0
172207,0,0,1.579,0,0,0,0,0,0,0,0,0,0,0,0,2,0,0
172217,0,0,1.579,0,0,0,0,0,0,0,0,0,0,0,0,2,0,0
172227,0,0,1.579,0,0,0,0,0,0,0,0,0,0,0,0,2,0,0
172237,0,0,1.579,0,0,0,0,0,0,0,0,0,0,0,0,2,0,0
172247,0,0,1.579,0,0,0,0,0,0,0,0,0,0,0,0,2,0,0
172257,0,0,1.579,0,0,0,0,0,0,0,0,0,0,0,0,2,0,0
172267,0,0,1.579,0,0,0,0,0,0,0,0,0,0,0,0,2,0,0
172277,0,0,1.579,0,0,0,0,0,0,0,0,0,0,0,0,2,0,0
172287,0,0,1.579,0,0,0,0,0,0,0,0,0,0,0,0,2,0,0
172297,0,0,1.579,0,0,0,0,0,0,0,0,0,0,0,0,2,0,0
172307,0,0,1.579,0,0,0,0,0,0,0,0,0,0,0,0,2,0,0
172317,0,0,1.579,0,0,0,0,0,0,0,0,0,0,0,0,2,0,0
172327,0,0,1.579,0,0,0,0,0,0,0,0,0,0,0,0,2,0,0
172337,0,0,1.579,0,0,0,0,0,0,0,0,0,0,0,0,2,0,0
172347,0,0,1.579,0,0,0,0,0,0,0,0,0,0,0,0,2,0,0
172358,0,0,1.579,0,0,0,0,0,0,0,0,0,0,0,0,2,0,0
172368,0,0,1.579,0,0,0,0,0,0,0,0,0,0,0,0,2,0,0
172377,0,0,1.579,0,0,0,0,0,0,0,0,0,0,0,0,2,0,0
172388,0,0,1.579,0,0,0,0,0,0,0,0,0,0,0,0,2,0,0
172398,0,0,1.579,0,0,0,0,0,0,0,0,0,0,0,0,2,0,0
172407,0,0,1.579,0,0,0,0,0,0,0,0,0,0,0,0,2,0,0
172418,0,0,1.579,0,0,0,0,0,0,0,0,0,0,0,0,2,0,0
172428,0,0,1.579,0,0,0,0,0,0,0,0,0,0,0,0,2,0,0
172438,0,0,1.579,0,0,0,0,0,0,0,0,0,0,0,0,2,0,0
172447,0,0,1.579,0,0,0,0,0,0,0,0,0,0,0,0,2,0,0
172457,0,0,1.579,0,0,0,0,0,0,0,0,0,0,0,0,2,0,0
172467,0,0,1.579,0,0,0,0,0,0,0,0,0,0,0,0,2,0,0
172478,0,0,1.579,0,0,0,0,0,0,0,0,0,0,0,0,2,0,0
172487,0,0,1.579,0,0,0,0,0,0,0,0,0,0,0,0,2,0,0
172497,0,0,1.579,0,0,0,0,0,0,0,0,0,0,0,0,2,0,0
172508,0,0,1.579,0,0,0,0,0,0,0,0,0,0,0,0,2,0,0
172518,0,0,1.579,0,0,0,0,0,0,0,0,0,0,0,0,2,0,0
172528,0,0,1.579,0,0,0,0,0,0,0,0,0,0,0,0,2,0,0
172538,0,0,1.579,0,0,0,0,0,0,0,0,0,0,0,0,2,0,0
172548,0,0,1.579,0,0,0,0,0,0,0,0,0,0,0,0,2,0,0
172558,0,0,1.579,0,0,0,0,0,0,0,0,0,0,0,0,2,0,0
172567,0,0,1.579,0,0,0,0,0,0,0,0,0,0,0,0,2,0,0
172578,0,0,1.579,0,0,0,0,0,0,0,0,0,0,0,0,2,0,0
172587,0,0,1.579,0,0,0,0,0,0,0,0,0,0,0,0,2,0,0
172598,0,0,1.579,0,0,0,0,0,0,0,0,0,0,0,0,2,0,0
172607,0,0,1.579,0,0,0,0,0,0,0,0,0,0,0,0,2,0,0
172617,0,0,1.579,0,0,0,0,0,0,0,0,0,0,0,0,2,0,0
172628,0,0,1.579,0,0,0,0,0,0,0,0,0,0,0,0,2,0,0
172638,0,0,1.579,0,0,0,0,0,0,0,0,0,0,0,0,2,0,0
172647,0,0,1.579,0,0,0,0,0,0,0,0,0,0,0,0,2,0,0
172657,0,0,1.579,0,0,0,0,0,0,0,0,0,0,0,0,2,0,0
172667,0,0,1.579,0,0,0,0,0,0,0,0,0,0,0,0,2,0,0
172678,0,0,1.579,0,0,0,0,0,0,0,0,0,0,0,0,2,0,0
172687,0,0,1.579,0,0,0,0,0,0,0,0,0,0,0,0,2,0,0
172697,0,0,1.579,0,0,0,0,0,0,0,0,0,0,0,0,2,0,0
172707,0,0,1.579,0,0,0,0,0,0,0,0,0,0,0,0,2,0,0
172717,0,0,1.579,0,0,0,0,0,0,0,0,0,0,0,0,2,0,0
172727,0,0,1.579,0,0,0,0,0,0,0,0,0,0,0,0,2,0,0
172738,0,0,1.579,0,0,0,0,0,0,0,0,0,0,0,0,2,0,0
172747,0,0,1.579,0,0,0,0,0,0,0,0,0,0,0,0,2,0,0
172757,0,0,1.579,0,0,0,0,0,0,0,0,0,0,0,0,2,0,0
172767,0,0,1.579,0,0,0,0,0,0,0,0,0,0,0,0,2,0,0
172777,0,0,1.579,0,0,0,0,0,0,0,0,0,0,0,0,2,0,0
172787,0,0,1.579,0,0,0,0,0,0,0,0,0,0,0,0,2,0,0
172797,0,0,1.579,0,0,0,0,0,0,0,0,0,0,0,0,2,0,0
172807,0,0,1.579,0,0,0,0,0,0,0,0,0,0,0,0,2,0,0
172817,0,0,1.579,0,0,0,0,0,0,0,0,0,0,0,0,2,0,0
172827,0,0,1.579,0,0,0,0,0,0,0,0,0,0,0,0,2,0,0
172838,0,0,1.579,0,0,0,0,0,0,0,0,0,0,0,0,2,0,0
172848,0,0,1.579,0,0,0,0,0,0,0,0,0,0,0,0,2,0,0
172857,0,0,1.579,0,0,0,0,0,0,0,0,0,0,0,0,2,0,0
172868,0,0,1.579,0,0,0,0,0,0,0,0,0,0,0,0,2,0,0
172879,0,0,1.579,0,0,0,0,0,0,0,0,0,0,0,0,2,0,0
172888,0,0,1.579,0,0,0,0,0,0,0,0,0,0,0,0,2,0,0
172897,0,0,1.579,0,0,0,0,0,0,0,0,0,0,0,0,2,0,0
172908,0,0,1.579,0,0,0,0,0,0,0,0,0,0,0,0,2,0,0
172918,0,0,1.579,0,0,0,0,0,0,0,0,0,0,0,0,2,0,0
172927,0,0,1.579,0,0,0,0,0,0,0,0,0,0,0,0,2,0,0
172938,0,0,1.579,0,0,0,0,0,0,0,0,0,0,0,0,2,0,0
172948,0,0,1.579,0,0,0,0,0,0,0,0,0,0,0,0,2,0,0
172958,0,0,1.579,0,0,0,0,0,0,0,0,0,0,0,0,2,0,0
172967,0,0,1.579,0,0,0,0,0,0,0,0,0,0,0,0,2,0,0
172977,0,0,1.579,0,0,0,0,0,0,0,0,0,0,0,0,2,0,0
172987,0,0,1.579,0,0,0,0,0,0,0,0,0,0,0,0,2,0,0
172998,0,0,1.579,0,0,0,0,0,0,0,0,0,0,0,0,2,0,0
173007,0,0,1.579,0,0,0,0,0,0,0,0,0,0,0,0,2,0,0
173017,0,0,1.579,0,0,0,0,0,0,0,0,0,0,0,0,2,0,0
173027,0,0,1.579,0,0,0,0,0,0,0,0,0,0,0,0,2,0,0
173038,0,0,1.579,0,0,0,0,0,0,0,0,0,0,0,0,2,0,0
173047,0,0,1.579,0,0,0,0,0,0,0,0,0,0,0,0,2,0,0
173057,0,0,1.579,0,0,0,0,0,0,0,0,0,0,0,0,2,0,0
173068,0,0,1.579,0,0,0,0,0,0,0,0,0,0,0,0,2,0,0
173080,0,0,1.579,0,0,0,0,0,0,0,0,0,0,0,0,2,0,0
173088,0,0,1.579,0,0,0,0,0,0,0,0,0,0,0,0,2,0,0
173099,0,0,1.579,0,0,0,0,0,0,0,0,0,0,0,0,2,0,0
173107,0,0,1.579,0,0,0,0,0,0,0,0,0,0,0,0,2,0,0
173118,0,0,1.579,0,0,0,0,0,0,0,0,0,0,0,0,2,0,0
173128,0,0,1.579,0,0,0,0,0,0,0,0,0,0,0,0,2,0,0
173138,0,0,1.579,0,0,0,0,0,0,0,0,0,0,0,0,2,0,0
173148,0,0,1.579,0,0,0,0,0,0,0,0,0,0,0,0,2,0,0
173158,0,0,1.579,0,0,0,0,0,0,0,0,0,0,0,0,2,0,0
173167,0,0,1.579,0,0,0,0,0,0,0,0,0,0,0,0,2,0,0
173177,0,0,1.579,0,0,0,0,0,0,0,0,0,0,0,0,2,0,0
173187,0,0,1.579,0,0,0,0,0,0,0,0,0,0,0,0,2,0,0
173198,0,0,1.579,0,0,0,0,0,0,0,0,0,0,0,0,2,0,0
173207,0,0,1.579,0,0,0,0,0,0,0,0,0,0,0,0,2,0,0
173217,0,0,1.579,0,0,0,0,0,0,0,0,0,0,0,0,2,0,0
173227,0,0,1.579,0,0,0,0,0,0,0,0,0,0,0,0,2,0,0
173238,0,0,1.579,0,0,0,0,0,0,0,0,0,0,0,0,2,0,0
173251,0,0,1.579,0,0,0,0,0,0,0,0,0,0,0,0,2,0,0
173258,0,0,1.579,0,0,0,0,0,0,0,0,0,0,0,0,2,0,0
173268,0,0,1.579,0,0,0,0,0,0,0,0,0,0,0,0,2,0,0
173278,0,0,1.579,0,0,0,0,0,0,0,0,0,0,0,0,2,0,0
173287,0,0,1.579,0,0,0,0,0,0,0,0,0,0,0,0,2,0,0
173297,0,0,1.579,0,0,0,0,0,0,0,0,0,0,0,0,2,0,0
173307,0,0,1.579,0,0,0,0,0,0,0,0,0,0,0,0,2,0,0
173318,0,0,1.579,0,0,0,0,0,0,0,0,0,0,0,0,2,0,0
173327,0,0,1.579,0,0,0,0,0,0,0,0,0,0,0,0,2,0,0
173338,0,0,1.579,0,0,0,0,0,0,0,0,0,0,0,0,2,0,0
173348,0,0,1.579,0,0,0,0,0,0,0,0,0,0,0,0,2,0,0
173358,0,0,1.579,0,0,0,0,0,0,0,0,0,0,0,0,2,0,0
173368,0,0,1.579,0,0,0,0,0,0,0,0,0,0,0,0,2,0,0
173377,0,0,1.579,0,0,0,0,0,0,0,0,0,0,0,0,2,0,0
173387,0,0,1.579,0,0,0,0,0,0,0,0,0,0,0,0,2,0,0
173397,0,0,1.579,0,0,0,0,0,0,0,0,0,0,0,0,2,0,0
173407,0,0,1.579,0,0,0,0,0,0,0,0,0,0,0,0,2,0,0
173417,0,0,1.579,0,0,0,0,0,0,0,0,0,0,0,0,2,0,0
173427,0,0,1.579,0,0,0,0,0,0,0,0,0,0,0,0,2,0,0
173437,0,0,1.579,0,0,0,0,0,0,0,0,0,0,0,0,2,0,0
173447,0,0,1.579,0,0,0,0,0,0,0,0,0,0,0,0,2,0,0
173457,0,0,1.579,0,0,0,0,0,0,0,0,0,0,0,0,2,0,0
173467,0,0,1.579,0,0,0,0,0,0,0,0,0,0,0,0,2,0,0
173477,0,0,1.579,0,0,0,0,0,0,0,0,0,0,0,0,2,0,0
173487,0,0,1.579,0,0,0,0,0,0,0,0,0,0,0,0,2,0,0
173500,0,0,1.579,0,0,0,0,0,0,0,0,0,0,0,0,2,0,0
173507,0,0,1.579,0,0,0,0,0,0,0,0,0,0,0,0,2,0,0
173517,0,0,1.579,0,0,0,0,0,0,0,0,0,0,0,0,2,0,0
173527,0,0,1.579,0,0,0,0,0,0,0,0,0,0,0,0,2,0,0
173537,0,0,1.579,0,0,0,0,0,0,0,0,0,0,0,0,2,0,0
173547,0,0,1.579,0,0,0,0,0,0,0,0,0,0,0,0,2,0,0
173557,0,0,1.579,0,0,0,0,0,0,0,0,0,0,0,0,2,0,0
173567,0,0,1.579,0,0,0,0,0,0,0,0,0,0,0,0,2,0,0
173577,0,0,1.579,0,0,0,0,0,0,0,0,0,0,0,0,2,0,0
173587,0,0,1.579,0,0,0,0,0,0,0,0,0,0,0,0,2,0,0
173598,0,0,1.579,0,0,0,0,0,0,0,0,0,0,0,0,2,0,0
173607,0,0,1.579,0,0,0,0,0,0,0,0,0,0,0,0,2,0,0
173617,0,0,1.579,0,0,0,0,0,0,0,0,0,0,0,0,2,0,0
173627,0,0,1.579,0,0,0,0,0,0,0,0,0,0,0,0,2,0,0
173637,0,0,1.579,0,0,0,0,0,0,0,0,0,0,0,0,2,0,0
173647,0,0,1.579,0,0,0,0,0,0,0,0,0,0,0,0,2,0,0
173657,0,0,1.579,0,0,0,0,0,0,0,0,0,0,0,0,2,0,0
173667,0,0,1.579,0,0,0,0,0,0,0,0,0,0,0,0,2,0,0
173678,0,0,1.579,0,0,0,0,0,0,0,0,0,0,0,0,2,0,0
173687,0,0,1.579,0,0,0,0,0,0,0,0,0,0,0,0,2,0,0
173697,0,0,1.579,0,0,0,0,0,0,0,0,0,0,0,0,2,0,0
173707,0,0,1.579,0,0,0,0,0,0,0,0,0,0,0,0,2,0,0
173717,0,0,1.579,0,0,0,0,0,0,0,0,0,0,0,0,2,0,0
173727,0,0,1.579,0,0,0,0,0,0,0,0,0,0,0,0,2,0,0
173737,0,0,1.579,0,0,0,0,0,0,0,0,0,0,0,0,2,0,0
173747,0,0,1.579,0,0,0,0,0,0,0,0,0,0,0,0,2,0,0
173757,0,0,1.579,0,0,0,0,0,0,0,0,0,0,0,0,2,0,0
173767,0,0,1.579,0,0,0,0,0,0,0,0,0,0,0,0,2,0,0
173777,0,0,1.579,0,0,0,0,0,0,0,0,0,0,0,0,2,0,0
173787,0,0,1.579,0,0,0,0,0,0,0,0,0,0,0,0,2,0,0
173797,0,0,1.579,0,0,0,0,0,0,0,0,0,0,0,0,2,0,0
173807,0,0,1.579,0,0,0,0,0,0,0,0,0,0,0,0,2,0,0
173817,0,0,1.579,0,0,0,0,0,0,0,0,0,0,0,0,2,0,0
173827,0,0,1.579,0,0,0,0,0,0,0,0,0,0,0,0,2,0,0
173837,0,0,1.579,0,0,0,0,0,0,0,0,0,0,0,0,2,0,0
173847,0,0,1.579,0,0,0,0,0,0,0,0,0,0,0,0,2,0,0
173857,0,0,1.579,0,0,0,0,0,0,0,0,0,0,0,0,2,0,0
173867,0,0,1.579,0,0,0,0,0,0,0,0,0,0,0,0,2,0,0
173877,0,0,1.579,0,0,0,0,0,0,0,0,0,0,0,0,2,0,0
173887,0,0,1.579,0,0,0,0,0,0,0,0,0,0,0,0,2,0,0
173897,0,0,1.579,0,0,0,0,0,0,0,0,0,0,0,0,2,0,0
173907,0,0,1.579,0,0,0,0,0,0,0,0,0,0,0,0,2,0,0
173917,0,0,1.579,0,0,0,0,0,0,0,0,0,0,0,0,2,0,0
173927,0,0,1.579,0,0,0,0,0,0,0,0,0,0,0,0,2,0,0
173940,0,0,1.579,0,0,0,0,0,0,0,0,0,0,0,0,2,0,0
173947,0,0,1.579,0,0,0,0,0,0,0,0,0,0,0,0,2,0,0
173957,0,0,1.579,0,0,0,0,0,0,0,0,0,0,0,0,2,0,0
173967,0,0,1.579,0,0,0,0,0,0,0,0,0,0,0,0,2,0,0
173977,0,0,1.579,0,0,0,0,0,0,0,0,0,0,0,0,2,0,0
173987,0,0,1.579,0,0,0,0,0,0,0,0,0,0,0,0,2,0,0
173997,0,0,1.579,0,0,0,0,0,0,0,0,0,0,0,0,2,0,0
174007,0,0,1.579,0,0,0,0,0,0,0,0,0,0,0,0,2,0,0
174017,0,0,1.579,0,0,0,0,0,0,0,0,0,0,0,0,2,0,0
174027,0,0,1.579,0,0,0,0,0,0,0,0,0,0,0,0,2,0,0
174037,0,0,1.579,0,0,0,0,0,0,0,0,0,0,0,0,2,0,0
174047,0,0,1.579,0,0,0,0,0,0,0,0,0,0,0,0,2,0,0
174057,0,0,1.579,0,0,0,0,0,0,0,0,0,0,0,0,2,0,0
174067,0,0,1.579,0,0,0,0,0,0,0,0,0,0,0,0,2,0,0
174077,0,0,1.579,0,0,0,0,0,0,0,0,0,0,0,0,2,0,0
174087,0,0,1.579,0,0,0,0,0,0,0,0,0,0,0,0,2,0,0
174097,0,0,1.579,0,0,0,0,0,0,0,0,0,0,0,0,2,0,0
174107,0,0,1.579,0,0,0,0,0,0,0,0,0,0,0,0,2,0,0
174117,0,0,1.579,0,0,0,0,0,0,0,0,0,0,0,0,2,0,0
174127,0,0,1.579,0,0,0,0,0,0,0,0,0,0,0,0,2,0,0
174137,0,0,1.579,0,0,0,0,0,0,0,0,0,0,0,0,2,0,0
174147,0,0,1.579,0,0,0,0,0,0,0,0,0,0,0,0,2,0,0
174157,0,0,1.579,0,0,0,0,0,0,0,0,0,0,0,0,2,0,0
174167,0,0,1.579,0,0,0,0,0,0,0,0,0,0,0,0,2,0,0
174177,0,0,1.579,0,0,0,0,0,0,0,0,0,0,0,0,2,0,0
174187,0,0,1.579,0,0,0,0,0,0,0,0,0,0,0,0,2,0,0
174197,0,0,1.579,0,0,0,0,0,0,0,0,0,0,0,0,2,0,0
174207,0,0,1.579,0,0,0,0,0,0,0,0,0,0,0,0,2,0,0
174217,0,0,1.579,0,0,0,0,0,0,0,0,0,0,0,0,2,0,0
174227,0,0,1.579,0,0,0,0,0,0,0,0,0,0,0,0,2,0,0
174237,0,0,1.579,0,0,0,0,0,0,0,0,0,0,0,0,2,0,0
174247,0,0,1.579,0,0,0,0,0,0,0,0,0,0,0,0,2,0,0
174257,0,0,1.579,0,0,0,0,0,0,0,0,0,0,0,0,2,0,0
174267,0,0,1.579,0,0,0,0,0,0,0,0,0,0,0,0,2,0,0
174277,0,0,1.579,0,0,0,0,0,0,0,0,0,0,0,0,2,0,0
174287,0,0,1.579,0,0,0,0,0,0,0,0,0,0,0,0,2,0,0
174297,0,0,1.579,0,0,0,0,0,0,0,0,0,0,0,0,2,0,0
174307,0,0,1.579,0,0,0,0,0,0,0,0,0,0,0,0,2,0,0
174317,0,0,1.579,0,0,0,0,0,0,0,0,0,0,0,0,2,0,0
174327,0,0,1.579,0,0,0,0,0,0,0,0,0,0,0,0,2,0,0
174337,0,0,1.579,0,0,0,0,0,0,0,0,0,0,0,0,2,0,0
174347,0,0,1.579,0,0,0,0,0,0,0,0,0,0,0,0,2,0,0
174357,0,0,1.579,0,0,0,0,0,0,0,0,0,0,0,0,2,0,0
174367,0,0,1.579,0,0,0,0,0,0,0,0,0,0,0,0,2,0,0
174377,0,0,1.579,0,0,0,0,0,0,0,0,0,0,0,0,2,0,0
174389,0,0,1.579,0,0,0,0,0,0,0,0,0,0,0,0,2,0,0
174397,0,0,1.579,0,0,0,0,0,0,0,0,0,0,0,0,2,0,0
174407,0,0,1.579,0,0,0,0,0,0,0,0,0,0,0,0,2,0,0
174417,0,0,1.579,0,0,0,0,0,0,0,0,0,0,0,0,2,0,0
174427,0,0,1.579,0,0,0,0,0,0,0,0,0,0,0,0,2,0,0
174437,0,0,1.579,0,0,0,0,0,0,0,0,0,0,0,0,2,0,0
174448,0,0,1.579,0,0,0,0,0,0,0,0,0,0,0,0,2,0,0
174457,0,0,1.579,0,0,0,0,0,0,0,0,0,0,0,0,2,0,0
174468,0,0,1.579,0,0,0,0,0,0,0,0,0,0,0,0,2,0,0
174480,0,0,1.579,0,0,0,0,0,0,0,0,0,0,0,0,2,0,0
174487,0,0,1.579,0,0,0,0,0,0,0,0,0,0,0,0,2,0,0
174497,0,0,1.579,0,0,0,0,0,0,0,0,0,0,0,0,2,0,0
174507,0,0,1.579,0,0,0,0,0,0,0,0,0,0,0,0,2,0,0
174517,0,0,1.579,0,0,0,0,0,0,0,0,0,0,0,0,2,0,0
174527,0,0,1.579,0,0,0,0,0,0,0,0,0,0,0,0,2,0,0
174537,0,0,1.579,0,0,0,0,0,0,0,0,0,0,0,0,2,0,0
174547,0,0,1.579,0,0,0,0,0,0,0,0,0,0,0,0,2,0,0
174557,0,0,1.579,0,0,0,0,0,0,0,0,0,0,0,0,2,0,0
174567,0,0,1.579,0,0,0,0,0,0,0,0,0,0,0,0,2,0,0
174577,0,0,1.579,0,0,0,0,0,0,0,0,0,0,0,0,2,0,0
174587,0,0,1.579,0,0,0,0,0,0,0,0,0,0,0,0,2,0,0
174597,0,0,1.579,0,0,0,0,0,0,0,0,0,0,0,0,2,0,0
174607,0,0,1.579,0,0,0,0,0,0,0,0,0,0,0,0,2,0,0
174617,0,0,1.579,0,0,0,0,0,0,0,0,0,0,0,0,2,0,0
174628,0,0,1.579,0,0,0,0,0,0,0,0,0,0,0,0,2,0,0
174640,0,0,1.579,0,0,0,0,0,0,0,0,0,0,0,0,2,0,0
174647,0,0,1.579,0,0,0,0,0,0,0,0,0,0,0,0,2,0,0
174658,0,0,1.579,0,0,0,0,0,0,0,0,0,0,0,0,2,0,0
174668,0,0,1.579,0,0,0,0,0,0,0,0,0,0,0,0,2,0,0
174680,0,0,1.579,0,0,0,0,0,0,0,0,0,0,0,0,2,0,0
174688,0,0,1.579,0,0,0,0,0,0,0,0,0,0,0,0,2,0,0
174698,0,0,1.579,0,0,0,0,0,0,0,0,0,0,0,0,2,0,0
174707,0,0,1.579,0,0,0,0,0,0,0,0,0,0,0,0,2,0,0
174717,0,0,1.579,0,0,0,0,0,0,0,0,0,0,0,0,2,0,0
174727,0,0,1.579,0,0,0,0,0,0,0,0,0,0,0,0,2,0,0
174737,0,0,1.579,0,0,0,0,0,0,0,0,0,0,0,0,2,0,0
174747,0,0,1.579,0,0,0,0,0,0,0,0,0,0,0,0,2,0,0
174757,0,0,1.579,0,0,0,0,0,0,0,0,0,0,0,0,2,0,0
174767,0,0,1.579,0,0,0,0,0,0,0,0,0,0,0,0,2,0,0
174780,0,0,1.579,0,0,0,0,0,0,0,0,0,0,0,0,2,0,0
174787,0,0,1.579,0,0,0,0,0,0,0,0,0,0,0,0,2,0,0
174797,0,0,1.579,0,0,0,0,0,0,0,0,0,0,0,0,2,0,0
174807,0,0,1.579,0,0,0,0,0,0,0,0,0,0,0,0,2,0,0
174817,0,0,1.579,0,0,0,0,0,0,0,0,0,0,0,0,2,0,0
174827,0,0,1.579,0,0,0,0,0,0,0,0,0,0,0,0,2,0,0
174837,0,0,1.579,0,0,0,0,0,0,0,0,0,0,0,0,2,0,0
174847,0,0,1.579,0,0,0,0,0,0,0,0,0,0,0,0,2,0,0
174857,0,0,1.579,0,0,0,0,0,0,0,0,0,0,0,0,2,0,0
174867,0,0,1.579,0,0,0,0,0,0,0,0,0,0,0,0,2,0,0
174877,0,0,1.579,0,0,0,0,0,0,0,0,0,0,0,0,2,0,0
174887,0,0,1.579,0,0,0,0,0,0,0,0,0,0,0,0,2,0,0
174897,0,0,1.579,0,0,0,0,0,0,0,0,0,0,0,0,2,0,0
174907,0,0,1.579,0,0,0,0,0,0,0,0,0,0,0,0,2,0,0
174917,0,0,1.579,0,0,0,0,0,0,0,0,0,0,0,0,2,0,0
174927,0,0,1.579,0,0,0,0,0,0,0,0,0,0,0,0,2,0,0
174937,0,0,1.579,0,0,0,0,0,0,0,0,0,0,0,0,2,0,0
174947,0,0,1.579,0,0,0,0,0,0,0,0,0,0,0,0,2,0,0
174957,0,0,1.579,0,0,0,0,0,0,0,0,0,0,0,0,2,0,0
174967,0,0,1.579,0,0,0,0,0,0,0,0,0,0,0,0,2,0,0
174977,0,0,1.579,0,0,0,0,0,0,0,0,0,0,0,0,2,0,0
174987,0,0,1.579,0,0,0,0,0,0,0,0,0,0,0,0,2,0,0
174997,0,0,1.579,0,0,0,0,0,0,0,0,0,0,0,0,2,0,0
175007,0,0,1.579,0,0,0,0,0,0,0,0,0,0,0,0,2,0,0
175017,0,0,1.579,0,0,0,0,0,0,0,0,0,0,0,0,2,0,0
175027,0,0,1.579,0,0,0,0,0,0,0,0,0,0,0,0,2,0,0
175037,0,0,1.579,0,0,0,0,0,0,0,0,0,0,0,0,2,0,0
175047,0,0,1.579,0,0,0,0,0,0,0,0,0,0,0,0,2,0,0
175057,0,0,1.579,0,0,0,0,0,0,0,0,0,0,0,0,2,0,0
175067,0,0,1.579,0,0,0,0,0,0,0,0,0,0,0,0,2,0,0
175077,0,0,1.579,0,0,0,0,0,0,0,0,0,0,0,0,2,0,0
175087,0,0,1.579,0,0,0,0,0,0,0,0,0,0,0,0,2,0,0
175097,0,0,1.579,0,0,0,0,0,0,0,0,0,0,0,0,2,0,0
175107,0,0,1.579,0,0,0,0,0,0,0,0,0,0,0,0,2,0,0
175120,0,0,1.579,0,0,0,0,0,0,0,0,0,0,0,0,2,0,0
175128,0,0,1.579,0,0,0,0,0,0,0,0,0,0,0,0,2,0,0
175138,0,0,1.579,0,0,0,0,0,0,0,0,0,0,0,0,2,0,0
175148,0,0,1.579,0,0,0,0,0,0,0,0,0,0,0,0,2,0,0
175158,0,0,1.579,0,0,0,0,0,0,0,0,0,0,0,0,2,0,0
175168,0,0,1.579,0,0,0,0,0,0,0,0,0,0,0,0,2,0,0
175177,0,0,1.579,0,0,0,0,0,0,0,0,0,0,0,0,2,0,0
175188,0,0,1.579,0,0,0,0,0,0,0,0,0,0,0,0,2,0,0
175198,0,0,1.579,0,0,0,0,0,0,0,0,0,0,0,0,2,0,0
175209,0,0,1.579,0,0,0,0,0,0,0,0,0,0,0,0,2,0,0
175217,0,0,1.579,0,0,0,0,0,0,0,0,0,0,0,0,2,0,0
175227,0,0,1.579,0,0,0,0,0,0,0,0,0,0,0,0,2,0,0
175239,0,0,1.579,0,0,0,0,0,0,0,0,0,0,0,0,2,0,0
175248,0,0,1.579,0,0,0,0,0,0,0,0,0,0,0,0,2,0,0
175257,0,0,1.579,0,0,0,0,0,0,0,0,0,0,0,0,2,0,0
175267,0,0,1.579,0,0,0,0,0,0,0,0,0,0,0,0,2,0,0
175278,0,0,1.579,0,0,0,0,0,0,0,0,0,0,0,0,2,0,0
175287,0,0,1.579,0,0,0,0,0,0,0,0,0,0,0,0,2,0,0
175297,0,0,1.579,0,0,0,0,0,0,0,0,0,0,0,0,2,0,0
175307,0,0,1.579,0,0,0,0,0,0,0,0,0,0,0,0,2,0,0
175318,0,0,1.579,0,0,0,0,0,0,0,0,0,0,0,0,2,0,0
175327,0,0,1.579,0,0,0,0,0,0,0,0,0,0,0,0,2,0,0
175338,0,0,1.579,0,0,0,0,0,0,0,0,0,0,0,0,2,0,0
175347,0,0,1.579,0,0,0,0,0,0,0,0,0,0,0,0,2,0,0
175358,0,0,1.579,0,0,0,0,0,0,0,0,0,0,0,0,2,0,0
175367,0,0,1.579,0,0,0,0,0,0,0,0,0,0,0,0,2,0,0
175377,0,0,1.579,0,0,0,0,0,0,0,0,0,0,0,0,2,0,0
175387,0,0,1.579,0,0,0,0,0,0,0,0,0,0,0,0,2,0,0
175398,0,0,1.579,0,0,0,0,0,0,0,0,0,0,0,0,2,0,0
175407,0,0,1.579,0,0,0,0,0,0,0,0,0,0,0,0,2,0,0
175417,0,0,1.579,0,0,0,0,0,0,0,0,0,0,0,0,2,0,0
175427,0,0,1.579,0,0,0,0,0,0,0,0,0,0,0,0,2,0,0
175438,0,0,1.579,0,0,0,0,0,0,0,0,0,0,0,0,2,0,0
175448,0,0,1.579,0,0,0,0,0,0,0,0,0,0,0,0,2,0,0
175458,0,0,1.579,0,0,0,0,0,0,0,0,0,0,0,0,2,0,0
175468,0,0,1.579,0,0,0,0,0,0,0,0,0,0,0,0,2,0,0
175478,0,0,1.579,0,0,0,0,0,0,0,0,0,0,0,0,2,0,0
175488,0,0,1.579,0,0,0,0,0,0,0,0,0,0,0,0,2,0,0
175498,0,0,1.579,0,0,0,0,0,0,0,0,0,0,0,0,2,0,0
175508,0,0,1.579,0,0,0,0,0,0,0,0,0,0,0,0,2,0,0
175518,0,0,1.579,0,0,0,0,0,0,0,0,0,0,0,0,2,0,0
175528,0,0,1.579,0,0,0,0,0,0,0,0,0,0,0,0,2,0,0
175538,0,0,1.579,0,0,0,0,0,0,0,0,0,0,0,0,2,0,0
175548,0,0,1.579,0,0,0,0,0,0,0,0,0,0,0,0,2,0,0
175557,0,0,1.579,0,0,0,0,0,0,0,0,0,0,0,0,2,0,0
175567,0,0,1.579,0,0,0,0,0,0,0,0,0,0,0,0,2,0,0
175577,0,0,1.579,0,0,0,0,0,0,0,0,0,0,0,0,2,0,0
175588,0,0,1.579,0,0,0,0,0,0,0,0,0,0,0,0,2,0,0
175598,0,0,1.579,0,0,0,0,0,0,0,0,0,0,0,0,2,0,0
175607,0,0,1.579,0,0,0,0,0,0,0,0,0,0,0,0,2,0,0
175620,0,0,1.579,0,0,0,0,0,0,0,0,0,0,0,0,2,0,0
175627,0,0,1.579,0,0,0,0,0,0,0,0,0,0,0,0,2,0,0
