time_ms,target_vx,target_vy,target_vr,optflow_body_vx,optflow_body_vy,optflow_kf_vx,optflow_kf_vy,wheel_chassis_vx,wheel_chassis_vy,fused_chassis_vx,fused_chassis_vy,odom_vx,odom_vy
2453694,0,0,0,0,0,0,0,0,0,0,0,0,0
2453704,0,0,0,0,0,0,0,0,0,0,0,0,0
2453714,0,0,0,0,0,0,0,0,0,0,0,0,0
2453724,0,0,0,0,0,0,0,0,0,0,0,0,0
2453734,0,0,0,0,0,0,0,0,0,0,0,0,0
2453744,0,0,0,0,0,0,0,0,0,0,0,0,0
2453754,0,0,0,0,0,0,0,0,0,0,0,0,0
2453764,0,0,0,0,0,0,0,0,0,0,0,0,0
2453774,0,0,0,0,0,0,0,0,0,0,0,0,0
2453784,0,0,0,0,0,0,0,0,0,0,0,0,0
2453794,0,0,0,0,0,0,0,0,0,0,0,0,0
2453804,0,0,0,0,0,0,0,0,0,0,0,0,0
2453814,0,0,0,0,0,0,0,0,0,0,0,0,0
2453824,0,0,0,0,0,0,0,0,0,0,0,0,0
2453835,0,0,0,0,0,0,0,0,0,0,0,0,0
2453844,0,0,0,0,0,0,0,0,0,0,0,0,0
2453854,0,0,0,0,0,0,0,0,0,0,0,0,0
2453864,0,0,0,0,0,0,0,0,0,0,0,0,0
2453874,0,0,0,0,0,0,0,0,0,0,0,0,0
2453884,0,0,0,0,0,0,0,0,0,0,0,0,0
2453894,0,0,0,0,0,0,0,0,0,0,0,0,0
2453904,0,0,0,0,0,0,0,0,0,0,0,0,0
2453914,0,0,0,0,0,0,0,0,0,0,0,0,0
2453924,0,0,0,0,0,0,0,0,0,0,0,0,0
2453934,0,0,0,0,0,0,0,0,0,0,0,0,0
2453944,0,0,0,0,0,0,0,0,0,0,0,0,0
2453954,0,0,0,0,0,0,0,0,0,0,0,0,0
2453964,0,0,0,0,0,0,0,0,0,0,0,0,0
2453974,0,0,0,0,0,0,0,0,0,0,0,0,0
2453984,0,0,0,0,0,0,0,0,0,0,0,0,0
2453994,0,0,0,0,0,0,0,0,0,0,0,0,0
2454004,0,0,0,0,0,0,0,0,0,0,0,0,0
2454014,0,0,0,0,0,0,0,0,0,0,0,0,0
2454024,0,0,0,0,0,0,0,0,0,0,0,0,0
2454034,0,0,0,0,0,0,0,0,0,0,0,0,0
2454044,0,0,0,0,0,0,0,0,0,0,0,0,0
2454054,0,0,0,0,0,0,0,0,0,0,0,0,0
2454064,0,0,0,0,0,0,0,0,0,0,0,0,0
2454074,0,0,0,0,0,0,0,0,0,0,0,0,0
2454084,0,0,0,0,0,0,0,0,0,0,0,0,0
2454094,0,0,0,0,0,0,0,0,0,0,0,0,0
2454104,0,0,0,0,0,0,0,0,0,0,0,0,0
2454114,0,0,0,0,0,0,0,0,0,0,0,0,0
2454124,0,0,0,0,0,0,0,0,0,0,0,0,0
2454134,0,0,0,0,0,0,0,0,0,0,0,0,0
2454144,0,0,0,0,0,0,0,0,0,0,0,0,0
2454154,0,0,0,0,0,0,0,0,0,0,0,0,0
2454164,0,0,0,0,0,0,0,0,0,0,0,0,0
2454174,0,0,0,0,0,0,0,0,0,0,0,0,0
2454184,0,0,0,0,0,0,0,0,0,0,0,0,0
2454194,0,0,0,0,0,0,0,0,0,0,0,0,0
2454204,0,0,0,0,0,0,0,0,0,0,0,0,0
2454214,0,0,0,0,0,0,0,0,0,0,0,0,0
2454224,0,0,0,0,0,0,0,0,0,0,0,0,0
2454234,0,0,0,0,0,0,0,0,0,0,0,0,0
2454244,0,0,0,0,0,0,0,0,0,0,0,0,0
2454254,0,0,0,0,0,0,0,0,0,0,0,0,0
2454264,0,0,0,0,0,0,0,0,0,0,0,0,0
2454274,0,0,0,0,0,0,0,0,0,0,0,0,0
2454284,0,0,0,0,0,0,0,0,0,0,0,0,0
2454294,0,0,0,0,0,0,0,0,0,0,0,0,0
2454304,0,0,0,0,0,0,0,0,0,0,0,0,0
2454314,0,0,0,0,0,0,0,0,0,0,0,0,0
2454324,0,0,0,0,0,0,0,0,0,0,0,0,0
2454334,0,0,0,0,0,0,0,0,0,0,0,0,0
2454344,0,0,0,0,0,0,0,0,0,0,0,0,0
2454354,0,0,0,0,0,0,0,0,0,0,0,0,0
2454364,0,0,0,0,0,0,0,0,0,0,0,0,0
2454374,0,0,0,0,0,0,0,0,0,0,0,0,0
2454384,0,0,0,0,0,0,0,0,0,0,0,0,0
2454394,0,0,0,0,0,0,0,0,0,0,0,0,0
2454404,0,0,0,0,0,0,0,0,0,0,0,0,0
2454414,0,0,0,0,0,0,0,0,0,0,0,0,0
2454424,0,0,0,0,0,0,0,0,0,0,0,0,0
2454434,0,0,0,0,0,0,0,0,0,0,0,0,0
2454444,0,0,0,0,0,0,0,0,0,0,0,0,0
2454454,0,0,0,0,0,0,0,0,0,0,0,0,0
2454464,0,0,0,0,0,0,0,0,0,0,0,0,0
2454474,0,0,0,0,0,0,0,0,0,0,0,0,0
2454484,0,0,0,0,0,0,0,0,0,0,0,0,0
2454494,0,0,0,0,0,0,0,0,0,0,0,0,0
2454504,0,0,0,0,0,0,0,0,0,0,0,0,0
2454514,0,0,0,0,0,0,0,0,0,0,0,0,0
2454524,0,0,0,0,0,0,0,0,0,0,0,0,0
2454534,0,0,0,0,0,0,0,0,0,0,0,0,0
2454544,0,0,0,0,0,0,0,0,0,0,0,0,0
2454554,0,0,0,0,0,0,0,0,0,0,0,0,0
2454564,0,0,0,0,0,0,0,0,0,0,0,0,0
2454574,0,0,0,0,0,0,0,0,0,0,0,0,0
2454584,0,0,0,0,0,0,0,0,0,0,0,0,0
2454594,0,0,0,0,0,0,0,0,0,0,0,0,0
2454604,0,0,0,0,0,0,0,0,0,0,0,0,0
2454614,0,0,0,0,0,0,0,0,0,0,0,0,0
2454624,0,0,0,0,0,0,0,0,0,0,0,0,0
2454634,0,0,0,0,0,0,0,0,0,0,0,0,0
2454644,0,0,0,0,0,0,0,0,0,0,0,0,0
2454654,0,0,0,0,0,0,0,0,0,0,0,0,0
2454664,0,0,0,0,0,0,0,0,0,0,0,0,0
2454674,0,0,0,0,0,0,0,0,0,0,0,0,0
2454684,0,0,0,0,0,0,0,0,0,0,0,0,0
2454694,0,0,0,0,0,0,0,0,0,0,0,0,0
2454704,0,0,0,0,0,0,0,0,0,0,0,0,0
2454714,0,0,0,0,0,0,0,0,0,0,0,0,0
2454724,0,0,0,0,0,0,0,0,0,0,0,0,0
2454734,0,0,0,0,0,0,0,0,0,0,0,0,0
2454744,0,0,0,0,0,0,0,0,0,0,0,0,0
2454754,0,0,0,0,0,0,0,0,0,0,0,0,0
2454764,0,0,0,0,0,0,0,0,0,0,0,0,0
2454774,0,0,0,0,0,0,0,0,0,0,0,0,0
2454784,0,0,0,0,0,0,0,0,0,0,0,0,0
2454794,0,0,0,0,0,0,0,0,0,0,0,0,0
2454804,0,0,0,0,0,0,0,0,0,0,0,0,0
2454814,0,0,0,0,0,0,0,0,0,0,0,0,0
2454824,0,0,0,0,0,0,0,0,0,0,0,0,0
2454834,0,0,0,0,0,0,0,0,0,0,0,0,0
2454844,0,0,0,0,0,0,0,0,0,0,0,0,0
2454854,0,0,0,0,0,0,0,0,0,0,0,0,0
2454864,0,0,0,0,0,0,0,0,0,0,0,0,0
2454874,0,0,0,0,0,0,0,0,0,0,0,0,0
2454884,0,0,0,0,0,0,0,0,0,0,0,0,0
2454894,0,0,0,0,0,0,0,0,0,0,0,0,0
2454904,0,0,0,0,0,0,0,0,0,0,0,0,0
2454914,0,0,0,0,0,0,0,0,0,0,0,0,0
2454924,0,0,0,0,0,0,0,0,0,0,0,0,0
2454934,0,0,0,0,0,0,0,0,0,0,0,0,0
2454944,0,0,0,0,0,0,0,0,0,0,0,0,0
2454954,0,0,0,0,0,0,0,0,0,0,0,0,0
2454964,0,0,0,0,0,0,0,0,0,0,0,0,0
2454974,0,0,0,0,0,0,0,0,0,0,0,0,0
2454984,0,0,0,0,0,0,0,0,0,0,0,0,0
2454994,0,0,0,0,0,0,0,0,0,0,0,0,0
2455004,0,0,0,0,0,0,0,0,0,0,0,0,0
2455014,0,0,0,0,0,0,0,0,0,0,0,0,0
2455024,0,0,0,0,0,0,0,0,0,0,0,0,0
2455034,0,0,0,0,0,0,0,0,0,0,0,0,0
2455044,0,0,0,0,0,0,0,0,0,0,0,0,0
2455054,0,0,0,0,0,0,0,0,0,0,0,0,0
2455064,0,0,0,0,0,0,0,0,0,0,0,0,0
2455074,0,0,0,0,0,0,0,0,0,0,0,0,0
2455084,0,0,0,0,0,0,0,0,0,0,0,0,0
2455094,0,0,0,0,0,0,0,0,0,0,0,0,0
2455104,0,0,0,0,0,0,0,0,0,0,0,0,0
2455114,0,0,0,0,0,0,0,0,0,0,0,0,0
2455124,0,0,0,0,0,0,0,0,0,0,0,0,0
2455134,0,0,0,0,0,0,0,0,0,0,0,0,0
2455144,0,0,0,0,0,0,0,0,0,0,0,0,0
2455154,0,0,0,0,0,0,0,0,0,0,0,0,0
2455164,0,0,0,0,0,0,0,0,0,0,0,0,0
2455174,0,0,0,0,0,0,0,0,0,0,0,0,0
2455184,0,0,0,0,0,0,0,0,0,0,0,0,0
2455194,0,0,0,0,0,0,0,0,0,0,0,0,0
2455204,0,0,0,0,0,0,0,0,0,0,0,0,0
2455214,0,0,0,0,0,0,0,0,0,0,0,0,0
2455224,0,0,0,0,0,0,0,0,0,0,0,0,0
2455234,0,0,0,0,0,0,0,0,0,0,0,0,0
2455244,0,0,0,0,0,0,0,0,0,0,0,0,0
2455254,0,0,0,0,0,0,0,0,0,0,0,0,0
2455264,0,0,0,0,0,0,0,0,0,0,0,0,0
2455274,0,0,0,0,0,0,0,0,0,0,0,0,0
2455284,0,0,0,0,0,0,0,0,0,0,0,0,0
2455294,0,0,0,0,0,0,0,0,0,0,0,0,0
2455304,0,0,0,0,0,0,0,0,0,0,0,0,0
2455314,0,0,0,0,0,0,0,0,0,0,0,0,0
2455324,0,0,0,0,0,0,0,0,0,0,0,0,0
2455334,0,0,0,0,0,0,0,0,0,0,0,0,0
2455344,0,0,0,0,0,0,0,0,0,0,0,0,0
2455354,0,0,0,0,0,0,0,0,0,0,0,0,0
2455364,0,0,0,0,0,0,0,0,0,0,0,0,0
2455374,0,0,0,0,0,0,0,0,0,0,0,0,0
2455384,0,0,0,0,0,0,0,0,0,0,0,0,0
2455394,0,0,0,0,0,0,0,0,0,0,0,0,0
2455404,0,0,0,0,0,0,0,0,0,0,0,0,0
2455414,0,0,0,0,0,0,0,0,0,0,0,0,0
2455424,0,0,0,0,0,0,0,0,0,0,0,0,0
2455434,0,0,0,0,0,0,0,0,0,0,0,0,0
2455444,0,0,2.792,0,0,0,0,0,0,0,0,0,0
2455454,0,0,2.792,0,0,0,0,0,0,0,0,0,0
2455464,0,0,2.792,0,0,0,0,0,0,0,0,0,0
2455474,0,0,2.792,0,0,-0.002,0.001,0.002,0.008,0,0,0,0
2455484,0,0,2.792,0,0,0.009,-0.003,-0.001,0.07,-0.001,0.004,-0.001,0.004
2455494,0,0,2.792,0,0,0,-0.003,0.007,0.133,0,0.021,0,0.021
2455504,0,0,2.792,0,0,-0.002,-0.017,0.012,0.088,0.003,0.029,0.003,0.029
2455514,0,0,2.792,0,0,-0.009,-0.003,0.013,0.056,0.003,0.033,0.003,0.033
2455524,0,0,2.792,0,0,0.013,0.016,0.01,0.052,0.007,0.034,0.007,0.034
2455534,0,0,2.792,0,0,0.003,-0.001,0.006,0.058,0.007,0.03,0.007,0.03
2455544,0,0,2.792,0,0,-0.001,0,0.01,0.048,0.004,0.023,0.004,0.023
2455554,0,0,2.792,0,0,-0.004,0.003,0.006,0.042,-0.001,0.013,-0.001,0.013
2455564,0,0,2.792,0,0,-0.001,0.002,0.004,0.038,0,0.014,0,0.014
2455574,0,0,2.792,0,0,0.003,-0.002,0.004,0.035,0.004,0.008,0.004,0.008
2455584,0,0,2.792,0,0,-0.001,0.003,0.004,0.028,0.003,0.007,0.003,0.007
2455594,0,0,2.792,0,0,0.001,0.004,0.004,0.019,0.001,0.006,0.001,0.006
2455604,0,0,2.792,0,0,0.001,0.002,0.003,0.009,0.001,0.003,0.001,0.003
2455614,0,0,2.792,0,0,-0.003,0,0.001,0.004,0.001,0.003,0.001,0.003
2455625,0,0,2.792,0,0,0,0.001,-0.001,0.001,0,0.001,0,0.001
2455635,0,0,2.792,0,0,0.001,0,-0.002,-0.003,0,0.001,0,0.001
2455645,0,0,2.792,0,0,0,0,-0.002,-0.005,0,-0.001,0,-0.001
2455655,0,0,2.792,0,0,-0.001,-0.001,-0.001,-0.006,0,-0.001,0,-0.001
2455665,0,0,2.792,0,0,0,-0.001,-0.001,-0.005,0,-0.001,0,-0.001
2455675,0,0,2.792,0,0,0,-0.002,-0.001,-0.003,0,-0.001,0,-0.001
2455685,0,0,2.792,0,0,0,-0.001,-0.001,0,0,-0.001,0,-0.001
2455695,0,0,2.792,0,0,0,0,0,0.002,0,-0.001,0,-0.001
2455705,0,0,2.792,0,0,0,0.001,0.001,0.005,0,0,0,0
2455715,0,0,2.792,0,0,0,0.001,0.001,0.005,0,0.001,0,0.001
2455725,0,0,2.792,0,0,0,0.001,0.001,0.004,0,0.001,0,0.001
2455734,0,0,2.792,0,0,0,0,0.001,0.003,0,0.001,0,0.001
2455744,0,0,2.792,0,0,0,0,0.001,0.002,0,0.001,0,0.001
2455754,0,0,2.792,0,0,0,0,0.001,0.001,0,0,0,0
2455764,0,0,2.792,0,0,0,0,0,0.001,0,0,0,0
2455774,0,0,2.792,0,0,0,0,0,0.001,0,0,0,0
2455784,0,0,2.792,0,0,0,0,0,0.001,0,0,0,0
2455795,0,0,2.792,0,0,0,0,0,0.001,0,0,0,0
2455805,0,0,2.792,0,0,0,0,0,0.001,0,0,0,0
2455814,0,0,2.792,0,0,0,0,0,0.001,0,0,0,0
2455825,0,0,2.792,0,0,0,0,0,0,0,0,0,0
2455835,0,0,2.792,0,0,0,0,0,0,0,0,0,0
2455845,0,0,2.792,0,0,0,0,0,0.001,0,0,0,0
2455855,0,0,2.792,0,0,0,0,0,0.001,0,0,0,0
2455865,0,0,2.792,0,0,0,0,0,0,0,0,0,0
2455875,0,0,2.792,0,0,0,0,0,0.001,0,0,0,0
2455885,0,0,2.792,0,0,0,0,0,0.001,0,0,0,0
2455895,0,0,2.792,0,0,0,0,0,0,0,0,0,0
2455905,0,0,2.792,0,0,0,0,0,0,0,0,0,0
2455915,0,0,2.792,0,0,0,0,0,0,0,0,0,0
2455925,0,0,2.792,0,0,0,0,0,0,0,0,0,0
2455935,0,0,2.792,0,0,0,0,0,0,0,0,0,0
2455945,0,0,2.792,0,0,0,0,0,0,0,0,0,0
2455955,0,0,2.792,0,0,0,0,0,0,0,0,0,0
2455965,0,0,2.792,0,0,0,0,0,0,0,0,0,0
2455975,0,0,2.792,0,0,0,0,0,0,0,0,0,0
2455985,0,0,2.792,0,0,0,0,0,0,0,0,0,0
2455995,0,0,2.792,0,0,0,0,0,0,0,0,0,0
2456005,0,0,2.792,0,0,0,0,0,0,0,0,0,0
2456015,0,0,2.792,0,0,0,0,0,0,0,0,0,0
2456025,0,0,2.792,0,0,0,0,0,0,0,0,0,0
2456035,0,0,2.792,0,0,0,0,0,0,0,0,0,0
2456045,0,0,2.792,0,0,0,0,0,0,0,0,0,0
2456055,0,0,2.792,0,0,0,0,0,0,0,0,0,0
2456065,0,0,2.792,0,0,0,0,0,0,0,0,0,0
2456075,0,0,2.792,0,0,0,0,0,0,0,0,0,0
2456085,0,0,2.792,0,0,0,0,0,0,0,0,0,0
2456095,0,0,2.792,0,0,0,0,0,0,0,0,0,0
2456105,0,0,2.792,0,0,0,0,0,0,0,0,0,0
2456115,0,0,2.792,0,0,0,0,0,0,0,0,0,0
2456125,0,0,2.792,0,0,0,0,0,0,0,0,0,0
2456135,0,0,2.792,0,0,0,0,0,0,0,0,0,0
2456145,0,0,2.792,0,0,0,0,0,0,0,0,0,0
2456155,0,0,2.792,0,0,0,0,0,0,0,0,0,0
2456165,0,0,2.792,0,0,0,0,0,0,0,0,0,0
2456175,0,0,2.792,0,0,0,0,0,0,0,0,0,0
2456186,0,0,2.792,0,0,0,0,0,0,0,0,0,0
2456197,0,0,2.792,0,0,0,0,0,0,0,0,0,0
2456205,0,0,2.792,0,0,0,0,0,0,0,0,0,0
2456215,0,0,2.792,0,0,0,0,0,0,0,0,0,0
2456224,0,0,2.792,0,0,0,0,0,0,0,0,0,0
2456234,0,0,2.792,0,0,0,0,0,0,0,0,0,0
2456244,0,0,2.792,0,0,0,0,0,0,0,0,0,0
2456254,0,0,2.792,0,0,0,0,0,0,0,0,0,0
2456264,0,0,2.792,0,0,0,0,0,0,0,0,0,0
2456274,0,0,2.792,0,0,0,0,0,0,0,0,0,0
2456284,0,0,2.792,0,0,0,0,0,0,0,0,0,0
2456294,0,0,2.792,0,0,0,0,0,0,0,0,0,0
2456304,0,0,2.792,0,0,0,0,0,0,0,0,0,0
2456314,0,0,2.792,0,0,0,0,0,0,0,0,0,0
2456328,0,0,2.792,0,0,0,0,0,0,0,0,0,0
2456335,0,0,2.792,0,0,0,0,0,0,0,0,0,0
2456345,0,0,2.792,0,0,0,0,0,0,0,0,0,0
2456355,0,0,2.792,0,0,0,0,0,0,0,0,0,0
2456365,0,0,2.792,0,0,0,0,0,0,0,0,0,0
2456375,0,0,2.792,0,0,0,0,0,0,0,0,0,0
2456385,0,0,2.792,0,0,0,0,0,0,0,0,0,0
2456395,0,0,2.792,0,0,0,0,0,0,0,0,0,0
2456405,0,0,2.792,0,0,0,0,0,0,0,0,0,0
2456415,0,0,2.792,0,0,0,0,0,0,0,0,0,0
2456425,0,0,2.792,0,0,0,0,0,0,0,0,0,0
2456435,0,0,2.792,0,0,0,0,0,0,0,0,0,0
2456445,0,0,2.792,0,0,0,0,0,0,0,0,0,0
2456455,0,0,2.792,0,0,0,0,0,0,0,0,0,0
2456465,0,0,2.792,0,0,0,0,0,0,0,0,0,0
2456475,0,0,2.792,0,0,0,0,0,0,0,0,0,0
2456485,0,0,2.792,0,0,0,0,0,0,0,0,0,0
2456495,0,0,2.792,0,0,0,0,0,0,0,0,0,0
2456505,0,0,2.792,0,0,0,0,0,0,0,0,0,0
2456515,0,0,2.792,0,0,0,0,0,0,0,0,0,0
2456525,0,0,2.792,0,0,0,0,0,0,0,0,0,0
2456535,0,0,2.792,0,0,0,0,0,0,0,0,0,0
2456545,0,0,2.792,0,0,0,0,0,0,0,0,0,0
2456555,0,0,2.792,0,0,0,0,0,0,0,0,0,0
2456565,0,0,2.792,0,0,0,0,0,0,0,0,0,0
2456575,0,0,2.792,0,0,0,0,0,0,0,0,0,0
2456585,0,0,2.792,0,0,0,0,0,0,0,0,0,0
2456595,0,0,2.792,0,0,0,0,0,0,0,0,0,0
2456605,0,0,2.792,0,0,0,0,0,0,0,0,0,0
2456615,0,0,2.792,0,0,0,0,0,0,0,0,0,0
2456625,0,0,2.792,0,0,0,0,0,0,0,0,0,0
2456635,0,0,2.792,0,0,0,0,0,0,0,0,0,0
2456645,0,0,2.792,0,0,0,0,0,0,0,0,0,0
2456655,0,0,2.792,0,0,0,0,0,0,0,0,0,0
2456665,0,0,2.792,0,0,0,0,0,0,0,0,0,0
2456675,0,0,2.792,0,0,0,0,0,0,0,0,0,0
2456685,0,0,2.792,0,0,0,0,0,0,0,0,0,0
2456695,0,0,2.792,0,0,0,0,0,0,0,0,0,0
2456705,0,0,2.792,0,0,0,0,0,0,0,0,0,0
2456715,0,0,2.792,0,0,0,0,0,0,0,0,0,0
2456725,0,0,2.792,0,0,0,0,0,0,0,0,0,0
2456735,0,0,2.792,0,0,0,0,0,0,0,0,0,0
2456745,0,0,2.792,0,0,0,0,0,0,0,0,0,0
2456755,0,0,2.792,0,0,0,0,0,0,0,0,0,0
2456765,0,0,2.792,0,0,0,0,0,0,0,0,0,0
2456775,0,0,2.792,0,0,0,0,0,0,0,0,0,0
2456785,0,0,2.792,0,0,0,0,0,0,0,0,0,0
2456795,0,0,2.792,0,0,0,0,0,0,0,0,0,0
2456805,0,0,2.792,0,0,0,0,0,0,0,0,0,0
2456815,0,0,2.792,0,0,0,0,0,0,0,0,0,0
2456825,0,0,2.792,0,0,0,0,0,0,0,0,0,0
2456835,0,0,2.792,0,0,0,0,0,0,0,0,0,0
2456845,0,0,2.792,0,0,0,0,0,0,0,0,0,0
2456855,0,0,2.792,0,0,0,0,0,0,0,0,0,0
2456865,0,0,2.792,0,0,0,0,0,0,0,0,0,0
2456875,0,0,2.792,0,0,0,0,0,0,0,0,0,0
2456885,0,0,2.792,0,0,0,0,0,0,0,0,0,0
2456895,0,0,2.792,0,0,0,0,0,0,0,0,0,0
2456905,0,0,2.792,0,0,0,0,0,0,0,0,0,0
2456915,0,0,2.792,0,0,0,0,0,0,0,0,0,0
2456925,0,0,2.792,0,0,0,0,0,0,0,0,0,0
2456935,0,0,2.792,0,0,0,0,0,0,0,0,0,0
2456945,0,0,2.792,0,0,0,0,0,0,0,0,0,0
2456955,0,0,2.792,0,0,0,0,0,0,0,0,0,0
2456965,0,0,2.792,0,0,0,0,0,0,0,0,0,0
2456975,0,0,2.792,0,0,0,0,0,0,0,0,0,0
2456985,0,0,2.792,0,0,0,0,0,0,0,0,0,0
2456995,0,0,2.792,0,0,0,0,0,0,0,0,0,0
2457005,0,0,2.792,0,0,0,0,0,0,0,0,0,0
2457015,0,0,2.792,0,0,0,0,0,0,0,0,0,0
2457025,0,0,2.792,0,0,0,0,0,0,0,0,0,0
2457035,0,0,2.792,0,0,0,0,0,0,0,0,0,0
2457045,0,0,2.792,0,0,0,0,0,0,0,0,0,0
2457055,0,0,2.792,0,0,0,0,0,0,0,0,0,0
2457065,0,0,2.792,0,0,0,0,0,0,0,0,0,0
2457075,0,0,2.792,0,0,0,0,0,0,0,0,0,0
2457085,0,0,2.792,0,0,0,0,0,0,0,0,0,0
2457095,0,0,2.792,0,0,0,0,0,0,0,0,0,0
2457105,0,0,2.792,0,0,0,0,0,0,0,0,0,0
2457115,0,0,2.792,0,0,0,0,0,0,0,0,0,0
2457125,0,0,2.792,0,0,0,0,0,0,0,0,0,0
2457135,0,0,2.792,0,0,0,0,0,0,0,0,0,0
2457145,0,0,2.792,0,0,0,0,0,0,0,0,0,0
2457155,0,0,2.792,0,0,0,0,0,0,0,0,0,0
2457165,0,0,2.792,0,0,0,0,0,0,0,0,0,0
2457175,0,0,2.792,0,0,0,0,0,0,0,0,0,0
2457185,0,0,2.792,0,0,0,0,0,0,0,0,0,0
2457195,0,0,2.792,0,0,0,0,0,0,0,0,0,0
2457205,0,0,2.792,0,0,0,0,0,0,0,0,0,0
2457215,0,0,2.792,0,0,0,0,0,0,0,0,0,0
2457225,0,0,2.792,0,0,0,0,0,0,0,0,0,0
2457235,0,0,2.792,0,0,0,0,0,0,0,0,0,0
2457245,0,0,2.792,0,0,0,0,0,0,0,0,0,0
2457255,0,0,2.792,0,0,0,0,0,0,0,0,0,0
2457265,0,0,2.792,0,0,0,0,0,0,0,0,0,0
2457275,0,0,2.792,0,0,0,0,0,0,0,0,0,0
2457285,0,0,2.792,0,0,0,0,0,0,0,0,0,0
2457295,0,0,2.792,0,0,0,0,0,0,0,0,0,0
2457305,0,0,2.792,0,0,0,0,0,0,0,0,0,0
2457315,0,0,2.792,0,0,0,0,0,0,0,0,0,0
2457325,0,0,2.792,0,0,0,0,0,0,0,0,0,0
2457335,0,0,2.792,0,0,0,0,0,0,0,0,0,0
2457345,0,0,2.792,0,0,0,0,0,0,0,0,0,0
2457355,0,0,2.792,0,0,0,0,0,0,0,0,0,0
2457365,0,0,2.792,0,0,0,0,0,0,0,0,0,0
2457375,0,0,2.792,0,0,0,0,0,0,0,0,0,0
2457385,0,0,2.792,0,0,0,0,0,0,0,0,0,0
2457395,0,0,2.792,0,0,0,0,0,0,0,0,0,0
2457405,0,0,2.792,0,0,0,0,0,0,0,0,0,0
2457415,0,0,2.792,0,0,0,0,0,0,0,0,0,0
2457425,0,0,2.792,0,0,0,0,0,0,0,0,0,0
2457435,0,0,2.792,0,0,0,0,0,0,0,0,0,0
2457445,0,0,2.792,0,0,0,0,0,0,0,0,0,0
2457455,0,0,2.792,0,0,0,0,0,0,0,0,0,0
2457465,0,0,2.792,0,0,0,0,0,0,0,0,0,0
2457475,0,0,2.792,0,0,0,0,0,0,0,0,0,0
2457485,0,0,2.792,0,0,0,0,0,0,0,0,0,0
2457495,0,0,2.792,0,0,0,0,0,0,0,0,0,0
2457505,0,0,2.792,0,0,0,0,0,0,0,0,0,0
2457515,0,0,2.792,0,0,0,0,0,0,0,0,0,0
2457525,0,0,2.792,0,0,0,0,0,0,0,0,0,0
2457535,0,0,2.792,0,0,0,0,0,0,0,0,0,0
2457545,0,0,2.792,0,0,0,0,0,0,0,0,0,0
2457555,0,0,2.792,0,0,0,0,0,0,0,0,0,0
2457565,0,0,2.792,0,0,0,0,0,0,0,0,0,0
2457575,0,0,2.792,0,0,0,0,0,0,0,0,0,0
2457585,0,0,2.792,0,0,0,0,0,0,0,0,0,0
2457595,0,0,2.792,0,0,0,0,0,0,0,0,0,0
2457605,0,0,2.792,0,0,0,0,0,0,0,0,0,0
2457615,0,0,2.792,0,0,0,0,0,0,0,0,0,0
2457625,0,0,2.792,0,0,0,0,0,0,0,0,0,0
2457635,0,0,2.792,0,0,0,0,0,0,0,0,0,0
2457645,0,0,2.792,0,0,0,0,0,0,0,0,0,0
2457655,0,0,2.792,0,0,0,0,0,0,0,0,0,0
2457665,0,0,2.792,0,0,0,0,0,0,0,0,0,0
2457675,0,0,2.792,0,0,0,0,0,0,0,0,0,0
2457685,0,0,2.792,0,0,0,0,0,0,0,0,0,0
2457695,0,0,2.792,0,0,0,0,0,0,0,0,0,0
2457705,0,0,2.792,0,0,0,0,0,0,0,0,0,0
2457715,0,0,2.792,0,0,0,0,0,0,0,0,0,0
2457725,0,0,2.792,0,0,0,0,0,0,0,0,0,0
2457735,0,0,2.792,0,0,0,0,0,0,0,0,0,0
2457745,0,0,2.792,0,0,0,0,0,0,0,0,0,0
2457755,0,0,2.792,0,0,0,0,0,0,0,0,0,0
2457765,0,0,2.792,0,0,0,0,0,0,0,0,0,0
2457775,0,0,2.792,0,0,0,0,0,0,0,0,0,0
2457785,0,0,2.792,0,0,0,0,0,0,0,0,0,0
2457795,0,0,2.792,0,0,0,0,0,0,0,0,0,0
2457805,0,0,2.792,0,0,0,0,0,0,0,0,0,0
2457815,0,0,2.792,0,0,0,0,0,0,0,0,0,0
2457825,0,0,2.792,0,0,0,0,0,0,0,0,0,0
2457835,0,0,2.792,0,0,0,0,0,0,0,0,0,0
2457845,0,0,2.792,0,0,0,0,0,0,0,0,0,0
2457855,0,0,2.792,0,0,0,0,0,0,0,0,0,0
2457865,0,0,2.792,0,0,0,0,0,0,0,0,0,0
2457875,0,0,2.792,0,0,0,0,0,0,0,0,0,0
2457885,0,0,2.792,0,0,0,0,0,0,0,0,0,0
2457895,0,0,2.792,0,0,0,0,0,0,0,0,0,0
2457905,0,0,2.792,0,0,0,0,0,0,0,0,0,0
2457915,0,0,2.792,0,0,0,0,0,0,0,0,0,0
2457925,0,0,2.792,0,0,0,0,0,0,0,0,0,0
2457935,0,0,2.792,0,0,0,0,0,0,0,0,0,0
2457945,0,0,2.792,0,0,0,0,0,0,0,0,0,0
2457955,0,0,2.792,0,0,0,0,0,0,0,0,0,0
2457965,0,0,2.792,0,0,0,0,0,0,0,0,0,0
2457975,0,0,2.792,0,0,0,0,0,0,0,0,0,0
2457985,0,0,2.792,0,0,0,0,0,0,0,0,0,0
2457995,0,0,2.792,0,0,0,0,0,0,0,0,0,0
2458005,0,0,2.792,0,0,0,0,0,0,0,0,0,0
2458015,0,0,2.792,0,0,0,0,0,0,0,0,0,0
2458025,0,0,2.792,0,0,0,0,0,0,0,0,0,0
2458034,0,0,2.792,0,0,0,0,0,0,0,0,0,0
2458044,0,0,2.792,0,0,0,0,0,0,0,0,0,0
2458054,0,0,2.792,0,0,0,0,0,0,0,0,0,0
2458064,0,0,2.792,0,0,0,0,0,0,0,0,0,0
2458074,0,0,2.792,0,0,0,0,0,0,0,0,0,0
2458084,0,0,2.792,0,0,0,0,0,0,0,0,0,0
2458094,0,0,2.792,0,0,0,0,0,0,0,0,0,0
2458104,0,0,2.792,0,0,0,0,0,0,0,0,0,0
2458114,0,0,2.792,0,0,0,0,0,0,0,0,0,0
2458125,0,0,2.792,0,0,0,0,0,0,0,0,0,0
2458134,0,0,2.792,0,0,0,0,0,0,0,0,0,0
2458144,0,0,2.792,0,0,0,0,0,0,0,0,0,0
2458154,0,0,2.792,0,0,0,0,0,0,0,0,0,0
2458164,0,0,2.792,0,0,0,0,0,0,0,0,0,0
2458174,0,0,2.792,0,0,0,0,0,0,0,0,0,0
2458184,0,0,2.792,0,0,0,0,0,0,0,0,0,0
2458194,0,0,2.792,0,0,0,0,0,0,0,0,0,0
2458204,0,0,2.792,0,0,0,0,0,0,0,0,0,0
2458214,0,0,2.792,0,0,0,0,0,0,0,0,0,0
2458224,0,0,2.792,0,0,0,0,0,0,0,0,0,0
2458234,0,0,2.792,0,0,0,0,0,0,0,0,0,0
2458244,0,0,2.792,0,0,0,0,0,0,0,0,0,0
2458254,0,0,2.792,0,0,0,0,0,0,0,0,0,0
2458264,0,0,2.792,0,0,0,0,0,0,0,0,0,0
2458274,0,0,2.792,0,0,0,0,0,0,0,0,0,0
2458284,0,0,2.792,0,0,0,0,0,0,0,0,0,0
2458294,0,0,2.792,0,0,0,0,0,0,0,0,0,0
2458304,0,0,2.792,0,0,0,0,0,0,0,0,0,0
2458314,0,0,2.792,0,0,0,0,0,0,0,0,0,0
2458324,0,0,2.792,0.003,0.008,0.002,0.007,0,0,0.001,0.004,0.001,0.004
2458334,0,0,2.792,0,0.002,0,0,0,0,0.001,0.002,0.001,0.002
2458344,0,0,2.792,0,0,0,-0.001,0,0,0,0,0,0
2458354,0,0,2.792,0,0.001,0,0,0,0,0,0,0,0
2458364,0,0,2.792,0,0,0,0,0,0,0,0,0,0
2458374,0,0,2.792,0,0,0,0,0,0,0,0,0,0
2458384,0,0,2.792,0,0,0,0,0,0,0,0,0,0
2458394,0,0,2.792,0,0,0,0,0,0,0,0,0,0
2458404,0,0,2.792,0,0,0,0,0,0,0,0,0,0
2458414,0,0,2.792,0,0,0,0,0,0,0,0,0,0
2458424,0,0,2.792,0,0,0,0,0,0,0,0,0,0
2458434,0,0,2.792,0,0,0,0,0,0,0,0,0,0
2458444,0,0,2.792,0,0,0,0,0,0,0,0,0,0
2458454,0,0,2.792,0,0,0,0,0,0,0,0,0,0
2458464,0,0,2.792,0,0,0,0,0,0,0,0,0,0
2458474,0,0,2.792,0,0,0,0,0,0,0,0,0,0
2458484,0,0,2.792,0,0,0,0,0,0,0,0,0,0
2458494,0,0,2.792,0,0,0,0,0,0,0,0,0,0
2458504,0,0,2.792,0,0,0,0,0,0,0,0,0,0
2458514,0,0,2.792,0,0,0,0,0,0,0,0,0,0
2458524,0,0,2.792,0,0,0,0,0,0,0,0,0,0
2458534,0,0,2.792,0,0,0,0,0,0,0,0,0,0
2458544,0,0,2.792,0,0,0,0,0,0,0,0,0,0
2458554,0,0,2.792,0,0,0,0,0,0,0,0,0,0
2458564,0,0,2.792,0,0,0,0,0,0,0,0,0,0
2458574,0,0,2.792,0,0,0,0,0,0,0,0,0,0
2458584,0,0,2.792,0,0,0,0,0,0,0,0,0,0
2458594,0,0,2.792,0,0,0,0,0,0,0,0,0,0
2458604,0,0,2.792,0,0,0,0,0,0,0,0,0,0
2458614,0,0,2.792,0,0,0,0,0,0,0,0,0,0
2458624,0,0,2.792,0,0,0,0,0,0,0,0,0,0
2458634,0,0,2.792,0,0,0,0,0,0,0,0,0,0
2458644,0,0,2.792,0,0,0,0,0,0,0,0,0,0
2458654,0,0,2.792,0,0,0,0,0,0,0,0,0,0
2458664,0,0,2.792,0,0,0,0,0,0,0,0,0,0
2458674,0,0,2.792,0,0,0,0,0,0,0,0,0,0
2458684,0,0,2.792,0,0,0,0,0,0,0,0,0,0
2458694,0,0,2.792,0,0,0,0,0,0,0,0,0,0
2458704,0,0,2.792,0,0,0,0,0,0,0,0,0,0
2458714,0,0,2.792,0,0,0,0,0,0,0,0,0,0
2458724,0,0,2.792,0,0,0,0,0,0,0,0,0,0
2458734,0,0,2.792,0,0,0,0,0,0,0,0,0,0
2458744,0,0,2.792,0,0,0,0,0,0,0,0,0,0
2458754,0,0,2.792,0,0,0,0,0,0,0,0,0,0
2458764,0,0,2.792,0,0,0,0,0,0,0,0,0,0
2458774,0,0,2.792,0,0,0,0,0,0,0,0,0,0
2458784,0,0,2.792,0,0,0,0,0,0,0,0,0,0
2458794,0,0,2.792,0,0,0,0,0,0,0,0,0,0
2458804,0,0,2.792,0,0,0,0,0,0,0,0,0,0
2458814,0,0,2.792,0,0,0,0,0,0,0,0,0,0
2458824,0,0,2.792,0,0,0,0,0,0,0,0,0,0
2458834,0,0,2.792,0,0,0,0,0,0,0,0,0,0
2458844,0,0,2.792,0,0,0,0,0,0,0,0,0,0
2458854,0,0,2.792,0,0,0,0,0,0,0,0,0,0
2458864,0,0,2.792,0,0,0,0,0,0,0,0,0,0
2458874,0,0,2.792,0,0,0,0,0,0,0,0,0,0
2458884,0,0,2.792,0,0,0,0,0,0,0,0,0,0
2458894,0,0,2.792,0,0,0,0,0,0,0,0,0,0
2458904,0,0,2.792,0,0,0,0,0,0,0,0,0,0
2458914,0,0,2.792,0,0,0,0,0,0,0,0,0,0
2458924,0,0,2.792,0,0,0,0,0,0,0,0,0,0
2458934,0,0,2.792,0,0,0,0,0,0,0,0,0,0
2458944,0,0,2.792,0,0,0,0,0,0,0,0,0,0
2458954,0,0,2.792,0,0,0,0,0,0,0,0,0,0
2458964,0,0,2.792,0,0,0,0,0,0,0,0,0,0
2458974,0,0,2.792,0,0,0,0,0,0,0,0,0,0
2458984,0,0,2.792,0,0,0,0,0,0,0,0,0,0
2458994,0,0,2.792,0,0,0,0,0,0,0,0,0,0
2459004,0,0,2.792,0,0,0,0,0,0,0,0,0,0
2459014,0,0,2.792,0,0,0,0,0,0,0,0,0,0
2459024,0,0,2.792,0,0,0,0,0,0,0,0,0,0
2459034,0,0,2.792,0,0,0,0,0,0,0,0,0,0
2459044,0,0,2.792,0,0,0,0,0,0,0,0,0,0
2459054,0,0,2.792,0,0,0,0,0,0,0,0,0,0
2459064,0,0,2.792,0,0,0,0,0,0,0,0,0,0
2459074,0,0,2.792,0,0,0,0,0,0,0,0,0,0
2459084,0,0,2.792,0,0,0,0,0,0,0,0,0,0
2459094,0,0,2.792,0,0,0,0,0,0,0,0,0,0
2459104,0,0,2.792,0,0,0,0,0,0,0,0,0,0
2459114,0,0,2.792,0,0,0,0,0,0,0,0,0,0
2459124,0,0,2.792,0,0,0,0,0,0,0,0,0,0
2459134,0,0,2.792,0,0,0,0,0,0,0,0,0,0
2459144,0,0,2.792,0,0,0,0,0,0,0,0,0,0
2459154,0,0,2.792,0,0,0,0,0,0,0,0,0,0
2459164,0,0,2.792,0,0,0,0,0,0,0,0,0,0
2459174,0,0,2.792,0,0,0,0,0,0,0,0,0,0
2459184,0,0,2.792,0,0,0,0,0,0,0,0,0,0
2459194,0,0,2.792,0,0,0,0,0,0,0,0,0,0
2459204,0,0,2.792,0,0,0,0,0,0,0,0,0,0
2459214,0,0,2.792,0,0,0,0,0,0,0,0,0,0
2459224,0,0,2.792,0,0,0,0,0,0,0,0,0,0
2459234,0,0,2.792,0,0,0,0,0,0,0,0,0,0
2459244,0,0,2.792,0,0,0,0,0,0,0,0,0,0
2459254,0,0,2.792,0,0,0,0,0,0,0,0,0,0
2459264,0,0,2.792,0,0,0,0,0,0,0,0,0,0
2459274,0,0,2.792,-0.001,0,0,0,0,0,0,0,0,0
2459284,0,0,2.792,0,0,0,0,0,0,0,0,0,0
2459294,0,0,2.792,0,0,0,0,0,0,0,0,0,0
2459304,0,0,2.792,0.001,0,0,0,0,0,0,0,0,0
2459314,0,0,2.792,0,0,0,0,0,0,0,0,0,0
2459324,0,0,2.792,0,0,0,0,0,0,0,0,0,0
2459334,0,0,2.792,0,0,0,0,0,0,0,0,0,0
2459344,0,0,2.792,0,0,0,0,0,0,0,0,0,0
2459354,0,0,2.792,0,0,0,0,0,0,0,0,0,0
2459364,0,0,2.792,0,0,0,0,0,0,0,0,0,0
2459374,0,0,2.792,0,0,0,0,0,0,0,0,0,0
2459384,0,0,2.792,0,0,0,0,0,0,0,0,0,0
2459394,0,0,2.792,0,0,0,0,0,0,0,0,0,0
2459404,0,0,2.792,0,0,0,0,0,0,0,0,0,0
2459414,0,0,2.792,0,0,0,0,0,0,0,0,0,0
2459424,0,0,2.792,0,0,0,0,0,0,0,0,0,0
2459434,0,0,2.792,0,0,0,0,0,0,0,0,0,0
2459444,0,0,2.792,0,0,0,0,0,0,0,0,0,0
2459454,0,0,2.792,0,0,0,0,0,0,0,0,0,0
2459464,0,0,2.792,0,0,0,0,0,0,0,0,0,0
2459474,0,0,2.792,0,0,0,0,0,0,0,0,0,0
2459484,0,0,2.792,0,0,0,0,0,0,0,0,0,0
2459494,0,0,2.792,0,0,0,0,0,0,0,0,0,0
2459504,0,0,2.792,0,0,0,0,0,0,0,0,0,0
2459514,0,0,2.792,0,0,0,0,0,0,0,0,0,0
2459524,0,0,2.792,0,0,0,0,0,0,0,0,0,0
2459534,0,0,2.792,0,0,0,0,0,0,0,0,0,0
2459544,0,0,2.792,0,0,0,0,0,0,0,0,0,0
2459554,0,0,2.792,0,0,0,0,0,0,0,0,0,0
2459564,0,0,2.792,0,0,0,0,0,0,0,0,0,0
2459574,0,0,2.792,0,0,0,0,0,0,0,0,0,0
2459584,0,0,2.792,0,0,0,0,0,0,0,0,0,0
2459594,0,0,2.792,0,0,0,0,0,0,0,0,0,0
2459604,0,0,2.792,0,0,0,0,0,0,0,0,0,0
2459614,0,0,2.792,0,0,0,0,0,0,0,0,0,0
2459624,0,0,2.792,0,0,0,0,0,0,0,0,0,0
2459634,0,0,2.792,0,0,0,0,0,0,0,0,0,0
2459644,0,0,2.792,0,0,0,0,0,0,0,0,0,0
2459654,0,0,2.792,0,0,0,0,0,0,0,0,0,0
2459664,0,0,2.792,0,0,0,0,0,0,0,0,0,0
2459674,0,0,2.792,0,0,0,0,0,0,0,0,0,0
2459684,0,0,2.792,0,0,0,0,0,0,0,0,0,0
2459694,0,0,2.792,0,0,0,0,0,0,0,0,0,0
2459704,0,0,2.792,0,0,0,0,0,0,0,0,0,0
2459714,0,0,2.792,0,0,0,0,0,0,0,0,0,0
2459724,0,0,2.792,0,0,0,0,0,0,0,0,0,0
2459734,0,0,2.792,0,0,0,0,0,0,0,0,0,0
2459744,0,0,2.792,0,0,0,0,0,0,0,0,0,0
2459754,0,0,2.792,0,0,0,0,0,0,0,0,0,0
2459764,0,0,2.792,0,0,0,0,0,0,0,0,0,0
2459774,0,0,2.792,0,0,0,0,0,0,0,0,0,0
2459784,0,0,2.792,0,0,0,0,0,0,0,0,0,0
2459794,0,0,2.792,0,0,0,0,0,0,0,0,0,0
2459804,0,0,2.792,0,0,0,0,0,0,0,0,0,0
2459814,0,0,2.792,0,0,0,0,0,0,0,0,0,0
2459824,0,0,2.792,0,0,0,0,0,0,0,0,0,0
2459834,0,0,2.792,0,0,0,0,0,0,0,0,0,0
2459844,0,0,2.792,0,0,0,0,0,0,0,0,0,0
2459854,0,0,2.792,0,0,0,0,0,0,0,0,0,0
2459864,0,0,2.792,0,0,0,0,0,0,0,0,0,0
2459874,0,0,2.792,0,0,0,0,0,0,0,0,0,0
2459884,0,0,2.792,0,0,0,0,0,0,0,0,0,0
2459894,0,0,2.792,0,0,0,0,0,0,0,0,0,0
2459904,0,0,2.792,0,0,0,0,0,0,0,0,0,0
2459914,0,0,2.792,0,0,0,0,0,0,0,0,0,0
2459924,0,0,2.792,0,0,0,0,0,0,0,0,0,0
2459934,0,0,2.792,0,0,0,0,0,0,0,0,0,0
2459944,0,0,2.792,0,0,0,0,0,0,0,0,0,0
2459954,0,0,2.792,0,0,0,0,0,0,0,0,0,0
2459964,0,0,2.792,0,0,0,0,0,0,0,0,0,0
2459974,0,0,2.792,0,0,0,0,0,0,0,0,0,0
2459984,0,0,2.792,0,0,0,0,0,0,0,0,0,0
2459994,0,0,2.792,0,0,0,0,0,0,0,0,0,0
2460004,0,0,2.792,0,0,0,0,0,0,0,0,0,0
2460014,0,0,2.792,0,0,0,0,0,0,0,0,0,0
2460024,0,0,2.792,0,0,0,0,0,0,0,0,0,0
2460034,0,0,2.792,0,0,0,0,0,0,0,0,0,0
2460044,0,0,2.792,0,0,0,0,0,0,0,0,0,0
2460054,0,0,2.792,0,0,0,0,0,0,0,0,0,0
2460064,0,0,2.792,0,0,0,0,0,0,0,0,0,0
2460074,0,0,2.792,0,0,0,0,0,0,0,0,0,0
2460084,0,0,2.792,0,0,0,0,0,0,0,0,0,0
2460094,0,0,2.792,0,0,0,0,0,0,0,0,0,0
2460104,0,0,2.792,0,0,0,0,0,0,0,0,0,0
2460114,0,0,2.792,0,0,0,0,0,0,0,0,0,0
2460124,0,0,2.792,0,0,0,0,0,0,0,0,0,0
2460134,0,0,2.792,0,0,0,0,0,0,0,0,0,0
2460144,0,0,2.792,0,0,0,0,0,0,0,0,0,0
2460154,0,0,2.792,0,0,0,0,0,0,0,0,0,0
2460164,0,0,2.792,0,0,0,0,0,0,0,0,0,0
2460174,0,0,2.792,0,0,0,0,0,0,0,0,0,0
2460184,0,0,2.792,0,0,0,0,0,0,0,0,0,0
2460194,0,0,2.792,0,0,0,0,0,0,0,0,0,0
2460204,0,0,2.792,0,0,0,0,0,0,0,0,0,0
2460214,0,0,2.792,0,0,0,0,0,0,0,0,0,0
2460224,0,0,2.792,0,0,0,0,0,0,0,0,0,0
2460234,0,0,2.792,0,0,0,0,0,0,0,0,0,0
2460244,0,0,2.792,0,0,0,0,0,0,0,0,0,0
2460254,0,0,2.792,0,0,0,0,0,0,0,0,0,0
2460264,0,0,2.792,0,0,0,0,0,0,0,0,0,0
2460274,0,0,2.792,0,0,0,0,0,0,0,0,0,0
2460284,0,0,2.792,0,0,0,0,0,0,0,0,0,0
2460294,0,0,2.792,0,0,0,0,0,0,0,0,0,0
2460304,0,0,2.792,0,0,0,0,0,0,0,0,0,0
2460314,0,0,2.792,0,0,0,0,0,0,0,0,0,0
2460324,0,0,2.792,0,0,0,0,0,0,0,0,0,0
2460334,0,0,2.792,0,0,0,0,0,0,0,0,0,0
2460344,0,0,2.792,0,0,0,0,0,0,0,0,0,0
2460354,0,0,2.792,0,0,0,0,0,0,0,0,0,0
2460364,0,0,2.792,0,0,0,0,0,0,0,0,0,0
2460374,0,0,2.792,0,0,0,0,0,0,0,0,0,0
2460384,0,0,2.792,0,0,0,0,0,0,0,0,0,0
2460394,0,0,2.792,0,0,0,0,0,0,0,0,0,0
2460404,0,0,2.792,0,0,0,0,0,0,0,0,0,0
2460414,0,0,2.792,0,0,0,0,0,0,0,0,0,0
2460424,0,0,2.792,0,0,0,0,0,0,0,0,0,0
2460434,0,0,2.792,0,0,0,0,0,0,0,0,0,0
2460444,0,0,2.792,0,0,0,0,0,0,0,0,0,0
2460454,0,0,2.792,0,0,0,0,0,0,0,0,0,0
2460464,0,0,2.792,0,0,0,0,0,0,0,0,0,0
2460474,0,0,2.792,0,0,0,0,0,0,0,0,0,0
2460484,0,0,2.792,0,0,0,0,0,0,0,0,0,0
2460494,0,0,2.792,0,0,0,0,0,0,0,0,0,0
2460504,0,0,2.792,0,0,0,0,0,0,0,0,0,0
2460514,0,0,2.792,0,0,0,0,0,0,0,0,0,0
2460524,0,0,2.792,0,0,0,0,0,0,0,0,0,0
2460534,0,0,2.792,0,0,0,0,0,0,0,0,0,0
2460544,0,0,2.792,0,0,0,0,0,0,0,0,0,0
2460554,0,0,2.792,0,0,0,0,0,0,0,0,0,0
2460564,0,0,2.792,0,0,0,0,0,0,0,0,0,0
2460574,0,0,2.792,0,0,0,0,0,0,0,0,0,0
2460584,0,0,2.792,0,0,0,0,0,0,0,0,0,0
2460594,0,0,2.792,0,0,0,0,0,0,0,0,0,0
2460604,0,0,2.792,0,0,0,0,0,0,0,0,0,0
2460614,0,0,2.792,0,0,0,0,0,0,0,0,0,0
2460624,0,0,2.792,0,0,0,0,0,0,0,0,0,0
2460634,0,0,2.792,0,0,0,0,0,0,0,0,0,0
2460644,0,0,2.792,0,0,0,0,0,0,0,0,0,0
2460654,0,0,2.792,0,0,0,0,0,0,0,0,0,0
2460664,0,0,2.792,0,0,0,0,0,0,0,0,0,0
2460674,0,0,2.792,0,0,0,0,0,0,0,0,0,0
2460684,0,0,2.792,0,0,0,0,0,0,0,0,0,0
2460694,0,0,2.792,0,0,0,0,0,0,0,0,0,0
2460704,0,0,2.792,0,0,0,0,0,0,0,0,0,0
2460714,0,0,2.792,0,0,0,0,0,0,0,0,0,0
2460724,0,0,2.792,0,0,0,0,0,0,0,0,0,0
2460734,0,0,2.792,0,0,0,0,0,0,0,0,0,0
2460744,0,0,2.792,0,0,0,0,0,0,0,0,0,0
2460754,0,0,2.792,0,0,0,0,0,0,0,0,0,0
2460764,0,0,2.792,0,0,0,0,0,0,0,0,0,0
2460774,0,0,2.792,0,0,0,0,0,0,0,0,0,0
2460784,0,0,2.792,0,0,0,0,0,0,0,0,0,0
2460794,0,0,2.792,0,0,0,0,0,0,0,0,0,0
2460804,0,0,2.792,0,0,0,0,0,0,0,0,0,0
2460814,0,0,2.792,0,0,0,0,0,0,0,0,0,0
2460824,0,0,2.792,0,0,0,0,0,0,0,0,0,0
2460834,0,0,2.792,0,0,0,0,0,0,0,0,0,0
2460844,0,0,2.792,0,0,0,0,0,0,0,0,0,0
2460854,0,0,2.792,0,0,0,0,0,0,0,0,0,0
2460864,0,0,2.792,0,0,0,0,0,0,0,0,0,0
2460874,0,0,2.792,0,0,0,0,0,0,0,0,0,0
2460884,0,0,2.792,0,0,0,0,0,0,0,0,0,0
2460894,0,0,2.792,0,0,0,0,0,0,0,0,0,0
2460904,0,0,2.792,0,0,0,0,0,0,0,0,0,0
2460914,0,0,2.792,0,0,0,0,0,0,0,0,0,0
2460924,0,0,2.792,0,0,0,0,0,0,0,0,0,0
2460934,0,0,2.792,0,0,0,0,0,0,0,0,0,0
2460944,0,0,2.792,0.001,0,0,0,0,0,0,0,0,0
2460954,0,0,2.792,0,0,0,0,0,0,0,0,0,0
2460964,0,0,2.792,0,0,0,0,0,0,0,0,0,0
2460974,0,0,2.792,0,0,0,0,0,0,0,0,0,0
2460984,0,0,2.792,0,0,0,0,0,0,0,0,0,0
2460994,0,0,2.792,0,0,0,0,0,0,0,0,0,0
2461004,0,0,2.792,0,0,0,0,0,0,0,0,0,0
2461014,0,0,2.792,0,0,0,0,0,0,0,0,0,0
2461024,0,0,2.792,0,0,0,0,0,0,0,0,0,0
2461034,0,0,2.792,0,0,0,0,0,0,0,0,0,0
2461044,0,0,2.792,0,0,0,0,0,0,0,0,0,0
2461054,0,0,2.792,0,0,0,0,0,0,0,0,0,0
2461064,0,0,2.792,0,0,0,0,0,0,0,0,0,0
2461074,0,0,2.792,0,0,0,0,0,0,0,0,0,0
2461084,0,0,2.792,0,0,0,0,0,0,0,0,0,0
2461094,0,0,2.792,0,0,0,0,0,0,0,0,0,0
2461104,0,0,2.792,0,0,0,0,0,0,0,0,0,0
2461114,0,0,2.792,0,0,0,0,0,0,0,0,0,0
2461124,0,0,2.792,0,0,0,0,0,0,0,0,0,0
2461134,0,0,2.792,0,0,0,0,0,0,0,0,0,0
2461144,0,0,2.792,0,0,0,0,0,0,0,0,0,0
2461154,0,0,2.792,0,0,0,0,0,0,0,0,0,0
2461164,0,0,2.792,0,0,0,0,0,0,0,0,0,0
2461174,0,0,2.792,0,0,0,0,0,0,0,0,0,0
2461184,0,0,2.792,0,0,0,0,0,0,0,0,0,0
2461194,0,0,2.792,0,0,0,0,0,0,0,0,0,0
2461204,0,0,2.792,0,0,0,0,0,0,0,0,0,0
2461214,0,0,2.792,0,0,0,0,0,0,0,0,0,0
2461224,0,0,2.792,0,0,0,0,0,0,0,0,0,0
2461234,0,0,2.792,0,0,0,0,0,0,0,0,0,0
2461244,0,0,2.792,0,0,0,0,0,0,0,0,0,0
2461254,0,0,2.792,0,0,0,0,0,0,0,0,0,0
2461264,0,0,2.792,0,0,0,0,0,0,0,0,0,0
2461274,0,0,2.792,0,0,0,0,0,0,0,0,0,0
2461284,0,0,2.792,0,0,0,0,0,0,0,0,0,0
2461294,0,0,2.792,0,0,0,0,0,0,0,0,0,0
2461304,0,0,2.792,0,0,0,0,0,0,0,0,0,0
2461314,0,0,2.792,0,0,0,0,0,0,0,0,0,0
2461324,0,0,2.792,0,0,0,0,0,0,0,0,0,0
2461334,0,0,2.792,0,0,0,0,0,0,0,0,0,0
2461344,0,0,2.792,0,0,0,0,0,0,0,0,0,0
2461354,0,0,2.792,0,0,0,0,0,0,0,0,0,0
2461364,0,0,2.792,0,0,0,0,0,0,0,0,0,0
2461374,0,0,2.792,0,0,0,0,0,0,0,0,0,0
2461384,0,0,2.792,0,0,0,0,0,0,0,0,0,0
2461394,0,0,2.792,0,0,0,0,0,0,0,0,0,0
2461404,0,0,2.792,0,0,0,0,0,0,0,0,0,0
2461414,0,0,2.792,0,0,0,0,0,0,0,0,0,0
2461424,0,0,2.792,0,0,0,0,0,0,0,0,0,0
2461434,0,0,2.792,0,0.003,0,0,0,0,0,0,0,0
2461444,0,0,2.792,0,0,0,0,0,0,0,0,0,0
2461454,0,0,2.792,0,-0.001,0,0,0,0,0,0,0,0
2461464,0,0,2.792,0,0,0,0,0,0,0,0,0,0
2461474,0,0,2.792,0,0,0,0,0,0,0,0,0,0
2461484,0,0,2.792,0,0,0,0,0,0,0,0,0,0
2461494,0,0,2.792,0,0,0,0,0,0,0,0,0,0
2461504,0,0,2.792,0,0.002,0,0,0,0,0,0,0,0
2461514,0,0,2.792,0,0,0,0,0,0,0,0,0,0
2461524,0,0,2.792,0,0,0,0,0,0,0,0,0,0
2461534,0,0,2.792,0,0.001,0,0,0,0,0,0,0,0
2461544,0,0,2.792,0,0,0,0,0,0,0,0,0,0
2461554,0,0,2.792,0,0,0,0,0,0,0,0,0,0
2461564,0,0,2.792,0,0,0,0,0,0,0,0,0,0
2461574,0,0,2.792,0,0,0,0,0,0,0,0,0,0
2461584,0,0,2.792,0,0,0,0,0,0,0,0,0,0
2461594,0,0,2.792,-0.002,-0.002,0,0,0,0,0,0,0,0
2461604,0,0,2.792,0,-0.001,0,0,0,0,0,0,0,0
2461614,0,0,2.792,0,-0.002,0,0,0,0,0,0,0,0
2461624,0,0,2.792,0,0,0,0,0,0,0,0,0,0
2461634,0,0,2.792,0,0,0,0,0,0,0,0,0,0
2461644,0,0,2.792,0,0,0,0,0,0,0,0,0,0
2461654,0,0,2.792,0,-0.002,0,0,0,0,0,0,0,0
2461664,0,0,2.792,0,-0.002,0,0,0,0,0,0,0,0
2461674,0,0,2.792,0,0.002,0,0,0,0,0,0,0,0
2461684,0,0,2.792,0,-0.002,0,0,0,0,0,0,0,0
2461694,0,0,2.792,0,0,0,0,0,0,0,0,0,0
2461704,0,0,2.792,0,0.004,0,0,0,0,0,0,0,0
2461714,0,0,2.792,0,0,0,0,0,0,0,0,0,0
2461724,0,0,2.792,0,0.002,0,0,0,0,0,0,0,0
2461734,0,0,2.792,0,0,0,0,0,0,0,0,0,0
2461744,0,0,2.792,0,0,0,0,0,0,0,0,0,0
2461754,0,0,2.792,0,0,0,0,0,0,0,0,0,0
2461764,0,0,2.792,0,0,0,0,0,0,0,0,0,0
2461774,0,0,2.792,0,0,0,0,0,0,0,0,0,0
2461784,0,0,2.792,0,0,0,0,0,0,0,0,0,0
2461794,0,0,2.792,0,0,0,0,0,0,0,0,0,0
2461804,0,0,2.792,0,0,0,0,0,0,0,0,0,0
2461814,0,0,2.792,0,0,0,0,0,0,0,0,0,0
2461824,0,0,2.792,0,0,0,0,0,0,0,0,0,0
2461834,0,0,2.792,0,0,0,0,0,0,0,0,0,0
2461844,0,0,2.792,0,0.002,0,0,0,0,0,0,0,0
2461854,0,0,2.792,0,0,0,0,0,0,0,0,0,0
2461864,0,0,2.792,0,0,0,0,0,0,0,0,0,0
2461874,0,0,2.792,0,0,0,0,0,0,0,0,0,0
2461884,0,0,2.792,0,0,0,0,0,0,0,0,0,0
2461894,0,0,2.792,0,0,0,0,0,0,0,0,0,0
2461904,0,0,2.792,0,0,0,0,0,0,0,0,0,0
2461914,0,0,2.792,0,0,0,0,0,0,0,0,0,0
2461924,0,0,2.792,0,0,0,0,0,0,0,0,0,0
2461934,0,0,2.792,0,0,0,0,0,0,0,0,0,0
2461944,0,0,2.792,0,0,0,0,0,0,0,0,0,0
2461954,0,0,2.792,0,0,0,0,0,0,0,0,0,0
2461964,0,0,2.792,0,0,0,0,0,0,0,0,0,0
2461974,0,0,2.792,0,0,0,0,0,0,0,0,0,0
2461984,0,0,2.792,0,0,0,0,0,0,0,0,0,0
2461994,0,0,2.792,0,0.003,0,0,0,0,0,0,0,0
2462004,0,0,2.792,0,-0.003,0,0,0,0,0,0,0,0
2462014,0,0,2.792,0,0.001,0,0,0,0,0,0,0,0
2462024,0,0,2.792,0,0.004,0,0,0,0,0,0,0,0
2462034,0,0,2.792,0,0,0,0,0,0,0,0,0,0
2462044,0,0,2.792,0,0,0,0,0,0,0,0,0,0
2462054,0,0,2.792,0,0,0,0,0,0,0,0,0,0
2462064,0,0,2.792,0,0,0,0,0,0,0,0,0,0
2462074,0,0,2.792,0,0,0,0,0,0,0,0,0,0
2462084,0,0,2.792,0,0,0,0,0,0,0,0,0,0
2462094,0,0,2.792,0,0,0,0,0,0,0,0,0,0
2462104,0,0,2.792,0,0,0,0,0,0,0,0,0,0
2462114,0,0,2.792,0,0,0,0,0,0,0,0,0,0
2462124,0,0,2.792,0,0,0,0,0,0,0,0,0,0
2462134,0,0,2.792,0,0,0,0,0,0,0,0,0,0
2462144,0,0,2.792,0,0,0,0,0,0,0,0,0,0
2462154,0,0,2.792,0,0,0,0,0,0,0,0,0,0
2462164,0,0,2.792,0,0,0,0,0,0,0,0,0,0
2462174,0,0,2.792,0,0,0,0,0,0,0,0,0,0
2462184,0,0,2.792,0,0,0,0,0,0,0,0,0,0
2462194,0,0,2.792,0,0,0,0,0,0,0,0,0,0
2462204,0,0,2.792,0,0,0,0,0,0,0,0,0,0
2462214,0,0,2.792,0,0,0,0,0,0,0,0,0,0
2462224,0,0,2.792,0,0,0,0,0,0,0,0,0,0
2462234,0,0,2.792,0,0,0,0,0,0,0,0,0,0
2462244,0,0,2.792,0,0,0,0,0,0,0,0,0,0
2462254,0,0,2.792,0,0,0,0,0,0,0,0,0,0
2462264,0,0,2.792,0,0,0,0,0,0,0,0,0,0
2462274,0,0,2.792,0,0,0,0,0,0,0,0,0,0
2462284,0,0,2.792,0,0,0,0,0,0,0,0,0,0
2462294,0,0,2.792,0,0,0,0,0,0,0,0,0,0
2462304,0,0,2.792,0,0,0,0,0,0,0,0,0,0
2462314,0,0,2.792,0,0,0,0,0,0,0,0,0,0
2462324,0,0,2.792,0,0,0,0,0,0,0,0,0,0
2462334,0,0,2.792,0,0,0,0,0,0,0,0,0,0
2462344,0,0,2.792,0,0,0,0,0,0,0,0,0,0
2462354,0,0,2.792,0,0,0,0,0,0,0,0,0,0
2462364,0,0,2.792,0,0,0,0,0,0,0,0,0,0
2462374,0,0,2.792,0,0,0,0,0,0,0,0,0,0
2462384,0,0,2.792,0,0,0,0,0,0,0,0,0,0
2462394,0,0,2.792,0,0,0,0,0,0,0,0,0,0
2462404,0,0,2.792,0,0,0,0,0,0,0,0,0,0
2462414,0,0,2.792,0,0,0,0,0,0,0,0,0,0
2462424,0,0,2.792,0,0,0,0,0,0,0,0,0,0
2462434,0,0,2.792,0,0,0,0,0,0,0,0,0,0
2462444,0,0,2.792,0,0,0,0,0,0,0,0,0,0
2462454,0,0,2.792,0,0,0,0,0,0,0,0,0,0
2462464,0,0,2.792,0,0,0,0,0,0,0,0,0,0
2462474,0,0,2.792,0,0,0,0,0,0,0,0,0,0
2462484,0,0,2.792,0,0,0,0,0,0,0,0,0,0
2462494,0,0,2.792,0,0,0,0,0,0,0,0,0,0
2462504,0,0,2.792,0,0,0,0,0,0,0,0,0,0
2462514,0,0,2.792,0,0,0,0,0,0,0,0,0,0
2462524,0,0,2.792,0,0,0,0,0,0,0,0,0,0
2462534,0,0,2.792,0,0,0,0,0,0,0,0,0,0
2462544,0,0,2.792,0,0,0,0,0,0,0,0,0,0
2462554,0,0,2.792,0,0,0,0,0,0,0,0,0,0
2462564,0,0,2.792,0,0,0,0,0,0,0,0,0,0
2462574,0,0,2.792,0,0,0,0,0,0,0,0,0,0
2462584,0,0,2.792,0,0,0,0,0,0,0,0,0,0
2462594,0,0,2.792,-0.002,0,0,0,0,0,0,0,0,0
2462604,0,0,2.792,0,0,0,0,0,0,0,0,0,0
2462614,0,0,2.792,0.002,0,0,0,0,0,0,0,0,0
2462624,0,0,2.792,0,0,0,0,0,0,0,0,0,0
2462634,0,0,2.792,0,0,0,0,0,0,0,0,0,0
2462644,0,0,2.792,0,0,0,0,0,0,0,0,0,0
2462654,0,0,2.792,0,0,0,0,0,0,0,0,0,0
2462664,0,0,2.792,0,0,0,0,0,0,0,0,0,0
2462674,0,0,2.792,0,0,0,0,0,0,0,0,0,0
2462684,0,0,2.792,0,0,0,0,0,0,0,0,0,0
2462694,0,0,2.792,0,0,0,0,0,0,0,0,0,0
2462704,0,0,2.792,0,0,0,0,0,0,0,0,0,0
2462714,0,0,2.792,0,0,0,0,0,0,0,0,0,0
2462724,0,0,2.792,0.002,0,0.003,0,0,0,0.003,0,0.003,0
2462734,0,0,2.792,0,0,0,0,0,0,0.001,0,0.001,0
2462744,0,0,2.792,0,0,0,0,0,0,0,0,0,0
2462754,0,0,2.792,0,0,0,0,0,0,0,0,0,0
2462764,0,0,2.792,0,0,0,0,0,0,0,0,0,0
2462774,0,0,2.792,0,0,0,0,0,0,0,0,0,0
2462784,0,0,2.792,0,0,0,0,0,0,0,0,0,0
2462794,0,0,2.792,0,0,0,0,0,0,0,0,0,0
2462804,0,0,2.792,0,0,0,0,0,0,0,0,0,0
2462814,0,0,2.792,0,0,0,0,0,0,0,0,0,0
2462824,0,0,2.792,0,0,0,0,0,0,0,0,0,0
2462834,0,0,2.792,0,0,0,0,0,0,0,0,0,0
2462844,0,0,2.792,0,0,0,0,0,0,0,0,0,0
2462854,0,0,2.792,0,0,0,0,0,0,0,0,0,0
2462864,0,0,2.792,0,0,0,0,0,0,0,0,0,0
2462874,0,0,2.792,0,0,0,0,0,0,0,0,0,0
2462884,0,0,2.792,0,0,0,0,0,0,0,0,0,0
2462894,0,0,2.792,0,0,0,0,0,0,0,0,0,0
2462904,0,0,2.792,0,0,0,0,0,0,0,0,0,0
2462914,0,0,2.792,0,0,0,0,0,0,0,0,0,0
2462924,0,0,2.792,0,0,0,0,0,0,0,0,0,0
2462934,0,0,2.792,0,0,0,0,0,0,0,0,0,0
2462944,0,0,2.792,0,0,0,0,0,0,0,0,0,0
2462954,0,0,2.792,0,0,0,0,0,0,0,0,0,0
2462964,0,0,2.792,0,0,0,0,0,0,0,0,0,0
2462974,0,0,2.792,0,0,0,0,0,0,0,0,0,0
2462984,0,0,2.792,0,0,0,0,0,0,0,0,0,0
2462994,0,0,2.792,0,0,0,0,0,0,0,0,0,0
2463004,0,0,2.792,0,0,0,0,0,0,0,0,0,0
2463014,0,0,2.792,0,0,0,0,0,0,0,0,0,0
2463024,0,0,2.792,0,0,0,0,0,0,0,0,0,0
2463034,0,0,2.792,0,0,0,0,0,0,0,0,0,0
2463044,0,0,2.792,0,0,0,0,0,0,0,0,0,0
2463054,0,0,2.792,0,0,0,0,0,0,0,0,0,0
2463064,0,0,2.792,0,0,0,0,0,0,0,0,0,0
2463074,0,0,2.792,0,0,0,0,0,0,0,0,0,0
2463084,0,0,2.792,0,0,0,0,0,0,0,0,0,0
2463094,0,0,2.792,0,0,0,0,0,0,0,0,0,0
2463104,0,0,2.792,0,0,0,0,0,0,0,0,0,0
2463114,0,0,2.792,0,0,0,0,0,0,0,0,0,0
2463124,0,0,2.792,0,0,0,0,0,0,0,0,0,0
2463135,0,0,2.792,0,0,0,0,0,0,0,0,0,0
2463145,0,0,2.792,0,0,0,0,0,0,0,0,0,0
2463155,0,0,2.792,0,0,0,0,0,0,0,0,0,0
2463165,0,0,2.792,0,0,0,0,0,0,0,0,0,0
2463175,0,0,2.792,0,0,0,0,0,0,0,0,0,0
2463185,0,0,2.792,0,0,0,0,0,0,0,0,0,0
2463195,0,0,2.792,0,0,0,0,0,0,0,0,0,0
2463205,0,0,2.792,0,0,0,0,0,0,0,0,0,0
2463215,0,0,2.792,0,0,0,0,0,0,0,0,0,0
2463225,0,0,2.792,0,0,0,0,0,0,0,0,0,0
2463235,0,0,2.792,0,0,0,0,0,0,0,0,0,0
2463245,0,0,2.792,0,0,0,0,0,0,0,0,0,0
2463255,0,0,2.792,0,0,0,0,0,0,0,0,0,0
2463265,0,0,2.792,0,0,0,0,0,0,0,0,0,0
2463275,0,0,2.792,0,0,0,0,0,0,0,0,0,0
2463285,0,0,2.792,0,0,0,0,0,0,0,0,0,0
2463295,0,0,2.792,0,0,0,0,0,0,0,0,0,0
2463305,0,0,2.792,0,0,0,0,0,0,0,0,0,0
2463315,0,0,2.792,0,0,0,0,0,0,0,0,0,0
2463325,0,0,2.792,0,0,0,0,0,0,0,0,0,0
2463335,0,0,2.792,0,0,0,0,0,0,0,0,0,0
2463345,0,0,2.792,0,0,0,0,0,0,0,0,0,0
2463355,0,0,2.792,0,0,0,0,0,0,0,0,0,0
2463365,0,0,2.792,0,0,0,0,0,0,0,0,0,0
2463375,0,0,2.792,0,0,0,0,0,0,0,0,0,0
2463385,0,0,2.792,0,0,0,0,0,0,0,0,0,0
2463395,0,0,2.792,0,0,0,0,0,0,0,0,0,0
2463405,0,0,2.792,0,0,0,0,0,0,0,0,0,0
2463415,0,0,2.792,0,0,0,0,0,0,0,0,0,0
2463425,0,0,2.792,0,0,0,0,0,0,0,0,0,0
2463434,0,0,2.792,0,0,0,0,0,0,0,0,0,0
2463444,0,0,2.792,0,0,0,0,0,0,0,0,0,0
2463454,0,0,2.792,0,0,0,0,0,0,0,0,0,0
2463464,0,0,2.792,0,0,0,0,0,0,0,0,0,0
2463474,0,0,2.792,0,0,0,0,0,0,0,0,0,0
2463484,0,0,2.792,0,0,0,0,0,0,0,0,0,0
2463494,0,0,2.792,0,0,0,0,0,0,0,0,0,0
2463504,0,0,2.792,0,0,0,0,0,0,0,0,0,0
2463514,0,0,2.792,0,0,0,0,0,0,0,0,0,0
2463524,0,0,2.792,0,0,0,0,0,0,0,0,0,0
2463535,0,0,2.792,0,0,0,0,0,0,0,0,0,0
2463545,0,0,2.792,0,0,0,0,0,0,0,0,0,0
2463555,0,0,2.792,0,0,0,0,0,0,0,0,0,0
2463565,0,0,2.792,0,0,0,0,0,0,0,0,0,0
2463575,0,0,2.792,0,0,0,0,0,0,0,0,0,0
2463585,0,0,2.792,0.011,0.002,0.001,0,0,0,0,0,0,0
2463595,0,0,2.792,0.001,0,0.003,0,0,0,0.003,0.001,0.003,0.001
2463605,0,0,2.792,0,0,0,0,0,0,0.001,0,0.001,0
2463615,0,0,2.792,0,0,0,0,0,0,0,0,0,0
2463625,0,0,2.792,0,0,0,0,0,0,0,0,0,0
2463635,0,0,2.792,0,0,0,0,0,0,0,0,0,0
2463645,0,0,2.792,0,0,0,0,0,0,0,0,0,0
2463655,0,0,2.792,0,0,0,0,0,0,0,0,0,0
2463665,0,0,2.792,0,0,0,0,0,0,0,0,0,0
2463675,0,0,2.792,0,0,0,0,0,0,0,0,0,0
2463685,0,0,2.792,0,0,0,0,0,0,0,0,0,0
2463695,0,0,2.792,0,0,0,0,0,0,0,0,0,0
2463705,0,0,2.792,0,0,0,0,0,0,0,0,0,0
2463715,0,0,2.792,0,0,0,0,0,0,0,0,0,0
2463725,0,0,2.792,0,0,0,0,0,0,0,0,0,0
2463735,0,0,2.792,0,0,0,0,0,0,0,0,0,0
2463745,0,0,2.792,0,0,0,0,0,0,0,0,0,0
2463755,0,0,2.792,0,0,0,0,0,0,0,0,0,0
2463765,0,0,2.792,0,0,0,0,0,0,0,0,0,0
2463775,0,0,2.792,0,0,0,0,0,0,0,0,0,0
2463785,0,0,2.792,0,0,0,0,0,0,0,0,0,0
2463795,0,0,2.792,0,0,0,0,0,0,0,0,0,0
2463805,0,0,2.792,0,0,0,0,0,0,0,0,0,0
2463815,0,0,2.792,0,0,0,0,0,0,0,0,0,0
2463825,0,0,2.792,0,0,0,0,0,0,0,0,0,0
2463835,0,0,2.792,0,0,0,0,0,0,0,0,0,0
2463845,0,0,2.792,0,0,0,0,0,0,0,0,0,0
2463855,0,0,2.792,0,0,0,0,0,0,0,0,0,0
2463865,0,0,2.792,0,0,0,0,0,0,0,0,0,0
2463875,0,0,2.792,0,0,0,0,0,0,0,0,0,0
2463885,0,0,2.792,0,0,0,0,0,0,0,0,0,0
2463895,0,0,2.792,0,0,0,0,0,0,0,0,0,0
2463905,0,0,2.792,0,0,0,0,0,0,0,0,0,0
2463915,0,0,2.792,0,0,0,0,0,0,0,0,0,0
2463925,0,0,2.792,0,0,0,0,0,0,0,0,0,0
2463934,0,0,2.792,0,0,0,0,0,0,0,0,0,0
2463944,0,0,2.792,0,0,0,0,0,0,0,0,0,0
2463954,0,0,2.792,0,0,0,0,0,0,0,0,0,0
2463964,0,0,2.792,0,0,0,0,0,0,0,0,0,0
2463974,0,0,2.792,0,0,0,0,0,0,0,0,0,0
2463984,0,0,2.792,0,0,0,0,0,0,0,0,0,0
2463994,0,0,2.792,0,0,0,0,0,0,0,0,0,0
2464004,0,0,2.792,0,0,0,0,0,0,0,0,0,0
2464014,0,0,2.792,0,0,0,0,0,0,0,0,0,0
2464024,0,0,2.792,0,0,0,0,0,0,0,0,0,0
2464035,0,0,2.792,0,0,0,0,0,0,0,0,0,0
2464045,0,0,2.792,0,0,0,0,0,0,0,0,0,0
2464055,0,0,2.792,0,0,0,0,0,0,0,0,0,0
2464065,0,0,2.792,0,0,0,0,0,0,0,0,0,0
2464075,0,0,2.792,0,0,0,0,0,0,0,0,0,0
2464085,0,0,2.792,0,0,0,0,0,0,0,0,0,0
2464095,0,0,2.792,0,0,0,0,0,0,0,0,0,0
2464105,0,0,2.792,0,0,0,0,0,0,0,0,0,0
2464115,0,0,2.792,0,0,0,0,0,0,0,0,0,0
2464125,0,0,2.792,0,0,0,0,0,0,0,0,0,0
2464135,0,0,2.792,0,0,0,0,0,0,0,0,0,0
2464145,0,0,2.792,0,0,0,0,0,0,0,0,0,0
2464155,0,0,2.792,0,0,0,0,0,0,0,0,0,0
2464165,0,0,2.792,0,0,0,0,0,0,0,0,0,0
2464175,0,0,2.792,0,0,0,0,0,0,0,0,0,0
2464185,0,0,2.792,0,0,0,0,0,0,0,0,0,0
2464195,0,0,2.792,0,0,0,0,0,0,0,0,0,0
2464205,0,0,2.792,0,0,0,0,0,0,0,0,0,0
2464215,0,0,2.792,0,0,0,0,0,0,0,0,0,0
2464225,0,0,2.792,0,0,0,0,0,0,0,0,0,0
2464235,0,0,2.792,0,0,0,0,0,0,0,0,0,0
2464245,0,0,2.792,0,0,0,0,0,0,0,0,0,0
2464255,0,0,2.792,0,0,0,0,0,0,0,0,0,0
2464265,0,0,2.792,0,0,0,0,0,0,0,0,0,0
2464275,0,0,2.792,0,0,0,0,0,0,0,0,0,0
2464285,0,0,2.792,0,0,0,0,0,0,0,0,0,0
2464295,0,0,2.792,0,0,0,0,0,0,0,0,0,0
2464305,0,0,2.792,0,0,0,0,0,0,0,0,0,0
2464315,0,0,2.792,0,0,0,0,0,0,0,0,0,0
2464325,0,0,2.792,0,0,0,0,0,0,0,0,0,0
2464335,0,0,2.792,0,0,0,0,0,0,0,0,0,0
2464345,0,0,2.792,0,0,0,0,0,0,0,0,0,0
2464355,0,0,2.792,0,0,0,0,0,0,0,0,0,0
2464365,0,0,2.792,0,0,0,0,0,0,0,0,0,0
2464375,0,0,2.792,0,0,0,0,0,0,0,0,0,0
2464385,0,0,2.792,0,0,0,0,0,0,0,0,0,0
2464395,0,0,2.792,0,0,0,0,0,0,0,0,0,0
2464405,0,0,2.792,0,0,0,0,0,0,0,0,0,0
2464415,0,0,2.792,0,0,0,0,0,0,0,0,0,0
2464425,0,0,2.792,0,0,0,0,0,0,0,0,0,0
2464435,0,0,2.792,0,0,0,0,0,0,0,0,0,0
2464445,0,0,2.792,0,0,0,0,0,0,0,0,0,0
2464455,0,0,2.792,0,0,0,0,0,0,0,0,0,0
2464465,0,0,2.792,0,0,0,0,0,0,0,0,0,0
2464475,0,0,2.792,0,0,0,0,0,0,0,0,0,0
2464485,0,0,2.792,0,0,0,0,0,0,0,0,0,0
2464495,0,0,2.792,0,0,0,0,0,0,0,0,0,0
2464505,0,0,2.792,0,0,0,0,0,0,0,0,0,0
2464515,0,0,2.792,0,0,0,0,0,0,0,0,0,0
2464525,0,0,2.792,0,0,0,0,0,0,0,0,0,0
2464535,0,0,2.792,0,0,0,0,0,0,0,0,0,0
2464545,0,0,2.792,0,0,0,0,0,0,0,0,0,0
2464555,0,0,2.792,0,0,0,0,0,0,0,0,0,0
2464565,0,0,2.792,0,0,0,0,0,0,0,0,0,0
2464575,0,0,2.792,0,0,0,0,0,0,0,0,0,0
2464585,0,0,2.792,0,0,0,0,0,0,0,0,0,0
2464595,0,0,2.792,0,0,0,0,0,0,0,0,0,0
2464605,0,0,2.792,0,0,0,0,0,0,0,0,0,0
2464615,0,0,2.792,0,0,0,0,0,0,0,0,0,0
2464625,0,0,2.792,0,0,0,0,0,0,0,0,0,0
2464635,0,0,2.792,0,0,0,0,0,0,0,0,0,0
2464645,0,0,2.792,0,0,0,0,0,0,0,0,0,0
2464657,0,0,2.792,0,0,0,0,0,0,0,0,0,0
2464665,0,0,2.792,0,0,0,0,0,0,0,0,0,0
2464675,0,0,2.792,0,0,0,0,0,0,0,0,0,0
2464685,0,0,2.792,0,0,0,0,0,0,0,0,0,0
2464697,0,0,2.792,0,0,0,0,0,0,0,0,0,0
2464705,0,0,2.792,0,0,0,0,0,0,0,0,0,0
2464715,0,0,2.792,0,0,0,0,0,0,0,0,0,0
2464725,0,0,2.792,0,0,0,0,0,0,0,0,0,0
2464735,0,0,2.792,0,0,0,0,0,0,0,0,0,0
2464744,0,0,2.792,0,0,0,0,0,0,0,0,0,0
2464754,0,0,2.792,0,0,0,0,0,0,0,0,0,0
2464764,0,0,2.792,0,0,0,0,0,0,0,0,0,0
2464774,0,0,2.792,0,0,0,0,0,0,0,0,0,0
2464784,0,0,2.792,0,0,0,0,0,0,0,0,0,0
2464794,0,0,2.792,0,0,0,0,0,0,0,0,0,0
2464804,0,0,2.792,0,0,0,0,0,0,0,0,0,0
2464814,0,0,2.792,0,0,0,0,0,0,0,0,0,0
2464824,0,0,2.792,0,0,0,0,0,0,0,0,0,0
2464838,0,0,2.792,0,0,0,0,0,0,0,0,0,0
2464845,0,0,2.792,0,0,0,0,0,0,0,0,0,0
2464855,0,0,2.792,0,0,0,0,0,0,0,0,0,0
2464865,0,0,2.792,0,0,0,0,0,0,0,0,0,0
2464875,0,0,2.792,0,0,0,0,0,0,0,0,0,0
2464885,0,0,2.792,0,0,0,0,0,0,0,0,0,0
2464895,0,0,2.792,0,0,0,0,0,0,0,0,0,0
2464905,0,0,2.792,0,0,0,0,0,0,0,0,0,0
2464916,0,0,2.792,0,0,0,0,0,0,0,0,0,0
2464925,0,0,2.792,0,0,0,0,0,0,0,0,0,0
2464935,0,0,2.792,0,0,0,0,0,0,0,0,0,0
2464944,0,0,2.792,0,0,0,0,0,0,0,0,0,0
2464954,0,0,2.792,0,0,0,0,0,0,0,0,0,0
2464964,0,0,2.792,0,0,0,0,0,0,0,0,0,0
2464974,0,0,2.792,0,0,0,0,0,0,0,0,0,0
2464984,0,0,2.792,0,0,0,0,0,0,0,0,0,0
2464994,0,0,2.792,0,0,0,0,0,0,0,0,0,0
2465004,0,0,2.792,0,0,0,0,0,0,0,0,0,0
2465014,0,0,2.792,0,0,0,0,0,0,0,0,0,0
2465024,0,0,2.792,0,0,0,0,0,0,0,0,0,0
2465038,0,0,2.792,0,0,0,0,0,0,0,0,0,0
2465045,0,0,2.792,0,0,0,0,0,0,0,0,0,0
2465055,0,0,2.792,0,0,0,0,0,0,0,0,0,0
2465065,0,0,2.792,0,0,0,0,0,0,0,0,0,0
2465075,0,0,2.792,0,0,0,0,0,0,0,0,0,0
2465085,0,0,2.792,0,0,0,0,0,0,0,0,0,0
2465095,0,0,2.792,0,0,0,0,0,0,0,0,0,0
2465105,0,0,2.792,0,0,0,0,0,0,0,0,0,0
2465115,0,0,2.792,0,0,0,0,0,0,0,0,0,0
2465125,0,0,2.792,0,0,0,0,0,0,0,0,0,0
2465135,0,0,2.792,0,0,0,0,0,0,0,0,0,0
2465145,0,0,2.792,0,0,0,0,0,0,0,0,0,0
2465155,0,0,2.792,0,0,0,0,0,0,0,0,0,0
2465165,0,0,2.792,0,0,0,0,0,0,0,0,0,0
2465175,0,0,2.792,0,0,0,0,0,0,0,0,0,0
2465185,0,0,2.792,0,0,0,0,0,0,0,0,0,0
2465195,0,0,2.792,0,0,0,0,0,0,0,0,0,0
2465205,0,0,2.792,0,0,0,0,0,0,0,0,0,0
2465215,0,0,2.792,0,0,0,0,0,0,0,0,0,0
2465225,0,0,2.792,0,0,0,0,0,0,0,0,0,0
2465235,0,0,2.792,0,0,0,0,0,0,0,0,0,0
2465245,0,0,2.792,0,0,0,0,0,0,0,0,0,0
2465255,0,0,2.792,0,0,0,0,0,0,0,0,0,0
2465265,0,0,2.792,0,0,0,0,0,0,0,0,0,0
2465275,0,0,2.792,0,0,0,0,0,0,0,0,0,0
2465285,0,0,2.792,0,0,0,0,0,0,0,0,0,0
2465295,0,0,2.792,0,0,0,0,0,0,0,0,0,0
2465305,0,0,2.792,0,0,0,0,0,0,0,0,0,0
2465315,0,0,2.792,0,0,0,0,0,0,0,0,0,0
2465325,0,0,2.792,0,0,0,0,0,0,0,0,0,0
2465335,0,0,2.792,0,0,0,0,0,0,0,0,0,0
2465345,0,0,2.792,0,0,0,0,0,0,0,0,0,0
2465355,0,0,2.792,0,0,0,0,0,0,0,0,0,0
2465365,0,0,2.792,0,0,0,0,0,0,0,0,0,0
2465375,0,0,2.792,0,0,0,0,0,0,0,0,0,0
2465385,0,0,2.792,0,0,0,0,0,0,0,0,0,0
2465395,0,0,2.792,0,0,0,0,0,0,0,0,0,0
2465405,0,0,2.792,0,0,0,0,0,0,0,0,0,0
2465415,0,0,2.792,0,0,0,0,0,0,0,0,0,0
2465425,0,0,2.792,0,0,0,0,0,0,0,0,0,0
2465435,0,0,2.792,0,0,0,0,0,0,0,0,0,0
2465444,0,0,2.792,0,0,0,0,0,0,0,0,0,0
2465454,0,0,2.792,0,0,0,0,0,0,0,0,0,0
2465464,0,0,2.792,0,0,0,0,0,0,0,0,0,0
2465474,0,0,2.792,0,0,0,0,0,0,0,0,0,0
2465484,0,0,2.792,0,0,0,0,0,0,0,0,0,0
2465494,0,0,2.792,0,0,0,0,0,0,0,0,0,0
2465504,0,0,2.792,0,0,0,0,0,0,0,0,0,0
2465514,0,0,2.792,0,0,0,0,0,0,0,0,0,0
2465524,0,0,2.792,0,0,0,0,0,0,0,0,0,0
2465534,0,0,2.792,0,0,0,0,0,0,0,0,0,0
2465544,0,0,2.792,0,0,0,0,0,0,0,0,0,0
2465554,0,0,2.792,0,0,0,0,0,0,0,0,0,0
2465564,0,0,2.792,0,0,0,0,0,0,0,0,0,0
2465574,0,0,2.792,0,0,0,0,0,0,0,0,0,0
2465584,0,0,2.792,0,0,0,0,0,0,0,0,0,0
2465594,0,0,2.792,0,0,0,0,0,0,0,0,0,0
2465604,0,0,2.792,0,0,0,0,0,0,0,0,0,0
2465614,0,0,2.792,0,0,0,0,0,0,0,0,0,0
2465624,0,0,2.792,0,0,0,0,0,0,0,0,0,0
2465634,0,0,2.792,0,0,0,0,0,0,0,0,0,0
2465644,0,0,2.792,0,0,0,0,0,0,0,0,0,0
2465654,0,0,2.792,0,0,0,0,0,0,0,0,0,0
2465664,0,0,2.792,0,0,0,0,0,0,0,0,0,0
2465674,0,0,2.792,0,0,0,0,0,0,0,0,0,0
2465684,0,0,2.792,0,0,0,0,0,0,0,0,0,0
2465694,0,0,2.792,0,0,0,0,0,0,0,0,0,0
2465704,0,0,2.792,0,0,0,0,0,0,0,0,0,0
2465714,0,0,2.792,0,0,0,0,0,0,0,0,0,0
2465724,0,0,2.792,0,0,0,0,0,0,0,0,0,0
2465734,0,0,2.792,0,0,0,0,0,0,0,0,0,0
2465744,0,0,2.792,0,0,0,0,0,0,0,0,0,0
2465754,0,0,2.792,0,0,0,0,0,0,0,0,0,0
2465764,0,0,2.792,0,0,0,0,0,0,0,0,0,0
2465774,0,0,2.792,0,0,0,0,0,0,0,0,0,0
2465784,0,0,2.792,0,0,0,0,0,0,0,0,0,0
2465794,0,0,2.792,0,0,0,0,0,0,0,0,0,0
2465804,0,0,2.792,0,0,0,0,0,0,0,0,0,0
2465814,0,0,2.792,0,0,0,0,0,0,0,0,0,0
2465824,0,0,2.792,0,0,0,0,0,0,0,0,0,0
2465834,0,0,2.792,0,0,0,0,0,0,0,0,0,0
2465844,0,0,2.792,0,0,0,0,0,0,0,0,0,0
2465854,0,0,2.792,0,0,0,0,0,0,0,0,0,0
2465864,0,0,2.792,0,0,0,0,0,0,0,0,0,0
2465874,0,0,2.792,0,0,0,0,0,0,0,0,0,0
2465884,0,0,2.792,0,0,0,0,0,0,0,0,0,0
2465894,0,0,2.792,0,0,0,0,0,0,0,0,0,0
2465904,0,0,2.792,0,0,0,0,0,0,0,0,0,0
2465914,0,0,2.792,0,0,0,0,0,0,0,0,0,0
2465924,0,0,2.792,0,0,0,0,0,0,0,0,0,0
2465934,0,0,2.792,0,0,0,0,0,0,0,0,0,0
2465944,0,0,2.792,0,0,0,0,0,0,0,0,0,0
2465954,0,0,2.792,0,0,0,0,0,0,0,0,0,0
2465964,0,0,2.792,0,0,0,0,0,0,0,0,0,0
2465974,0,0,2.792,0,0,0,0,0,0,0,0,0,0
2465984,0,0,2.792,0,0,0,0,0,0,0,0,0,0
2465994,0,0,2.792,0,0,0,0,0,0,0,0,0,0
2466004,0,0,2.792,0,0,0,0,0,0,0,0,0,0
2466014,0,0,2.792,0,0,0,0,0,0,0,0,0,0
2466024,0,0,2.792,0,0,0,0,0,0,0,0,0,0
2466034,0,0,2.792,0,0,0,0,0,0,0,0,0,0
2466044,0,0,2.792,0,0,0,0,0,0,0,0,0,0
2466054,0,0,2.792,0,0,0,0,0,0,0,0,0,0
2466064,0,0,2.792,0,0,0,0,0,0,0,0,0,0
2466074,0,0,2.792,0,0,0,0,0,0,0,0,0,0
2466084,0,0,2.792,0,0,0,0,0,0,0,0,0,0
2466094,0,0,2.792,0,0,0,0,0,0,0,0,0,0
2466104,0,0,2.792,0,0,0,0,0,0,0,0,0,0
2466114,0,0,2.792,0,0,0,0,0,0,0,0,0,0
2466124,0,0,2.792,0,0,0,0,0,0,0,0,0,0
2466134,0,0,2.792,0,0,0,0,0,0,0,0,0,0
2466144,0,0,2.792,0,0,0,0,0,0,0,0,0,0
2466154,0,0,2.792,0,0,0,0,0,0,0,0,0,0
2466164,0,0,2.792,0,0,0,0,0,0,0,0,0,0
2466174,0,0,2.792,0,0,0,0,0,0,0,0,0,0
2466184,0,0,2.792,0,0,0,0,0,0,0,0,0,0
2466194,0,0,2.792,0,0,0,0,0,0,0,0,0,0
2466204,0,0,2.792,0,0,0,0,0,0,0,0,0,0
2466214,0,0,2.792,0,0,0,0,0,0,0,0,0,0
2466224,0,0,2.792,0,0,0,0,0,0,0,0,0,0
2466234,0,0,2.792,0,0,0,0,0,0,0,0,0,0
2466244,0,0,2.792,0,0,0,0,0,0,0,0,0,0
2466254,0,0,2.792,0,0,0,0,0,0,0,0,0,0
2466264,0,0,2.792,0,0,0,0,0,0,0,0,0,0
2466274,0,0,2.792,0,0,0,0,0,0,0,0,0,0
2466284,0,0,2.792,0,0,0,0,0,0,0,0,0,0
2466294,0,0,2.792,0,0,0,0,0,0,0,0,0,0
2466304,0,0,2.792,0,0,0,0,0,0,0,0,0,0
2466314,0,0,2.792,0,0,0,0,0,0,0,0,0,0
2466324,0,0,2.792,0,0,0,0,0,0,0,0,0,0
2466334,0,0,2.792,0,0,0,0,0,0,0,0,0,0
2466344,0,0,2.792,0,0,0,0,0,0,0,0,0,0
2466354,0,0,2.792,0,0,0,0,0,0,0,0,0,0
2466364,0,0,2.792,0,0,0,0,0,0,0,0,0,0
2466374,0,0,2.792,0,0,0,0,0,0,0,0,0,0
2466384,0,0,2.792,0,0,0,0,0,0,0,0,0,0
2466394,0,0,2.792,0,0,0,0,0,0,0,0,0,0
2466404,0,0,2.792,0,0,0,0,0,0,0,0,0,0
2466414,0,0,2.792,0,0,0,0,0,0,0,0,0,0
2466424,0,0,2.792,0,0,0,0,0,0,0,0,0,0
2466434,0,0,2.792,0,0,0,0,0,0,0,0,0,0
2466444,0,0,2.792,0,0,0,0,0,0,0,0,0,0
2466454,0,0,2.792,0,0,0,0,0,0,0,0,0,0
2466464,0,0,2.792,0,0,0,0,0,0,0,0,0,0
2466474,0,0,2.792,0,0,0,0,0,0,0,0,0,0
2466484,0,0,2.792,0,0,0,0,0,0,0,0,0,0
2466494,0,0,2.792,0,0,0,0,0,0,0,0,0,0
2466504,0,0,2.792,0,0,0,0,0,0,0,0,0,0
2466514,0,0,2.792,0,0,0,0,0,0,0,0,0,0
2466524,0,0,2.792,0,0,0,0,0,0,0,0,0,0
2466534,0,0,2.792,0,0,0,0,0,0,0,0,0,0
2466544,0,0,2.792,0,0,0,0,0,0,0,0,0,0
2466554,0,0,2.792,0,0,0,0,0,0,0,0,0,0
2466564,0,0,2.792,0,0,0,0,0,0,0,0,0,0
2466574,0,0,2.792,0,0,0,0,0,0,0,0,0,0
2466584,0,0,2.792,0,0,0,0,0,0,0,0,0,0
2466594,0,0,2.792,0,0,0,0,0,0,0,0,0,0
2466604,0,0,2.792,0,0,0,0,0,0,0,0,0,0
2466614,0,0,2.792,0,0,0,0,0,0,0,0,0,0
2466624,0,0,2.792,0,0,0,0,0,0,0,0,0,0
2466634,0,0,2.792,0,0,0,0,0,0,0,0,0,0
2466644,0,0,2.792,0,0,0,0,0,0,0,0,0,0
2466654,0,0,2.792,0,0,0,0,0,0,0,0,0,0
2466664,0,0,2.792,0,0,0,0,0,0,0,0,0,0
2466674,0,0,2.792,0,0,0,0,0,0,0,0,0,0
2466684,0,0,2.792,0,0,0,0,0,0,0,0,0,0
2466694,0,0,2.792,0,0,0,0,0,0,0,0,0,0
2466704,0,0,2.792,0,0,0,0,0,0,0,0,0,0
2466714,0,0,2.792,0,0,0,0,0,0,0,0,0,0
2466724,0,0,2.792,0,0,0,0,0,0,0,0,0,0
2466734,0,0,2.792,0,0,0,0,0,0,0,0,0,0
2466744,0,0,2.792,0,0,0,0,0,0,0,0,0,0
2466754,0,0,2.792,0,0,0,0,0,0,0,0,0,0
2466764,0,0,2.792,0,0,0,0,0,0,0,0,0,0
2466774,0,0,2.792,0,0,0,0,0,0,0,0,0,0
2466784,0,0,2.792,0,0,0,0,0,0,0,0,0,0
2466794,0,0,2.792,0,0,0,0,0,0,0,0,0,0
2466804,0,0,2.792,0,0,0,0,0,0,0,0,0,0
2466814,0,0,2.792,0,0,0,0,0,0,0,0,0,0
2466824,0,0,2.792,0,0,0,0,0,0,0,0,0,0
2466834,0,0,2.792,0,0,0,0,0,0,0,0,0,0
2466844,0,0,2.792,0,0,0,0,0,0,0,0,0,0
2466854,0,0,2.792,0,0,0,0,0,0,0,0,0,0
2466864,0,0,2.792,0,0,0,0,0,0,0,0,0,0
2466874,0,0,2.792,0,0,0,0,0,0,0,0,0,0
2466884,0,0,2.792,0,0,0,0,0,0,0,0,0,0
2466894,0,0,2.792,0,0,0,0,0,0,0,0,0,0
2466904,0,0,2.792,0,0,0,0,0,0,0,0,0,0
2466914,0,0,2.792,0,0,0,0,0,0,0,0,0,0
2466924,0,0,2.792,0,0,0,0,0,0,0,0,0,0
2466934,0,0,2.792,0,0,0,0,0,0,0,0,0,0
2466944,0,0,2.792,0,0,0,0,0,0,0,0,0,0
2466954,0,0,2.792,0,0,0,0,0,0,0,0,0,0
2466964,0,0,2.792,0,0,0,0,0,0,0,0,0,0
2466974,0,0,2.792,0,0,0,0,0,0,0,0,0,0
2466984,0,0,2.792,0,0,0,0,0,0,0,0,0,0
2466994,0,0,2.792,0,0,0,0,0,0,0,0,0,0
2467004,0,0,2.792,0,0,0,0,0,0,0,0,0,0
2467014,0,0,2.792,0,0,0,0,0,0,0,0,0,0
2467024,0,0,2.792,0,0,0,0,0,0,0,0,0,0
2467034,0,0,2.792,0,0,0,0,0,0,0,0,0,0
2467044,0,0,2.792,0,0,0,0,0,0,0,0,0,0
2467054,0,0,2.792,0,0,0,0,0,0,0,0,0,0
2467064,0,0,2.792,0,0,0,0,0,0,0,0,0,0
2467074,0,0,2.792,0,0,0,0,0,0,0,0,0,0
2467084,0,0,2.792,0,0,0,0,0,0,0,0,0,0
2467094,0,0,2.792,0,0,0,0,0,0,0,0,0,0
2467104,0,0,2.792,0,0,0,0,0,0,0,0,0,0
2467114,0,0,2.792,0,0,0,0,0,0,0,0,0,0
2467124,0,0,2.792,0,0,0,0,0,0,0,0,0,0
2467134,0,0,2.792,0,0,0,0,0,0,0,0,0,0
2467144,0,0,2.792,0,0,0,0,0,0,0,0,0,0
2467154,0,0,2.792,0,0,0,0,0,0,0,0,0,0
2467164,0,0,2.792,0,0,0,0,0,0,0,0,0,0
2467174,0,0,2.792,0,0,0,0,0,0,0,0,0,0
2467184,0,0,2.792,0,0,0,0,0,0,0,0,0,0
2467194,0,0,2.792,0,0,0,0,0,0,0,0,0,0
2467204,0,0,2.792,0,0,0,0,0,0,0,0,0,0
2467214,0,0,2.792,0,0,0,0,0,0,0,0,0,0
2467224,0,0,2.792,0,0,0,0,0,0,0,0,0,0
2467234,0,0,2.792,0,0,0,0,0,0,0,0,0,0
2467244,0,0,2.792,0,0,0,0,0,0,0,0,0,0
2467254,0,0,2.792,0,0,0,0,0,0,0,0,0,0
2467264,0,0,2.792,0,0,0,0,0,0,0,0,0,0
2467274,0,0,2.792,0,0,0,0,0,0,0,0,0,0
2467284,0,0,2.792,0,0,0,0,0,0,0,0,0,0
2467294,0,0,2.792,0,0,0,0,0,0,0,0,0,0
2467304,0,0,2.792,0,0,0,0,0,0,0,0,0,0
2467314,0,0,2.792,0,0,0,0,0,0,0,0,0,0
2467324,0,0,2.792,0,0,0,0,0,0,0,0,0,0
2467334,0,0,2.792,0,0,0,0,0,0,0,0,0,0
2467344,0,0,2.792,0,0,0,0,0,0,0,0,0,0
2467354,0,0,2.792,0,0,0,0,0,0,0,0,0,0
2467364,0,0,2.792,0,0,0,0,0,0,0,0,0,0
2467374,0,0,2.792,0,0,0,0,0,0,0,0,0,0
2467384,0,0,2.792,0,0,0,0,0,0,0,0,0,0
2467394,0,0,2.792,0,0,0,0,0,0,0,0,0,0
2467404,0,0,2.792,0,0,0,0,0,0,0,0,0,0
2467414,0,0,2.792,0,0,0,0,0,0,0,0,0,0
2467424,0,0,2.792,0,0,0,0,0,0,0,0,0,0
2467434,0,0,2.792,0,0,0,0,0,0,0,0,0,0
2467444,0,0,2.792,0,0,0,0,0,0,0,0,0,0
2467454,0,0,2.792,0,0,0,0,0,0,0,0,0,0
2467464,0,0,2.792,0,0,0,0,0,0,0,0,0,0
2467474,0,0,2.792,0,0,0,0,0,0,0,0,0,0
2467484,0,0,2.792,0,0,0,0,0,0,0,0,0,0
2467494,0,0,2.792,0,0,0,0,0,0,0,0,0,0
2467504,0,0,2.792,0,0,0,0,0,0,0,0,0,0
2467514,0,0,2.792,0,0,0,0,0,0,0,0,0,0
2467524,0,0,2.792,0,0,0,0,0,0,0,0,0,0
2467534,0,0,2.792,0,0,0,0,0,0,0,0,0,0
2467544,0,0,2.792,0,0,0,0,0,0,0,0,0,0
2467554,0,0,2.792,0,0,0,0,0,0,0,0,0,0
2467564,0,0,2.792,0,0,0,0,0,0,0,0,0,0
2467574,0,0,2.792,0,0,0,0,0,0,0,0,0,0
2467584,0,0,2.792,0,0,0,0,0,0,0,0,0,0
2467594,0,0,2.792,0,0,0,0,0,0,0,0,0,0
2467604,0,0,2.792,0,0,0,0,0,0,0,0,0,0
2467614,0,0,2.792,0,0,0,0,0,0,0,0,0,0
2467624,0,0,2.792,0,0,0,0,0,0,0,0,0,0
2467634,0,0,2.792,0,0,0,0,0,0,0,0,0,0
2467644,0,0,2.792,0,0,0,0,0,0,0,0,0,0
2467654,0,0,2.792,0,0,0,0,0,0,0,0,0,0
2467664,0,0,2.792,0,0,0,0,0,0,0,0,0,0
2467674,0,0,2.792,0,0,0,0,0,0,0,0,0,0
2467684,0,0,2.792,0,0,0,0,0,0,0,0,0,0
2467694,0,0,2.792,0,0,0,0,0,0,0,0,0,0
2467704,0,0,2.792,0,0,0,0,0,0,0,0,0,0
2467714,0,0,2.792,0,0,0,0,0,0,0,0,0,0
2467724,0,0,2.792,0,0,0,0,0,0,0,0,0,0
2467734,0,0,2.792,0,0,0,0,0,0,0,0,0,0
2467744,0,0,2.792,0,0,0,0,0,0,0,0,0,0
2467754,0,0,2.792,0,0,0,0,0,0,0,0,0,0
2467764,0,0,2.792,0,0,0,0,0,0,0,0,0,0
2467774,0,0,2.792,0,0,0,0,0,0,0,0,0,0
2467784,0,0,2.792,0,0,0,0,0,0,0,0,0,0
2467794,0,0,2.792,0,0,0,0,0,0,0,0,0,0
2467804,0,0,2.792,0,0,0,0,0,0,0,0,0,0
2467814,0,0,2.792,0,0,0,0,0,0,0,0,0,0
2467824,0,0,2.792,0,0,0,0,0,0,0,0,0,0
2467834,0,0,2.792,0,0,0,0,0,0,0,0,0,0
2467844,0,0,2.792,0,0,0,0,0,0,0,0,0,0
2467854,0,0,2.792,0,0,0,0,0,0,0,0,0,0
2467864,0,0,2.792,0,0,0,0,0,0,0,0,0,0
2467874,0,0,2.792,0,0,0,0,0,0,0,0,0,0
2467884,0,0,2.792,0,0,0,0,0,0,0,0,0,0
2467894,0,0,2.792,0,0,0,0,0,0,0,0,0,0
2467904,0,0,2.792,0,0,0,0,0,0,0,0,0,0
2467914,0,0,2.792,0,0,0,0,0,0,0,0,0,0
2467924,0,0,2.792,0,0,0,0,0,0,0,0,0,0
2467934,0,0,2.792,0,0,0,0,0,0,0,0,0,0
2467944,0,0,2.792,0,0,0,0,0,0,0,0,0,0
2467954,0,0,2.792,0,0,0,0,0,0,0,0,0,0
2467964,0,0,2.792,0,0,0,0,0,0,0,0,0,0
2467974,0,0,2.792,0,0,0,0,0,0,0,0,0,0
2467984,0,0,2.792,0,0,0,0,0,0,0,0,0,0
2467994,0,0,2.792,0,0,0,0,0,0,0,0,0,0
2468004,0,0,2.792,0,0,0,0,0,0,0,0,0,0
2468014,0,0,2.792,0,0,0,0,0,0,0,0,0,0
2468024,0,0,2.792,0,0,0,0,0,0,0,0,0,0
2468034,0,0,2.792,0,0,0,0,0,0,0,0,0,0
2468044,0,0,2.792,0,0,0,0,0,0,0,0,0,0
2468054,0,0,2.792,0,0,0,0,0,0,0,0,0,0
2468064,0,0,2.792,0,0,0,0,0,0,0,0,0,0
2468074,0,0,2.792,0,0,0,0,0,0,0,0,0,0
2468084,0,0,2.792,0,0,0,0,0,0,0,0,0,0
2468094,0,0,2.792,0,0,0,0,0,0,0,0,0,0
2468104,0,0,2.792,0,0,0,0,0,0,0,0,0,0
2468114,0,0,2.792,0,0,0,0,0,0,0,0,0,0
2468124,0,0,2.792,0,0,0,0,0,0,0,0,0,0
2468134,0,0,2.792,0,0,0,0,0,0,0,0,0,0
2468144,0,0,2.792,0,0,0,0,0,0,0,0,0,0
2468154,0,0,2.792,0,0,0,0,0,0,0,0,0,0
2468164,0,0,2.792,0,0,0,0,0,0,0,0,0,0
2468174,0,0,2.792,0,0,0,0,0,0,0,0,0,0
2468184,0,0,2.792,0,0,0,0,0,0,0,0,0,0
2468194,0,0,2.792,0,0,0,0,0,0,0,0,0,0
2468204,0,0,2.792,0,0,0,0,0,0,0,0,0,0
2468214,0,0,2.792,0,0,0,0,0,0,0,0,0,0
2468224,0,0,2.792,0,0,0,0,0,0,0,0,0,0
2468234,0,0,2.792,0,0,0,0,0,0,0,0,0,0
2468244,0,0,2.792,0,0,0,0,0,0,0,0,0,0
2468254,0,0,2.792,0,0,0,0,0,0,0,0,0,0
2468264,0,0,2.792,0,0,0,0,0,0,0,0,0,0
2468274,0,0,2.792,0,0,0,0,0,0,0,0,0,0
2468284,0,0,2.792,0,0,0,0,0,0,0,0,0,0
2468294,0,0,2.792,0,0,0,0,0,0,0,0,0,0
2468304,0,0,2.792,0,0,0,0,0,0,0,0,0,0
2468314,0,0,2.792,0,0,0,0,0,0,0,0,0,0
2468324,0,0,2.792,0,0,0,0,0,0,0,0,0,0
2468334,0,0,2.792,0,0,0,0,0,0,0,0,0,0
2468344,0,0,2.792,0,0,0,0,0,0,0,0,0,0
2468354,0,0,2.792,0,0,0,0,0,0,0,0,0,0
2468364,0,0,2.792,0,0,0,0,0,0,0,0,0,0
2468374,0,0,2.792,0,0,0,0,0,0,0,0,0,0
2468384,0,0,2.792,0,0,0,0,0,0,0,0,0,0
2468394,0,0,2.792,0,0,0,0,0,0,0,0,0,0
2468404,0,0,2.792,0,0,0,0,0,0,0,0,0,0
2468414,0,0,2.792,0,0,0,0,0,0,0,0,0,0
2468424,0,0,2.792,0,0,0,0,0,0,0,0,0,0
2468434,0,0,2.792,0,0,0,0,0,0,0,0,0,0
2468444,0,0,2.792,0,0,0,0,0,0,0,0,0,0
2468454,0,0,2.792,0,0,0,0,0,0,0,0,0,0
2468464,0,0,2.792,0,0,0,0,0,0,0,0,0,0
2468474,0,0,2.792,0,0,0,0,0,0,0,0,0,0
2468484,0,0,2.792,0,0,0,0,0,0,0,0,0,0
2468494,0,0,2.792,0,0,0,0,0,0,0,0,0,0
2468504,0,0,2.792,0,0,0,0,0,0,0,0,0,0
2468514,0,0,2.792,0,0,0,0,0,0,0,0,0,0
2468524,0,0,2.792,0,0,0,0,0,0,0,0,0,0
2468534,0,0,2.792,0,0,0,0,0,0,0,0,0,0
2468544,0,0,2.792,0,0,0,0,0,0,0,0,0,0
2468554,0,0,2.792,0,0,0,0,0,0,0,0,0,0
2468564,0,0,2.792,0,0,0,0,0,0,0,0,0,0
2468574,0,0,2.792,0,0,0,0,0,0,0,0,0,0
2468584,0,0,2.792,0,0,0,0,0,0,0,0,0,0
2468594,0,0,2.792,0,0,0,0,0,0,0,0,0,0
2468604,0,0,2.792,0,0,0,0,0,0,0,0,0,0
2468614,0,0,2.792,0,0,0,0,0,0,0,0,0,0
2468624,0,0,2.792,0,0,0,0,0,0,0,0,0,0
2468634,0,0,2.792,0,0,0,0,0,0,0,0,0,0
2468644,0,0,2.792,0,0,0,0,0,0,0,0,0,0
2468654,0,0,2.792,0,0,0,0,0,0,0,0,0,0
2468664,0,0,2.792,0,0,0,0,0,0,0,0,0,0
2468674,0,0,2.792,0,0,0,0,0,0,0,0,0,0
2468684,0,0,2.792,0,0,0,0,0,0,0,0,0,0
2468694,0,0,2.792,0,0,0,0,0,0,0,0,0,0
2468704,0,0,2.792,0,0,0,0,0,0,0,0,0,0
2468714,0,0,2.792,0,0,0,0,0,0,0,0,0,0
2468724,0,0,2.792,0,0,0,0,0,0,0,0,0,0
2468734,0,0,2.792,0,0,0,0,0,0,0,0,0,0
2468744,0,0,2.792,0,0,0,0,0,0,0,0,0,0
2468754,0,0,2.792,0,0,0,0,0,0,0,0,0,0
2468764,0,0,2.792,0,0,0,0,0,0,0,0,0,0
2468774,0,0,2.792,0,0,0,0,0,0,0,0,0,0
2468784,0,0,2.792,0,0,0,0,0,0,0,0,0,0
2468794,0,0,2.792,0,0,0,0,0,0,0,0,0,0
2468804,0,0,2.792,0,0,0,0,0,0,0,0,0,0
2468814,0,0,2.792,0,0,0,0,0,0,0,0,0,0
2468824,0,0,2.792,0,0,0,0,0,0,0,0,0,0
2468834,0,0,2.792,0,0,0,0,0,0,0,0,0,0
2468844,0,0,2.792,0,0,0,0,0,0,0,0,0,0
2468854,0,0,2.792,0,0,0,0,0,0,0,0,0,0
2468864,0,0,2.792,0,0,0,0,0,0,0,0,0,0
2468874,0,0,2.792,0,0,0,0,0,0,0,0,0,0
2468884,0,0,2.792,0,0,0,0,0,0,0,0,0,0
2468894,0,0,2.792,0,0,0,0,0,0,0,0,0,0
2468904,0,0,2.792,0,0,0,0,0,0,0,0,0,0
2468914,0,0,2.792,0,0,0,0,0,0,0,0,0,0
2468924,0,0,2.792,0,0,0,0,0,0,0,0,0,0
2468934,0,0,2.792,0,0,0,0,0,0,0,0,0,0
2468944,0,0,2.792,0,0,0,0,0,0,0,0,0,0
2468954,0,0,2.792,0,0,0,0,0,0,0,0,0,0
2468964,0,0,2.792,0,0,0,0,0,0,0,0,0,0
2468974,0,0,2.792,0,0,0,0,0,0,0,0,0,0
2468984,0,0,2.792,0,0,0,0,0,0,0,0,0,0
2468994,0,0,2.792,0,0,0,0,0,0,0,0,0,0
2469004,0,0,2.792,0,0,0,0,0,0,0,0,0,0
2469014,0,0,2.792,0,0,0,0,0,0,0,0,0,0
2469024,0,0,2.792,0,0,0,0,0,0,0,0,0,0
2469034,0,0,2.792,0,0,0,0,0,0,0,0,0,0
2469044,0,0,2.792,0,0,0,0,0,0,0,0,0,0
2469054,0,0,2.792,0,0,0,0,0,0,0,0,0,0
2469064,0,0,2.792,0,0,0,0,0,0,0,0,0,0
2469074,0,0,2.792,0,0,0,0,0,0,0,0,0,0
2469084,0,0,2.792,0,0,0,0,0,0,0,0,0,0
2469094,0,0,2.792,0,0,0,0,0,0,0,0,0,0
2469104,0,0,2.792,0,0,0,0,0,0,0,0,0,0
2469114,0,0,2.792,0,0,0,0,0,0,0,0,0,0
2469124,0,0,2.792,0,0,0,0,0,0,0,0,0,0
2469134,0,0,2.792,0,0,0,0,0,0,0,0,0,0
2469144,0,0,2.792,0,0,0,0,0,0,0,0,0,0
2469154,0,0,2.792,0,0,0,0,0,0,0,0,0,0
2469164,0,0,2.792,0,0,0,0,0,0,0,0,0,0
2469174,0,0,2.792,0,0,0,0,0,0,0,0,0,0
2469184,0,0,2.792,0,0,0,0,0,0,0,0,0,0
2469194,0,0,2.792,0,0,0,0,0,0,0,0,0,0
2469204,0,0,2.792,0,0,0,0,0,0,0,0,0,0
2469214,0,0,2.792,0,0,0,0,0,0,0,0,0,0
2469224,0,0,2.792,0,0,0,0,0,0,0,0,0,0
2469234,0,0,2.792,0,0,0,0,0,0,0,0,0,0
2469244,0,0,2.792,0,0,0,0,0,0,0,0,0,0
2469254,0,0,2.792,0,0,0,0,0,0,0,0,0,0
2469264,0,0,2.792,0,0,0,0,0,0,0,0,0,0
2469274,0,0,2.792,0,0,0,0,0,0,0,0,0,0
2469284,0,0,2.792,0,0,0,0,0,0,0,0,0,0
2469294,0,0,2.792,0,0,0,0,0,0,0,0,0,0
2469304,0,0,2.792,0,0,0,0,0,0,0,0,0,0
2469314,0,0,2.792,0,0,0,0,0,0,0,0,0,0
2469324,0,0,2.792,0,0,0,0,0,0,0,0,0,0
2469334,0,0,2.792,0,0,0,0,0,0,0,0,0,0
2469344,0,0,2.792,0,0,0,0,0,0,0,0,0,0
2469354,0,0,2.792,0,0,0,0,0,0,0,0,0,0
2469364,0,0,2.792,0,0,0,0,0,0,0,0,0,0
2469374,0,0,2.792,0,0,0,0,0,0,0,0,0,0
2469384,0,0,2.792,0,0,0,0,0,0,0,0,0,0
2469394,0,0,2.792,0,0,0,0,0,0,0,0,0,0
2469404,0,0,2.792,0,0,0,0,0,0,0,0,0,0
2469414,0,0,2.792,0,0,0,0,0,0,0,0,0,0
2469424,0,0,2.792,0,0,0,0,0,0,0,0,0,0
2469434,0,0,2.792,0,0,0,0,0,0,0,0,0,0
2469444,0,0,2.792,0,0,0,0,0,0,0,0,0,0
2469454,0,0,2.792,0,0,0,0,0,0,0,0,0,0
2469464,0,0,2.792,0,0,0,0,0,0,0,0,0,0
2469474,0,0,2.792,0,0,0,0,0,0,0,0,0,0
2469484,0,0,2.792,0,0,0,0,0,0,0,0,0,0
2469494,0,0,2.792,0,0,0,0,0,0,0,0,0,0
2469504,0,0,2.792,0,0,0,0,0,0,0,0,0,0
2469514,0,0,2.792,0,0,0,0,0,0,0,0,0,0
2469524,0,0,2.792,0,0,0,0,0,0,0,0,0,0
2469534,0,0,2.792,0,0,0,0,0,0,0,0,0,0
2469544,0,0,2.792,0,0,0,0,0,0,0,0,0,0
2469554,0,0,2.792,0,0,0,0,0,0,0,0,0,0
2469564,0,0,2.792,0,0,0,0,0,0,0,0,0,0
2469574,0,0,2.792,0,0,0,0,0,0,0,0,0,0
2469584,0,0,2.792,0,0,0,0,0,0,0,0,0,0
2469594,0,0,2.792,0,0,0,0,0,0,0,0,0,0
2469604,0,0,2.792,0,0,0,0,0,0,0,0,0,0
2469614,0,0,2.792,0,0,0,0,0,0,0,0,0,0
2469624,0,0,2.792,0,0,0,0,0,0,0,0,0,0
2469634,0,0,2.792,0,0,0,0,0,0,0,0,0,0
2469644,0,0,2.792,0,0,0,0,0,0,0,0,0,0
2469654,0,0,2.792,0,0,0,0,0,0,0,0,0,0
2469664,0,0,2.792,0,0,0,0,0,0,0,0,0,0
2469674,0,0,2.792,0,0,0,0,0,0,0,0,0,0
2469684,0,0,2.792,0,0,0,0,0,0,0,0,0,0
2469694,0,0,2.792,0,0,0,0,0,0,0,0,0,0
2469704,0,0,2.792,0,0,0,0,0,0,0,0,0,0
2469714,0,0,2.792,0,0,0,0,0,0,0,0,0,0
2469724,0,0,2.792,0,0,0,0,0,0,0,0,0,0
2469734,0,0,2.792,0,0,0,0,0,0,0,0,0,0
2469744,0,0,2.792,0,0,0,0,0,0,0,0,0,0
2469754,0,0,2.792,0,0,0,0,0,0,0,0,0,0
2469764,0,0,2.792,0,0,0,0,0,0,0,0,0,0
2469774,0,0,2.792,0,0,0,0,0,0,0,0,0,0
2469784,0,0,2.792,0,0,0,0,0,0,0,0,0,0
2469794,0,0,2.792,0,0,0,0,0,0,0,0,0,0
2469804,0,0,2.792,0,0,0,0,0,0,0,0,0,0
2469814,0,0,2.792,0,0,0,0,0,0,0,0,0,0
2469824,0,0,2.792,0,0,0,0,0,0,0,0,0,0
2469834,0,0,2.792,0,0,0,0,0,0,0,0,0,0
2469844,0,0,2.792,0,0,0,0,0,0,0,0,0,0
2469854,0,0,2.792,0,0,0,0,0,0,0,0,0,0
2469864,0,0,2.792,0,0,0,0,0,0,0,0,0,0
2469874,0,0,2.792,0,0,0,0,0,0,0,0,0,0
2469884,0,0,2.792,0,0,0,0,0,0,0,0,0,0
2469894,0,0,2.792,0,0,0,0,0,0,0,0,0,0
2469904,0,0,2.792,0,0,0,0,0,0,0,0,0,0
2469914,0,0,2.792,0,0,0,0,0,0,0,0,0,0
2469924,0,0,2.792,0,0,0,0,0,0,0,0,0,0
2469934,0,0,2.792,0,0,0,0,0,0,0,0,0,0
2469944,0,0,2.792,0,0,0,0,0,0,0,0,0,0
2469954,0,0,2.792,0,0,0,0,0,0,0,0,0,0
2469964,0,0,2.792,0,0,0,0,0,0,0,0,0,0
2469974,0,0,2.792,0,0,0,0,0,0,0,0,0,0
2469984,0,0,2.792,0,0,0,0,0,0,0,0,0,0
2469994,0,0,2.792,0,0,0,0,0,0,0,0,0,0
2470004,0,0,2.792,0,0,0,0,0,0,0,0,0,0
2470014,0,0,2.792,0,0,0,0,0,0,0,0,0,0
2470024,0,0,2.792,0,0,0,0,0,0,0,0,0,0
2470034,0,0,2.792,0,0,0,0,0,0,0,0,0,0
2470044,0,0,2.792,0,0,0,0,0,0,0,0,0,0
2470054,0,0,2.792,0,0,0,0,0,0,0,0,0,0
2470064,0,0,2.792,0,0,0,0,0,0,0,0,0,0
2470074,0,0,2.792,0,0,0,0,0,0,0,0,0,0
2470084,0,0,2.792,0,0,0,0,0,0,0,0,0,0
2470094,0,0,2.792,0,0,0,0,0,0,0,0,0,0
2470104,0,0,2.792,0,0,0,0,0,0,0,0,0,0
2470114,0,0,2.792,0,0,0,0,0,0,0,0,0,0
2470124,0,0,2.792,0,0,0,0,0,0,0,0,0,0
2470134,0,0,2.792,0,0,0,0,0,0,0,0,0,0
2470144,0,0,2.792,0,0,0,0,0,0,0,0,0,0
2470154,0,0,2.792,0,0,0,0,0,0,0,0,0,0
2470164,0,0,2.792,0,0,0,0,0,0,0,0,0,0
2470174,0,0,2.792,0,0,0,0,0,0,0,0,0,0
2470184,0,0,2.792,0,0,0,0,0,0,0,0,0,0
2470194,0,0,2.792,0,0,0,0,0,0,0,0,0,0
2470204,0,0,2.792,0,0,0,0,0,0,0,0,0,0
2470214,0,0,2.792,0,0,0,0,0,0,0,0,0,0
2470224,0,0,2.792,0,0,0,0,0,0,0,0,0,0
2470234,0,0,2.792,0,0,0,0,0,0,0,0,0,0
2470244,0,0,2.792,0,0,0,0,0,0,0,0,0,0
2470254,0,0,2.792,0,0,0,0,0,0,0,0,0,0
2470264,0,0,2.792,0,0,0,0,0,0,0,0,0,0
2470274,0,0,2.792,0,0,0,0,0,0,0,0,0,0
2470284,0,0,2.792,0,0,0,0,0,0,0,0,0,0
2470294,0,0,2.792,0,0,0,0,0,0,0,0,0,0
2470304,0,0,2.792,0,0,0,0,0,0,0,0,0,0
2470314,0,0,2.792,0,0,0,0,0,0,0,0,0,0
2470324,0,0,2.792,0,0,0,0,0,0,0,0,0,0
2470334,0,0,2.792,0,0,0,0,0,0,0,0,0,0
2470344,0,0,2.792,0,0,0,0,0,0,0,0,0,0
2470354,0,0,2.792,0,0,0,0,0,0,0,0,0,0
2470364,0,0,2.792,0,0,0,0,0,0,0,0,0,0
2470374,0,0,2.792,0,0,0,0,0,0,0,0,0,0
2470384,0,0,2.792,0,0,0,0,0,0,0,0,0,0
2470394,0,0,2.792,0,0,0,0,0,0,0,0,0,0
2470404,0,0,2.792,0,0,0,0,0,0,0,0,0,0
2470414,0,0,2.792,0,0,0,0,0,0,0,0,0,0
2470424,0,0,2.792,0,0,0,0,0,0,0,0,0,0
2470434,0,0,2.792,0,0,0,0,0,0,0,0,0,0
2470444,0,0,2.792,0,0,0,0,0,0,0,0,0,0
2470454,0,0,2.792,0,0,0,0,0,0,0,0,0,0
2470464,0,0,2.792,0,0,0,0,0,0,0,0,0,0
2470474,0,0,2.792,0,0,0,0,0,0,0,0,0,0
2470484,0,0,2.792,0,0,0,0,0,0,0,0,0,0
2470494,0,0,2.792,0,0,0,0,0,0,0,0,0,0
2470504,0,0,2.792,0,0,0,0,0,0,0,0,0,0
2470514,0,0,2.792,0,0,0,0,0,0,0,0,0,0
2470524,0,0,2.792,0,0,0,0,0,0,0,0,0,0
2470534,0,0,2.792,0,0,0,0,0,0,0,0,0,0
2470545,0,0,2.792,0,0,0,0,0,0,0,0,0,0
2470555,0,0,2.792,0,0,0,0,0,0,0,0,0,0
2470565,0,0,2.792,0,0,0,0,0,0,0,0,0,0
2470574,0,0,2.792,0,0,0,0,0,0,0,0,0,0
2470585,0,0,2.792,0,0,0,0,0,0,0,0,0,0
2470595,0,0,2.792,0,0,0,0,0,0,0,0,0,0
2470605,0,0,2.792,0,0,0,0,0,0,0,0,0,0
2470615,0,0,2.792,0,0,0,0,0,0,0,0,0,0
2470625,0,0,2.792,0,0,0,0,0,0,0,0,0,0
2470635,0,0,2.792,0,0,0,0,0,0,0,0,0,0
2470645,0,0,2.792,0,0,0,0,0,0,0,0,0,0
2470655,0,0,2.792,0,0,0,0,0,0,0,0,0,0
2470665,0,0,2.792,0,0,0,0,0,0,0,0,0,0
2470675,0,0,2.792,0,0,0,0,0,0,0,0,0,0
2470685,0,0,2.792,0,0,0,0,0,0,0,0,0,0
2470695,0,0,2.792,0,0,0,0,0,0,0,0,0,0
2470705,0,0,2.792,0,0,0,0,0,0,0,0,0,0
2470715,0,0,2.792,0,0,0,0,0,0,0,0,0,0
2470725,0,0,2.792,0,0,0,0,0,0,0,0,0,0
2470735,0,0,2.792,0,0,0,0,0,0,0,0,0,0
2470744,0,0,2.792,0,0,0,0,0,0,0,0,0,0
2470754,0,0,2.792,0,0,0,0,0,0,0,0,0,0
2470764,0,0,2.792,0,0,0,0,0,0,0,0,0,0
2470774,0,0,2.792,0,0,0,0,0,0,0,0,0,0
2470784,0,0,2.792,0,0,0,0,0,0,0,0,0,0
2470794,0,0,2.792,0,0,0,0,0,0,0,0,0,0
2470804,0,0,2.792,0,0,0,0,0,0,0,0,0,0
2470814,0,0,2.792,0,0,0,0,0,0,0,0,0,0
2470824,0,0,2.792,0,0,0,0,0,0,0,0,0,0
2470834,0,0,2.792,0,0,0,0,0,0,0,0,0,0
2470845,0,0,2.792,0,0,0,0,0,0,0,0,0,0
2470855,0,0,2.792,0,0,0,0,0,0,0,0,0,0
2470865,0,0,2.792,0,0,0,0,0,0,0,0,0,0
2470875,0,0,2.792,0,0,0,0,0,0,0,0,0,0
2470885,0,0,2.792,0,0,0,0,0,0,0,0,0,0
2470895,0,0,2.792,0,0,0,0,0,0,0,0,0,0
2470905,0,0,2.792,0,0,0,0,0,0,0,0,0,0
2470915,0,0,2.792,0,0,0,0,0,0,0,0,0,0
2470925,0,0,2.792,0,0,0,0,0,0,0,0,0,0
2470935,0,0,2.792,0,0,0,0,0,0,0,0,0,0
2470945,0,0,2.792,0,0,0,0,0,0,0,0,0,0
2470955,0,0,2.792,0,0,0,0,0,0,0,0,0,0
2470965,0,0,2.792,0,0,0,0,0,0,0,0,0,0
2470975,0,0,2.792,0,0,0,0,0,0,0,0,0,0
2470985,0,0,2.792,0,0,0,0,0,0,0,0,0,0
2470995,0,0,2.792,0,0,0,0,0,0,0,0,0,0
2471005,0,0,2.792,0,0,0,0,0,0,0,0,0,0
2471015,0,0,2.792,0,0,0,0,0,0,0,0,0,0
2471025,0,0,2.792,0,0,0,0,0,0,0,0,0,0
2471035,0,0,2.792,0,0,0,0,0,0,0,0,0,0
2471045,0,0,2.792,0,0,0,0,0,0,0,0,0,0
2471055,0,0,2.792,0,0,0,0,0,0,0,0,0,0
2471065,0,0,2.792,0,0,0,0,0,0,0,0,0,0
2471075,0,0,2.792,0,0,0,0,0,0,0,0,0,0
2471085,0,0,2.792,0,0,0,0,0,0,0,0,0,0
2471095,0,0,2.792,0,0,0,0,0,0,0,0,0,0
2471105,0,0,2.792,0,0,0,0,0,0,0,0,0,0
2471115,0,0,2.792,0,0,0,0,0,0,0,0,0,0
2471125,0,0,2.792,0,0,0,0,0,0,0,0,0,0
2471135,0,0,2.792,0,0,0,0,0,0,0,0,0,0
2471145,0,0,2.792,0,0,0,0,0,0,0,0,0,0
2471155,0,0,2.792,0,0,0,0,0,0,0,0,0,0
2471165,0,0,2.792,0,0,0,0,0,0,0,0,0,0
2471175,0,0,2.792,0,0,0,0,0,0,0,0,0,0
2471185,0,0,2.792,0,0,0,0,0,0,0,0,0,0
2471195,0,0,2.792,0,0,0,0,0,0,0,0,0,0
2471205,0,0,2.792,0,0,0,0,0,0,0,0,0,0
2471215,0,0,2.792,0,0,0,0,0,0,0,0,0,0
2471225,0,0,2.792,0,0,0,0,0,0,0,0,0,0
2471235,0,0,2.792,0,0,0,0,0,0,0,0,0,0
2471245,0,0,2.792,0,0,0,0,0,0,0,0,0,0
2471255,0,0,2.792,0,0,0,0,0,0,0,0,0,0
2471265,0,0,2.792,0,0,0,0,0,0,0,0,0,0
2471275,0,0,2.792,0,0,0,0,0,0,0,0,0,0
2471285,0,0,2.792,0,0,0,0,0,0,0,0,0,0
2471295,0,0,2.792,0,0,0,0,0,0,0,0,0,0
2471305,0,0,2.792,0,0,0,0,0,0,0,0,0,0
2471315,0,0,2.792,0,0,0,0,0,0,0,0,0,0
2471325,0,0,2.792,0,0,0,0,0,0,0,0,0,0
2471334,0,0,2.792,0,0,0,0,0,0,0,0,0,0
2471345,0,0,2.792,0,0,0,0,0,0,0,0,0,0
2471355,0,0,2.792,0,0,0,0,0,0,0,0,0,0
2471365,0,0,2.792,0,0,0,0,0,0,0,0,0,0
2471375,0,0,2.792,0,0,0,0,0,0,0,0,0,0
2471385,0,0,2.792,0,0,0,0,0,0,0,0,0,0
2471395,0,0,2.792,0,0,0,0,0,0,0,0,0,0
2471405,0,0,2.792,0,0,0,0,0,0,0,0,0,0
2471415,0,0,2.792,0,0,0,0,0,0,0,0,0,0
2471425,0,0,2.792,0,0,0,0,0,0,0,0,0,0
2471435,0,0,2.792,0,0,0,0,0,0,0,0,0,0
2471445,0,0,2.792,0,0,0,0,0,0,0,0,0,0
2471455,0,0,2.792,0,0,0,0,0,0,0,0,0,0
2471465,0,0,2.792,0,0,0,0,0,0,0,0,0,0
2471475,0,0,2.792,0,0,0,0,0,0,0,0,0,0
2471485,0,0,2.792,0,0,0,0,0,0,0,0,0,0
2471495,0,0,2.792,0,0,0,0,0,0,0,0,0,0
2471505,0,0,2.792,0,0,0,0,0,0,0,0,0,0
2471515,0,0,2.792,0,0,0,0,0,0,0,0,0,0
2471525,0,0,2.792,0,0,0,0,0,0,0,0,0,0
2471535,0,0,2.792,0,0,0,0,0,0,0,0,0,0
2471545,0,0,2.792,0,0,0,0,0,0,0,0,0,0
2471555,0,0,2.792,0,0,0,0,0,0,0,0,0,0
2471565,0,0,2.792,0,0,0,0,0,0,0,0,0,0
2471575,0,0,2.792,0,0,0,0,0,0,0,0,0,0
2471585,0,0,2.792,0,0,0,0,0,0,0,0,0,0
2471595,0,0,2.792,0,0,0,0,0,0,0,0,0,0
2471605,0,0,2.792,0,0,0,0,0,0,0,0,0,0
2471615,0,0,2.792,0,0,0,0,0,0,0,0,0,0
2471625,0,0,2.792,0,0,0,0,0,0,0,0,0,0
2471635,0,0,2.792,0,0,0,0,0,0,0,0,0,0
2471645,0,0,2.792,0,0,0,0,0,0,0,0,0,0
2471655,0,0,2.792,0,0,0,0,0,0,0,0,0,0
2471665,0,0,2.792,0,0,0,0,0,0,0,0,0,0
2471675,0,0,2.792,0,0,0,0,0,0,0,0,0,0
2471685,0,0,2.792,0,0,0,0,0,0,0,0,0,0
2471695,0,0,2.792,0,0,0,0,0,0,0,0,0,0
2471705,0,0,2.792,0,0,0,0,0,0,0,0,0,0
2471715,0,0,2.792,0,0,0,0,0,0,0,0,0,0
2471725,0,0,2.792,0,0,0,0,0,0,0,0,0,0
2471735,0,0,2.792,0,0,0,0,0,0,0,0,0,0
2471745,0,0,2.792,0,0,0,0,0,0,0,0,0,0
2471755,0,0,2.792,0,0,0,0,0,0,0,0,0,0
2471765,0,0,2.792,0,0,0,0,0,0,0,0,0,0
2471775,0,0,2.792,0,0,0,0,0,0,0,0,0,0
2471785,0,0,2.792,0,0,0,0,0,0,0,0,0,0
2471795,0,0,2.792,0,0,0,0,0,0,0,0,0,0
2471805,0,0,2.792,0,0,0,0,0,0,0,0,0,0
2471815,0,0,2.792,0,0,0,0,0,0,0,0,0,0
2471825,0,0,2.792,0,0,0,0,0,0,0,0,0,0
2471835,0,0,2.792,0,0,0,0,0,0,0,0,0,0
2471845,0,0,2.792,0,0,0,0,0,0,0,0,0,0
2471854,0,0,2.792,0,0,0,0,0,0,0,0,0,0
2471865,0,0,2.792,0,0,0,0,0,0,0,0,0,0
2471875,0,0,2.792,0,0,0,0,0,0,0,0,0,0
2471885,0,0,2.792,0,0,0,0,0,0,0,0,0,0
2471895,0,0,2.792,0,0,0,0,0,0,0,0,0,0
2471905,0,0,2.792,0,0,0,0,0,0,0,0,0,0
2471915,0,0,2.792,0,0,0,0,0,0,0,0,0,0
2471925,0,0,2.792,0,0,0,0,0,0,0,0,0,0
2471935,0,0,2.792,0,0,0,0,0,0,0,0,0,0
2471945,0,0,2.792,0,0,0,0,0,0,0,0,0,0
2471955,0,0,2.792,0,0,0,0,0,0,0,0,0,0
2471965,0,0,2.792,0,0,0,0,0,0,0,0,0,0
2471975,0,0,2.792,0,0,0,0,0,0,0,0,0,0
2471985,0,0,2.792,0,0,0,0,0,0,0,0,0,0
2471995,0,0,2.792,0,0,0,0,0,0,0,0,0,0
2472005,0,0,2.792,0,0,0,0,0,0,0,0,0,0
2472015,0,0,2.792,0,0,0,0,0,0,0,0,0,0
2472025,0,0,2.792,0,0,0,0,0,0,0,0,0,0
2472035,0,0,2.792,0,0,0,0,0,0,0,0,0,0
2472045,0,0,2.792,0,0,0,0,0,0,0,0,0,0
2472055,0,0,2.792,0,0,0,0,0,0,0,0,0,0
2472065,0,0,2.792,0,0,0,0,0,0,0,0,0,0
2472075,0,0,2.792,0,0,0,0,0,0,0,0,0,0
2472085,0,0,2.792,0,0,0,0,0,0,0,0,0,0
2472095,0,0,2.792,0,0,0,0,0,0,0,0,0,0
2472105,0,0,2.792,0,0,0,0,0,0,0,0,0,0
2472115,0,0,2.792,0,0,0,0,0,0,0,0,0,0
2472125,0,0,2.792,0,0,0,0,0,0,0,0,0,0
2472135,0,0,2.792,0,0,0,0,0,0,0,0,0,0
2472145,0,0,2.792,0,0,0,0,0,0,0,0,0,0
2472155,0,0,2.792,0,0,0,0,0,0,0,0,0,0
2472165,0,0,2.792,0,0,0,0,0,0,0,0,0,0
2472175,0,0,2.792,0,0,0,0,0,0,0,0,0,0
2472185,0,0,2.792,0,0,0,0,0,0,0,0,0,0
2472195,0,0,2.792,0,0,0,0,0,0,0,0,0,0
2472205,0,0,2.792,0,0,0,0,0,0,0,0,0,0
2472215,0,0,2.792,0,0,0,0,0,0,0,0,0,0
2472225,0,0,2.792,0,0,0,0,0,0,0,0,0,0
2472235,0,0,2.792,0,0,0,0,0,0,0,0,0,0
2472245,0,0,2.792,0,0,0,0,0,0,0,0,0,0
2472254,0,0,2.792,0,0,0,0,0,0,0,0,0,0
2472265,0,0,2.792,0,0,0,0,0,0,0,0,0,0
2472275,0,0,2.792,0,0,0,0,0,0,0,0,0,0
2472285,0,0,2.792,0,0,0,0,0,0,0,0,0,0
2472295,0,0,2.792,0,0,0,0,0,0,0,0,0,0
2472305,0,0,2.792,0,0,0,0,0,0,0,0,0,0
2472315,0,0,2.792,0,0,0,0,0,0,0,0,0,0
2472325,0,0,2.792,0,0,0,0,0,0,0,0,0,0
2472335,0,0,2.792,0,0,0,0,0,0,0,0,0,0
2472345,0,0,2.792,0,0,0,0,0,0,0,0,0,0
2472355,0,0,2.792,0,0,0,0,0,0,0,0,0,0
2472365,0,0,2.792,0,0,0,0,0,0,0,0,0,0
2472375,0,0,2.792,0,0,0,0,0,0,0,0,0,0
2472385,0,0,2.792,0,0,0,0,0,0,0,0,0,0
2472395,0,0,2.792,0,0,0,0,0,0,0,0,0,0
2472405,0,0,2.792,0,0,0,0,0,0,0,0,0,0
2472415,0,0,2.792,0,0,0,0,0,0,0,0,0,0
2472425,0,0,2.792,0,0,0,0,0,0,0,0,0,0
2472435,0,0,2.792,0,0,0,0,0,0,0,0,0,0
2472445,0,0,2.792,0,0,0,0,0,0,0,0,0,0
2472455,0,0,2.792,0,0,0,0,0,0,0,0,0,0
2472465,0,0,2.792,0,0,0,0,0,0,0,0,0,0
2472475,0,0,2.792,0,0,0,0,0,0,0,0,0,0
2472485,0,0,2.792,0,0,0,0,0,0,0,0,0,0
2472495,0,0,2.792,0,0,0,0,0,0,0,0,0,0
2472505,0,0,2.792,0,0,0,0,0,0,0,0,0,0
2472515,0,0,2.792,0,0,0,0,0,0,0,0,0,0
2472525,0,0,2.792,0,0,0,0,0,0,0,0,0,0
2472535,0,0,2.792,0,0,0,0,0,0,0,0,0,0
2472545,0,0,2.792,0,0,0,0,0,0,0,0,0,0
2472555,0,0,2.792,0,0,0,0,0,0,0,0,0,0
2472565,0,0,2.792,0,0,0,0,0,0,0,0,0,0
2472575,0,0,2.792,0,0,0,0,0,0,0,0,0,0
2472585,0,0,2.792,0,0,0,0,0,0,0,0,0,0
2472595,0,0,2.792,0,0,0,0,0,0,0,0,0,0
2472605,0,0,2.792,0,0,0,0,0,0,0,0,0,0
2472615,0,0,2.792,0,0,0,0,0,0,0,0,0,0
2472625,0,0,2.792,0,0,0,0,0,0,0,0,0,0
2472635,0,0,2.792,0,0,0,0,0,0,0,0,0,0
2472645,0,0,2.792,0,0,0,0,0,0,0,0,0,0
2472655,0,0,2.792,0,0,0,0,0,0,0,0,0,0
2472665,0,0,2.792,0,0,0,0,0,0,0,0,0,0
2472675,0,0,2.792,0,0,0,0,0,0,0,0,0,0
2472685,0,0,2.792,0,0,0,0,0,0,0,0,0,0
2472695,0,0,2.792,0,0,0,0,0,0,0,0,0,0
2472705,0,0,2.792,0,0,0,0,0,0,0,0,0,0
2472715,0,0,2.792,0,0,0,0,0,0,0,0,0,0
2472725,0,0,2.792,0,0,0,0,0,0,0,0,0,0
2472735,0,0,2.792,0,0,0,0,0,0,0,0,0,0
2472749,0,0,2.792,0,0,0,0,0,0,0,0,0,0
2472755,0,0,2.792,0,0,0,0,0,0,0,0,0,0
2472765,0,0,2.792,0,0,0,0,0,0,0,0,0,0
2472775,0,0,2.792,0,0,0,0,0,0,0,0,0,0
2472785,0,0,2.792,0,0,0,0,0,0,0,0,0,0
2472795,0,0,2.792,0,0,0,0,0,0,0,0,0,0
2472805,0,0,2.792,0,0,0,0,0,0,0,0,0,0
2472815,0,0,2.792,0,0,0,0,0,0,0,0,0,0
2472825,0,0,2.792,0,0,0,0,0,0,0,0,0,0
2472835,0,0,2.792,0,0,0,0,0,0,0,0,0,0
2472844,0,0,2.792,0,0,0,0,0,0,0,0,0,0
2472854,0,0,2.792,0,0,0,0,0,0,0,0,0,0
2472864,0,0,2.792,0,0,0,0,0,0,0,0,0,0
2472874,0,0,2.792,0,0,0,0,0,0,0,0,0,0
2472884,0,0,2.792,0,0,0,0,0,0,0,0,0,0
2472894,0,0,2.792,0,0,0,0,0,0,0,0,0,0
2472904,0,0,2.792,0,0,0,0,0,0,0,0,0,0
2472914,0,0,2.792,0,0,0,0,0,0,0,0,0,0
2472924,0,0,2.792,0,0,0,0,0,0,0,0,0,0
2472934,0,0,2.792,0,0,0,0,0,0,0,0,0,0
2472944,0,0,2.792,0,0,0,0,0,0,0,0,0,0
2472954,0,0,2.792,0,0,0,0,0,0,0,0,0,0
2472964,0,0,2.792,0,0,0,0,0,0,0,0,0,0
2472974,0,0,2.792,0,0,0,0,0,0,0,0,0,0
2472984,0,0,2.792,0,0,0,0,0,0,0,0,0,0
2472994,0,0,2.792,0,0,0,0,0,0,0,0,0,0
2473004,0,0,2.792,0,0,0,0,0,0,0,0,0,0
2473014,0,0,2.792,0,0,0,0,0,0,0,0,0,0
2473024,0,0,2.792,0,0,0,0,0,0,0,0,0,0
2473034,0,0,2.792,0,0,0,0,0,0,0,0,0,0
2473044,0,0,2.792,0,0,0,0,0,0,0,0,0,0
2473054,0,0,2.792,0,0,0,0,0,0,0,0,0,0
2473064,0,0,2.792,0,0,0,0,0,0,0,0,0,0
2473074,0,0,2.792,0,0,0,0,0,0,0,0,0,0
2473084,0,0,2.792,0,0,0,0,0,0,0,0,0,0
2473094,0,0,2.792,0,0,0,0,0,0,0,0,0,0
2473104,0,0,2.792,0,0,0,0,0,0,0,0,0,0
2473114,0,0,2.792,0,0,0,0,0,0,0,0,0,0
2473124,0,0,2.792,0,0,0,0,0,0,0,0,0,0
2473134,0,0,2.792,0,0,0,0,0,0,0,0,0,0
2473144,0,0,2.792,0,0,0,0,0,0,0,0,0,0
2473154,0,0,2.792,0,0,0,0,0,0,0,0,0,0
2473164,0,0,2.792,0,0,0,0,0,0,0,0,0,0
2473174,0,0,2.792,0,0,0,0,0,0,0,0,0,0
2473184,0,0,2.792,0,0,0,0,0,0,0,0,0,0
2473194,0,0,2.792,0,0,0,0,0,0,0,0,0,0
2473204,0,0,2.792,0,0,0,0,0,0,0,0,0,0
2473214,0,0,2.792,0,0,0,0,0,0,0,0,0,0
2473224,0,0,2.792,0,0,0,0,0,0,0,0,0,0
2473234,0,0,2.792,0,0,0,0,0,0,0,0,0,0
2473244,0,0,2.792,0,0,0,0,0,0,0,0,0,0
2473254,0,0,2.792,0,0,0,0,0,0,0,0,0,0
2473264,0,0,2.792,0,0,0,0,0,0,0,0,0,0
2473274,0,0,2.792,0,0,0,0,0,0,0,0,0,0
2473284,0,0,2.792,0,0,0,0,0,0,0,0,0,0
2473294,0,0,2.792,0,0,0,0,0,0,0,0,0,0
2473304,0,0,2.792,0,0,0,0,0,0,0,0,0,0
2473314,0,0,2.792,0,0,0,0,0,0,0,0,0,0
2473324,0,0,2.792,0,0,0,0,0,0,0,0,0,0
2473334,0,0,2.792,0,0,0,0,0,0,0,0,0,0
2473344,0,0,2.792,0,0,0,0,0,0,0,0,0,0
2473354,0,0,2.792,0,0,0,0,0,0,0,0,0,0
2473364,0,0,2.792,0,0,0,0,0,0,0,0,0,0
2473374,0,0,2.792,0,0,0,0,0,0,0,0,0,0
2473384,0,0,2.792,0,0,0,0,0,0,0,0,0,0
2473394,0,0,2.792,0,0,0,0,0,0,0,0,0,0
2473404,0,0,2.792,0,0,0,0,0,0,0,0,0,0
2473414,0,0,2.792,0,0,0,0,0,0,0,0,0,0
2473424,0,0,2.792,0,0,0,0,0,0,0,0,0,0
2473434,0,0,2.792,0,0,0,0,0,0,0,0,0,0
2473444,0,0,2.792,0,0,0,0,0,0,0,0,0,0
2473454,0,0,2.792,0,0,0,0,0,0,0,0,0,0
2473464,0,0,2.792,0,0,0,0,0,0,0,0,0,0
2473474,0,0,2.792,0,0,0,0,0,0,0,0,0,0
2473484,0,0,2.792,0,0,0,0,0,0,0,0,0,0
2473494,0,0,2.792,0,0,0,0,0,0,0,0,0,0
2473504,0,0,2.792,0,0,0,0,0,0,0,0,0,0
2473514,0,0,2.792,0,0,0,0,0,0,0,0,0,0
2473524,0,0,2.792,0,0,0,0,0,0,0,0,0,0
2473534,0,0,2.792,0,0,0,0,0,0,0,0,0,0
2473544,0,0,2.792,0,0,0,0,0,0,0,0,0,0
2473554,0,0,2.792,0,0,0,0,0,0,0,0,0,0
2473564,0,0,2.792,0,0,0,0,0,0,0,0,0,0
2473574,0,0,2.792,0,0,0,0,0,0,0,0,0,0
2473584,0,0,2.792,0,0,0,0,0,0,0,0,0,0
2473594,0,0,2.792,0,0,0,0,0,0,0,0,0,0
2473604,0,0,2.792,0,0,0,0,0,0,0,0,0,0
2473614,0,0,2.792,0,0,0,0,0,0,0,0,0,0
2473624,0,0,2.792,0,0,0,0,0,0,0,0,0,0
2473634,0,0,2.792,0,0,0,0,0,0,0,0,0,0
2473644,0,0,2.792,0,0,0,0,0,0,0,0,0,0
2473654,0,0,2.792,0,0,0,0,0,0,0,0,0,0
2473664,0,0,2.792,0,0,0,0,0,0,0,0,0,0
2473674,0,0,2.792,0,0,0,0,0,0,0,0,0,0
2473684,0,0,2.792,0,0,0,0,0,0,0,0,0,0
2473694,0,0,2.792,0,0,0,0,0,0,0,0,0,0
2473704,0,0,2.792,0,0,0,0,0,0,0,0,0,0
2473714,0,0,2.792,0,0,0,0,0,0,0,0,0,0
2473724,0,0,2.792,0,0,0,0,0,0,0,0,0,0
2473734,0,0,2.792,0,0,0,0,0,0,0,0,0,0
2473744,0,0,2.792,0,0,0,0,0,0,0,0,0,0
2473754,0,0,2.792,0,0,0,0,0,0,0,0,0,0
2473764,0,0,2.792,0,0,0,0,0,0,0,0,0,0
2473774,0,0,2.792,0,0,0,0,0,0,0,0,0,0
2473784,0,0,2.792,0,0,0,0,0,0,0,0,0,0
2473794,0,0,2.792,0,0,0,0,0,0,0,0,0,0
2473804,0,0,2.792,0,0,0,0,0,0,0,0,0,0
2473814,0,0,2.792,0,0,0,0,0,0,0,0,0,0
2473824,0,0,2.792,0,0,0,0,0,0,0,0,0,0
2473834,0,0,2.792,0,0,0,0,0,0,0,0,0,0
2473844,0,0,2.792,0,0,0,0,0,0,0,0,0,0
2473854,0,0,2.792,0,0,0,0,0,0,0,0,0,0
2473864,0,0,2.792,0,0,0,0,0,0,0,0,0,0
2473874,0,0,2.792,0,0,0,0,0,0,0,0,0,0
2473884,0,0,2.792,0,0,0,0,0,0,0,0,0,0
2473894,0,0,2.792,0,0,0,0,0,0,0,0,0,0
2473904,0,0,2.792,0,0,0,0,0,0,0,0,0,0
2473914,0,0,2.792,0,0,0,0,0,0,0,0,0,0
2473924,0,0,2.792,0,0,0,0,0,0,0,0,0,0
2473934,0,0,2.792,0,0,0,0,0,0,0,0,0,0
2473944,0,0,2.792,0,0,0,0,0,0,0,0,0,0
2473954,0,0,2.792,0,0,0,0,0,0,0,0,0,0
2473964,0,0,2.792,0,0,0,0,0,0,0,0,0,0
2473974,0,0,2.792,0,0,0,0,0,0,0,0,0,0
2473984,0,0,2.792,0,0,0,0,0,0,0,0,0,0
2473994,0,0,2.792,0,0,0,0,0,0,0,0,0,0
2474004,0,0,2.792,0,0,0,0,0,0,0,0,0,0
2474014,0,0,2.792,0,0,0,0,0,0,0,0,0,0
2474024,0,0,2.792,0,0,0,0,0,0,0,0,0,0
2474034,0,0,2.792,0,0,0,0,0,0,0,0,0,0
2474044,0,0,2.792,0,0,0,0,0,0,0,0,0,0
2474054,0,0,2.792,0,0,0,0,0,0,0,0,0,0
2474064,0,0,2.792,0,0,0,0,0,0,0,0,0,0
2474074,0,0,2.792,0,0,0,0,0,0,0,0,0,0
2474084,0,0,2.792,0,0,0,0,0,0,0,0,0,0
2474094,0,0,2.792,0,0,0,0,0,0,0,0,0,0
2474104,0,0,2.792,0,0,0,0,0,0,0,0,0,0
2474114,0,0,2.792,0,0,0,0,0,0,0,0,0,0
2474124,0,0,2.792,0,0,0,0,0,0,0,0,0,0
2474134,0,0,2.792,0,0,0,0,0,0,0,0,0,0
2474144,0,0,2.792,0,0,0,0,0,0,0,0,0,0
2474154,0,0,2.792,0,0,0,0,0,0,0,0,0,0
2474164,0,0,2.792,0,0,0,0,0,0,0,0,0,0
2474174,0,0,2.792,0,0,0,0,0,0,0,0,0,0
2474184,0,0,2.792,0,0,0,0,0,0,0,0,0,0
2474194,0,0,2.792,0,0,0,0,0,0,0,0,0,0
2474204,0,0,2.792,0,0,0,0,0,0,0,0,0,0
2474214,0,0,2.792,0,0,0,0,0,0,0,0,0,0
2474224,0,0,2.792,0,0,0,0,0,0,0,0,0,0
2474234,0,0,2.792,0,0,0,0,0,0,0,0,0,0
2474244,0,0,2.792,0,0,0,0,0,0,0,0,0,0
2474254,0,0,2.792,0,0,0,0,0,0,0,0,0,0
2474264,0,0,2.792,0,0,0,0,0,0,0,0,0,0
2474274,0,0,2.792,0,0,0,0,0,0,0,0,0,0
2474284,0,0,2.792,0,0,0,0,0,0,0,0,0,0
2474294,0,0,2.792,0,0,0,0,0,0,0,0,0,0
2474304,0,0,2.792,0,0,0,0,0,0,0,0,0,0
2474314,0,0,2.792,0,0,0,0,0,0,0,0,0,0
2474324,0,0,2.792,0,0,0,0,0,0,0,0,0,0
2474334,0,0,2.792,0,0,0,0,0,0,0,0,0,0
2474344,0,0,2.792,0,0,0,0,0,0,0,0,0,0
2474354,0,0,2.792,0,0,0,0,0,0,0,0,0,0
2474364,0,0,2.792,0,0,0,0,0,0,0,0,0,0
2474374,0,0,2.792,0,0,0,0,0,0,0,0,0,0
2474384,0,0,2.792,0,0,0,0,0,0,0,0,0,0
2474394,0,0,2.792,0,0,0,0,0,0,0,0,0,0
2474404,0,0,2.792,0,0,0,0,0,0,0,0,0,0
2474414,0,0,2.792,0,0,0,0,0,0,0,0,0,0
2474424,0,0,2.792,0,0,0,0,0,0,0,0,0,0
2474434,0,0,2.792,0,0,0,0,0,0,0,0,0,0
2474444,0,0,2.792,0,0,0,0,0,0,0,0,0,0
2474454,0,0,2.792,0,0,0,0,0,0,0,0,0,0
2474464,0,0,2.792,0,0,0,0,0,0,0,0,0,0
2474474,0,0,2.792,0,0,0,0,0,0,0,0,0,0
2474484,0,0,2.792,0,0,0,0,0,0,0,0,0,0
2474494,0,0,2.792,0,0,0,0,0,0,0,0,0,0
2474504,0,0,2.792,0,0,0,0,0,0,0,0,0,0
2474514,0,0,2.792,0,0,0,0,0,0,0,0,0,0
2474524,0,0,2.792,0,0,0,0,0,0,0,0,0,0
2474534,0,0,2.792,0,0,0,0,0,0,0,0,0,0
2474544,0,0,2.792,0,0,0,0,0,0,0,0,0,0
2474554,0,0,2.792,0,0,0,0,0,0,0,0,0,0
2474564,0,0,2.792,0,0,0,0,0,0,0,0,0,0
2474574,0,0,2.792,0,0,0,0,0,0,0,0,0,0
2474584,0,0,2.792,0,0,0,0,0,0,0,0,0,0
2474594,0,0,2.792,0,0,0,0,0,0,0,0,0,0
2474604,0,0,2.792,0,0,0,0,0,0,0,0,0,0
2474614,0,0,2.792,0,0,0,0,0,0,0,0,0,0
2474624,0,0,2.792,0,0,0,0,0,0,0,0,0,0
2474634,0,0,2.792,0,0,0,0,0,0,0,0,0,0
2474644,0,0,2.792,0,0,0,0,0,0,0,0,0,0
2474654,0,0,2.792,0,0,0,0,0,0,0,0,0,0
2474664,0,0,2.792,0,0,0,0,0,0,0,0,0,0
2474674,0,0,2.792,0,0,0,0,0,0,0,0,0,0
2474684,0,0,2.792,0,0,0,0,0,0,0,0,0,0
2474694,0,0,2.792,0,0,0,0,0,0,0,0,0,0
2474704,0,0,2.792,0,0,0,0,0,0,0,0,0,0
2474714,0,0,2.792,0,0,0,0,0,0,0,0,0,0
2474724,0,0,2.792,0,0,0,0,0,0,0,0,0,0
2474734,0,0,2.792,0,0,0,0,0,0,0,0,0,0
2474744,0,0,2.792,0,0,0,0,0,0,0,0,0,0
2474754,0,0,2.792,0,0,0,0,0,0,0,0,0,0
2474764,0,0,2.792,0,0,0,0,0,0,0,0,0,0
2474774,0,0,2.792,0,0,0,0,0,0,0,0,0,0
2474784,0,0,2.792,0,0,0,0,0,0,0,0,0,0
2474794,0,0,2.792,0,0,0,0,0,0,0,0,0,0
2474804,0,0,2.792,0,0,0,0,0,0,0,0,0,0
2474814,0,0,2.792,0,0,0,0,0,0,0,0,0,0
2474824,0,0,2.792,0,0,0,0,0,0,0,0,0,0
2474834,0,0,2.792,0,0,0,0,0,0,0,0,0,0
2474844,0,0,2.792,0,0,0,0,0,0,0,0,0,0
2474854,0,0,2.792,0,0,0,0,0,0,0,0,0,0
2474864,0,0,2.792,0,0,0,0,0,0,0,0,0,0
2474874,0,0,2.792,0,0,0,0,0,0,0,0,0,0
2474884,0,0,2.792,0,0,0,0,0,0,0,0,0,0
2474894,0,0,2.792,0,0,0,0,0,0,0,0,0,0
2474904,0,0,2.792,0,0,0,0,0,0,0,0,0,0
2474914,0,0,2.792,0,0,0,0,0,0,0,0,0,0
2474924,0,0,2.792,0,0,0,0,0,0,0,0,0,0
2474934,0,0,2.792,0,0,0,0,0,0,0,0,0,0
2474944,0,0,2.792,0,0,0,0,0,0,0,0,0,0
2474954,0,0,2.792,0,0,0,0,0,0,0,0,0,0
2474964,0,0,2.792,0,0,0,0,0,0,0,0,0,0
2474974,0,0,2.792,0,0,0,0,0,0,0,0,0,0
2474984,0,0,2.792,0,0,0,0,0,0,0,0,0,0
2474994,0,0,2.792,0,0,0,0,0,0,0,0,0,0
2475004,0,0,2.792,0,0,0,0,0,0,0,0,0,0
2475014,0,0,2.792,0,0,0,0,0,0,0,0,0,0
2475024,0,0,2.792,0,0,0,0,0,0,0,0,0,0
2475034,0,0,2.792,0,0,0,0,0,0,0,0,0,0
2475044,0,0,2.792,0,0,0,0,0,0,0,0,0,0
2475054,0,0,2.792,0,0,0,0,0,0,0,0,0,0
2475064,0,0,2.792,0,0,0,0,0,0,0,0,0,0
2475074,0,0,2.792,0,0,0,0,0,0,0,0,0,0
2475084,0,0,2.792,0,0,0,0,0,0,0,0,0,0
2475094,0,0,2.792,0,0,0,0,0,0,0,0,0,0
2475104,0,0,2.792,0,0,0,0,0,0,0,0,0,0
2475114,0,0,2.792,0,0,0,0,0,0,0,0,0,0
2475124,0,0,2.792,0,0,0,0,0,0,0,0,0,0
2475134,0,0,2.792,0,0,0,0,0,0,0,0,0,0
2475144,0,0,2.792,0,0,0,0,0,0,0,0,0,0
2475154,0,0,2.792,0,0,0,0,0,0,0,0,0,0
2475164,0,0,2.792,0,0,0,0,0,0,0,0,0,0
2475174,0,0,2.792,0,0,0,0,0,0,0,0,0,0
2475184,0,0,2.792,0,0,0,0,0,0,0,0,0,0
2475194,0,0,2.792,0,0,0,0,0,0,0,0,0,0
2475204,0,0,2.792,0,0,0,0,0,0,0,0,0,0
2475214,0,0,2.792,0,0,0,0,0,0,0,0,0,0
2475224,0,0,2.792,0,0,0,0,0,0,0,0,0,0
2475234,0,0,2.792,0,0,0,0,0,0,0,0,0,0
2475244,0,0,2.792,0,0,0,0,0,0,0,0,0,0
2475254,0,0,2.792,0,0,0,0,0,0,0,0,0,0
2475264,0,0,2.792,0,0,0,0,0,0,0,0,0,0
2475274,0,0,2.792,0,0,0,0,0,0,0,0,0,0
2475284,0,0,2.792,0,0,0,0,0,0,0,0,0,0
2475294,0,0,2.792,0,0,0,0,0,0,0,0,0,0
2475304,0,0,2.792,0,0,0,0,0,0,0,0,0,0
2475314,0,0,2.792,0,0,0,0,0,0,0,0,0,0
2475324,0,0,2.792,0,0,0,0,0,0,0,0,0,0
2475334,0,0,2.792,0,0,0,0,0,0,0,0,0,0
2475344,0,0,2.792,0,0,0,0,0,0,0,0,0,0
2475354,0,0,2.792,0,0,0,0,0,0,0,0,0,0
2475364,0,0,2.792,0,0,0,0,0,0,0,0,0,0
2475374,0,0,2.792,0,0,0,0,0,0,0,0,0,0
2475384,0,0,2.792,0,0,0,0,0,0,0,0,0,0
2475394,0,0,2.792,0,0,0,0,0,0,0,0,0,0
2475404,0,0,2.792,0,0,0,0,0,0,0,0,0,0
2475414,0,0,2.792,0,0,0,0,0,0,0,0,0,0
2475424,0,0,2.792,0,0,0,0,0,0,0,0,0,0
2475434,0,0,2.792,0,0,0,0,0,0,0,0,0,0
2475444,0,0,2.792,0,0,0,0,0,0,0,0,0,0
2475454,0,0,2.792,0,0,0,0,0,0,0,0,0,0
2475464,0,0,2.792,0,0,0,0,0,0,0,0,0,0
2475474,0,0,2.792,0,0,0,0,0,0,0,0,0,0
2475484,0,0,2.792,0,0,0,0,0,0,0,0,0,0
2475494,0,0,2.792,0,0,0,0,0,0,0,0,0,0
2475504,0,0,2.792,0,0,0,0,0,0,0,0,0,0
2475514,0,0,2.792,0,0,0,0,0,0,0,0,0,0
2475524,0,0,2.792,0,0,0,0,0,0,0,0,0,0
2475534,0,0,2.792,0,0,0,0,0,0,0,0,0,0
2475544,0,0,2.792,0,0,0,0,0,0,0,0,0,0
2475554,0,0,2.792,0,0,0,0,0,0,0,0,0,0
2475564,0,0,2.792,0,0,0,0,0,0,0,0,0,0
2475574,0,0,2.792,0,0,0,0,0,0,0,0,0,0
2475584,0,0,2.792,0,0,0,0,0,0,0,0,0,0
2475594,0,0,2.792,0,0,0,0,0,0,0,0,0,0
2475604,0,0,2.792,0,0,0,0,0,0,0,0,0,0
2475614,0,0,2.792,0,0,0,0,0,0,0,0,0,0
2475624,0,0,2.792,0,0,0,0,0,0,0,0,0,0
2475634,0,0,2.792,0,0,0,0,0,0,0,0,0,0
2475644,0,0,2.792,0,0,0,0,0,0,0,0,0,0
2475654,0,0,2.792,0,0,0,0,0,0,0,0,0,0
2475664,0,0,2.792,0,0,0,0,0,0,0,0,0,0
2475674,0,0,2.792,0,0,0,0,0,0,0,0,0,0
2475684,0,0,2.792,0,0,0,0,0,0,0,0,0,0
2475694,0,0,2.792,0,0,0,0,0,0,0,0,0,0
2475704,0,0,2.792,0,0,0,0,0,0,0,0,0,0
2475714,0,0,2.792,0,0,0,0,0,0,0,0,0,0
2475724,0,0,2.792,0,0,0,0,0,0,0,0,0,0
2475734,0,0,2.792,0,0,0,0,0,0,0,0,0,0
2475744,0,0,2.792,0,0,0,0,0,0,0,0,0,0
2475754,0,0,2.792,0,0,0,0,0,0,0,0,0,0
2475764,0,0,2.792,0,0,0,0,0,0,0,0,0,0
2475774,0,0,2.792,0,0,0,0,0,0,0,0,0,0
2475784,0,0,2.792,0,0,0,0,0,0,0,0,0,0
2475794,0,0,2.792,0,0,0,0,0,0,0,0,0,0
2475804,0,0,2.792,0,0,0,0,0,0,0,0,0,0
2475814,0,0,2.792,0,0,0,0,0,0,0,0,0,0
2475824,0,0,2.792,0,0,0,0,0,0,0,0,0,0
2475834,0,0,2.792,0,0,0,0,0,0,0,0,0,0
2475844,0,0,2.792,0,0,0,0,0,0,0,0,0,0
2475854,0,0,2.792,0,0,0,0,0,0,0,0,0,0
2475864,0,0,2.792,0,0,0,0,0,0,0,0,0,0
2475874,0,0,2.792,0,0,0,0,0,0,0,0,0,0
2475884,0,0,2.792,0,0,0,0,0,0,0,0,0,0
2475894,0,0,2.792,0,0,0,0,0,0,0,0,0,0
2475904,0,0,2.792,0,0,0,0,0,0,0,0,0,0
2475914,0,0,2.792,0,0,0,0,0,0,0,0,0,0
2475924,0,0,2.792,0,0,0,0,0,0,0,0,0,0
2475934,0,0,2.792,0,0,0,0,0,0,0,0,0,0
2475944,0,0,2.792,0,0,0,0,0,0,0,0,0,0
2475954,0,0,2.792,0,0,0,0,0,0,0,0,0,0
2475964,0,0,2.792,0,0,0,0,0,0,0,0,0,0
2475974,0,0,2.792,0,0,0,0,0,0,0,0,0,0
2475984,0,0,2.792,0,0,0,0,0,0,0,0,0,0
2475994,0,0,2.792,0,0,0,0,0,0,0,0,0,0
2476004,0,0,2.792,0,0,0,0,0,0,0,0,0,0
2476014,0,0,2.792,0,0,0,0,0,0,0,0,0,0
2476024,0,0,2.792,0,0,0,0,0,0,0,0,0,0
2476034,0,0,2.792,0,0,0,0,0,0,0,0,0,0
2476044,0,0,2.792,0,0,0,0,0,0,0,0,0,0
2476054,0,0,2.792,0,0,0,0,0,0,0,0,0,0
2476064,0,0,2.792,0,0,0,0,0,0,0,0,0,0
2476074,0,0,2.792,0,0,0,0,0,0,0,0,0,0
2476084,0,0,2.792,0,0,0,0,0,0,0,0,0,0
2476094,0,0,2.792,0,0,0,0,0,0,0,0,0,0
2476104,0,0,2.792,0,0,0,0,0,0,0,0,0,0
2476114,0,0,2.792,0,0,0,0,0,0,0,0,0,0
2476124,0,0,2.792,0,0,0,0,0,0,0,0,0,0
2476134,0,0,2.792,0,0,0,0,0,0,0,0,0,0
2476144,0,0,2.792,0,0,0,0,0,0,0,0,0,0
2476154,0,0,2.792,0,0,0,0,0,0,0,0,0,0
2476164,0,0,2.792,0,0,0,0,0,0,0,0,0,0
2476174,0,0,2.792,0.002,0,0,0,0,0,0,0,0,0
2476184,0,0,2.792,0,0,0,0,0,0,0,0,0,0
2476194,0,0,2.792,0,0,0,0,0,0,0,0,0,0
2476204,0,0,2.792,0,0,0,0,0,0,0,0,0,0
2476214,0,0,2.792,0,0,0,0,0,0,0,0,0,0
2476224,0,0,2.792,0,0,0,0,0,0,0,0,0,0
2476234,0,0,2.792,0,0,0,0,0,0,0,0,0,0
2476244,0,0,2.792,0,0,0,0,0,0,0,0,0,0
2476254,0,0,2.792,0,0,0,0,0,0,0,0,0,0
2476264,0,0,2.792,0,0,0,0,0,0,0,0,0,0
2476274,0,0,2.792,0,0,0,0,0,0,0,0,0,0
2476284,0,0,2.792,0,0,0,0,0,0,0,0,0,0
2476294,0,0,2.792,0,0,0,0,0,0,0,0,0,0
2476304,0,0,2.792,0,0,0,0,0,0,0,0,0,0
2476314,0,0,2.792,0,0,0,0,0,0,0,0,0,0
2476324,0,0,2.792,0,0,0,0,0,0,0,0,0,0
2476334,0,0,2.792,0,0,0,0,0,0,0,0,0,0
2476344,0,0,2.792,0,0,0,0,0,0,0,0,0,0
2476354,0,0,2.792,0,0,0,0,0,0,0,0,0,0
2476364,0,0,2.792,0,0,0,0,0,0,0,0,0,0
2476374,0,0,2.792,0,0,0,0,0,0,0,0,0,0
2476384,0,0,2.792,0,0,0,0,0,0,0,0,0,0
2476394,0,0,2.792,0,0,0,0,0,0,0,0,0,0
2476404,0,0,2.792,0,0,0,0,0,0,0,0,0,0
2476414,0,0,2.792,0,0,0,0,0,0,0,0,0,0
2476424,0,0,2.792,0,0,0,0,0,0,0,0,0,0
2476434,0,0,2.792,0,0,0,0,0,0,0,0,0,0
2476444,0,0,2.792,0,0,0,0,0,0,0,0,0,0
2476454,0,0,2.792,0,0,0,0,0,0,0,0,0,0
2476464,0,0,2.792,0,0,0,0,0,0,0,0,0,0
2476474,0,0,2.792,0,0,0,0,0,0,0,0,0,0
2476484,0,0,2.792,0,0,0,0,0,0,0,0,0,0
2476494,0,0,2.792,0,0,0,0,0,0,0,0,0,0
2476504,0,0,2.792,0,0,0,0,0,0,0,0,0,0
2476514,0,0,2.792,0,0,0,0,0,0,0,0,0,0
2476524,0,0,2.792,0,0,0,0,0,0,0,0,0,0
2476534,0,0,2.792,0,0,0,0,0,0,0,0,0,0
2476544,0,0,2.792,0,0,0,0,0,0,0,0,0,0
2476554,0,0,2.792,0,0,0,0,0,0,0,0,0,0
2476564,0,0,2.792,0,0,0,0,0,0,0,0,0,0
2476574,0,0,2.792,0,0,0,0,0,0,0,0,0,0
2476584,0,0,2.792,0,0,0,0,0,0,0,0,0,0
2476594,0,0,2.792,0,0,0,0,0,0,0,0,0,0
2476604,0,0,2.792,0,0,0,0,0,0,0,0,0,0
2476614,0,0,2.792,0,0,0,0,0,0,0,0,0,0
2476624,0,0,2.792,0,0,0,0,0,0,0,0,0,0
2476634,0,0,2.792,0,0,0,0,0,0,0,0,0,0
2476644,0,0,2.792,0,0,0,0,0,0,0,0,0,0
2476654,0,0,2.792,0,0,0,0,0,0,0,0,0,0
2476664,0,0,2.792,0,0,0,0,0,0,0,0,0,0
2476674,0,0,2.792,0,0,0,0,0,0,0,0,0,0
2476684,0,0,2.792,0,0,0,0,0,0,0,0,0,0
2476694,0,0,2.792,0,0,0,0,0,0,0,0,0,0
2476704,0,0,2.792,0,0,0,0,0,0,0,0,0,0
2476714,0,0,2.792,0,0,0,0,0,0,0,0,0,0
2476724,0,0,2.792,0,0,0,0,0,0,0,0,0,0
2476734,0,0,2.792,0,0,0,0,0,0,0,0,0,0
2476744,0,0,2.792,0,0,0,0,0,0,0,0,0,0
2476754,0,0,2.792,0,0,0,0,0,0,0,0,0,0
2476764,0,0,2.792,0,0,0,0,0,0,0,0,0,0
2476774,0,0,2.792,0,0,0,0,0,0,0,0,0,0
2476784,0,0,2.792,0,0,0,0,0,0,0,0,0,0
2476794,0,0,2.792,0,0,0,0,0,0,0,0,0,0
2476804,0,0,2.792,0,0,0,0,0,0,0,0,0,0
2476814,0,0,2.792,0,0,0,0,0,0,0,0,0,0
2476824,0,0,2.792,0,0,0,0,0,0,0,0,0,0
2476834,0,0,2.792,0,0,0,0,0,0,0,0,0,0
2476844,0,0,2.792,0,0,0,0,0,0,0,0,0,0
2476854,0,0,2.792,0,0,0,0,0,0,0,0,0,0
2476864,0,0,2.792,0,0,0,0,0,0,0,0,0,0
2476874,0,0,2.792,0,0,0,0,0,0,0,0,0,0
2476884,0,0,2.792,0,0,0,0,0,0,0,0,0,0
2476894,0,0,2.792,0,0,0,0,0,0,0,0,0,0
2476904,0,0,2.792,0,0,0,0,0,0,0,0,0,0
2476914,0,0,2.792,0,0,0,0,0,0,0,0,0,0
2476924,0,0,2.792,0,0,0,0,0,0,0,0,0,0
2476934,0,0,2.792,0,0,0,0,0,0,0,0,0,0
2476944,0,0,2.792,0,0,0,0,0,0,0,0,0,0
2476954,0,0,2.792,0,0,0,0,0,0,0,0,0,0
2476964,0,0,2.792,0,0,0,0,0,0,0,0,0,0
2476974,0,0,2.792,0,0,0,0,0,0,0,0,0,0
2476984,0,0,2.792,0,0,0,0,0,0,0,0,0,0
2476994,0,0,2.792,0,0,0,0,0,0,0,0,0,0
2477004,0,0,2.792,0,0,0,0,0,0,0,0,0,0
2477014,0,0,2.792,0,0,0,0,0,0,0,0,0,0
2477024,0,0,2.792,0,0,0,0,0,0,0,0,0,0
2477034,0,0,2.792,0,0,0,0,0,0,0,0,0,0
2477044,0,0,2.792,0,0,0,0,0,0,0,0,0,0
2477054,0,0,2.792,0,0,0,0,0,0,0,0,0,0
2477064,0,0,2.792,0,0,0,0,0,0,0,0,0,0
2477074,0,0,2.792,0,0,0,0,0,0,0,0,0,0
2477084,0,0,2.792,0,0,0,0,0,0,0,0,0,0
2477094,0,0,2.792,0,0,0,0,0,0,0,0,0,0
2477104,0,0,2.792,0,0,0,0,0,0,0,0,0,0
2477114,0,0,2.792,0,0,0,0,0,0,0,0,0,0
2477124,0,0,2.792,0,0,0,0,0,0,0,0,0,0
2477134,0,0,2.792,0,0,0,0,0,0,0,0,0,0
2477144,0,0,2.792,0,0,0,0,0,0,0,0,0,0
2477154,0,0,2.792,0,0,0,0,0,0,0,0,0,0
2477164,0,0,2.792,0,0,0,0,0,0,0,0,0,0
2477174,0,0,2.792,0,0,0,0,0,0,0,0,0,0
2477184,0,0,2.792,0,0,0,0,0,0,0,0,0,0
2477194,0,0,2.792,0,0,0,0,0,0,0,0,0,0
2477204,0,0,2.792,0,0,0,0,0,0,0,0,0,0
2477214,0,0,2.792,0,0,0,0,0,0,0,0,0,0
2477224,0,0,2.792,0,0,0,0,0,0,0,0,0,0
2477234,0,0,2.792,0,0,0,0,0,0,0,0,0,0
2477244,0,0,2.792,0,0,0,0,0,0,0,0,0,0
2477254,0,0,2.792,0,0,0,0,0,0,0,0,0,0
2477264,0,0,2.792,0,0,0,0,0,0,0,0,0,0
2477274,0,0,2.792,0,0,0,0,0,0,0,0,0,0
2477284,0,0,2.792,0,0,0,0,0,0,0,0,0,0
2477294,0,0,2.792,0,0,0,0,0,0,0,0,0,0
2477304,0,0,2.792,0,0,0,0,0,0,0,0,0,0
2477314,0,0,2.792,0,0,0,0,0,0,0,0,0,0
2477324,0,0,2.792,0,0,0,0,0,0,0,0,0,0
2477334,0,0,2.792,0,0,0,0,0,0,0,0,0,0
2477344,0,0,2.792,0,0,0,0,0,0,0,0,0,0
2477354,0,0,2.792,0,0,0,0,0,0,0,0,0,0
2477364,0,0,2.792,0,0,0,0,0,0,0,0,0,0
2477374,0,0,2.792,0,0,0,0,0,0,0,0,0,0
2477384,0,0,2.792,0,0,0,0,0,0,0,0,0,0
2477394,0,0,2.792,0,0,0,0,0,0,0,0,0,0
2477404,0,0,2.792,0,0,0,0,0,0,0,0,0,0
2477414,0,0,2.792,0,0,0,0,0,0,0,0,0,0
2477424,0,0,2.792,0,0,0,0,0,0,0,0,0,0
2477434,0,0,2.792,0,0,0,0,0,0,0,0,0,0
2477444,0,0,2.792,0,0,0,0,0,0,0,0,0,0
2477454,0,0,2.792,0,0,0,0,0,0,0,0,0,0
2477464,0,0,2.792,0,0,0,0,0,0,0,0,0,0
2477474,0,0,2.792,0,0,0,0,0,0,0,0,0,0
2477484,0,0,2.792,0,0,0,0,0,0,0,0,0,0
2477494,0,0,2.792,0,0,0,0,0,0,0,0,0,0
2477504,0,0,2.792,0,0,0,0,0,0,0,0,0,0
2477514,0,0,2.792,0,0,0,0,0,0,0,0,0,0
2477524,0,0,2.792,0,0,0,0,0,0,0,0,0,0
2477534,0,0,2.792,0,0,0,0,0,0,0,0,0,0
2477544,0,0,2.792,0,0,0,0,0,0,0,0,0,0
2477554,0,0,2.792,0,0,0,0,0,0,0,0,0,0
2477564,0,0,2.792,0,0,0,0,0,0,0,0,0,0
2477574,0,0,2.792,0,0,0,0,0,0,0,0,0,0
2477584,0,0,2.792,0,0,0,0,0,0,0,0,0,0
2477594,0,0,2.792,0,0,0,0,0,0,0,0,0,0
2477604,0,0,2.792,0,0,0,0,0,0,0,0,0,0
2477614,0,0,2.792,0,0,0,0,0,0,0,0,0,0
2477624,0,0,2.792,0,0,0,0,0,0,0,0,0,0
2477634,0,0,2.792,0,0,0,0,0,0,0,0,0,0
2477644,0,0,2.792,0,0,0,0,0,0,0,0,0,0
2477654,0,0,2.792,0,0,0,0,0,0,0,0,0,0
2477664,0,0,2.792,0,0,0,0,0,0,0,0,0,0
2477674,0,0,2.792,0,0,0,0,0,0,0,0,0,0
2477684,0,0,2.792,0,0,0,0,0,0,0,0,0,0
2477694,0,0,2.792,0,0,0,0,0,0,0,0,0,0
2477704,0,0,2.792,0,0,0,0,0,0,0,0,0,0
2477714,0,0,2.792,0,0,0,0,0,0,0,0,0,0
2477724,0,0,2.792,0,0,0,0,0,0,0,0,0,0
2477734,0,0,2.792,0,0,0,0,0,0,0,0,0,0
2477744,0,0,2.792,0,0,0,0,0,0,0,0,0,0
2477754,0,0,2.792,0,0,0,0,0,0,0,0,0,0
2477764,0,0,2.792,0,0,0,0,0,0,0,0,0,0
2477774,0,0,2.792,0,0,0,0,0,0,0,0,0,0
2477784,0,0,2.792,0,0,0,0,0,0,0,0,0,0
2477794,0,0,2.792,0,0,0,0,0,0,0,0,0,0
2477804,0,0,2.792,0,0,0,0,0,0,0,0,0,0
2477814,0,0,2.792,0,0,0,0,0,0,0,0,0,0
2477824,0,0,2.792,0,0,0,0,0,0,0,0,0,0
2477834,0,0,2.792,0,0,0,0,0,0,0,0,0,0
2477844,0,0,2.792,0,0,0,0,0,0,0,0,0,0
2477854,0,0,2.792,0,0,0,0,0,0,0,0,0,0
2477864,0,0,2.792,0,0,0,0,0,0,0,0,0,0
2477874,0,0,2.792,0,0,0,0,0,0,0,0,0,0
2477884,0,0,2.792,0,0,0,0,0,0,0,0,0,0
2477894,0,0,2.792,0,0,0,0,0,0,0,0,0,0
2477904,0,0,2.792,0,0,0,0,0,0,0,0,0,0
2477914,0,0,2.792,0,0,0,0,0,0,0,0,0,0
2477924,0,0,2.792,0,0,0,0,0,0,0,0,0,0
2477934,0,0,2.792,0,0,0,0,0,0,0,0,0,0
2477945,0,0,2.792,0,0,0,0,0,0,0,0,0,0
2477955,0,0,2.792,0,0,0,0,0,0,0,0,0,0
2477965,0,0,2.792,0,0,0,0,0,0,0,0,0,0
2477975,0,0,2.792,0,0,0,0,0,0,0,0,0,0
2477985,0,0,2.792,0,0,0,0,0,0,0,0,0,0
2477995,0,0,2.792,0,0,0,0,0,0,0,0,0,0
2478005,0,0,2.792,0,0,0,0,0,0,0,0,0,0
2478015,0,0,2.792,0,0,0,0,0,0,0,0,0,0
2478025,0,0,2.792,0,0,0,0,0,0,0,0,0,0
2478035,0,0,2.792,0,0,0,0,0,0,0,0,0,0
2478046,0,0,2.792,0,0,0,0,0,0,0,0,0,0
2478055,0,0,2.792,0,0,0,0,0,0,0,0,0,0
2478065,0,0,2.792,0,0,0,0,0,0,0,0,0,0
2478075,0,0,2.792,0,0,0,0,0,0,0,0,0,0
2478085,0,0,2.792,0,0,0,0,0,0,0,0,0,0
2478095,0,0,2.792,0,0,0,0,0,0,0,0,0,0
2478105,0,0,2.792,0,0,0,0,0,0,0,0,0,0
2478115,0,0,2.792,0,0,0,0,0,0,0,0,0,0
2478125,0,0,2.792,0,0,0,0,0,0,0,0,0,0
2478134,0,0,2.792,0,0,0,0,0,0,0,0,0,0
2478145,0,0,2.792,0,0,0,0,0,0,0,0,0,0
2478155,0,0,2.792,0,0,0,0,0,0,0,0,0,0
2478165,0,0,2.792,0,0,0,0,0,0,0,0,0,0
2478175,0,0,2.792,0,0,0,0,0,0,0,0,0,0
2478185,0,0,2.792,0,0,0,0,0,0,0,0,0,0
2478195,0,0,2.792,0,0,0,0,0,0,0,0,0,0
2478205,0,0,2.792,0,0,0,0,0,0,0,0,0,0
2478215,0,0,2.792,0,0,0,0,0,0,0,0,0,0
2478225,0,0,2.792,0,0,0,0,0,0,0,0,0,0
2478235,0,0,2.792,0,0,0,0,0,0,0,0,0,0
2478245,0,0,2.792,0,0,0,0,0,0,0,0,0,0
2478255,0,0,2.792,0,0,0,0,0,0,0,0,0,0
2478264,0,0,2.792,0,0,0,0,0,0,0,0,0,0
2478275,0,0,2.792,0,0,0,0,0,0,0,0,0,0
2478285,0,0,2.792,0,0,0,0,0,0,0,0,0,0
2478295,0,0,2.792,0,0,0,0,0,0,0,0,0,0
2478305,0,0,2.792,0,0,0,0,0,0,0,0,0,0
2478315,0,0,2.792,0,0,0,0,0,0,0,0,0,0
2478324,0,0,2.792,0,0,0,0,0,0,0,0,0,0
2478334,0,0,2.792,0,0,0,0,0,0,0,0,0,0
2478345,0,0,2.792,0,0,0,0,0,0,0,0,0,0
2478355,0,0,2.792,0,0,0,0,0,0,0,0,0,0
2478365,0,0,2.792,0,0,0,0,0,0,0,0,0,0
2478374,0,0,2.792,0,0,0,0,0,0,0,0,0,0
2478385,0,0,2.792,0,0,0,0,0,0,0,0,0,0
2478395,0,0,2.792,0,0,0,0,0,0,0,0,0,0
2478405,0,0,2.792,0,0,0,0,0,0,0,0,0,0
2478415,0,0,2.792,0,0,0,0,0,0,0,0,0,0
2478425,0,0,2.792,0,0,0,0,0,0,0,0,0,0
2478435,0,0,2.792,0,0,0,0,0,0,0,0,0,0
2478445,0,0,2.792,0,0,0,0,0,0,0,0,0,0
2478455,0,0,2.792,0,0,0,0,0,0,0,0,0,0
2478465,0,0,2.792,0,0,0,0,0,0,0,0,0,0
2478475,0,0,2.792,0,0,0,0,0,0,0,0,0,0
2478485,0,0,2.792,0,0,0,0,0,0,0,0,0,0
2478495,0,0,2.792,0,0,0,0,0,0,0,0,0,0
2478505,0,0,2.792,0,0,0,0,0,0,0,0,0,0
2478515,0,0,2.792,0,0,0,0,0,0,0,0,0,0
2478525,0,0,2.792,0,0,0,0,0,0,0,0,0,0
2478534,0,0,2.792,0,0,0,0,0,0,0,0,0,0
2478545,0,0,2.792,0,0,0,0,0,0,0,0,0,0
2478555,0,0,2.792,0,0,0,0,0,0,0,0,0,0
2478565,0,0,2.792,0,0,0,0,0,0,0,0,0,0
2478575,0,0,2.792,0,0,0,0,0,0,0,0,0,0
2478585,0,0,2.792,0,0,0,0,0,0,0,0,0,0
2478595,0,0,2.792,0,0,0,0,0,0,0,0,0,0
2478605,0,0,2.792,0,0,0,0,0,0,0,0,0,0
2478615,0,0,2.792,0,0,0,0,0,0,0,0,0,0
2478625,0,0,2.792,0,0,0,0,0,0,0,0,0,0
2478635,0,0,2.792,0,0,0,0,0,0,0,0,0,0
2478645,0,0,2.792,0,0,0,0,0,0,0,0,0,0
2478655,0,0,2.792,0,0,0,0,0,0,0,0,0,0
2478665,0,0,2.792,0,0,0,0,0,0,0,0,0,0
2478675,0,0,2.792,0,0,0,0,0,0,0,0,0,0
2478685,0,0,2.792,0,0,0,0,0,0,0,0,0,0
2478695,0,0,2.792,0,0,0,0,0,0,0,0,0,0
2478705,0,0,2.792,0,0,0,0,0,0,0,0,0,0
2478715,0,0,2.792,0,0,0,0,0,0,0,0,0,0
2478725,0,0,2.792,0,0,0,0,0,0,0,0,0,0
2478734,0,0,2.792,0,0,0,0,0,0,0,0,0,0
2478745,0,0,2.792,0,0,0,0,0,0,0,0,0,0
2478755,0,0,2.792,0,0,0,0,0,0,0,0,0,0
2478765,0,0,2.792,0,0,0,0,0,0,0,0,0,0
2478775,0,0,2.792,0,0,0,0,0,0,0,0,0,0
2478785,0,0,2.792,0,0,0,0,0,0,0,0,0,0
2478794,0,0,2.792,0,0,0,0,0,0,0,0,0,0
2478804,0,0,2.792,0,0,0,0,0,0,0,0,0,0
2478814,0,0,2.792,0,0,0,0,0,0,0,0,0,0
2478825,0,0,2.792,0,0,0,0,0,0,0,0,0,0
2478835,0,0,2.792,0,0,0,0,0,0,0,0,0,0
2478845,0,0,2.792,0,0,0,0,0,0,0,0,0,0
2478855,0,0,2.792,0,0,0,0,0,0,0,0,0,0
2478865,0,0,2.792,0,0,0,0,0,0,0,0,0,0
2478875,0,0,2.792,-0.002,0,0,0,0,0,0,0,0,0
2478885,0,0,2.792,0,0,0,0,0,0,0,0,0,0
2478895,0,0,2.792,0.003,0,0,0,0,0,0,0,0,0
2478905,0,0,2.792,0,0,0,0,0,0,0,0,0,0
2478915,0,0,2.792,0,0,0,0,0,0,0,0,0,0
2478925,0,0,2.792,0,0,0,0,0,0,0,0,0,0
2478934,0,0,2.792,0,0,0,0,0,0,0,0,0,0
2478945,0,0,2.792,0,0,0,0,0,0,0,0,0,0
2478955,0,0,2.792,0,0,0,0,0,0,0,0,0,0
2478965,0,0,2.792,0,0,0,0,0,0,0,0,0,0
2478974,0,0,2.792,0,0,0,0,0,0,0,0,0,0
2478985,0,0,2.792,0,0,0,0,0,0,0,0,0,0
2478995,0,0,2.792,0,0,0,0,0,0,0,0,0,0
2479005,0,0,2.792,0,0,0,0,0,0,0,0,0,0
2479014,0,0,2.792,0,0,0,0,0,0,0,0,0,0
2479025,0,0,2.792,0,0,0,0,0,0,0,0,0,0
2479035,0,0,2.792,0,0,0,0,0,0,0,0,0,0
2479045,0,0,2.792,0,0,0,0,0,0,0,0,0,0
2479054,0,0,2.792,0,0,0,0,0,0,0,0,0,0
2479065,0,0,2.792,0,0,0,0,0,0,0,0,0,0
2479075,0,0,2.792,0,0,0,0,0,0,0,0,0,0
2479085,0,0,2.792,0,0,0,0,0,0,0,0,0,0
2479095,0,0,2.792,0,0,0,0,0,0,0,0,0,0
2479105,0,0,2.792,0,0,0,0,0,0,0,0,0,0
2479115,0,0,2.792,0,0,0,0,0,0,0,0,0,0
2479125,0,0,2.792,0,0,0,0,0,0,0,0,0,0
2479135,0,0,2.792,0,0,0,0,0,0,0,0,0,0
2479145,0,0,2.792,0,0,0,0,0,0,0,0,0,0
2479155,0,0,2.792,0,0,0,0,0,0,0,0,0,0
2479165,0,0,2.792,0,0,0,0,0,0,0,0,0,0
2479174,0,0,2.792,0,0,0,0,0,0,0,0,0,0
2479185,0,0,2.792,0,0,0,0,0,0,0,0,0,0
2479194,0,0,2.792,0,0,0,0,0,0,0,0,0,0
2479204,0,0,2.792,0,0,0,0,0,0,0,0,0,0
2479215,0,0,2.792,0,0,0,0,0,0,0,0,0,0
2479225,0,0,2.792,0,0,0,0,0,0,0,0,0,0
2479235,0,0,2.792,0,0,0,0,0,0,0,0,0,0
2479244,0,0,2.792,0,0,0,0,0,0,0,0,0,0
2479254,0,0,2.792,0,0,0,0,0,0,0,0,0,0
2479265,0,0,2.792,0,0,0,0,0,0,0,0,0,0
2479274,0,0,2.792,0,0,0,0,0,0,0,0,0,0
2479285,0,0,2.792,0,0,0,0,0,0,0,0,0,0
2479295,0,0,2.792,0,0,0,0,0,0,0,0,0,0
2479305,0,0,2.792,0,0,0,0,0,0,0,0,0,0
2479315,0,0,2.792,0,0,0,0,0,0,0,0,0,0
2479324,0,0,2.792,0,0,0,0,0,0,0,0,0,0
2479335,0,0,2.792,0,0,0,0,0,0,0,0,0,0
2479345,0,0,2.792,0,0,0,0,0,0,0,0,0,0
2479355,0,0,2.792,0,0,0,0,0,0,0,0,0,0
2479364,0,0,2.792,0,0,0,0,0,0,0,0,0,0
2479374,0,0,2.792,0,0,0,0,0,0,0,0,0,0
2479385,0,0,2.792,0,0,0,0,0,0,0,0,0,0
2479395,0,0,2.792,0,0,0,0,0,0,0,0,0,0
2479404,0,0,2.792,0,0,0,0,0,0,0,0,0,0
2479415,0,0,2.792,0,0,0,0,0,0,0,0,0,0
2479425,0,0,2.792,0,0,0,0,0,0,0,0,0,0
2479435,0,0,2.792,0,0,0,0,0,0,0,0,0,0
2479445,0,0,2.792,0,0,0,0,0,0,0,0,0,0
2479454,0,0,2.792,0,0,0,0,0,0,0,0,0,0
2479465,0,0,2.792,0,0,0,0,0,0,0,0,0,0
2479475,0,0,2.792,0,0,0,0,0,0,0,0,0,0
2479485,0,0,2.792,0,0,0,0,0,0,0,0,0,0
2479495,0,0,2.792,0,0,0,0,0,0,0,0,0,0
2479505,0,0,2.792,0,0,0,0,0,0,0,0,0,0
2479515,0,0,2.792,0,0,0,0,0,0,0,0,0,0
2479525,0,0,2.792,0,0,0,0,0,0,0,0,0,0
2479535,0,0,2.792,0,0,0,0,0,0,0,0,0,0
2479545,0,0,2.792,0,0,0,0,0,0,0,0,0,0
2479555,0,0,2.792,0,0,0,0,0,0,0,0,0,0
2479565,0,0,2.792,0,0,0,0,0,0,0,0,0,0
2479575,0,0,2.792,0,0,0,0,0,0,0,0,0,0
2479585,0,0,2.792,0,0,0,0,0,0,0,0,0,0
2479595,0,0,2.792,0,0,0,0,0,0,0,0,0,0
2479605,0,0,2.792,0,0,0,0,0,0,0,0,0,0
2479615,0,0,2.792,0,0,0,0,0,0,0,0,0,0
2479625,0,0,2.792,0,0,0,0,0,0,0,0,0,0
2479635,0,0,2.792,0,0,0,0,0,0,0,0,0,0
2479645,0,0,2.792,0,0,0,0,0,0,0,0,0,0
2479655,0,0,2.792,0,0,0,0,0,0,0,0,0,0
2479665,0,0,2.792,0,0,0,0,0,0,0,0,0,0
2479674,0,0,2.792,0,0,0,0,0,0,0,0,0,0
2479685,0,0,2.792,0,0,0,0,0,0,0,0,0,0
2479695,0,0,2.792,0,0,0,0,0,0,0,0,0,0
2479705,0,0,2.792,0,0,0,0,0,0,0,0,0,0
2479715,0,0,2.792,0,0,0,0,0,0,0,0,0,0
2479725,0,0,2.792,0,0,0,0,0,0,0,0,0,0
2479735,0,0,2.792,0,0,0,0,0,0,0,0,0,0
2479745,0,0,2.792,0,0,0,0,0,0,0,0,0,0
2479755,0,0,2.792,0,0,0,0,0,0,0,0,0,0
2479764,0,0,2.792,0,0,0,0,0,0,0,0,0,0
2479775,0,0,2.792,0,0,0,0,0,0,0,0,0,0
2479785,0,0,2.792,0,0,0,0,0,0,0,0,0,0
2479794,0,0,2.792,0,0,0,0,0,0,0,0,0,0
2479805,0,0,2.792,0,0,0,0,0,0,0,0,0,0
2479815,0,0,2.792,0,0,0,0,0,0,0,0,0,0
2479825,0,0,2.792,0,0,0,0,0,0,0,0,0,0
2479835,0,0,2.792,0,0,0,0,0,0,0,0,0,0
2479844,0,0,2.792,0,0,0,0,0,0,0,0,0,0
2479854,0,0,2.792,0,0,0,0,0,0,0,0,0,0
2479865,0,0,2.792,0,0,0,0,0,0,0,0,0,0
2479874,0,0,2.792,0,0,0,0,0,0,0,0,0,0
2479885,0,0,2.792,0,0,0,0,0,0,0,0,0,0
2479895,0,0,2.792,0,0,0,0,0,0,0,0,0,0
2479905,0,0,2.792,0,0,0,0,0,0,0,0,0,0
2479915,0,0,2.792,0,0,0,0,0,0,0,0,0,0
2479925,0,0,2.792,0,0,0,0,0,0,0,0,0,0
2479935,0,0,2.792,0,0,0,0,0,0,0,0,0,0
2479945,0,0,2.792,0,0,0,0,0,0,0,0,0,0
2479955,0,0,2.792,0,0,0,0,0,0,0,0,0,0
2479965,0,0,2.792,0,0,0,0,0,0,0,0,0,0
2479974,0,0,2.792,0,0,0,0,0,0,0,0,0,0
2479985,0,0,2.792,0,0,0,0,0,0,0,0,0,0
2479995,0,0,2.792,0,0,0,0,0,0,0,0,0,0
2480005,0,0,2.792,0,0,0,0,0,0,0,0,0,0
2480015,0,0,2.792,0,0,0,0,0,0,0,0,0,0
2480025,0,0,2.792,0,0,0,0,0,0,0,0,0,0
2480035,0,0,2.792,0,0,0,0,0,0,0,0,0,0
2480045,0,0,2.792,0,0,0,0,0,0,0,0,0,0
2480054,0,0,2.792,0,0,0,0,0,0,0,0,0,0
2480065,0,0,2.792,0,0,0,0,0,0,0,0,0,0
2480075,0,0,2.792,0,0,0,0,0,0,0,0,0,0
2480085,0,0,2.792,0,0,0,0,0,0,0,0,0,0
2480095,0,0,2.792,0,0,0,0,0,0,0,0,0,0
2480105,0,0,2.792,0,0,0,0,0,0,0,0,0,0
2480115,0,0,2.792,0,0,0,0,0,0,0,0,0,0
2480125,0,0,2.792,0,0,0,0,0,0,0,0,0,0
2480135,0,0,2.792,0,0,0,0,0,0,0,0,0,0
2480145,0,0,2.792,0,0,0,0,0,0,0,0,0,0
2480155,0,0,2.792,0,0,0,0,0,0,0,0,0,0
2480165,0,0,2.792,0,0,0,0,0,0,0,0,0,0
2480175,0,0,2.792,0,0,0,0,0,0,0,0,0,0
2480185,0,0,2.792,0,0,0,0,0,0,0,0,0,0
2480195,0,0,2.792,0,0,0,0,0,0,0,0,0,0
2480205,0,0,2.792,0,0,0,0,0,0,0,0,0,0
2480215,0,0,2.792,0,0,0,0,0,0,0,0,0,0
2480225,0,0,2.792,0,0,0,0,0,0,0,0,0,0
2480235,0,0,2.792,0,0,0,0,0,0,0,0,0,0
2480245,0,0,2.792,0,0,0,0,0,0,0,0,0,0
2480254,0,0,2.792,0,0,0,0,0,0,0,0,0,0
2480264,0,0,2.792,0,0,0,0,0,0,0,0,0,0
2480274,0,0,2.792,0,0,0,0,0,0,0,0,0,0
2480284,0,0,2.792,0,0,0,0,0,0,0,0,0,0
2480294,0,0,2.792,0,0,0,0,0,0,0,0,0,0
2480304,0,0,2.792,0,0,0,0,0,0,0,0,0,0
2480314,0,0,2.792,0,0,0,0,0,0,0,0,0,0
2480324,0,0,2.792,0,0,0,0,0,0,0,0,0,0
2480334,0,0,2.792,0,0,0,0,0,0,0,0,0,0
2480344,0,0,2.792,0,0,0,0,0,0,0,0,0,0
2480354,0,0,2.792,0,0,0,0,0,0,0,0,0,0
2480364,0,0,2.792,0,0,0,0,0,0,0,0,0,0
2480374,0,0,2.792,0,0,0,0,0,0,0,0,0,0
2480384,0,0,2.792,0,0,0,0,0,0,0,0,0,0
2480394,0,0,2.792,0,0,0,0,0,0,0,0,0,0
2480404,0,0,2.792,0,0,0,0,0,0,0,0,0,0
2480414,0,0,2.792,0,0,0,0,0,0,0,0,0,0
2480424,0,0,2.792,0,0,0,0,0,0,0,0,0,0
2480434,0,0,2.792,0,0,0,0,0,0,0,0,0,0
2480444,0,0,2.792,0,0,0,0,0,0,0,0,0,0
2480454,0,0,2.792,0,0,0,0,0,0,0,0,0,0
2480464,0,0,2.792,0,0,0,0,0,0,0,0,0,0
2480474,0,0,2.792,0,0,0,0,0,0,0,0,0,0
2480484,0,0,2.792,0,0,0,0,0,0,0,0,0,0
2480494,0,0,2.792,0,0,0,0,0,0,0,0,0,0
2480504,0,0,2.792,0,0,0,0,0,0,0,0,0,0
2480514,0,0,2.792,0,0,0,0,0,0,0,0,0,0
2480524,0,0,2.792,0,0,0,0,0,0,0,0,0,0
2480534,0,0,2.792,0,0,0,0,0,0,0,0,0,0
2480544,0,0,2.792,0,0,0,0,0,0,0,0,0,0
2480554,0,0,2.792,0,0,0,0,0,0,0,0,0,0
2480564,0,0,2.792,0,0,0,0,0,0,0,0,0,0
2480574,0,0,2.792,0,0,0,0,0,0,0,0,0,0
2480584,0,0,2.792,0,0,0,0,0,0,0,0,0,0
2480594,0,0,2.792,0,0,0,0,0,0,0,0,0,0
2480604,0,0,2.792,0,0,0,0,0,0,0,0,0,0
2480614,0,0,2.792,0,0,0,0,0,0,0,0,0,0
2480624,0,0,2.792,0,0,0,0,0,0,0,0,0,0
2480634,0,0,2.792,0,0,0,0,0,0,0,0,0,0
2480644,0,0,2.792,0,0,0,0,0,0,0,0,0,0
2480654,0,0,2.792,0,0,0,0,0,0,0,0,0,0
2480664,0,0,2.792,0,0,0,0,0,0,0,0,0,0
2480674,0,0,2.792,0,0,0,0,0,0,0,0,0,0
2480684,0,0,2.792,0,0,0,0,0,0,0,0,0,0
2480694,0,0,2.792,0,0,0,0,0,0,0,0,0,0
2480704,0,0,2.792,0,0,0,0,0,0,0,0,0,0
2480714,0,0,2.792,0,0,0,0,0,0,0,0,0,0
2480724,0,0,2.792,0,0,0,0,0,0,0,0,0,0
2480734,0,0,2.792,0,0,0,0,0,0,0,0,0,0
2480744,0,0,2.792,0,0,0,0,0,0,0,0,0,0
2480754,0,0,2.792,0,0,0,0,0,0,0,0,0,0
2480764,0,0,2.792,0,0,0,0,0,0,0,0,0,0
2480774,0,0,2.792,0,0,0,0,0,0,0,0,0,0
2480784,0,0,2.792,0,0,0,0,0,0,0,0,0,0
2480794,0,0,2.792,0,0,0,0,0,0,0,0,0,0
2480804,0,0,2.792,0,0,0,0,0,0,0,0,0,0
2480814,0,0,2.792,0,0,0,0,0,0,0,0,0,0
2480824,0,0,2.792,0,0,0,0,0,0,0,0,0,0
2480834,0,0,2.792,0,0,0,0,0,0,0,0,0,0
2480844,0,0,2.792,0,0,0,0,0,0,0,0,0,0
2480854,0,0,2.792,0,0,0,0,0,0,0,0,0,0
2480864,0,0,2.792,0,0,0,0,0,0,0,0,0,0
2480874,0,0,2.792,0,0,0,0,0,0,0,0,0,0
2480884,0,0,2.792,0,0,0,0,0,0,0,0,0,0
2480894,0,0,2.792,0,0,0,0,0,0,0,0,0,0
2480904,0,0,2.792,0,0,0,0,0,0,0,0,0,0
2480914,0,0,2.792,0,0,0,0,0,0,0,0,0,0
2480924,0,0,2.792,0,0,0,0,0,0,0,0,0,0
2480934,0,0,2.792,0,0,0,0,0,0,0,0,0,0
2480944,0,0,2.792,0,0,0,0,0,0,0,0,0,0
2480954,0,0,2.792,0,0,0,0,0,0,0,0,0,0
2480964,0,0,2.792,0,0,0,0,0,0,0,0,0,0
2480974,0,0,2.792,0,0,0,0,0,0,0,0,0,0
2480984,0,0,2.792,0,0,0,0,0,0,0,0,0,0
2480994,0,0,2.792,0,0,0,0,0,0,0,0,0,0
2481004,0,0,2.792,0,0,0,0,0,0,0,0,0,0
2481014,0,0,2.792,0,0,0,0,0,0,0,0,0,0
2481024,0,0,2.792,0,0,0,0,0,0,0,0,0,0
2481034,0,0,2.792,0,0,0,0,0,0,0,0,0,0
2481044,0,0,2.792,0,0,0,0,0,0,0,0,0,0
2481054,0,0,2.792,0,0,0,0,0,0,0,0,0,0
2481064,0,0,2.792,0,0,0,0,0,0,0,0,0,0
2481074,0,0,2.792,0,0,0,0,0,0,0,0,0,0
2481084,0,0,2.792,0,0,0,0,0,0,0,0,0,0
2481094,0,0,2.792,0,0,0,0,0,0,0,0,0,0
2481104,0,0,2.792,0,0,0,0,0,0,0,0,0,0
2481114,0,0,2.792,0,0,0,0,0,0,0,0,0,0
2481124,0,0,2.792,0,0,0,0,0,0,0,0,0,0
2481134,0,0,2.792,0,0,0,0,0,0,0,0,0,0
2481144,0,0,2.792,0,0,0,0,0,0,0,0,0,0
2481154,0,0,2.792,0,0,0,0,0,0,0,0,0,0
2481164,0,0,2.792,0,0,0,0,0,0,0,0,0,0
2481174,0,0,2.792,0,0,0,0,0,0,0,0,0,0
2481184,0,0,2.792,0,0,0,0,0,0,0,0,0,0
2481194,0,0,2.792,0,0,0,0,0,0,0,0,0,0
2481204,0,0,2.792,0,0,0,0,0,0,0,0,0,0
2481214,0,0,2.792,0,0,0,0,0,0,0,0,0,0
2481224,0,0,2.792,0,0,0,0,0,0,0,0,0,0
2481234,0,0,2.792,0,0,0,0,0,0,0,0,0,0
2481244,0,0,2.792,0,0,0,0,0,0,0,0,0,0
2481254,0,0,2.792,0,0,0,0,0,0,0,0,0,0
2481264,0,0,2.792,0,0,0,0,0,0,0,0,0,0
2481274,0,0,2.792,0,0,0,0,0,0,0,0,0,0
2481284,0,0,2.792,0,0,0,0,0,0,0,0,0,0
2481294,0,0,2.792,0,0,0,0,0,0,0,0,0,0
2481304,0,0,2.792,0,0,0,0,0,0,0,0,0,0
2481314,0,0,2.792,0,0,0,0,0,0,0,0,0,0
2481324,0,0,2.792,0,0,0,0,0,0,0,0,0,0
2481334,0,0,2.792,0,0,0,0,0,0,0,0,0,0
2481344,0,0,2.792,0,0,0,0,0,0,0,0,0,0
2481354,0,0,2.792,0,0,0,0,0,0,0,0,0,0
2481364,0,0,2.792,0,0,0,0,0,0,0,0,0,0
2481374,0,0,2.792,0,0,0,0,0,0,0,0,0,0
2481384,0,0,2.792,0,0,0,0,0,0,0,0,0,0
2481394,0,0,2.792,0,0,0,0,0,0,0,0,0,0
2481404,0,0,2.792,0,0,0,0,0,0,0,0,0,0
2481414,0,0,2.792,0,0,0,0,0,0,0,0,0,0
2481424,0,0,2.792,0,0,0,0,0,0,0,0,0,0
2481434,0,0,2.792,0,0,0,0,0,0,0,0,0,0
2481444,0,0,2.792,0,0,0,0,0,0,0,0,0,0
2481454,0,0,2.792,0,0,0,0,0,0,0,0,0,0
2481464,0,0,2.792,0,0,0,0,0,0,0,0,0,0
2481474,0,0,2.792,0,0,0,0,0,0,0,0,0,0
2481484,0,0,2.792,0,0,0,0,0,0,0,0,0,0
2481494,0,0,2.792,0,0,0,0,0,0,0,0,0,0
2481504,0,0,2.792,0,0,0,0,0,0,0,0,0,0
2481514,0,0,2.792,0,0,0,0,0,0,0,0,0,0
2481524,0,0,2.792,0,0,0,0,0,0,0,0,0,0
2481534,0,0,2.792,0,0,0,0,0,0,0,0,0,0
2481544,0,0,2.792,0,0,0,0,0,0,0,0,0,0
2481554,0,0,2.792,0,0,0,0,0,0,0,0,0,0
2481564,0,0,2.792,0,0,0,0,0,0,0,0,0,0
2481574,0,0,2.792,0,0,0,0,0,0,0,0,0,0
2481584,0,0,2.792,0,0,0,0,0,0,0,0,0,0
2481594,0,0,2.792,0,0,0,0,0,0,0,0,0,0
2481604,0,0,2.792,0,0,0,0,0,0,0,0,0,0
2481614,0,0,2.792,0,0,0,0,0,0,0,0,0,0
2481624,0,0,2.792,0,0,0,0,0,0,0,0,0,0
2481634,0,0,2.792,0,0,0,0,0,0,0,0,0,0
2481644,0,0,2.792,0,0,0,0,0,0,0,0,0,0
2481654,0,0,2.792,0,0,0,0,0,0,0,0,0,0
2481664,0,0,2.792,0,0,0,0,0,0,0,0,0,0
2481674,0,0,2.792,0,0,0,0,0,0,0,0,0,0
2481684,0,0,2.792,0,0,0,0,0,0,0,0,0,0
2481694,0,0,2.792,0,0,0,0,0,0,0,0,0,0
2481704,0,0,2.792,0,0,0,0,0,0,0,0,0,0
2481714,0,0,2.792,0,0,0,0,0,0,0,0,0,0
2481724,0,0,2.792,0,0,0,0,0,0,0,0,0,0
2481734,0,0,2.792,0,0,0,0,0,0,0,0,0,0
2481744,0,0,2.792,0,0,0,0,0,0,0,0,0,0
2481754,0,0,2.792,0,0,0,0,0,0,0,0,0,0
2481764,0,0,2.792,0,0,0,0,0,0,0,0,0,0
2481774,0,0,2.792,0,0,0,0,0,0,0,0,0,0
2481784,0,0,2.792,0,0,0,0,0,0,0,0,0,0
2481794,0,0,2.792,0,0,0,0,0,0,0,0,0,0
2481804,0,0,2.792,0,0,0,0,0,0,0,0,0,0
2481814,0,0,2.792,0,0,0,0,0,0,0,0,0,0
2481824,0,0,2.792,0,0,0,0,0,0,0,0,0,0
2481834,0,0,2.792,0,0,0,0,0,0,0,0,0,0
2481844,0,0,2.792,0,0,0,0,0,0,0,0,0,0
2481854,0,0,2.792,0,0,0,0,0,0,0,0,0,0
2481864,0,0,2.792,0,0,0,0,0,0,0,0,0,0
2481874,0,0,2.792,0,0,0,0,0,0,0,0,0,0
2481884,0,0,2.792,0,0,0,0,0,0,0,0,0,0
2481894,0,0,2.792,0,0,0,0,0,0,0,0,0,0
2481904,0,0,2.792,0,0,0,0,0,0,0,0,0,0
2481914,0,0,2.792,0,0,0,0,0,0,0,0,0,0
2481924,0,0,2.792,0,0,0,0,0,0,0,0,0,0
2481934,0,0,2.792,0,0,0,0,0,0,0,0,0,0
2481944,0,0,2.792,0,0,0,0,0,0,0,0,0,0
2481954,0,0,2.792,0,0,0,0,0,0,0,0,0,0
2481964,0,0,2.792,0,0,0,0,0,0,0,0,0,0
2481974,0,0,2.792,0,0,0,0,0,0,0,0,0,0
2481984,0,0,2.792,0,0,0,0,0,0,0,0,0,0
2481994,0,0,2.792,0,0,0,0,0,0,0,0,0,0
2482004,0,0,2.792,0,0,0,0,0,0,0,0,0,0
2482014,0,0,2.792,0,0,0,0,0,0,0,0,0,0
2482024,0,0,2.792,0,0,0,0,0,0,0,0,0,0
2482034,0,0,2.792,0,0,0,0,0,0,0,0,0,0
2482044,0,0,2.792,0,0,0,0,0,0,0,0,0,0
2482054,0,0,2.792,0,0,0,0,0,0,0,0,0,0
2482064,0,0,2.792,0,0,0,0,0,0,0,0,0,0
2482074,0,0,2.792,0,0,0,0,0,0,0,0,0,0
2482084,0,0,2.792,0,0,0,0,0,0,0,0,0,0
2482094,0,0,2.792,0,0,0,0,0,0,0,0,0,0
2482104,0,0,2.792,0,0,0,0,0,0,0,0,0,0
2482114,0,0,2.792,0,0,0,0,0,0,0,0,0,0
2482124,0,0,2.792,0,0,0,0,0,0,0,0,0,0
2482134,0,0,2.792,0,0,0,0,0,0,0,0,0,0
2482144,0,0,2.792,0,0,0,0,0,0,0,0,0,0
2482154,0,0,2.792,0,0,0,0,0,0,0,0,0,0
2482164,0,0,2.792,0,0,0,0,0,0,0,0,0,0
2482174,0,0,2.792,0,0,0,0,0,0,0,0,0,0
2482184,0,0,2.792,0,0,0,0,0,0,0,0,0,0
2482194,0,0,2.792,0,0,0,0,0,0,0,0,0,0
2482204,0,0,2.792,0,0,0,0,0,0,0,0,0,0
2482214,0,0,2.792,0,0,0,0,0,0,0,0,0,0
2482224,0,0,2.792,0,0,0,0,0,0,0,0,0,0
2482234,0,0,2.792,0,0,0,0,0,0,0,0,0,0
2482244,0,0,2.792,0,0,0,0,0,0,0,0,0,0
2482254,0,0,2.792,0,0,0,0,0,0,0,0,0,0
2482264,0,0,2.792,0,0,0,0,0,0,0,0,0,0
2482274,0,0,2.792,0,0,0,0,0,0,0,0,0,0
2482284,0,0,2.792,0,0,0,0,0,0,0,0,0,0
2482294,0,0,2.792,0,0,0,0,0,0,0,0,0,0
2482304,0,0,2.792,0,0,0,0,0,0,0,0,0,0
2482314,0,0,2.792,0,0,0,0,0,0,0,0,0,0
2482324,0,0,2.792,0,0,0,0,0,0,0,0,0,0
2482334,0,0,2.792,0,0,0,0,0,0,0,0,0,0
2482344,0,0,2.792,0,0,0,0,0,0,0,0,0,0
2482354,0,0,2.792,0,0,0,0,0,0,0,0,0,0
2482364,0,0,2.792,0,0,0,0,0,0,0,0,0,0
2482374,0,0,2.792,0,0,0,0,0,0,0,0,0,0
2482384,0,0,2.792,0,0,0,0,0,0,0,0,0,0
2482394,0,0,2.792,0,0,0,0,0,0,0,0,0,0
2482404,0,0,2.792,0,0,0,0,0,0,0,0,0,0
2482414,0,0,2.792,0,0,0,0,0,0,0,0,0,0
2482424,0,0,2.792,0,0,0,0,0,0,0,0,0,0
2482434,0,0,2.792,0,0,0,0,0,0,0,0,0,0
2482444,0,0,2.792,0,0,0,0,0,0,0,0,0,0
2482454,0,0,2.792,0,0,0,0,0,0,0,0,0,0
2482464,0,0,2.792,0,0,0,0,0,0,0,0,0,0
2482474,0,0,2.792,0,0,0,0,0,0,0,0,0,0
2482484,0,0,2.792,0,0,0,0,0,0,0,0,0,0
2482494,0,0,2.792,0,0,0,0,0,0,0,0,0,0
2482504,0,0,2.792,0,0,0,0,0,0,0,0,0,0
2482514,0,0,2.792,0,0,0,0,0,0,0,0,0,0
2482524,0,0,2.792,0,0,0,0,0,0,0,0,0,0
2482534,0,0,2.792,0,0,0,0,0,0,0,0,0,0
2482544,0,0,2.792,0,0,0,0,0,0,0,0,0,0
2482554,0,0,2.792,0,0,0,0,0,0,0,0,0,0
2482564,0,0,2.792,0,0,0,0,0,0,0,0,0,0
2482574,0,0,2.792,0,0,0,0,0,0,0,0,0,0
2482584,0,0,2.792,0,0,0,0,0,0,0,0,0,0
2482594,0,0,2.792,0,0,0,0,0,0,0,0,0,0
2482604,0,0,2.792,0,0,0,0,0,0,0,0,0,0
2482614,0,0,2.792,0,0,0,0,0,0,0,0,0,0
2482624,0,0,2.792,0,0,0,0,0,0,0,0,0,0
2482634,0,0,2.792,0,0,0,0,0,0,0,0,0,0
2482644,0,0,2.792,0,0,0,0,0,0,0,0,0,0
2482654,0,0,2.792,0,0,0,0,0,0,0,0,0,0
2482664,0,0,2.792,0,0,0,0,0,0,0,0,0,0
2482674,0,0,2.792,0,0,0,0,0,0,0,0,0,0
2482684,0,0,2.792,0,0,0,0,0,0,0,0,0,0
2482696,0,0,2.792,0,0,0,0,0,0,0,0,0,0
2482704,0,0,2.792,0,0,0,0,0,0,0,0,0,0
2482714,0,0,2.792,0,0,0,0,0,0,0,0,0,0
2482724,0,0,2.792,0,0,0,0,0,0,0,0,0,0
2482734,0,0,2.792,0,0,0,0,0,0,0,0,0,0
2482744,0,0,2.792,0,0,0,0,0,0,0,0,0,0
2482754,0,0,2.792,0,0,0,0,0,0,0,0,0,0
2482764,0,0,2.792,0,0,0,0,0,0,0,0,0,0
2482774,0,0,2.792,0,0,0,0,0,0,0,0,0,0
2482784,0,0,2.792,0,0,0,0,0,0,0,0,0,0
2482794,0,0,2.792,0,0,0,0,0,0,0,0,0,0
2482804,0,0,2.792,0,0,0,0,0,0,0,0,0,0
2482814,0,0,2.792,0,0,0,0,0,0,0,0,0,0
2482824,0,0,2.792,0,0,0,0,0,0,0,0,0,0
2482834,0,0,2.792,0,0,0,0,0,0,0,0,0,0
2482844,0,0,2.792,0,0,0,0,0,0,0,0,0,0
2482854,0,0,2.792,0,0,0,0,0,0,0,0,0,0
2482864,0,0,2.792,0,0,0,0,0,0,0,0,0,0
2482874,0,0,2.792,0,0,0,0,0,0,0,0,0,0
2482884,0,0,2.792,0,0,0,0,0,0,0,0,0,0
2482894,0,0,2.792,0,0,0,0,0,0,0,0,0,0
2482904,0,0,2.792,0,0,0,0,0,0,0,0,0,0
2482914,0,0,2.792,0,0,0,0,0,0,0,0,0,0
2482924,0,0,2.792,0,0,0,0,0,0,0,0,0,0
2482934,0,0,2.792,0,0,0,0,0,0,0,0,0,0
2482944,0,0,2.792,0,0,0,0,0,0,0,0,0,0
2482954,0,0,2.792,0,0,0,0,0,0,0,0,0,0
2482964,0,0,2.792,0,0,0,0,0,0,0,0,0,0
2482974,0,0,2.792,0,0,0,0,0,0,0,0,0,0
2482984,0,0,2.792,0,0,0,0,0,0,0,0,0,0
2482994,0,0,2.792,0,0,0,0,0,0,0,0,0,0
2483004,0,0,2.792,0,0,0,0,0,0,0,0,0,0
2483014,0,0,2.792,0,0,0,0,0,0,0,0,0,0
2483024,0,0,2.792,0,0,0,0,0,0,0,0,0,0
2483034,0,0,2.792,0,0,0,0,0,0,0,0,0,0
2483044,0,0,2.792,0,0,0,0,0,0,0,0,0,0
2483054,0,0,2.792,0,0,0,0,0,0,0,0,0,0
2483064,0,0,2.792,0,0,0,0,0,0,0,0,0,0
2483074,0,0,2.792,0,0,0,0,0,0,0,0,0,0
2483084,0,0,2.792,0,0,0,0,0,0,0,0,0,0
2483094,0,0,2.792,0,0,0,0,0,0,0,0,0,0
2483104,0,0,2.792,0,0,0,0,0,0,0,0,0,0
2483114,0,0,2.792,0,0,0,0,0,0,0,0,0,0
2483124,0,0,2.792,0,0,0,0,0,0,0,0,0,0
2483134,0,0,2.792,0,0,0,0,0,0,0,0,0,0
2483144,0,0,2.792,0,0,0,0,0,0,0,0,0,0
2483154,0,0,2.792,0,0,0,0,0,0,0,0,0,0
2483164,0,0,2.792,0,0,0,0,0,0,0,0,0,0
2483174,0,0,2.792,0,0,0,0,0,0,0,0,0,0
2483184,0,0,2.792,0,0,0,0,0,0,0,0,0,0
2483194,0,0,2.792,0,0,0,0,0,0,0,0,0,0
2483204,0,0,2.792,0,0,0,0,0,0,0,0,0,0
2483214,0,0,2.792,0,0,0,0,0,0,0,0,0,0
2483224,0,0,2.792,0,0,0,0,0,0,0,0,0,0
2483234,0,0,2.792,0,0,0,0,0,0,0,0,0,0
2483244,0,0,2.792,0,0,0,0,0,0,0,0,0,0
2483254,0,0,2.792,0,0,0,0,0,0,0,0,0,0
2483264,0,0,2.792,0,0,0,0,0,0,0,0,0,0
2483274,0,0,2.792,0,0,0,0,0,0,0,0,0,0
2483284,0,0,2.792,0,0,0,0,0,0,0,0,0,0
2483294,0,0,2.792,0,0,0,0,0,0,0,0,0,0
2483304,0,0,2.792,0,0,0,0,0,0,0,0,0,0
2483314,0,0,2.792,0,0,0,0,0,0,0,0,0,0
2483324,0,0,2.792,0,0,0,0,0,0,0,0,0,0
2483334,0,0,2.792,0,0,0,0,0,0,0,0,0,0
2483344,0,0,2.792,0,0,0,0,0,0,0,0,0,0
2483354,0,0,2.792,0,0,0,0,0,0,0,0,0,0
2483364,0,0,2.792,0,0,0,0,0,0,0,0,0,0
2483374,0,0,2.792,0,0,0,0,0,0,0,0,0,0
2483384,0,0,2.792,0,0,0,0,0,0,0,0,0,0
2483394,0,0,2.792,0,0,0,0,0,0,0,0,0,0
2483404,0,0,2.792,0,0,0,0,0,0,0,0,0,0
2483414,0,0,2.792,0,0,0,0,0,0,0,0,0,0
2483424,0,0,2.792,0,0,0,0,0,0,0,0,0,0
2483434,0,0,2.792,0,0,0,0,0,0,0,0,0,0
2483444,0,0,2.792,0,0,0,0,0,0,0,0,0,0
2483454,0,0,2.792,0,0,0,0,0,0,0,0,0,0
2483464,0,0,2.792,0,0,0,0,0,0,0,0,0,0
2483474,0,0,2.792,0,0,0,0,0,0,0,0,0,0
2483484,0,0,2.792,0,0,0,0,0,0,0,0,0,0
2483494,0,0,2.792,0,0,0,0,0,0,0,0,0,0
2483504,0,0,2.792,0,0,0,0,0,0,0,0,0,0
2483514,0,0,2.792,0,0,0,0,0,0,0,0,0,0
2483524,0,0,2.792,0,0,0,0,0,0,0,0,0,0
2483534,0,0,2.792,0,0,0,0,0,0,0,0,0,0
2483544,0,0,2.792,0,0,0,0,0,0,0,0,0,0
2483554,0,0,2.792,0,0,0,0,0,0,0,0,0,0
2483564,0,0,2.792,0,0,0,0,0,0,0,0,0,0
2483574,0,0,2.792,0,0,0,0,0,0,0,0,0,0
2483584,0,0,2.792,0,0,0,0,0,0,0,0,0,0
2483594,0,0,2.792,0,0,0,0,0,0,0,0,0,0
2483604,0,0,2.792,0,0,0,0,0,0,0,0,0,0
2483614,0,0,2.792,0,0,0,0,0,0,0,0,0,0
2483624,0,0,2.792,0,0,0,0,0,0,0,0,0,0
2483634,0,0,2.792,0,0,0,0,0,0,0,0,0,0
2483644,0,0,2.792,0,0,0,0,0,0,0,0,0,0
2483654,0,0,2.792,0,0,0,0,0,0,0,0,0,0
2483664,0,0,2.792,0,0,0,0,0,0,0,0,0,0
2483674,0,0,2.792,0,0,0,0,0,0,0,0,0,0
2483684,0,0,2.792,0,0,0,0,0,0,0,0,0,0
2483694,0,0,2.792,0,0,0,0,0,0,0,0,0,0
2483704,0,0,2.792,0,0,0,0,0,0,0,0,0,0
2483714,0,0,2.792,0,0,0,0,0,0,0,0,0,0
2483724,0,0,2.792,0,0,0,0,0,0,0,0,0,0
2483734,0,0,2.792,0,0,0,0,0,0,0,0,0,0
2483744,0,0,2.792,0,0,0,0,0,0,0,0,0,0
2483754,0,0,2.792,0,0,0,0,0,0,0,0,0,0
2483764,0,0,2.792,0,0,0,0,0,0,0,0,0,0
2483774,0,0,2.792,0,0,0,0,0,0,0,0,0,0
2483784,0,0,2.792,0,0,0,0,0,0,0,0,0,0
2483794,0,0,2.792,0,0,0,0,0,0,0,0,0,0
2483804,0,0,2.792,0,0,0,0,0,0,0,0,0,0
2483814,0,0,2.792,0,0,0,0,0,0,0,0,0,0
2483824,0,0,2.792,0,0,0,0,0,0,0,0,0,0
2483834,0,0,2.792,0,0,0,0,0,0,0,0,0,0
2483844,0,0,2.792,0,0,0,0,0,0,0,0,0,0
2483854,0,0,2.792,0,0,0,0,0,0,0,0,0,0
2483864,0,0,2.792,0,0,0,0,0,0,0,0,0,0
2483874,0,0,2.792,0,0,0,0,0,0,0,0,0,0
2483884,0,0,2.792,0,0,0,0,0,0,0,0,0,0
2483894,0,0,2.792,0,0,0,0,0,0,0,0,0,0
2483904,0,0,2.792,0,0,0,0,0,0,0,0,0,0
2483914,0,0,2.792,0,0,0,0,0,0,0,0,0,0
2483924,0,0,2.792,0,0,0,0,0,0,0,0,0,0
2483936,0,0,2.792,0,0,0,0,0,0,0,0,0,0
2483944,0,0,2.792,0,0,0,0,0,0,0,0,0,0
2483954,0,0,2.792,0,0,0,0,0,0,0,0,0,0
2483964,0,0,2.792,0,0,0,0,0,0,0,0,0,0
2483974,0,0,2.792,0,0,0,0,0,0,0,0,0,0
2483984,0,0,2.792,0,0,0,0,0,0,0,0,0,0
2483994,0,0,2.792,0,0,0,0,0,0,0,0,0,0
2484004,0,0,2.792,0,0,0,0,0,0,0,0,0,0
2484014,0,0,2.792,0,0,0,0,0,0,0,0,0,0
2484024,0,0,2.792,0,0,0,0,0,0,0,0,0,0
2484036,0,0,2.792,0,0,0,0,0,0,0,0,0,0
2484044,0,0,2.792,0,0,0,0,0,0,0,0,0,0
2484054,0,0,2.792,0,0,0,0,0,0,0,0,0,0
2484064,0,0,2.792,0,0,0,0,0,0,0,0,0,0
2484074,0,0,2.792,0,0,0,0,0,0,0,0,0,0
2484084,0,0,2.792,0,0,0,0,0,0,0,0,0,0
2484094,0,0,2.792,0,0,0,0,0,0,0,0,0,0
2484104,0,0,2.792,0,0,0,0,0,0,0,0,0,0
2484114,0,0,2.792,0,0,0,0,0,0,0,0,0,0
2484124,0,0,2.792,0,0,0,0,0,0,0,0,0,0
2484134,0,0,2.792,0,0,0,0,0,0,0,0,0,0
2484144,0,0,2.792,0,0,0,0,0,0,0,0,0,0
2484154,0,0,2.792,0,0,0,0,0,0,0,0,0,0
2484164,0,0,2.792,0,0,0,0,0,0,0,0,0,0
2484174,0,0,2.792,0,0,0,0,0,0,0,0,0,0
2484184,0,0,2.792,0,0,0,0,0,0,0,0,0,0
2484194,0,0,2.792,0,0,0,0,0,0,0,0,0,0
2484204,0,0,2.792,0,0,0,0,0,0,0,0,0,0
2484214,0,0,2.792,0,0,0,0,0,0,0,0,0,0
2484224,0,0,2.792,0,0,0,0,0,0,0,0,0,0
2484234,0,0,2.792,0,0,0,0,0,0,0,0,0,0
2484244,0,0,2.792,0,0,0,0,0,0,0,0,0,0
2484254,0,0,2.792,0,0,0,0,0,0,0,0,0,0
2484264,0,0,2.792,0,0,0,0,0,0,0,0,0,0
2484274,0,0,2.792,0,0,0,0,0,0,0,0,0,0
2484284,0,0,2.792,0,0,0,0,0,0,0,0,0,0
2484294,0,0,2.792,0,0,0,0,0,0,0,0,0,0
2484304,0,0,2.792,0,0,0,0,0,0,0,0,0,0
2484314,0,0,2.792,0,0,0,0,0,0,0,0,0,0
2484324,0,0,2.792,0,0,0,0,0,0,0,0,0,0
2484334,0,0,2.792,0,0,0,0,0,0,0,0,0,0
2484344,0,0,2.792,0,0,0,0,0,0,0,0,0,0
2484354,0,0,2.792,0,0,0,0,0,0,0,0,0,0
2484364,0,0,2.792,0,0,0,0,0,0,0,0,0,0
2484374,0,0,2.792,0,0,0,0,0,0,0,0,0,0
2484384,0,0,2.792,0,0,0,0,0,0,0,0,0,0
2484394,0,0,2.792,0,0,0,0,0,0,0,0,0,0
2484404,0,0,2.792,0,0,0,0,0,0,0,0,0,0
2484414,0,0,2.792,0,0,0,0,0,0,0,0,0,0
2484424,0,0,2.792,0,0,0,0,0,0,0,0,0,0
2484434,0,0,2.792,0,0,0,0,0,0,0,0,0,0
2484444,0,0,2.792,0,0,0,0,0,0,0,0,0,0
2484454,0,0,2.792,0,0,0,0,0,0,0,0,0,0
2484464,0,0,2.792,0,0,0,0,0,0,0,0,0,0
2484474,0,0,2.792,0,0,0,0,0,0,0,0,0,0
2484484,0,0,2.792,0,0,0,0,0,0,0,0,0,0
2484494,0,0,2.792,0,0,0,0,0,0,0,0,0,0
2484504,0,0,2.792,0,0,0,0,0,0,0,0,0,0
2484514,0,0,2.792,0,0,0,0,0,0,0,0,0,0
2484524,0,0,2.792,0,0,0,0,0,0,0,0,0,0
2484534,0,0,2.792,0,0,0,0,0,0,0,0,0,0
2484544,0,0,2.792,0,0,0,0,0,0,0,0,0,0
2484554,0,0,2.792,0,0,0,0,0,0,0,0,0,0
2484564,0,0,2.792,0,0,0,0,0,0,0,0,0,0
2484574,0,0,2.792,0,0,0,0,0,0,0,0,0,0
2484584,0,0,2.792,0,0,0,0,0,0,0,0,0,0
2484594,0,0,2.792,0,0,0,0,0,0,0,0,0,0
2484604,0,0,2.792,0,0,0,0,0,0,0,0,0,0
2484614,0,0,2.792,0,0,0,0,0,0,0,0,0,0
2484624,0,0,2.792,0,0,0,0,0,0,0,0,0,0
2484634,0,0,2.792,0,0,0,0,0,0,0,0,0,0
2484644,0,0,2.792,0,0,0,0,0,0,0,0,0,0
2484654,0,0,2.792,0,0,0,0,0,0,0,0,0,0
2484664,0,0,2.792,0,0,0,0,0,0,0,0,0,0
2484674,0,0,2.792,0,0,0,0,0,0,0,0,0,0
2484684,0,0,2.792,0,0,0,0,0,0,0,0,0,0
2484694,0,0,2.792,0,0,0,0,0,0,0,0,0,0
2484704,0,0,2.792,0,0,0,0,0,0,0,0,0,0
2484714,0,0,2.792,0,0,0,0,0,0,0,0,0,0
2484724,0,0,2.792,0,0,0,0,0,0,0,0,0,0
2484734,0,0,2.792,0,0,0,0,0,0,0,0,0,0
2484744,0,0,2.792,0,0,0,0,0,0,0,0,0,0
2484754,0,0,2.792,0,0,0,0,0,0,0,0,0,0
2484764,0,0,2.792,0,0,0,0,0,0,0,0,0,0
2484774,0,0,2.792,0,0,0,0,0,0,0,0,0,0
2484784,0,0,2.792,0,0,0,0,0,0,0,0,0,0
2484794,0,0,2.792,0,0,0,0,0,0,0,0,0,0
2484804,0,0,2.792,0,0,0,0,0,0,0,0,0,0
2484814,0,0,2.792,0,0,0,0,0,0,0,0,0,0
2484824,0,0,2.792,0,0,0,0,0,0,0,0,0,0
2484834,0,0,2.792,0,0,0,0,0,0,0,0,0,0
2484844,0,0,2.792,0,0,0,0,0,0,0,0,0,0
2484854,0,0,2.792,0,0,0,0,0,0,0,0,0,0
2484864,0,0,2.792,0,0,0,0,0,0,0,0,0,0
2484874,0,0,2.792,0,0,0,0,0,0,0,0,0,0
2484884,0,0,2.792,0,0,0,0,0,0,0,0,0,0
2484894,0,0,2.792,0,0,0,0,0,0,0,0,0,0
2484904,0,0,2.792,0,0,0,0,0,0,0,0,0,0
2484914,0,0,2.792,0,0,0,0,0,0,0,0,0,0
2484924,0,0,2.792,0,0,0,0,0,0,0,0,0,0
2484934,0,0,2.792,0,0,0,0,0,0,0,0,0,0
2484944,0,0,2.792,0,0,0,0,0,0,0,0,0,0
2484954,0,0,2.792,0,0,0,0,0,0,0,0,0,0
2484964,0,0,2.792,0,0,0,0,0,0,0,0,0,0
2484974,0,0,2.792,0,0,0,0,0,0,0,0,0,0
2484984,0,0,2.792,0,0,0,0,0,0,0,0,0,0
2484994,0,0,2.792,0,0,0,0,0,0,0,0,0,0
2485004,0,0,2.792,0,0,0,0,0,0,0,0,0,0
2485014,0,0,2.792,0,0,0,0,0,0,0,0,0,0
2485024,0,0,2.792,0,0,0,0,0,0,0,0,0,0
2485034,0,0,2.792,0,0,0,0,0,0,0,0,0,0
2485044,0,0,2.792,0,0,0,0,0,0,0,0,0,0
2485054,0,0,2.792,0,0,0,0,0,0,0,0,0,0
2485064,0,0,2.792,0,0,0,0,0,0,0,0,0,0
2485074,0,0,2.792,0,0,0,0,0,0,0,0,0,0
2485084,0,0,2.792,0,0,0,0,0,0,0,0,0,0
2485094,0,0,2.792,0,0,0,0,0,0,0,0,0,0
2485104,0,0,2.792,0,0,0,0,0,0,0,0,0,0
2485114,0,0,2.792,0,0,0,0,0,0,0,0,0,0
2485124,0,0,2.792,0,0,0,0,0,0,0,0,0,0
2485134,0,0,2.792,0,0,0,0,0,0,0,0,0,0
2485144,0,0,2.792,0,0,0,0,0,0,0,0,0,0
2485154,0,0,2.792,0,0,0,0,0,0,0,0,0,0
2485164,0,0,2.792,0,0,0,0,0,0,0,0,0,0
2485174,0,0,2.792,0,0,0,0,0,0,0,0,0,0
2485184,0,0,2.792,0,0,0,0,0,0,0,0,0,0
2485194,0,0,2.792,0,0,0,0,0,0,0,0,0,0
2485204,0,0,2.792,0,0,0,0,0,0,0,0,0,0
2485214,0,0,2.792,0,0,0,0,0,0,0,0,0,0
2485224,0,0,2.792,0,0,0,0,0,0,0,0,0,0
2485234,0,0,2.792,0,0,0,0,0,0,0,0,0,0
2485244,0,0,2.792,0,0,0,0,0,0,0,0,0,0
2485254,0,0,2.792,0,0,0,0,0,0,0,0,0,0
2485264,0,0,2.792,0,0,0,0,0,0,0,0,0,0
2485274,0,0,2.792,0,0,0,0,0,0,0,0,0,0
2485284,0,0,2.792,0,0,0,0,0,0,0,0,0,0
2485294,0,0,2.792,0,0,0,0,0,0,0,0,0,0
2485304,0,0,2.792,0,0,0,0,0,0,0,0,0,0
2485314,0,0,2.792,0,0,0,0,0,0,0,0,0,0
2485324,0,0,2.792,0,0,0,0,0,0,0,0,0,0
2485334,0,0,2.792,0,0,0,0,0,0,0,0,0,0
2485344,0,0,2.792,0,0,0,0,0,0,0,0,0,0
2485355,0,0,2.792,0,0,0,0,0,0,0,0,0,0
2485365,0,0,2.792,0,0,0,0,0,0,0,0,0,0
2485375,0,0,2.792,0,0,0,0,0,0,0,0,0,0
2485385,0,0,2.792,0,0,0,0,0,0,0,0,0,0
2485395,0,0,2.792,0,0,0,0,0,0,0,0,0,0
2485405,0,0,2.792,0,0,0,0,0,0,0,0,0,0
2485415,0,0,2.792,0,0,0,0,0,0,0,0,0,0
2485425,0,0,2.792,0,0,0,0,0,0,0,0,0,0
2485435,0,0,2.792,0,0,0,0,0,0,0,0,0,0
2485445,0,0,2.792,0,0,0,0,0,0,0,0,0,0
2485455,0,0,2.792,0,0,0,0,0,0,0,0,0,0
2485465,0,0,2.792,0,0,0,0,0,0,0,0,0,0
2485475,0,0,2.792,0,0,0,0,0,0,0,0,0,0
2485485,0,0,2.792,0,0,0,0,0,0,0,0,0,0
2485495,0,0,2.792,0,0,0,0,0,0,0,0,0,0
2485505,0,0,2.792,0,0,0,0,0,0,0,0,0,0
2485515,0,0,2.792,0,0,0,0,0,0,0,0,0,0
2485525,0,0,2.792,0,0,0,0,0,0,0,0,0,0
2485535,0,0,2.792,0,0,0,0,0,0,0,0,0,0
2485545,0,0,2.792,0,0,0,0,0,0,0,0,0,0
2485555,0,0,2.792,0,0,0,0,0,0,0,0,0,0
2485565,0,0,2.792,0,0,0,0,0,0,0,0,0,0
2485575,0,0,2.792,0,0,0,0,0,0,0,0,0,0
2485585,0,0,2.792,0,0,0,0,0,0,0,0,0,0
2485595,0,0,2.792,0,0,0,0,0,0,0,0,0,0
2485605,0,0,2.792,0,0,0,0,0,0,0,0,0,0
2485615,0,0,2.792,0,0,0,0,0,0,0,0,0,0
2485625,0,0,2.792,0,0,0,0,0,0,0,0,0,0
2485635,0,0,2.792,0,0,0,0,0,0,0,0,0,0
2485645,0,0,2.792,0,0,0,0,0,0,0,0,0,0
2485654,0,0,2.792,0,0,0,0,0,0,0,0,0,0
2485664,0,0,2.792,0,0,0,0,0,0,0,0,0,0
2485674,0,0,2.792,0,0,0,0,0,0,0,0,0,0
2485685,0,0,2.792,0,0,0,0,0,0,0,0,0,0
2485694,0,0,2.792,0,0,0,0,0,0,0,0,0,0
2485705,0,0,2.792,0,0,0,0,0,0,0,0,0,0
2485714,0,0,2.792,0,0,0,0,0,0,0,0,0,0
2485725,0,0,2.792,0,0,0,0,0,0,0,0,0,0
2485734,0,0,2.792,0,0,0,0,0,0,0,0,0,0
2485744,0,0,2.792,0,0,0,0,0,0,0,0,0,0
2485754,0,0,2.792,0,0,0,0,0,0,0,0,0,0
2485764,0,0,2.792,0,0,0,0,0,0,0,0,0,0
2485774,0,0,2.792,0,0,0,0,0,0,0,0,0,0
2485784,0,0,2.792,0,0,0,0,0,0,0,0,0,0
2485794,0,0,2.792,0,0,0,0,0,0,0,0,0,0
2485804,0,0,2.792,0,0,0,0,0,0,0,0,0,0
2485814,0,0,2.792,0,0,0,0,0,0,0,0,0,0
2485824,0,0,2.792,0,0,0,0,0,0,0,0,0,0
2485834,0,0,2.792,0,0,0,0,0,0,0,0,0,0
2485844,0,0,2.792,0,0,0,0,0,0,0,0,0,0
2485855,0,0,2.792,0,0,0,0,0,0,0,0,0,0
2485865,0,0,2.792,0,0,0,0,0,0,0,0,0,0
2485875,0,0,2.792,0,0,0,0,0,0,0,0,0,0
2485885,0,0,2.792,0,0,0,0,0,0,0,0,0,0
2485895,0,0,2.792,0,0,0,0,0,0,0,0,0,0
2485905,0,0,2.792,0,0,0,0,0,0,0,0,0,0
2485915,0,0,2.792,0,0,0,0,0,0,0,0,0,0
2485925,0,0,2.792,0,0,0,0,0,0,0,0,0,0
2485935,0,0,2.792,0,0,0,0,0,0,0,0,0,0
2485945,0,0,2.792,0,0,0,0,0,0,0,0,0,0
2485955,0,0,2.792,0,0,0,0,0,0,0,0,0,0
2485964,0,0,2.792,0,0,0,0,0,0,0,0,0,0
2485974,0,0,2.792,0,0,0,0,0,0,0,0,0,0
2485984,0,0,2.792,0,0,0,0,0,0,0,0,0,0
2485994,0,0,2.792,0,0,0,0,0,0,0,0,0,0
2486004,0,0,2.792,0,0,0,0,0,0,0,0,0,0
2486014,0,0,2.792,0,0,0,0,0,0,0,0,0,0
2486024,0,0,2.792,0,0,0,0,0,0,0,0,0,0
2486034,0,0,2.792,0,0,0,0,0,0,0,0,0,0
2486044,0,0,2.792,0,0,0,0,0,0,0,0,0,0
2486055,0,0,2.792,0,0,0,0,0,0,0,0,0,0
2486065,0,0,2.792,0,0,0,0,0,0,0,0,0,0
2486075,0,0,2.792,0,0,0,0,0,0,0,0,0,0
2486085,0,0,2.792,0,0,0,0,0,0,0,0,0,0
2486095,0,0,2.792,0,0,0,0,0,0,0,0,0,0
2486105,0,0,2.792,0,0,0,0,0,0,0,0,0,0
2486115,0,0,2.792,0,0,0,0,0,0,0,0,0,0
2486125,0,0,2.792,0,0,0,0,0,0,0,0,0,0
2486135,0,0,2.792,0,0,0,0,0,0,0,0,0,0
2486145,0,0,2.792,0,0,0,0,0,0,0,0,0,0
2486155,0,0,2.792,0,0,0,0,0,0,0,0,0,0
2486165,0,0,2.792,0,0,0,0,0,0,0,0,0,0
2486175,0,0,2.792,0,0,0,0,0,0,0,0,0,0
2486185,0,0,2.792,0,0,0,0,0,0,0,0,0,0
2486195,0,0,2.792,0,0,0,0,0,0,0,0,0,0
2486205,0,0,2.792,0,0,0,0,0,0,0,0,0,0
2486215,0,0,2.792,0,0,0,0,0,0,0,0,0,0
2486225,0,0,2.792,0,0,0,0,0,0,0,0,0,0
2486235,0,0,2.792,0,0,0,0,0,0,0,0,0,0
2486245,0,0,2.792,0,0,0,0,0,0,0,0,0,0
2486255,0,0,2.792,0,0,0,0,0,0,0,0,0,0
2486265,0,0,2.792,0,0,0,0,0,0,0,0,0,0
2486275,0,0,2.792,0,0,0,0,0,0,0,0,0,0
2486285,0,0,2.792,0,0,0,0,0,0,0,0,0,0
2486295,0,0,2.792,0,0,0,0,0,0,0,0,0,0
2486305,0,0,2.792,0,0,0,0,0,0,0,0,0,0
2486315,0,0,2.792,0,0,0,0,0,0,0,0,0,0
2486325,0,0,2.792,0,0,0,0,0,0,0,0,0,0
2486335,0,0,2.792,0,0,0,0,0,0,0,0,0,0
2486345,0,0,2.792,0,0,0,0,0,0,0,0,0,0
2486355,0,0,2.792,0,0,0,0,0,0,0,0,0,0
2486365,0,0,2.792,0,0,0,0,0,0,0,0,0,0
2486375,0,0,2.792,0,0,0,0,0,0,0,0,0,0
2486385,0,0,2.792,0,0,0,0,0,0,0,0,0,0
2486395,0,0,2.792,0,0,0,0,0,0,0,0,0,0
2486405,0,0,2.792,0,0,0,0,0,0,0,0,0,0
2486415,0,0,2.792,0,0,0,0,0,0,0,0,0,0
2486425,0,0,2.792,0,0,0,0,0,0,0,0,0,0
2486435,0,0,2.792,0,0,0,0,0,0,0,0,0,0
2486445,0,0,2.792,0,0,0,0,0,0,0,0,0,0
2486455,0,0,2.792,0,0,0,0,0,0,0,0,0,0
2486465,0,0,2.792,0,0,0,0,0,0,0,0,0,0
2486475,0,0,2.792,0,0,0,0,0,0,0,0,0,0
2486485,0,0,2.792,0,0,0,0,0,0,0,0,0,0
2486495,0,0,2.792,0,0,0,0,0,0,0,0,0,0
2486505,0,0,2.792,0,0,0,0,0,0,0,0,0,0
2486515,0,0,2.792,0,0,0,0,0,0,0,0,0,0
2486525,0,0,2.792,0,0,0,0,0,0,0,0,0,0
2486535,0,0,2.792,0,0,0,0,0,0,0,0,0,0
2486545,0,0,2.792,0,0,0,0,0,0,0,0,0,0
2486555,0,0,2.792,0,0,0,0,0,0,0,0,0,0
2486565,0,0,2.792,0,0,0,0,0,0,0,0,0,0
2486575,0,0,2.792,0,0,0,0,0,0,0,0,0,0
2486585,0,0,2.792,0,0,0,0,0,0,0,0,0,0
2486595,0,0,2.792,0,0,0,0,0,0,0,0,0,0
2486605,0,0,2.792,0,0,0,0,0,0,0,0,0,0
2486615,0,0,2.792,0,0,0,0,0,0,0,0,0,0
2486625,0,0,2.792,0,0,0,0,0,0,0,0,0,0
2486635,0,0,2.792,0,0,0,0,0,0,0,0,0,0
2486645,0,0,2.792,0,0,0,0,0,0,0,0,0,0
2486655,0,0,2.792,0,0,0,0,0,0,0,0,0,0
2486665,0,0,2.792,0,0,0,0,0,0,0,0,0,0
2486675,0,0,2.792,0,0,0,0,0,0,0,0,0,0
2486685,0,0,2.792,0,0,0,0,0,0,0,0,0,0
2486695,0,0,2.792,0,0,0,0,0,0,0,0,0,0
2486705,0,0,2.792,0,0,0,0,0,0,0,0,0,0
2486715,0,0,2.792,0,0,0,0,0,0,0,0,0,0
2486725,0,0,2.792,0,0,0,0,0,0,0,0,0,0
2486735,0,0,2.792,0,0,0,0,0,0,0,0,0,0
2486745,0,0,2.792,0,0,0,0,0,0,0,0,0,0
2486755,0,0,2.792,0,0,0,0,0,0,0,0,0,0
2486765,0,0,2.792,0,0,0,0,0,0,0,0,0,0
2486775,0,0,2.792,0,0,0,0,0,0,0,0,0,0
2486785,0,0,2.792,0,0,0,0,0,0,0,0,0,0
2486795,0,0,2.792,0,0,0,0,0,0,0,0,0,0
2486805,0,0,2.792,0,0,0,0,0,0,0,0,0,0
2486815,0,0,2.792,0,0,0,0,0,0,0,0,0,0
2486825,0,0,2.792,0,0,0,0,0,0,0,0,0,0
2486835,0,0,2.792,0,0,0,0,0,0,0,0,0,0
2486845,0,0,2.792,0,0,0,0,0,0,0,0,0,0
2486855,0,0,2.792,0,0,0,0,0,0,0,0,0,0
2486865,0,0,2.792,0,0,0,0,0,0,0,0,0,0
2486874,0,0,2.792,0,0,0,0,0,0,0,0,0,0
2486885,0,0,2.792,0,0,0,0,0,0,0,0,0,0
2486895,0,0,2.792,0,0,0,0,0,0,0,0,0,0
2486905,0,0,2.792,0,0,0,0,0,0,0,0,0,0
2486915,0,0,2.792,0,0,0,0,0,0,0,0,0,0
2486925,0,0,2.792,0,0,0,0,0,0,0,0,0,0
2486935,0,0,2.792,0,0,0,0,0,0,0,0,0,0
2486945,0,0,2.792,0,0,0,0,0,0,0,0,0,0
2486955,0,0,2.792,0,0,0,0,0,0,0,0,0,0
2486965,0,0,2.792,0,0,0,0,0,0,0,0,0,0
2486975,0,0,2.792,0,0,0,0,0,0,0,0,0,0
2486985,0,0,2.792,0,0,0,0,0,0,0,0,0,0
2486995,0,0,2.792,0,0,0,0,0,0,0,0,0,0
2487005,0,0,2.792,0,0,0,0,0,0,0,0,0,0
2487015,0,0,2.792,0,0,0,0,0,0,0,0,0,0
2487025,0,0,2.792,0,0,0,0,0,0,0,0,0,0
2487035,0,0,2.792,0,0,0,0,0,0,0,0,0,0
2487045,0,0,2.792,0,0,0,0,0,0,0,0,0,0
2487055,0,0,2.792,0,0,0,0,0,0,0,0,0,0
2487065,0,0,2.792,0,0,0,0,0,0,0,0,0,0
2487075,0,0,2.792,0,0,0,0,0,0,0,0,0,0
2487085,0,0,2.792,0,0,0,0,0,0,0,0,0,0
2487095,0,0,2.792,0,0,0,0,0,0,0,0,0,0
2487105,0,0,2.792,0,0,0,0,0,0,0,0,0,0
2487115,0,0,2.792,0,0,0,0,0,0,0,0,0,0
2487125,0,0,2.792,0,0,0,0,0,0,0,0,0,0
2487135,0,0,2.792,0,0,0,0,0,0,0,0,0,0
2487145,0,0,2.792,0,0,0,0,0,0,0,0,0,0
2487155,0,0,2.792,0,0,0,0,0,0,0,0,0,0
2487165,0,0,2.792,0,0,0,0,0,0,0,0,0,0
2487175,0,0,2.792,0,0,0,0,0,0,0,0,0,0
2487185,0,0,2.792,0,0,0,0,0,0,0,0,0,0
2487195,0,0,2.792,0,0,0,0,0,0,0,0,0,0
2487205,0,0,2.792,0,0,0,0,0,0,0,0,0,0
2487215,0,0,2.792,0,0,0,0,0,0,0,0,0,0
2487225,0,0,2.792,0,0,0,0,0,0,0,0,0,0
2487235,0,0,2.792,0,0,0,0,0,0,0,0,0,0
2487245,0,0,2.792,0,0,0,0,0,0,0,0,0,0
2487255,0,0,2.792,0,0,0,0,0,0,0,0,0,0
2487265,0,0,2.792,0,0,0,0,0,0,0,0,0,0
2487275,0,0,2.792,0,0,0,0,0,0,0,0,0,0
2487285,0,0,2.792,0,0,0,0,0,0,0,0,0,0
2487295,0,0,2.792,0,0,0,0,0,0,0,0,0,0
2487305,0,0,2.792,0,0,0,0,0,0,0,0,0,0
2487315,0,0,2.792,0,0,0,0,0,0,0,0,0,0
2487325,0,0,2.792,0,0,0,0,0,0,0,0,0,0
2487335,0,0,2.792,0,0,0,0,0,0,0,0,0,0
2487345,0,0,2.792,0,0,0,0,0,0,0,0,0,0
2487355,0,0,2.792,0,0,0,0,0,0,0,0,0,0
2487365,0,0,2.792,0,0,0,0,0,0,0,0,0,0
2487374,0,0,2.792,0,0,0,0,0,0,0,0,0,0
2487385,0,0,2.792,0,0,0,0,0,0,0,0,0,0
2487395,0,0,2.792,0,0,0,0,0,0,0,0,0,0
2487405,0,0,2.792,0,0,0,0,0,0,0,0,0,0
2487415,0,0,2.792,0,0,0,0,0,0,0,0,0,0
2487425,0,0,2.792,0,0,0,0,0,0,0,0,0,0
2487435,0,0,2.792,0,0,0,0,0,0,0,0,0,0
2487445,0,0,2.792,0,0,0,0,0,0,0,0,0,0
2487455,0,0,2.792,0,0,0,0,0,0,0,0,0,0
2487465,0,0,2.792,0,0,0,0,0,0,0,0,0,0
2487475,0,0,2.792,0,0,0,0,0,0,0,0,0,0
2487485,0,0,2.792,0,0,0,0,0,0,0,0,0,0
2487495,0,0,2.792,0,0,0,0,0,0,0,0,0,0
2487505,0,0,2.792,0,0,0,0,0,0,0,0,0,0
2487515,0,0,2.792,0,0,0,0,0,0,0,0,0,0
2487525,0,0,2.792,0,0,0,0,0,0,0,0,0,0
2487535,0,0,2.792,0,0,0,0,0,0,0,0,0,0
2487545,0,0,2.792,0,0,0,0,0,0,0,0,0,0
2487555,0,0,2.792,0,0,0,0,0,0,0,0,0,0
2487565,0,0,2.792,0,0,0,0,0,0,0,0,0,0
2487575,0,0,2.792,0,0,0,0,0,0,0,0,0,0
2487585,0,0,2.792,0,0,0,0,0,0,0,0,0,0
2487595,0,0,2.792,0,0,0,0,0,0,0,0,0,0
2487605,0,0,2.792,0,0,0,0,0,0,0,0,0,0
2487615,0,0,2.792,0,0,0,0,0,0,0,0,0,0
2487625,0,0,2.792,0,0,0,0,0,0,0,0,0,0
2487635,0,0,2.792,0,0,0,0,0,0,0,0,0,0
2487645,0,0,2.792,0,0,0,0,0,0,0,0,0,0
2487658,0,0,2.792,0,0,0,0,0,0,0,0,0,0
2487664,0,0,2.792,0,0,0,0,0,0,0,0,0,0
2487674,0,0,2.792,0,0,0,0,0,0,0,0,0,0
2487684,0,0,2.792,0,0,0,0,0,0,0,0,0,0
2487694,0,0,2.792,0,0,0,0,0,0,0,0,0,0
2487704,0,0,2.792,0,0,0,0,0,0,0,0,0,0
2487714,0,0,2.792,0,0,0,0,0,0,0,0,0,0
2487724,0,0,2.792,0,0,0,0,0,0,0,0,0,0
2487734,0,0,2.792,0,0,0,0,0,0,0,0,0,0
2487744,0,0,2.792,0,0,0,0,0,0,0,0,0,0
2487754,0,0,2.792,0,0,0,0,0,0,0,0,0,0
2487764,0,0,2.792,0,0,0,0,0,0,0,0,0,0
2487774,0,0,2.792,0,0,0,0,0,0,0,0,0,0
2487784,0,0,2.792,0,0,0,0,0,0,0,0,0,0
2487794,0,0,2.792,0,0,0,0,0,0,0,0,0,0
2487804,0,0,2.792,0,0,0,0,0,0,0,0,0,0
2487814,0,0,2.792,0,0,0,0,0,0,0,0,0,0
2487824,0,0,2.792,0,0,0,0,0,0,0,0,0,0
2487834,0,0,2.792,0,0,0,0,0,0,0,0,0,0
2487844,0,0,2.792,0,0,0,0,0,0,0,0,0,0
2487854,0,0,2.792,0,0,0,0,0,0,0,0,0,0
2487864,0,0,2.792,0,0,0,0,0,0,0,0,0,0
2487874,0,0,2.792,0,0,0,0,0,0,0,0,0,0
2487884,0,0,2.792,0,0,0,0,0,0,0,0,0,0
2487894,0,0,2.792,0,0,0,0,0,0,0,0,0,0
2487904,0,0,2.792,0,0,0,0,0,0,0,0,0,0
2487914,0,0,2.792,0,0,0,0,0,0,0,0,0,0
2487924,0,0,2.792,0,0,0,0,0,0,0,0,0,0
2487934,0,0,2.792,0,0,0,0,0,0,0,0,0,0
2487944,0,0,2.792,0,0,0,0,0,0,0,0,0,0
2487954,0,0,2.792,0,0,0,0,0,0,0,0,0,0
2487964,0,0,2.792,0,0,0,0,0,0,0,0,0,0
2487974,0,0,2.792,0,0,0,0,0,0,0,0,0,0
2487984,0,0,2.792,0,0,0,0,0,0,0,0,0,0
2487994,0,0,2.792,0,0,0,0,0,0,0,0,0,0
2488004,0,0,2.792,0,0,0,0,0,0,0,0,0,0
2488014,0,0,2.792,0,0,0,0,0,0,0,0,0,0
2488024,0,0,2.792,0,0,0,0,0,0,0,0,0,0
2488034,0,0,2.792,0,0,0,0,0,0,0,0,0,0
2488044,0,0,2.792,0,0,0,0,0,0,0,0,0,0
2488054,0,0,2.792,0,0,0,0,0,0,0,0,0,0
2488064,0,0,2.792,0,0,0,0,0,0,0,0,0,0
2488074,0,0,2.792,0,0,0,0,0,0,0,0,0,0
2488084,0,0,2.792,0,0,0,0,0,0,0,0,0,0
2488094,0,0,2.792,0,0,0,0,0,0,0,0,0,0
2488104,0,0,2.792,0,0,0,0,0,0,0,0,0,0
2488114,0,0,2.792,0,0,0,0,0,0,0,0,0,0
2488124,0,0,2.792,0,0,0,0,0,0,0,0,0,0
2488134,0,0,2.792,0,0,0,0,0,0,0,0,0,0
2488144,0,0,2.792,0,0,0,0,0,0,0,0,0,0
2488154,0,0,2.792,0,0,0,0,0,0,0,0,0,0
2488164,0,0,2.792,0,0,0,0,0,0,0,0,0,0
2488174,0,0,2.792,0,0,0,0,0,0,0,0,0,0
2488184,0,0,2.792,0,0,0,0,0,0,0,0,0,0
2488194,0,0,2.792,0,0,0,0,0,0,0,0,0,0
2488204,0,0,2.792,0,0,0,0,0,0,0,0,0,0
2488214,0,0,2.792,0,0,0,0,0,0,0,0,0,0
2488224,0,0,2.792,0,0,0,0,0,0,0,0,0,0
2488234,0,0,2.792,0,0,0,0,0,0,0,0,0,0
2488244,0,0,2.792,0,0,0,0,0,0,0,0,0,0
2488254,0,0,2.792,0,0,0,0,0,0,0,0,0,0
2488264,0,0,2.792,0,0,0,0,0,0,0,0,0,0
2488274,0,0,2.792,0,0,0,0,0,0,0,0,0,0
2488284,0,0,2.792,0,0,0,0,0,0,0,0,0,0
2488294,0,0,2.792,0,0,0,0,0,0,0,0,0,0
2488304,0,0,2.792,0,0,0,0,0,0,0,0,0,0
2488314,0,0,2.792,0,0,0,0,0,0,0,0,0,0
2488324,0,0,2.792,0,0,0,0,0,0,0,0,0,0
2488334,0,0,2.792,0,0,0,0,0,0,0,0,0,0
2488344,0,0,2.792,0,0,0,0,0,0,0,0,0,0
2488354,0,0,2.792,0,0,0,0,0,0,0,0,0,0
2488364,0,0,2.792,0,0,0,0,0,0,0,0,0,0
2488374,0,0,2.792,0,0,0,0,0,0,0,0,0,0
2488384,0,0,2.792,0,0,0,0,0,0,0,0,0,0
2488394,0,0,2.792,0,0,0,0,0,0,0,0,0,0
2488404,0,0,2.792,0,0,0,0,0,0,0,0,0,0
2488414,0,0,2.792,0,0,0,0,0,0,0,0,0,0
2488424,0,0,2.792,0,0,0,0,0,0,0,0,0,0
2488434,0,0,2.792,0,0,0,0,0,0,0,0,0,0
2488444,0,0,2.792,0,0,0,0,0,0,0,0,0,0
2488454,0,0,2.792,0,0,0,0,0,0,0,0,0,0
2488464,0,0,2.792,0,0,0,0,0,0,0,0,0,0
2488474,0,0,2.792,0,0,0,0,0,0,0,0,0,0
2488484,0,0,2.792,0,0,0,0,0,0,0,0,0,0
2488494,0,0,2.792,0,0,0,0,0,0,0,0,0,0
2488504,0,0,2.792,0,0,0,0,0,0,0,0,0,0
2488514,0,0,2.792,0,0,0,0,0,0,0,0,0,0
2488524,0,0,2.792,0,0,0,0,0,0,0,0,0,0
2488534,0,0,2.792,0,0,0,0,0,0,0,0,0,0
2488544,0,0,2.792,0,0,0,0,0,0,0,0,0,0
2488554,0,0,2.792,0,0,0,0,0,0,0,0,0,0
2488564,0,0,2.792,0,0,0,0,0,0,0,0,0,0
2488574,0,0,2.792,0,0,0,0,0,0,0,0,0,0
2488584,0,0,2.792,0,0,0,0,0,0,0,0,0,0
2488594,0,0,2.792,0,0,0,0,0,0,0,0,0,0
2488604,0,0,2.792,0,0,0,0,0,0,0,0,0,0
2488614,0,0,2.792,0,0,0,0,0,0,0,0,0,0
2488624,0,0,2.792,0,0,0,0,0,0,0,0,0,0
2488634,0,0,2.792,0,0,0,0,0,0,0,0,0,0
2488644,0,0,2.792,0,0,0,0,0,0,0,0,0,0
2488654,0,0,2.792,0,0,0,0,0,0,0,0,0,0
2488664,0,0,2.792,0,0,0,0,0,0,0,0,0,0
2488674,0,0,2.792,0,0,0,0,0,0,0,0,0,0
2488684,0,0,2.792,0,0,0,0,0,0,0,0,0,0
2488694,0,0,2.792,0,0,0,0,0,0,0,0,0,0
2488704,0,0,2.792,0,0,0,0,0,0,0,0,0,0
2488714,0,0,2.792,0,0,0,0,0,0,0,0,0,0
2488724,0,0,2.792,0,0,0,0,0,0,0,0,0,0
2488734,0,0,2.792,0,0,0,0,0,0,0,0,0,0
2488744,0,0,2.792,0,0,0,0,0,0,0,0,0,0
2488754,0,0,2.792,0,0,0,0,0,0,0,0,0,0
2488764,0,0,2.792,0,0,0,0,0,0,0,0,0,0
2488774,0,0,2.792,0,0,0,0,0,0,0,0,0,0
2488784,0,0,2.792,0,0,0,0,0,0,0,0,0,0
2488794,0,0,2.792,0,0,0,0,0,0,0,0,0,0
2488804,0,0,2.792,0,0,0,0,0,0,0,0,0,0
2488814,0,0,2.792,0,0,0,0,0,0,0,0,0,0
2488824,0,0,2.792,0,0,0,0,0,0,0,0,0,0
2488834,0,0,2.792,0,0,0,0,0,0,0,0,0,0
2488844,0,0,2.792,0,0,0,0,0,0,0,0,0,0
2488854,0,0,2.792,0,0,0,0,0,0,0,0,0,0
2488864,0,0,2.792,0,0,0,0,0,0,0,0,0,0
2488874,0,0,2.792,0,0,0,0,0,0,0,0,0,0
2488884,0,0,2.792,0,0,0,0,0,0,0,0,0,0
2488894,0,0,2.792,0,0,0,0,0,0,0,0,0,0
2488904,0,0,2.792,0,0,0,0,0,0,0,0,0,0
2488914,0,0,2.792,0,0,0,0,0,0,0,0,0,0
2488924,0,0,2.792,0,0,0,0,0,0,0,0,0,0
2488934,0,0,2.792,0,0,0,0,0,0,0,0,0,0
2488944,0,0,2.792,0,0,0,0,0,0,0,0,0,0
2488954,0,0,2.792,0,0,0,0,0,0,0,0,0,0
2488964,0,0,2.792,0,0,0,0,0,0,0,0,0,0
2488974,0,0,2.792,0,0,0,0,0,0,0,0,0,0
2488984,0,0,2.792,0,0,0,0,0,0,0,0,0,0
2488994,0,0,2.792,0,0,0,0,0,0,0,0,0,0
2489004,0,0,2.792,0,0,0,0,0,0,0,0,0,0
2489014,0,0,2.792,0,0,0,0,0,0,0,0,0,0
2489024,0,0,2.792,0,0,0,0,0,0,0,0,0,0
2489034,0,0,2.792,0,0,0,0,0,0,0,0,0,0
2489044,0,0,2.792,0,0,0,0,0,0,0,0,0,0
2489054,0,0,2.792,0,0,0,0,0,0,0,0,0,0
2489064,0,0,2.792,0,0,0,0,0,0,0,0,0,0
2489074,0,0,2.792,0,0,0,0,0,0,0,0,0,0
2489084,0,0,2.792,0,0,0,0,0,0,0,0,0,0
2489094,0,0,2.792,0,0,0,0,0,0,0,0,0,0
2489104,0,0,2.792,0,0,0,0,0,0,0,0,0,0
2489114,0,0,2.792,0,0,0,0,0,0,0,0,0,0
2489124,0,0,2.792,0,0,0,0,0,0,0,0,0,0
2489134,0,0,2.792,0,0,0,0,0,0,0,0,0,0
2489144,0,0,2.792,0,0,0,0,0,0,0,0,0,0
2489154,0,0,2.792,0,0,0,0,0,0,0,0,0,0
2489164,0,0,2.792,0,0,0,0,0,0,0,0,0,0
2489174,0,0,2.792,0,0,0,0,0,0,0,0,0,0
2489184,0,0,2.792,0,0,0,0,0,0,0,0,0,0
2489194,0,0,2.792,0,0,0,0,0,0,0,0,0,0
2489204,0,0,2.792,0,0,0,0,0,0,0,0,0,0
2489214,0,0,2.792,0,0,0,0,0,0,0,0,0,0
2489224,0,0,2.792,0,0,0,0,0,0,0,0,0,0
2489234,0,0,2.792,0,0,0,0,0,0,0,0,0,0
2489244,0,0,2.792,0,0,0,0,0,0,0,0,0,0
2489254,0,0,2.792,0,0,0,0,0,0,0,0,0,0
2489264,0,0,2.792,0,0,0,0,0,0,0,0,0,0
2489274,0,0,2.792,0,0,0,0,0,0,0,0,0,0
2489284,0,0,2.792,0,0,0,0,0,0,0,0,0,0
2489294,0,0,2.792,0,0,0,0,0,0,0,0,0,0
2489304,0,0,2.792,0,0,0,0,0,0,0,0,0,0
2489314,0,0,2.792,0,0,0,0,0,0,0,0,0,0
2489324,0,0,2.792,0,0,0,0,0,0,0,0,0,0
2489334,0,0,2.792,0,0,0,0,0,0,0,0,0,0
2489344,0,0,2.792,0,0,0,0,0,0,0,0,0,0
2489354,0,0,2.792,0,0,0,0,0,0,0,0,0,0
2489364,0,0,2.792,0,0,0,0,0,0,0,0,0,0
2489374,0,0,2.792,0,0,0,0,0,0,0,0,0,0
2489384,0,0,2.792,0,0,0,0,0,0,0,0,0,0
2489394,0,0,2.792,0,0,0,0,0,0,0,0,0,0
2489404,0,0,2.792,0,0,0,0,0,0,0,0,0,0
2489414,0,0,2.792,0,0,0,0,0,0,0,0,0,0
2489424,0,0,2.792,0,0,0,0,0,0,0,0,0,0
2489434,0,0,2.792,0,0,0,0,0,0,0,0,0,0
2489444,0,0,2.792,0,0,0,0,0,0,0,0,0,0
2489454,0,0,2.792,0,0,0,0,0,0,0,0,0,0
2489464,0,0,2.792,0,0,0,0,0,0,0,0,0,0
2489474,0,0,2.792,0,0,0,0,0,0,0,0,0,0
2489484,0,0,2.792,0,0,0,0,0,0,0,0,0,0
2489494,0,0,2.792,0,0,0,0,0,0,0,0,0,0
2489504,0,0,2.792,0,0,0,0,0,0,0,0,0,0
2489514,0,0,2.792,0,0,0,0,0,0,0,0,0,0
2489524,0,0,2.792,0,0,0,0,0,0,0,0,0,0
2489534,0,0,2.792,0,0,0,0,0,0,0,0,0,0
2489544,0,0,2.792,0,0,0,0,0,0,0,0,0,0
2489554,0,0,2.792,0,0,0,0,0,0,0,0,0,0
2489564,0,0,2.792,0,0,0,0,0,0,0,0,0,0
2489574,0,0,2.792,0,0,0,0,0,0,0,0,0,0
2489584,0,0,2.792,0,0,0,0,0,0,0,0,0,0
2489594,0,0,2.792,0,0,0,0,0,0,0,0,0,0
2489604,0,0,2.792,0,0,0,0,0,0,0,0,0,0
2489614,0,0,2.792,0,0,0,0,0,0,0,0,0,0
2489624,0,0,2.792,0,0,0,0,0,0,0,0,0,0
2489634,0,0,2.792,0,0,0,0,0,0,0,0,0,0
2489644,0,0,2.792,0,0,0,0,0,0,0,0,0,0
2489654,0,0,2.792,0,0,0,0,0,0,0,0,0,0
2489664,0,0,2.792,0,0,0,0,0,0,0,0,0,0
2489674,0,0,2.792,0,0,0,0,0,0,0,0,0,0
2489684,0,0,2.792,0,0,0,0,0,0,0,0,0,0
2489694,0,0,2.792,0,0,0,0,0,0,0,0,0,0
2489704,0,0,2.792,0,0,0,0,0,0,0,0,0,0
2489714,0,0,2.792,0,0,0,0,0,0,0,0,0,0
2489724,0,0,2.792,0,0,0,0,0,0,0,0,0,0
2489734,0,0,2.792,0,0,0,0,0,0,0,0,0,0
2489744,0,0,2.792,0,0,0,0,0,0,0,0,0,0
2489754,0,0,2.792,0,0,0,0,0,0,0,0,0,0
2489764,0,0,2.792,0,0,0,0,0,0,0,0,0,0
2489774,0,0,2.792,0,0,0,0,0,0,0,0,0,0
2489784,0,0,2.792,0,0,0,0,0,0,0,0,0,0
2489794,0,0,2.792,0,0,0,0,0,0,0,0,0,0
2489804,0,0,2.792,0,0,0,0,0,0,0,0,0,0
2489814,0,0,2.792,0,0,0,0,0,0,0,0,0,0
2489824,0,0,2.792,0,0,0,0,0,0,0,0,0,0
2489834,0,0,2.792,0,0,0,0,0,0,0,0,0,0
2489844,0,0,2.792,0,0,0,0,0,0,0,0,0,0
2489854,0,0,2.792,0,0,0,0,0,0,0,0,0,0
2489864,0,0,2.792,0,0,0,0,0,0,0,0,0,0
2489874,0,0,2.792,0,0,0,0,0,0,0,0,0,0
2489884,0,0,2.792,0,0,0,0,0,0,0,0,0,0
2489894,0,0,2.792,0,0,0,0,0,0,0,0,0,0
2489904,0,0,2.792,0,0,0,0,0,0,0,0,0,0
2489914,0,0,2.792,0,0,0,0,0,0,0,0,0,0
2489924,0,0,2.792,0,0,0,0,0,0,0,0,0,0
2489934,0,0,2.792,0,0,0,0,0,0,0,0,0,0
2489944,0,0,2.792,0,0,0,0,0,0,0,0,0,0
2489954,0,0,2.792,0,0,0,0,0,0,0,0,0,0
2489964,0,0,2.792,0,0,0,0,0,0,0,0,0,0
2489974,0,0,2.792,0,0,0,0,0,0,0,0,0,0
2489984,0,0,2.792,0,0,0,0,0,0,0,0,0,0
2489994,0,0,2.792,0,0,0,0,0,0,0,0,0,0
2490004,0,0,2.792,0,0,0,0,0,0,0,0,0,0
2490014,0,0,2.792,0,0,0,0,0,0,0,0,0,0
2490024,0,0,2.792,0,0,0,0,0,0,0,0,0,0
2490034,0,0,2.792,0,0,0,0,0,0,0,0,0,0
2490044,0,0,2.792,0,0,0,0,0,0,0,0,0,0
2490054,0,0,2.792,0,0,0,0,0,0,0,0,0,0
2490064,0,0,2.792,0,0,0,0,0,0,0,0,0,0
2490074,0,0,2.792,0,0,0,0,0,0,0,0,0,0
2490084,0,0,2.792,0,0,0,0,0,0,0,0,0,0
2490094,0,0,2.792,0,0,0,0,0,0,0,0,0,0
2490104,0,0,2.792,0,0,0,0,0,0,0,0,0,0
2490114,0,0,2.792,0,0,0,0,0,0,0,0,0,0
2490124,0,0,2.792,0,0,0,0,0,0,0,0,0,0
2490134,0,0,2.792,0,0,0,0,0,0,0,0,0,0
2490144,0,0,2.792,0,0,0,0,0,0,0,0,0,0
2490154,0,0,2.792,0,0,0,0,0,0,0,0,0,0
2490164,0,0,2.792,0,0,0,0,0,0,0,0,0,0
2490174,0,0,2.792,0,0,0,0,0,0,0,0,0,0
2490184,0,0,2.792,0,0,0,0,0,0,0,0,0,0
2490194,0,0,2.792,0,0,0,0,0,0,0,0,0,0
2490204,0,0,2.792,0,0,0,0,0,0,0,0,0,0
2490214,0,0,2.792,0,0,0,0,0,0,0,0,0,0
2490224,0,0,2.792,0,0,0,0,0,0,0,0,0,0
2490234,0,0,2.792,0,0,0,0,0,0,0,0,0,0
2490244,0,0,2.792,0,0,0,0,0,0,0,0,0,0
2490254,0,0,2.792,0,0,0,0,0,0,0,0,0,0
2490264,0,0,2.792,0,0,0,0,0,0,0,0,0,0
2490274,0,0,2.792,0,0,0,0,0,0,0,0,0,0
2490284,0,0,2.792,0,0,0,0,0,0,0,0,0,0
2490294,0,0,2.792,0,0,0,0,0,0,0,0,0,0
2490304,0,0,2.792,0,0,0,0,0,0,0,0,0,0
2490314,0,0,2.792,0,0,0,0,0,0,0,0,0,0
2490324,0,0,2.792,0,0,0,0,0,0,0,0,0,0
2490334,0,0,2.792,0,0,0,0,0,0,0,0,0,0
2490344,0,0,2.792,0,0,0,0,0,0,0,0,0,0
2490354,0,0,2.792,0,0,0,0,0,0,0,0,0,0
2490364,0,0,2.792,0,0,0,0,0,0,0,0,0,0
2490374,0,0,2.792,0,0,0,0,0,0,0,0,0,0
2490384,0,0,2.792,0,0,0,0,0,0,0,0,0,0
2490394,0,0,2.792,0,0,0,0,0,0,0,0,0,0
2490404,0,0,2.792,0,0,0,0,0,0,0,0,0,0
2490414,0,0,2.792,0,0,0,0,0,0,0,0,0,0
2490424,0,0,2.792,0,0,0,0,0,0,0,0,0,0
2490434,0,0,2.792,0,0,0,0,0,0,0,0,0,0
2490444,0,0,2.792,0,0,0,0,0,0,0,0,0,0
2490454,0,0,2.792,0,0,0,0,0,0,0,0,0,0
2490464,0,0,2.792,0,0,0,0,0,0,0,0,0,0
2490474,0,0,2.792,0,0,0,0,0,0,0,0,0,0
2490484,0,0,2.792,0,0,0,0,0,0,0,0,0,0
2490494,0,0,2.792,0,0,0,0,0,0,0,0,0,0
2490504,0,0,2.792,0,0,0,0,0,0,0,0,0,0
2490514,0,0,2.792,0,0,0,0,0,0,0,0,0,0
2490524,0,0,2.792,0,0,0,0,0,0,0,0,0,0
2490534,0,0,2.792,0,0,0,0,0,0,0,0,0,0
2490544,0,0,2.792,0,0,0,0,0,0,0,0,0,0
2490554,0,0,2.792,0,0,0,0,0,0,0,0,0,0
2490564,0,0,2.792,0,0,0,0,0,0,0,0,0,0
2490574,0,0,2.792,0,0,0,0,0,0,0,0,0,0
2490584,0,0,2.792,0,0,0,0,0,0,0,0,0,0
2490594,0,0,2.792,0,0,0,0,0,0,0,0,0,0
2490604,0,0,2.792,0,0,0,0,0,0,0,0,0,0
2490614,0,0,2.792,0,0,0,0,0,0,0,0,0,0
2490624,0,0,2.792,0,0,0,0,0,0,0,0,0,0
2490634,0,0,2.792,0,0,0,0,0,0,0,0,0,0
2490644,0,0,2.792,0,0,0,0,0,0,0,0,0,0
2490654,0,0,2.792,0,0,0,0,0,0,0,0,0,0
2490664,0,0,2.792,0,0,0,0,0,0,0,0,0,0
2490674,0,0,2.792,0,0,0,0,0,0,0,0,0,0
2490684,0,0,2.792,0,0,0,0,0,0,0,0,0,0
2490694,0,0,2.792,0,0,0,0,0,0,0,0,0,0
2490704,0,0,2.792,0,0,0,0,0,0,0,0,0,0
2490714,0,0,2.792,0,0,0,0,0,0,0,0,0,0
2490724,0,0,2.792,0,0,0,0,0,0,0,0,0,0
2490734,0,0,2.792,0,0,0,0,0,0,0,0,0,0
2490744,0,0,2.792,0,0,0,0,0,0,0,0,0,0
2490754,0,0,2.792,0,0,0,0,0,0,0,0,0,0
2490764,0,0,2.792,0,0,0,0,0,0,0,0,0,0
2490774,0,0,2.792,0,0,0,0,0,0,0,0,0,0
2490784,0,0,2.792,0,0,0,0,0,0,0,0,0,0
2490794,0,0,2.792,0,0,0,0,0,0,0,0,0,0
2490804,0,0,2.792,0,0,0,0,0,0,0,0,0,0
2490814,0,0,2.792,0,0,0,0,0,0,0,0,0,0
2490824,0,0,2.792,0,0,0,0,0,0,0,0,0,0
2490834,0,0,2.792,0,0,0,0,0,0,0,0,0,0
2490844,0,0,2.792,0,0,0,0,0,0,0,0,0,0
2490854,0,0,2.792,0,0,0,0,0,0,0,0,0,0
2490864,0,0,2.792,0,0,0,0,0,0,0,0,0,0
2490874,0,0,2.792,0,0,0,0,0,0,0,0,0,0
2490884,0,0,2.792,0,0,0,0,0,0,0,0,0,0
2490894,0,0,2.792,0,0,0,0,0,0,0,0,0,0
2490904,0,0,2.792,0,0,0,0,0,0,0,0,0,0
2490914,0,0,2.792,0,0,0,0,0,0,0,0,0,0
2490924,0,0,2.792,0,0,0,0,0,0,0,0,0,0
2490934,0,0,2.792,0,0,0,0,0,0,0,0,0,0
2490944,0,0,2.792,0,0,0,0,0,0,0,0,0,0
2490954,0,0,2.792,0,0,0,0,0,0,0,0,0,0
2490964,0,0,2.792,0,0,0,0,0,0,0,0,0,0
2490974,0,0,2.792,0,0,0,0,0,0,0,0,0,0
2490984,0,0,2.792,0,0,0,0,0,0,0,0,0,0
2490994,0,0,2.792,0,0,0,0,0,0,0,0,0,0
2491004,0,0,2.792,0,0,0,0,0,0,0,0,0,0
2491014,0,0,2.792,0,0,0,0,0,0,0,0,0,0
2491024,0,0,2.792,0,0,0,0,0,0,0,0,0,0
2491034,0,0,2.792,0,0,0,0,0,0,0,0,0,0
2491044,0,0,2.792,0,0,0,0,0,0,0,0,0,0
2491054,0,0,2.792,0,0,0,0,0,0,0,0,0,0
2491064,0,0,2.792,0,0,0,0,0,0,0,0,0,0
2491074,0,0,2.792,0,0,0,0,0,0,0,0,0,0
2491084,0,0,2.792,0,0,0,0,0,0,0,0,0,0
2491094,0,0,2.792,0,0,0,0,0,0,0,0,0,0
2491104,0,0,2.792,0,0,0,0,0,0,0,0,0,0
2491114,0,0,2.792,0,0,0,0,0,0,0,0,0,0
2491124,0,0,2.792,0,0,0,0,0,0,0,0,0,0
2491134,0,0,2.792,0,0,0,0,0,0,0,0,0,0
2491144,0,0,2.792,0,0,0,0,0,0,0,0,0,0
2491154,0,0,2.792,0,0,0,0,0,0,0,0,0,0
2491164,0,0,2.792,0,0,0,0,0,0,0,0,0,0
2491174,0,0,2.792,0,0,0,0,0,0,0,0,0,0
2491184,0,0,2.792,0,0,0,0,0,0,0,0,0,0
2491194,0,0,2.792,0,0,0,0,0,0,0,0,0,0
2491204,0,0,2.792,0,0,0,0,0,0,0,0,0,0
2491214,0,0,2.792,0,0,0,0,0,0,0,0,0,0
2491224,0,0,2.792,0,0,0,0,0,0,0,0,0,0
2491234,0,0,2.792,0,0,0,0,0,0,0,0,0,0
2491244,0,0,2.792,0,0,0,0,0,0,0,0,0,0
2491254,0,0,2.792,0,0,0,0,0,0,0,0,0,0
2491264,0,0,2.792,0,0,0,0,0,0,0,0,0,0
2491274,0,0,2.792,0,0,0,0,0,0,0,0,0,0
2491284,0,0,2.792,0,0,0,0,0,0,0,0,0,0
2491294,0,0,2.792,0,0,0,0,0,0,0,0,0,0
2491304,0,0,2.792,0,0,0,0,0,0,0,0,0,0
2491314,0,0,2.792,0,0,0,0,0,0,0,0,0,0
2491324,0,0,2.792,0,0,0,0,0,0,0,0,0,0
2491334,0,0,2.792,0,0,0,0,0,0,0,0,0,0
2491344,0,0,2.792,0,0,0,0,0,0,0,0,0,0
2491354,0,0,2.792,0,0,0,0,0,0,0,0,0,0
2491364,0,0,2.792,0,0,0,0,0,0,0,0,0,0
2491374,0,0,2.792,0,0,0,0,0,0,0,0,0,0
2491384,0,0,2.792,0,0,0,0,0,0,0,0,0,0
2491394,0,0,2.792,0,0,0,0,0,0,0,0,0,0
2491404,0,0,2.792,0,0,0,0,0,0,0,0,0,0
2491414,0,0,2.792,0,0,0,0,0,0,0,0,0,0
2491424,0,0,2.792,0,0,0,0,0,0,0,0,0,0
2491434,0,0,2.792,0,0,0,0,0,0,0,0,0,0
2491444,0,0,2.792,0,0,0,0,0,0,0,0,0,0
2491454,0,0,2.792,0,0,0,0,0,0,0,0,0,0
2491464,0,0,2.792,0,0,0,0,0,0,0,0,0,0
2491474,0,0,2.792,0,0,0,0,0,0,0,0,0,0
2491484,0,0,2.792,0,0,0,0,0,0,0,0,0,0
2491494,0,0,2.792,0,0,0,0,0,0,0,0,0,0
2491504,0,0,2.792,0,0,0,0,0,0,0,0,0,0
2491514,0,0,2.792,0,0,0,0,0,0,0,0,0,0
2491524,0,0,2.792,0,0,0,0,0,0,0,0,0,0
2491534,0,0,2.792,0,0,0,0,0,0,0,0,0,0
2491544,0,0,2.792,0,0,0,0,0,0,0,0,0,0
2491554,0,0,2.792,0,0,0,0,0,0,0,0,0,0
2491564,0,0,2.792,0,0,0,0,0,0,0,0,0,0
2491574,0,0,2.792,0,0,0,0,0,0,0,0,0,0
2491584,0,0,2.792,0,0,0,0,0,0,0,0,0,0
2491594,0,0,2.792,0,0,0,0,0,0,0,0,0,0
2491604,0,0,2.792,0,0,0,0,0,0,0,0,0,0
2491614,0,0,2.792,0,0,0,0,0,0,0,0,0,0
2491624,0,0,2.792,0,0,0,0,0,0,0,0,0,0
2491634,0,0,2.792,0,0,0,0,0,0,0,0,0,0
2491644,0,0,2.792,0,0,0,0,0,0,0,0,0,0
2491654,0,0,2.792,0,0,0,0,0,0,0,0,0,0
2491664,0,0,2.792,0,0,0,0,0,0,0,0,0,0
2491674,0,0,2.792,0,0,0,0,0,0,0,0,0,0
2491684,0,0,2.792,0,0,0,0,0,0,0,0,0,0
2491694,0,0,2.792,0,0,0,0,0,0,0,0,0,0
2491704,0,0,2.792,0,0,0,0,0,0,0,0,0,0
2491714,0,0,2.792,0,0,0,0,0,0,0,0,0,0
2491724,0,0,2.792,0,0,0,0,0,0,0,0,0,0
2491734,0,0,2.792,0,0,0,0,0,0,0,0,0,0
2491744,0,0,2.792,0,0,0,0,0,0,0,0,0,0
2491754,0,0,2.792,0,0,0,0,0,0,0,0,0,0
2491764,0,0,2.792,0,0,0,0,0,0,0,0,0,0
2491774,0,0,2.792,0,0,0,0,0,0,0,0,0,0
2491784,0,0,2.792,0,0,0,0,0,0,0,0,0,0
2491794,0,0,2.792,0,0,0,0,0,0,0,0,0,0
2491804,0,0,2.792,0,0,0,0,0,0,0,0,0,0
2491814,0,0,2.792,0,0,0,0,0,0,0,0,0,0
2491824,0,0,2.792,0,0,0,0,0,0,0,0,0,0
2491834,0,0,2.792,0,0,0,0,0,0,0,0,0,0
2491844,0,0,2.792,0,0,0,0,0,0,0,0,0,0
2491854,0,0,2.792,0,0,0,0,0,0,0,0,0,0
2491864,0,0,2.792,0,0,0,0,0,0,0,0,0,0
2491874,0,0,2.792,0,0,0,0,0,0,0,0,0,0
2491884,0,0,2.792,0,0,0,0,0,0,0,0,0,0
2491894,0,0,2.792,0,0,0,0,0,0,0,0,0,0
2491904,0,0,2.792,0,0,0,0,0,0,0,0,0,0
2491914,0,0,2.792,0,0,0,0,0,0,0,0,0,0
2491924,0,0,2.792,0,0,0,0,0,0,0,0,0,0
2491934,0,0,2.792,0,0,0,0,0,0,0,0,0,0
2491944,0,0,2.792,0,0,0,0,0,0,0,0,0,0
2491954,0,0,2.792,0,0,0,0,0,0,0,0,0,0
2491964,0,0,2.792,0,0,0,0,0,0,0,0,0,0
2491974,0,0,2.792,0,0,0,0,0,0,0,0,0,0
2491984,0,0,2.792,0,0,0,0,0,0,0,0,0,0
2491994,0,0,2.792,0,0,0,0,0,0,0,0,0,0
2492004,0,0,2.792,0,0,0,0,0,0,0,0,0,0
2492014,0,0,2.792,0,0,0,0,0,0,0,0,0,0
2492024,0,0,2.792,0,0,0,0,0,0,0,0,0,0
2492034,0,0,2.792,0,0,0,0,0,0,0,0,0,0
2492044,0,0,2.792,0,0,0,0,0,0,0,0,0,0
2492054,0,0,2.792,0,0,0,0,0,0,0,0,0,0
2492064,0,0,2.792,0,0,0,0,0,0,0,0,0,0
2492074,0,0,2.792,0,0,0,0,0,0,0,0,0,0
2492084,0,0,2.792,0,0,0,0,0,0,0,0,0,0
2492094,0,0,2.792,0,0,0,0,0,0,0,0,0,0
2492104,0,0,2.792,0,0,0,0,0,0,0,0,0,0
2492114,0,0,2.792,0,0,0,0,0,0,0,0,0,0
2492124,0,0,2.792,0,0,0,0,0,0,0,0,0,0
2492134,0,0,2.792,0,0,0,0,0,0,0,0,0,0
2492144,0,0,2.792,0,0,0,0,0,0,0,0,0,0
2492154,0,0,2.792,0,0,0,0,0,0,0,0,0,0
2492164,0,0,2.792,0,0,0,0,0,0,0,0,0,0
2492174,0,0,2.792,0,0,0,0,0,0,0,0,0,0
2492184,0,0,2.792,0,0,0,0,0,0,0,0,0,0
2492194,0,0,2.792,0,0,0,0,0,0,0,0,0,0
2492204,0,0,2.792,0,0,0,0,0,0,0,0,0,0
2492214,0,0,2.792,0,0,0,0,0,0,0,0,0,0
2492224,0,0,2.792,0,0,0,0,0,0,0,0,0,0
2492234,0,0,2.792,0,0,0,0,0,0,0,0,0,0
2492244,0,0,2.792,0,0,0,0,0,0,0,0,0,0
2492254,0,0,2.792,0,0,0,0,0,0,0,0,0,0
2492264,0,0,2.792,0,0,0,0,0,0,0,0,0,0
2492274,0,0,2.792,0,0,0,0,0,0,0,0,0,0
2492284,0,0,2.792,0,0,0,0,0,0,0,0,0,0
2492294,0,0,2.792,0,0,0,0,0,0,0,0,0,0
2492304,0,0,2.792,0,0,0,0,0,0,0,0,0,0
2492314,0,0,2.792,0,0,0,0,0,0,0,0,0,0
2492324,0,0,2.792,0,0,0,0,0,0,0,0,0,0
2492334,0,0,2.792,0,0,0,0,0,0,0,0,0,0
2492344,0,0,2.792,0,0,0,0,0,0,0,0,0,0
2492354,0,0,2.792,0,0,0,0,0,0,0,0,0,0
2492364,0,0,2.792,0,0,0,0,0,0,0,0,0,0
2492374,0,0,2.792,0,0,0,0,0,0,0,0,0,0
2492384,0,0,2.792,0,0,0,0,0,0,0,0,0,0
2492394,0,0,2.792,0,0,0,0,0,0,0,0,0,0
2492404,0,0,2.792,0,0,0,0,0,0,0,0,0,0
2492414,0,0,2.792,0,0,0,0,0,0,0,0,0,0
2492424,0,0,2.792,0,0,0,0,0,0,0,0,0,0
2492434,0,0,2.792,0,0,0,0,0,0,0,0,0,0
2492444,0,0,2.792,0,0,0,0,0,0,0,0,0,0
2492454,0,0,2.792,0,0,0,0,0,0,0,0,0,0
2492464,0,0,2.792,0,0,0,0,0,0,0,0,0,0
2492474,0,0,2.792,0,0,0,0,0,0,0,0,0,0
2492484,0,0,2.792,0,0,0,0,0,0,0,0,0,0
2492494,0,0,2.792,0,0,0,0,0,0,0,0,0,0
2492504,0,0,2.792,0,0,0,0,0,0,0,0,0,0
2492514,0,0,2.792,0,0,0,0,0,0,0,0,0,0
2492524,0,0,2.792,0,0,0,0,0,0,0,0,0,0
2492534,0,0,2.792,0,0,0,0,0,0,0,0,0,0
2492544,0,0,2.792,0,0,0,0,0,0,0,0,0,0
2492554,0,0,2.792,0,0,0,0,0,0,0,0,0,0
2492564,0,0,2.792,0,0,0,0,0,0,0,0,0,0
2492574,0,0,2.792,0,0,0,0,0,0,0,0,0,0
2492584,0,0,2.792,0,0,0,0,0,0,0,0,0,0
2492594,0,0,2.792,0,0,0,0,0,0,0,0,0,0
2492604,0,0,2.792,0,0,0,0,0,0,0,0,0,0
2492614,0,0,2.792,0,0,0,0,0,0,0,0,0,0
2492624,0,0,2.792,0,0,0,0,0,0,0,0,0,0
2492634,0,0,2.792,0,0,0,0,0,0,0,0,0,0
2492644,0,0,2.792,0,0,0,0,0,0,0,0,0,0
2492654,0,0,2.792,0,0,0,0,0,0,0,0,0,0
2492664,0,0,2.792,0,0,0,0,0,0,0,0,0,0
2492674,0,0,2.792,0,0,0,0,0,0,0,0,0,0
2492684,0,0,2.792,0,0,0,0,0,0,0,0,0,0
2492694,0,0,2.792,0,0,0,0,0,0,0,0,0,0
2492704,0,0,2.792,0,0,0,0,0,0,0,0,0,0
2492714,0,0,2.792,0,0,0,0,0,0,0,0,0,0
2492724,0,0,2.792,0,0,0,0,0,0,0,0,0,0
2492734,0,0,2.792,0,0,0,0,0,0,0,0,0,0
2492744,0,0,2.792,0,0,0,0,0,0,0,0,0,0
2492754,0,0,2.792,0,0,0,0,0,0,0,0,0,0
2492765,0,0,2.792,0,0,0,0,0,0,0,0,0,0
2492775,0,0,2.792,0,0,0,0,0,0,0,0,0,0
2492785,0,0,2.792,0,0,0,0,0,0,0,0,0,0
2492795,0,0,2.792,0,0,0,0,0,0,0,0,0,0
2492805,0,0,2.792,0,0,0,0,0,0,0,0,0,0
2492815,0,0,2.792,0,0,0,0,0,0,0,0,0,0
2492825,0,0,2.792,0,0,0,0,0,0,0,0,0,0
2492835,0,0,2.792,0,0,0,0,0,0,0,0,0,0
2492845,0,0,2.792,0,0,0,0,0,0,0,0,0,0
2492855,0,0,2.792,0,0,0,0,0,0,0,0,0,0
2492865,0,0,2.792,0,0,0,0,0,0,0,0,0,0
2492875,0,0,2.792,0,0,0,0,0,0,0,0,0,0
2492885,0,0,2.792,0,0,0,0,0,0,0,0,0,0
2492895,0,0,2.792,0,0,0,0,0,0,0,0,0,0
2492905,0,0,2.792,0,0,0,0,0,0,0,0,0,0
2492915,0,0,2.792,0,0,0,0,0,0,0,0,0,0
2492925,0,0,2.792,0,0,0,0,0,0,0,0,0,0
2492935,0,0,2.792,0,0,0,0,0,0,0,0,0,0
2492945,0,0,2.792,0,0,0,0,0,0,0,0,0,0
2492955,0,0,2.792,0,0,0,0,0,0,0,0,0,0
2492965,0,0,2.792,0,0,0,0,0,0,0,0,0,0
2492975,0,0,2.792,0,0,0,0,0,0,0,0,0,0
2492985,0,0,2.792,0,0,0,0,0,0,0,0,0,0
2492995,0,0,2.792,0,0,0,0,0,0,0,0,0,0
2493005,0,0,2.792,0,0,0,0,0,0,0,0,0,0
2493015,0,0,2.792,0,0,0,0,0,0,0,0,0,0
2493025,0,0,2.792,0,0,0,0,0,0,0,0,0,0
2493035,0,0,2.792,0,0,0,0,0,0,0,0,0,0
2493045,0,0,2.792,0,0,0,0,0,0,0,0,0,0
2493055,0,0,2.792,0,0,0,0,0,0,0,0,0,0
2493065,0,0,2.792,0,0,0,0,0,0,0,0,0,0
2493075,0,0,2.792,0,0,0,0,0,0,0,0,0,0
2493085,0,0,2.792,0,0,0,0,0,0,0,0,0,0
2493095,0,0,2.792,0,0,0,0,0,0,0,0,0,0
2493105,0,0,2.792,0,0,0,0,0,0,0,0,0,0
2493115,0,0,2.792,0,0,0,0,0,0,0,0,0,0
2493125,0,0,2.792,0,0,0,0,0,0,0,0,0,0
2493135,0,0,2.792,0,0,0,0,0,0,0,0,0,0
2493145,0,0,2.792,0,0,0,0,0,0,0,0,0,0
2493155,0,0,2.792,0,0,0,0,0,0,0,0,0,0
2493165,0,0,2.792,0,0,0,0,0,0,0,0,0,0
2493175,0,0,2.792,0,0,0,0,0,0,0,0,0,0
2493185,0,0,2.792,0,0,0,0,0,0,0,0,0,0
2493195,0,0,2.792,0,0,0,0,0,0,0,0,0,0
2493205,0,0,2.792,0,0,0,0,0,0,0,0,0,0
2493215,0,0,2.792,0,0,0,0,0,0,0,0,0,0
2493225,0,0,2.792,0,0,0,0,0,0,0,0,0,0
2493235,0,0,2.792,0,0,0,0,0,0,0,0,0,0
2493245,0,0,2.792,0,0,0,0,0,0,0,0,0,0
2493255,0,0,2.792,0,0,0,0,0,0,0,0,0,0
2493265,0,0,2.792,0,0,0,0,0,0,0,0,0,0
2493275,0,0,2.792,0,0,0,0,0,0,0,0,0,0
2493285,0,0,2.792,0,0,0,0,0,0,0,0,0,0
2493295,0,0,2.792,0,0,0,0,0,0,0,0,0,0
2493305,0,0,2.792,0,0,0,0,0,0,0,0,0,0
2493315,0,0,2.792,0,0,0,0,0,0,0,0,0,0
2493325,0,0,2.792,0,0,0,0,0,0,0,0,0,0
2493334,0,0,2.792,0,0,0,0,0,0,0,0,0,0
2493345,0,0,2.792,0,0,0,0,0,0,0,0,0,0
2493355,0,0,2.792,0,0,0,0,0,0,0,0,0,0
2493365,0,0,2.792,0,0,0,0,0,0,0,0,0,0
2493375,0,0,2.792,0,0,0,0,0,0,0,0,0,0
2493385,0,0,2.792,0,0,0,0,0,0,0,0,0,0
2493395,0,0,2.792,0,0,0,0,0,0,0,0,0,0
2493405,0,0,2.792,0,0,0,0,0,0,0,0,0,0
2493414,0,0,2.792,0,0,0,0,0,0,0,0,0,0
2493425,0,0,2.792,0,0,0,0,0,0,0,0,0,0
2493435,0,0,2.792,0,0,0,0,0,0,0,0,0,0
2493445,0,0,2.792,0,0,0,0,0,0,0,0,0,0
2493455,0,0,2.792,0,0,0,0,0,0,0,0,0,0
2493465,0,0,2.792,0,0,0,0,0,0,0,0,0,0
2493475,0,0,2.792,0,0,0,0,0,0,0,0,0,0
2493485,0,0,2.792,0,0,0,0,0,0,0,0,0,0
2493495,0,0,2.792,0,0,0,0,0,0,0,0,0,0
2493505,0,0,2.792,0,0,0,0,0,0,0,0,0,0
2493515,0,0,2.792,0,0,0,0,0,0,0,0,0,0
2493525,0,0,2.792,0,0,0,0,0,0,0,0,0,0
2493534,0,0,2.792,0,0,0,0,0,0,0,0,0,0
2493545,0,0,2.792,0,0,0,0,0,0,0,0,0,0
2493555,0,0,2.792,0,0,0,0,0,0,0,0,0,0
2493565,0,0,2.792,0,0,0,0,0,0,0,0,0,0
2493574,0,0,2.792,0,0,0,0,0,0,0,0,0,0
2493585,0,0,2.792,0,0,0,0,0,0,0,0,0,0
2493595,0,0,2.792,0,0,0,0,0,0,0,0,0,0
2493605,0,0,2.792,0,0,0,0,0,0,0,0,0,0
2493614,0,0,2.792,0,0,0,0,0,0,0,0,0,0
2493625,0,0,2.792,0,0,0,0,0,0,0,0,0,0
2493635,0,0,2.792,0,0,0,0,0,0,0,0,0,0
2493645,0,0,2.792,0,0,0,0,0,0,0,0,0,0
2493655,0,0,2.792,0,0,0,0,0,0,0,0,0,0
2493665,0,0,2.792,0,0,0,0,0,0,0,0,0,0
2493675,0,0,2.792,0,0,0,0,0,0,0,0,0,0
2493685,0,0,2.792,0,0,0,0,0,0,0,0,0,0
2493695,0,0,2.792,0,0,0,0,0,0,0,0,0,0
2493705,0,0,2.792,0,0,0,0,0,0,0,0,0,0
2493715,0,0,2.792,0,0,0,0,0,0,0,0,0,0
2493725,0,0,2.792,0,0,0,0,0,0,0,0,0,0
2493735,0,0,2.792,0,0,0,0,0,0,0,0,0,0
2493745,0,0,2.792,0,0,0,0,0,0,0,0,0,0
2493755,0,0,2.792,0,0,0,0,0,0,0,0,0,0
2493765,0,0,2.792,0,0,0,0,0,0,0,0,0,0
2493775,0,0,2.792,0,0,0,0,0,0,0,0,0,0
2493785,0,0,2.792,0,0,0,0,0,0,0,0,0,0
2493795,0,0,2.792,0,0,0,0,0,0,0,0,0,0
2493805,0,0,2.792,0,0,0,0,0,0,0,0,0,0
2493815,0,0,2.792,0,0,0,0,0,0,0,0,0,0
2493825,0,0,2.792,0,0,0,0,0,0,0,0,0,0
2493835,0,0,2.792,0,0,0,0,0,0,0,0,0,0
2493845,0,0,2.792,0,0,0,0,0,0,0,0,0,0
2493855,0,0,2.792,0,0,0,0,0,0,0,0,0,0
2493865,0,0,2.792,0,0,0,0,0,0,0,0,0,0
2493875,0,0,2.792,0,0,0,0,0,0,0,0,0,0
2493885,0,0,2.792,0,0,0,0,0,0,0,0,0,0
2493895,0,0,2.792,0,0,0,0,0,0,0,0,0,0
2493905,0,0,2.792,0,0,0,0,0,0,0,0,0,0
2493915,0,0,2.792,0,0,0,0,0,0,0,0,0,0
2493925,0,0,2.792,0,0,0,0,0,0,0,0,0,0
2493935,0,0,2.792,0,0,0,0,0,0,0,0,0,0
2493945,0,0,2.792,0,0,0,0,0,0,0,0,0,0
2493955,0,0,2.792,0,0,0,0,0,0,0,0,0,0
2493965,0,0,2.792,0,0,0,0,0,0,0,0,0,0
2493975,0,0,2.792,0,0,0,0,0,0,0,0,0,0
2493985,0,0,2.792,0,0,0,0,0,0,0,0,0,0
2493995,0,0,2.792,0,0,0,0,0,0,0,0,0,0
2494005,0,0,2.792,0,0,0,0,0,0,0,0,0,0
2494015,0,0,2.792,0,0,0,0,0,0,0,0,0,0
2494025,0,0,2.792,0,0,0,0,0,0,0,0,0,0
2494035,0,0,2.792,0,0,0,0,0,0,0,0,0,0
2494045,0,0,2.792,0,0,0,0,0,0,0,0,0,0
2494055,0,0,2.792,0,0,0,0,0,0,0,0,0,0
2494065,0,0,2.792,0,0,0,0,0,0,0,0,0,0
2494075,0,0,2.792,0,0,0,0,0,0,0,0,0,0
2494085,0,0,2.792,0,0,0,0,0,0,0,0,0,0
2494095,0,0,2.792,0,0,0,0,0,0,0,0,0,0
2494105,0,0,2.792,0,0,0,0,0,0,0,0,0,0
2494115,0,0,2.792,0,0,0,0,0,0,0,0,0,0
2494125,0,0,2.792,0,0,0,0,0,0,0,0,0,0
2494135,0,0,2.792,0,0,0,0,0,0,0,0,0,0
2494145,0,0,2.792,0,0,0,0,0,0,0,0,0,0
2494155,0,0,2.792,0,0,0,0,0,0,0,0,0,0
2494165,0,0,2.792,0,0,0,0,0,0,0,0,0,0
2494175,0,0,2.792,0,0,0,0,0,0,0,0,0,0
2494185,0,0,2.792,0,0,0,0,0,0,0,0,0,0
2494195,0,0,2.792,0,0,0,0,0,0,0,0,0,0
2494205,0,0,2.792,0,0,0,0,0,0,0,0,0,0
2494215,0,0,2.792,0,0,0,0,0,0,0,0,0,0
2494225,0,0,2.792,0,0,0,0,0,0,0,0,0,0
2494235,0,0,2.792,0,0,0,0,0,0,0,0,0,0
2494245,0,0,2.792,0,0,0,0,0,0,0,0,0,0
2494255,0,0,2.792,0,0,0,0,0,0,0,0,0,0
2494265,0,0,2.792,0,0,0,0,0,0,0,0,0,0
2494275,0,0,2.792,0,0,0,0,0,0,0,0,0,0
2494285,0,0,2.792,0,0,0,0,0,0,0,0,0,0
2494295,0,0,2.792,0,0,0,0,0,0,0,0,0,0
2494305,0,0,2.792,0,0,0,0,0,0,0,0,0,0
2494315,0,0,2.792,0,0,0,0,0,0,0,0,0,0
2494325,0,0,2.792,0,0,0,0,0,0,0,0,0,0
2494335,0,0,2.792,0,0,0,0,0,0,0,0,0,0
2494345,0,0,2.792,0,0,0,0,0,0,0,0,0,0
2494355,0,0,2.792,0,0,0,0,0,0,0,0,0,0
2494365,0,0,2.792,0,0,0,0,0,0,0,0,0,0
2494374,0,0,2.792,0,0,0,0,0,0,0,0,0,0
2494385,0,0,2.792,0,0,0,0,0,0,0,0,0,0
2494395,0,0,2.792,0,0,0,0,0,0,0,0,0,0
2494405,0,0,2.792,0,0,0,0,0,0,0,0,0,0
2494415,0,0,2.792,0,0,0,0,0,0,0,0,0,0
2494425,0,0,2.792,0,0,0,0,0,0,0,0,0,0
2494435,0,0,2.792,0,0,0,0,0,0,0,0,0,0
2494445,0,0,2.792,0,0,0,0,0,0,0,0,0,0
2494455,0,0,2.792,0,0,0,0,0,0,0,0,0,0
2494465,0,0,2.792,0,0,0,0,0,0,0,0,0,0
2494475,0,0,2.792,0,0,0,0,0,0,0,0,0,0
2494485,0,0,2.792,0,0,0,0,0,0,0,0,0,0
2494495,0,0,2.792,0,0,0,0,0,0,0,0,0,0
2494505,0,0,2.792,0,0,0,0,0,0,0,0,0,0
2494515,0,0,2.792,0,0,0,0,0,0,0,0,0,0
2494525,0,0,2.792,0,0,0,0,0,0,0,0,0,0
2494535,0,0,2.792,0,0,0,0,0,0,0,0,0,0
2494545,0,0,2.792,0,0,0,0,0,0,0,0,0,0
2494555,0,0,2.792,0,0,0,0,0,0,0,0,0,0
2494565,0,0,2.792,0,0,0,0,0,0,0,0,0,0
2494575,0,0,2.792,0,0,0,0,0,0,0,0,0,0
2494585,0,0,2.792,0,0,0,0,0,0,0,0,0,0
2494595,0,0,2.792,0,0,0,0,0,0,0,0,0,0
2494605,0,0,2.792,0,0,0,0,0,0,0,0,0,0
2494615,0,0,2.792,0,0,0,0,0,0,0,0,0,0
2494625,0,0,2.792,0,0,0,0,0,0,0,0,0,0
2494635,0,0,2.792,0,0,0,0,0,0,0,0,0,0
2494645,0,0,2.792,0,0,0,0,0,0,0,0,0,0
2494655,0,0,2.792,0,0,0,0,0,0,0,0,0,0
2494665,0,0,2.792,0,0,0,0,0,0,0,0,0,0
2494675,0,0,2.792,0,0,0,0,0,0,0,0,0,0
2494685,0,0,2.792,0,0,0,0,0,0,0,0,0,0
2494695,0,0,2.792,0,0,0,0,0,0,0,0,0,0
2494705,0,0,2.792,0,0,0,0,0,0,0,0,0,0
2494715,0,0,2.792,0,0,0,0,0,0,0,0,0,0
2494725,0,0,2.792,0,0,0,0,0,0,0,0,0,0
2494735,0,0,2.792,0,0,0,0,0,0,0,0,0,0
2494745,0,0,2.792,0,0,0,0,0,0,0,0,0,0
2494755,0,0,2.792,0,0,0,0,0,0,0,0,0,0
2494768,0,0,2.792,0,0,0,0,0,0,0,0,0,0
2494774,0,0,2.792,0,0,0,0,0,0,0,0,0,0
2494784,0,0,2.792,0,0,0,0,0,0,0,0,0,0
2494794,0,0,2.792,0,0,0,0,0,0,0,0,0,0
2494804,0,0,2.792,0,0,0,0,0,0,0,0,0,0
2494814,0,0,2.792,0,0,0,0,0,0,0,0,0,0
2494824,0,0,2.792,0,0,0,0,0,0,0,0,0,0
2494834,0,0,2.792,0,0,0,0,0,0,0,0,0,0
2494844,0,0,2.792,0,0,0,0,0,0,0,0,0,0
2494854,0,0,2.792,0,0,0,0,0,0,0,0,0,0
2494868,0,0,2.792,0,0,0,0,0,0,0,0,0,0
2494875,0,0,2.792,0,0,0,0,0,0,0,0,0,0
2494885,0,0,2.792,0,0,0,0,0,0,0,0,0,0
2494895,0,0,2.792,0,0,0,0,0,0,0,0,0,0
2494905,0,0,2.792,0,0,0,0,0,0,0,0,0,0
2494915,0,0,2.792,0,0,0,0,0,0,0,0,0,0
2494925,0,0,2.792,0,0,0,0,0,0,0,0,0,0
2494935,0,0,2.792,0,0,0,0,0,0,0,0,0,0
2494945,0,0,2.792,0,0,0,0,0,0,0,0,0,0
2494955,0,0,2.792,0,0,0,0,0,0,0,0,0,0
2494965,0,0,2.792,0,0,0,0,0,0,0,0,0,0
2494975,0,0,2.792,0,0,0,0,0,0,0,0,0,0
2494985,0,0,2.792,0,0,0,0,0,0,0,0,0,0
2494995,0,0,2.792,0,0,0,0,0,0,0,0,0,0
2495005,0,0,2.792,0,0,0,0,0,0,0,0,0,0
2495015,0,0,2.792,0,0,0,0,0,0,0,0,0,0
2495025,0,0,2.792,0,0,0,0,0,0,0,0,0,0
2495035,0,0,2.792,0,0,0,0,0,0,0,0,0,0
2495045,0,0,2.792,0,0,0,0,0,0,0,0,0,0
2495055,0,0,2.792,0,0,0,0,0,0,0,0,0,0
2495068,0,0,2.792,0,0,0,0,0,0,0,0,0,0
2495074,0,0,2.792,0,0,0,0,0,0,0,0,0,0
2495084,0,0,2.792,0,0,0,0,0,0,0,0,0,0
2495094,0,0,2.792,0,0,0,0,0,0,0,0,0,0
2495104,0,0,2.792,0,0,0,0,0,0,0,0,0,0
2495114,0,0,2.792,0,0,0,0,0,0,0,0,0,0
2495124,0,0,2.792,0,0,0,0,0,0,0,0,0,0
2495134,0,0,2.792,0,0,0,0,0,0,0,0,0,0
2495144,0,0,2.792,0,0,0,0,0,0,0,0,0,0
2495154,0,0,2.792,0,0,0,0,0,0,0,0,0,0
2495164,0,0,2.792,0,0,0,0,0,0,0,0,0,0
2495174,0,0,2.792,0,0,0,0,0,0,0,0,0,0
2495184,0,0,2.792,0,0,0,0,0,0,0,0,0,0
2495194,0,0,2.792,0,0,0,0,0,0,0,0,0,0
2495204,0,0,2.792,0,0,0,0,0,0,0,0,0,0
2495214,0,0,2.792,0,0,0,0,0,0,0,0,0,0
2495224,0,0,2.792,0,0,0,0,0,0,0,0,0,0
2495234,0,0,2.792,0,0,0,0,0,0,0,0,0,0
2495244,0,0,2.792,0,0,0,0,0,0,0,0,0,0
2495254,0,0,2.792,0,0,0,0,0,0,0,0,0,0
2495264,0,0,2.792,0,0,0,0,0,0,0,0,0,0
2495274,0,0,2.792,0,0,0,0,0,0,0,0,0,0
2495284,0,0,2.792,0,0,0,0,0,0,0,0,0,0
2495294,0,0,2.792,0,0,0,0,0,0,0,0,0,0
2495304,0,0,2.792,0,0,0,0,0,0,0,0,0,0
2495314,0,0,2.792,0,0,0,0,0,0,0,0,0,0
2495324,0,0,2.792,0,0,0,0,0,0,0,0,0,0
2495334,0,0,2.792,0,0,0,0,0,0,0,0,0,0
2495344,0,0,2.792,0,0,0,0,0,0,0,0,0,0
2495354,0,0,2.792,0,0,0,0,0,0,0,0,0,0
2495364,0,0,2.792,0,0,0,0,0,0,0,0,0,0
2495374,0,0,2.792,0,0,0,0,0,0,0,0,0,0
2495384,0,0,2.792,0,0,0,0,0,0,0,0,0,0
2495394,0,0,2.792,0,0,0,0,0,0,0,0,0,0
2495404,0,0,2.792,0,0,0,0,0,0,0,0,0,0
2495414,0,0,2.792,0,0,0,0,0,0,0,0,0,0
2495424,0,0,2.792,0,0,0,0,0,0,0,0,0,0
2495434,0,0,2.792,0,0,0,0,0,0,0,0,0,0
2495444,0,0,2.792,0,0,0,0,0,0,0,0,0,0
2495454,0,0,2.792,0,0,0,0,0,0,0,0,0,0
2495464,0,0,2.792,0,0,0,0,0,0,0,0,0,0
2495474,0,0,2.792,0,0,0,0,0,0,0,0,0,0
2495484,0,0,2.792,0,0,0,0,0,0,0,0,0,0
2495494,0,0,2.792,0,0,0,0,0,0,0,0,0,0
2495504,0,0,2.792,0,0,0,0,0,0,0,0,0,0
2495514,0,0,2.792,0,0,0,0,0,0,0,0,0,0
2495524,0,0,2.792,0,0,0,0,0,0,0,0,0,0
2495534,0,0,2.792,0,0,0,0,0,0,0,0,0,0
2495544,0,0,2.792,0,0,0,0,0,0,0,0,0,0
2495554,0,0,2.792,0,0,0,0,0,0,0,0,0,0
2495564,0,0,2.792,0,0,0,0,0,0,0,0,0,0
2495574,0,0,2.792,0,0,0,0,0,0,0,0,0,0
2495584,0,0,2.792,0,0,0,0,0,0,0,0,0,0
2495594,0,0,2.792,0,0,0,0,0,0,0,0,0,0
2495604,0,0,2.792,0,0,0,0,0,0,0,0,0,0
2495614,0,0,2.792,0,0,0,0,0,0,0,0,0,0
2495624,0,0,2.792,0,0,0,0,0,0,0,0,0,0
2495634,0,0,2.792,0,0,0,0,0,0,0,0,0,0
2495644,0,0,2.792,0,0,0,0,0,0,0,0,0,0
2495654,0,0,2.792,0,0,0,0,0,0,0,0,0,0
2495664,0,0,2.792,0,0,0,0,0,0,0,0,0,0
2495674,0,0,2.792,0,0,0,0,0,0,0,0,0,0
2495684,0,0,2.792,0,0,0,0,0,0,0,0,0,0
2495694,0,0,2.792,0,0,0,0,0,0,0,0,0,0
2495704,0,0,2.792,0,0,0,0,0,0,0,0,0,0
2495714,0,0,2.792,0,0,0,0,0,0,0,0,0,0
2495724,0,0,2.792,0,0,0,0,0,0,0,0,0,0
2495734,0,0,2.792,0,0,0,0,0,0,0,0,0,0
2495744,0,0,2.792,0,0,0,0,0,0,0,0,0,0
2495754,0,0,2.792,0,0,0,0,0,0,0,0,0,0
2495764,0,0,2.792,0,0,0,0,0,0,0,0,0,0
2495774,0,0,2.792,0,0,0,0,0,0,0,0,0,0
2495784,0,0,2.792,0,0,0,0,0,0,0,0,0,0
2495794,0,0,2.792,0,0,0,0,0,0,0,0,0,0
2495804,0,0,2.792,0,0,0,0,0,0,0,0,0,0
2495814,0,0,2.792,0,0,0,0,0,0,0,0,0,0
2495824,0,0,2.792,0,0,0,0,0,0,0,0,0,0
2495834,0,0,2.792,0,0,0,0,0,0,0,0,0,0
2495844,0,0,2.792,0,0,0,0,0,0,0,0,0,0
2495854,0,0,2.792,0,0,0,0,0,0,0,0,0,0
2495864,0,0,2.792,0,0,0,0,0,0,0,0,0,0
2495874,0,0,2.792,0,0,0,0,0,0,0,0,0,0
2495884,0,0,2.792,0,0,0,0,0,0,0,0,0,0
2495894,0,0,2.792,0,0,0,0,0,0,0,0,0,0
2495904,0,0,2.792,0,0,0,0,0,0,0,0,0,0
2495914,0,0,2.792,0,0,0,0,0,0,0,0,0,0
2495924,0,0,2.792,0,0,0,0,0,0,0,0,0,0
2495934,0,0,2.792,0,0,0,0,0,0,0,0,0,0
2495944,0,0,2.792,0,0,0,0,0,0,0,0,0,0
2495954,0,0,2.792,0,0,0,0,0,0,0,0,0,0
2495964,0,0,2.792,0,0,0,0,0,0,0,0,0,0
2495974,0,0,2.792,0,0,0,0,0,0,0,0,0,0
2495984,0,0,2.792,0,0,0,0,0,0,0,0,0,0
2495994,0,0,2.792,0,0,0,0,0,0,0,0,0,0
2496004,0,0,2.792,0,0,0,0,0,0,0,0,0,0
2496014,0,0,2.792,0,0,0,0,0,0,0,0,0,0
2496024,0,0,2.792,0,0,0,0,0,0,0,0,0,0
2496034,0,0,2.792,0,0,0,0,0,0,0,0,0,0
2496044,0,0,2.792,0,0,0,0,0,0,0,0,0,0
2496054,0,0,2.792,0,0,0,0,0,0,0,0,0,0
2496064,0,0,2.792,0,0,0,0,0,0,0,0,0,0
2496074,0,0,2.792,0,0,0,0,0,0,0,0,0,0
2496084,0,0,2.792,0,0,0,0,0,0,0,0,0,0
2496094,0,0,2.792,0,0,0,0,0,0,0,0,0,0
2496104,0,0,2.792,0,0,0,0,0,0,0,0,0,0
2496114,0,0,2.792,0,0,0,0,0,0,0,0,0,0
2496124,0,0,2.792,0,0,0,0,0,0,0,0,0,0
2496134,0,0,2.792,0,0,0,0,0,0,0,0,0,0
2496144,0,0,2.792,0,0,0,0,0,0,0,0,0,0
2496154,0,0,2.792,0,0,0,0,0,0,0,0,0,0
2496164,0,0,2.792,0,0,0,0,0,0,0,0,0,0
2496174,0,0,2.792,0,0,0,0,0,0,0,0,0,0
2496184,0,0,2.792,0,0,0,0,0,0,0,0,0,0
2496194,0,0,2.792,0,0,0,0,0,0,0,0,0,0
2496204,0,0,2.792,0,0,0,0,0,0,0,0,0,0
2496214,0,0,2.792,0,0,0,0,0,0,0,0,0,0
2496224,0,0,2.792,0,0,0,0,0,0,0,0,0,0
2496234,0,0,2.792,0,0,0,0,0,0,0,0,0,0
2496244,0,0,2.792,0,0,0,0,0,0,0,0,0,0
2496254,0,0,2.792,0,0,0,0,0,0,0,0,0,0
2496264,0,0,2.792,0,0,0,0,0,0,0,0,0,0
2496274,0,0,2.792,0,0,0,0,0,0,0,0,0,0
2496284,0,0,2.792,0,0,0,0,0,0,0,0,0,0
2496294,0,0,2.792,0,0,0,0,0,0,0,0,0,0
2496304,0,0,2.792,0,0,0,0,0,0,0,0,0,0
2496314,0,0,2.792,0,0,0,0,0,0,0,0,0,0
2496324,0,0,2.792,0,0,0,0,0,0,0,0,0,0
2496334,0,0,2.792,0,0,0,0,0,0,0,0,0,0
2496344,0,0,2.792,0,0,0,0,0,0,0,0,0,0
2496354,0,0,2.792,0,0,0,0,0,0,0,0,0,0
2496364,0,0,2.792,0,0,0,0,0,0,0,0,0,0
2496374,0,0,2.792,0,0,0,0,0,0,0,0,0,0
2496384,0,0,2.792,0,0,0,0,0,0,0,0,0,0
2496394,0,0,2.792,0,0,0,0,0,0,0,0,0,0
2496404,0,0,2.792,0,0,0,0,0,0,0,0,0,0
2496414,0,0,2.792,0,0,0,0,0,0,0,0,0,0
2496424,0,0,2.792,0,0,0,0,0,0,0,0,0,0
2496434,0,0,2.792,0,0,0,0,0,0,0,0,0,0
2496444,0,0,2.792,0,0,0,0,0,0,0,0,0,0
2496454,0,0,2.792,0,0,0,0,0,0,0,0,0,0
2496464,0,0,2.792,0,0,0,0,0,0,0,0,0,0
2496474,0,0,2.792,0,0,0,0,0,0,0,0,0,0
2496484,0,0,2.792,0,0,0,0,0,0,0,0,0,0
2496494,0,0,2.792,0,0,0,0,0,0,0,0,0,0
2496504,0,0,2.792,0,0,0,0,0,0,0,0,0,0
2496514,0,0,2.792,0,0,0,0,0,0,0,0,0,0
2496524,0,0,2.792,0,0,0,0,0,0,0,0,0,0
2496534,0,0,2.792,0,0,0,0,0,0,0,0,0,0
2496544,0,0,2.792,0,0,0,0,0,0,0,0,0,0
2496554,0,0,2.792,0,0,0,0,0,0,0,0,0,0
2496564,0,0,2.792,0,0,0,0,0,0,0,0,0,0
2496574,0,0,2.792,0,0,0,0,0,0,0,0,0,0
2496584,0,0,2.792,0,0,0,0,0,0,0,0,0,0
2496594,0,0,2.792,0,0,0,0,0,0,0,0,0,0
2496604,0,0,2.792,0,0,0,0,0,0,0,0,0,0
2496614,0,0,2.792,0,0,0,0,0,0,0,0,0,0
2496624,0,0,2.792,0,0,0,0,0,0,0,0,0,0
2496634,0,0,2.792,0,0,0,0,0,0,0,0,0,0
2496644,0,0,2.792,0,0,0,0,0,0,0,0,0,0
2496654,0,0,2.792,0,0,0,0,0,0,0,0,0,0
2496664,0,0,2.792,0,0,0,0,0,0,0,0,0,0
2496674,0,0,2.792,0,0,0,0,0,0,0,0,0,0
2496684,0,0,2.792,0,0,0,0,0,0,0,0,0,0
2496694,0,0,2.792,0,0,0,0,0,0,0,0,0,0
2496704,0,0,2.792,0,0,0,0,0,0,0,0,0,0
2496714,0,0,2.792,0,0,0,0,0,0,0,0,0,0
2496724,0,0,2.792,0,0,0,0,0,0,0,0,0,0
2496734,0,0,2.792,0,0,0,0,0,0,0,0,0,0
2496744,0,0,2.792,0,0,0,0,0,0,0,0,0,0
2496754,0,0,2.792,0,0,0,0,0,0,0,0,0,0
2496764,0,0,2.792,0,0,0,0,0,0,0,0,0,0
2496774,0,0,2.792,0,0,0,0,0,0,0,0,0,0
2496784,0,0,2.792,0,0,0,0,0,0,0,0,0,0
2496794,0,0,2.792,0,0,0,0,0,0,0,0,0,0
2496804,0,0,2.792,0,0,0,0,0,0,0,0,0,0
2496814,0,0,2.792,0,0,0,0,0,0,0,0,0,0
2496824,0,0,2.792,0,0,0,0,0,0,0,0,0,0
2496834,0,0,2.792,0,0,0,0,0,0,0,0,0,0
2496844,0,0,2.792,0,0,0,0,0,0,0,0,0,0
2496854,0,0,2.792,0,0,0,0,0,0,0,0,0,0
2496864,0,0,2.792,0,0,0,0,0,0,0,0,0,0
2496874,0,0,2.792,0,0,0,0,0,0,0,0,0,0
2496884,0,0,2.792,0,0,0,0,0,0,0,0,0,0
2496894,0,0,2.792,0,0,0,0,0,0,0,0,0,0
2496904,0,0,2.792,0,0,0,0,0,0,0,0,0,0
2496914,0,0,2.792,0,0,0,0,0,0,0,0,0,0
2496924,0,0,2.792,0,0,0,0,0,0,0,0,0,0
2496934,0,0,2.792,0,0,0,0,0,0,0,0,0,0
2496944,0,0,2.792,0,0,0,0,0,0,0,0,0,0
2496954,0,0,2.792,0,0,0,0,0,0,0,0,0,0
2496964,0,0,2.792,0,0,0,0,0,0,0,0,0,0
2496974,0,0,2.792,0,0,0,0,0,0,0,0,0,0
2496984,0,0,2.792,0,0,0,0,0,0,0,0,0,0
2496994,0,0,2.792,0,0,0,0,0,0,0,0,0,0
2497004,0,0,2.792,0,0,0,0,0,0,0,0,0,0
2497014,0,0,2.792,0,0,0,0,0,0,0,0,0,0
2497024,0,0,2.792,0,0,0,0,0,0,0,0,0,0
2497034,0,0,2.792,0,0,0,0,0,0,0,0,0,0
2497044,0,0,2.792,0,0,0,0,0,0,0,0,0,0
2497054,0,0,2.792,0,0,0,0,0,0,0,0,0,0
2497064,0,0,2.792,0,0,0,0,0,0,0,0,0,0
2497074,0,0,2.792,0,0,0,0,0,0,0,0,0,0
2497084,0,0,2.792,0,0,0,0,0,0,0,0,0,0
2497094,0,0,2.792,0,0,0,0,0,0,0,0,0,0
2497104,0,0,2.792,0,0,0,0,0,0,0,0,0,0
2497114,0,0,2.792,0,0,0,0,0,0,0,0,0,0
2497124,0,0,2.792,0,0,0,0,0,0,0,0,0,0
2497134,0,0,2.792,0,0,0,0,0,0,0,0,0,0
2497144,0,0,2.792,0,0,0,0,0,0,0,0,0,0
2497154,0,0,2.792,0,0,0,0,0,0,0,0,0,0
2497164,0,0,2.792,0,0,0,0,0,0,0,0,0,0
2497174,0,0,2.792,0,0,0,0,0,0,0,0,0,0
2497184,0,0,2.792,0,0,0,0,0,0,0,0,0,0
2497194,0,0,2.792,0,0,0,0,0,0,0,0,0,0
2497204,0,0,2.792,0,0,0,0,0,0,0,0,0,0
2497214,0,0,2.792,0,0,0,0,0,0,0,0,0,0
2497224,0,0,2.792,0,0,0,0,0,0,0,0,0,0
2497234,0,0,2.792,0,0,0,0,0,0,0,0,0,0
2497244,0,0,2.792,0,0,0,0,0,0,0,0,0,0
2497254,0,0,2.792,0,0,0,0,0,0,0,0,0,0
2497264,0,0,2.792,0,0,0,0,0,0,0,0,0,0
2497274,0,0,2.792,0,0,0,0,0,0,0,0,0,0
2497284,0,0,2.792,0,0,0,0,0,0,0,0,0,0
2497294,0,0,2.792,0,0,0,0,0,0,0,0,0,0
2497304,0,0,2.792,0,0,0,0,0,0,0,0,0,0
2497314,0,0,2.792,0,0,0,0,0,0,0,0,0,0
2497324,0,0,2.792,0,0,0,0,0,0,0,0,0,0
2497334,0,0,2.792,0,0,0,0,0,0,0,0,0,0
2497344,0,0,2.792,0,0,0,0,0,0,0,0,0,0
2497354,0,0,2.792,0,0,0,0,0,0,0,0,0,0
2497364,0,0,2.792,0,0,0,0,0,0,0,0,0,0
2497374,0,0,2.792,0,0,0,0,0,0,0,0,0,0
2497384,0,0,2.792,0,0,0,0,0,0,0,0,0,0
2497394,0,0,2.792,0,0,0,0,0,0,0,0,0,0
2497404,0,0,2.792,0,0,0,0,0,0,0,0,0,0
2497414,0,0,2.792,0,0,0,0,0,0,0,0,0,0
2497424,0,0,2.792,0,0,0,0,0,0,0,0,0,0
2497434,0,0,2.792,0,0,0,0,0,0,0,0,0,0
2497444,0,0,2.792,0,0,0,0,0,0,0,0,0,0
2497454,0,0,2.792,0,0,0,0,0,0,0,0,0,0
2497464,0,0,2.792,0,0,0,0,0,0,0,0,0,0
2497474,0,0,2.792,0,0,0,0,0,0,0,0,0,0
2497484,0,0,2.792,0,0,0,0,0,0,0,0,0,0
2497494,0,0,2.792,0,0,0,0,0,0,0,0,0,0
2497504,0,0,2.792,0,0,0,0,0,0,0,0,0,0
2497514,0,0,2.792,0,0,0,0,0,0,0,0,0,0
2497524,0,0,2.792,0,0,0,0,0,0,0,0,0,0
2497534,0,0,2.792,0,0,0,0,0,0,0,0,0,0
2497544,0,0,2.792,0,0,0,0,0,0,0,0,0,0
2497554,0,0,2.792,0,0,0,0,0,0,0,0,0,0
2497564,0,0,2.792,0,0,0,0,0,0,0,0,0,0
2497574,0,0,2.792,0,0,0,0,0,0,0,0,0,0
2497584,0,0,2.792,0,0,0,0,0,0,0,0,0,0
2497594,0,0,2.792,0,0,0,0,0,0,0,0,0,0
2497604,0,0,2.792,0,0,0,0,0,0,0,0,0,0
2497614,0,0,2.792,0,0,0,0,0,0,0,0,0,0
2497624,0,0,2.792,0,0,0,0,0,0,0,0,0,0
2497634,0,0,2.792,0,0,0,0,0,0,0,0,0,0
2497644,0,0,2.792,0,0,0,0,0,0,0,0,0,0
2497654,0,0,2.792,0,0,0,0,0,0,0,0,0,0
2497664,0,0,2.792,0,0,0,0,0,0,0,0,0,0
2497674,0,0,2.792,0,0,0,0,0,0,0,0,0,0
2497684,0,0,2.792,0,0,0,0,0,0,0,0,0,0
2497694,0,0,2.792,0,0,0,0,0,0,0,0,0,0
2497704,0,0,2.792,0,0,0,0,0,0,0,0,0,0
2497714,0,0,2.792,0,0,0,0,0,0,0,0,0,0
2497724,0,0,2.792,0,0,0,0,0,0,0,0,0,0
2497734,0,0,2.792,0,0,0,0,0,0,0,0,0,0
2497744,0,0,2.792,0,0,0,0,0,0,0,0,0,0
2497754,0,0,2.792,0,0,0,0,0,0,0,0,0,0
2497764,0,0,2.792,0,0,0,0,0,0,0,0,0,0
2497774,0,0,2.792,0,0,0,0,0,0,0,0,0,0
2497784,0,0,2.792,0,0,0,0,0,0,0,0,0,0
2497794,0,0,2.792,0,0,0,0,0,0,0,0,0,0
2497804,0,0,2.792,0,0,0,0,0,0,0,0,0,0
2497814,0,0,2.792,0,0,0,0,0,0,0,0,0,0
2497824,0,0,2.792,0,0,0,0,0,0,0,0,0,0
2497834,0,0,2.792,0,0,0,0,0,0,0,0,0,0
2497844,0,0,2.792,0,0,0,0,0,0,0,0,0,0
2497854,0,0,2.792,0,0,0,0,0,0,0,0,0,0
2497864,0,0,2.792,0,0,0,0,0,0,0,0,0,0
2497874,0,0,2.792,0,0,0,0,0,0,0,0,0,0
2497884,0,0,2.792,0,0,0,0,0,0,0,0,0,0
2497894,0,0,2.792,0,0,0,0,0,0,0,0,0,0
2497904,0,0,2.792,0,0,0,0,0,0,0,0,0,0
2497914,0,0,2.792,0,0,0,0,0,0,0,0,0,0
2497924,0,0,2.792,0,0,0,0,0,0,0,0,0,0
2497934,0,0,2.792,0,0,0,0,0,0,0,0,0,0
2497944,0,0,2.792,0,0,0,0,0,0,0,0,0,0
2497954,0,0,2.792,0,0,0,0,0,0,0,0,0,0
2497964,0,0,2.792,0,0,0,0,0,0,0,0,0,0
2497974,0,0,2.792,0,0,0,0,0,0,0,0,0,0
2497984,0,0,2.792,0,0,0,0,0,0,0,0,0,0
2497994,0,0,2.792,0,0,0,0,0,0,0,0,0,0
2498004,0,0,2.792,0,0,0,0,0,0,0,0,0,0
2498014,0,0,2.792,0,0,0,0,0,0,0,0,0,0
2498024,0,0,2.792,0,0,0,0,0,0,0,0,0,0
2498034,0,0,2.792,0,0,0,0,0,0,0,0,0,0
2498044,0,0,2.792,0,0,0,0,0,0,0,0,0,0
2498054,0,0,2.792,0,0,0,0,0,0,0,0,0,0
2498064,0,0,2.792,0,0,0,0,0,0,0,0,0,0
2498074,0,0,2.792,0,0,0,0,0,0,0,0,0,0
2498084,0,0,2.792,0,0,0,0,0,0,0,0,0,0
2498094,0,0,2.792,0,0,0,0,0,0,0,0,0,0
2498104,0,0,2.792,0,0,0,0,0,0,0,0,0,0
2498114,0,0,2.792,0,0,0,0,0,0,0,0,0,0
2498124,0,0,2.792,0,0,0,0,0,0,0,0,0,0
2498134,0,0,2.792,0,0,0,0,0,0,0,0,0,0
2498144,0,0,2.792,0,0,0,0,0,0,0,0,0,0
2498154,0,0,2.792,0,0,0,0,0,0,0,0,0,0
2498164,0,0,2.792,0,0,0,0,0,0,0,0,0,0
2498174,0,0,2.792,0,0,0,0,0,0,0,0,0,0
2498184,0,0,2.792,0,0,0,0,0,0,0,0,0,0
2498194,0,0,2.792,0,0,0,0,0,0,0,0,0,0
2498204,0,0,2.792,0,0,0,0,0,0,0,0,0,0
2498214,0,0,2.792,0,0,0,0,0,0,0,0,0,0
2498224,0,0,2.792,0,0,0,0,0,0,0,0,0,0
2498234,0,0,2.792,0,0,0,0,0,0,0,0,0,0
2498244,0,0,2.792,0,0,0,0,0,0,0,0,0,0
2498254,0,0,2.792,0,0,0,0,0,0,0,0,0,0
2498264,0,0,2.792,0,0,0,0,0,0,0,0,0,0
2498274,0,0,2.792,0,0,0,0,0,0,0,0,0,0
2498284,0,0,2.792,0,0,0,0,0,0,0,0,0,0
2498294,0,0,2.792,0,0,0,0,0,0,0,0,0,0
2498304,0,0,2.792,0,0,0,0,0,0,0,0,0,0
2498314,0,0,2.792,0,0,0,0,0,0,0,0,0,0
2498324,0,0,2.792,0,0,0,0,0,0,0,0,0,0
2498334,0,0,2.792,0,0,0,0,0,0,0,0,0,0
2498344,0,0,2.792,0,0,0,0,0,0,0,0,0,0
2498354,0,0,2.792,0,0,0,0,0,0,0,0,0,0
2498364,0,0,2.792,0,0,0,0,0,0,0,0,0,0
2498374,0,0,2.792,0,0,0,0,0,0,0,0,0,0
2498384,0,0,2.792,0,0,0,0,0,0,0,0,0,0
2498394,0,0,2.792,0,0,0,0,0,0,0,0,0,0
2498404,0,0,2.792,0,0,0,0,0,0,0,0,0,0
2498414,0,0,2.792,0,0,0,0,0,0,0,0,0,0
2498424,0,0,2.792,0,0,0,0,0,0,0,0,0,0
2498434,0,0,2.792,0,0,0,0,0,0,0,0,0,0
2498444,0,0,2.792,0,0,0,0,0,0,0,0,0,0
2498454,0,0,2.792,0,0,0,0,0,0,0,0,0,0
2498464,0,0,2.792,0,0,0,0,0,0,0,0,0,0
2498474,0,0,2.792,0,0,0,0,0,0,0,0,0,0
2498484,0,0,2.792,0,0,0,0,0,0,0,0,0,0
2498494,0,0,2.792,0,0,0,0,0,0,0,0,0,0
2498504,0,0,2.792,0,0,0,0,0,0,0,0,0,0
2498514,0,0,2.792,0,0,0,0,0,0,0,0,0,0
2498524,0,0,2.792,0,0,0,0,0,0,0,0,0,0
2498534,0,0,2.792,0,0,0,0,0,0,0,0,0,0
2498544,0,0,2.792,0,0,0,0,0,0,0,0,0,0
2498554,0,0,2.792,0,0,0,0,0,0,0,0,0,0
2498564,0,0,2.792,0,0,0,0,0,0,0,0,0,0
2498574,0,0,2.792,0,0,0,0,0,0,0,0,0,0
2498584,0,0,2.792,0,0,0,0,0,0,0,0,0,0
2498594,0,0,2.792,0,0,0,0,0,0,0,0,0,0
2498604,0,0,2.792,0,0,0,0,0,0,0,0,0,0
2498614,0,0,2.792,0,0,0,0,0,0,0,0,0,0
2498624,0,0,2.792,0,0,0,0,0,0,0,0,0,0
2498634,0,0,2.792,0,0,0,0,0,0,0,0,0,0
2498644,0,0,2.792,0,0,0,0,0,0,0,0,0,0
2498654,0,0,2.792,0,0,0,0,0,0,0,0,0,0
2498664,0,0,2.792,0,0,0,0,0,0,0,0,0,0
2498674,0,0,2.792,0,0,0,0,0,0,0,0,0,0
2498684,0,0,2.792,0,0,0,0,0,0,0,0,0,0
2498694,0,0,2.792,0,0,0,0,0,0,0,0,0,0
2498704,0,0,2.792,0,0,0,0,0,0,0,0,0,0
2498714,0,0,2.792,0,0,0,0,0,0,0,0,0,0
2498724,0,0,2.792,0,0,0,0,0,0,0,0,0,0
2498734,0,0,2.792,0,0,0,0,0,0,0,0,0,0
2498744,0,0,2.792,0,0,0,0,0,0,0,0,0,0
2498754,0,0,2.792,0,0,0,0,0,0,0,0,0,0
2498764,0,0,2.792,0,0,0,0,0,0,0,0,0,0
2498774,0,0,2.792,0,0,0,0,0,0,0,0,0,0
2498784,0,0,2.792,0,0,0,0,0,0,0,0,0,0
2498794,0,0,2.792,0,0,0,0,0,0,0,0,0,0
2498804,0,0,2.792,0,0,0,0,0,0,0,0,0,0
2498814,0,0,2.792,0,0,0,0,0,-0.001,0,0,0,0
2498824,0,0,2.792,0,0,0,0,0,0,0,0,0,0
2498834,0,0,2.792,0,0,0,0,0,0,0,0,0,0
2498844,0,0,2.792,0,0,0,0,0,0,0,0,0,0
2498857,0,0,2.792,0,0,0,0,0,0,0,0,0,0
2498868,0,0,2.792,0,0,0,0,0,0,0,0,0,0
2498874,0,0,2.792,0,0,0,0,0,0,0,0,0,0
2498884,0,0,2.792,0,0,0,0,0,0,0,0,0,0
2498894,0,0,2.792,0,0,0,0,0,0,0,0,0,0
2498904,0,0,2.792,0,0,0,0,0,0,0,0,0,0
2498914,0,0,2.792,0,0,0,0,0,0,0,0,0,0
2498924,0,0,2.792,0,0,0,0,0,0,0,0,0,0
2498934,0,0,2.792,0,0,0,0,0,0,0,0,0,0
2498944,0,0,2.792,0,0,0,0,0,0,0,0,0,0
2498954,0,0,2.792,0,0,0,0,0,0,0,0,0,0
2498964,0,0,2.792,0,0,0,0,0,0,0,0,0,0
2498974,0,0,2.792,0,0,0,0,0,0,0,0,0,0
2498984,0,0,2.792,0,0,0,0,0,0,0,0,0,0
2498994,0,0,2.792,0,0,0,0,0,0,0,0,0,0
2499004,0,0,2.792,0,0,0,0,0,0,0,0,0,0
2499014,0,0,2.792,0,0,0,0,0,0,0,0,0,0
2499024,0,0,2.792,0,0,0,0,0,0,0,0,0,0
2499034,0,0,2.792,0,0,0,0,0,0,0,0,0,0
2499044,0,0,2.792,0,0,0,0,0,0,0,0,0,0
2499054,0,0,2.792,0,0,0,0,0,0,0,0,0,0
2499064,0,0,2.792,0,0,0,0,0,0,0,0,0,0
2499074,0,0,2.792,0,0,0,0,0,0,0,0,0,0
2499084,0,0,2.792,0,0,0,0,0,0,0,0,0,0
2499094,0,0,2.792,0,0,0,0,0,0,0,0,0,0
2499104,0,0,2.792,0,0,0,0,0,0,0,0,0,0
2499114,0,0,2.792,0,0,0,0,0,0,0,0,0,0
2499124,0,0,2.792,0,0,0,0,0,0,0,0,0,0
2499134,0,0,2.792,0,0,0,0,0,0,0,0,0,0
2499144,0,0,2.792,0,0,0,0,0,0,0,0,0,0
2499154,0,0,2.792,0,0,0,0,0,0,0,0,0,0
2499164,0,0,2.792,0,0,0,0,0,0,0,0,0,0
2499174,0,0,2.792,0,0,0,0,0,0,0,0,0,0
2499184,0,0,2.792,0,0,0,0,0,0,0,0,0,0
2499194,0,0,2.792,0,0,0,0,0,0,0,0,0,0
2499204,0,0,2.792,0,0,0,0,0,0,0,0,0,0
2499214,0,0,2.792,0,0,0,0,0,0,0,0,0,0
2499224,0,0,2.792,0,0,0,0,0,0,0,0,0,0
2499234,0,0,2.792,0,0,0,0,0,0,0,0,0,0
2499244,0,0,2.792,0,0,0,0,0,0,0,0,0,0
2499254,0,0,2.792,0,0,0,0,0,0,0,0,0,0
2499264,0,0,2.792,0,0,0,0,0,0,0,0,0,0
2499274,0,0,2.792,0,0,0,0,0,0,0,0,0,0
2499284,0,0,2.792,0,0,0,0,0,0,0,0,0,0
2499294,0,0,2.792,0,0,0,0,0,0,0,0,0,0
2499304,0,0,2.792,0,0,0,0,0,0,0,0,0,0
2499314,0,0,2.792,0,0,0,0,0,0,0,0,0,0
2499324,0,0,2.792,0,0,0,0,0,0,0,0,0,0
2499334,0,0,2.792,0,0,0,0,0,0,0,0,0,0
2499344,0,0,2.792,0,0,0,0,0,0,0,0,0,0
2499354,0,0,2.792,0,0,0,0,0,0,0,0,0,0
2499364,0,0,2.792,0,0,0,0,0,0,0,0,0,0
2499374,0,0,2.792,0,0,0,0,0,0,0,0,0,0
2499384,0,0,2.792,0,0,0,0,0,0,0,0,0,0
2499394,0,0,2.792,0,0,0,0,0,0,0,0,0,0
2499404,0,0,2.792,0,0,0,0,0,0,0,0,0,0
2499414,0,0,2.792,0,0,0,0,0,0,0,0,0,0
2499424,0,0,2.792,0,0,0,0,0,0,0,0,0,0
2499434,0,0,2.792,0,0,0,0,0,0,0,0,0,0
2499444,0,0,2.792,0,0,0,0,0,0,0,0,0,0
2499454,0,0,2.792,0,0,0,0,0,0,0,0,0,0
2499464,0,0,2.792,0,0,0,0,0,0,0,0,0,0
2499474,0,0,2.792,0,0,0,0,0,0,0,0,0,0
2499484,0,0,2.792,0,0,0,0,0,0,0,0,0,0
2499494,0,0,2.792,0,0,0,0,0,0,0,0,0,0
2499504,0,0,2.792,0,0,0,0,0,0,0,0,0,0
2499514,0,0,2.792,0,0,0,0,0,0,0,0,0,0
2499524,0,0,2.792,0,0,0,0,0,0,0,0,0,0
2499534,0,0,2.792,0,0,0,0,0,0,0,0,0,0
2499544,0,0,2.792,0,0,0,0,0,0,0,0,0,0
2499554,0,0,2.792,0,0,0,0,0,0,0,0,0,0
2499564,0,0,2.792,0,0,0,0,0,0,0,0,0,0
2499574,0,0,2.792,0,0,0,0,0,0,0,0,0,0
2499584,0,0,2.792,0,0,0,0,0,0,0,0,0,0
2499594,0,0,2.792,0,0,0,0,0,0,0,0,0,0
2499604,0,0,2.792,0,0,0,0,0,0,0,0,0,0
2499614,0,0,2.792,0,0,0,0,0,0,0,0,0,0
2499624,0,0,2.792,0,0,0,0,0,0,0,0,0,0
2499634,0,0,2.792,0,0,0,0,0,0,0,0,0,0
2499644,0,0,2.792,0,0,0,0,0,0,0,0,0,0
2499654,0,0,2.792,0,0,0,0,0,0,0,0,0,0
2499664,0,0,2.792,0,0,0,0,0,0,0,0,0,0
2499674,0,0,2.792,0,0,0,0,0,0,0,0,0,0
2499684,0,0,2.792,0,0,0,0,0,0,0,0,0,0
2499694,0,0,2.792,0,0,0,0,0,0,0,0,0,0
2499704,0,0,2.792,0,0,0,0,0,0,0,0,0,0
2499714,0,0,2.792,0,0,0,0,0,0,0,0,0,0
2499724,0,0,2.792,0,0,0,0,0,0,0,0,0,0
2499734,0,0,2.792,0,0,0,0,0,0,0,0,0,0
2499744,0,0,2.792,0,0,0,0,0,0,0,0,0,0
2499754,0,0,2.792,0,0,0,0,0,0,0,0,0,0
2499764,0,0,2.792,0,0,0,0,0,0,0,0,0,0
2499774,0,0,2.792,0,0,0,0,0,0,0,0,0,0
2499784,0,0,2.792,0,0,0,0,0,0,0,0,0,0
2499794,0,0,2.792,0,0,0,0,0,0,0,0,0,0
2499804,0,0,2.792,0,0,0,0,0,0,0,0,0,0
2499814,0,0,2.792,0,0,0,0,0,0,0,0,0,0
2499824,0,0,2.792,0,0,0,0,0,0,0,0,0,0
2499834,0,0,2.792,0,0,0,0,0,0,0,0,0,0
2499844,0,0,2.792,0,0,0,0,0,0,0,0,0,0
2499854,0,0,2.792,0,0,0,0,0,0,0,0,0,0
2499864,0,0,2.792,0,0,0,0,0,0,0,0,0,0
2499874,0,0,2.792,0,0,0,0,0,0,0,0,0,0
2499884,0,0,2.792,0,0,0,0,0,0,0,0,0,0
2499894,0,0,2.792,0,0,0,0,0,0,0,0,0,0
2499904,0,0,2.792,0,0,0,0,0,0,0,0,0,0
2499914,0,0,2.792,0,0,0,0,0,0,0,0,0,0
2499924,0,0,2.792,0,0,0,0,0,0,0,0,0,0
2499934,0,0,2.792,0,0,0,0,0,0,0,0,0,0
2499944,0,0,2.792,0,0,0,0,0,0,0,0,0,0
2499954,0,0,2.792,0,0,0,0,0,0,0,0,0,0
2499964,0,0,2.792,0,0,0,0,0,0,0,0,0,0
2499974,0,0,2.792,0,0,0,0,0,0,0,0,0,0
2499984,0,0,2.792,0,0,0,0,0,0,0,0,0,0
2499994,0,0,2.792,0,0,0,0,0,0,0,0,0,0
2500004,0,0,2.792,0,0,0,0,0,0,0,0,0,0
2500014,0,0,2.792,0,0,0,0,0,0,0,0,0,0
2500024,0,0,2.792,0,0,0,0,0,0,0,0,0,0
2500034,0,0,2.792,0,0,0,0,0,0,0,0,0,0
2500044,0,0,2.792,0,0,0,0,0,0,0,0,0,0
2500054,0,0,2.792,0,0,0,0,0,0,0,0,0,0
2500064,0,0,2.792,0,0,0,0,0,0,0,0,0,0
2500074,0,0,2.792,0,0,0,0,0,0,0,0,0,0
2500084,0,0,2.792,0,0,0,0,0,0,0,0,0,0
2500094,0,0,2.792,0,0,0,0,0,0,0,0,0,0
2500104,0,0,2.792,0,0,0,0,0,0,0,0,0,0
2500114,0,0,2.792,0,0,0,0,0,0,0,0,0,0
2500124,0,0,2.792,0,0,0,0,0,0,0,0,0,0
2500134,0,0,2.792,0,0,0,0,0,0,0,0,0,0
2500144,0,0,2.792,0,0,0,0,0,0,0,0,0,0
2500154,0,0,2.792,0,0,0,0,0,0,0,0,0,0
2500164,0,0,2.792,0,0,0,0,0,0,0,0,0,0
2500175,0,0,2.792,0,0,0,0,0,0,0,0,0,0
2500185,0,0,2.792,0,0,0,0,0,0,0,0,0,0
2500195,0,0,2.792,0,0,0,0,0,0,0,0,0,0
2500205,0,0,2.792,0,0,0,0,0,0,0,0,0,0
2500215,0,0,2.792,0,0,0,0,0,0,0,0,0,0
2500225,0,0,2.792,0,0,0,0,0,0,0,0,0,0
2500235,0,0,2.792,0,0,0,0,0,0,0,0,0,0
2500245,0,0,2.792,0,0,0,0,0,0,0,0,0,0
2500255,0,0,2.792,0,0,0,0,0,0,0,0,0,0
2500265,0,0,2.792,0,0,0,0,0,0,0,0,0,0
2500275,0,0,2.792,0,0,0,0,0,0,0,0,0,0
2500285,0,0,2.792,0,0,0,0,0,0,0,0,0,0
2500295,0,0,2.792,0,0,0,0,0,0,0,0,0,0
2500305,0,0,2.792,0,0,0,0,0,0,0,0,0,0
2500315,0,0,2.792,0,0,0,0,0,0,0,0,0,0
2500325,0,0,2.792,0,0,0,0,0,0,0,0,0,0
2500335,0,0,2.792,0,0,0,0,0,0,0,0,0,0
2500345,0,0,2.792,0,0,0,0,0,0,0,0,0,0
2500355,0,0,2.792,0,0,0,0,0,0,0,0,0,0
2500365,0,0,2.792,0,0,0,0,0,0,0,0,0,0
2500375,0,0,2.792,0,0,0,0,0,0,0,0,0,0
2500385,0,0,2.792,0,0,0,0,0,0,0,0,0,0
2500395,0,0,2.792,0,0,0,0,0,0,0,0,0,0
2500405,0,0,2.792,0,0,0,0,0,0,0,0,0,0
2500415,0,0,2.792,0,0,0,0,0,0,0,0,0,0
2500425,0,0,2.792,0,0,0,0,0,0,0,0,0,0
2500435,0,0,2.792,0,0,0,0,0,0,0,0,0,0
2500445,0,0,2.792,0,0,0,0,0,0,0,0,0,0
2500455,0,0,2.792,0,0,0,0,0,0,0,0,0,0
2500465,0,0,2.792,0,0,0,0,0,0,0,0,0,0
2500475,0,0,2.792,0,0,0,0,0,0,0,0,0,0
2500485,0,0,2.792,0,0,0,0,0,0,0,0,0,0
2500495,0,0,2.792,0,0,0,0,0,0,0,0,0,0
2500505,0,0,2.792,0,0,0,0,0,0,0,0,0,0
2500515,0,0,2.792,0,0,0,0,0,0,0,0,0,0
2500525,0,0,2.792,0,0,0,0,0,0,0,0,0,0
2500535,0,0,2.792,0,0,0,0,0,0,0,0,0,0
2500545,0,0,2.792,0,0,0,0,0,0,0,0,0,0
2500555,0,0,2.792,0,0,0,0,0,0,0,0,0,0
2500565,0,0,2.792,0,0,0,0,0,0,0,0,0,0
2500575,0,0,2.792,0,0,0,0,0,0,0,0,0,0
2500585,0,0,2.792,0,0,0,0,0,0,0,0,0,0
2500595,0,0,2.792,0,0,0,0,0,0,0,0,0,0
2500605,0,0,2.792,0,0,0,0,0,0,0,0,0,0
2500615,0,0,2.792,0,0,0,0,0,0,0,0,0,0
2500625,0,0,2.792,0,0,0,0,0,0,0,0,0,0
2500635,0,0,2.792,0,0,0,0,0,0,0,0,0,0
2500645,0,0,2.792,0,0,0,0,0,0,0,0,0,0
2500655,0,0,2.792,0,0,0,0,0,0,0,0,0,0
2500665,0,0,2.792,0,0,0,0,0,0,0,0,0,0
2500675,0,0,2.792,0,0,0,0,0,0,0,0,0,0
2500685,0,0,2.792,0,0,0,0,0,0,0,0,0,0
2500695,0,0,2.792,0,0,0,0,0,0,0,0,0,0
2500705,0,0,2.792,0,0,0,0,0,0,0,0,0,0
2500715,0,0,2.792,0,0,0,0,0,0,0,0,0,0
2500725,0,0,2.792,0,0,0,0,0,0,0,0,0,0
2500735,0,0,2.792,0,0,0,0,0,0,0,0,0,0
2500745,0,0,2.792,0,0,0,0,0,0,0,0,0,0
2500755,0,0,2.792,0,0,0,0,0,0,0,0,0,0
2500765,0,0,2.792,0,0,0,0,0,0,0,0,0,0
2500774,0,0,2.792,0,0,0,0,0,0,0,0,0,0
2500784,0,0,2.792,0,0,0,0,0,0,0,0,0,0
2500794,0,0,2.792,0,0,0,0,0,0,0,0,0,0
2500804,0,0,2.792,0,0,0,0,0,0,0,0,0,0
2500814,0,0,2.792,0,0,0,0,0,0,0,0,0,0
2500824,0,0,2.792,0,0,0,0,0,0,0,0,0,0
2500834,0,0,2.792,0,0,0,0,0,0,0,0,0,0
2500844,0,0,2.792,0,0,0,0,0,0,0,0,0,0
2500854,0,0,2.792,0,0,0,0,0,0,0,0,0,0
2500864,0,0,2.792,0,0,0,0,0,0,0,0,0,0
2500875,0,0,2.792,0,0,0,0,0,0,0,0,0,0
2500885,0,2,2.792,0,0,0,0,0,0,0,0,0,0
2500895,0,2,2.792,0,0,0,0,0,0,0,0,0,0
2500905,0,2,2.792,0,0,0,0,0,0,0,0,0,0
2500915,0,2,2.792,0,0,0,0,0,0,0,0,0,0
2500925,0,2,2.792,0,0,0,0,0,0,0,0,0,0
2500934,0,2,2.792,0,0,0,0,0,0,0,0,0,0
2500945,0,2,2.792,0,0,0,0,0,0,0,0,0,0
2500955,0,2,2.792,0,0,0,0,0,0,0,0,0,0
2500965,0,2,2.792,0,0.001,0,0,0,0.001,0,0,0,0
2500975,0,2,2.792,0,0.004,0,0,-0.001,0.003,0,0,0,0
2500985,0,2,2.792,0,0.007,0,0,-0.001,0.006,0,0,0,0
2500995,0,2,2.792,0,0.009,0,0,-0.001,0.011,0,0,0,0
2501005,0,2,2.792,0,0.014,0,0.01,-0.001,0.016,0,0.004,0,0.004
2501015,0,2,2.792,0,0.018,0,0.015,0,0.023,0,0.011,0,0.011
2501025,0,2,2.792,0,0.021,-0.001,0.018,-0.002,0.029,0,0.016,0,0.016
2501035,0,2,2.792,0,0.026,0,0.022,-0.004,0.036,-0.001,0.019,-0.001,0.019
2501045,0,2,2.792,-0.002,0.032,0.001,0.028,-0.005,0.043,0,0.025,0,0.025
2501055,0,2,2.792,-0.008,0.042,-0.007,0.042,-0.006,0.053,-0.002,0.034,-0.002,0.034
2501065,0,2,2.792,-0.001,0.005,-0.003,0.009,-0.009,0.068,-0.005,0.029,-0.005,0.029
2501075,0,2,2.792,0.008,0.009,0.007,-0.011,-0.022,0.095,-0.003,0.015,-0.003,0.015
2501085,0,2,2.792,-0.014,0.067,-0.008,0.05,-0.025,0.109,-0.005,0.028,-0.005,0.028
2501095,0,2,2.792,-0.008,0.037,-0.008,0.054,-0.021,0.123,-0.01,0.058,-0.01,0.058
2501105,0,2,2.792,-0.01,0.06,-0.01,0.055,-0.017,0.148,-0.009,0.061,-0.009,0.061
2501115,0,2,2.792,-0.019,0.107,-0.017,0.087,-0.017,0.178,-0.012,0.077,-0.012,0.077
2501125,0,2,2.792,-0.021,0.151,-0.021,0.127,-0.009,0.21,-0.017,0.109,-0.017,0.109
2501135,0,2,2.792,-0.017,0.15,-0.02,0.15,-0.014,0.265,-0.021,0.151,-0.021,0.151
2501145,0,2,2.792,-0.025,0.117,-0.018,0.108,-0.061,0.372,-0.023,0.17,-0.023,0.17
2501155,0,2,2.792,-0.015,0.186,-0.017,0.181,-0.058,0.436,-0.021,0.183,-0.021,0.183
2501165,0,2,2.792,-0.014,0.219,-0.022,0.166,-0.05,0.475,-0.022,0.174,-0.022,0.174
2501174,0,2,2.792,0,0.104,-0.004,0.134,-0.08,0.625,-0.024,0.219,-0.024,0.219
2501185,0,2,2.792,0,0.01,0.003,0.015,-0.108,0.796,-0.031,0.275,-0.031,0.275
2501195,0,2,2.792,0.002,0.068,-0.008,0.09,-0.085,0.907,-0.038,0.348,-0.038,0.348
2501205,0,2,2.792,0.016,0.208,0.004,0.15,-0.064,0.935,-0.026,0.336,-0.026,0.336
2501215,0,2,2.792,0.049,0.464,0.046,0.353,-0.093,1.021,-0.031,0.452,-0.031,0.452
2501225,0,2,2.792,0.006,0.067,-0.055,0.101,-0.158,1.138,-0.047,0.567,-0.047,0.567
2501235,0,2,2.792,0,0.034,0.006,0.073,-0.174,1.258,-0.073,0.694,-0.073,0.694
2501245,0,2,2.792,0.052,0.242,0.06,0.169,-0.069,1.551,-0.073,0.802,-0.073,0.802
2501255,0,2,2.792,0.024,0.077,0.028,0.076,0.093,1.699,-0.035,0.986,-0.035,0.986
2501265,0,2,2.792,-0.011,0.038,-0.03,0.062,0.145,1.513,0.009,0.864,0.009,0.864
2501275,0,2,2.792,0.044,0.454,0.045,0.337,0.114,1.342,0.033,0.93,0.033,0.93
2501285,0,2,2.792,0.121,0.57,0.118,0.567,0.104,1.211,0.06,0.88,0.06,0.88
2501295,0,2,2.792,0.049,0.244,0.071,0.445,0.103,1.148,0.076,0.882,0.076,0.882
2501305,0,2,2.792,0.028,0.208,0.032,0.189,0.094,1.17,0.076,0.855,0.076,0.855
2501315,0,2,2.792,0.054,0.475,0.066,0.408,0.078,1.263,0.072,0.837,0.072,0.837
2501325,0,2,2.792,0.072,0.409,0.081,0.536,0.066,1.423,0.072,0.796,0.072,0.796
2501335,0,2,2.792,0.07,0.457,0.07,0.384,0.008,1.541,0.064,0.891,0.064,0.891
2501345,0,2,2.792,0.011,0.132,0.032,0.228,0.001,1.508,0.047,0.979,0.047,0.979
2501355,0,2,2.792,0.016,0.181,0.04,0.222,0.04,1.511,0.04,0.935,0.04,0.935
2501365,0,2,2.792,0.039,0.119,0.035,0.085,0.039,1.638,0.038,0.971,0.038,0.971
2501375,0,2,2.792,0.051,0.562,0.063,0.41,0.055,1.766,0.043,0.96,0.043,0.96
2501385,0,2,2.792,0.045,0.759,0.056,0.698,0.093,1.839,0.053,1.078,0.053,1.078
2501395,0,2,2.792,0.024,0.95,0.034,0.862,0.081,1.768,0.055,1.131,0.055,1.131
2501405,0,2,2.792,0.015,0.432,0.038,0.661,0.02,1.706,0.049,1.199,0.049,1.199
2501415,0,2,2.792,-0.012,0.125,-0.003,0.237,-0.043,1.767,0.031,1.241,0.031,1.241
2501425,0,2,2.792,0.008,0.246,-0.017,0.079,-0.1,1.834,-0.001,1.226,-0.001,1.226
2501435,0,2,2.792,-0.007,0.181,-0.005,0.245,-0.062,1.804,-0.019,1.269,-0.019,1.269
2501445,0,2,2.792,-0.003,0.082,0.015,0.116,-0.048,1.757,-0.013,0.991,-0.013,0.991
2501455,0,2,2.792,-0.02,0.215,-0.022,0.246,-0.048,1.701,-0.02,1.032,-0.02,1.032
2501465,0,2,2.792,-0.016,0.047,-0.032,0.089,-0.052,1.725,-0.026,0.82,-0.026,0.82
2501475,0,2,2.792,-0.012,0.128,-0.007,0.123,-0.075,1.868,-0.029,0.862,-0.029,0.862
2501485,0,2,2.792,-0.005,0.948,-0.002,0.697,-0.085,2.036,-0.031,0.934,-0.031,0.934
2501495,0,0,2.792,0.005,0.143,0.015,0.309,-0.085,2.118,-0.034,1.078,-0.034,1.078
2501505,0,0,2.792,-0.02,0.124,-0.045,0.141,-0.062,2.186,-0.038,1.174,-0.038,1.174
2501515,0,0,2.792,-0.02,0.039,-0.014,0.063,-0.01,2.198,-0.036,1.322,-0.036,1.322
2501525,0,0,2.792,-0.002,0.009,0.018,0.01,0.004,2.211,-0.02,1.22,-0.02,1.22
2501535,0,0,2.792,0.003,0.142,-0.013,0.077,0.029,2.173,-0.009,1.278,-0.009,1.278
2501545,0,0,2.792,0.004,0.075,0.01,0.109,0.045,2.116,0,1.016,0,1.016
2501555,0,0,2.792,-0.002,0.152,0.003,0.149,0.047,2.101,0.007,0.877,0.007,0.877
2501565,0,0,2.792,0.009,0.297,0.011,0.224,0.014,2.148,0.01,0.973,0.01,0.973
2501575,0,0,2.792,0,0.042,-0.009,0.066,-0.025,2.216,-0.004,0.808,-0.004,0.808
2501585,0,0,2.792,-0.017,0.077,-0.016,0.094,-0.01,2.288,-0.007,1.037,-0.007,1.037
2501595,0,0,2.792,-0.009,0.358,-0.006,0.194,0.019,2.332,-0.004,1.192,-0.004,1.192
2501605,0,0,2.792,0.004,0.206,0.001,0.263,0.023,2.303,0.003,1.246,0.003,1.246
2501615,0,0,2.792,0.011,0.352,0.005,0.38,0.042,2.212,0.007,1.303,0.007,1.303
2501625,0,0,2.792,0.001,0.363,0.004,0.266,0.063,2.147,0.016,1.376,0.016,1.376
2501635,0,0,2.792,0.033,0.893,0.036,0.742,0.054,2.065,0.025,1.299,0.025,1.299
2501645,0,0,2.792,0.054,1.327,0.036,1.248,0.045,1.968,0.033,1.436,0.033,1.436
2501655,0,0,2.792,0.008,1.29,0.014,1.347,0.042,1.843,0.034,1.537,0.034,1.537
2501665,0,0,2.792,-0.004,0.348,0.011,0.519,0.037,1.708,0.033,1.52,0.033,1.52
2501675,0,0,2.792,0.011,0.221,0.019,0.231,0.035,1.565,0.029,1.179,0.029,1.179
2501685,0,0,2.792,-0.007,0.135,0.001,0.158,0.037,1.446,0.028,1.121,0.028,1.121
2501695,0,0,2.792,0.002,0.023,-0.016,0.058,0.04,1.404,0.027,1.077,0.027,1.077
2501705,0,0,2.792,0.011,0.093,0.008,0.143,0.03,1.41,0.023,0.98,0.023,0.98
2501715,0,0,2.792,-0.013,0.214,-0.01,0.234,0.015,1.429,0.02,0.992,0.02,0.992
2501725,0,0,2.792,0,0.117,0.02,0.179,0.004,1.449,0.016,0.927,0.016,0.927
2501735,0,0,2.792,0,0.065,0.011,0.125,0,1.466,0.012,0.935,0.012,0.935
2501745,0,0,2.792,0.004,0.406,-0.001,0.243,-0.009,1.485,0.007,0.994,0.007,0.994
2501755,0,0,2.792,0.002,0.214,-0.011,0.345,-0.007,1.472,0,0.964,0,0.964
2501765,0,0,2.792,-0.026,0.307,-0.021,0.267,-0.009,1.435,-0.003,1.012,-0.003,1.012
2501775,0,0,2.792,-0.003,0.821,0.008,0.765,-0.003,1.373,-0.004,1.025,-0.004,1.025
2501785,0,0,2.792,-0.003,0.872,0.018,0.948,0.04,1.226,0.005,1.064,0.005,1.064
2501795,0,0,2.792,-0.037,0.112,-0.026,0.426,0.099,0.98,0.019,1.035,0.019,1.035
2501805,0,0,2.792,-0.031,-0.047,-0.02,0.121,0.214,0.68,0.051,0.875,0.051,0.875
2501815,0,0,2.792,-0.003,-0.011,-0.006,0.006,0.252,0.423,0.094,0.715,0.094,0.715
2501825,0,0,2.792,-0.011,-0.084,0.006,-0.048,0.072,0.189,0.101,0.554,0.101,0.554
2501835,0,0,2.792,-0.085,-0.403,-0.062,-0.386,-0.09,0.073,0.049,0.322,0.049,0.322
2501845,0,0,2.792,-0.092,-0.479,-0.124,-0.605,-0.254,0.113,-0.024,0.183,-0.024,0.183
2501855,0,0,2.792,-0.035,-0.121,-0.044,-0.171,-0.35,0.185,-0.104,0.01,-0.104,0.01
2501865,0,0,2.792,-0.03,-0.121,-0.029,-0.133,-0.385,0.23,-0.139,0.023,-0.139,0.023
2501875,0,0,2.792,-0.054,-0.266,-0.059,-0.269,-0.389,0.233,-0.167,0.016,-0.167,0.016
2501885,0,0,2.792,-0.053,-0.27,-0.061,-0.297,-0.327,0.224,-0.166,-0.046,-0.166,-0.046
2501895,0,0,2.792,-0.041,-0.204,-0.063,-0.267,-0.208,0.274,-0.145,-0.088,-0.145,-0.088
2501905,0,0,2.792,-0.045,-0.153,-0.053,-0.194,-0.077,0.399,-0.129,-0.023,-0.129,-0.023
2501915,0,0,2.792,-0.001,-0.034,-0.02,-0.079,0,0.523,-0.089,0.055,-0.089,0.055
2501925,0,0,2.792,0.027,-0.035,0.02,-0.05,0.007,0.488,-0.048,0.11,-0.048,0.11
2501935,0,0,2.792,0.039,0.01,0.026,-0.028,0.024,0.349,-0.014,0.104,-0.014,0.104
2501945,0,0,2.792,0.03,0.026,0.043,0.019,0.022,0.277,0.024,0.058,0.024,0.058
2501955,0,0,2.792,0.094,0.131,0.044,0.056,0.034,0.248,0.028,0.072,0.028,0.072
2501965,0,0,2.792,0.066,0.101,0.045,0.074,0.05,0.276,0.042,0.089,0.042,0.089
2501975,0,0,2.792,0.042,0.094,0.071,0.098,0.101,0.385,0.05,0.134,0.05,0.134
2501985,0,0,2.792,0.055,0.084,0.048,0.097,0.084,0.388,0.06,0.178,0.06,0.178
2501995,0,0,2.792,0.081,0.174,0.056,0.119,0.087,0.407,0.055,0.182,0.055,0.182
2502005,0,0,2.792,0.115,0.228,0.108,0.199,0.095,0.429,0.068,0.22,0.068,0.22
2502015,0,0,2.792,0.06,0.154,0.059,0.136,0.098,0.438,0.082,0.244,0.082,0.244
2502025,0,0,2.792,0.019,0.045,0.044,0.095,0.101,0.441,0.079,0.253,0.079,0.253
2502035,0,0,2.792,0.034,0.061,0.022,0.024,0.104,0.436,0.06,0.194,0.06,0.194
2502045,0,0,2.792,0.113,0.318,0.09,0.25,0.101,0.446,0.067,0.191,0.067,0.191
2502055,0,0,2.792,0.062,0.21,0.081,0.236,0.1,0.447,0.076,0.237,0.076,0.237
2502065,0,0,2.792,0.028,0.116,0.045,0.131,0.096,0.435,0.066,0.22,0.066,0.22
2502075,0,0,2.792,0.019,0.065,0.034,0.089,0.09,0.417,0.062,0.218,0.062,0.218
2502085,0,0,2.792,0.005,0.044,-0.003,0.073,0.082,0.398,0.05,0.211,0.05,0.211
2502095,0,0,2.792,0.022,0.207,0.018,0.189,0.07,0.381,0.041,0.213,0.041,0.213
2502105,0,0,2.792,0.022,0.173,0.032,0.236,0.058,0.354,0.042,0.242,0.042,0.242
2502115,0,0,2.792,-0.03,0.042,0.007,0.098,0.048,0.302,0.035,0.218,0.035,0.218
2502125,0,0,2.792,-0.01,-0.003,-0.002,0.066,0.032,0.217,0.018,0.156,0.018,0.156
2502135,0,0,2.792,-0.012,-0.058,-0.015,-0.038,0.015,0.123,0.014,0.13,0.014,0.13
2502145,0,0,2.792,-0.012,-0.062,-0.01,-0.056,0,0.039,0.008,0.082,0.008,0.082
2502155,0,0,2.792,-0.024,-0.091,-0.021,-0.084,-0.014,-0.018,-0.004,0.008,-0.004,0.008
2502165,0,0,2.792,-0.014,-0.037,-0.016,-0.052,-0.025,-0.046,-0.011,-0.024,-0.011,-0.024
2502175,0,0,2.792,-0.028,-0.052,-0.026,-0.063,-0.032,-0.056,-0.018,-0.044,-0.018,-0.044
2502185,0,0,2.792,-0.032,-0.048,-0.029,-0.058,-0.033,-0.053,-0.026,-0.054,-0.026,-0.054
2502195,0,0,2.792,-0.025,-0.027,-0.033,-0.049,-0.031,-0.043,-0.031,-0.053,-0.031,-0.053
2502205,0,0,2.792,-0.014,0.005,-0.02,-0.013,-0.025,-0.027,-0.026,-0.036,-0.026,-0.036
2502215,0,0,2.792,-0.004,0.025,-0.011,0.014,-0.018,-0.008,-0.021,-0.017,-0.021,-0.017
2502225,0,0,2.792,0.005,0.037,-0.001,0.028,-0.011,0.01,-0.014,0.003,-0.014,0.003
2502235,0,0,2.792,0.013,0.047,0.009,0.042,-0.004,0.025,-0.005,0.019,-0.005,0.019
2502245,0,0,2.792,0.021,0.059,0.022,0.066,0.002,0.037,0.011,0.046,0.011,0.046
2502255,0,0,2.792,0.005,0.012,0.011,0.029,0.007,0.045,0.014,0.049,0.014,0.049
2502265,0,0,2.792,0,0.001,0.002,0.009,0.01,0.05,0.009,0.032,0.009,0.032
2502275,0,0,2.792,0,0,0,0.005,0.012,0.05,0.004,0.018,0.004,0.018
2502285,0,0,2.792,0,0,0.001,0.001,0.012,0.044,0.003,0.013,0.003,0.013
2502295,0,0,2.792,0.005,-0.003,0.007,0,0.01,0.033,0.005,0.006,0.005,0.006
2502305,0,-2,2.792,0.002,-0.003,0.005,0.001,0.008,0.022,0.006,0.004,0.006,0.004
2502315,0,-2,2.792,0,-0.008,0,0,0.004,0.011,0.003,0.002,0.003,0.002
2502325,0,-2,2.792,-0.006,-0.005,0,-0.001,0.001,0.005,0.001,0,0.001,0
2502335,0,-2,2.792,-0.006,0,0,0,-0.001,0.002,0,0,0,0
2502345,0,-2,2.792,-0.005,0.002,0,0,-0.002,0.002,0,0,0,0
2502355,0,-2,2.792,-0.002,0.003,0,0,-0.002,0.002,0,0,0,0
2502365,0,-2,2.792,0,0,0,0,-0.001,0.001,0,0,0,0
2502375,0,-2,2.792,0,0,0,0,0,0,0,0,0,0
2502385,0,-2,2.792,0,0,0,0,0,0,0,0,0,0
2502395,0,-2,2.792,0,0,0,0,0,0,0,0,0,0
2502405,0,-2,2.792,0,0,0,0,-0.001,-0.001,0,0,0,0
2502415,0,-2,2.792,0,0,0,0,-0.001,-0.003,0,0,0,0
2502425,0,-2,2.792,-0.002,-0.003,0,0,-0.001,-0.005,0,0,0,0
2502435,0,-2,2.792,-0.003,-0.005,0,0,-0.001,-0.007,0,0,0,0
2502445,0,-2,2.792,-0.003,-0.007,0,0,-0.002,-0.009,0,0,0,0
2502455,0,-2,2.792,-0.003,-0.006,0,0,-0.002,-0.011,0,0,0,0
2502465,0,-2,2.792,0,-0.001,0,0,-0.002,-0.013,0,0,0,0
2502475,0,-2,2.792,0,0,0,0,-0.001,-0.016,0,0,0,0
2502484,0,-2,2.792,0,0,0,0.002,-0.001,-0.02,0,0,0,0
2502494,0,-2,2.792,0,0,0,0.002,0,-0.025,0,0.001,0,0.001
2502505,0,-2,2.792,0.008,-0.013,0.002,-0.001,0.001,-0.03,0,0.001,0,0.001
2502514,0,-2,2.792,0.004,-0.028,0.007,-0.024,0.002,-0.039,0.008,-0.017,0.008,-0.017
2502524,0,-2,2.792,0.004,-0.031,0.005,-0.026,0.001,-0.047,0.006,-0.023,0.006,-0.023
2502534,0,-2,2.792,0.005,-0.043,0.006,-0.033,-0.002,-0.062,0.005,-0.03,0.005,-0.03
2502544,0,-2,2.792,0.006,-0.051,0.005,-0.043,-0.007,-0.079,0.005,-0.036,0.005,-0.036
2502554,0,-2,2.792,0.008,-0.085,0.006,-0.062,-0.025,-0.111,0.003,-0.048,0.003,-0.048
2502564,0,-2,2.792,0.002,-0.016,0.001,-0.017,-0.023,-0.126,0.003,-0.049,0.003,-0.049
2502574,0,-2,2.792,0.013,-0.08,0.013,-0.065,-0.024,-0.167,0,-0.055,0,-0.055
2502584,0,-2,2.792,0.014,-0.086,0.013,-0.077,-0.027,-0.193,0,-0.074,0,-0.074
2502594,0,-2,2.792,0.008,-0.108,0.001,-0.097,-0.011,-0.215,0,-0.097,0,-0.097
2502604,0,-2,2.792,0,-0.195,0.006,-0.154,-0.008,-0.237,-0.001,-0.122,-0.001,-0.122
2502614,0,-2,2.792,0,-0.073,0.006,-0.113,-0.008,-0.277,-0.001,-0.154,-0.001,-0.154
2502624,0,-2,2.792,0.004,-0.062,0.005,-0.036,0.004,-0.376,0.003,-0.13,0.003,-0.13
2502634,0,-2,2.792,0.006,-0.046,0.003,-0.037,0.01,-0.47,0.004,-0.164,0.004,-0.164
2502644,0,-2,2.792,0.003,-0.034,0.007,-0.027,0.019,-0.55,0.007,-0.215,0.007,-0.215
2502654,0,-2,2.792,0.008,-0.023,-0.003,-0.018,0.033,-0.681,0.007,-0.205,0.007,-0.205
2502664,0,-2,2.792,0.004,-0.055,-0.003,-0.034,-0.002,-0.907,0.007,-0.289,0.007,-0.289
2502674,0,-2,2.792,0.004,-0.064,0.005,-0.084,-0.107,-1.081,-0.01,-0.422,-0.01,-0.422
2502684,0,-2,2.792,0.001,-0.049,0.017,-0.062,-0.123,-1.165,-0.026,-0.509,-0.026,-0.509
2502694,0,-2,2.792,0.002,-0.036,-0.009,-0.038,-0.034,-1.342,-0.03,-0.632,-0.03,-0.632
2502704,0,-2,2.792,0.004,-0.038,-0.02,-0.058,0.005,-1.446,-0.024,-0.439,-0.024,-0.439
2502714,0,-2,2.792,0.037,-0.155,0.028,-0.037,-0.073,-1.421,-0.023,-0.577,-0.023,-0.577
2502724,0,-2,2.792,0.036,-0.176,0.043,-0.128,-0.16,-1.47,-0.04,-0.72,-0.04,-0.72
2502734,0,-2,2.792,0.011,-0.147,-0.002,-0.093,-0.107,-1.438,-0.053,-0.824,-0.053,-0.824
2502744,0,-2,2.792,0.008,-0.079,-0.011,-0.123,-0.02,-1.388,-0.04,-0.824,-0.04,-0.824
2502754,0,-2,2.792,0.015,-0.092,0.023,-0.113,-0.011,-1.399,-0.026,-0.851,-0.026,-0.851
2502764,0,-2,2.792,0.001,-0.008,0.017,-0.025,-0.033,-1.495,-0.019,-0.897,-0.019,-0.897
2502774,0,-2,2.792,0.017,-0.04,0.006,-0.008,-0.01,-1.482,-0.015,-0.883,-0.015,-0.883
2502784,0,-2,2.792,0.003,-0.021,-0.019,-0.023,0.021,-1.455,-0.007,-0.777,-0.007,-0.777
2502794,0,-2,2.792,0.011,-0.047,0.024,-0.059,0.027,-1.46,0.002,-0.808,0.002,-0.808
2502804,0,-2,2.792,0.012,-0.042,0.023,-0.024,0.027,-1.534,0.009,-0.769,0.009,-0.769
2502814,0,-2,2.792,0.074,-0.424,0.039,-0.252,0.022,-1.637,0.016,-0.625,0.016,-0.625
2502824,0,-2,2.792,0.109,-0.743,0.093,-0.623,0.013,-1.737,0.047,-0.68,0.047,-0.68
2502834,0,-2,2.792,0.055,-0.441,0.076,-0.709,0.011,-1.898,0.06,-0.883,0.06,-0.883
2502844,0,-2,2.792,0.014,-0.108,0.023,-0.217,0.016,-2.024,0.052,-1.013,0.052,-1.013
2502854,0,-2,2.792,0.039,-0.224,0.052,-0.204,-0.002,-2.066,0.038,-1.144,0.038,-1.144
2502864,0,-2,2.792,0.037,-0.151,0.023,-0.115,0.013,-2.101,0.033,-1.068,0.033,-1.068
2502874,0,-2,2.792,0.008,-0.041,0.016,-0.054,0.008,-2.043,0.028,-1.16,0.028,-1.16
2502884,0,-2,2.792,0.03,-0.153,0.04,-0.13,0.003,-1.967,0.023,-1.177,0.023,-1.177
2502894,0,-2,2.792,0.103,-0.832,0.071,-0.61,0.025,-1.892,0.032,-0.927,0.032,-0.927
2502904,0,-2,2.792,0.058,-0.423,0.07,-0.689,0.056,-1.875,0.047,-1.087,0.047,-1.087
2502914,0,-2,2.792,0.053,-0.342,0.066,-0.318,0.056,-1.903,0.05,-1.174,0.05,-1.174
2502924,0,-2,2.792,0.011,-0.114,0.035,-0.163,0.034,-1.934,0.048,-1.188,0.048,-1.188
2502934,0,-2,2.792,0.098,-0.844,0.043,-0.47,0.023,-1.989,0.041,-1.244,0.041,-1.244
2502944,0,-2,2.792,0.025,-0.204,0.034,-0.334,0.015,-1.949,0.04,-1.262,0.04,-1.262
2502954,0,-2,2.792,0.003,-0.021,-0.001,-0.066,-0.002,-1.895,0.03,-1.183,0.03,-1.183
2502964,0,-2,2.792,0.002,-0.019,0.008,-0.035,0.01,-1.878,0.022,-1.177,0.022,-1.177
2502974,0,-2,2.792,0.002,-0.027,0.012,-0.03,0.015,-1.934,0.016,-0.81,0.016,-0.81
2502984,0,-2,2.792,0.034,-0.238,0.038,-0.198,0.017,-1.989,0.016,-0.932,0.016,-0.932
2502994,0,-2,2.792,0.053,-0.248,0.055,-0.289,0.02,-2.025,0.02,-1.101,0.02,-1.101
2503004,0,-2,2.792,0.009,-0.078,0.02,-0.1,0.031,-2.086,0.024,-1.093,0.024,-1.093
2503014,0,-2,2.792,0.03,-0.161,0.021,-0.165,0.033,-2.244,0.025,-1.076,0.025,-1.076
2503024,0,-2,2.792,0.043,-0.163,0.061,-0.176,-0.017,-2.319,0.025,-1.121,0.025,-1.121
2503034,0,-2,2.792,0.03,-0.194,0.038,-0.162,-0.027,-2.336,0.022,-1.11,0.022,-1.11
2503044,0,-2,2.792,0.007,-0.053,0.011,-0.073,-0.03,-2.313,0.011,-1.125,0.011,-1.125
2503054,0,-2,2.792,0.013,-0.134,0.016,-0.18,-0.004,-2.232,0.008,-0.961,0.008,-0.961
2503064,0,-2,2.792,0.004,-0.027,0.011,-0.066,0.023,-2.213,0.01,-1.016,0.01,-1.016
2503074,0,-2,2.792,0,-0.005,-0.004,0.003,0.015,-2.32,0.01,-1.108,0.01,-1.108
2503084,0,-2,2.792,-0.002,-0.027,-0.003,-0.015,-0.022,-2.392,0.004,-1.088,0.004,-1.088
2503094,0,-2,2.792,0,-0.028,0.006,-0.064,-0.029,-2.353,-0.004,-1.314,-0.004,-1.314
2503104,0,-2,2.792,0,-0.018,-0.004,-0.031,0.014,-2.316,-0.002,-1.349,-0.002,-1.349
2503114,0,-2,2.792,0,-0.03,-0.005,-0.025,0.045,-2.299,0.006,-1.409,0.006,-1.409
2503124,0,-2,2.792,0.003,0.014,0.007,-0.004,0.05,-2.225,0.013,-1.41,0.013,-1.41
2503134,0,-2,2.792,0.017,-0.261,0.047,-0.301,0.066,-2.114,0.025,-1.44,0.025,-1.44
2503144,0,-2,2.792,0.002,-0.028,-0.011,-0.077,0.07,-2.037,0.036,-1.511,0.036,-1.511
2503154,0,-2,2.792,0,-0.035,-0.007,-0.008,0.05,-1.975,0.034,-1.476,0.034,-1.476
2503164,0,-2,2.792,0,-0.017,0.01,-0.025,0.001,-1.931,0.027,-1.483,0.027,-1.483
2503174,0,-2,2.792,0.041,-0.922,0.064,-0.692,-0.006,-1.869,0.022,-1.334,0.022,-1.334
2503184,0,-2,2.792,0.055,-0.968,0.043,-1.09,0.001,-1.835,0.02,-1.455,0.02,-1.455
2503194,0,-2,2.792,0.001,-0.116,-0.023,-0.28,0.008,-1.831,0.015,-1.403,0.015,-1.403
2503204,0,-2,2.792,0.01,-0.037,0.016,-0.071,-0.021,-1.84,0.008,-1.447,0.008,-1.447
2503214,0,-2,2.792,-0.004,-0.046,0.03,-0.076,-0.02,-1.849,0.007,-1.286,0.007,-1.286
2503224,0,-2,2.792,0.038,-0.66,0.042,-0.494,-0.01,-1.887,0.004,-1.348,0.004,-1.348
2503234,0,-2,2.792,0.026,-0.653,0.005,-0.51,-0.004,-1.904,0,-1.178,0,-1.178
2503244,0,-2,2.792,0.044,-1.559,0.045,-1.363,-0.021,-1.916,-0.001,-1.316,-0.001,-1.316
2503254,0,-2,2.792,0.02,-1.222,0.031,-1.27,-0.014,-1.986,0.012,-1.456,0.012,-1.456
2503264,0,-2,2.792,0.004,-0.188,0.01,-0.4,-0.01,-2.064,0.009,-1.451,0.009,-1.451
2503274,0,-2,2.792,0.005,-0.135,0.025,-0.259,-0.018,-2.065,0.003,-1.414,0.003,-1.414
2503284,0,-2,2.792,0.017,-1.134,0.016,-0.705,-0.017,-2.037,0.002,-1.316,0.002,-1.316
2503294,0,-2,2.792,0.014,-0.922,0.012,-1.092,-0.003,-2.055,0.005,-1.432,0.005,-1.432
2503304,0,-2,2.792,0.015,-1.302,0.007,-1.295,-0.007,-2.065,0.004,-1.551,0.004,-1.551
2503314,0,-2,2.792,0.02,-1.329,0.034,-1.34,-0.033,-2.064,0,-1.657,0,-1.657
2503324,0,0,2.792,0.017,-1.416,0.017,-1.398,-0.05,-2.05,-0.004,-1.7,-0.004,-1.7
2503334,0,0,2.792,0.032,-1.435,0.024,-1.48,-0.044,-2.003,0.005,-1.653,0.005,-1.653
2503344,0,0,2.792,0.033,-1.43,0.027,-1.441,-0.031,-1.919,0.004,-1.676,0.004,-1.676
2503354,0,0,2.792,0.015,-1.322,0.019,-1.332,-0.025,-1.846,0.001,-1.663,0.001,-1.663
2503364,0,0,2.792,0.006,-1.376,0.02,-1.369,-0.026,-1.809,-0.002,-1.664,-0.002,-1.664
2503374,0,0,2.792,0.036,-1.351,0.034,-1.429,-0.009,-1.778,0.001,-1.66,0.001,-1.66
2503384,0,0,2.792,0.045,-0.97,0.032,-1.239,0.001,-1.744,0.004,-1.666,0.004,-1.666
2503394,0,0,2.792,-0.004,-0.13,-0.001,-0.295,-0.002,-1.733,0.006,-1.513,0.006,-1.513
2503404,0,0,2.792,0.017,-0.238,0.008,-0.161,-0.018,-1.756,0,-1.426,0,-1.426
2503414,0,0,2.792,0.004,-0.162,0.031,-0.241,-0.007,-1.785,0.003,-1.294,0.003,-1.294
2503424,0,0,2.792,0.046,-1.108,0.037,-0.69,0.007,-1.806,0.006,-1.331,0.006,-1.331
2503434,0,0,2.792,0,-0.24,-0.004,-0.335,0.009,-1.853,0.008,-1.276,0.008,-1.276
2503444,0,0,2.792,-0.006,-0.175,-0.012,-0.22,0.002,-1.953,0.005,-1.302,0.005,-1.302
2503454,0,0,2.792,-0.003,-0.067,0.022,-0.166,0.024,-2.046,0.008,-1.332,0.008,-1.332
2503464,0,0,2.792,0.023,-0.061,0.011,-0.076,0.026,-2.071,0.014,-1.316,0.014,-1.316
2503474,0,0,2.792,0.026,-1.176,0.016,-0.898,-0.002,-2.023,0.013,-1.395,0.013,-1.395
2503484,0,0,2.792,0.039,-1.33,0.028,-1.317,-0.011,-1.964,0.014,-1.424,0.014,-1.424
2503494,0,0,2.792,0.023,-0.485,0.025,-0.557,-0.011,-1.927,0.011,-1.431,0.011,-1.431
2503504,0,0,2.792,0.01,-0.117,0.011,-0.184,-0.018,-1.872,0.009,-1.163,0.009,-1.163
2503514,0,0,2.792,0.002,-0.479,-0.016,-0.282,-0.016,-1.796,0.004,-1.051,0.004,-1.051
2503524,0,0,2.792,0.013,-0.839,0.02,-0.842,-0.015,-1.765,0.001,-1.138,0.001,-1.138
2503534,0,0,2.792,0.051,-1.575,0.039,-1.28,0,-1.799,0.005,-1.257,0.005,-1.257
2503544,0,0,2.792,0.018,-0.641,0.01,-0.705,-0.005,-1.805,0.01,-1.169,0.01,-1.169
2503554,0,0,2.792,0.014,-1.09,-0.002,-1.023,-0.016,-1.747,0.007,-1.202,0.007,-1.202
2503564,0,0,2.792,0.026,-1.257,0.027,-1.082,-0.024,-1.669,0.002,-1.307,0.002,-1.307
2503574,0,0,2.792,0.033,-1.277,0.041,-1.278,-0.01,-1.588,0.003,-1.372,0.003,-1.372
2503584,0,0,2.792,0.058,-1.334,0.046,-1.341,0.007,-1.497,0.008,-1.41,0.008,-1.41
2503594,0,0,2.792,0.049,-1.304,0.038,-1.293,0.013,-1.394,0.017,-1.395,0.017,-1.395
2503604,0,0,2.792,0.028,-1.198,0.032,-1.286,0.002,-1.273,0.021,-1.357,0.021,-1.357
2503614,0,0,2.792,0.036,-1.265,0.042,-1.269,-0.002,-1.141,0.021,-1.295,0.021,-1.295
2503624,0,0,2.792,0.018,-0.447,0.032,-0.841,-0.005,-1.006,0.02,-1.227,0.02,-1.227
2503634,0,0,2.792,-0.002,-0.15,-0.012,-0.259,-0.014,-0.932,0.013,-1.022,0.013,-1.022
2503644,0,0,2.792,0.023,-0.603,0.021,-0.478,-0.025,-0.907,0.003,-0.834,0.003,-0.834
2503654,0,0,2.792,0.05,-1.058,0.048,-0.934,-0.039,-0.874,0.002,-0.822,0.002,-0.822
2503664,0,0,2.792,0.036,-1.033,0.03,-1.066,-0.053,-0.846,-0.001,-0.864,-0.001,-0.864
2503674,0,0,2.792,-0.002,-1.019,-0.002,-1.003,-0.059,-0.818,-0.01,-0.879,-0.01,-0.879
2503684,0,0,2.792,0.003,-1.005,0.016,-1.01,-0.057,-0.763,-0.021,-0.863,-0.021,-0.863
2503694,0,0,2.792,0.038,-0.862,0.054,-0.899,-0.032,-0.688,-0.004,-0.862,-0.004,-0.862
2503704,0,0,2.792,0.063,-0.804,0.059,-0.841,0.004,-0.645,0.001,-0.818,0.001,-0.818
2503714,0,0,2.792,0.054,-0.762,0.047,-0.82,0.01,-0.59,0.009,-0.769,0.009,-0.769
2503724,0,0,2.792,0.036,-0.793,0.024,-0.804,-0.01,-0.531,0.013,-0.728,0.013,-0.728
2503734,0,0,2.792,0.032,-0.636,0.04,-0.709,-0.036,-0.468,0.006,-0.679,0.006,-0.679
2503744,-2,0,2.792,0.06,-0.812,0.051,-0.76,-0.028,-0.418,0.004,-0.624,0.004,-0.624
2503754,-2,0,2.792,0.059,-0.358,0.056,-0.436,-0.008,-0.413,0.014,-0.589,0.014,-0.589
2503764,-2,0,2.792,0.041,-0.445,0.037,-0.452,0.007,-0.403,0.016,-0.527,0.016,-0.527
2503774,-2,0,2.792,0.043,-0.467,0.037,-0.482,0.009,-0.373,0.023,-0.487,0.023,-0.487
2503784,-2,0,2.792,0.045,-0.473,0.049,-0.488,0.008,-0.329,0.023,-0.459,0.023,-0.459
2503794,-2,0,2.792,0.061,-0.458,0.063,-0.482,0.02,-0.303,0.031,-0.44,0.031,-0.44
2503804,-2,0,2.792,0.069,-0.396,0.062,-0.429,0.027,-0.296,0.038,-0.419,0.038,-0.419
2503814,-2,0,2.792,0.074,-0.334,0.07,-0.384,0.026,-0.274,0.046,-0.392,0.046,-0.392
2503824,-2,0,2.792,0.061,-0.295,0.069,-0.322,0.018,-0.238,0.051,-0.359,0.051,-0.359
2503834,-2,0,2.792,0.021,-0.096,0.03,-0.147,0.006,-0.21,0.046,-0.304,0.046,-0.304
2503844,-2,0,2.792,0.011,-0.046,0.027,-0.087,-0.002,-0.195,0.034,-0.227,0.034,-0.227
2503854,-2,0,2.792,0.007,-0.077,0.017,-0.073,-0.011,-0.182,0.024,-0.165,0.024,-0.165
2503864,-2,0,2.792,0.003,-0.086,0.008,-0.094,-0.026,-0.166,0.013,-0.133,0.013,-0.133
2503874,-2,0,2.792,-0.003,-0.042,0.008,-0.065,-0.05,-0.149,0.004,-0.121,0.004,-0.121
2503884,-2,0,2.792,-0.02,-0.029,0.001,-0.032,-0.087,-0.154,-0.003,-0.091,-0.003,-0.091
2503894,-2,0,2.792,-0.003,-0.003,0.003,-0.013,-0.125,-0.155,-0.017,-0.081,-0.017,-0.081
2503904,-2,0,2.792,-0.051,-0.02,-0.027,-0.014,-0.141,-0.13,-0.023,-0.052,-0.023,-0.052
2503914,-2,0,2.792,-0.112,-0.048,-0.08,-0.041,-0.173,-0.111,-0.049,-0.056,-0.049,-0.056
2503924,-2,0,2.792,-0.105,-0.041,-0.124,-0.048,-0.219,-0.112,-0.095,-0.062,-0.095,-0.062
2503934,-2,0,2.792,-0.114,-0.032,-0.067,-0.016,-0.243,-0.093,-0.099,-0.049,-0.099,-0.049
2503944,-2,0,2.792,-0.118,-0.041,-0.159,-0.053,-0.29,-0.076,-0.137,-0.051,-0.137,-0.051
2503954,-2,0,2.792,-0.01,-0.004,-0.026,-0.006,-0.37,-0.058,-0.162,-0.049,-0.162,-0.049
2503964,-2,0,2.792,-0.003,0,0.015,0.005,-0.445,-0.043,-0.188,-0.042,-0.188,-0.042
2503974,-2,0,2.792,-0.009,-0.002,-0.005,0.017,-0.551,-0.067,-0.221,-0.035,-0.221,-0.035
2503984,-2,0,2.792,0,0,0.035,-0.016,-0.684,-0.132,-0.267,-0.045,-0.267,-0.045
2503994,-2,0,2.792,-0.339,-0.074,-0.238,-0.05,-0.802,-0.232,-0.306,-0.066,-0.306,-0.066
2504004,-2,0,2.792,-0.108,-0.058,-0.119,-0.043,-0.901,-0.37,-0.386,-0.111,-0.386,-0.111
2504014,-2,0,2.792,-0.202,-0.066,-0.106,-0.055,-0.92,-0.376,-0.43,-0.146,-0.43,-0.146
2504024,-2,0,2.792,-0.141,-0.043,-0.223,-0.073,-0.9,-0.28,-0.426,-0.148,-0.426,-0.148
2504034,-2,0,2.792,-0.065,-0.023,-0.096,-0.035,-0.959,-0.231,-0.417,-0.132,-0.417,-0.132
2504044,-2,0,2.792,-0.167,-0.038,-0.204,-0.051,-1.057,-0.178,-0.444,-0.12,-0.444,-0.12
2504054,-2,0,2.792,-0.365,-0.064,-0.256,-0.04,-1.133,-0.191,-0.473,-0.104,-0.473,-0.104
2504064,-2,0,2.792,-0.561,-0.109,-0.468,-0.1,-1.179,-0.214,-0.589,-0.116,-0.589,-0.116
2504074,-2,0,2.792,-0.883,-0.158,-0.914,-0.173,-1.288,-0.178,-0.703,-0.135,-0.703,-0.135
2504084,-2,0,2.792,-1.009,-0.207,-0.816,-0.158,-1.444,-0.179,-0.84,-0.142,-0.84,-0.142
2504094,-2,0,2.792,-0.79,-0.149,-0.797,-0.162,-1.526,-0.169,-0.973,-0.155,-0.973,-0.155
2504104,-2,0,2.792,-0.332,-0.055,-0.591,-0.099,-1.522,-0.195,-1.088,-0.16,-1.088,-0.16
2504114,-2,0,2.792,-0.322,-0.057,-0.327,-0.052,-1.444,-0.183,-1.099,-0.155,-1.099,-0.155
2504124,-2,0,2.792,-0.808,-0.094,-0.738,-0.091,-1.388,-0.167,-0.973,-0.13,-0.973,-0.13
2504134,-2,0,2.792,-0.407,-0.041,-0.545,-0.072,-1.382,-0.13,-1.048,-0.129,-1.048,-0.129
2504144,-2,0,2.792,-0.673,-0.068,-0.583,-0.054,-1.443,-0.096,-1.071,-0.115,-1.071,-0.115
2504154,-2,0,2.792,-0.996,-0.107,-1.047,-0.116,-1.523,-0.079,-1.071,-0.101,-1.071,-0.101
2504164,-2,0,2.792,-1.144,-0.1,-1.052,-0.089,-1.622,-0.078,-1.159,-0.097,-1.159,-0.097
2504174,-2,0,2.792,-0.108,-0.01,-0.281,-0.028,-1.685,-0.081,-1.164,-0.085,-1.164,-0.085
2504184,-2,0,2.792,-0.884,-0.064,-0.581,-0.055,-1.685,-0.061,-1.154,-0.073,-1.154,-0.073
2504194,-2,0,2.792,-1.184,-0.082,-1.089,-0.09,-1.696,-0.04,-1.177,-0.067,-1.177,-0.067
2504204,-2,0,2.792,-1.566,-0.1,-1.338,-0.096,-1.73,-0.042,-1.297,-0.064,-1.297,-0.064
2504214,-2,0,2.792,-0.838,-0.062,-0.971,-0.074,-1.806,-0.028,-1.366,-0.067,-1.366,-0.067
2504224,-2,0,2.792,-0.64,-0.049,-0.523,-0.038,-1.858,0.016,-1.325,-0.053,-1.325,-0.053
2504234,-2,0,2.792,-0.438,-0.012,-0.733,-0.026,-1.873,0.011,-1.386,-0.037,-1.386,-0.037
2504244,-2,0,2.792,-1.112,-0.072,-0.951,-0.061,-1.854,-0.01,-1.367,-0.029,-1.367,-0.029
2504254,-2,0,2.792,-0.46,-0.032,-0.793,-0.046,-1.831,-0.015,-1.417,-0.033,-1.417,-0.033
2504264,-2,0,2.792,-1.008,-0.056,-0.771,-0.046,-1.839,-0.028,-1.361,-0.033,-1.361,-0.033
2504274,-2,0,2.792,-1.223,-0.087,-1.326,-0.082,-1.872,-0.022,-1.386,-0.046,-1.386,-0.046
2504284,-2,0,2.792,-0.113,-0.008,-0.333,-0.026,-1.921,-0.027,-1.367,-0.046,-1.367,-0.046
2504294,-2,0,2.792,-0.531,-0.01,-0.474,-0.02,-1.956,-0.043,-1.1,-0.035,-1.1,-0.035
2504304,-2,0,2.792,-0.558,-0.042,-0.348,-0.02,-2.04,-0.076,-1.132,-0.034,-1.132,-0.034
2504314,-2,0,2.792,-0.343,-0.02,-0.601,-0.029,-2.126,-0.079,-1.055,-0.047,-1.055,-0.047
2504324,-2,0,2.792,-0.626,-0.02,-0.371,-0.005,-2.216,-0.064,-1.174,-0.046,-1.174,-0.046
2504334,-2,0,2.792,-1.393,-0.041,-1.252,-0.045,-2.299,-0.055,-1.235,-0.045,-1.235,-0.045
2504344,-2,0,2.792,-1.515,-0.051,-1.452,-0.04,-2.398,-0.071,-1.477,-0.048,-1.477,-0.048
2504354,-2,0,2.792,-0.846,-0.024,-1.27,-0.049,-2.458,-0.077,-1.713,-0.052,-1.713,-0.052
2504364,-2,0,2.792,-0.401,-0.042,-0.383,-0.028,-2.369,-0.035,-1.81,-0.05,-1.81,-0.05
2504374,-2,0,2.792,-0.82,-0.043,-0.87,-0.043,-2.177,-0.023,-1.796,-0.042,-1.796,-0.042
2504384,-2,0,2.792,-0.361,-0.035,-0.317,-0.039,-2.022,-0.021,-1.746,-0.037,-1.746,-0.037
2504394,-2,0,2.792,-1.253,-0.097,-1.146,-0.085,-1.915,-0.025,-1.691,-0.038,-1.691,-0.038
2504404,-2,0,2.792,-1.519,-0.055,-1.488,-0.058,-1.833,-0.044,-1.659,-0.047,-1.659,-0.047
2504414,-2,0,2.792,-1.674,-0.062,-1.613,-0.063,-1.794,-0.052,-1.676,-0.05,-1.676,-0.05
2504424,-2,0,2.792,-1.084,-0.047,-1.444,-0.07,-1.789,-0.054,-1.7,-0.056,-1.7,-0.056
2504434,-2,0,2.792,-0.627,-0.034,-0.584,-0.033,-1.795,-0.044,-1.561,-0.055,-1.561,-0.055
2504444,-2,0,2.792,-1.876,-0.085,-1.266,-0.054,-1.805,-0.041,-1.482,-0.048,-1.482,-0.048
2504454,-2,0,2.792,-0.233,-0.009,-0.599,-0.041,-1.84,-0.063,-1.533,-0.052,-1.533,-0.052
2504464,-2,0,2.792,-0.252,-0.003,-0.432,0.004,-1.937,-0.09,-1.584,-0.057,-1.584,-0.057
2504474,-2,0,2.792,-0.023,0,-0.061,0.01,-2.052,-0.087,-1.588,-0.057,-1.588,-0.057
2504484,-2,0,2.792,-0.726,-0.043,-0.335,-0.059,-2.122,-0.044,-1.547,-0.052,-1.547,-0.052
2504494,-2,0,2.792,-0.577,-0.007,-0.81,-0.033,-2.15,0.003,-1.693,-0.043,-1.693,-0.043
2504504,-4,0,2.792,-1.42,-0.027,-1.199,0.03,-2.148,0.03,-1.793,-0.024,-1.793,-0.024
2504514,-4,0,2.792,-0.584,-0.012,-1.058,-0.061,-2.089,0.045,-1.871,-0.008,-1.871,-0.008
2504524,-4,0,2.792,-0.052,-0.001,-0.186,0.004,-2.007,0.038,-1.851,0.005,-1.851,0.005
2504534,-4,0,2.792,-0.005,0,-0.01,0.006,-1.922,0.013,-1.569,0.01,-1.569,0.01
2504544,-4,0,2.792,0,0,0.008,0.007,-1.88,-0.015,-1.412,0.006,-1.412,0.006
2504554,-4,0,2.792,-1.35,0.004,-0.915,-0.004,-1.927,-0.019,-1.448,0.001,-1.448,0.001
2504564,-4,0,2.792,-1.593,-0.056,-1.494,-0.033,-1.979,-0.041,-1.571,-0.01,-1.571,-0.01
2504574,-4,0,2.792,-0.18,-0.006,-0.471,0.005,-2.032,-0.068,-1.632,-0.021,-1.632,-0.021
2504584,-4,0,2.792,-0.016,0,-0.083,-0.007,-2.147,-0.069,-1.587,-0.029,-1.587,-0.029
2504594,-4,0,2.792,-0.081,0.008,-0.116,-0.006,-2.268,-0.065,-1.672,-0.037,-1.672,-0.037
2504604,-4,0,2.792,-0.918,-0.006,-0.451,0.025,-2.293,-0.066,-1.713,-0.039,-1.713,-0.039
2504614,-4,0,2.792,-0.992,-0.011,-1.18,0,-2.295,-0.068,-1.788,-0.038,-1.788,-0.038
2504624,-4,0,2.792,-0.154,0.067,-0.303,0.008,-2.331,-0.052,-1.868,-0.04,-1.868,-0.04
2504634,-4,0,2.792,-0.42,0.008,-0.252,0.011,-2.334,-0.017,-1.614,-0.023,-1.614,-0.023
2504644,-4,0,2.792,-1.88,0.001,-1.467,0.012,-2.274,0.028,-1.575,-0.007,-1.575,-0.007
2504654,-4,0,2.792,-1.856,-0.018,-1.715,-0.014,-2.298,0.049,-1.775,0.005,-1.775,0.005
2504664,-4,0,2.792,-1.92,-0.015,-1.912,-0.024,-2.393,0.017,-1.958,0.009,-1.958,0.009
2504674,-4,0,2.792,-1.968,-0.032,-1.919,-0.035,-2.512,0.001,-2.117,0.005,-2.117,0.005
2504684,-4,0,2.792,-2.018,-0.012,-1.988,-0.016,-2.544,-0.006,-2.227,-0.002,-2.227,-0.002
2504694,-4,0,2.792,-2.331,0.025,-2.079,0.02,-2.513,-0.017,-2.312,-0.004,-2.312,-0.004
2504704,-4,0,2.792,-2.016,-0.002,-2.135,-0.02,-2.422,-0.024,-2.355,-0.008,-2.355,-0.008
2504714,-4,0,2.792,-2.022,-0.024,-2.065,-0.012,-2.316,-0.007,-2.323,-0.011,-2.323,-0.011
2504724,-4,0,2.792,-2.149,-0.06,-1.988,-0.052,-2.275,0.031,-2.291,-0.006,-2.291,-0.006
2504734,-4,0,2.792,-0.968,-0.04,-1.012,-0.031,-2.301,0.055,-2.219,0.003,-2.219,0.003
2504744,-4,0,2.792,-1.376,-0.036,-1.388,-0.03,-2.368,0.056,-2.056,0.005,-2.056,0.005
2504754,-6,0,2.792,-1.642,0,-1.605,0.022,-2.501,0.071,-2.111,0.015,-2.111,0.015
2504764,-6,0,2.792,-0.576,-0.001,-1.08,-0.036,-2.632,0.222,-2.235,0.049,-2.235,0.049
2504774,-6,0,2.792,-0.134,-0.006,-0.25,-0.019,-2.815,0.389,-2.191,0.102,-2.191,0.102
2504784,-6,0,2.792,-0.855,-0.003,-0.393,0.042,-3.019,0.312,-1.777,0.118,-1.777,0.118
2504794,-6,0,2.792,-0.313,0.016,-0.598,0.007,-3.2,0.1,-2.089,0.122,-2.089,0.122
2504804,-6,0,2.792,-0.028,0.001,-0.083,-0.011,-3.415,0.088,-2.197,0.091,-2.197,0.091
2504814,-6,0,2.792,-0.003,0,0.022,0.004,-3.581,0.12,-2.409,0.086,-2.409,0.086
2504824,-6,0,2.792,-0.148,0.034,0.005,0.042,-3.544,0.079,-2.662,0.08,-2.662,0.08
2504834,-6,0,2.792,-1.771,0.028,-1.458,0.02,-3.3,0.034,-2.876,0.072,-2.876,0.072
2504844,-6,0,2.792,-1.977,-0.051,-2.043,-0.064,-3.084,-0.085,-2.758,0.019,-2.758,0.019
2504854,-6,0,2.792,-1.895,-0.039,-1.964,-0.041,-3.094,-0.193,-2.82,-0.025,-2.82,-0.025
2504864,-6,0,2.792,-0.189,-0.004,-0.544,-0.013,-3.294,-0.256,-2.914,-0.077,-2.914,-0.077
2504874,-6,0,2.792,-0.017,0,-0.01,0.034,-3.338,-0.289,-2.656,-0.103,-2.656,-0.103
2504884,-6,0,2.792,-0.008,0.002,0.003,0,-3.232,-0.273,-2.756,-0.139,-2.756,-0.139
2504894,-6,0,2.792,-1.866,-0.095,-1,-0.085,-3.229,-0.245,-2.842,-0.162,-2.842,-0.162
2504904,-6,0,2.792,-2.137,-0.139,-1.901,-0.117,-3.356,-0.241,-2.894,-0.174,-2.894,-0.174
2504914,-6,0,2.792,-2.21,-0.12,-2.206,-0.109,-3.489,-0.243,-3.064,-0.187,-3.064,-0.187
2504924,-6,0,2.792,-2.249,-0.1,-2.22,-0.101,-3.524,-0.191,-3.187,-0.186,-3.187,-0.186
2504934,-6,0,2.792,-2.321,-0.142,-2.298,-0.164,-3.504,-0.054,-3.248,-0.159,-3.248,-0.159
2504944,-6,0,2.792,-1.442,-0.097,-2.031,-0.126,-3.495,0.047,-3.311,-0.116,-3.311,-0.116
2504954,-6,0,2.792,-0.407,-0.03,-0.506,-0.018,-3.527,0.103,-3.123,-0.059,-3.123,-0.059
2504964,-6,0,2.792,-1.89,-0.023,-1.509,-0.02,-3.598,0.117,-3.138,-0.014,-3.138,-0.014
2504974,-6,0,2.792,-1.486,-0.048,-1.929,-0.088,-3.65,0.162,-3.272,0.021,-3.272,0.021
2504984,-6,0,2.792,-1.613,-0.07,-1.037,-0.032,-3.717,0.166,-3.221,0.041,-3.221,0.041
2504994,-6,0,2.792,-1.932,-0.06,-1.824,-0.061,-3.883,0.099,-3.26,0.045,-3.26,0.045
2505004,-6,0,2.792,-2.269,-0.026,-2.12,-0.029,-4.12,0.044,-3.227,0.016,-3.227,0.016
2505014,-6,0,2.792,-0.868,-0.021,-1.206,-0.035,-4.214,0.063,-3.248,0.006,-3.248,0.006
2505024,-6,0,2.792,-2.065,-0.042,-2.026,-0.042,-4.126,0.043,-3.405,0.01,-3.405,0.01
2505034,-6,0,2.792,-2.538,-0.012,-2.449,-0.014,-4.059,0.004,-3.373,0.001,-3.373,0.001
2505044,-6,0,2.792,-2.526,0.006,-2.458,-0.008,-4.103,0.002,-3.589,-0.001,-3.589,-0.001
2505054,-6,0,2.792,-1.124,-0.006,-1.222,-0.011,-4.195,0.066,-3.625,0.007,-3.625,0.007
2505064,-6,0,2.792,-2.312,0.002,-2.046,-0.002,-4.307,0.072,-3.417,0.015,-3.417,0.015
2505074,-6,0,2.792,-0.607,-0.001,-0.909,-0.006,-4.422,0.07,-3.532,0.02,-3.532,0.02
2505084,-6,0,2.792,-1.917,0.001,-1.767,-0.004,-4.484,0.046,-3.142,0.016,-3.142,0.016
2505094,-6,0,2.792,-2.564,0.033,-2.422,0.013,-4.5,0.048,-3.194,0.017,-3.194,0.017
2505104,-6,0,2.792,-2.753,0.024,-2.759,0.025,-4.546,0.037,-3.6,0.021,-3.6,0.021
2505114,-6,0,2.792,-1.247,-0.01,-2.085,-0.025,-4.589,0.016,-3.766,0.016,-3.766,0.016
2505124,-6,0,2.792,-2.282,-0.029,-2.085,-0.019,-4.628,-0.028,-3.61,0.001,-3.61,0.001
2505134,-6,0,2.792,-3.033,-0.043,-2.711,-0.041,-4.671,-0.054,-3.776,-0.012,-3.776,-0.012
2505144,-6,0,2.792,-2.908,-0.045,-2.967,-0.033,-4.713,-0.089,-4.056,-0.029,-4.056,-0.029
2505154,-6,0,2.792,-2.91,-0.051,-2.927,-0.049,-4.796,-0.084,-4.291,-0.042,-4.291,-0.042
2505164,-6,0,2.792,-0.973,-0.015,-1.863,-0.025,-4.822,-0.063,-4.475,-0.049,-4.475,-0.049
2505174,-6,0,2.792,-2.271,-0.029,-1.868,-0.001,-4.753,-0.027,-4.589,-0.045,-4.589,-0.045
2505184,-6,0,2.792,-3.158,-0.097,-2.924,-0.079,-4.683,-0.06,-4.586,-0.044,-4.586,-0.044
2505194,-6,0,2.792,-2.889,-0.109,-2.969,-0.106,-4.68,-0.06,-4.576,-0.055,-4.576,-0.055
2505204,-6,0,2.792,-2.917,-0.107,-2.89,-0.101,-4.808,-0.073,-4.612,-0.064,-4.612,-0.064
2505214,-6,0,2.792,-1.213,-0.042,-1.181,-0.022,-4.963,-0.074,-4.458,-0.065,-4.458,-0.065
2505224,-6,0,2.792,-2.856,-0.087,-2.567,-0.109,-4.944,-0.093,-4.689,-0.068,-4.689,-0.068
2505234,-6,0,2.792,-3.462,-0.135,-3.214,-0.131,-4.818,-0.114,-4.701,-0.087,-4.701,-0.087
2505244,-6,0,2.792,-1.342,-0.049,-2.327,-0.071,-4.808,-0.134,-4.27,-0.102,-4.27,-0.102
2505254,0,0,2.792,-0.12,-0.004,-0.428,-0.011,-4.912,-0.112,-4.035,-0.089,-4.035,-0.089
2505264,0,0,2.792,-0.024,-0.028,-0.032,-0.006,-5.065,-0.09,-3.61,-0.067,-3.61,-0.067
2505274,0,0,2.792,0.094,0.318,0.092,0.063,-5.137,-0.063,-3.991,-0.067,-3.991,-0.067
2505284,0,0,2.792,0.053,0.101,0.094,0.183,-5.055,-0.05,-3.993,-0.005,-3.993,-0.005
2505294,0,0,2.792,0.005,0.009,0.018,0.028,-4.99,-0.042,-3.875,0.02,-3.875,0.02
2505304,0,0,2.792,0.01,-0.017,0.022,-0.021,-5.019,-0.035,-3.998,0.005,-3.998,0.005
2505314,0,0,2.792,0,-0.001,0.018,0.003,-5.096,-0.022,-3.707,-0.004,-3.707,-0.004
2505324,0,0,2.792,0.033,0.025,0.057,0.032,-5.157,-0.033,-3.959,-0.003,-3.959,-0.003
2505334,0,0,2.792,-2.052,-0.061,-0.968,-0.028,-5.15,-0.04,-4.114,-0.007,-4.114,-0.007
2505344,0,0,2.792,-3.171,-0.108,-2.932,-0.101,-5.091,-0.084,-4.4,-0.03,-4.4,-0.03
2505354,0,0,2.792,-3.563,-0.138,-3.444,-0.128,-5.08,-0.075,-4.667,-0.062,-4.667,-0.062
2505364,0,0,2.792,-3.555,-0.105,-3.501,-0.122,-5.127,-0.046,-4.634,-0.092,-4.634,-0.092
2505374,0,0,2.792,-3.486,-0.088,-3.539,-0.093,-5.189,-0.023,-4.699,-0.088,-4.699,-0.088
2505384,0,0,2.792,-3.404,-0.113,-3.53,-0.131,-5.194,-0.052,-4.975,-0.083,-4.975,-0.083
2505394,0,0,2.792,-3.374,-0.118,-3.459,-0.108,-5.182,-0.099,-5.061,-0.089,-5.061,-0.089
2505404,0,0,2.792,-3.507,-0.116,-3.57,-0.114,-5.195,-0.132,-5.027,-0.106,-5.027,-0.106
2505414,0,0,2.792,-3.663,-0.133,-3.636,-0.137,-5.234,-0.098,-5.056,-0.113,-5.056,-0.113
2505424,0,0,2.792,-3.661,-0.108,-3.661,-0.126,-5.256,-0.108,-5.063,-0.115,-5.063,-0.115
2505434,0,0,2.792,-3.803,-0.139,-3.678,-0.132,-5.259,-0.122,-5.058,-0.117,-5.058,-0.117
2505444,0,0,2.792,-1.301,-0.048,-2.302,-0.077,-5.255,-0.135,-5.085,-0.122,-5.085,-0.122
2505454,0,0,2.792,-3.098,-0.127,-2.837,-0.108,-5.274,-0.112,-5.094,-0.116,-5.094,-0.116
2505464,0,0,2.792,-3.734,-0.168,-3.609,-0.156,-5.306,-0.064,-5.118,-0.119,-5.118,-0.119
2505474,0,0,2.792,-3.778,-0.18,-3.715,-0.186,-5.322,-0.013,-5.215,-0.109,-5.215,-0.109
2505484,0,0,2.792,-3.821,-0.139,-3.803,-0.172,-5.312,-0.029,-5.232,-0.109,-5.232,-0.109
2505494,0,0,2.792,-3.682,-0.133,-3.681,-0.136,-5.293,-0.098,-5.25,-0.106,-5.25,-0.106
2505504,0,0,2.792,-3.904,-0.191,-3.838,-0.171,-5.283,-0.179,-5.23,-0.125,-5.23,-0.125
2505514,0,0,2.792,-4.049,-0.202,-3.946,-0.206,-5.234,-0.195,-5.168,-0.153,-5.168,-0.153
2505524,0,0,2.792,-3.61,-0.174,-3.776,-0.18,-5.145,-0.208,-5.148,-0.166,-5.148,-0.166
2505534,0,0,2.792,-3.72,-0.164,-3.748,-0.176,-5.091,-0.209,-5.031,-0.18,-5.031,-0.18
2505544,0,0,2.792,-3.777,-0.115,-3.73,-0.133,-5.119,-0.213,-4.889,-0.179,-4.889,-0.179
2505554,0,0,2.792,-3.847,-0.116,-3.862,-0.132,-5.199,-0.193,-5.043,-0.174,-5.043,-0.174
2505564,0,0,2.792,-2.084,-0.07,-1.869,-0.048,-5.247,-0.16,-5.143,-0.165,-5.143,-0.165
2505574,0,0,2.792,-3.808,-0.077,-3.336,-0.064,-5.212,-0.109,-4.978,-0.123,-4.978,-0.123
2505584,0,0,2.792,-4.021,-0.051,-3.929,-0.07,-5.133,-0.094,-5.097,-0.113,-5.097,-0.113
2505594,0,0,2.792,-3.982,-0.004,-3.964,-0.017,-5.087,-0.068,-5.038,-0.089,-5.038,-0.089
2505604,0,0,2.792,-3.863,0.033,-3.843,0.008,-5.061,-0.002,-5.031,-0.066,-5.031,-0.066
2505614,0,0,2.792,-3.898,0.065,-3.87,0.067,-5.042,0.129,-5.026,-0.024,-5.026,-0.024
2505624,0,0,2.792,-4.034,0.128,-3.995,0.086,-5.009,0.262,-5.001,0.044,-5.001,0.044
2505634,0,0,2.792,-4.114,0.17,-4.057,0.128,-4.925,0.372,-4.947,0.119,-4.947,0.119
2505644,0,0,2.792,-3.983,0.143,-3.928,0.164,-4.808,0.424,-4.845,0.191,-4.845,0.191
2505654,0,0,2.792,-3.996,0.207,-3.971,0.2,-4.747,0.451,-4.737,0.241,-4.737,0.241
2505664,0,0,2.792,-4.039,0.236,-3.993,0.227,-4.736,0.417,-4.702,0.279,-4.702,0.279
2505674,0,0,2.792,-4.185,0.278,-4.094,0.279,-4.713,0.335,-4.555,0.28,-4.555,0.28
2505684,0,0,2.792,-4.214,0.259,-4.203,0.249,-4.654,0.198,-4.588,0.273,-4.588,0.273
2505694,0,0,2.792,-3.912,0.198,-3.982,0.22,-4.599,0.061,-4.578,0.236,-4.578,0.236
2505704,0,0,2.792,-4.024,0.185,-4.01,0.198,-4.565,-0.096,-4.515,0.177,-4.515,0.177
2505714,0,0,2.792,-4.07,0.18,-4.04,0.191,-4.513,-0.217,-4.495,0.108,-4.495,0.108
2505724,0,0,2.792,-4.071,0.134,-4.118,0.152,-4.428,-0.278,-4.43,0.057,-4.43,0.057
2505734,0,0,2.792,-4.051,0.057,-4.06,0.076,-4.326,-0.263,-4.379,-0.004,-4.379,-0.004
2505744,0,0,2.792,-2.648,0.03,-3.554,0.056,-4.215,-0.241,-4.26,-0.025,-4.26,-0.025
2505754,0,0,2.792,-2.995,-0.02,-2.703,-0.011,-4.113,-0.23,-4.08,-0.054,-4.08,-0.054
2505764,0,0,2.792,-3.711,-0.008,-3.568,-0.014,-4.048,-0.224,-3.978,-0.081,-3.978,-0.081
2505774,0,0,2.792,-3.902,-0.045,-3.814,-0.048,-4.04,-0.186,-3.983,-0.098,-3.983,-0.098
2505784,0,0,2.792,-3.903,-0.071,-3.866,-0.074,-4.052,-0.162,-4.003,-0.109,-4.003,-0.109
2505794,0,0,2.792,-3.771,-0.098,-3.791,-0.092,-4.027,-0.127,-4.005,-0.108,-4.005,-0.108
2505804,0,0,2.792,-3.828,-0.082,-3.851,-0.11,-3.953,-0.09,-3.966,-0.107,-3.966,-0.107
2505814,0,0,2.792,-3.939,-0.103,-3.91,-0.107,-3.846,-0.037,-3.921,-0.096,-3.921,-0.096
2505824,0,0,2.792,-3.729,-0.11,-3.784,-0.132,-3.726,-0.032,-3.85,-0.09,-3.85,-0.09
2505834,0,0,2.792,-3.699,-0.097,-3.685,-0.079,-3.609,-0.041,-3.756,-0.078,-3.756,-0.078
2505844,0,0,2.792,-3.589,-0.099,-3.645,-0.121,-3.514,-0.045,-3.663,-0.074,-3.663,-0.074
2505854,0,0,2.792,-3.474,-0.095,-3.56,-0.107,-3.428,-0.011,-3.575,-0.07,-3.575,-0.07
2505864,0,0,2.792,-3.506,-0.082,-3.483,-0.072,-3.366,0.04,-3.495,-0.053,-3.495,-0.053
2505874,0,0,2.792,-3.517,-0.021,-3.551,-0.029,-3.344,0.092,-3.437,-0.024,-3.437,-0.024
2505884,0,0,2.792,-1.158,-0.016,-2.242,-0.05,-3.347,0.106,-3.386,-0.002,-3.386,-0.002
2505894,0,0,2.792,-2.878,-0.103,-2.514,-0.068,-3.324,0.087,-3.268,0.013,-3.268,0.013
2505904,0,0,2.792,-3.358,-0.041,-3.275,-0.028,-3.257,0.064,-3.212,-0.001,-3.212,-0.001
2505914,0,0,2.792,-3.381,-0.015,-3.365,-0.017,-3.188,0.063,-3.216,0.01,-3.216,0.01
2505924,0,0,2.792,-3.452,-0.102,-3.464,-0.101,-3.142,0.051,-3.209,0.014,-3.209,0.014
2505934,0,0,2.792,-3.262,-0.076,-3.302,-0.072,-3.118,0.024,-3.191,0.008,-3.191,0.008
2505944,0,0,2.792,-3.103,-0.047,-3.118,-0.063,-3.041,0.028,-3.151,-0.004,-3.151,-0.004
2505954,0,0,2.792,-3.249,-0.055,-3.202,-0.048,-2.879,0.097,-3.072,0.008,-3.072,0.008
2505964,0,0,2.792,-3.013,-0.087,-3.165,-0.089,-2.722,0.132,-3.024,0.006,-3.024,0.006
2505974,0,0,2.792,-1.647,-0.03,-2.443,-0.039,-2.616,0.074,-2.897,0.018,-2.897,0.018
2505984,0,0,2.792,-0.148,-0.003,-0.497,0.021,-2.538,0.036,-2.407,0.016,-2.407,0.016
2505994,0,0,2.792,-0.013,0,-0.089,-0.017,-2.529,0.044,-2.272,0.021,-2.272,0.021
2506004,0,0,2.792,-0.001,0,-0.028,-0.014,-2.657,0.03,-1.48,0.004,-1.48,0.004
2506014,0,0,2.792,0,0,-0.013,0.013,-2.911,0.032,-1.665,0.008,-1.665,0.008
2506024,0,0,2.792,0,0,0.041,-0.005,-3.279,0.053,-1.915,0.015,-1.915,0.015
2506034,0,0,2.792,-0.05,0.067,0.002,0.04,-3.665,0.108,-1.665,0.023,-1.665,0.023
2506044,0,0,2.792,-0.006,0.007,-0.008,0.014,-4.061,0.141,-1.782,0.045,-1.782,0.045
2506054,0,0,2.792,0,0,0.024,0,-4.361,0.187,-1.995,0.057,-1.995,0.057
2506064,0,0,2.792,0.012,0.015,0.02,0,-4.392,0.196,-2.389,0.075,-2.389,0.075
2506074,0,0,2.792,0.001,0.001,-0.017,0.016,-4.04,0.203,-2.851,0.099,-2.851,0.099
2506084,0,0,2.792,0,0,-0.029,-0.014,-3.417,0.139,-2.78,0.095,-2.78,0.095
2506094,0,0,2.792,0,0,0.013,-0.003,-2.65,0.068,-2.532,0.08,-2.532,0.08
2506104,0,0,2.792,0,0,-0.041,0.011,-1.758,-0.052,-2.238,0.054,-2.238,0.054
2506114,0,0,2.792,0,0,-0.041,0.01,-1.02,-0.233,-1.433,-0.002,-1.433,-0.002
2506124,0,0,2.792,0,0,-0.034,-0.007,-0.667,-0.337,-1.188,-0.068,-1.188,-0.068
2506134,0,0,2.792,0,0,-0.016,-0.01,-0.869,-0.261,-1.034,-0.124,-1.034,-0.124
2506144,0,0,2.792,-0.018,0,0.077,-0.053,-1.428,-0.082,-1.058,-0.129,-1.058,-0.129
2506154,0,0,2.792,-0.018,0.009,0.018,0.067,-1.979,0.108,-1.193,-0.073,-1.193,-0.073
2506164,0,0,2.792,-0.002,0,0.011,-0.019,-2.51,0.333,-1.497,0.015,-1.497,0.015
2506174,0,0,2.792,0,0,0.006,-0.017,-3.054,0.567,-1.888,0.142,-1.888,0.142
2506184,0,0,2.792,0,0,-0.039,0.042,-3.313,0.662,-2.302,0.275,-2.302,0.275
2506194,0,0,2.792,0,0,-0.073,-0.029,-3.006,0.476,-2.505,0.335,-2.505,0.335
2506204,0,0,2.792,0,0,-0.011,-0.014,-2.095,0.281,-2.317,0.306,-2.317,0.306
2506214,0,0,2.792,0,0,-0.022,0.009,-0.784,0.059,-1.776,0.229,-1.776,0.229
2506224,0,0,2.792,0,0,-0.03,-0.001,0.406,-0.339,-1.078,0.1,-1.078,0.1
2506234,0,0,2.792,0,0,-0.034,-0.013,1.078,-0.74,-0.476,-0.073,-0.476,-0.073
2506244,0,0,2.792,0,0,-0.011,0.028,0.995,-1.03,-0.072,-0.285,-0.072,-0.285
2506254,0,0,2.792,0.026,-0.064,0.061,-0.084,0.095,-0.835,0.066,-0.43,0.066,-0.43
2506264,0,0,2.792,0.675,0.002,0.179,0.008,-1.018,-0.412,-0.105,-0.439,-0.105,-0.439
2506274,0,0,2.792,0.078,-0.01,0.187,0.015,-2.14,-0.035,-0.546,-0.311,-0.546,-0.311
2506284,0,0,2.792,-1.738,-0.048,-1.079,-0.053,-2.646,0.193,-0.977,-0.202,-0.977,-0.202
2506294,0,0,2.792,-2.325,-0.104,-2.07,-0.128,-3.051,0.348,-1.621,-0.065,-1.621,-0.065
2506304,0,0,2.792,-0.23,-0.01,-0.64,0.009,-3.011,0.429,-2.104,0.049,-2.104,0.049
2506314,0,0,2.792,-0.685,-0.006,-0.697,0.015,-2.373,0.585,-2.18,0.168,-2.18,0.168
2506324,0,0,2.792,-0.062,0,-0.181,-0.018,-1.299,0.681,-1.922,0.28,-1.922,0.28
2506334,0,0,2.792,-0.006,0,-0.034,0.004,-0.006,0.788,-1.397,0.392,-1.397,0.392
2506344,0,0,2.792,0,0,-0.106,0.018,1.135,0.748,-0.726,0.481,-0.726,0.481
2506354,0,0,2.792,0,0,-0.016,-0.023,1.822,0.454,-0.077,0.469,-0.077,0.469
2506364,0,0,2.792,0,0,-0.062,-0.031,2.026,-0.001,0.433,0.344,0.433,0.344
2506374,0,0,2.792,0,0,-0.042,0.001,1.663,-0.633,0.795,0.133,0.795,0.133
2506384,0,0,2.792,0,0,-0.027,0.009,0.758,-1.124,0.866,-0.166,0.866,-0.166
2506394,0,0,2.792,0,0,-0.021,0.001,-0.582,-1.167,0.57,-0.452,0.57,-0.452
2506404,0,0,2.792,-0.4,0.065,-0.011,0.09,-1.842,-0.89,-0.001,-0.601,-0.001,-0.601
2506414,0,0,2.792,-0.602,0.059,-0.901,0.031,-2.623,-0.415,-0.684,-0.575,-0.684,-0.575
2506424,0,0,2.792,-0.054,0.005,-0.177,0.017,-3.061,0.128,-1.389,-0.411,-1.389,-0.411
2506434,0,0,2.792,-0.005,0,-0.11,-0.023,-2.878,0.776,-1.891,-0.122,-1.891,-0.122
2506444,0,0,2.792,0,0,-0.05,-0.018,-2.082,0.874,-1.919,0.144,-1.919,0.144
2506454,0,0,2.792,0,0,-0.028,0.021,-1.024,0.754,-1.611,0.298,-1.611,0.298
2506464,0,0,2.792,0,0,-0.026,-0.005,0.075,0.564,-1.114,0.356,-1.114,0.356
2506474,0,0,2.792,0,0,-0.008,0.009,1.078,0.395,-0.528,0.341,-0.528,0.341
2506484,0,0,2.792,0,0,-0.024,0.005,1.874,0.221,0.032,0.297,0.032,0.297
2506494,0,0,2.792,0,0,-0.037,0.005,2.144,0.369,0.454,0.226,0.454,0.226
2506504,0,0,2.792,0,0,-0.03,-0.007,1.786,0.775,0.808,0.31,0.808,0.31
2506514,0,0,2.792,0,0,-0.042,0.014,0.984,0.953,0.924,0.463,0.924,0.463
2506524,0,0,2.792,0,0,-0.001,0.029,-0.035,0.692,0.733,0.558,0.733,0.558
2506534,0,0,2.792,-0.773,0.024,-0.306,0.008,-0.82,0.009,0.345,0.461,0.345,0.461
2506544,0,0,2.792,-0.542,-0.012,-0.792,-0.037,-1.411,-0.576,-0.126,0.202,-0.126,0.202
2506554,0,0,2.792,-0.061,-0.002,-0.188,-0.048,-1.983,-1.038,-0.606,-0.098,-0.606,-0.098
2506564,0,0,2.792,-0.005,0,-0.023,0.014,-2.296,-1.381,-1.068,-0.42,-1.068,-0.42
2506574,0,0,2.792,0,0,-0.055,0.081,-1.896,-1.257,-1.298,-0.634,-1.298,-0.634
2506584,0,0,2.792,0,0,-0.01,-0.011,-1.16,-0.81,-1.291,-0.708,-1.291,-0.708
2506594,0,0,2.792,-0.051,0.006,-0.075,-0.023,-0.31,-0.397,-1.017,-0.617,-1.017,-0.617
2506604,0,0,2.792,-0.006,0,-0.015,-0.001,0.611,-0.098,-0.589,-0.457,-0.589,-0.457
2506614,0,0,2.792,0,0,-0.073,0.035,1.47,0.14,-0.09,-0.234,-0.09,-0.234
2506624,0,0,2.792,0,0,-0.042,-0.01,1.906,0.146,0.319,-0.113,0.319,-0.113
2506634,0,0,2.792,-0.368,0.004,-0.172,-0.05,1.779,0.159,0.692,-0.045,0.692,-0.045
2506644,0,0,2.792,-0.166,0.011,-0.173,0.028,0.926,0.249,0.803,0.02,0.803,0.02
2506654,0,0,2.792,-0.015,0.001,-0.025,0.015,-0.005,0.439,0.539,0.101,0.539,0.101
2506664,0,0,2.792,-0.071,0.003,-0.061,-0.013,-0.763,0.641,0.207,0.187,0.207,0.187
2506674,0,0,2.792,-0.006,0,-0.002,0.012,-1.254,0.813,-0.101,0.161,-0.101,0.161
2506684,0,0,2.792,-0.232,0.036,-0.155,0.016,-1.46,0.913,-0.29,0.237,-0.29,0.237
2506694,0,0,2.792,-0.024,0.004,-0.103,0.009,-1.368,0.767,-0.526,0.356,-0.526,0.356
2506704,0,0,2.792,-0.496,0.046,-0.478,0.044,-1.209,0.495,-0.685,0.381,-0.685,0.381
2506714,0,0,2.792,-0.812,0.04,-0.931,0.041,-0.989,0.269,-0.793,0.284,-0.793,0.284
2506724,0,0,2.792,-0.073,0.004,-0.237,0.002,-0.59,0.081,-0.768,0.214,-0.768,0.214
2506734,0,0,2.792,-0.007,0,-0.056,-0.004,-0.031,-0.096,-0.59,0.14,-0.59,0.14
2506744,0,0,2.792,0,0,-0.027,0.034,0.582,-0.283,-0.297,0.043,-0.297,0.043
2506754,0,0,2.792,0,0,-0.019,0.023,1.174,-0.484,0.028,-0.064,0.028,-0.064
2506764,0,0,2.792,0,0,-0.045,-0.012,1.387,-0.326,0.362,-0.153,0.362,-0.153
2506774,0,0,2.792,-0.56,0.052,-0.362,-0.01,0.934,0.028,0.548,-0.125,0.548,-0.125
2506784,0,0,2.792,-0.736,0.061,-0.644,0.075,0.349,0.05,0.464,-0.062,0.464,-0.062
2506794,0,0,2.792,-0.888,0.107,-0.819,0.099,-0.086,-0.036,0.284,-0.038,0.284,-0.038
2506804,0,0,2.792,-0.736,0.078,-0.831,0.072,-0.432,0.073,0.007,-0.01,0.007,-0.01
2506814,0,0,2.792,-0.681,0.042,-0.716,0.059,-0.753,0.278,-0.329,0.052,-0.329,0.052
2506824,0,0,2.792,-0.708,0.043,-0.712,0.026,-0.869,0.368,-0.5,0.117,-0.5,0.117
2506834,0,0,2.792,-0.609,0.048,-0.686,0.066,-0.701,0.192,-0.595,0.14,-0.595,0.14
2506844,0,0,2.792,-0.519,0.079,-0.642,0.088,-0.455,0.023,-0.605,0.117,-0.605,0.117
2506854,0,0,2.792,-0.184,0.032,-0.371,0.054,-0.157,-0.104,-0.52,0.073,-0.52,0.073
2506864,0,0,2.792,-0.205,0.056,-0.249,0.048,0.166,-0.316,-0.352,0.012,-0.352,0.012
2506874,0,0,2.792,-0.31,0.096,-0.301,0.073,0.481,-0.661,-0.202,-0.035,-0.202,-0.035
2506884,0,0,2.792,-0.298,0.094,-0.311,0.092,0.755,-1.044,-0.082,-0.156,-0.082,-0.156
2506894,0,0,2.792,-0.311,0.134,-0.383,0.135,0.982,-1.299,0.046,-0.303,0.046,-0.303
2506904,0,0,2.792,-0.167,0.095,-0.193,0.092,1,-1.31,0.171,-0.428,0.171,-0.428
2506914,0,0,2.792,-0.153,0.102,-0.198,0.107,0.741,-0.964,0.145,-0.359,0.145,-0.359
2506924,0,0,2.792,-0.175,0.191,-0.154,0.142,0.324,-0.429,0.129,-0.3,0.129,-0.3
2506934,0,0,2.792,-0.085,0.146,-0.107,0.15,0.119,-0.12,0.073,-0.176,0.073,-0.176
2506944,0,0,2.792,-0.079,0.129,-0.105,0.133,0.092,-0.05,0.043,-0.093,0.043,-0.093
2506954,0,0,2.792,-0.086,0.127,-0.099,0.12,0.046,0.028,0.011,-0.023,0.011,-0.023
2506964,0,0,2.792,-0.089,0.169,-0.095,0.162,-0.004,0.108,-0.004,0.022,-0.004,0.022
2506974,0,0,2.792,-0.042,0.157,-0.053,0.149,-0.01,0.132,-0.028,0.084,-0.028,0.084
2506984,0,0,2.792,-0.005,0.026,-0.023,0.068,0,0.143,-0.029,0.109,-0.029,0.109
2506994,0,0,2.792,-0.002,0.07,-0.018,0.048,0.016,0.146,-0.019,0.097,-0.019,0.097
2507004,0,0,2.792,0.008,0.092,-0.005,0.087,0.03,0.143,-0.011,0.087,-0.011,0.087
2507014,0,0,2.792,0.007,0.044,0.007,0.084,0.043,0.132,-0.001,0.098,-0.001,0.098
2507024,0,0,2.792,-0.009,0.065,-0.002,0.041,0.058,0.119,0.008,0.082,0.008,0.082
2507034,0,0,2.792,0.018,0.03,0.024,0.056,0.075,0.107,0.015,0.071,0.015,0.071
2507044,0,0,2.792,0.049,0.047,0.031,0.043,0.086,0.103,0.027,0.067,0.027,0.067
2507054,0,0,2.792,0.088,0.064,0.077,0.065,0.093,0.099,0.044,0.064,0.044,0.064
2507064,0,0,2.792,0.012,0.008,0.033,0.025,0.096,0.091,0.056,0.065,0.056,0.065
2507074,0,0,2.792,0.069,0.039,0.06,0.031,0.097,0.084,0.053,0.046,0.053,0.046
2507084,0,0,2.792,0.106,0.061,0.092,0.054,0.096,0.077,0.068,0.041,0.068,0.041
2507094,0,0,2.792,0.075,0.044,0.083,0.05,0.092,0.068,0.081,0.05,0.081,0.05
2507104,0,0,2.792,0.096,0.056,0.091,0.054,0.086,0.062,0.083,0.051,0.083,0.051
2507114,0,0,2.792,0.053,0.027,0.065,0.036,0.079,0.055,0.079,0.046,0.079,0.046
2507124,0,0,2.792,0.046,0.023,0.052,0.027,0.071,0.046,0.065,0.036,0.065,0.036
2507134,0,0,2.792,0.041,0.022,0.047,0.025,0.063,0.04,0.056,0.031,0.056,0.031
2507144,0,0,2.792,0.031,0.018,0.039,0.022,0.053,0.033,0.047,0.026,0.047,0.026
2507154,0,0,2.792,0.022,0.013,0.029,0.016,0.045,0.027,0.038,0.021,0.038,0.021
2507164,0,0,2.792,0.014,0.008,0.02,0.011,0.036,0.02,0.027,0.015,0.027,0.015
2507174,0,0,2.792,0.006,0.003,0.011,0.007,0.027,0.015,0.018,0.011,0.018,0.011
2507184,0,0,2.792,0,0,0.005,0.002,0.019,0.009,0.009,0.005,0.009,0.005
2507194,0,0,2.792,-0.002,0,0,0,0.012,0.004,0.004,0.002,0.004,0.002
2507204,0,0,2.792,-0.005,-0.003,0,0,0.006,0.001,0.001,0.001,0.001,0.001
2507214,0,0,2.792,-0.005,-0.002,0,0,0.002,-0.001,0,0,0,0
2507224,0,0,2.792,-0.004,-0.002,0,0,0,-0.002,0,0,0,0
2507234,0,0,2.792,-0.002,0,0,0,-0.001,-0.002,0,0,0,0
2507244,0,0,2.792,0,0,0,0,0,-0.002,0,0,0,0
2507254,0,0,2.792,0,0,0,0,0.001,-0.001,0,0,0,0
2507264,0,0,2.792,0,0,0,0,0.002,0,0,0,0,0
2507274,0,0,2.792,0,0,0,0,0.002,0.001,0,0,0,0
2507284,0,0,2.792,0,0,0,0,0.001,0.001,0,0,0,0
2507294,0,0,2.792,0,0,0,0,0.001,0,0,0,0,0
2507304,0,0,2.792,0,0,0,0,0,0,0,0,0,0
2507314,0,0,2.792,0,0,0,0,0,0,0,0,0,0
2507324,0,0,2.792,0,0,0,0,0,0,0,0,0,0
2507334,2,0,2.792,0,0,0,0,0,0,0,0,0,0
2507344,2,0,2.792,0,0,0,0,0,0,0,0,0,0
2507354,2,0,2.792,0,0,0,0,0,0,0,0,0,0
2507364,2,0,2.792,0,0,0,0,0,0,0,0,0,0
2507374,2,0,2.792,0,0,0,0,0,0,0,0,0,0
2507384,2,0,2.792,0,0,0,0,0,0,0,0,0,0
2507394,2,0,2.792,0,0,0,0,0.001,0,0,0,0,0
2507404,2,0,2.792,0.003,0,0,0,0.003,0,0,0,0,0
2507414,2,0,2.792,0.008,0,0,0,0.006,0,0,0,0,0
2507424,2,0,2.792,0.014,0,0.007,0,0.011,0.001,0.001,0,0.001,0
2507434,2,0,2.792,0.022,0.001,0.016,0,0.02,0,0.008,0,0.008,0
2507444,2,0,2.792,0.031,0.003,0.023,0.002,0.031,-0.002,0.017,0.001,0.017,0.001
2507454,2,0,2.792,0.044,0.005,0.035,0.004,0.042,0,0.025,0.002,0.025,0.002
2507464,2,0,2.792,0.06,0.008,0.049,0.006,0.058,-0.001,0.044,0.004,0.044,0.004
2507474,2,0,2.792,0.082,0.009,0.071,0.009,0.078,0,0.064,0.007,0.064,0.007
2507484,2,0,2.792,0.108,0.013,0.1,0.013,0.101,-0.001,0.078,0.009,0.078,0.009
2507494,2,0,2.792,0.049,0.005,0.078,0.009,0.141,0.016,0.093,0.011,0.093,0.011
2507504,2,0,2.792,0.013,0,0.006,0.004,0.174,0.016,0.086,0.009,0.086,0.009
2507514,2,0,2.792,0.138,0.011,0.101,0.005,0.209,0.007,0.078,0.006,0.078,0.006
2507524,2,0,2.792,0.183,0.015,0.161,0.014,0.257,-0.016,0.114,0.005,0.114,0.005
2507534,2,0,2.792,0.225,0.014,0.198,0.017,0.319,-0.003,0.157,0.005,0.157,0.005
2507544,2,0,2.792,0.261,0.023,0.235,0.011,0.402,0.016,0.207,0.008,0.207,0.008
2507554,2,0,2.792,0.298,0.031,0.26,0.022,0.533,-0.047,0.26,0.015,0.26,0.015
2507564,2,0,2.792,0.371,0.053,0.328,0.034,0.682,-0.173,0.321,-0.003,0.321,-0.003
2507576,2,0,2.792,0.363,0.059,0.344,0.051,0.8,-0.297,0.408,-0.042,0.408,-0.042
2507585,2,0,2.792,0.434,0.065,0.397,0.05,0.808,-0.237,0.482,-0.054,0.482,-0.054
2507595,4,0,2.792,0.585,0.097,0.547,0.085,0.773,-0.15,0.512,-0.031,0.512,-0.031
2507605,4,0,2.792,0.397,0.086,0.36,0.074,0.821,-0.132,0.56,-0.038,0.56,-0.038
2507615,4,0,2.792,0.451,0.091,0.408,0.073,0.899,-0.18,0.588,-0.036,0.588,-0.036
2507625,4,0,2.792,0.522,0.092,0.472,0.089,1.031,-0.254,0.668,-0.068,0.668,-0.068
2507635,4,0,2.792,0.522,0.082,0.522,0.088,1.123,-0.239,0.758,-0.088,0.758,-0.088
2507645,4,0,2.792,0.525,0.119,0.527,0.117,1.071,-0.139,0.764,-0.053,0.764,-0.053
2507655,4,0,2.792,0.618,0.155,0.573,0.146,1.024,-0.027,0.786,-0.023,0.786,-0.023
2507665,4,0,2.792,0.735,0.186,0.685,0.184,1.023,0.041,0.797,0.031,0.797,0.031
2507677,4,0,2.792,0.838,0.197,0.824,0.196,1.059,0.106,0.822,0.095,0.822,0.095
2507685,4,0,2.792,0.267,0.05,0.381,0.082,1.15,0.102,0.829,0.135,0.829,0.135
2507695,4,0,2.792,0.052,0.01,0.125,0.038,1.263,0.112,0.799,0.119,0.799,0.119
2507705,4,0,2.792,0.005,0,0.003,-0.003,1.378,0.149,0.724,0.096,0.724,0.096
2507715,4,0,2.792,0,0,-0.012,0.019,1.478,0.167,0.708,0.088,0.708,0.088
2507725,4,0,2.792,0,0,-0.007,0.006,1.601,0.211,0.757,0.093,0.757,0.093
2507735,4,0,2.792,0,0,-0.01,-0.006,1.737,0.225,0.835,0.104,0.835,0.104
2507745,4,0,2.792,0,0,-0.045,-0.019,1.942,0.168,0.989,0.109,0.989,0.109
2507755,4,0,2.792,0,0,-0.02,0.006,2.141,0.123,0.925,0.085,0.925,0.085
2507765,4,0,2.792,0,0,-0.016,0.002,2.211,0.146,0.973,0.075,0.973,0.075
2507775,4,0,2.792,0,0,-0.005,0.001,2.189,0.111,1.057,0.072,1.057,0.072
2507785,4,0,2.792,0,0,-0.02,-0.02,2.193,0.026,1.133,0.053,1.133,0.053
2507795,4,0,2.792,0.313,0.046,0.18,0.045,2.172,-0.019,1.119,0.034,1.119,0.034
2507805,4,0,2.792,0.137,0.007,0.239,0.025,2.142,-0.049,1.223,0.019,1.223,0.019
2507815,4,0,2.792,0.592,0.025,0.32,-0.005,2.168,-0.079,1.32,-0.002,1.32,-0.002
2507825,4,0,2.792,1.189,0.027,1.069,0.035,2.191,-0.092,1.491,-0.021,1.491,-0.021
2507835,4,0,2.792,0.463,0.028,0.846,0.066,2.22,-0.054,1.595,-0.01,1.595,-0.01
2507845,6,0,2.792,0.113,0.011,0.157,0.015,2.307,0.028,1.599,-0.001,1.599,-0.001
2507855,6,0,2.792,0.457,0.031,0.584,0.021,2.361,0.125,1.591,0.025,1.591,0.025
2507865,6,0,2.792,0.041,0.003,0.134,0.043,2.274,0.125,1.662,0.046,1.662,0.046
2507875,6,0,2.792,0.814,0.074,0.596,0.047,2.198,0.092,1.672,0.061,1.672,0.061
2507885,6,0,2.792,1.243,0.052,1.212,0.039,2.257,0.034,1.747,0.058,1.747,0.058
2507895,6,0,2.792,0.114,0.005,0.317,0.034,2.376,-0.003,1.827,0.043,1.827,0.043
2507905,6,0,2.792,0.01,0,0.034,0.024,2.525,0.009,1.613,0.031,1.613,0.031
2507915,6,0,2.792,0,0,0.001,-0.016,2.663,0.072,1.692,0.031,1.692,0.031
2507925,6,0,2.792,0.311,-0.019,0.055,-0.01,2.705,0.033,1.68,0.027,1.68,0.027
2507935,6,0,2.792,0.387,0.023,0.575,0.026,2.734,-0.09,1.745,0.012,1.745,0.012
2507945,6,0,2.792,1.612,0.034,1.132,0.016,2.828,-0.202,1.951,-0.03,1.951,-0.03
2507955,6,0,2.792,0.449,0.002,0.864,0.022,3.019,-0.185,2.174,-0.061,2.174,-0.061
2507965,6,0,2.792,0.04,0,0.133,0.007,3.17,-0.111,2.237,-0.067,2.237,-0.067
2507978,6,0,2.792,0.004,0,0.004,0.007,3.194,0.042,2.041,-0.043,2.041,-0.043
2507984,6,0,2.792,0.106,0.01,0.163,0.003,3.072,0.119,2.045,0.003,2.045,0.003
2507994,6,0,2.792,0.02,0.002,0.055,0.017,2.97,0.1,1.651,0.013,1.651,0.013
2508004,6,0,2.792,0.002,0,0.009,0.002,2.998,0.048,1.778,0.024,1.778,0.024
2508014,6,0,2.792,0.544,0.022,0.157,-0.006,3.245,-0.034,2.011,0.015,2.011,0.015
2508024,6,0,2.792,1.842,0.107,1.521,0.077,3.557,-0.129,2.221,-0.001,2.221,-0.001
2508034,8,0,2.792,2.037,0.104,1.931,0.089,3.793,-0.215,2.637,-0.029,2.637,-0.029
2508044,8,0,2.792,2.139,0.073,2.007,0.091,3.844,-0.204,3.042,-0.063,3.042,-0.063
2508054,8,0,2.792,1.974,0.112,2.019,0.097,3.625,-0.072,3.089,-0.03,3.089,-0.03
2508064,8,0,2.792,2.21,0.122,2.164,0.125,3.284,0.018,3.002,0.01,3.002,0.01
2508074,8,0,2.792,2.294,0.081,2.121,0.089,2.983,0.058,2.928,0.03,2.928,0.03
2508085,8,0,2.792,2.134,0.043,2.142,0.049,2.801,0.051,2.717,0.045,2.717,0.045
2508095,8,0,2.792,2.114,0.115,2.159,0.101,2.807,0.039,2.624,0.05,2.624,0.05
2508105,8,0,2.792,2.169,0.1,2.114,0.089,3.028,0.024,2.694,0.05,2.694,0.05
2508115,8,0,2.792,2.13,0.094,2.109,0.067,3.293,-0.028,2.723,0.045,2.723,0.045
2508125,8,0,2.792,2.157,0.128,2.189,0.116,3.538,-0.146,2.877,0.029,2.877,0.029
2508135,8,0,2.792,2.047,0.07,2.141,0.081,3.747,-0.186,3.099,-0.007,3.099,-0.007
2508145,8,0,2.792,2.1,0.059,2.16,0.062,3.823,-0.183,2.972,-0.005,2.972,-0.005
2508155,8,0,2.792,2.422,0.102,2.312,0.094,3.784,-0.091,3.015,-0.002,3.015,-0.002
2508165,8,0,2.792,2.448,0.129,2.374,0.104,3.797,-0.032,3.161,0.007,3.161,0.007
2508175,8,0,2.792,2.378,0.181,2.36,0.141,3.859,0.011,3.293,0.023,3.293,0.023
2508185,8,0,2.792,2.286,0.146,2.351,0.16,4.007,0.064,3.366,0.058,3.366,0.058
2508195,8,0,2.792,2.245,0.14,2.374,0.128,4.142,0.076,3.503,0.081,3.503,0.081
2508205,8,0,2.792,2.516,0.123,2.412,0.108,4.127,-0.074,3.558,0.07,3.558,0.07
2508215,8,0,2.792,2.375,0.074,2.432,0.101,4.019,-0.12,3.675,0.039,3.675,0.039
2508225,8,0,2.792,2.452,0.101,2.425,0.074,4.022,-0.066,3.362,0.035,3.362,0.035
2508235,8,0,2.792,2.198,0.108,2.349,0.109,4.065,-0.013,3.181,0.061,3.181,0.061
2508245,8,0,2.792,2.582,0.132,2.553,0.124,4.097,-0.009,3.393,0.057,3.393,0.057
2508255,8,0,2.792,2.671,0.145,2.561,0.137,4.155,0.007,3.564,0.065,3.564,0.065
2508265,8,0,2.792,2.79,0.19,2.686,0.18,4.263,-0.032,3.788,0.057,3.788,0.057
2508275,8,0,2.792,2.801,0.165,2.761,0.157,4.365,-0.059,3.971,0.047,3.971,0.047
2508285,8,0,2.792,2.705,0.154,2.674,0.149,4.466,-0.046,4.146,0.032,4.146,0.032
2508295,8,0,2.792,2.778,0.123,2.715,0.154,4.554,0.044,4.176,0.057,4.176,0.057
2508305,8,0,2.792,2.835,0.168,2.778,0.164,4.581,0.092,4.222,0.075,4.222,0.075
2508315,8,0,2.792,3.024,0.18,2.928,0.169,4.548,0.141,4.25,0.105,4.25,0.105
2508325,8,0,2.792,2.725,0.077,2.748,0.104,4.548,0.126,4.293,0.12,4.293,0.12
2508335,8,0,2.792,2.899,0.112,2.736,0.104,4.555,0.07,4.251,0.112,4.251,0.112
2508345,8,0,2.792,3.002,0.163,2.974,0.155,4.561,-0.005,4.307,0.096,4.307,0.096
2508355,8,0,2.792,3.077,0.119,2.959,0.109,4.631,-0.01,4.423,0.074,4.423,0.074
2508365,8,0,2.792,2.955,0.095,2.999,0.153,4.676,-0.027,4.351,0.08,4.351,0.08
2508375,8,0,2.792,2.981,0.113,2.987,0.114,4.7,-0.008,4.459,0.066,4.459,0.066
2508385,8,0,2.792,3.33,0.171,3.223,0.142,4.787,-0.024,4.477,0.067,4.477,0.067
2508395,8,0,2.792,3.299,0.113,3.221,0.104,4.836,-0.056,4.616,0.053,4.616,0.053
2508405,8,0,2.792,3.061,0.058,3.187,0.105,4.79,-0.038,4.597,0.053,4.597,0.053
2508415,8,0,2.792,3.18,0.1,3.22,0.11,4.804,-0.002,4.526,0.054,4.526,0.054
2508425,8,0,2.792,3.223,0.048,3.167,0.074,4.867,0.017,4.64,0.052,4.64,0.052
2508435,8,0,2.792,3.417,0.075,3.285,0.07,4.884,0.039,4.691,0.052,4.691,0.052
2508445,8,0,2.792,3.201,0.087,3.288,0.087,4.889,0.038,4.691,0.055,4.691,0.055
2508455,8,0,2.792,3.467,0.142,3.433,0.137,4.887,0.052,4.719,0.065,4.719,0.065
2508465,8,0,2.792,3.378,0.052,3.365,0.091,4.878,0.051,4.723,0.069,4.723,0.069
2508475,8,0,2.792,3.238,0.034,3.328,0.05,4.896,0.054,4.759,0.066,4.759,0.066
2508485,8,0,2.792,3.301,0.089,3.298,0.082,4.932,0.041,4.755,0.063,4.755,0.063
2508495,8,0,2.792,3.515,0.101,3.433,0.077,4.973,0.032,4.52,0.06,4.52,0.06
2508505,8,0,2.792,3.293,0.084,3.355,0.078,4.997,-0.002,4.692,0.059,4.692,0.059
2508515,8,0,2.792,3.526,0.064,3.619,0.07,4.964,-0.002,4.799,0.048,4.799,0.048
2508525,8,0,2.792,3.536,0.038,3.564,0.037,4.946,0.022,4.857,0.041,4.857,0.041
2508535,8,0,2.792,3.376,0.013,3.418,0.007,4.991,0.062,4.861,0.039,4.861,0.039
2508545,8,0,2.792,3.28,-0.002,3.406,-0.016,5.086,0.069,4.953,0.038,4.953,0.038
2508555,8,0,2.792,3.298,0.058,3.291,0.043,5.186,0.044,5.09,0.04,5.09,0.04
2508565,8,0,2.792,3.794,0.037,3.668,0.031,5.192,-0.052,5.127,0.027,5.127,0.027
2508575,8,0,2.792,3.676,-0.003,3.709,0.024,5.112,-0.09,5.091,0.005,5.091,0.005
2508585,8,0,2.792,3.446,0.08,3.584,0.054,5.102,-0.105,5.048,-0.012,5.048,-0.012
2508595,8,0,2.792,3.688,0.061,3.675,0.066,5.162,-0.078,5.035,-0.004,5.035,-0.004
2508605,8,0,2.792,3.568,0.059,3.62,0.047,5.226,-0.077,5.118,-0.006,5.118,-0.006
2508615,8,0,2.792,3.917,0.031,3.861,0.038,5.219,-0.108,5.156,-0.014,5.156,-0.014
2508625,8,0,2.792,3.929,0.02,3.856,0.017,5.165,-0.127,5.115,-0.027,5.115,-0.027
2508635,8,0,2.792,3.848,0.011,3.848,0.008,5.164,-0.12,5.094,-0.035,5.094,-0.035
2508645,8,0,2.792,3.582,0.026,3.699,0.017,5.215,-0.114,5.096,-0.038,5.096,-0.038
2508655,8,0,2.792,3.999,-0.009,3.818,-0.022,5.253,-0.125,5.162,-0.041,5.162,-0.041
2508665,8,0,2.792,3.916,-0.007,3.848,0.024,5.229,-0.193,5.195,-0.063,5.195,-0.063
2508675,8,0,2.792,3.958,-0.013,3.918,-0.011,5.202,-0.217,5.168,-0.088,5.168,-0.088
2508685,8,0,2.792,3.779,-0.016,3.813,-0.013,5.24,-0.185,5.169,-0.095,5.169,-0.095
2508695,8,0,2.792,3.88,0.01,3.843,0.004,5.295,-0.114,5.214,-0.09,5.214,-0.09
2508705,0,0,2.792,3.754,0.053,3.877,0.051,5.318,-0.075,5.265,-0.073,5.265,-0.073
2508715,0,0,2.792,3.948,0.003,3.96,-0.013,5.298,-0.091,5.272,-0.066,5.272,-0.066
2508725,0,0,2.792,3.927,-0.083,3.925,-0.062,5.279,-0.118,5.254,-0.074,5.254,-0.074
2508735,0,0,2.792,3.858,-0.077,3.905,-0.062,5.315,-0.102,5.252,-0.081,5.252,-0.081
2508745,0,0,2.792,3.846,-0.019,3.76,-0.02,5.389,-0.072,5.304,-0.076,5.304,-0.076
2508755,0,0,2.792,4.165,-0.008,4.043,-0.026,5.395,-0.065,5.343,-0.067,5.343,-0.067
2508765,0,0,2.792,3.999,-0.011,4.008,-0.028,5.351,-0.102,5.331,-0.066,5.331,-0.066
2508775,0,0,2.792,3.877,-0.05,3.882,-0.027,5.313,-0.109,5.291,-0.07,5.291,-0.07
2508785,0,0,2.792,3.905,-0.028,3.88,-0.026,5.362,-0.104,5.278,-0.071,5.278,-0.071
2508795,0,0,2.792,4.049,0.012,3.874,-0.006,5.432,-0.076,5.22,-0.054,5.22,-0.054
2508805,0,0,2.792,4.14,0.003,4.013,-0.006,5.427,-0.106,5.349,-0.053,5.349,-0.053
2508815,0,0,2.792,4.138,0.006,4.044,-0.013,5.371,-0.148,5.336,-0.061,5.336,-0.061
2508825,0,0,2.792,3.869,0.003,3.942,-0.015,5.367,-0.159,5.297,-0.068,5.297,-0.068
2508835,0,0,2.792,3.979,-0.001,3.938,-0.001,5.424,-0.123,5.328,-0.071,5.328,-0.071
2508845,0,0,2.792,3.976,0.047,3.958,0.041,5.481,-0.097,5.363,-0.055,5.363,-0.055
2508855,0,0,2.792,4.124,0.079,4.062,0.041,5.448,-0.098,5.413,-0.052,5.413,-0.052
2508865,0,0,2.792,4.161,0.047,4.159,0.041,5.403,-0.132,5.383,-0.053,5.383,-0.053
2508875,0,0,2.792,4.126,0.004,4.1,-0.006,5.394,-0.114,5.366,-0.062,5.366,-0.062
2508885,0,0,2.792,3.799,0.023,3.942,0.023,5.464,-0.091,5.394,-0.062,5.394,-0.062
2508895,0,0,2.792,4.064,0.073,4.027,0.06,5.514,-0.046,5.429,-0.042,5.429,-0.042
2508905,0,0,2.792,4.188,0.113,4.102,0.079,5.484,-0.067,5.462,-0.036,5.462,-0.036
2508915,0,0,2.792,4.156,0.027,4.087,0.041,5.432,-0.102,5.406,-0.029,5.406,-0.029
2508925,0,0,2.792,3.971,-0.057,3.964,-0.036,5.442,-0.105,5.407,-0.044,5.407,-0.044
2508935,0,0,2.792,3.698,0.002,3.803,-0.011,5.525,-0.079,5.449,-0.053,5.449,-0.053
2508945,0,0,2.792,4.017,0.033,3.89,0.039,5.581,-0.065,5.498,-0.044,5.498,-0.044
2508955,0,0,2.792,4.275,0.096,4.238,0.072,5.545,-0.1,5.527,-0.047,5.527,-0.047
2508965,0,0,2.792,4.227,0.065,4.224,0.063,5.5,-0.132,5.457,-0.034,5.457,-0.034
2508975,0,0,2.792,3.862,-0.063,3.946,-0.032,5.505,-0.098,5.474,-0.049,5.474,-0.049
2508985,0,0,2.792,3.892,-0.081,3.877,-0.061,5.605,-0.074,5.535,-0.058,5.535,-0.058
2508995,0,0,2.792,3.905,0.03,3.963,0.029,5.672,-0.005,5.603,-0.049,5.603,-0.049
2509005,0,0,2.792,4.203,0.128,4.151,0.095,5.687,0.008,5.657,-0.028,5.657,-0.028
2509015,0,0,2.792,4.351,0.027,4.305,0.036,5.606,0.019,5.62,-0.01,5.62,-0.01
2509025,0,0,2.792,3.915,-0.062,4.05,-0.04,5.566,-0.003,5.567,-0.006,5.567,-0.006
2509035,0,0,2.792,3.951,-0.1,3.938,-0.067,5.607,0.017,5.551,-0.008,5.551,-0.008
2509045,0,0,2.792,1.262,-0.028,2.465,-0.044,5.695,0.052,5.611,-0.001,5.611,-0.001
2509054,0,0,2.792,0.113,-0.004,0.414,-0.029,5.762,0.082,5.671,0.017,5.671,0.017
2509065,0,0,2.792,0.009,0.005,0.042,-0.012,5.696,0.079,5.622,0.025,5.622,0.025
2509075,0,0,2.792,0,0.008,0.029,0.053,5.592,0.086,5.511,0.041,5.511,0.041
2509085,0,0,2.792,0,0,0.021,0.028,5.573,0.112,5.501,0.056,5.501,0.056
2509095,0,0,2.792,-0.018,-0.006,-0.04,-0.028,5.637,0.174,5.544,0.077,5.544,0.077
2509105,0,0,2.792,0.007,0.035,-0.037,-0.016,5.705,0.229,5.489,0.091,5.489,0.091
2509115,0,0,2.792,0.05,-0.066,-0.009,0.015,5.704,0.285,5.611,0.132,5.611,0.132
2509125,0,0,2.792,0.005,-0.006,0.017,0.007,5.719,0.243,5.647,0.159,5.647,0.159
2509135,0,0,2.792,0.003,0.106,0.025,0.011,5.717,0.169,5.643,0.16,5.643,0.16
2509145,0,0,2.792,-0.003,0.001,0.075,0.039,5.738,0.05,5.644,0.136,5.644,0.136
2509155,0,0,2.792,-0.039,0,-0.047,0.011,5.792,-0.029,5.703,0.093,5.703,0.093
2509165,0,0,2.792,-0.005,-0.005,-0.055,-0.004,5.784,-0.081,5.693,0.045,5.693,0.045
2509175,0,0,2.792,-0.016,-0.005,-0.016,-0.026,5.767,-0.071,5.695,0.01,5.695,0.01
2509185,0,0,2.792,-0.025,-0.023,0.042,-0.06,5.776,-0.062,5.671,-0.018,5.671,-0.018
2509195,0,0,2.792,0.038,-0.008,0.059,0.016,5.743,-0.009,5.684,-0.02,5.684,-0.02
2509205,0,0,2.792,-0.178,0.003,-0.09,-0.02,5.658,0.039,5.603,-0.008,5.603,-0.008
2509215,0,0,2.792,-0.021,0,-0.054,0.001,5.586,0.086,5.54,0.012,5.54,0.012
2509225,0,0,2.792,-0.002,0,0.004,0.025,5.613,0.104,5.48,0.033,5.48,0.033
2509235,0,0,2.792,2.717,0.171,1.614,0.13,5.668,0.184,5.461,0.061,5.461,0.061
2509245,0,0,2.792,4.074,0.308,3.591,0.244,5.737,0.257,5.642,0.109,5.642,0.109
2509255,0,0,2.792,4.205,0.313,4.077,0.271,5.725,0.292,5.696,0.167,5.696,0.167
2509265,0,0,2.792,4.054,0.173,4.128,0.258,5.639,0.281,5.656,0.202,5.656,0.202
2509275,0,0,2.792,3.944,0.167,3.983,0.136,5.621,0.304,5.588,0.219,5.588,0.219
2509285,0,0,2.792,0.866,0.025,1.956,0.06,5.714,0.291,5.635,0.232,5.635,0.232
2509295,0,0,2.792,0.106,-0.009,0.328,-0.01,5.841,0.272,5.713,0.229,5.713,0.229
2509305,0,0,2.792,0.142,0.023,0.067,0.016,5.8,0.216,5.733,0.208,5.733,0.208
2509315,0,0,2.792,0.01,-0.015,0.083,0.03,5.627,0.169,5.574,0.184,5.574,0.184
2509325,0,0,2.792,0.013,0.02,0.04,0.015,5.514,0.065,5.434,0.145,5.434,0.145
2509335,0,0,2.792,-0.01,-0.034,-0.003,-0.03,5.494,-0.061,5.376,0.091,5.376,0.091
2509345,0,0,2.792,-0.256,0.195,-0.37,0.243,5.524,-0.18,5.34,0.046,5.34,0.046
2509355,0,0,2.792,0.025,-0.211,-0.083,-0.157,5.499,-0.19,5.406,-0.011,5.406,-0.011
2509365,0,0,2.792,0.011,-0.054,0.03,-0.062,5.431,-0.156,5.366,-0.055,5.366,-0.055
2509375,0,0,2.792,0.03,0.005,0.061,-0.013,5.391,-0.16,5.156,-0.067,5.156,-0.067
2509385,0,0,2.792,-0.138,0.128,-0.033,0.033,5.407,-0.247,5.194,-0.088,5.194,-0.088
2509395,0,0,2.792,-0.013,-0.063,-0.064,0.013,5.46,-0.324,5.193,-0.108,5.193,-0.108
2509405,0,0,2.792,-0.007,-0.037,-0.023,-0.019,5.476,-0.339,5.346,-0.153,5.346,-0.153
2509415,0,0,2.792,2.689,0.081,1.334,0.064,5.433,-0.307,5.354,-0.179,5.354,-0.179
2509425,0,0,2.792,4.321,0.049,3.883,0.051,5.388,-0.31,5.282,-0.144,5.282,-0.144
2509435,0,0,2.792,4.404,-0.066,4.296,-0.038,5.384,-0.342,5.344,-0.175,5.344,-0.175
2509445,0,0,2.792,4.372,-0.084,4.307,-0.062,5.409,-0.376,5.369,-0.206,5.369,-0.206
2509455,0,0,2.792,4.471,-0.167,4.397,-0.145,5.355,-0.308,5.363,-0.231,5.363,-0.231
2509465,0,0,2.792,1.673,-0.084,2.868,-0.142,5.236,-0.18,5.25,-0.223,5.25,-0.223
2509475,0,0,2.792,3.927,-0.276,3.467,-0.24,5.094,-0.015,5.12,-0.184,5.12,-0.184
2509485,0,0,2.792,4.224,-0.298,4.128,-0.302,4.975,0.105,5.013,-0.133,5.013,-0.133
2509495,0,0,2.792,4.465,-0.344,4.357,-0.321,4.864,0.124,4.909,-0.093,4.909,-0.093
2509505,0,0,2.792,4.486,-0.426,4.457,-0.443,4.797,0.034,4.827,-0.098,4.827,-0.098
2509515,0,0,2.792,4.197,-0.375,4.281,-0.398,4.768,-0.059,4.783,-0.106,4.783,-0.106
2509525,0,0,2.792,4.065,-0.344,4.068,-0.331,4.737,-0.059,4.739,-0.125,4.739,-0.125
2509535,0,0,2.792,4.091,-0.344,4.093,-0.35,4.697,0.042,4.689,-0.132,4.689,-0.132
2509545,0,0,2.792,4.126,-0.316,4.194,-0.319,4.638,0.116,4.642,-0.12,4.642,-0.12
2509555,0,0,2.792,4.316,-0.302,4.296,-0.317,4.553,0.131,4.59,-0.086,4.59,-0.086
2509565,0,0,2.792,4.324,-0.259,4.273,-0.274,4.459,0.066,4.504,-0.093,4.504,-0.093
2509575,0,0,2.792,4.147,-0.244,4.115,-0.254,4.354,0.01,4.427,-0.081,4.427,-0.081
2509585,0,0,2.792,0.733,-0.043,1.646,-0.101,4.245,-0.031,4.277,-0.081,4.277,-0.081
2509595,0,0,2.792,3.179,-0.16,2.715,-0.128,4.152,-0.032,4.002,-0.08,4.002,-0.08
2509605,0,0,2.792,3.982,-0.147,3.804,-0.142,4.112,-0.015,3.987,-0.078,3.987,-0.078
2509615,0,0,2.792,4.209,-0.14,4.121,-0.17,4.151,0.024,4.058,-0.066,4.058,-0.066
2509625,0,0,2.792,3.306,-0.103,3.879,-0.1,4.211,0.021,4.123,-0.058,4.123,-0.058
2509635,0,0,2.792,3.216,-0.08,2.668,-0.071,4.19,0.008,4.077,-0.043,4.077,-0.043
2509645,0,0,2.792,3.899,-0.111,3.656,-0.124,4.061,-0.004,3.95,-0.054,3.95,-0.054
2509654,0,0,2.792,3.729,-0.152,3.846,-0.139,3.874,-0.001,3.932,-0.058,3.932,-0.058
2509665,0,0,2.792,0.631,-0.025,1.556,-0.05,3.697,-0.018,3.749,-0.06,3.749,-0.06
2509675,0,0,2.792,3.345,-0.106,2.707,-0.085,3.566,-0.027,3.506,-0.052,3.506,-0.052
2509685,0,0,2.792,3.912,-0.141,3.679,-0.136,3.575,-0.04,3.502,-0.062,3.502,-0.062
2509695,0,0,2.792,3.709,-0.132,3.854,-0.116,3.649,-0.043,3.604,-0.071,3.604,-0.071
2509705,0,0,2.792,3.694,-0.114,3.715,-0.096,3.675,-0.061,3.648,-0.074,3.648,-0.074
2509715,0,0,2.792,3.706,-0.152,3.659,-0.152,3.624,-0.022,3.652,-0.077,3.652,-0.077
2509725,0,0,2.792,3.671,-0.103,3.617,-0.127,3.452,0.01,3.599,-0.061,3.599,-0.061
2509735,0,0,2.792,3.583,-0.079,3.581,-0.064,3.092,0.004,3.448,-0.046,3.448,-0.046
2509745,0,0,2.792,3.492,-0.124,3.433,-0.118,2.705,-0.036,3.203,-0.044,3.203,-0.044
2509755,0,0,2.792,3.367,-0.166,3.476,-0.203,2.589,-0.004,2.975,-0.044,2.975,-0.044
2509765,0,0,2.792,1.121,-0.055,2.238,-0.049,2.799,-0.016,2.878,-0.042,2.878,-0.042
2509775,0,0,2.792,2.462,-0.118,2.176,-0.09,3.045,-0.05,2.864,-0.041,2.864,-0.041
2509785,0,0,2.792,3.31,-0.129,3.103,-0.141,3.185,-0.068,2.966,-0.053,2.966,-0.053
2509795,0,0,2.792,3.324,-0.144,3.285,-0.163,3.231,-0.106,3.093,-0.084,3.093,-0.084
2509805,0,0,2.792,3.153,-0.126,3.34,-0.104,3.186,-0.13,3.144,-0.095,3.144,-0.095
2509815,0,0,2.792,3.274,-0.068,3.322,-0.04,3.077,-0.134,3.147,-0.102,3.147,-0.102
2509825,0,0,2.792,3.256,-0.158,3.346,-0.17,2.821,-0.1,3.09,-0.112,3.09,-0.112
2509835,0,0,2.792,2.759,-0.13,2.88,-0.147,2.399,0.018,2.906,-0.103,2.906,-0.103
2509845,0,0,2.792,0.883,-0.033,1.034,-0.034,1.993,0.106,2.532,-0.058,2.532,-0.058
2509855,0,0,2.792,2.32,-0.081,2.139,-0.074,1.895,0.046,2.123,-0.032,2.123,-0.032
2509865,0,0,2.792,2.99,-0.104,2.863,-0.117,2.111,0.014,2.111,-0.025,2.111,-0.025
2509875,0,0,2.792,3.27,-0.077,3.144,-0.081,2.492,0.052,2.217,-0.012,2.217,-0.012
2509885,0,0,2.792,2.931,-0.094,2.893,-0.086,2.793,0.048,2.448,-0.005,2.448,-0.005
2509894,0,0,2.792,1.775,-0.066,2.508,-0.08,2.907,0.064,2.621,0.007,2.621,0.007
2509904,0,0,2.792,1.727,-0.105,1.275,-0.089,2.812,0.043,2.661,0.016,2.661,0.016
2509914,0,0,2.792,0.429,-0.024,0.945,-0.053,2.532,0.027,2.547,0.006,2.547,0.006
2509925,0,0,2.792,0.038,-0.002,0.158,-0.004,2.1,0.01,2.274,0.006,2.274,0.006
2509934,0,0,2.792,0.003,0,0.052,0.012,1.684,-0.054,1.95,-0.002,1.95,-0.002
2509944,0,0,2.792,0,0,0.034,0.002,1.485,-0.117,1.611,-0.023,1.611,-0.023
2509954,0,0,2.792,0,0,0.039,-0.009,1.605,-0.049,1.33,-0.032,1.33,-0.032
2509964,0,0,2.792,0,0,0.039,-0.014,1.951,0.016,1.399,-0.023,1.399,-0.023
2509974,0,0,2.792,-0.405,-0.722,-0.106,-0.185,2.405,0.028,1.618,-0.01,1.618,-0.01
2509984,0,0,2.792,-3.184,-3.604,-2.247,-2.833,2.734,-0.076,1.809,-0.129,1.809,-0.129
2509994,0,0,2.792,-3.618,-1.742,-3.588,-2.412,2.801,-0.2,1.955,-0.229,1.955,-0.229
2510004,0,0,2.792,-0.416,-0.152,-1.122,-0.478,2.621,-0.228,2.081,-0.273,2.081,-0.273
2510014,0,0,2.792,-0.029,-0.011,-0.126,-0.051,2.096,-0.178,2.089,-0.246,2.089,-0.246
2510024,0,0,2.792,-0.003,-0.001,0.028,-0.037,1.686,-0.1,1.962,-0.214,1.962,-0.214
2510034,0,0,2.792,0,0,0.059,-0.006,1.167,0.095,1.689,-0.141,1.689,-0.141
2510044,0,0,2.792,0,0,0.027,0.003,0.659,0.335,1.355,-0.028,1.355,-0.028
2510054,0,0,2.792,0,0,0.036,0.001,0.27,0.517,1.001,0.103,1.001,0.103
2510064,0,0,2.792,0,0,0.04,0,0.18,0.593,0.678,0.209,0.678,0.209
2510074,0,0,2.792,0,0,0.038,-0.001,0.511,0.541,0.493,0.255,0.493,0.255
2510084,0,0,2.792,0,0,0.034,0,1.203,0.337,0.575,0.28,0.575,0.28
2510094,0,0,2.792,0,0,0.024,0.002,2.101,0.007,0.889,0.23,0.889,0.23
2510104,0,0,2.792,0,0,0.018,0.028,2.936,-0.331,1.414,0.103,1.414,0.103
2510114,0,0,2.792,0,0,0.011,0.01,3.336,-0.611,2.021,-0.065,2.021,-0.065
2510124,0,0,2.792,1.517,0.076,0.777,0.098,3.192,-0.829,2.47,-0.266,2.47,-0.266
2510134,0,0,2.792,1.857,-0.157,1.9,-0.15,2.617,-0.63,2.588,-0.389,2.588,-0.389
2510144,0,0,2.792,0.529,-0.065,1.095,-0.103,1.813,-0.387,2.395,-0.406,2.395,-0.406
2510154,0,0,2.792,0.047,-0.006,0.185,0.001,0.743,-0.337,1.923,-0.376,1.923,-0.376
2510164,0,0,2.792,0.004,0,0.054,-0.018,-0.369,-0.313,1.286,-0.356,1.286,-0.356
2510174,0,0,2.792,0,0,0.102,-0.016,-1.023,0.113,0.644,-0.268,0.644,-0.268
2510184,0,0,2.792,0,0,0.115,0,-1.143,0.911,0.142,-0.015,0.142,-0.015
2510194,0,0,2.792,0,0,-0.01,-0.002,-1.004,1.576,-0.142,0.299,-0.142,0.299
2510204,0,0,2.792,0,0,0.041,-0.017,-0.578,1.664,-0.254,0.566,-0.254,0.566
2510214,0,0,2.792,0,0,0.012,-0.005,0.229,1.184,-0.199,0.755,-0.199,0.755
2510224,0,0,2.792,0,0,0.016,-0.005,1.271,0.49,0.09,0.728,0.09,0.728
2510234,0,0,2.792,0,0,0.005,-0.002,2.27,-0.223,0.597,0.507,0.597,0.507
2510244,0,0,2.792,0,0,-0.006,0.003,3.012,-0.866,1.254,0.172,1.254,0.172
2510254,0,0,2.792,0,0,-0.021,0.007,3.291,-1.355,1.896,-0.207,1.896,-0.207
2510264,0,0,2.792,0,0,-0.017,0.001,2.92,-1.592,2.243,-0.565,2.243,-0.565
2510274,0,0,2.792,0,0,0.074,0.115,1.815,-1.489,2.159,-0.827,2.159,-0.827
2510284,0,0,2.792,0.266,-0.075,0.054,0.023,0.395,-1.319,1.699,-0.982,1.699,-0.982
2510294,0,0,2.792,0.311,-0.188,0.219,-0.177,-0.005,-1.036,1.114,-0.974,1.114,-0.974
2510304,0,0,2.792,0.032,-0.019,0.11,-0.015,0.109,-0.731,0.787,-0.908,0.787,-0.908
2510314,0,0,2.792,0.003,-0.002,0.025,0.038,0.054,-0.312,0.563,-0.747,0.563,-0.747
2510324,0,0,2.792,0,0,0.027,0.002,-0.129,0.258,0.369,-0.499,0.369,-0.499
2510334,0,0,2.792,0,0,0.037,-0.026,-0.142,1.14,0.212,-0.117,0.212,-0.117
2510344,0,0,2.792,0,0,0.067,-0.022,-0.008,1.91,0.121,0.335,0.121,0.335
2510354,0,0,2.792,0,0,0.036,-0.003,0.298,2.252,0.129,0.796,0.129,0.796
2510364,0,0,2.792,0,0,0.03,-0.02,0.797,1.951,0.25,1.158,0.25,1.158
2510374,0,0,2.792,0,0,0,0.013,1.339,1.097,0.5,1.217,0.5,1.217
2510384,0,0,2.792,0,0,0.022,0.009,1.492,0.033,0.782,0.952,0.782,0.952
2510394,0,0,2.792,0,0,-0.098,0.096,1.47,-0.945,0.976,0.467,0.976,0.467
2510404,0,0,2.792,0,0,-0.003,-0.014,1.402,-1.544,1.1,-0.046,1.1,-0.046
2510414,0,0,2.792,0.024,-0.014,0.005,-0.076,1.159,-1.854,1.126,-0.54,1.126,-0.54
2510424,0,0,2.792,0.071,-0.051,0.123,-0.101,0.632,-1.825,1.007,-0.927,1.007,-0.927
2510434,0,0,2.792,0.006,-0.005,0.11,0.084,0.009,-1.648,0.713,-1.086,0.713,-1.086
2510444,0,0,2.792,0,0,0.005,-0.009,-0.416,-1.225,0.4,-1.103,0.4,-1.103
2510454,0,0,2.792,0,0,0.024,-0.029,-0.57,-0.298,0.134,-0.917,0.134,-0.917
2510464,0,0,2.792,0,0,0.032,-0.014,-0.558,0.942,-0.056,-0.485,-0.056,-0.485
2510474,0,0,2.792,0.474,-0.139,0.355,-0.174,-0.343,1.971,-0.155,0.098,-0.155,0.098
2510484,0,0,2.792,0.476,-0.194,0.396,-0.175,0.22,2.237,-0.089,0.675,-0.089,0.675
2510494,0,0,2.792,0.08,-0.035,0.227,-0.077,0.719,1.888,0.099,1.067,0.099,1.067
2510504,0,0,2.792,0.007,-0.003,0.036,0.014,1.198,1.231,0.359,1.15,0.359,1.15
2510514,0,0,2.792,0,0,0.041,-0.03,1.517,0.45,0.593,0.891,0.593,0.891
2510524,0,0,2.792,0,0,0.001,0.025,1.339,-0.743,0.748,0.491,0.748,0.491
2510534,0,0,2.792,0,0,0.035,-0.008,0.964,-1.964,0.756,-0.045,0.756,-0.045
2510544,0,0,2.792,0,0,0.01,0.036,0.726,-2.672,0.684,-0.622,0.684,-0.622
2510554,0,0,2.792,0,0,-0.008,0.009,0.578,-2.688,0.612,-1.133,0.612,-1.133
2510564,0,0,2.792,0,0,0.032,-0.015,0.273,-2.099,0.502,-1.396,0.502,-1.396
2510574,0,0,2.792,0,0,0.031,0.001,0.009,-1.019,0.32,-1.162,0.32,-1.162
2510584,0,0,2.792,0.073,-0.034,0.051,-0.021,-0.105,0.218,0.157,-0.641,0.157,-0.641
2510594,0,0,2.792,0.245,-0.123,0.227,-0.118,-0.09,1.332,0.095,-0.192,0.095,-0.192
2510604,0,0,2.792,0.318,-0.148,0.343,-0.147,-0.027,2.187,0.078,0.254,0.078,0.254
2510614,0,0,2.792,0.04,-0.018,0.09,-0.029,0.015,2.726,0.075,0.808,0.075,0.808
2510624,0,0,2.792,0.02,-0.04,0.02,-0.068,0.013,2.597,0.054,1.254,0.054,1.254
2510634,0,0,2.792,0.006,-0.076,0.019,-0.057,0.107,1.71,0.056,1.405,0.056,1.405
2510644,0,0,2.792,0,-0.007,0.036,0.004,0.169,0.461,0.067,0.92,0.067,0.92
2510654,0,0,2.792,0,0,0.017,-0.002,0.213,-0.763,0.089,0.526,0.089,0.526
2510664,0,0,2.792,0,0,-0.018,-0.005,0.212,-1.68,0.107,0.038,0.107,0.038
2510674,0,0,2.792,0,0,-0.021,0.013,0.138,-2.035,0.091,-0.365,0.091,-0.365
2510684,0,0,2.792,0.051,-0.017,0.044,0.013,0.065,-1.923,0.079,-0.676,0.079,-0.676
2510694,0,0,2.792,0.058,-0.104,0.071,-0.09,0.031,-1.394,0.067,-0.815,0.067,-0.815
2510704,0,0,2.792,0.02,-0.039,0.053,-0.107,0.038,-0.729,0.06,-0.769,0.06,-0.769
2510714,0,0,2.792,0.002,-0.004,-0.01,-0.012,0.054,-0.382,0.049,-0.574,0.049,-0.574
2510724,0,0,2.792,-0.011,-0.019,-0.016,-0.029,0.029,-0.243,0.026,-0.331,0.026,-0.331
2510734,0,0,2.792,-0.005,-0.031,-0.01,-0.044,0.019,-0.144,0.012,-0.195,0.012,-0.195
2510744,0,0,2.792,-0.018,-0.002,-0.008,-0.022,0.005,-0.085,0.003,-0.124,0.003,-0.124
2510754,0,0,2.792,-0.017,0.023,-0.012,0.01,-0.006,-0.043,-0.01,-0.037,-0.01,-0.037
2510764,0,0,2.792,-0.02,0.042,-0.021,0.032,-0.012,-0.012,-0.017,-0.003,-0.017,-0.003
2510774,0,0,2.792,-0.021,0.058,-0.024,0.046,-0.018,0.016,-0.018,0.026,-0.018,0.026
2510784,0,0,2.792,-0.027,0.068,-0.024,0.062,-0.02,0.039,-0.019,0.046,-0.019,0.046
2510794,0,0,2.792,-0.028,0.079,-0.024,0.075,-0.022,0.055,-0.023,0.06,-0.023,0.06
2510804,0,0,2.792,-0.039,0.1,-0.031,0.085,-0.022,0.068,-0.026,0.07,-0.026,0.07
2510814,0,0,2.792,-0.028,0.075,-0.032,0.084,-0.022,0.079,-0.034,0.087,-0.034,0.087
2510824,0,0,2.792,-0.026,0.071,-0.029,0.073,-0.023,0.085,-0.03,0.082,-0.03,0.082
2510834,0,0,2.792,-0.016,0.045,-0.027,0.072,-0.024,0.088,-0.031,0.083,-0.031,0.083
2510844,0,0,2.792,-0.01,0.029,-0.01,0.031,-0.023,0.088,-0.023,0.062,-0.023,0.062
2510854,0,0,2.792,-0.015,0.042,-0.015,0.041,-0.022,0.086,-0.015,0.044,-0.015,0.044
2510864,0,0,2.792,-0.018,0.048,-0.018,0.047,-0.02,0.084,-0.016,0.046,-0.016,0.046
2510874,0,0,2.792,-0.021,0.061,-0.022,0.063,-0.018,0.08,-0.02,0.059,-0.02,0.059
2510884,0,0,2.792,-0.015,0.043,-0.018,0.048,-0.017,0.076,-0.02,0.058,-0.02,0.058
2510894,0,0,2.792,-0.015,0.042,-0.015,0.045,-0.016,0.07,-0.018,0.053,-0.018,0.053
2510904,0,0,2.792,-0.015,0.043,-0.014,0.044,-0.015,0.065,-0.015,0.046,-0.015,0.046
2510914,0,0,2.792,-0.014,0.041,-0.015,0.044,-0.014,0.06,-0.015,0.045,-0.015,0.045
2510924,0,0,2.792,-0.012,0.034,-0.013,0.04,-0.013,0.053,-0.014,0.043,-0.014,0.043
2510934,0,0,2.792,-0.01,0.027,-0.011,0.033,-0.012,0.046,-0.012,0.038,-0.012,0.038
2510944,0,0,2.792,-0.01,0.019,-0.01,0.025,-0.011,0.039,-0.011,0.03,-0.011,0.03
2510954,0,0,2.792,-0.008,0.01,-0.009,0.016,-0.01,0.03,-0.01,0.022,-0.01,0.022
2510964,0,0,2.792,-0.006,0.004,-0.008,0.008,-0.008,0.021,-0.009,0.014,-0.009,0.014
2510974,0,0,2.792,-0.001,0,0,0,-0.005,0.013,-0.004,0.005,-0.004,0.005
2510984,0,0,2.792,0,0,0,0,-0.003,0.007,-0.002,0.002,-0.002,0.002
2510994,0,0,2.792,0,0,0,0,-0.001,0.004,0,0.001,0,0.001
2511004,0,0,2.792,0,0,0,0,-0.001,0.002,0,0,0,0
2511014,0,0,2.792,0,0,0,0,0,0.001,0,0,0,0
2511024,0,0,2.792,0,0,0,0,0,0.001,0,0,0,0
2511034,0,0,2.792,0,0,0,0,-0.001,0.001,0,0,0,0
2511044,0,0,2.792,0,0,0,0,0,0.001,0,0,0,0
2511054,0,0,2.792,0,0,0,0,0,0,0,0,0,0
2511064,0,0,2.792,0,0,0,0,0,0,0,0,0,0
2511074,0,0,2.792,0,0,0,0,0,0,0,0,0,0
2511084,0,0,2.792,0,0,0,0,0,0,0,0,0,0
2511094,0,0,2.792,0,0,0,0,0,0,0,0,0,0
2511104,0,0,2.792,0,0,0,0,0,0,0,0,0,0
2511114,0,0,2.792,0,0,0,0,0,0,0,0,0,0
2511124,0,0,2.792,0,0,0,0,0,0,0,0,0,0
2511134,0,0,2.792,0,0,0,0,0,0,0,0,0,0
2511144,0,0,2.792,0,0,0,0,0,0,0,0,0,0
2511154,0,0,2.792,0,0,0,0,0,0,0,0,0,0
2511164,0,0,2.792,0,0,0,0,0,0,0,0,0,0
2511174,0,0,2.792,0,0,0,0,0,0,0,0,0,0
2511184,0,0,2.792,0,0,0,0,0,0,0,0,0,0
2511194,0,0,2.792,0,0,0,0,0,0,0,0,0,0
2511204,0,0,2.792,0,0,0,0,0,0,0,0,0,0
2511214,-2,0,2.792,0,0,0,0,0,0,0,0,0,0
2511224,-2,0,2.792,0,0,0,0,0,0,0,0,0,0
2511234,-2,0,2.792,0,0,0,0,0,0,0,0,0,0
2511244,-2,0,2.792,0,0,0,0,0,0,0,0,0,0
2511254,-2,0,2.792,0,0,0,0,0,0,0,0,0,0
2511264,-2,0,2.792,0,0,0,0,0,0,0,0,0,0
2511274,-2,0,2.792,0,0,0,0,0,0,0,0,0,0
2511284,-2,0,2.792,0,0,0,0,-0.001,0.001,0,0,0,0
2511294,-2,0,2.792,0,0,0,0,-0.003,0.001,0,0,0,0
2511304,-2,0,2.792,-0.009,0,0,0,-0.007,0.003,0,0,0,0
2511314,-2,0,2.792,-0.015,0.003,-0.008,0,-0.013,0.006,-0.002,0,-0.002,0
2511324,-2,0,2.792,-0.022,0.007,-0.016,0.004,-0.019,0.01,-0.009,0.002,-0.009,0.002
2511334,-2,0,2.792,-0.033,0.011,-0.025,0.008,-0.027,0.014,-0.017,0.005,-0.017,0.005
2511344,-2,0,2.792,-0.044,0.014,-0.034,0.011,-0.038,0.018,-0.028,0.009,-0.028,0.009
2511354,-2,0,2.792,-0.071,0.024,-0.061,0.019,-0.052,0.022,-0.044,0.014,-0.044,0.014
2511364,-2,0,2.792,-0.07,0.02,-0.067,0.02,-0.071,0.028,-0.055,0.018,-0.055,0.018
2511374,-2,0,2.792,-0.036,0.04,-0.019,0.03,-0.101,0.044,-0.051,0.019,-0.051,0.019
2511384,-2,0,2.792,-0.062,0.021,-0.065,0.026,-0.136,0.061,-0.053,0.03,-0.053,0.03
2511394,-2,0,2.792,-0.006,0.002,-0.005,0.004,-0.173,0.055,-0.059,0.027,-0.059,0.027
2511404,-2,0,2.792,0,0,0.01,-0.001,-0.226,0.043,-0.048,0.018,-0.048,0.018
2511414,-2,0,2.792,0,0,0.013,-0.003,-0.295,0.027,-0.066,0.015,-0.066,0.015
2511424,-2,0,2.792,0,0,0.02,-0.001,-0.377,0.053,-0.093,0.015,-0.093,0.015
2511434,-2,0,2.792,0,0,0.018,-0.004,-0.487,0.116,-0.097,0.02,-0.097,0.02
2511444,-2,0,2.792,0,0,0.016,0.001,-0.581,0.108,-0.117,0.024,-0.117,0.024
2511454,-2,0,2.792,-0.101,0.02,-0.079,0.02,-0.68,0.111,-0.176,0.033,-0.176,0.033
2511464,-4,0,2.792,-0.222,0.042,-0.115,0.025,-0.853,0.114,-0.283,0.047,-0.283,0.047
2511474,-4,0,2.792,-0.415,0.056,-0.334,0.012,-1.009,0.132,-0.409,0.057,-0.409,0.057
2511484,-4,0,2.792,-0.476,0.06,-0.432,0.066,-1.072,0.064,-0.56,0.064,-0.56,0.064
2511494,-4,0,2.792,-0.517,0.096,-0.486,0.104,-1.07,0.045,-0.675,0.062,-0.675,0.062
2511504,-4,0,2.792,-0.591,0.149,-0.557,0.122,-1.029,0.086,-0.756,0.07,-0.756,0.07
2511514,-4,0,2.792,-0.834,0.149,-0.697,0.135,-0.968,0.13,-0.719,0.105,-0.719,0.105
2511524,-4,0,2.792,-0.658,0.101,-0.718,0.115,-0.946,0.114,-0.774,0.114,-0.774,0.114
2511534,-4,0,2.792,-0.685,0.07,-0.651,0.073,-0.954,0.119,-0.799,0.111,-0.799,0.111
2511544,-4,0,2.792,-0.724,0.067,-0.71,0.083,-0.986,0.105,-0.753,0.092,-0.753,0.092
2511554,-4,0,2.792,-0.696,0.1,-0.709,0.097,-1.059,0.081,-0.787,0.09,-0.787,0.09
2511564,-4,0,2.792,-0.765,0.102,-0.719,0.095,-1.142,0.083,-0.818,0.09,-0.818,0.09
2511574,-4,0,2.792,-0.957,0.132,-0.915,0.132,-1.211,0.053,-0.864,0.095,-0.864,0.095
2511584,-4,0,2.792,-1.201,0.15,-1.018,0.121,-1.255,0.006,-0.925,0.093,-0.925,0.093
2511594,-4,0,2.792,-0.792,0.068,-0.83,0.091,-1.274,-0.007,-0.998,0.079,-0.998,0.079
2511604,-4,0,2.792,-0.429,0.033,-0.673,0.059,-1.365,-0.002,-0.994,0.069,-0.994,0.069
2511614,-4,0,2.792,-0.065,-0.001,-0.122,0.004,-1.516,0.025,-0.971,0.052,-0.971,0.052
2511624,-4,0,2.792,-0.02,0,-0.031,0.004,-1.637,0.046,-0.85,0.036,-0.85,0.036
2511634,-4,0,2.792,-0.707,0.069,-0.483,0.053,-1.729,0.032,-0.853,0.031,-0.853,0.031
2511644,-4,0,2.792,-0.206,0.022,-0.407,0.051,-1.865,0.044,-1.039,0.038,-1.039,0.038
2511654,-4,0,2.792,-0.751,0.046,-0.548,0.027,-1.996,0.092,-1.157,0.042,-1.157,0.042
2511664,-4,0,2.792,-1.153,0.092,-1.047,0.083,-2.08,0.057,-1.335,0.052,-1.335,0.052
2511674,-4,0,2.792,-1.51,0.081,-1.234,0.089,-2.097,0.049,-1.438,0.061,-1.438,0.061
2511684,-4,0,2.792,-0.193,0.009,-0.469,0.02,-2.11,0.055,-1.539,0.061,-1.539,0.061
2511694,-4,0,2.792,-0.501,0.036,-0.255,0.014,-2.085,0.042,-1.492,0.049,-1.492,0.049
2511704,-4,0,2.792,-1.37,0.117,-1.156,0.106,-2.03,0.028,-1.559,0.046,-1.559,0.046
2511714,-6,0,2.792,-1.429,0.111,-1.384,0.099,-2.032,0.045,-1.604,0.06,-1.604,0.06
2511724,-6,0,2.792,-1.468,0.105,-1.546,0.11,-2.066,0.012,-1.722,0.056,-1.722,0.056
2511734,-6,0,2.792,-0.624,0.038,-1.066,0.056,-2.073,0.006,-1.76,0.055,-1.76,0.055
2511744,-6,0,2.792,-0.059,0.013,-0.205,0.039,-2.16,0.005,-1.652,0.045,-1.652,0.045
2511754,-6,0,2.792,-0.962,0.081,-0.571,0.055,-2.339,0.006,-1.112,0.03,-1.112,0.03
2511764,-6,0,2.792,-1.454,0.098,-1.292,0.096,-2.49,0.027,-1.356,0.044,-1.356,0.044
2511774,-6,0,2.792,-1.617,0.102,-1.573,0.114,-2.611,0.09,-1.63,0.061,-1.63,0.061
2511784,-6,0,2.792,-1.602,0.093,-1.613,0.095,-2.72,0.096,-1.871,0.075,-1.871,0.075
2511794,-6,0,2.792,-1.27,0.087,-1.616,0.096,-2.838,0.08,-2.079,0.082,-2.079,0.082
2511804,-6,0,2.792,-0.166,0.008,-0.404,0.035,-2.923,0.035,-2.124,0.074,-2.124,0.074
2511814,-6,0,2.792,-0.914,0.064,-0.579,0.048,-2.873,0.001,-1.945,0.051,-1.945,0.051
2511824,-6,0,2.792,-0.5,0.036,-0.861,0.049,-2.763,-0.015,-2.101,0.04,-2.101,0.04
2511834,-6,0,2.792,-1.382,0.046,-1.261,0.066,-2.684,0.018,-2.049,0.036,-2.049,0.036
2511844,-6,0,2.792,-0.345,0.013,-0.738,0.028,-2.705,0.042,-2.132,0.038,-2.132,0.038
2511854,-6,0,2.792,-0.031,0.001,-0.089,0.004,-2.795,0.079,-2.193,0.041,-2.193,0.041
2511864,-6,0,2.792,-0.003,0,-0.006,0.005,-2.914,0.094,-1.936,0.042,-1.936,0.042
2511874,-6,0,2.792,0,0,0.015,0.004,-3.06,0.059,-1.803,0.038,-1.803,0.038
2511884,-6,0,2.792,-1.361,0.044,-0.843,0.016,-3.22,0.022,-1.909,0.03,-1.909,0.03
2511894,-6,0,2.792,-2.011,0.093,-1.826,0.091,-3.357,-0.026,-2.165,0.029,-2.165,0.029
2511904,-6,0,2.792,-1.042,0.039,-1.634,0.054,-3.434,-0.077,-2.479,0.024,-2.479,0.024
2511914,-6,0,2.792,-0.573,-0.001,-0.531,0.006,-3.429,-0.066,-2.549,0.007,-2.549,0.007
2511924,-6,0,2.792,-1.545,0.015,-1.485,0.026,-3.411,-0.051,-2.557,-0.004,-2.557,-0.004
2511934,-6,0,2.792,-1.982,0.08,-1.868,0.064,-3.419,-0.024,-2.702,-0.002,-2.702,-0.002
2511944,-6,0,2.792,-2.318,0.1,-2.129,0.072,-3.459,0.038,-2.865,0.013,-2.865,0.013
2511954,-6,0,2.792,-2.278,0.058,-2.216,0.061,-3.443,0.079,-2.952,0.036,-2.952,0.036
2511964,-6,0,2.792,-2.511,0.08,-2.36,0.073,-3.354,0.036,-3.047,0.045,-3.047,0.045
2511974,-8,0,2.792,-2.257,0.079,-2.256,0.083,-3.279,-0.019,-2.96,0.045,-2.96,0.045
2511984,-8,0,2.792,-2.306,0.067,-2.272,0.064,-3.264,-0.023,-3.008,0.034,-3.008,0.034
2511994,-8,0,2.792,-2.523,0.086,-2.377,0.083,-3.307,0.012,-3.017,0.033,-3.017,0.033
2512004,-8,0,2.792,-2.22,0.09,-2.295,0.101,-3.427,-0.002,-3,0.044,-3,0.044
2512014,-8,0,2.792,-2.394,0.101,-2.321,0.083,-3.581,0.001,-3.094,0.043,-3.094,0.043
2512024,-8,0,2.792,-0.936,0.036,-1.138,0.039,-3.703,0.017,-3.189,0.041,-3.189,0.041
2512034,-8,0,2.792,-2.379,0.084,-2.065,0.085,-3.754,0.006,-3.164,0.04,-3.164,0.04
2512044,-8,0,2.792,-0.719,0.031,-1.26,0.049,-3.768,-0.024,-3.214,0.04,-3.214,0.04
2512054,-8,0,2.792,-2.184,0.068,-1.788,0.047,-3.801,-0.003,-3.285,0.027,-3.285,0.027
2512064,-8,0,2.792,-2.076,0.09,-2.25,0.103,-3.911,0.02,-3.329,0.037,-3.329,0.037
2512074,-8,0,2.792,-1.014,0.033,-0.907,0.033,-4.052,0.022,-3.376,0.04,-3.376,0.04
2512084,-8,0,2.792,-2.365,0.087,-2.123,0.061,-4.199,0.049,-3.482,0.039,-3.482,0.039
2512094,-8,0,2.792,-2.677,0.105,-2.579,0.111,-4.253,0.056,-3.717,0.047,-3.717,0.047
2512104,-8,0,2.792,-3.058,0.108,-2.956,0.098,-4.144,-0.01,-3.802,0.055,-3.802,0.055
2512114,-8,0,2.792,-1.129,0.034,-1.964,0.068,-4.023,-0.029,-3.869,0.038,-3.869,0.038
2512124,-8,0,2.792,-2.009,0.082,-1.514,0.071,-4.004,-0.035,-3.766,0.024,-3.766,0.024
2512134,-8,0,2.792,-2.66,0.097,-2.361,0.105,-4.104,-0.008,-3.608,0.03,-3.608,0.03
2512144,-8,0,2.792,-2.613,0.105,-2.585,0.108,-4.287,0.023,-3.635,0.047,-3.635,0.047
2512154,-8,0,2.792,-2.859,0.107,-2.775,0.106,-4.468,0.032,-3.897,0.05,-3.897,0.05
2512164,-8,0,2.792,-2.907,0.085,-2.884,0.077,-4.534,-0.039,-4.162,0.042,-4.162,0.042
2512174,-8,0,2.792,-3.129,0.085,-3.058,0.086,-4.418,-0.107,-4.239,0.016,-4.239,0.016
2512184,-8,0,2.792,-1.802,0.057,-1.61,0.046,-4.316,-0.117,-4.203,-0.01,-4.203,-0.01
2512194,-8,0,2.792,-2.466,0.074,-2.235,0.061,-4.333,-0.058,-4.149,-0.02,-4.149,-0.02
2512204,-8,0,2.792,-3.014,0.082,-2.817,0.084,-4.422,-0.016,-4.002,0.01,-4.002,0.01
2512214,-8,0,2.792,-2.8,0.055,-2.803,0.069,-4.552,0.023,-4.169,0.018,-4.169,0.018
2512224,-8,0,2.792,-3.012,0.095,-2.878,0.083,-4.71,0.018,-4.355,0.025,-4.355,0.025
2512234,-8,0,2.792,-2.362,0.062,-2.82,0.061,-4.763,0.022,-4.538,0.029,-4.538,0.029
2512244,-8,0,2.792,-1.377,0.027,-1.125,0.027,-4.696,0.008,-4.368,0.029,-4.368,0.029
2512254,-8,0,2.792,-2.569,0.063,-2.304,0.084,-4.649,0.023,-4.392,0.026,-4.392,0.026
2512264,-8,0,2.792,-3.322,0.019,-3.039,0.003,-4.668,0.092,-4.516,0.037,-4.516,0.037
2512274,-8,0,2.792,-3.307,0.063,-3.22,0.081,-4.721,0.111,-4.582,0.055,-4.582,0.055
2512284,-8,0,2.792,-3.297,0.147,-3.299,0.147,-4.829,0.027,-4.679,0.061,-4.679,0.061
2512294,-8,0,2.792,-1.691,0.006,-2.604,0.004,-4.985,0.068,-4.834,0.057,-4.834,0.057
2512304,-8,0,2.792,-0.151,0,-0.542,0,-5.234,0.118,-5.061,0.067,-5.061,0.067
2512314,-8,0,2.792,-0.013,0,-0.092,0.028,-5.495,0.162,-5.312,0.083,-5.312,0.083
2512324,-8,0,2.792,-0.003,0.002,-0.062,0.029,-5.52,0.264,-5.383,0.114,-5.383,0.114
2512334,-8,0,2.792,0.007,0.151,0.033,0.041,-5.34,0.291,-5.376,0.157,-5.376,0.157
2512344,-8,0,2.792,-1.613,0.808,-0.396,1.133,-5.023,0.203,-5.101,0.221,-5.101,0.221
2512354,-8,0,2.792,-2.516,0.106,-2.243,0.245,-4.904,0.067,-4.896,0.243,-4.896,0.243
2512364,-8,0,2.792,-2.883,0.024,-2.79,0.043,-5.022,-0.023,-4.873,0.171,-4.873,0.171
2512374,-8,0,2.792,-3.293,0.054,-3.105,0.045,-5.217,-0.036,-4.995,0.101,-4.995,0.101
2512384,-8,0,2.792,-3.507,0.007,-3.317,0.023,-5.197,-0.086,-5.116,0.054,-5.116,0.054
2512394,-8,0,2.792,-3.262,0.018,-3.29,0.033,-5.031,-0.091,-5.034,0.017,-5.034,0.017
2512404,-8,0,2.792,-3.022,0.079,-3.149,0.075,-4.987,-0.076,-4.931,0.003,-4.931,0.003
2512414,-8,0,2.792,-1.455,0.036,-1.24,0.024,-5.092,-0.039,-4.956,-0.004,-4.956,-0.004
2512424,-8,0,2.792,-2.975,0.065,-2.459,0.039,-5.194,0.002,-4.971,0.001,-4.971,0.001
2512434,-8,0,2.792,-3.535,0.086,-3.239,0.089,-5.199,-0.016,-5.118,0.006,-5.118,0.006
2512444,-8,0,2.792,-3.186,0.065,-3.348,0.078,-5.131,-0.035,-5.02,0.019,-5.02,0.019
2512454,-8,0,2.792,-3.357,0.077,-3.382,0.072,-5.114,-0.011,-5.048,0.018,-5.048,0.018
2512464,-8,0,2.792,-1.504,0.046,-2.54,0.072,-5.154,0.01,-5.088,0.021,-5.088,0.021
2512474,-8,0,2.792,-3.024,0.059,-2.295,0.041,-5.18,0.055,-5.029,0.03,-5.029,0.03
2512484,-8,0,2.792,-3.602,0.111,-3.407,0.108,-5.187,0.037,-5.104,0.039,-5.104,0.039
2512494,-8,0,2.792,-3.567,0.103,-3.61,0.11,-5.195,0.033,-5.064,0.055,-5.064,0.055
2512504,-8,0,2.792,-3.668,0.116,-3.537,0.112,-5.192,0.031,-5.12,0.058,-5.12,0.058
2512514,-8,0,2.792,-0.717,0.024,-1.656,0.04,-5.203,0.045,-4.928,0.067,-4.928,0.067
2512524,-8,0,2.792,-2.236,0.045,-2.29,0.047,-5.203,0.031,-4.863,0.056,-4.863,0.056
2512534,-8,0,2.792,-0.18,-0.028,-0.594,0.004,-5.224,0.001,-4.961,0.044,-4.961,0.044
2512544,-8,0,2.792,0.015,0.012,-0.037,0.003,-5.242,-0.028,-4.531,0.013,-4.531,0.013
2512554,-8,0,2.792,-2.265,0.056,-1.567,0.057,-5.256,-0.028,-4.522,0.007,-4.522,0.007
2512564,-8,0,2.792,-2.022,0.083,-1.277,0.035,-5.251,-0.016,-4.715,0.008,-4.715,0.008
2512574,-8,0,2.792,-3.647,0.088,-3.211,0.06,-5.231,-0.008,-4.879,0.013,-4.879,0.013
2512584,-8,0,2.792,-1.262,0.035,-2.357,0.074,-5.228,-0.042,-5.122,0.011,-5.122,0.011
2512594,0,0,2.792,-2.962,0.064,-2.433,0.061,-5.246,-0.039,-4.938,0.013,-4.938,0.013
2512604,0,0,2.792,-3.623,0.084,-3.512,0.081,-5.276,-0.03,-5.147,0.01,-5.147,0.01
2512614,0,0,2.792,-1.973,0.045,-1.619,0.045,-5.337,0.008,-5.145,0.015,-5.145,0.015
2512624,0,0,2.792,-3.811,0.122,-3.335,0.088,-5.344,0.004,-5.223,0.022,-5.223,0.022
2512634,0,0,2.792,-3.98,0.082,-3.914,0.092,-5.317,-0.014,-5.272,0.025,-5.272,0.025
2512644,0,0,2.792,-1.605,0.025,-2.803,0.043,-5.308,-0.027,-5.236,0.027,-5.236,0.027
2512654,0,0,2.792,-0.841,-0.002,-1.492,0.014,-5.372,-0.007,-5.25,0.017,-5.25,0.017
2512664,0,0,2.792,-0.577,0.014,-0.943,0.026,-5.454,-0.01,-5.287,0.013,-5.287,0.013
2512674,0,0,2.792,-3.245,0.03,-2.542,0.009,-5.447,-0.075,-5.339,-0.002,-5.339,-0.002
2512684,0,0,2.792,-1.381,-0.007,-2.069,-0.019,-5.389,-0.154,-5.295,-0.026,-5.295,-0.026
2512694,0,0,2.792,-3.319,-0.051,-2.984,-0.029,-5.382,-0.147,-5.318,-0.055,-5.318,-0.055
2512704,0,0,2.792,-0.529,-0.009,-1.295,-0.021,-5.455,-0.119,-5.361,-0.071,-5.361,-0.071
2512714,0,0,2.792,-0.047,0,-0.207,0.019,-5.537,-0.032,-5.426,-0.066,-5.426,-0.066
2512724,0,0,2.792,-0.004,0,-0.047,0.021,-5.578,0.066,-5.451,-0.032,-5.451,-0.032
2512734,0,0,2.792,-0.003,0.008,0.001,-0.032,-5.576,0.113,-5.509,0.004,-5.509,0.004
2512744,0,0,2.792,0.054,-0.052,0.066,-0.032,-5.506,0.082,-5.432,0.021,-5.432,0.021
2512754,0,0,2.792,0,0.2,0.036,0.15,-5.475,0.035,-5.346,0.03,-5.346,0.03
2512764,0,0,2.792,-0.01,0.1,-0.066,0.151,-5.516,-0.002,-5.375,0.038,-5.375,0.038
2512774,0,0,2.792,-0.047,-0.004,-0.068,0.007,-5.546,-0.009,-5.398,0.03,-5.398,0.03
2512784,0,0,2.792,0.159,0.115,0.192,0.118,-5.476,-0.002,-5.417,0.021,-5.417,0.021
2512794,0,0,2.792,0.014,0.01,0.052,0.052,-5.405,0.05,-5.307,0.032,-5.307,0.032
2512804,0,0,2.792,0.001,0,0.013,0.014,-5.428,0.082,-5.283,0.042,-5.283,0.042
2512814,0,0,2.792,0,0,0.025,-0.007,-5.52,0.118,-5.373,0.054,-5.373,0.054
2512824,0,0,2.792,0,0,0.01,-0.025,-5.618,0.124,-5.462,0.065,-5.462,0.065
2512834,0,0,2.792,-0.03,0.047,0.007,0.028,-5.67,0.105,-5.569,0.073,-5.569,0.073
2512844,0,0,2.792,-0.003,0.004,-0.013,0.032,-5.618,0.049,-5.539,0.069,-5.539,0.069
2512854,0,0,2.792,0,0,-0.036,-0.005,-5.53,0.003,-5.413,0.05,-5.413,0.05
2512864,0,0,2.792,-0.002,-0.013,0.01,-0.005,-5.448,-0.088,-5.418,0.02,-5.418,0.02
2512874,0,0,2.792,0.001,-0.012,0.007,-0.024,-5.448,-0.149,-5.379,-0.019,-5.379,-0.019
2512884,0,0,2.792,0,-0.001,0.038,-0.037,-5.503,-0.14,-5.384,-0.053,-5.384,-0.053
2512894,0,0,2.792,0,0,0.031,0.034,-5.559,-0.098,-5.443,-0.064,-5.443,-0.064
2512904,0,0,2.792,-0.007,0,-0.008,0.004,-5.594,-0.079,-5.511,-0.064,-5.511,-0.064
2512914,0,0,2.792,0.125,-1.092,0.02,-0.404,-5.569,-0.081,-5.465,-0.067,-5.465,-0.067
2512924,0,0,2.792,-0.387,-1.645,-0.4,-2.339,-5.523,-0.122,-5.478,-0.162,-5.478,-0.162
2512934,0,0,2.792,-0.035,-0.147,-0.082,-0.461,-5.512,-0.118,-5.323,-0.294,-5.323,-0.294
2512944,0,0,2.792,-0.003,-0.013,-0.009,-0.069,-5.564,-0.13,-5.389,-0.257,-5.389,-0.257
2512954,0,0,2.792,-0.002,0.033,0.008,-0.013,-5.671,-0.109,-5.494,-0.202,-5.494,-0.202
2512964,0,0,2.792,-0.003,0.048,-0.007,0.007,-5.742,-0.105,-5.592,-0.159,-5.592,-0.159
2512974,0,0,2.792,0.011,0.104,-0.007,0.117,-5.678,-0.079,-5.582,-0.12,-5.582,-0.12
2512984,0,0,2.792,-0.012,0.008,-0.007,0.032,-5.576,-0.055,-5.509,-0.087,-5.509,-0.087
2512994,0,0,2.792,0.049,-0.079,0.022,-0.036,-5.568,-0.018,-5.408,-0.061,-5.408,-0.061
2513004,0,0,2.792,0.038,-0.136,0.036,-0.124,-5.618,0.004,-5.343,-0.058,-5.343,-0.058
2513014,0,0,2.792,0.027,-0.034,0.045,-0.065,-5.673,0,-5.473,-0.052,-5.473,-0.052
2513024,0,0,2.792,0.111,0.288,0.148,0.211,-5.65,-0.032,-5.449,-0.033,-5.449,-0.033
2513034,0,0,2.792,0.007,0.026,0.019,0.071,-5.603,-0.023,-5.401,0.005,-5.401,0.005
2513044,0,0,2.792,0.094,0.009,0.101,0.01,-5.585,-0.032,-5.302,0.003,-5.302,0.003
2513054,0,0,2.792,0.171,-0.334,0.118,-0.105,-5.608,-0.045,-5.292,-0.008,-5.292,-0.008
2513064,0,0,2.792,-3.498,-0.328,-2.504,-0.433,-5.637,-0.087,-5.383,-0.089,-5.383,-0.089
2513074,0,0,2.792,-4.159,-0.259,-3.932,-0.288,-5.669,-0.098,-5.567,-0.113,-5.567,-0.113
2513084,0,0,2.792,-4.394,-0.27,-4.359,-0.276,-5.689,-0.102,-5.618,-0.134,-5.618,-0.134
2513094,0,0,2.792,-4.529,-0.259,-4.48,-0.261,-5.658,-0.105,-5.634,-0.145,-5.634,-0.145
2513104,0,0,2.792,-4.448,-0.293,-4.403,-0.286,-5.61,-0.146,-5.606,-0.152,-5.606,-0.152
2513114,0,0,2.792,-4.194,-0.3,-4.203,-0.311,-5.611,-0.14,-5.542,-0.196,-5.542,-0.196
2513124,0,0,2.792,-4.046,-0.213,-4.071,-0.231,-5.675,-0.134,-5.598,-0.193,-5.598,-0.193
2513134,0,0,2.792,-4.046,-0.254,-3.997,-0.222,-5.765,-0.118,-5.689,-0.179,-5.689,-0.179
2513144,0,0,2.792,-4.299,-0.288,-4.236,-0.276,-5.798,-0.131,-5.739,-0.175,-5.739,-0.175
2513154,0,0,2.792,-4.275,-0.325,-4.304,-0.339,-5.731,-0.149,-5.729,-0.178,-5.729,-0.178
2513164,0,0,2.792,-4.124,-0.243,-4.19,-0.273,-5.649,-0.168,-5.632,-0.198,-5.632,-0.198
2513174,0,0,2.792,-4.075,-0.21,-4.082,-0.211,-5.667,-0.153,-5.558,-0.207,-5.558,-0.207
2513184,0,0,2.792,-4.328,-0.281,-4.222,-0.273,-5.748,-0.135,-5.647,-0.198,-5.647,-0.198
2513194,0,0,2.792,-4.273,-0.338,-4.292,-0.332,-5.779,-0.131,-5.678,-0.211,-5.678,-0.211
2513204,0,0,2.792,-4.309,-0.325,-4.388,-0.328,-5.697,-0.162,-5.677,-0.216,-5.677,-0.216
2513214,0,0,2.792,-4.284,-0.304,-4.268,-0.296,-5.632,-0.163,-5.618,-0.219,-5.618,-0.219
2513224,0,0,2.792,-4.315,-0.284,-4.265,-0.291,-5.654,-0.169,-5.612,-0.215,-5.612,-0.215
2513234,0,0,2.792,-4.48,-0.331,-4.439,-0.335,-5.673,-0.171,-5.6,-0.229,-5.6,-0.229
2513244,0,0,2.792,-4.475,-0.345,-4.47,-0.332,-5.564,-0.235,-5.586,-0.234,-5.586,-0.234
2513254,0,0,2.792,-4.502,-0.288,-4.519,-0.308,-5.379,-0.25,-5.442,-0.248,-5.442,-0.248
2513264,0,0,2.792,-4.325,-0.197,-4.377,-0.233,-5.272,-0.228,-5.309,-0.25,-5.309,-0.25
2513274,0,0,2.792,-4.312,-0.19,-4.275,-0.199,-5.294,-0.182,-5.268,-0.232,-5.268,-0.232
2513284,0,0,2.792,-4.334,-0.173,-4.311,-0.161,-5.364,-0.168,-5.271,-0.204,-5.271,-0.204
2513294,0,0,2.792,-4.361,-0.151,-4.383,-0.166,-5.413,-0.15,-5.363,-0.191,-5.363,-0.191
2513304,0,0,2.792,-4.276,-0.088,-4.32,-0.107,-5.421,-0.158,-5.384,-0.175,-5.384,-0.175
2513314,0,0,2.792,-4.395,0.044,-4.346,-0.008,-5.431,-0.151,-5.4,-0.16,-5.4,-0.16
2513324,0,0,2.792,-4.417,0.158,-4.368,0.132,-5.437,-0.149,-5.409,-0.133,-5.409,-0.133
2513334,0,0,2.792,-4.533,0.195,-4.49,0.162,-5.415,-0.092,-5.405,-0.1,-5.405,-0.1
2513344,0,0,2.792,-4.376,0.217,-4.477,0.207,-5.338,0.01,-5.36,-0.063,-5.36,-0.063
2513354,0,0,2.792,-4.223,0.296,-4.239,0.274,-5.257,0.144,-5.281,0.005,-5.281,0.005
2513364,0,0,2.792,-4.153,0.353,-4.132,0.333,-5.168,0.227,-5.193,0.085,-5.193,0.085
2513374,0,0,2.792,-4.319,0.422,-4.238,0.392,-5.046,0.309,-5.082,0.172,-5.082,0.172
2513384,0,0,2.792,-4.155,0.393,-4.26,0.393,-4.883,0.354,-4.952,0.234,-4.952,0.234
2513394,0,0,2.792,-4.329,0.421,-4.42,0.436,-4.771,0.304,-4.834,0.28,-4.834,0.28
2513404,0,0,2.792,-4.106,0.327,-4.146,0.34,-4.728,0.107,-4.761,0.263,-4.761,0.263
2513414,0,0,2.792,-4.216,0.308,-4.121,0.3,-4.717,-0.177,-4.722,0.181,-4.722,0.181
2513424,0,0,2.792,-4.367,0.333,-4.269,0.347,-4.709,-0.418,-4.684,0.094,-4.684,0.094
2513434,0,0,2.792,-4.317,0.23,-4.308,0.264,-4.677,-0.486,-4.682,-0.032,-4.682,-0.032
2513444,0,0,2.792,-4.309,0.151,-4.381,0.203,-4.609,-0.45,-4.631,-0.073,-4.631,-0.073
2513454,0,0,2.792,-4.277,0.098,-4.306,0.114,-4.518,-0.427,-4.574,-0.131,-4.574,-0.131
2513464,0,0,2.792,-4.316,0.053,-4.298,0.067,-4.386,-0.495,-4.481,-0.18,-4.481,-0.18
2513474,0,0,2.792,-3.981,-0.021,-4.151,0.01,-4.253,-0.503,-4.363,-0.212,-4.363,-0.212
2513484,0,0,2.792,-4.083,-0.082,-4.044,-0.03,-4.206,-0.381,-4.276,-0.246,-4.276,-0.246
2513494,0,0,2.792,-4.047,-0.068,-4.107,-0.067,-4.188,-0.192,-4.229,-0.233,-4.229,-0.233
2513504,0,0,2.792,-4.052,-0.044,-4.054,-0.052,-4.145,-0.025,-4.179,-0.16,-4.179,-0.16
2513514,0,0,2.792,-4.081,-0.093,-4.061,-0.095,-4.062,0.11,-4.115,-0.091,-4.115,-0.091
2513524,0,0,2.792,-4.152,-0.071,-4.095,-0.078,-3.964,0.17,-4.056,-0.041,-4.056,-0.041
2513534,0,0,2.792,-4.291,-0.04,-4.297,-0.039,-3.941,0.148,-4.012,-0.001,-4.012,-0.001
2513544,0,0,2.792,-3.999,-0.053,-4.068,-0.061,-3.942,0.111,-4.012,0.003,-4.012,0.003
2513554,0,0,2.792,-3.85,-0.006,-3.945,-0.031,-3.846,0.109,-3.955,0.019,-3.955,0.019
2513564,0,0,2.792,-3.976,0.055,-3.948,0.04,-3.653,0.108,-3.846,0.038,-3.846,0.038
2513574,0,0,2.792,-3.923,0.044,-3.973,0.064,-3.453,0.1,-3.694,0.058,-3.694,0.058
2513584,0,0,2.792,-3.916,0.027,-3.962,0.017,-3.381,0.114,-3.594,0.068,-3.594,0.068
2513594,0,0,2.792,-3.821,-0.023,-3.813,-0.028,-3.392,0.108,-3.52,0.072,-3.52,0.072
2513604,0,0,2.792,-3.811,0.029,-3.786,0.065,-3.46,0.085,-3.494,0.074,-3.494,0.074
2513614,0,0,2.792,-3.802,0.051,-3.838,0.044,-3.5,0.043,-3.509,0.068,-3.509,0.068
2513624,0,0,2.792,-3.742,-0.012,-3.752,-0.028,-3.462,0.023,-3.542,0.041,-3.542,0.041
2513634,0,0,2.792,-3.664,0.035,-3.745,0.014,-3.299,0.02,-3.484,0.031,-3.484,0.031
2513644,0,0,2.792,-3.613,-0.145,-3.637,-0.015,-3.103,0.007,-3.368,0.026,-3.368,0.026
2513654,0,0,2.792,-3.622,0.009,-3.658,-0.012,-3.026,0.037,-3.257,0.023,-3.257,0.023
2513664,0,0,2.792,-3.687,0.011,-3.634,0.02,-3.055,0.063,-3.21,0.025,-3.21,0.025
2513674,0,0,2.792,-3.579,0.001,-3.621,0.005,-3.061,0.035,-3.198,0.027,-3.198,0.027
2513684,0,0,2.792,-3.576,0.023,-3.579,0.016,-2.939,-0.007,-3.18,0.018,-3.18,0.018
2513694,0,0,2.792,-3.492,0.037,-3.547,0.055,-2.721,0.039,-3.036,0.022,-3.036,0.022
2513704,0,0,2.792,-3.237,-0.039,-3.349,-0.008,-2.648,0.007,-2.931,0.023,-2.931,0.023
2513714,0,0,2.792,-3.41,-0.022,-3.353,-0.044,-2.627,-0.036,-2.843,0.006,-2.843,0.006
2513724,0,0,2.792,-3.313,0.044,-3.317,0.009,-2.53,-0.077,-2.77,-0.013,-2.77,-0.013
2513734,0,0,2.792,-3.137,0.031,-3.199,0.043,-2.366,-0.085,-2.695,-0.027,-2.695,-0.027
2513744,0,0,2.792,-3.246,0.072,-3.238,0.054,-2.353,-0.038,-2.627,-0.021,-2.627,-0.021
2513754,0,0,2.792,-3.142,-0.003,-3.184,-0.007,-2.526,0.012,-2.617,-0.012,-2.617,-0.012
2513764,0,0,2.792,-2.63,-0.018,-2.835,-0.012,-2.623,0.012,-2.656,-0.003,-2.656,-0.003
2513774,0,0,2.792,-1.358,0.021,-2.101,0.011,-2.55,-0.012,-2.631,-0.005,-2.631,-0.005
2513784,0,0,2.792,-0.122,0.002,-0.442,0.013,-2.303,-0.047,-2.357,-0.007,-2.357,-0.007
2513794,0,0,2.792,-0.011,0,-0.087,-0.006,-2.036,-0.053,-2.022,-0.016,-2.022,-0.016
2513804,0,0,2.792,0,0,-0.028,-0.013,-1.999,-0.08,-1.847,-0.027,-1.847,-0.027
2513814,0,0,2.792,0,0,0.023,0.01,-2.214,-0.068,-1.709,-0.033,-1.709,-0.033
2513824,0,0,2.792,0.515,2.854,0.561,1.6,-2.434,-0.039,-1.746,-0.019,-1.746,-0.019
2513834,0,0,2.792,0.042,0.278,0.098,0.703,-2.615,-0.008,-1.658,0.214,-1.658,0.214
2513844,0,0,2.792,0.004,0.025,0.005,0.11,-2.719,0.016,-1.744,0.192,-1.744,0.192
2513854,0,0,2.792,0,0.002,-0.003,0.024,-2.686,0.003,-1.822,0.132,-1.822,0.132
2513864,0,0,2.792,0,0,-0.016,0.012,-2.59,-0.018,-1.77,0.081,-1.77,0.081
2513874,0,0,2.792,0.34,0.563,0.273,0.417,-2.468,-0.019,-1.811,0.06,-1.811,0.06
2513884,0,0,2.792,-1.835,-0.019,-1.126,0.097,-2.233,-0.079,-1.7,0.081,-1.7,0.081
2513894,0,0,2.792,-2.392,-0.019,-2.209,-0.009,-1.904,-0.182,-1.793,0.024,-1.793,0.024
2513904,0,0,2.792,-0.951,-0.015,-1.675,-0.023,-1.522,-0.281,-1.933,-0.034,-1.933,-0.034
2513914,0,0,2.792,-0.086,-0.001,-0.331,0.004,-1.2,-0.269,-1.648,-0.072,-1.648,-0.072
2513924,0,0,2.792,-1.959,0.023,-1.568,-0.004,-1.099,-0.244,-1.393,-0.09,-1.393,-0.09
2513934,0,0,2.792,-2.198,0.018,-2.13,0.003,-1.216,-0.263,-1.503,-0.084,-1.503,-0.084
2513944,0,0,2.792,-1.917,0.011,-2.05,0.005,-1.284,-0.27,-1.816,-0.045,-1.816,-0.045
2513954,0,0,2.792,-0.275,0,-0.756,0.002,-1.209,-0.287,-1.665,-0.069,-1.665,-0.069
2513964,0,0,2.792,-0.038,0.009,-0.16,0.001,-1,-0.285,-1.225,-0.081,-1.225,-0.081
2513974,0,0,2.792,-1.022,0.045,-1.034,0.055,-0.767,-0.32,-1.039,-0.106,-1.039,-0.106
2513984,0,0,2.792,-0.138,0.032,-0.332,0.009,-0.69,-0.413,-0.922,-0.15,-0.922,-0.15
2513994,0,0,2.792,-1.305,0.042,-0.837,0.019,-0.847,-0.43,-0.818,-0.196,-0.818,-0.196
2514004,0,0,2.792,-1.619,0.103,-1.658,0.098,-1.043,-0.31,-0.886,-0.226,-0.886,-0.226
2514014,0,0,2.792,-0.271,0.018,-0.651,0.061,-1.257,-0.073,-1.014,-0.174,-1.014,-0.174
2514024,0,0,2.792,-0.974,0.071,-0.628,0.038,-1.373,0.114,-1.07,-0.103,-1.07,-0.103
2514034,0,0,2.792,-0.768,0.038,-1.163,0.047,-1.389,0.17,-1.167,-0.025,-1.167,-0.025
2514044,0,0,2.792,-0.069,0.003,-0.239,0.016,-1.214,0.155,-1.149,0.027,-1.149,0.027
2514054,0,0,2.792,-0.006,0,-0.056,0.018,-0.815,0.11,-0.954,0.049,-0.954,0.049
2514064,0,0,2.792,0,0,-0.038,0.006,-0.398,0.09,-0.728,0.052,-0.728,0.052
2514074,0,0,2.792,-0.041,0.002,-0.057,-0.009,-0.222,0.216,-0.551,0.073,-0.551,0.073
2514084,0,0,2.792,-1.176,0.086,-0.96,0.042,-0.346,0.281,-0.475,0.12,-0.475,0.12
2514094,0,0,2.792,-1.401,0.088,-1.329,0.084,-0.592,0.206,-0.547,0.145,-0.547,0.145
2514104,0,0,2.792,-1.415,0.075,-1.41,0.073,-0.762,0.145,-0.658,0.145,-0.658,0.145
2514114,0,0,2.792,-0.141,0.008,-0.433,0.021,-0.742,0.142,-0.713,0.136,-0.713,0.136
2514124,0,0,2.792,-0.013,0,-0.082,0.008,-0.496,0.105,-0.633,0.12,-0.633,0.12
2514134,0,0,2.792,-0.001,0,-0.038,0.005,-0.197,0.054,-0.466,0.091,-0.466,0.091
2514144,0,0,2.792,0,0,-0.053,0.008,-0.022,0.014,-0.298,0.06,-0.298,0.06
2514154,0,0,2.792,0,0,-0.023,-0.001,-0.035,0.025,-0.214,0.047,-0.214,0.047
2514164,0,0,2.792,0,0,-0.034,-0.015,-0.133,0.054,-0.172,0.042,-0.172,0.042
2514174,0,0,2.792,0,0,0.004,0.007,-0.3,0.041,-0.18,0.041,-0.18,0.041
2514184,0,0,2.792,0,0,-0.004,0.009,-0.454,0.032,-0.201,0.035,-0.201,0.035
2514194,0,0,2.792,-0.005,-0.001,-0.042,0.005,-0.497,0.036,-0.26,0.033,-0.26,0.033
2514204,0,0,2.792,-0.008,0,-0.043,-0.003,-0.41,-0.001,-0.281,0.024,-0.281,0.024
2514214,0,0,2.792,0,0,-0.024,-0.001,-0.235,-0.064,-0.233,0.005,-0.233,0.005
2514224,0,0,2.792,0,0,-0.031,0.003,-0.043,-0.108,-0.154,-0.015,-0.154,-0.015
2514234,0,0,2.792,0,0,-0.025,0.01,0.051,-0.119,-0.095,-0.031,-0.095,-0.031
2514244,0,0,2.792,0,0,-0.031,0.007,0.027,-0.087,-0.058,-0.043,-0.058,-0.043
2514254,0,0,2.792,-0.08,0.015,-0.03,-0.002,-0.109,0.01,-0.055,-0.036,-0.055,-0.036
2514264,0,0,2.792,-0.331,0.069,-0.272,0.047,-0.203,0.068,-0.11,-0.001,-0.11,-0.001
2514274,0,0,2.792,-0.295,0.043,-0.33,0.052,-0.238,0.078,-0.156,0.021,-0.156,0.021
2514284,0,0,2.792,-0.267,0.043,-0.307,0.051,-0.203,0.074,-0.191,0.038,-0.191,0.038
2514294,0,0,2.792,-0.229,0.051,-0.266,0.05,-0.114,0.064,-0.202,0.047,-0.202,0.047
2514304,0,0,2.792,-0.048,0.014,-0.143,0.029,0.017,0.014,-0.188,0.046,-0.188,0.046
2514314,0,0,2.792,-0.123,0.059,-0.132,0.049,0.13,-0.054,-0.133,0.032,-0.133,0.032
2514324,0,0,2.792,-0.082,0.057,-0.112,0.07,0.13,-0.062,-0.077,0.014,-0.077,0.014
2514334,0,0,2.792,-0.041,0.056,-0.062,0.065,0.064,-0.017,-0.044,0.01,-0.044,0.01
2514344,0,0,2.792,0.017,0.035,-0.009,0.044,0.043,0.004,-0.025,0.028,-0.025,0.028
2514354,0,0,2.792,0.055,0.01,0.031,0.027,0.048,0.01,-0.004,0.027,-0.004,0.027
2514364,0,0,2.792,0.071,0.007,0.055,0.015,0.058,0.009,0.026,0.02,0.026,0.02
2514374,0,0,2.792,0.08,0.005,0.072,0.01,0.07,0.007,0.04,0.017,0.04,0.017
2514384,0,0,2.792,0.093,-0.004,0.088,0.001,0.083,0.003,0.057,0.012,0.057,0.012
2514394,0,0,2.792,0.109,-0.017,0.103,-0.011,0.1,-0.003,0.084,0,0.084,0
2514404,0,0,2.792,0.126,-0.025,0.119,-0.02,0.118,-0.009,0.096,-0.006,0.096,-0.006
2514414,0,0,2.792,0.135,-0.024,0.13,-0.021,0.131,-0.016,0.109,-0.012,0.109,-0.012
2514424,0,0,2.792,0.132,-0.027,0.13,-0.024,0.139,-0.023,0.122,-0.017,0.122,-0.017
2514434,0,0,2.792,0.128,-0.039,0.13,-0.035,0.144,-0.03,0.127,-0.022,0.127,-0.022
2514444,0,0,2.792,0.126,-0.043,0.133,-0.041,0.145,-0.038,0.132,-0.032,0.132,-0.032
2514454,2,0,2.792,0.128,-0.046,0.132,-0.045,0.143,-0.043,0.134,-0.037,0.134,-0.037
2514464,2,0,2.792,0.118,-0.043,0.121,-0.044,0.136,-0.043,0.132,-0.041,0.132,-0.041
2514474,2,0,2.792,0.105,-0.041,0.112,-0.04,0.127,-0.043,0.123,-0.042,0.123,-0.042
2514484,2,0,2.792,0.091,-0.038,0.101,-0.04,0.117,-0.042,0.117,-0.042,0.117,-0.042
2514494,2,0,2.792,0.083,-0.037,0.09,-0.038,0.106,-0.042,0.1,-0.04,0.1,-0.04
2514504,2,0,2.792,0.074,-0.036,0.081,-0.038,0.096,-0.04,0.09,-0.038,0.09,-0.038
2514514,2,0,2.792,0.068,-0.037,0.079,-0.042,0.087,-0.039,0.084,-0.04,0.084,-0.04
2514524,2,0,2.792,0.055,-0.031,0.064,-0.037,0.079,-0.036,0.075,-0.039,0.075,-0.039
2514534,2,0,2.792,0.044,-0.021,0.048,-0.025,0.072,-0.032,0.059,-0.032,0.059,-0.032
2514544,2,0,2.792,0.046,-0.02,0.045,-0.021,0.068,-0.029,0.049,-0.024,0.049,-0.024
2514554,2,0,2.792,0.052,-0.018,0.056,-0.023,0.067,-0.024,0.055,-0.024,0.055,-0.024
2514564,2,0,2.792,0.052,-0.012,0.048,-0.015,0.07,-0.019,0.051,-0.018,0.051,-0.018
2514574,2,0,2.792,0.062,-0.013,0.055,-0.013,0.076,-0.016,0.052,-0.015,0.052,-0.015
2514584,2,0,2.792,0.099,-0.013,0.083,-0.014,0.089,-0.012,0.06,-0.014,0.06,-0.014
2514594,2,0,2.792,0.025,-0.002,0.048,-0.008,0.108,-0.014,0.072,-0.013,0.072,-0.013
2514604,2,0,2.792,0.069,0.002,0.024,-0.002,0.145,-0.022,0.065,-0.012,0.065,-0.012
2514614,2,0,2.792,0.018,0,0.022,0.002,0.184,-0.022,0.066,-0.008,0.066,-0.008
2514624,2,0,2.792,0.093,-0.006,0.053,-0.003,0.22,0.001,0.067,-0.004,0.067,-0.004
2514634,2,0,2.792,0.153,-0.006,0.125,-0.01,0.249,0.01,0.099,-0.004,0.099,-0.004
2514644,2,0,2.792,0.22,-0.011,0.185,-0.007,0.291,-0.003,0.139,-0.005,0.139,-0.005
2514654,2,0,2.792,0.157,-0.01,0.161,-0.013,0.369,-0.018,0.184,-0.007,0.184,-0.007
2514664,2,0,2.792,0.28,-0.016,0.238,0,0.483,-0.026,0.229,-0.012,0.229,-0.012
2514674,2,0,2.792,0.314,-0.022,0.287,-0.026,0.599,0.049,0.275,-0.003,0.275,-0.003
2514684,2,0,2.792,0.348,-0.013,0.317,0.002,0.706,0.134,0.333,0.002,0.333,0.002
2514694,2,0,2.792,0.399,-0.025,0.367,-0.041,0.801,0.217,0.41,0.032,0.41,0.032
2514704,2,0,2.792,0.451,-0.028,0.425,-0.035,0.798,0.167,0.473,0.04,0.473,0.04
2514714,2,0,2.792,0.466,-0.032,0.451,-0.028,0.79,0.085,0.512,0.029,0.512,0.029
2514724,2,0,2.792,0.488,-0.025,0.476,-0.028,0.828,0.048,0.551,0.019,0.551,0.019
2514734,2,0,2.792,0.559,-0.023,0.507,-0.037,0.896,0.01,0.61,0.015,0.61,0.015
2514744,2,0,2.792,0.539,-0.036,0.537,-0.028,0.918,-0.033,0.664,-0.002,0.664,-0.002
2514754,4,0,2.792,0.578,-0.034,0.579,-0.023,0.961,-0.038,0.71,-0.013,0.71,-0.013
2514764,4,0,2.792,0.216,-0.01,0.413,-0.026,1.05,-0.024,0.722,-0.023,0.722,-0.023
2514774,4,0,2.792,0.019,0,0.063,0.004,1.092,-0.04,0.731,-0.024,0.731,-0.024
2514784,4,0,2.792,0.002,0,-0.018,-0.003,1.131,-0.077,0.728,-0.027,0.728,-0.027
2514794,4,0,2.792,0.548,-0.034,0.379,-0.036,1.233,-0.174,0.665,-0.046,0.665,-0.046
2514804,4,0,2.792,0.764,-0.053,0.664,-0.05,1.424,-0.261,0.758,-0.078,0.758,-0.078
2514814,4,0,2.792,0.96,-0.05,0.849,-0.035,1.579,-0.339,0.921,-0.118,0.921,-0.118
2514824,4,0,2.792,0.787,-0.029,0.792,-0.038,1.56,-0.253,1.069,-0.145,1.069,-0.145
2514834,4,0,2.792,0.893,-0.032,0.902,-0.05,1.539,-0.093,1.151,-0.129,1.151,-0.129
2514844,4,0,2.792,0.831,-0.034,0.861,-0.029,1.554,-0.062,1.216,-0.102,1.216,-0.102
2514854,4,0,2.792,1.149,0.012,1.103,0.009,1.563,-0.12,1.228,-0.081,1.228,-0.081
2514864,4,0,2.792,1.045,-0.026,1.001,-0.042,1.528,-0.056,1.264,-0.068,1.264,-0.068
2514874,4,0,2.792,0.947,-0.033,0.984,-0.019,1.493,-0.007,1.298,-0.055,1.298,-0.055
2514884,4,0,2.792,1.114,0,1.124,-0.01,1.54,0.033,1.269,-0.028,1.269,-0.028
2514894,4,0,2.792,1.233,0.02,1.076,-0.003,1.605,0.039,1.332,-0.011,1.332,-0.011
2514904,4,0,2.792,0.945,-0.003,0.811,-0.003,1.716,0.068,1.226,0.004,1.226,0.004
2514914,4,0,2.792,0.148,-0.002,0.361,-0.002,1.9,0.069,1.316,0.016,1.316,0.016
2514924,4,0,2.792,0.013,0,0.046,0.018,2.037,0.083,1.348,0.026,1.348,0.026
2514934,4,0,2.792,0.492,0.021,0.175,0.02,2.038,0.048,1.321,0.03,1.321,0.03
2514944,4,0,2.792,0.139,0.008,0.268,-0.007,2.06,0.023,1.176,0.024,1.176,0.024
2514954,4,0,2.792,0.012,0,0.049,0.007,2.133,-0.037,1.18,0.011,1.18,0.011
2514964,4,0,2.792,0.001,0,0.005,0.003,2.388,-0.06,1.184,-0.002,1.184,-0.002
2514974,4,0,2.792,0,0,-0.029,-0.004,2.781,-0.098,1.417,-0.019,1.417,-0.019
2514985,4,0,2.792,0.037,0.007,-0.015,-0.009,3.111,-0.076,1.493,-0.029,1.493,-0.029
2514995,4,0,2.792,1.565,0.097,1.169,0.064,3.176,-0.18,1.915,-0.046,1.915,-0.046
2515005,6,0,2.792,1.608,0.051,1.361,0.042,2.969,-0.178,2.101,-0.05,2.101,-0.05
2515015,6,0,2.792,1.527,0.055,1.51,0.066,2.671,-0.052,2.177,-0.037,2.177,-0.037
2515025,6,0,2.792,0.147,0.007,0.425,0.01,2.44,0.042,2.108,-0.016,2.108,-0.016
2515035,6,0,2.792,1.266,0.032,1.028,0.032,2.284,0.084,1.828,0.008,1.828,0.008
2515045,6,0,2.792,1.77,0.098,1.601,0.085,2.265,0.071,1.843,0.034,1.843,0.034
2515055,6,0,2.792,1.506,0.053,1.505,0.067,2.392,0.082,1.866,0.06,1.866,0.06
2515065,6,0,2.792,1.423,0.056,1.494,0.056,2.603,0.108,1.963,0.063,1.963,0.063
2515075,6,0,2.792,1.17,0.053,1.485,0.057,2.828,0.14,2.11,0.076,2.11,0.076
2515085,6,0,2.792,0.106,0.005,0.323,0.033,3.009,0.128,2.07,0.081,2.07,0.081
2515094,6,0,2.792,0.009,0,0.036,-0.006,3.051,0.06,2.121,0.073,2.121,0.073
2515104,6,0,2.792,1.633,0.127,1.087,0.08,2.964,-0.015,2.16,0.054,2.16,0.054
2515114,6,0,2.792,0.171,0.014,0.431,0.026,2.962,-0.081,2.214,0.033,2.214,0.033
2515125,6,0,2.792,0.015,0.001,0.051,0.012,3.039,-0.141,2.268,-0.004,2.268,-0.004
2515135,6,0,2.792,0.001,0,-0.011,-0.004,3.235,-0.123,1.675,-0.017,1.675,-0.017
2515144,6,0,2.792,0,0,-0.013,-0.001,3.49,-0.019,1.783,-0.018,1.783,-0.018
2515154,6,0,2.792,0.369,0.004,0.097,0.007,3.697,0.078,1.907,-0.001,1.907,-0.001
2515164,6,0,2.792,1.982,0.113,1.506,0.1,3.767,0.047,2.245,0.019,2.245,0.019
2515174,6,0,2.792,2.097,0.133,2.028,0.13,3.829,0.018,2.575,0.046,2.575,0.046
2515188,6,0,2.792,2.39,0.197,2.146,0.171,3.963,-0.03,2.767,0.076,2.767,0.076
2515195,6,0,2.792,2.119,0.136,2.108,0.111,4.004,-0.05,3.159,0.061,3.159,0.061
2515205,6,0,2.792,2.134,0.136,2.196,0.145,3.826,-0.062,3.332,0.045,3.332,0.045
2515215,6,0,2.792,2.089,0.124,2.151,0.133,3.458,-0.039,3.358,0.032,3.358,0.032
2515225,6,0,2.792,2.159,0.106,2.151,0.118,3.113,-0.021,3.162,0.041,3.162,0.041
2515235,6,0,2.792,2.211,0.08,2.189,0.077,2.882,0.003,2.995,0.038,2.995,0.038
2515245,6,0,2.792,2.202,0.148,2.087,0.129,2.845,-0.004,2.816,0.046,2.816,0.046
2515255,8,0,2.792,2.54,0.132,2.282,0.115,2.954,0.001,2.741,0.051,2.741,0.051
2515265,8,0,2.792,2.206,0.101,2.198,0.105,3.175,0.02,2.769,0.056,2.769,0.056
2515275,8,0,2.792,2.458,0.158,2.301,0.137,3.543,0.052,2.923,0.063,2.923,0.063
2515285,8,0,2.792,2.278,0.106,2.234,0.089,3.846,0.004,3.163,0.062,3.163,0.062
2515295,8,0,2.792,2.284,0.093,2.301,0.133,4.02,-0.019,3.434,0.053,3.434,0.053
2515305,8,0,2.792,2.268,0.117,2.225,0.109,4.122,-0.021,3.533,0.047,3.533,0.047
2515315,8,0,2.792,2.393,0.155,2.285,0.137,4.094,0.034,3.609,0.055,3.609,0.055
2515325,8,0,2.792,2.293,0.153,2.305,0.166,3.978,0.077,3.516,0.088,3.516,0.088
2515335,8,0,2.792,2.604,0.133,2.537,0.132,3.899,0.107,3.53,0.1,3.53,0.1
2515345,8,0,2.792,2.615,0.155,2.582,0.17,3.961,0.09,3.636,0.105,3.636,0.105
2515355,8,0,2.792,2.598,0.145,2.552,0.138,4.062,0.025,3.709,0.103,3.709,0.103
2515365,8,0,2.792,2.488,0.101,2.551,0.106,4.162,-0.053,3.844,0.074,3.844,0.074
2515375,8,0,2.792,2.64,0.076,2.682,0.12,4.245,-0.04,3.411,0.087,3.411,0.087
2515385,8,0,2.792,2.641,0.109,2.575,0.121,4.306,0.015,3.621,0.074,3.621,0.074
2515395,8,0,2.792,2.697,0.089,2.646,0.1,4.354,0.106,3.739,0.078,3.739,0.078
2515405,8,0,2.792,2.812,0.099,2.745,0.082,4.446,0.158,3.977,0.094,3.977,0.094
2515415,8,0,2.792,2.706,0.062,2.658,0.056,4.566,0.123,4.161,0.1,4.161,0.1
2515425,8,0,2.792,2.811,0.106,2.742,0.095,4.554,0.01,4.258,0.087,4.258,0.087
2515435,8,0,2.792,2.982,0.088,2.906,0.084,4.516,-0.038,4.344,0.059,4.344,0.059
2515445,8,0,2.792,2.851,0.102,2.81,0.09,4.493,0.007,4.365,0.043,4.365,0.043
2515455,8,0,2.792,2.807,0.075,2.782,0.088,4.495,0.058,4.202,0.061,4.202,0.061
2515465,8,0,2.792,2.901,0.098,2.857,0.089,4.573,0.039,4.258,0.062,4.258,0.062
2515475,8,0,2.792,2.995,0.125,2.977,0.12,4.658,-0.003,4.25,0.064,4.25,0.064
2515488,8,0,2.792,2.908,0.053,2.926,0.07,4.679,-0.064,4.329,0.054,4.329,0.054
2515494,8,0,2.792,2.825,0.01,2.906,0.056,4.649,-0.044,4.454,0.029,4.454,0.029
2515504,8,0,2.792,2.957,0.08,2.944,0.065,4.694,-0.007,4.467,0.025,4.467,0.025
2515514,8,0,2.792,3.135,0.176,3.025,0.157,4.785,0.022,4.563,0.034,4.563,0.034
2515524,8,0,2.792,3.18,0.178,3.144,0.193,4.816,0.045,4.58,0.068,4.58,0.068
2515534,8,0,2.792,3.166,0.185,3.147,0.172,4.815,0.047,4.518,0.096,4.518,0.096
2515544,8,0,2.792,3.229,0.224,3.198,0.188,4.796,0.024,4.458,0.116,4.458,0.116
2515554,8,0,2.792,3.041,0.121,3.122,0.152,4.764,0.044,4.549,0.111,4.549,0.111
2515564,8,0,2.792,3.068,0.106,3.048,0.133,4.786,0.088,4.61,0.107,4.61,0.107
2515574,8,0,2.792,3.227,0.084,3.171,0.083,4.85,0.166,4.671,0.113,4.671,0.113
2515588,8,0,2.792,3.122,0.153,3.141,0.152,4.945,0.222,4.744,0.134,4.744,0.134
2515595,8,0,2.792,3.212,0.213,3.128,0.219,5.027,0.203,4.885,0.165,4.885,0.165
2515605,8,0,2.792,3.443,0.208,3.305,0.18,4.97,0.136,4.908,0.167,4.908,0.167
2515615,8,0,2.792,3.314,0.199,3.337,0.202,4.911,0.064,4.879,0.151,4.879,0.151
2515625,8,0,2.792,3.167,0.179,3.21,0.192,4.949,0.019,4.734,0.146,4.734,0.146
2515635,8,0,2.792,3.47,0.296,3.321,0.263,5.034,0.012,4.84,0.131,4.84,0.131
2515645,8,0,2.792,3.605,0.314,3.452,0.283,5.095,-0.003,4.932,0.138,4.932,0.138
2515655,8,0,2.792,3.447,0.278,3.504,0.27,5.065,-0.035,4.975,0.137,4.975,0.137
2515665,8,0,2.792,3.481,0.257,3.501,0.279,5,-0.036,4.969,0.115,4.969,0.115
2515675,8,0,2.792,3.357,0.264,3.417,0.278,5.025,0,4.86,0.145,4.86,0.145
2515685,8,0,2.792,3.221,0.269,3.287,0.269,5.119,0.035,4.969,0.142,4.969,0.142
2515695,8,0,2.792,3.614,0.321,3.548,0.302,5.158,0.067,4.903,0.19,4.903,0.19
2515705,8,0,2.792,3.572,0.343,3.553,0.334,5.117,0.041,4.869,0.224,4.869,0.224
2515715,8,0,2.792,3.729,0.341,3.673,0.347,5.075,0.029,4.962,0.213,4.962,0.213
2515725,8,0,2.792,3.669,0.272,3.611,0.296,5.077,0.037,5,0.196,5,0.196
2515735,8,0,2.792,3.592,0.26,3.61,0.278,5.123,0.079,4.974,0.199,4.974,0.199
2515745,8,0,2.792,3.678,0.358,3.695,0.336,5.161,0.096,5.028,0.204,5.028,0.204
2515755,8,0,2.792,3.665,0.284,3.617,0.285,5.148,0.068,5.092,0.192,5.092,0.192
2515765,8,0,2.792,3.771,0.352,3.657,0.354,5.147,-0.002,5.084,0.18,5.084,0.18
2515775,8,0,2.792,3.543,0.335,3.652,0.342,5.144,-0.005,5.052,0.187,5.052,0.187
2515785,8,0,2.792,3.709,0.388,3.694,0.375,5.181,0.026,5.048,0.209,5.048,0.209
2515794,8,0,2.792,3.817,0.351,3.749,0.368,5.201,0.06,5.051,0.238,5.051,0.238
2515805,8,0,2.792,3.663,0.377,3.761,0.376,5.204,0.064,5.063,0.253,5.063,0.253
2515814,8,0,2.792,3.868,0.407,3.779,0.38,5.222,0.057,5.119,0.247,5.119,0.247
2515824,8,0,2.792,3.838,0.328,3.886,0.368,5.227,0.055,5.151,0.236,5.151,0.236
2515834,8,0,2.792,3.946,0.332,3.935,0.316,5.233,0.093,5.102,0.251,5.102,0.251
2515844,8,0,2.792,3.967,0.37,3.929,0.364,5.259,0.099,5.133,0.257,5.133,0.257
2515854,8,0,2.792,3.82,0.298,3.889,0.329,5.285,0.091,5.151,0.26,5.151,0.26
2515864,8,0,2.792,3.758,0.356,3.832,0.342,5.312,0.041,4.999,0.278,4.999,0.278
2515874,8,0,2.792,3.913,0.294,3.887,0.312,5.285,0.028,5.185,0.246,5.185,0.246
2515884,8,0,2.792,3.987,0.357,3.903,0.335,5.26,0.035,5.163,0.228,5.163,0.228
2515894,8,0,2.792,4.004,0.345,3.926,0.339,5.283,0.065,5.199,0.219,5.199,0.219
2515904,8,0,2.792,4.005,0.347,3.978,0.349,5.334,0.074,5.224,0.22,5.224,0.22
2515914,8,0,2.792,4.253,0.458,4.009,0.395,5.357,0.057,5.236,0.239,5.236,0.239
2515924,8,0,2.792,4.133,0.371,4.054,0.385,5.339,0.022,5.278,0.232,5.278,0.232
2515934,8,0,2.792,4.009,0.291,4.047,0.325,5.313,0.031,5.246,0.214,5.246,0.214
2515944,8,0,2.792,3.652,0.299,3.766,0.315,5.323,0.038,5.272,0.188,5.272,0.188
2515954,8,0,2.792,3.984,0.389,3.821,0.353,5.361,0.058,5.272,0.187,5.272,0.187
2515965,8,0,2.792,4.04,0.392,3.912,0.384,5.401,0.045,5.306,0.201,5.306,0.201
2515974,8,0,2.792,3.881,0.32,3.962,0.332,5.394,0.042,5.343,0.194,5.343,0.194
2515985,8,0,2.792,3.893,0.219,3.86,0.256,5.346,0.058,5.306,0.181,5.306,0.181
2515994,8,0,2.792,3.846,0.259,3.783,0.265,5.347,0.087,5.293,0.168,5.293,0.168
2516005,8,0,2.792,3.612,0.207,3.676,0.222,5.429,0.084,5.31,0.166,5.31,0.166
2516014,8,0,2.792,3.996,0.331,3.864,0.287,5.494,0.071,5.397,0.161,5.397,0.161
2516024,8,0,2.792,4.039,0.301,4.092,0.294,5.489,0.024,5.448,0.15,5.448,0.15
2516034,8,0,2.792,3.967,0.234,3.924,0.266,5.424,0.033,5.382,0.148,5.382,0.148
2516044,8,0,2.792,3.92,0.295,3.886,0.279,5.432,0.03,5.327,0.163,5.327,0.163
2516054,8,0,2.792,3.982,0.328,4.033,0.331,5.502,0.035,5.398,0.164,5.398,0.164
2516064,0,0,2.792,3.961,0.357,4.026,0.342,5.554,-0.002,5.468,0.162,5.468,0.162
2516074,0,0,2.792,4.221,0.315,4.184,0.312,5.531,-0.035,5.506,0.135,5.506,0.135
2516084,0,0,2.792,4.012,0.309,3.986,0.326,5.491,-0.029,5.47,0.116,5.47,0.116
2516095,0,0,2.792,4.058,0.354,3.95,0.337,5.491,0.03,5.389,0.184,5.389,0.184
2516105,0,0,2.792,4.207,0.34,4.082,0.316,5.536,0.072,5.459,0.173,5.459,0.173
2516115,0,0,2.792,4.4,0.354,4.292,0.334,5.567,0.106,5.469,0.2,5.469,0.2
2516125,0,0,2.792,4.192,0.299,4.197,0.318,5.559,0.069,5.522,0.189,5.522,0.189
2516135,0,0,2.792,1.305,0.095,2.57,0.207,5.518,0.072,5.499,0.168,5.499,0.168
2516145,0,0,2.792,3.189,0.219,2.67,0.189,5.523,0.099,5.429,0.148,5.429,0.148
2516155,0,0,2.792,4.112,0.297,3.939,0.283,5.565,0.142,5.482,0.157,5.482,0.157
2516165,0,0,2.792,4.36,0.297,4.269,0.309,5.589,0.134,5.526,0.175,5.526,0.175
2516175,0,0,2.792,4.357,0.347,4.294,0.345,5.554,0.119,5.519,0.192,5.519,0.192
2516185,0,0,2.792,4.285,0.279,4.263,0.319,5.513,0.151,5.489,0.2,5.489,0.2
2516195,0,0,2.792,4.066,0.271,4.162,0.261,5.53,0.221,5.496,0.207,5.496,0.207
2516205,0,0,2.792,4.106,0.208,4.077,0.202,5.586,0.28,5.493,0.221,5.493,0.221
2516215,0,0,2.792,4.349,0.316,4.247,0.29,5.646,0.318,5.542,0.245,5.542,0.245
2516225,0,0,2.792,4.29,0.327,4.249,0.326,5.677,0.257,5.62,0.26,5.62,0.26
2516235,0,0,2.792,4.227,0.252,4.276,0.229,5.642,0.163,5.632,0.246,5.632,0.246
2516245,0,0,2.792,4.046,0.122,4.104,0.172,5.671,0.063,5.631,0.205,5.631,0.205
2516255,0,0,2.792,4.128,0.144,4.142,0.16,5.743,0.031,5.68,0.159,5.68,0.159
2516265,0,0,2.792,4.112,0.298,4.143,0.264,5.801,-0.012,5.742,0.124,5.742,0.124
2516275,0,0,2.792,1.562,0.119,2.918,0.183,5.765,-0.033,5.747,0.1,5.747,0.1
2516285,0,0,2.792,3.416,0.189,2.941,0.162,5.689,-0.059,5.67,0.065,5.67,0.065
2516295,0,0,2.792,4.348,0.233,4.14,0.227,5.687,-0.047,5.649,0.051,5.649,0.051
2516305,0,0,2.792,4.564,0.276,4.453,0.289,5.727,-0.021,5.684,0.047,5.684,0.047
2516315,0,0,2.792,4.985,0.215,4.836,0.262,5.736,0,5.714,0.051,5.714,0.051
2516325,0,0,2.792,4.838,0.229,4.833,0.216,5.661,0.002,5.671,0.072,5.671,0.072
2516335,0,0,2.792,4.284,0.144,4.448,0.205,5.591,0.063,5.605,0.075,5.605,0.075
2516345,0,0,2.792,3.959,0.04,4.048,0.081,5.607,0.121,5.576,0.088,5.576,0.088
2516355,0,0,2.792,3.967,0.142,3.903,0.145,5.68,0.136,5.613,0.102,5.613,0.102
2516365,0,0,2.792,4.34,0.299,4.167,0.244,5.723,0.119,5.67,0.118,5.67,0.118
2516375,0,0,2.792,4.164,0.189,4.212,0.246,5.685,0.196,5.681,0.135,5.681,0.135
2516385,0,0,2.792,4.205,0.123,4.223,0.178,5.661,0.281,5.649,0.172,5.649,0.172
2516395,0,0,2.792,4.081,0.203,4.087,0.147,5.701,0.307,5.663,0.204,5.663,0.204
2516405,0,0,2.792,4.432,0.282,4.338,0.239,5.779,0.253,5.723,0.223,5.723,0.223
2516415,0,0,2.792,4.569,0.249,4.416,0.242,5.795,0.206,5.765,0.224,5.765,0.224
2516425,0,0,2.792,4.381,0.249,4.399,0.267,5.699,0.16,5.724,0.212,5.724,0.212
2516435,0,0,2.792,4.293,0.227,4.442,0.218,5.624,0.163,5.623,0.205,5.623,0.205
2516445,0,0,2.792,4.487,0.227,4.431,0.218,5.65,0.141,5.616,0.193,5.616,0.193
2516455,0,0,2.792,4.436,0.256,4.405,0.255,5.733,0.129,5.667,0.184,5.667,0.184
2516465,0,0,2.792,2.311,0.146,3.53,0.219,5.757,0.088,5.711,0.173,5.711,0.173
2516475,0,0,2.792,3.267,0.144,2.571,0.137,5.695,0.079,5.685,0.148,5.685,0.148
2516485,0,0,2.792,4.163,0.203,3.989,0.2,5.653,0.072,5.536,0.141,5.536,0.141
2516494,0,0,2.792,4.312,0.205,4.303,0.175,5.691,0.1,5.612,0.137,5.612,0.137
2516504,0,0,2.792,4.287,0.236,4.355,0.224,5.781,0.09,5.699,0.134,5.699,0.134
2516514,0,0,2.792,4.523,0.239,4.411,0.23,5.783,0.077,5.737,0.137,5.737,0.137
2516524,0,0,2.792,4.478,0.181,4.534,0.201,5.706,0.06,5.715,0.125,5.715,0.125
2516534,0,0,2.792,0.978,0.036,2.102,0.085,5.669,0.098,5.618,0.124,5.618,0.124
2516544,0,0,2.792,3.853,0.172,3.268,0.137,5.7,0.114,5.609,0.117,5.609,0.117
2516554,0,0,2.792,4.48,0.252,4.255,0.208,5.744,0.116,5.676,0.125,5.676,0.125
2516564,0,0,2.792,4.458,0.214,4.476,0.227,5.697,0.085,5.687,0.129,5.687,0.129
2516574,0,0,2.792,4.343,0.205,4.424,0.231,5.636,0.08,5.625,0.132,5.625,0.132
2516584,0,0,2.792,3.671,0.109,4.222,0.149,5.627,0.057,5.592,0.128,5.592,0.128
2516595,0,0,2.792,3.507,0.172,2.951,0.125,5.645,0.019,5.595,0.104,5.595,0.104
2516605,0,0,2.792,4.302,0.178,4.003,0.158,5.63,-0.071,5.602,0.073,5.602,0.073
2516615,0,0,2.792,4.341,0.101,4.328,0.117,5.542,-0.136,5.565,0.03,5.565,0.03
2516625,0,0,2.792,4.303,0.069,4.335,0.069,5.475,-0.214,5.488,-0.019,5.488,-0.019
2516635,0,0,2.792,4.173,0.029,4.204,0.03,5.455,-0.297,5.428,-0.063,5.428,-0.063
2516645,0,0,2.792,4.423,0.038,4.37,0.023,5.494,-0.41,5.455,-0.13,5.455,-0.13
2516655,0,0,2.792,4.561,0.016,4.48,0.027,5.513,-0.451,5.49,-0.201,5.49,-0.201
2516665,0,0,2.792,4.31,-0.053,4.442,-0.021,5.436,-0.402,5.443,-0.21,5.443,-0.21
2516675,0,0,2.792,4.244,-0.117,4.304,-0.102,5.351,-0.323,5.375,-0.236,5.375,-0.236
2516685,0,0,2.792,4.207,-0.204,4.246,-0.177,5.336,-0.304,5.306,-0.238,5.306,-0.238
2516695,0,0,2.792,4.199,-0.233,4.172,-0.217,5.405,-0.276,5.349,-0.246,5.349,-0.246
2516705,0,0,2.792,4.327,-0.23,4.324,-0.216,5.492,-0.253,5.433,-0.248,5.433,-0.248
2516715,0,0,2.792,4.482,-0.303,4.384,-0.291,5.464,-0.226,5.453,-0.244,5.453,-0.244
2516725,0,0,2.792,4.317,-0.406,4.458,-0.391,5.352,-0.186,5.388,-0.241,5.388,-0.241
2516735,0,0,2.792,4.364,-0.423,4.384,-0.42,5.278,-0.057,5.279,-0.245,5.279,-0.245
2516745,0,0,2.792,4.161,-0.425,4.283,-0.415,5.27,0.119,5.257,-0.19,5.257,-0.19
2516755,0,0,2.792,4.547,-0.597,4.402,-0.551,5.279,0.266,5.259,-0.113,5.259,-0.113
2516765,0,0,2.792,4.466,-0.698,4.422,-0.674,5.258,0.215,5.248,-0.1,5.248,-0.1
2516775,0,0,2.792,1.195,-0.188,1.86,-0.272,5.161,0.16,5.154,-0.074,5.154,-0.074
2516785,0,0,2.792,0.832,-0.12,0.869,-0.18,5.019,0.175,5.012,-0.04,5.012,-0.04
2516795,0,0,2.792,3.937,-0.589,3.245,-0.438,4.878,0.259,4.92,0.015,4.92,0.015
2516805,0,0,2.792,4.066,-0.531,4.061,-0.57,4.785,0.232,4.825,0.04,4.825,0.04
2516815,0,0,2.792,0.424,-0.052,1.176,-0.136,4.759,0.061,4.707,-0.037,4.707,-0.037
2516825,0,0,2.792,0.038,-0.005,0.17,-0.012,4.752,-0.003,4.689,-0.027,4.689,-0.027
2516835,0,0,2.792,0.003,0,0.067,-0.074,4.705,0.082,4.652,-0.007,4.652,-0.007
2516845,0,0,2.792,-0.016,0.028,-0.029,0.042,4.594,0.125,4.584,0.022,4.584,0.022
2516855,0,0,2.792,0.025,-0.019,0.013,0.092,4.509,0.15,4.464,0.058,4.464,0.058
2516865,0,0,2.792,-0.013,-0.002,-0.028,-0.007,4.429,0.134,4.372,0.079,4.372,0.079
2516875,0,0,2.792,-0.126,0.026,-0.054,-0.037,4.358,0.149,4.272,0.09,4.272,0.09
2516885,0,0,2.792,1.383,-0.086,0.411,-0.048,4.285,0.112,3.995,0.083,3.995,0.083
2516895,0,0,2.792,3.831,-0.274,3.283,-0.221,4.278,0.064,4.082,0.069,4.082,0.069
2516905,0,0,2.792,4.217,-0.23,4.07,-0.188,4.367,0.022,4.183,0.019,4.183,0.019
2516915,0,0,2.792,2.259,-0.102,3.459,-0.171,4.404,0.031,4.296,0.005,4.296,0.005
2516925,0,0,2.792,3.099,-0.202,2.685,-0.213,4.304,0.034,4.161,-0.017,4.161,-0.017
2516935,0,0,2.792,3.941,-0.217,3.732,-0.199,4.093,0.018,4.137,-0.02,4.137,-0.02
2516945,0,0,2.792,3.786,-0.172,3.957,-0.154,3.876,-0.052,4.033,-0.048,4.033,-0.048
2516955,0,0,2.792,0.772,-0.035,1.839,-0.098,3.693,-0.079,3.868,-0.062,3.868,-0.062
2516965,0,0,2.792,3.152,-0.196,2.647,-0.174,3.569,-0.042,3.674,-0.065,3.674,-0.065
2516975,0,0,2.792,3.58,-0.221,3.577,-0.213,3.544,-0.014,3.601,-0.07,3.601,-0.07
2516985,0,0,2.792,3.747,-0.208,3.75,-0.193,3.593,-0.037,3.592,-0.071,3.592,-0.071
2516995,0,0,2.792,4.013,-0.211,3.997,-0.221,3.657,-0.028,3.628,-0.075,3.628,-0.075
2517005,0,0,2.792,3.93,-0.245,3.859,-0.253,3.668,0.026,3.693,-0.103,3.693,-0.103
2517015,0,0,2.792,2.417,-0.159,3.358,-0.198,3.557,0.076,3.66,-0.092,3.66,-0.092
2517025,0,0,2.792,2.361,-0.14,1.737,-0.098,3.357,0.061,3.311,-0.079,3.311,-0.079
2517035,0,0,2.792,3.481,-0.221,3.263,-0.216,3.195,0.064,3.231,-0.069,3.231,-0.069
2517045,0,0,2.792,3.658,-0.266,3.594,-0.25,3.188,0.082,3.241,-0.067,3.241,-0.067
2517055,0,0,2.792,3.708,-0.238,3.575,-0.223,3.231,0.092,3.264,-0.059,3.264,-0.059
2517065,0,0,2.792,3.604,-0.249,3.601,-0.269,3.239,0.063,3.295,-0.063,3.295,-0.063
2517075,0,0,2.792,3.373,-0.258,3.413,-0.251,3.196,0.037,3.277,-0.057,3.277,-0.057
2517085,0,0,2.792,0.64,-0.051,1.535,-0.101,3.068,0.002,3.175,-0.058,3.175,-0.058
2517095,0,0,2.792,1.527,-0.103,1.77,-0.131,2.876,0.025,2.818,-0.061,2.818,-0.061
2517105,0,0,2.792,0.138,-0.01,0.453,-0.032,2.684,0.07,2.428,-0.044,2.428,-0.044
2517115,0,0,2.792,0.012,0,0.085,0.001,2.624,0.108,2.151,-0.011,2.151,-0.011
2517125,0,0,2.792,0.02,0,0.029,0.006,2.789,0.11,2.217,0.018,2.217,0.018
2517135,0,0,2.792,-0.327,1.264,-0.248,0.558,3.107,0.057,2.356,0.041,2.356,0.041
2517145,0,0,2.792,-0.079,0.129,-0.182,0.323,3.372,-0.089,2.426,0.091,2.426,0.091
2517155,0,0,2.792,-0.17,-0.04,-0.201,-0.046,3.46,-0.185,2.636,0.028,2.636,0.028
2517165,0,0,2.792,-0.048,0.007,-0.089,0.01,3.312,-0.187,2.719,-0.031,2.719,-0.031
2517175,0,0,2.792,-0.03,0.02,-0.026,0.017,3,-0.141,2.524,-0.052,2.524,-0.052
2517185,0,0,2.792,-0.003,0.002,0.024,0.002,2.625,-0.156,2.21,-0.06,2.21,-0.06
2517195,0,0,2.792,0,0,0.021,0.006,2.311,-0.194,1.546,-0.055,1.546,-0.055
2517205,0,0,2.792,-0.029,0.073,0.018,0.036,2.192,-0.185,1.494,-0.072,1.494,-0.072
2517215,0,0,2.792,-0.045,0.025,-0.014,0.018,2.369,-0.098,1.626,-0.078,1.626,-0.078
2517225,0,0,2.792,-0.033,0.036,-0.101,0.028,2.709,-0.029,1.844,-0.066,1.844,-0.066
2517235,0,0,2.792,0.931,-0.035,0.976,-0.024,2.923,-0.01,2.074,-0.046,2.074,-0.046
2517245,0,0,2.792,0.327,-0.017,0.538,-0.021,2.886,0.008,2.306,-0.033,2.306,-0.033
2517255,0,0,2.792,1.695,-0.123,1.274,-0.129,2.609,0.021,2.359,-0.023,2.359,-0.023
2517265,0,0,2.792,0.825,-0.081,1.364,-0.098,2.14,0.004,2.302,-0.022,2.302,-0.022
2517275,0,0,2.792,0.074,-0.007,0.298,-0.001,1.595,-0.053,2.054,-0.026,2.054,-0.026
2517285,0,0,2.792,0.007,0,0.078,-0.002,1.223,0.014,1.73,-0.024,1.73,-0.024
2517294,0,0,2.792,0,0,0.061,-0.004,1.037,0.173,1.402,0.013,1.402,0.013
2517304,0,0,2.792,0,0,0.033,-0.003,1.055,0.204,1.041,0.049,1.041,0.049
2517314,0,0,2.792,0,0,0.028,0.001,1.204,0.127,0.844,0.058,0.844,0.058
2517325,0,0,2.792,0,0,0.032,0.003,1.517,-0.019,0.886,0.047,0.886,0.047
2517334,0,0,2.792,0,0,0.031,0.014,1.989,-0.114,1.095,0.012,1.095,0.012
2517344,0,0,2.792,0,0,0.024,0.017,2.41,-0.037,1.417,-0.012,1.417,-0.012
2517354,0,0,2.792,0.925,-0.065,0.386,-0.045,2.665,0.168,1.773,0.018,1.773,0.018
2517365,0,0,2.792,2.143,-0.19,1.852,-0.177,2.609,0.062,2.016,0.027,2.016,0.027
2517374,0,0,2.792,0.528,-0.046,1.148,-0.066,2.26,-0.174,2.144,-0.007,2.144,-0.007
2517385,0,0,2.792,0.047,-0.004,0.195,-0.034,1.645,-0.468,2.013,-0.105,2.013,-0.105
2517394,0,0,2.792,0.004,0,0.039,-0.017,0.841,-0.672,1.678,-0.243,1.678,-0.243
2517404,0,0,2.792,0,0,0.057,0.005,0.14,-0.809,1.231,-0.387,1.231,-0.387
2517414,0,0,2.792,0,0,0.102,0.013,-0.315,-1.052,0.777,-0.535,0.777,-0.535
2517424,0,0,2.792,0,0,-0.076,0.006,-0.619,-1.146,0.441,-0.64,0.441,-0.64
2517434,0,0,2.792,0,0,0.056,0.013,-0.796,-0.779,0.087,-0.636,0.087,-0.636
2517444,0,0,2.792,0,0,0.012,0.006,-0.471,0.069,-0.095,-0.5,-0.095,-0.5
2517454,0,0,2.792,0,0,0.018,0,0.293,0.985,-0.069,-0.167,-0.069,-0.167
2517464,0,0,2.792,0,0,0.009,0,1.238,1.716,0.195,0.281,0.195,0.281
2517474,0,0,2.792,0,0,0.004,-0.003,2.124,2.193,0.662,0.791,0.662,0.791
2517484,0,0,2.792,0,0,-0.012,-0.012,2.776,2.39,1.246,1.265,1.246,1.265
2517494,0,0,2.792,0,0,-0.015,-0.059,2.945,2.054,1.783,1.545,1.783,1.545
2517504,0,0,2.792,0,0,-0.084,-0.03,2.252,1.146,2.032,1.499,2.032,1.499
2517514,0,0,2.792,0,0,-0.073,0.067,1.353,0.183,1.874,1.163,1.874,1.163
2517524,0,0,2.792,0,0,0.052,-0.037,0.714,-0.488,1.53,0.712,1.53,0.712
2517534,0,0,2.792,0,0,0.047,0.016,0.119,-1.082,1.119,0.241,1.119,0.241
2517544,0,0,2.792,0,0,0.018,-0.06,-0.145,-1.415,0.733,-0.194,0.733,-0.194
2517554,0,0,2.792,0,0,0.028,-0.021,-0.212,-1.628,0.447,-0.58,0.447,-0.58
2517564,0,0,2.792,0,0,0.03,0.004,-0.199,-1.537,0.249,-0.87,0.249,-0.87
2517574,0,0,2.792,0,0,0.085,-0.004,-0.058,-0.955,0.138,-0.923,0.138,-0.923
2517584,0,0,2.792,0,0,0.056,0.004,0.29,-0.02,0.11,-0.469,0.11,-0.469
2517594,0,0,2.792,0,0,0.026,0,0.814,0.989,0.208,-0.197,0.208,-0.197
2517604,0,0,2.792,0,0,0.022,-0.004,1.424,1.882,0.441,0.227,0.441,0.227
2517614,0,0,2.792,0,0,0.022,-0.008,1.976,2.576,0.792,0.787,0.792,0.787
2517624,0,0,2.792,0,0,0.022,-0.043,2.293,2.937,1.191,1.39,1.191,1.39
2517634,0,0,2.792,0,0,0.066,-0.042,2.132,2.627,1.49,1.822,1.49,1.822
2517644,0,0,2.792,0,0,0.079,0.06,1.772,1.931,1.612,1.929,1.612,1.929
2517654,0,0,2.792,0,0,-0.081,0.058,1.225,1.007,1.521,1.698,1.521,1.698
2517664,0,0,2.792,0.143,-0.03,0.238,-0.102,0.807,0.077,1.295,1.235,1.295,1.235
2517674,0,0,2.792,0.013,-0.003,0.076,-0.039,0.631,-0.683,1.06,0.7,1.06,0.7
2517684,0,0,2.792,0.001,0,0.04,0.025,0.44,-1.305,0.868,0.184,0.868,0.184
2517694,0,0,2.792,0,0,0.041,0.01,-0.069,-1.635,0.574,-0.253,0.574,-0.253
2517704,0,0,2.792,0,0,0.03,-0.001,-0.479,-1.779,0.293,-0.624,0.293,-0.624
2517714,0,0,2.792,0,0,0.026,0.003,-0.44,-1.667,0.076,-0.911,0.076,-0.911
2517724,0,0,2.792,0.171,0.013,0.003,0.015,-0.069,-1.299,-0.004,-1.039,-0.004,-1.039
2517734,0,0,2.792,0.313,-0.024,0.293,-0.086,0.353,-0.999,0.071,-0.975,0.071,-0.975
2517744,0,0,2.792,0.315,-0.046,0.319,-0.046,0.554,-0.521,0.202,-0.823,0.202,-0.823
2517754,0,0,2.792,0.308,0,0.32,-0.006,0.678,0.225,0.324,-0.52,0.324,-0.52
2517764,0,0,2.792,0.388,0.102,0.306,0.013,0.906,0.955,0.424,-0.144,0.424,-0.144
2517774,0,0,2.792,0.049,0.016,0.127,0.023,1.077,1.305,0.55,0.168,0.55,0.168
2517784,0,0,2.792,0.004,0.001,0.061,0.014,1.06,1.425,0.643,0.452,0.643,0.452
2517794,0,0,2.792,0.052,0.141,0.082,0.103,0.99,1.447,0.606,0.588,0.606,0.588
2517804,0,0,2.792,0,0.083,0.026,0.058,0.766,1.161,0.587,0.678,0.587,0.678
2517814,0,0,2.792,-0.036,0.187,-0.009,0.194,0.445,0.753,0.42,0.571,0.42,0.571
2517824,0,0,2.792,-0.079,0.175,-0.034,0.169,0.243,0.524,0.285,0.473,0.285,0.473
2517834,0,0,2.792,-0.078,0.12,-0.057,0.142,0.13,0.372,0.177,0.382,0.177,0.382
2517844,0,0,2.792,-0.101,0.105,-0.099,0.127,0.061,0.256,0.114,0.322,0.114,0.322
2517854,0,0,2.792,-0.124,0.072,-0.116,0.086,0.009,0.179,0.031,0.237,0.031,0.237
2517864,0,0,2.792,-0.115,0.04,-0.117,0.061,-0.027,0.122,-0.015,0.179,-0.015,0.179
2517874,0,0,2.792,-0.1,0.035,-0.111,0.049,-0.045,0.083,-0.06,0.116,-0.06,0.116
2517884,0,0,2.792,-0.023,0.007,-0.06,0.02,-0.055,0.06,-0.069,0.086,-0.069,0.086
2517894,0,0,2.792,-0.025,0.004,-0.037,0.007,-0.052,0.042,-0.053,0.042,-0.053,0.042
2517904,0,0,2.792,-0.017,0.002,-0.031,0.005,-0.041,0.025,-0.039,0.017,-0.039,0.017
2517914,0,0,2.792,-0.006,0,-0.019,0.002,-0.027,0.014,-0.03,0.009,-0.03,0.009
2517924,0,0,2.792,0.008,0,-0.004,0,-0.012,0.008,-0.021,0.005,-0.021,0.005
2517934,0,0,2.792,0.003,0,0.005,0.001,0.001,0.003,-0.007,0.003,-0.007,0.003
2517944,0,0,2.792,0,0,0.001,0.001,0.013,-0.001,0,0.001,0,0.001
2517954,0,0,2.792,0,0,0.002,0,0.019,-0.003,0.002,0.001,0.002,0.001
2517964,0,0,2.792,0,0,0.001,0,0.022,-0.003,0.002,0,0.002,0
2517974,0,0,2.792,0.007,0,0.004,0,0.022,-0.004,0.002,0,0.002,0
2517984,0,0,2.792,0.008,-0.003,0.003,-0.001,0.019,-0.004,0.008,-0.001,0.008,-0.001
2517994,0,0,2.792,0.005,-0.002,0,0,0.014,-0.003,0.002,-0.001,0.002,-0.001
2518004,0,0,2.792,0,0,0.001,-0.001,0.009,-0.002,0.001,0,0.001,0
2518014,0,0,2.792,0,0,0,0,0.005,0,0,0,0,0
2518024,0,0,2.792,0,0.003,-0.001,0.001,0.002,0.002,0,0,0,0
2518034,0,0,2.792,0,0.002,0,0.001,0.002,0.002,-0.001,0.002,-0.001,0.002
2518044,-2,0,2.792,0,0,0,0,0.001,0.002,0,0.001,0,0.001
2518054,-2,0,2.792,0,0,0,0,0.001,0.002,0,0,0,0
2518064,-2,0,2.792,0,0,0,0,0.002,0.002,0,0,0,0
2518074,-2,0,2.792,0,0,0,0,0.002,0.002,0,0,0,0
2518084,-2,0,2.792,0,0,0,0,0.001,0.002,0,0,0,0
2518094,-2,0,2.792,0,0,0,0,0.001,0.002,0,0,0,0
2518104,-2,0,2.792,0,0,0,0,-0.001,0.003,0,0,0,0
2518114,-2,0,2.792,0,0,0,0,-0.002,0.002,0,0,0,0
2518124,-2,0,2.792,-0.006,0,0,0,-0.004,0.001,0,0,0,0
2518134,-2,0,2.792,-0.01,0.001,-0.007,0,-0.006,0.001,-0.002,0,-0.002,0
2518144,-2,0,2.792,-0.013,0.003,-0.011,0.002,-0.009,0.003,-0.007,0.001,-0.007,0.001
2518154,-2,0,2.792,-0.016,0.006,-0.014,0.005,-0.013,0.005,-0.011,0.003,-0.011,0.003
2518164,-2,0,2.792,-0.022,0.008,-0.019,0.007,-0.017,0.006,-0.015,0.005,-0.015,0.005
2518174,-2,0,2.792,-0.028,0.01,-0.025,0.009,-0.023,0.007,-0.019,0.006,-0.019,0.006
2518184,-2,0,2.792,-0.035,0.01,-0.031,0.01,-0.029,0.009,-0.023,0.008,-0.023,0.008
2518194,-2,0,2.792,-0.066,0.013,-0.042,0.01,-0.038,0.013,-0.029,0.009,-0.029,0.009
2518204,-2,0,2.792,-0.051,0.008,-0.048,0.009,-0.052,0.017,-0.038,0.01,-0.038,0.01
2518214,-2,0,2.792,-0.066,0.008,-0.055,0.007,-0.071,0.024,-0.045,0.011,-0.045,0.011
2518224,-2,0,2.792,-0.089,0.013,-0.073,0.011,-0.088,0.027,-0.056,0.013,-0.056,0.013
2518234,-2,0,2.792,-0.111,0.012,-0.094,0.013,-0.109,0.028,-0.072,0.015,-0.072,0.015
2518244,-2,0,2.792,-0.133,0.021,-0.118,0.017,-0.143,0.017,-0.091,0.015,-0.091,0.015
2518254,-2,0,2.792,-0.163,0.023,-0.142,0.022,-0.187,-0.004,-0.115,0.015,-0.115,0.015
2518264,-2,0,2.792,-0.215,0.023,-0.188,0.023,-0.228,-0.002,-0.142,0.015,-0.142,0.015
2518274,-2,0,2.792,-0.211,0.019,-0.191,0.017,-0.304,-0.007,-0.176,0.013,-0.176,0.013
2518284,-2,0,2.792,-0.171,0.012,-0.198,0.019,-0.365,-0.003,-0.213,0.011,-0.213,0.011
2518294,-2,0,2.792,-0.015,0.001,-0.032,-0.001,-0.431,0.014,-0.195,0.009,-0.195,0.009
2518304,-2,0,2.792,-0.099,-0.018,-0.029,-0.01,-0.515,0.013,-0.185,0.006,-0.185,0.006
2518314,-2,0,2.792,-0.296,0.014,-0.216,0.015,-0.604,0.018,-0.242,0.006,-0.242,0.006
2518324,-2,0,2.792,-0.375,0.023,-0.321,0.027,-0.742,0.045,-0.331,0.014,-0.331,0.014
2518334,-2,0,2.792,-0.157,0.006,-0.169,0.012,-0.929,0.117,-0.377,0.027,-0.377,0.027
2518344,-2,0,2.792,-0.013,-0.021,-0.028,-0.007,-1.126,0.145,-0.367,0.032,-0.367,0.032
2518354,-2,0,2.792,-0.015,-0.003,-0.008,-0.001,-1.252,0.16,-0.443,0.042,-0.443,0.042
2518364,-2,0,2.792,-0.001,0,0.01,0.005,-1.295,0.178,-0.421,0.048,-0.421,0.048
2518374,-2,0,2.792,0,0,0.023,0.011,-1.306,0.139,-0.392,0.047,-0.392,0.047
2518384,-2,0,2.792,-0.014,0.009,-0.011,0.028,-1.355,0.105,-0.47,0.052,-0.47,0.052
2518394,-2,0,2.792,-0.001,0,0.008,-0.013,-1.424,0.06,-0.595,0.049,-0.595,0.049
2518404,-2,0,2.792,-0.269,0.002,-0.28,-0.006,-1.553,0.007,-0.517,0.015,-0.517,0.015
2518414,-2,0,2.792,-0.099,0.007,-0.147,0.013,-1.691,-0.068,-0.656,0.004,-0.656,0.004
2518424,-2,0,2.792,-0.17,0,-0.027,0,-1.802,-0.142,-0.708,-0.015,-0.708,-0.015
2518434,-2,0,2.792,-0.112,0.005,-0.201,0.014,-1.864,-0.092,-0.87,-0.03,-0.87,-0.03
2518444,-2,0,2.792,-0.14,0,-0.181,-0.001,-1.895,-0.046,-1.004,-0.03,-1.004,-0.03
2518454,-2,0,2.792,-0.661,0.005,-0.489,-0.014,-1.854,-0.049,-1.071,-0.03,-1.071,-0.03
2518464,-2,0,2.792,-1.099,-0.002,-0.981,0.015,-1.776,-0.041,-1.206,-0.027,-1.206,-0.027
2518474,-2,0,2.792,-0.579,0.007,-0.839,0.012,-1.723,0.01,-1.314,-0.016,-1.314,-0.016
2518484,-2,0,2.792,-0.638,0.009,-0.532,-0.017,-1.686,0.051,-1.289,-0.002,-1.289,-0.002
2518494,-2,0,2.792,-1.094,-0.016,-1.039,-0.015,-1.638,0.058,-1.321,0.009,-1.321,0.009
2518504,-2,0,2.792,-0.912,0.003,-0.941,0.017,-1.59,0.023,-1.349,0.014,-1.349,0.014
2518514,-2,0,2.792,-0.77,0.023,-1.066,0.031,-1.599,0.018,-1.374,0.017,-1.374,0.017
2518524,-2,0,2.792,-0.483,-0.008,-0.424,-0.017,-1.626,0.055,-1.279,0.019,-1.279,0.019
2518534,-2,0,2.792,-1.129,-0.014,-0.925,-0.002,-1.635,0.073,-1.297,0.026,-1.297,0.026
2518544,-2,0,2.792,-0.871,0.01,-0.972,0.011,-1.645,0.038,-1.302,0.025,-1.302,0.025
2518554,-2,0,2.792,-1.249,0.026,-1.163,0.016,-1.689,0.012,-1.364,0.023,-1.364,0.023
2518564,-2,0,2.792,-1.139,0.007,-1.298,0.013,-1.792,-0.001,-1.412,0.018,-1.412,0.018
2518574,-2,0,2.792,-0.392,0.012,-0.39,0.016,-1.869,-0.001,-1.434,0.013,-1.434,0.013
2518584,-2,0,2.792,-0.4,-0.004,-0.375,-0.004,-1.839,-0.02,-1.264,0.008,-1.264,0.008
2518594,-2,0,2.792,-0.428,0,-0.307,-0.001,-1.839,-0.01,-1.006,0.003,-1.006,0.003
2518604,-2,0,2.792,-1.161,0.013,-0.909,0.013,-1.919,0.009,-1.046,0.002,-1.046,0.002
2518614,-2,0,2.792,-1.242,0.027,-1.124,0.03,-2.046,-0.014,-1.265,0.004,-1.265,0.004
2518624,-2,0,2.792,-1.459,0.017,-1.402,0.011,-2.17,-0.047,-1.47,0.001,-1.47,0.001
2518634,-2,0,2.792,-1.446,0.006,-1.437,0.01,-2.254,-0.03,-1.661,-0.006,-1.661,-0.006
2518644,-2,0,2.792,-1.412,0.021,-1.444,0.032,-2.239,-0.022,-1.816,-0.008,-1.816,-0.008
2518654,-2,0,2.792,-1.491,0.037,-1.545,0.041,-2.127,-0.008,-1.887,-0.002,-1.887,-0.002
2518664,-2,0,2.792,-1.395,0.008,-1.486,0.001,-1.967,0.008,-1.869,0.003,-1.869,0.003
2518674,-2,0,2.792,-0.145,0,-0.406,0.004,-1.824,0.02,-1.792,0.005,-1.792,0.005
2518684,-2,0,2.792,-0.013,0,-0.066,0.027,-1.726,0.005,-1.434,0.01,-1.434,0.01
2518694,-2,0,2.792,-0.564,0.032,-0.33,0.018,-1.711,0.002,-1.362,0.009,-1.362,0.009
2518704,-2,0,2.792,-0.216,-0.007,-0.225,-0.013,-1.769,0.023,-1.295,0.01,-1.295,0.01
2518714,-2,0,2.792,-0.118,-0.002,-0.198,0.01,-1.873,0.037,-1.318,0.013,-1.318,0.013
2518724,-2,0,2.792,-0.65,0.007,-0.385,0.004,-1.985,-0.005,-1.252,0.012,-1.252,0.012
2518734,-2,0,2.792,-1.032,0.037,-0.978,0.019,-2.115,-0.033,-1.292,0.004,-1.292,0.004
2518744,-2,0,2.792,-1.57,0.009,-1.387,0.009,-2.271,-0.041,-1.506,-0.002,-1.506,-0.002
2518754,-2,0,2.792,-1.528,-0.018,-1.514,-0.007,-2.332,-0.04,-1.721,-0.01,-1.721,-0.01
2518764,-2,0,2.792,-0.63,-0.002,-1.121,0.007,-2.31,-0.025,-1.892,-0.015,-1.892,-0.015
2518774,-4,0,2.792,-0.056,0,-0.227,0.005,-2.252,0.04,-1.89,-0.004,-1.89,-0.004
2518784,-4,0,2.792,-1.1,-0.012,-0.711,-0.023,-2.138,0.069,-1.83,0.011,-1.83,0.011
2518794,-4,0,2.792,-1.74,-0.039,-1.552,-0.026,-1.98,0.048,-1.861,0.021,-1.861,0.021
2518804,-4,0,2.792,-1.668,0.04,-1.599,0.037,-1.892,0.024,-1.827,0.02,-1.827,0.02
2518814,-4,0,2.792,-0.21,0.003,-0.563,-0.008,-1.813,0.019,-1.779,0.02,-1.779,0.02
2518824,-4,0,2.792,-0.795,-0.016,-0.657,-0.047,-1.779,0.02,-1.38,0.006,-1.38,0.006
2518834,-4,0,2.792,-1.314,0.002,-1.15,0.017,-1.808,0.006,-1.464,0.005,-1.464,0.005
2518844,-4,0,2.792,-0.3,0,-0.535,0.007,-1.92,-0.008,-1.537,0.006,-1.537,0.006
2518854,-4,0,2.792,-0.062,-0.002,-0.15,-0.021,-2.079,0.019,-1.542,0.005,-1.542,0.005
2518864,-4,0,2.792,-0.835,-0.003,-0.515,-0.019,-2.223,0.011,-1.467,0.002,-1.467,0.002
2518874,-4,0,2.792,-1.047,-0.012,-1.217,0.001,-2.284,-0.021,-1.617,-0.003,-1.617,-0.003
2518884,-4,0,2.792,-0.121,-0.001,-0.322,0.005,-2.282,-0.042,-1.694,-0.01,-1.694,-0.01
2518894,-4,0,2.792,-1.48,0.011,-1.024,0.008,-2.295,-0.021,-1.596,-0.009,-1.596,-0.009
2518904,-4,0,2.792,-1.315,0.007,-1.326,-0.004,-2.355,0.019,-1.778,-0.005,-1.778,-0.005
2518914,-4,0,2.792,-0.889,-0.008,-1.281,0.003,-2.422,0.068,-1.922,0.008,-1.922,0.008
2518924,-4,0,2.792,-0.093,-0.001,-0.277,0.006,-2.456,0.037,-1.936,0.018,-1.936,0.018
2518934,-4,0,2.792,-0.5,-0.014,-0.268,-0.019,-2.435,0.006,-1.827,0.015,-1.827,0.015
2518944,-4,0,2.792,-1.76,-0.034,-1.375,-0.04,-2.373,-0.003,-1.814,0.005,-1.814,0.005
2518954,-4,0,2.792,-0.954,0.007,-1.329,0.037,-2.356,-0.01,-1.946,0.001,-1.946,0.001
2518964,-4,0,2.792,-0.948,-0.021,-0.74,-0.022,-2.445,-0.029,-1.983,-0.003,-1.983,-0.003
2518974,-4,0,2.792,-1.77,-0.002,-1.543,-0.027,-2.591,0.008,-1.958,-0.009,-1.958,-0.009
2518984,-4,0,2.792,-1.766,-0.027,-1.728,-0.025,-2.672,0.034,-2.145,-0.003,-2.145,-0.003
2518994,-4,0,2.792,-2.07,0.052,-1.971,0.057,-2.649,-0.002,-2.292,0.002,-2.292,0.002
2519004,-4,0,2.792,-1.913,0.066,-1.963,0.048,-2.585,-0.023,-2.379,0.001,-2.379,0.001
2519014,-6,0,2.792,-1.836,-0.008,-1.918,0.006,-2.537,0.021,-2.399,0.004,-2.399,0.004
2519024,-6,0,2.792,-1.208,-0.018,-1.629,-0.019,-2.532,0.06,-2.397,0.013,-2.397,0.013
2519034,-6,0,2.792,-1.419,0.003,-1.136,0.018,-2.535,0.045,-2.235,0.019,-2.235,0.019
2519044,-6,0,2.792,-0.283,0.023,-0.417,0.008,-2.549,0.023,-2.212,0.022,-2.212,0.022
2519054,-6,0,2.792,-1.783,-0.025,-1.347,-0.032,-2.637,0.026,-1.939,0.017,-1.939,0.017
2519064,-6,0,2.792,-1.215,-0.02,-0.982,-0.001,-2.815,-0.055,-2.134,0.007,-2.134,0.007
2519074,-6,0,2.792,-1.822,-0.024,-1.52,-0.023,-3.046,-0.144,-1.911,-0.02,-1.911,-0.02
2519084,-6,0,2.792,-0.325,0.003,-0.663,-0.01,-3.353,-0.158,-1.974,-0.037,-1.974,-0.037
2519094,-6,0,2.792,-0.67,-0.007,-0.947,-0.013,-3.639,-0.109,-2.011,-0.042,-2.011,-0.042
2519104,-6,0,2.792,-1.155,-0.003,-0.689,-0.008,-3.824,-0.082,-2.053,-0.04,-2.053,-0.04
2519114,-6,0,2.792,-1.724,-0.013,-1.65,-0.001,-3.873,-0.038,-2.52,-0.039,-2.52,-0.039
2519124,-6,0,2.792,-2.142,-0.03,-2.141,-0.025,-3.754,-0.061,-2.86,-0.038,-2.86,-0.038
2519134,-6,0,2.792,-2.396,-0.032,-2.318,-0.03,-3.57,-0.095,-3.024,-0.045,-3.024,-0.045
2519144,-6,0,2.792,-2.378,-0.048,-2.331,-0.056,-3.396,-0.039,-3.021,-0.047,-3.021,-0.047
2519154,-6,0,2.792,-2.227,-0.049,-2.215,-0.044,-3.225,0.044,-3.044,-0.035,-3.044,-0.035
2519164,-6,0,2.792,-0.31,-0.009,-0.825,-0.006,-3.097,0.069,-2.961,-0.013,-2.961,-0.013
2519174,-6,0,2.792,-0.185,0.097,0.013,0.141,-3.073,0.061,-2.723,0.017,-2.723,0.017
2519184,-6,0,2.792,-1.922,0.011,-1.589,0.028,-3.145,0.081,-2.741,0.034,-2.741,0.034
2519194,-6,0,2.792,-2.303,0.013,-2.274,0.039,-3.292,0.109,-2.804,0.049,-2.804,0.049
2519204,-6,0,2.792,-2.52,0.063,-2.358,0.033,-3.491,0.082,-2.929,0.055,-2.929,0.055
2519214,-6,0,2.792,-2.302,0.028,-2.326,0.024,-3.725,0.057,-3.061,0.053,-3.061,0.053
2519224,-6,0,2.792,-2.261,0.024,-2.362,0.031,-3.859,0.005,-3.238,0.042,-3.238,0.042
2519234,-6,0,2.792,-1.207,0.023,-1.122,0.02,-3.867,-0.053,-3.324,0.024,-3.324,0.024
2519244,-6,0,2.792,-2.319,0.031,-2.137,0.022,-3.843,-0.049,-3.258,0.007,-3.258,0.007
2519254,-6,0,2.792,-2.878,0.043,-2.607,0.052,-3.838,0.01,-3.385,0.006,-3.385,0.006
2519264,-8,0,2.792,-2.663,0.034,-2.64,0.024,-3.843,0.065,-3.49,0.02,-3.49,0.02
2519274,-8,0,2.792,-2.489,0.003,-2.487,0.001,-3.89,0.077,-3.364,0.03,-3.364,0.03
2519284,-8,0,2.792,-2.673,0.015,-2.599,0.02,-3.964,0.022,-3.473,0.028,-3.473,0.028
2519294,-8,0,2.792,-2.528,0.029,-2.613,0.045,-4.045,-0.071,-3.573,0.016,-3.573,0.016
2519304,-8,0,2.792,-2.601,0.004,-2.613,0.004,-4.119,-0.121,-3.553,-0.006,-3.553,-0.006
2519314,-8,0,2.792,-2.704,0.001,-2.678,0.016,-4.157,-0.106,-3.64,-0.02,-3.64,-0.02
2519324,-8,0,2.792,-2.861,0.002,-2.817,0.012,-4.125,-0.12,-3.518,-0.022,-3.518,-0.022
2519334,-8,0,2.792,-2.963,-0.001,-2.852,-0.006,-4.141,-0.1,-3.659,-0.033,-3.659,-0.033
2519344,-8,0,2.792,-2.864,-0.025,-2.846,-0.03,-4.218,-0.082,-3.782,-0.043,-3.782,-0.043
2519354,-8,0,2.792,-2.558,-0.014,-2.702,-0.004,-4.306,-0.112,-3.91,-0.05,-3.91,-0.05
2519364,-8,0,2.792,-3.042,0.022,-2.872,0.016,-4.38,-0.149,-4.025,-0.061,-4.025,-0.061
2519374,-8,0,2.792,-3.063,-0.045,-2.972,-0.047,-4.443,-0.126,-4.066,-0.065,-4.066,-0.065
2519384,-8,0,2.792,-1.971,-0.023,-2.629,-0.01,-4.455,-0.114,-4.193,-0.074,-4.193,-0.074
2519394,-8,0,2.792,-1.804,-0.017,-1.52,-0.015,-4.445,-0.105,-4.166,-0.072,-4.166,-0.072
2519404,-8,0,2.792,-2.871,-0.03,-2.691,-0.039,-4.413,-0.065,-4.057,-0.063,-4.057,-0.063
2519414,-8,0,2.792,-3.172,-0.097,-3.112,-0.084,-4.409,-0.044,-4.168,-0.058,-4.168,-0.058
2519424,-8,0,2.792,-3.028,-0.011,-2.995,-0.016,-4.472,-0.103,-4.238,-0.062,-4.238,-0.062
2519434,-8,0,2.792,-0.893,0,-1.767,-0.011,-4.601,-0.114,-4.289,-0.066,-4.289,-0.066
2519444,-8,0,2.792,-1.095,-0.021,-1.551,-0.031,-4.732,-0.086,-4.255,-0.064,-4.255,-0.064
2519454,-8,0,2.792,-2.403,-0.028,-1.851,-0.019,-4.811,-0.069,-4.343,-0.06,-4.343,-0.06
2519464,-8,0,2.792,-3.192,-0.042,-2.898,-0.028,-4.78,-0.069,-4.211,-0.047,-4.211,-0.047
2519474,-8,0,2.792,-3.245,-0.037,-3.172,-0.036,-4.759,-0.06,-4.443,-0.049,-4.443,-0.049
2519484,-8,0,2.792,-3.28,-0.015,-3.086,-0.015,-4.808,-0.041,-4.575,-0.045,-4.575,-0.045
2519494,-8,0,2.792,-3.253,-0.023,-3.105,-0.024,-4.877,-0.019,-4.432,-0.034,-4.432,-0.034
2519504,-8,0,2.792,-3.119,0,-3.145,0.005,-4.977,-0.011,-4.66,-0.027,-4.66,-0.027
2519514,-8,0,2.792,-3.008,-0.02,-3.172,-0.037,-5.037,0,-4.874,-0.02,-4.874,-0.02
2519524,-8,0,2.792,-0.628,-0.008,-1.229,0,-5.003,-0.045,-4.882,-0.02,-4.882,-0.02
2519534,-8,0,2.792,-0.172,0.007,-0.261,0,-4.97,-0.103,-4.343,-0.022,-4.343,-0.022
2519544,-8,0,2.792,-2.801,-0.004,-2.213,-0.002,-4.992,-0.12,-4.572,-0.039,-4.572,-0.039
2519554,-8,0,2.792,-1.026,0,-1.842,-0.007,-4.986,-0.026,-4.772,-0.04,-4.772,-0.04
2519564,-8,0,2.792,-3.139,-0.01,-2.661,-0.022,-4.974,0.051,-4.737,-0.02,-4.737,-0.02
2519574,-8,0,2.792,-3.225,0.075,-3.205,0.096,-5.003,0.048,-4.851,0.001,-4.851,0.001
2519584,-8,0,2.792,-3.505,0.077,-3.439,0.065,-5.111,-0.014,-5.005,0.006,-5.005,0.006
2519594,-8,0,2.792,-0.742,0.019,-1.402,0.014,-5.255,-0.047,-5.13,-0.001,-5.13,-0.001
2519604,-8,0,2.792,-3.005,-0.016,-2.649,-0.031,-5.365,-0.075,-5.261,-0.016,-5.261,-0.016
2519614,-8,0,2.792,-3.411,0.033,-3.348,0.064,-5.379,-0.069,-5.347,-0.031,-5.347,-0.031
2519624,-8,0,2.792,-2.447,0,-1.896,-0.008,-5.258,-0.063,-5.278,-0.037,-5.278,-0.037
2519634,-8,0,2.792,-0.755,-0.012,-1.516,-0.039,-5.193,-0.008,-5.003,-0.04,-5.003,-0.04
2519644,0,0,2.792,-0.203,-0.019,-0.488,-0.008,-5.285,0.022,-5.131,-0.026,-5.131,-0.026
2519654,0,0,2.792,-0.018,-0.003,-0.067,0.014,-5.435,0.027,-5.187,-0.01,-5.187,-0.01
2519664,0,0,2.792,0.018,-0.054,-0.004,-0.026,-5.453,-0.018,-5.32,-0.005,-5.32,-0.005
2519674,0,0,2.792,-2.196,-0.094,-1.154,-0.082,-5.311,-0.046,-5.055,-0.025,-5.055,-0.025
2519684,0,0,2.792,-3.327,-0.144,-2.93,-0.12,-5.208,-0.086,-5.14,-0.042,-5.14,-0.042
2519694,0,0,2.792,-2.917,-0.072,-3.243,-0.08,-5.233,-0.105,-5.169,-0.062,-5.169,-0.062
2519704,0,0,2.792,-1.896,-0.045,-1.448,-0.043,-5.308,-0.109,-5.201,-0.072,-5.201,-0.072
2519714,0,0,2.792,-0.41,-0.01,-0.9,-0.055,-5.358,-0.081,-5.252,-0.075,-5.252,-0.075
2519724,0,0,2.792,-0.94,-0.047,-0.649,0.002,-5.335,-0.057,-5.243,-0.066,-5.243,-0.066
2519734,0,0,2.792,-1.076,-0.042,-1.665,-0.062,-5.3,-0.009,-5.225,-0.052,-5.225,-0.052
2519744,0,0,2.792,-3.185,-0.158,-2.737,-0.15,-5.313,0.037,-5.236,-0.04,-5.236,-0.04
2519754,0,0,2.792,-3.675,-0.192,-3.502,-0.179,-5.332,0.055,-5.264,-0.036,-5.264,-0.036
2519764,0,0,2.792,-3.743,-0.19,-3.69,-0.193,-5.325,-0.018,-5.277,-0.043,-5.277,-0.043
2519774,0,0,2.792,-0.63,-0.009,-1.528,-0.095,-5.291,-0.064,-5.244,-0.062,-5.244,-0.062
2519784,0,0,2.792,-0.06,0.012,-0.273,0.034,-5.263,-0.062,-5.141,-0.055,-5.141,-0.055
2519794,0,0,2.792,0.009,-0.02,-0.017,0.004,-5.322,-0.043,-5.174,-0.044,-5.174,-0.044
2519804,0,0,2.792,-0.033,0.047,-0.027,0.049,-5.399,-0.075,-5.267,-0.043,-5.267,-0.043
2519814,0,0,2.792,-2.519,-0.169,-1.277,-0.137,-5.413,-0.101,-5.263,-0.05,-5.263,-0.05
2519824,0,0,2.792,-3.324,-0.135,-3.016,-0.147,-5.396,-0.147,-5.338,-0.078,-5.338,-0.078
2519834,0,0,2.792,-2.323,-0.083,-3.037,-0.088,-5.401,-0.187,-5.341,-0.106,-5.341,-0.106
2519844,0,0,2.792,-2.951,-0.137,-2.51,-0.102,-5.446,-0.167,-5.355,-0.119,-5.355,-0.119
2519854,0,0,2.792,-4.594,-0.093,-4.182,-0.102,-5.504,-0.124,-5.445,-0.123,-5.445,-0.123
2519864,0,0,2.792,-4.342,-0.304,-4.338,-0.268,-5.448,-0.13,-5.448,-0.131,-5.448,-0.131
2519874,0,0,2.792,-1.624,-0.132,-2.925,-0.186,-5.365,-0.116,-5.363,-0.146,-5.363,-0.146
2519884,0,0,2.792,-0.145,-0.012,-0.532,-0.042,-5.377,-0.058,-5.302,-0.126,-5.302,-0.126
2519894,0,0,2.792,-0.013,-0.006,-0.064,-0.014,-5.491,0.025,-5.344,-0.087,-5.344,-0.087
2519904,0,0,2.792,0.031,-0.03,0.085,-0.093,-5.549,0.088,-5.377,-0.048,-5.377,-0.048
2519914,0,0,2.792,-2.518,-0.162,-1.681,-0.109,-5.533,0.129,-5.449,-0.009,-5.449,-0.009
2519924,0,0,2.792,-3.585,-0.177,-3.263,-0.125,-5.51,0.099,-5.475,0.015,-5.475,0.015
2519934,0,0,2.792,-3.872,-0.18,-3.729,-0.211,-5.488,0.053,-5.477,0.022,-5.477,0.022
2519944,0,0,2.792,-1.624,-0.072,-2.813,-0.146,-5.479,-0.06,-5.458,-0.007,-5.458,-0.007
2519954,0,0,2.792,-2.772,-0.134,-2.326,-0.134,-5.546,-0.098,-5.482,-0.035,-5.482,-0.035
2519964,0,0,2.792,-0.352,-0.021,-0.888,-0.021,-5.635,-0.107,-5.556,-0.055,-5.556,-0.055
2519974,0,0,2.792,-0.061,0.015,-0.14,0.015,-5.674,-0.15,-5.531,-0.065,-5.531,-0.065
2519984,0,0,2.792,0.055,-0.012,-0.001,0.001,-5.721,-0.155,-5.606,-0.083,-5.606,-0.083
2519994,0,0,2.792,2.204,0.053,1.148,0.014,-5.746,-0.115,-5.663,-0.091,-5.663,-0.091
2520004,0,0,2.792,1.172,-0.258,1.892,-0.2,-5.607,-0.109,-5.52,-0.088,-5.52,-0.088
2520014,0,0,2.792,-2.76,-0.197,-1.577,-0.197,-5.479,-0.1,-5.436,-0.099,-5.436,-0.099
2520024,0,0,2.792,-0.887,-0.052,-1.689,-0.124,-5.468,-0.107,-5.401,-0.11,-5.401,-0.11
2520034,0,0,2.792,-3.081,-0.227,-2.404,-0.169,-5.53,-0.075,-5.344,-0.106,-5.344,-0.106
2520044,0,0,2.792,-3.912,-0.301,-3.608,-0.265,-5.588,-0.075,-5.482,-0.109,-5.482,-0.109
2520054,0,0,2.792,-4.174,-0.321,-4.103,-0.322,-5.579,-0.104,-5.548,-0.122,-5.548,-0.122
2520064,0,0,2.792,-4.07,-0.307,-4.073,-0.297,-5.51,-0.129,-5.512,-0.138,-5.512,-0.138
2520074,0,0,2.792,-3.844,-0.353,-3.936,-0.347,-5.473,-0.133,-5.464,-0.151,-5.464,-0.151
2520084,0,0,2.792,-1.3,-0.124,-2.496,-0.235,-5.499,-0.119,-5.438,-0.173,-5.438,-0.173
2520094,0,0,2.792,-0.363,-0.026,-0.787,-0.071,-5.55,-0.106,-5.398,-0.161,-5.398,-0.161
2520104,0,0,2.792,-3.184,-0.298,-2.433,-0.224,-5.593,-0.124,-5.492,-0.145,-5.492,-0.145
2520114,0,0,2.792,-4.196,-0.348,-3.91,-0.32,-5.563,-0.196,-5.486,-0.175,-5.486,-0.175
2520124,0,0,2.792,-4.196,-0.375,-4.197,-0.359,-5.459,-0.306,-5.457,-0.219,-5.457,-0.219
2520134,0,0,2.792,-1.859,-0.166,-1.666,-0.15,-5.375,-0.354,-5.38,-0.252,-5.38,-0.252
2520144,0,0,2.792,-1.889,-0.158,-1.535,-0.129,-5.298,-0.381,-5.227,-0.268,-5.227,-0.268
2520154,0,0,2.792,-2.356,-0.182,-2.813,-0.216,-5.208,-0.37,-5.168,-0.278,-5.168,-0.278
2520164,0,0,2.792,-2.703,-0.205,-1.953,-0.16,-5.167,-0.323,-5.059,-0.271,-5.059,-0.271
2520174,0,0,2.792,-0.887,-0.068,-1.753,-0.148,-5.188,-0.262,-5.1,-0.263,-5.1,-0.263
2520184,0,0,2.792,-3.629,-0.204,-2.953,-0.167,-5.217,-0.227,-5.129,-0.243,-5.129,-0.243
2520194,0,0,2.792,-4.115,-0.217,-3.96,-0.221,-5.213,-0.196,-5.16,-0.227,-5.16,-0.227
2520204,0,0,2.792,-4.104,-0.172,-4.092,-0.173,-5.194,-0.163,-5.169,-0.211,-5.169,-0.211
2520214,0,0,2.792,-3.995,-0.061,-4.032,-0.082,-5.182,-0.122,-5.124,-0.177,-5.124,-0.177
2520224,0,0,2.792,-4.087,0.053,-4.124,0.02,-5.205,-0.092,-5.163,-0.147,-5.163,-0.147
2520234,0,0,2.792,-4.396,0.147,-4.284,0.12,-5.232,-0.068,-5.176,-0.092,-5.176,-0.092
2520244,0,0,2.792,-4.254,0.163,-4.275,0.14,-5.193,-0.024,-5.189,-0.063,-5.189,-0.063
2520254,0,0,2.792,-4.144,0.241,-4.192,0.222,-5.146,0.108,-5.143,-0.005,-5.143,-0.005
2520264,0,0,2.792,-3.94,0.297,-4.029,0.261,-5.12,0.228,-5.109,0.074,-5.109,0.074
2520274,0,0,2.792,-3.977,0.381,-4.02,0.348,-5.056,0.3,-5.071,0.143,-5.071,0.143
2520284,0,0,2.792,-4.168,0.437,-4.182,0.435,-4.899,0.318,-4.905,0.262,-4.905,0.262
2520294,0,0,2.792,-4.062,0.415,-4.185,0.445,-4.727,0.305,-4.806,0.286,-4.806,0.286
2520304,0,0,2.792,-4.011,0.375,-4.089,0.399,-4.618,0.159,-4.686,0.287,-4.686,0.287
2520314,0,0,2.792,-4.02,0.328,-4.018,0.319,-4.561,-0.088,-4.587,0.237,-4.587,0.237
2520324,0,0,2.792,-3.949,0.29,-3.992,0.307,-4.523,-0.36,-4.534,0.13,-4.534,0.13
2520334,0,0,2.792,-4.05,0.339,-3.928,0.337,-4.533,-0.471,-4.476,0.055,-4.476,0.055
2520344,0,0,2.792,-4.075,0.271,-4.038,0.299,-4.531,-0.442,-4.494,-0.035,-4.494,-0.035
2520354,0,0,2.792,-3.989,0.185,-4.047,0.203,-4.476,-0.39,-4.473,-0.081,-4.473,-0.081
2520364,0,0,2.792,-3.921,0.138,-3.929,0.161,-4.365,-0.403,-4.376,-0.066,-4.376,-0.066
2520374,0,0,2.792,-4.015,0.089,-4.008,0.116,-4.216,-0.459,-4.247,-0.042,-4.247,-0.042
2520384,0,0,2.792,-3.921,0.069,-4.002,0.076,-4.092,-0.501,-4.172,-0.097,-4.172,-0.097
2520394,0,0,2.792,-3.857,0.022,-4.021,0.055,-4.049,-0.455,-4.106,-0.139,-4.106,-0.139
2520404,0,0,2.792,-3.718,-0.022,-3.919,-0.018,-4.036,-0.357,-4.066,-0.156,-4.066,-0.156
2520414,0,0,2.792,-0.967,-0.005,-2.067,-0.011,-4.003,-0.255,-3.947,-0.143,-3.947,-0.143
2520424,0,0,2.792,-3.152,-0.025,-2.615,-0.012,-3.912,-0.2,-3.642,-0.121,-3.642,-0.121
2520434,0,0,2.792,-3.919,-0.052,-3.683,-0.045,-3.851,-0.149,-3.666,-0.111,-3.666,-0.111
2520444,0,0,2.792,-3.972,-0.058,-3.942,-0.065,-3.898,-0.11,-3.769,-0.107,-3.769,-0.107
2520454,0,0,2.792,-3.771,-0.056,-3.841,-0.053,-3.944,-0.08,-3.855,-0.099,-3.855,-0.099
2520464,0,0,2.792,-3.765,-0.075,-3.769,-0.06,-3.866,-0.071,-3.877,-0.089,-3.877,-0.089
2520474,0,0,2.792,-3.731,-0.002,-3.724,-0.01,-3.657,-0.057,-3.804,-0.077,-3.804,-0.077
2520484,0,0,2.792,-3.563,-0.046,-3.646,-0.053,-3.385,-0.011,-3.657,-0.061,-3.657,-0.061
2520494,0,0,2.792,-3.713,-0.014,-3.673,-0.029,-3.149,0.03,-3.474,-0.04,-3.474,-0.04
2520504,0,0,2.792,-3.861,0.015,-3.789,0.015,-3.072,0.007,-3.337,-0.024,-3.337,-0.024
2520514,0,0,2.792,-3.666,0.018,-3.782,0.043,-3.176,0,-3.311,-0.008,-3.311,-0.008
2520524,0,0,2.792,-3.685,-0.05,-3.66,-0.024,-3.281,-0.008,-3.318,-0.007,-3.318,-0.007
2520534,0,0,2.792,-3.368,-0.02,-3.437,-0.03,-3.254,-0.03,-3.341,-0.017,-3.341,-0.017
2520544,0,0,2.792,-3.539,-0.008,-3.551,0,-3.121,-0.052,-3.298,-0.02,-3.298,-0.02
2520554,0,0,2.792,-3.74,0.075,-3.673,0.043,-2.958,-0.065,-3.224,-0.024,-3.224,-0.024
2520564,0,0,2.792,-3.747,0.014,-3.69,0.024,-2.874,-0.051,-3.125,-0.026,-3.125,-0.026
2520574,0,0,2.792,-3.433,-0.002,-3.53,0.005,-2.862,-0.022,-3.058,-0.025,-3.058,-0.025
2520584,0,0,2.792,-3.371,0.052,-3.387,0.064,-2.878,0.015,-3.029,-0.009,-3.029,-0.009
2520594,0,0,2.792,-3.187,0.03,-3.272,0.027,-2.81,0.021,-2.976,0.003,-2.976,0.003
2520604,0,0,2.792,-3.168,-0.058,-3.217,-0.031,-2.687,0.02,-2.927,0.006,-2.927,0.006
2520614,0,0,2.792,-1.567,-0.006,-2.47,-0.007,-2.533,-0.021,-2.844,-0.001,-2.844,-0.001
2520624,0,0,2.792,-0.154,0.018,-0.52,0.044,-2.406,-0.069,-2.513,-0.01,-2.513,-0.01
2520634,0,0,2.792,-1.328,-0.013,-0.616,-0.025,-2.443,-0.058,-2.279,-0.019,-2.279,-0.019
2520644,0,0,2.792,-2.859,0.01,-2.544,0.008,-2.584,-0.055,-2.289,-0.027,-2.289,-0.027
2520654,0,0,2.792,-3.077,0.002,-2.967,0.019,-2.689,-0.065,-2.508,-0.023,-2.508,-0.023
2520664,0,0,2.792,-3.145,0.008,-3.071,-0.006,-2.731,-0.065,-2.643,-0.026,-2.643,-0.026
2520674,0,0,2.792,-2.96,-0.019,-2.94,-0.025,-2.652,-0.062,-2.726,-0.029,-2.726,-0.029
2520684,0,0,2.792,-2.528,-0.032,-2.741,-0.033,-2.429,-0.086,-2.667,-0.04,-2.667,-0.04
2520694,0,0,2.792,-2.644,-0.035,-2.58,-0.027,-2.083,-0.097,-2.529,-0.047,-2.529,-0.047
2520704,0,0,2.792,-2.569,-0.011,-2.585,-0.03,-1.636,-0.11,-2.343,-0.053,-2.343,-0.053
2520714,0,0,2.792,-2.676,0.015,-2.597,0.006,-1.263,-0.07,-2.117,-0.053,-2.117,-0.053
2520724,0,0,2.792,-2.512,0.012,-2.551,-0.016,-1.187,-0.029,-1.882,-0.046,-1.882,-0.046
2520734,0,0,2.792,-2.654,0.021,-2.603,0.039,-1.507,0.019,-1.762,-0.031,-1.762,-0.031
2520744,0,0,2.792,-2.516,0.07,-2.582,0.057,-1.848,0.016,-1.873,-0.006,-1.873,-0.006
2520754,0,0,2.792,-2.492,-0.022,-2.521,-0.005,-2.027,0.018,-1.941,0.001,-1.941,0.001
2520764,0,0,2.792,-2.399,-0.036,-2.394,-0.032,-2.064,0.013,-2.111,-0.006,-2.111,-0.006
2520774,0,0,2.792,-2.403,-0.017,-2.42,-0.034,-1.931,-0.021,-2.123,-0.011,-2.123,-0.011
2520784,0,0,2.792,-2.424,0.071,-2.39,0.045,-1.579,-0.057,-2.072,-0.018,-2.072,-0.018
2520794,0,0,2.792,-2.28,0.016,-2.326,-0.028,-1.248,-0.171,-1.888,-0.033,-1.888,-0.033
2520804,0,0,2.792,-2.329,-0.036,-2.385,-0.011,-1.247,-0.287,-1.741,-0.082,-1.741,-0.082
2520814,0,0,2.792,-2.292,0.045,-2.273,0.009,-1.256,-0.309,-1.679,-0.122,-1.679,-0.122
2520824,0,0,2.792,-2.057,0.073,-2.143,0.057,-1.147,-0.264,-1.713,-0.105,-1.713,-0.105
2520834,0,0,2.792,-1.91,0.073,-2.074,0.069,-1.071,-0.136,-1.666,-0.078,-1.666,-0.078
2520844,0,0,2.792,-2.023,0.072,-2.007,0.061,-1.119,-0.059,-1.669,-0.028,-1.669,-0.028
2520854,0,0,2.792,-2.122,0.076,-2.074,0.068,-1.173,-0.072,-1.652,-0.002,-1.652,-0.002
2520864,0,0,2.792,-0.351,0.012,-0.865,0.029,-1.111,-0.063,-1.438,0.018,-1.438,0.018
2520874,0,0,2.792,-1.286,0.057,-0.884,0.041,-0.938,0.011,-1.264,0.013,-1.264,0.013
2520884,0,0,2.792,-0.266,0.011,-0.652,0.018,-0.894,0.095,-1.154,0.027,-1.154,0.027
2520894,0,0,2.792,-0.024,0,-0.124,0.015,-0.976,0.151,-0.932,0.044,-0.932,0.044
2520904,0,0,2.792,-0.841,0.046,-0.414,0.021,-1.079,0.136,-0.864,0.06,-0.864,0.06
2520914,0,0,2.792,-0.789,0.036,-1.064,0.052,-1.203,0.112,-0.944,0.072,-0.944,0.072
2520924,0,0,2.792,-0.741,0.035,-0.549,0.032,-1.267,0.103,-0.945,0.071,-0.945,0.071
2520934,0,0,2.792,-1.351,0.057,-1.313,0.039,-1.277,0.105,-1.027,0.075,-1.027,0.075
2520944,0,0,2.792,-0.495,0.002,-0.507,0.012,-1.208,0.069,-1.053,0.071,-1.053,0.071
2520954,0,0,2.792,-1.402,0.054,-1.243,0.029,-0.995,0.035,-0.987,0.05,-0.987,0.05
2520964,0,-2,2.792,-0.133,0.005,-0.397,0.019,-0.667,0.029,-0.927,0.042,-0.927,0.042
2520974,0,-2,2.792,-0.009,0,-0.081,0.011,-0.37,-0.008,-0.576,0.025,-0.576,0.025
2520985,0,-2,2.792,-0.001,0,-0.055,-0.007,-0.311,-0.018,-0.49,0.016,-0.49,0.016
2520994,0,-2,2.792,-0.796,0.026,-0.509,0.014,-0.445,-0.015,-0.435,0.006,-0.435,0.006
2521004,0,-2,2.792,-1.039,0.056,-0.892,0.037,-0.559,-0.003,-0.65,0.021,-0.65,0.021
2521014,0,-2,2.792,-1.111,0.074,-1.109,0.089,-0.631,0.033,-0.671,0.024,-0.671,0.024
2521024,0,-2,2.792,-0.74,0.057,-0.874,0.067,-0.588,0.014,-0.67,0.026,-0.67,0.026
2521034,0,-2,2.792,-0.73,0.054,-0.88,0.069,-0.393,-0.011,-0.633,0.022,-0.633,0.022
2521044,0,-2,2.792,-0.207,0.015,-0.444,0.015,-0.099,-0.071,-0.533,0.008,-0.533,0.008
2521054,0,-2,2.792,-0.014,0.001,-0.098,-0.006,0.133,-0.207,-0.323,-0.031,-0.323,-0.031
2521064,0,-2,2.792,-0.002,0,-0.027,-0.001,0.184,-0.293,-0.21,-0.075,-0.21,-0.075
2521074,0,-2,2.792,0,0,-0.028,0.015,0.146,-0.434,-0.103,-0.144,-0.103,-0.144
2521084,0,-2,2.792,-0.041,0.012,-0.063,0.051,-0.03,-0.531,-0.056,-0.249,-0.056,-0.249
2521094,0,-2,2.792,-0.351,0.041,-0.197,0.013,-0.206,-0.354,-0.075,-0.262,-0.075,-0.262
2521104,0,-2,2.792,-0.579,0.07,-0.513,0.062,-0.325,-0.232,-0.139,-0.243,-0.139,-0.243
2521114,0,-2,2.792,-0.368,0.04,-0.506,0.05,-0.386,-0.179,-0.262,-0.185,-0.262,-0.185
2521124,0,-2,2.792,-0.455,0.026,-0.442,0.015,-0.379,-0.137,-0.334,-0.129,-0.334,-0.129
2521134,0,-2,2.792,-0.396,0.013,-0.511,0.033,-0.326,-0.108,-0.35,-0.114,-0.35,-0.114
2521144,0,-2,2.792,-0.036,0.001,-0.136,0.011,-0.299,-0.087,-0.321,-0.071,-0.321,-0.071
2521154,0,-4,2.792,-0.003,0,-0.024,0.008,-0.304,-0.054,-0.225,-0.04,-0.225,-0.04
2521164,0,-4,2.792,0,0,-0.029,0.003,-0.281,-0.056,-0.212,-0.037,-0.212,-0.037
2521174,0,-4,2.792,0,0,-0.026,0.005,-0.221,-0.076,-0.165,-0.031,-0.165,-0.031
2521184,0,-4,2.792,0,0,-0.024,0.006,-0.165,-0.116,-0.11,-0.026,-0.11,-0.026
2521194,0,-4,2.792,0,0,-0.023,0.01,-0.14,-0.169,-0.097,-0.039,-0.097,-0.039
2521204,0,-4,2.792,0,0,-0.01,0.012,-0.145,-0.184,-0.09,-0.055,-0.09,-0.055
2521214,0,-4,2.792,0,0,-0.012,0.001,-0.127,-0.17,-0.078,-0.061,-0.078,-0.061
2521224,0,-4,2.792,0,0,-0.012,0.002,-0.1,-0.171,-0.057,-0.052,-0.057,-0.052
2521234,0,-4,2.792,-0.016,-0.097,-0.031,-0.07,-0.072,-0.211,-0.054,-0.068,-0.054,-0.068
2521244,0,-4,2.792,0,-0.023,-0.007,-0.031,-0.046,-0.258,-0.047,-0.097,-0.047,-0.097
2521254,0,-4,2.792,0,-0.002,0.001,0.007,0.023,-0.352,-0.024,-0.096,-0.024,-0.096
2521264,0,-4,2.792,0,0,-0.014,-0.002,0.165,-0.558,0.004,-0.142,0.004,-0.142
2521274,0,-4,2.792,0.024,-0.131,0.018,-0.048,0.185,-0.66,0.042,-0.231,0.042,-0.231
2521284,0,-4,2.792,0.002,-0.014,0.018,-0.008,0.041,-0.693,0.043,-0.241,0.043,-0.241
2521294,0,-4,2.792,0,-0.001,0.008,0.006,-0.038,-0.804,0.026,-0.299,0.026,-0.299
2521304,0,-4,2.792,0,0,-0.017,0.005,0.036,-0.874,0.016,-0.341,0.016,-0.341
2521314,0,-4,2.792,0,0,-0.012,0.01,0.092,-0.898,0.019,-0.344,0.019,-0.344
2521324,0,-4,2.792,0,0,0.001,0.022,0.063,-0.94,0.025,-0.384,0.025,-0.384
2521334,0,-4,2.792,0.025,-0.309,0.02,-0.215,0.071,-1.082,0.031,-0.459,0.031,-0.459
2521344,0,-4,2.792,0.027,-0.405,0.024,-0.407,0.106,-1.197,0.042,-0.577,0.042,-0.577
2521354,0,-4,2.792,0.003,-0.037,0.001,-0.1,0.119,-1.214,0.053,-0.672,0.053,-0.672
2521364,0,-4,2.792,0,-0.003,0.017,0.006,0.049,-1.347,0.048,-0.646,0.048,-0.646
2521374,0,-4,2.792,0,0,-0.036,-0.005,0.013,-1.431,0.041,-0.763,0.041,-0.763
2521384,0,-4,2.792,0,0,0.004,0.009,-0.017,-1.388,0.02,-0.805,0.02,-0.805
2521394,0,-4,2.792,0,0,0.019,0.012,-0.004,-1.47,0.012,-0.756,0.012,-0.756
2521404,0,-4,2.792,0.002,-0.047,-0.007,-0.038,0.022,-1.556,0.011,-0.825,0.011,-0.825
2521414,0,-6,2.792,0,-0.004,-0.018,-0.02,0.079,-1.56,0.017,-0.833,0.017,-0.833
2521424,0,-6,2.792,0.01,-0.422,-0.002,-0.188,0.059,-1.576,0.018,-0.619,0.018,-0.619
2521434,0,-6,2.792,0.004,-0.076,0.005,-0.164,0.026,-1.644,0.019,-0.701,0.019,-0.701
2521444,0,-6,2.792,0,-0.007,0.001,-0.026,0.018,-1.789,0.015,-0.673,0.015,-0.673
2521454,0,-6,2.792,0,0,-0.006,0.014,0.029,-2.041,0.009,-0.684,0.009,-0.684
2521464,0,-6,2.792,0,0,0.013,0.006,0,-2.22,0.009,-0.777,0.009,-0.777
2521474,0,-6,2.792,0,0,0.009,0.005,-0.043,-2.464,0.004,-0.949,0.004,-0.949
2521484,0,-6,2.792,0,0,-0.011,0.011,-0.052,-2.714,-0.012,-1.221,-0.012,-1.221
2521494,0,-6,2.792,0,0,-0.026,0.032,-0.012,-2.723,-0.013,-1.394,-0.013,-1.394
2521504,0,-6,2.792,0,0,0.015,-0.006,-0.013,-2.516,-0.002,-1.233,-0.002,-1.233
2521514,0,-6,2.792,0.041,-0.717,0.046,-0.55,-0.029,-2.309,0,-1.237,0,-1.237
2521524,0,-6,2.792,0.006,-0.188,0.008,-0.405,-0.001,-2.183,0.005,-1.249,0.005,-1.249
2521534,0,-6,2.792,0.023,-0.385,0.013,-0.193,0.035,-2.121,0.007,-1.193,0.007,-1.193
2521544,0,-6,2.792,0.002,-0.108,0.012,-0.227,0.058,-2.188,0.019,-1.161,0.019,-1.161
2521554,0,-6,2.792,0,-0.01,0,-0.001,0.049,-2.371,0.023,-1.234,0.023,-1.234
2521564,0,-6,2.792,0,0,-0.011,0.003,0.038,-2.583,0.021,-1.291,0.021,-1.291
2521574,0,-6,2.792,-0.023,-0.036,0.002,0.001,0.018,-2.763,0.018,-1.39,0.018,-1.39
2521584,0,-6,2.792,-0.003,-0.02,-0.019,-0.007,-0.024,-2.87,0.008,-1.438,0.008,-1.438
2521594,0,-6,2.792,-0.001,-0.021,-0.005,-0.024,-0.007,-2.879,0.001,-1.518,0.001,-1.518
2521604,0,-8,2.792,0.026,-0.72,0.021,-0.413,0.007,-2.861,0,-1.527,0,-1.527
2521614,0,-8,2.792,0.038,-1.475,0.04,-1.243,-0.008,-2.816,0.006,-1.673,0.006,-1.673
2521624,0,-8,2.792,0.004,-0.148,0.016,-0.392,-0.018,-2.841,0.011,-1.675,0.011,-1.675
2521634,0,-8,2.792,-0.001,-0.119,0.012,-0.226,-0.023,-3.037,0.004,-1.654,0.004,-1.654
2521644,0,-8,2.792,0.037,-0.529,0.034,-0.205,-0.031,-3.231,-0.003,-1.784,-0.003,-1.784
2521654,0,-8,2.792,0.006,-0.134,0,-0.247,-0.033,-3.274,-0.005,-1.98,-0.005,-1.98
2521664,0,-8,2.792,0,-0.058,0.006,-0.054,-0.066,-3.164,-0.003,-1.439,-0.003,-1.439
2521674,0,-8,2.792,0,-0.007,-0.007,-0.03,-0.072,-3.093,-0.014,-1.645,-0.014,-1.645
2521684,0,-8,2.792,0,0,-0.023,0.011,-0.042,-3.119,-0.022,-1.561,-0.022,-1.561
2521694,0,-8,2.792,0,0,-0.005,-0.001,0.002,-3.271,-0.015,-1.732,-0.015,-1.732
2521704,0,-8,2.792,0.013,-0.031,0.023,-0.013,0,-3.593,-0.003,-1.59,-0.003,-1.59
2521714,0,-8,2.792,0.065,-1.209,0.024,-0.778,-0.012,-3.891,-0.002,-2.039,-0.002,-2.039
2521724,0,-8,2.792,0.039,-1.13,0.031,-1.382,0,-4.026,0.011,-2.37,0.011,-2.37
2521734,0,-8,2.792,0.003,-0.102,0.016,-0.287,-0.022,-3.902,0.009,-2.689,0.009,-2.689
2521744,0,-8,2.792,0.028,-0.484,0.021,-0.198,-0.076,-3.688,-0.001,-2.309,-0.001,-2.309
2521754,0,-8,2.792,0.097,-1.756,0.068,-1.438,-0.078,-3.48,0.004,-2.09,0.004,-2.09
2521764,0,-8,2.792,0.118,-1.983,0.123,-1.78,-0.081,-3.293,0.001,-2.362,0.001,-2.362
2521774,0,-8,2.792,0.104,-1.931,0.102,-1.813,-0.047,-3.271,0.042,-2.289,0.042,-2.289
2521784,0,-8,2.792,0.011,-0.218,0.034,-0.591,-0.047,-3.427,0.043,-2.291,0.043,-2.291
2521794,0,-8,2.792,0,-0.019,0.012,-0.073,-0.06,-3.687,0.015,-2.025,0.015,-2.025
2521804,0,-8,2.792,0,-0.002,-0.002,-0.008,-0.034,-3.772,0.003,-2.062,0.003,-2.062
2521814,0,-8,2.792,0,0,-0.027,-0.008,0.004,-3.913,0.001,-2.013,0.001,-2.013
2521824,0,-8,2.792,0,0,-0.002,0.008,-0.026,-4.021,-0.001,-2.143,-0.001,-2.143
2521834,0,-8,2.792,0,0,-0.005,0.009,-0.097,-4.284,-0.012,-1.918,-0.012,-1.918
2521844,0,-8,2.792,0,0,-0.012,0.021,-0.175,-4.623,-0.031,-1.987,-0.031,-1.987
2521854,0,-8,2.792,0,0,0.001,0.015,-0.239,-4.859,-0.056,-2.114,-0.056,-2.114
2521864,0,-8,2.792,0,0,-0.013,0.014,-0.269,-4.98,-0.063,-1.888,-0.063,-1.888
2521874,0,-8,2.792,0,0,0.014,0.023,-0.212,-5.01,-0.087,-2.511,-0.087,-2.511
2521884,0,-8,2.792,0,0,0.009,0.011,-0.175,-5.002,-0.069,-2.239,-0.069,-2.239
2521894,0,-8,2.792,0.027,-0.615,0.003,-0.199,-0.102,-5.006,-0.042,-1.816,-0.042,-1.816
2521904,0,-8,2.792,0.101,-1.958,0.073,-1.67,-0.047,-5.088,-0.028,-2.445,-0.028,-2.445
2521914,0,-8,2.792,0.108,-2.203,0.104,-2.077,-0.041,-5.127,0,-3.074,0,-3.074
2521924,0,-8,2.792,0.188,-2.311,0.153,-2.233,-0.044,-5.072,0.017,-3.632,0.017,-3.632
2521934,0,-8,2.792,0.137,-2.331,0.146,-2.185,0.069,-4.997,0.045,-4.073,0.045,-4.073
2521944,0,-8,2.792,0.148,-2.225,0.142,-2.2,0.217,-4.727,0.085,-4.244,0.085,-4.244
2521954,0,-8,2.792,0.165,-2.311,0.163,-2.325,0.32,-4.21,0.136,-4.191,0.136,-4.191
2521964,0,-8,2.792,0.161,-2.337,0.176,-2.312,0.35,-3.497,0.186,-3.852,0.186,-3.852
2521974,0,-8,2.792,0.146,-2.199,0.158,-2.264,0.341,-2.801,0.213,-3.346,0.213,-3.346
2521984,0,-8,2.792,0.074,-2.186,0.084,-2.212,0.272,-2.296,0.199,-2.819,0.199,-2.819
2521994,0,-8,2.792,0.066,-2.307,0.084,-2.291,0.153,-2.181,0.172,-2.533,0.172,-2.533
2522004,0,-8,2.792,0.141,-2.271,0.124,-2.268,0.043,-2.477,0.142,-2.448,0.142,-2.448
2522014,0,-8,2.792,0.212,-2.358,0.186,-2.232,0.01,-2.823,0.115,-2.487,0.115,-2.487
2522024,0,-8,2.792,0.251,-2.156,0.246,-2.14,0.004,-3.191,0.105,-2.628,0.105,-2.628
2522034,0,-8,2.792,0.292,-2.187,0.3,-2.256,0.016,-3.704,0.176,-2.673,0.176,-2.673
2522044,0,-8,2.792,0.307,-2.166,0.291,-2.169,0.005,-4.149,0.169,-2.992,0.169,-2.992
2522054,0,-8,2.792,0.048,-0.289,0.122,-0.754,-0.038,-4.333,0.169,-2.267,0.169,-2.267
2522064,0,-8,2.792,0.004,-0.026,0.03,-0.115,-0.036,-4.382,0.115,-2.166,0.115,-2.166
2522074,0,-8,2.792,0.324,-1.723,0.206,-1.095,0.025,-4.408,0.079,-1.922,0.079,-1.922
2522084,0,-8,2.792,0.441,-2.318,0.412,-2.128,0.06,-4.486,0.142,-2.434,0.142,-2.434
2522094,0,-8,2.792,0.546,-2.286,0.479,-2.259,0.069,-4.638,0.194,-2.978,0.194,-2.978
2522104,0,-8,2.792,0.467,-2.332,0.48,-2.315,0.034,-4.841,0.317,-3.133,0.317,-3.133
2522114,0,-8,2.792,0.446,-2.025,0.44,-2.164,-0.002,-4.881,0.287,-3.603,0.287,-3.603
2522124,0,-8,2.792,0.441,-2.072,0.459,-2.115,-0.025,-4.7,0.258,-3.927,0.258,-3.927
2522134,0,-8,2.792,0.535,-2.374,0.516,-2.359,-0.037,-4.328,0.282,-3.805,0.282,-3.805
2522144,0,-8,2.792,0.48,-2.402,0.494,-2.376,-0.066,-3.894,0.267,-3.715,0.267,-3.715
2522154,0,-8,2.792,0.37,-2.321,0.404,-2.281,-0.101,-3.526,0.221,-3.554,0.221,-3.554
2522164,0,-8,2.792,0.135,-0.775,0.237,-1.474,-0.165,-3.434,0.179,-3.326,0.179,-3.326
2522174,0,-8,2.792,0.01,-0.073,0.071,-0.234,-0.18,-3.711,0.097,-3.126,0.097,-3.126
2522184,0,-8,2.792,0.065,-2.223,0.056,-1.623,-0.169,-4.122,0.033,-3.251,0.033,-3.251
2522194,0,-8,2.792,-0.075,-2.453,-0.02,-2.293,-0.148,-4.598,-0.008,-3.628,-0.008,-3.628
2522204,0,-8,2.792,-0.198,-2.376,-0.155,-2.351,-0.148,-5.025,-0.05,-4.012,-0.05,-4.012
2522214,0,-8,2.792,-0.332,-2.33,-0.287,-2.347,-0.191,-5.212,-0.097,-4.566,-0.097,-4.566
2522224,0,-8,2.792,-0.503,-2.462,-0.422,-2.302,-0.21,-4.954,-0.166,-4.758,-0.166,-4.758
2522234,0,-8,2.792,-0.703,-2.464,-0.592,-2.366,-0.148,-4.457,-0.241,-4.503,-0.241,-4.503
2522244,0,-8,2.792,-0.822,-2.556,-0.728,-2.371,-0.071,-3.898,-0.255,-4.194,-0.255,-4.194
2522254,0,-8,2.792,-0.741,-2.251,-0.74,-2.231,-0.055,-3.25,-0.34,-3.651,-0.34,-3.651
2522264,0,-8,2.792,-0.834,-2.405,-0.809,-2.433,-0.018,-2.586,-0.35,-3.217,-0.35,-3.217
2522274,0,-8,2.792,-0.761,-2.376,-0.797,-2.361,0.153,-2.293,-0.315,-2.846,-0.315,-2.846
2522284,0,-8,2.792,-0.629,-2.261,-0.68,-2.317,0.192,-2.71,-0.295,-2.673,-0.295,-2.673
2522294,0,-8,2.792,-0.44,-2.295,-0.497,-2.284,0.078,-3.445,-0.237,-2.808,-0.237,-2.808
2522304,0,-8,2.792,-0.237,-2.195,-0.304,-2.234,-0.005,-4.129,-0.239,-3.015,-0.239,-3.015
2522314,0,-8,2.792,-0.099,-2.236,-0.141,-2.205,-0.029,-4.669,-0.199,-3.243,-0.199,-3.243
2522324,0,-8,2.792,0.039,-2.277,-0.003,-2.291,-0.027,-5.031,-0.142,-3.623,-0.142,-3.623
2522334,0,-8,2.792,0.155,-2.375,0.148,-2.337,0.013,-5.233,-0.082,-4.166,-0.082,-4.166
2522344,0,0,2.792,0.015,-0.237,0.044,-0.653,0.081,-5.201,0,-4.28,0,-4.28
2522354,0,0,2.792,0.001,-0.021,0.017,-0.088,0.18,-4.864,0.032,-4.34,0.032,-4.34
2522364,0,0,2.792,0,-0.002,0.005,-0.06,0.254,-4.429,0.075,-4.264,0.075,-4.264
2522374,0,0,2.792,0,0,-0.001,0.03,0.237,-3.939,0.11,-4.047,0.11,-4.047
2522384,0,0,2.792,0,0,-0.013,-0.009,0.248,-3.341,0.103,-3.254,0.103,-3.254
2522395,0,0,2.792,0,0,0.007,-0.018,0.259,-2.821,0.077,-1.969,0.077,-1.969
2522405,0,0,2.792,0.778,-1.76,0.621,-1.43,0.241,-2.476,0.158,-1.923,0.158,-1.923
2522415,0,0,2.792,0.863,-2.173,0.894,-2.136,0.188,-2.871,0.304,-2.129,0.304,-2.129
2522425,0,0,2.792,0.789,-2.239,0.849,-2.251,0.186,-3.504,0.355,-2.487,0.355,-2.487
2522435,0,0,2.792,0.69,-2.307,0.783,-2.457,0.186,-3.967,0.373,-2.938,0.373,-2.938
2522445,0,0,2.792,0.559,-2.31,0.616,-2.392,0.174,-4.374,0.38,-3.37,0.38,-3.37
2522455,0,0,2.792,0.675,-2.249,0.599,-2.249,0.054,-4.775,0.358,-3.732,0.358,-3.732
2522465,0,0,2.792,0.131,-0.563,0.274,-1.192,-0.066,-5.172,0.338,-3.807,0.338,-3.807
2522475,0,0,2.792,0.009,-0.039,0.034,-0.139,-0.148,-5.562,0.221,-4.443,0.221,-4.443
2522485,0,0,2.792,0.059,-0.777,0.056,-0.511,-0.221,-5.748,0.106,-5.295,0.106,-5.295
2522495,0,0,2.792,0.093,-2.218,0.104,-2.112,-0.23,-5.636,0.032,-5.485,0.032,-5.485
2522505,0,0,2.792,-0.011,-2.731,0.012,-2.651,-0.193,-5.488,-0.009,-5.261,-0.009,-5.261
2522515,0,0,2.792,-0.045,-2.589,-0.031,-2.55,-0.154,-5.335,-0.041,-5.271,-0.041,-5.271
2522525,0,0,2.792,-0.165,-2.57,-0.121,-2.529,-0.125,-5.02,-0.066,-5.105,-0.066,-5.105
2522535,0,0,2.792,-0.314,-2.668,-0.283,-2.629,-0.016,-4.519,-0.084,-4.747,-0.084,-4.747
2522545,0,0,2.792,-0.281,-2.484,-0.286,-2.574,0.151,-3.939,-0.073,-4.309,-0.073,-4.309
2522557,0,0,2.792,-0.225,-2.516,-0.253,-2.572,0.242,-3.515,-0.034,-3.911,-0.034,-3.911
2522565,0,0,2.792,-0.081,-2.336,-0.172,-2.505,0.207,-3.752,0.018,-3.693,0.018,-3.693
2522575,0,0,2.792,-0.08,-2.469,-0.094,-2.416,0.097,-4.149,0.029,-3.743,0.029,-3.743
2522585,0,0,2.792,0.069,-2.402,0.005,-2.422,-0.035,-4.715,0.009,-3.941,0.009,-3.941
2522595,0,0,2.792,0.173,-2.529,0.129,-2.534,-0.101,-5.261,0.001,-4.433,0.001,-4.433
2522605,0,0,2.792,0.226,-2.594,0.217,-2.552,-0.128,-5.533,-0.005,-5.139,-0.005,-5.139
2522615,0,0,2.792,0.372,-2.431,0.354,-2.533,-0.084,-5.496,0.037,-5.348,0.037,-5.348
2522625,0,0,2.792,0.491,-2.559,0.441,-2.593,0.069,-5.178,0.097,-5.213,0.097,-5.213
2522635,0,0,2.792,0.674,-2.573,0.619,-2.534,0.206,-4.569,0.19,-4.792,0.19,-4.792
2522645,0,0,2.792,0.786,-2.528,0.765,-2.578,0.309,-3.966,0.29,-4.335,0.29,-4.335
2522655,0,0,2.792,0.902,-2.758,0.839,-2.6,0.355,-3.557,0.433,-3.844,0.433,-3.844
2522665,0,0,2.792,0.829,-2.47,0.832,-2.541,0.316,-3.29,0.495,-3.513,0.495,-3.513
2522675,0,0,2.792,0.72,-2.432,0.772,-2.461,0.207,-3.495,0.467,-3.402,0.467,-3.402
2522685,0,0,2.792,0.537,-2.351,0.623,-2.347,0.13,-4.039,0.425,-3.483,0.425,-3.483
2522695,0,0,2.792,0.52,-2.627,0.531,-2.563,0.06,-4.55,0.352,-3.831,0.352,-3.831
2522705,0,0,2.792,0.375,-2.637,0.381,-2.542,0.026,-4.991,0.293,-4.205,0.293,-4.205
2522715,0,0,2.792,0.275,-2.699,0.3,-2.681,0.009,-5.325,0.245,-4.657,0.245,-4.657
2522725,0,0,2.792,0.192,-2.807,0.208,-2.641,-0.028,-5.486,0.188,-5.22,0.188,-5.22
2522735,0,0,2.792,0.104,-2.539,0.154,-2.636,-0.095,-5.461,0.131,-5.346,0.131,-5.346
2522745,0,0,2.792,0.061,-1.188,0.063,-2.011,-0.156,-5.459,0.067,-5.386,0.067,-5.386
2522755,0,0,2.792,0.005,-0.106,0.011,-0.358,-0.214,-5.609,0.002,-5.393,0.002,-5.393
2522765,0,0,2.792,0,-0.009,-0.018,-0.026,-0.188,-5.829,-0.046,-5.593,-0.046,-5.593
2522775,0,0,2.792,0,0,0.002,0.002,-0.059,-6.003,-0.061,-5.838,-0.061,-5.838
2522785,0,0,2.792,-0.018,0.006,0.029,-0.038,0.236,-5.786,-0.01,-5.781,-0.01,-5.781
2522795,0,0,2.792,-0.227,-1.871,-0.129,-1.039,0.507,-5.127,0.1,-5.377,0.1,-5.377
2522805,0,0,2.792,-0.391,-2.659,-0.385,-2.483,0.465,-4.573,0.131,-4.794,0.131,-4.794
2522815,0,0,2.792,-0.289,-2.6,-0.3,-2.708,0.365,-4.386,0.146,-4.512,0.146,-4.512
2522825,0,0,2.792,-0.325,-2.811,-0.32,-2.772,0.366,-4.625,0.142,-4.44,0.142,-4.44
2522835,0,0,2.792,-0.238,-2.803,-0.256,-2.736,0.303,-5,0.114,-4.582,0.114,-4.582
2522845,0,0,2.792,-0.078,-3.009,-0.152,-2.904,0.15,-5.096,0.092,-4.82,0.092,-4.82
2522855,0,0,2.792,0.049,-2.714,-0.011,-2.835,0.038,-5.205,0.037,-4.829,0.037,-4.829
2522865,0,0,2.792,0.193,-2.849,0.099,-2.954,-0.009,-5.517,0.031,-5.245,0.031,-5.245
2522875,0,0,2.792,0.247,-2.85,0.226,-2.732,-0.037,-5.798,0.048,-5.535,0.048,-5.535
2522885,0,0,2.792,0.257,-1.906,0.182,-1.612,0.004,-5.663,0.044,-5.644,0.044,-5.644
2522894,0,0,2.792,0.493,-2.765,0.439,-2.565,0.063,-5.093,0.093,-5.256,0.093,-5.256
2522905,0,0,2.792,0.315,-1.502,0.276,-1.454,0.088,-4.353,0.112,-4.701,0.112,-4.701
2522915,0,0,2.792,0.592,-2.303,0.493,-2.171,0.188,-3.787,0.17,-4.173,0.17,-4.173
2522925,0,0,2.792,0.567,-2.6,0.578,-2.515,0.281,-3.773,0.355,-3.578,0.355,-3.578
2522935,0,0,2.792,0.545,-2.779,0.533,-2.61,0.258,-4.241,0.389,-3.551,0.389,-3.551
2522945,0,0,2.792,0.457,-2.896,0.485,-2.792,0.222,-4.653,0.37,-3.894,0.37,-3.894
2522955,0,0,2.792,0.389,-2.856,0.4,-2.825,0.206,-4.954,0.348,-4.282,0.348,-4.282
2522965,0,0,2.792,0.263,-1.888,0.321,-2.446,0.154,-5.268,0.309,-4.743,0.309,-4.743
2522975,0,0,2.792,0.024,-0.172,0.08,-0.524,0.044,-5.574,0.232,-5.153,0.232,-5.153
2522985,0,0,2.792,0.002,-0.015,0.013,-0.072,-0.057,-5.792,0.145,-5.466,0.145,-5.466
2522995,0,0,2.792,0.134,-2.482,0.084,-1.519,-0.061,-5.831,0.075,-5.433,0.075,-5.433
2523005,0,0,2.792,0.12,-3.143,0.143,-2.828,0.015,-5.721,0.075,-5.485,0.075,-5.485
2523015,0,0,2.792,0.092,-3.311,0.097,-3.287,0.051,-5.538,0.072,-5.517,0.072,-5.517
2523025,0,0,2.792,0.143,-2.826,0.127,-3.117,0.035,-5.42,0.079,-5.328,0.079,-5.328
2523035,0,0,2.792,0.015,-0.269,0.043,-0.804,0.019,-5.369,0.069,-5.26,0.069,-5.26
2523045,0,0,2.792,-0.01,-2.2,0.003,-1.338,0.014,-5.259,0.048,-5.184,0.048,-5.184
2523055,0,0,2.792,-0.037,-3.031,-0.027,-2.815,0.058,-5.014,0.034,-5.029,0.034,-5.029
2523065,0,0,2.792,-0.001,-3.15,-0.005,-3.07,0.146,-4.767,0.044,-4.81,0.044,-4.81
2523075,0,0,2.792,0.049,-3.119,0.018,-3.014,0.208,-4.672,0.067,-4.614,0.067,-4.614
2523085,0,0,2.792,0.038,-3.181,0.01,-3.124,0.223,-4.713,0.094,-4.602,0.094,-4.602
2523095,0,0,2.792,0.027,-1.117,0.056,-2.05,0.185,-4.858,0.106,-4.533,0.106,-4.533
2523105,0,0,2.792,0.144,-2.826,0.108,-2.402,0.128,-5.092,0.112,-4.674,0.112,-4.674
2523115,0,0,2.792,0.191,-3.176,0.164,-3.136,0.06,-5.301,0.116,-4.92,0.116,-4.92
2523125,0,0,2.792,0.211,-3.179,0.204,-3.103,0.055,-5.331,0.113,-5.2,0.113,-5.2
2523135,0,0,2.792,0.275,-3.293,0.231,-3.111,0.098,-5.1,0.131,-5.082,0.131,-5.082
2523145,0,0,2.792,0.347,-2.934,0.323,-3.135,0.122,-4.7,0.165,-4.803,0.165,-4.803
2523155,0,0,2.792,0.341,-3.084,0.336,-3.116,0.098,-4.35,0.205,-4.421,0.205,-4.421
2523165,0,0,2.792,0.34,-2.938,0.346,-2.993,0.064,-4.192,0.225,-4.123,0.225,-4.123
2523175,0,0,2.792,0.344,-3.297,0.334,-3.205,0.011,-4.221,0.203,-4.093,0.203,-4.093
2523185,0,0,2.792,0.406,-2.886,0.408,-2.957,-0.043,-4.411,0.201,-4.066,0.201,-4.066
2523195,0,0,2.792,0.347,-2.842,0.387,-2.82,-0.091,-4.711,0.177,-4.212,0.177,-4.212
2523205,0,0,2.792,0.37,-3.134,0.374,-2.963,-0.109,-4.945,0.237,-4.082,0.237,-4.082
2523215,0,0,2.792,0.335,-2.969,0.351,-3.107,-0.142,-4.976,0.21,-4.325,0.21,-4.325
2523225,0,0,2.792,0.364,-3.358,0.374,-3.316,-0.151,-4.837,0.194,-4.45,0.194,-4.45
2523235,0,0,2.792,0.33,-3.342,0.342,-3.308,-0.127,-4.607,0.25,-4.091,0.25,-4.091
2523245,0,0,2.792,0.351,-3.156,0.323,-3.207,-0.106,-4.405,0.205,-4.18,0.205,-4.18
2523255,0,0,2.792,0.349,-3.177,0.358,-3.214,-0.097,-4.27,0.181,-4.124,0.181,-4.124
2523265,0,0,2.792,0.297,-3.221,0.314,-3.202,-0.054,-4.147,0.151,-4.086,0.151,-4.086
2523275,0,0,2.792,0.297,-3.278,0.295,-3.196,-0.037,-4.021,0.14,-3.987,0.14,-3.987
2523285,0,0,2.792,0.265,-3.022,0.276,-3.141,-0.038,-3.948,0.118,-3.929,0.118,-3.929
2523294,0,0,2.792,0.262,-3.015,0.288,-3.053,-0.037,-3.913,0.125,-3.82,0.125,-3.82
2523305,0,0,2.792,0.279,-3.222,0.279,-3.091,-0.021,-3.883,0.11,-3.801,0.11,-3.801
2523315,0,0,2.792,0.251,-3.044,0.246,-3.106,-0.005,-3.826,0.115,-3.737,0.115,-3.737
2523325,0,0,2.792,0.248,-2.922,0.257,-2.937,0.015,-3.804,0.146,-3.586,0.146,-3.586
2523335,0,0,2.792,0.232,-2.958,0.25,-2.918,0.025,-3.808,0.154,-3.534,0.154,-3.534
2523345,0,0,2.792,0.237,-2.887,0.243,-2.91,0.032,-3.818,0.144,-3.574,0.144,-3.574
2523355,0,0,2.792,0.23,-3.063,0.227,-3.002,0.011,-3.799,0.152,-3.492,0.152,-3.492
2523365,0,0,2.792,0.215,-2.959,0.226,-2.988,0.003,-3.76,0.134,-3.556,0.134,-3.556
2523375,0,0,2.792,0.219,-2.714,0.226,-2.752,-0.015,-3.731,0.12,-3.555,0.12,-3.555
2523385,0,0,2.792,0.212,-2.811,0.201,-2.815,-0.04,-3.68,0.105,-3.524,0.105,-3.524
2523395,0,0,2.792,0.179,-2.72,0.202,-2.846,-0.053,-3.56,0.092,-3.47,0.092,-3.47
2523405,0,0,2.792,0.216,-2.919,0.218,-2.911,-0.021,-3.417,0.097,-3.364,0.097,-3.364
2523415,0,0,2.792,0.185,-3.017,0.172,-2.862,0.009,-3.292,0.087,-3.318,0.087,-3.318
2523425,0,0,2.792,0.212,-2.88,0.207,-2.924,0.022,-3.194,0.104,-3.202,0.104,-3.202
2523435,0,0,2.792,0.18,-2.932,0.171,-2.946,0.01,-3.11,0.096,-3.158,0.096,-3.158
2523445,0,0,2.792,0.15,-2.71,0.158,-2.79,0.006,-3.06,0.084,-3.107,0.084,-3.107
2523455,0,0,2.792,0.164,-2.746,0.179,-2.686,0.007,-3.021,0.078,-3.044,0.078,-3.044
2523465,0,0,2.792,0.173,-2.798,0.168,-2.801,0.02,-2.991,0.08,-2.993,0.08,-2.993
2523475,0,0,2.792,0.179,-2.807,0.165,-2.802,0.026,-2.962,0.083,-2.963,0.083,-2.963
2523485,0,0,2.792,0.153,-2.826,0.133,-2.814,0.022,-2.928,0.079,-2.938,0.079,-2.938
2523495,0,0,2.792,0.145,-2.699,0.173,-2.71,0.016,-2.884,0.078,-2.904,0.078,-2.904
2523505,0,0,2.792,0.193,-2.765,0.194,-2.802,0.024,-2.817,0.079,-2.869,0.079,-2.869
2523515,0,0,2.792,0.155,-2.583,0.162,-2.664,0.017,-2.729,0.078,-2.817,0.078,-2.817
2523525,0,0,2.792,0.109,-2.691,0.121,-2.653,-0.004,-2.651,0.076,-2.744,0.076,-2.744
2523535,0,0,2.792,0.106,-2.588,0.122,-2.686,-0.03,-2.582,0.061,-2.688,0.061,-2.688
2523545,0,0,2.792,0.14,-2.63,0.143,-2.639,-0.028,-2.533,0.046,-2.639,0.046,-2.639
2523555,0,0,2.792,0.12,-2.482,0.133,-2.495,-0.035,-2.463,0.077,-2.56,0.077,-2.56
2523565,0,0,2.792,0.254,-2.278,0.212,-2.391,-0.037,-2.345,0.064,-2.503,0.064,-2.503
2523575,0,0,2.792,0.131,-2.548,0.17,-2.483,-0.038,-2.262,0.06,-2.428,0.06,-2.428
2523585,0,0,2.792,0.134,-2.449,0.129,-2.489,-0.027,-2.294,0.047,-2.388,0.047,-2.388
2523595,0,0,2.792,0.117,-2.652,0.117,-2.562,-0.012,-2.3,0.044,-2.37,0.044,-2.37
2523605,0,0,2.792,0.108,-2.329,0.096,-2.444,0.011,-2.243,0.041,-2.35,0.041,-2.35
2523615,0,0,2.792,0.118,-2.497,0.123,-2.483,0.015,-2.148,0.047,-2.313,0.047,-2.313
2523625,0,0,2.792,0.128,-2.531,0.132,-2.522,0.005,-2.034,0.048,-2.255,0.048,-2.255
2523635,0,0,2.792,0.117,-2.421,0.116,-2.44,0,-1.963,0.048,-2.194,0.048,-2.194
2523645,0,0,2.792,0.098,-2.422,0.108,-2.452,0.008,-1.973,0.048,-2.164,0.048,-2.164
2523655,0,0,2.792,0.1,-2.387,0.102,-2.402,-0.003,-1.915,0.051,-2.155,0.051,-2.155
2523665,0,0,2.792,0.092,-2.347,0.087,-2.4,-0.011,-1.762,0.059,-2.145,0.059,-2.145
2523675,0,0,2.792,0.083,-2.275,0.097,-2.287,0.031,-1.68,0.05,-2.028,0.05,-2.028
2523685,0,0,2.792,0.08,-1.525,0.107,-2.032,0.068,-1.6,0.064,-1.959,0.064,-1.959
2523695,0,0,2.792,-0.003,-0.151,0.022,-0.473,0.056,-1.442,0.062,-1.706,0.062,-1.706
2523705,0,0,2.792,0.082,-1.468,0.057,-0.995,0.037,-1.338,0.051,-1.411,0.051,-1.411
2523715,0,0,2.792,0.079,-1.887,0.057,-1.803,0.014,-1.414,0.048,-1.452,0.048,-1.452
2523725,0,0,2.792,0.078,-1.796,0.077,-1.943,0.004,-1.575,0.044,-1.528,0.044,-1.528
2523735,0,0,2.792,0.103,-2.02,0.1,-1.953,-0.003,-1.681,0.049,-1.65,0.049,-1.65
2523745,0,0,2.792,0.097,-1.919,0.098,-1.868,-0.013,-1.666,0.049,-1.708,0.049,-1.708
2523755,0,0,2.792,0.074,-1.937,0.079,-1.92,-0.019,-1.605,0.056,-1.778,0.056,-1.778
2523765,0,0,2.792,0.063,-1.794,0.06,-1.869,-0.018,-1.533,0.049,-1.764,0.049,-1.764
2523775,0,0,2.792,0.069,-1.745,0.08,-1.86,-0.02,-1.432,0.042,-1.714,0.042,-1.714
2523785,0,0,2.792,0.005,-0.349,0.015,-0.74,-0.016,-1.237,0.036,-1.511,0.036,-1.511
2523795,0,0,2.792,0.003,-0.134,0.005,-0.259,-0.004,-1.041,0.023,-1.233,0.023,-1.233
2523805,0,0,2.792,0.062,-1.378,0.033,-0.901,-0.036,-0.966,0.019,-0.974,0.019,-0.974
2523815,0,0,2.792,0.037,-1.446,0.038,-1.358,-0.057,-0.995,0.008,-1.006,0.008,-1.006
2523825,0,0,2.792,0.094,-1.651,0.103,-1.633,-0.044,-1.027,0.011,-1.111,0.011,-1.111
2523835,0,0,2.792,0.111,-1.781,0.094,-1.628,-0.03,-0.996,0.012,-1.14,0.012,-1.14
2523845,0,0,2.792,0.011,-0.186,0.03,-0.514,-0.024,-0.826,0.016,-1.069,0.016,-1.069
2523855,0,0,2.792,0.016,-0.099,0.015,-0.162,-0.039,-0.67,0.007,-0.86,0.007,-0.86
2523865,0,0,2.792,0.011,-0.1,0.011,-0.094,-0.056,-0.638,-0.004,-0.665,-0.004,-0.665
2523875,0,0,2.792,0.055,-0.362,0.032,-0.209,-0.056,-0.651,-0.005,-0.475,-0.005,-0.475
2523885,0,0,2.792,0.131,-1.013,0.117,-0.831,-0.036,-0.676,-0.001,-0.517,-0.001,-0.517
2523895,0,0,2.792,0.149,-1.052,0.132,-0.942,-0.012,-0.673,0.006,-0.588,0.006,-0.588
2523905,0,0,2.792,0.164,-1.137,0.129,-1.17,-0.007,-0.623,0.024,-0.685,0.024,-0.685
2523915,0,0,2.792,0.056,-0.352,0.074,-0.592,0.006,-0.511,0.026,-0.671,0.026,-0.671
2523925,0,0,2.792,0.077,-0.348,0.05,-0.257,0.056,-0.352,0.03,-0.573,0.03,-0.573
2523935,0,0,2.792,0.168,-0.834,0.163,-0.723,0.098,-0.36,0.055,-0.517,0.055,-0.517
2523945,0,0,2.792,0.24,-1.013,0.231,-1.014,0.145,-0.48,0.091,-0.543,0.091,-0.543
2523955,0,0,2.792,0.161,-0.636,0.21,-0.916,0.141,-0.499,0.122,-0.59,0.122,-0.59
2523965,0,0,2.792,0.009,-0.201,0.032,-0.26,0.096,-0.388,0.115,-0.529,0.115,-0.529
2523975,0,0,2.792,0,-0.019,0.005,-0.084,0.024,-0.234,0.086,-0.417,0.086,-0.417
2523985,0,0,2.792,0.129,-0.443,0.099,-0.332,-0.011,-0.178,0.059,-0.326,0.059,-0.326
2523995,0,0,2.792,0.214,-0.696,0.182,-0.616,0.044,-0.275,0.094,-0.403,0.094,-0.403
2524005,0,0,2.792,0.211,-0.653,0.201,-0.634,0.086,-0.315,0.106,-0.418,0.106,-0.418
2524015,0,0,2.792,0.108,-0.272,0.158,-0.451,0.097,-0.295,0.118,-0.418,0.118,-0.418
2524025,0,0,2.792,0.047,-0.134,0.064,-0.165,0.066,-0.209,0.106,-0.347,0.106,-0.347
2524035,0,0,2.792,0.048,-0.121,0.029,-0.128,0.031,-0.152,0.079,-0.266,0.079,-0.266
2524045,0,0,2.792,0.145,-0.386,0.127,-0.326,0.041,-0.174,0.07,-0.243,0.07,-0.243
2524055,0,0,2.792,0.208,-0.481,0.189,-0.42,0.061,-0.195,0.085,-0.259,0.085,-0.259
2524065,0,0,2.792,0.204,-0.424,0.211,-0.461,0.075,-0.185,0.103,-0.282,0.103,-0.282
2524075,0,0,2.792,0.179,-0.387,0.167,-0.37,0.076,-0.153,0.118,-0.286,0.118,-0.286
2524085,0,0,2.792,0.116,-0.175,0.108,-0.195,0.06,-0.119,0.11,-0.248,0.11,-0.248
2524095,0,0,2.792,0.041,-0.063,0.06,-0.09,0.066,-0.124,0.09,-0.18,0.09,-0.18
2524105,0,0,2.792,0.081,-0.112,0.081,-0.118,0.067,-0.111,0.082,-0.153,0.082,-0.153
2524115,0,0,2.792,0.083,-0.107,0.089,-0.128,0.062,-0.09,0.08,-0.138,0.08,-0.138
2524125,0,0,2.792,0.072,-0.063,0.081,-0.097,0.039,-0.05,0.078,-0.112,0.078,-0.112
2524135,0,0,2.792,0.038,-0.033,0.051,-0.06,0.016,-0.02,0.068,-0.092,0.068,-0.092
2524145,0,0,2.792,0.016,-0.012,0.027,-0.028,0.011,-0.015,0.052,-0.068,0.052,-0.068
2524155,0,0,2.792,0.001,0.015,0.017,-0.001,0.005,-0.003,0.031,-0.029,0.031,-0.029
2524165,0,0,2.792,-0.02,0.052,-0.008,0.031,-0.003,0.012,0.014,-0.002,0.014,-0.002
2524175,0,0,2.792,-0.026,0.036,-0.02,0.039,-0.013,0.023,-0.008,0.027,-0.008,0.027
2524185,0,0,2.792,-0.042,0.048,-0.033,0.045,-0.023,0.032,-0.019,0.034,-0.019,0.034
2524195,0,0,2.792,-0.035,0.044,-0.032,0.042,-0.032,0.04,-0.028,0.039,-0.028,0.039
2524205,0,0,2.792,-0.043,0.051,-0.038,0.047,-0.039,0.048,-0.035,0.044,-0.035,0.044
2524215,0,0,2.792,-0.049,0.06,-0.045,0.057,-0.043,0.052,-0.04,0.05,-0.04,0.05
2524225,0,0,2.792,-0.051,0.057,-0.051,0.059,-0.046,0.055,-0.045,0.055,-0.045,0.055
2524235,0,0,2.792,-0.049,0.051,-0.052,0.055,-0.049,0.054,-0.05,0.056,-0.05,0.056
2524245,0,0,2.792,-0.046,0.046,-0.049,0.05,-0.051,0.054,-0.05,0.054,-0.05,0.054
2524255,0,0,2.792,-0.044,0.044,-0.045,0.045,-0.049,0.052,-0.048,0.049,-0.048,0.049
2524265,2,0,2.792,-0.036,0.03,-0.045,0.042,-0.045,0.048,-0.047,0.047,-0.047,0.047
2524275,2,0,2.792,-0.026,0.024,-0.032,0.029,-0.04,0.043,-0.035,0.033,-0.035,0.033
2524285,2,0,2.792,-0.022,0.018,-0.028,0.024,-0.034,0.037,-0.033,0.03,-0.033,0.03
2524294,2,0,2.792,-0.016,0.014,-0.02,0.018,-0.026,0.029,-0.021,0.02,-0.021,0.02
2524305,2,0,2.792,-0.012,0.009,-0.016,0.013,-0.02,0.022,-0.017,0.016,-0.017,0.016
2524315,2,0,2.792,-0.006,0.003,-0.01,0.007,-0.014,0.014,-0.014,0.011,-0.014,0.011
2524325,2,0,2.792,0,0,-0.001,0,-0.008,0.008,-0.006,0.005,-0.006,0.005
2524335,2,0,2.792,0.005,0,0,0,-0.002,0.003,-0.002,0.002,-0.002,0.002
2524345,2,0,2.792,0.01,-0.005,0.004,-0.003,0.003,0,0.001,0,0.001,0
2524355,2,0,2.792,0.014,-0.003,0.011,-0.004,0.008,-0.002,0.008,-0.003,0.008,-0.003
2524365,2,0,2.792,0.016,-0.003,0.015,-0.004,0.013,-0.002,0.013,-0.004,0.013,-0.004
2524375,2,0,2.792,0.021,-0.001,0.018,-0.002,0.019,-0.003,0.016,-0.003,0.016,-0.003
2524385,2,0,2.792,0.028,0,0.023,0,0.026,-0.003,0.02,-0.001,0.02,-0.001
2524395,2,0,2.792,0.036,0,0.03,-0.001,0.035,-0.003,0.025,-0.001,0.025,-0.001
2524405,2,0,2.792,0.047,0,0.04,0,0.051,-0.005,0.031,-0.001,0.031,-0.001
2524415,2,0,2.792,0.065,0.008,0.053,0.004,0.074,-0.01,0.041,-0.001,0.041,-0.001
2524425,2,0,2.792,0.09,0.012,0.072,0.007,0.111,-0.027,0.056,-0.002,0.056,-0.002
2524435,2,0,2.792,0.113,0.014,0.094,0.015,0.15,-0.044,0.081,0.001,0.081,0.001
2524445,2,0,2.792,0.132,0.019,0.114,0.012,0.166,-0.025,0.099,-0.001,0.099,-0.001
2524455,2,0,2.792,0.16,0.021,0.14,0.016,0.189,-0.008,0.121,0.004,0.121,0.004
2524465,2,0,2.792,0.19,0.026,0.167,0.018,0.224,0.005,0.147,0.01,0.147,0.01
2524475,2,0,2.792,0.22,0.026,0.192,0.019,0.299,-0.017,0.174,0.01,0.174,0.01
2524485,2,0,2.792,0.233,0.029,0.214,0.035,0.422,-0.038,0.217,0.005,0.217,0.005
2524494,2,0,2.792,0.273,0.031,0.242,0.014,0.54,0.059,0.273,0.015,0.273,0.015
2524505,4,0,2.792,0.11,0.011,0.186,0.04,0.556,0.059,0.327,0.026,0.327,0.026
2524515,4,0,2.792,0.01,0,0.018,0.017,0.653,0.029,0.32,0.029,0.32,0.029
2524525,4,0,2.792,0.096,0.011,0.031,-0.02,0.807,-0.089,0.342,0.006,0.342,0.006
2524535,4,0,2.792,0.113,0.019,0.14,0.016,0.96,-0.199,0.404,-0.023,0.404,-0.023
2524545,4,0,2.792,0.326,0.06,0.197,0.022,1.092,-0.243,0.489,-0.054,0.489,-0.054
2524555,4,0,2.792,0.056,0.01,0.139,0.036,1.087,-0.212,0.572,-0.075,0.572,-0.075
2524565,4,0,2.792,0.286,0.057,0.163,0.035,1.045,-0.095,0.601,-0.071,0.601,-0.071
2524575,4,0,2.792,0.18,0.029,0.121,0.017,1.031,-0.053,0.576,-0.048,0.576,-0.048
2524585,4,0,2.792,0.701,0.12,0.536,0.085,1.069,-0.044,0.454,0.019,0.454,0.019
2524595,4,0,2.792,0.601,0.118,0.574,0.102,1.175,-0.066,0.573,0.029,0.573,0.029
2524605,4,0,2.792,0.057,0.011,0.148,0.014,1.36,-0.127,0.594,0.026,0.594,0.026
2524615,4,0,2.792,0.005,0.001,0,0.011,1.482,-0.196,0.701,-0.012,0.701,-0.012
2524625,4,0,2.792,0.078,0.043,0.029,0.045,1.598,-0.212,0.751,-0.044,0.751,-0.044
2524635,4,0,2.792,0.657,0.135,0.558,0.1,1.645,-0.181,0.926,-0.063,0.926,-0.063
2524645,4,0,2.792,0.281,0.083,0.362,0.062,1.653,-0.172,0.91,-0.036,0.91,-0.036
2524655,4,0,2.792,0.273,0.068,0.404,0.07,1.625,-0.119,0.979,-0.032,0.979,-0.032
2524665,4,0,2.792,0.879,0.162,0.501,0.106,1.552,-0.023,1.063,-0.027,1.063,-0.027
2524675,4,0,2.792,0.084,0.014,0.217,0.049,1.549,0.076,1.039,0.008,1.039,0.008
2524685,4,0,2.792,0.266,0.011,0.145,-0.019,1.597,0.146,1.048,0.036,1.048,0.036
2524695,4,0,2.792,0.053,0.007,0.098,0.019,1.632,0.143,1.097,0.056,1.097,0.056
2524704,4,0,2.792,0.006,0,-0.002,0.015,1.728,0.101,0.964,0.057,0.964,0.057
2524714,4,0,2.792,0,0,-0.021,0.004,1.885,0.109,0.988,0.056,0.988,0.056
2524725,4,0,2.792,0,0,-0.015,-0.026,2.009,0.129,1.009,0.054,1.009,0.054
2524734,4,0,2.792,0.12,0.03,0.145,0.064,2.115,0.088,1.144,0.062,1.144,0.062
2524744,4,0,2.792,0.014,0.004,0.007,0,2.249,0.032,0.97,0.044,0.97,0.044
2524754,4,0,2.792,0.001,0,-0.032,-0.004,2.378,0.046,0.876,0.03,0.876,0.03
2524764,6,0,2.792,0,0,-0.004,-0.018,2.555,0.081,1.038,0.03,1.038,0.03
2524774,6,0,2.792,0.003,0.005,-0.026,0.004,2.806,0.069,1.181,0.033,1.181,0.033
2524784,6,0,2.792,0.034,0.013,0.015,-0.003,2.97,-0.039,1.124,0.016,1.124,0.016
2524794,6,0,2.792,1.496,0.331,0.921,0.215,2.975,-0.147,1.258,0.023,1.258,0.023
2524804,6,0,2.792,0.246,0.053,0.452,0.104,2.932,-0.208,1.598,0.005,1.598,0.005
2524814,6,0,2.792,1.077,0.2,1.059,0.174,2.846,-0.158,1.843,-0.023,1.843,-0.023
2524824,6,0,2.792,0.251,0.029,0.522,0.104,2.74,-0.054,2.018,-0.018,2.018,-0.018
2524834,6,0,2.792,0.136,0.026,0.259,0.052,2.584,0.064,1.943,0.008,1.943,0.008
2524844,6,0,2.792,1.37,0.299,1.001,0.209,2.415,0.154,1.779,0.059,1.779,0.059
2524854,6,0,2.792,1.778,0.356,1.622,0.311,2.316,0.208,1.871,0.13,1.871,0.13
2524864,6,0,2.792,0.357,0.066,0.618,0.137,2.326,0.212,1.851,0.165,1.851,0.165
2524874,6,0,2.792,0.037,0.007,0.108,0.022,2.427,0.166,1.658,0.142,1.658,0.142
2524885,6,0,2.792,0.003,0,-0.012,0.01,2.556,0.116,1.636,0.116,1.636,0.116
2524894,6,0,2.792,1.271,0.275,0.964,0.205,2.725,0.107,1.658,0.108,1.658,0.108
2524904,6,0,2.792,1.637,0.325,1.63,0.331,2.984,0.072,1.961,0.127,1.961,0.127
2524914,6,0,2.792,0.798,0.141,1.341,0.238,3.151,-0.04,2.239,0.136,2.239,0.136
2524924,6,0,2.792,0.071,0.013,0.165,0.036,3.242,-0.203,2.186,0.075,2.186,0.075
2524934,6,0,2.792,0.386,0.02,0.158,-0.011,3.245,-0.28,2.377,-0.005,2.377,-0.005
2524944,6,0,2.792,0.463,0.073,0.731,0.122,3.195,-0.216,2.494,-0.047,2.494,-0.047
2524954,6,0,2.792,1.294,0.212,0.941,0.153,3.078,-0.074,2.119,-0.009,2.119,-0.009
2524964,6,0,2.792,1.609,0.203,1.24,0.174,2.996,-0.027,2.313,0.004,2.313,0.004
2524974,6,0,2.792,2.099,0.246,1.938,0.243,3.054,-0.02,2.466,0.027,2.466,0.027
2524984,6,0,2.792,0.317,0.041,0.786,0.107,3.221,-0.032,2.547,0.047,2.547,0.047
2524994,6,0,2.792,0.028,0.004,0.117,0.02,3.484,-0.059,2.373,0.027,2.373,0.027
2525004,6,0,2.792,0.436,0.058,0.552,0.069,3.683,-0.188,2.392,-0.003,2.392,-0.003
2525014,6,0,2.792,1.556,0.212,1.173,0.191,3.681,-0.291,2.449,-0.03,2.449,-0.03
2525024,6,0,2.792,0.705,0.083,1.172,0.15,3.576,-0.231,2.67,-0.039,2.67,-0.039
2525034,6,0,2.792,1.299,0.126,1.081,0.112,3.618,-0.112,2.719,-0.04,2.719,-0.04
2525044,6,0,2.792,0.124,0.012,0.335,0.038,3.822,-0.014,2.808,-0.023,2.808,-0.023
2525054,6,0,2.792,1.388,0.186,0.982,0.128,4.015,0.038,2.765,0.005,2.765,0.005
2525064,6,0,2.792,0.86,0.12,1.3,0.172,4.033,0.067,3.101,0.034,3.101,0.034
2525074,6,0,2.792,1.983,0.255,1.598,0.225,3.887,0.122,3.277,0.065,3.277,0.065
2525084,6,0,2.792,2.293,0.304,2.129,0.274,3.743,0.122,3.312,0.107,3.312,0.107
2525094,6,0,2.792,2.635,0.383,2.407,0.347,3.66,0.037,3.405,0.114,3.405,0.114
2525104,6,0,2.792,2.464,0.319,2.442,0.335,3.599,0,3.415,0.115,3.415,0.115
2525114,6,0,2.792,2.295,0.177,2.331,0.242,3.606,0.03,3.406,0.114,3.406,0.114
2525124,0,0,2.792,1.773,0.177,2.145,0.221,3.696,0.02,3.232,0.134,3.232,0.134
2525134,0,0,2.792,0.742,0.079,0.808,0.095,3.804,-0.038,3.26,0.105,3.26,0.105
2525144,0,0,2.792,2.462,0.244,2.078,0.224,3.859,-0.082,3.2,0.084,3.2,0.084
2525154,0,0,2.792,2.475,0.267,2.449,0.252,3.931,-0.087,3.174,0.106,3.174,0.106
2525164,0,0,2.792,2.209,0.187,2.334,0.2,4.091,-0.127,3.436,0.075,3.436,0.075
2525174,0,0,2.792,2.406,0.262,2.41,0.25,4.25,-0.146,3.63,0.054,3.63,0.054
2525184,0,0,2.792,2.611,0.256,2.613,0.245,4.357,-0.159,3.891,0.023,3.891,0.023
2525194,0,0,2.792,2.534,0.241,2.614,0.253,4.418,-0.135,4.038,0.019,4.038,0.019
2525204,0,0,2.792,2.538,0.221,2.697,0.239,4.426,-0.075,4.076,0.042,4.076,0.042
2525214,0,0,2.792,2.666,0.203,2.719,0.227,4.347,-0.021,4.103,0.056,4.103,0.056
2525224,0,0,2.792,3.027,0.288,2.836,0.252,4.251,-0.005,3.985,0.087,3.985,0.087
2525234,0,0,2.792,3.007,0.286,2.834,0.26,4.258,-0.009,3.756,0.144,3.756,0.144
2525244,0,0,2.792,2.784,0.234,2.765,0.219,4.353,-0.075,3.889,0.127,3.889,0.127
2525254,0,0,2.792,2.626,0.21,2.809,0.246,4.425,-0.107,4.086,0.086,4.086,0.086
2525264,0,0,2.792,2.913,0.239,2.839,0.251,4.51,-0.079,4.157,0.079,4.157,0.079
2525274,0,0,2.792,1.329,0.119,1.406,0.118,4.585,-0.036,4.235,0.069,4.235,0.069
2525284,0,0,2.792,2.879,0.288,2.469,0.238,4.583,-0.013,4.288,0.064,4.288,0.064
2525294,0,0,2.792,2.956,0.299,2.872,0.274,4.517,0,4.268,0.088,4.268,0.088
2525304,0,0,2.792,3.033,0.294,3.011,0.299,4.47,-0.029,4.161,0.131,4.161,0.131
2525314,0,0,2.792,3.296,0.319,3.029,0.278,4.447,-0.026,4.165,0.132,4.165,0.132
2525324,0,0,2.792,2.814,0.247,3.057,0.28,4.424,-0.026,4.176,0.137,4.176,0.137
2525334,0,0,2.792,2.902,0.261,2.946,0.28,4.453,-0.024,4.121,0.147,4.121,0.147
2525344,0,0,2.792,3.042,0.283,2.944,0.275,4.515,-0.024,4.137,0.145,4.137,0.145
2525354,0,0,2.792,3.259,0.356,3.114,0.315,4.541,-0.019,4.152,0.155,4.152,0.155
2525364,0,0,2.792,1.866,0.188,2.73,0.286,4.527,-0.05,4.239,0.152,4.239,0.152
2525374,0,0,2.792,2.899,0.251,2.23,0.183,4.467,-0.095,4.213,0.11,4.213,0.11
2525384,0,0,2.792,1.174,0.084,1.961,0.17,4.389,-0.115,4.217,0.071,4.217,0.071
2525394,0,0,2.792,0.097,-0.024,0.368,0.004,4.354,-0.078,3.909,0.036,3.909,0.036
2525404,0,0,2.792,0.035,0.044,0.04,0.001,4.394,-0.045,3.802,0.01,3.802,0.01
2525414,0,0,2.792,0.036,-0.012,0.034,-0.012,4.444,-0.005,3.137,-0.003,3.137,-0.003
2525424,0,0,2.792,2.443,0.236,1.833,0.183,4.473,0.032,3.377,0.01,3.377,0.01
2525434,0,0,2.792,3.137,0.224,2.953,0.235,4.538,0.043,3.725,0.059,3.725,0.059
2525444,0,0,2.792,2.927,0.181,3.103,0.201,4.636,0.047,4.039,0.085,4.039,0.085
2525454,0,0,2.792,3.062,0.143,3.025,0.155,4.7,0.056,4.242,0.099,4.242,0.099
2525464,0,0,2.792,3.137,0.198,3.088,0.211,4.59,0.048,4.375,0.101,4.375,0.101
2525474,0,0,2.792,3.211,0.209,3.198,0.188,4.258,0.033,4.34,0.094,4.34,0.094
2525484,0,0,2.792,3.325,0.177,3.366,0.175,3.855,-0.024,4.055,0.098,4.055,0.098
2525494,0,2,2.792,3.037,0.141,3.167,0.15,3.536,-0.067,3.813,0.078,3.813,0.078
2525504,0,2,2.792,3.114,0.209,3.08,0.173,3.389,-0.095,3.604,0.051,3.604,0.051
2525514,0,2,2.792,2.993,0.229,3.045,0.232,3.433,-0.087,3.484,0.04,3.484,0.04
2525524,0,2,2.792,3.415,0.226,3.343,0.22,3.577,-0.061,3.482,0.035,3.482,0.035
2525534,0,2,2.792,3.244,0.171,3.361,0.181,3.699,-0.045,3.546,0.037,3.546,0.037
2525544,0,2,2.792,3.165,0.171,3.239,0.172,3.806,-0.045,3.628,0.033,3.628,0.033
2525554,0,2,2.792,3.111,0.178,3.105,0.184,3.871,-0.03,3.71,0.026,3.71,0.026
2525564,0,2,2.792,3.4,0.229,3.196,0.207,3.832,-0.005,3.734,0.035,3.734,0.035
2525574,0,2,2.792,3.066,0.15,3.149,0.183,3.669,0.035,3.715,0.042,3.715,0.042
2525584,0,2,2.792,3.188,0.121,3.106,0.125,3.463,0.074,3.592,0.06,3.592,0.06
2525594,0,2,2.792,2.753,0.043,2.837,0.064,3.277,0.125,3.411,0.079,3.411,0.079
2525604,0,2,2.792,2.711,0.055,2.735,0.047,3.141,0.154,3.256,0.089,3.256,0.089
2525614,0,2,2.792,2.94,0.127,2.84,0.097,3.095,0.178,3.145,0.101,3.145,0.101
2525624,0,2,2.792,3.006,0.143,3.036,0.147,3.153,0.194,3.106,0.126,3.106,0.126
2525634,0,2,2.792,3.107,0.111,3.103,0.142,3.242,0.217,3.135,0.144,3.135,0.144
2525644,0,2,2.792,1.367,0.043,1.171,0.045,3.311,0.253,3.01,0.149,3.01,0.149
2525654,0,2,2.792,2.601,0.116,2.347,0.079,3.334,0.329,2.949,0.161,2.949,0.161
2525664,0,2,2.792,2.909,0.108,2.914,0.124,3.315,0.4,3,0.186,3,0.186
2525674,0,2,2.792,3.101,0.143,3.011,0.154,3.275,0.438,3.097,0.227,3.097,0.227
2525684,0,2,2.792,3.002,0.15,3.04,0.142,3.2,0.444,3.132,0.257,3.132,0.257
2525694,0,2,2.792,1.479,0.057,1.451,0.059,3.059,0.478,2.875,0.239,2.875,0.239
2525704,0,2,2.792,2.551,0.122,2.333,0.116,2.876,0.523,2.834,0.283,2.834,0.283
2525714,0,2,2.792,1.15,0.041,1.968,0.087,2.766,0.554,2.781,0.319,2.781,0.319
2525724,0,2,2.792,0.535,0.019,0.857,0.031,2.724,0.587,2.538,0.318,2.538,0.318
2525734,0,2,2.792,2.391,0.091,2.043,0.058,2.733,0.634,2.431,0.337,2.431,0.337
2525744,0,2,2.792,2.738,0.121,2.681,0.13,2.769,0.672,2.541,0.381,2.541,0.381
2525754,0,4,2.792,2.808,0.134,2.68,0.133,2.787,0.698,2.641,0.4,2.641,0.4
2525764,0,4,2.792,2.774,0.144,2.789,0.121,2.731,0.723,2.69,0.444,2.69,0.444
2525774,0,4,2.792,2.697,0.163,2.706,0.141,2.597,0.802,2.679,0.459,2.679,0.459
2525784,0,4,2.792,2.509,0.118,2.536,0.133,2.421,0.9,2.605,0.459,2.605,0.459
2525794,0,4,2.792,1.381,0.062,2.076,0.101,2.226,0.992,2.494,0.479,2.494,0.479
2525804,0,4,2.792,2.053,0.112,1.558,0.075,2.084,1.05,2.121,0.446,2.121,0.446
2525814,0,4,2.792,2.545,0.142,2.299,0.099,2.101,1.024,1.967,0.39,1.967,0.39
2525824,0,4,2.792,2.372,0.166,2.441,0.161,2.205,1.03,2.054,0.496,2.054,0.496
2525834,0,4,2.792,2.589,0.236,2.445,0.202,2.272,1.098,2.156,0.563,2.156,0.563
2525844,0,4,2.792,2.317,0.243,2.429,0.24,2.271,1.165,2.212,0.675,2.212,0.675
2525854,0,4,2.792,2.421,0.214,2.409,0.194,2.189,1.248,2.234,0.759,2.234,0.759
2525864,0,4,2.792,1.218,0.106,1.915,0.182,2.004,1.344,2.247,0.608,2.247,0.608
2525874,0,4,2.792,1.555,0.154,1.166,0.116,1.71,1.475,2.04,0.724,2.04,0.724
2525884,0,4,2.792,0.42,0.039,0.914,0.055,1.416,1.686,1.689,0.599,1.689,0.599
2525894,0,4,2.792,0.038,0.004,0.17,0.018,1.243,1.895,1.475,0.774,1.475,0.774
2525904,0,4,2.792,0.004,0,0.045,-0.002,1.291,1.967,1.301,0.985,1.301,0.985
2525914,0,4,2.792,1.582,0.149,1.071,0.071,1.602,1.847,1.275,1.155,1.275,1.155
2525924,0,4,2.792,1.226,0.151,0.949,0.124,1.94,1.456,1.395,1.189,1.395,1.189
2525934,0,6,2.792,1.934,0.266,1.728,0.244,2.122,0.978,1.569,1.054,1.569,1.054
2525944,0,6,2.792,0.335,0.046,0.804,0.104,2.179,0.687,1.709,0.85,1.709,0.85
2525954,0,6,2.792,0.05,0.012,0.164,0.028,2.072,0.661,1.176,0.433,1.176,0.433
2525964,0,6,2.792,0.004,0,0.033,0.011,1.928,0.823,1.169,0.42,1.169,0.42
2525974,0,6,2.792,0,0,0.004,-0.036,1.836,1.14,0.99,0.4,0.99,0.4
2525984,0,6,2.792,0,0,-0.002,0.004,1.761,1.607,1.043,0.556,1.043,0.556
2525994,0,6,2.792,0.155,0.077,0.051,0.008,1.687,2.177,1.068,0.8,1.068,0.8
2526004,0,6,2.792,0.456,0.148,0.375,0.088,1.672,2.594,1.035,1.042,1.035,1.042
2526014,0,6,2.792,0.103,0.071,0.144,0.051,1.703,2.79,1.121,1.376,1.121,1.376
2526024,0,6,2.792,0.083,0.031,0.174,0.073,1.644,2.937,1.107,1.559,1.107,1.559
2526034,0,6,2.792,0.008,0.003,0.048,-0.005,1.444,2.929,0.845,1.336,0.845,1.336
2526044,0,6,2.792,0.133,0.035,0.222,0.062,1.207,2.735,0.874,1.575,0.874,1.575
2526054,0,6,2.792,0.012,0.003,0.063,-0.002,1.071,2.434,0.881,1.757,0.881,1.757
2526064,0,6,2.792,0.001,0,0,0.003,1.149,1.906,0.836,1.667,0.836,1.667
2526074,0,6,2.792,0.3,0.157,0.076,0.071,1.265,1.382,0.716,1.264,0.716,1.264
2526084,0,6,2.792,1.24,0.46,1.112,0.404,1.328,1.136,0.857,1.163,0.857,1.163
2526094,0,6,2.792,1.599,0.613,1.445,0.523,1.293,1.159,1.045,1.036,1.045,1.036
2526104,0,6,2.792,0.06,0.024,0.488,0.159,1.137,1.4,1.094,0.905,1.094,0.905
2526114,0,6,2.792,0.024,0.01,0.111,0.038,0.839,1.873,0.967,0.971,0.967,0.971
2526124,0,6,2.792,0.002,0,0.02,-0.026,0.543,2.422,0.795,1.186,0.795,1.186
2526134,0,6,2.792,0,0,0.054,-0.028,0.334,2.956,0.577,1.39,0.577,1.39
2526144,0,6,2.792,0,0,0.013,0.003,0.265,3.354,0.442,1.745,0.442,1.745
2526154,0,6,2.792,0,0,-0.01,-0.015,0.234,3.632,0.302,1.87,0.302,1.87
2526164,0,6,2.792,0.339,0.178,0.303,0.138,0.292,3.652,0.272,2.231,0.272,2.231
2526174,0,6,2.792,0.127,0.071,0.198,0.115,0.572,3.093,0.321,2.22,0.321,2.22
2526184,0,6,2.792,0.097,0.016,0.081,0.046,0.775,2.328,0.377,2.058,0.377,2.058
2526194,0,6,2.792,0.221,0.144,0.123,0.023,0.958,1.76,0.469,1.84,0.469,1.84
2526204,0,6,2.792,0.301,0.195,0.477,0.318,1.047,1.445,0.602,1.518,0.602,1.518
2526214,0,6,2.792,0.232,0.174,0.224,0.166,0.993,1.489,0.656,1.291,0.656,1.291
2526224,0,6,2.792,0.027,0.02,0.113,0.035,0.767,1.751,0.553,1.043,0.553,1.043
2526234,0,6,2.792,0.008,0.02,0.011,0.002,0.545,2.137,0.443,0.992,0.443,0.992
2526244,0,8,2.792,0.08,0.052,0.096,0.044,0.341,2.727,0.36,1.135,0.36,1.135
2526254,0,8,2.792,0.056,0.039,0.067,0.03,0.181,3.351,0.296,1.486,0.296,1.486
2526264,0,8,2.792,0.061,0.07,0.121,0.107,0.055,3.672,0.231,1.974,0.231,1.974
2526274,0,8,2.792,0.005,0.006,0.033,0.014,0.047,3.87,0.164,2.272,0.164,2.272
2526284,0,8,2.792,0,0,0.025,-0.018,0.071,4.078,0.111,2.356,0.111,2.356
2526294,0,8,2.792,0,0,-0.005,-0.017,0.086,4.347,0.089,2.628,0.089,2.628
2526304,0,8,2.792,0,0,-0.034,-0.002,0.165,4.274,0.088,3.059,0.088,3.059
2526314,0,8,2.792,0.005,0.009,0.028,0.021,0.324,3.661,0.099,2.496,0.099,2.496
2526324,0,8,2.792,0,0,0.008,-0.002,0.513,3.053,0.119,1.963,0.119,1.963
2526334,0,8,2.792,0,0,-0.02,-0.003,0.689,2.599,0.191,1.862,0.191,1.862
2526344,0,8,2.792,0.524,0.656,0.349,0.416,0.812,2.361,0.305,1.857,0.305,1.857
2526354,0,8,2.792,0.051,0.063,0.156,0.19,0.817,2.557,0.423,1.901,0.423,1.901
2526364,0,8,2.792,0.044,0.06,0.071,0.027,0.688,3.127,0.448,1.946,0.448,1.946
2526374,0,8,2.792,0.094,0.133,0.119,0.138,0.549,3.703,0.425,2.133,0.425,2.133
2526384,0,8,2.792,0.011,0.015,0.036,0.045,0.488,4.095,0.388,2.42,0.388,2.42
2526394,0,8,2.792,0.255,0.299,0.103,0.103,0.53,4.273,0.359,2.695,0.359,2.695
2526404,0,8,2.792,0.172,0.173,0.201,0.179,0.59,4.308,0.361,2.674,0.361,2.674
2526414,0,8,2.792,0.016,0.016,0.074,0.033,0.613,4.206,0.387,2.931,0.387,2.931
2526424,0,8,2.792,0.002,0.002,0.006,0.063,0.542,3.983,0.378,3.02,0.378,3.02
2526434,0,8,2.792,0,0,0.026,-0.014,0.373,3.75,0.254,2.346,0.254,2.346
2526444,0,8,2.792,0.131,0.217,0.07,0.104,0.203,3.704,0.19,2.152,0.19,2.152
2526454,0,8,2.792,0.301,0.658,0.191,0.347,0.173,3.891,0.17,2.245,0.17,2.245
2526464,0,8,2.792,0.053,0.111,0.112,0.194,0.234,4.046,0.18,2.667,0.18,2.667
2526474,0,8,2.792,0.024,0.066,0.038,0.1,0.35,4.004,0.191,2.868,0.191,2.868
2526484,0,8,2.792,0.047,0.111,0.084,0.161,0.354,4.165,0.213,3.039,0.213,3.039
2526494,0,8,2.792,0.004,0.01,0.019,0.015,0.307,4.415,0.191,2.82,0.191,2.82
2526504,0,0,2.792,0.382,0.944,0.282,0.573,0.333,4.519,0.2,3.011,0.2,3.011
2526514,0,0,2.792,0.496,1.108,0.528,1.183,0.414,4.546,0.271,3.414,0.271,3.414
2526524,0,0,2.792,0.075,0.203,0.174,0.43,0.401,4.605,0.299,3.375,0.299,3.375
2526534,0,0,2.792,0.258,0.849,0.174,0.519,0.361,4.439,0.292,3.56,0.292,3.56
2526544,0,0,2.792,0.378,1.302,0.376,1.121,0.372,4.145,0.312,3.712,0.312,3.712
2526554,0,0,2.792,0.072,0.255,0.195,0.602,0.283,3.958,0.276,2.394,0.276,2.394
2526564,0,0,2.792,0.005,0.018,0.039,0.078,0.088,3.92,0.146,1.449,0.146,1.449
2526574,0,0,2.792,0,0.002,0.041,0.028,-0.072,4.122,0.102,1.628,0.102,1.628
2526584,0,0,2.792,0.002,0.166,0.038,0.017,-0.049,4.511,0.066,2.248,0.066,2.248
2526594,0,0,2.792,0.077,0.434,0.025,0.226,0.033,4.81,0.05,3.055,0.05,3.055
2526604,0,0,2.792,0.055,0.322,0.099,0.624,0.152,4.771,0.072,3.502,0.072,3.502
2526614,0,0,2.792,0.005,0.029,0.013,0.094,0.229,4.637,0.103,3.903,0.103,3.903
2526624,0,0,2.792,-0.017,0.029,0.017,-0.011,0.139,4.555,0.112,4.001,0.112,4.001
2526634,0,0,2.792,0.077,0.752,0.077,0.403,0.028,4.416,0.092,4.081,0.092,4.081
2526644,0,0,2.792,0.017,0.17,0.065,0.402,0.003,4.194,0.072,4.005,0.072,4.005
2526654,0,0,2.792,0.002,0.015,0.001,0.087,-0.072,3.904,0.045,3.882,0.045,3.882
2526664,0,0,2.792,0,0.002,-0.022,0.011,-0.257,3.317,-0.018,3.502,-0.018,3.502
2526674,0,0,2.792,0,0,-0.002,-0.003,-0.371,2.883,-0.097,3.101,-0.097,3.101
2526684,0,0,2.792,0,0,0.041,-0.034,-0.361,2.943,-0.108,2.387,-0.108,2.387
2526694,0,0,2.792,0,0,0.023,-0.011,-0.37,3.204,-0.158,2.432,-0.158,2.432
2526704,0,0,2.792,0,0,-0.018,-0.034,-0.348,3.661,-0.19,2.649,-0.19,2.649
2526714,0,0,2.792,0,0,-0.041,0.002,-0.304,4.101,-0.195,2.791,-0.195,2.791
2526724,0,0,2.792,-0.072,0.256,-0.101,0.272,-0.335,4.367,-0.208,3.132,-0.208,3.132
2526734,0,0,2.792,-0.007,0.023,0.015,0.093,-0.289,4.521,-0.214,3.458,-0.214,3.458
2526744,0,0,2.792,0,0.003,0.004,-0.006,-0.179,4.667,-0.181,3.599,-0.181,3.599
2526754,-2,0,2.792,-0.24,0.594,-0.092,0.18,-0.11,4.736,-0.141,3.727,-0.141,3.727
2526764,-2,0,2.792,-0.286,0.775,-0.373,1.02,-0.143,4.487,-0.169,3.536,-0.169,3.536
2526774,-2,0,2.792,-0.483,1.393,-0.314,0.849,-0.185,3.949,-0.19,3.118,-0.19,3.118
2526784,-2,0,2.792,-0.27,0.862,-0.374,1.122,-0.203,3.401,-0.23,2.953,-0.23,2.953
2526794,-2,0,2.792,-0.172,0.799,-0.133,0.549,-0.221,2.96,-0.231,2.374,-0.231,2.374
2526804,-2,0,2.792,-0.214,1.427,-0.277,1.511,-0.244,2.979,-0.229,2.422,-0.229,2.422
2526814,-2,0,2.792,-0.097,0.777,-0.103,0.634,-0.33,3.291,-0.241,2.588,-0.241,2.588
2526824,-2,0,2.792,-0.027,0.315,-0.055,0.591,-0.407,3.806,-0.262,2.827,-0.262,2.827
2526834,-2,0,2.792,-0.003,0.028,0,0.106,-0.362,4.419,-0.223,2.761,-0.223,2.761
2526844,-2,0,2.792,0.02,0.055,0.013,0.013,-0.147,4.814,-0.192,3.163,-0.192,3.163
2526854,-2,0,2.792,0.014,0.122,0.034,0.245,0.12,4.793,-0.121,3.693,-0.121,3.693
2526864,-2,0,2.792,0.24,1.309,0.133,0.765,0.244,4.581,-0.037,3.651,-0.037,3.651
2526874,-2,0,2.792,0.347,1.694,0.338,1.64,0.299,4.069,0.111,3.56,0.111,3.56
2526884,-2,0,2.792,0.334,1.557,0.384,1.721,0.311,3.692,0.181,3.558,0.181,3.558
2526894,-2,0,2.792,0.039,0.15,0.095,0.466,0.286,3.26,0.216,3.104,0.216,3.104
2526904,-2,0,2.792,0.019,0.17,0.033,0.276,0.111,2.843,0.182,2.738,0.182,2.738
2526914,-2,0,2.792,-0.003,1.149,0.01,0.634,-0.1,2.815,0.117,2.547,0.117,2.547
2526924,-2,0,2.792,-0.031,1.972,-0.013,1.692,-0.148,3.221,0.046,2.653,0.046,2.653
2526934,-2,0,2.792,-0.003,0.24,0.013,0.606,-0.106,3.639,0.002,2.875,0.002,2.875
2526944,-2,0,2.792,-0.043,0.295,-0.048,0.205,-0.145,4.018,-0.029,3.098,-0.029,3.098
2526954,-2,0,2.792,-0.101,0.783,-0.046,0.365,-0.272,4.246,-0.079,3.251,-0.079,3.251
2526964,-2,0,2.792,-0.031,0.222,-0.051,0.428,-0.411,4.298,-0.148,3.518,-0.148,3.518
2526974,-2,0,2.792,-0.247,1.571,-0.176,1.259,-0.506,4.119,-0.196,3.256,-0.196,3.256
2526984,-2,0,2.792,-0.309,1.974,-0.306,1.924,-0.584,3.979,-0.265,3.162,-0.265,3.162
2526994,-2,0,2.792,-0.401,2.227,-0.352,2.085,-0.649,3.843,-0.362,3.288,-0.362,3.288
2527004,-4,0,2.792,-0.365,2.152,-0.363,2.096,-0.669,3.778,-0.419,3.229,-0.419,3.229
2527014,-4,0,2.792,-0.29,2.135,-0.323,2.206,-0.755,3.768,-0.48,3.367,-0.48,3.367
2527024,-4,0,2.792,-0.296,1.992,-0.288,2.097,-0.807,3.781,-0.528,3.442,-0.528,3.442
2527034,-4,0,2.792,-0.105,0.639,-0.207,1.264,-0.809,3.802,-0.547,3.386,-0.547,3.386
2527044,-4,0,2.792,-0.239,1.526,-0.136,0.859,-0.863,3.749,-0.577,3.374,-0.577,3.374
2527054,-4,0,2.792,-0.306,2.111,-0.266,1.95,-0.948,3.664,-0.609,3.326,-0.609,3.326
2527064,-4,0,2.792,-0.256,2.099,-0.217,2.135,-0.983,3.607,-0.629,3.292,-0.629,3.292
2527074,-4,0,2.792,-0.22,1.892,-0.228,1.949,-1.055,3.6,-0.71,3.373,-0.71,3.373
2527084,-4,0,2.792,-0.314,2.219,-0.293,2.147,-1.221,3.709,-0.729,3.292,-0.729,3.292
2527094,-4,0,2.792,-0.347,2.141,-0.326,2.115,-1.378,3.832,-0.85,3.439,-0.85,3.439
2527104,-4,0,2.792,-0.046,0.27,-0.075,0.748,-1.501,3.776,-0.951,3.455,-0.951,3.455
2527114,-4,0,2.792,-0.331,1.875,-0.21,1.352,-1.469,3.565,-0.952,3.282,-0.952,3.282
2527124,-4,0,2.792,-0.467,2.357,-0.404,2.217,-1.331,3.279,-1.043,3.256,-1.043,3.256
2527134,-4,0,2.792,-0.61,2.017,-0.654,2.163,-1.276,3.063,-1.081,3.168,-1.081,3.168
2527144,-4,0,2.792,-0.608,2.144,-0.591,2.092,-1.318,2.864,-1.116,3.028,-1.116,3.028
2527154,-4,0,2.792,-0.6,1.958,-0.588,1.982,-1.394,2.774,-1.162,2.903,-1.162,2.903
2527164,-4,0,2.792,-0.669,2.077,-0.629,2.051,-1.473,2.835,-1.208,2.822,-1.208,2.822
2527174,-4,0,2.792,-0.173,0.536,-0.34,1.133,-1.54,3.005,-1.228,2.79,-1.228,2.79
2527184,-4,0,2.792,-0.02,0.06,-0.061,0.236,-1.627,3.162,-1.251,2.774,-1.251,2.774
2527194,-4,0,2.792,-0.515,1.684,-0.374,1.321,-1.762,3.233,-1.28,2.777,-1.28,2.777
2527204,-4,0,2.792,-0.69,1.905,-0.624,1.769,-1.843,3.184,-1.28,2.754,-1.28,2.754
2527214,-4,0,2.792,-0.827,2.092,-0.761,2.024,-1.777,2.916,-1.317,2.725,-1.317,2.725
2527224,-4,0,2.792,-0.948,2.311,-0.838,2.128,-1.757,2.796,-1.341,2.682,-1.341,2.682
2527234,-4,0,2.792,-0.86,2.028,-0.835,2.07,-1.827,2.709,-1.395,2.639,-1.395,2.639
2527244,-4,0,2.792,-0.914,2.006,-0.906,2.044,-1.965,2.675,-1.473,2.597,-1.473,2.597
2527254,0,0,2.792,-0.165,0.352,-0.379,0.868,-2.143,2.74,-1.575,2.54,-1.575,2.54
2527264,0,0,2.792,-0.721,1.56,-0.523,1.186,-2.245,2.753,-1.398,2.204,-1.398,2.204
2527274,0,0,2.792,-0.248,0.532,-0.462,1.054,-2.348,2.803,-1.592,2.325,-1.592,2.325
2527284,0,0,2.792,-0.017,0.037,-0.059,0.135,-2.351,2.816,-1.623,2.258,-1.623,2.258
2527294,0,0,2.792,-0.002,0.003,-0.001,0.021,-2.314,2.743,-1.511,2.034,-1.511,2.034
2527304,0,0,2.792,0,0,0.016,0.011,-2.31,2.632,-1.468,1.905,-1.468,1.905
2527314,0,0,2.792,0,0,0.019,-0.009,-2.372,2.536,-1.571,1.93,-1.571,1.93
2527324,0,0,2.792,0,0,0.029,0.003,-2.421,2.511,-1.575,1.838,-1.575,1.838
2527334,0,0,2.792,0,0,0.01,0.014,-2.478,2.489,-1.512,1.69,-1.512,1.69
2527344,0,0,2.792,-0.503,0.746,-0.153,0.272,-2.566,2.463,-1.507,1.623,-1.507,1.623
2527354,0,0,2.792,-1.441,1.851,-1.151,1.525,-2.655,2.468,-1.698,1.768,-1.698,1.768
2527364,0,0,2.792,-1.45,1.788,-1.458,1.864,-2.631,2.434,-1.825,1.932,-1.825,1.932
2527374,0,0,2.792,-1.626,1.978,-1.597,1.95,-2.568,2.355,-1.868,2.021,-1.868,2.021
2527384,0,0,2.792,-1.694,1.951,-1.612,1.888,-2.587,2.29,-1.939,2.052,-1.939,2.052
2527394,0,0,2.792,-1.845,2.019,-1.653,1.883,-2.709,2.181,-1.979,2.021,-1.979,2.021
2527404,0,0,2.792,-1.671,1.855,-1.657,1.873,-2.804,2.11,-2.045,2.015,-2.045,2.015
2527414,0,0,2.792,-1.662,1.853,-1.659,1.884,-2.863,1.985,-2.208,2.004,-2.208,2.004
2527424,0,0,2.792,-1.904,2.04,-1.73,1.849,-2.822,1.817,-2.348,1.949,-2.348,1.949
2527434,0,0,2.792,-1.908,1.928,-1.785,1.844,-2.724,1.733,-2.238,1.868,-2.238,1.868
2527444,0,0,2.792,-1.986,1.991,-1.88,1.911,-2.581,1.747,-2.297,1.836,-2.297,1.836
2527454,0,0,2.792,-1.835,1.903,-1.852,1.916,-2.489,1.758,-2.293,1.829,-2.293,1.829
2527464,0,0,2.792,-1.759,1.843,-1.785,1.888,-2.473,1.703,-2.191,1.817,-2.191,1.817
2527474,0,0,2.792,-1.131,1.145,-1.51,1.57,-2.452,1.601,-2.199,1.765,-2.199,1.765
2527484,0,0,2.792,-1.161,1.1,-0.865,0.835,-2.404,1.551,-2.007,1.58,-2.007,1.58
2527494,0,0,2.792,-0.278,0.277,-0.375,0.384,-2.358,1.508,-1.994,1.482,-1.994,1.482
2527504,0,0,2.792,-1.67,1.718,-1.344,1.364,-2.405,1.434,-1.984,1.402,-1.984,1.402
2527514,0,0,2.792,-1.665,1.628,-1.671,1.678,-2.521,1.373,-2.093,1.424,-2.093,1.424
2527524,0,0,2.792,-0.617,0.559,-1.154,1.082,-2.535,1.398,-2.191,1.44,-2.191,1.44
2527534,0,0,2.792,-0.054,0.048,-0.231,0.211,-2.421,1.462,-2.155,1.366,-2.155,1.366
2527544,0,0,2.792,-0.009,0.007,-0.06,0.036,-2.305,1.508,-2.022,1.271,-2.022,1.271
2527554,0,0,2.792,0,0,0,-0.01,-2.204,1.525,-1.926,1.228,-1.926,1.228
2527564,0,0,2.792,-0.473,0.34,-0.13,0.131,-2.153,1.474,-1.775,1.151,-1.775,1.151
2527574,0,0,2.792,-1.554,1.283,-1.217,1.04,-2.148,1.433,-1.573,1.031,-1.573,1.031
2527584,0,0,2.792,-1.91,1.623,-1.861,1.548,-2.165,1.414,-1.739,1.152,-1.739,1.152
2527594,0,0,2.792,-1.888,1.449,-1.883,1.476,-2.227,1.435,-1.889,1.314,-1.889,1.314
2527604,0,0,2.792,-0.266,0.202,-0.687,0.541,-2.257,1.362,-1.961,1.321,-1.961,1.321
2527614,0,0,2.792,-0.024,0.018,-0.091,0.103,-2.188,1.199,-1.545,0.997,-1.545,0.997
2527624,0,0,2.792,-0.002,0.002,-0.045,0.005,-2.084,1.065,-1.581,0.945,-1.581,0.945
2527634,0,0,2.792,-1.496,1.145,-1.166,0.926,-2.064,1.06,-1.368,0.78,-1.368,0.78
2527644,0,0,2.792,-1.904,1.355,-1.824,1.33,-2.083,1.055,-1.599,0.896,-1.599,0.896
2527654,0,0,2.792,-1.982,1.425,-1.915,1.396,-2.091,1.045,-1.749,1.013,-1.749,1.013
2527664,0,0,2.792,-1.874,1.374,-1.874,1.362,-2.034,1.016,-1.853,1.067,-1.853,1.067
2527674,0,0,2.792,-1.898,1.337,-1.881,1.305,-1.873,0.984,-1.877,1.063,-1.877,1.063
2527684,0,0,2.792,-0.535,0.371,-1.088,0.77,-1.652,0.913,-1.798,1.051,-1.798,1.051
2527694,0,0,2.792,-0.048,0.033,-0.188,0.146,-1.385,0.746,-1.374,0.813,-1.374,0.813
2527704,0,0,2.792,-0.004,0.003,-0.047,0.027,-1.109,0.498,-1.158,0.658,-1.158,0.658
2527714,0,0,2.792,-0.099,0.08,-0.06,0.064,-1.049,0.412,-1.013,0.532,-1.013,0.532
2527724,0,0,2.792,-0.702,0.48,-0.335,0.214,-1.28,0.558,-0.958,0.474,-0.958,0.474
2527734,0,0,2.792,-1.634,1.076,-1.405,0.935,-1.481,0.7,-1.045,0.538,-1.045,0.538
2527744,0,0,2.792,-1.673,1.105,-1.708,1.124,-1.587,0.816,-1.247,0.666,-1.247,0.666
2527754,0,0,2.792,-1.872,1.193,-1.706,1.093,-1.615,0.889,-1.472,0.872,-1.472,0.872
2527764,0,0,2.792,-1.519,1.015,-1.557,1.021,-1.511,0.846,-1.522,0.909,-1.522,0.909
2527774,0,0,2.792,-1.484,1.001,-1.529,1.035,-1.278,0.675,-1.487,0.888,-1.487,0.888
2527784,0,0,2.792,-1.399,1.002,-1.481,1.069,-1.09,0.545,-1.403,0.843,-1.403,0.843
2527794,0,0,2.792,-1.332,0.953,-1.404,0.982,-1.025,0.617,-1.298,0.788,-1.298,0.788
2527804,0,0,2.792,-0.099,0.071,-0.339,0.226,-0.814,0.482,-1.141,0.704,-1.141,0.704
2527814,0,0,2.792,-0.009,0.006,-0.072,0.054,-0.49,0.081,-0.863,0.503,-0.863,0.503
2527824,0,0,2.792,0,0,-0.031,0.021,-0.297,-0.348,-0.657,0.287,-0.657,0.287
2527834,0,0,2.792,-0.229,0.19,-0.079,0.09,-0.418,-0.42,-0.559,0.127,-0.559,0.127
2527844,0,0,2.792,-0.996,0.757,-0.793,0.615,-0.787,-0.11,-0.575,0.054,-0.575,0.054
2527854,0,0,2.792,-1.223,0.894,-1.186,0.856,-0.988,0.226,-0.737,0.226,-0.737,0.226
2527864,0,0,2.792,-1.084,0.768,-1.11,0.812,-1.067,0.446,-0.848,0.317,-0.848,0.317
2527874,0,0,2.792,-1.007,0.735,-1.071,0.772,-1.068,0.544,-0.938,0.421,-0.938,0.421
2527884,0,0,2.792,-0.828,0.58,-1.06,0.735,-0.948,0.52,-0.979,0.504,-0.979,0.504
2527894,0,0,2.792,-0.476,0.348,-0.541,0.363,-0.732,0.422,-0.913,0.495,-0.913,0.495
2527904,0,0,2.792,-0.253,0.161,-0.274,0.198,-0.554,0.321,-0.773,0.432,-0.773,0.432
2527914,0,0,2.792,-0.024,0.015,-0.082,0.049,-0.531,0.362,-0.619,0.36,-0.619,0.36
2527924,0,0,2.792,-0.002,0.001,-0.016,0.01,-0.456,0.31,-0.418,0.253,-0.418,0.253
2527934,0,0,2.792,0,0,-0.012,0.024,-0.404,0.248,-0.328,0.197,-0.328,0.197
2527944,0,0,2.792,-0.282,0.251,-0.142,0.135,-0.437,0.276,-0.298,0.185,-0.298,0.185
2527954,0,0,2.792,-0.685,0.54,-0.562,0.435,-0.413,0.248,-0.334,0.217,-0.334,0.217
2527964,0,0,2.792,-0.603,0.446,-0.637,0.46,-0.378,0.209,-0.4,0.264,-0.4,0.264
2527974,0,0,2.792,-0.683,0.497,-0.738,0.537,-0.334,0.175,-0.426,0.277,-0.426,0.277
2527984,0,0,2.792,-0.102,0.083,-0.267,0.239,-0.27,0.154,-0.419,0.289,-0.419,0.289
2527994,0,0,2.792,-0.203,0.203,-0.161,0.139,-0.262,0.228,-0.351,0.249,-0.351,0.249
2528004,0,0,2.792,-0.021,0.021,-0.087,0.061,-0.219,0.226,-0.269,0.21,-0.269,0.21
2528014,0,0,2.792,-0.002,0.002,-0.023,0.025,-0.206,0.193,-0.228,0.186,-0.228,0.186
2528024,0,0,2.792,0,0,-0.011,0.011,-0.219,0.186,-0.169,0.141,-0.169,0.141
2528034,0,0,2.792,-0.256,0.233,-0.215,0.191,-0.219,0.196,-0.142,0.12,-0.142,0.12
2528044,0,0,2.792,-0.046,0.041,-0.125,0.105,-0.216,0.205,-0.172,0.151,-0.172,0.151
2528054,0,0,2.792,-0.004,0.004,-0.035,0.027,-0.198,0.19,-0.156,0.139,-0.156,0.139
2528064,0,0,2.792,0,0,-0.021,0.016,-0.154,0.144,-0.123,0.111,-0.123,0.111
2528074,0,0,2.792,-0.081,0.062,-0.091,0.071,-0.108,0.101,-0.099,0.085,-0.099,0.085
2528084,0,0,2.792,-0.007,0.006,-0.038,0.033,-0.084,0.091,-0.085,0.075,-0.085,0.075
2528094,0,0,2.792,0,0,-0.016,0.015,-0.06,0.075,-0.06,0.057,-0.06,0.057
2528104,0,0,2.792,0,0,-0.013,0.013,-0.034,0.048,-0.039,0.039,-0.039,0.039
2528114,0,0,2.792,0,0,-0.01,0.011,-0.006,0.018,-0.026,0.028,-0.026,0.028
2528124,0,0,2.792,0.034,-0.037,0.007,-0.011,0.022,-0.013,-0.015,0.018,-0.015,0.018
2528134,0,0,2.792,0.077,-0.069,0.055,-0.05,0.05,-0.042,0.005,-0.003,0.005,-0.003
2528144,0,0,2.792,0.111,-0.088,0.096,-0.075,0.076,-0.066,0.034,-0.028,0.034,-0.028
2528154,0,0,2.792,0.137,-0.111,0.129,-0.101,0.105,-0.092,0.07,-0.056,0.07,-0.056
2528164,0,0,2.792,0.193,-0.161,0.185,-0.159,0.13,-0.116,0.121,-0.102,0.121,-0.102
2528174,0,0,2.792,0.073,-0.064,0.119,-0.103,0.145,-0.135,0.139,-0.12,0.139,-0.12
2528184,0,0,2.792,0.126,-0.099,0.117,-0.086,0.154,-0.147,0.134,-0.116,0.134,-0.116
2528194,0,0,2.792,0.153,-0.125,0.15,-0.125,0.161,-0.153,0.139,-0.118,0.139,-0.118
2528204,0,0,2.792,0.168,-0.145,0.159,-0.135,0.163,-0.16,0.147,-0.127,0.147,-0.127
2528214,0,0,2.792,0.156,-0.131,0.166,-0.132,0.159,-0.162,0.154,-0.134,0.154,-0.134
2528224,0,0,2.792,0.153,-0.137,0.171,-0.15,0.152,-0.156,0.157,-0.14,0.157,-0.14
2528234,0,0,2.792,0.114,-0.111,0.13,-0.121,0.143,-0.149,0.153,-0.139,0.153,-0.139
2528244,0,0,2.792,0.108,-0.116,0.118,-0.118,0.132,-0.144,0.139,-0.132,0.139,-0.132
2528254,0,0,2.792,0.099,-0.113,0.102,-0.11,0.119,-0.136,0.122,-0.124,0.122,-0.124
2528264,0,0,2.792,0.065,-0.079,0.085,-0.096,0.105,-0.123,0.112,-0.118,0.112,-0.118
2528274,0,0,2.792,0.071,-0.086,0.084,-0.095,0.091,-0.11,0.091,-0.102,0.091,-0.102
2528284,0,0,2.792,0.06,-0.075,0.069,-0.082,0.078,-0.095,0.081,-0.093,0.081,-0.093
2528294,0,0,2.792,0.033,-0.04,0.051,-0.062,0.065,-0.08,0.064,-0.076,0.064,-0.076
2528304,0,0,2.792,0.029,-0.037,0.04,-0.049,0.051,-0.064,0.053,-0.064,0.053,-0.064
2528314,0,0,2.792,0.018,-0.022,0.029,-0.034,0.038,-0.049,0.039,-0.047,0.039,-0.047
2528324,0,0,2.792,0.008,-0.008,0.017,-0.018,0.027,-0.034,0.025,-0.029,0.025,-0.029
2528334,0,0,2.792,-0.002,0.002,0.007,-0.005,0.016,-0.02,0.014,-0.015,0.014,-0.015
2528344,0,0,2.792,-0.008,0.011,-0.002,0.005,0.007,-0.008,0.006,-0.005,0.006,-0.005
2528354,0,0,2.792,-0.012,0.013,-0.01,0.012,0.001,-0.001,-0.005,0.008,-0.005,0.008
2528364,0,0,2.792,-0.012,0.011,-0.012,0.013,-0.004,0.003,-0.01,0.012,-0.01,0.012
2528374,0,0,2.792,-0.009,0.008,-0.011,0.011,-0.006,0.004,-0.011,0.012,-0.011,0.012
2528384,0,0,2.792,-0.006,0.004,-0.009,0.008,-0.007,0.005,-0.01,0.009,-0.01,0.009
2528394,0,0,2.792,-0.001,0.002,-0.004,0.004,-0.007,0.004,-0.007,0.007,-0.007,0.007
2528404,0,0,2.792,0.001,0,0,0,-0.004,0.002,-0.003,0.002,-0.003,0.002
2528414,0,0,2.792,0.003,0,0,0,-0.002,0.001,-0.001,0.001,-0.001,0.001
2528424,0,0,2.792,0.003,-0.002,0,0,0,-0.001,0,0,0,0
2528434,0,0,2.792,0.002,0,0,0,0.001,-0.001,0,0,0,0
2528444,0,0,2.792,0,0,0,0,0.001,0,0,0,0,0
2528454,0,0,2.792,0,0,0,0,0.001,-0.001,0,0,0,0
2528464,0,0,2.792,0,0,0,0,0,-0.001,0,0,0,0
2528474,0,0,2.792,0,0,0,0,0,-0.001,0,0,0,0
2528484,0,0,2.792,0,0,0,0,0,-0.001,0,0,0,0
2528494,0,0,2.792,0,0,0,0,0,-0.001,0,0,0,0
2528504,0,0,2.792,0,0,0,0,0,-0.001,0,0,0,0
2528514,0,0,2.792,0,0,0,0,0,-0.001,0,0,0,0
2528524,0,0,2.792,0,0,0,0,0,-0.001,0,0,0,0
2528534,0,0,2.792,0,0,0,0,0,-0.001,0,0,0,0
2528544,0,0,2.792,0.002,0,0,0,0,-0.001,0,0,0,0
2528554,0,0,2.792,0,0,0,0,0,-0.001,0,0,0,0
2528564,0,0,2.792,0,0,0,0,0,-0.001,0,0,0,0
2528574,0,0,2.792,0,0,0,0,0,-0.001,0,0,0,0
2528584,0,0,2.792,0,0,0,0,0.001,0,0,0,0,0
2528594,0,0,2.792,0,0,0,0,0.001,-0.001,0,0,0,0
2528604,0,-2,2.792,0.002,0,0,0,0,0,0,0,0,0
2528614,0,-2,2.792,0,0,0,0,0.001,0,0,0,0,0
2528624,0,-2,2.792,0,0,0,0,0,0,0,0,0,0
2528634,0,-2,2.792,0,0,0,0,0,0,0,0,0,0
2528644,0,-2,2.792,0,0,0,0,0,0,0,0,0,0
2528654,0,-2,2.792,0,0,0,0,0,-0.001,0,0,0,0
2528664,0,-2,2.792,0,0,0,0,0.001,-0.001,0,0,0,0
2528674,0,-2,2.792,0,0,0,0,0.001,-0.003,0,0,0,0
2528684,0,-2,2.792,0,-0.003,0,0,0.001,-0.005,0,0,0,0
2528694,0,-2,2.792,0.004,-0.007,0,0,0.002,-0.007,0,0,0,0
2528704,0,-2,2.792,0.006,-0.009,0.005,-0.006,0.002,-0.011,0.002,-0.003,0.002,-0.003
2528714,0,-2,2.792,0.008,-0.013,0.008,-0.01,0.003,-0.016,0.005,-0.007,0.005,-0.007
2528724,0,-2,2.792,0.007,-0.018,0.008,-0.014,0.002,-0.022,0.007,-0.011,0.007,-0.011
2528734,0,-2,2.792,0.01,-0.031,0.01,-0.026,0.003,-0.03,0.008,-0.017,0.008,-0.017
2528744,0,-2,2.792,0.007,-0.03,0.008,-0.026,0.003,-0.038,0.009,-0.025,0.009,-0.025
2528754,0,-2,2.792,0.007,-0.037,0.008,-0.035,0.001,-0.049,0.008,-0.032,0.008,-0.032
2528764,0,-2,2.792,0.009,-0.045,0.009,-0.038,0.003,-0.062,0.008,-0.036,0.008,-0.036
2528774,0,-2,2.792,0.015,-0.055,0.013,-0.047,0.004,-0.077,0.008,-0.042,0.008,-0.042
2528784,0,-2,2.792,0.025,-0.091,0.019,-0.071,0.001,-0.092,0.01,-0.052,0.01,-0.052
2528794,0,-2,2.792,0.016,-0.074,0.018,-0.07,-0.001,-0.11,0.015,-0.068,0.015,-0.068
2528804,0,-2,2.792,0.017,-0.091,0.015,-0.08,0.006,-0.128,0.015,-0.075,0.015,-0.075
2528814,0,-2,2.792,0.018,-0.111,0.018,-0.1,0.017,-0.158,0.016,-0.088,0.016,-0.088
2528824,0,-2,2.792,0.018,-0.134,0.023,-0.128,0.033,-0.212,0.019,-0.108,0.019,-0.108
2528834,0,-2,2.792,0.007,-0.137,0.014,-0.141,0.07,-0.289,0.024,-0.138,0.024,-0.138
2528844,0,-2,2.792,-0.005,-0.162,-0.022,-0.152,0.085,-0.353,0.022,-0.162,0.022,-0.162
2528854,0,-4,2.792,-0.002,-0.186,0.008,-0.168,0.032,-0.372,0.024,-0.195,0.024,-0.195
2528864,0,-4,2.792,0,-0.213,-0.004,-0.192,0.008,-0.434,0.016,-0.221,0.016,-0.221
2528874,0,-4,2.792,0.015,-0.238,0.01,-0.221,-0.011,-0.476,0.007,-0.254,0.007,-0.254
2528884,0,-4,2.792,0.022,-0.242,0.023,-0.223,-0.029,-0.514,0.007,-0.282,0.007,-0.282
2528894,0,-4,2.792,0.029,-0.246,0.019,-0.232,-0.061,-0.609,0,-0.317,0,-0.317
2528904,0,-4,2.792,0.025,-0.295,0.037,-0.299,-0.08,-0.706,0.012,-0.357,0.012,-0.357
2528914,0,-4,2.792,0.037,-0.363,0.026,-0.325,-0.038,-0.762,0.023,-0.34,0.023,-0.34
2528924,0,-4,2.792,0.046,-0.433,0.038,-0.433,-0.055,-0.843,0.015,-0.414,0.015,-0.414
2528934,0,-4,2.792,0.044,-0.411,0.055,-0.419,-0.055,-0.942,0.01,-0.5,0.01,-0.5
2528944,0,-4,2.792,-0.017,-0.089,0.001,-0.118,0.001,-1.063,0.013,-0.542,0.013,-0.542
2528954,0,-4,2.792,0.018,-0.411,0.02,-0.346,0.036,-1.142,0.012,-0.584,0.012,-0.584
2528964,0,-4,2.792,0.033,-0.484,0.047,-0.45,0.028,-1.226,0.019,-0.589,0.019,-0.589
2528974,0,-4,2.792,0.037,-0.564,0.043,-0.567,0.038,-1.238,0.025,-0.693,0.025,-0.693
2528984,0,-4,2.792,0.044,-0.623,0.029,-0.611,0.005,-1.371,0.027,-0.805,0.027,-0.805
2528994,0,-4,2.792,0.035,-0.652,0.046,-0.647,-0.06,-1.425,0.015,-0.902,0.015,-0.902
2529004,0,-4,2.792,0.04,-0.824,0.046,-0.724,-0.056,-1.429,0.003,-0.98,0.003,-0.98
2529014,0,-4,2.792,0.041,-0.671,0.053,-0.71,-0.031,-1.433,0.018,-0.946,0.018,-0.946
2529024,0,-4,2.792,0.054,-0.739,0.059,-0.714,-0.021,-1.418,0.018,-0.955,0.018,-0.955
2529034,0,-4,2.792,0.061,-0.822,0.058,-0.78,0.005,-1.436,0.023,-0.993,0.023,-0.993
2529044,0,-6,2.792,0.047,-0.878,0.05,-0.84,0.017,-1.47,0.033,-1.018,0.033,-1.018
2529054,0,-6,2.792,0.039,-0.812,0.038,-0.795,0.043,-1.518,0.034,-1.078,0.034,-1.078
2529064,0,-6,2.792,0.023,-0.908,0.03,-0.829,0.071,-1.626,0.039,-1.158,0.039,-1.158
2529074,0,-6,2.792,0.028,-0.827,0.033,-0.871,0.099,-1.754,0.05,-1.203,0.05,-1.203
2529084,0,-6,2.792,0.034,-0.877,0.021,-0.851,0.09,-1.822,0.048,-1.192,0.048,-1.192
2529094,0,-6,2.792,0.036,-0.939,0.045,-0.968,0.027,-1.796,0.043,-1.237,0.043,-1.237
2529104,0,-6,2.792,0.018,-0.865,0.04,-0.953,-0.035,-1.87,0.035,-1.261,0.035,-1.261
2529114,0,-6,2.792,0.041,-0.922,0.023,-0.889,-0.078,-1.961,0.014,-1.334,0.014,-1.334
2529124,0,-6,2.792,0.031,-1.112,0.028,-1.072,-0.081,-1.952,0.001,-1.408,0.001,-1.408
2529134,0,-6,2.792,0.029,-0.992,0.029,-0.996,-0.07,-1.962,-0.007,-1.467,-0.007,-1.467
2529144,0,-6,2.792,0.042,-1.105,0.02,-1.06,-0.051,-2.006,-0.004,-1.49,-0.004,-1.49
2529154,0,-6,2.792,0.043,-1.03,0.043,-1.101,-0.05,-2.061,-0.003,-1.548,-0.003,-1.548
2529164,0,-6,2.792,0.048,-1.109,0.05,-1.101,-0.062,-2.115,0.004,-1.53,0.004,-1.53
2529174,0,-6,2.792,0.031,-1.025,0.028,-1.07,-0.048,-2.18,-0.002,-1.606,-0.002,-1.606
2529184,0,-6,2.792,0.046,-1.137,0.031,-1.107,-0.026,-2.251,0.002,-1.636,0.002,-1.636
2529194,0,-6,2.792,0.048,-1.17,0.054,-1.288,-0.022,-2.3,0.019,-1.597,0.019,-1.597
2529204,0,-6,2.792,0.037,-1.353,0.046,-1.229,-0.016,-2.308,0.032,-1.503,0.032,-1.503
2529214,0,-6,2.792,0.037,-1.347,0.014,-1.316,0.014,-2.384,0.029,-1.572,0.029,-1.572
2529224,0,-6,2.792,0.044,-1.308,0.036,-1.263,-0.019,-2.551,0.024,-1.749,0.024,-1.749
2529234,0,-6,2.792,0.068,-1.472,0.049,-1.333,-0.09,-2.825,0.024,-1.7,0.024,-1.7
2529244,0,-6,2.792,0.011,-0.808,0.028,-0.765,-0.095,-3.099,0.024,-1.645,0.024,-1.645
2529254,0,-6,2.792,0.03,-1.24,0.018,-1.162,-0.041,-3.243,0.011,-1.935,0.011,-1.935
2529264,0,-6,2.792,0.048,-1.258,0.026,-1.214,0,-3.17,0.015,-1.982,0.015,-1.982
2529274,0,-6,2.792,0.06,-1.411,0.064,-1.42,-0.003,-3.052,0.024,-1.995,0.024,-1.995
2529284,0,-6,2.792,0.06,-1.397,0.054,-1.397,-0.022,-2.99,0.025,-2.141,0.025,-2.141
2529294,0,-6,2.792,0.044,-1.454,0.059,-1.496,-0.021,-2.988,0.029,-2.102,0.029,-2.102
2529304,0,-6,2.792,0.044,-1.57,0.041,-1.524,0.031,-3.043,0.031,-2.091,0.031,-2.091
2529314,0,-6,2.792,0.052,-1.602,0.054,-1.597,0.031,-3.103,0.033,-2.279,0.033,-2.279
2529324,0,-6,2.792,0.048,-1.531,0.072,-1.573,-0.028,-3.153,0.051,-1.973,0.051,-1.973
2529334,0,-6,2.792,0.067,-1.607,0.061,-1.582,-0.03,-3.205,0.041,-2.134,0.041,-2.134
2529344,0,-6,2.792,0.074,-1.604,0.063,-1.587,-0.022,-3.353,0.036,-2.328,0.036,-2.328
2529354,0,-6,2.792,0.07,-1.761,0.074,-1.68,-0.032,-3.438,0.028,-2.529,0.028,-2.529
2529364,0,-6,2.792,0.057,-1.651,0.079,-1.599,-0.033,-3.43,0.028,-2.619,0.028,-2.619
2529374,0,-6,2.792,0.075,-1.733,0.068,-1.686,0.006,-3.448,0.033,-2.655,0.033,-2.655
2529384,0,-6,2.792,0.067,-1.748,0.076,-1.689,0.031,-3.431,0.036,-2.703,0.036,-2.703
2529394,0,-6,2.792,0.074,-1.766,0.078,-1.813,0.034,-3.337,0.041,-2.777,0.041,-2.777
2529404,0,-6,2.792,0.069,-1.728,0.07,-1.817,-0.016,-3.279,0.055,-2.535,0.055,-2.535
2529414,0,-6,2.792,0.076,-1.722,0.067,-1.728,-0.063,-3.346,0.041,-2.65,0.041,-2.65
2529424,0,-6,2.792,0.079,-1.817,0.079,-1.788,-0.077,-3.458,0.024,-2.746,0.024,-2.746
2529434,0,-6,2.792,0.091,-1.753,0.087,-1.788,-0.097,-3.592,0.019,-2.766,0.019,-2.766
2529444,0,-6,2.792,0.09,-1.953,0.082,-1.845,-0.133,-3.658,0.009,-2.872,0.009,-2.872
2529454,0,-6,2.792,0.011,-0.231,0.029,-0.624,-0.13,-3.762,0.012,-2.385,0.012,-2.385
2529464,0,-6,2.792,0.001,-0.021,-0.012,-0.089,-0.069,-3.939,-0.002,-2.174,-0.002,-2.174
2529474,0,0,2.792,0.03,-1.058,-0.019,-0.549,-0.043,-4.144,-0.01,-2.329,-0.01,-2.329
2529484,0,0,2.792,0.058,-1.826,0.055,-1.646,-0.106,-4.31,-0.019,-2.804,-0.019,-2.804
2529494,0,0,2.792,0.037,-1.031,0.064,-1.581,-0.174,-4.509,-0.01,-3.036,-0.01,-3.036
2529504,0,0,2.792,0.003,-0.605,0.006,-0.466,-0.241,-4.722,-0.044,-3.397,-0.044,-3.397
2529514,0,0,2.792,0.128,-2.092,0.077,-1.673,-0.249,-4.797,-0.05,-3.392,-0.05,-3.392
2529524,0,0,2.792,0.117,-2.035,0.106,-2.002,-0.142,-4.738,-0.051,-3.74,-0.051,-3.74
2529534,0,0,2.792,0.122,-2.118,0.111,-2.101,0.044,-4.529,-0.006,-3.945,-0.006,-3.945
2529544,0,0,2.792,0.146,-2.394,0.11,-2.256,0.151,-4.212,0.03,-3.968,0.03,-3.968
2529554,0,0,2.792,0.137,-2.369,0.148,-2.309,0.218,-3.732,0.076,-3.872,0.076,-3.872
2529564,0,0,2.792,0.146,-2.099,0.133,-2.143,0.223,-3.332,0.117,-3.595,0.117,-3.595
2529574,0,0,2.792,0.16,-2.139,0.147,-2.048,0.178,-3.157,0.138,-3.313,0.138,-3.313
2529584,0,0,2.792,0.129,-2.001,0.118,-2.026,0.108,-3.285,0.137,-3.189,0.137,-3.189
2529594,0,0,2.792,0.105,-2.228,0.119,-2.188,0.104,-3.593,0.125,-3.278,0.125,-3.278
2529604,0,0,2.792,0.148,-2.359,0.167,-2.261,0.234,-3.82,0.143,-3.418,0.143,-3.418
2529614,0,0,2.792,0.023,-0.265,0.079,-0.658,0.303,-4.05,0.181,-3.6,0.181,-3.6
2529624,0,0,2.792,0.002,-0.024,-0.016,-0.11,0.237,-4.356,0.198,-3.826,0.198,-3.826
2529634,0,0,2.792,0,-0.002,-0.017,-0.017,-0.009,-4.582,0.148,-3.969,0.148,-3.969
2529644,0,0,2.792,0.011,-0.03,-0.02,-0.025,-0.342,-4.634,0.02,-4.146,0.02,-4.146
2529654,0,0,2.792,0,-0.003,0.008,0.039,-0.39,-4.452,-0.088,-4.272,-0.088,-4.272
2529664,0,0,2.792,0.235,-2.006,0.215,-1.376,-0.235,-4.023,-0.124,-4.094,-0.124,-4.094
2529674,0,0,2.792,0.226,-2.089,0.23,-2.058,-0.09,-3.723,-0.097,-3.894,-0.097,-3.894
2529684,0,0,2.792,0.032,-0.277,0.07,-0.732,0.074,-3.541,-0.047,-3.661,-0.047,-3.661
2529694,0,0,2.792,0.003,-0.025,-0.018,-0.078,0.209,-3.596,0.013,-3.299,0.013,-3.299
2529704,0,0,2.792,0.11,-1.965,0.084,-1.362,0.235,-3.818,0.067,-3.274,0.067,-3.274
2529714,0,0,2.792,0.143,-2.093,0.159,-2.111,0.197,-4.027,0.11,-3.397,0.11,-3.397
2529724,0,2,2.792,0.166,-2.216,0.163,-2.277,0.115,-4.205,0.13,-3.5,0.13,-3.5
2529734,0,2,2.792,0.127,-2.169,0.135,-2.271,0.014,-4.453,0.121,-3.632,0.121,-3.632
2529744,0,2,2.792,0.131,-2.12,0.132,-2.179,-0.099,-4.739,0.091,-3.8,0.091,-3.8
2529754,0,2,2.792,0.138,-2.159,0.155,-2.16,-0.164,-4.91,0.057,-4.094,0.057,-4.094
2529764,0,2,2.792,0.05,-0.94,0.087,-1.595,-0.138,-4.821,0.032,-4.279,0.032,-4.279
2529774,0,2,2.792,0.113,-2.046,0.08,-1.695,-0.036,-4.438,0.02,-4.184,0.02,-4.184
2529784,0,2,2.792,0.14,-2.264,0.13,-2.179,0.027,-3.964,0.027,-4.028,0.027,-4.028
2529794,0,2,2.792,0.197,-2.149,0.223,-2.219,0.052,-3.674,0.066,-3.689,0.066,-3.689
2529804,0,2,2.792,0.189,-2.433,0.189,-2.233,0.035,-3.63,0.097,-3.434,0.097,-3.434
2529814,0,2,2.792,0.183,-2.394,0.175,-2.323,0.006,-3.719,0.091,-3.438,0.091,-3.438
2529824,0,2,2.792,0.182,-2.546,0.161,-2.411,-0.018,-3.773,0.081,-3.456,0.081,-3.456
2529834,0,2,2.792,0.161,-2.201,0.182,-2.272,-0.044,-3.884,0.075,-3.467,0.075,-3.467
2529844,0,2,2.792,0.181,-2.253,0.204,-2.3,-0.053,-4.106,0.098,-3.349,0.098,-3.349
2529854,0,2,2.792,0.241,-2.746,0.204,-2.575,-0.037,-4.321,0.083,-3.645,0.083,-3.645
2529864,0,2,2.792,0.215,-2.432,0.222,-2.477,-0.057,-4.331,0.08,-3.779,0.08,-3.779
2529874,0,2,2.792,0.194,-2.435,0.211,-2.469,-0.099,-4.266,0.074,-3.834,0.074,-3.834
2529884,0,2,2.792,0.219,-2.506,0.204,-2.52,-0.078,-4.084,0.072,-3.798,0.072,-3.798
2529894,0,2,2.792,0.216,-2.332,0.203,-2.401,-0.021,-3.802,0.076,-3.674,0.076,-3.674
2529905,0,2,2.792,0.199,-2.43,0.216,-2.344,0.003,-3.626,0.074,-3.598,0.074,-3.598
2529915,0,2,2.792,0.214,-2.272,0.23,-2.409,0.022,-3.498,0.091,-3.421,0.091,-3.421
2529925,0,2,2.792,0.211,-2.347,0.217,-2.376,0.048,-3.482,0.095,-3.377,0.095,-3.377
2529934,0,2,2.792,0.206,-2.649,0.183,-2.459,0.03,-3.489,0.101,-3.312,0.101,-3.312
2529945,0,2,2.792,0.152,-2.365,0.168,-2.361,-0.016,-3.502,0.084,-3.338,0.084,-3.338
2529955,0,2,2.792,0.181,-2.65,0.186,-2.46,-0.044,-3.54,0.09,-3.232,0.09,-3.232
2529965,0,2,2.792,0.137,-1.592,0.128,-1.487,-0.05,-3.61,0.066,-3.26,0.066,-3.26
2529975,0,4,2.792,0.187,-2.215,0.16,-2.053,-0.058,-3.64,0.059,-3.19,0.059,-3.19
2529985,0,4,2.792,0.157,-2.456,0.16,-2.382,-0.074,-3.595,0.049,-3.236,0.049,-3.236
2529995,0,4,2.792,0.16,-2.539,0.189,-2.507,-0.054,-3.524,0.05,-3.249,0.05,-3.249
2530005,0,4,2.792,0.171,-2.531,0.176,-2.583,0.009,-3.441,0.054,-3.261,0.054,-3.261
2530015,0,4,2.792,0.177,-2.292,0.15,-2.36,0.046,-3.379,0.077,-3.154,0.077,-3.154
2530025,0,4,2.792,0.147,-2.41,0.157,-2.415,0.036,-3.291,0.078,-3.155,0.078,-3.155
2530035,0,4,2.792,0.136,-2.245,0.161,-2.39,0.008,-3.21,0.08,-3.084,0.08,-3.084
2530045,0,4,2.792,0.154,-2.405,0.151,-2.376,-0.002,-3.154,0.078,-3.023,0.078,-3.023
2530055,0,4,2.792,0.151,-2.3,0.15,-2.437,-0.023,-3.141,0.088,-2.896,0.088,-2.896
2530065,0,4,2.792,0.13,-2.62,0.115,-2.382,-0.042,-3.129,0.072,-2.892,0.072,-2.892
2530075,0,4,2.792,0.117,-2.316,0.137,-2.356,-0.049,-3.094,0.054,-2.923,0.054,-2.923
2530085,0,4,2.792,0.129,-2.261,0.148,-2.34,-0.036,-3.087,0.063,-2.839,0.063,-2.839
2530095,0,4,2.792,0.157,-2.584,0.14,-2.384,-0.02,-3.1,0.052,-2.886,0.052,-2.886
2530105,0,4,2.792,0.122,-2.358,0.124,-2.325,-0.001,-3.08,0.078,-2.734,0.078,-2.734
2530115,0,4,2.792,0.092,-2.453,0.094,-2.482,0.001,-3.002,0.066,-2.805,0.066,-2.805
2530125,0,4,2.792,0.114,-2.596,0.13,-2.517,0.005,-2.917,0.057,-2.831,0.057,-2.831
2530135,0,4,2.792,0.114,-2.162,0.119,-2.298,-0.002,-2.845,0.054,-2.794,0.054,-2.794
2530145,0,4,2.792,0.114,-2.171,0.118,-2.205,-0.006,-2.759,0.05,-2.743,0.05,-2.743
2530155,0,4,2.792,0.102,-2.306,0.104,-2.302,-0.015,-2.656,0.045,-2.664,0.045,-2.664
2530165,0,4,2.792,0.091,-2.25,0.098,-2.342,-0.017,-2.568,0.044,-2.601,0.044,-2.601
2530175,0,6,2.792,0.1,-2.426,0.106,-2.423,-0.012,-2.495,0.044,-2.535,0.044,-2.535
2530185,0,6,2.792,0.098,-2.325,0.101,-2.306,0.001,-2.44,0.052,-2.464,0.052,-2.464
2530195,0,6,2.792,0.116,-2.133,0.12,-2.246,0.004,-2.4,0.054,-2.429,0.054,-2.429
2530205,0,6,2.792,0.085,-2.081,0.088,-2.188,-0.004,-2.367,0.063,-2.357,0.063,-2.357
2530215,0,6,2.792,0.101,-2.281,0.098,-2.202,-0.016,-2.345,0.053,-2.335,0.053,-2.335
2530225,0,6,2.792,0.089,-2.536,0.104,-2.302,-0.018,-2.329,0.053,-2.31,0.053,-2.31
2530235,0,6,2.792,0.069,-2.474,0.046,-2.281,-0.024,-2.297,0.039,-2.307,0.039,-2.307
2530245,0,6,2.792,0.044,-2.219,0.065,-2.325,-0.03,-2.264,0.024,-2.299,0.024,-2.299
2530255,0,6,2.792,0.026,-0.89,0.051,-1.556,-0.039,-2.223,0.024,-2.241,0.024,-2.241
2530265,0,6,2.792,0.007,-0.159,0.021,-0.441,-0.029,-2.153,0.015,-2.013,0.015,-2.013
2530275,0,6,2.792,0.004,-0.277,-0.007,-0.144,-0.006,-2.099,0.008,-1.853,0.008,-1.853
2530285,0,6,2.792,0.065,-1.809,0.058,-1.561,0.025,-2.092,0.014,-1.703,0.014,-1.703
2530295,0,6,2.792,0.037,-2.287,0.001,-2.104,0.031,-2.13,0.023,-1.826,0.023,-1.826
2530305,0,6,2.792,0.012,-0.875,0.02,-1.313,0.021,-2.187,0.023,-1.93,0.023,-1.93
2530315,0,6,2.792,0.003,-0.21,0.042,-0.5,0.011,-2.184,0.025,-1.853,0.025,-1.853
2530325,0,6,2.792,0.088,-1.747,0.068,-1.271,0.017,-2.116,0.024,-1.87,0.024,-1.87
2530335,0,6,2.792,0.067,-1.971,0.049,-1.859,0.02,-2.035,0.028,-1.906,0.028,-1.906
2530345,0,6,2.792,0.038,-1.94,0.042,-2.045,-0.002,-1.916,0.026,-1.93,0.026,-1.93
2530355,0,6,2.792,0.055,-1.996,0.069,-1.943,-0.037,-1.742,0.018,-1.897,0.018,-1.897
2530365,0,6,2.792,0.087,-2.009,0.097,-2.017,-0.052,-1.608,0.024,-1.85,0.024,-1.85
2530375,0,6,2.792,0.12,-1.744,0.129,-1.809,-0.068,-1.488,0.012,-1.764,0.012,-1.764
2530385,0,6,2.792,0.071,-1.772,0.055,-1.805,-0.086,-1.374,-0.002,-1.664,-0.002,-1.664
2530395,0,6,2.792,0.009,-1.795,0.005,-1.893,-0.108,-1.262,-0.023,-1.574,-0.023,-1.574
2530405,0,6,2.792,0.034,-1.2,0.039,-1.555,-0.128,-1.07,-0.045,-1.455,-0.045,-1.455
2530415,0,6,2.792,0.05,-0.799,0.05,-0.681,-0.104,-0.885,-0.053,-1.247,-0.053,-1.247
2530425,0,8,2.792,0.005,-0.287,0.049,-0.554,0.008,-0.841,-0.025,-1.079,-0.025,-1.079
2530435,0,8,2.792,0.121,-1.39,0.086,-1.218,0.092,-0.974,0.004,-1.019,0.004,-1.019
2530445,0,8,2.792,0.11,-1.392,0.105,-1.476,0.093,-1.104,0.035,-1.068,0.035,-1.068
2530455,0,8,2.792,0.01,-0.13,0.017,-0.374,0.098,-1.073,0.053,-1.004,0.053,-1.004
2530465,0,8,2.792,0.01,-0.245,-0.006,-0.205,0.091,-0.922,0.059,-0.937,0.059,-0.937
2530475,0,8,2.792,0.027,-0.678,0.029,-0.421,0.066,-0.846,0.057,-0.854,0.057,-0.854
2530485,0,8,2.792,0.068,-0.868,0.072,-0.913,0.062,-0.814,0.06,-0.843,0.06,-0.843
2530495,0,8,2.792,0.129,-1.261,0.121,-1.238,0.038,-0.816,0.06,-0.855,0.06,-0.855
2530505,0,8,2.792,0.098,-1.13,0.092,-1.176,0.014,-0.794,0.056,-0.879,0.056,-0.879
2530515,0,8,2.792,0.074,-1.184,0.086,-1.334,-0.009,-0.699,0.051,-0.921,0.051,-0.921
2530525,0,8,2.792,0.016,-0.458,0.023,-0.548,-0.034,-0.481,0.033,-0.815,0.033,-0.815
2530535,0,8,2.792,-0.004,-0.173,0.006,-0.192,-0.022,-0.347,0.015,-0.57,0.015,-0.57
2530545,0,8,2.792,0.021,-0.184,0.014,-0.121,0.027,-0.397,0.012,-0.437,0.012,-0.437
2530555,0,8,2.792,0.102,-0.678,0.089,-0.56,0.05,-0.471,0.027,-0.428,0.027,-0.428
2530565,0,8,2.792,0.114,-0.853,0.11,-0.874,0.064,-0.496,0.069,-0.626,0.069,-0.626
2530575,0,8,2.792,0.138,-0.904,0.131,-0.894,0.064,-0.462,0.086,-0.691,0.086,-0.691
2530585,0,8,2.792,0.145,-0.89,0.145,-0.903,0.043,-0.391,0.094,-0.696,0.094,-0.696
2530595,0,8,2.792,0.114,-0.738,0.126,-0.817,0.025,-0.31,0.101,-0.706,0.101,-0.706
2530605,0,8,2.792,0.1,-0.746,0.111,-0.773,0.016,-0.224,0.09,-0.64,0.09,-0.64
2530615,0,8,2.792,0.095,-0.708,0.094,-0.728,0.006,-0.137,0.087,-0.639,0.087,-0.639
2530625,0,8,2.792,0.077,-0.563,0.084,-0.624,0.006,-0.06,0.078,-0.591,0.078,-0.591
2530635,0,8,2.792,0.069,-0.517,0.074,-0.559,0.032,0.109,0.069,-0.484,0.069,-0.484
2530645,0,8,2.792,0.065,-0.458,0.073,-0.504,0.079,0.364,0.069,-0.362,0.069,-0.362
2530655,0,8,2.792,0.053,-0.419,0.067,-0.471,0.154,0.617,0.078,-0.295,0.078,-0.295
2530665,0,8,2.792,0.03,-0.439,0.041,-0.441,0.276,0.696,0.103,-0.134,0.103,-0.134
2530675,0,8,2.792,0.003,-0.042,0.013,-0.136,0.306,0.626,0.108,-0.061,0.108,-0.061
2530685,0,8,2.792,0,-0.004,0.013,-0.05,0.202,0.479,0.112,0.039,0.112,0.039
2530695,0,8,2.792,0,0,0.005,-0.028,0.081,0.334,0.073,0.061,0.073,0.061
2530705,0,8,2.792,0,0,0.004,-0.025,0.027,0.249,0.035,0.043,0.035,0.043
2530715,0,8,2.792,0,0,0.006,-0.024,0.026,0.242,0.022,0.041,0.022,0.041
2530725,0,8,2.792,0,0,0.011,-0.012,0.038,0.316,0.019,0.055,0.019,0.055
2530735,0,8,2.792,-0.007,0.004,0,-0.021,0.013,0.41,0.017,0.096,0.017,0.096
2530745,0,8,2.792,-0.091,0.109,-0.069,0.075,-0.02,0.386,0.001,0.136,0.001,0.136
2530755,0,8,2.792,-0.06,0.078,-0.08,0.112,-0.055,0.368,-0.032,0.168,-0.032,0.168
2530765,0,8,2.792,-0.005,0.057,0.005,0.014,-0.106,0.474,-0.043,0.208,-0.043,0.208
2530775,0,8,2.792,-0.061,0.09,-0.088,0.106,-0.107,0.617,-0.054,0.231,-0.054,0.231
2530785,0,8,2.792,-0.005,0.008,-0.004,0.032,-0.031,0.801,-0.052,0.311,-0.052,0.311
2530795,0,8,2.792,0,0,0.01,-0.015,-0.004,1.085,-0.031,0.375,-0.031,0.375
2530805,0,8,2.792,0,0,-0.007,-0.023,0.013,1.356,-0.017,0.486,-0.017,0.486
2530815,0,8,2.792,0,0,-0.002,0.001,0.051,1.387,-0.003,0.605,-0.003,0.605
2530825,0,8,2.792,0,0,0.009,-0.002,-0.028,1.225,0.001,0.627,0.001,0.627
2530835,0,8,2.792,0,0,0.01,-0.016,-0.162,1.193,-0.022,0.674,-0.022,0.674
2530845,0,8,2.792,-0.02,0.059,-0.033,0.016,-0.183,1.213,-0.045,0.524,-0.045,0.524
2530855,0,8,2.792,-0.015,0.035,-0.023,0.067,-0.11,1.234,-0.063,0.634,-0.063,0.634
2530865,0,8,2.792,-0.096,0.397,-0.042,0.274,-0.071,1.395,-0.057,0.668,-0.057,0.668
2530875,0,8,2.792,-0.121,0.483,-0.156,0.422,-0.15,1.531,-0.073,0.849,-0.073,0.849
2530885,0,8,2.792,-0.126,0.338,-0.164,0.46,-0.2,1.479,-0.113,0.962,-0.113,0.962
2530895,0,8,2.792,0.002,0.06,-0.024,0.111,-0.118,1.571,-0.077,0.591,-0.077,0.591
2530905,0,8,2.792,-0.014,0.103,-0.002,0.16,0.026,1.869,-0.059,0.713,-0.059,0.713
2530915,0,8,2.792,-0.033,0.14,-0.102,0.139,0.092,1.977,-0.031,0.95,-0.031,0.95
2530925,0,8,2.792,-0.003,0.013,0.004,0.025,0.019,1.877,-0.012,1.156,-0.012,1.156
2530935,0,8,2.792,0,0.001,0.028,0.002,-0.112,1.827,-0.015,1.034,-0.015,1.034
2530945,0,8,2.792,0,0,0.007,-0.01,-0.126,1.905,-0.037,1.146,-0.037,1.146
2530955,0,8,2.792,-0.075,0.283,-0.099,0.111,-0.035,2.009,-0.045,1.23,-0.045,1.23
2530965,0,8,2.792,-0.007,0.027,-0.007,0.063,-0.004,1.997,-0.036,1.363,-0.036,1.363
2530975,0,8,2.792,-0.026,0.023,0.003,-0.006,-0.034,2.035,-0.022,1.152,-0.022,1.152
2530985,0,8,2.792,-0.06,0.491,-0.071,0.393,-0.073,2.069,-0.032,1.203,-0.032,1.203
2530995,0,8,2.792,-0.014,0.209,-0.004,0.183,-0.08,2.075,-0.042,1.09,-0.042,1.09
2531005,0,8,2.792,-0.007,0.089,-0.024,0.149,-0.119,2.153,-0.05,1.238,-0.05,1.238
2531015,0,8,2.792,-0.032,0.256,-0.099,0.203,-0.219,2.334,-0.08,1.422,-0.08,1.422
2531025,0,8,2.792,-0.003,0.023,0.005,0.081,-0.207,2.612,-0.111,1.657,-0.111,1.657
2531035,0,8,2.792,0.015,0.029,0.045,0.048,-0.086,3.035,-0.103,1.85,-0.103,1.85
2531045,0,8,2.792,0.001,0.006,-0.022,-0.025,0.161,3.23,-0.041,1.859,-0.041,1.859
2531055,0,8,2.792,0,0,-0.003,0.001,0.266,2.996,0.024,1.976,0.024,1.976
2531065,0,8,2.792,-0.033,0.684,-0.016,0.409,0.193,2.681,0.062,1.897,0.062,1.897
2531075,0,8,2.792,-0.038,1.249,-0.042,1.093,0.126,2.46,0.072,1.988,0.072,1.988
2531085,0,8,2.792,-0.072,1.171,-0.078,1.109,0.076,2.375,0.045,1.936,0.045,1.936
2531095,0,8,2.792,-0.064,1.069,-0.062,1.147,0.025,2.514,0.034,2.043,0.034,2.043
2531105,0,8,2.792,-0.006,0.1,-0.001,0.292,0.01,2.734,0.015,1.817,0.015,1.817
2531115,0,8,2.792,0,0.009,0.009,0.041,0.114,2.945,0.023,1.749,0.023,1.749
2531125,0,8,2.792,-0.007,0.997,-0.005,0.686,0.198,3.147,0.028,1.374,0.028,1.374
2531135,0,8,2.792,-0.024,0.815,-0.033,1.08,0.157,3.195,0.049,1.763,0.049,1.763
2531145,0,8,2.792,-0.002,0.073,-0.002,0.214,0.027,3.319,0.047,2.007,0.047,2.007
2531155,0,8,2.792,0,0.006,-0.003,0.015,-0.059,3.656,0.019,2.093,0.019,2.093
2531165,0,8,2.792,0,0,0.006,0.001,-0.04,4.058,0,2.142,0,2.142
2531175,0,8,2.792,0,0,-0.015,-0.018,0.106,4.124,0.012,2.296,0.012,2.296
2531185,0,8,2.792,-0.024,0.78,-0.011,0.382,0.191,3.825,0.04,2.484,0.04,2.484
2531195,0,8,2.792,-0.02,1.743,-0.004,1.345,0.135,3.542,0.049,2.517,0.049,2.517
2531205,0,8,2.792,-0.002,0.197,0.014,0.507,0.033,3.426,0.023,2.148,0.023,2.148
2531215,0,8,2.792,-0.021,0.653,-0.02,0.66,-0.029,3.479,0.012,2.308,0.012,2.308
2531225,0,8,2.792,-0.031,0.601,-0.05,0.748,-0.006,3.673,-0.002,1.876,-0.002,1.876
2531235,0,8,2.792,-0.003,0.054,0.019,0.168,0.062,3.818,0.006,1.865,0.006,1.865
2531245,0,8,2.792,-0.002,0.17,0.008,0.217,0.117,4.031,0.013,1.471,0.013,1.471
2531255,0,8,2.792,0,0.015,0.001,0.037,0.168,4.222,0.032,1.775,0.032,1.775
2531265,0,8,2.792,-0.014,0.055,0,0.002,0.192,4.358,0.052,2.012,0.052,2.012
2531275,0,8,2.792,-0.008,0.347,-0.015,0.517,0.189,4.459,0.03,1.77,0.03,1.77
2531285,0,8,2.792,0.035,1.287,0.042,1.05,0.226,4.431,0.059,2.332,0.059,2.332
2531295,0,8,2.792,0.009,1.582,0.015,1.609,0.317,4.306,0.094,2.795,0.094,2.795
2531305,0,8,2.792,-0.002,0.222,-0.013,0.538,0.335,4.335,0.132,3.163,0.132,3.163
2531315,0,8,2.792,0,0.02,0.018,0.061,0.313,4.32,0.165,3.473,0.165,3.473
2531325,0,8,2.792,0.02,1.017,0.048,0.505,0.253,4.187,0.175,3.546,0.175,3.546
2531335,0,8,2.792,-0.031,1.75,-0.016,1.506,0.196,3.921,0.175,3.644,0.175,3.644
2531345,0,8,2.792,-0.16,1.881,-0.136,1.815,-0.019,3.337,0.111,3.422,0.111,3.422
2531355,0,8,2.792,-0.073,0.563,-0.136,1.119,-0.363,2.873,-0.032,2.986,-0.032,2.986
2531365,0,8,2.792,-0.007,0.05,0.014,0.2,-0.559,2.687,-0.125,2.578,-0.125,2.578
2531375,0,8,2.792,-0.191,0.607,-0.12,0.486,-0.587,2.476,-0.214,2.319,-0.214,2.319
2531385,0,8,2.792,-0.438,1.733,-0.392,1.464,-0.492,2.522,-0.302,2.201,-0.302,2.201
2531395,0,8,2.792,-0.062,0.246,-0.165,0.595,-0.384,2.905,-0.329,2.157,-0.329,2.157
2531405,0,8,2.792,0.004,0.043,-0.033,0.08,-0.385,3.395,-0.302,2.234,-0.302,2.234
2531415,0,8,2.792,-0.239,1.083,-0.172,0.665,-0.414,3.861,-0.27,2.255,-0.27,2.255
2531425,0,8,2.792,-0.043,0.213,-0.092,0.477,-0.43,4.24,-0.27,2.441,-0.27,2.441
2531435,0,8,2.792,-0.005,0.034,-0.011,0.095,-0.407,4.476,-0.241,2.496,-0.241,2.496
2531445,0,8,2.792,-0.189,1.265,-0.133,0.802,-0.411,4.544,-0.251,2.882,-0.251,2.882
2531455,0,8,2.792,-0.154,1.225,-0.194,1.447,-0.403,4.644,-0.25,2.923,-0.25,2.923
2531465,0,8,2.792,-0.015,0.119,-0.043,0.351,-0.351,4.788,-0.254,3.308,-0.254,3.308
2531475,0,8,2.792,-0.096,1.148,-0.058,0.796,-0.254,4.88,-0.202,3.282,-0.202,3.282
2531485,0,8,2.792,-0.026,0.329,-0.053,0.679,-0.14,4.783,-0.179,3.635,-0.179,3.635
2531495,0,8,2.792,-0.002,0.029,-0.004,0.103,-0.023,4.636,-0.111,3.26,-0.111,3.26
2531505,0,8,2.792,0,0.003,-0.012,0.021,0.086,4.514,-0.06,3.174,-0.06,3.174
2531515,0,8,2.792,0,0,-0.015,-0.012,0.123,4.417,-0.019,3.011,-0.019,3.011
2531525,0,8,2.792,0,0,0.008,-0.018,0.141,4.423,0.013,2.989,0.013,2.989
2531535,0,8,2.792,-0.015,1.975,-0.002,1.286,0.15,4.481,0.037,2.892,0.037,2.892
2531545,0,8,2.792,0.027,2.221,0.002,2.111,0.134,4.546,0.049,3.273,0.049,3.273
2531555,0,8,2.792,-0.008,0.224,-0.001,0.61,0.14,4.668,0.057,3.515,0.057,3.515
2531565,0,8,2.792,0.003,0.037,0.01,0.057,0.129,4.786,0.064,3.656,0.064,3.656
2531575,0,8,2.792,0.05,1.937,0.033,1.581,0.117,4.798,0.066,3.72,0.066,3.72
2531585,0,8,2.792,0.07,2.438,0.087,2.231,0.086,4.632,0.071,3.875,0.071,3.875
2531595,0,8,2.792,0.042,2.426,0.072,2.362,0.051,4.381,0.071,3.914,0.071,3.914
2531605,0,8,2.792,-0.019,2.296,0.008,2.358,0.027,4.179,0.056,3.802,0.056,3.802
2531615,0,8,2.792,-0.073,2.273,-0.052,2.298,0.003,4.188,0.035,3.817,0.035,3.817
2531625,0,8,2.792,-0.123,2.44,-0.106,2.407,0.007,4.417,0.014,3.96,0.014,3.96
2531635,0,8,2.792,-0.122,2.431,-0.105,2.387,0.007,4.639,-0.001,4.168,-0.001,4.168
2531645,0,8,2.792,-0.169,2.397,-0.183,2.404,-0.016,4.82,-0.027,4.359,-0.027,4.359
2531655,0,8,2.792,-0.189,2.211,-0.204,2.322,-0.011,4.939,-0.045,4.566,-0.045,4.566
2531665,0,8,2.792,-0.215,2.499,-0.21,2.428,-0.035,5.037,-0.062,4.74,-0.062,4.74
2531675,0,8,2.792,-0.196,2.338,-0.188,2.377,-0.065,5.098,-0.081,4.874,-0.081,4.874
2531685,0,8,2.792,-0.216,2.468,-0.221,2.452,-0.044,5.095,-0.103,4.918,-0.103,4.918
2531695,0,8,2.792,-0.224,2.464,-0.244,2.554,-0.016,4.994,-0.107,4.906,-0.107,4.906
2531705,0,8,2.792,-0.232,2.402,-0.251,2.485,-0.042,4.957,-0.116,4.832,-0.116,4.832
2531715,0,8,2.792,-0.253,2.38,-0.253,2.494,-0.102,4.965,-0.135,4.789,-0.135,4.789
2531725,0,8,2.792,-0.268,2.715,-0.257,2.508,-0.14,5.06,-0.172,4.676,-0.172,4.676
2531735,0,8,2.792,-0.27,2.488,-0.268,2.496,-0.126,5.216,-0.181,4.892,-0.181,4.892
2531745,0,8,2.792,-0.264,2.577,-0.262,2.539,-0.131,5.34,-0.186,5.135,-0.186,5.135
2531755,0,8,2.792,-0.234,2.744,-0.257,2.664,-0.129,5.381,-0.188,5.234,-0.188,5.234
2531765,0,8,2.792,-0.193,2.778,-0.215,2.571,-0.148,5.408,-0.182,5.291,-0.182,5.291
2531775,0,8,2.792,-0.223,2.549,-0.24,2.585,-0.184,5.431,-0.191,5.264,-0.191,5.264
2531785,0,8,2.792,-0.276,2.506,-0.262,2.54,-0.205,5.516,-0.2,5.38,-0.2,5.38
2531795,0,8,2.792,-0.18,2.534,-0.198,2.526,-0.176,5.544,-0.209,5.305,-0.209,5.305
2531805,0,8,2.792,-0.121,2.896,-0.143,2.69,-0.122,5.551,-0.181,5.28,-0.181,5.28
2531815,0,8,2.792,-0.099,2.833,-0.094,2.754,-0.082,5.501,-0.152,5.353,-0.152,5.353
2531825,0,8,2.792,-0.049,2.615,-0.073,2.666,-0.1,5.472,-0.13,5.366,-0.13,5.366
2531835,0,8,2.792,-0.049,2.78,-0.068,2.648,-0.111,5.489,-0.103,5.186,-0.103,5.186
2531845,0,8,2.792,-0.002,2.672,-0.041,2.706,-0.124,5.573,-0.097,5.376,-0.097,5.376
2531855,0,8,2.792,0.083,2.68,0.086,2.766,-0.089,5.666,-0.074,5.478,-0.074,5.478
2531865,0,8,2.792,0.208,3.053,0.173,2.973,-0.033,5.7,-0.03,5.537,-0.03,5.537
2531875,0,8,2.792,0.229,2.778,0.227,2.9,0.076,5.689,0.019,5.585,0.019,5.585
2531885,0,8,2.792,0.366,2.953,0.322,2.923,0.149,5.637,0.089,5.552,0.089,5.552
2531895,0,8,2.792,0.43,3.129,0.376,3.015,0.175,5.474,0.161,5.425,0.161,5.425
2531905,0,8,2.792,0.41,3.127,0.406,3.084,0.135,5.268,0.177,5.314,0.177,5.314
2531915,0,8,2.792,0.485,3.136,0.497,3.161,0.095,5.135,0.179,5.173,0.179,5.173
2531925,0,8,2.792,0.55,2.859,0.547,2.896,0.041,5.177,0.189,5.115,0.189,5.115
2531935,0,8,2.792,0.556,2.86,0.556,2.894,-0.072,5.38,0.207,5.187,0.207,5.187
2531945,0,8,2.792,0.54,3.045,0.542,3.027,-0.262,5.644,0.209,5.381,0.209,5.381
2531955,0,8,2.792,0.541,2.972,0.539,2.96,-0.419,5.772,0.09,5.648,0.09,5.648
2531965,0,8,2.792,0.432,2.647,0.466,2.79,-0.434,5.714,-0.026,5.704,-0.026,5.704
2531975,0,8,2.792,0.112,0.86,0.243,1.699,-0.221,5.515,-0.059,5.552,-0.059,5.552
2531985,0,8,2.792,0.011,0.077,0.038,0.293,0.049,5.418,-0.047,5.417,-0.047,5.417
2531995,0,8,2.792,0.338,2.775,0.256,2.026,0.257,5.44,0.024,5.395,0.024,5.395
2532005,0,8,2.792,0.442,3.231,0.441,2.969,0.357,5.402,0.139,5.37,0.139,5.37
2532015,0,8,2.792,0.332,2.808,0.371,3.036,0.42,5.312,0.221,5.328,0.221,5.328
2532025,0,8,2.792,0.245,3.177,0.244,3.054,0.408,5.303,0.279,5.276,0.279,5.276
2532035,0,8,2.792,0.228,3.171,0.214,3.166,0.341,5.456,0.299,5.349,0.299,5.349
2532045,0,8,2.792,0.168,2.999,0.197,3.051,0.192,5.704,0.269,5.457,0.269,5.457
2532055,0,8,2.792,0.167,3.323,0.173,3.136,0.055,6.025,0.223,5.792,0.223,5.792
2532065,0,8,2.792,0.104,3.1,0.107,3.165,-0.017,6.276,0.163,6.092,0.163,6.092
2532075,0,8,2.792,0.063,3.343,0.087,3.363,0.014,6.211,0.116,6.172,0.116,6.172
2532085,0,8,2.792,0.067,3.645,0.083,3.506,0.042,5.995,0.091,5.912,0.091,5.912
2532095,0,0,2.792,0.127,3.485,0.131,3.47,0.023,5.82,0.079,5.798,0.079,5.798
2532108,0,0,2.792,0.114,3.458,0.109,3.362,-0.002,5.803,0.068,5.75,0.068,5.75
2532114,0,0,2.792,0.042,3.382,0.037,3.397,-0.035,5.904,0.043,5.793,0.043,5.793
2532124,0,0,2.792,0.01,3.431,0.021,3.464,-0.049,5.942,0.029,5.845,0.029,5.845
2532134,0,0,2.792,0.058,3.495,0.064,3.408,-0.067,6.009,0.009,5.918,0.009,5.918
2532144,0,0,2.792,0.093,3.472,0.087,3.46,-0.069,6.036,0.004,5.93,0.004,5.93
2532154,0,0,2.792,0.149,3.618,0.122,3.481,-0.018,6.015,0.009,5.945,0.009,5.945
2532164,0,0,2.792,0.15,3.523,0.137,3.592,-0.006,5.954,0.034,5.865,0.034,5.865
2532174,0,0,2.792,0.149,3.494,0.13,3.49,-0.014,5.919,0.041,5.841,0.041,5.841
2532184,0,0,2.792,0.187,3.43,0.183,3.371,-0.006,5.959,0.047,5.852,0.047,5.852
2532194,0,0,2.792,0.229,3.425,0.223,3.431,0.059,5.977,0.072,5.864,0.072,5.864
2532204,0,0,2.792,0.279,3.519,0.258,3.563,0.081,5.901,0.118,5.775,0.118,5.775
2532214,0,0,2.792,0.307,3.639,0.287,3.605,0.076,5.755,0.164,5.636,0.164,5.636
2532224,0,0,2.792,0.296,3.456,0.318,3.484,0.069,5.639,0.169,5.581,0.169,5.581
2532234,0,0,2.792,0.323,3.14,0.335,3.2,0.073,5.655,0.183,5.518,0.183,5.518
2532244,0,0,2.792,0.394,3.321,0.37,3.219,0.065,5.761,0.211,5.523,0.211,5.523
2532254,0,0,2.792,0.416,3.536,0.4,3.501,0.101,5.835,0.217,5.679,0.217,5.679
2532264,0,0,2.792,0.465,3.523,0.472,3.574,0.114,5.803,0.243,5.705,0.243,5.705
2532274,0,0,2.792,0.453,3.397,0.473,3.528,0.119,5.619,0.278,5.556,0.278,5.556
2532284,0,0,2.792,0.456,3.445,0.46,3.496,0.105,5.455,0.316,5.385,0.316,5.385
2532294,0,0,2.792,0.539,3.63,0.511,3.576,0.084,5.423,0.301,5.343,0.301,5.343
2532304,0,0,2.792,0.518,3.616,0.528,3.597,0.07,5.502,0.293,5.39,0.293,5.39
2532314,0,0,2.792,0.441,3.46,0.46,3.496,0.058,5.596,0.267,5.489,0.267,5.489
2532324,0,0,2.792,0.482,3.682,0.464,3.503,0.019,5.624,0.258,5.504,0.258,5.504
2532334,0,0,2.792,0.407,3.525,0.414,3.515,0.025,5.505,0.25,5.462,0.25,5.462
2532344,0,0,2.792,0.394,3.785,0.419,3.719,0.061,5.379,0.226,5.374,0.226,5.374
2532354,0,0,2.792,0.349,3.677,0.398,3.687,0.076,5.388,0.234,5.308,0.234,5.308
2532364,0,0,2.792,0.315,3.433,0.343,3.477,0.076,5.495,0.213,5.396,0.213,5.396
2532374,0,0,2.792,0.25,3.789,0.278,3.663,0.077,5.588,0.194,5.492,0.194,5.492
2532384,0,0,2.792,0.151,3.367,0.184,3.587,0.048,5.525,0.167,5.494,0.167,5.494
2532394,0,0,2.792,0.157,3.723,0.174,3.682,0.034,5.433,0.144,5.318,0.144,5.318
2532404,0,0,2.792,0.114,3.725,0.137,3.718,0.02,5.454,0.132,5.289,0.132,5.289
2532414,0,0,2.792,0.089,3.623,0.107,3.635,0.01,5.555,0.108,5.395,0.108,5.395
2532424,0,0,2.792,-0.032,3.527,0.009,3.588,-0.013,5.679,0.08,5.524,0.08,5.524
2532434,0,0,2.792,-0.051,3.427,-0.045,3.536,-0.051,5.663,0.036,5.575,0.036,5.575
2532444,0,0,2.792,-0.128,3.701,-0.098,3.681,-0.067,5.615,-0.001,5.562,-0.001,5.562
2532454,0,0,2.792,-0.164,3.715,-0.155,3.698,-0.025,5.663,-0.037,5.55,-0.037,5.55
2532464,0,0,2.792,-0.188,3.749,-0.165,3.734,0.001,5.733,-0.055,5.605,-0.055,5.605
2532474,0,0,2.792,-0.176,3.548,-0.198,3.665,-0.003,5.729,-0.057,5.674,-0.057,5.674
2532484,0,0,2.792,-0.277,3.673,-0.266,3.646,-0.026,5.654,-0.094,5.593,-0.094,5.593
2532494,0,0,2.792,-0.311,3.688,-0.301,3.75,-0.015,5.693,-0.102,5.615,-0.102,5.615
2532504,0,0,2.792,-0.335,3.747,-0.31,3.723,-0.017,5.839,-0.137,5.645,-0.137,5.645
2532514,0,0,2.792,-0.354,3.466,-0.347,3.554,-0.006,5.938,-0.134,5.812,-0.134,5.812
2532524,0,0,2.792,-0.437,3.863,-0.41,3.718,0.018,5.936,-0.133,5.867,-0.133,5.867
2532534,0,0,2.792,-0.479,3.639,-0.481,3.66,0.018,5.866,-0.169,5.798,-0.169,5.798
2532544,0,0,2.792,-0.51,3.275,-0.498,3.473,-0.004,5.861,-0.172,5.791,-0.172,5.791
2532554,0,0,2.792,-0.541,3.7,-0.522,3.592,0.01,5.958,-0.238,5.742,-0.238,5.742
2532564,0,0,2.792,-0.501,3.769,-0.491,3.667,0.026,6.062,-0.232,5.904,-0.232,5.904
2532574,0,0,2.792,-0.534,3.558,-0.543,3.689,-0.018,6.05,-0.207,5.987,-0.207,5.987
2532584,0,0,2.792,-0.59,3.513,-0.598,3.616,-0.08,5.974,-0.252,5.909,-0.252,5.909
2532594,0,0,2.792,-0.633,3.478,-0.62,3.517,-0.124,5.98,-0.265,5.9,-0.265,5.9
2532604,0,0,2.792,-0.577,3.553,-0.579,3.517,-0.149,6.116,-0.315,5.923,-0.315,5.923
2532614,0,0,2.792,-0.056,0.351,-0.166,1.019,-0.111,6.183,-0.288,6.013,-0.288,6.013
2532624,0,0,2.792,0.052,0.032,-0.022,0.122,-0.092,6.114,-0.22,5.997,-0.22,5.997
2532634,0,0,2.792,0.006,-0.046,0.004,-0.013,-0.107,5.973,-0.156,5.83,-0.156,5.83
2532644,0,0,2.792,-0.475,2.498,-0.316,1.438,-0.124,5.985,-0.141,5.807,-0.141,5.807
2532654,0,0,2.792,-0.534,3.59,-0.502,3.342,-0.115,6.087,-0.282,5.64,-0.282,5.64
2532664,0,0,2.792,-0.474,3.808,-0.477,3.671,-0.111,6.122,-0.281,5.945,-0.281,5.945
2532674,0,0,2.792,-0.436,3.69,-0.459,3.698,-0.092,6.016,-0.273,5.954,-0.273,5.954
2532684,0,0,2.792,-0.447,3.854,-0.468,3.765,-0.031,5.899,-0.269,5.831,-0.269,5.831
2532694,0,0,2.792,-0.39,3.744,-0.426,3.742,0.065,5.8,-0.232,5.775,-0.232,5.775
2532704,0,0,2.792,-0.311,3.515,-0.356,3.7,0.184,5.745,-0.164,5.723,-0.164,5.723
2532714,0,0,2.792,-0.27,3.758,-0.274,3.655,0.304,5.67,-0.1,5.628,-0.1,5.628
2532724,0,0,2.792,-0.188,3.74,-0.212,3.72,0.347,5.577,-0.019,5.568,-0.019,5.568
2532734,0,0,2.792,-0.188,3.747,-0.2,3.737,0.346,5.521,0.019,5.458,0.019,5.458
2532744,0,0,2.792,-0.129,3.817,-0.148,3.757,0.333,5.565,0.033,5.435,0.033,5.435
2532754,0,0,2.792,-0.077,3.553,-0.1,3.64,0.307,5.634,0.073,5.537,0.073,5.537
2532764,0,0,2.792,-0.045,3.918,-0.059,3.825,0.257,5.632,0.101,5.58,0.101,5.58
2532774,0,0,2.792,0.054,3.766,0.016,3.805,0.22,5.531,0.102,5.5,0.102,5.5
2532784,0,0,2.792,0.034,3.641,0.046,3.651,0.167,5.396,0.112,5.399,0.112,5.399
2532794,0,0,2.792,0.041,3.694,0.043,3.661,0.112,5.252,0.098,5.229,0.098,5.229
2532804,0,0,2.792,0.01,3.579,0.01,3.673,0.041,5.147,0.062,4.977,0.062,4.977
2532814,0,0,2.792,0.044,3.611,0.052,3.734,0.002,5.077,0.049,5.034,0.049,5.034
2532824,0,0,2.792,0.077,3.768,0.078,3.737,0.007,5.028,0.044,4.956,0.044,4.956
2532834,0,0,2.792,0.046,3.701,0.036,3.714,0.026,5.072,0.04,4.962,0.04,4.962
2532844,0,0,2.792,0.048,3.478,0.027,3.587,0.019,5.201,0.034,5.054,0.034,5.054
2532854,0,0,2.792,0.073,3.667,0.085,3.773,0.007,5.244,0.034,5.129,0.034,5.129
2532864,0,0,2.792,0.049,3.763,0.072,3.796,0.009,5.086,0.033,5.108,0.033,5.108
2532874,0,0,2.792,0.044,3.677,0.027,3.653,0.039,4.813,0.034,4.897,0.034,4.897
2532884,0,0,2.792,0.013,3.641,0.018,3.656,0.039,4.587,0.033,4.705,0.033,4.705
2532894,0,0,2.792,-0.003,3.532,0.007,3.55,0.015,4.5,0.029,4.564,0.029,4.564
2532904,0,0,2.792,0.078,3.624,0.093,3.691,-0.023,4.527,0.033,4.364,0.033,4.364
2532914,0,0,2.792,0.089,3.482,0.077,3.616,-0.033,4.556,0.024,4.442,0.024,4.442
2532924,0,0,2.792,0.016,3.555,0.029,3.606,-0.046,4.61,0.013,4.496,0.013,4.496
2532934,0,0,2.792,-0.116,3.396,-0.07,3.491,-0.046,4.677,-0.003,4.556,-0.003,4.556
2532944,0,0,2.792,-0.131,3.223,-0.115,3.214,-0.064,4.707,-0.023,4.616,-0.023,4.616
2532954,0,0,2.792,-0.038,3.219,-0.055,3.207,-0.055,4.588,-0.038,4.599,-0.038,4.599
2532964,0,0,2.792,-0.125,3.106,-0.103,3.178,-0.015,4.361,-0.039,4.435,-0.039,4.435
2532974,0,0,2.792,0.002,3.51,-0.031,3.408,0.031,4.134,-0.028,4.281,-0.028,4.281
2532984,0,0,2.792,-0.008,3.361,-0.009,3.341,0.068,3.965,-0.008,4.058,-0.008,4.058
2532994,0,0,2.792,0.002,2.269,-0.031,1.925,0.088,3.887,0.011,3.884,0.011,3.884
2533004,0,0,2.792,0.002,3.097,0.003,2.907,0.081,3.901,0.026,3.834,0.026,3.834
2533014,0,0,2.792,0.005,3.199,-0.004,3.242,0.082,3.97,0.036,3.815,0.036,3.815
2533024,0,0,2.792,0.004,2.865,-0.002,3.019,0.071,4.091,0.035,3.824,0.035,3.824
2533034,0,0,2.792,0.026,3.145,0.018,3.065,0.059,4.186,0.028,3.759,0.028,3.759
2533044,0,0,2.792,-0.005,3.101,-0.019,3.071,0.06,4.163,0.034,3.896,0.034,3.896
2533054,0,0,2.792,-0.035,1.659,-0.044,2.559,0.035,4.053,0.023,3.88,0.023,3.88
2533064,0,0,2.792,0.006,2.491,0,2.213,-0.018,3.913,0.014,3.825,0.014,3.825
2533074,0,0,2.792,0.075,3.136,0.102,3.146,-0.035,3.737,0.003,3.781,0.003,3.781
2533084,0,0,2.792,-0.01,2.722,0.057,3.069,-0.024,3.572,0,3.697,0,3.697
2533094,0,0,2.792,-0.002,0.326,-0.034,0.925,-0.01,3.437,-0.005,3.532,-0.005,3.532
2533104,0,0,2.792,0,0.029,-0.008,0.142,-0.018,3.279,-0.008,3.309,-0.008,3.309
2533114,0,0,2.792,0,0.003,-0.002,0.015,-0.031,3.114,-0.013,3.104,-0.013,3.104
2533124,0,0,2.792,0.05,0.579,0.017,0.126,-0.035,3.068,-0.018,2.93,-0.018,2.93
2533134,0,0,2.792,0.046,2.971,0.078,2.476,-0.003,3.173,-0.015,2.965,-0.015,2.965
2533144,0,0,2.792,0.028,2.929,0.061,3.051,0.029,3.377,0.004,3.094,0.004,3.094
2533154,0,0,2.792,-0.048,2.166,-0.022,2.573,0.045,3.598,0.014,3.252,0.014,3.252
2533164,0,0,2.792,-0.026,1.917,-0.036,1.647,0.03,3.684,0.013,3.284,0.013,3.284
2533174,0,0,2.792,-0.026,2.719,-0.03,2.473,0.014,3.523,0.009,3.287,0.009,3.287
2533184,0,0,2.792,0.003,3.085,0.02,2.943,-0.014,3.219,0.005,3.286,0.005,3.286
2533194,0,0,2.792,0.05,2.921,0.049,2.999,-0.042,2.972,-0.001,3.182,-0.001,3.182
2533204,0,0,2.792,0.019,1.237,0.01,2.087,-0.043,2.707,-0.009,3.005,-0.009,3.005
2533214,0,0,2.792,-0.008,0.756,-0.013,1.24,-0.04,2.426,-0.016,2.722,-0.016,2.722
2533224,0,0,2.792,0,1.023,-0.008,1.314,-0.039,2.234,-0.02,2.481,-0.02,2.481
2533234,0,0,2.792,-0.009,2.136,-0.014,1.811,-0.059,2.287,-0.025,2.242,-0.025,2.242
2533244,0,0,2.792,0.014,2.962,0.013,2.619,-0.041,2.494,-0.024,2.32,-0.024,2.32
2533254,0,0,2.792,0.024,2.748,0.02,2.82,0.017,2.724,-0.013,2.469,-0.013,2.469
2533264,0,0,2.792,0.014,1.115,0.013,1.425,0.062,2.861,0.004,2.535,0.004,2.535
2533274,0,0,2.792,-0.004,2.38,0.008,2.246,0.078,2.861,0.019,2.433,0.019,2.433
2533284,0,0,2.792,-0.009,2.468,-0.008,2.429,0.057,2.743,0.021,2.519,0.021,2.519
2533294,0,0,2.792,-0.013,2.399,0,2.485,0.037,2.575,0.021,2.555,0.021,2.555
2533304,0,0,2.792,-0.04,2.66,-0.038,2.637,0.028,2.389,0.017,2.524,0.017,2.524
2533314,0,0,2.792,-0.003,2.451,-0.008,2.538,0.01,2.174,0.009,2.455,0.009,2.455
2533324,0,0,2.792,-0.021,2.603,-0.025,2.583,-0.015,1.985,-0.001,2.366,-0.001,2.366
2533334,0,0,2.792,-0.035,2.476,-0.017,2.577,-0.045,1.863,-0.012,2.274,-0.012,2.274
2533344,0,0,2.792,-0.038,2.267,-0.032,2.426,-0.079,1.718,-0.029,2.182,-0.029,2.182
2533354,0,0,2.792,-0.007,2.39,-0.025,2.386,-0.096,1.579,-0.042,2.054,-0.042,2.054
2533364,0,0,2.792,0.016,2.419,0.003,2.485,-0.099,1.516,-0.046,1.997,-0.046,1.997
2533374,0,0,2.792,0.01,2.332,0.019,2.347,-0.061,1.542,-0.039,1.963,-0.039,1.963
2533384,0,0,2.792,-0.011,2.288,0.001,2.339,-0.002,1.587,-0.026,1.923,-0.026,1.923
2533394,0,0,2.792,-0.008,0.387,-0.018,0.967,0.044,1.572,-0.014,1.782,-0.014,1.782
2533404,0,0,2.792,0.005,0.212,0,0.44,0.068,1.452,0.002,1.465,0.002,1.465
2533414,0,0,2.792,0.003,0.572,0.001,0.307,0.101,1.345,0.019,1.308,0.019,1.308
2533424,0,0,2.792,0,2.045,0.011,1.679,0.115,1.401,0.037,1.275,0.037,1.275
2533434,0,0,2.792,0,0.422,-0.008,0.958,0.098,1.525,0.041,1.336,0.041,1.336
2533444,0,0,2.792,0,0.038,-0.007,0.17,0.061,1.523,0.033,1.183,0.033,1.183
2533454,0,0,2.792,-0.014,-0.023,-0.002,0.024,0.028,1.374,0.028,1.031,0.028,1.031
2533464,0,0,2.792,-0.003,-0.005,0.002,0.015,0,1.207,0.014,0.7,0.014,0.7
2533474,0,0,2.792,-0.022,1.559,-0.027,1.175,0.005,1.207,0.003,0.747,0.003,0.747
2533484,0,0,2.792,-0.004,0.388,-0.013,0.805,0.015,1.34,-0.003,1.035,-0.003,1.035
2533494,0,0,2.792,0.001,0.107,-0.007,0.248,0.003,1.4,-0.001,0.778,-0.001,0.778
2533504,0,0,2.792,0.01,0.031,0.004,0.064,-0.024,1.324,-0.002,0.569,-0.002,0.569
2533514,0,0,2.792,0.004,0.067,0.009,0.146,-0.035,1.191,-0.001,0.466,-0.001,0.466
2533524,0,0,2.792,-0.002,0.019,-0.022,0.076,-0.024,1.117,-0.006,0.38,-0.006,0.38
2533534,0,0,2.792,0.013,0.848,0.008,0.449,-0.022,1.101,-0.008,0.475,-0.008,0.475
2533544,0,0,2.792,0,0.388,0.005,0.688,0.001,1.048,-0.006,0.651,-0.006,0.651
2533554,0,0,2.792,0.009,0.28,0.004,0.398,0.006,0.98,-0.002,0.698,-0.002,0.698
2533564,0,0,2.792,0.014,0.28,0.011,0.352,-0.018,0.881,-0.003,0.692,-0.003,0.692
2533574,0,0,2.792,-0.004,0.25,0.003,0.43,-0.028,0.734,-0.004,0.65,-0.004,0.65
2533584,0,0,2.792,-0.002,0.033,0,0.112,-0.021,0.557,-0.006,0.556,-0.006,0.556
2533594,0,0,2.792,-0.002,0.024,-0.009,0.076,-0.03,0.405,-0.009,0.461,-0.009,0.461
2533604,0,0,2.792,0.026,0.184,0.008,0.127,-0.024,0.406,-0.008,0.311,-0.008,0.311
2533614,0,0,2.792,0,0.05,-0.006,0.107,-0.01,0.441,-0.002,0.25,-0.002,0.25
2533624,0,0,2.792,0.007,0.175,0.008,0.224,-0.02,0.435,-0.002,0.262,-0.002,0.262
2533634,0,0,2.792,0.009,0.052,0.013,0.119,-0.007,0.426,0.005,0.23,0.005,0.23
2533644,0,0,2.792,0.01,0.06,0.011,0.091,0.003,0.407,0.006,0.232,0.006,0.232
2533654,0,0,2.792,-0.001,0.071,0.002,0.128,0.01,0.356,0.003,0.222,0.003,0.222
2533664,0,0,2.792,0,0.005,-0.004,0.048,0.003,0.26,0.001,0.186,0.001,0.186
2533674,0,0,2.792,0.088,0.576,0.058,0.45,0.002,0.233,0.004,0.2,0.004,0.2
2533684,0,0,2.792,0.115,0.684,0.101,0.67,0.037,0.265,0.033,0.319,0.033,0.319
2533694,0,0,2.792,0.147,0.776,0.136,0.771,0.068,0.295,0.059,0.409,0.059,0.409
2533704,0,0,2.792,0.04,0.209,0.089,0.455,0.063,0.252,0.08,0.446,0.08,0.446
2533714,0,-2,2.792,0.015,0.074,0.029,0.152,0.073,0.214,0.068,0.348,0.068,0.348
2533724,0,-2,2.792,-0.004,0.043,0.005,0.052,0.063,0.137,0.056,0.258,0.056,0.258
2533734,0,-2,2.792,-0.002,0.003,0.003,0.043,0.059,0.093,0.046,0.189,0.046,0.189
2533744,0,-2,2.792,0.009,0.065,0.006,0.124,0.061,0.073,0.033,0.146,0.033,0.146
2533754,0,-2,2.792,0,0.006,0.005,0.05,0.055,0.043,0.029,0.112,0.029,0.112
2533764,0,-2,2.792,0.022,0.073,0.032,0.112,0.035,0.019,0.032,0.091,0.032,0.091
2533774,0,-2,2.792,0.001,0.005,0.009,0.039,0.036,0.033,0.027,0.071,0.027,0.071
2533784,0,-2,2.792,0.012,0.025,0.017,0.056,0.042,0.034,0.02,0.057,0.02,0.057
2533794,0,-2,2.792,0,0.002,0.007,0.03,0.042,0.019,0.018,0.044,0.018,0.044
2533804,0,-2,2.792,0,0,0.008,0.017,0.032,-0.009,0.016,0.031,0.016,0.031
2533814,0,-2,2.792,-0.029,-0.003,-0.008,0.018,0.024,-0.041,0.014,0.019,0.014,0.019
2533824,0,-2,2.792,-0.011,-0.065,-0.011,-0.05,0.015,-0.071,0.006,-0.007,0.006,-0.007
2533834,0,-2,2.792,0.002,-0.013,-0.001,-0.01,0.005,-0.105,-0.003,-0.022,-0.003,-0.022
2533844,0,-2,2.792,-0.008,-0.046,-0.007,-0.047,-0.007,-0.143,-0.003,-0.035,-0.003,-0.035
2533854,0,-2,2.792,-0.006,-0.065,-0.007,-0.048,-0.019,-0.187,-0.006,-0.051,-0.006,-0.051
2533864,0,-2,2.792,-0.017,-0.084,-0.019,-0.101,-0.026,-0.256,-0.011,-0.084,-0.011,-0.084
2533874,0,-2,2.792,-0.02,-0.178,-0.014,-0.117,-0.039,-0.321,-0.013,-0.11,-0.013,-0.11
2533884,0,-2,2.792,-0.007,-0.129,-0.004,-0.098,-0.043,-0.337,-0.013,-0.121,-0.013,-0.121
2533894,0,-2,2.792,-0.022,-0.229,-0.019,-0.195,-0.041,-0.382,-0.016,-0.158,-0.016,-0.158
2533904,0,-4,2.792,-0.003,-0.076,-0.007,-0.098,-0.05,-0.439,-0.019,-0.185,-0.019,-0.185
2533914,0,-4,2.792,-0.005,-0.059,-0.003,-0.058,-0.061,-0.473,-0.021,-0.201,-0.021,-0.201
2533924,0,-4,2.792,-0.003,-0.05,-0.002,-0.049,-0.062,-0.51,-0.024,-0.221,-0.024,-0.221
2533934,0,-4,2.792,-0.003,-0.084,-0.016,-0.054,-0.079,-0.556,-0.025,-0.18,-0.025,-0.18
2533944,0,-4,2.792,-0.008,-0.073,-0.005,-0.057,-0.079,-0.577,-0.032,-0.225,-0.032,-0.225
2533954,0,-4,2.792,-0.009,-0.153,-0.006,-0.105,-0.07,-0.642,-0.03,-0.248,-0.03,-0.248
2533964,0,-4,2.792,-0.018,-0.303,-0.011,-0.243,-0.075,-0.699,-0.034,-0.313,-0.034,-0.313
2533974,0,-4,2.792,-0.015,-0.335,-0.008,-0.306,-0.039,-0.75,-0.031,-0.375,-0.031,-0.375
2533984,0,-4,2.792,-0.01,-0.244,-0.029,-0.3,-0.032,-0.8,-0.03,-0.446,-0.03,-0.446
2533994,0,-4,2.792,-0.019,-0.407,-0.016,-0.409,-0.055,-0.84,-0.033,-0.513,-0.033,-0.513
2534004,0,-4,2.792,0.001,-0.192,0,-0.17,-0.046,-0.904,-0.028,-0.509,-0.028,-0.509
2534014,0,-4,2.792,0,-0.093,-0.006,-0.142,-0.054,-0.916,-0.026,-0.499,-0.026,-0.499
2534024,0,-4,2.792,0.01,-0.244,0.002,-0.176,-0.047,-0.904,-0.012,-0.357,-0.012,-0.357
2534034,0,-4,2.792,0.01,-0.13,0.015,-0.184,-0.037,-0.936,-0.013,-0.424,-0.013,-0.424
2534044,0,-4,2.792,-0.003,-0.117,0.002,-0.083,-0.02,-1.004,-0.011,-0.445,-0.011,-0.445
2534054,0,-4,2.792,0.007,-0.108,-0.002,-0.106,-0.018,-1.096,-0.01,-0.485,-0.01,-0.485
2534064,0,-4,2.792,0.028,-0.302,0.01,-0.205,-0.068,-1.214,-0.013,-0.454,-0.013,-0.454
2534074,0,-4,2.792,0.005,-0.076,0.019,-0.147,-0.019,-1.259,-0.01,-0.557,-0.01,-0.557
2534084,0,-4,2.792,0.011,-0.063,-0.01,-0.068,0.011,-1.327,-0.005,-0.508,-0.005,-0.508
2534094,0,-4,2.792,0,-0.024,-0.008,-0.018,-0.03,-1.438,-0.007,-0.604,-0.007,-0.604
2534104,0,-4,2.792,0.014,-0.103,0.038,-0.114,-0.052,-1.648,-0.01,-0.711,-0.01,-0.711
2534114,0,-4,2.792,0.001,-0.012,-0.012,-0.02,-0.014,-1.773,-0.009,-0.785,-0.009,-0.785
2534124,0,-4,2.792,0,-0.002,0.001,0.009,-0.007,-1.707,-0.009,-0.875,-0.009,-0.875
2534134,0,-4,2.792,0.015,-0.177,0.014,-0.109,-0.015,-1.71,-0.006,-0.803,-0.006,-0.803
2534144,0,-4,2.792,0.053,-0.259,0.016,-0.167,0.003,-1.722,0,-0.854,0,-0.854
2534154,0,-6,2.792,0.07,-0.571,0.063,-0.452,-0.006,-1.715,0.018,-0.815,0.018,-0.815
2534164,0,-6,2.792,0.113,-0.907,0.094,-0.771,-0.02,-1.764,0.026,-0.953,0.026,-0.953
2534174,0,-6,2.792,0.085,-0.823,0.089,-0.747,0,-1.805,0.029,-1.106,0.029,-1.106
2534184,0,-6,2.792,0.027,-0.234,0.037,-0.448,0.027,-1.9,0.045,-0.822,0.045,-0.822
2534194,0,-6,2.792,0.071,-0.703,0.066,-0.577,0.013,-1.966,0.041,-0.955,0.041,-0.955
2534204,0,-6,2.792,0.017,-0.114,0.033,-0.22,-0.012,-2.053,0.037,-1.055,0.037,-1.055
2534214,0,-6,2.792,0.034,-0.179,0.01,-0.084,-0.023,-2.11,0.021,-1.06,0.021,-1.06
2534224,0,-6,2.792,0.045,-0.351,0.038,-0.295,-0.027,-2.205,0.016,-0.979,0.016,-0.979
2534234,0,-6,2.792,0.023,-0.121,0.026,-0.206,-0.029,-2.247,0.016,-1.007,0.016,-1.007
2534244,0,-6,2.792,0.034,-0.166,0.036,-0.191,-0.006,-2.251,0.015,-1.115,0.015,-1.115
2534254,0,-6,2.792,0.024,-0.112,0.011,-0.093,0.01,-2.416,0.017,-1.054,0.017,-1.054
2534264,0,-6,2.792,0.015,-0.084,0.023,-0.024,-0.032,-2.603,0.01,-1.294,0.01,-1.294
2534274,0,-6,2.792,0.037,-0.041,0.026,-0.032,-0.089,-2.693,-0.004,-1.415,-0.004,-1.415
2534284,0,-6,2.792,0.015,-0.077,0.013,-0.051,-0.085,-2.701,-0.017,-1.463,-0.017,-1.463
2534294,0,-6,2.792,0.026,-0.159,0.013,-0.114,-0.066,-2.659,-0.018,-1.383,-0.018,-1.383
2534304,0,-6,2.792,0.002,-0.015,-0.001,-0.03,-0.012,-2.549,-0.01,-1.301,-0.01,-1.301
2534314,0,-6,2.792,0.029,-0.248,0.018,-0.194,0.015,-2.497,-0.005,-1.242,-0.005,-1.242
2534324,0,-6,2.792,0.003,-0.045,0.016,-0.081,0.028,-2.615,0.004,-1.336,0.004,-1.336
2534334,0,-6,2.792,0.042,-0.414,0.045,-0.468,0.04,-2.799,0.015,-1.585,0.015,-1.585
2534344,0,-6,2.792,0.009,-0.087,0.003,-0.165,0.063,-2.968,0.025,-1.525,0.025,-1.525
2534354,0,-6,2.792,0.001,-0.024,-0.008,-0.04,0.058,-3.117,0.029,-1.7,0.029,-1.7
2534364,0,-6,2.792,0.04,-0.319,0.03,-0.123,0.03,-3.127,0.026,-1.758,0.026,-1.758
2534374,0,-6,2.792,0.152,-1.409,0.142,-1.193,0.016,-3.048,0.035,-1.862,0.035,-1.862
2534384,0,-6,2.792,0.159,-1.447,0.131,-1.32,0.012,-2.954,0.048,-2.056,0.048,-2.056
2534394,0,-6,2.792,0.125,-1.09,0.163,-1.4,-0.018,-2.918,0.083,-2.035,0.083,-2.035
2534404,0,-6,2.792,0.008,-0.17,0.021,-0.321,-0.037,-2.916,0.07,-1.701,0.07,-1.701
2534414,0,-8,2.792,0.136,-1.341,0.102,-1.021,-0.045,-2.881,0.05,-1.834,0.05,-1.834
2534424,0,-8,2.792,0.069,-0.639,0.12,-1.04,-0.051,-2.917,0.054,-1.962,0.054,-1.962
2534434,0,-8,2.792,0.007,-0.085,0.008,-0.195,-0.045,-3.07,0.032,-2.005,0.032,-2.005
2534444,0,-8,2.792,0,-0.012,-0.008,-0.03,-0.049,-3.252,0.01,-1.567,0.01,-1.567
2534454,0,-8,2.792,0.037,-0.37,0.005,-0.149,-0.061,-3.437,0,-1.639,0,-1.639
2534464,0,-8,2.792,0.167,-1.525,0.122,-1.106,-0.083,-3.601,0.018,-1.701,0.018,-1.701
2534474,0,-8,2.792,0.035,-0.348,0.08,-0.707,-0.121,-3.781,0.032,-1.972,0.032,-1.972
2534484,0,-8,2.792,0.003,-0.032,0.016,-0.108,-0.114,-3.94,0.009,-1.715,0.009,-1.715
2534494,0,-8,2.792,0.113,-1.105,0.062,-0.667,-0.11,-4.071,-0.01,-1.927,-0.01,-1.927
2534504,0,-8,2.792,0.011,-0.11,0.036,-0.277,-0.113,-4.197,0,-1.817,0,-1.817
2534514,0,-8,2.792,0.035,-0.28,-0.002,-0.146,-0.116,-4.336,-0.017,-2.039,-0.017,-2.039
2534524,0,-8,2.792,0.176,-1.511,0.131,-1.033,-0.092,-4.426,-0.009,-2.37,-0.009,-2.37
2534534,0,-8,2.792,0.04,-0.375,0.076,-0.63,-0.128,-4.441,0.012,-2.575,0.012,-2.575
2534544,0,-8,2.792,0.054,-0.3,0.054,-0.297,-0.15,-4.359,-0.007,-2.632,-0.007,-2.632
2534554,0,-8,2.792,0.144,-1.078,0.098,-0.739,-0.112,-4.211,-0.017,-2.827,-0.017,-2.827
2534564,0,-8,2.792,0.047,-0.355,0.081,-0.734,-0.038,-4.018,0.014,-2.858,0.014,-2.858
2534574,0,-8,2.792,0.009,-0.034,0.022,-0.114,0.016,-3.774,0.015,-2.951,0.015,-2.951
2534584,0,-8,2.792,0.013,-0.213,0.016,-0.075,0.059,-3.617,0.022,-2.715,0.022,-2.715
2534594,0,-8,2.792,0.267,-1.932,0.182,-1.439,0.099,-3.576,0.053,-2.593,0.053,-2.593
2534604,0,-8,2.792,0.164,-1.318,0.122,-1.011,0.13,-3.588,0.092,-2.535,0.092,-2.535
2534614,0,-8,2.792,0.066,-0.571,0.073,-0.636,0.106,-3.669,0.099,-2.736,0.099,-2.736
2534624,0,-8,2.792,0.008,-0.061,0.024,-0.153,0.008,-3.909,0.068,-1.818,0.068,-1.818
2534634,0,-8,2.792,0.007,-0.023,0.018,-0.026,-0.109,-4.296,0.036,-1.962,0.036,-1.962
2534644,0,-8,2.792,0.202,-1.311,0.135,-0.887,-0.163,-4.66,0.005,-2.518,0.005,-2.518
2534654,0,-8,2.792,0.24,-2.038,0.224,-1.717,-0.177,-4.814,0.009,-2.952,0.009,-2.952
2534664,0,-8,2.792,0.029,-0.215,0.093,-0.589,-0.108,-4.885,0.017,-3.198,0.017,-3.198
2534674,0,-8,2.792,0.006,-0.034,0.007,-0.102,-0.023,-4.828,0.009,-3.377,0.009,-3.377
2534684,0,-8,2.792,0.003,-0.004,0.011,-0.003,0.037,-4.662,0.007,-2.915,0.007,-2.915
2534694,0,-8,2.792,0.111,-0.621,0.053,-0.245,0.066,-4.503,0.017,-2.554,0.017,-2.554
2534704,0,-8,2.792,0.28,-1.6,0.265,-1.543,0.076,-4.476,0.055,-2.914,0.055,-2.914
2534714,0,-8,2.792,0.323,-1.843,0.359,-2.009,0.054,-4.571,0.101,-3.363,0.101,-3.363
2534724,0,-8,2.792,0.075,-0.391,0.136,-0.734,0.037,-4.732,0.109,-3.64,0.109,-3.64
2534734,0,-8,2.792,0.018,-0.107,0.021,-0.141,0.023,-4.857,0.084,-3.567,0.084,-3.567
2534744,0,-8,2.792,0.005,-0.026,0.015,-0.05,0.021,-4.878,0.062,-3.854,0.062,-3.854
2534754,0,-8,2.792,0.045,-0.221,0.046,-0.166,0.026,-4.799,0.048,-3.498,0.048,-3.498
2534764,0,-8,2.792,0.254,-1.51,0.229,-1.439,0.045,-4.68,0.062,-3.761,0.062,-3.761
2534774,0,-8,2.792,0.347,-2.363,0.324,-2.141,0.03,-4.656,0.105,-3.902,0.105,-3.902
2534784,0,-8,2.792,0.281,-2.202,0.302,-2.305,0.005,-4.806,0.164,-3.876,0.164,-3.876
2534794,0,-8,2.792,0.289,-2.446,0.287,-2.343,0.008,-5.012,0.165,-4.134,0.165,-4.134
2534804,0,-8,2.792,0.274,-2.443,0.3,-2.522,0.001,-5.067,0.153,-4.503,0.153,-4.503
2534814,0,-8,2.792,0.266,-2.393,0.285,-2.438,-0.043,-4.999,0.161,-4.506,0.161,-4.506
2534824,0,-8,2.792,0.219,-2.331,0.248,-2.431,-0.066,-4.891,0.169,-4.325,0.169,-4.325
2534834,0,-8,2.792,0.248,-2.548,0.259,-2.523,-0.072,-4.747,0.143,-4.38,0.143,-4.38
2534844,0,-8,2.792,0.244,-2.733,0.25,-2.639,-0.046,-4.629,0.12,-4.407,0.12,-4.407
2534854,0,-8,2.792,0.114,-1.369,0.18,-2.132,-0.004,-4.64,0.108,-4.41,0.108,-4.41
2534864,0,-8,2.792,0.2,-2.418,0.131,-1.76,-0.034,-4.714,0.082,-4.416,0.082,-4.416
2534874,0,-8,2.792,0.132,-1.404,0.204,-1.986,-0.116,-4.79,0.051,-4.551,0.051,-4.551
2534884,0,-8,2.792,0.035,-0.317,0.079,-0.687,-0.124,-4.913,0.017,-4.652,0.017,-4.652
2534894,0,-8,2.792,0.003,-0.028,-0.001,-0.088,-0.107,-5.122,-0.014,-4.769,-0.014,-4.769
2534904,0,-8,2.792,0,-0.003,-0.029,0.011,-0.002,-5.288,-0.023,-5.079,-0.023,-5.079
2534914,0,-8,2.792,0,0,0.012,-0.008,0.111,-5.523,0.001,-5.358,0.001,-5.358
2534924,0,-8,2.792,0,0,0.072,-0.032,0.262,-5.538,0.065,-5.347,0.065,-5.347
2534934,0,-8,2.792,0,0,0.011,-0.002,0.296,-5.378,0.12,-5.379,0.12,-5.379
2534944,0,-8,2.792,0,0,-0.039,-0.009,0.188,-4.989,0.146,-5.131,0.146,-5.131
2534954,0,-8,2.792,0,0,-0.054,0.019,0.024,-4.358,0.113,-4.651,0.113,-4.651
2534964,0,-8,2.792,0,0,-0.016,-0.005,-0.053,-4.018,0.068,-4.288,0.068,-4.288
2534974,0,-8,2.792,0,0,0.067,0.045,-0.096,-4.207,0.025,-4.115,0.025,-4.115
2534984,0,-8,2.792,0.005,0.008,0.029,-0.008,-0.059,-4.521,0.003,-4.1,0.003,-4.1
2534994,0,-8,2.792,0,0,-0.023,-0.01,-0.018,-4.947,-0.006,-4.381,-0.006,-4.381
2535004,0,-8,2.792,0,0,-0.029,0.024,0.019,-5.321,-0.007,-4.597,-0.007,-4.597
2535014,0,-8,2.792,0,0,-0.004,0.023,0.009,-5.614,-0.003,-5.235,-0.003,-5.235
2535024,0,-8,2.792,-0.306,0.117,-0.041,0.042,-0.027,-5.737,-0.003,-5.495,-0.003,-5.495
2535034,0,-8,2.792,-0.2,1.317,-0.356,1.672,-0.068,-5.689,-0.124,-5.431,-0.124,-5.431
2535044,0,-8,2.792,0.112,-2.069,0.013,-1.186,-0.076,-5.655,-0.111,-5.525,-0.111,-5.525
2535054,0,-8,2.792,0.125,-2.366,0.112,-2.258,-0.096,-5.669,-0.041,-5.385,-0.041,-5.385
2535064,0,-8,2.792,0.091,-2.732,0.102,-2.628,-0.111,-5.778,-0.036,-5.597,-0.036,-5.597
2535074,0,-8,2.792,0.084,-2.869,0.079,-2.729,-0.129,-5.886,-0.029,-5.695,-0.029,-5.695
2535084,0,-8,2.792,0.119,-2.493,0.105,-2.726,-0.12,-5.83,-0.021,-5.693,-0.021,-5.693
2535094,0,-8,2.792,0.122,-2.743,0.117,-2.761,-0.137,-5.772,0.019,-5.463,0.019,-5.463
2535104,0,-8,2.792,0.193,-2.686,0.156,-2.717,-0.142,-5.814,0.05,-5.305,0.05,-5.305
2535114,0,0,2.792,0.192,-2.903,0.182,-2.759,-0.158,-5.909,0.051,-5.597,0.051,-5.597
2535124,0,0,2.792,0.197,-2.897,0.191,-2.893,-0.149,-5.904,0.077,-5.54,0.077,-5.54
2535134,0,0,2.792,0.253,-3.019,0.225,-3.027,-0.104,-5.817,0.083,-5.593,0.083,-5.593
2535144,0,0,2.792,0.295,-2.946,0.27,-2.995,-0.063,-5.812,0.072,-5.697,0.072,-5.697
2535154,0,0,2.792,0.349,-3.081,0.333,-2.962,-0.047,-5.872,0.153,-5.466,0.153,-5.466
2535164,0,0,2.792,0.353,-3.104,0.358,-3.15,-0.01,-5.912,0.151,-5.728,0.151,-5.728
2535174,0,0,2.792,0.357,-3.139,0.395,-3.084,0.149,-5.859,0.157,-5.802,0.157,-5.802
2535184,0,0,2.792,0.421,-3.217,0.371,-3.215,0.294,-5.837,0.221,-5.696,0.221,-5.696
2535194,0,0,2.792,0.442,-3.301,0.429,-3.216,0.288,-5.82,0.254,-5.765,0.254,-5.765
2535204,0,0,2.792,0.518,-3.094,0.532,-3.178,0.23,-5.722,0.285,-5.691,0.285,-5.691
2535214,0,0,2.792,0.678,-3.104,0.645,-3.073,0.171,-5.512,0.319,-5.517,0.319,-5.517
2535224,0,0,2.792,0.773,-2.996,0.752,-3.032,0.113,-5.168,0.319,-5.275,0.319,-5.275
2535234,0,0,2.792,0.749,-2.811,0.753,-2.926,0.05,-4.779,0.397,-4.828,0.397,-4.828
2535244,0,0,2.792,0.697,-2.717,0.71,-2.786,-0.043,-4.551,0.34,-4.635,0.34,-4.635
2535254,0,0,2.792,0.714,-2.911,0.754,-2.854,-0.073,-4.732,0.351,-4.473,0.351,-4.473
2535264,0,0,2.792,0.728,-2.748,0.744,-2.763,-0.036,-5.091,0.298,-4.713,0.298,-4.713
2535274,0,0,2.792,0.163,-0.59,0.36,-1.334,0,-5.448,0.261,-5.138,0.261,-5.138
2535284,0,0,2.792,0.015,-0.053,0.027,-0.199,0.044,-5.71,0.185,-5.333,0.185,-5.333
2535294,0,0,2.792,0.436,-2.314,0.264,-1.403,0.057,-5.805,0.148,-5.626,0.148,-5.626
2535304,0,0,2.792,0.666,-2.828,0.607,-2.715,0.063,-5.823,0.255,-5.52,0.255,-5.52
2535314,0,0,2.792,0.645,-3.041,0.656,-2.921,0.046,-5.869,0.273,-5.701,0.273,-5.701
2535324,0,0,2.792,0.683,-3.062,0.663,-3.033,-0.01,-5.933,0.367,-5.582,0.367,-5.582
2535334,0,0,2.792,0.667,-3.294,0.652,-3.166,-0.07,-5.872,0.331,-5.753,0.331,-5.753
2535344,0,0,2.792,0.636,-3.342,0.657,-3.291,-0.087,-5.585,0.278,-5.631,0.278,-5.631
2535354,0,0,2.792,0.594,-3.25,0.619,-3.243,-0.078,-5.255,0.27,-5.325,0.27,-5.325
2535364,0,0,2.792,0.574,-2.982,0.588,-3.2,-0.086,-5.079,0.43,-4.803,0.43,-4.803
2535374,0,0,2.792,0.526,-3.316,0.573,-3.196,-0.142,-5.139,0.382,-4.825,0.382,-4.825
2535384,0,0,2.792,0.483,-3.174,0.502,-3.198,-0.09,-5.3,0.307,-5.1,0.307,-5.1
2535394,0,0,2.792,0.4,-3.482,0.416,-3.368,-0.02,-5.416,0.273,-5.204,0.273,-5.204
2535404,0,0,2.792,0.366,-3.229,0.386,-3.329,0.025,-5.583,0.242,-5.396,0.242,-5.396
2535414,0,0,2.792,0.367,-3.423,0.383,-3.416,0.004,-5.816,0.233,-5.556,0.233,-5.556
2535424,0,0,2.792,0.349,-3.508,0.326,-3.404,-0.055,-5.974,0.208,-5.739,0.208,-5.739
2535434,0,0,2.792,0.304,-3.35,0.317,-3.334,-0.11,-5.983,0.175,-5.832,0.175,-5.832
2535444,0,0,2.792,0.266,-3.367,0.282,-3.495,-0.064,-5.811,0.145,-5.795,0.145,-5.795
2535454,0,0,2.792,0.272,-3.355,0.273,-3.43,-0.015,-5.622,0.131,-5.617,0.131,-5.617
2535464,0,0,2.792,0.325,-3.314,0.32,-3.242,0.017,-5.563,0.158,-5.437,0.158,-5.437
2535474,0,0,2.792,0.296,-3.45,0.289,-3.42,0.005,-5.624,0.148,-5.51,0.148,-5.51
2535484,0,0,2.792,0.247,-3.502,0.25,-3.47,0.009,-5.715,0.158,-5.519,0.158,-5.519
2535494,0,0,2.792,0.219,-3.61,0.216,-3.53,0.047,-5.708,0.154,-5.566,0.154,-5.566
2535504,0,0,2.792,0.215,-3.5,0.218,-3.47,0.045,-5.68,0.165,-5.402,0.165,-5.402
2535514,0,0,2.792,0.209,-3.51,0.213,-3.534,0.001,-5.738,0.156,-5.473,0.156,-5.473
2535524,0,0,2.792,0.221,-3.547,0.231,-3.468,-0.013,-5.807,0.146,-5.59,0.146,-5.59
2535534,0,0,2.792,0.177,-3.722,0.186,-3.655,0.004,-5.8,0.133,-5.628,0.133,-5.628
2535544,0,0,2.792,0.177,-3.567,0.141,-3.613,0.05,-5.737,0.136,-5.539,0.136,-5.539
2535554,0,0,2.792,0.167,-3.668,0.157,-3.558,0.043,-5.704,0.123,-5.62,0.123,-5.62
2535564,0,0,2.792,0.173,-3.4,0.18,-3.478,0.003,-5.718,0.116,-5.575,0.116,-5.575
2535574,0,0,2.792,0.167,-3.357,0.167,-3.448,-0.057,-5.747,0.097,-5.618,0.097,-5.618
2535584,0,0,2.792,0.184,-3.872,0.174,-3.752,-0.045,-5.749,0.085,-5.635,0.085,-5.635
2535594,0,0,2.792,0.138,-3.842,0.146,-3.827,0.033,-5.723,0.101,-5.476,0.101,-5.476
2535604,0,0,2.792,0.094,-3.791,0.107,-3.771,0.088,-5.69,0.098,-5.59,0.098,-5.59
2535614,0,0,2.792,0.106,-3.764,0.096,-3.705,0.054,-5.722,0.092,-5.579,0.092,-5.579
2535624,0,0,2.792,0.101,-3.721,0.091,-3.733,0.008,-5.8,0.083,-5.599,0.083,-5.599
2535634,0,0,2.792,0.078,-3.79,0.073,-3.753,-0.016,-5.833,0.071,-5.558,0.071,-5.558
2535644,0,0,2.792,0.041,-3.757,0.058,-3.677,-0.01,-5.822,0.055,-5.682,0.055,-5.682
2535654,0,0,2.792,0.031,-3.801,0.039,-3.716,0,-5.78,0.041,-5.685,0.041,-5.685
2535664,0,0,2.792,0.055,-3.799,0.052,-3.734,0.01,-5.763,0.035,-5.612,0.035,-5.612
2535674,0,0,2.792,0.007,-1.281,0.013,-2.4,-0.003,-5.818,0.031,-5.692,0.031,-5.692
2535684,0,0,2.792,-0.034,-3.203,-0.02,-2.792,-0.018,-5.931,0.018,-5.802,0.018,-5.802
2535694,0,0,2.792,-0.02,-3.703,-0.02,-3.647,-0.006,-5.987,-0.004,-5.683,-0.004,-5.683
2535704,0,0,2.792,-0.051,-3.652,-0.04,-3.76,0.013,-5.857,-0.006,-5.807,-0.006,-5.807
2535714,0,0,2.792,-0.05,-3.599,-0.049,-3.653,-0.009,-5.736,-0.017,-5.626,-0.017,-5.626
2535724,0,0,2.792,-0.087,-3.716,-0.081,-3.746,-0.027,-5.807,-0.03,-5.638,-0.03,-5.638
2535734,0,0,2.792,-0.1,-3.621,-0.092,-3.661,-0.027,-6.015,-0.065,-5.431,-0.065,-5.431
2535744,0,0,2.792,-0.163,-3.888,-0.137,-3.735,-0.031,-6.142,-0.066,-5.894,-0.066,-5.894
2535754,0,0,2.792,-0.164,-3.686,-0.174,-3.844,-0.08,-6.051,-0.076,-6.006,-0.076,-6.006
2535764,0,0,2.792,-0.187,-4,-0.169,-3.901,-0.082,-5.966,-0.089,-5.941,-0.089,-5.941
2535774,0,0,2.792,-0.182,-3.884,-0.176,-3.873,-0.07,-5.987,-0.105,-5.876,-0.105,-5.876
2535784,0,0,2.792,-0.196,-3.793,-0.193,-3.728,-0.035,-6.036,-0.125,-5.84,-0.125,-5.84
2535794,0,0,2.792,-0.178,-3.579,-0.197,-3.706,0.036,-5.992,-0.11,-5.911,-0.11,-5.911
2535804,0,0,2.792,-0.194,-3.985,-0.233,-3.877,0.136,-5.859,-0.081,-5.841,-0.081,-5.841
2535814,0,0,2.792,-0.187,-3.696,-0.197,-3.805,0.143,-5.661,-0.043,-5.707,-0.043,-5.707
2535824,0,0,2.792,-0.183,-3.88,-0.179,-3.783,0.123,-5.507,-0.049,-5.476,-0.049,-5.476
2535834,0,0,2.792,-0.108,-3.962,-0.129,-3.841,0.117,-5.394,-0.033,-5.393,-0.033,-5.393
2535844,0,0,2.792,-0.114,-3.937,-0.131,-3.934,0.161,-5.365,0.002,-5.356,0.002,-5.356
2535854,0,0,2.792,-0.092,-3.914,-0.128,-3.889,0.228,-5.467,0.039,-5.396,0.039,-5.396
2535864,0,0,2.792,-0.118,-3.821,-0.093,-3.788,0.258,-5.584,0.082,-5.502,0.082,-5.502
2535874,0,0,2.792,-0.005,-3.538,0.006,-3.715,0.222,-5.547,0.114,-5.537,0.114,-5.537
2535884,0,0,2.792,0.094,-3.859,0.059,-3.806,0.156,-5.406,0.127,-5.45,0.127,-5.45
2535894,0,0,2.792,0.119,-3.945,0.09,-3.937,0.02,-5.201,0.108,-5.271,0.108,-5.271
2535904,0,0,2.792,0.154,-3.959,0.137,-3.886,-0.092,-5.002,0.068,-5.082,0.068,-5.082
2535914,0,0,2.792,0.196,-3.597,0.186,-3.689,-0.123,-4.853,0.038,-4.909,0.038,-4.909
2535924,0,0,2.792,0.246,-3.888,0.247,-3.904,-0.066,-4.785,0.032,-4.794,0.032,-4.794
2535934,0,0,2.792,0.208,-3.791,0.204,-3.812,0.003,-4.799,0.035,-4.783,0.035,-4.783
2535944,0,0,2.792,0.298,-3.82,0.279,-3.84,0.068,-4.874,0.111,-4.714,0.111,-4.714
2535954,0,0,2.792,0.279,-3.688,0.281,-3.701,0.081,-5.022,0.12,-4.868,0.12,-4.868
2535964,0,0,2.792,0.306,-3.769,0.314,-3.743,0.05,-5.178,0.13,-5.05,0.13,-5.05
2535974,0,0,2.792,0.359,-3.881,0.356,-3.807,0.004,-5.167,0.129,-5.131,0.129,-5.131
2535984,0,0,2.792,0.311,-3.832,0.313,-3.861,-0.017,-4.866,0.126,-4.966,0.126,-4.966
2535994,0,0,2.792,0.287,-3.788,0.293,-3.799,-0.042,-4.446,0.125,-4.665,0.125,-4.665
2536004,0,0,2.792,0.265,-3.738,0.277,-3.8,-0.079,-4.137,0.123,-4.37,0.123,-4.37
2536014,0,0,2.792,0.28,-3.832,0.298,-3.788,-0.126,-4.05,0.134,-4.145,0.134,-4.145
2536024,0,0,2.792,0.284,-3.696,0.308,-3.723,-0.137,-4.151,0.107,-4.097,0.107,-4.097
2536034,0,0,2.792,0.255,-3.605,0.262,-3.685,-0.094,-4.293,0.079,-4.148,0.079,-4.148
2536044,0,0,2.792,0.205,-3.624,0.215,-3.695,-0.031,-4.444,0.104,-4.177,0.104,-4.177
2536054,0,0,2.792,0.164,-3.416,0.191,-3.581,-0.019,-4.569,0.094,-4.319,0.094,-4.319
2536064,0,0,2.792,0.148,-3.685,0.166,-3.65,-0.043,-4.587,0.09,-4.383,0.09,-4.383
2536074,0,0,2.792,0.139,-3.749,0.143,-3.745,-0.088,-4.466,0.066,-4.391,0.066,-4.391
2536084,0,0,2.792,0.167,-3.472,0.154,-3.56,-0.093,-4.25,0.044,-4.313,0.044,-4.313
2536094,0,0,2.792,0.152,-3.417,0.148,-3.431,-0.083,-4.013,0.061,-4.079,0.061,-4.079
2536104,0,0,2.792,0.096,-3.296,0.109,-3.454,-0.074,-3.803,0.033,-3.965,0.033,-3.965
2536114,0,0,2.792,0.144,-3.693,0.167,-3.732,-0.063,-3.682,0.037,-3.827,0.037,-3.827
2536124,0,0,2.792,0.159,-3.627,0.158,-3.58,-0.029,-3.654,0.025,-3.746,0.025,-3.746
2536134,0,0,2.792,0.12,-3.2,0.099,-3.389,-0.009,-3.685,0.042,-3.668,0.042,-3.668
2536144,0,0,2.792,0.085,-3.226,0.09,-3.287,-0.005,-3.715,0.035,-3.673,0.035,-3.673
2536154,0,0,2.792,0.096,-3.408,0.12,-3.448,-0.006,-3.725,0.031,-3.681,0.031,-3.681
2536164,0,0,2.792,0.126,-3.652,0.139,-3.619,0.014,-3.714,0.034,-3.694,0.034,-3.694
2536174,0,0,2.792,0.096,-3.538,0.094,-3.537,0.025,-3.665,0.037,-3.685,0.037,-3.685
2536184,0,0,2.792,0.109,-3.305,0.061,-3.379,0.018,-3.572,0.036,-3.64,0.036,-3.64
2536194,0,0,2.792,0.082,-3.443,0.106,-3.447,-0.002,-3.455,0.032,-3.567,0.032,-3.567
2536204,0,0,2.792,0.048,-2.58,0.062,-2.201,-0.012,-3.322,0.026,-3.42,0.026,-3.42
2536214,0,0,2.792,0.096,-2.759,0.087,-2.617,-0.008,-3.21,0.024,-3.271,0.024,-3.271
2536224,0,0,2.792,0.096,-3.235,0.078,-3.12,0.008,-3.147,0.025,-3.207,0.025,-3.207
2536234,0,0,2.792,0.073,-3.167,0.06,-3.172,0.01,-3.134,0.028,-3.177,0.028,-3.177
2536244,0,0,2.792,0.05,-2.08,0.083,-2.777,0.014,-3.13,0.031,-3.15,0.031,-3.15
2536254,0,0,2.792,0.094,-2.454,0.089,-2.15,0.021,-3.105,0.035,-3.02,0.035,-3.02
2536264,0,0,2.792,0.126,-3.143,0.117,-2.823,0.03,-3.069,0.041,-3.013,0.041,-3.013
2536274,0,0,2.792,0.094,-2.788,0.084,-3.009,0.022,-3.047,0.048,-3.038,0.048,-3.038
2536284,0,0,2.792,0.101,-2.989,0.095,-2.98,-0.002,-2.999,0.041,-3.031,0.041,-3.031
2536294,0,0,2.792,0.145,-3.072,0.162,-2.995,-0.032,-2.896,0.049,-3.002,0.049,-3.002
2536304,0,0,2.792,0.133,-2.735,0.123,-2.897,-0.033,-2.782,0.04,-2.936,0.04,-2.936
2536314,0,0,2.792,0.075,-2.663,0.076,-2.835,-0.023,-2.685,0.039,-2.861,0.039,-2.861
2536324,0,0,2.792,0.059,-2.923,0.071,-2.889,-0.017,-2.554,0.029,-2.769,0.029,-2.769
2536334,0,0,2.792,0.119,-3.025,0.131,-2.883,-0.02,-2.441,0.061,-2.719,0.061,-2.719
2536344,0,0,2.792,0.133,-2.826,0.13,-2.943,-0.005,-2.394,0.053,-2.641,0.053,-2.641
2536354,0,0,2.792,0.104,-2.802,0.084,-2.857,0.003,-2.341,0.055,-2.601,0.055,-2.601
2536364,0,0,2.792,0.07,-2.6,0.073,-2.616,-0.012,-2.3,0.044,-2.517,0.044,-2.517
2536374,0,0,2.792,0.124,-2.854,0.131,-2.67,-0.036,-2.245,0.036,-2.449,0.036,-2.449
2536384,0,0,2.792,0.139,-2.388,0.154,-2.57,-0.038,-2.176,0.034,-2.394,0.034,-2.394
2536394,0,0,2.792,0.121,-2.572,0.112,-2.689,-0.011,-2.12,0.032,-2.336,0.032,-2.336
2536404,0,0,2.792,0.086,-2.742,0.086,-2.688,-0.001,-2.124,0.032,-2.302,0.032,-2.302
2536414,0,0,2.792,0.099,-2.506,0.108,-2.486,-0.039,-2.093,0.035,-2.287,0.035,-2.287
2536424,0,0,2.792,0.114,-2.483,0.117,-2.526,-0.071,-2.012,0.03,-2.247,0.03,-2.247
2536434,0,0,2.792,0.088,-2.378,0.094,-2.489,-0.066,-1.953,0.043,-2.274,0.043,-2.274
2536444,0,0,2.792,0.086,-2.658,0.089,-2.571,-0.057,-1.888,0.031,-2.205,0.031,-2.205
2536454,0,0,2.792,0.09,-2.245,0.1,-2.398,-0.064,-1.77,0.033,-2.171,0.033,-2.171
2536464,0,0,2.792,0.119,-2.395,0.118,-2.403,-0.068,-1.63,0.034,-2.093,0.034,-2.093
2536474,0,0,2.792,0.092,-2.342,0.09,-2.308,-0.057,-1.529,0.031,-2,0.031,-2
2536484,0,0,2.792,0.107,-2.21,0.108,-2.312,-0.034,-1.492,0.026,-1.92,0.026,-1.92
2536494,0,0,2.792,0.125,-2.253,0.131,-2.291,-0.026,-1.418,0.037,-1.875,0.037,-1.875
2536504,0,0,2.792,0.057,-0.941,0.096,-1.617,-0.034,-1.267,0.036,-1.754,0.036,-1.754
2536514,0,0,2.792,0.056,-1.361,0.025,-1.028,-0.041,-1.227,0.02,-1.38,0.02,-1.38
2536524,0,0,2.792,0.097,-1.915,0.077,-1.826,-0.038,-1.264,0.028,-1.418,0.028,-1.418
2536534,0,0,2.792,0.08,-1.959,0.095,-2.062,-0.016,-1.304,0.021,-1.425,0.021,-1.425
2536544,0,0,2.792,0.032,-0.536,0.1,-1.175,0.012,-1.34,0.044,-1.489,0.044,-1.489
2536554,0,0,2.792,0.151,-1.804,0.095,-1.416,0.034,-1.362,0.044,-1.432,0.044,-1.432
2536564,0,0,2.792,0.013,-0.176,0.027,-0.483,0.054,-1.338,0.045,-1.373,0.045,-1.373
2536574,0,0,2.792,0.1,-1.88,0.053,-1.353,0.061,-1.249,0.046,-1.293,0.046,-1.293
2536584,0,0,2.792,0.103,-1.701,0.098,-1.684,0.032,-1.109,0.05,-1.291,0.05,-1.291
2536594,0,0,2.792,0.12,-1.782,0.127,-1.767,0.019,-0.983,0.051,-1.269,0.051,-1.269
2536604,0,0,2.792,0.052,-0.693,0.072,-0.985,-0.014,-0.91,0.049,-1.215,0.049,-1.215
2536614,0,0,2.792,0.106,-1.293,0.099,-1.233,-0.045,-0.859,0.031,-1.113,0.031,-1.113
2536624,0,0,2.792,0.127,-1.47,0.118,-1.455,-0.075,-0.776,0.015,-1.043,0.015,-1.043
2536634,0,0,2.792,0.12,-1.516,0.105,-1.616,-0.068,-0.681,0.01,-1.032,0.01,-1.032
2536644,0,0,2.792,0.092,-1.422,0.093,-1.455,-0.033,-0.533,0.002,-0.944,0.002,-0.944
2536654,0,0,2.792,0.109,-1.524,0.1,-1.377,0.026,-0.375,0.009,-0.833,0.009,-0.833
2536664,0,0,2.792,0.016,-0.308,0.047,-0.457,0.074,-0.251,0.027,-0.694,0.027,-0.694
2536674,0,0,2.792,0.002,-0.034,0.023,-0.144,0.076,-0.215,0.04,-0.542,0.04,-0.542
2536684,0,0,2.792,0.081,-0.532,0.026,-0.308,0.095,-0.348,0.051,-0.444,0.051,-0.444
2536694,0,0,2.792,0.165,-1.142,0.143,-1.059,0.067,-0.504,0.062,-0.474,0.062,-0.474
2536704,0,0,2.792,0.161,-0.982,0.183,-1.195,0.064,-0.611,0.074,-0.582,0.074,-0.582
2536714,0,0,2.792,0.015,-0.089,0.047,-0.282,0.085,-0.618,0.079,-0.601,0.079,-0.601
2536724,0,0,2.792,0,-0.059,0.024,-0.154,0.092,-0.572,0.073,-0.546,0.073,-0.546
2536734,0,0,2.792,0.012,-0.069,0.031,-0.131,0.106,-0.546,0.072,-0.481,0.072,-0.481
2536744,0,0,2.792,0.001,-0.006,0,-0.048,0.12,-0.498,0.075,-0.45,0.075,-0.45
2536754,0,0,2.792,0,0,-0.003,-0.018,0.139,-0.423,0.077,-0.39,0.077,-0.39
2536764,0,0,2.792,0.035,-0.222,0.014,-0.187,0.173,-0.409,0.048,-0.202,0.048,-0.202
2536774,0,0,2.792,0.051,-0.533,0.044,-0.38,0.172,-0.419,0.068,-0.243,0.068,-0.243
2536784,0,0,2.792,0.064,-0.872,0.066,-0.822,0.127,-0.373,0.084,-0.308,0.084,-0.308
2536794,0,0,2.792,0.054,-0.749,0.07,-0.786,0.037,-0.27,0.08,-0.36,0.08,-0.36
2536804,0,0,2.792,0.055,-0.686,0.072,-0.722,-0.032,-0.174,0.057,-0.355,0.057,-0.355
2536814,0,0,2.792,0.034,-0.362,0.062,-0.633,-0.028,-0.201,0.038,-0.354,0.038,-0.354
2536824,0,0,2.792,0.037,-0.386,0.018,-0.414,-0.01,-0.3,0.025,-0.345,0.025,-0.345
2536834,0,0,2.792,0.02,-0.361,0.023,-0.468,-0.016,-0.335,0.019,-0.384,0.019,-0.384
2536844,0,0,2.792,0.005,-0.487,0.007,-0.47,-0.036,-0.272,0.01,-0.381,0.01,-0.381
2536854,0,0,2.792,-0.011,-0.51,-0.003,-0.532,-0.044,-0.17,-0.002,-0.366,-0.002,-0.366
2536864,0,0,2.792,-0.005,-0.468,0.002,-0.502,-0.027,-0.106,-0.008,-0.355,-0.008,-0.355
2536874,0,0,2.792,-0.005,-0.428,0.009,-0.452,-0.001,-0.099,-0.005,-0.331,-0.005,-0.331
2536884,0,0,2.792,0.006,-0.135,0.003,-0.212,0.002,-0.139,-0.002,-0.288,-0.002,-0.288
2536894,0,0,2.792,-0.007,-0.206,-0.013,-0.21,-0.011,-0.146,-0.002,-0.244,-0.002,-0.244
2536904,0,0,2.792,-0.021,-0.224,-0.024,-0.242,-0.046,-0.102,-0.014,-0.219,-0.014,-0.219
2536914,0,0,2.792,-0.029,-0.236,-0.028,-0.257,-0.064,-0.08,-0.025,-0.206,-0.025,-0.206
2536924,0,0,2.792,-0.025,-0.137,-0.022,-0.161,-0.058,-0.086,-0.031,-0.182,-0.031,-0.182
2536934,0,0,2.792,-0.025,-0.121,-0.025,-0.159,-0.048,-0.087,-0.031,-0.162,-0.031,-0.162
2536944,0,0,2.792,-0.012,-0.051,-0.015,-0.086,-0.037,-0.073,-0.028,-0.137,-0.028,-0.137
2536954,0,0,2.792,-0.009,-0.015,-0.015,-0.045,-0.03,-0.046,-0.02,-0.076,-0.02,-0.076
2536964,0,0,2.792,-0.007,0.013,-0.011,-0.009,-0.022,-0.022,-0.018,-0.055,-0.018,-0.055
2536974,0,0,2.792,0.002,0.036,-0.001,0.024,-0.016,-0.001,-0.015,-0.031,-0.015,-0.031
2536984,0,0,2.792,0.005,0.048,0.004,0.047,-0.01,0.016,-0.006,0.009,-0.006,0.009
2536994,0,0,2.792,0.008,0.053,0.008,0.05,-0.005,0.033,0.001,0.034,0.001,0.034
2537004,0,0,2.792,0.007,0.066,0.009,0.062,-0.004,0.047,0.005,0.048,0.005,0.048
2537014,0,0,2.792,0.006,0.087,0.009,0.083,-0.003,0.056,0.008,0.072,0.008,0.072
2537024,0,0,2.792,0.003,0.071,0.005,0.078,-0.003,0.061,0.007,0.074,0.007,0.074
2537034,0,0,2.792,0,0.06,0,0.063,-0.004,0.064,0.003,0.069,0.003,0.069
2537044,0,0,2.792,-0.002,0.059,0,0.06,-0.004,0.065,0,0.063,0,0.063
2537054,0,0,2.792,-0.004,0.046,-0.006,0.067,-0.005,0.063,-0.004,0.067,-0.004,0.067
2537064,0,0,2.792,0,0.004,-0.002,0.016,-0.006,0.058,-0.003,0.046,-0.003,0.046
2537074,0,0,2.792,0,0,-0.001,0.005,-0.007,0.053,-0.003,0.025,-0.003,0.025
2537084,0,0,2.792,0,0,0.001,0.004,-0.009,0.046,-0.001,0.013,-0.001,0.013
2537094,0,0,2.792,0,0,0,0.003,-0.01,0.039,0,0.005,0,0.005
2537104,0,0,2.792,0,0,0,0.003,-0.01,0.032,-0.001,0.005,-0.001,0.005
2537114,0,0,2.792,0,0,0,0.002,-0.01,0.024,-0.001,0.004,-0.001,0.004
2537124,0,0,2.792,0,0,-0.001,0.001,-0.009,0.016,-0.001,0.002,-0.001,0.002
2537134,0,0,2.792,0,0,0,0,-0.007,0.01,-0.001,0.001,-0.001,0.001
2537144,0,0,2.792,0,0,0,0,-0.005,0.006,-0.001,0.001,-0.001,0.001
2537154,0,0,2.792,0,0,0,0,-0.002,0.003,0,0,0,0
2537164,0,0,2.792,0,0,0,0,0,0.002,0,0,0,0
2537174,0,0,2.792,0,0,0,0,0.001,0.001,0,0,0,0
2537184,0,0,2.792,0,0,0,0,0,0.001,0,0,0,0
2537194,0,0,2.792,0,0,0,0,0,0,0,0,0,0
2537204,0,0,2.792,0,0,0,0,0,0,0,0,0,0
2537214,0,0,2.792,0,0,0,0,0,0,0,0,0,0
2537224,0,0,2.792,0,0,0,0,0,0,0,0,0,0
2537234,0,0,2.792,0,0,0,0,0,0,0,0,0,0
2537244,0,0,2.792,0,0,0,0,0,0,0,0,0,0
2537254,0,0,2.792,0,0,0,0,0,0,0,0,0,0
2537264,0,0,2.792,0,0,0,0,0,0,0,0,0,0
2537274,0,0,2.792,0,0,0,0,0,0,0,0,0,0
2537284,0,0,2.792,0,0,0,0,0,0,0,0,0,0
2537294,0,0,2.792,0,0,0,0,0,0,0,0,0,0
2537304,0,0,2.792,0,0,0,0,0,0,0,0,0,0
2537315,0,0,2.792,0,0,0,0,0,0,0,0,0,0
2537325,0,0,2.792,0,0,0,0,0,0,0,0,0,0
2537335,0,0,2.792,0,0,0,0,0,0,0,0,0,0
2537345,0,0,2.792,0,0,0,0,0,0,0,0,0,0
2537355,0,0,2.792,0,0,0,0,0,0,0,0,0,0
2537365,0,2,2.792,0,0,0,0,0,0,0,0,0,0
2537375,0,2,2.792,0,0,0,0,0,0,0,0,0,0
2537385,0,2,2.792,0,0,0,0,0,0,0,0,0,0
2537395,0,2,2.792,0,0,0,0,0,0,0,0,0,0
2537405,0,2,2.792,0,0,0,0,0,0,0,0,0,0
2537415,0,2,2.792,0,0,0,0,0,0,0,0,0,0
2537425,0,2,2.792,0,0,0,0,0,0,0,0,0,0
2537435,0,2,2.792,0,0,0,0,0,0,0,0,0,0
2537445,0,2,2.792,0,0,0,0,0,0.001,0,0,0,0
2537455,0,2,2.792,0,0,0,0,0,0.002,0,0,0,0
2537465,0,2,2.792,0,0,0,0,0,0.006,0,0,0,0
2537475,0,2,2.792,0,0,0,0,0,0.011,0,0,0,0
2537485,0,2,2.792,0,0,0,-0.001,-0.001,0.017,0,0.001,0,0.001
2537495,0,2,2.792,0.011,-0.008,0.007,-0.009,0,0.024,0.002,-0.002,0.002,-0.002
2537505,0,2,2.792,0,0.02,0.003,0.01,-0.001,0.033,0.005,0.003,0.005,0.003
2537515,0,2,2.792,0,0.031,0,0.023,-0.002,0.043,0.002,0.014,0.002,0.014
2537525,0,2,2.792,-0.009,0.046,-0.005,0.037,-0.004,0.054,-0.001,0.026,-0.001,0.026
2537535,0,2,2.792,-0.021,0.086,-0.014,0.061,-0.006,0.069,-0.006,0.04,-0.006,0.04
2537545,0,2,2.792,-0.015,0.067,-0.014,0.061,-0.006,0.089,-0.011,0.057,-0.011,0.057
2537555,0,2,2.792,-0.022,0.101,-0.02,0.085,-0.007,0.118,-0.014,0.07,-0.014,0.07
2537565,0,2,2.792,-0.014,0.085,-0.015,0.076,-0.007,0.149,-0.014,0.079,-0.014,0.079
2537575,0,2,2.792,-0.018,0.104,-0.017,0.091,-0.009,0.169,-0.015,0.088,-0.015,0.088
2537585,0,2,2.792,-0.024,0.153,-0.024,0.15,-0.003,0.204,-0.018,0.123,-0.018,0.123
2537595,0,2,2.792,-0.003,0.014,-0.008,0.032,-0.002,0.248,-0.015,0.115,-0.015,0.115
2537605,0,2,2.792,0,0.001,0.002,-0.005,-0.021,0.302,-0.01,0.103,-0.01,0.103
2537615,0,4,2.792,0.002,0.138,0.007,0.074,-0.033,0.361,-0.009,0.118,-0.009,0.118
2537625,0,4,2.792,0,0.039,-0.009,0.073,-0.018,0.415,-0.01,0.16,-0.01,0.16
2537635,0,4,2.792,-0.043,0.116,-0.037,0.044,-0.02,0.501,-0.013,0.198,-0.013,0.198
2537645,0,4,2.792,-0.02,0.276,-0.014,0.225,0.001,0.579,-0.013,0.252,-0.013,0.252
2537655,0,4,2.792,-0.002,0.383,-0.001,0.33,0.068,0.79,-0.003,0.325,-0.003,0.325
2537665,0,4,2.792,-0.022,0.338,-0.025,0.315,0.136,1.044,0.018,0.451,0.018,0.451
2537675,0,4,2.792,-0.049,0.409,-0.052,0.386,0.183,1.091,0.045,0.587,0.045,0.587
2537685,0,4,2.792,-0.034,0.449,-0.025,0.426,0.082,1.063,0.051,0.676,0.051,0.676
2537695,0,4,2.792,-0.036,0.468,-0.03,0.441,0.001,1.064,0.022,0.689,0.022,0.689
2537705,0,4,2.792,-0.052,0.47,-0.04,0.465,0.035,1.046,0.008,0.712,0.008,0.712
2537715,0,4,2.792,-0.043,0.486,-0.032,0.481,0.01,1.082,0.003,0.743,0.003,0.743
2537725,0,4,2.792,-0.039,0.61,-0.027,0.554,-0.095,1.121,-0.013,0.815,-0.013,0.815
2537735,0,4,2.792,-0.075,0.467,-0.084,0.485,-0.099,1.065,-0.041,0.862,-0.041,0.862
2537745,0,4,2.792,-0.102,0.504,-0.081,0.512,-0.04,1.045,-0.05,0.873,-0.05,0.873
2537755,0,4,2.792,-0.064,0.596,-0.061,0.589,-0.016,1.198,-0.043,0.929,-0.043,0.929
2537765,0,4,2.792,-0.016,0.146,-0.036,0.309,0.036,1.336,-0.032,0.981,-0.032,0.981
2537775,0,4,2.792,-0.014,0.166,-0.004,0.09,0.156,1.493,0.002,0.921,0.002,0.921
2537785,0,4,2.792,-0.088,0.461,-0.048,0.266,0.201,1.638,0.035,0.922,0.035,0.922
2537795,0,4,2.792,-0.055,0.263,-0.08,0.4,0.255,1.617,0.061,1.02,0.061,1.02
2537805,0,4,2.792,-0.005,0.024,-0.007,0.09,0.221,1.536,0.06,0.815,0.06,0.815
2537814,0,4,2.792,0,0.002,0,0.009,0.14,1.437,0.064,0.767,0.064,0.767
2537824,0,4,2.792,0,0,0.008,-0.004,0.023,1.444,0.058,0.816,0.058,0.816
2537834,0,4,2.792,0,0,-0.001,-0.028,-0.117,1.683,0.024,0.895,0.024,0.895
2537844,0,6,2.792,0,0,-0.011,-0.032,-0.184,1.984,-0.021,0.799,-0.021,0.799
2537854,0,6,2.792,0,0,0.028,0.004,-0.12,2.202,-0.046,1.042,-0.046,1.042
2537864,0,6,2.792,0,0,0.01,-0.028,-0.032,2.347,-0.033,1.063,-0.033,1.063
2537874,0,6,2.792,-0.054,0.271,-0.016,0.091,-0.007,2.444,-0.021,1.177,-0.021,1.177
2537885,0,6,2.792,-0.012,0.052,-0.028,0.114,-0.064,2.494,-0.029,1.198,-0.029,1.198
2537894,0,6,2.792,-0.145,0.488,-0.098,0.388,-0.184,2.359,-0.056,1.232,-0.056,1.232
2537904,0,6,2.792,-0.172,0.767,-0.149,0.667,-0.231,2.214,-0.104,1.289,-0.104,1.289
2537915,0,6,2.792,-0.202,0.919,-0.229,0.93,-0.204,2.183,-0.144,1.449,-0.144,1.449
2537925,0,6,2.792,-0.25,1.064,-0.227,0.984,-0.139,2.13,-0.17,1.47,-0.17,1.47
2537935,0,6,2.792,-0.249,1.155,-0.237,1.088,-0.116,2.089,-0.172,1.56,-0.172,1.56
2537945,0,6,2.792,-0.161,0.952,-0.205,1.011,-0.157,2.046,-0.166,1.68,-0.166,1.68
2537955,0,6,2.792,-0.054,0.273,-0.137,0.592,-0.116,2.119,-0.166,1.64,-0.166,1.64
2537965,0,6,2.792,-0.005,0.024,-0.028,0.086,0.007,2.345,-0.127,1.663,-0.127,1.663
2537975,0,6,2.792,0,0.002,0,0.003,0.114,2.71,-0.066,1.746,-0.066,1.746
2537985,0,6,2.792,0,0,0.003,-0.02,0.12,2.936,-0.015,1.932,-0.015,1.932
2537995,0,6,2.792,-0.004,0.027,-0.022,0.03,0.085,2.709,0.008,1.909,0.008,1.909
2538005,0,6,2.792,-0.131,0.815,-0.084,0.605,0.03,2.404,0.006,1.822,0.006,1.822
2538015,0,6,2.792,-0.123,1.165,-0.122,1.075,-0.017,2.261,-0.013,1.822,-0.013,1.822
2538025,0,6,2.792,-0.041,0.464,-0.095,0.833,-0.08,2.231,-0.037,1.859,-0.037,1.859
2538035,0,6,2.792,-0.098,0.915,-0.084,0.625,-0.133,2.461,-0.06,1.635,-0.06,1.635
2538045,0,6,2.792,-0.033,0.139,-0.044,0.268,-0.133,2.938,-0.078,1.796,-0.078,1.796
2538055,0,6,2.792,-0.04,0.137,-0.031,0.079,-0.132,3.414,-0.082,2.041,-0.082,2.041
2538065,0,6,2.792,-0.046,0.138,-0.063,0.055,-0.207,3.567,-0.099,2.297,-0.099,2.297
2538075,0,6,2.792,-0.05,0.064,-0.027,0.051,-0.164,3.35,-0.102,2.305,-0.102,2.305
2538085,0,6,2.792,-0.004,0.502,-0.004,0.207,-0.042,3.051,-0.089,2.284,-0.089,2.284
2538095,0,8,2.792,-0.016,1.251,-0.036,1.051,0.039,2.88,-0.057,2.146,-0.057,2.146
2538105,0,8,2.792,-0.03,0.753,-0.042,1.06,0.044,2.955,-0.035,2.106,-0.035,2.106
2538115,0,8,2.792,0.005,0.151,-0.004,0.297,0.038,3.213,-0.015,1.874,-0.015,1.874
2538125,0,8,2.792,0,0.013,0.016,0.011,-0.001,3.369,-0.008,2.067,-0.008,2.067
2538135,0,8,2.792,0.016,0.341,-0.01,0.098,-0.013,3.453,-0.008,2.163,-0.008,2.163
2538145,0,8,2.792,0.032,0.464,0.008,0.635,-0.031,3.637,-0.009,2.429,-0.009,2.429
2538155,0,8,2.792,0.003,0.041,0.016,0.127,-0.031,3.88,-0.011,2.767,-0.011,2.767
2538165,0,8,2.792,0,0.004,0.023,0.016,-0.029,4.194,-0.012,2.831,-0.012,2.831
2538175,0,8,2.792,0.052,0.725,0.015,0.46,0.11,4.146,0.007,2.903,0.007,2.903
2538185,0,8,2.792,0.015,0.316,0.02,0.227,0.181,3.754,0.037,2.65,0.037,2.65
2538195,0,8,2.792,0.031,0.51,0.019,0.437,0.184,3.464,0.063,2.564,0.063,2.564
2538205,0,8,2.792,-0.034,0.143,0.001,0.201,0.183,3.398,0.08,2.485,0.08,2.485
2538215,0,8,2.792,0.207,1.775,0.133,1.277,0.181,3.535,0.093,2.427,0.093,2.427
2538225,0,8,2.792,0.175,1.343,0.225,1.619,0.165,3.74,0.129,2.671,0.129,2.671
2538235,0,8,2.792,0.016,0.121,0.023,0.361,0.167,3.958,0.13,2.808,0.13,2.808
2538245,0,8,2.792,0.001,0.011,0.019,0.066,0.176,4.04,0.122,2.917,0.122,2.917
2538255,0,8,2.792,0.268,1.673,0.197,1.195,0.175,4.112,0.11,2.732,0.11,2.732
2538265,0,8,2.792,0.035,0.215,0.087,0.535,0.19,4.145,0.137,2.83,0.137,2.83
2538275,0,8,2.792,0.188,1.503,0.091,0.806,0.238,4.22,0.136,2.889,0.136,2.889
2538285,0,8,2.792,0.309,2.081,0.263,1.761,0.281,4.24,0.187,2.719,0.187,2.719
2538295,0,8,2.792,0.201,1.283,0.27,1.696,0.312,4.253,0.246,2.678,0.246,2.678
2538305,0,8,2.792,0.262,1.7,0.209,1.303,0.285,4.304,0.248,2.962,0.248,2.962
2538315,0,8,2.792,0.156,1.48,0.205,1.64,0.242,4.338,0.242,3.186,0.242,3.186
2538325,0,8,2.792,0.092,0.769,0.084,0.657,0.207,4.418,0.199,3,0.199,3
2538335,0,8,2.792,0.226,1.764,0.237,1.683,0.216,4.459,0.198,3.267,0.198,3.267
2538345,0,8,2.792,0.061,0.521,0.142,1.083,0.204,4.465,0.201,3.611,0.201,3.611
2538355,0,8,2.792,0.113,1.862,0.102,1.489,0.137,4.344,0.179,3.712,0.179,3.712
2538365,0,8,2.792,0.117,2.19,0.143,2.018,0.027,4.199,0.147,3.817,0.147,3.817
2538375,0,8,2.792,0.044,2.089,0.103,2.1,-0.018,4.191,0.112,3.532,0.112,3.532
2538385,0,8,2.792,0.001,2.083,0.028,2.077,-0.016,4.263,0.081,3.686,0.081,3.686
2538395,0,8,2.792,-0.079,1.973,-0.073,1.98,-0.031,4.319,0.041,3.738,0.041,3.738
2538405,0,8,2.792,-0.125,2.04,-0.117,2.094,-0.115,4.343,-0.002,3.883,-0.002,3.883
2538415,0,8,2.792,-0.119,1.906,-0.093,1.969,-0.167,4.383,-0.054,3.905,-0.054,3.905
2538425,0,8,2.792,-0.124,2.201,-0.127,2.188,-0.166,4.453,-0.088,4.015,-0.088,4.015
2538435,0,8,2.792,-0.155,2.209,-0.144,2.174,-0.133,4.547,-0.105,4.168,-0.105,4.168
2538445,0,8,2.792,-0.194,1.925,-0.183,2.061,-0.109,4.586,-0.119,4.212,-0.119,4.212
2538455,0,8,2.792,-0.218,2.068,-0.22,2.102,-0.11,4.663,-0.146,4,-0.146,4
2538465,0,8,2.792,-0.191,2.341,-0.191,2.283,-0.124,4.762,-0.148,4.242,-0.148,4.242
2538475,0,8,2.792,-0.208,2.372,-0.211,2.392,-0.093,4.814,-0.152,4.349,-0.152,4.349
2538485,0,8,2.792,-0.221,2.358,-0.218,2.261,-0.04,4.844,-0.142,4.44,-0.142,4.44
2538495,0,8,2.792,-0.17,2.229,-0.175,2.201,-0.048,4.916,-0.138,4.398,-0.138,4.398
2538505,0,8,2.792,-0.19,2.578,-0.19,2.345,-0.06,4.983,-0.131,4.547,-0.131,4.547
2538515,0,8,2.792,-0.16,2.352,-0.166,2.327,-0.035,4.906,-0.128,4.363,-0.128,4.363
2538525,0,8,2.792,-0.199,2.42,-0.184,2.37,-0.011,4.867,-0.129,4.123,-0.129,4.123
2538535,0,8,2.792,-0.185,2.524,-0.168,2.366,0.005,4.978,-0.125,4.06,-0.125,4.06
2538545,0,8,2.792,-0.122,2.515,-0.118,2.456,-0.032,5.106,-0.109,4.411,-0.109,4.411
2538555,0,8,2.792,-0.08,2.52,-0.099,2.56,-0.056,5.115,-0.101,4.659,-0.101,4.659
2538565,0,8,2.792,-0.073,2.369,-0.095,2.457,-0.051,5.094,-0.09,4.807,-0.09,4.807
2538575,0,8,2.792,-0.11,2.361,-0.112,2.408,-0.05,5.057,-0.088,4.741,-0.088,4.741
2538585,0,8,2.792,-0.067,2.801,-0.071,2.566,-0.057,5.068,-0.083,4.871,-0.083,4.871
2538595,0,8,2.792,-0.045,2.649,-0.057,2.598,-0.032,5.045,-0.072,4.926,-0.072,4.926
2538605,0,8,2.792,0.009,2.5,-0.005,2.59,-0.007,4.983,-0.052,4.654,-0.052,4.654
2538615,0,8,2.792,-0.028,2.716,-0.015,2.635,0.036,4.874,-0.032,4.687,-0.032,4.687
2538625,0,8,2.792,0,2.596,0,2.549,0.014,4.866,-0.017,4.699,-0.017,4.699
2538635,0,8,2.792,-0.01,2.75,-0.011,2.703,-0.043,4.966,-0.016,4.587,-0.016,4.587
2538645,0,8,2.792,-0.036,2.706,-0.037,2.638,-0.105,5.157,-0.03,4.644,-0.03,4.644
2538655,0,8,2.792,-0.058,2.559,-0.046,2.68,-0.06,5.294,-0.041,4.952,-0.041,4.952
2538665,0,0,2.792,-0.093,2.638,-0.064,2.621,0.025,5.367,-0.038,5.184,-0.038,5.184
2538675,0,0,2.792,-0.045,2.65,-0.055,2.62,0.045,5.396,-0.03,5.215,-0.03,5.215
2538685,0,0,2.792,0.044,2.765,-0.001,2.785,-0.019,5.473,-0.02,5.277,-0.02,5.277
2538695,0,0,2.792,0.078,2.907,0.111,2.741,-0.115,5.425,-0.013,5.264,-0.013,5.264
2538705,0,0,2.792,0.078,2.712,0.031,2.728,-0.138,5.251,-0.035,5.267,-0.035,5.267
2538715,0,0,2.792,-0.005,0.478,-0.016,1.185,-0.093,5.145,-0.003,4.314,-0.003,4.314
2538725,0,0,2.792,0,0.043,-0.007,0.176,-0.03,5.324,-0.012,4.786,-0.012,4.786
2538735,0,0,2.792,0,0.004,0.029,-0.021,0.004,5.594,-0.007,5.251,-0.007,5.251
2538745,0,0,2.792,0.014,1.361,0.001,0.597,-0.027,5.742,-0.005,5.535,-0.005,5.535
2538755,0,0,2.792,0.128,2.801,0.101,2.478,-0.023,5.686,-0.005,5.591,-0.005,5.591
2538765,0,0,2.792,0.117,3.076,0.097,2.926,0.016,5.604,0.009,5.566,0.009,5.566
2538775,0,0,2.792,0.077,2.812,0.071,2.833,-0.012,5.601,0.018,5.521,0.018,5.521
2538785,0,0,2.792,0.155,2.764,0.157,2.818,-0.058,5.641,0.021,5.52,0.021,5.52
2538795,0,0,2.792,0.191,2.859,0.162,2.803,-0.032,5.567,0.036,5.48,0.036,5.48
2538805,0,0,2.792,0.199,2.955,0.185,2.92,-0.003,5.377,0.045,5.388,0.045,5.388
2538816,0,0,2.792,0.232,2.877,0.246,2.929,0.013,5.194,0.065,5.202,0.065,5.202
2538824,0,0,2.792,0.236,3.08,0.236,3.008,0.019,5.209,0.098,5.064,0.098,5.064
2538834,0,0,2.792,0.186,2.993,0.205,2.983,0.023,5.371,0.113,5.139,0.113,5.139
2538844,0,0,2.792,0.286,2.911,0.272,2.886,-0.008,5.605,0.115,5.369,0.115,5.369
2538854,0,0,2.792,0.257,3.132,0.25,3.053,-0.069,5.751,0.113,5.529,0.113,5.529
2538864,0,0,2.792,0.281,3.126,0.285,3.109,-0.137,5.676,0.085,5.609,0.085,5.609
2538874,0,0,2.792,0.268,3.152,0.261,3.056,-0.13,5.536,0.065,5.51,0.065,5.51
2538885,0,0,2.792,0.291,3.016,0.306,3.05,-0.091,5.467,0.074,5.396,0.074,5.396
2538894,0,0,2.792,0.241,3.027,0.287,3.001,-0.026,5.421,0.075,5.373,0.075,5.373
2538904,0,0,2.792,0.269,3.164,0.265,3.081,0.037,5.35,0.088,5.318,0.088,5.318
2538917,0,0,2.792,0.277,3.284,0.269,3.194,0.083,5.314,0.116,5.235,0.116,5.235
2538925,0,0,2.792,0.268,3.287,0.265,3.301,0.071,5.39,0.132,5.282,0.132,5.282
2538935,0,0,2.792,0.264,3.198,0.269,3.211,0.064,5.495,0.136,5.36,0.136,5.36
2538945,0,0,2.792,0.285,3.153,0.284,3.107,0.056,5.559,0.151,5.407,0.151,5.407
2538955,0,0,2.792,0.286,3.392,0.277,3.3,0.033,5.559,0.167,5.382,0.167,5.382
2538965,0,0,2.792,0.295,3.474,0.274,3.373,-0.061,5.543,0.172,5.352,0.172,5.352
2538975,0,0,2.792,0.184,3.362,0.218,3.475,-0.125,5.468,0.12,5.432,0.12,5.432
2538985,0,0,2.792,0.204,3.422,0.215,3.424,-0.11,5.377,0.088,5.331,0.088,5.331
2538995,0,0,2.792,0.155,3.101,0.16,3.047,-0.06,5.356,0.063,5.312,0.063,5.312
2539005,0,0,2.792,0.209,3.496,0.196,3.327,0.006,5.419,0.051,5.36,0.051,5.36
2539017,0,0,2.792,0.161,3.307,0.171,3.348,0.063,5.483,0.082,5.34,0.082,5.34
2539024,0,0,2.792,0.103,3.323,0.12,3.448,0.094,5.542,0.089,5.46,0.089,5.46
2539034,0,0,2.792,0.089,3.508,0.105,3.457,0.152,5.55,0.1,5.458,0.1,5.458
2539044,0,0,2.792,0.085,3.772,0.105,3.624,0.186,5.483,0.115,5.3,0.115,5.3
2539054,0,0,2.792,0.096,3.796,0.103,3.681,0.155,5.446,0.124,5.369,0.124,5.369
2539064,0,0,2.792,0.034,3.859,0.058,3.695,0.097,5.484,0.108,5.331,0.108,5.331
2539074,0,0,2.792,0.018,3.885,0.026,3.739,0.047,5.546,0.088,5.423,0.088,5.423
2539085,0,0,2.792,-0.033,3.696,-0.006,3.639,-0.001,5.585,0.058,5.474,0.058,5.474
2539094,0,0,2.792,-0.079,3.682,-0.054,3.659,-0.009,5.579,0.026,5.475,0.026,5.475
2539104,0,0,2.792,-0.055,3.626,-0.062,3.6,-0.01,5.587,-0.005,5.449,-0.005,5.449
2539118,0,0,2.792,-0.085,3.646,-0.071,3.655,-0.008,5.597,-0.023,5.455,-0.023,5.455
2539125,0,0,2.792,-0.092,3.645,-0.083,3.603,-0.061,5.556,-0.035,5.505,-0.035,5.505
2539135,0,0,2.792,-0.128,3.582,-0.127,3.537,-0.077,5.538,-0.053,5.438,-0.053,5.438
2539145,0,0,2.792,-0.225,3.706,-0.197,3.553,-0.08,5.579,-0.071,5.495,-0.071,5.495
2539155,0,0,2.792,-0.198,3.583,-0.183,3.55,-0.08,5.679,-0.089,5.572,-0.089,5.572
2539165,0,0,2.792,-0.187,3.559,-0.187,3.554,-0.061,5.77,-0.097,5.664,-0.097,5.664
2539175,0,0,2.792,-0.222,3.551,-0.221,3.537,-0.012,5.78,-0.096,5.696,-0.096,5.696
2539185,0,0,2.792,-0.245,3.464,-0.266,3.534,0.009,5.726,-0.108,5.636,-0.108,5.636
2539195,0,0,2.792,-0.317,3.555,-0.3,3.547,-0.003,5.655,-0.106,5.616,-0.106,5.616
2539205,0,0,2.792,-0.351,3.478,-0.334,3.489,-0.004,5.706,-0.135,5.563,-0.135,5.563
2539215,0,0,2.792,-0.339,3.684,-0.328,3.617,0.045,5.864,-0.148,5.678,-0.148,5.678
2539225,0,0,2.792,-0.328,3.491,-0.334,3.509,0.046,5.969,-0.136,5.82,-0.136,5.82
2539235,0,0,2.792,-0.372,3.677,-0.368,3.561,-0.006,5.946,-0.139,5.854,-0.139,5.854
2539245,0,0,2.792,-0.39,3.814,-0.404,3.783,-0.06,5.883,-0.162,5.824,-0.162,5.824
2539255,0,0,2.792,-0.411,3.515,-0.389,3.569,-0.046,5.888,-0.161,5.825,-0.161,5.825
2539265,0,0,2.792,-0.356,3.479,-0.363,3.45,0.017,5.906,-0.207,5.73,-0.207,5.73
2539275,0,0,2.792,-0.339,3.668,-0.348,3.652,0.123,5.85,-0.162,5.795,-0.162,5.795
2539285,0,0,2.792,-0.318,3.522,-0.342,3.599,0.169,5.67,-0.119,5.683,-0.119,5.683
2539295,0,0,2.792,-0.318,3.722,-0.33,3.726,0.159,5.489,-0.124,5.466,-0.124,5.466
2539305,0,0,2.792,-0.274,3.647,-0.302,3.67,0.137,5.42,-0.096,5.396,-0.096,5.396
2539315,0,0,2.792,-0.245,3.713,-0.255,3.63,0.17,5.42,-0.075,5.358,-0.075,5.358
2539324,0,0,2.792,-0.181,3.717,-0.202,3.706,0.174,5.375,-0.06,5.314,-0.06,5.314
2539334,0,0,2.792,-0.14,3.824,-0.146,3.7,0.162,5.3,-0.038,5.26,-0.038,5.26
2539344,0,0,2.792,-0.07,3.552,-0.095,3.653,0.119,5.222,-0.028,5.172,-0.028,5.172
2539354,0,0,2.792,-0.048,3.545,-0.061,3.546,0.072,5.188,-0.013,5.124,-0.013,5.124
2539364,0,0,2.792,0.021,3.759,-0.016,3.639,0.042,5.208,-0.016,5.078,-0.016,5.078
2539374,0,0,2.792,-0.004,3.562,-0.008,3.652,0.054,5.203,-0.002,5.138,-0.002,5.138
2539384,0,0,2.792,0.064,3.439,0.047,3.588,0.078,5.183,0.021,5.07,0.021,5.07
2539394,0,0,2.792,0.12,3.621,0.094,3.501,0.08,5.112,0.041,5.074,0.041,5.074
2539405,0,0,2.792,0.15,3.784,0.144,3.656,0.031,4.986,0.056,4.995,0.056,4.995
2539414,0,0,2.792,0.12,3.777,0.12,3.76,-0.014,4.841,0.058,4.86,0.058,4.86
2539425,0,0,2.792,0.115,3.938,0.112,3.826,-0.044,4.679,0.05,4.72,0.05,4.72
2539435,0,0,2.792,0.054,3.573,0.092,3.694,-0.038,4.56,0.043,4.579,0.043,4.579
2539445,0,0,2.792,0.079,3.473,0.063,3.454,-0.04,4.572,0.03,4.502,0.03,4.502
2539455,0,0,2.792,0.117,3.562,0.132,3.544,-0.043,4.673,0.036,4.484,0.036,4.484
2539465,0,0,2.792,0.099,3.498,0.105,3.549,-0.046,4.721,0.034,4.543,0.034,4.543
2539475,0,0,2.792,0.08,3.426,0.096,3.43,-0.052,4.686,0.029,4.565,0.029,4.565
2539485,0,0,2.792,0.065,3.563,0.07,3.552,-0.077,4.597,0.032,4.428,0.032,4.428
2539495,0,0,2.792,0.041,3.42,0.057,3.455,-0.085,4.51,0.014,4.42,0.014,4.42
2539505,0,0,2.792,0.069,3.522,0.072,3.47,-0.059,4.445,0.007,4.361,0.007,4.361
2539515,0,0,2.792,0.085,3.38,0.105,3.39,-0.021,4.368,0.012,4.31,0.012,4.31
2539525,0,0,2.792,0.069,3.109,0.076,3.229,-0.011,4.259,0.014,4.266,0.014,4.266
2539535,0,0,2.792,0.014,3.425,0.027,3.325,-0.017,4.141,0.015,4.125,0.015,4.125
2539545,0,0,2.792,0.018,3.308,0.037,3.378,-0.038,4.069,0.008,4.046,0.008,4.046
2539554,0,0,2.792,0.014,3.277,0.028,3.311,-0.055,4.004,-0.002,3.993,-0.002,3.993
2539565,0,0,2.792,0.029,3.249,0.028,3.255,-0.048,3.945,0.002,3.835,0.002,3.835
2539574,0,0,2.792,0.043,3.207,0.041,3.214,-0.029,3.917,0,3.816,0,3.816
2539585,0,0,2.792,0.017,3.375,0.033,3.319,-0.024,3.918,0.003,3.774,0.003,3.774
2539594,0,0,2.792,-0.002,3.112,0.01,3.241,-0.013,3.912,0.002,3.792,0.002,3.792
2539605,0,0,2.792,-0.009,3.091,-0.005,3.104,0.003,3.886,0.002,3.802,0.002,3.802
2539614,0,0,2.792,0.002,3.295,-0.029,3.301,0.022,3.826,0.005,3.797,0.005,3.797
2539624,0,0,2.792,-0.042,3.31,-0.04,3.303,0.001,3.71,0.002,3.755,0.002,3.755
2539634,0,0,2.792,-0.073,3.059,-0.071,3.195,-0.03,3.56,-0.007,3.676,-0.007,3.676
2539644,0,0,2.792,-0.041,3.087,-0.037,3.147,-0.026,3.449,-0.019,3.5,-0.019,3.5
2539654,0,0,2.792,-0.066,3.126,-0.052,3.117,0.006,3.375,-0.017,3.441,-0.017,3.441
2539664,0,0,2.792,-0.037,3.096,-0.084,3.136,0.014,3.315,-0.018,3.376,-0.018,3.376
2539674,0,0,2.792,-0.057,2.963,-0.062,3.05,0.003,3.278,-0.017,3.326,-0.017,3.326
2539684,0,0,2.792,-0.035,3.034,-0.019,3.081,-0.012,3.261,-0.018,3.283,-0.018,3.283
2539694,0,0,2.792,0.001,3.027,-0.005,3.04,-0.003,3.243,-0.015,3.258,-0.015,3.258
2539704,0,0,2.792,-0.023,2.81,-0.029,2.837,0.012,3.195,-0.01,3.206,-0.01,3.206
2539714,0,0,2.792,-0.041,2.881,-0.065,2.942,0.027,3.12,-0.013,3.129,-0.013,3.129
2539724,0,0,2.792,-0.07,2.856,-0.054,2.958,0.016,3.056,-0.009,3.102,-0.009,3.102
2539734,0,0,2.792,-0.026,2.803,-0.016,2.875,0.013,2.993,-0.013,3.033,-0.013,3.033
2539744,0,0,2.792,-0.043,2.721,-0.021,2.846,0.014,2.895,-0.007,2.988,-0.007,2.988
2539754,0,0,2.792,-0.082,2.437,-0.068,2.556,0.016,2.753,-0.008,2.887,-0.008,2.887
2539764,0,0,2.792,-0.051,2.679,-0.075,2.723,0.016,2.666,-0.027,2.767,-0.027,2.767
2539774,0,0,2.792,-0.057,2.799,-0.054,2.811,0.003,2.679,-0.023,2.735,-0.023,2.735
2539784,0,0,2.792,-0.074,2.785,-0.051,2.693,-0.005,2.702,-0.026,2.731,-0.026,2.731
2539794,0,0,2.792,-0.101,2.456,-0.094,2.471,0.013,2.648,-0.025,2.701,-0.025,2.701
2539804,0,0,2.792,-0.087,2.53,-0.085,2.399,0.029,2.55,-0.023,2.634,-0.023,2.634
2539814,0,0,2.792,-0.102,2.335,-0.109,2.475,0.043,2.466,-0.016,2.577,-0.016,2.577
2539824,0,0,2.792,-0.063,2.608,-0.062,2.558,0.058,2.382,-0.012,2.513,-0.012,2.513
2539834,0,0,2.792,-0.07,2.534,-0.064,2.607,0.059,2.328,0.001,2.462,0.001,2.462
2539844,0,0,2.792,-0.072,2.552,-0.069,2.55,0.025,2.316,-0.002,2.436,-0.002,2.436
2539854,0,0,2.792,-0.078,2.397,-0.066,2.454,0.002,2.245,-0.017,2.403,-0.017,2.403
2539864,0,0,2.792,-0.111,2.561,-0.088,2.495,-0.017,2.099,-0.023,2.333,-0.023,2.333
2539874,0,0,2.792,-0.084,2.553,-0.072,2.521,-0.057,2.018,-0.029,2.246,-0.029,2.246
2539884,0,0,2.792,-0.105,2.378,-0.11,2.386,-0.086,1.982,-0.054,2.191,-0.054,2.191
2539894,0,0,2.792,-0.034,0.76,-0.078,1.441,-0.076,1.893,-0.067,2.112,-0.067,2.112
2539904,0,0,2.792,-0.078,2.064,-0.062,1.681,-0.029,1.679,-0.062,1.965,-0.062,1.965
2539914,0,0,2.792,-0.052,2.213,-0.029,2.047,0.02,1.498,-0.045,1.827,-0.045,1.827
2539924,0,0,2.792,0.027,2.249,0.032,2.302,0.064,1.573,-0.017,1.751,-0.017,1.751
2539934,0,0,2.792,-0.003,1.068,-0.029,1.758,0.088,1.782,0.008,1.76,0.008,1.76
2539944,0,0,2.792,0,0.095,-0.021,0.341,0.073,1.886,0.017,1.62,0.017,1.62
2539954,0,0,2.792,0,0.009,-0.009,0.047,0.036,1.746,0.021,1.497,0.021,1.497
2539964,0,0,2.792,0,0,0.004,0.022,-0.035,1.543,0.012,1.378,0.012,1.378
2539974,0,0,2.792,0.01,0.689,0.022,0.308,-0.126,1.515,-0.014,1.311,-0.014,1.311
2539984,0,0,2.792,0,2.218,-0.018,1.861,-0.132,1.675,-0.044,1.403,-0.044,1.403
2539994,0,0,2.792,0,1.41,0.022,1.94,-0.073,1.834,-0.055,1.546,-0.055,1.546
2540004,0,0,2.792,0,0.127,0.008,0.412,-0.02,1.874,-0.047,1.62,-0.047,1.62
2540014,0,0,2.792,0,0.011,-0.009,0.071,0.024,1.712,-0.029,1.567,-0.029,1.567
2540024,0,0,2.792,0,0.001,-0.014,0.021,0.058,1.389,-0.008,1.352,-0.008,1.352
2540034,0,0,2.792,0,0,-0.009,0.023,0.077,1.086,0.008,1.101,0.008,1.101
2540044,0,0,2.792,0,0,-0.001,0.029,0.08,0.949,0.024,1.001,0.024,1.001
2540054,0,0,2.792,0.002,0,0.011,0.025,0.072,0.951,0.037,0.946,0.037,0.946
2540064,0,0,2.792,0.009,0.567,0.043,0.173,0.061,1.026,0.043,0.922,0.043,0.922
2540074,0,0,2.792,0.065,1.688,0.031,1.432,0.078,1.181,0.051,0.972,0.051,0.972
2540084,0,0,2.792,0,0.646,0,1.153,0.082,1.217,0.053,1.099,0.053,1.099
2540094,0,0,2.792,0,0.058,-0.006,0.214,0.054,0.971,0.05,1.037,0.05,1.037
2540104,0,0,2.792,0,0.005,0.004,0.048,-0.025,0.58,0.033,0.832,0.033,0.832
2540114,0,0,2.792,0,0,0.012,0.036,-0.096,0.351,0.006,0.58,0.006,0.58
2540124,0,0,2.792,0,0,-0.004,0.031,-0.069,0.368,-0.016,0.486,-0.016,0.486
2540134,0,0,2.792,-0.007,0.212,-0.027,0.044,-0.018,0.556,-0.02,0.461,-0.02,0.461
2540144,0,0,2.792,-0.009,0.252,-0.003,0.333,0.021,0.784,-0.012,0.513,-0.012,0.513
2540154,0,0,2.792,-0.002,0.075,0.004,0.217,0.038,0.914,0.001,0.587,0.001,0.587
2540164,0,0,2.792,0,0.007,-0.003,0.032,0.053,0.849,0.012,0.577,0.012,0.577
2540174,0,0,2.792,0,0,-0.004,0.02,0.051,0.635,0.011,0.414,0.011,0.414
2540184,0,0,2.792,0,0,-0.01,0.029,0.032,0.498,0.012,0.354,0.012,0.354
2540194,0,0,2.792,0.005,0.128,0.009,0.068,-0.003,0.476,0.01,0.347,0.01,0.347
2540204,0,0,2.792,0.05,0.902,0.027,0.61,-0.007,0.528,0.006,0.38,0.006,0.38
2540214,0,0,2.792,0.008,0.229,0.034,0.458,0.015,0.617,0.015,0.497,0.015,0.497
2540224,0,-2,2.792,-0.01,0.098,-0.012,0.169,0.027,0.585,0.014,0.481,0.014,0.481
2540234,0,-2,2.792,0,0.009,0,0.046,0.013,0.443,0.01,0.394,0.01,0.394
2540244,0,-2,2.792,0,0,-0.003,0.027,-0.024,0.277,0.004,0.314,0.004,0.314
2540254,0,-2,2.792,-0.033,0.055,-0.025,0.076,-0.038,0.192,-0.008,0.22,-0.008,0.22
2540264,0,-2,2.792,0.026,0.071,0.004,0.075,-0.033,0.142,-0.015,0.188,-0.015,0.188
2540274,0,-2,2.792,0.005,0.036,0,0.072,0.02,0.224,-0.006,0.164,-0.006,0.164
2540284,0,-2,2.792,0.03,0.196,0.034,0.24,0.056,0.311,0.011,0.177,0.011,0.177
2540294,0,-2,2.792,0.017,0.142,0.013,0.118,0.066,0.319,0.021,0.191,0.021,0.191
2540304,0,-2,2.792,0.01,0.15,0.008,0.17,0.071,0.265,0.028,0.198,0.028,0.198
2540314,0,-2,2.792,-0.006,0.04,0.003,0.077,0.059,0.202,0.029,0.181,0.029,0.181
2540324,0,-2,2.792,0,0.011,0.002,0.056,0.021,0.094,0.022,0.142,0.022,0.142
2540334,0,-2,2.792,0.027,0.212,0.017,0.163,-0.012,0.056,0.013,0.117,0.013,0.117
2540344,0,-2,2.792,0.003,0.027,0.006,0.074,0.026,0.099,0.012,0.111,0.012,0.111
2540354,0,-2,2.792,0.058,0.25,0.047,0.228,0.05,0.116,0.019,0.12,0.019,0.12
2540364,0,-2,2.792,0.074,0.333,0.073,0.299,0.049,0.082,0.033,0.148,0.033,0.148
2540374,0,-2,2.792,0.031,0.107,0.054,0.194,0.047,0.033,0.043,0.161,0.043,0.161
2540384,0,-2,2.792,0.036,0.054,0.031,0.083,0.053,-0.03,0.04,0.116,0.04,0.116
2540394,0,-2,2.792,0.018,0.031,0.03,0.083,0.043,-0.117,0.04,0.079,0.04,0.079
2540404,0,-4,2.792,0.001,0.003,0.011,0.025,0.042,-0.165,0.034,0.031,0.034,0.031
2540414,0,-4,2.792,0,0,0.008,0.021,0.04,-0.139,0.026,0.002,0.026,0.002
2540424,0,-4,2.792,-0.003,0.008,0.006,0.013,0.037,-0.136,0.015,-0.001,0.015,-0.001
2540434,0,-4,2.792,0.017,-0.113,0.011,-0.059,0.031,-0.164,0.012,-0.019,0.012,-0.019
2540444,0,-4,2.792,0.03,-0.065,0.013,-0.03,-0.003,-0.228,0.01,-0.047,0.01,-0.047
2540454,0,-4,2.792,0.009,-0.081,0.019,-0.094,-0.047,-0.324,0.007,-0.086,0.007,-0.086
2540464,0,-4,2.792,0.016,-0.197,0.021,-0.116,-0.049,-0.421,0.002,-0.128,0.002,-0.128
2540474,0,-4,2.792,0.011,-0.087,-0.003,-0.068,-0.038,-0.52,-0.004,-0.184,-0.004,-0.184
2540484,0,-4,2.792,0.009,-0.1,0.005,-0.059,-0.064,-0.58,-0.006,-0.194,-0.006,-0.194
2540494,0,-4,2.792,0.003,-0.042,0.021,-0.075,-0.071,-0.632,-0.011,-0.229,-0.011,-0.229
2540504,0,-4,2.792,0.002,-0.133,-0.007,-0.075,-0.026,-0.708,-0.008,-0.182,-0.008,-0.182
2540514,0,-4,2.792,0.002,-0.038,-0.002,-0.069,-0.03,-0.783,-0.01,-0.25,-0.01,-0.25
2540524,0,-4,2.792,0.02,-0.195,0.02,-0.122,-0.084,-0.931,-0.011,-0.299,-0.011,-0.299
2540534,0,-4,2.792,-0.023,-0.128,0.001,-0.05,-0.097,-0.99,-0.022,-0.395,-0.022,-0.395
2540544,0,-4,2.792,-0.003,-0.027,-0.004,-0.06,-0.045,-1.02,-0.027,-0.419,-0.027,-0.419
2540554,0,-4,2.792,0.019,-0.002,0.003,0,-0.048,-1.209,-0.023,-0.449,-0.023,-0.449
2540564,0,-4,2.792,0.005,-0.057,0.019,-0.01,-0.084,-1.27,-0.029,-0.517,-0.029,-0.517
2540574,0,-4,2.792,0,-0.006,0.016,0.013,-0.078,-1.273,-0.033,-0.596,-0.033,-0.596
2540584,0,-4,2.792,-0.004,-0.063,-0.003,-0.018,-0.058,-1.335,-0.033,-0.656,-0.033,-0.656
2540594,0,-4,2.792,0.028,-0.32,0.029,-0.342,-0.066,-1.348,-0.029,-0.707,-0.029,-0.707
2540604,0,-4,2.792,0,-0.312,-0.005,-0.193,-0.046,-1.345,-0.027,-0.736,-0.027,-0.736
2540614,0,-4,2.792,0.007,-0.078,-0.001,-0.159,-0.034,-1.375,-0.022,-0.757,-0.022,-0.757
2540624,0,-4,2.792,0.011,-0.004,0.009,-0.005,-0.017,-1.417,-0.018,-0.757,-0.018,-0.757
2540634,0,-4,2.792,0.012,-0.085,0.009,-0.116,-0.016,-1.444,-0.011,-0.791,-0.011,-0.791
2540644,0,-4,2.792,0.054,-0.385,0.048,-0.261,-0.037,-1.494,-0.001,-0.75,-0.001,-0.75
2540654,0,-6,2.792,0.065,-0.475,0.082,-0.47,-0.023,-1.545,0.009,-0.834,0.009,-0.834
2540664,0,-6,2.792,0.099,-0.789,0.046,-0.742,0.055,-1.603,0.022,-0.981,0.022,-0.981
2540674,0,-6,2.792,0.03,-0.277,0.071,-0.532,0.005,-1.659,0.03,-1.123,0.03,-1.123
2540684,0,-6,2.792,0.009,-0.176,0.017,-0.102,-0.063,-1.835,0.014,-1.122,0.014,-1.122
2540694,0,-6,2.792,0.089,-0.338,0.049,-0.237,-0.088,-1.959,-0.004,-1.17,-0.004,-1.17
2540704,0,-6,2.792,0.077,-0.263,0.067,-0.217,-0.064,-1.938,0.001,-1.073,0.001,-1.073
2540714,0,-6,2.792,0.083,-0.656,0.075,-0.5,-0.006,-1.846,0.009,-1.107,0.009,-1.107
2540724,0,-6,2.792,0.136,-1.107,0.105,-0.903,0.036,-1.786,0.043,-1.012,0.043,-1.012
2540734,0,-6,2.792,0.026,-0.376,0.043,-0.433,0.051,-1.886,0.047,-1.146,0.047,-1.146
2540744,0,-6,2.792,0.002,-0.035,0,-0.092,0.032,-2.126,0.038,-1.047,0.038,-1.047
2540754,0,-6,2.792,0.023,-0.081,0.013,-0.014,0.021,-2.401,0.027,-1.009,0.027,-1.009
2540764,0,-6,2.792,0.009,-0.055,0.036,-0.078,0.067,-2.49,0.031,-1.165,0.031,-1.165
2540774,0,-6,2.792,0.066,-0.632,0.036,-0.433,0.1,-2.494,0.042,-1.28,0.042,-1.28
2540784,0,-6,2.792,0.097,-0.897,0.125,-1.062,0.084,-2.446,0.06,-1.52,0.06,-1.52
2540794,0,-6,2.792,0.012,-0.081,0.025,-0.233,0.088,-2.445,0.066,-1.416,0.066,-1.416
2540804,0,-6,2.792,0.008,-0.019,0.025,-0.044,0.048,-2.47,0.055,-1.371,0.055,-1.371
2540814,0,-6,2.792,0.005,-0.058,0.013,-0.044,-0.029,-2.57,0.03,-0.829,0.03,-0.829
2540824,0,-6,2.792,0.038,-0.43,0.048,-0.527,-0.043,-2.692,0.021,-1.058,0.021,-1.058
2540834,0,-6,2.792,0.01,-0.084,0.018,-0.158,0.033,-2.83,0.019,-1.303,0.019,-1.303
2540844,0,-6,2.792,0.018,-0.136,0.03,-0.204,0.091,-3.067,0.033,-1.225,0.033,-1.225
2540854,0,-6,2.792,0.002,-0.012,0.019,-0.038,0.124,-3.355,0.04,-1.296,0.04,-1.296
2540864,0,-6,2.792,0,-0.001,0.001,0.032,0.158,-3.56,0.044,-1.347,0.044,-1.347
2540874,0,-6,2.792,0.031,-0.582,0.019,-0.348,0.172,-3.578,0.061,-1.648,0.061,-1.648
2540884,0,-6,2.792,0.068,-1.014,0.076,-1.055,0.088,-3.464,0.072,-1.948,0.072,-1.948
2540894,0,-6,2.792,0.017,-0.209,0.029,-0.337,-0.007,-3.334,0.057,-1.984,0.057,-1.984
2540904,0,-8,2.792,0.083,-1.189,0.063,-0.908,-0.078,-3.22,0.033,-2.083,0.033,-2.083
2540914,0,-8,2.792,0.099,-1.578,0.09,-1.466,-0.102,-3.045,0.024,-2.128,0.024,-2.128
2540924,0,-8,2.792,0.083,-1.468,0.086,-1.5,-0.1,-2.818,0.037,-2.051,0.037,-2.051
2540934,0,-8,2.792,0.072,-1.557,0.084,-1.579,-0.116,-2.725,0.022,-2.136,0.022,-2.136
2540944,0,-8,2.792,0.069,-1.371,0.079,-1.469,-0.149,-2.809,0.003,-2.211,0.003,-2.211
2540954,0,-8,2.792,0.063,-1.422,0.055,-1.467,-0.169,-2.892,-0.017,-2.283,-0.017,-2.283
2540964,0,-8,2.792,0.032,-1.577,0.052,-1.538,-0.116,-2.81,-0.005,-2.127,-0.005,-2.127
2540974,0,-8,2.792,0.044,-1.519,0.031,-1.63,-0.05,-2.755,-0.007,-2.209,-0.007,-2.209
2540984,0,-8,2.792,0.011,-1.626,0.008,-1.588,-0.034,-2.818,-0.01,-2.322,-0.01,-2.322
2540994,0,-8,2.792,-0.005,-0.352,0.014,-0.518,-0.071,-2.979,-0.016,-2.295,-0.016,-2.295
2541004,0,-8,2.792,0,-0.167,0.005,-0.154,-0.12,-3.211,-0.021,-1.91,-0.021,-1.91
2541014,0,-8,2.792,0.019,-1.296,0.017,-0.897,-0.131,-3.423,-0.035,-2.075,-0.035,-2.075
2541024,0,-8,2.792,0.003,-1.953,-0.006,-1.602,-0.108,-3.52,-0.04,-2.283,-0.04,-2.283
2541034,0,-8,2.792,0,-0.267,-0.008,-0.668,-0.149,-3.641,-0.05,-2.505,-0.05,-2.505
2541044,0,-8,2.792,0,-0.024,0.002,-0.104,-0.233,-3.875,-0.075,-2.654,-0.075,-2.654
2541054,0,-8,2.792,0,-0.002,0.006,0.003,-0.235,-4.041,-0.106,-2.945,-0.106,-2.945
2541064,0,-8,2.792,0.054,-1.394,0.01,-0.892,-0.085,-4.094,-0.102,-3.139,-0.102,-3.139
2541074,0,-8,2.792,0.04,-0.872,0.023,-0.75,0.089,-4.052,-0.048,-3.05,-0.048,-3.05
2541084,0,-8,2.792,0.046,-1.697,0.034,-1.468,0.206,-3.968,0.008,-3.289,0.008,-3.289
2541094,0,-8,2.792,0.013,-1.743,0.025,-1.582,0.27,-3.779,0.067,-3.491,0.067,-3.491
2541104,0,-8,2.792,0.044,-1.92,0.059,-2.018,0.336,-3.441,0.129,-3.455,0.129,-3.455
2541114,0,-8,2.792,0.067,-1.319,0.079,-1.73,0.314,-3.138,0.18,-3.316,0.18,-3.316
2541124,0,-8,2.792,0.006,-0.119,0.016,-0.37,0.179,-2.977,0.183,-3.071,0.183,-3.071
2541134,0,-8,2.792,0,-0.011,0,-0.06,-0.032,-3.114,0.133,-2.886,0.133,-2.886
2541144,0,-8,2.792,0,0,0.003,-0.016,-0.216,-3.575,0.044,-2.729,0.044,-2.729
2541154,0,-8,2.792,0.033,-1.247,0.012,-0.648,-0.3,-3.862,-0.037,-2.817,-0.037,-2.817
2541164,0,-8,2.792,0.026,-1.611,0.049,-1.54,-0.277,-3.828,-0.094,-3.146,-0.094,-3.146
2541174,0,-8,2.792,0.049,-1.22,0.071,-1.552,-0.211,-3.887,-0.108,-3.298,-0.108,-3.298
2541184,0,-8,2.792,0.004,-0.11,0.014,-0.364,-0.096,-4.167,-0.1,-3.453,-0.1,-3.453
2541194,0,-8,2.792,0,-0.01,-0.025,-0.043,0.006,-4.479,-0.073,-3.667,-0.073,-3.667
2541204,0,-8,2.792,0,0,-0.008,0.02,0.108,-4.552,-0.033,-3.742,-0.033,-3.742
2541214,0,-8,2.792,0.069,-1.767,0.062,-1.19,0.148,-4.501,0.011,-3.926,0.011,-3.926
2541224,0,-8,2.792,0.121,-1.924,0.111,-1.881,0.165,-4.357,0.061,-3.833,0.061,-3.833
2541234,0,-8,2.792,0.047,-0.674,0.086,-1.277,0.156,-4.224,0.094,-3.752,0.094,-3.752
2541244,0,-8,2.792,0.004,-0.06,0.022,-0.207,0.12,-4.209,0.092,-3.577,0.092,-3.577
2541254,0,-8,2.792,0,-0.005,-0.008,-0.023,0.022,-4.295,0.055,-3.043,0.055,-3.043
2541264,0,-8,2.792,0.135,-1.926,0.102,-1.414,-0.073,-4.45,0.034,-3.102,0.034,-3.102
2541274,0,-8,2.792,0.028,-0.349,0.056,-0.789,-0.13,-4.649,0.033,-3.116,0.033,-3.116
2541284,0,-8,2.792,0.079,-1.154,0.044,-0.718,-0.154,-4.861,0.002,-3.27,0.002,-3.27
2541294,0,-8,2.792,0.108,-1.919,0.105,-1.79,-0.199,-4.981,-0.019,-3.69,-0.019,-3.69
2541304,0,-8,2.792,0.026,-0.399,0.061,-0.921,-0.225,-5.043,-0.032,-3.98,-0.032,-3.98
2541314,0,-8,2.792,0.05,-0.58,0.02,-0.341,-0.227,-5.112,-0.054,-4.041,-0.054,-4.041
2541324,0,-8,2.792,0.136,-2.013,0.118,-1.692,-0.206,-5.157,-0.065,-4.348,-0.065,-4.348
2541334,0,-8,2.792,0.07,-1.008,0.091,-1.589,-0.171,-5.188,-0.044,-4.509,-0.044,-4.509
2541344,0,-8,2.792,0.006,-0.09,0.02,-0.306,-0.115,-5.259,-0.051,-4.799,-0.051,-4.799
2541354,0,-8,2.792,0.108,-1.645,0.083,-1.017,-0.059,-5.235,-0.035,-4.801,-0.035,-4.801
2541364,0,-8,2.792,0.183,-2.279,0.161,-2.092,0.047,-5.095,0.009,-4.839,0.009,-4.839
2541374,0,-8,2.792,0.214,-2.511,0.171,-2.456,0.128,-4.91,0.073,-4.69,0.073,-4.69
2541384,0,-8,2.792,0.249,-2.569,0.237,-2.539,0.133,-4.783,0.1,-4.692,0.1,-4.692
2541394,0,-8,2.792,0.253,-2.553,0.257,-2.54,0.098,-4.843,0.122,-4.684,0.122,-4.684
2541404,0,-8,2.792,0.241,-2.472,0.249,-2.556,0.052,-5.066,0.129,-4.785,0.129,-4.785
2541414,0,-8,2.792,0.24,-2.517,0.229,-2.422,-0.018,-5.304,0.133,-4.911,0.133,-4.911
2541424,0,-8,2.792,0.23,-2.298,0.245,-2.38,-0.062,-5.412,0.098,-5.26,0.098,-5.26
2541434,0,-8,2.792,0.251,-2.59,0.277,-2.55,-0.011,-5.368,0.118,-5.181,0.118,-5.181
2541444,0,-8,2.792,0.338,-2.835,0.295,-2.657,0.085,-5.181,0.121,-5.18,0.121,-5.18
2541454,0,-8,2.792,0.341,-2.832,0.305,-2.686,0.138,-4.973,0.174,-4.879,0.174,-4.879
2541464,0,0,2.792,0.312,-2.57,0.324,-2.687,0.17,-4.913,0.22,-4.668,0.22,-4.668
2541474,0,0,2.792,0.303,-2.402,0.329,-2.529,0.142,-4.983,0.25,-4.439,0.25,-4.439
2541484,0,0,2.792,0.324,-2.427,0.293,-2.426,0.091,-5.166,0.232,-4.662,0.232,-4.662
2541494,0,0,2.792,0.047,-0.352,0.101,-0.813,0.056,-5.403,0.199,-4.801,0.199,-4.801
2541504,0,0,2.792,0.252,-2.192,0.199,-1.688,0.04,-5.565,0.156,-5.048,0.156,-5.048
2541514,0,0,2.792,0.25,-2.439,0.264,-2.445,0.051,-5.583,0.17,-5.243,0.17,-5.243
2541524,0,0,2.792,0.314,-2.817,0.318,-2.689,0.062,-5.505,0.168,-5.376,0.168,-5.376
2541534,0,0,2.792,0.385,-2.675,0.349,-2.657,0.031,-5.459,0.188,-5.289,0.188,-5.289
2541544,0,0,2.792,0.397,-2.403,0.401,-2.456,-0.042,-5.517,0.199,-5.309,0.199,-5.309
2541554,0,0,2.792,0.377,-2.614,0.364,-2.496,-0.122,-5.505,0.163,-5.399,0.163,-5.399
2541564,0,0,2.792,0.389,-2.747,0.389,-2.758,-0.134,-5.348,0.138,-5.304,0.138,-5.304
2541574,0,0,2.792,0.447,-2.822,0.448,-2.921,-0.078,-5.108,0.153,-5.11,0.153,-5.11
2541584,0,0,2.792,0.448,-2.722,0.461,-2.814,-0.022,-4.932,0.172,-4.909,0.172,-4.909
2541594,0,0,2.792,0.457,-2.838,0.454,-2.758,-0.017,-5.027,0.261,-4.623,0.261,-4.623
2541604,0,0,2.792,0.486,-2.577,0.476,-2.624,-0.023,-5.288,0.267,-4.77,0.267,-4.77
2541614,0,0,2.792,0.399,-2.861,0.399,-2.687,-0.018,-5.512,0.289,-4.849,0.289,-4.849
2541624,0,0,2.792,0.399,-2.843,0.407,-2.875,0.023,-5.605,0.281,-5.216,0.281,-5.216
2541634,0,0,2.792,0.466,-2.943,0.447,-2.929,0.036,-5.575,0.293,-5.255,0.293,-5.255
2541644,0,0,2.792,0.375,-2.816,0.398,-2.808,0.016,-5.564,0.264,-5.405,0.264,-5.405
2541654,0,0,2.792,0.4,-2.559,0.409,-2.626,-0.054,-5.626,0.272,-5.297,0.272,-5.297
2541664,0,0,2.792,0.451,-2.851,0.443,-2.745,-0.108,-5.664,0.261,-5.379,0.261,-5.379
2541674,0,0,2.792,0.4,-2.993,0.406,-2.9,-0.072,-5.557,0.27,-5.24,0.27,-5.24
2541684,0,0,2.792,0.435,-3.052,0.404,-3.033,0.005,-5.367,0.263,-5.241,0.263,-5.241
2541694,0,0,2.792,0.442,-3.108,0.446,-3.072,0.031,-5.263,0.252,-5.181,0.252,-5.181
2541704,0,0,2.792,0.313,-2.019,0.273,-1.731,0.012,-5.317,0.268,-5.039,0.268,-5.039
2541714,0,0,2.792,0.433,-2.852,0.416,-2.694,-0.044,-5.425,0.232,-5.21,0.232,-5.21
2541724,0,0,2.792,0.476,-3.083,0.461,-3.053,-0.071,-5.522,0.23,-5.299,0.23,-5.299
2541734,0,0,2.792,0.472,-3.134,0.475,-3.077,-0.07,-5.526,0.219,-5.397,0.219,-5.397
2541744,0,0,2.792,0.194,-1.341,0.342,-2.288,-0.022,-5.385,0.246,-5.182,0.246,-5.182
2541754,0,0,2.792,0.364,-2.463,0.305,-1.939,0.022,-5.275,0.209,-5.049,0.209,-5.049
2541764,0,0,2.792,0.437,-2.908,0.409,-2.89,0.036,-5.294,0.225,-5.063,0.225,-5.063
2541774,0,0,2.792,0.413,-3.17,0.419,-3.161,0.006,-5.43,0.25,-5.157,0.25,-5.157
2541784,0,0,2.792,0.367,-3.049,0.38,-3.107,-0.002,-5.544,0.251,-5.301,0.251,-5.301
2541794,0,0,2.792,0.36,-3.283,0.364,-3.243,-0.032,-5.539,0.245,-5.328,0.245,-5.328
2541804,0,0,2.792,0.336,-3.208,0.336,-3.207,-0.074,-5.5,0.204,-5.396,0.204,-5.396
2541814,0,0,2.792,0.321,-2.842,0.331,-3.043,-0.102,-5.453,0.198,-5.273,0.198,-5.273
2541824,0,0,2.792,0.31,-3.333,0.323,-3.305,-0.084,-5.413,0.171,-5.305,0.171,-5.305
2541834,0,0,2.792,0.281,-3.31,0.285,-3.264,-0.034,-5.387,0.16,-5.272,0.16,-5.272
2541844,0,0,2.792,0.245,-3.276,0.247,-3.197,0.004,-5.386,0.14,-5.31,0.14,-5.31
2541854,0,0,2.792,0.258,-3.221,0.243,-3.267,-0.005,-5.459,0.143,-5.265,0.143,-5.265
2541864,0,0,2.792,0.22,-3.194,0.233,-3.204,-0.026,-5.553,0.139,-5.376,0.139,-5.376
2541874,0,0,2.792,0.236,-3.405,0.237,-3.322,-0.051,-5.597,0.126,-5.432,0.126,-5.432
2541884,0,0,2.792,0.163,-3.289,0.184,-3.32,-0.031,-5.629,0.117,-5.465,0.117,-5.465
2541894,0,0,2.792,0.134,-3.216,0.132,-3.314,0.009,-5.595,0.103,-5.489,0.103,-5.489
2541904,0,0,2.792,0.119,-3.301,0.123,-3.437,0.036,-5.51,0.097,-5.416,0.097,-5.416
2541914,0,0,2.792,0.095,-3.33,0.111,-3.336,0.013,-5.545,0.094,-5.352,0.094,-5.352
2541924,0,0,2.792,0.09,-3.212,0.082,-3.291,-0.059,-5.714,0.069,-5.541,0.069,-5.541
2541934,0,0,2.792,0.087,-3.554,0.064,-3.355,-0.177,-5.907,0.026,-5.752,0.026,-5.752
2541944,0,0,2.792,0.067,-3.603,0.062,-3.543,-0.251,-5.976,-0.024,-5.837,-0.024,-5.837
2541954,0,0,2.792,-0.004,-3.607,0.011,-3.661,-0.164,-5.912,-0.065,-5.892,-0.065,-5.892
2541964,0,0,2.792,0.008,-0.637,0.024,-1.499,-0.013,-5.818,-0.058,-5.81,-0.058,-5.81
2541974,0,0,2.792,0,-0.057,0.019,-0.213,0.051,-5.721,-0.027,-5.661,-0.027,-5.661
2541984,0,0,2.792,0,-0.005,0.032,-0.056,0.136,-5.782,0.007,-5.662,0.007,-5.662
2541994,0,0,2.792,0,0,-0.007,0.006,0.293,-5.948,0.066,-5.792,0.066,-5.792
2542004,0,0,2.792,0,0,0.001,0.001,0.441,-6.044,0.139,-5.864,0.139,-5.864
2542014,0,0,2.792,-0.005,0.033,-0.004,0.042,0.406,-5.964,0.192,-5.847,0.192,-5.847
2542024,0,0,2.792,-0.051,0.002,-0.099,0.009,0.23,-5.603,0.154,-5.467,0.154,-5.467
2542034,0,0,2.792,-0.467,2.003,-0.322,1.462,0.026,-5.208,0.114,-5.249,0.114,-5.249
2542044,0,0,2.792,-0.106,0.668,-0.231,1.182,-0.105,-5.09,0.014,-4.979,0.014,-4.979
2542054,0,0,2.792,-0.01,0.06,-0.013,0.225,-0.146,-5.243,-0.073,-4.105,-0.073,-4.105
2542064,0,0,2.792,0,0.005,0.002,0.016,-0.117,-5.505,-0.081,-4.709,-0.081,-4.709
2542074,0,0,2.792,0.129,-2.738,0.078,-1.875,-0.082,-5.688,-0.069,-5.358,-0.069,-5.358
2542084,0,0,2.792,0.122,-3.381,0.114,-3.186,-0.018,-5.78,-0.044,-5.628,-0.044,-5.628
2542094,0,0,2.792,0.14,-3.496,0.152,-3.575,0.061,-5.746,-0.003,-5.685,-0.003,-5.685
2542104,0,0,2.792,0.259,-3.334,0.249,-3.506,0.15,-5.521,0.066,-5.534,0.066,-5.534
2542114,0,0,2.792,0.297,-3.596,0.314,-3.534,0.179,-5.169,0.115,-5.294,0.115,-5.294
2542124,0,0,2.792,0.284,-3.548,0.265,-3.502,0.168,-4.746,0.155,-4.909,0.155,-4.909
2542134,0,0,2.792,0.25,-3.408,0.265,-3.45,0.106,-4.449,0.167,-4.617,0.167,-4.617
2542144,0,0,2.792,0.204,-3.583,0.225,-3.635,0.023,-4.406,0.15,-4.456,0.15,-4.456
2542154,0,0,2.792,0.24,-3.489,0.252,-3.556,-0.083,-4.558,0.122,-4.416,0.122,-4.416
2542164,0,0,2.792,0.269,-3.446,0.261,-3.4,-0.13,-4.78,0.087,-4.528,0.087,-4.528
2542174,0,0,2.792,0.239,-3.508,0.224,-3.462,-0.164,-4.934,0.046,-4.726,0.046,-4.726
2542184,0,0,2.792,0.211,-3.535,0.216,-3.498,-0.177,-4.976,0.016,-4.853,0.016,-4.853
2542194,0,0,2.792,0.188,-3.269,0.224,-3.437,-0.176,-4.931,-0.015,-4.904,-0.015,-4.904
2542204,0,0,2.792,0.192,-3.734,0.179,-3.668,-0.107,-4.732,0.002,-4.775,0.002,-4.775
2542214,0,0,2.792,0.2,-3.696,0.209,-3.668,-0.032,-4.481,0.001,-4.62,0.001,-4.62
2542224,0,0,2.792,0.199,-3.387,0.184,-3.372,0.016,-4.275,0.023,-4.415,0.023,-4.415
2542234,0,0,2.792,0.139,-3.384,0.139,-3.365,0.042,-4.13,0.042,-4.245,0.042,-4.245
2542244,0,0,2.792,0.087,-3.637,0.158,-3.613,0.071,-4.058,0.063,-4.115,0.063,-4.115
2542254,0,0,2.792,0.149,-3.622,0.125,-3.593,0.087,-4.071,0.073,-4.075,0.073,-4.075
2542264,0,0,2.792,0.178,-3.613,0.148,-3.666,0.058,-4.201,0.079,-4.092,0.079,-4.092
2542274,0,0,2.792,0.018,-0.357,0.031,-1.022,-0.008,-4.354,0.071,-4.077,0.071,-4.077
2542284,0,0,2.792,0.002,-0.032,0.024,-0.15,-0.065,-4.433,0.039,-4.153,0.039,-4.153
2542294,0,0,2.792,-0.011,0.068,0.032,-0.025,-0.059,-4.362,0.017,-3.915,0.017,-3.915
2542304,0,0,2.792,0.157,-2.786,0.117,-1.81,-0.019,-4.199,0.009,-3.941,0.009,-3.941
2542314,0,0,2.792,0.096,-3.329,0.094,-3.165,-0.002,-4.036,0.023,-3.904,0.023,-3.904
2542324,0,0,2.792,0.105,-3.386,0.109,-3.287,-0.014,-3.951,0.021,-3.909,0.021,-3.909
2542334,0,0,2.792,0.129,-3.135,0.151,-3.253,-0.021,-3.902,0.026,-3.874,0.026,-3.874
2542344,0,0,2.792,0.181,-3.399,0.18,-3.421,-0.009,-3.808,0.032,-3.828,0.032,-3.828
2542354,0,0,2.792,0.163,-3.351,0.122,-3.314,-0.008,-3.67,0.038,-3.742,0.038,-3.742
2542364,0,0,2.792,0.138,-3.236,0.133,-3.298,-0.024,-3.54,0.036,-3.65,0.036,-3.65
2542374,0,0,2.792,0.134,-3.108,0.159,-3.163,-0.038,-3.442,0.04,-3.53,0.04,-3.53
2542384,0,0,2.792,0.163,-3.045,0.184,-3.128,-0.016,-3.383,0.043,-3.446,0.043,-3.446
2542394,0,0,2.792,0.13,-3.226,0.101,-3.154,0.003,-3.349,0.041,-3.394,0.041,-3.394
2542404,0,2,2.792,0.097,-3.103,0.102,-3.219,-0.004,-3.348,0.038,-3.364,0.038,-3.364
2542414,0,2,2.792,0.133,-3.384,0.123,-3.256,-0.03,-3.348,0.031,-3.346,0.031,-3.346
2542424,0,2,2.792,0.202,-3.157,0.205,-3.251,-0.03,-3.331,0.033,-3.341,0.033,-3.341
2542434,0,2,2.792,0.152,-3.23,0.163,-3.191,-0.013,-3.28,0.032,-3.317,0.032,-3.317
2542444,0,2,2.792,0.065,-3.189,0.034,-3.247,-0.005,-3.211,0.03,-3.279,0.03,-3.279
2542454,0,2,2.792,0.086,-3.367,0.115,-3.268,-0.009,-3.124,0.024,-3.228,0.024,-3.228
2542464,0,2,2.792,0.104,-3.256,0.134,-3.241,0.014,-2.984,0.035,-3.159,0.035,-3.159
2542474,0,2,2.792,0.205,-3.098,0.213,-3.06,0.019,-2.812,0.056,-3.052,0.056,-3.052
2542484,0,2,2.792,0.16,-3.031,0.191,-3.025,-0.001,-2.644,0.061,-2.925,0.061,-2.925
2542494,0,2,2.792,0.215,-2.995,0.251,-2.974,-0.028,-2.557,0.05,-2.8,0.05,-2.8
2542504,0,2,2.792,0.135,-2.885,0.085,-2.939,-0.015,-2.655,0.036,-2.734,0.036,-2.734
2542514,0,2,2.792,0.097,-2.803,0.09,-2.859,-0.018,-2.816,0.029,-2.756,0.029,-2.756
2542524,0,2,2.792,0.047,-2.673,0.063,-2.681,-0.038,-2.881,0.019,-2.797,0.019,-2.797
2542534,0,2,2.792,0.044,-2.757,0.044,-2.694,-0.063,-2.817,0.003,-2.806,0.003,-2.806
2542544,0,2,2.792,0.099,-2.653,0.124,-2.75,-0.057,-2.68,-0.008,-2.773,-0.008,-2.773
2542554,0,2,2.792,0.07,-3.08,0.065,-2.898,-0.019,-2.589,-0.006,-2.715,-0.006,-2.715
2542564,0,2,2.792,0.033,-2.786,0.03,-2.887,0.008,-2.555,-0.002,-2.677,-0.002,-2.677
2542574,0,2,2.792,0.067,-2.645,0.061,-2.644,0.017,-2.396,0.006,-2.606,0.006,-2.606
2542584,0,2,2.792,0.14,-2.723,0.118,-2.566,0.014,-2.167,0.018,-2.479,0.018,-2.479
2542594,0,2,2.792,0.124,-2.623,0.152,-2.66,0.002,-2.061,0.027,-2.358,0.027,-2.358
2542604,0,2,2.792,0.113,-2.609,0.077,-2.535,0.008,-2.109,0.028,-2.279,0.028,-2.279
2542614,0,2,2.792,0.083,-2.718,0.083,-2.578,-0.019,-2.139,0.027,-2.268,0.027,-2.268
2542624,0,2,2.792,0.083,-2.521,0.079,-2.589,-0.05,-2.091,0.015,-2.235,0.015,-2.235
2542634,0,2,2.792,0.099,-2.517,0.114,-2.54,-0.08,-2.023,0.003,-2.197,0.003,-2.197
2542644,0,2,2.792,0.134,-2.458,0.134,-2.513,-0.064,-1.967,-0.003,-2.158,-0.003,-2.158
2542654,0,4,2.792,0.12,-2.46,0.117,-2.398,-0.033,-1.942,0.001,-2.113,0.001,-2.113
2542664,0,4,2.792,0.1,-2.361,0.089,-2.479,0.003,-1.937,0.011,-2.096,0.011,-2.096
2542674,0,4,2.792,0.107,-2.398,0.105,-2.365,-0.004,-1.855,0.018,-2.06,0.018,-2.06
2542684,0,4,2.792,0.113,-2.253,0.128,-2.346,0.002,-1.679,0.063,-2.122,0.063,-2.122
2542694,0,4,2.792,0.128,-2.444,0.132,-2.412,0.036,-1.597,0.067,-2.03,0.067,-2.03
2542704,0,4,2.792,0.119,-2.258,0.115,-2.355,0.045,-1.598,0.071,-1.981,0.071,-1.981
2542714,0,4,2.792,0.073,-1.273,0.102,-1.843,-0.011,-1.471,0.083,-1.938,0.083,-1.938
2542724,0,4,2.792,0.006,-0.114,0.028,-0.404,-0.101,-1.243,0.054,-1.554,0.054,-1.554
2542734,0,4,2.792,0.024,-1.191,-0.004,-0.57,-0.151,-1.14,0.012,-1.238,0.012,-1.238
2542744,0,4,2.792,0.09,-2.139,0.063,-1.784,-0.148,-1.211,-0.006,-1.239,-0.006,-1.239
2542754,0,4,2.792,0.094,-1.859,0.088,-1.87,-0.109,-1.309,0.015,-1.488,0.015,-1.488
2542764,0,4,2.792,0.1,-1.837,0.103,-1.898,-0.078,-1.32,0.014,-1.526,0.014,-1.526
2542774,0,4,2.792,0.105,-1.875,0.106,-1.897,-0.073,-1.199,0.015,-1.524,0.015,-1.524
2542784,0,4,2.792,0.054,-1.18,0.095,-1.662,-0.09,-1.021,0.012,-1.47,0.012,-1.47
2542794,0,4,2.792,0.004,-0.107,0.004,-0.376,-0.133,-0.856,-0.012,-1.262,-0.012,-1.262
2542804,0,4,2.792,0.023,-0.392,-0.007,-0.473,-0.144,-0.81,-0.04,-0.999,-0.04,-0.999
2542814,0,4,2.792,0,-0.039,0.004,-0.123,-0.102,-0.697,-0.057,-0.889,-0.057,-0.889
2542824,0,4,2.792,0.008,-0.096,0.023,-0.176,0.015,-0.514,-0.043,-0.741,-0.043,-0.741
2542834,0,4,2.792,0,-0.009,0.027,-0.037,0.154,-0.451,0.003,-0.526,0.003,-0.526
2542844,0,4,2.792,0.208,-1.214,0.144,-0.904,0.218,-0.611,0.054,-0.523,0.054,-0.523
2542854,0,4,2.792,0.248,-1.68,0.213,-1.518,0.227,-0.771,0.109,-0.657,0.109,-0.657
2542864,0,4,2.792,0.026,-0.175,0.066,-0.482,0.226,-0.837,0.14,-0.737,0.14,-0.737
2542874,0,4,2.792,0.002,-0.016,0.019,-0.063,0.211,-0.856,0.146,-0.708,0.146,-0.708
2542884,0,4,2.792,0.034,-0.518,0.017,-0.285,0.187,-0.814,0.142,-0.675,0.142,-0.675
2542894,0,4,2.792,0.153,-1.157,0.145,-1.017,0.185,-0.722,0.146,-0.704,0.146,-0.704
2542904,0,4,2.792,0.163,-1.312,0.154,-1.266,0.148,-0.599,0.152,-0.742,0.152,-0.742
2542914,0,6,2.792,0.107,-1.049,0.121,-1.166,0.062,-0.484,0.139,-0.805,0.139,-0.805
2542924,0,6,2.792,0.109,-1.085,0.119,-1.104,-0.02,-0.37,0.106,-0.756,0.106,-0.756
2542934,0,6,2.792,0.1,-1.046,0.11,-1.099,-0.065,-0.247,0.077,-0.722,0.077,-0.722
2542944,0,6,2.792,0.072,-0.98,0.077,-1.034,-0.134,-0.143,0.045,-0.69,0.045,-0.69
2542954,0,6,2.792,0.054,-0.874,0.054,-0.948,-0.192,-0.016,0.017,-0.677,0.017,-0.677
2542964,0,6,2.792,0.008,-0.146,0.011,-0.4,-0.262,0.185,-0.01,-0.607,-0.01,-0.607
2542974,0,6,2.792,0,-0.013,0.003,-0.076,-0.35,0.495,-0.06,-0.342,-0.06,-0.342
2542984,0,6,2.792,0,-0.001,0.003,-0.026,-0.453,0.755,-0.096,-0.081,-0.096,-0.081
2542994,0,6,2.792,0.048,-0.204,0.013,-0.115,-0.454,0.731,-0.157,0.085,-0.157,0.085
2543004,0,6,2.792,0.058,-0.138,0.009,-0.12,-0.286,0.563,-0.163,0.147,-0.163,0.147
2543014,0,6,2.792,0.076,-0.17,0.051,-0.132,-0.023,0.373,-0.121,0.161,-0.121,0.161
2543024,0,6,2.792,0.103,-0.139,0.071,-0.115,0.191,0.305,-0.019,0.082,-0.019,0.082
2543034,0,6,2.792,0.01,-0.013,0.024,-0.09,0.267,0.33,0.043,0.093,0.043,0.093
2543044,0,6,2.792,0,-0.001,-0.022,-0.02,0.197,0.343,0.073,0.122,0.073,0.122
2543054,0,6,2.792,0,0,0.012,-0.02,0.175,0.357,0.089,0.166,0.089,0.166
2543064,0,6,2.792,0.164,-0.07,0.119,-0.057,0.23,0.254,0.112,0.163,0.112,0.163
2543074,0,6,2.792,0.151,-0.066,0.226,-0.098,0.293,0.286,0.173,0.105,0.173,0.105
2543084,0,6,2.792,0.139,-0.028,0.101,-0.056,0.332,0.4,0.193,0.106,0.193,0.106
2543094,0,6,2.792,0.041,-0.004,0.09,-0.018,0.338,0.465,0.199,0.121,0.199,0.121
2543104,0,6,2.792,0.144,0.047,0.123,0.022,0.268,0.592,0.193,0.17,0.193,0.17
2543114,0,6,2.792,0.187,0.067,0.209,0.051,0.105,0.873,0.187,0.271,0.187,0.271
2543124,0,6,2.792,0.058,0.024,0.107,0.015,0.023,1.091,0.153,0.412,0.153,0.412
2543134,0,6,2.792,0.005,0.002,0.021,0.008,0.074,1.044,0.12,0.534,0.12,0.534
2543144,0,6,2.792,0,0,0.027,-0.006,0.085,0.973,0.096,0.542,0.096,0.542
2543154,0,8,2.792,0,0,0.009,-0.012,0.061,1.099,0.081,0.593,0.081,0.593
2543164,0,8,2.792,0,0,-0.004,-0.022,0.078,1.349,0.063,0.637,0.063,0.637
2543174,0,8,2.792,0,0,-0.009,-0.008,0.161,1.465,0.07,0.75,0.07,0.75
2543184,0,8,2.792,0,0,0.02,0.004,0.16,1.312,0.075,0.688,0.075,0.688
2543194,0,8,2.792,0,0,0.013,-0.007,0.049,1.139,0.069,0.686,0.069,0.686
2543204,0,8,2.792,0,0,-0.011,-0.016,-0.138,1.181,0.033,0.75,0.033,0.75
2543214,0,8,2.792,0,0,-0.009,-0.019,-0.279,1.238,-0.034,0.685,-0.034,0.685
2543224,0,8,2.792,0,0,0.01,-0.01,-0.283,1.277,-0.084,0.721,-0.084,0.721
2543234,0,8,2.792,-0.008,0.18,-0.015,0.115,-0.203,1.349,-0.096,0.73,-0.096,0.73
2543244,0,8,2.792,0,0.017,-0.016,0.021,-0.161,1.387,-0.092,0.716,-0.092,0.716
2543254,0,8,2.792,0.003,0.032,0,0.027,-0.058,1.643,-0.077,0.763,-0.077,0.763
2543264,0,8,2.792,0.035,0.128,0.01,0.008,0.024,2.018,-0.046,0.867,-0.046,0.867
2543274,0,8,2.792,0.003,0.017,0.023,0.064,0.165,2.157,-0.001,0.915,-0.001,0.915
2543284,0,8,2.792,0,0.002,-0.003,-0.025,0.253,2.256,0.047,1.159,0.047,1.159
2543294,0,8,2.792,0,0,0.016,-0.034,0.196,2.388,0.081,1.304,0.081,1.304
2543304,0,8,2.792,0,0,0.003,0.005,0.111,2.474,0.082,1.464,0.082,1.464
2543314,0,8,2.792,0,0,-0.024,-0.021,0.188,2.406,0.081,1.455,0.081,1.455
2543324,0,8,2.792,0.003,0,0.01,0.005,0.173,2.24,0.094,1.527,0.094,1.527
2543334,0,8,2.792,-0.046,0.645,-0.026,0.473,0.114,2.123,0.093,1.559,0.093,1.559
2543344,0,8,2.792,-0.067,0.809,-0.038,0.786,0.073,1.979,0.065,1.512,0.065,1.512
2543354,0,8,2.792,-0.06,0.861,-0.06,0.814,0.037,2.05,0.047,1.565,0.047,1.565
2543364,0,8,2.792,-0.064,0.875,-0.074,0.869,-0.03,2.318,0.021,1.66,0.021,1.66
2543374,0,8,2.792,-0.11,0.855,-0.111,0.811,-0.083,2.429,-0.02,1.703,-0.02,1.703
2543384,0,8,2.792,-0.17,1.234,-0.1,0.988,-0.099,2.314,-0.061,1.533,-0.061,1.533
2543394,0,8,2.792,-0.022,0.167,-0.043,0.419,-0.098,2.3,-0.071,1.654,-0.071,1.654
2543404,0,8,2.792,-0.025,0.295,-0.037,0.155,-0.054,2.323,-0.063,1.544,-0.063,1.544
2543414,0,8,2.792,-0.046,0.139,-0.024,0.167,-0.055,2.416,-0.054,1.543,-0.054,1.543
2543424,0,8,2.792,-0.012,0.172,-0.015,0.094,-0.072,2.669,-0.054,1.499,-0.054,1.499
2543434,0,8,2.792,-0.001,0.019,-0.004,0.034,0.037,2.946,-0.032,1.444,-0.032,1.444
2543444,0,8,2.792,0,0.002,-0.021,0.007,0.175,3.156,0.002,1.304,0.002,1.304
2543454,0,8,2.792,0,0,0.008,-0.023,0.232,3.347,0.038,1.427,0.038,1.427
2543464,0,8,2.792,-0.041,0.882,-0.01,0.631,0.202,3.604,0.066,1.697,0.066,1.697
2543474,0,8,2.792,-0.054,0.757,-0.084,1.04,0.18,3.77,0.06,2.098,0.06,2.098
2543484,0,8,2.792,-0.005,0.068,-0.024,0.212,0.19,3.808,0.072,2.423,0.072,2.423
2543494,0,8,2.792,-0.059,0.692,-0.027,0.428,0.205,3.667,0.088,2.62,0.088,2.62
2543504,0,8,2.792,-0.096,1.3,-0.054,1.164,0.16,3.517,0.041,2.262,0.041,2.262
2543514,0,8,2.792,-0.075,0.835,-0.101,1.202,0.067,3.333,0.024,2.415,0.024,2.415
2543524,0,8,2.792,-0.043,0.116,-0.029,0.268,-0.072,3.106,0.001,2.361,0.001,2.361
2543534,0,8,2.792,-0.015,0.041,-0.017,0.087,-0.207,3.039,-0.038,2.407,-0.038,2.407
2543544,0,8,2.792,-0.145,0.94,-0.071,0.617,-0.337,3.133,-0.095,2.486,-0.095,2.486
2543554,0,8,2.792,-0.279,1.555,-0.245,1.399,-0.398,3.204,-0.174,2.64,-0.174,2.64
2543564,0,8,2.792,-0.345,1.509,-0.312,1.425,-0.342,3.266,-0.24,2.683,-0.24,2.683
2543574,0,8,2.792,-0.238,1.159,-0.278,1.33,-0.216,3.348,-0.253,2.778,-0.253,2.778
2543584,0,8,2.792,-0.022,0.118,-0.083,0.353,-0.184,3.288,-0.227,2.796,-0.227,2.796
2543594,0,8,2.792,-0.002,0.011,-0.046,0.041,-0.141,3.16,-0.182,2.558,-0.182,2.558
2543604,0,8,2.792,0,0,-0.002,-0.012,-0.065,3.244,-0.145,2.578,-0.145,2.578
2543614,0,8,2.792,0.002,0.05,0.006,0.017,-0.061,3.515,-0.094,2.413,-0.094,2.413
2543624,0,8,2.792,-0.004,0.03,0.005,0.016,-0.039,3.818,-0.064,2.325,-0.064,2.325
2543634,0,8,2.792,-0.125,0.78,-0.108,0.393,-0.088,3.996,-0.062,2.621,-0.062,2.621
2543644,0,8,2.792,-0.248,1.569,-0.194,1.288,-0.181,4.158,-0.092,3.007,-0.092,3.007
2543654,0,8,2.792,-0.23,1.879,-0.21,1.734,-0.265,4.402,-0.143,3.38,-0.143,3.38
2543664,0,8,2.792,-0.219,1.706,-0.21,1.706,-0.196,4.505,-0.174,3.686,-0.174,3.686
2543674,0,8,2.792,-0.217,1.995,-0.223,1.867,-0.066,4.342,-0.167,3.832,-0.167,3.832
2543684,0,8,2.792,-0.181,2.004,-0.202,1.869,-0.021,4.047,-0.15,3.736,-0.15,3.736
2543694,0,8,2.792,-0.075,0.666,-0.142,1.227,0.057,3.765,-0.119,3.534,-0.119,3.534
2543704,0,8,2.792,-0.034,1.218,-0.049,0.934,0.164,3.54,-0.063,3.091,-0.063,3.091
2543714,0,8,2.792,-0.032,2.082,-0.057,1.786,0.221,3.433,-0.009,2.945,-0.009,2.945
2543724,0,8,2.792,0.022,1.985,0.01,1.871,0.172,3.472,0.03,3,0.03,3
2543734,0,8,2.792,0.072,2.096,0.046,2.025,0.139,3.579,0.051,3.033,0.051,3.033
2543744,0,8,2.792,0.007,0.208,0.033,0.604,0.151,3.777,0.069,2.955,0.069,2.955
2543754,0,8,2.792,0,0.019,-0.002,0.077,0.215,4.038,0.085,2.96,0.085,2.96
2543764,0,8,2.792,0.014,0.313,0.005,0.469,0.232,4.203,0.103,3.059,0.103,3.059
2543774,0,8,2.792,0.078,1.089,0.092,1.116,0.204,4.232,0.115,3.219,0.115,3.219
2543784,0,8,2.792,0.172,1.903,0.132,1.496,0.181,4.322,0.126,3.396,0.126,3.396
2543794,0,8,2.792,0.258,2.179,0.236,1.966,0.217,4.369,0.159,3.42,0.159,3.42
2543804,0,8,2.792,0.116,1.032,0.181,1.63,0.221,4.339,0.184,3.682,0.184,3.682
2543814,0,8,2.792,0.01,0.092,0.031,0.341,0.165,4.118,0.17,3.586,0.17,3.586
2543824,0,8,2.792,0.087,1.973,0.077,1.387,0.087,3.91,0.14,3.504,0.14,3.504
2543834,0,8,2.792,0.063,2.1,0.089,2.026,0.055,3.904,0.114,3.412,0.114,3.412
2543844,0,8,2.792,0.042,2.211,0.067,2.142,0.071,4.098,0.098,3.473,0.098,3.473
2543854,0,8,2.792,-0.017,2.292,0.004,2.235,0.125,4.355,0.09,3.659,0.09,3.659
2543864,0,8,2.792,0.004,2.343,0.009,2.252,0.096,4.59,0.082,3.928,0.082,3.928
2543874,0,8,2.792,-0.062,2.278,-0.035,2.313,0.142,4.602,0.07,4.08,0.07,4.08
2543884,0,8,2.792,-0.145,2.138,-0.114,2.194,0.197,4.613,0.073,4.219,0.073,4.219
2543894,0,8,2.792,-0.144,2.226,-0.149,2.192,0.162,4.703,0.07,4.334,0.07,4.334
2543904,0,8,2.792,-0.163,2.171,-0.166,2.188,0.001,4.916,0.044,4.534,0.044,4.534
2543914,0,8,2.792,-0.131,2.355,-0.113,2.251,-0.135,5.014,-0.013,4.713,-0.013,4.713
2543924,0,8,2.792,-0.096,2.572,-0.087,2.318,-0.187,4.861,-0.06,4.796,-0.06,4.796
2543934,0,8,2.792,-0.178,2.302,-0.203,2.443,-0.213,4.619,-0.104,4.674,-0.104,4.674
2543944,0,8,2.792,-0.31,2.178,-0.281,2.235,-0.189,4.586,-0.142,4.541,-0.142,4.541
2543954,0,8,2.792,-0.357,2.258,-0.347,2.27,-0.123,4.93,-0.154,4.656,-0.154,4.656
2543964,0,0,2.792,-0.303,2.24,-0.306,2.241,-0.16,5.325,-0.174,4.97,-0.174,4.97
2543974,0,0,2.792,-0.248,2.383,-0.24,2.349,-0.132,5.507,-0.18,5.33,-0.18,5.33
2543984,0,0,2.792,-0.286,2.378,-0.3,2.395,-0.074,5.364,-0.166,5.356,-0.166,5.356
2543994,0,0,2.792,-0.329,2.537,-0.338,2.405,-0.082,5.193,-0.158,5.21,-0.158,5.21
2544004,0,0,2.792,-0.332,2.183,-0.329,2.301,-0.167,5.196,-0.174,5.127,-0.174,5.127
2544014,0,0,2.792,-0.327,2.372,-0.336,2.292,-0.207,5.374,-0.199,5.223,-0.199,5.223
2544024,0,0,2.792,-0.33,2.344,-0.356,2.358,-0.15,5.479,-0.217,5.317,-0.217,5.317
2544034,0,0,2.792,-0.323,2.503,-0.32,2.481,-0.103,5.354,-0.228,5.237,-0.228,5.237
2544044,0,0,2.792,-0.32,2.596,-0.31,2.44,-0.117,5.292,-0.228,5.137,-0.228,5.137
2544054,0,0,2.792,-0.276,2.524,-0.292,2.455,-0.186,5.37,-0.231,5.168,-0.231,5.168
2544064,0,0,2.792,-0.29,2.48,-0.313,2.512,-0.281,5.44,-0.253,5.259,-0.253,5.259
2544074,0,0,2.792,-0.297,2.447,-0.303,2.487,-0.318,5.444,-0.275,5.333,-0.275,5.333
2544084,0,0,2.792,-0.28,2.712,-0.274,2.701,-0.315,5.412,-0.285,5.187,-0.285,5.187
2544094,0,0,2.792,-0.24,2.778,-0.245,2.56,-0.253,5.427,-0.275,5.15,-0.275,5.15
2544104,0,0,2.792,-0.202,2.795,-0.209,2.637,-0.204,5.47,-0.249,5.209,-0.249,5.209
2544114,0,0,2.792,-0.141,2.661,-0.173,2.747,-0.202,5.496,-0.228,5.301,-0.228,5.301
2544124,0,0,2.792,-0.114,2.904,-0.129,2.812,-0.238,5.49,-0.207,5.289,-0.207,5.289
2544134,0,0,2.792,-0.104,2.922,-0.113,2.807,-0.237,5.514,-0.187,5.296,-0.187,5.296
2544144,0,0,2.792,-0.048,2.805,-0.03,2.733,-0.18,5.594,-0.175,5.43,-0.175,5.43
2544154,0,0,2.792,0.065,2.879,0.039,2.842,-0.087,5.641,-0.122,5.445,-0.122,5.445
2544164,0,0,2.792,0.115,2.841,0.073,2.823,-0.006,5.656,-0.04,5.293,-0.04,5.293
2544174,0,0,2.792,0.205,2.903,0.173,2.773,-0.007,5.68,-0.009,5.504,-0.009,5.504
2544184,0,0,2.792,0.301,2.906,0.284,2.902,-0.012,5.646,0.066,5.438,0.066,5.438
2544194,0,0,2.792,0.28,2.895,0.281,2.802,0.032,5.553,0.088,5.467,0.088,5.467
2544204,0,0,2.792,0.362,2.737,0.329,2.745,0.102,5.525,0.121,5.428,0.121,5.428
2544214,0,0,2.792,0.506,2.945,0.46,2.833,0.175,5.531,0.195,5.376,0.195,5.376
2544224,0,0,2.792,0.571,3.021,0.588,2.997,0.263,5.347,0.269,5.302,0.269,5.302
2544234,0,0,2.792,0.581,2.922,0.597,3.015,0.351,5.05,0.304,5.138,0.304,5.138
2544244,0,0,2.792,0.53,2.918,0.516,2.833,0.375,4.87,0.345,4.925,0.345,4.925
2544254,0,0,2.792,0.571,3.095,0.578,3.059,0.312,4.916,0.357,4.868,0.357,4.868
2544264,0,0,2.792,0.629,2.957,0.673,2.98,0.293,5.068,0.355,4.963,0.355,4.963
2544274,0,0,2.792,0.59,2.775,0.615,2.864,0.318,5.165,0.356,5.095,0.356,5.095
2544284,0,0,2.792,0.459,2.781,0.443,2.773,0.221,5.155,0.341,5.124,0.341,5.124
2544294,0,0,2.792,0.429,2.698,0.433,2.752,0.054,5.189,0.291,5.137,0.291,5.137
2544304,0,0,2.792,0.359,2.848,0.395,2.826,-0.075,5.236,0.209,5.183,0.209,5.183
2544314,0,0,2.792,0.408,2.841,0.495,2.92,-0.015,5.217,0.156,5.197,0.156,5.197
2544324,0,0,2.792,0.395,2.867,0.434,2.88,0.137,5.151,0.158,5.156,0.158,5.156
2544334,0,0,2.792,0.269,2.765,0.27,2.727,0.214,5.022,0.182,5.046,0.182,5.046
2544344,0,0,2.792,0.257,3.075,0.247,2.947,0.193,4.908,0.199,4.9,0.199,4.9
2544354,-2,0,2.792,0.136,3.059,0.178,3.014,0.083,5,0.184,4.909,0.184,4.909
2544364,-2,0,2.792,0.058,2.948,0.09,2.96,-0.002,5.101,0.136,4.976,0.136,4.976
2544374,-2,0,2.792,-0.024,2.911,0.01,2.852,-0.006,5.196,0.065,4.788,0.065,4.788
2544384,-2,0,2.792,-0.081,3.013,-0.052,3.072,-0.008,5.381,0.04,5.13,0.04,5.13
2544394,-2,0,2.792,-0.091,3.169,-0.088,3.123,-0.052,5.58,0,5.34,0,5.34
2544404,-2,0,2.792,-0.158,3.169,-0.137,3.162,-0.119,5.675,-0.042,5.491,-0.042,5.491
2544414,-2,0,2.792,-0.181,3.077,-0.183,3.156,-0.135,5.608,-0.091,5.5,-0.091,5.5
2544424,-2,0,2.792,-0.252,3.285,-0.242,3.299,-0.118,5.458,-0.118,5.419,-0.118,5.419
2544434,-2,0,2.792,-0.298,3.31,-0.287,3.308,-0.068,5.415,-0.148,5.304,-0.148,5.304
2544444,-2,0,2.792,-0.283,3.249,-0.266,3.22,-0.058,5.495,-0.214,5.086,-0.214,5.086
2544454,-2,0,2.792,-0.345,3.097,-0.321,3.137,-0.095,5.641,-0.221,5.303,-0.221,5.303
2544464,-2,0,2.792,-0.365,3.064,-0.381,3.101,-0.194,5.749,-0.236,5.506,-0.236,5.506
2544474,-2,0,2.792,-0.432,3.231,-0.451,3.224,-0.302,5.755,-0.263,5.65,-0.263,5.65
2544484,-2,0,2.792,-0.426,3.045,-0.428,3.027,-0.436,5.783,-0.302,5.723,-0.302,5.723
2544494,-2,0,2.792,-0.29,1.766,-0.388,2.579,-0.542,5.9,-0.377,5.625,-0.377,5.625
2544504,-2,0,2.792,-0.026,0.159,-0.081,0.526,-0.507,6.076,-0.39,5.835,-0.39,5.835
2544514,-2,0,2.792,-0.003,0.014,-0.035,0.079,-0.368,6.075,-0.335,5.813,-0.335,5.813
2544524,-2,0,2.792,-0.16,0.709,-0.067,0.199,-0.234,5.744,-0.285,5.729,-0.285,5.729
2544534,-2,0,2.792,-0.348,2.96,-0.322,2.529,-0.118,5.188,-0.253,5.337,-0.253,5.337
2544544,-2,0,2.792,-0.311,3.567,-0.311,3.311,-0.013,4.744,-0.233,4.858,-0.233,4.858
2544554,-2,0,2.792,-0.187,3.536,-0.202,3.425,0.012,4.613,-0.182,4.681,-0.182,4.681
2544564,-2,0,2.792,-0.131,3.557,-0.165,3.498,-0.03,4.779,-0.142,4.661,-0.142,4.661
2544574,-2,0,2.792,-0.085,3.146,-0.097,3.27,-0.099,5.109,-0.124,4.849,-0.124,4.849
2544584,-2,0,2.792,0.087,3.034,0.062,3.109,-0.181,5.425,-0.127,5.23,-0.127,5.23
2544594,-4,0,2.792,0.049,2.791,0.099,2.979,-0.208,5.514,-0.131,5.429,-0.131,5.429
2544604,-4,0,2.792,0.004,0.275,-0.006,0.81,-0.328,5.295,-0.157,5.355,-0.157,5.355
2544614,-4,0,2.792,0,0.025,-0.023,0.08,-0.531,4.807,-0.22,4.964,-0.22,4.964
2544625,-4,0,2.792,0,0.002,0.045,0.027,-0.706,4.363,-0.319,4.587,-0.319,4.587
2544635,-4,0,2.792,-0.002,0.031,0.023,0.032,-0.792,4.181,-0.392,4.215,-0.392,4.215
2544645,-4,0,2.792,0.045,-0.021,0.059,-0.014,-0.89,4.288,-0.458,4.001,-0.458,4.001
2544655,-4,0,2.792,0.004,-0.002,0.019,-0.009,-0.962,4.591,-0.509,3.945,-0.509,3.945
2544665,-4,0,2.792,0.017,2.05,0.04,1.022,-0.969,4.912,-0.554,4.098,-0.554,4.098
2544675,-4,0,2.792,-0.004,3.078,0.028,2.826,-0.853,5.024,-0.553,4.456,-0.553,4.456
2544685,-4,0,2.792,-0.07,3.43,-0.038,3.307,-0.725,4.927,-0.435,4.556,-0.435,4.556
2544695,-4,0,2.792,-0.151,3.213,-0.124,3.128,-0.699,4.877,-0.449,4.699,-0.449,4.699
2544705,-4,0,2.792,-0.253,3.184,-0.201,3.128,-0.79,4.838,-0.49,4.752,-0.49,4.752
2544715,-4,0,2.792,-0.32,3.045,-0.295,3.096,-0.972,4.621,-0.572,4.674,-0.572,4.674
2544725,-4,0,2.792,-0.405,2.984,-0.346,3.028,-1.269,4.27,-0.675,4.436,-0.675,4.436
2544735,-4,0,2.792,-0.473,2.897,-0.445,2.888,-1.587,3.986,-0.829,4.147,-0.829,4.147
2544745,-4,0,2.792,-0.506,2.954,-0.456,2.844,-1.805,3.862,-0.928,3.871,-0.928,3.871
2544755,-4,0,2.792,-0.588,3.006,-0.539,3.037,-1.864,3.83,-1.132,3.816,-1.132,3.816
2544765,-4,0,2.792,-0.665,3.006,-0.653,3.068,-1.755,3.906,-1.274,3.806,-1.274,3.806
2544775,-4,0,2.792,-0.715,2.976,-0.728,3.088,-1.517,4.06,-1.297,3.845,-1.297,3.845
2544785,-4,0,2.792,-0.728,3.225,-0.721,3.142,-1.312,4.227,-1.245,3.932,-1.245,3.932
2544795,-4,0,2.792,-0.732,2.927,-0.745,2.961,-1.149,4.432,-1.126,4.003,-1.126,4.003
2544805,-4,0,2.792,-0.722,2.922,-0.709,2.829,-1.054,4.648,-1.055,4.185,-1.055,4.185
2544815,-4,0,2.792,-0.647,2.965,-0.657,2.94,-1.09,4.601,-1.025,4.379,-1.025,4.379
2544825,-4,0,2.792,-0.642,2.82,-0.609,2.863,-1.351,4.217,-1.035,4.293,-1.035,4.293
2544835,-4,0,2.792,-0.58,2.647,-0.601,2.673,-1.731,3.71,-1.094,3.967,-1.094,3.967
2544845,-4,0,2.792,-0.385,1.56,-0.496,2.224,-2.165,3.266,-1.2,3.584,-1.2,3.584
2544855,-6,0,2.792,-0.035,0.14,-0.101,0.475,-2.54,2.989,-1.339,3.124,-1.339,3.124
2544865,-6,0,2.792,-0.003,0.013,0.035,0.053,-2.72,2.982,-1.312,2.494,-1.312,2.494
2544875,-6,0,2.792,0,0.001,0.023,0.027,-2.591,3.222,-1.569,2.539,-1.569,2.539
2544885,-6,0,2.792,0.018,-0.021,0.002,0.007,-2.313,3.561,-1.742,2.744,-1.742,2.744
2544895,-6,0,2.792,-0.407,1.535,-0.179,0.631,-1.964,3.803,-1.373,2.407,-1.373,2.407
2544905,-6,0,2.792,-0.756,2.724,-0.695,2.589,-1.661,4.011,-1.439,2.987,-1.439,2.987
2544915,-6,0,2.792,-0.461,1.455,-0.674,2.23,-1.382,4.295,-1.368,3.464,-1.368,3.464
2544925,-6,0,2.792,-0.636,2.058,-0.505,1.706,-1.253,4.608,-1.214,3.646,-1.214,3.646
2544934,-6,0,2.792,-0.885,2.448,-0.775,2.28,-1.295,4.739,-1.154,3.994,-1.154,3.994
2544945,-6,0,2.792,-0.849,2.298,-0.857,2.515,-1.515,4.554,-1.168,4.159,-1.168,4.159
2544955,-6,0,2.792,-0.081,0.215,-0.227,0.675,-1.962,3.985,-0.953,3.34,-0.953,3.34
2544964,-6,0,2.792,-0.007,0.019,-0.03,0.098,-2.606,3.183,-1.096,3.019,-1.096,3.019
2544974,-6,0,2.792,0,0.002,0.031,0.005,-3.221,2.41,-1.319,2.475,-1.319,2.475
2544985,-6,0,2.792,0,0,0.019,0.019,-3.619,1.831,-1.762,2.137,-1.762,2.137
2544995,-6,0,2.792,0,0,0.01,0.003,-3.801,1.545,-2.125,1.736,-2.125,1.736
2545005,-6,0,2.792,0.015,0,0.034,0,-3.564,1.817,-2.134,1.37,-2.134,1.37
2545015,-6,0,2.792,-0.311,0.263,-0.128,0.113,-2.967,2.487,-1.517,0.973,-1.517,0.973
2545025,-6,0,2.792,-1.423,2.417,-1.203,1.981,-2.325,3.271,-1.699,1.437,-1.699,1.437
2545035,0,0,2.792,-1.631,2.716,-1.607,2.651,-1.806,3.949,-1.741,2.192,-1.741,2.192
2545045,0,0,2.792,-1.507,2.333,-1.543,2.43,-1.421,4.583,-1.671,2.964,-1.671,2.964
2545054,0,0,2.792,-1.481,2.297,-1.53,2.344,-1.242,4.985,-1.547,3.663,-1.547,3.663
2545065,0,0,2.792,-0.975,1.553,-1.366,2.141,-1.346,4.833,-1.476,4.142,-1.476,4.142
2545075,0,0,2.792,-1.257,2.016,-1.032,1.673,-1.712,4.116,-1.422,4.049,-1.422,4.049
2545085,0,0,2.792,-1.468,2.282,-1.397,2.231,-2.256,3.18,-1.575,3.669,-1.575,3.669
2545095,0,0,2.792,-1.485,2.302,-1.427,2.272,-2.781,2.273,-1.84,3.138,-1.84,3.138
2545105,0,0,2.792,-0.492,0.815,-0.911,1.538,-3.242,1.471,-2.012,2.524,-2.012,2.524
2545115,0,0,2.792,0.117,0.072,-0.113,0.276,-3.634,0.842,-2.186,1.882,-2.186,1.882
2545125,0,0,2.792,0.027,0.005,0.088,0.029,-3.892,0.604,-2.359,1.331,-2.359,1.331
2545134,0,0,2.792,-0.985,1.618,-0.484,0.924,-3.875,0.849,-2.733,1.094,-2.733,1.094
2545145,0,0,2.792,-1.764,2.739,-1.526,2.38,-3.577,1.434,-2.99,1.195,-2.99,1.195
2545155,0,0,2.792,-1.8,2.604,-1.752,2.579,-3.072,2.194,-2.882,1.624,-2.882,1.624
2545165,0,0,2.792,-1.757,2.55,-1.752,2.554,-2.565,3.036,-2.689,2.077,-2.689,2.077
2545174,0,0,2.792,-1.586,2.425,-1.574,2.352,-2.119,3.87,-2.288,2.558,-2.288,2.558
2545185,0,0,2.792,-1.584,2.433,-1.631,2.461,-1.811,4.522,-2.061,3.057,-2.061,3.057
2545195,0,0,2.792,-1.704,2.516,-1.681,2.439,-1.851,4.517,-1.961,3.632,-1.961,3.632
2545205,0,0,2.792,-1.724,2.446,-1.634,2.475,-2.147,3.731,-1.975,3.797,-1.975,3.797
2545214,0,0,2.792,-0.372,0.538,-0.829,1.235,-2.506,2.642,-1.874,3.117,-1.874,3.117
2545225,0,0,2.792,-0.033,0.048,-0.142,0.199,-2.918,1.513,-1.747,2.3,-1.747,2.3
2545235,0,0,2.792,-0.003,0.004,-0.016,0.04,-3.372,0.566,-1.654,1.474,-1.654,1.474
2545245,0,0,2.792,0,0,0.028,0.029,-3.825,0.031,-2.019,1.028,-2.019,1.028
2545254,0,0,2.792,0,0.009,0.045,0.027,-4.003,0.077,-2.494,0.699,-2.494,0.699
2545265,0,0,2.792,0.03,-0.118,0.04,-0.132,-3.808,0.683,-2.882,0.58,-2.882,0.58
2545275,0,0,2.792,-0.778,0.9,-0.428,0.422,-3.347,1.573,-2.245,0.5,-2.245,0.5
2545285,0,0,2.792,-1.73,2.063,-1.531,1.807,-2.809,2.582,-2.376,0.976,-2.376,0.976
2545295,0,0,2.792,-1.866,2.252,-1.737,2.092,-2.264,3.532,-2.193,1.767,-2.193,1.767
2545305,0,0,2.792,-1.986,2.534,-1.885,2.362,-1.844,4.209,-2.106,2.451,-2.106,2.451
2545315,0,0,2.792,-1.85,2.325,-1.982,2.432,-1.737,4.316,-1.989,3.123,-1.989,3.123
2545325,0,0,2.792,-1.97,2.398,-2.035,2.47,-2.022,3.685,-1.962,3.446,-1.962,3.446
2545335,0,0,2.792,-1.789,2.179,-1.788,2.257,-2.365,2.589,-2.041,3.186,-2.041,3.186
2545345,0,0,2.792,-0.606,0.831,-1.104,1.49,-2.629,1.342,-2.11,2.573,-2.11,2.573
2545355,0,-2,2.792,-0.054,0.074,-0.195,0.274,-2.814,0.082,-2.221,1.851,-2.221,1.851
2545365,0,-2,2.792,-0.006,0.007,-0.054,0.074,-2.826,-0.87,-2.183,1.025,-2.183,1.025
2545375,0,-2,2.792,0,0,-0.011,0.022,-2.717,-1.157,-2.219,0.42,-2.219,0.42
2545385,0,-2,2.792,-0.477,1.028,0.181,0.501,-2.636,-0.517,-1.89,0.121,-1.89,0.121
2545395,0,-2,2.792,-1.777,2.105,-1.459,1.831,-2.55,0.486,-1.935,0.275,-1.935,0.275
2545405,0,-2,2.792,-1.552,1.748,-1.721,2.004,-2.466,1.361,-2.081,0.639,-2.081,0.639
2545415,0,-2,2.792,-0.143,0.162,-0.445,0.477,-2.373,2.038,-2.016,0.969,-2.016,0.969
2545425,0,-2,2.792,-1.339,1.392,-0.833,0.807,-2.336,2.635,-1.629,1.051,-1.629,1.051
2545435,0,-2,2.792,-1.831,2.013,-1.772,1.916,-2.368,2.954,-1.81,1.553,-1.81,1.553
2545444,0,-2,2.792,-1.875,1.87,-1.923,1.999,-2.545,2.891,-2.019,2.008,-2.019,2.008
2545454,0,-2,2.792,-0.176,0.173,-0.502,0.519,-2.792,2.431,-2.152,2.126,-2.152,2.126
2545465,0,-2,2.792,-0.016,0.015,-0.049,0.089,-2.922,1.558,-2.264,1.924,-2.264,1.924
2545475,0,-2,2.792,0,0.001,-0.022,0.061,-2.835,0.584,-2.351,1.508,-2.351,1.508
2545485,0,-2,2.792,0,0,-0.001,0.012,-2.532,-0.221,-2.292,0.988,-2.292,0.988
2545495,0,-2,2.792,0.025,0.059,-0.007,0.015,-2.141,-0.816,-2.144,0.492,-2.144,0.492
2545505,0,-2,2.792,-0.323,0.965,0.121,0.59,-1.869,-0.763,-1.798,0.138,-1.798,0.138
2545515,0,-2,2.792,-1.886,1.801,-1.618,1.688,-1.915,-0.003,-1.781,0.108,-1.781,0.108
2545525,0,-2,2.792,-2.005,1.84,-1.971,1.846,-2.078,0.704,-1.86,0.317,-1.86,0.317
2545534,0,-2,2.792,-2.066,1.856,-1.964,1.803,-2.296,1.2,-1.976,0.715,-1.976,0.715
2545545,0,-2,2.792,-0.246,0.23,-0.647,0.641,-2.512,1.505,-2.098,0.941,-2.098,0.941
2545555,0,-2,2.792,-0.022,0.021,-0.117,0.132,-2.585,1.527,-2.17,1.077,-2.17,1.077
2545565,0,-2,2.792,-0.002,0.002,-0.045,0.032,-2.363,1.238,-2.13,1.086,-2.13,1.086
2545574,0,-2,2.792,0,0,-0.026,0.002,-1.992,0.653,-2.025,0.966,-2.025,0.966
2545585,0,-2,2.792,0,0,-0.011,-0.006,-1.652,-0.167,-1.837,0.677,-1.837,0.677
2545595,0,-2,2.792,-0.885,0.908,-0.439,0.546,-1.544,-0.904,-1.556,0.292,-1.556,0.292
2545605,0,-2,2.792,-1.578,1.528,-1.386,1.408,-1.762,-1.135,-1.55,0.002,-1.55,0.002
2545614,0,-2,2.792,-1.633,1.519,-1.638,1.523,-1.982,-0.828,-1.66,-0.083,-1.66,-0.083
2545625,0,-2,2.792,-0.611,0.559,-1.133,1.053,-2.016,-0.346,-1.738,0.131,-1.738,0.131
2545635,0,-2,2.792,-0.055,0.05,-0.193,0.203,-1.93,-0.086,-1.508,0.209,-1.508,0.209
2545645,0,-2,2.792,-0.005,0.005,-0.039,0.023,-1.864,-0.041,-1.502,0.145,-1.502,0.145
2545654,0,-2,2.792,-0.148,0.133,-0.279,0.236,-1.733,-0.253,-1.267,0.122,-1.267,0.122
2545665,0,-4,2.792,-0.013,0.012,-0.063,0.055,-1.558,-0.547,-1.274,-0.002,-1.274,-0.002
2545675,0,-4,2.792,-0.015,0.012,-0.017,0.056,-1.57,-0.546,-1.193,-0.122,-1.193,-0.122
2545684,0,-4,2.792,-1.291,1.053,-0.949,0.795,-1.669,-0.3,-1.131,-0.053,-1.131,-0.053
2545694,0,-4,2.792,-1.494,1.169,-1.438,1.137,-1.686,-0.115,-1.289,0.063,-1.289,0.063
2545705,0,-4,2.792,-1.445,1.092,-1.412,1.089,-1.673,-0.024,-1.412,0.236,-1.412,0.236
2545715,0,-4,2.792,-0.146,0.109,-0.425,0.335,-1.627,-0.125,-1.357,0.309,-1.357,0.309
2545725,0,-4,2.792,-0.013,0.01,-0.066,0.064,-1.506,-0.505,-1.213,0.149,-1.213,0.149
2545735,0,-4,2.792,-0.001,0,-0.022,0.03,-1.232,-1.158,-0.996,-0.075,-0.996,-0.075
2545745,0,-4,2.792,0,0,-0.027,0.034,-0.852,-1.837,-0.748,-0.331,-0.748,-0.331
2545755,0,-4,2.792,0,0,-0.016,0.007,-0.554,-2.46,-0.682,-0.767,-0.682,-0.767
2545765,0,-4,2.792,0,0,0.034,0.027,-0.56,-2.516,-0.604,-1.228,-0.604,-1.228
2545775,0,-4,2.792,0,0,0.014,0.028,-0.936,-1.762,-0.567,-1.309,-0.567,-1.309
2545785,0,-4,2.792,0,0,0.015,0.019,-1.346,-0.889,-0.544,-0.945,-0.544,-0.945
2545795,0,-4,2.792,0,0,-0.009,-0.015,-1.726,-0.241,-0.751,-0.745,-0.751,-0.745
2545805,0,-4,2.792,0,0,0.032,-0.024,-1.986,0.089,-0.91,-0.46,-0.91,-0.46
2545815,0,-4,2.792,0,0,0.024,-0.005,-2.068,0.184,-1.129,-0.27,-1.129,-0.27
2545825,0,-4,2.792,-0.514,0.223,-0.227,0.097,-1.942,-0.015,-1.349,-0.17,-1.349,-0.17
2545835,0,-4,2.792,-0.496,0.19,-0.818,0.308,-1.614,-0.148,-1.449,-0.133,-1.449,-0.133
2545845,0,-4,2.792,-0.044,0.017,-0.16,0.063,-1.082,-0.355,-1.223,-0.103,-1.223,-0.103
2545855,0,-4,2.792,-0.004,0.002,-0.03,0.003,-0.387,-0.966,-0.859,-0.202,-0.859,-0.202
2545865,0,-4,2.792,0,0,-0.011,0.004,0.285,-1.912,-0.564,-0.501,-0.564,-0.501
2545875,0,-4,2.792,0,0,-0.039,0.04,0.729,-2.855,-0.243,-1.028,-0.243,-1.028
2545885,0,-4,2.792,0,0,-0.004,0.05,0.543,-3.246,0.003,-1.659,0.003,-1.659
2545894,0,-4,2.792,-0.409,0.13,-0.106,0.039,-0.155,-3.025,0.029,-2.124,0.029,-2.124
2545905,0,-6,2.792,-1.021,0.273,-0.824,0.182,-0.808,-2.364,-0.173,-2.107,-0.173,-2.107
2545915,0,-6,2.792,-0.411,0.109,-0.771,0.249,-1.388,-1.554,-0.486,-1.939,-0.486,-1.939
2545925,0,-6,2.792,-0.227,0.054,-0.231,0.049,-1.705,-0.62,-0.703,-1.252,-0.703,-1.252
2545934,0,-6,2.792,-1.254,0.421,-1.029,0.298,-1.761,0.115,-0.977,-0.885,-0.977,-0.885
2545944,0,-6,2.792,-0.598,0.203,-0.96,0.33,-1.466,0.514,-1.168,-0.449,-1.168,-0.449
2545954,0,-6,2.792,-0.105,0.032,-0.28,0.074,-1.061,0.537,-1.155,-0.16,-1.155,-0.16
2545964,0,-6,2.792,-0.009,0.003,-0.094,0.022,-0.727,0.154,-1.015,-0.03,-1.015,-0.03
2545974,0,-6,2.792,0,0,-0.031,0.023,-0.227,-0.339,-0.786,-0.057,-0.786,-0.057
2545984,0,-6,2.792,0,0,-0.021,0.006,0.407,-1.074,-0.474,-0.241,-0.474,-0.241
2545994,0,-6,2.792,0,0,-0.006,0.053,0.778,-2.027,-0.144,-0.628,-0.144,-0.628
2546004,0,-6,2.792,0,0,0.002,0.016,0.567,-2.763,0.078,-1.093,0.078,-1.093
2546014,0,-6,2.792,0,0,0.006,-0.007,0.032,-3.306,0.112,-1.653,0.112,-1.653
2546027,0,-6,2.792,0,0,-0.011,0.01,-0.418,-3.685,0.007,-2.215,0.007,-2.215
2546035,0,-6,2.792,-0.734,0.112,-0.566,0.102,-0.881,-3.143,-0.226,-2.649,-0.226,-2.649
2546045,0,-6,2.792,-0.943,0.082,-0.818,0.077,-1.131,-2.228,-0.443,-2.497,-0.443,-2.497
2546055,0,-6,2.792,-0.751,0.103,-0.978,0.112,-1.294,-1.198,-0.735,-1.854,-0.735,-1.854
2546065,0,-6,2.792,-0.306,0.046,-0.431,0.072,-1.276,-0.414,-0.845,-1.251,-0.845,-1.251
2546075,0,-6,2.792,-0.288,0.048,-0.202,0.01,-1.092,0.088,-0.897,-0.871,-0.897,-0.871
2546085,0,-6,2.792,-0.073,0.019,-0.206,0.05,-0.737,-0.135,-0.807,-0.524,-0.807,-0.524
2546095,0,-6,2.792,-0.121,-0.024,-0.089,-0.027,-0.284,-0.844,-0.609,-0.452,-0.609,-0.452
2546105,0,-6,2.792,-0.043,-0.006,-0.071,0.075,0.02,-1.38,-0.423,-0.586,-0.423,-0.586
2546115,0,-6,2.792,-0.029,0,-0.063,0.027,-0.072,-1.569,-0.237,-0.54,-0.237,-0.54
2546125,0,-6,2.792,-0.003,0,-0.025,0.005,-0.23,-1.956,-0.191,-0.709,-0.191,-0.709
2546134,0,-6,2.792,0,0,0.005,0,-0.253,-2.655,-0.182,-1.019,-0.182,-1.019
2546145,0,-6,2.792,0,0,0.008,0.051,-0.291,-3.249,-0.175,-1.393,-0.175,-1.393
2546155,0,-6,2.792,-0.116,-0.061,-0.087,-0.013,-0.435,-3.549,-0.215,-1.93,-0.215,-1.93
2546165,0,-6,2.792,-0.034,-0.015,-0.1,-0.033,-0.474,-3.548,-0.266,-2.208,-0.266,-2.208
2546174,0,-6,2.792,-0.019,-0.031,-0.03,0.015,-0.279,-3.193,-0.274,-2.452,-0.274,-2.452
2546185,0,-6,2.792,-0.011,-0.014,-0.022,0.021,-0.08,-2.779,-0.193,-2.161,-0.193,-2.161
2546195,0,-6,2.792,-0.082,-0.056,-0.071,-0.042,0.002,-2.579,-0.131,-2.02,-0.131,-2.02
2546205,0,-6,2.792,-0.007,-0.005,-0.041,-0.006,-0.089,-2.591,-0.099,-1.867,-0.099,-1.867
2546214,0,-6,2.792,0,0,-0.026,0.007,-0.333,-2.604,-0.121,-1.842,-0.121,-1.842
2546225,0,-6,2.792,0,0,-0.002,0.03,-0.622,-2.649,-0.167,-1.609,-0.167,-1.609
2546235,0,-6,2.792,0,0,-0.032,-0.007,-0.86,-2.756,-0.288,-1.763,-0.288,-1.763
2546245,0,-6,2.792,0,0,-0.018,0.003,-0.93,-3.063,-0.396,-1.885,-0.396,-1.885
2546255,0,-6,2.792,0,0,0.005,0.039,-0.947,-3.311,-0.456,-2.001,-0.456,-2.001
2546265,0,-6,2.792,0,0,0.016,0.037,-0.965,-3.401,-0.489,-2.089,-0.489,-2.089
2546275,0,-6,2.792,0,0,-0.03,0.001,-0.927,-3.498,-0.573,-2.421,-0.573,-2.421
2546285,0,-6,2.792,0,0,-0.058,0.009,-0.81,-3.679,-0.56,-2.513,-0.56,-2.513
2546294,0,-6,2.792,0,0,-0.001,0.008,-0.691,-3.793,-0.544,-2.715,-0.544,-2.715
2546305,0,-6,2.792,-0.093,-0.199,-0.072,-0.084,-0.539,-3.853,-0.517,-2.982,-0.517,-2.982
2546315,0,-6,2.792,-0.139,-0.173,-0.063,-0.139,-0.319,-3.753,-0.463,-3.199,-0.463,-3.199
2546325,0,-6,2.792,-0.3,-0.485,-0.229,-0.402,0.077,-3.214,-0.339,-3.175,-0.339,-3.175
2546335,0,-6,2.792,-0.295,-0.522,-0.276,-0.497,0.253,-2.389,-0.19,-2.843,-0.19,-2.843
2546345,0,-6,2.792,-0.35,-0.593,-0.401,-0.635,0.214,-2.078,-0.091,-2.488,-0.091,-2.488
2546355,0,-6,2.792,-0.269,-0.541,-0.365,-0.537,0.145,-2.223,-0.065,-2.196,-0.065,-2.196
2546365,0,-6,2.792,-0.305,-0.671,-0.311,-0.636,0.165,-2.247,-0.019,-2.165,-0.019,-2.165
2546375,0,-6,2.792,-0.254,-0.604,-0.246,-0.645,0.143,-2.316,0.009,-2.132,0.009,-2.132
2546385,0,-6,2.792,-0.252,-0.738,-0.211,-0.627,0.138,-2.594,0.026,-2.164,0.026,-2.164
2546395,0,-6,2.792,-0.041,-0.11,-0.065,-0.303,0.133,-2.949,0.043,-2.291,0.043,-2.291
2546405,0,-6,2.792,-0.004,-0.01,-0.003,-0.051,0.069,-3.275,0.053,-2.477,0.053,-2.477
2546415,0,-6,2.792,-0.008,-0.02,-0.013,-0.014,0.027,-3.423,0.038,-2.575,0.038,-2.575
2546425,0,-6,2.792,-0.048,-0.435,-0.075,-0.35,0.033,-3.133,0.03,-2.68,0.03,-2.68
2546435,0,-6,2.792,-0.062,-0.558,-0.028,-0.561,0.042,-2.875,0.028,-2.661,0.028,-2.661
2546445,0,-6,2.792,-0.01,-0.084,0.004,-0.187,0.046,-2.973,0.029,-2.582,0.029,-2.582
2546455,0,-6,2.792,0,-0.008,0.015,-0.015,-0.051,-3.337,0.018,-2.567,0.018,-2.567
2546465,0,-6,2.792,0,0,0.001,-0.004,-0.249,-3.859,-0.031,-2.859,-0.031,-2.859
2546475,0,-6,2.792,0,0,0.001,-0.02,-0.384,-4.209,-0.109,-3.224,-0.109,-3.224
2546485,0,-6,2.792,0,0,-0.044,0.041,-0.235,-3.817,-0.15,-3.349,-0.15,-3.349
2546495,0,-6,2.792,0,0,0.027,0.023,-0.084,-3.304,-0.138,-3.284,-0.138,-3.284
2546505,0,-6,2.792,0,0,0.03,0.006,-0.036,-3.179,-0.05,-2.292,-0.05,-2.292
2546515,0,-6,2.792,0,0,0.005,0.004,-0.063,-3.374,-0.045,-2.51,-0.045,-2.51
2546525,0,-6,2.792,0,0,-0.065,0.018,-0.172,-3.685,-0.064,-2.789,-0.064,-2.789
2546535,0,-6,2.792,0,0,-0.006,0,-0.28,-3.784,-0.106,-2.953,-0.106,-2.953
2546545,0,-6,2.792,0,0,-0.006,0.028,-0.391,-4.022,-0.151,-3.042,-0.151,-3.042
2546555,0,-6,2.792,0,0,-0.003,0.044,-0.47,-4.342,-0.197,-3.175,-0.197,-3.175
2546565,0,-6,2.792,0,0,-0.017,0.041,-0.524,-4.603,-0.246,-3.467,-0.246,-3.467
2546575,0,-6,2.792,0,0,0.002,-0.024,-0.593,-4.448,-0.278,-3.519,-0.278,-3.519
2546585,0,-6,2.792,0,0,-0.003,0.049,-0.602,-4.114,-0.33,-3.62,-0.33,-3.62
2546595,0,-6,2.792,0,0,-0.01,0.024,-0.59,-4.036,-0.312,-3.249,-0.312,-3.249
2546605,0,-6,2.792,0,0,-0.004,0.016,-0.542,-4.283,-0.325,-3.29,-0.325,-3.29
2546615,0,-6,2.792,0,0,-0.021,0.029,-0.479,-4.598,-0.332,-3.536,-0.332,-3.536
2546625,0,-6,2.792,0,0.002,0.012,-0.018,-0.411,-4.69,-0.306,-3.693,-0.306,-3.693
2546635,0,-6,2.792,-0.034,-0.146,-0.038,-0.169,-0.321,-4.396,-0.29,-3.885,-0.29,-3.885
2546645,0,-6,2.792,-0.003,-0.013,-0.016,-0.029,-0.283,-4.172,-0.253,-3.733,-0.253,-3.733
2546655,0,-6,2.792,0,-0.001,-0.013,-0.002,-0.193,-4.283,-0.224,-3.749,-0.224,-3.749
2546665,0,-6,2.792,0,0,-0.033,0.012,-0.066,-4.555,-0.168,-3.757,-0.168,-3.757
2546675,0,-6,2.792,0,0,-0.008,0.003,-0.086,-4.65,-0.133,-4.001,-0.133,-4.001
2546685,0,-6,2.792,-0.009,-0.026,-0.004,-0.08,-0.107,-4.481,-0.111,-3.97,-0.111,-3.97
2546695,0,-6,2.792,-0.099,-0.536,-0.061,-0.307,-0.063,-4.206,-0.094,-3.9,-0.094,-3.9
2546705,0,-6,2.792,-0.009,-0.051,-0.066,-0.136,-0.096,-4.024,-0.087,-3.761,-0.087,-3.761
2546715,0,-6,2.792,0,-0.005,-0.02,0.003,-0.21,-3.978,-0.094,-3.354,-0.094,-3.354
2546725,0,-6,2.792,0,0,-0.02,0.013,-0.271,-4.146,-0.11,-3.16,-0.11,-3.16
2546735,0,-6,2.792,0,0,0.009,0.008,-0.294,-4.417,-0.134,-3.299,-0.134,-3.299
2546745,0,-6,2.792,-0.011,-0.092,-0.006,-0.109,-0.257,-4.431,-0.116,-2.857,-0.116,-2.857
2546755,0,-6,2.792,0,-0.008,0.014,-0.023,-0.199,-4.292,-0.113,-2.878,-0.113,-2.878
2546765,0,0,2.792,0,0,0.01,0.01,-0.149,-4.317,-0.097,-2.854,-0.097,-2.854
2546775,0,0,2.792,-0.027,-0.479,-0.027,-0.184,-0.09,-4.448,-0.087,-3.045,-0.087,-3.045
2546785,0,0,2.792,-0.004,-0.122,0.013,-0.248,-0.073,-4.522,-0.074,-3.286,-0.074,-3.286
2546795,0,0,2.792,0,-0.011,0.004,-0.01,-0.09,-4.509,-0.061,-3.32,-0.061,-3.32
2546805,0,0,2.792,0.011,-0.176,-0.005,-0.173,-0.086,-4.56,-0.054,-3.299,-0.054,-3.299
2546815,0,0,2.792,0,-0.017,-0.011,-0.04,-0.117,-4.592,-0.044,-2.803,-0.044,-2.803
2546825,0,0,2.792,0.035,-0.05,0.028,-0.034,-0.135,-4.608,-0.048,-2.858,-0.048,-2.858
2546835,0,0,2.792,0.055,-0.427,0.081,-0.452,-0.106,-4.621,-0.032,-2.792,-0.032,-2.792
2546845,0,0,2.792,0.163,-1.143,0.085,-0.591,-0.055,-4.65,-0.026,-3.076,-0.026,-3.076
2546855,0,0,2.792,0.322,-1.777,0.271,-1.573,-0.043,-4.699,0.013,-3.328,0.013,-3.328
2546865,0,0,2.792,0.371,-2.002,0.358,-1.936,-0.005,-4.777,0.072,-3.656,0.072,-3.656
2546875,0,0,2.792,0.303,-1.6,0.358,-1.86,0.038,-4.828,0.147,-3.768,0.147,-3.768
2546885,0,0,2.792,0.194,-0.689,0.143,-0.595,0.111,-4.705,0.143,-3.305,0.143,-3.305
2546895,0,0,2.792,0.138,-0.363,0.118,-0.337,0.218,-4.373,0.148,-3.463,0.148,-3.463
2546905,0,0,2.792,0.593,-1.64,0.483,-1.45,0.297,-3.844,0.198,-3.5,0.198,-3.5
2546915,0,0,2.792,0.782,-2.062,0.703,-1.802,0.295,-3.416,0.281,-3.354,0.281,-3.354
2546928,0,0,2.792,0.278,-0.707,0.5,-1.289,0.302,-3.202,0.336,-3.18,0.336,-3.18
2546937,0,0,2.792,0.551,-1.737,0.461,-1.314,0.234,-3.36,0.31,-2.934,0.31,-2.934
2546944,0,0,2.792,0.115,-0.371,0.29,-0.799,0.2,-3.581,0.312,-2.939,0.312,-2.939
2546954,0,0,2.792,0.017,-0.054,0.051,-0.194,0.174,-3.844,0.273,-3.042,0.273,-3.042
2546964,0,0,2.792,0,-0.005,-0.026,-0.027,0.126,-4.265,0.168,-2.7,0.168,-2.7
2546974,0,0,2.792,0.098,-0.074,0.03,0.023,0.021,-4.659,0.123,-3.025,0.123,-3.025
2546984,0,0,2.792,0.199,-1.891,0.167,-1.483,-0.084,-4.915,0.084,-3.408,0.084,-3.408
2546994,0,0,2.792,0.18,-2.043,0.2,-1.99,-0.138,-4.94,0.064,-3.834,0.064,-3.834
2547004,0,0,2.792,0.024,-0.312,0.056,-0.771,-0.121,-4.911,0.041,-3.821,0.041,-3.821
2547014,0,0,2.792,0.062,-1.762,0.042,-1.402,-0.122,-4.945,0.018,-3.069,0.018,-3.069
2547024,0,0,2.792,0.054,-2.104,0.031,-2.034,-0.165,-5.008,-0.004,-3.447,-0.004,-3.447
2547034,0,0,2.792,0.019,-2.17,0.016,-2.237,-0.208,-5.013,-0.031,-3.91,-0.031,-3.91
2547044,0,0,2.792,0.003,-0.275,0.011,-0.613,-0.239,-5.074,-0.042,-3.672,-0.042,-3.672
2547054,0,0,2.792,-0.04,-0.659,-0.023,-0.314,-0.265,-5.11,-0.071,-3.794,-0.071,-3.794
2547064,0,0,2.792,-0.143,-2.033,-0.132,-1.829,-0.284,-5.145,-0.117,-3.023,-0.117,-3.023
2547076,0,0,2.792,-0.184,-2.124,-0.197,-2.21,-0.275,-5.197,-0.153,-3.505,-0.153,-3.505
2547084,0,0,2.792,-0.296,-2.499,-0.281,-2.398,-0.265,-5.239,-0.198,-3.973,-0.198,-3.973
2547094,0,0,2.792,-0.285,-2.416,-0.267,-2.37,-0.259,-5.153,-0.223,-4.23,-0.223,-4.23
2547104,0,0,2.792,-0.307,-2.512,-0.307,-2.415,-0.236,-4.956,-0.241,-4.42,-0.241,-4.42
2547114,0,0,2.792,-0.302,-2.314,-0.309,-2.406,-0.155,-4.655,-0.243,-4.47,-0.243,-4.47
2547124,0,0,2.792,-0.327,-2.294,-0.336,-2.353,-0.033,-4.321,-0.224,-4.304,-0.224,-4.304
2547134,0,0,2.792,-0.328,-2.497,-0.342,-2.51,0.117,-3.976,-0.17,-4.117,-0.17,-4.117
2547144,0,0,2.792,-0.193,-2.444,-0.234,-2.421,0.268,-3.644,-0.132,-3.654,-0.132,-3.654
2547154,0,0,2.792,-0.037,-2.248,-0.105,-2.295,0.387,-3.528,-0.032,-3.544,-0.032,-3.544
2547164,0,0,2.792,0.114,-2.588,0.028,-2.512,0.428,-3.575,0.057,-3.385,0.057,-3.385
2547174,0,0,2.792,0.174,-2.47,0.147,-2.387,0.45,-3.61,0.148,-3.424,0.148,-3.424
2547184,0,0,2.792,0.279,-2.329,0.267,-2.454,0.402,-3.75,0.223,-3.463,0.223,-3.463
2547194,0,0,2.792,0.416,-2.321,0.404,-2.394,0.303,-3.989,0.269,-3.527,0.269,-3.527
2547204,0,0,2.792,0.564,-2.494,0.526,-2.424,0.227,-4.207,0.294,-3.69,0.294,-3.69
2547214,0,0,2.792,0.57,-2.194,0.557,-2.324,0.125,-4.198,0.293,-3.83,0.293,-3.83
2547224,0,0,2.792,0.608,-2.112,0.612,-2.145,0.11,-4.072,0.327,-3.723,0.327,-3.723
2547234,0,0,2.792,0.718,-2.484,0.728,-2.415,0.119,-3.96,0.365,-3.647,0.365,-3.647
2547244,0,0,2.792,0.694,-2.474,0.706,-2.424,0.068,-3.936,0.348,-3.674,0.348,-3.674
2547254,0,0,2.792,0.637,-2.197,0.676,-2.317,0,-4.047,0.372,-3.587,0.372,-3.587
2547264,0,0,2.792,0.603,-2.349,0.635,-2.361,-0.097,-4.18,0.318,-3.709,0.318,-3.709
2547274,0,0,2.792,0.506,-2.419,0.554,-2.372,-0.23,-4.177,0.265,-3.739,0.265,-3.739
2547284,0,0,2.792,0.441,-2.355,0.467,-2.306,-0.283,-4.011,0.198,-3.721,0.198,-3.721
2547294,0,0,2.792,0.355,-2.371,0.384,-2.369,-0.26,-3.779,0.154,-3.577,0.154,-3.577
2547304,0,0,2.792,0.293,-2.58,0.304,-2.478,-0.217,-3.612,0.14,-3.381,0.14,-3.381
2547314,0,0,2.792,0.204,-2.466,0.224,-2.468,-0.179,-3.531,0.088,-3.366,0.088,-3.366
2547324,0,0,2.792,0.2,-2.528,0.218,-2.538,-0.135,-3.525,0.053,-3.352,0.053,-3.352
2547334,0,0,2.792,0.189,-2.527,0.194,-2.473,-0.107,-3.583,0.036,-3.352,0.036,-3.352
2547344,0,0,2.792,0.189,-2.438,0.183,-2.348,-0.081,-3.692,0.035,-3.344,0.035,-3.344
2547354,0,0,2.792,0.139,-2.399,0.13,-2.381,-0.06,-3.728,0.033,-3.388,0.033,-3.388
2547364,0,0,2.792,0.122,-2.511,0.148,-2.484,-0.015,-3.631,0.026,-3.459,0.026,-3.459
2547374,0,0,2.792,0.163,-2.523,0.174,-2.459,0.027,-3.473,0.049,-3.374,0.049,-3.374
2547384,2,0,2.792,0.219,-2.507,0.184,-2.455,0.082,-3.346,0.067,-3.306,0.067,-3.306
2547394,2,0,2.792,0.169,-2.351,0.173,-2.371,0.121,-3.25,0.103,-3.136,0.103,-3.136
2547404,2,0,2.792,0.149,-2.394,0.142,-2.419,0.125,-3.142,0.115,-3.071,0.115,-3.071
2547414,2,0,2.792,0.164,-2.443,0.179,-2.519,0.106,-3.094,0.121,-3.037,0.121,-3.037
2547424,2,0,2.792,0.183,-2.328,0.19,-2.398,0.069,-3.142,0.138,-2.853,0.138,-2.853
2547434,2,0,2.792,0.201,-2.317,0.202,-2.29,0.022,-3.249,0.125,-2.921,0.125,-2.921
2547444,2,0,2.792,0.212,-2.346,0.215,-2.344,0.01,-3.287,0.11,-3.006,0.11,-3.006
2547454,2,0,2.792,0.221,-2.543,0.214,-2.409,0.022,-3.188,0.102,-3.03,0.102,-3.03
2547464,2,0,2.792,0.176,-2.336,0.189,-2.358,0.027,-3.097,0.122,-2.908,0.122,-2.908
2547474,2,0,2.792,0.165,-2.116,0.17,-2.24,0.03,-3.036,0.109,-2.899,0.109,-2.899
2547484,2,0,2.792,0.199,-2.566,0.195,-2.409,0.073,-2.97,0.119,-2.81,0.119,-2.81
2547494,2,0,2.792,0.197,-2.263,0.182,-2.36,0.126,-2.89,0.126,-2.814,0.126,-2.814
2547504,2,0,2.792,0.178,-2.258,0.17,-2.343,0.172,-2.793,0.14,-2.768,0.14,-2.768
2547514,2,0,2.792,0.017,-0.222,0.05,-0.644,0.222,-2.726,0.149,-2.636,0.149,-2.636
2547524,2,0,2.792,0.072,-1.04,0.047,-0.538,0.292,-2.7,0.156,-2.371,0.156,-2.371
2547534,2,0,2.792,0.197,-2.251,0.181,-1.961,0.345,-2.683,0.194,-2.405,0.194,-2.405
2547544,2,0,2.792,0.171,-2.228,0.166,-2.326,0.355,-2.663,0.226,-2.472,0.226,-2.472
2547554,2,0,2.792,0.141,-2.284,0.164,-2.385,0.379,-2.635,0.249,-2.515,0.249,-2.515
2547564,2,0,2.792,0.23,-2.379,0.217,-2.367,0.477,-2.609,0.225,-2.391,0.225,-2.391
2547574,2,0,2.792,0.234,-2.225,0.236,-2.29,0.586,-2.556,0.256,-2.414,0.256,-2.414
2547584,2,0,2.792,0.27,-2.355,0.242,-2.262,0.629,-2.495,0.318,-2.432,0.318,-2.432
2547594,2,0,2.792,0.219,-2.386,0.175,-2.304,0.651,-2.428,0.377,-2.428,0.377,-2.428
2547604,2,0,2.792,0.258,-2.227,0.254,-2.265,0.746,-2.3,0.449,-2.397,0.449,-2.397
2547614,2,0,2.792,0.312,-2.4,0.281,-2.178,0.859,-2.071,0.497,-2.288,0.497,-2.288
2547624,2,0,2.792,0.389,-2.426,0.349,-2.302,0.893,-1.87,0.589,-2.145,0.589,-2.145
2547634,4,0,2.792,0.367,-2.306,0.318,-2.222,0.839,-1.849,0.623,-2.076,0.623,-2.076
2547644,4,0,2.792,0.319,-2.091,0.295,-2.14,0.774,-1.892,0.568,-2.061,0.568,-2.061
2547654,4,0,2.792,0.365,-2.15,0.343,-2.149,0.797,-1.835,0.584,-2.014,0.584,-2.014
2547664,4,0,2.792,0.438,-2.225,0.383,-2.076,0.901,-1.724,0.536,-2.001,0.536,-2.001
2547674,4,0,2.792,0.418,-1.861,0.416,-2.009,0.975,-1.684,0.608,-1.93,0.608,-1.93
2547684,4,0,2.792,0.464,-1.944,0.476,-2.086,0.992,-1.735,0.644,-1.911,0.644,-1.911
2547694,4,0,2.792,0.519,-2.053,0.515,-2.052,1.043,-1.735,0.599,-1.958,0.599,-1.958
2547704,4,0,2.792,0.295,-1.019,0.417,-1.591,1.13,-1.686,0.654,-1.869,0.654,-1.869
2547714,4,0,2.792,0.166,-0.601,0.115,-0.482,1.218,-1.61,0.651,-1.593,0.651,-1.593
2547724,4,0,2.792,0.496,-1.533,0.447,-1.441,1.338,-1.548,0.671,-1.476,0.671,-1.476
2547734,4,0,2.792,0.225,-0.468,0.229,-0.694,1.452,-1.513,0.714,-1.394,0.714,-1.394
2547744,4,0,2.792,0.075,-0.178,0.163,-0.395,1.5,-1.525,0.765,-1.255,0.765,-1.255
2547754,4,0,2.792,0.646,-1.478,0.385,-0.918,1.481,-1.563,0.717,-1.081,0.717,-1.081
2547764,4,0,2.792,0.779,-1.753,0.699,-1.617,1.48,-1.617,0.823,-1.261,0.823,-1.261
2547774,4,0,2.792,0.136,-0.292,0.317,-0.722,1.605,-1.68,0.899,-1.365,0.899,-1.365
2547784,4,0,2.792,0.067,-0.106,0.065,-0.169,1.776,-1.712,0.97,-1.297,0.97,-1.297
2547794,4,0,2.792,0.359,-0.615,0.19,-0.335,1.856,-1.661,1.019,-1.206,1.019,-1.206
2547804,4,0,2.792,0.482,-0.785,0.231,-0.495,1.842,-1.609,1.057,-1.154,1.057,-1.154
2547814,4,0,2.792,0.054,-0.087,0.126,-0.214,1.821,-1.515,1.192,-1.199,1.192,-1.199
2547824,4,0,2.792,0.005,-0.008,0.012,-0.013,1.832,-1.329,1.173,-1.075,1.173,-1.075
2547834,4,0,2.792,0.243,-0.375,0.084,-0.188,1.814,-1.121,1.207,-0.981,1.207,-0.981
2547844,4,0,2.792,0.96,-1.335,0.762,-1.099,1.775,-1.05,1.232,-0.961,1.232,-0.961
2547854,4,0,2.792,0.213,-0.287,0.447,-0.639,1.827,-1.051,1.232,-0.977,1.232,-0.977
2547864,4,0,2.792,0.115,-0.1,0.129,-0.181,1.952,-1.045,1.146,-0.832,1.146,-0.832
2547874,4,0,2.792,0.694,-0.823,0.342,-0.451,2.108,-0.972,1.133,-0.74,1.133,-0.74
2547884,6,0,2.792,1.116,-1.198,1.01,-1.147,2.25,-0.907,1.246,-0.817,1.246,-0.817
2547894,6,0,2.792,0.309,-0.381,0.43,-0.511,2.335,-0.913,1.271,-0.831,1.271,-0.831
2547904,6,0,2.792,0.832,-0.752,0.648,-0.61,2.462,-0.893,1.292,-0.762,1.292,-0.762
2547914,6,0,2.792,0.831,-0.752,1.029,-0.962,2.569,-0.84,1.459,-0.791,1.459,-0.791
2547924,6,0,2.792,0.577,-0.483,0.438,-0.404,2.697,-0.771,1.573,-0.736,1.573,-0.736
2547934,6,0,2.792,1.415,-1.119,1.184,-0.975,2.749,-0.629,1.681,-0.737,1.681,-0.737
2547944,6,0,2.792,1.402,-1.058,1.414,-1.1,2.68,-0.489,1.762,-0.807,1.762,-0.807
2547954,6,0,2.792,1.413,-0.998,1.328,-1.021,2.52,-0.459,1.858,-0.785,1.858,-0.785
2547964,6,0,2.792,1.469,-1.01,1.472,-1.041,2.388,-0.489,1.927,-0.775,1.927,-0.775
2547974,6,0,2.792,1.472,-0.942,1.49,-0.981,2.384,-0.437,1.953,-0.77,1.953,-0.77
2547984,6,0,2.792,1.603,-0.938,1.647,-1.013,2.46,-0.312,2.053,-0.7,2.053,-0.7
2547994,6,0,2.792,1.544,-0.891,1.551,-0.927,2.479,-0.248,2.132,-0.626,2.132,-0.626
2548004,6,0,2.792,1.562,-0.861,1.604,-0.879,2.457,-0.275,2.18,-0.578,2.18,-0.578
2548014,6,0,2.792,1.637,-0.828,1.612,-0.887,2.479,-0.25,2.162,-0.569,2.162,-0.569
2548024,6,0,2.792,1.672,-0.822,1.663,-0.821,2.527,-0.199,2.206,-0.53,2.206,-0.53
2548034,6,0,2.792,1.979,-0.903,1.783,-0.835,2.612,-0.139,2.172,-0.548,2.172,-0.548
2548044,6,0,2.792,1.831,-0.801,1.737,-0.782,2.73,-0.062,2.257,-0.49,2.257,-0.49
2548054,6,0,2.792,1.672,-0.726,1.719,-0.762,2.877,0.033,2.332,-0.449,2.332,-0.449
2548064,6,0,2.792,1.908,-0.771,1.816,-0.746,3.031,0.065,2.394,-0.427,2.394,-0.427
2548074,6,0,2.792,1.689,-0.675,1.758,-0.713,3.146,0.084,2.488,-0.388,2.488,-0.388
2548084,6,0,2.792,0.325,-0.125,0.786,-0.316,3.261,0.017,2.456,-0.32,2.456,-0.32
2548094,6,0,2.792,1.604,-0.541,1.042,-0.356,3.286,-0.135,2.319,-0.255,2.319,-0.255
2548104,6,0,2.792,2.012,-0.644,1.813,-0.589,3.283,-0.366,2.495,-0.302,2.495,-0.302
2548114,6,0,2.792,2.006,-0.64,2.086,-0.669,3.34,-0.554,2.724,-0.388,2.724,-0.388
2548124,6,0,2.792,2.062,-0.738,2.093,-0.742,3.499,-0.701,2.906,-0.491,2.906,-0.491
2548134,6,0,2.792,2.014,-0.625,2.125,-0.676,3.665,-0.766,3.093,-0.579,3.093,-0.579
2548144,6,0,2.792,2.203,-0.616,2.086,-0.63,3.655,-0.839,3.171,-0.643,3.171,-0.643
2548154,6,0,2.792,2.46,-0.65,2.271,-0.631,3.494,-0.756,3.127,-0.673,3.127,-0.673
2548164,6,0,2.792,2.56,-0.636,2.341,-0.616,3.373,-0.48,3.172,-0.647,3.172,-0.647
2548174,6,0,2.792,2.345,-0.641,2.327,-0.662,3.345,-0.169,3.173,-0.556,3.173,-0.556
2548184,0,0,2.792,2.425,-0.698,2.39,-0.694,3.361,-0.016,3.206,-0.44,3.206,-0.44
2548194,0,0,2.792,2.213,-0.607,2.209,-0.592,3.35,0.02,3.192,-0.349,3.192,-0.349
2548204,0,0,2.792,2.203,-0.513,2.326,-0.603,3.286,-0.021,3.17,-0.292,3.17,-0.292
2548214,0,0,2.792,2.358,-0.51,2.327,-0.534,3.38,-0.086,3.203,-0.247,3.203,-0.247
2548224,0,0,2.792,2.372,-0.478,2.307,-0.481,3.573,-0.181,3.047,-0.319,3.047,-0.319
2548234,0,0,2.792,2.412,-0.427,2.352,-0.441,3.821,-0.252,3.104,-0.343,3.104,-0.343
2548244,0,0,2.792,2.213,-0.43,2.182,-0.397,4.091,-0.313,3.356,-0.341,3.356,-0.341
2548254,0,0,2.792,2.258,-0.393,2.239,-0.397,4.289,-0.369,3.645,-0.351,3.645,-0.351
2548264,0,0,2.792,2.544,-0.371,2.441,-0.4,4.204,-0.371,3.829,-0.359,3.829,-0.359
2548274,0,0,2.792,2.54,-0.381,2.555,-0.396,4.011,-0.279,3.833,-0.356,3.833,-0.356
2548284,0,0,2.792,2.656,-0.356,2.516,-0.349,3.946,-0.171,3.59,-0.331,3.59,-0.331
2548294,0,0,2.792,2.535,-0.301,2.462,-0.304,4.053,-0.097,3.463,-0.294,3.463,-0.294
2548304,0,0,2.792,2.501,-0.25,2.516,-0.277,4.205,-0.156,3.584,-0.264,3.584,-0.264
2548314,0,0,2.792,2.546,-0.267,2.512,-0.283,4.278,-0.265,3.805,-0.257,3.805,-0.257
2548324,0,0,2.792,2.71,-0.27,2.653,-0.272,4.282,-0.334,3.934,-0.271,3.934,-0.271
2548334,0,0,2.792,2.483,-0.214,2.598,-0.253,4.204,-0.295,3.823,-0.278,3.823,-0.278
2548344,0,0,2.792,2.756,-0.178,2.699,-0.197,4.121,-0.215,3.911,-0.265,3.911,-0.265
2548354,0,0,2.792,2.765,-0.152,2.653,-0.162,4.06,-0.097,3.862,-0.223,3.862,-0.223
2548364,0,0,2.792,2.722,-0.174,2.685,-0.175,4.098,0.016,3.769,-0.171,3.769,-0.171
2548374,0,0,2.792,2.761,-0.128,2.684,-0.147,4.157,0.117,3.772,-0.12,3.772,-0.12
2548384,0,0,2.792,2.855,-0.119,2.774,-0.136,4.144,0.143,3.7,-0.081,3.7,-0.081
2548394,0,0,2.792,2.838,-0.134,2.815,-0.135,4.088,0.084,3.72,-0.058,3.72,-0.058
2548404,0,0,2.792,2.747,-0.1,2.768,-0.12,4.118,-0.034,3.783,-0.056,3.783,-0.056
2548414,0,0,2.792,2.959,-0.132,2.858,-0.132,4.22,-0.089,3.688,-0.083,3.688,-0.083
2548424,0,0,2.792,2.705,-0.125,2.847,-0.131,4.315,-0.107,3.88,-0.093,3.88,-0.093
2548434,0,0,2.792,3.024,-0.141,2.914,-0.133,4.363,-0.054,4.015,-0.097,4.015,-0.097
2548444,0,0,2.792,3.038,-0.114,3.044,-0.129,4.289,0.024,4.008,-0.086,4.008,-0.086
2548454,0,0,2.792,2.78,-0.135,2.936,-0.149,4.094,0.07,3.935,-0.074,3.935,-0.074
2548464,0,0,2.792,2.953,-0.126,2.935,-0.132,3.906,0.063,3.597,-0.087,3.597,-0.087
2548474,0,0,2.792,2.932,-0.146,2.905,-0.151,3.819,0.048,3.598,-0.072,3.598,-0.072
2548484,-2,0,2.792,2.961,-0.131,2.942,-0.153,3.85,0.002,3.644,-0.063,3.644,-0.063
2548494,-2,0,2.792,3.207,-0.19,3.085,-0.172,3.922,-0.068,3.677,-0.075,3.677,-0.075
2548504,-2,0,2.792,2.968,-0.129,3.003,-0.114,3.977,-0.063,3.762,-0.082,3.762,-0.082
2548514,-2,0,2.792,3.001,-0.132,2.95,-0.13,3.971,0.017,3.786,-0.075,3.786,-0.075
2548524,-2,0,2.792,2.945,-0.103,2.923,-0.102,3.876,0.049,3.73,-0.06,3.73,-0.06
2548534,-2,0,2.792,3.126,-0.129,3.124,-0.118,3.73,0.063,3.639,-0.058,3.639,-0.058
2548544,-2,0,2.792,3.056,-0.112,3.095,-0.107,3.599,0.056,3.569,-0.047,3.569,-0.047
2548554,-2,0,2.792,2.979,-0.058,3.086,-0.065,3.517,0.066,3.462,-0.043,3.462,-0.043
2548564,-2,0,2.792,3.202,-0.042,3.129,-0.055,3.512,0.068,3.447,-0.023,3.447,-0.023
2548574,-2,0,2.792,2.855,-0.031,3.014,-0.056,3.523,0.071,3.432,-0.008,3.432,-0.008
2548584,-2,0,2.792,3.116,-0.029,3.133,-0.047,3.51,0.048,3.444,0.002,3.444,0.002
2548594,-2,0,2.792,2.989,-0.039,2.921,-0.003,3.486,0.062,3.418,0.013,3.418,0.013
2548604,-2,0,2.792,3.032,0.013,3.04,0.011,3.47,0.095,3.418,0.028,3.418,0.028
2548614,-2,0,2.792,2.843,-0.035,2.86,-0.075,3.426,0.102,3.407,0.042,3.407,0.042
2548624,-2,0,2.792,2.603,-0.11,2.759,-0.084,3.332,0.04,3.375,0.042,3.375,0.042
2548634,-2,0,2.792,2.896,0.012,2.858,0.017,3.243,-0.001,3.289,0.027,3.289,0.027
2548644,-2,0,2.792,3.054,-0.012,3.014,-0.029,3.16,-0.008,3.239,0.016,3.239,0.016
2548654,-2,0,2.792,3.041,-0.039,3.05,-0.038,3.083,0.017,3.181,0.012,3.181,0.012
2548664,-2,0,2.792,2.738,-0.096,2.8,-0.119,3.023,0.004,3.117,0.007,3.117,0.007
2548674,-2,0,2.792,2.275,-0.14,2.446,-0.112,2.96,-0.028,3.052,-0.004,3.052,-0.004
2548684,-2,0,2.792,2.636,-0.029,2.643,0.041,2.918,-0.037,2.992,-0.014,2.992,-0.014
2548694,-2,0,2.792,2.693,-0.027,2.636,-0.077,2.903,-0.008,2.941,-0.017,2.941,-0.017
2548704,-2,0,2.792,2.607,0.005,2.663,-0.051,2.894,0.006,2.883,-0.029,2.883,-0.029
2548714,-2,0,2.792,2.513,-0.068,2.589,-0.069,2.863,0.023,2.865,-0.02,2.865,-0.02
2548724,-2,0,2.792,2.651,0.019,2.654,0.006,2.819,0.016,2.838,-0.01,2.838,-0.01
2548734,-4,0,2.792,2.532,0.02,2.595,0.069,2.798,0.005,2.817,-0.002,2.817,-0.002
2548744,-4,0,2.792,2.614,-0.082,2.659,-0.11,2.783,-0.01,2.792,-0.011,2.792,-0.011
2548754,-4,0,2.792,2.549,-0.131,2.624,-0.105,2.71,-0.021,2.765,-0.02,2.765,-0.02
2548764,-4,0,2.792,2.683,-0.081,2.605,-0.074,2.576,-0.04,2.7,-0.032,2.7,-0.032
2548774,-4,0,2.792,2.611,-0.039,2.581,-0.037,2.417,-0.057,2.612,-0.038,2.612,-0.038
2548784,-4,0,2.792,2.484,-0.073,2.562,-0.089,2.332,-0.033,2.529,-0.045,2.529,-0.045
2548794,-4,0,2.792,2.568,-0.042,2.602,-0.063,2.321,-0.005,2.46,-0.04,2.46,-0.04
2548804,-4,0,2.792,2.466,-0.032,2.527,-0.022,2.362,-0.016,2.436,-0.033,2.436,-0.033
2548814,-4,0,2.792,2.398,-0.029,2.539,-0.039,2.381,-0.017,2.424,-0.029,2.424,-0.029
2548824,-4,0,2.792,2.439,-0.126,2.532,-0.131,2.36,-0.026,2.415,-0.034,2.415,-0.034
2548834,-4,0,2.792,2.472,-0.185,2.468,-0.131,2.277,-0.024,2.396,-0.054,2.396,-0.054
2548844,-4,0,2.792,2.397,-0.046,2.397,-0.053,2.138,-0.033,2.351,-0.067,2.351,-0.067
2548854,-4,0,2.792,2.518,-0.009,2.485,-0.028,2.021,-0.028,2.269,-0.057,2.269,-0.057
2548864,-4,0,2.792,2.46,-0.048,2.406,-0.072,1.98,-0.031,2.2,-0.052,2.2,-0.052
2548874,-4,0,2.792,2.418,-0.047,2.32,-0.018,1.989,-0.054,2.214,-0.036,2.214,-0.036
2548884,-4,0,2.792,2.195,-0.074,2.235,-0.082,1.978,-0.052,2.162,-0.044,2.162,-0.044
2548894,-4,0,2.792,2.314,-0.138,2.287,-0.106,1.916,-0.012,2.122,-0.051,2.122,-0.051
2548904,-4,0,2.792,2.292,-0.087,2.264,-0.068,1.794,-0.009,2.089,-0.053,2.089,-0.053
2548914,-4,0,2.792,2.178,-0.066,2.13,-0.051,1.66,-0.008,1.995,-0.045,1.995,-0.045
2548924,-4,0,2.792,2.059,-0.072,2.013,-0.05,1.578,-0.004,1.898,-0.039,1.898,-0.039
2548934,-4,0,2.792,1.941,-0.082,1.947,-0.088,1.53,0.017,1.812,-0.035,1.812,-0.035
2548944,-4,0,2.792,1.508,-0.065,1.811,-0.077,1.47,0.047,1.728,-0.023,1.728,-0.023
2548954,-4,0,2.792,0.989,-0.04,0.913,-0.037,1.482,0.068,1.551,-0.007,1.551,-0.007
2548964,-4,0,2.792,1.242,-0.031,1.399,-0.027,1.526,0.029,1.513,0,1.513,0
2548974,-4,0,2.792,1.956,-0.051,1.728,-0.043,1.554,0.004,1.534,-0.002,1.534,-0.002
2548984,-6,0,2.792,1.752,-0.032,1.837,-0.042,1.516,-0.003,1.632,-0.019,1.632,-0.019
2548994,-6,0,2.792,0.17,-0.003,0.514,-0.015,1.395,0.005,1.474,-0.021,1.474,-0.021
2549004,-6,0,2.792,0.015,0,0.095,0.017,1.265,-0.016,1.141,-0.012,1.141,-0.012
2549014,-6,0,2.792,0.001,0,0.035,0.004,1.206,-0.037,1.019,-0.012,1.019,-0.012
2549024,-6,0,2.792,0.695,0.021,0.347,0.015,1.219,-0.049,0.991,-0.017,0.991,-0.017
2549034,-6,0,2.792,1.423,-0.052,1.241,-0.048,1.271,-0.048,1.048,-0.024,1.048,-0.024
2549044,-6,0,2.792,1.363,-0.084,1.453,-0.068,1.314,-0.051,1.144,-0.035,1.144,-0.035
2549054,-6,0,2.792,1.615,-0.061,1.478,-0.04,1.254,-0.042,1.221,-0.039,1.221,-0.039
2549064,-6,0,2.792,1.163,-0.045,1.353,-0.061,1.095,-0.015,1.233,-0.039,1.233,-0.039
2549074,-6,0,2.792,1.204,-0.042,1.244,-0.039,0.915,0.002,1.174,-0.033,1.174,-0.033
2549084,-6,0,2.792,0.542,-0.022,0.972,-0.034,0.762,-0.026,1.084,-0.032,1.084,-0.032
2549094,-6,0,2.792,0.048,-0.002,0.212,-0.008,0.665,-0.037,0.875,-0.031,0.875,-0.031
2549104,-6,0,2.792,0.213,0.055,0.104,0.025,0.583,-0.038,0.641,-0.023,0.641,-0.023
2549114,-6,0,2.792,0.105,0.001,0.236,0.006,0.533,-0.029,0.549,-0.017,0.549,-0.017
2549124,-6,0,2.792,0.732,-0.05,0.587,-0.05,0.533,-0.025,0.5,-0.02,0.5,-0.02
2549134,-6,0,2.792,0.439,-0.035,0.702,-0.049,0.536,-0.037,0.535,-0.027,0.535,-0.027
2549144,-6,0,2.792,0.039,-0.003,0.157,-0.003,0.503,-0.024,0.489,-0.025,0.489,-0.025
2549154,-6,0,2.792,0.186,-0.02,0.092,-0.001,0.416,-0.003,0.415,-0.017,0.415,-0.017
2549164,-8,0,2.792,0.526,-0.021,0.458,-0.022,0.372,0.009,0.398,-0.011,0.398,-0.011
2549174,-8,0,2.792,0.507,-0.062,0.62,-0.074,0.34,-0.037,0.421,-0.02,0.421,-0.02
2549184,-8,0,2.792,0.425,-0.071,0.467,-0.071,0.25,-0.059,0.399,-0.033,0.399,-0.033
2549194,-8,0,2.792,0.399,-0.053,0.455,-0.05,0.094,-0.073,0.357,-0.045,0.357,-0.045
2549204,-8,0,2.792,0.29,-0.028,0.357,-0.026,-0.08,-0.051,0.279,-0.047,0.279,-0.047
2549214,-8,0,2.792,0.241,-0.034,0.287,-0.033,-0.178,0.03,0.258,-0.034,0.258,-0.034
2549224,-8,0,2.792,0.234,-0.055,0.25,-0.043,-0.251,0.053,0.207,-0.027,0.207,-0.027
2549234,-8,0,2.792,0.023,-0.005,0.091,-0.012,-0.304,0.011,0.128,-0.02,0.128,-0.02
2549244,-8,0,2.792,0.002,0,0.037,0.01,-0.349,-0.031,0.043,-0.016,0.043,-0.016
2549254,-8,0,2.792,0,0,0.03,-0.007,-0.332,0.001,-0.029,-0.014,-0.029,-0.014
2549264,-8,0,2.792,0,0,0.018,-0.015,-0.267,0.004,-0.078,-0.009,-0.078,-0.009
2549274,-8,0,2.792,0,0,0.013,-0.004,-0.221,-0.015,-0.097,-0.009,-0.097,-0.009
2549284,-8,0,2.792,-0.024,-0.006,0.001,-0.007,-0.219,-0.019,-0.097,-0.01,-0.097,-0.01
2549294,-8,0,2.792,-0.241,-0.027,-0.165,-0.024,-0.264,-0.008,-0.126,-0.012,-0.126,-0.012
2549304,-8,0,2.792,-0.097,-0.03,-0.076,-0.017,-0.371,0.008,-0.165,-0.01,-0.165,-0.01
2549314,-8,0,2.792,-0.066,0.032,-0.057,0.009,-0.548,0.01,-0.228,-0.005,-0.228,-0.005
2549324,-8,0,2.792,-0.335,0.007,-0.257,0.011,-0.717,0.034,-0.315,0.004,-0.315,0.004
2549334,-8,0,2.792,-0.391,0.001,-0.343,-0.003,-0.903,0.053,-0.419,0.011,-0.419,0.011
2549344,-8,0,2.792,-0.452,-0.007,-0.41,-0.014,-1.007,0.005,-0.526,0.011,-0.526,0.011
2549354,-8,0,2.792,-0.475,0.005,-0.45,0,-1.044,-0.094,-0.637,-0.005,-0.637,-0.005
2549364,-8,0,2.792,-0.585,0.008,-0.523,0.008,-0.959,-0.099,-0.699,-0.025,-0.699,-0.025
2549374,-8,0,2.792,-0.579,0.01,-0.574,0.008,-0.886,-0.048,-0.723,-0.027,-0.723,-0.027
2549384,-8,0,2.792,-0.7,-0.014,-0.64,-0.011,-0.889,-0.004,-0.737,-0.021,-0.737,-0.021
2549394,-8,0,2.792,-0.634,-0.003,-0.677,-0.001,-0.934,-0.004,-0.778,-0.015,-0.778,-0.015
2549404,-8,0,2.792,-0.737,-0.009,-0.701,-0.014,-1.03,-0.002,-0.813,-0.012,-0.813,-0.012
2549414,-8,0,2.792,-0.712,0.016,-0.742,0.02,-1.129,-0.026,-0.866,-0.008,-0.866,-0.008
2549424,-8,0,2.792,-0.135,0.006,-0.306,-0.008,-1.166,-0.04,-0.857,-0.01,-0.857,-0.01
2549434,-8,0,2.792,-0.762,-0.005,-0.458,0.008,-1.19,-0.061,-0.853,-0.017,-0.853,-0.017
2549444,-8,0,2.792,-1.03,-0.005,-0.83,-0.007,-1.267,-0.057,-0.914,-0.023,-0.914,-0.023
2549454,-8,0,2.792,-0.802,0.012,-0.803,0.007,-1.35,-0.008,-0.886,-0.002,-0.886,-0.002
2549464,-8,0,2.792,-0.935,0.016,-0.87,0.02,-1.433,0.008,-0.969,0.001,-0.969,0.001
2549474,-8,0,2.792,-1.103,0.014,-1.124,0.012,-1.533,-0.019,-1.091,0.003,-1.091,0.003
2549484,-8,0,2.792,-0.993,0.035,-0.969,0.031,-1.676,-0.052,-1.178,0,-1.178,0
2549494,-8,0,2.792,-1.046,0.035,-1.041,0.035,-1.815,-0.065,-1.289,-0.006,-1.289,-0.006
2549504,-8,0,2.792,-1.098,0.033,-1.062,0.036,-1.919,-0.06,-1.362,-0.005,-1.362,-0.005
2549514,-8,0,2.792,-0.259,0.045,-0.48,0.019,-1.978,-0.018,-1.446,-0.007,-1.446,-0.007
2549524,-8,0,2.792,-0.912,0.037,-0.779,0.032,-1.937,0.06,-1.484,0.008,-1.484,0.008
2549534,-8,0,2.792,-1.39,0.061,-1.232,0.049,-1.847,0.031,-1.42,0.03,-1.42,0.03
2549544,-8,0,2.792,-1.344,0.041,-1.364,0.042,-1.84,0.04,-1.511,0.033,-1.511,0.033
2549554,-8,0,2.792,-1.316,0.036,-1.297,0.033,-1.943,0.056,-1.592,0.037,-1.592,0.037
2549564,-8,0,2.792,-0.266,0.009,-0.597,0.031,-2.109,0.017,-1.653,0.036,-1.653,0.036
2549574,-8,0,2.792,-1.081,0.036,-0.85,0.019,-2.253,0.003,-1.578,0.024,-1.578,0.024
2549584,-8,0,2.792,-0.102,0.003,-0.255,0.018,-2.319,0.031,-1.686,0.023,-1.686,0.023
2549594,-8,0,2.792,-0.088,0,-0.099,0.009,-2.368,0.021,-1.727,0.022,-1.727,0.022
2549604,-8,0,2.792,-1.357,0.076,-0.751,0.052,-2.35,0.02,-1.652,0.022,-1.652,0.022
2549614,-8,0,2.792,-1.502,0.061,-1.369,0.071,-2.342,0.024,-1.767,0.029,-1.767,0.029
2549624,-8,0,2.792,-1.537,0.057,-1.553,0.064,-2.413,0.003,-1.926,0.028,-1.926,0.028
2549634,-8,0,2.792,-1.689,0.077,-1.573,0.069,-2.561,-0.002,-2.056,0.026,-2.056,0.026
2549644,-8,0,2.792,-0.229,0.015,-0.569,0.028,-2.724,0.023,-1.891,0.034,-1.891,0.034
2549654,-8,0,2.792,-0.02,0.001,-0.069,-0.001,-2.863,0.052,-1.654,0.028,-1.654,0.028
2549664,-8,0,2.792,-0.079,-0.003,-0.093,0.005,-2.977,0.042,-1.596,0.026,-1.596,0.026
2549674,-8,0,2.792,-1.438,0.04,-0.999,0.012,-3.011,0.024,-1.809,0.023,-1.809,0.023
2549684,-8,0,2.792,-1.828,0.029,-1.733,0.047,-3.003,-0.019,-2.092,0.023,-2.092,0.023
2549694,-8,0,2.792,-0.929,0.02,-0.769,0.004,-3.028,-0.035,-2.005,0.01,-2.005,0.01
2549704,-8,0,2.792,-1.799,0.048,-1.667,0.037,-3.12,-0.017,-2.221,0.006,-2.221,0.006
2549714,-8,0,2.792,-2.021,0.083,-1.989,0.081,-3.231,-0.042,-2.493,0.005,-2.493,0.005
2549724,-8,0,2.792,-2.065,0.061,-1.978,0.063,-3.283,-0.022,-2.592,0.02,-2.592,0.02
2549734,-8,0,2.792,-2.029,0.046,-2.031,0.035,-3.26,0.015,-2.752,0.02,-2.752,0.02
2549744,-8,0,2.792,-2.231,0.063,-2.124,0.061,-3.204,0.023,-2.831,0.027,-2.831,0.027
2549754,-8,0,2.792,-0.91,0.025,-1.546,0.047,-3.121,0.001,-2.821,0.029,-2.821,0.029
2549764,-8,0,2.792,-0.427,0.018,-0.352,0.017,-3.016,0.024,-2.67,0.024,-2.67,0.024
2549774,-8,0,2.792,-2.096,0.042,-1.669,0.046,-2.98,0.048,-2.39,0.031,-2.39,0.031
2549784,-8,0,2.792,-2.198,0.07,-2.115,0.076,-3.098,0.04,-2.444,0.045,-2.444,0.045
2549794,-8,0,2.792,-2.287,0.081,-2.148,0.066,-3.329,-0.015,-2.611,0.044,-2.611,0.044
2549804,-8,0,2.792,-2.229,0.074,-2.258,0.06,-3.544,-0.016,-2.846,0.036,-2.846,0.036
2549814,-8,0,2.792,-2.455,0.037,-2.396,0.069,-3.673,-0.001,-3.024,0.033,-3.024,0.033
2549824,-8,0,2.792,-2.291,0.072,-2.342,0.075,-3.738,-0.018,-3.126,0.035,-3.126,0.035
2549834,-8,0,2.792,-2.257,0.072,-2.328,0.087,-3.716,-0.022,-3.194,0.036,-3.194,0.036
2549844,-8,0,2.792,-2.491,0.063,-2.282,0.066,-3.653,0.013,-3.221,0.038,-3.221,0.038
2549854,-8,0,2.792,-2.572,0.084,-2.368,0.073,-3.619,0.021,-3.131,0.045,-3.131,0.045
2549864,-8,0,2.792,-2.493,0.107,-2.487,0.092,-3.63,0.026,-3.233,0.046,-3.233,0.046
2549874,-8,0,2.792,-2.278,0.077,-2.486,0.068,-3.72,0.055,-3.301,0.053,-3.301,0.053
2549884,-8,0,2.792,-2.495,0.035,-2.498,0.055,-3.854,0.071,-3.369,0.058,-3.369,0.058
2549894,-8,0,2.792,-2.454,0.052,-2.451,0.064,-3.967,0.02,-3.27,0.058,-3.27,0.058
2549904,-8,0,2.792,-2.691,0.08,-2.525,0.083,-3.989,0.007,-3.395,0.052,-3.395,0.052
2549914,-8,0,2.792,-2.684,0.044,-2.606,0.047,-3.99,0,-3.468,0.045,-3.468,0.045
2549924,-8,0,2.792,-2.673,0.064,-2.651,0.068,-4.043,0.002,-3.543,0.041,-3.543,0.041
2549934,-8,0,2.792,-2.786,0.104,-2.563,0.11,-4.108,0.003,-3.653,0.041,-3.653,0.041
2549944,-8,0,2.792,-2.773,0.088,-2.732,0.078,-4.179,0.045,-3.717,0.05,-3.717,0.05
2549954,-8,0,2.792,-2.701,0.058,-2.712,0.061,-4.266,0.046,-3.827,0.054,-3.827,0.054
2549964,-8,0,2.792,-2.843,0.036,-2.807,0.053,-4.306,0.009,-3.884,0.048,-3.884,0.048
2549974,-8,0,2.792,-2.793,0.144,-2.777,0.141,-4.295,-0.008,-3.917,0.045,-3.917,0.045
2549984,-8,0,2.792,-2.852,0.06,-2.813,0.077,-4.236,0.172,-4.059,0.061,-4.059,0.061
2549994,-8,0,2.792,-2.838,-0.043,-2.897,-0.004,-4.322,0.368,-4.142,0.119,-4.142,0.119
2550004,-8,0,2.792,-0.516,0,-1.217,0.005,-4.548,0.366,-4.286,0.186,-4.286,0.186
2550014,-8,0,2.792,-0.046,0,-0.181,-0.024,-4.723,0.115,-4.448,0.187,-4.448,0.187
2550024,-8,0,2.792,-0.004,0,0.042,-0.053,-4.823,0.014,-4.589,0.133,-4.589,0.133
2550034,-8,0,2.792,0,0,-0.027,0.056,-4.855,0.023,-4.715,0.097,-4.715,0.097
2550044,-8,0,2.792,0,0,0.008,-0.026,-4.922,-0.041,-4.808,0.064,-4.808,0.064
2550054,-8,0,2.792,0,0,-0.054,0.085,-4.896,-0.126,-4.794,0.021,-4.794,0.021
2550064,-8,0,2.792,0,0,-0.019,0.013,-4.779,-0.169,-4.768,-0.025,-4.768,-0.025
2550074,-8,0,2.792,0,0,0.04,-0.043,-4.676,-0.118,-4.689,-0.06,-4.689,-0.06
2550084,-8,0,2.792,-0.06,0.078,-0.015,0.041,-4.594,0,-4.576,-0.053,-4.576,-0.053
2550094,-8,0,2.792,-0.004,0,0.005,0.054,-4.585,-0.098,-4.485,-0.044,-4.485,-0.044
2550104,-8,0,2.792,0,0,-0.006,0.022,-4.687,-0.206,-4.451,-0.071,-4.451,-0.071
2550114,-8,0,2.792,0.214,-0.11,0.062,-0.04,-4.888,-0.219,-4.568,-0.105,-4.568,-0.105
2550124,-8,0,2.792,-2.687,-0.083,-1.91,-0.117,-4.981,-0.136,-4.702,-0.119,-4.702,-0.119
2550134,-8,0,2.792,-3.051,-0.092,-2.977,-0.047,-4.845,-0.101,-4.79,-0.116,-4.79,-0.116
2550144,-8,0,2.792,-3.01,-0.055,-2.933,-0.035,-4.771,-0.072,-4.73,-0.098,-4.73,-0.098
2550154,-8,0,2.792,-3.182,-0.021,-3.08,-0.035,-4.857,-0.021,-4.727,-0.077,-4.727,-0.077
2550164,-8,0,2.792,-3.134,-0.034,-3.118,-0.032,-5.013,0.063,-4.773,-0.044,-4.773,-0.044
2550174,-8,0,2.792,-3.324,-0.018,-3.183,-0.031,-5.116,0.068,-4.958,-0.019,-4.958,-0.019
2550184,-8,0,2.792,-3.078,-0.011,-3.138,0.008,-5.104,0.048,-5.065,-0.001,-5.065,-0.001
2550194,-8,0,2.792,-3.274,0.027,-3.227,0.01,-5.014,0.026,-4.977,0.006,-4.977,0.006
2550204,-8,0,2.792,-3.336,-0.017,-3.251,-0.006,-4.986,0.022,-4.969,0.01,-4.969,0.01
2550214,-8,0,2.792,-3.333,-0.006,-3.293,-0.005,-4.974,0.02,-4.92,0.01,-4.92,0.01
2550224,-8,0,2.792,-3.284,-0.026,-3.281,-0.014,-4.985,0.016,-4.869,0.008,-4.869,0.008
2550234,-8,0,2.792,-3.305,0.057,-3.269,0.022,-5.033,0.013,-4.925,0.008,-4.925,0.008
2550244,0,0,2.792,-3.224,0.043,-3.266,0.053,-5.043,0.013,-4.858,0.023,-4.858,0.023
2550254,0,0,2.792,-3.389,0.059,-3.412,0.06,-4.992,0.005,-4.925,0.024,-4.925,0.024
2550264,0,0,2.792,-3.495,0.046,-3.494,0.045,-4.946,0.056,-4.833,0.034,-4.833,0.034
2550274,0,0,2.792,-3.289,0.013,-3.411,0.02,-4.943,0.15,-4.846,0.048,-4.846,0.048
2550284,0,0,2.792,-3.536,0.053,-3.462,0.054,-4.994,0.228,-4.903,0.081,-4.903,0.081
2550294,0,0,2.792,-3.43,0.075,-3.461,0.069,-5.024,0.229,-4.945,0.112,-4.945,0.112
2550304,0,0,2.792,-3.419,0.079,-3.393,0.071,-5.077,0.21,-5.011,0.134,-5.011,0.134
2550314,0,0,2.792,-3.378,0.063,-3.354,0.057,-5.183,0.155,-5.094,0.138,-5.094,0.138
2550324,0,0,2.792,-3.703,0.068,-3.587,0.037,-5.26,0.056,-5.183,0.119,-5.183,0.119
2550334,0,0,2.792,-3.764,0.093,-3.604,0.115,-5.234,-0.063,-5.215,0.08,-5.215,0.08
2550344,0,0,2.792,-3.774,0.088,-3.628,0.111,-5.123,-0.084,-5.124,0.047,-5.124,0.047
2550354,0,0,2.792,-3.669,0.084,-3.675,0.092,-5.048,-0.048,-5.014,0.036,-5.014,0.036
2550364,0,0,2.792,-3.616,0.055,-3.624,0.063,-5.093,0.027,-4.931,0.048,-4.931,0.048
2550374,0,0,2.792,-3.604,0.061,-3.583,0.049,-5.174,0.072,-5.038,0.052,-5.038,0.052
2550384,0,0,2.792,-3.716,0.143,-3.593,0.175,-5.171,0.061,-5.104,0.061,-5.104,0.061
2550394,0,0,2.792,-3.695,0.04,-3.737,0.022,-5.109,-0.001,-5.087,0.053,-5.087,0.053
2550404,0,0,2.792,-3.854,0.008,-3.777,-0.004,-5.152,-0.037,-5.096,0.029,-5.096,0.029
2550414,0,0,2.792,-3.621,-0.007,-3.725,0.004,-5.303,-0.052,-5.21,0.009,-5.21,0.009
2550424,0,0,2.792,-3.758,0.016,-3.617,0.024,-5.39,-0.075,-5.305,-0.009,-5.305,-0.009
2550434,0,0,2.792,-3.852,0.013,-3.896,0.019,-5.338,-0.097,-5.332,-0.025,-5.332,-0.025
2550444,0,0,2.792,-3.843,-0.113,-3.905,-0.094,-5.235,-0.121,-5.26,-0.051,-5.26,-0.051
2550454,0,0,2.792,-3.841,-0.131,-3.814,-0.11,-5.22,-0.111,-5.202,-0.073,-5.202,-0.073
2550464,0,0,2.792,-3.791,-0.097,-3.809,-0.099,-5.294,-0.052,-5.228,-0.077,-5.228,-0.077
2550474,0,0,2.792,-3.994,-0.06,-3.84,-0.054,-5.364,-0.028,-5.306,-0.066,-5.306,-0.066
2550484,0,0,2.792,-3.856,-0.157,-3.912,-0.171,-5.352,-0.01,-5.319,-0.058,-5.319,-0.058
2550494,0,0,2.792,-3.855,-0.229,-3.848,-0.187,-5.3,-0.065,-5.303,-0.063,-5.303,-0.063
2550504,0,0,2.792,-3.762,-0.17,-3.851,-0.152,-5.295,-0.06,-5.254,-0.08,-5.254,-0.08
2550514,0,0,2.792,-3.844,-0.197,-3.813,-0.171,-5.351,-0.024,-5.293,-0.077,-5.293,-0.077
2550524,0,0,2.792,-3.824,-0.174,-3.801,-0.193,-5.431,0.027,-5.37,-0.063,-5.37,-0.063
2550534,0,0,2.792,-3.984,-0.244,-3.857,-0.254,-5.452,0.056,-5.401,-0.057,-5.401,-0.057
2550544,0,0,2.792,-3.805,-0.204,-3.86,-0.161,-5.408,0.062,-5.397,-0.042,-5.397,-0.042
2550554,0,0,2.792,-3.919,-0.18,-4.035,-0.196,-5.381,0.08,-5.373,-0.022,-5.373,-0.022
2550564,0,0,2.792,-4.11,-0.246,-4.127,-0.247,-5.362,0.068,-5.356,-0.013,-5.356,-0.013
2550574,0,0,2.792,-4.054,-0.28,-4.054,-0.294,-5.344,0.035,-5.339,-0.012,-5.339,-0.012
2550584,0,0,2.792,-3.986,-0.174,-3.941,-0.182,-5.345,-0.025,-5.221,-0.085,-5.221,-0.085
2550594,0,0,2.792,-3.913,-0.173,-3.925,-0.186,-5.372,-0.063,-5.318,-0.083,-5.318,-0.083
2550604,0,0,2.792,-3.887,-0.146,-3.904,-0.16,-5.445,-0.038,-5.384,-0.08,-5.384,-0.08
2550614,0,0,2.792,-3.958,-0.238,-3.963,-0.214,-5.514,-0.06,-5.438,-0.087,-5.438,-0.087
2550624,0,0,2.792,-3.81,-0.234,-3.915,-0.204,-5.514,-0.109,-5.488,-0.096,-5.488,-0.096
2550634,0,0,2.792,-4.109,-0.247,-4.045,-0.245,-5.441,-0.153,-5.436,-0.122,-5.436,-0.122
2550644,0,0,2.792,-3.986,-0.254,-4.013,-0.263,-5.396,-0.141,-5.367,-0.153,-5.367,-0.153
2550654,0,0,2.792,-3.803,-0.304,-3.941,-0.296,-5.421,-0.143,-5.361,-0.171,-5.361,-0.171
2550664,0,0,2.792,-4.108,-0.317,-4.074,-0.318,-5.455,-0.129,-5.392,-0.186,-5.392,-0.186
2550674,0,0,2.792,-4.162,-0.276,-4.152,-0.273,-5.423,-0.154,-5.41,-0.185,-5.41,-0.185
2550684,0,0,2.792,-4.083,-0.332,-4.101,-0.333,-5.389,-0.143,-5.335,-0.21,-5.335,-0.21
2550694,0,0,2.792,-3.856,-0.247,-3.894,-0.257,-5.428,-0.134,-5.368,-0.203,-5.368,-0.203
2550704,0,0,2.792,-3.926,-0.31,-3.848,-0.27,-5.541,-0.104,-5.423,-0.192,-5.423,-0.192
2550714,0,0,2.792,-4.069,-0.343,-4.076,-0.329,-5.607,-0.107,-5.512,-0.19,-5.512,-0.19
2550724,0,0,2.792,-4.185,-0.356,-4.147,-0.376,-5.554,-0.128,-5.533,-0.193,-5.533,-0.193
2550734,0,0,2.792,-4.005,-0.34,-4.081,-0.326,-5.49,-0.149,-5.482,-0.201,-5.482,-0.201
2550744,0,0,2.792,-4.065,-0.287,-4.017,-0.263,-5.514,-0.137,-5.455,-0.202,-5.455,-0.202
2550754,0,0,2.792,-3.942,-0.327,-4.018,-0.314,-5.609,-0.113,-5.52,-0.195,-5.52,-0.195
2550764,0,0,2.792,-4.094,-0.356,-4.195,-0.377,-5.632,-0.127,-5.544,-0.218,-5.544,-0.218
2550774,0,0,2.792,-4.177,-0.402,-4.166,-0.376,-5.455,-0.26,-5.502,-0.233,-5.502,-0.233
2550784,0,0,2.792,-4.057,-0.318,-4.068,-0.317,-5.213,-0.345,-5.302,-0.264,-5.302,-0.264
2550794,0,0,2.792,-4.055,-0.341,-4.095,-0.334,-5.106,-0.339,-5.138,-0.29,-5.138,-0.29
2550804,0,0,2.792,-4.241,-0.274,-4.159,-0.29,-5.158,-0.268,-5.109,-0.295,-5.109,-0.295
2550814,0,0,2.792,-4.185,-0.295,-4.21,-0.328,-5.247,-0.222,-5.189,-0.282,-5.189,-0.282
2550824,0,0,2.792,-4.091,-0.191,-4.145,-0.22,-5.219,-0.199,-5.161,-0.257,-5.161,-0.257
2550834,0,0,2.792,-4.13,-0.126,-4.139,-0.156,-5.156,-0.176,-5.147,-0.233,-5.147,-0.233
2550844,0,0,2.792,-4.128,-0.126,-4.11,-0.142,-5.179,-0.129,-5.06,-0.187,-5.06,-0.187
2550854,0,0,2.792,-4.14,-0.159,-4.085,-0.161,-5.243,-0.108,-5.135,-0.164,-5.135,-0.164
2550864,0,0,2.792,-4.324,-0.03,-4.218,-0.047,-5.235,-0.039,-5.181,-0.135,-5.181,-0.135
2550874,0,0,2.792,-4.323,0.073,-4.253,0.027,-5.1,0.067,-5.132,-0.084,-5.132,-0.084
2550884,0,0,2.792,-4.092,0.083,-4.183,0.079,-4.956,0.222,-5.007,-0.015,-5.007,-0.015
2550894,0,0,2.792,-2.342,0.076,-3.376,0.097,-4.896,0.33,-4.895,0.071,-4.895,0.071
2550904,0,0,2.792,-0.211,0.007,-0.722,0.035,-4.906,0.356,-4.605,0.121,-4.605,0.121
2550914,0,0,2.792,-0.019,0,-0.096,0.007,-4.909,0.295,-4.683,0.157,-4.683,0.157
2550924,0,0,2.792,-0.002,0.066,0.019,-0.036,-4.832,0.285,-4.646,0.169,-4.646,0.169
2550934,0,0,2.792,0.004,0.011,-0.029,0.075,-4.721,0.219,-4.488,0.174,-4.488,0.174
2550944,0,0,2.792,0,0,-0.019,0.018,-4.643,0.059,-4.032,0.121,-4.032,0.121
2550954,0,0,2.792,0,0,-0.006,0.003,-4.624,-0.172,-3.946,0.059,-3.946,0.059
2550964,0,0,2.792,0.003,0.002,-0.002,0.001,-4.706,-0.306,-4.088,-0.019,-4.088,-0.019
2550974,0,0,2.792,-0.01,0.035,0.029,0.038,-4.749,-0.275,-4.135,-0.079,-4.135,-0.079
2550984,0,0,2.792,0.025,-0.05,0.018,-0.067,-4.695,-0.182,-4.287,-0.105,-4.287,-0.105
2550994,0,0,2.792,0.002,-0.005,-0.014,-0.014,-4.593,-0.193,-3.693,-0.093,-3.693,-0.093
2551004,0,0,2.792,0,0,-0.019,-0.008,-4.455,-0.257,-3.578,-0.104,-3.578,-0.104
2551014,0,0,2.792,0,0,-0.018,0.014,-4.397,-0.311,-3.781,-0.139,-3.781,-0.139
2551024,0,0,2.792,0.077,0.009,0.098,0.02,-4.403,-0.278,-3.869,-0.16,-3.869,-0.16
2551034,0,0,2.792,0.007,0,0.021,-0.011,-4.325,-0.226,-3.86,-0.164,-3.86,-0.164
2551044,0,0,2.792,0.01,0.017,-0.015,0.016,-4.163,-0.145,-3.832,-0.15,-3.832,-0.15
2551054,0,0,2.792,0,0.002,-0.004,0.018,-3.916,-0.061,-3.577,-0.111,-3.577,-0.111
2551064,0,0,2.792,0,0,-0.02,0.009,-3.653,0.011,-2.901,-0.056,-2.901,-0.056
2551074,0,0,2.792,0.017,-0.025,-0.003,-0.021,-3.573,0.029,-2.933,-0.032,-2.933,-0.032
2551084,0,0,2.792,-0.031,0.022,-0.005,0.037,-3.765,0.026,-3.056,-0.014,-3.056,-0.014
2551094,0,0,2.792,-0.003,0.003,0.011,-0.001,-3.995,0.029,-3.194,-0.001,-3.194,-0.001
2551104,0,0,2.792,-0.021,-0.004,-0.019,-0.003,-4.106,0.058,-3.36,0.009,-3.36,0.009
2551114,0,0,2.792,0.014,0,-0.002,0.01,-4.023,0.065,-3.308,0.023,-3.308,0.023
2551124,0,0,2.792,0.013,-0.008,0.03,-0.02,-3.736,0.037,-3.334,0.026,-3.334,0.026
2551134,0,0,2.792,-0.013,-0.162,0.004,-0.105,-3.355,-0.029,-3.172,0.013,-3.172,0.013
2551144,0,0,2.792,-0.046,0.098,-0.085,-0.016,-2.985,-0.069,-3.041,-0.011,-3.041,-0.011
2551154,0,0,2.792,0.006,0.006,-0.071,0.038,-2.799,-0.067,-2.877,-0.025,-2.877,-0.025
2551164,0,0,2.792,0.021,-0.028,-0.005,0.001,-2.833,-0.034,-2.647,-0.023,-2.647,-0.023
2551174,0,0,2.792,0.004,-0.006,-0.002,0.007,-2.866,0.034,-2.551,-0.014,-2.551,-0.014
2551184,0,0,2.792,-0.011,-0.026,-0.01,-0.023,-2.879,0.108,-2.487,0.012,-2.487,0.012
2551194,0,0,2.792,0,0.017,0.01,0.067,-2.98,0.077,-2.345,0.037,-2.345,0.037
2551204,0,0,2.792,-0.041,0.087,-0.006,0.048,-3.132,0.036,-2.322,0.036,-2.322,0.036
2551214,0,0,2.792,0.044,0.026,0.032,0.047,-3.24,-0.038,-2.173,0.031,-2.173,0.031
2551224,0,0,2.792,-0.009,0.015,-0.007,0.024,-3.218,-0.108,-2.212,0.006,-2.212,0.006
2551234,0,0,2.792,0.03,0.033,0.006,0.037,-3.068,-0.113,-2.256,-0.019,-2.256,-0.019
2551244,0,0,2.792,0.014,-0.013,-0.031,-0.034,-2.972,-0.059,-2.35,-0.031,-2.35,-0.031
2551254,0,0,2.792,0.008,0.007,0.035,0.035,-2.919,-0.055,-2.422,-0.034,-2.422,-0.034
2551264,0,0,2.792,-0.032,0,-0.015,0.017,-2.753,-0.039,-2.296,-0.027,-2.296,-0.027
2551274,0,0,2.792,-0.003,0,-0.077,-0.055,-2.508,-0.017,-2.262,-0.026,-2.262,-0.026
2551284,0,0,2.792,0,0,0.005,0.004,-2.206,0.058,-2.1,-0.012,-2.1,-0.012
2551294,0,0,2.792,0,0,-0.024,0.014,-1.806,0.046,-1.584,0.01,-1.584,0.01
2551304,0,0,2.792,-0.014,-0.002,-0.031,0.02,-1.489,-0.06,-1.394,0.004,-1.394,0.004
2551314,0,0,2.792,-0.001,0,-0.046,-0.026,-1.566,-0.086,-1.339,-0.017,-1.339,-0.017
2551324,0,0,2.792,-2.169,-0.057,-1.354,0.011,-2.057,-0.062,-1.414,-0.028,-1.414,-0.028
2551334,0,0,2.792,-2.892,-0.107,-2.737,-0.09,-2.482,-0.053,-1.754,-0.035,-1.754,-0.035
2551344,2,0,2.792,-2.825,-0.094,-2.914,-0.105,-2.668,-0.064,-2.106,-0.045,-2.106,-0.045
2551354,2,0,2.792,-3.019,-0.09,-3.007,-0.068,-2.519,-0.105,-2.309,-0.059,-2.309,-0.059
2551364,2,0,2.792,-2.678,-0.076,-2.87,-0.079,-2.155,-0.111,-2.335,-0.074,-2.335,-0.074
2551374,2,0,2.792,-0.918,-0.034,-1.825,-0.089,-1.683,-0.094,-2.179,-0.085,-2.179,-0.085
2551384,2,0,2.792,-0.082,-0.003,-0.292,-0.024,-1.029,-0.049,-1.791,-0.077,-1.791,-0.077
2551394,2,0,2.792,-0.007,0,-0.055,-0.007,-0.192,-0.132,-1.323,-0.073,-1.323,-0.073
2551404,2,0,2.792,0,0,-0.021,0.009,0.376,-0.637,-0.762,-0.141,-0.762,-0.141
2551414,2,0,2.792,0,0,-0.032,0.005,0.42,-1.174,-0.382,-0.327,-0.382,-0.327
2551424,2,0,2.792,0,0,-0.048,0.004,-0.174,-1.206,-0.247,-0.551,-0.247,-0.551
2551434,2,0,2.792,-0.008,-0.022,-0.04,-0.028,-1.197,-0.906,-0.394,-0.675,-0.394,-0.675
2551444,2,0,2.792,-1.383,-1.264,-0.658,-1.257,-2.123,-0.459,-0.807,-0.656,-0.807,-0.656
2551454,2,0,2.792,-2.481,-0.051,-2.126,-0.262,-2.673,-0.007,-1.352,-0.531,-1.352,-0.531
2551464,2,0,2.792,-2.408,0.097,-2.336,0.058,-2.933,0.707,-1.899,-0.25,-1.899,-0.25
2551474,2,0,2.792,-2.162,0.059,-2.252,0.024,-2.723,1.533,-2.254,0.168,-2.254,0.168
2551484,2,0,2.792,-0.964,-0.028,-1.693,-0.072,-1.957,2.024,-2.264,0.641,-2.264,0.641
2551494,2,0,2.792,-0.086,-0.003,-0.362,0.009,-0.84,1.921,-1.878,1.039,-1.878,1.039
2551504,2,0,2.792,-0.01,0,-0.035,0,0.297,1.168,-1.249,1.115,-1.249,1.115
2551514,2,0,2.792,0,0,-0.039,0.031,1.378,0.242,-0.546,0.867,-0.546,0.867
2551524,4,0,2.792,0,0,-0.03,0.013,2.136,-0.778,0.095,0.458,0.095,0.458
2551534,4,0,2.792,0,0,-0.037,-0.002,2.136,-1.804,0.658,-0.055,0.658,-0.055
2551544,4,0,2.792,0,0,-0.029,0.015,1.296,-2.459,0.946,-0.675,0.946,-0.675
2551554,4,0,2.792,0,0,0.088,0.099,0.008,-2.569,0.792,-1.266,0.792,-1.266
2551564,4,0,2.792,0,0,0.07,-0.045,-1.255,-2.173,0.305,-1.576,0.305,-1.576
2551574,4,0,2.792,0,0,-0.008,0.007,-2.356,-1.496,-0.329,-1.599,-0.329,-1.599
2551584,4,0,2.792,0,0,0.018,0.018,-3.033,-0.476,-1.066,-1.316,-1.066,-1.316
2551594,4,0,2.792,0,0,-0.038,-0.013,-3.059,0.817,-1.714,-0.778,-1.714,-0.778
2551604,4,0,2.792,0,0,-0.091,-0.023,-2.529,1.906,-1.979,-0.108,-1.979,-0.108
2551614,4,0,2.792,0,0,-0.016,-0.009,-1.82,2.717,-1.908,0.562,-1.908,0.562
2551624,4,0,2.792,0,0,0.012,0.004,-1.058,3.411,-1.616,1.287,-1.616,1.287
2551634,4,0,2.792,0,0,0.005,-0.016,-0.201,3.572,-1.194,1.958,-1.194,1.958
2551644,4,0,2.792,0,0,-0.002,0.02,0.521,2.729,-0.72,2.246,-0.72,2.246
2551654,4,0,2.792,0,0,0.023,0.045,0.997,1.752,-0.263,2.093,-0.263,2.093
2551664,4,0,2.792,-0.853,-0.372,-0.344,-0.156,0.94,0.727,0.075,1.652,0.075,1.652
2551674,4,0,2.792,-0.137,-0.065,-0.333,-0.124,0.357,-0.411,0.166,1.062,0.166,1.062
2551684,4,0,2.792,-0.01,-0.005,-0.057,0.014,-0.211,-1.506,0.087,0.393,0.087,0.393
2551694,4,0,2.792,0,0,-0.018,0.019,-0.684,-2.437,-0.071,-0.227,-0.071,-0.227
2551704,4,0,2.792,0,0,0.012,0.013,-1.051,-3.021,-0.277,-0.875,-0.277,-0.875
2551714,4,0,2.792,-0.892,-0.333,-0.489,-0.175,-1.175,-3.026,-0.498,-1.489,-0.498,-1.489
2551724,4,0,2.792,-1.513,-0.698,-1.401,-0.665,-1.464,-2.385,-0.78,-1.779,-0.78,-1.779
2551734,4,0,2.792,-1.489,-0.49,-1.524,-0.512,-1.717,-1.259,-1.06,-1.707,-1.06,-1.707
2551744,4,0,2.792,-0.365,-0.11,-0.787,-0.264,-1.575,-0.014,-1.259,-1.257,-1.259,-1.257
2551754,4,0,2.792,-0.033,-0.01,-0.137,-0.063,-1.033,1.223,-1.212,-0.625,-1.212,-0.625
2551764,4,0,2.792,-0.002,0,-0.019,-0.048,-0.287,2.107,-0.934,0.042,-0.934,0.042
2551774,6,0,2.792,0,0,0.022,0.001,0.562,2.43,-0.515,0.59,-0.515,0.59
2551784,6,0,2.792,0,0,-0.024,-0.052,1.394,2.374,-0.076,1.062,-0.076,1.062
2551794,6,0,2.792,-0.009,0.009,-0.062,0.005,1.908,1.909,0.403,1.341,0.403,1.341
2551804,6,0,2.792,0,0.002,-0.052,0.035,1.754,0.846,0.809,1.28,0.809,1.28
2551814,6,0,2.792,-0.844,0.173,-0.4,0.138,1.007,-0.253,0.902,0.871,0.902,0.871
2551824,6,0,2.792,-0.638,0.093,-0.867,0.106,0.081,-0.925,0.679,0.4,0.679,0.4
2551834,6,0,2.792,-0.057,0.008,-0.213,0.039,-0.719,-1.43,0.316,-0.054,0.316,-0.054
2551844,6,0,2.792,-0.004,0,-0.024,0.03,-1.16,-1.751,-0.063,-0.462,-0.063,-0.462
2551854,6,0,2.792,0,0,0.008,0.007,-1.321,-2.024,-0.343,-0.748,-0.343,-0.748
2551864,6,0,2.792,0,0,0.011,0.008,-1.151,-2.239,-0.562,-1.108,-0.562,-1.108
2551874,6,0,2.792,0,0,-0.065,-0.029,-0.68,-2.192,-0.625,-1.407,-0.625,-1.407
2551884,6,0,2.792,0,0,-0.02,-0.031,0.104,-1.705,-0.454,-1.423,-0.454,-1.423
2551894,6,0,2.792,0,0,0.006,0.011,1.068,-0.922,-0.122,-1.288,-0.122,-1.288
2551904,6,0,2.792,0,0,-0.069,0.039,1.809,-0.11,0.324,-0.952,0.324,-0.952
2551914,6,0,2.792,0,0,0.006,0.01,1.943,0.576,0.762,-0.548,0.762,-0.548
2551924,6,0,2.792,0,0,0.008,-0.022,1.527,1.055,0.98,-0.137,0.98,-0.137
2551934,6,0,2.792,0,0,-0.064,-0.004,0.796,1.534,0.934,0.252,0.934,0.252
2551944,6,0,2.792,0,0,0.004,-0.001,0.09,1.969,0.568,0.544,0.568,0.544
2551954,6,0,2.792,0,0,-0.028,-0.032,-0.266,2.378,0.299,0.813,0.299,0.813
2551964,6,0,2.792,0,0,-0.017,-0.018,-0.339,2.555,0.129,1.201,0.129,1.201
2551974,6,0,2.792,0,0,-0.054,0.036,-0.023,2.126,0.048,1.494,0.048,1.494
2551984,6,0,2.792,0,0,0.014,0.065,0.374,1.216,0.095,1.451,0.095,1.451
2551994,6,0,2.792,0,0,0.019,0.016,0.62,0.162,0.205,1.095,0.205,1.095
2552004,6,0,2.792,0,0,-0.023,-0.032,0.806,-0.885,0.317,0.549,0.317,0.549
2552014,6,0,2.792,-0.071,-0.033,-0.069,0.034,0.868,-1.408,0.429,0.055,0.429,0.055
2552027,6,0,2.792,-0.009,-0.004,-0.059,0.028,0.796,-1.355,0.482,-0.303,0.482,-0.303
2552035,6,0,2.792,0,0,-0.004,0.008,1.07,-1.219,0.585,-0.602,0.585,-0.602
2552045,6,0,2.792,0,0,-0.011,0.011,1.415,-1.203,0.699,-0.697,0.699,-0.697
2552055,6,0,2.792,0,0,-0.007,-0.011,2.028,-0.96,0.963,-0.757,0.963,-0.757
2552065,6,0,2.792,0,0,-0.06,-0.012,2.591,-0.576,1.301,-0.682,1.301,-0.682
2552075,6,0,2.792,0,0,-0.013,0.002,2.989,-0.192,1.405,-0.446,1.405,-0.446
2552085,8,0,2.792,0,0,-0.015,-0.004,3.126,0.189,1.334,-0.211,1.334,-0.211
2552095,8,0,2.792,0,0,-0.021,-0.009,3.116,0.517,1.76,-0.064,1.76,-0.064
2552105,8,0,2.792,0,0,-0.021,-0.012,3.033,0.847,2.136,0.131,2.136,0.131
2552115,8,0,2.792,0,0,-0.011,-0.085,2.712,1.175,2.352,0.384,2.352,0.384
2552125,8,0,2.792,0,0,0.029,0.081,1.864,0.965,2.144,0.545,2.144,0.545
2552135,8,0,2.792,0,0,0.017,-0.023,1.001,0.452,1.706,0.517,1.706,0.517
2552145,8,0,2.792,-0.02,-0.002,0.016,-0.02,0.428,-0.204,0.817,0.211,0.817,0.211
2552155,8,0,2.792,0.003,-0.026,0.027,-0.017,0.259,-0.987,0.631,0.009,0.631,0.009
2552165,8,0,2.792,0.028,-0.019,-0.047,0.018,0.379,-1.199,0.535,-0.276,0.535,-0.276
2552175,8,0,2.792,0.003,-0.002,0.026,-0.021,0.841,-0.778,0.508,-0.414,0.508,-0.414
2552185,8,0,2.792,0,0,-0.019,0.005,1.62,-0.485,0.695,-0.43,0.695,-0.43
2552195,8,0,2.792,0,0,-0.005,0.015,2.432,-0.364,1.062,-0.395,1.062,-0.395
2552205,8,0,2.792,0,0,-0.061,-0.037,3.173,-0.255,1.565,-0.346,1.565,-0.346
2552215,8,0,2.792,0,0,-0.008,-0.007,3.586,-0.042,2.06,-0.261,2.06,-0.261
2552225,8,0,2.792,0,0,-0.005,-0.002,3.778,0.135,2.536,-0.156,2.536,-0.156
2552235,8,0,2.792,0,0,-0.031,0.004,3.723,0.234,2.907,-0.051,2.907,-0.051
2552245,8,0,2.792,0,0,-0.039,0,3.374,0.172,3.096,0.022,3.096,0.022
2552255,8,0,2.792,0.016,-0.009,0.114,-0.039,2.712,0.369,2.811,0.073,2.811,0.073
2552265,8,0,2.792,0.039,-0.02,0.012,-0.016,1.908,0.982,2.496,0.246,2.496,0.246
2552275,8,0,2.792,0.004,-0.002,0.028,-0.015,1.309,1.43,1.726,0.402,1.726,0.402
2552285,8,0,2.792,0,0,-0.014,-0.008,1.107,1.557,0.961,0.405,0.961,0.405
2552295,8,0,2.792,0,0,0.012,-0.011,1.153,1.205,0.838,0.517,0.838,0.517
2552305,8,0,2.792,0,0,-0.059,-0.027,1.368,0.579,0.869,0.535,0.869,0.535
2552315,8,0,2.792,0,0,-0.015,0.01,1.586,0.113,0.82,0.363,0.82,0.363
2552325,8,0,2.792,0,0,-0.013,-0.005,2.086,-0.064,0.999,0.239,0.999,0.239
2552335,8,0,2.792,0,0,-0.034,0.012,2.742,-0.128,1.284,0.133,1.284,0.133
2552345,8,0,2.792,0,0,-0.021,0.003,3.325,-0.253,1.59,0.039,1.59,0.039
2552355,8,0,2.792,0,0,-0.012,0.001,3.73,-0.327,2.095,-0.044,2.095,-0.044
2552365,8,0,2.792,0,0,-0.013,-0.008,3.957,-0.135,2.646,-0.09,2.646,-0.09
2552375,8,0,2.792,0,0,0.001,0.066,4.031,0.226,3.099,-0.039,3.099,-0.039
2552385,8,0,2.792,0.016,0.009,0.027,-0.067,3.504,0.44,3.211,0.08,3.211,0.08
2552395,8,0,2.792,0.001,0,-0.025,0.055,2.752,0.358,2.865,0.144,2.865,0.144
2552405,8,0,2.792,0,0,-0.026,0.002,2.204,0.491,2.451,0.193,2.451,0.193
2552415,8,0,2.792,0,0,0.025,-0.018,1.996,0.577,2.127,0.267,2.127,0.267
2552425,8,0,2.792,0,0,0.012,0.007,2.09,0.403,1.843,0.272,1.843,0.272
2552435,8,0,2.792,0,0,-0.051,0.006,2.155,0.313,1.866,0.278,1.866,0.278
2552445,8,0,2.792,0,0,-0.006,0.029,2.324,0.243,1.843,0.252,1.843,0.252
2552455,8,0,2.792,0,0,-0.061,-0.007,2.695,0.136,1.788,0.189,1.788,0.189
2552465,8,0,2.792,0,0,-0.015,-0.007,3.157,0.023,1.833,0.127,1.833,0.127
2552475,8,0,2.792,0,0,-0.01,0.003,3.632,0.006,1.396,0.053,1.396,0.053
2552485,8,0,2.792,0,0,-0.042,-0.012,3.917,-0.125,1.878,0.026,1.878,0.026
2552495,8,0,2.792,0.129,-0.051,0.032,-0.053,4.024,-0.328,2.487,-0.04,2.487,-0.04
2552505,8,0,2.792,0.289,-0.075,0.202,-0.014,3.811,-0.496,2.827,-0.139,2.827,-0.139
2552515,8,0,2.792,0.447,-0.171,0.311,-0.129,3.187,-0.261,2.924,-0.186,2.924,-0.186
2552525,8,0,2.792,0.205,-0.076,0.377,-0.147,2.612,-0.284,2.648,-0.203,2.648,-0.203
2552535,8,0,2.792,0.018,-0.007,0.068,-0.037,2.316,-0.377,2.377,-0.228,2.377,-0.228
2552545,8,0,2.792,0.002,0,0.043,0.011,2.188,-0.254,2.224,-0.243,2.224,-0.243
2552555,8,0,2.792,0,0,0.034,0.015,1.872,0.306,1.851,-0.118,1.851,-0.118
2552565,8,0,2.792,0,0,-0.015,-0.012,1.691,0.802,1.696,0.076,1.696,0.076
2552575,8,0,2.792,0,0,-0.038,-0.053,1.832,0.684,1.392,0.205,1.392,0.205
2552585,8,0,2.792,0,0,-0.003,0.007,2.177,0.284,1.435,0.232,1.435,0.232
2552595,8,0,2.792,0,0,-0.04,-0.017,2.711,0.013,1.616,0.175,1.616,0.175
2552605,8,0,2.792,0,0,-0.014,0.001,3.177,-0.029,1.972,0.114,1.972,0.114
2552615,8,0,2.792,0,0,-0.014,0.023,3.586,-0.003,2.319,0.074,2.319,0.074
2552625,8,0,2.792,0,0,0.003,0.022,3.89,0.093,2.656,0.064,2.656,0.064
2552635,8,0,2.792,0.233,0.097,0.027,-0.036,3.922,0.307,2.995,0.098,2.995,0.098
2552645,8,0,2.792,0.95,0.438,0.652,0.34,3.476,0.451,3.152,0.179,3.152,0.179
2552655,8,0,2.792,0.167,0.083,0.394,0.209,3.083,0.441,2.885,0.276,2.885,0.276
2552665,8,0,2.792,0.046,0.048,0.07,0.04,2.802,0.364,2.74,0.294,2.74,0.294
2552675,8,0,2.792,0.008,0.007,0.03,-0.016,2.434,0.152,2.334,0.232,2.334,0.232
2552685,8,0,2.792,0,0,0.014,0.035,1.989,-0.21,2.1,0.135,2.1,0.135
2552695,8,0,2.792,0,0,0.016,0.007,1.683,-0.419,1.496,0.011,1.496,0.011
2552705,8,0,2.792,0,0,0.016,0.013,1.695,-0.443,1.343,-0.084,1.343,-0.084
2552715,8,0,2.792,0.015,0.005,-0.058,0.035,2.02,-0.288,1.355,-0.133,1.355,-0.133
2552725,8,0,2.792,0.202,0.03,0.235,0.015,2.352,-0.218,1.459,-0.137,1.459,-0.137
2552735,8,0,2.792,0.018,0.003,0.03,-0.006,2.716,-0.234,1.648,-0.139,1.648,-0.139
2552745,8,0,2.792,0.002,0,0.004,-0.01,3.113,-0.306,1.558,-0.13,1.558,-0.13
2552755,8,0,2.792,0,0,-0.083,-0.025,3.497,-0.363,1.008,-0.087,1.008,-0.087
2552765,8,0,2.792,0.002,-0.005,0.009,-0.003,3.698,-0.509,1.543,-0.152,1.543,-0.152
2552775,8,0,2.792,0.062,-0.037,0.027,-0.004,3.756,-0.631,1.983,-0.226,1.983,-0.226
2552785,8,0,2.792,0.874,-0.096,0.746,-0.078,3.72,-0.66,2.385,-0.307,2.385,-0.307
2552795,8,0,2.792,0.079,-0.009,0.191,-0.032,3.656,-0.664,2.524,-0.343,2.524,-0.343
2552805,8,0,2.792,0.007,0,0.024,0,3.681,-0.666,2.403,-0.336,2.403,-0.336
2552815,8,0,2.792,0,0,-0.006,-0.013,3.666,-0.665,2.634,-0.379,2.634,-0.379
2552825,8,0,2.792,1.347,-0.446,0.819,-0.295,3.492,-0.679,2.843,-0.435,2.843,-0.435
2552835,8,0,2.792,0.446,-0.152,0.857,-0.265,3.109,-0.405,2.817,-0.446,2.817,-0.446
2552845,8,0,2.792,0.05,-0.017,0.164,-0.054,2.665,-0.133,2.415,-0.331,2.415,-0.331
2552855,8,0,2.792,0.004,-0.002,0.031,0.008,2.309,0.019,2.124,-0.218,2.124,-0.218
2552865,8,0,2.792,0.13,-0.036,0.092,0.001,2.053,0.145,1.729,-0.106,1.729,-0.106
2552875,8,0,2.792,0.083,-0.028,0.154,-0.074,2.154,0.225,1.701,-0.031,1.701,-0.031
2552885,8,0,2.792,0.299,-0.068,0.042,-0.064,2.49,0.022,1.823,0.003,1.823,0.003
2552895,8,0,2.792,0.426,-0.072,0.627,-0.111,2.796,-0.127,1.968,-0.029,1.968,-0.029
2552905,8,0,2.792,0.106,-0.019,0.149,-0.026,3.194,-0.182,2.172,-0.066,2.172,-0.066
2552915,8,0,2.792,0.01,-0.002,0.029,0.006,3.594,-0.123,2.189,-0.07,2.189,-0.07
2552925,8,0,2.792,0.069,-0.008,-0.007,0.02,3.884,0.004,2.062,-0.042,2.062,-0.042
2552935,8,0,2.792,0.158,0.012,0.268,-0.001,3.919,0.161,2.26,-0.002,2.26,-0.002
2552945,8,0,2.792,0.112,0.017,0.212,0.034,3.821,0.238,2.436,0.048,2.436,0.048
2552955,8,0,2.792,0.243,0.038,0.246,0.042,3.844,0.27,2.439,0.086,2.439,0.086
2552965,8,0,2.792,0.043,0.009,0.05,0.016,3.942,0.271,1.491,0.075,1.491,0.075
2552975,8,0,2.792,0.229,0.12,0.118,0.091,4.061,0.266,1.794,0.098,1.794,0.098
2552985,8,0,2.792,0.526,0.21,0.61,0.245,4.107,0.228,2.319,0.13,2.319,0.13
2552995,8,0,2.792,0.159,0.073,0.268,0.131,4.025,0.219,2.655,0.158,2.655,0.158
2553005,8,0,2.792,0.028,0.016,0.049,0.046,3.976,0.272,2.802,0.166,2.802,0.166
2553015,8,0,2.792,0.786,0.442,0.816,0.445,3.783,0.438,2.924,0.222,2.924,0.222
2553025,8,0,2.792,0.78,0.453,0.552,0.356,3.412,0.585,3.05,0.307,3.05,0.307
2553035,8,0,2.792,0.374,0.166,0.51,0.277,3.105,0.574,2.965,0.39,2.965,0.39
2553045,8,0,2.792,0.85,0.433,0.503,0.232,2.766,0.337,2.644,0.365,2.644,0.365
2553055,8,0,2.792,1.862,0.923,1.531,0.775,2.357,0.037,2.436,0.328,2.436,0.328
2553065,8,0,2.792,1.771,0.807,1.819,0.887,1.99,-0.176,2.203,0.385,2.203,0.385
2553075,8,0,2.792,2.144,0.785,2.053,0.828,2.003,-0.244,2.052,0.508,2.052,0.508
2553085,8,0,2.792,2.232,0.585,2.22,0.655,2.397,-0.154,2.112,0.394,2.112,0.394
2553095,8,0,2.792,2.477,0.425,2.415,0.499,2.798,-0.038,2.295,0.304,2.295,0.304
2553105,8,0,2.792,2.401,0.303,2.391,0.349,3.175,-0.036,2.536,0.262,2.536,0.262
2553115,8,0,2.792,2.73,0.166,2.609,0.21,3.551,-0.133,2.822,0.188,2.822,0.188
2553125,8,0,2.792,2.552,-0.057,2.625,-0.001,3.851,-0.236,3.124,0.094,3.124,0.094
2553135,8,0,2.792,2.494,-0.229,2.528,-0.177,4.056,-0.348,3.431,-0.015,3.431,-0.015
2553145,8,0,2.792,0.745,-0.093,1.431,-0.196,4.129,-0.536,3.644,-0.144,3.644,-0.144
2553155,8,0,2.792,1.521,-0.293,1.517,-0.251,3.906,-0.797,3.434,-0.271,3.434,-0.271
2553165,8,0,2.792,2.437,-0.614,2.25,-0.514,3.523,-0.964,3.407,-0.423,3.407,-0.423
2553175,8,0,2.792,2.315,-0.754,2.329,-0.77,3.24,-0.968,3.305,-0.578,3.305,-0.578
2553185,8,0,2.792,2.292,-0.874,2.295,-0.76,3.054,-0.822,3.203,-0.677,3.203,-0.677
2553195,8,0,2.792,0.978,-0.375,1.657,-0.604,2.786,-0.356,2.929,-0.676,2.929,-0.676
2553205,8,0,2.792,0.087,-0.033,0.325,-0.119,2.621,0.256,2.724,-0.479,2.724,-0.479
2553215,8,0,2.792,1.765,-0.625,1.246,-0.541,2.74,0.745,2.59,-0.19,2.59,-0.19
2553225,8,0,2.792,1.881,-0.564,1.858,-0.552,3.12,0.675,2.678,0.011,2.678,0.011
2553235,8,0,2.792,2.212,-0.474,2.096,-0.519,3.454,0.397,2.839,0.045,2.839,0.045
2553245,8,0,2.792,2.007,-0.345,2.097,-0.394,3.686,0.177,3.016,0.003,3.016,0.003
2553255,8,0,2.792,0.239,-0.04,0.64,-0.096,3.888,0.043,3.077,-0.048,3.077,-0.048
2553265,8,0,2.792,0.021,-0.004,0.102,0.004,4.055,0.008,3.042,-0.038,3.042,-0.038
2553275,8,0,2.792,0.002,0,-0.019,-0.006,4.177,0.079,2.638,-0.01,2.638,-0.01
2553285,8,0,2.792,0,0,0.004,0.003,4.211,0.143,2.526,0.015,2.526,0.015
2553295,8,0,2.792,0.313,0.026,0.066,0.004,4.233,0.147,2.418,0.035,2.418,0.035
2553305,8,0,2.792,2.322,0.155,1.844,0.125,4.261,0.061,2.739,0.048,2.739,0.048
2553315,8,0,2.792,2.639,0.198,2.465,0.154,4.281,0.031,3.176,0.055,3.176,0.055
2553325,8,0,2.792,2.456,0.263,2.529,0.258,4.35,0.064,3.569,0.076,3.569,0.076
2553335,8,0,2.792,2.475,0.299,2.497,0.285,4.431,0.143,3.384,0.181,3.384,0.181
2553345,8,0,2.792,2.482,0.417,2.49,0.401,4.457,0.172,3.516,0.227,3.516,0.227
2553355,8,0,2.792,2.498,0.468,2.558,0.451,4.403,0.19,3.668,0.267,3.668,0.267
2553365,8,0,2.792,2.696,0.637,2.653,0.586,4.4,0.157,3.827,0.293,3.827,0.293
2553375,8,0,2.792,2.959,0.815,2.752,0.745,4.474,0.129,3.996,0.315,3.996,0.315
2553385,8,0,2.792,2.869,0.771,2.791,0.769,4.492,0.156,4.1,0.36,4.1,0.36
2553395,8,0,2.792,2.706,0.767,2.761,0.799,4.443,0.209,4.185,0.379,4.185,0.379
2553405,8,0,2.792,3.002,0.989,2.827,0.906,4.324,0.248,4.041,0.474,4.041,0.474
2553415,8,0,2.792,2.827,0.952,2.885,0.992,4.05,0.243,4.01,0.484,4.01,0.484
2553425,8,0,2.792,2.691,0.829,2.764,0.854,3.706,0.229,3.882,0.453,3.882,0.453
2553435,8,0,2.792,2.811,0.773,2.823,0.809,3.408,0.164,3.608,0.463,3.608,0.463
2553445,8,0,2.792,2.976,0.711,2.862,0.722,3.379,-0.029,3.427,0.422,3.427,0.422
2553455,8,0,2.792,2.951,0.572,2.959,0.631,3.633,-0.069,3.428,0.344,3.428,0.344
2553465,8,0,2.792,3.143,0.492,3.095,0.545,3.935,-0.037,3.551,0.29,3.551,0.29
2553475,8,0,2.792,3.117,0.388,3.169,0.43,4.156,0.007,3.747,0.252,3.747,0.252
2553485,8,0,2.792,2.488,0.203,2.992,0.286,4.339,-0.021,3.887,0.225,3.887,0.225
2553495,8,0,2.792,3.302,0.19,3.307,0.227,4.467,-0.104,4.052,0.171,4.052,0.171
2553505,8,0,2.792,3.405,0.118,3.253,0.129,4.534,-0.229,4.224,0.099,4.224,0.099
2553515,8,0,2.792,3.553,-0.015,3.445,0.025,4.623,-0.279,4.384,0.015,4.384,0.015
2553525,8,0,2.792,3.576,-0.128,3.482,-0.073,4.702,-0.348,4.515,-0.065,4.515,-0.065
2553535,8,0,2.792,3.093,-0.177,3.241,-0.17,4.73,-0.426,4.536,-0.142,4.536,-0.142
2553545,8,0,2.792,3.387,-0.219,3.285,-0.177,4.787,-0.45,4.645,-0.214,4.645,-0.214
2553555,8,0,2.792,3.497,-0.354,3.065,-0.256,4.86,-0.356,4.69,-0.256,4.69,-0.256
2553565,8,0,2.792,3.138,-0.387,3.125,-0.347,4.872,-0.236,4.703,-0.27,4.703,-0.27
2553575,8,0,2.792,3.171,-0.474,3.214,-0.458,4.818,-0.133,4.712,-0.268,4.712,-0.268
2553585,8,0,2.792,3.361,-0.602,3.232,-0.563,4.771,-0.081,4.664,-0.273,4.664,-0.273
2553595,8,0,2.792,3.072,-0.539,3.128,-0.559,4.76,-0.044,3.993,-0.466,3.993,-0.466
2553605,8,0,2.792,3.336,-0.678,3.27,-0.653,4.795,-0.096,4.22,-0.427,4.22,-0.427
2553615,8,0,2.792,3.418,-0.82,3.26,-0.747,4.782,-0.223,4.483,-0.399,4.483,-0.399
2553625,8,0,2.792,3.263,-0.83,3.207,-0.816,4.75,-0.345,4.412,-0.512,4.412,-0.512
2553635,8,0,2.792,3.247,-0.886,3.24,-0.863,4.755,-0.423,4.525,-0.533,4.525,-0.533
2553645,8,0,2.792,3.285,-0.989,3.279,-0.915,4.809,-0.434,4.425,-0.644,4.425,-0.644
2553655,6,0,2.792,3.418,-1.064,3.29,-1.009,4.829,-0.43,4.621,-0.623,4.621,-0.623
2553665,6,0,2.792,3.266,-0.989,3.274,-1.049,4.763,-0.482,4.676,-0.629,4.676,-0.629
2553675,6,0,2.792,3.235,-1.068,3.252,-1.058,4.688,-0.42,4.649,-0.63,4.649,-0.63
2553685,6,0,2.792,3.304,-1.139,3.251,-1.112,4.594,-0.224,4.595,-0.586,4.595,-0.586
2553695,6,0,2.792,3.139,-1.086,3.21,-1.111,4.359,0.034,4.428,-0.544,4.428,-0.544
2553705,6,0,2.792,3.177,-1.091,3.203,-1.093,3.996,0.284,4.157,-0.517,4.157,-0.517
2553715,6,0,2.792,3.215,-1.061,3.141,-1.059,3.677,0.462,3.911,-0.383,3.911,-0.383
2553725,6,0,2.792,3.087,-0.953,3.099,-0.983,3.605,0.507,3.719,-0.293,3.719,-0.293
2553735,6,0,2.792,3.062,-0.777,3.087,-0.855,3.827,0.382,3.689,-0.19,3.689,-0.19
2553745,6,0,2.792,2.854,-0.584,2.938,-0.66,4.132,0.144,3.756,-0.208,3.756,-0.208
2553755,6,0,2.792,3.039,-0.503,3.043,-0.539,4.422,-0.034,3.84,-0.278,3.84,-0.278
2553765,6,0,2.792,3.03,-0.397,3.028,-0.427,4.642,-0.178,3.962,-0.32,3.962,-0.32
2553775,6,0,2.792,3.317,-0.291,3.264,-0.323,4.709,-0.227,4.206,-0.313,4.206,-0.313
2553785,6,0,2.792,3.361,-0.23,3.405,-0.256,4.725,-0.234,4.419,-0.295,4.419,-0.295
2553795,6,0,2.792,3.33,-0.1,3.352,-0.127,4.797,-0.203,4.546,-0.262,4.546,-0.262
2553805,6,0,2.792,3.442,0.097,3.325,0.016,4.907,-0.197,4.663,-0.214,4.663,-0.214
2553815,6,0,2.792,3.389,0.184,3.338,0.139,4.979,-0.205,4.768,-0.157,4.768,-0.157
2553825,6,0,2.792,3.442,0.245,3.37,0.219,4.983,-0.204,4.842,-0.112,4.842,-0.112
2553835,6,0,2.792,3.307,0.294,3.259,0.266,4.957,-0.13,4.883,-0.081,4.883,-0.081
2553845,6,0,2.792,3.482,0.401,3.392,0.357,4.956,-0.058,4.862,-0.011,4.862,-0.011
2553855,6,0,2.792,3.3,0.457,3.347,0.442,4.994,0.02,4.859,0.078,4.859,0.078
2553865,6,0,2.792,3.494,0.584,3.394,0.543,5.06,0.054,4.856,0.181,4.856,0.181
2553875,6,0,2.792,3.526,0.726,3.442,0.667,5.106,0.082,4.968,0.229,4.968,0.229
2553885,6,0,2.792,3.609,0.784,3.581,0.752,5.074,0.121,5.018,0.272,5.018,0.272
2553895,6,0,2.792,3.522,0.815,3.526,0.785,5.027,0.171,4.944,0.383,4.944,0.383
2553905,4,0,2.792,3.371,0.832,3.404,0.822,5.063,0.175,4.948,0.424,4.948,0.424
2553915,4,0,2.792,3.315,0.868,3.317,0.846,5.125,0.203,4.972,0.482,4.972,0.482
2553925,4,0,2.792,3.421,0.986,3.428,0.973,5.179,0.22,5.081,0.484,5.081,0.484
2553935,4,0,2.792,3.579,1.075,3.504,1.036,5.174,0.226,4.83,0.725,4.83,0.725
2553945,4,0,2.792,3.451,1.147,3.46,1.088,5.107,0.251,4.985,0.677,4.985,0.677
2553955,4,0,2.792,3.288,1.099,3.368,1.131,5.099,0.286,4.846,0.796,4.846,0.796
2553965,4,0,2.792,3.33,1.154,3.274,1.131,5.148,0.259,4.665,0.879,4.665,0.879
2553975,4,0,2.792,3.439,1.298,3.422,1.282,5.152,0.238,4.89,0.823,4.89,0.823
2553985,4,0,2.792,3.585,1.339,3.531,1.333,5.07,0.185,4.959,0.808,4.959,0.808
2553995,4,0,2.792,3.398,1.165,3.489,1.257,4.927,0.123,4.897,0.784,4.897,0.784
2554005,4,0,2.792,3.24,1.118,3.334,1.171,4.815,0.025,4.81,0.677,4.81,0.677
2554015,4,0,2.792,3.497,1.203,3.455,1.199,4.749,-0.112,4.692,0.613,4.692,0.613
2554025,4,0,2.792,3.526,1.165,3.459,1.164,4.717,-0.248,4.68,0.472,4.68,0.472
2554035,4,0,2.792,3.606,1.136,3.565,1.16,4.675,-0.319,4.66,0.33,4.66,0.33
2554045,4,0,2.792,3.6,0.979,3.589,1.07,4.637,-0.201,4.622,0.25,4.622,0.25
2554055,4,0,2.792,3.422,0.832,3.469,0.873,4.699,0.014,4.618,0.243,4.618,0.243
2554065,4,0,2.792,3.51,0.765,3.52,0.798,4.885,0.119,4.681,0.301,4.681,0.301
2554075,4,0,2.792,3.589,0.757,3.549,0.768,5.085,0.108,4.606,0.505,4.606,0.505
2554085,4,0,2.792,3.975,0.755,3.757,0.734,5.152,0.009,4.924,0.443,4.924,0.443
2554095,4,0,2.792,3.94,0.602,3.875,0.659,5.087,-0.045,4.981,0.429,4.981,0.429
2554105,4,0,2.792,3.891,0.485,3.895,0.536,4.981,-0.051,4.933,0.381,4.933,0.381
2554115,4,0,2.792,3.855,0.427,3.873,0.466,4.981,-0.057,4.835,0.357,4.835,0.357
2554125,4,0,2.792,3.674,0.323,3.808,0.371,5.061,-0.073,4.919,0.294,4.919,0.294
2554135,4,0,2.792,4.121,0.306,3.945,0.33,5.097,-0.02,4.968,0.251,4.968,0.251
2554145,4,0,2.792,4.14,0.24,4.105,0.245,5.091,-0.009,5.054,0.201,5.054,0.201
2554155,2,0,2.792,4.187,0.076,4.126,0.125,5.062,-0.019,5.022,0.157,5.022,0.157
2554165,2,0,2.792,3.861,-0.037,3.996,0.007,5.092,-0.049,5.046,0.105,5.046,0.105
2554175,2,0,2.792,3.982,-0.109,3.948,-0.078,5.174,-0.057,5.065,0.037,5.065,0.037
2554185,2,0,2.792,4.07,-0.167,4.044,-0.14,5.241,-0.056,5.155,-0.005,5.155,-0.005
2554195,2,0,2.792,4.24,-0.239,4.136,-0.226,5.262,-0.094,5.22,-0.036,5.22,-0.036
2554205,2,0,2.792,4.04,-0.313,4.093,-0.303,5.223,-0.149,5.209,-0.089,5.209,-0.089
2554215,2,0,2.792,4.051,-0.335,4.03,-0.317,5.219,-0.166,5.198,-0.126,5.198,-0.126
2554225,2,0,2.792,3.932,-0.383,3.925,-0.345,5.264,-0.163,5.202,-0.167,5.202,-0.167
2554235,2,0,2.792,3.943,-0.436,4.007,-0.416,5.331,-0.148,5.268,-0.184,5.268,-0.184
2554245,2,0,2.792,4.098,-0.545,4.114,-0.553,5.353,-0.203,5.316,-0.211,5.316,-0.211
2554255,2,0,2.792,4.112,-0.642,4.092,-0.602,5.27,-0.226,5.288,-0.243,5.288,-0.243
2554265,2,0,2.792,4.019,-0.652,4.034,-0.641,5.173,-0.165,5.197,-0.267,5.197,-0.267
2554275,2,0,2.792,4.077,-0.629,4.06,-0.642,5.113,-0.001,5.115,-0.274,5.115,-0.274
2554285,2,0,2.792,3.89,-0.643,4.002,-0.659,5.103,0.144,5.092,-0.213,5.092,-0.213
2554295,2,0,2.792,4.057,-0.739,3.976,-0.747,5.11,0.198,5.08,-0.183,5.08,-0.183
2554305,2,0,2.792,4.033,-0.684,4.018,-0.658,5.037,0.159,5.034,-0.189,5.034,-0.189
2554315,2,0,2.792,3.883,-0.679,3.966,-0.703,4.938,0.136,4.941,-0.211,4.941,-0.211
2554325,2,0,2.792,3.909,-0.604,3.93,-0.65,4.892,0.1,4.881,-0.222,4.881,-0.222
2554334,0,0,2.792,4.039,-0.615,3.969,-0.614,4.877,0.114,4.853,-0.194,4.853,-0.194
2554344,0,0,2.792,3.965,-0.563,3.91,-0.545,4.879,0.209,4.828,-0.186,4.828,-0.186
2554354,0,0,2.792,3.946,-0.456,4.036,-0.501,4.862,0.308,4.84,-0.097,4.84,-0.097
2554364,0,0,2.792,4.089,-0.414,4.038,-0.456,4.877,0.277,4.775,-0.15,4.775,-0.15
2554374,0,0,2.792,3.954,-0.328,3.956,-0.357,4.928,0.23,4.849,-0.088,4.849,-0.088
2554384,0,0,2.792,4.005,-0.18,3.918,-0.236,4.992,0.183,4.916,-0.042,4.916,-0.042
2554394,0,0,2.792,4.081,-0.103,4.047,-0.162,5.046,0.15,4.96,-0.026,4.96,-0.026
2554404,0,0,2.792,4.035,-0.019,3.988,-0.066,5.079,0.104,5.032,-0.004,5.032,-0.004
2554414,0,0,2.792,4.016,0.151,3.992,0.102,5.021,0.082,4.989,0.021,4.989,0.021
2554424,0,0,2.792,3.787,0.199,3.953,0.195,4.849,0.094,4.851,0.072,4.851,0.072
2554434,0,0,2.792,3.986,0.252,3.983,0.247,4.658,0.101,4.702,0.112,4.702,0.112
2554444,0,0,2.792,3.95,0.285,3.917,0.261,4.55,0.077,4.6,0.124,4.6,0.124
2554454,0,0,2.792,4.044,0.303,3.939,0.28,4.489,0.099,4.508,0.139,4.508,0.139
2554464,0,0,2.792,4.122,0.285,4.046,0.293,4.468,0.154,4.453,0.163,4.453,0.163
2554474,0,0,2.792,4.161,0.292,4.067,0.284,4.478,0.179,4.419,0.193,4.419,0.193
2554484,0,0,2.792,4.099,0.231,4.08,0.241,4.5,0.119,4.413,0.205,4.413,0.205
2554494,0,0,2.792,4.084,0.193,4.081,0.202,4.512,0.03,4.397,0.188,4.397,0.188
2554504,0,0,2.792,4.078,0.142,4.031,0.15,4.466,-0.069,4.421,0.146,4.421,0.146
2554514,0,0,2.792,4.142,0.072,4.143,0.086,4.348,-0.112,4.393,0.09,4.393,0.09
2554524,0,0,2.792,3.99,-0.013,3.999,0.039,4.186,-0.127,4.293,0.039,4.293,0.039
2554534,0,0,2.792,3.997,-0.01,3.921,-0.022,4.018,-0.138,4.145,-0.009,4.145,-0.009
2554544,0,0,2.792,3.875,-0.066,3.892,-0.028,3.871,-0.18,4.02,-0.04,4.02,-0.04
2554554,0,0,2.792,3.995,0.012,3.933,0.002,3.794,-0.215,3.918,-0.072,3.918,-0.072
2554564,0,0,2.792,4.017,-0.067,4.023,-0.049,3.832,-0.209,3.879,-0.098,3.879,-0.098
2554574,0,0,2.792,3.927,-0.057,3.911,-0.043,3.896,-0.168,3.89,-0.098,3.89,-0.098
2554584,-2,0,2.792,3.732,-0.058,3.789,-0.052,3.908,-0.141,3.889,-0.093,3.889,-0.093
2554594,-2,0,2.792,3.594,-0.089,3.745,-0.088,3.846,-0.11,3.871,-0.093,3.871,-0.093
2554604,-2,0,2.792,3.695,-0.036,3.788,-0.036,3.749,-0.079,3.827,-0.089,3.827,-0.089
2554614,-2,0,2.792,3.863,-0.013,3.711,0.007,3.638,-0.055,3.757,-0.074,3.757,-0.074
2554624,-2,0,2.792,3.59,-0.046,3.683,-0.059,3.508,-0.08,3.665,-0.069,3.665,-0.069
2554634,-2,0,2.792,3.671,-0.147,3.641,-0.133,3.393,-0.053,3.56,-0.071,3.56,-0.071
2554644,-2,0,2.792,3.736,-0.104,3.736,-0.055,3.34,-0.038,3.474,-0.066,3.474,-0.066
2554654,-2,0,2.792,0.32,-0.009,0.959,-0.033,3.326,-0.029,3.388,-0.056,3.388,-0.056
2554664,-2,0,2.792,0.036,-0.001,0.16,-0.014,3.278,0.01,3.268,-0.042,3.268,-0.042
2554674,-2,0,2.792,0.003,0,-0.008,-0.062,3.25,0.085,3.142,-0.015,3.142,-0.015
2554684,-2,0,2.792,0,0,-0.027,0.052,3.275,0.101,3.104,0.016,3.104,0.016
2554694,-2,0,2.792,0,0,0.038,0.024,3.347,0.074,3.101,0.037,3.101,0.037
2554704,-2,0,2.792,0,0,0.021,-0.021,3.369,0.036,2.942,0.032,2.942,0.032
2554714,-2,0,2.792,0,0,0.008,-0.015,3.297,0.05,2.403,0.02,2.403,0.02
2554724,-2,0,2.792,0,0,0.03,-0.008,3.241,0.082,2.365,0.026,2.365,0.026
2554734,-2,0,2.792,0,0,0.033,0.02,3.371,0.108,2.583,0.043,2.583,0.043
2554744,-2,0,2.792,0.002,-0.002,-0.07,0.007,3.583,0.117,2.839,0.06,2.839,0.06
2554754,-2,0,2.792,2.622,-0.046,1.823,-0.103,3.625,0.118,3.061,0.071,3.061,0.071
2554764,-2,0,2.792,2.483,-0.104,2.617,-0.102,3.396,0.058,3.232,0.068,3.232,0.068
2554774,-2,0,2.792,0.23,-0.01,0.734,0.009,2.997,-0.024,3.142,0.045,3.142,0.045
2554784,-2,0,2.792,0.021,0,0.127,0.002,2.496,-0.084,2.861,0.013,2.861,0.013
2554794,-2,0,2.792,0.002,0,0.037,-0.011,2.036,-0.015,2.492,-0.004,2.492,-0.004
2554804,-2,0,2.792,0,0,0.04,-0.013,1.778,0.074,2.092,0.007,2.092,0.007
2554814,-2,0,2.792,0,0,0.04,-0.001,1.815,0.046,1.748,0.02,1.748,0.02
2554824,-2,0,2.792,0,0,0.037,0.008,2.136,-0.065,1.672,0.008,1.672,0.008
2554834,-4,0,2.792,0,0,0.029,0.014,2.654,-0.133,1.853,-0.023,1.853,-0.023
2554844,-4,0,2.792,0,0,0.019,0.013,3.227,-0.11,2.212,-0.05,2.212,-0.05
2554854,-4,0,2.792,0,0,-0.056,-0.021,3.619,-0.049,2.659,-0.051,2.659,-0.051
2554864,-4,0,2.792,0,0,-0.008,0.04,3.475,-0.118,2.932,-0.063,2.932,-0.063
2554874,-4,0,2.792,0,0,0.017,0.03,2.946,-0.169,2.958,-0.082,2.958,-0.082
2554884,-4,0,2.792,0,0,0.009,-0.01,2.216,-0.249,2.711,-0.118,2.711,-0.118
2554894,-4,0,2.792,0,0,0.036,-0.036,1.345,-0.25,2.275,-0.155,2.275,-0.155
2554904,-4,0,2.792,0,0,0.057,0.008,0.511,-0.283,1.734,-0.178,1.734,-0.178
2554914,-4,0,2.792,0,0,0.046,0.006,-0.074,-0.45,1.185,-0.228,1.185,-0.228
2554924,-4,0,2.792,0,0,0.042,0.006,-0.176,-0.576,0.718,-0.291,0.718,-0.291
2554934,-4,0,2.792,0,0,0.036,0.004,0.467,-0.55,0.476,-0.303,0.476,-0.303
2554944,-4,0,2.792,0,0,0.021,0.002,1.63,-0.461,0.639,-0.338,0.639,-0.338
2554954,-4,0,2.792,0,0,0.011,0,2.888,-0.348,1.141,-0.34,1.141,-0.34
2554964,-4,0,2.792,0,0,0.006,0.002,3.987,-0.262,1.929,-0.317,1.929,-0.317
2554974,-4,0,2.792,0,0,-0.01,0.017,4.717,-0.066,2.889,-0.26,2.889,-0.26
2554984,-4,0,2.792,-0.013,0.038,0.072,0.008,4.693,0.13,3.728,-0.153,3.728,-0.153
2554994,-4,0,2.792,2.259,0.102,1.626,0.039,3.897,0.148,3.919,-0.065,3.919,-0.065
2555004,-4,0,2.792,1.194,0,1.75,0.058,2.815,0.127,3.559,-0.004,3.559,-0.004
2555014,-4,0,2.792,0.107,0,0.362,0.02,1.575,0.004,2.914,0.011,2.914,0.011
2555024,-4,0,2.792,0.01,0,0.112,-0.017,0.409,-0.018,2.154,0.001,2.154,0.001
2555034,-6,0,2.792,0,0,0.094,-0.007,-0.586,0.119,1.381,0.02,1.381,0.02
2555044,-6,0,2.792,0,0,0.017,0.001,-1.434,0.314,0.63,0.082,0.63,0.082
2555054,-6,0,2.792,0,0,0.032,-0.001,-1.764,0.522,-0.006,0.183,-0.006,0.183
2555064,-6,0,2.792,0,0,0.04,-0.006,-1.333,0.633,-0.42,0.293,-0.42,0.293
2555074,-6,0,2.792,0,0,0.036,-0.004,-0.163,0.594,-0.429,0.345,-0.429,0.345
2555084,-6,0,2.792,0,0,0.015,0.001,1.349,0.485,-0.08,0.365,-0.08,0.365
2555094,-6,0,2.792,0,0,0.009,0.002,2.797,0.37,0.547,0.359,0.547,0.359
2555104,-6,0,2.792,0,0,-0.009,-0.002,3.851,0.125,1.412,0.305,1.412,0.305
2555114,-6,0,2.792,0,0,-0.027,0.007,4.132,-0.229,2.183,0.171,2.183,0.171
2555124,-6,0,2.792,0,0,0.075,-0.038,3.698,-0.433,2.574,0.02,2.574,0.02
2555134,-6,0,2.792,0,0,-0.032,-0.003,2.961,-0.456,2.77,-0.107,2.77,-0.107
2555144,-6,0,2.792,0,0,0.017,-0.009,2.108,-0.544,2.564,-0.211,2.564,-0.211
2555154,-6,0,2.792,0,0,-0.018,-0.006,1.097,-0.796,2.101,-0.336,2.101,-0.336
2555164,-6,0,2.792,0,0,0.03,0.004,0.035,-1.071,1.488,-0.5,1.488,-0.5
2555174,-6,0,2.792,0,0,0.091,0.02,-0.754,-1.19,0.868,-0.678,0.868,-0.678
2555184,-6,0,2.792,0,0,0.037,0.014,-1.096,-1.1,0.329,-0.807,0.329,-0.807
2555194,-6,0,2.792,0,0,0.012,0.006,-1.056,-0.804,-0.066,-0.83,-0.066,-0.83
2555204,-6,0,2.792,0,0,0.003,-0.018,-0.649,-0.328,-0.277,-0.709,-0.277,-0.709
2555214,-6,0,2.792,0.257,-0.397,0.217,-0.323,-0.126,-0.441,-0.279,-0.584,-0.279,-0.584
2555224,-6,0,2.792,0.421,-0.552,0.327,-0.524,0.588,-0.543,-0.07,-0.553,-0.07,-0.553
2555234,-6,0,2.792,0.507,-0.498,0.526,-0.517,1.281,-0.469,0.269,-0.539,0.269,-0.539
2555244,-6,0,2.792,0.713,-0.557,0.559,-0.472,1.736,-0.255,0.624,-0.481,0.624,-0.481
2555254,-6,0,2.792,0.076,-0.059,0.217,-0.172,1.91,-0.062,0.92,-0.39,0.92,-0.39
2555264,-6,0,2.792,0.128,-0.074,0.061,-0.041,1.758,0.338,1.007,-0.2,1.007,-0.2
2555274,-8,0,2.792,0.231,-0.089,0.252,-0.079,1.364,0.389,1.087,-0.047,1.087,-0.047
2555284,-8,0,2.792,0.339,-0.033,0.324,-0.1,0.904,-0.046,1.006,-0.011,1.006,-0.011
2555294,-8,0,2.792,0.053,-0.004,0.13,-0.033,0.323,-0.5,0.72,-0.087,0.72,-0.087
2555304,-8,0,2.792,0.11,0.052,0.071,0.01,-0.354,-0.668,0.258,-0.105,0.258,-0.105
2555314,-8,0,2.792,0.258,0.137,0.295,0.101,-0.88,-0.776,0.083,-0.2,0.083,-0.2
2555324,-8,0,2.792,0.141,0.028,0.077,0.046,-1.105,-0.853,-0.16,-0.333,-0.16,-0.333
2555334,-8,0,2.792,0.121,0.044,0.222,0.077,-0.914,-0.607,-0.314,-0.362,-0.314,-0.362
2555344,-8,0,2.792,0.012,0.004,0.056,0.012,-0.458,-0.387,-0.333,-0.333,-0.333,-0.333
2555354,-8,0,2.792,0.001,0,0.011,-0.017,-0.009,-0.186,-0.22,-0.248,-0.22,-0.248
2555364,-8,0,2.792,0,0,-0.001,0.008,0.179,-0.011,-0.111,-0.173,-0.111,-0.173
2555374,-8,0,2.792,0.19,0.037,0.128,0.018,0.228,0.038,-0.023,-0.105,-0.023,-0.105
2555384,-8,0,2.792,0.421,0.068,0.384,0.078,0.292,0.085,0.116,-0.027,0.116,-0.027
2555394,-8,0,2.792,0.43,0.063,0.436,0.065,0.236,0.099,0.25,0.025,0.25,0.025
2555404,-8,0,2.792,0.066,0.01,0.202,0.03,0.03,0.011,0.228,0.032,0.228,0.032
2555414,-8,0,2.792,0.006,0,0.054,0.003,-0.261,-0.071,0.132,0.012,0.132,0.012
2555424,-8,0,2.792,0,0,0.035,0.007,-0.654,-0.041,-0.032,-0.006,-0.032,-0.006
2555434,-8,0,2.792,0,0,0.034,0.006,-1.031,0.059,-0.258,0.002,-0.258,0.002
2555444,-8,0,2.792,0,0,0.035,0.004,-1.281,0.126,-0.505,0.03,-0.505,0.03
2555454,-8,0,2.792,0,0,0.034,0.005,-1.337,0.09,-0.711,0.05,-0.711,0.05
2555464,-8,0,2.792,0,0,0.028,0.003,-1.221,-0.019,-0.821,0.04,-0.821,0.04
2555474,-8,0,2.792,0,0,0.021,0.001,-1.06,-0.13,-0.84,0.003,-0.84,0.003
2555484,-8,0,2.792,0,0,0.037,-0.007,-0.992,-0.114,-0.79,-0.032,-0.79,-0.032
2555494,-8,0,2.792,0,0,0.04,0.008,-1,-0.031,-0.711,-0.032,-0.711,-0.032
2555504,-8,0,2.792,0,0,0.01,-0.005,-1.124,-0.003,-0.738,-0.025,-0.738,-0.025
2555514,-8,0,2.792,0,0,0.054,-0.011,-1.37,0.044,-0.828,-0.011,-0.828,-0.011
2555524,-8,0,2.792,0,0,0.019,0.006,-1.523,0.012,-0.965,0.001,-0.965,0.001
2555534,-8,0,2.792,0,0,0.019,0.009,-1.636,-0.086,-1.097,-0.012,-1.097,-0.012
2555544,-8,0,2.792,0,0,0.035,-0.001,-1.686,-0.122,-1.215,-0.038,-1.215,-0.038
2555554,-8,0,2.792,0,0,0.019,-0.011,-1.668,-0.171,-1.304,-0.066,-1.304,-0.066
2555564,-8,0,2.792,0,0,0.03,-0.003,-1.608,-0.236,-1.361,-0.103,-1.361,-0.103
2555574,-8,0,2.792,0.011,0.014,-0.016,0.016,-1.487,-0.24,-1.365,-0.14,-1.365,-0.14
2555584,-8,0,2.792,-0.583,0.015,-0.464,0.018,-1.365,-0.131,-1.24,-0.127,-1.24,-0.127
2555594,-8,0,2.792,-0.76,0.015,-0.776,0.016,-1.453,-0.043,-1.263,-0.105,-1.263,-0.105
2555604,-8,0,2.792,-0.069,0.001,-0.194,0.009,-1.677,0.022,-1.324,-0.072,-1.324,-0.072
2555614,-8,0,2.792,-0.006,0,0.007,0.01,-2.05,0.033,-1.444,-0.04,-1.444,-0.04
2555624,-8,0,2.792,0,0,0.042,-0.024,-2.436,0.085,-1.646,-0.013,-1.646,-0.013
2555634,-8,0,2.792,0,0,0.014,0.027,-2.678,0.111,-1.833,0.022,-1.833,0.022
2555644,-8,0,2.792,0,0,0.038,-0.014,-2.733,0.08,-1.778,0.032,-1.778,0.032
2555654,-8,0,2.792,0,0,0.023,0.011,-2.698,0.064,-1.603,0.033,-1.603,0.033
2555664,-8,0,2.792,0,0,0.021,0.001,-2.617,0.06,-1.351,0.027,-1.351,0.027
2555674,-8,0,2.792,0,0,0.042,-0.013,-2.595,0.132,-1.489,0.038,-1.489,0.038
2555684,-8,0,2.792,0,0,0.019,0.005,-2.713,0.208,-1.713,0.068,-1.713,0.068
2555694,-8,0,2.792,0,0,0.029,0.004,-2.928,0.241,-1.968,0.103,-1.968,0.103
2555704,-8,0,2.792,0,0,0.015,-0.007,-3.103,0.289,-2.247,0.14,-2.247,0.14
2555714,-8,0,2.792,0,0,0.042,0.009,-3.165,0.301,-2.495,0.178,-2.495,0.178
2555724,-8,0,2.792,-0.45,0.021,-0.176,0.003,-3.001,0.202,-2.652,0.191,-2.652,0.191
2555734,-8,0,2.792,-1.398,0.09,-1.194,0.078,-2.669,0.072,-2.57,0.159,-2.57,0.159
2555744,-8,0,2.792,-1.549,0.073,-1.552,0.087,-2.408,-0.064,-2.488,0.11,-2.488,0.11
2555754,-8,0,2.792,-1.334,0.054,-1.444,0.063,-2.339,-0.2,-2.395,0.039,-2.395,0.039
2555764,-8,0,2.792,-0.208,0.007,-0.513,0.047,-2.478,-0.318,-2.321,-0.039,-2.321,-0.039
2555774,-8,0,2.792,-0.019,0,-0.05,-0.016,-2.711,-0.46,-2.149,-0.12,-2.149,-0.12
2555784,-8,0,2.792,-0.002,0,0,0.002,-2.993,-0.56,-1.255,-0.112,-1.255,-0.112
2555794,-8,0,2.792,0,0,0.022,0.005,-3.282,-0.654,-1.347,-0.166,-1.347,-0.166
2555804,-8,0,2.792,0,0,0.034,0.002,-3.56,-0.642,-1.663,-0.235,-1.663,-0.235
2555814,-8,0,2.792,0,0,0.016,-0.003,-3.816,-0.554,-2.112,-0.291,-2.112,-0.291
2555824,-8,0,2.792,-0.01,0.003,0.012,-0.014,-3.978,-0.47,-2.613,-0.322,-2.613,-0.322
2555834,-8,0,2.792,-1.653,-0.185,-1.214,-0.08,-3.798,-0.443,-2.882,-0.32,-2.882,-0.32
2555844,-8,0,2.792,-0.795,-0.114,-1.278,-0.175,-3.345,-0.363,-3.004,-0.321,-3.004,-0.321
2555854,-8,0,2.792,-0.97,-0.12,-0.622,-0.099,-3.021,-0.291,-2.77,-0.285,-2.77,-0.285
2555864,-8,0,2.792,-0.377,-0.044,-0.728,-0.081,-2.834,-0.133,-2.66,-0.247,-2.66,-0.247
2555874,-8,0,2.792,-0.96,-0.089,-0.932,-0.085,-2.756,0.081,-2.486,-0.162,-2.486,-0.162
2555884,-8,0,2.792,-1.206,0.017,-0.736,-0.006,-2.92,0.149,-2.541,-0.083,-2.541,-0.083
2555894,-8,0,2.792,-1.143,0,-1.361,-0.021,-3.174,0.211,-2.628,-0.011,-2.628,-0.011
2555904,-8,0,2.792,-0.103,0,-0.305,0.003,-3.463,0.293,-2.48,0.048,-2.48,0.048
2555914,-8,0,2.792,-0.002,0,-0.007,0.009,-3.717,0.409,-2.308,0.105,-2.308,0.105
2555924,-8,0,2.792,0,0,0.015,0.003,-3.895,0.547,-2.456,0.162,-2.456,0.162
2555934,-8,0,2.792,0,0,0.012,0.012,-3.885,0.682,-2.821,0.261,-2.821,0.261
2555944,-8,0,2.792,-0.193,0.017,-0.073,0.002,-3.658,0.664,-3.022,0.348,-3.022,0.348
2555954,-8,0,2.792,-1.887,0.388,-1.506,0.316,-3.345,0.479,-2.776,0.346,-2.776,0.346
2555964,-8,0,2.792,-2.04,0.443,-1.872,0.419,-3.121,0.281,-2.803,0.352,-2.803,0.352
2555974,-8,0,2.792,-2.051,0.33,-2.054,0.361,-3.006,0.025,-2.797,0.306,-2.797,0.306
2555984,-8,0,2.792,-2.139,0.261,-2.171,0.332,-3.082,-0.15,-2.732,0.245,-2.732,0.245
2555994,-8,0,2.792,-2.044,0.207,-2.185,0.247,-3.278,-0.21,-2.81,0.163,-2.81,0.163
2556004,-8,0,2.792,-2.367,0.077,-2.292,0.095,-3.433,-0.165,-2.972,0.086,-2.972,0.086
2556014,-8,0,2.792,-2.295,-0.033,-2.322,0.01,-3.602,-0.158,-3.076,0.025,-3.076,0.025
2556024,-8,0,2.792,-2.378,-0.104,-2.354,-0.062,-3.835,-0.184,-3.232,-0.023,-3.232,-0.023
2556034,-8,0,2.792,-2.399,-0.168,-2.322,-0.148,-4.066,-0.194,-3.232,-0.082,-3.232,-0.082
2556044,-8,0,2.792,-2.37,-0.245,-2.368,-0.231,-4.255,-0.208,-3.513,-0.119,-3.513,-0.119
2556054,-8,0,2.792,-1.593,-0.181,-1.281,-0.127,-4.294,-0.325,-3.728,-0.159,-3.728,-0.159
2556064,-8,0,2.792,-2.481,-0.396,-2.133,-0.321,-4.046,-0.386,-3.796,-0.216,-3.796,-0.216
2556074,-8,0,2.792,-2.384,-0.449,-2.457,-0.47,-3.673,-0.373,-3.616,-0.296,-3.616,-0.296
2556084,-8,0,2.792,-2.222,-0.524,-2.228,-0.463,-3.326,-0.36,-3.475,-0.33,-3.475,-0.33
2556094,-8,0,2.792,-2.274,-0.417,-2.287,-0.42,-2.994,-0.207,-3.219,-0.336,-3.219,-0.336
2556104,-8,0,2.792,-2.356,-0.354,-2.228,-0.395,-2.972,-0.042,-3.057,-0.282,-3.057,-0.282
2556114,-8,0,2.792,-2.118,-0.228,-2.22,-0.298,-3.295,-0.047,-3.038,-0.23,-3.038,-0.23
2556124,-8,0,2.792,-2.401,-0.217,-2.216,-0.212,-3.581,-0.071,-3.159,-0.192,-3.159,-0.192
2556134,-8,0,2.792,-2.221,-0.139,-2.241,-0.148,-3.846,-0.108,-3.246,-0.165,-3.246,-0.165
2556144,-8,0,2.792,-1.948,-0.006,-2.11,-0.043,-4.106,-0.065,-3.378,-0.133,-3.378,-0.133
2556154,-8,0,2.792,-2.451,0.093,-2.32,0.053,-4.261,-0.052,-3.517,-0.083,-3.517,-0.083
2556164,-8,0,2.792,-2.48,0.136,-2.455,0.127,-4.307,-0.01,-3.377,-0.001,-3.377,-0.001
2556174,-8,0,2.792,-2.485,0.223,-2.479,0.197,-4.34,0.019,-3.585,0.033,-3.585,0.033
2556184,-8,0,2.792,-2.504,0.279,-2.47,0.251,-4.373,0.012,-3.691,0.078,-3.691,0.078
2556194,-8,0,2.792,-2.661,0.352,-2.422,0.296,-4.403,0,-3.703,0.118,-3.703,0.118
2556204,-8,0,2.792,-2.43,0.369,-2.47,0.352,-4.443,0.02,-3.775,0.151,-3.775,0.151
2556214,-8,0,2.792,-2.57,0.409,-2.567,0.395,-4.476,0.035,-3.846,0.188,-3.846,0.188
2556224,-8,0,2.792,-2.52,0.453,-2.523,0.429,-4.481,0.011,-3.971,0.201,-3.971,0.201
2556234,-8,0,2.792,-2.669,0.549,-2.47,0.498,-4.391,-0.092,-4.081,0.183,-4.081,0.183
2556244,-8,0,2.792,-2.481,0.468,-2.587,0.507,-4.172,-0.206,-3.886,0.227,-3.886,0.227
2556254,-8,0,2.792,-2.703,0.487,-2.627,0.492,-3.958,-0.279,-3.65,0.242,-3.65,0.242
2556264,-8,0,2.792,-2.759,0.434,-2.694,0.458,-3.801,-0.36,-3.491,0.224,-3.491,0.224
2556274,-8,0,2.792,-2.835,0.39,-2.773,0.401,-3.821,-0.391,-3.484,0.158,-3.484,0.158
2556284,-8,0,2.792,-2.974,0.305,-2.843,0.335,-3.98,-0.288,-3.623,0.074,-3.623,0.074
2556294,-8,0,2.792,-2.939,0.228,-2.902,0.246,-4.128,-0.183,-3.653,0.085,-3.653,0.085
2556304,-8,0,2.792,-2.836,0.131,-2.886,0.182,-4.287,-0.115,-3.804,0.066,-3.804,0.066
2556314,-8,0,2.792,-2.966,0.099,-2.831,0.109,-4.456,-0.087,-3.669,0.077,-3.669,0.077
2556324,-8,0,2.792,-2.96,-0.037,-3.022,0.075,-4.516,0.076,-3.951,0.065,-3.951,0.065
2556334,-8,0,2.792,-2.924,-0.08,-2.962,-0.104,-4.564,0.312,-4.232,0.097,-4.232,0.097
2556344,-8,0,2.792,-2.693,-0.108,-2.73,-0.111,-4.712,0.405,-4.454,0.162,-4.454,0.162
2556354,-8,0,2.792,-2.838,-0.106,-2.733,-0.048,-4.808,0.261,-4.625,0.192,-4.625,0.192
2556364,-8,0,2.792,-2.858,-0.202,-2.895,-0.203,-4.942,0.173,-4.794,0.18,-4.794,0.18
2556374,-8,0,2.792,-2.849,-0.373,-2.861,-0.424,-5.086,0.152,-4.97,0.155,-4.97,0.155
2556384,-8,0,2.792,-0.936,-0.15,-1.841,-0.267,-5.247,0.111,-5.141,0.132,-5.141,0.132
2556394,-8,0,2.792,-0.084,-0.013,-0.325,-0.049,-5.441,-0.002,-5.308,0.097,-5.308,0.097
2556404,-8,0,2.792,-0.008,-0.001,-0.122,0.051,-5.512,0.008,-5.429,0.061,-5.429,0.061
2556414,-8,0,2.792,0,0,-0.024,0.027,-5.337,0.167,-5.382,0.074,-5.382,0.074
2556424,-8,0,2.792,0.061,0.075,0.094,0.012,-4.918,0.13,-5.09,0.101,-5.09,0.101
2556434,-8,0,2.792,-1.467,-0.484,-0.544,-0.246,-4.411,-0.28,-4.667,0.032,-4.667,0.032
2556444,-8,0,2.792,-2.651,-0.877,-2.388,-0.768,-4.063,-0.577,-4.353,-0.135,-4.353,-0.135
2556454,-8,0,2.792,-2.842,-0.799,-2.783,-0.812,-4.057,-0.552,-4.1,-0.342,-4.1,-0.342
2556464,-8,0,2.792,-2.7,-0.723,-2.796,-0.762,-4.309,-0.409,-4.126,-0.398,-4.126,-0.398
2556474,-8,0,2.792,-3.129,-0.767,-2.899,-0.758,-4.504,-0.35,-4.271,-0.407,-4.271,-0.407
2556484,-8,0,2.792,-3.055,-0.775,-2.956,-0.775,-4.55,-0.336,-4.368,-0.421,-4.368,-0.421
2556494,-8,0,2.792,-2.771,-0.64,-2.811,-0.672,-4.702,-0.324,-4.489,-0.416,-4.489,-0.416
2556504,-8,0,2.792,-2.857,-0.506,-2.875,-0.535,-4.964,-0.267,-4.655,-0.406,-4.655,-0.406
2556514,-8,0,2.792,-0.297,-0.053,-0.842,-0.117,-5.167,-0.205,-4.707,-0.351,-4.707,-0.351
2556524,-8,0,2.792,0.178,-0.221,0.076,-0.191,-5.136,-0.195,-4.993,-0.3,-4.993,-0.3
2556534,-8,0,2.792,-2.876,-0.435,-2.027,-0.383,-4.939,-0.213,-4.941,-0.269,-4.941,-0.269
2556544,-8,0,2.792,-2.757,-0.372,-2.79,-0.347,-4.847,-0.24,-4.841,-0.267,-4.841,-0.267
2556554,-8,0,2.792,-3.004,-0.131,-2.951,-0.181,-4.919,-0.258,-4.716,-0.266,-4.716,-0.266
2556564,-8,0,2.792,-3.02,-0.148,-3.022,-0.138,-5.088,-0.22,-4.873,-0.246,-4.873,-0.246
2556574,-8,0,2.792,-3.359,-0.138,-3.212,-0.16,-5.149,-0.182,-4.985,-0.214,-4.985,-0.214
2556584,-8,0,2.792,-3.278,-0.172,-3.29,-0.187,-5.008,-0.15,-4.993,-0.195,-4.993,-0.195
2556594,-8,0,2.792,-2.999,-0.098,-3.159,-0.092,-4.873,-0.127,-4.825,-0.165,-4.825,-0.165
2556604,-8,0,2.792,-3.144,0.003,-3.185,-0.027,-4.894,-0.063,-4.76,-0.132,-4.76,-0.132
2556614,-8,0,2.792,-3.057,0.059,-3.122,0.05,-5.023,-0.024,-4.857,-0.093,-4.857,-0.093
2556624,-8,0,2.792,-3.428,0.058,-3.323,0.051,-5.067,0.018,-4.953,-0.051,-4.953,-0.051
2556634,-8,0,2.792,-3.441,0.112,-3.399,0.121,-4.993,0.012,-4.969,-0.021,-4.969,-0.021
2556644,-8,0,2.792,-3.459,0.149,-3.45,0.138,-4.934,0.033,-4.904,0.009,-4.904,0.009
2556654,-8,0,2.792,-3.332,0.133,-3.315,0.141,-4.956,0.067,-4.85,0.048,-4.85,0.048
2556664,-8,0,2.792,-3.456,0.202,-3.357,0.19,-5.017,0.117,-4.914,0.074,-4.914,0.074
2556674,-8,0,2.792,-3.626,0.271,-3.551,0.252,-5.019,0.127,-4.694,0.161,-4.694,0.161
2556684,-8,0,2.792,-3.623,0.275,-3.623,0.263,-5.007,0.137,-4.864,0.166,-4.864,0.166
2556694,-8,0,2.792,-3.652,0.232,-3.575,0.237,-5.027,0.107,-4.918,0.172,-4.918,0.172
2556704,-8,0,2.792,-3.504,0.255,-3.549,0.271,-5.051,0.108,-4.971,0.171,-4.971,0.171
2556714,-8,0,2.792,-3.358,0.293,-3.352,0.272,-5.04,0.127,-4.908,0.19,-4.908,0.19
2556724,-8,0,2.792,-3.745,0.367,-3.569,0.334,-5.038,0.16,-4.818,0.229,-4.818,0.229
2556734,-8,0,2.792,-3.661,0.385,-3.625,0.378,-5.047,0.142,-4.725,0.273,-4.725,0.273
2556744,-8,0,2.792,-3.526,0.392,-3.624,0.39,-5.068,0.114,-4.69,0.3,-4.69,0.3
2556754,-8,0,2.792,-3.77,0.417,-3.718,0.411,-5.077,0.114,-4.776,0.302,-4.776,0.302
2556764,-8,0,2.792,-3.635,0.333,-3.653,0.375,-5.087,0.199,-4.902,0.3,-4.902,0.3
2556774,-8,0,2.792,-3.776,0.415,-3.69,0.405,-5.099,0.269,-4.952,0.309,-4.952,0.309
2556784,-8,0,2.792,-3.708,0.485,-3.682,0.439,-5.135,0.327,-5.063,0.32,-5.063,0.32
2556794,-8,0,2.792,-3.682,0.423,-3.696,0.421,-5.151,0.37,-5.037,0.366,-5.037,0.366
2556804,-8,0,2.792,-3.627,0.452,-3.628,0.452,-5.177,0.401,-5.085,0.387,-5.085,0.387
2556814,-8,0,2.792,-3.751,0.52,-3.672,0.482,-5.225,0.358,-5.157,0.392,-5.157,0.392
2556824,-8,0,2.792,-3.78,0.552,-3.776,0.531,-5.247,0.257,-5.197,0.382,-5.197,0.382
2556834,-8,0,2.792,-3.843,0.528,-3.807,0.522,-5.228,0.11,-5.183,0.359,-5.183,0.359
2556844,-6,0,2.792,-3.832,0.505,-3.87,0.514,-5.257,0.051,-5.219,0.295,-5.219,0.295
2556854,-6,0,2.792,-3.899,0.55,-3.831,0.555,-5.292,0.052,-5.25,0.252,-5.25,0.252
2556864,-6,0,2.792,-4.02,0.621,-3.957,0.611,-5.278,0.118,-5.248,0.254,-5.248,0.254
2556874,-6,0,2.792,-3.766,0.557,-3.927,0.581,-5.283,0.18,-5.252,0.261,-5.252,0.261
2556884,-6,0,2.792,-4.086,0.633,-4.068,0.628,-5.319,0.234,-5.178,0.394,-5.178,0.394
2556894,-6,0,2.792,-4.079,0.651,-4.017,0.648,-5.334,0.249,-5.28,0.384,-5.28,0.384
2556904,-6,0,2.792,-4.228,0.696,-4.092,0.663,-5.302,0.283,-5.27,0.396,-5.27,0.396
2556914,-6,0,2.792,-4.069,0.585,-4.157,0.627,-5.263,0.315,-5.255,0.395,-5.255,0.395
2556924,-6,0,2.792,-3.913,0.602,-3.964,0.599,-5.307,0.334,-5.249,0.406,-5.249,0.406
2556934,-6,0,2.792,-3.846,0.624,-3.87,0.616,-5.394,0.325,-5.281,0.44,-5.281,0.44
2556944,-6,0,2.792,-4.09,0.734,-4.026,0.712,-5.468,0.322,-5.395,0.431,-5.395,0.431
2556954,-6,0,2.792,-4.157,0.694,-4.141,0.675,-5.428,0.31,-5.392,0.46,-5.392,0.46
2556964,-6,0,2.792,-4.093,0.624,-4.176,0.687,-5.341,0.32,-5.353,0.442,-5.353,0.442
2556974,-6,0,2.792,-3.869,0.581,-3.935,0.616,-5.3,0.322,-5.266,0.47,-5.266,0.47
2556984,-6,0,2.792,-3.872,0.622,-3.824,0.585,-5.303,0.238,-5.267,0.437,-5.267,0.437
2556994,-6,0,2.792,-3.912,0.718,-3.885,0.688,-5.257,0.08,-5.242,0.394,-5.242,0.394
2557004,-6,0,2.792,-4.1,0.655,-4.039,0.652,-5.092,-0.03,-5.13,0.359,-5.13,0.359
2557014,-6,0,2.792,-3.99,0.494,-3.962,0.543,-4.943,-0.069,-4.931,0.329,-4.931,0.329
2557024,-6,0,2.792,-3.918,0.492,-3.968,0.528,-4.988,-0.048,-4.837,0.343,-4.837,0.343
2557034,-6,0,2.792,-4,0.452,-3.978,0.47,-5.174,-0.018,-5.016,0.29,-5.016,0.29
2557044,-6,0,2.792,-4.037,0.435,-4.01,0.449,-5.351,0.042,-5.211,0.261,-5.211,0.261
2557054,-6,0,2.792,-4.073,0.322,-4.091,0.342,-5.379,0.056,-5.329,0.225,-5.329,0.225
2557064,-6,0,2.792,-4.055,0.214,-4.097,0.252,-5.318,0.085,-5.304,0.199,-5.304,0.199
2557074,-6,0,2.792,-3.971,0.217,-4.028,0.227,-5.327,0.115,-5.279,0.187,-5.279,0.187
2557084,-6,0,2.792,-3.857,0.187,-3.996,0.216,-5.426,0.138,-5.355,0.178,-5.355,0.178
2557094,-4,0,2.792,-4.091,0.162,-4.058,0.172,-5.497,0.129,-5.384,0.17,-5.384,0.17
2557104,-4,0,2.792,-3.962,0.052,-3.999,0.065,-5.507,0.105,-5.465,0.155,-5.465,0.155
2557114,-4,0,2.792,-3.891,-0.016,-4.029,0.02,-5.491,0.074,-5.47,0.127,-5.47,0.127
2557124,-4,0,2.792,-3.977,0.005,-3.906,0.016,-5.502,0.133,-5.443,0.1,-5.443,0.1
2557134,-4,0,2.792,-4.167,-0.011,-4.045,-0.029,-5.555,0.151,-5.503,0.105,-5.503,0.105
2557144,-4,0,2.792,-4.246,-0.091,-4.195,-0.06,-5.534,0.078,-5.517,0.094,-5.517,0.094
2557154,-4,0,2.792,-4.139,-0.18,-4.13,-0.163,-5.456,-0.049,-5.458,0.042,-5.458,0.042
2557164,-4,0,2.792,-3.96,-0.064,-3.994,-0.097,-5.467,-0.089,-5.443,0,-5.443,0
2557174,-4,0,2.792,-3.837,-0.089,-3.89,-0.074,-5.563,-0.063,-5.467,-0.033,-5.467,-0.033
2557184,-4,0,2.792,-4.018,-0.159,-3.954,-0.109,-5.666,0.068,-5.582,-0.024,-5.582,-0.024
2557194,-4,0,2.792,-4.295,-0.23,-4.137,-0.214,-5.748,0.162,-5.689,0.01,-5.689,0.01
2557204,-4,0,2.792,-4.068,-0.358,-4.083,-0.342,-5.689,0.191,-5.692,0.028,-5.692,0.028
2557214,-4,0,2.792,-4.059,-0.322,-4.078,-0.373,-5.619,0.122,-5.632,0.04,-5.632,0.04
2557224,-4,0,2.792,-0.711,-0.046,-1.757,-0.122,-5.623,0.071,-5.558,0.023,-5.558,0.023
2557234,-4,0,2.792,-0.063,-0.004,-0.311,-0.039,-5.634,-0.01,-5.52,0.006,-5.52,0.006
2557244,-4,0,2.792,-0.006,0,-0.021,0.002,-5.659,-0.073,-5.592,-0.01,-5.592,-0.01
2557254,-4,0,2.792,0.006,0.005,0.092,0.004,-5.626,-0.11,-5.517,-0.029,-5.517,-0.029
2557264,-4,0,2.792,-0.019,-0.036,0.001,-0.017,-5.586,-0.122,-5.522,-0.05,-5.522,-0.05
2557274,-4,0,2.792,0.005,0.013,-0.019,-0.002,-5.617,-0.123,-5.531,-0.066,-5.531,-0.066
2557284,-4,0,2.792,0.062,-0.073,-0.008,-0.079,-5.646,-0.146,-5.497,-0.076,-5.497,-0.076
2557294,-4,0,2.792,0.02,0.058,0.05,0.044,-5.645,-0.182,-5.575,-0.098,-5.575,-0.098
2557304,-4,0,2.792,0.001,0.006,0.048,0.022,-5.597,-0.212,-5.511,-0.11,-5.511,-0.11
2557314,-4,0,2.792,-0.006,-0.006,0.009,-0.026,-5.564,-0.207,-5.467,-0.126,-5.467,-0.126
2557324,-4,0,2.792,-0.028,0.028,-0.045,0.006,-5.603,-0.156,-5.491,-0.13,-5.491,-0.13
2557334,-4,0,2.792,-0.828,-0.022,-0.289,0.039,-5.607,-0.132,-5.473,-0.108,-5.473,-0.108
2557344,-4,0,2.792,-4.005,-0.51,-3.315,-0.415,-5.55,-0.114,-5.512,-0.118,-5.512,-0.118
2557354,-2,0,2.792,-4.303,-0.607,-4.153,-0.583,-5.505,-0.133,-5.468,-0.185,-5.468,-0.185
2557364,-2,0,2.792,-3.95,-0.6,-4.049,-0.619,-5.533,-0.136,-5.478,-0.236,-5.478,-0.236
2557374,-2,0,2.792,-4.001,-0.656,-3.98,-0.638,-5.606,-0.143,-5.529,-0.261,-5.529,-0.261
2557384,-2,0,2.792,-4.191,-0.668,-4.14,-0.674,-5.58,-0.156,-5.544,-0.292,-5.544,-0.292
2557394,-2,0,2.792,-4.184,-0.637,-4.124,-0.657,-5.494,-0.173,-5.488,-0.312,-5.488,-0.312
2557404,-2,0,2.792,-4.205,-0.78,-4.179,-0.756,-5.473,-0.148,-5.415,-0.372,-5.415,-0.372
2557414,-2,0,2.792,-4.141,-0.743,-4.179,-0.772,-5.521,-0.161,-5.329,-0.543,-5.329,-0.543
2557424,-2,0,2.792,-4.098,-0.805,-4.136,-0.807,-5.553,-0.188,-5.469,-0.497,-5.469,-0.497
2557434,-2,0,2.792,-4.131,-0.859,-4.163,-0.838,-5.483,-0.271,-5.478,-0.467,-5.478,-0.467
2557444,-2,0,2.792,-4.119,-0.839,-4.157,-0.842,-5.447,-0.284,-5.441,-0.45,-5.441,-0.45
2557454,-2,0,2.792,-4.109,-0.952,-4.078,-0.941,-5.464,-0.244,-5.415,-0.477,-5.415,-0.477
2557464,-2,0,2.792,-4.203,-1.054,-4.153,-1.044,-5.508,-0.169,-5.457,-0.459,-5.457,-0.459
2557474,-2,0,2.792,-4.045,-0.979,-4.043,-1.004,-5.489,-0.089,-5.47,-0.424,-5.47,-0.424
2557484,-2,0,2.792,-4.38,-1.159,-4.298,-1.092,-5.348,-0.043,-5.388,-0.394,-5.388,-0.394
2557494,-2,0,2.792,-4.073,-0.977,-4.169,-1.06,-5.264,0.027,-5.278,-0.379,-5.278,-0.379
2557504,-2,0,2.792,-4.007,-0.978,-4.092,-1.063,-5.297,0.09,-5.248,-0.4,-5.248,-0.4
2557514,-2,0,2.792,-3.996,-0.86,-3.99,-0.901,-5.313,0.154,-5.283,-0.312,-5.283,-0.312
2557524,-2,0,2.792,-4.148,-0.903,-4.112,-0.908,-5.232,0.211,-5.226,-0.29,-5.226,-0.29
2557534,-2,0,2.792,-4.142,-0.89,-4.189,-0.915,-5.065,0.211,-5.121,-0.243,-5.121,-0.243
2557544,-2,0,2.792,-3.879,-0.705,-3.921,-0.711,-4.947,0.282,-4.988,-0.166,-4.988,-0.166
2557554,-2,0,2.792,-3.783,-0.534,-3.761,-0.586,-4.942,0.352,-4.873,-0.191,-4.873,-0.191
2557564,-2,0,2.792,-3.971,-0.5,-3.901,-0.546,-5.009,0.377,-4.942,-0.087,-4.942,-0.087
2557574,-2,0,2.792,-4.146,-0.491,-4.145,-0.521,-5.039,0.341,-4.999,-0.026,-4.999,-0.026
2557584,-2,0,2.792,-4.146,-0.395,-4.133,-0.399,-5.004,0.304,-4.984,-0.032,-4.984,-0.032
2557594,0,0,2.792,-4.014,-0.242,-4.053,-0.277,-4.945,0.333,-4.95,0.015,-4.95,0.015
2557604,0,0,2.792,-4.116,-0.169,-4.089,-0.211,-4.897,0.461,-4.895,0.068,-4.895,0.068
2557614,0,0,2.792,-4.14,-0.152,-4.115,-0.161,-4.849,0.581,-4.857,0.156,-4.857,0.156
2557624,0,0,2.792,-4.109,-0.088,-4.167,-0.105,-4.824,0.589,-4.822,0.24,-4.822,0.24
2557634,0,0,2.792,-4.108,-0.064,-4.138,-0.107,-4.784,0.457,-4.787,0.262,-4.787,0.262
2557644,0,0,2.792,-4.025,-0.05,-4.045,-0.072,-4.685,0.3,-4.722,0.245,-4.722,0.245
2557654,0,0,2.792,-3.949,0.031,-4.045,0.051,-4.553,0.135,-4.587,0.171,-4.587,0.171
2557664,0,0,2.792,-4.044,-0.046,-4.052,-0.037,-4.448,0.012,-4.505,0.128,-4.505,0.128
2557674,0,0,2.792,-4.103,-0.067,-4.049,-0.092,-4.364,-0.099,-4.37,0.025,-4.37,0.025
2557684,0,0,2.792,-4.013,-0.026,-4.042,-0.035,-4.315,-0.164,-4.327,-0.02,-4.327,-0.02
2557694,0,0,2.792,-3.951,-0.101,-3.972,-0.074,-4.301,-0.196,-4.29,-0.056,-4.29,-0.056
2557704,0,0,2.792,-3.969,-0.145,-4.006,-0.137,-4.291,-0.192,-4.275,-0.091,-4.275,-0.091
2557714,0,0,2.792,-4.14,-0.245,-4.056,-0.226,-4.255,-0.203,-4.257,-0.128,-4.257,-0.128
2557724,0,0,2.792,-4.073,-0.228,-4.099,-0.208,-4.196,-0.189,-4.227,-0.158,-4.227,-0.158
2557734,0,0,2.792,-4.071,-0.281,-4.057,-0.252,-4.096,-0.146,-4.154,-0.181,-4.154,-0.181
2557744,0,0,2.792,-4.053,-0.31,-4.107,-0.322,-3.976,-0.062,-4.086,-0.178,-4.086,-0.178
2557754,0,0,2.792,-3.986,-0.284,-4.039,-0.302,-3.893,-0.008,-4.006,-0.159,-4.006,-0.159
2557764,0,0,2.792,-3.814,-0.245,-3.938,-0.244,-3.851,0.024,-3.942,-0.136,-3.942,-0.136
2557774,0,0,2.792,-3.687,-0.265,-3.853,-0.276,-3.819,0.038,-3.89,-0.129,-3.89,-0.129
2557784,0,0,2.792,-3.957,-0.286,-3.883,-0.304,-3.795,0.053,-3.851,-0.121,-3.851,-0.121
2557794,0,0,2.792,-3.693,-0.235,-3.772,-0.271,-3.732,0.066,-3.812,-0.112,-3.812,-0.112
2557804,0,0,2.792,-3.667,-0.221,-3.642,-0.205,-3.624,0.107,-3.735,-0.089,-3.735,-0.089
2557814,0,0,2.792,-3.606,-0.164,-3.642,-0.184,-3.515,0.121,-3.649,-0.071,-3.649,-0.071
2557824,0,0,2.792,-3.843,-0.216,-3.791,-0.207,-3.468,0.094,-3.602,-0.072,-3.602,-0.072
2557834,0,0,2.792,-3.854,-0.21,-3.827,-0.224,-3.433,0.063,-3.579,-0.081,-3.579,-0.081
2557844,0,0,2.792,-3.753,-0.177,-3.727,-0.193,-3.374,0.06,-3.542,-0.092,-3.542,-0.092
2557854,2,0,2.792,-3.33,-0.173,-3.475,-0.171,-3.282,0.044,-3.458,-0.073,-3.458,-0.073
2557864,2,0,2.792,-3.356,-0.192,-3.479,-0.201,-3.189,0.035,-3.397,-0.099,-3.397,-0.099
2557874,2,0,2.792,-3.453,-0.155,-3.497,-0.168,-3.099,0.033,-3.316,-0.09,-3.316,-0.09
2557884,2,0,2.792,-3.248,-0.107,-3.35,-0.145,-3.041,0.043,-3.239,-0.077,-3.239,-0.077
2557894,2,0,2.792,-3.232,-0.127,-3.304,-0.128,-2.983,0.06,-3.182,-0.081,-3.182,-0.081
2557904,2,0,2.792,-3.134,-0.149,-3.294,-0.164,-2.96,0.057,-3.147,-0.079,-3.147,-0.079
2557914,2,0,2.792,-3.322,-0.109,-3.253,-0.14,-2.953,0.057,-3.115,-0.08,-3.115,-0.08
2557924,2,0,2.792,-3.143,-0.143,-3.229,-0.138,-2.893,0.08,-3.084,-0.066,-3.084,-0.066
2557934,2,0,2.792,-3.032,-0.137,-3.095,-0.158,-2.803,0.07,-3.012,-0.056,-3.012,-0.056
2557944,2,0,2.792,-3.104,-0.14,-3.048,-0.122,-2.71,0.039,-2.929,-0.054,-2.929,-0.054
2557954,2,0,2.792,-3.127,-0.123,-3.132,-0.148,-2.626,0.021,-2.853,-0.046,-2.853,-0.046
2557964,2,0,2.792,-2.944,-0.115,-2.973,-0.117,-2.598,0.014,-2.777,-0.041,-2.777,-0.041
2557974,2,0,2.792,-2.756,-0.061,-2.816,-0.053,-2.561,0.021,-2.73,-0.038,-2.73,-0.038
2557984,2,0,2.792,-2.789,-0.043,-2.88,-0.074,-2.546,0.077,-2.682,-0.021,-2.682,-0.021
2557994,2,0,2.792,-2.831,-0.084,-2.783,-0.078,-2.545,0.105,-2.666,-0.012,-2.666,-0.012
2558004,2,0,2.792,-2.728,-0.036,-2.78,-0.035,-2.479,0.099,-2.636,0.001,-2.636,0.001
2558014,2,0,2.792,-2.735,-0.015,-2.778,-0.008,-2.389,0.085,-2.6,0.008,-2.6,0.008
2558024,2,0,2.792,-2.725,-0.041,-2.69,-0.028,-2.314,0.087,-2.534,0.019,-2.534,0.019
2558034,2,0,2.792,-2.459,-0.051,-2.556,-0.052,-2.217,0.072,-2.48,0.016,-2.48,0.016
2558044,2,0,2.792,-0.695,-0.01,-1.132,-0.016,-2.117,0.032,-2.295,0.013,-2.295,0.013
2558054,2,0,2.792,-2.126,-0.027,-1.955,-0.024,-2.006,0.003,-2.009,0.002,-2.009,0.002
2558064,2,0,2.792,-2.354,-0.01,-2.243,-0.016,-1.934,0.002,-2.006,0.002,-2.006,0.002
2558074,2,0,2.792,-2.444,-0.081,-2.45,-0.091,-2.013,-0.052,-2.041,-0.014,-2.041,-0.014
2558084,2,0,2.792,-2.14,-0.083,-2.387,-0.08,-2.111,-0.049,-2.089,-0.03,-2.089,-0.03
2558094,2,0,2.792,-0.706,-0.02,-1.259,-0.026,-2.081,-0.011,-2.078,-0.034,-2.078,-0.034
2558104,4,0,2.792,-1.818,0.008,-1.695,0.003,-1.953,0.034,-1.999,-0.02,-1.999,-0.02
2558114,4,0,2.792,-0.625,-0.024,-0.714,-0.03,-1.862,0.042,-1.87,-0.006,-1.87,-0.006
2558124,4,0,2.792,-1.825,-0.053,-1.665,-0.059,-1.793,-0.003,-1.809,-0.006,-1.809,-0.006
2558136,4,0,2.792,-0.283,-0.009,-0.717,-0.004,-1.673,-0.008,-1.713,-0.009,-1.713,-0.009
2558144,4,0,2.792,-1.247,0.011,-0.717,-0.019,-1.525,0.048,-1.522,0.002,-1.522,0.002
2558154,4,0,2.792,-1.764,0.001,-1.612,-0.001,-1.521,0.025,-1.5,0.008,-1.5,0.008
2558164,4,0,2.792,-1.917,-0.04,-1.967,-0.025,-1.596,-0.029,-1.569,-0.001,-1.569,-0.001
2558174,4,0,2.792,-0.409,-0.007,-0.95,-0.003,-1.611,-0.087,-1.582,-0.019,-1.582,-0.019
2558184,4,0,2.792,-0.105,-0.004,-0.184,-0.01,-1.521,-0.074,-1.374,-0.029,-1.374,-0.029
2558194,4,0,2.792,-0.01,0,-0.07,-0.003,-1.426,-0.046,-1.314,-0.035,-1.314,-0.035
2558204,4,0,2.792,0,0,-0.044,0.012,-1.392,-0.004,-1.009,-0.021,-1.009,-0.021
2558214,4,0,2.792,-0.162,-0.004,-0.057,-0.007,-1.33,0.011,-1.01,-0.012,-1.01,-0.012
2558224,4,0,2.792,-1.542,-0.003,-1.165,-0.018,-1.31,-0.019,-1.056,-0.012,-1.056,-0.012
2558234,4,0,2.792,-1.604,0.009,-1.565,0.009,-1.361,-0.018,-1.183,-0.012,-1.183,-0.012
2558244,4,0,2.792,-0.425,-0.011,-0.618,0.017,-1.351,-0.03,-1.23,-0.011,-1.23,-0.011
2558254,4,0,2.792,-1.193,0.033,-1.192,0.022,-1.261,-0.067,-1.226,-0.019,-1.226,-0.019
2558264,4,0,2.792,-1.261,-0.021,-1.163,-0.025,-1.062,-0.128,-1.184,-0.038,-1.184,-0.038
2558274,4,0,2.792,-0.12,-0.002,-0.348,-0.009,-0.633,-0.163,-1.041,-0.063,-1.041,-0.063
2558284,4,0,2.792,-0.011,0,-0.078,0.007,-0.211,-0.156,-0.678,-0.066,-0.678,-0.066
2558294,4,0,2.792,0,0,-0.049,0.008,-0.052,-0.052,-0.348,-0.042,-0.348,-0.042
2558304,4,0,2.792,0,0,-0.031,0.003,-0.166,0.086,-0.281,-0.022,-0.281,-0.022
2558314,4,0,2.792,-0.007,0,0.028,-0.019,-0.462,0.141,-0.279,0.011,-0.279,0.011
2558324,4,0,2.792,-0.659,0.051,-0.461,0.063,-0.736,0.146,-0.359,0.046,-0.359,0.046
2558334,4,0,2.792,-0.651,0.042,-0.842,0.059,-0.881,0.109,-0.522,0.067,-0.522,0.067
2558344,4,0,2.792,-0.067,0.004,-0.216,0,-0.822,0.136,-0.579,0.065,-0.579,0.065
2558354,6,0,2.792,-0.006,0,-0.049,-0.003,-0.603,0.254,-0.533,0.086,-0.533,0.086
2558364,6,0,2.792,0,0,-0.022,0.007,-0.306,0.358,-0.419,0.12,-0.419,0.12
2558374,6,0,2.792,0,0,-0.032,0.007,-0.035,0.472,-0.257,0.145,-0.257,0.145
2558384,6,0,2.792,0,0,-0.031,0.001,0.127,0.582,-0.163,0.222,-0.163,0.222
2558394,6,0,2.792,0,0,0.001,-0.015,0.024,0.457,-0.087,0.261,-0.087,0.261
2558404,6,0,2.792,0,0,-0.028,0.016,-0.216,0.166,-0.074,0.173,-0.074,0.173
2558414,6,0,2.792,0,0,-0.004,0.006,-0.325,0.022,-0.111,0.132,-0.111,0.132
2558424,6,0,2.792,0,0,-0.034,-0.013,-0.254,0.026,-0.139,0.09,-0.139,0.09
2558434,6,0,2.792,0,0,-0.038,-0.002,-0.054,0.081,-0.116,0.065,-0.116,0.065
2558444,6,0,2.792,0,0,-0.025,0.005,0.217,0.044,-0.054,0.057,-0.054,0.057
2558454,6,0,2.792,0,0,-0.027,0,0.407,-0.106,0.038,0.027,0.038,0.027
2558464,6,0,2.792,0,0,-0.016,0.023,0.355,-0.256,0.097,-0.025,0.097,-0.025
2558474,6,0,2.792,0,0,-0.031,-0.008,0.182,-0.258,0.117,-0.075,0.117,-0.075
2558484,6,0,2.792,0,0,-0.025,-0.008,0.174,-0.185,0.101,-0.094,0.101,-0.094
2558494,6,0,2.792,0,0,-0.028,0.002,0.387,-0.136,0.12,-0.09,0.12,-0.09
2558504,6,0,2.792,-0.004,0,-0.037,0.003,0.718,-0.168,0.161,-0.073,0.161,-0.073
2558514,6,0,2.792,-0.019,0,-0.05,-0.005,1.012,-0.229,0.274,-0.086,0.274,-0.086
2558524,6,0,2.792,0.011,0.009,-0.035,-0.005,1.159,-0.291,0.416,-0.114,0.416,-0.114
2558534,6,0,2.792,0.067,0.006,0.023,0.008,1.104,-0.326,0.554,-0.151,0.554,-0.151
2558544,6,0,2.792,0.113,0.008,0.093,0,0.808,-0.226,0.593,-0.161,0.593,-0.161
2558554,6,0,2.792,0.171,-0.003,0.169,-0.007,0.587,-0.139,0.518,-0.13,0.518,-0.13
2558564,6,0,2.792,0.128,0.011,0.084,0.013,0.512,-0.097,0.463,-0.107,0.463,-0.107
2558574,6,0,2.792,0.246,0.008,0.183,0.004,0.523,-0.047,0.448,-0.086,0.448,-0.086
2558584,6,0,2.792,0.292,0.012,0.258,0.007,0.664,-0.025,0.44,-0.057,0.44,-0.057
2558594,6,0,2.792,0.392,0.005,0.341,0.011,1.014,0.005,0.449,-0.019,0.449,-0.019
2558604,6,0,2.792,0.316,0.007,0.308,0,1.489,0.025,0.535,-0.007,0.535,-0.007
2558614,6,0,2.792,0.42,0.019,0.414,0.008,1.875,0.064,0.757,0.005,0.757,0.005
2558624,6,0,2.792,0.428,0.018,0.385,0.012,1.974,0.033,1.006,0.014,1.006,0.014
2558634,6,0,2.792,0.557,0.018,0.504,0.008,1.609,-0.002,1.03,0.017,1.03,0.017
2558644,6,0,2.792,0.652,0.058,0.621,0.056,1.376,0.016,1.061,0.02,1.061,0.02
2558654,6,0,2.792,0.588,0.036,0.571,0.028,1.279,-0.012,1.071,0.017,1.071,0.017
2558664,8,0,2.792,0.69,0.034,0.64,0.035,1.199,0.001,1.045,0.015,1.045,0.015
2558674,8,0,2.792,0.721,0.066,0.753,0.068,1.233,-0.05,1.038,0.014,1.038,0.014
2558684,8,0,2.792,0.738,0.025,0.715,-0.001,1.354,-0.096,1.055,-0.005,1.055,-0.005
2558694,8,0,2.792,0.413,0.036,0.637,0.037,1.613,-0.124,1.106,-0.018,1.106,-0.018
2558704,8,0,2.792,0.059,0.01,0.143,0.026,1.96,-0.208,1.144,-0.041,1.144,-0.041
2558714,8,0,2.792,0.006,0,-0.012,-0.001,2.242,-0.15,1.093,-0.053,1.093,-0.053
2558724,8,0,2.792,0,0,-0.014,0.002,2.215,-0.065,1.224,-0.053,1.224,-0.053
2558734,8,0,2.792,0.14,0.05,0.043,0.037,2.031,-0.051,0.737,-0.022,0.737,-0.022
2558744,8,0,2.792,0.185,0.004,0.123,0.003,2.037,-0.042,0.876,-0.019,0.876,-0.019
2558754,8,0,2.792,0.066,0,0.114,-0.003,2.25,-0.093,0.99,-0.025,0.99,-0.025
2558764,8,0,2.792,0.049,-0.013,0.005,-0.022,2.556,-0.173,1.275,-0.05,1.275,-0.05
2558774,8,0,2.792,0.004,-0.001,-0.021,-0.004,2.881,-0.25,1.209,-0.064,1.209,-0.064
2558784,8,0,2.792,0,0,-0.015,0.008,3.159,-0.26,1.53,-0.096,1.53,-0.096
2558794,8,0,2.792,0,0,-0.03,0.005,3.144,-0.19,1.761,-0.108,1.761,-0.108
2558804,8,0,2.792,0.035,-0.002,0.026,-0.005,2.807,-0.109,1.613,-0.088,1.613,-0.088
2558814,8,0,2.792,0.043,-0.004,0.064,-0.011,2.523,-0.026,1.462,-0.061,1.462,-0.061
2558824,8,0,2.792,0.869,0.09,0.418,0.04,2.409,-0.009,1.426,-0.037,1.426,-0.037
2558834,8,0,2.792,0.453,0.049,0.61,0.046,2.435,-0.012,1.519,-0.014,1.519,-0.014
2558844,8,0,2.792,0.04,0.005,0.13,0.018,2.626,0.027,1.484,0.001,1.484,0.001
2558854,8,0,2.792,0.004,0,-0.013,0.003,2.963,0.045,1.343,0.008,1.343,0.008
2558864,8,0,2.792,0,0,-0.018,-0.006,3.306,0.032,1.615,0.013,1.615,0.013
2558874,8,0,2.792,0.121,0.014,0.062,0.012,3.492,0.111,1.976,0.024,1.976,0.024
2558884,8,0,2.792,0.275,0.072,0.086,0.018,3.324,0.155,1.945,0.043,1.945,0.043
2558894,8,0,2.792,0.034,0.009,0.067,0.012,3.035,0.167,1.513,0.06,1.513,0.06
2558904,8,0,2.792,0.303,0.035,0.218,0.039,2.904,0.154,1.357,0.063,1.357,0.063
2558914,8,0,2.792,0.104,0.017,0.162,0.03,2.963,0.079,1.671,0.071,1.671,0.071
2558924,8,0,2.792,0.375,0.056,0.548,0.073,3.164,-0.042,1.94,0.055,1.94,0.055
2558934,8,0,2.792,0.883,0.088,0.425,0.025,3.46,-0.116,1.943,0.022,1.943,0.022
2558944,8,0,2.792,0.345,0.025,0.648,0.049,3.771,-0.116,2.397,-0.005,2.397,-0.005
2558954,8,0,2.792,0.031,0.002,0.1,0.001,3.975,-0.17,2.844,-0.036,2.844,-0.036
2558964,8,0,2.792,0.007,0.01,0.04,0.041,3.784,-0.243,3.017,-0.075,3.017,-0.075
2558974,8,0,2.792,0.377,0.175,0.067,0.137,3.324,-0.134,2.842,-0.08,2.842,-0.08
2558984,8,0,2.792,1.142,0.105,1.238,0.145,2.922,-0.003,2.754,-0.046,2.754,-0.046
2558994,8,0,2.792,0.667,0.061,0.493,0.047,2.657,0.125,2.521,-0.001,2.521,-0.001
2559004,8,0,2.792,0.517,0.051,0.88,0.068,2.583,0.201,2.099,0.068,2.099,0.068
2559014,8,0,2.792,1.663,0.138,1.427,0.144,2.664,0.205,2.119,0.098,2.119,0.098
2559024,8,0,2.792,0.386,0.035,0.808,0.068,2.93,0.163,2.198,0.119,2.198,0.119
2559034,8,0,2.792,0.034,0.003,0.098,-0.002,3.341,0.1,2.318,0.109,2.318,0.109
2559044,8,0,2.792,0.003,0,0.008,0.002,3.708,0.069,2.514,0.088,2.514,0.088
2559054,8,0,2.792,0.113,0.003,0.113,0.003,4.019,0.032,2.797,0.068,2.797,0.068
2559064,8,0,2.792,0.01,0,0.021,0.013,4.078,0.062,2.903,0.053,2.903,0.053
2559074,8,0,2.792,0,0,-0.027,-0.001,3.994,0.144,2.935,0.057,2.935,0.057
2559084,8,0,2.792,1.157,0.163,0.467,0.074,3.967,0.184,2.552,0.065,2.552,0.065
2559094,8,0,2.792,2.074,0.244,1.911,0.239,4.004,0.137,2.751,0.116,2.751,0.116
2559104,8,0,2.792,2.439,0.319,2.298,0.275,4.051,0.031,3.026,0.138,3.026,0.138
2559114,8,0,2.792,2.552,0.269,2.371,0.274,4.055,-0.073,3.325,0.119,3.325,0.119
2559124,8,0,2.792,2.571,0.269,2.422,0.266,4.081,-0.088,3.532,0.094,3.532,0.094
2559134,8,0,2.792,2.344,0.18,2.351,0.202,4.146,-0.004,3.564,0.101,3.564,0.101
2559144,8,0,2.792,2.197,0.242,2.312,0.249,4.223,0.095,3.702,0.113,3.702,0.113
2559154,8,0,2.792,2.339,0.185,2.461,0.243,4.185,0.146,3.794,0.138,3.794,0.138
2559164,8,0,2.792,2.599,0.234,2.58,0.24,4.102,0.105,3.293,0.194,3.293,0.194
2559174,8,0,2.792,2.41,0.228,2.449,0.227,4.094,0.04,3.509,0.175,3.509,0.175
2559184,8,0,2.792,2.804,0.222,2.624,0.199,4.122,0.02,3.696,0.146,3.696,0.146
2559194,8,0,2.792,2.666,0.14,2.622,0.146,4.19,0.072,3.853,0.125,3.853,0.125
2559204,8,0,2.792,2.564,0.159,2.481,0.156,4.347,0.102,3.794,0.128,3.794,0.128
2559214,8,0,2.792,2.625,0.242,2.546,0.221,4.486,0.106,3.977,0.131,3.977,0.131
2559224,8,0,2.792,2.886,0.256,2.714,0.215,4.506,0.03,4.105,0.13,4.105,0.13
2559234,8,0,2.792,2.988,0.213,2.769,0.193,4.508,-0.088,4.12,0.114,4.12,0.114
2559244,8,0,2.792,2.924,0.225,2.903,0.225,4.542,-0.201,4.114,0.095,4.114,0.095
2559254,8,0,2.792,2.971,0.201,2.903,0.181,4.542,-0.243,4.254,0.043,4.254,0.043
2559264,8,0,2.792,2.945,0.159,2.938,0.199,4.546,-0.245,4.293,0.012,4.293,0.012
2559274,8,0,2.792,2.777,0.129,2.858,0.158,4.566,-0.204,4.348,-0.014,4.348,-0.014
2559284,8,0,2.792,2.886,0.194,2.796,0.164,4.584,-0.146,4.27,0,4.27,0
2559294,8,0,2.792,3.039,0.217,2.947,0.198,4.598,-0.09,4.312,0.013,4.312,0.013
2559304,8,0,2.792,2.95,0.175,2.923,0.173,4.616,-0.101,4.29,0.039,4.29,0.039
2559314,8,0,2.792,2.908,0.123,2.862,0.149,4.577,-0.077,4.314,0.035,4.314,0.035
2559324,8,0,2.792,3.102,0.083,3.009,0.111,4.581,-0.05,4.211,0.047,4.211,0.047
2559334,8,0,2.792,3.04,0.15,3.045,0.15,4.648,-0.023,4.17,0.059,4.17,0.059
2559344,8,0,2.792,3.154,0.173,3.205,0.176,4.722,0.003,4.243,0.081,4.243,0.081
2559354,8,0,2.792,3.366,0.163,3.297,0.164,4.748,0.007,4.376,0.085,4.376,0.085
2559364,8,0,2.792,3.321,0.112,3.265,0.108,4.728,-0.072,4.487,0.069,4.487,0.069
2559374,8,0,2.792,3.382,0.133,3.295,0.132,4.692,-0.082,4.475,0.055,4.475,0.055
2559384,8,0,2.792,3.165,0.076,3.241,0.107,4.745,-0.071,4.456,0.054,4.456,0.054
2559394,8,0,2.792,3.272,0.18,3.188,0.175,4.843,-0.03,4.517,0.055,4.517,0.055
2559404,8,0,2.792,3.356,0.142,3.306,0.137,4.885,-0.013,4.626,0.062,4.626,0.062
2559414,8,0,2.792,3.264,0.086,3.243,0.08,4.852,-0.041,4.702,0.055,4.702,0.055
2559424,8,0,2.792,3.433,0.109,3.32,0.079,4.828,-0.106,4.74,0.026,4.74,0.026
2559435,8,0,2.792,3.397,0.178,3.37,0.161,4.873,-0.094,4.689,0.023,4.689,0.023
2559445,8,0,2.792,3.266,0.045,3.339,0.087,4.977,-0.007,4.709,0.044,4.709,0.044
2559455,8,0,2.792,3.428,0.034,3.35,0.045,5.105,0.127,4.934,0.053,4.934,0.053
2559465,8,0,2.792,3.495,0.084,3.399,0.083,5.183,0.13,5.105,0.074,5.105,0.074
2559475,8,0,2.792,3.409,0.076,3.445,0.02,5.208,0.03,5.128,0.071,5.128,0.071
2559485,8,0,2.792,3.687,0.058,3.554,0.091,5.234,-0.071,5.186,0.043,5.186,0.043
2559495,8,0,2.792,3.68,0.045,3.571,0.088,5.209,-0.089,5.099,0.027,5.099,0.027
2559505,8,0,2.792,3.694,0.101,3.723,0.081,5.172,-0.088,5.133,0.009,5.133,0.009
2559515,8,0,2.792,3.866,0.102,3.855,0.123,5.143,-0.083,5.069,0.015,5.069,0.015
2559525,8,0,2.792,3.697,0.081,3.706,0.097,5.135,-0.118,5.104,-0.001,5.104,-0.001
2559535,8,0,2.792,3.669,0.057,3.709,0.043,5.108,-0.127,5.076,-0.018,5.076,-0.018
2559545,8,0,2.792,3.682,0.073,3.659,0.08,5.12,-0.117,5.074,-0.032,5.074,-0.032
2559555,8,0,2.792,3.797,0.069,3.775,0.092,5.168,-0.081,5.072,-0.018,5.072,-0.018
2559565,8,0,2.792,3.892,0.123,3.88,0.134,5.166,-0.092,5.128,-0.021,5.128,-0.021
2559575,8,0,2.792,3.798,0.109,3.836,0.117,5.141,-0.129,5.106,-0.018,5.106,-0.018
2559585,8,0,2.792,3.852,0.044,3.847,0.075,5.136,-0.165,5.095,-0.029,5.095,-0.029
2559595,8,0,2.792,3.982,0.037,3.936,0.052,5.182,-0.14,5.13,-0.051,5.13,-0.051
2559605,8,0,2.792,3.857,0.086,3.924,0.099,5.252,-0.11,5.16,-0.039,5.16,-0.039
2559615,8,0,2.792,3.983,0.097,3.931,0.09,5.252,-0.073,5.209,-0.031,5.209,-0.031
2559625,8,0,2.792,3.939,0.079,3.895,0.079,5.207,-0.094,5.139,-0.013,5.139,-0.013
2559635,8,0,2.792,4.02,-0.002,3.984,0.012,5.187,-0.114,5.148,-0.023,5.148,-0.023
2559645,8,0,2.792,3.823,0.016,3.897,0.008,5.242,-0.121,5.186,-0.042,5.186,-0.042
2559655,8,0,2.792,3.822,0.072,3.875,0.063,5.316,-0.087,5.217,-0.039,5.217,-0.039
2559665,8,0,2.792,4.038,0.044,3.955,0.051,5.325,-0.065,5.277,-0.033,5.277,-0.033
2559675,8,0,2.792,3.829,0.033,3.967,0.038,5.286,-0.085,5.241,-0.03,5.241,-0.03
2559685,8,0,2.792,3.682,-0.049,3.834,-0.02,5.268,-0.115,5.221,-0.034,5.221,-0.034
2559695,8,0,2.792,3.863,-0.051,3.859,-0.04,5.305,-0.092,5.253,-0.049,5.253,-0.049
2559705,8,0,2.792,3.959,-0.009,3.951,-0.011,5.363,-0.058,5.276,-0.048,5.276,-0.048
2559715,8,0,2.792,3.859,-0.017,3.91,-0.033,5.361,-0.006,5.325,-0.039,5.325,-0.039
2559725,8,0,2.792,3.979,0.009,3.969,-0.001,5.338,-0.014,5.29,-0.029,5.29,-0.029
2559735,8,0,2.792,3.974,-0.034,3.904,-0.021,5.337,-0.04,5.288,-0.027,5.288,-0.027
2559745,0,0,2.792,4.08,-0.014,3.997,-0.023,5.36,-0.058,5.319,-0.034,5.319,-0.034
2559755,0,0,2.792,4.115,-0.085,4.121,-0.057,5.382,-0.032,5.191,-0.039,5.191,-0.039
2559765,0,0,2.792,4.191,-0.059,4.181,-0.078,5.397,-0.026,5.335,-0.039,5.335,-0.039
2559775,0,0,2.792,4.02,-0.029,4.035,-0.023,5.381,-0.049,5.338,-0.039,5.338,-0.039
2559785,0,0,2.792,3.97,-0.003,4.02,-0.024,5.371,-0.105,5.319,-0.05,5.319,-0.05
2559795,0,0,2.792,3.733,-0.116,3.882,-0.094,5.364,-0.101,5.33,-0.064,5.33,-0.064
2559805,0,0,2.792,4.083,-0.086,4.035,-0.062,5.379,-0.087,5.305,-0.074,5.305,-0.074
2559815,0,0,2.792,4.171,-0.067,4.109,-0.069,5.401,-0.071,5.349,-0.073,5.349,-0.073
2559825,0,0,2.792,4.086,-0.027,4.141,-0.038,5.431,-0.097,5.359,-0.071,5.359,-0.071
2559835,0,0,2.792,4.179,-0.135,4.113,-0.119,5.423,-0.132,5.187,-0.07,5.187,-0.07
2559845,0,0,2.792,4.113,-0.132,4.153,-0.122,5.415,-0.146,5.346,-0.087,5.346,-0.087
2559855,0,0,2.792,4.168,-0.117,4.083,-0.134,5.426,-0.128,5.349,-0.102,5.349,-0.102
2559865,0,0,2.792,4.196,-0.084,4.167,-0.107,5.457,-0.133,5.408,-0.109,5.408,-0.109
2559875,0,0,2.792,4.195,-0.118,4.169,-0.096,5.469,-0.146,5.377,-0.113,5.377,-0.113
2559885,0,0,2.792,4.144,-0.16,4.17,-0.165,5.45,-0.184,5.416,-0.126,5.416,-0.126
2559895,0,0,2.792,4.224,-0.181,4.252,-0.177,5.436,-0.176,5.406,-0.142,5.406,-0.142
2559905,0,0,2.792,4.191,-0.205,4.175,-0.176,5.459,-0.157,5.389,-0.154,5.389,-0.154
2559915,0,0,2.792,4.144,-0.133,4.104,-0.147,5.503,-0.146,5.453,-0.154,5.453,-0.154
2559925,0,0,2.792,4.146,-0.151,4.126,-0.131,5.532,-0.17,5.471,-0.148,5.471,-0.148
2559935,0,0,2.792,4.167,-0.21,4.145,-0.196,5.518,-0.184,5.498,-0.156,5.498,-0.156
2559945,0,0,2.792,4.255,-0.209,4.305,-0.196,5.523,-0.195,5.494,-0.169,5.494,-0.169
2559955,0,0,2.792,4.245,-0.223,4.264,-0.218,5.545,-0.163,5.507,-0.176,5.507,-0.176
2559965,0,0,2.792,4.264,-0.198,4.284,-0.192,5.59,-0.125,5.556,-0.167,5.556,-0.167
2559975,0,0,2.792,4.282,-0.242,4.184,-0.288,5.595,-0.047,5.572,-0.151,5.572,-0.151
2559985,0,0,2.792,4.181,-0.244,4.23,-0.232,5.613,-0.016,5.59,-0.12,5.59,-0.12
2559995,0,0,2.792,4.128,-0.23,4.132,-0.234,5.661,-0.044,5.624,-0.102,5.624,-0.102
2560005,0,0,2.792,4.247,-0.231,4.225,-0.211,5.721,-0.054,5.674,-0.096,5.674,-0.096
2560015,0,0,2.792,4.29,-0.289,4.331,-0.323,5.743,-0.109,5.713,-0.101,5.713,-0.101
2560025,0,0,2.792,4.364,-0.211,4.379,-0.227,5.782,-0.197,5.751,-0.124,5.751,-0.124
2560035,0,0,2.792,4.069,-0.165,4.078,-0.157,5.722,-0.237,5.726,-0.157,5.726,-0.157
2560045,0,0,2.792,4.08,-0.2,4.083,-0.173,5.685,-0.241,5.684,-0.181,5.684,-0.181
2560055,0,0,2.792,4.134,-0.171,4.106,-0.179,5.755,-0.198,5.709,-0.19,5.709,-0.19
2560065,0,0,2.792,4.325,-0.165,4.32,-0.185,5.826,-0.202,5.769,-0.191,5.769,-0.191
2560075,0,0,2.792,4.299,-0.135,4.332,-0.114,5.818,-0.17,5.803,-0.189,5.803,-0.189
2560085,0,0,2.792,4.296,-0.124,4.245,-0.119,5.734,-0.172,5.757,-0.178,5.757,-0.178
2560095,0,0,2.792,4.194,-0.166,4.222,-0.151,5.645,-0.119,5.665,-0.165,5.665,-0.165
2560105,0,0,2.792,4.193,-0.167,4.194,-0.172,5.696,-0.085,5.652,-0.147,5.652,-0.147
2560115,0,0,2.792,4.202,-0.152,4.181,-0.159,5.82,-0.053,5.732,-0.129,5.732,-0.129
2560125,0,0,2.792,4.434,-0.135,4.363,-0.12,5.884,-0.054,5.8,-0.114,5.8,-0.114
2560135,0,0,2.792,4.552,-0.108,4.437,-0.155,5.788,-0.054,5.806,-0.1,5.806,-0.1
2560145,0,0,2.792,4.176,-0.134,4.315,-0.137,5.657,-0.085,5.662,-0.098,5.662,-0.098
2560155,0,0,2.792,4.295,-0.159,4.261,-0.167,5.64,-0.106,5.583,-0.11,5.583,-0.11
2560165,0,0,2.792,4.387,-0.149,4.324,-0.161,5.712,-0.12,5.602,-0.123,5.602,-0.123
2560175,0,0,2.792,4.362,-0.172,4.343,-0.162,5.733,-0.109,5.684,-0.125,5.684,-0.125
2560185,0,0,2.792,4.314,-0.152,4.371,-0.139,5.648,-0.117,5.602,-0.126,5.602,-0.126
2560195,0,0,2.792,4.272,-0.159,4.281,-0.171,5.574,-0.129,5.563,-0.128,5.563,-0.128
2560205,0,0,2.792,4.409,-0.144,4.331,-0.163,5.584,-0.172,5.558,-0.138,5.558,-0.138
2560215,0,0,2.792,4.199,-0.102,4.355,-0.117,5.602,-0.18,5.56,-0.148,5.56,-0.148
2560225,0,0,2.792,4.375,-0.138,4.398,-0.122,5.578,-0.185,5.543,-0.15,5.543,-0.15
2560235,0,0,2.792,4.568,-0.108,4.512,-0.103,5.558,-0.153,5.522,-0.149,5.522,-0.149
2560245,0,0,2.792,4.548,-0.117,4.568,-0.119,5.569,-0.149,5.513,-0.139,5.513,-0.139
2560255,0,0,2.792,4.63,-0.108,4.588,-0.12,5.59,-0.142,5.47,-0.134,5.47,-0.134
2560265,0,0,2.792,4.383,-0.121,4.449,-0.117,5.59,-0.139,5.535,-0.134,5.535,-0.134
2560275,0,0,2.792,4.464,-0.086,4.441,-0.089,5.584,-0.131,5.499,-0.123,5.499,-0.123
2560285,0,0,2.792,4.453,-0.047,4.461,-0.062,5.61,-0.144,5.538,-0.117,5.538,-0.117
2560295,0,0,2.792,4.705,-0.049,4.674,-0.042,5.65,-0.136,5.59,-0.111,5.59,-0.111
2560305,0,0,2.792,4.774,-0.138,4.745,-0.134,5.624,-0.112,5.599,-0.108,5.599,-0.108
2560315,0,0,2.792,4.577,-0.111,4.631,-0.102,5.524,-0.022,5.528,-0.098,5.528,-0.098
2560325,0,0,2.792,4.191,-0.04,4.413,-0.048,5.461,0.076,5.434,-0.072,5.434,-0.072
2560335,0,0,2.792,4.709,-0.005,4.583,-0.027,5.461,0.161,5.421,-0.028,5.421,-0.028
2560345,0,0,2.792,4.753,0.034,4.734,0.007,5.465,0.176,5.38,0.011,5.38,0.011
2560355,0,0,2.792,4.692,0.025,4.692,0.026,5.413,0.178,5.387,0.039,5.387,0.039
2560365,0,0,2.792,4.519,0.1,4.524,0.062,5.343,0.208,5.319,0.066,5.319,0.066
2560375,0,0,2.792,4.466,0.164,4.426,0.112,5.356,0.273,5.222,0.093,5.222,0.093
2560385,0,0,2.792,4.414,0.174,4.404,0.162,5.436,0.294,5.278,0.135,5.278,0.135
2560395,0,0,2.792,4.488,0.205,4.426,0.179,5.505,0.285,5.423,0.167,5.423,0.167
2560405,0,0,2.792,4.585,0.221,4.584,0.197,5.505,0.245,5.479,0.188,5.479,0.188
2560415,0,0,2.792,4.481,0.319,4.514,0.307,5.413,0.258,5.425,0.213,5.425,0.213
2560425,0,0,2.792,4.359,0.365,4.392,0.334,5.321,0.289,5.345,0.238,5.345,0.238
2560435,0,0,2.792,4.312,0.377,4.333,0.352,5.308,0.314,5.278,0.272,5.278,0.272
2560445,0,0,2.792,4.373,0.501,4.302,0.427,5.345,0.243,5.301,0.285,5.301,0.285
2560455,0,0,2.792,4.18,0.449,4.282,0.498,5.341,0.127,5.318,0.278,5.318,0.278
2560465,0,0,2.792,4.451,0.617,4.3,0.59,5.278,0.013,5.286,0.248,5.286,0.248
2560475,0,0,2.792,4.362,0.584,4.389,0.567,5.117,-0.057,5.181,0.208,5.181,0.208
2560485,0,0,2.792,4.318,0.519,4.345,0.553,4.886,-0.127,4.99,0.164,4.99,0.164
2560495,0,0,2.792,4.049,0.488,4.194,0.518,4.678,-0.177,4.754,0.233,4.754,0.233
2560505,0,0,2.792,4.258,0.616,4.128,0.557,4.591,-0.202,4.646,0.174,4.646,0.174
2560515,0,0,2.792,4.397,0.586,4.31,0.586,4.632,-0.19,4.612,0.131,4.612,0.131
2560525,0,0,2.792,4.459,0.557,4.392,0.56,4.711,-0.142,4.611,0.256,4.611,0.256
2560535,0,0,2.792,4.332,0.453,4.405,0.53,4.713,-0.042,4.675,0.2,4.675,0.2
2560545,0,0,2.792,4.182,0.387,4.264,0.436,4.624,-0.009,4.628,0.226,4.628,0.226
2560555,0,0,2.792,4.264,0.381,4.228,0.354,4.474,-0.061,4.517,0.229,4.517,0.229
2560565,0,0,2.792,4.244,0.374,4.221,0.362,4.31,-0.189,4.41,0.186,4.41,0.186
2560575,0,0,2.792,4.463,0.356,4.408,0.371,4.18,-0.272,4.303,0.133,4.303,0.133
2560585,0,0,2.792,4.581,0.376,4.566,0.384,4.153,-0.229,4.233,0.067,4.233,0.067
2560595,0,0,2.792,4.228,0.28,4.37,0.284,4.162,-0.113,4.222,0.069,4.222,0.069
2560605,0,0,2.792,4.037,0.213,4.133,0.25,4.122,-0.057,4.184,0.055,4.184,0.055
2560615,0,0,2.792,4.061,0.186,4.039,0.196,4.006,-0.066,4.111,0.044,4.111,0.044
2560625,0,0,2.792,4.059,0.208,4.088,0.221,3.851,-0.126,4.009,0.024,4.009,0.024
2560635,0,0,2.792,4.019,0.25,4.09,0.207,3.734,-0.137,3.902,0.01,3.902,0.01
2560645,0,0,2.792,4.072,0.196,4.095,0.21,3.695,-0.099,3.821,-0.002,3.821,-0.002
2560655,0,0,2.792,4.064,0.259,4.026,0.262,3.692,-0.035,3.807,0.06,3.807,0.06
2560665,0,0,2.792,4.009,0.259,3.991,0.256,3.699,0.026,3.769,0.065,3.769,0.065
2560675,0,0,2.792,3.993,0.222,3.992,0.227,3.68,0.09,3.742,0.08,3.742,0.08
2560685,0,0,2.792,3.855,0.258,3.884,0.249,3.621,0.093,3.717,0.106,3.717,0.106
2560695,0,0,2.792,3.89,0.221,3.884,0.225,3.484,0.032,3.66,0.121,3.66,0.121
2560705,0,0,2.792,4.003,0.281,3.958,0.269,3.276,-0.076,3.543,0.096,3.543,0.096
2560715,0,0,2.792,3.726,0.189,3.869,0.149,3.127,-0.116,3.422,0.064,3.422,0.064
2560725,0,0,2.792,2.946,0.042,3.447,0.081,3.104,-0.073,3.301,0.027,3.301,0.027
2560735,0,0,2.792,0.272,0.004,0.873,0.066,3.188,-0.01,3.137,0.021,3.137,0.021
2560745,0,0,2.792,0.024,0,0.135,-0.008,3.251,0.025,3.033,0.019,3.033,0.019
2560755,0,0,2.792,0.002,0,0.023,-0.005,3.231,0.08,2.913,0.026,2.913,0.026
2560765,0,0,2.792,-0.04,-0.048,0.002,-0.048,3.156,0.112,2.809,0.041,2.809,0.041
2560775,0,0,2.792,0.02,-0.056,-0.018,0.008,3.169,0.121,2.654,0.052,2.654,0.052
2560785,0,0,2.792,2.946,0.142,2.15,0.104,3.264,0.124,2.713,0.066,2.713,0.066
2560795,0,0,2.792,3.2,0.129,3.091,0.114,3.291,0.103,2.924,0.083,2.924,0.083
2560805,0,0,2.792,3.192,0.07,3.255,0.087,3.184,0.065,3.064,0.084,3.064,0.084
2560815,0,0,2.792,0.426,0.004,1.157,0.038,2.932,0.013,2.998,0.069,2.998,0.069
2560825,0,0,2.792,0.038,0,0.212,0.007,2.634,-0.079,2.646,0.036,2.646,0.036
2560835,0,0,2.792,0.003,0,0.04,-0.002,2.356,-0.11,2.373,0.001,2.373,0.001
2560845,0,0,2.792,0,0,0.045,-0.029,2.199,-0.082,2.124,-0.024,2.124,-0.024
2560855,0,0,2.792,0,0,0.031,0.004,2.269,-0.036,2.052,-0.03,2.052,-0.03
2560865,0,0,2.792,-1.589,2.192,-1.002,1.07,2.514,-0.017,2.04,-0.015,2.04,-0.015
2560875,0,0,2.792,2.331,0.508,1.4,0.932,2.734,0.044,2.135,0.079,2.135,0.079
2560885,0,0,2.792,3.013,0.163,2.855,0.219,2.834,0.101,2.371,0.127,2.371,0.127
2560895,0,0,2.792,2.86,0.126,2.977,0.136,2.735,0.082,2.555,0.124,2.555,0.124
2560905,0,0,2.792,2.781,0.17,2.752,0.174,2.44,-0.066,2.589,0.097,2.589,0.097
2560915,0,0,2.792,2.634,0.089,2.681,0.098,2.065,-0.138,2.462,0.047,2.462,0.047
2560925,0,0,2.792,2.668,0.085,2.59,0.087,1.764,-0.052,2.342,0.029,2.342,0.029
2560938,0,0,2.792,2.541,0.075,2.649,0.081,1.506,-0.04,2.367,0.057,2.367,0.057
2560944,0,0,2.792,2.471,-0.05,2.566,-0.029,1.336,-0.065,2.097,0.023,2.097,0.023
2560954,0,0,2.792,2.253,0.031,2.425,0.002,1.303,-0.086,1.986,0.006,1.986,0.006
2560964,0,0,2.792,2.683,0.15,2.651,0.122,1.304,-0.113,1.877,-0.005,1.877,-0.005
2560974,0,0,2.792,2.546,0.107,2.562,0.12,1.381,-0.086,1.828,-0.004,1.828,-0.004
2560984,0,0,2.792,2.485,0.182,2.463,0.13,1.508,-0.067,1.778,-0.008,1.778,-0.008
2560994,-2,0,2.792,2.275,0.11,2.28,0.13,1.619,-0.061,1.797,0.003,1.797,0.003
2561004,-2,0,2.792,2.242,0.065,2.227,0.064,1.674,-0.014,1.927,0.024,1.927,0.024
2561014,-2,0,2.792,2.214,0.062,2.194,0.074,1.595,0.008,1.868,0.024,1.868,0.024
2561024,-2,0,2.792,1.956,0.051,2.055,0.069,1.428,0.002,1.778,0.023,1.778,0.023
2561034,-2,0,2.792,0.256,0.005,0.732,0.02,1.209,-0.011,1.598,0.019,1.598,0.019
2561045,-2,0,2.792,0.023,0,0.12,0.002,0.987,-0.031,1.31,0.008,1.31,0.008
2561055,-2,0,2.792,0.002,0,0.032,-0.01,0.841,-0.036,1.068,-0.004,1.068,-0.004
2561065,-2,0,2.792,0,0,0.054,0.012,0.871,-0.027,0.852,-0.008,0.852,-0.008
2561075,-2,0,2.792,0,0,0.039,0.004,1.047,-0.058,0.715,-0.012,0.715,-0.012
2561085,-2,0,2.792,0,0,0.033,-0.018,1.272,-0.062,0.789,-0.023,0.789,-0.023
2561095,-2,0,2.792,0,0,0.013,0.003,1.452,-0.027,0.924,-0.027,0.924,-0.027
2561105,-2,0,2.792,1.062,0.074,0.563,0.064,1.496,0.021,1.057,-0.018,1.057,-0.018
2561115,-2,0,2.792,1.466,0.097,1.456,0.081,1.45,0.082,1.173,0.011,1.173,0.011
2561125,-2,0,2.792,1.447,0.017,1.446,0.031,1.296,0.079,1.243,0.033,1.243,0.033
2561135,-2,0,2.792,0.267,-0.012,0.662,-0.009,0.96,0.004,1.197,0.032,1.197,0.032
2561145,-2,0,2.792,0.024,-0.001,0.133,-0.001,0.578,-0.048,1.016,0.012,1.016,0.012
2561155,-2,0,2.792,0.002,0,0.048,0,0.32,0.005,0.798,0.004,0.798,0.004
2561165,-2,0,2.792,0,0,0.046,-0.011,0.197,0.051,0.602,0.012,0.602,0.012
2561175,-2,0,2.792,0,0,0.042,-0.001,0.083,0.051,0.441,0.023,0.441,0.023
2561185,-2,0,2.792,0,0,0.047,0,-0.133,0.03,0.285,0.025,0.285,0.025
2561195,-2,0,2.792,0,0,0.05,-0.001,-0.353,0.014,0.119,0.021,0.119,0.021
2561205,-2,0,2.792,0,0,0.048,0.001,-0.437,-0.015,-0.021,0.012,-0.021,0.012
2561215,-2,0,2.792,0,0,0.037,0.001,-0.307,-0.053,-0.082,-0.001,-0.082,-0.001
2561225,-2,0,2.792,0,0,0.029,0.001,-0.011,-0.089,-0.08,-0.018,-0.08,-0.018
2561235,-2,0,2.792,0,0,0.028,0.004,0.306,-0.093,-0.006,-0.035,-0.006,-0.035
2561245,-2,0,2.792,0,0,0.037,0.009,0.513,-0.063,0.113,-0.044,0.113,-0.044
2561255,-2,0,2.792,0,0,0.025,0.008,0.544,-0.017,0.228,-0.039,0.228,-0.039
2561265,-2,0,2.792,0,0,0.033,0.004,0.407,0.011,0.288,-0.026,0.288,-0.026
2561275,-2,0,2.792,0,0,0.044,-0.016,0.253,0.052,0.287,-0.008,0.287,-0.008
2561285,-2,0,2.792,0.264,-0.013,0.172,-0.011,0.125,0.064,0.246,0.013,0.246,0.013
2561295,-4,0,2.792,0.047,-0.006,0.143,0.015,0.108,-0.003,0.204,0.015,0.204,0.015
2561305,-4,0,2.792,0.004,0,0.046,0.006,-0.011,-0.034,0.155,0.003,0.155,0.003
2561315,-4,0,2.792,0,0,0.037,-0.002,-0.271,0.001,0.062,-0.001,0.062,-0.001
2561325,-4,0,2.792,0,0,0.036,-0.002,-0.597,0.034,-0.084,0.006,-0.084,0.006
2561335,-4,0,2.792,0,0,0.028,-0.005,-0.85,0.01,-0.257,0.009,-0.257,0.009
2561345,-4,0,2.792,0,0,0.02,-0.01,-0.984,0,-0.412,0.005,-0.412,0.005
2561355,-4,0,2.792,0,0,0.03,-0.003,-1.007,0.08,-0.518,0.014,-0.518,0.014
2561365,-4,0,2.792,0,0,0.029,0.008,-0.826,0.049,-0.529,0.026,-0.529,0.026
2561374,-4,0,2.792,0,0,0.013,-0.008,-0.61,-0.013,-0.533,0.019,-0.533,0.019
2561385,-4,0,2.792,0,0,0.027,0.004,-0.493,0.006,-0.501,0.011,-0.501,0.011
2561395,-4,0,2.792,0,0,0.035,0.017,-0.471,0.009,-0.469,0.011,-0.469,0.011
2561405,-4,0,2.792,-0.095,0.013,-0.013,-0.002,-0.555,0.003,-0.466,0.009,-0.466,0.009
2561415,-4,0,2.792,-0.33,0.005,-0.312,0.019,-0.578,0.002,-0.46,0.008,-0.46,0.008
2561425,-4,0,2.792,-0.438,-0.019,-0.395,-0.009,-0.648,0.006,-0.486,0.006,-0.486,0.006
2561435,-4,0,2.792,-0.516,-0.022,-0.46,-0.015,-0.836,0.055,-0.557,0.012,-0.557,0.012
2561445,-4,0,2.792,-0.389,-0.001,-0.525,-0.007,-1.124,0.075,-0.683,0.025,-0.683,0.025
2561455,-4,0,2.792,-0.035,0,-0.084,0.002,-1.435,0.095,-0.837,0.039,-0.837,0.039
2561465,-4,0,2.792,-0.003,0,0.009,0.018,-1.687,0.022,-0.983,0.042,-0.983,0.042
2561475,-4,0,2.792,0,0,0.052,-0.025,-1.805,-0.044,-1.003,0.015,-1.003,0.015
2561485,-4,0,2.792,0,0,0.003,0.011,-1.727,-0.028,-1.08,0.002,-1.08,0.002
2561495,-4,0,2.792,0,0,0.026,0.005,-1.61,-0.078,-1.11,-0.011,-1.11,-0.011
2561505,-4,0,2.792,0,0,0.026,-0.004,-1.49,-0.065,-1.143,-0.026,-1.143,-0.026
2561515,-4,0,2.792,0,0,0.034,0.004,-1.41,-0.011,-1.173,-0.025,-1.173,-0.025
2561525,-4,0,2.792,-0.285,-0.029,-0.134,-0.009,-1.377,0.024,-1.196,-0.015,-1.196,-0.015
2561535,-4,0,2.792,-0.876,-0.016,-0.838,-0.019,-1.378,0.045,-1.164,-0.002,-1.164,-0.002
2561545,-4,0,2.792,-0.219,-0.012,-0.451,-0.023,-1.508,0.057,-1.235,0.012,-1.235,0.012
2561555,-4,0,2.792,-0.02,-0.001,-0.053,0.009,-1.699,-0.008,-1.307,0.014,-1.307,0.014
2561565,-4,0,2.792,-0.002,0,0.047,-0.021,-1.962,-0.037,-1.406,-0.001,-1.406,-0.001
2561575,-4,0,2.792,0,0,0,0.019,-2.191,-0.032,-1.469,-0.01,-1.469,-0.01
2561585,-4,0,2.792,0,0,0.033,-0.014,-2.341,-0.027,-1.427,-0.013,-1.427,-0.013
2561595,-4,0,2.792,0,0,0.037,-0.002,-2.368,-0.06,-1.248,-0.014,-1.248,-0.014
2561605,-4,0,2.792,0,0,0.024,0.009,-2.349,-0.094,-1.349,-0.026,-1.349,-0.026
2561615,-6,0,2.792,0,0,0.012,0.005,-2.379,-0.088,-1.521,-0.039,-1.521,-0.039
2561625,-6,0,2.792,0,0,0.063,-0.01,-2.465,-0.031,-1.69,-0.04,-1.69,-0.04
2561635,-6,0,2.792,0,0,0.018,0.004,-2.529,-0.006,-1.88,-0.03,-1.88,-0.03
2561645,-6,0,2.792,-0.271,0.007,-0.291,0.024,-2.528,-0.014,-2.025,-0.023,-2.025,-0.023
2561655,-6,0,2.792,-0.707,-0.018,-0.451,-0.011,-2.379,0.006,-0.957,-0.013,-0.957,-0.013
2561665,-6,0,2.792,-1.457,-0.018,-1.395,-0.014,-2.331,0.028,-1.221,-0.007,-1.221,-0.007
2561675,-6,0,2.792,-0.632,0.009,-1.062,0.008,-2.48,0.012,-1.542,-0.001,-1.542,-0.001
2561685,-6,0,2.792,-0.056,0,-0.2,0.003,-2.798,0.028,-1.819,0.004,-1.819,0.004
2561695,-6,0,2.792,-0.005,0,-0.007,-0.007,-3.181,0.044,-2.063,0.011,-2.063,0.011
2561705,-6,0,2.792,0,0,0.026,0.003,-3.41,0.046,-2.169,0.018,-2.169,0.018
2561715,-6,0,2.792,0,0,0.024,0.004,-3.367,0.004,-2.062,0.016,-2.062,0.016
2561725,-6,0,2.792,0,0,0.026,-0.006,-3.131,-0.024,-2.278,0.007,-2.278,0.007
2561735,-6,0,2.792,0,0,0.024,0.004,-2.883,0.025,-2.414,0.006,-2.414,0.006
2561744,-6,0,2.792,-1.1,0.029,-0.574,0.02,-2.704,0.044,-2.46,0.015,-2.46,0.015
2561754,-6,0,2.792,-1.718,-0.034,-1.636,-0.017,-2.592,0.031,-2.432,0.018,-2.432,0.018
2561764,-6,0,2.792,-2.082,-0.008,-1.969,-0.013,-2.586,0.02,-2.453,0.018,-2.453,0.018
2561774,-6,0,2.792,-2.056,-0.041,-1.939,-0.036,-2.678,0.029,-2.494,0.017,-2.494,0.017
2561784,-6,0,2.792,-0.356,-0.005,-0.835,-0.014,-2.833,0.046,-2.503,0.017,-2.503,0.017
2561794,-6,0,2.792,-0.04,0,-0.144,-0.004,-3.043,0.025,-2.236,0.015,-2.236,0.015
2561804,-6,0,2.792,-0.004,0,0.001,0.001,-3.272,-0.032,-1.87,0.006,-1.87,0.006
2561814,-6,0,2.792,0,0,0.023,-0.003,-3.469,-0.045,-2.042,-0.006,-2.042,-0.006
2561824,-6,0,2.792,0,0,0.023,0.013,-3.674,-0.032,-2.384,-0.011,-2.384,-0.011
2561834,-6,0,2.792,0,0,0.007,-0.006,-3.805,-0.026,-2.735,-0.015,-2.735,-0.015
2561844,-6,0,2.792,-1.781,-0.018,-1.309,-0.022,-3.703,-0.022,-2.245,-0.017,-2.245,-0.017
2561854,-6,0,2.792,-2.336,-0.015,-2.147,-0.009,-3.552,-0.039,-2.602,-0.02,-2.602,-0.02
2561864,-6,0,2.792,-2.171,0.002,-2.22,-0.003,-3.527,-0.073,-2.892,-0.027,-2.892,-0.027
2561874,-6,0,2.792,-2.096,0.012,-2.234,0.014,-3.644,-0.102,-3.117,-0.039,-3.117,-0.039
2561884,-6,0,2.792,-2.204,-0.034,-2.274,-0.033,-3.775,-0.071,-3.23,-0.045,-3.23,-0.045
2561894,-6,0,2.792,-2.198,-0.027,-2.273,-0.02,-3.849,-0.073,-3.381,-0.047,-3.381,-0.047
2561904,-6,0,2.792,-2.453,0.016,-2.214,0.009,-3.847,-0.085,-3.508,-0.052,-3.508,-0.052
2561914,-6,0,2.792,-2.363,0.017,-2.334,0.007,-3.747,-0.075,-3.562,-0.052,-3.562,-0.052
2561924,-6,0,2.792,-2.406,-0.02,-2.499,-0.027,-3.571,-0.028,-3.485,-0.044,-3.485,-0.044
2561934,-6,0,2.792,-2.456,-0.028,-2.417,-0.028,-3.477,0.015,-3.441,-0.032,-3.441,-0.032
2561944,-6,0,2.792,-2.345,0.039,-2.384,0.029,-3.546,0.004,-3.417,-0.017,-3.417,-0.017
2561954,-6,0,2.792,-2.539,0.028,-2.478,0.019,-3.696,0.019,-3.302,-0.002,-3.302,-0.002
2561964,-6,0,2.792,-2.401,0.003,-2.4,0.016,-3.934,0.077,-3.313,0.013,-3.313,0.013
2561974,-6,0,2.792,-2.154,0.026,-2.239,0.03,-4.188,0.082,-3.457,0.028,-3.457,0.028
2561984,-6,0,2.792,-2.506,0.089,-2.362,0.074,-4.343,0.075,-3.754,0.041,-3.754,0.041
2561994,-6,0,2.792,-2.437,0.044,-2.497,0.043,-4.32,0.025,-3.982,0.044,-3.982,0.044
2562004,-6,0,2.792,-2.498,0.08,-2.567,0.082,-4.156,0.001,-3.963,0.038,-3.963,0.038
2562014,-6,0,2.792,-2.489,0.067,-2.558,0.07,-4.012,0.008,-3.929,0.036,-3.929,0.036
2562024,-6,0,2.792,-2.853,0.043,-2.76,0.045,-4.005,0.092,-3.872,0.044,-3.872,0.044
2562034,-6,0,2.792,-2.736,0.036,-2.735,0.03,-4.132,0.137,-3.87,0.06,-3.87,0.06
2562044,-6,0,2.792,-2.749,0.07,-2.639,0.067,-4.333,0.131,-3.899,0.075,-3.899,0.075
2562054,-6,0,2.792,-2.552,0.042,-2.62,0.032,-4.535,0.103,-4.068,0.08,-4.068,0.08
2562064,0,0,2.792,-2.67,0.028,-2.696,0.04,-4.631,0.089,-4.255,0.077,-4.255,0.077
2562074,0,0,2.792,-2.914,0.044,-2.897,0.045,-4.493,0.199,-4.355,0.092,-4.355,0.092
2562084,0,0,2.792,-2.729,-0.052,-2.816,-0.004,-4.426,0.385,-4.358,0.141,-4.358,0.141
2562094,0,0,2.792,-1.054,0.01,-1.871,0.059,-4.566,0.399,-4.403,0.205,-4.403,0.205
2562104,0,0,2.792,-0.094,0,-0.351,-0.031,-4.745,0.207,-4.519,0.221,-4.519,0.221
2562114,0,0,2.792,-0.008,0,-0.018,-0.012,-4.976,0.097,-4.698,0.183,-4.698,0.183
2562124,0,0,2.792,-2.097,-0.058,-1.489,-0.066,-5.102,0.15,-4.922,0.156,-4.922,0.156
2562134,0,0,2.792,-1.169,-0.052,-1.808,-0.112,-5.215,0.064,-5.122,0.137,-5.122,0.137
2562144,0,0,2.792,-0.105,-0.005,-0.394,0.039,-5.234,-0.065,-5.196,0.086,-5.196,0.086
2562154,0,0,2.792,-0.009,0,-0.091,0.067,-5.011,-0.152,-5.052,0.032,-5.052,0.032
2562164,0,0,2.792,0.059,0.057,0.085,0.021,-4.715,-0.171,-4.844,-0.025,-4.844,-0.025
2562174,0,0,2.792,0.023,0.019,0.078,-0.022,-4.497,-0.108,-4.59,-0.053,-4.59,-0.053
2562184,0,0,2.792,0.018,-0.005,0.059,0.037,-4.514,-0.121,-4.336,-0.056,-4.336,-0.056
2562194,0,0,2.792,-0.004,-0.054,0.009,-0.009,-4.654,-0.206,-4.353,-0.079,-4.353,-0.079
2562204,0,0,2.792,-2.086,-0.125,-1.229,-0.108,-4.877,-0.178,-4.511,-0.109,-4.511,-0.109
2562214,0,0,2.792,-2.686,-0.225,-2.655,-0.257,-5.014,-0.109,-4.76,-0.121,-4.76,-0.121
2562224,0,0,2.792,-3.013,-0.232,-3.085,-0.201,-4.933,-0.115,-4.853,-0.133,-4.853,-0.133
2562234,0,0,2.792,-3.21,-0.225,-3.144,-0.201,-4.736,-0.196,-4.765,-0.149,-4.765,-0.149
2562244,0,0,2.792,-3.063,-0.295,-3.114,-0.302,-4.669,-0.18,-4.652,-0.173,-4.652,-0.173
2562254,0,0,2.792,-3.219,-0.306,-3.153,-0.301,-4.761,-0.123,-4.64,-0.179,-4.64,-0.179
2562264,0,0,2.792,-3.214,-0.208,-3.161,-0.225,-4.911,-0.114,-4.674,-0.181,-4.674,-0.181
2562274,0,0,2.792,-3.191,-0.188,-3.154,-0.198,-5.034,-0.148,-4.855,-0.172,-4.855,-0.172
2562284,0,0,2.792,-3.334,-0.252,-3.235,-0.238,-5.019,-0.238,-4.946,-0.185,-4.946,-0.185
2562294,0,0,2.792,-3.445,-0.309,-3.421,-0.266,-4.856,-0.389,-4.847,-0.231,-4.847,-0.231
2562304,0,0,2.792,-3.41,-0.26,-3.387,-0.282,-4.711,-0.441,-4.726,-0.284,-4.726,-0.284
2562314,0,0,2.792,-3.502,-0.286,-3.427,-0.283,-4.716,-0.395,-4.648,-0.313,-4.648,-0.313
2562324,0,0,2.792,-3.469,-0.277,-3.4,-0.279,-4.808,-0.291,-4.648,-0.309,-4.648,-0.309
2562334,0,0,2.792,-3.36,-0.265,-3.297,-0.252,-4.863,-0.227,-4.682,-0.289,-4.682,-0.289
2562344,0,0,2.792,-3.185,-0.25,-3.254,-0.26,-4.886,-0.19,-4.705,-0.265,-4.705,-0.265
2562354,0,0,2.792,-3.414,-0.282,-3.363,-0.286,-4.869,-0.188,-4.717,-0.249,-4.717,-0.249
2562364,0,0,2.792,-3.268,-0.252,-3.379,-0.25,-4.847,-0.16,-4.674,-0.236,-4.674,-0.236
2562374,0,0,2.792,-3.457,-0.232,-3.385,-0.23,-4.817,-0.152,-4.676,-0.223,-4.676,-0.223
2562384,0,0,2.792,-3.498,-0.237,-3.439,-0.231,-4.777,-0.16,-4.678,-0.21,-4.678,-0.21
2562394,0,0,2.792,-3.505,-0.202,-3.429,-0.22,-4.743,-0.177,-4.598,-0.21,-4.598,-0.21
2562404,0,0,2.792,-3.333,-0.17,-3.431,-0.198,-4.761,-0.176,-4.504,-0.205,-4.504,-0.205
2562414,0,0,2.792,-3.509,-0.157,-3.512,-0.183,-4.829,-0.16,-4.479,-0.195,-4.479,-0.195
2562424,0,0,2.792,-3.352,-0.148,-3.396,-0.152,-4.892,-0.114,-4.513,-0.174,-4.513,-0.174
2562434,0,0,2.792,-3.492,-0.117,-3.495,-0.132,-4.883,-0.091,-4.584,-0.155,-4.584,-0.155
2562444,0,0,2.792,-3.66,-0.098,-3.615,-0.113,-4.818,-0.06,-4.69,-0.135,-4.69,-0.135
2562454,0,0,2.792,-3.613,-0.043,-3.601,-0.064,-4.737,-0.037,-4.516,-0.095,-4.516,-0.095
2562464,0,0,2.792,-3.56,0.031,-3.566,0.012,-4.67,0.046,-4.552,-0.066,-4.552,-0.066
2562474,0,0,2.792,-3.582,0.011,-3.57,0.004,-4.647,0.149,-4.499,-0.017,-4.499,-0.017
2562484,0,0,2.792,-3.682,0.063,-3.65,0.04,-4.637,0.245,-4.443,0.033,-4.443,0.033
2562494,0,0,2.792,-4,0.096,-3.803,0.083,-4.607,0.289,-4.482,0.083,-4.482,0.083
2562504,0,0,2.792,-3.719,0.094,-3.784,0.111,-4.544,0.329,-4.463,0.13,-4.463,0.13
2562514,0,0,2.792,-3.707,0.154,-3.67,0.128,-4.478,0.353,-4.39,0.164,-4.39,0.164
2562524,0,0,2.792,-3.537,0.145,-3.647,0.14,-4.446,0.37,-4.286,0.186,-4.286,0.186
2562534,0,0,2.792,-3.918,0.143,-3.782,0.146,-4.413,0.327,-4.289,0.206,-4.289,0.206
2562544,0,0,2.792,-3.92,0.141,-3.858,0.163,-4.363,0.257,-4.291,0.212,-4.291,0.212
2562554,0,0,2.792,-3.821,0.117,-3.797,0.133,-4.279,0.17,-4.273,0.202,-4.273,0.202
2562564,0,0,2.792,-3.783,0.059,-3.814,0.067,-4.171,0.071,-4.198,0.161,-4.198,0.161
2562574,0,0,2.792,-3.801,0,-3.764,0.028,-4.047,-0.044,-4.11,0.107,-4.11,0.107
2562584,0,0,2.792,-3.618,-0.055,-3.683,-0.024,-3.943,-0.119,-4.026,0.051,-4.026,0.051
2562594,0,0,2.792,-3.425,-0.075,-3.561,-0.078,-3.892,-0.161,-3.951,-0.006,-3.951,-0.006
2562604,0,0,2.792,-3.568,-0.113,-3.598,-0.106,-3.874,-0.171,-3.893,-0.057,-3.893,-0.057
2562614,0,0,2.792,-3.586,-0.111,-3.559,-0.116,-3.857,-0.188,-3.863,-0.093,-3.863,-0.093
2562624,0,0,2.792,-3.765,-0.108,-3.68,-0.107,-3.811,-0.186,-3.835,-0.117,-3.835,-0.117
2562634,0,0,2.792,-3.875,-0.108,-3.794,-0.101,-3.734,-0.169,-3.789,-0.127,-3.789,-0.127
2562644,0,0,2.792,-3.686,-0.117,-3.805,-0.123,-3.657,-0.122,-3.745,-0.128,-3.745,-0.128
2562654,0,0,2.792,-3.639,-0.144,-3.672,-0.139,-3.588,-0.078,-3.694,-0.124,-3.694,-0.124
2562664,0,0,2.792,-3.677,-0.116,-3.654,-0.108,-3.485,-0.022,-3.623,-0.107,-3.623,-0.107
2562674,0,0,2.792,-3.611,-0.081,-3.535,-0.075,-3.348,0.036,-3.534,-0.083,-3.534,-0.083
2562684,0,0,2.792,-3.638,-0.053,-3.696,-0.058,-3.259,0.077,-3.451,-0.053,-3.451,-0.053
2562694,0,0,2.792,-3.544,-0.082,-3.731,-0.098,-3.271,0.073,-3.42,-0.032,-3.42,-0.032
2562704,0,0,2.792,-3.568,-0.127,-3.578,-0.097,-3.303,0.057,-3.384,-0.02,-3.384,-0.02
2562714,0,0,2.792,-3.367,-0.078,-3.42,-0.078,-3.248,0.049,-3.35,-0.012,-3.35,-0.012
2562724,0,0,2.792,-3.382,-0.069,-3.439,-0.073,-3.105,0.073,-3.279,-0.001,-3.279,-0.001
2562734,0,0,2.792,-3.32,-0.125,-3.337,-0.136,-2.977,0.085,-3.183,0.009,-3.183,0.009
2562744,0,0,2.792,-3.105,-0.103,-3.214,-0.119,-2.912,0.085,-3.086,0.021,-3.086,0.021
2562754,0,0,2.792,-3.201,-0.037,-3.229,-0.04,-2.908,0.074,-3.028,0.025,-3.028,0.025
2562764,0,0,2.792,-3.095,-0.034,-3.094,-0.04,-2.917,0.08,-2.988,0.034,-2.988,0.034
2562774,0,0,2.792,-3.044,-0.084,-3.159,-0.067,-2.904,0.104,-2.971,0.039,-2.971,0.039
2562784,0,0,2.792,-2.425,-0.052,-2.94,-0.07,-2.843,0.108,-2.994,0.007,-2.994,0.007
2562794,0,0,2.792,-0.223,-0.005,-0.706,-0.013,-2.709,0.079,-2.736,0.015,-2.736,0.015
2562804,0,0,2.792,-0.02,0,-0.111,0.018,-2.575,0.052,-2.038,0.02,-2.038,0.02
2562814,0,0,2.792,-0.002,0,-0.041,-0.032,-2.603,0.002,-2.065,0.019,-2.065,0.019
2562824,0,0,2.792,0,0,-0.005,0.002,-2.821,0.005,-2.128,0.01,-2.128,0.01
2562834,0,0,2.792,-0.016,0.079,0,0.053,-3.055,0.031,-2.042,0.015,-2.042,0.015
2562844,0,0,2.792,2.601,-1.5,2.292,-0.599,-3.191,0.064,-2.016,0.016,-2.016,0.016
2562854,0,0,2.792,0.934,-1.036,1.774,-1.792,-3.212,0.056,-1.735,-0.318,-1.735,-0.318
2562864,0,0,2.792,-1.995,-0.128,-1.041,-0.352,-3.162,0.032,-1.894,-0.315,-1.894,-0.315
2562874,0,0,2.792,-2.776,-0.058,-2.543,-0.076,-3.105,0.093,-2.288,-0.202,-2.288,-0.202
2562884,0,0,2.792,-2.987,-0.002,-2.797,-0.012,-2.993,0.253,-2.575,-0.092,-2.575,-0.092
2562894,0,0,2.792,-2.727,0.008,-2.784,-0.019,-2.733,0.335,-2.678,0.01,-2.678,0.01
2562904,0,0,2.792,-2.684,0.084,-2.737,0.06,-2.339,0.23,-2.615,0.078,-2.615,0.078
2562914,0,0,2.792,-2.721,0.011,-2.766,-0.013,-1.755,0.145,-2.42,0.09,-2.42,0.09
2562924,0,0,2.792,-2.602,0.064,-2.6,0.045,-1.041,0.216,-2.112,0.101,-2.112,0.101
2562934,0,0,2.792,-2.392,0,-2.452,0.002,-0.358,0.339,-1.759,0.128,-1.759,0.128
2562944,0,0,2.792,-0.509,0.004,-1.212,0.013,-0.086,0.345,-1.369,0.163,-1.369,0.163
2562954,0,0,2.792,-0.156,0.026,-0.237,0.021,-0.502,0.201,-1.042,0.179,-1.042,0.179
2562964,0,0,2.792,-2.346,0.103,-1.808,0.102,-1.268,0.109,-1.032,0.162,-1.032,0.162
2562974,0,0,2.792,-2.454,0.005,-2.48,0.002,-1.975,0.065,-1.305,0.132,-1.305,0.132
2562984,0,0,2.792,-2.462,0.034,-2.474,0.032,-2.68,0.025,-1.741,0.101,-1.741,0.101
2562994,0,0,2.792,-0.26,0.001,-0.735,0.017,-3.212,-0.076,-2.078,0.056,-2.078,0.056
2563004,0,0,2.792,-1.544,0.087,-0.865,0.077,-3.26,-0.3,-2.202,-0.005,-2.202,-0.005
2563014,0,0,2.792,-2.531,0.098,-2.279,0.072,-2.839,-0.509,-2.46,-0.106,-2.46,-0.106
2563024,0,0,2.792,-2.257,-0.01,-2.413,-0.023,-2.076,-0.545,-2.422,-0.193,-2.422,-0.193
2563034,0,0,2.792,-2.22,-0.007,-2.316,0.021,-1.092,-0.479,-2.101,-0.258,-2.101,-0.258
2563044,0,0,2.792,-0.274,0,-0.774,0.023,-0.024,-0.437,-1.551,-0.288,-1.551,-0.288
2563054,0,0,2.792,-0.024,0,-0.146,0.001,0.849,-0.269,-0.881,-0.283,-0.881,-0.283
2563064,0,0,2.792,-0.002,0,-0.034,0.006,1.245,0.3,-0.3,-0.17,-0.3,-0.17
2563074,0,0,2.792,0,0,-0.083,-0.05,0.991,1.007,0.074,0.078,0.074,0.078
2563084,0,0,2.792,-0.685,0.016,-0.231,-0.031,0.071,1.36,0.172,0.405,0.172,0.405
2563094,0,0,2.792,-2.085,0.037,-1.662,0.039,-1.052,1.322,-0.092,0.677,-0.092,0.677
2563104,0,0,2.792,-2.071,0.098,-2.002,0.097,-1.989,1.071,-0.729,0.742,-0.729,0.742
2563114,0,0,2.792,-1.551,0.082,-1.975,0.089,-2.845,0.734,-1.353,0.731,-1.353,0.731
2563124,0,0,2.792,-0.141,0.007,-0.42,-0.004,-3.361,0.109,-1.908,0.554,-1.908,0.554
2563134,0,0,2.792,-0.013,0,-0.063,-0.004,-3.2,-0.892,-2.33,0.243,-2.33,0.243
2563144,0,0,2.792,-0.001,0,-0.09,0.092,-2.468,-1.187,-2.418,-0.137,-2.418,-0.137
2563154,0,0,2.792,0,0,-0.014,0.012,-1.564,-0.712,-2.124,-0.332,-2.124,-0.332
2563164,0,0,2.792,0,0,-0.007,-0.012,-0.459,-0.153,-1.635,-0.322,-1.635,-0.322
2563174,0,0,2.792,0,0,0.014,0.011,0.76,0.343,-0.987,-0.172,-0.987,-0.172
2563184,0,0,2.792,0,0,-0.021,-0.003,1.905,0.699,-0.273,0.036,-0.273,0.036
2563194,0,0,2.792,0,0,-0.109,0.023,2.341,0.74,0.389,0.232,0.389,0.232
2563204,0,0,2.792,0,0,-0.034,-0.004,1.675,0.412,0.809,0.302,0.809,0.302
2563214,0,0,2.792,0,0,-0.024,-0.006,0.263,0.108,0.788,0.268,0.788,0.268
2563224,0,0,2.792,-0.06,-0.004,-0.033,-0.011,-1.327,-0.062,0.324,0.183,0.324,0.183
2563234,0,0,2.792,-1.866,-0.064,-1.266,-0.127,-2.52,-0.006,-0.379,0.116,-0.379,0.116
2563244,0,0,2.792,-0.211,-0.007,-0.487,0.043,-3.156,-0.085,-1.184,0.065,-1.184,0.065
2563254,0,0,2.792,-0.019,0,-0.079,-0.014,-3.445,-0.261,-1.903,-0.01,-1.903,-0.01
2563264,0,0,2.792,-0.002,0,-0.024,0.025,-2.886,-0.351,-2.329,-0.099,-2.329,-0.099
2563274,0,0,2.792,0,0,-0.073,0.006,-1.831,-0.257,-2.207,-0.149,-2.207,-0.149
2563284,0,0,2.792,0,0,-0.003,-0.009,-0.625,-0.131,-1.726,-0.149,-1.726,-0.149
2563294,0,0,2.792,0,0,-0.012,-0.016,0.6,0.082,-1.074,-0.104,-1.074,-0.104
2563304,0,0,2.792,0,0,-0.011,-0.027,1.7,0.413,-0.377,0.004,-0.377,0.004
2563314,0,0,2.792,0,0,-0.055,-0.008,2.484,0.614,0.318,0.16,0.318,0.16
2563324,0,0,2.792,0,0,-0.069,0.033,2.436,0.072,0.932,0.201,0.932,0.201
2563334,0,0,2.792,0,0,-0.035,0.012,1.607,-0.715,1.22,0.014,1.22,0.014
2563344,0,0,2.792,0,0,-0.028,0,0.211,-1.038,1.047,-0.26,1.047,-0.26
2563354,0,0,2.792,0,0,0.021,0.031,-1.349,-1.026,0.48,-0.485,0.48,-0.485
2563364,0,0,2.792,0,0,0.054,0.016,-2.582,-0.923,-0.265,-0.625,-0.265,-0.625
2563374,0,0,2.792,0,0,0.035,-0.042,-3.099,-0.449,-1.031,-0.599,-1.031,-0.599
2563384,0,0,2.792,0,0,0.026,-0.006,-2.976,0.174,-1.683,-0.426,-1.683,-0.426
2563394,0,0,2.792,0,0,-0.013,-0.039,-2.254,0.704,-1.968,-0.142,-1.968,-0.142
2563404,0,0,2.792,0,0,-0.091,0.036,-1.075,0.668,-1.759,0.102,-1.759,0.102
2563414,0,0,2.792,0,0,-0.004,0.02,-0.038,0.18,-1.155,0.161,-1.155,0.161
2563424,0,0,2.792,0,0,-0.028,-0.013,1.029,-0.167,-0.601,0.091,-0.601,0.091
2563434,0,0,2.792,0,0,-0.033,0.01,1.96,-0.112,0.002,0.021,0.002,0.021
2563444,0,0,2.792,0,0,-0.02,-0.003,2.394,0.158,0.529,0.024,0.529,0.024
2563454,0,0,2.792,0,0,-0.041,0.002,2.142,0.362,0.792,0.075,0.792,0.075
2563464,0,0,2.792,0,0,-0.063,-0.003,1.218,0.454,0.976,0.157,0.976,0.157
2563474,0,0,2.792,0,0,-0.031,0.009,-0.086,0.431,0.792,0.231,0.792,0.231
2563484,0,0,2.792,-0.361,0.045,-0.194,0.077,-1.385,0.312,0.285,0.268,0.285,0.268
2563494,0,0,2.792,-0.033,0.004,-0.043,-0.047,-2.091,0.179,-0.294,0.232,-0.294,0.232
2563504,0,0,2.792,-0.003,0,-0.014,0.024,-2.536,0.033,-0.867,0.184,-0.867,0.184
2563514,0,0,2.792,0,0,-0.011,-0.004,-2.582,-0.259,-1.37,0.087,-1.37,0.087
2563524,0,0,2.792,0,0,-0.009,0.033,-1.967,-0.515,-1.614,-0.06,-1.614,-0.06
2563534,0,0,2.792,0,0,-0.059,-0.003,-1.064,-0.383,-1.464,-0.163,-1.464,-0.163
2563544,0,0,2.792,0,0,0.032,-0.007,-0.057,-0.071,-0.982,-0.145,-0.982,-0.145
2563554,0,0,2.792,0,0,-0.005,-0.011,1.049,0.268,-0.473,-0.061,-0.473,-0.061
2563564,0,0,2.792,-0.091,-0.014,-0.168,-0.011,1.95,0.509,0.06,0.062,0.06,0.062
2563574,0,0,2.792,-0.008,-0.001,-0.049,-0.019,2.294,0.217,0.539,0.122,0.539,0.122
2563584,0,0,2.792,-0.361,0.011,-0.19,0.006,2.078,-0.27,0.964,0.06,0.964,0.06
2563594,0,0,2.792,-0.374,-0.003,-0.342,0.033,1.237,-0.476,1.118,-0.074,1.118,-0.074
2563604,0,0,2.792,-1.004,-0.051,-0.77,-0.052,0.304,-0.283,0.815,-0.145,0.815,-0.145
2563614,0,0,2.792,-0.775,-0.04,-0.832,-0.048,-0.683,-0.077,0.369,-0.135,0.369,-0.135
2563624,0,0,2.792,-0.072,-0.004,-0.239,-0.01,-1.803,0.054,-0.205,-0.074,-0.205,-0.074
2563634,0,0,2.792,-0.006,0,0.011,-0.001,-2.678,0.148,-0.604,-0.024,-0.604,-0.024
2563644,0,0,2.792,-0.045,-0.013,-0.108,-0.006,-2.644,0.232,-1.043,0.025,-1.043,0.025
2563654,0,0,2.792,-0.46,-0.033,-0.288,-0.043,-1.956,0.243,-1.327,0.079,-1.327,0.079
2563664,0,0,2.792,-0.757,-0.047,-0.673,-0.038,-1.227,0.196,-1.34,0.103,-1.34,0.103
2563674,0,0,2.792,-0.117,-0.009,-0.311,-0.038,-0.386,0.221,-1.114,0.124,-1.114,0.124
2563684,0,0,2.792,-0.011,0,-0.081,-0.011,0.502,0.217,-0.697,0.143,-0.697,0.143
2563694,0,0,2.792,0,0,-0.009,0.007,1.362,0.118,-0.191,0.138,-0.191,0.138
2563704,0,0,2.792,0,0,-0.06,-0.003,2.017,0.066,0.33,0.108,0.33,0.108
2563714,0,0,2.792,0,0,-0.027,0.006,2.144,0.467,0.635,0.119,0.635,0.119
2563724,0,0,2.792,0,0,-0.037,-0.01,1.794,0.965,0.86,0.25,0.86,0.25
2563734,0,0,2.792,0,0,-0.046,0,1,1.198,0.951,0.467,0.951,0.467
2563744,0,0,2.792,0,0,-0.035,0.019,-0.04,1.144,0.755,0.66,0.755,0.66
2563754,0,0,2.792,-0.183,0.025,-0.015,0.087,-0.912,0.677,0.342,0.722,0.342,0.722
2563764,0,0,2.792,-0.495,-0.126,-0.43,-0.157,-1.144,-0.021,-0.074,0.52,-0.074,0.52
2563774,0,0,2.792,-0.122,-0.037,-0.28,-0.052,-1.241,-0.811,-0.396,0.205,-0.396,0.205
2563784,0,0,2.792,-0.011,-0.003,-0.047,0.003,-1.394,-1.433,-0.636,-0.179,-0.636,-0.179
2563794,0,0,2.792,0,0,-0.047,0.063,-1.279,-1.497,-0.778,-0.512,-0.778,-0.512
2563804,0,0,2.792,0,0,-0.051,0.016,-0.931,-1.077,-0.822,-0.686,-0.822,-0.686
2563814,0,0,2.792,-0.07,-0.01,-0.133,-0.076,-0.563,-0.819,-0.711,-0.673,-0.711,-0.673
2563824,0,0,2.792,-0.006,0,-0.04,-0.006,-0.223,-0.653,-0.545,-0.61,-0.545,-0.61
2563834,0,0,2.792,0,0,-0.03,-0.006,-0.024,-0.397,-0.35,-0.476,-0.35,-0.476
2563844,0,0,2.792,0,0,-0.027,-0.026,0.122,0.065,-0.214,-0.336,-0.214,-0.336
2563854,0,0,2.792,0,0,-0.033,-0.006,0.267,0.503,-0.082,-0.122,-0.082,-0.122
2563864,0,0,2.792,0,0,-0.018,-0.005,0.31,0.659,0.009,0.055,0.009,0.055
2563874,0,0,2.792,0,0,-0.004,0.005,0.187,0.507,0.061,0.17,0.061,0.17
2563884,0,0,2.792,0,0,0.014,-0.004,0.046,0.348,0.051,0.171,0.051,0.171
2563894,0,0,2.792,-0.094,0.039,-0.077,0.033,-0.032,0.249,0.027,0.167,0.027,0.167
2563904,0,0,2.792,-0.127,0.097,-0.14,0.078,-0.063,0.2,-0.024,0.149,-0.024,0.149
2563914,0,0,2.792,-0.092,0.072,-0.115,0.071,-0.077,0.182,-0.077,0.123,-0.077,0.123
2563924,0,0,2.792,-0.023,0.003,-0.067,0.038,-0.081,0.17,-0.084,0.111,-0.084,0.111
2563934,0,0,2.792,-0.025,0.055,-0.043,0.047,-0.063,0.139,-0.074,0.099,-0.074,0.099
2563944,0,0,2.792,-0.001,0.061,-0.018,0.06,-0.035,0.106,-0.059,0.093,-0.059,0.093
2563954,0,0,2.792,0.047,0.08,0.027,0.087,-0.009,0.087,-0.033,0.089,-0.033,0.089
2563964,0,0,2.792,0.002,0.015,0.013,0.031,0.013,0.078,-0.001,0.075,-0.001,0.075
2563974,0,0,2.792,0.066,0.046,0.047,0.043,0.033,0.075,0.011,0.063,0.011,0.063
2563984,0,0,2.792,0.081,0.05,0.072,0.048,0.049,0.071,0.057,0.052,0.057,0.052
2563994,0,0,2.792,0.041,0.025,0.067,0.043,0.061,0.066,0.066,0.053,0.066,0.053
2564004,0,0,2.792,0.004,0.002,0.013,0.01,0.071,0.061,0.054,0.043,0.054,0.043
2564014,0,0,2.792,0,0,0.002,0.002,0.076,0.059,0.033,0.027,0.033,0.027
2564024,0,0,2.792,0,0,0,0.001,0.08,0.056,0.021,0.016,0.021,0.016
2564034,0,0,2.792,0,0,0.002,0.001,0.082,0.053,0.014,0.01,0.014,0.01
2564044,0,0,2.792,0,0,0.003,0.001,0.081,0.05,0.01,0.006,0.01,0.006
2564054,0,0,2.792,0.045,0.019,0.036,0.007,0.079,0.049,0.016,0.002,0.016,0.002
2564064,0,0,2.792,0.051,0.037,0.052,0.033,0.076,0.047,0.038,0.018,0.038,0.018
2564074,0,0,2.792,0.049,0.038,0.051,0.038,0.071,0.046,0.049,0.033,0.049,0.033
2564084,0,0,2.792,0.041,0.036,0.05,0.04,0.065,0.046,0.056,0.041,0.056,0.041
2564094,0,0,2.792,0.03,0.03,0.038,0.034,0.059,0.044,0.049,0.039,0.049,0.039
2564104,0,0,2.792,0.038,0.034,0.041,0.039,0.052,0.042,0.044,0.039,0.044,0.039
2564114,0,0,2.792,0.033,0.034,0.033,0.034,0.045,0.039,0.038,0.036,0.038,0.036
2564124,0,0,2.792,0.012,0.011,0.025,0.022,0.038,0.035,0.035,0.033,0.035,0.033
2564134,0,0,2.792,0.001,0,0.006,0.004,0.03,0.031,0.016,0.014,0.016,0.014
2564144,0,0,2.792,0,0,0.001,0.001,0.023,0.027,0.005,0.004,0.005,0.004
2564154,0,0,2.792,0,0,0,0,0.016,0.021,0.002,0.002,0.002,0.002
2564164,0,0,2.792,0,0,0,0,0.011,0.016,0.001,0.001,0.001,0.001
2564174,0,0,2.792,0,0,0,0,0.006,0.011,0,0.001,0,0.001
2564184,0,0,2.792,0,0,0,0,0.003,0.006,0,0,0,0
2564194,0,0,2.792,0,0,0,0,0.002,0.003,0,0,0,0
2564204,0,0,2.792,0,0,0,0,0.001,0.001,0,0,0,0
2564214,0,0,2.792,0,0,0,0,0.001,0.001,0,0,0,0
2564224,0,0,2.792,0,0,0,0,0.001,0.001,0,0,0,0
2564234,0,0,2.792,0,0,0,0,0.001,0.001,0,0,0,0
2564244,0,0,2.792,0,0,0,0,0,0.001,0,0,0,0
2564254,0,0,2.792,0,0,0,0,0,0,0,0,0,0
2564264,0,0,2.792,0,0,0,0,0,0,0,0,0,0
2564274,0,0,2.792,0,0,0,0,0,0,0,0,0,0
2564284,0,0,2.792,0,0,0,0,0,0,0,0,0,0
2564294,0,0,2.792,0,0,0,0,0,0,0,0,0,0
2564304,0,0,2.792,0,0,0,0,0,0,0,0,0,0
2564314,0,0,2.792,0,0,0,0,0,0,0,0,0,0
2564324,0,0,2.792,0,0,0,0,0,0,0,0,0,0
2564334,0,0,2.792,0,0,0,0,0,0,0,0,0,0
2564344,0,0,2.792,0,0,0,0,0,0,0,0,0,0
2564354,0,0,2.792,0,0,0,0,0,0,0,0,0,0
2564364,0,0,2.792,0,0,0,0,0,0,0,0,0,0
2564374,0,0,2.792,0,0,0,0,0,0,0,0,0,0
2564384,0,0,2.792,0,0,0,0,0,0,0,0,0,0
2564394,0,0,2.792,0,0,0,0,0,0,0,0,0,0
2564404,0,0,2.792,0,0,0,0,0,0,0,0,0,0
2564414,0,0,2.792,0,0,0,0,0,0,0,0,0,0
2564424,0,0,2.792,0,0,0,0,0,0,0,0,0,0
2564434,0,0,2.792,0,0,0,0,0,0,0,0,0,0
2564444,0,0,2.792,0,0,0,0,0,0,0,0,0,0
2564454,0,0,2.792,0,0,0,0,0,0,0,0,0,0
2564464,0,0,2.792,0,0,0,0,0,0,0,0,0,0
2564474,0,0,2.792,0,0,0,0,0,0,0,0,0,0
2564484,0,0,2.792,0,0,0,0,0,0,0,0,0,0
2564494,0,0,2.792,0,0,0,0,0,0,0,0,0,0
2564504,0,0,2.792,0,0,0,0,0,0,0,0,0,0
2564514,0,0,2.792,0,0,0,0,0,0,0,0,0,0
2564524,0,0,2.792,0,0,0,0,0,0,0,0,0,0
2564534,0,0,2.792,0,0,0,0,0,0,0,0,0,0
2564544,0,0,2.792,0,0,0,0,0,0,0,0,0,0
2564554,0,0,2.792,0,0,0,0,0,0,0,0,0,0
2564564,0,0,2.792,0,0,0,0,0,0,0,0,0,0
2564574,0,0,2.792,0,0,0,0,0,0,0,0,0,0
2564584,0,0,2.792,0,0,0,0,0,0,0,0,0,0
2564594,0,0,2.792,0,0,0,0,0,0,0,0,0,0
2564604,0,0,2.792,0,0,0,0,0,0,0,0,0,0
2564614,0,0,2.792,0,0,0,0,0,0,0,0,0,0
2564624,0,0,2.792,0,0,0,0,0,0,0,0,0,0
2564634,0,0,2.792,0,0,0,0,0,0,0,0,0,0
2564644,0,0,2.792,0,0,0,0,0,0,0,0,0,0
2564654,0,0,2.792,0,0,0,0,0,0,0,0,0,0
2564664,0,0,2.792,0,0,0,0,0,0,0,0,0,0
2564674,0,0,2.792,0,0,0,0,0,0,0,0,0,0
2564684,0,0,2.792,0,0,0,0,0,0,0,0,0,0
2564694,0,0,2.792,0,0,0,0,0,0,0,0,0,0
2564704,0,0,2.792,0,0,0,0,0,0,0,0,0,0
2564714,0,0,2.792,0,0,0,0,0,0,0,0,0,0
2564724,0,0,2.792,0,0,0,0,0,0,0,0,0,0
2564734,0,0,2.792,0,0,0,0,0,0,0,0,0,0
2564744,0,0,2.792,0,0,0,0,0,0,0,0,0,0
2564754,0,0,2.792,0,0,0,0,0,0,0,0,0,0
2564764,0,0,2.792,0,0,0,0,0,0,0,0,0,0
2564774,0,0,2.792,0,0,0,0,0,0,0,0,0,0
2564784,0,0,2.792,0,0,0,0,0,0,0,0,0,0
2564794,0,0,2.792,0,0,0,0,0,0,0,0,0,0
2564804,0,0,2.792,0,0,0,0,0,0,0,0,0,0
2564814,0,0,2.792,0,0,0,0,0,0,0,0,0,0
2564824,0,0,2.792,0,0,0,0,0,0,0,0,0,0
2564834,0,0,2.792,0,0,0,0,0,0,0,0,0,0
2564844,0,0,2.792,0,0,0,0,0,0,0,0,0,0
2564854,0,0,2.792,0,0,0,0,0,0,0,0,0,0
2564864,0,0,2.792,0,0,0,0,0,0,0,0,0,0
2564874,0,0,2.792,0,0,0,0,0,0,0,0,0,0
2564884,0,0,2.792,0,0,0,0,0,0,0,0,0,0
2564894,0,0,2.792,0,0,0,0,0,0,0,0,0,0
2564904,0,0,2.792,0,0,0,0,0,0,0,0,0,0
2564914,0,0,2.792,0,0,0,0,0,0,0,0,0,0
2564924,0,0,2.792,0,0,0,0,0,0,0,0,0,0
2564934,0,0,2.792,0,0,0,0,0,0.001,0,0,0,0
2564944,0,0,2.792,0,0,0,0,0,0,0,0,0,0
2564954,0,0,2.792,0,0,0,0,0,0,0,0,0,0
2564964,0,0,2.792,0,0,0,0,0,0,0,0,0,0
2564974,0,0,2.792,0,0,0,0,0.001,0.001,0,0,0,0
2564984,0,0,2.792,0,0,0,0,0,0,0,0,0,0
2564994,0,0,2.792,0,0,0,0,0,0,0,0,0,0
2565004,0,0,2.792,0,0,0,0,0,0,0,0,0,0
2565014,0,0,2.792,0,0,0,0,0,0.001,0,0,0,0
2565024,0,0,2.792,0,0,0,0,0,0,0,0,0,0
2565034,0,0,2.792,0,0,0,0,0,0,0,0,0,0
2565044,0,0,2.792,0,0,0,0,0,0,0,0,0,0
2565054,0,0,2.792,0,0,0,0,0,0.001,0,0,0,0
2565064,0,0,2.792,0,0,0,0,0,0.001,0,0,0,0
2565074,0,0,2.792,0,0,0,0,0,0,0,0,0,0
2565084,0,0,2.792,0,0,0,0,0,0,0,0,0,0
2565094,0,0,2.792,0,0,0,0,0,0,0,0,0,0
2565104,0,0,2.792,0,0,0,0,0.001,0.001,0,0,0,0
2565114,0,0,2.792,0,0,0,0,0,0,0,0,0,0
2565124,0,0,2.792,0,0,0,0,0,0,0,0,0,0
2565134,0,0,2.792,0,0,0,0,0,0,0,0,0,0
2565144,0,0,2.792,0,0,0,0,0,0,0,0,0,0
2565154,0,0,2.792,0,0,0,0,0,0,0,0,0,0
2565164,0,0,2.792,0,0,0,0,0,0,0,0,0,0
2565174,0,0,2.792,0,0,0,0,0,0,0,0,0,0
2565184,0,0,2.792,0,0,0,0,0,0,0,0,0,0
2565194,0,0,2.792,0,0,0,0,0,0,0,0,0,0
2565204,0,0,2.792,0,0,0,0,0,0,0,0,0,0
2565214,0,0,2.792,0,0,0,0,0,0,0,0,0,0
2565224,0,0,2.792,0,0,0,0,0,0,0,0,0,0
2565234,0,0,2.792,0,0,0,0,0,0,0,0,0,0
2565244,0,0,2.792,0,0,0,0,0,0,0,0,0,0
2565254,0,0,2.792,0,0,0,0,0,0,0,0,0,0
2565264,0,0,2.792,0,0,0,0,0,0,0,0,0,0
2565274,0,0,2.792,0,0,0,0,0,0,0,0,0,0
2565284,0,0,2.792,0,0,0,0,0,0,0,0,0,0
2565294,0,0,2.792,0,0,0,0,0,0,0,0,0,0
2565304,0,0,2.792,0,0,0,0,0,0,0,0,0,0
2565314,0,0,2.792,0,0,0,0,0,0,0,0,0,0
2565324,0,0,2.792,0,0,0,0,0,0,0,0,0,0
2565334,0,0,2.792,0,0,0,0,0,0,0,0,0,0
2565344,0,0,2.792,0,0,0,0,0,0.001,0,0,0,0
2565354,0,0,2.792,0,0,0,0,0,0,0,0,0,0
2565364,0,0,2.792,0,0,0,0,0,0,0,0,0,0
2565374,0,0,2.792,0,0,0,0,0,0,0,0,0,0
2565384,0,0,2.792,0,0,0,0,0,0,0,0,0,0
2565394,0,0,2.792,0,0,0,0,0,0,0,0,0,0
2565404,0,0,2.792,0,0,0,0,0,0,0,0,0,0
2565414,0,0,2.792,0,0,0,0,0,0,0,0,0,0
2565424,0,0,2.792,0,0,0,0,0,0,0,0,0,0
2565434,0,0,2.792,0,0,0,0,0,0,0,0,0,0
2565444,0,0,2.792,0,0,0,0,0,0,0,0,0,0
2565454,0,0,2.792,0,0,0,0,0,0,0,0,0,0
2565464,0,0,2.792,0,0,0,0,0,0,0,0,0,0
2565474,0,0,2.792,0,0,0,0,0,0,0,0,0,0
2565484,0,0,2.792,0,0,0,0,0,0.001,0,0,0,0
2565494,0,0,2.792,0,0,0,0,0,0,0,0,0,0
2565504,0,0,2.792,0,0,0,0,0,0,0,0,0,0
2565514,0,0,2.792,0,0,0,0,0,0.001,0,0,0,0
2565524,0,0,2.792,0,0,0,0,0,0.001,0,0,0,0
2565534,0,0,2.792,0,0,0,0,0,0,0,0,0,0
2565544,0,0,2.792,0,0,0,0,0,0,0,0,0,0
2565554,0,0,2.792,0,0,0,0,0,0,0,0,0,0
2565564,0,0,2.792,0,0,0,0,0,0,0,0,0,0
2565574,0,0,2.792,0,0,0,0,0,0,0,0,0,0
2565584,0,0,2.792,0,0,0,0,0,0,0,0,0,0
2565594,0,0,2.792,0,0,0,0,0.001,0.001,0,0,0,0
2565604,0,0,2.792,0,0,0,0,0,0.001,0,0,0,0
2565614,0,0,2.792,0,0,0,0,0,0,0,0,0,0
2565624,0,0,2.792,0,0,0,0,0.001,0.001,0,0,0,0
2565634,0,0,2.792,0,0,0,0,0,0,0,0,0,0
2565644,0,0,2.792,0,0,0,0,0,0.001,0,0,0,0
2565654,0,0,2.792,0,0,0,0,0,0,0,0,0,0
2565664,0,0,2.792,0,0,0,0,0,0.001,0,0,0,0
2565674,0,0,2.792,0,0,0,0,0,0.001,0,0,0,0
2565684,0,0,2.792,0,0,0,0,0,0,0,0,0,0
2565694,0,0,2.792,0,0,0,0,0,0.001,0,0,0,0
2565704,0,0,2.792,0,0,0,0,0,0.001,0,0,0,0
2565714,0,0,2.792,0,0,0,0,0.001,0.001,0,0,0,0
2565724,0,0,2.792,0,0,0,0,0.001,0.001,0,0,0,0
2565734,0,0,2.792,0,0,0,0,0,0.001,0,0,0,0
2565744,0,0,2.792,0,0,0,0,0,0.001,0,0,0,0
2565754,0,0,2.792,0,0,0,0,0,0.001,0,0,0,0
2565764,0,0,2.792,0,0,0,0,0,0.001,0,0,0,0
2565774,0,0,2.792,0,0,0,0,0.001,0.001,0,0,0,0
2565784,0,0,2.792,0,0,0,0,0.001,0.001,0,0,0,0
2565794,0,0,2.792,0,0,0,0,0.001,0.001,0,0,0,0
2565804,0,0,2.792,0,0,0,0,0,0.001,0,0,0,0
2565814,0,0,2.792,0,0,0,0,0.001,0.001,0,0,0,0
2565824,0,0,2.792,0,0,0,0,0.001,0.001,0,0,0,0
2565834,0,0,2.792,0,0,0,0,0,0.001,0,0,0,0
2565844,0,0,2.792,0,0,0,0,0.001,0,0,0,0,0
2565854,0,0,2.792,0,0,0,0,0,0,0,0,0,0
2565864,0,0,2.792,0,0,0,0,0,0.001,0,0,0,0
2565874,0,0,2.792,0,0,0,0,0,0,0,0,0,0
2565884,0,0,2.792,0,0,0,0,0,0.001,0,0,0,0
2565894,0,0,2.792,0,0,0,0,0,0,0,0,0,0
2565904,0,0,2.792,0,0,0,0,0.001,0.001,0,0,0,0
2565914,0,0,2.792,0,0,0,0,0.001,0.001,0,0,0,0
2565924,0,0,2.792,0,0,0,0,0,0,0,0,0,0
2565934,0,0,2.792,0,0,0,0,0,0,0,0,0,0
2565944,0,0,2.792,0,0,0,0,0,0,0,0,0,0
2565954,0,0,2.792,0,0,0,0,0,0,0,0,0,0
2565964,0,0,2.792,0,0,0,0,0,0,0,0,0,0
2565974,0,0,2.792,0,0,0,0,0,0,0,0,0,0
2565984,0,0,2.792,0,0,0,0,0,0,0,0,0,0
2565994,0,0,2.792,0,0,0,0,0,0,0,0,0,0
2566004,0,0,2.792,0,0,0,0,0,0,0,0,0,0
2566014,0,0,2.792,0,0,0,0,0,0,0,0,0,0
2566024,0,0,2.792,0,0,0,0,0,0,0,0,0,0
2566034,0,0,2.792,0,0,0,0,0,0,0,0,0,0
2566044,0,0,2.792,0,0,0,0,0,0,0,0,0,0
2566054,0,0,2.792,0,0,0,0,0,0,0,0,0,0
2566064,0,0,2.792,0,0,0,0,0,0,0,0,0,0
2566074,0,0,2.792,0,0,0,0,0,0,0,0,0,0
2566084,0,0,2.792,0,0,0,0,0,0,0,0,0,0
2566094,0,0,2.792,0,0,0,0,0,0.001,0,0,0,0
2566104,0,0,2.792,0,0,0,0,0,0,0,0,0,0
2566114,0,0,2.792,0,0,0,0,0,0,0,0,0,0
2566124,0,0,2.792,0,0,0,0,0,0,0,0,0,0
2566134,0,0,2.792,0,0,0,0,0,0,0,0,0,0
2566144,0,0,2.792,0,0,0,0,0,0,0,0,0,0
2566154,0,0,2.792,0,0,0,0,0,0,0,0,0,0
2566164,0,0,2.792,0,0,0,0,0,0,0,0,0,0
2566174,0,0,2.792,0,0,0,0,0,0,0,0,0,0
2566184,0,0,2.792,0,0,0,0,0,0,0,0,0,0
2566194,0,0,2.792,0,0,0,0,0,0,0,0,0,0
2566204,0,0,2.792,0,0,0,0,0,0,0,0,0,0
2566214,0,0,2.792,0,0,0,0,0,0,0,0,0,0
2566224,0,0,2.792,0,0,0,0,0,0,0,0,0,0
2566234,0,0,2.792,0,0,0,0,0,0,0,0,0,0
2566244,0,0,2.792,0,0,0,0,0,0,0,0,0,0
2566254,0,0,2.792,0,0,0,0,0,0,0,0,0,0
2566264,0,0,2.792,0,0,0,0,0,0,0,0,0,0
2566274,0,0,2.792,0,0,0,0,0,0,0,0,0,0
2566284,0,0,2.792,0,0,0,0,0,0,0,0,0,0
2566294,0,0,2.792,0,0,0,0,0,0,0,0,0,0
2566304,0,0,2.792,0,0,0,0,0,0.001,0,0,0,0
2566314,0,0,2.792,0,0,0,0,0,0,0,0,0,0
2566324,0,0,2.792,0,0,0,0,0,0,0,0,0,0
2566334,0,0,2.792,0,0,0,0,0,0,0,0,0,0
2566344,0,0,2.792,0,0,0,0,0,0,0,0,0,0
2566354,0,0,2.792,0,0,0,0,0,0,0,0,0,0
2566364,0,0,2.792,0,0,0,0,0,0,0,0,0,0
2566374,0,0,2.792,0,0,0,0,0,0,0,0,0,0
2566384,0,0,2.792,0,0,0,0,0,0,0,0,0,0
2566394,0,0,2.792,0,0,0,0,0,0,0,0,0,0
2566404,0,0,2.792,0,0,0,0,0,0,0,0,0,0
2566414,0,0,2.792,0,0,0,0,0,0,0,0,0,0
2566424,0,0,2.792,0,0,0,0,0,0,0,0,0,0
2566434,0,0,2.792,0,0,0,0,0,0,0,0,0,0
2566444,0,0,2.792,0,0,0,0,0,0,0,0,0,0
2566454,0,0,2.792,0,0,0,0,0,0,0,0,0,0
2566464,0,0,2.792,0,0,0,0,0,0,0,0,0,0
2566474,0,0,2.792,0,0,0,0,0,0,0,0,0,0
2566484,0,0,2.792,0,0,0,0,0,0,0,0,0,0
2566494,0,0,2.792,0,0,0,0,0,0,0,0,0,0
2566504,0,0,2.792,0,0,0,0,0,0,0,0,0,0
2566514,0,0,2.792,0,0,0,0,0,0,0,0,0,0
2566524,0,0,2.792,0,0,0,0,0,0,0,0,0,0
2566534,0,0,2.792,0,0,0,0,0,0,0,0,0,0
2566544,0,0,2.792,0,0,0,0,0,0,0,0,0,0
2566554,0,0,2.792,0,0,0,0,0,0,0,0,0,0
2566564,0,0,2.792,0,0,0,0,0,0,0,0,0,0
2566574,0,0,2.792,0,0,0,0,0,0,0,0,0,0
2566584,0,0,2.792,0,0,0,0,0,0,0,0,0,0
2566594,0,0,2.792,0,0,0,0,0,0,0,0,0,0
2566604,0,0,2.792,0,0,0,0,0,0,0,0,0,0
2566614,0,0,2.792,0,0,0,0,0,0,0,0,0,0
2566624,0,0,2.792,0,0,0,0,0,0,0,0,0,0
2566634,0,0,2.792,0,0,0,0,0,0,0,0,0,0
2566644,0,0,2.792,0,0,0,0,0,0,0,0,0,0
2566654,0,0,2.792,0,0,0,0,0,0,0,0,0,0
2566664,0,0,2.792,0,0,0,0,0,0,0,0,0,0
2566674,0,0,2.792,0,0,0,0,0,0,0,0,0,0
2566684,0,0,2.792,0,0,0,0,0,0,0,0,0,0
2566694,0,0,2.792,0,0,0,0,0,0,0,0,0,0
2566704,0,0,2.792,0,0,0,0,0,0,0,0,0,0
2566714,0,0,2.792,0,0,0,0,0,0,0,0,0,0
2566724,0,0,2.792,0,0,0,0,0,0,0,0,0,0
2566734,0,0,2.792,0,0,0,0,0,0,0,0,0,0
2566744,0,0,2.792,0,0,0,0,0,0,0,0,0,0
2566754,0,0,2.792,0,0,0,0,0,0,0,0,0,0
2566764,0,0,2.792,0,0,0,0,0,0,0,0,0,0
2566774,0,0,2.792,0,0,0,0,0,0,0,0,0,0
2566784,0,0,2.792,0,0,0,0,0,0,0,0,0,0
2566794,0,0,2.792,0,0,0,0,0,0,0,0,0,0
2566804,0,0,2.792,0,0,0,0,0,0,0,0,0,0
2566814,0,0,2.792,0,0,0,0,0,0,0,0,0,0
2566824,0,0,2.792,0,0,0,0,0,0,0,0,0,0
2566834,0,0,2.792,0,0,0,0,0,0,0,0,0,0
2566845,0,0,2.792,0,0,0,0,0,0,0,0,0,0
2566855,0,0,2.792,0,0,0,0,0,0,0,0,0,0
2566865,0,0,2.792,0,0,0,0,0,0,0,0,0,0
2566875,0,0,2.792,0,0,0,0,0,0,0,0,0,0
2566885,0,0,2.792,0,0,0,0,0,0,0,0,0,0
2566895,0,0,2.792,0,0,0,0,0,0,0,0,0,0
2566905,0,0,2.792,0,0,0,0,0,0,0,0,0,0
2566915,0,0,2.792,0,0,0,0,0,0,0,0,0,0
2566925,0,0,2.792,0,0,0,0,0,0,0,0,0,0
2566935,0,0,2.792,0,0,0,0,0,0,0,0,0,0
2566945,0,0,2.792,0,0,0,0,0,0,0,0,0,0
2566954,0,0,2.792,0,0,0,0,0,0,0,0,0,0
2566964,0,0,2.792,0,0,0,0,0,0,0,0,0,0
2566974,0,0,2.792,0,0,0,0,0,0,0,0,0,0
2566984,0,0,2.792,0,0,0,0,0,0,0,0,0,0
2566994,0,0,2.792,0,0,0,0,0,0,0,0,0,0
2567004,0,0,2.792,0,0,0,0,0,0,0,0,0,0
2567014,0,0,2.792,0,0,0,0,0,0,0,0,0,0
2567024,0,0,2.792,0,0,0,0,0,0,0,0,0,0
2567034,0,0,2.792,0,0,0,0,0,0,0,0,0,0
2567045,0,0,2.792,0,0,0,0,0,0,0,0,0,0
2567055,0,0,2.792,0,0,0,0,0,0,0,0,0,0
2567065,0,0,2.792,0,0,0,0,0,0,0,0,0,0
2567075,0,0,2.792,0,0,0,0,0,0,0,0,0,0
2567085,0,0,2.792,0,0,0,0,0,0,0,0,0,0
2567095,0,0,2.792,0,0,0,0,0,0,0,0,0,0
2567105,0,0,2.792,0,0,0,0,0,0,0,0,0,0
2567115,0,0,2.792,0,0,0,0,0,0,0,0,0,0
2567125,0,0,2.792,0,0,0,0,0,0,0,0,0,0
2567135,0,0,2.792,0,0,0,0,0,0,0,0,0,0
2567145,0,0,2.792,0,0,0,0,0,0,0,0,0,0
2567155,0,0,2.792,0,0,0,0,0,0,0,0,0,0
2567165,0,0,2.792,0,0,0,0,0,0,0,0,0,0
2567175,0,0,2.792,0,0,0,0,0,0,0,0,0,0
2567185,0,0,2.792,0,0,0,0,0,0,0,0,0,0
2567195,0,0,2.792,0,0,0,0,0,0,0,0,0,0
2567205,0,0,2.792,0,0,0,0,0,0,0,0,0,0
2567215,0,0,2.792,0,0,0,0,0,0,0,0,0,0
2567225,0,0,2.792,0.005,-0.016,0.001,-0.004,0,0,0,-0.001,0,-0.001
2567235,0,0,2.792,0,-0.001,0.001,-0.003,0,0,0.001,-0.004,0.001,-0.004
2567245,0,0,2.792,0,0,0,0,0,0,0,-0.001,0,-0.001
2567255,0,0,2.792,0,0,0,0,0,0,0,0,0,0
2567265,0,0,2.792,0,0,0,0,0,0,0,0,0,0
2567275,0,0,2.792,0,0,0,0,0,0,0,0,0,0
2567285,0,0,2.792,0,0,0,0,0,0,0,0,0,0
2567295,0,0,2.792,0,0,0,0,0,0,0,0,0,0
2567305,0,0,2.792,0,0,0,0,0,0,0,0,0,0
2567315,0,0,2.792,0,0,0,0,0,0,0,0,0,0
2567325,0,0,2.792,0,0,0,0,0,0,0,0,0,0
2567335,0,0,2.792,0,0,0,0,0,0,0,0,0,0
2567345,0,0,2.792,0,0,0,0,0,0,0,0,0,0
2567355,0,0,2.792,0,0,0,0,0,0,0,0,0,0
2567365,0,0,2.792,0,0,0,0,0,0,0,0,0,0
2567375,0,0,2.792,0,0,0,0,0,0,0,0,0,0
2567385,0,0,2.792,0,0,0,0,0,0.001,0,0,0,0
2567395,0,0,2.792,0,0,0,0,0,0.001,0,0,0,0
2567405,0,0,2.792,0,0,0,0,0,0.001,0,0,0,0
2567415,0,0,2.792,0,0,0,0,0,0.001,0,0,0,0
2567425,0,0,2.792,0,0,0,0,0,0.001,0,0,0,0
2567435,0,0,2.792,0,0,0,0,0,0.001,0,0,0,0
2567445,0,0,2.792,0,0,0,0,0,0,0,0,0,0
2567455,0,0,2.792,0,0,0,0,0,0,0,0,0,0
2567465,0,0,2.792,0,0,0,0,0,0,0,0,0,0
2567475,0,0,2.792,0,0,0,0,0,0.001,0,0,0,0
2567485,0,0,2.792,0,0,0,0,0,0.001,0,0,0,0
2567495,0,0,2.792,0,0,0,0,0,0.001,0,0,0,0
2567505,0,0,2.792,0,0,0,0,0,0,0,0,0,0
2567515,0,0,2.792,0,0,0,0,0,0,0,0,0,0
2567525,0,0,2.792,0,0,0,0,0,0,0,0,0,0
2567535,0,0,2.792,0,0,0,0,0,0,0,0,0,0
2567545,0,0,2.792,0,0,0,0,0,0,0,0,0,0
2567555,0,0,2.792,0,0,0,0,0,0,0,0,0,0
2567565,0,0,2.792,0,0,0,0,0,0,0,0,0,0
2567575,0,0,2.792,0,0,0,0,0,0,0,0,0,0
2567585,0,0,2.792,0,0,0,0,0,0,0,0,0,0
2567595,0,0,2.792,0,0,0,0,0,0,0,0,0,0
2567605,0,0,2.792,0,0,0,0,0,0,0,0,0,0
2567615,0,0,2.792,0,0,0,0,0,0,0,0,0,0
2567625,0,0,2.792,0,0,0,0,0,0,0,0,0,0
2567635,0,0,2.792,0,0,0,0,0,0,0,0,0,0
2567645,0,0,2.792,0,0,0,0,0,0,0,0,0,0
2567655,0,0,2.792,0,0,0,0,0,0,0,0,0,0
2567665,0,0,2.792,0,0,0,0,0,0,0,0,0,0
2567675,0,0,2.792,0,0,0,0,0,0,0,0,0,0
2567685,0,0,2.792,0,0,0,0,0,0,0,0,0,0
2567695,0,0,2.792,0,0,0,0,0,0,0,0,0,0
2567705,0,0,2.792,0,0,0,0,0,0,0,0,0,0
2567715,0,0,2.792,0,0,0,0,0,0,0,0,0,0
2567725,0,0,2.792,0,0,0,0,0,0,0,0,0,0
2567735,0,0,2.792,0,0,0,0,0,0,0,0,0,0
2567745,0,0,2.792,0,0,0,0,0,0,0,0,0,0
2567755,0,0,2.792,0,0,0,0,0,0,0,0,0,0
2567765,0,0,2.792,0,0,0,0,0,0,0,0,0,0
2567775,0,0,2.792,0,0,0,0,0,0,0,0,0,0
2567785,0,0,2.792,0,0,0,0,0,0,0,0,0,0
2567795,0,0,2.792,0,0,0,0,0,0,0,0,0,0
2567805,0,0,2.792,0,0,0,0,0,0,0,0,0,0
2567815,0,0,2.792,0,0,0,0,0,0,0,0,0,0
2567825,0,0,2.792,0,0,0,0,0,0,0,0,0,0
2567835,0,0,2.792,0,0,0,0,0,0,0,0,0,0
2567845,0,0,2.792,0,0,0,0,0,0,0,0,0,0
2567855,0,0,2.792,0,0,0,0,0,0,0,0,0,0
2567865,0,0,2.792,0,0,0,0,0,0,0,0,0,0
2567875,0,0,2.792,0,0,0,0,0,0,0,0,0,0
2567885,0,0,2.792,0,0,0,0,0,0,0,0,0,0
2567895,0,0,2.792,0,0,0,0,0,0,0,0,0,0
2567905,0,0,2.792,0,0,0,0,0,0,0,0,0,0
2567915,0,0,2.792,0,0,0,0,0,0,0,0,0,0
2567925,0,0,2.792,0,0,0,0,0,0,0,0,0,0
2567935,0,0,2.792,0,0,0,0,0,0,0,0,0,0
2567945,0,0,2.792,0,0,0,0,0,0,0,0,0,0
2567955,0,0,2.792,0,0,0,0,0,0,0,0,0,0
2567965,0,0,2.792,0,0,0,0,0,0,0,0,0,0
2567975,0,0,2.792,0,0,0,0,0,0,0,0,0,0
2567985,0,0,2.792,0,0,0,0,0,0,0,0,0,0
2567995,0,0,2.792,0,0,0,0,0,0,0,0,0,0
2568005,0,0,2.792,0,0,0,0,0,0,0,0,0,0
2568015,0,0,2.792,0,0,0,0,0,0,0,0,0,0
2568025,0,0,2.792,0,0,0,0,0,0,0,0,0,0
2568035,0,0,2.792,0,0,0,0,0,0,0,0,0,0
2568045,0,0,2.792,0,0,0,0,0,0,0,0,0,0
2568055,0,0,2.792,0,0,0,0,0,0,0,0,0,0
2568065,0,0,2.792,0,0,0,0,0,0,0,0,0,0
2568075,0,0,2.792,0,0,0,0,0,0,0,0,0,0
2568085,0,0,2.792,0,0,0,0,0,0,0,0,0,0
2568095,0,0,2.792,0,0,0,0,0,0,0,0,0,0
2568105,0,0,2.792,0,0,0,0,0,0,0,0,0,0
2568116,0,0,2.792,0,0,0,0,0,0,0,0,0,0
2568125,0,0,2.792,0,0,0,0,0,0,0,0,0,0
2568135,0,0,2.792,0,0,0,0,0,0,0,0,0,0
2568145,0,0,2.792,0,0,0,0,0,0,0,0,0,0
2568156,0,0,2.792,0,0,0,0,0,0,0,0,0,0
2568165,0,0,2.792,0,0,0,0,0,0,0,0,0,0
2568174,0,0,2.792,0,0,0,0,0,0,0,0,0,0
2568184,0,0,2.792,0,0,0,0,0,0,0,0,0,0
2568194,0,0,2.792,0,0,0,0,0,0,0,0,0,0
2568205,0,0,2.792,0,0,0,0,0,0,0,0,0,0
2568214,0,0,2.792,0,0,0,0,0,0,0,0,0,0
2568224,0,0,2.792,0,0,0,0,0,0,0,0,0,0
2568234,0,0,2.792,0,0,0,0,0,0,0,0,0,0
2568244,0,0,2.792,0,0,0,0,0,0,0,0,0,0
2568254,0,0,2.792,0,0,0,0,0,0,0,0,0,0
