time_ms,target_vx,target_vy,target_vr,planned_vx,planned_vy,optflow_body_vx,optflow_body_vy,optflow_kf_vx,optflow_kf_vy,wheel_chassis_vx,wheel_chassis_vy,fused_chassis_vx,fused_chassis_vy,raw_vision_vel_x,raw_vision_vel_y,vision_source,odom_vx,odom_vy
5497598,0,0,0,0,0,0,0,0,0,0,0,0,0,0,0,0,0,0
5497608,0,0,0,0,0,0,0,0,0,0,0,0,0,0,0,0,0,0
5497618,0,0,0,0,0,0,0,0,0,0,0,0,0,0,0,0,0,0
5497628,0,0,0,0,0,0,0,0,0,0,0,0,0,0,0,0,0,0
5497638,0,0,0,0,0,0,0,0,0,0,0,0,0,0,0,0,0,0
5497648,0,0,0,0,0,0,0,0,0,0,0,0,0,0,0,0,0,0
5497658,0,0,0,0,0,0,0,0,0,0,0,0,0,0,0,0,0,0
5497668,0,0,0,0,0,0,0,0,0,0,0,0,0,0,0,0,0,0
5497678,0,0,0,0,0,0,0,0,0,0,0,0,0,0,0,0,0,0
5497688,0,0,0,0,0,0,0,0,0,0,0,0,0,0,0,0,0,0
5497698,0,0,0,0,0,0,0,0,0,0,0,0,0,0,0,0,0,0
5497708,0,0,0,0,0,0,0,0,0,0,0,0,0,0,0,0,0,0
5497718,0,0,0,0,0,0,0,0,0,0,0,0,0,0,0,0,0,0
5497728,0,0,0,0,0,0,0,0,0,0,0,0,0,0,0,0,0,0
5497738,0,0,0,0,0,0,0,0,0,0,0,0,0,0,0,0,0,0
5497748,0,0,0,0,0,0,0,0,0,0,0,0,0,0,0,0,0,0
5497758,0,0,0,0,0,0,0,0,0,0,0,0,0,0,0,0,0,0
5497768,0,0,0,0,0,0,0,0,0,0,0,0,0,0,0,0,0,0
5497778,0,0,0,0,0,0,0,0,0,0,0,0,0,0,0,0,0,0
5497787,0,0,0,0,0,0,0,0,0,0,0,0,0,0,0,2,0,0
5497797,0,0,0,0,0,0,0,0,0,0,0,0,0,0,0,2,0,0
5497807,0,0,0,0,0,0,0,0,0,0,0,0,0,0,0,2,0,0
5497818,0,0,0,0,0,0,0,0,0,0,0,0,0,0,0,2,0,0
5497827,0,0,0,0,0,0,0,0,0,0,0,0,0,0,0,2,0,0
5497837,0,0,0,0,0,0,0,0,0,0,0,0,0,0,0,2,0,0
5497847,0,0,0,0,0,0,0,0,0,0,0,0,0,0,0,2,0,0
5497857,0,0,0,0,0,0,0,0,0,0,0,0,0,0,0,2,0,0
5497867,0,0,0,0,0,0,0,0,0,0,0,0,0,0,0,2,0,0
5497877,0,0,0,0,0,0,0,0,0,0,0,0,0,0,0,2,0,0
5497887,0,0,0,0,0,0,0,0,0,0,0,0,0,0,0,2,0,0
5497897,0,0,0,0,0,0,0,0,0,0,0,0,0,0,0,2,0,0
5497907,0,0,0,0,0,0,0,0,0,0,0,0,0,0,0,2,0,0
5497917,0,0,0,0,0,0,0,0,0,0,0,0,0,0,0,2,0,0
5497927,0,0,0,0,0,0,0,0,0,0,0,0,0,0,0,2,0,0
5497937,0,0,0,0,0,0,0,0,0,0,0,0,0,0,0,2,0,0
5497947,0,0,0,0,0,0,0,0,0,0,0,0,0,0,0,2,0,0
5497957,0,0,0,0,0,0,0,0,0,0,0,0,0,0,0,2,0,0
5497967,0,0,0,0,0,0,0,0,0,0,0,0,0,0,0,2,0,0
5497977,0,0,0,0,0,0,0,0,0,0,0,0,0,0,0,2,0,0
5497987,0,0,0,0,0,0,0,0,0,0,0,0,0,0,0,2,0,0
5497997,0,0,0,0,0,0,0,0,0,0,0,0,0,0,0,2,0,0
5498007,0,0,0,0,0,0,0,0,0,0,0,0,0,0,0,2,0,0
5498017,0,0,0,0,0,0,0,0,0,0,0,0,0,0,0,2,0,0
5498027,0,0,0,0,0,0,0,0,0,0,0,0,0,0,0,2,0,0
5498037,0,0,0,0,0,0,0,0,0,0,0,0,0,0,0,2,0,0
5498047,0,0,0,0,0,0,0,0,0,0,0,0,0,0,0,2,0,0
5498057,0,0,0,0,0,0,0,0,0,0,0,0,0,0,0,2,0,0
5498067,0,0,0,0,0,0,0,0,0,0,0,0,0,0,0,2,0,0
5498077,0,0,0,0,0,0,0,0,0,0,0,0,0,0,0,2,0,0
5498087,0,0,0,0,0,0,0,0,0,0,0,0,0,0,0,2,0,0
5498097,0,0,0,0,0,0,0,0,0,0,0,0,0,0,0,2,0,0
5498107,0,0,0,0,0,0,0,0,0,0,0,0,0,0,0,2,0,0
5498117,0,0,0,0,0,0,0,0,0,0,0,0,0,0,0,2,0,0
5498127,0,0,0,0,0,0,0,0,0,0,0,0,0,0,0,2,0,0
5498137,0,0,0,0,0,0,0,0,0,0,0,0,0,0,0,2,0,0
5498147,0,0,0,0,0,0,0,0,0,0,0,0,0,0,0,2,0,0
5498157,0,0,0,0,0,0,0,0,0,0,0,0,0,0,0,2,0,0
5498167,0,0,0,0,0,0,0,0,0,0,0,0,0,0,0,2,0,0
5498177,0,0,0,0,0,0,0,0,0,0,0,0,0,0,0,2,0,0
5498188,0,0,0,0,0,0,0,0,0,0,0,0,0,0,0,2,0,0
5498197,0,0,0,0,0,0,0,0,0,0,0,0,0,0,0,2,0,0
5498207,0,0,0,0,0,0,0,0,0,0,0,0,0,0,0,2,0,0
5498217,0,0,0,0,0,0,0,0,0,0,0,0,0,0,0,2,0,0
5498227,0,0,0,0,0,0,0,0,0,0,0,0,0,0,0,2,0,0
5498237,0,0,0,0,0,0,0,0,0,0,0,0,0,0,0,2,0,0
5498247,0,0,0,0,0,0,0,0,0,0,0,0,0,0,0,2,0,0
5498257,0,0,0,0,0,0,0,0,0,0,0,0,0,0,0,2,0,0
5498267,0,0,0,0,0,0,0,0,0,0,0,0,0,0,0,2,0,0
5498277,0,0,0,0,0,0,0,0,0,0,0,0,0,0,0,2,0,0
5498287,0,0,0,0,0,0,0,0,0,0,0,0,0,0,0,2,0,0
5498297,0,0,0,0,0,0,0,0,0,0,0,0,0,0,0,2,0,0
5498307,0,0,0,0,0,0,0,0,0,0,0,0,0,0,0,2,0,0
5498317,0,0,0,0,0,0,0,0,0,0,0,0,0,0,0,2,0,0
5498327,0,0,0,0,0,0,0,0,0,0,0,0,0,0,0,2,0,0
5498337,0,0,0,0,0,0,0,0,0,0,0,0,0,0,0,2,0,0
5498347,0,0,0,0,0,0,0,0,0,0,0,0,0,0,0,2,0,0
5498357,0,0,0,0,0,0,0,0,0,0,0,0,0,0,0,2,0,0
5498367,0,0,0,0,0,0,0,0,0,0,0,0,0,0,0,2,0,0
5498377,0,0,0,0,0,0,0,0,0,0,0,0,0,0,0,2,0,0
5498387,0,0,0,0,0,0,0,0,0,0,0,0,0,0,0,2,0,0
5498397,0,0,0,0,0,0,0,0,0,0,0,0,0,0,0,2,0,0
5498407,0,0,0,0,0,0,0,0,0,0,0,0,0,0,0,2,0,0
5498417,0,0,0,0,0,0,0,0,0,0,0,0,0,0,0,2,0,0
5498427,0,0,0,0,0,0,0,0,0,0,0,0,0,0,0,2,0,0
5498437,0,0,0,0,0,0,0,0,0,0,0,0,0,0,0,2,0,0
5498447,0,0,0,0,0,0,0,0,0,0,0,0,0,0,0,2,0,0
5498457,0,0,0,0,0,0,0,0,0,0,0,0,0,0,0,2,0,0
5498467,0,0,0,0,0,0,0,0,0,0,0,0,0,0,0,2,0,0
5498477,0,0,0,0,0,0,0,0,0,0,0,0,0,0,0,2,0,0
5498487,0,0,0,0,0,0,0,0,0,0,0,0,0,0,0,2,0,0
5498497,0,0,0,0,0,0,0,0,0,0,0,0,0,0,0,2,0,0
5498507,0,0,0,0,0,0,0,0,0,0,0,0,0,0,0,2,0,0
5498517,0,0,0,0,0,0,0,0,0,0,0,0,0,0,0,2,0,0
5498527,0,0,0,0,0,0,0,0,0,0,0,0,0,0,0,2,0,0
5498537,0,0,0,0,0,0,0,0,0,0,0,0,0,0,0,2,0,0
5498547,0,0,0,0,0,0,0,0,0,0,0,0,0,0,0,2,0,0
5498557,0,0,0,0,0,0,0,0,0,0,0,0,0,0,0,2,0,0
5498567,0,0,0,0,0,0,0,0,0,0,0,0,0,0,0,2,0,0
5498577,0,0,0,0,0,0,0,0,0,0,0,0,0,0,0,2,0,0
5498587,0,0,0,0,0,0,0,0,0,0,0,0,0,0,0,2,0,0
5498597,0,0,0,0,0,0,0,0,0,0,0,0,0,0,0,2,0,0
5498607,0,0,0,0,0,0,0,0,0,0,0,0,0,0,0,2,0,0
5498617,0,0,0,0,0,0,0,0,0,0,0,0,0,0,0,2,0,0
5498627,0,0,0,0,0,0,0,0,0,0,0,0,0,0,0,2,0,0
5498637,0,0,0,0,0,0,0,0,0,0,0,0,0,0,0,2,0,0
5498647,0,0,0,0,0,0,0,0,0,0,0,0,0,0,0,2,0,0
5498657,0,0,0,0,0,0,0,0,0,0,0,0,0,0,0,2,0,0
5498667,0,0,0,0,0,0,0,0,0,0,0,0,0,0,0,2,0,0
5498677,0,0,0,0,0,0,0,0,0,0,0,0,0,0,0,2,0,0
5498687,0,0,0,0,0,0,0,0,0,0,0,0,0,0,0,2,0,0
5498697,0,0,0,0,0,0,0,0,0,0,0,0,0,0,0,2,0,0
5498707,0,0,0,0,0,0,0,0,0,0,0,0,0,0,0,2,0,0
5498717,0,0,0,0,0,0,0,0,0,0,0,0,0,0,0,2,0,0
5498727,0,0,0,0,0,0,0,0,0,0,0,0,0,0,0,2,0,0
5498737,0,0,0,0,0,0,0,0,0,0,0,0,0,0,0,2,0,0
5498747,0,0,0,0,0,0,0,0,0,0,0,0,0,0,0,2,0,0
5498757,0,0,0,0,0,0,0,0,0,0,0,0,0,0,0,2,0,0
5498767,0,0,0,0,0,0,0,0,0,0,0,0,0,0,0,2,0,0
5498777,0,0,0,0,0,0,0,0,0,0,0,0,0,0,0,2,0,0
5498787,0,0,0,0,0,0,0,0,0,0,0,0,0,0,0,2,0,0
5498797,0,0,0,0,0,0,0,0,0,0,0,0,0,0,0,2,0,0
5498807,0,0,0,0,0,0,0,0,0,0,0,0,0,0,0,2,0,0
5498817,0,0,0,0,0,0,0,0,0,0,0,0,0,0,0,2,0,0
5498827,0,0,0,0,0,0,0,0,0,0,0,0,0,0,0,2,0,0
5498837,0,0,0,0,0,0,0,0,0,0,0,0,0,0,0,2,0,0
5498847,0,0,0,0,0,0,0,0,0,0,0,0,0,0,0,2,0,0
5498857,0,0,0,0,0,0,0,0,0,0,0,0,0,0,0,2,0,0
5498867,0,0,0,0,0,0,0,0,0,0,0,0,0,0,0,2,0,0
5498877,0,0,0,0,0,0,0,0,0,0,0,0,0,0,0,2,0,0
5498887,0,0,0,0,0,0,0,0,0,0,0,0,0,0,0,2,0,0
5498897,0,0,0,0,0,0,0,0,0,0,0,0,0,0,0,2,0,0
5498907,0,0,0,0,0,0,0,0,0,0,0,0,0,0,0,2,0,0
5498917,0,0,0,0,0,0,0,0,0,0,0,0,0,0,0,2,0,0
5498927,0,0,0,0,0,0,0,0,0,0,0,0,0,0,0,2,0,0
5498937,0,0,0,0,0,0,0,0,0,0,0,0,0,0,0,2,0,0
5498947,0,0,0,0,0,0,0,0,0,0,0,0,0,0,0,2,0,0
5498957,0,0,0,0,0,0,0,0,0,0,0,0,0,0,0,2,0,0
5498967,0,0,0,0,0,0,0,0,0,0,0,0,0,0,0,2,0,0
5498977,0,0,0,0,0,0,0,0,0,0,0,0,0,0,0,2,0,0
5498987,0,0,0,0,0,0,0,0,0,0,0,0,0,0,0,2,0,0
5498997,0,0,0,0,0,0,0,0,0,0,0,0,0,0,0,2,0,0
5499007,0,0,0,0,0,0,0,0,0,0,0,0,0,0,0,2,0,0
5499017,0,0,0,0,0,0,0,0,0,0,0,0,0,0,0,2,0,0
5499027,0,0,0,0,0,0,0,0,0,0,0,0,0,0,0,2,0,0
5499037,0,0,0,0,0,0,0,0,0,0,0,0,0,0,0,2,0,0
5499047,0,0,0,0,0,0,0,0,0,0,0,0,0,0,0,2,0,0
5499057,0,0,0,0,0,0,0,0,0,0,0,0,0,0,0,2,0,0
5499067,0,0,0,0,0,0,0,0,0,0,0,0,0,0,0,2,0,0
5499077,0,0,0,0,0,0,0,0,0,0,0,0,0,0,0,2,0,0
5499087,0,0,0,0,0,0,0,0,0,0,0,0,0,0,0,2,0,0
5499097,0,0,0,0,0,0,0,0,0,0,0,0,0,0,0,2,0,0
5499107,0,0,0,0,0,0,0,0,0,0,0,0,0,0,0,2,0,0
5499117,0,0,0,0,0,0,0,0,0,0,0,0,0,0,0,2,0,0
5499127,0,0,0,0,0,0,0,0,0,0,0,0,0,0,0,2,0,0
5499137,0,0,0,0,0,0,0,0,0,0,0,0,0,0,0,2,0,0
5499147,0,0,0,0,0,0,0,0,0,0,0,0,0,0,0,2,0,0
5499157,0,0,0,0,0,0,0,0,0,0,0,0,0,0,0,2,0,0
5499167,0,0,0,0,0,0,0,0,0,0,0,0,0,0,0,2,0,0
5499177,0,0,0,0,0,0,0,0,0,0,0,0,0,0,0,2,0,0
5499187,0,0,0,0,0,0,0,0,0,0,0,0,0,0,0,2,0,0
5499197,0,0,0,0,0,0,0,0,0,0,0,0,0,0,0,2,0,0
5499207,0,0,0,0,0,0,0,0,0,0,0,0,0,0,0,2,0,0
5499217,0,0,0,0,0,0,0,0,0,0,0,0,0,0,0,2,0,0
5499227,0,0,0,0,0,0,0,0,0,0,0,0,0,0,0,2,0,0
5499237,0,0,0,0,0,0,0,0,0,0,0,0,0,0,0,2,0,0
5499247,0,0,0,0,0,0,0,0,0,0,0,0,0,0,0,2,0,0
5499257,0,0,0,0,0,0,0,0,0,0,0,0,0,0,0,2,0,0
5499267,0,0,0,0,0,0,0,0,0,0,0,0,0,0,0,2,0,0
5499277,0,0,0,0,0,0,0,0,0,0,0,0,0,0,0,2,0,0
5499287,0,0,0,0,0,0,0,0,0,0,0,0,0,0,0,2,0,0
5499297,0,0,0,0,0,0,0,0,0,0,0,0,0,0,0,2,0,0
5499307,0,0,0,0,0,0,0,0,0,0,0,0,0,0,0,2,0,0
5499317,0,0,0,0,0,0,0,0,0,0,0,0,0,0,0,2,0,0
5499327,0,0,0,0,0,0,0,0,0,0,0,0,0,0,0,2,0,0
5499337,0,0,0,0,0,0,0,0,0,0,0,0,0,0,0,2,0,0
5499347,0,0,0,0,0,0,0,0,0,0,0,0,0,0,0,2,0,0
5499357,0,0,0,0,0,0,0,0,0,0,0,0,0,0,0,2,0,0
5499367,0,0,0,0,0,0,0,0,0,0,0,0,0,0,0,2,0,0
5499377,0,0,0,0,0,0,0,0,0,0,0,0,0,0,0,2,0,0
5499387,0,0,0,0,0,0,0,0,0,0,0,0,0,0,0,2,0,0
5499397,0,0,0,0,0,0,0,0,0,0,0,0,0,0,0,2,0,0
5499407,0,0,0,0,0,0,0,0,0,0,0,0,0,0,0,2,0,0
5499417,0,0,0,0,0,0,0,0,0,0,0,0,0,0,0,2,0,0
5499427,0,0,0,0,0,0,0,0,0,0,0,0,0,0,0,2,0,0
5499437,0,0,0,0,0,0,0,0,0,0,0,0,0,0,0,2,0,0
5499447,0,0,0,0,0,0,0,0,0,0,0,0,0,0,0,2,0,0
5499457,0,0,0,0,0,0,0,0,0,0,0,0,0,0,0,2,0,0
5499467,0,0,0,0,0,0,0,0,0,0,0,0,0,0,0,2,0,0
5499477,0,0,0,0,0,0,0,0,0,0,0,0,0,0,0,2,0,0
5499487,0,0,0,0,0,0,0,0,0,0,0,0,0,0,0,2,0,0
5499497,0,0,0,0,0,0,0,0,0,0,0,0,0,0,0,2,0,0
5499507,0,0,0,0,0,0,0,0,0,0,0,0,0,0,0,2,0,0
5499517,0,0,0,0,0,0,0,0,0,0,0,0,0,0,0,2,0,0
5499527,0,0,0,0,0,0,0,0,0,0,0,0,0,0,0,2,0,0
5499537,0,0,0,0,0,0,0,0,0,0,0,0,0,0,0,2,0,0
5499547,0,0,0,0,0,0,0,0,0,0,0,0,0,0,0,2,0,0
5499557,0,0,0,0,0,0,0,0,0,0,0,0,0,0,0,2,0,0
5499567,0,0,0,0,0,0,0,0,0,0,0,0,0,0,0,2,0,0
5499577,0,0,0,0,0,0,0,0,0,0,0,0,0,0,0,2,0,0
5499587,0,0,0,0,0,0,0,0,0,0,0,0,0,0,0,2,0,0
5499597,0,0,0,0,0,0,0,0,0,0,0,0,0,0,0,2,0,0
5499607,0,0,0,0,0,0,0,0,0,0,0,0,0,0,0,2,0,0
5499617,0,0,0,0,0,0,0,0,0,0,0,0,0,0,0,2,0,0
5499627,0,0,0,0,0,0,0,0,0,0,0,0,0,0,0,2,0,0
5499637,0,0,0,0,0,0,0,0,0,0,0,0,0,0,0,2,0,0
5499647,0,0,0,0,0,0,0,0,0,0,0,0,0,0,0,2,0,0
5499657,0,0,0,0,0,0,0,0,0,0,0,0,0,0,0,2,0,0
5499667,0,0,0,0,0,0,0,0,0,0,0,0,0,0,0,2,0,0
5499677,0,0,0,0,0,0,0,0,0,0,0,0,0,0,0,2,0,0
5499687,0,0,0,0,0,0,0,0,0,0,0,0,0,0,0,2,0,0
5499697,0,0,0,0,0,0,0,0,0,0,0,0,0,0,0,2,0,0
5499707,0,0,0,0,0,0,0,0,0,0,0,0,0,0,0,2,0,0
5499717,0,0,0,0,0,0,0,0,0,0,0,0,0,0,0,2,0,0
5499727,0,0,0,0,0,0,0,0,0,0,0,0,0,0,0,2,0,0
5499737,0,0,0,0,0,0,0,0,0,0,0,0,0,0,0,2,0,0
5499747,0,0,0,0,0,0,0,0,0,0,0,0,0,0,0,2,0,0
5499757,0,0,0,0,0,0,0,0,0,0,0,0,0,0,0,2,0,0
5499767,0,0,0,0,0,0,0,0,0,0,0,0,0,0,0,2,0,0
5499777,0,0,0,0,0,0,0,0,0,0,0,0,0,0,0,2,0,0
5499787,0,0,0,0,0,0,0,0,0,0,0,0,0,0,0,2,0,0
5499797,0,0,0,0,0,0,0,0,0,0,0,0,0,0,0,2,0,0
5499807,0,0,0,0,0,0,0,0,0,0,0,0,0,0,0,2,0,0
5499817,0,0,0,0,0,0,0,0,0,0,0,0,0,0,0,2,0,0
5499827,0,0,0,0,0,0,0,0,0,0,0,0,0,0,0,2,0,0
5499837,0,0,0,0,0,0,0,0,0,0,0,0,0,0,0,2,0,0
5499847,0,0,0,0,0,0,0,0,0,0,0,0,0,0,0,2,0,0
5499857,0,0,0,0,0,0,0,0,0,0,0,0,0,0,0,2,0,0
5499867,0,0,0,0,0,0,0,0,0,0,0,0,0,0,0,2,0,0
5499877,0,0,0,0,0,0,0,0,0,0,0,0,0,0,0,2,0,0
5499887,0,0,0,0,0,0,0,0,0,0,0,0,0,0,0,2,0,0
5499897,0,0,0,0,0,0,0,0,0,0,0,0,0,0,0,2,0,0
5499907,0,0,0,0,0,0,0,0,0,0,0,0,0,0,0,2,0,0
5499917,0,0,0,0,0,0,0,0,0,0,0,0,0,0,0,2,0,0
5499927,0,0,0,0,0,0,0,0,0,0,0,0,0,0,0,2,0,0
5499939,0,0,0,0,0,0,0,0,0,0,0,0,0,0,0,2,0,0
5499947,0,0,0,0,0,0,0,0,0,0,0,0,0,0,0,2,0,0
5499957,0,0,0,0,0,0,0,0,0,0,0,0,0,0,0,2,0,0
5499967,0,0,0,0,0,0,0,0,0,0,0,0,0,0,0,2,0,0
5499977,0,0,0,0,0,0,0,0,0,0,0,0,0,0,0,2,0,0
5499987,0,0,0,0,0,0,0,0,0,0,0,0,0,0,0,2,0,0
5499997,0,0,0,0,0,0,0,0,0,0,0,0,0,0,0,2,0,0
5500007,0,0,0,0,0,0,0,0,0,0,0,0,0,0,0,2,0,0
5500017,0,0,0,0,0,0,0,0,0,0,0,0,0,0,0,2,0,0
5500027,0,0,0,0,0,0,0,0,0,0,0,0,0,0,0,2,0,0
5500037,0,0,0,0,0,0,0,0,0,0,0,0,0,0,0,2,0,0
5500047,0,0,0,0,0,0,0,0,0,0,0,0,0,0,0,2,0,0
5500057,0,0,0,0,0,0,0,0,0,0,0,0,0,0,0,2,0,0
5500067,0,0,0,0,0,0,0,0,0,0,0,0,0,0,0,2,0,0
5500077,0,0,0,0,0,0,0,0,0,0,0,0,0,0,0,2,0,0
5500087,0,0,0,0,0,0,0,0,0,0,0,0,0,0,0,2,0,0
5500097,0,0,0,0,0,0,0,0,0,0,0,0,0,0,0,2,0,0
5500107,0,0,0,0,0,0,0,0,0,0,0,0,0,0,0,2,0,0
5500117,0,0,0,0,0,0,0,0,0,0,0,0,0,0,0,2,0,0
5500127,0,0,0,0,0,0,0,0,0,0,0,0,0,0,0,2,0,0
5500137,0,0,0,0,0,0,0,0,0,0,0,0,0,0,0,2,0,0
5500147,0,0,0,0,0,0,0,0,0,0,0,0,0,0,0,2,0,0
5500157,0,0,0,0,0,0,0,0,0,0,0,0,0,0,0,2,0,0
5500167,0,0,0,0,0,0,0,0,0,0,0,0,0,0,0,2,0,0
5500177,0,0,0,0,0,0,0,0,0,0,0,0,0,0,0,2,0,0
5500187,0,0,0,0,0,0,0,0,0,0,0,0,0,0,0,2,0,0
5500197,0,0,0,0,0,0,0,0,0,0,0,0,0,0,0,2,0,0
5500207,0,0,0,0,0,0,0,0,0,0,0,0,0,0,0,2,0,0
5500217,0,0,0,0,0,0,0,0,0,0,0,0,0,0,0,2,0,0
5500227,0,0,0,0,0,0,0,0,0,0,0,0,0,0,0,2,0,0
5500237,0,0,0,0,0,0,0,0,0,0,0,0,0,0,0,2,0,0
5500247,0,0,0,0,0,0,0,0,0,0,0,0,0,0,0,2,0,0
5500257,0,0,0,0,0,0,0,0,0,0,0,0,0,0,0,2,0,0
5500267,0,0,0,0,0,0,0,0,0,0,0,0,0,0,0,2,0,0
5500277,0,0,0,0,0,0,0,0,0,0,0,0,0,0,0,2,0,0
5500287,0,0,0,0,0,0,0,0,0,0,0,0,0,0,0,2,0,0
5500297,0,0,0,0,0,0,0,0,0,0,0,0,0,0,0,2,0,0
5500307,0,0,0,0,0,0,0,0,0,0,0,0,0,0,0,2,0,0
5500317,0,0,0,0,0,0,0,0,0,0,0,0,0,0,0,2,0,0
5500327,0,0,0,0,0,0,0,0,0,0,0,0,0,0,0,2,0,0
5500337,0,0,0,0,0,0,0,0,0,0,0,0,0,0,0,2,0,0
5500347,0,0,0,0,0,0,0,0,0,0,0,0,0,0,0,2,0,0
5500357,0,0,0,0,0,0,0,0,0,0,0,0,0,0,0,2,0,0
5500367,0,0,0,0,0,0,0,0,0,0,0,0,0,0,0,2,0,0
5500377,0,0,0,0,0,0,0,0,0,0,0,0,0,0,0,2,0,0
5500387,0,0,0,0,0,0,0,0,0,0,0,0,0,0,0,2,0,0
5500397,0,0,0,0,0,0,0,0,0,0,0,0,0,0,0,2,0,0
5500407,0,0,0,0,0,0,0,0,0,0,0,0,0,0,0,2,0,0
5500417,0,0,0,0,0,0,0,0,0,0,0,0,0,0,0,2,0,0
5500427,0,0,0,0,0,0,0,0,0,0,0,0,0,0,0,2,0,0
5500437,0,0,0,0,0,0,0,0,0,0,0,0,0,0,0,2,0,0
5500447,0,0,0,0,0,0,0,0,0,0,0,0,0,0,0,2,0,0
5500457,0,0,0,0,0,0,0,0,0,0,0,0,0,0,0,2,0,0
5500467,0,0,0,0,0,0,0,0,0,0,0,0,0,0,0,2,0,0
5500477,0,0,0,0,0,0,0,0,0,0,0,0,0,0,0,2,0,0
5500487,0,0,0,0,0,0,0,0,0,0,0,0,0,0,0,2,0,0
5500497,0,0,0,0,0,0,0,0,0,0,0,0,0,0,0,2,0,0
5500507,0,0,0,0,0,0,0,0,0,0,0,0,0,0,0,2,0,0
5500517,0,0,0,0,0,0,0,0,0,0,0,0,0,0,0,2,0,0
5500527,0,0,0,0,0,0,0,0,0,0,0,0,0,0,0,2,0,0
5500537,0,0,0,0,0,0,0,0,0,0,0,0,0,0,0,2,0,0
5500547,0,0,0,0,0,0,0,0,0,0,0,0,0,0,0,2,0,0
5500557,0,0,0,0,0,0,0,0,0,0,0,0,0,0,0,2,0,0
5500567,0,0,0,0,0,0,0,0,0,0,0,0,0,0,0,2,0,0
5500577,0,0,0,0,0,0,0,0,0,0,0,0,0,0,0,2,0,0
5500587,0,0,0,0,0,0,0,0,0,0,0,0,0,0,0,2,0,0
5500597,0,0,0,0,0,0,0,0,0,0,0,0,0,0,0,2,0,0
5500607,0,0,0,0,0,0,0,0,0,0,0,0,0,0,0,2,0,0
5500617,0,0,0,0,0,0,0,0,0,0,0,0,0,0,0,2,0,0
5500627,0,0,0,0,0,0,0,0,0,0,0,0,0,0,0,2,0,0
5500637,0,0,0,0,0,0,0,0,0,0,0,0,0,0,0,2,0,0
5500647,0,0,0,0,0,0,0,0,0,0,0,0,0,0,0,2,0,0
5500657,0,0,0,0,0,0,0,0,0,0,0,0,0,0,0,2,0,0
5500667,0,0,0,0,0,0,0,0,0,0,0,0,0,0,0,2,0,0
5500677,0,0,0,0,0,0,0,0,0,0,0,0,0,0,0,2,0,0
5500687,0,0,0,0,0,0,0,0,0,0,0,0,0,0,0,2,0,0
5500697,0,0,0,0,0,0,0,0,0,0,0,0,0,0,0,2,0,0
5500707,0,0,0,0,0,0,0,0,0,0,0,0,0,0,0,2,0,0
5500717,0,0,0,0,0,0,0,0,0,0,0,0,0,0,0,2,0,0
5500727,0,0,0,0,0,0,0,0,0,0,0,0,0,0,0,2,0,0
5500737,0,0,0,0,0,0,0,0,0,0,0,0,0,0,0,2,0,0
5500747,0,0,0,0,0,0,0,0,0,0,0,0,0,0,0,2,0,0
5500757,0,0,0,0,0,0,0,0,0,0,0,0,0,0,0,2,0,0
5500767,0,0,0,0,0,0,0,0,0,0,0,0,0,0,0,2,0,0
5500777,0,0,0,0,0,0,0,0,0,0,0,0,0,0,0,2,0,0
5500787,0,0,0,0,0,0,0,0,0,0,0,0,0,0,0,2,0,0
5500797,0,0,0,0,0,0,0,0,0,0,0,0,0,0,0,2,0,0
5500807,0,0,0,0,0,0,0,0,0,0,0,0,0,0,0,2,0,0
5500817,0,0,0,0,0,0,0,0,0,0,0,0,0,0,0,2,0,0
5500827,0,0,0,0,0,0,0,0,0,0,0,0,0,0,0,2,0,0
5500837,0,0,0,0,0,0,0,0,0,0,0,0,0,0,0,2,0,0
5500847,0,0,0,0,0,0,0,0,0,0,0,0,0,0,0,2,0,0
5500857,0,0,0,0,0,0,0,0,0,0,0,0,0,0,0,2,0,0
5500867,0,0,0,0,0,0,0,0,0,0,0,0,0,0,0,2,0,0
5500877,0,0,0,0,0,0,0,0,0,0,0,0,0,0,0,2,0,0
5500887,0,0,0,0,0,0,0,0,0,0,0,0,0,0,0,2,0,0
5500897,0,0,0,0,0,0,0,0,0,0,0,0,0,0,0,2,0,0
5500907,0,0,0,0,0,0,0,0,0,0,0,0,0,0,0,2,0,0
5500917,0,0,0,0,0,0,0,0,0,0,0,0,0,0,0,2,0,0
5500927,0,0,0,0,0,0,0,0,0,0,0,0,0,0,0,2,0,0
5500937,0,0,0,0,0,0,0,0,0,0,0,0,0,0,0,2,0,0
5500947,0,0,0,0,0,0,0,0,0,0,0,0,0,0,0,2,0,0
5500957,0,0,0,0,0,0,0,0,0,0,0,0,0,0,0,2,0,0
5500967,0,0,0,0,0,0,0,0,0,0,0,0,0,0,0,2,0,0
5500977,0,0,0,0,0,0,0,0,0,0,0,0,0,0,0,2,0,0
5500987,0,0,0,0,0,0,0,0,0,0,0,0,0,0,0,2,0,0
5500997,0,0,0,0,0,0,0,0,0,0,0,0,0,0,0,2,0,0
5501007,0,0,0,0,0,0,0,0,0,0,0,0,0,0,0,2,0,0
5501017,0,0,0,0,0,0,0,0,0,0,0,0,0,0,0,2,0,0
5501027,0,0,0,0,0,0,0,0,0,0,0,0,0,0,0,2,0,0
5501037,0,0,0,0,0,0,0,0,0,0,0,0,0,0,0,2,0,0
5501047,0,0,0,0,0,0,0,0,0,0,0,0,0,0,0,2,0,0
5501057,0,0,0,0,0,0,0,0,0,0,0,0,0,0,0,2,0,0
5501067,0,0,0,0,0,0,0,0,0,0,0,0,0,0,0,2,0,0
5501077,0,0,0,0,0,0,0,0,0,0,0,0,0,0,0,2,0,0
5501087,0,0,0,0,0,0,0,0,0,0,0,0,0,0,0,2,0,0
5501097,0,0,0,0,0,0,0,0,0,0,0,0,0,0,0,2,0,0
5501107,0,0,0,0,0,0,0,0,0,0,0,0,0,0,0,2,0,0
5501117,0,0,0,0,0,0,0,0,0,0,0,0,0,0,0,2,0,0
5501127,0,0,0,0,0,0,0,0,0,0,0,0,0,0,0,2,0,0
5501137,0,0,0,0,0,0,0,0,0,0,0,0,0,0,0,2,0,0
5501147,0,0,0,0,0,0,0,0,0,0,0,0,0,0,0,2,0,0
5501157,0,0,0,0,0,0,0,0,0,0,0,0,0,0,0,2,0,0
5501167,0,0,0,0,0,0,0,0,0,0,0,0,0,0,0,2,0,0
5501177,0,0,0,0,0,0,0,0,0,0,0,0,0,0,0,2,0,0
5501187,0,0,0,0,0,0,0,0,0,0,0,0,0,0,0,2,0,0
5501197,0,0,0,0,0,0,0,0,0,0,0,0,0,0,0,2,0,0
5501207,0,0,0,0,0,0,0,0,0,0,0,0,0,0,0,2,0,0
5501217,0,0,0,0,0,0,0,0,0,0,0,0,0,0,0,2,0,0
5501227,0,0,0,0,0,0,0,0,0,0,0,0,0,0,0,2,0,0
5501237,0,0,0,0,0,0,0,0,0,0,0,0,0,0,0,2,0,0
5501247,0,0,0,0,0,0,0,0,0,0,0,0,0,0,0,2,0,0
5501257,0,0,0,0,0,0,0,0,0,0,0,0,0,0,0,2,0,0
5501267,0,0,0,0,0,0,0,0,0,0,0,0,0,0,0,2,0,0
5501277,0,0,0,0,0,0,0,0,0,0,0,0,0,0,0,2,0,0
5501287,0,0,0,0,0,0,0,0,0,0,0,0,0,0,0,2,0,0
5501298,0,0,0,0,0,0,0,0,0,0,0,0,0,0,0,2,0,0
5501307,0,0,0,0,0,0,0,0,0,0,0,0,0,0,0,2,0,0
5501317,0,0,0,0,0,0,0,0,0,0,0,0,0,0,0,2,0,0
5501327,0,0,0,0,0,0,0,0,0,0,0,0,0,0,0,2,0,0
5501337,0,0,0,0,0,0,0,0,0,0,0,0,0,0,0,2,0,0
5501347,0,0,0,0,0,0,0,0,0,0,0,0,0,0,0,2,0,0
5501357,0,0,0,0,0,0,0,0,0,0,0,0,0,0,0,2,0,0
5501367,0,0,0,0,0,0,0,0,0,0,0,0,0,0,0,2,0,0
5501377,0,0,0,0,0,0,0,0,0,0,0,0,0,0,0,2,0,0
5501387,0,0,0,0,0,0,0,0,0,0,0,0,0,0,0,2,0,0
5501397,0,0,0,0,0,0,0,0,0,0,0,0,0,0,0,2,0,0
5501407,0,0,0,0,0,0,0,0,0,0,0,0,0,0,0,2,0,0
5501417,0,0,0,0,0,0,0,0,0,0,0,0,0,0,0,2,0,0
5501427,0,0,0,0,0,0,0,0,0,0,0,0,0,0,0,2,0,0
5501437,0,0,0,0,0,0,0,0,0,0,0,0,0,0,0,2,0,0
5501447,0,0,0,0,0,0,0,0,0,0,0,0,0,0,0,2,0,0
5501457,0,0,0,0,0,0,0,0,0,0,0,0,0,0,0,2,0,0
5501467,0,0,0,0,0,0,0,0,0,0,0,0,0,0,0,2,0,0
5501477,0,0,0,0,0,0,0,0,0,0,0,0,0,0,0,2,0,0
5501487,0,0,0,0,0,0,0,0,0,0,0,0,0,0,0,2,0,0
5501497,0,0,0,0,0,0,0,0,0,0,0,0,0,0,0,2,0,0
5501507,0,0,0,0,0,0,0,0,0,0,0,0,0,0,0,2,0,0
5501517,0,0,0,0,0,0,0,0,0,0,0,0,0,0,0,2,0,0
5501527,0,0,0,0,0,0,0,0,0,0,0,0,0,0,0,2,0,0
5501537,0,0,0,0,0,0,0,0,0,0,0,0,0,0,0,2,0,0
5501547,0,0,0,0,0,0,0,0,0,0,0,0,0,0,0,2,0,0
5501557,0,0,0,0,0,0,0,0,0,0,0,0,0,0,0,2,0,0
5501567,0,0,0,0,0,0,0,0,0,0,0,0,0,0,0,2,0,0
5501577,0,0,0,0,0,0,0,0,0,0,0,0,0,0,0,2,0,0
5501587,0,0,0,0,0,0,0,0,0,0,0,0,0,0,0,2,0,0
5501597,0,0,0,0,0,0,0,0,0,0,0,0,0,0,0,2,0,0
5501607,0,0,0,0,0,0,0,0,0,0,0,0,0,0,0,2,0,0
5501617,0,0,0,0,0,0,0,0,0,0,0,0,0,0,0,2,0,0
5501627,0,0,0,0,0,0,0,0,0,0,0,0,0,0,0,2,0,0
5501637,0,0,0,0,0,0,0,0,0,0,0,0,0,0,0,2,0,0
5501647,0,0,0,0,0,0,0,0,0,0,0,0,0,0,0,2,0,0
5501657,0,0,0,0,0,0,0,0,0,0,0,0,0,0,0,2,0,0
5501667,0,0,0,0,0,0,0,0,0,0,0,0,0,0,0,2,0,0
5501677,0,0,0,0,0,0,0,0,0,0,0,0,0,0,0,2,0,0
5501687,0,0,0,0,0,0,0,0,0,0,0,0,0,0,0,2,0,0
5501697,0,0,0,0,0,0,0,0,0,0,0,0,0,0,0,2,0,0
5501707,0,0,0,0,0,0,0,0,0,0,0,0,0,0,0,2,0,0
5501717,0,0,0,0,0,0,0,0,0,0,0,0,0,0,0,2,0,0
5501727,0,0,0,0,0,0,0,0,0,0,0,0,0,0,0,2,0,0
5501737,0,0,0,0,0,0,0,0,0,0,0,0,0,0,0,2,0,0
5501747,0,0,0,0,0,0,0,0,0,0,0,0,0,0,0,2,0,0
5501757,0,0,0,0,0,0,0,0,0,0,0,0,0,0,0,2,0,0
5501767,0,0,0,0,0,0,0,0,0,0,0,0,0,0,0,2,0,0
5501777,0,0,0,0,0,0,0,0,0,0,0,0,0,0,0,2,0,0
5501787,0,0,0,0,0,0,0,0,0,0,0,0,0,0,0,2,0,0
5501797,0,0,0,0,0,0,0,0,0,0,0,0,0,0,0,2,0,0
5501807,0,0,0,0,0,0,0,0,0,0,0,0,0,0,0,2,0,0
5501817,0,0,0,0,0,0,0,0,0,0,0,0,0,0,0,2,0,0
5501827,0,0,0,0,0,0,0,0,0,0,0,0,0,0,0,2,0,0
5501837,0,0,0,0,0,0,0,0,0,0,0,0,0,0,0,2,0,0
5501847,0,0,0,0,0,0,0,0,0,0,0,0,0,0,0,2,0,0
5501857,0,0,0,0,0,0,0,0,0,0,0,0,0,0,0,2,0,0
5501867,0,0,0,0,0,0,0,0,0,0,0,0,0,0,0,2,0,0
5501877,0,0,0,0,0,0,0,0,0,0,0,0,0,0,0,2,0,0
5501887,0,0,0,0,0,0,0,0,0,0,0,0,0,0,0,2,0,0
5501897,0,0,0,0,0,0,0,0,0,0,0,0,0,0,0,2,0,0
5501907,0,0,0,0,0,0,0,0,0,0,0,0,0,0,0,2,0,0
5501917,0,0,0,0,0,0,0,0,0,0,0,0,0,0,0,2,0,0
5501927,0,0,0,0,0,0,0,0,0,0,0,0,0,0,0,2,0,0
5501937,0,0,0,0,0,0,0,0,0,0,0,0,0,0,0,2,0,0
5501947,0,0,0,0,0,0,0,0,0,0,0,0,0,0,0,2,0,0
5501957,0,0,0,0,0,0,0,0,0,0,0,0,0,0,0,2,0,0
5501967,0,0,0,0,0,0,0,0,0,0,0,0,0,0,0,2,0,0
5501977,0,0,0,0,0,0,0,0,0,0,0,0,0,0,0,2,0,0
5501987,0,0,0,0,0,0,0,0,0,0,0,0,0,0,0,2,0,0
5501997,0,0,0,0,0,0,0,0,0,0,0,0,0,0,0,2,0,0
5502007,0,0,0,0,0,0,0,0,0,0,0,0,0,0,0,2,0,0
5502017,0,0,0,0,0,0,0,0,0,0,0,0,0,0,0,2,0,0
5502027,0,0,0,0,0,0,0,0,0,0,0,0,0,0,0,2,0,0
5502037,0,0,0,0,0,0,0,0,0,0,0,0,0,0,0,2,0,0
5502047,0,0,0,0,0,0,0,0,0,0,0,0,0,0,0,2,0,0
5502057,0,0,0,0,0,0,0,0,0,0,0,0,0,0,0,2,0,0
5502067,0,0,0,0,0,0,0,0,0,0,0,0,0,0,0,2,0,0
5502077,0,0,0,0,0,0,0,0,0,0,0,0,0,0,0,2,0,0
5502087,0,0,0,0,0,0,0,0,0,0,0,0,0,0,0,2,0,0
5502097,0,0,0,0,0,0,0,0,0,0,0,0,0,0,0,2,0,0
5502107,0,0,0,0,0,0,0,0,0,0,0,0,0,0,0,2,0,0
5502117,0,0,0,0,0,0,0,0,0,0,0,0,0,0,0,2,0,0
5502127,0,0,0,0,0,0,0,0,0,0,0,0,0,0,0,2,0,0
5502137,0,0,0,0,0,0,0,0,0,0,0,0,0,0,0,2,0,0
5502147,0,0,0,0,0,0,0,0,0,0,0,0,0,0,0,2,0,0
5502157,0,0,0,0,0,0,0,0,0,0,0,0,0,0,0,2,0,0
5502167,0,0,0,0,0,0,0,0,0,0,0,0,0,0,0,2,0,0
5502177,0,0,0,0,0,0,0,0,0,0,0,0,0,0,0,2,0,0
5502187,0,0,0,0,0,0,0,0,0,0,0,0,0,0,0,2,0,0
5502197,0,0,0,0,0,0,0,0,0,0,0,0,0,0,0,2,0,0
5502207,0,0,0,0,0,0,0,0,0,0,0,0,0,0,0,2,0,0
5502217,0,0,0,0,0,0,0,0,0,0,0,0,0,0,0,2,0,0
5502227,0,0,0,0,0,0,0,0,0,0,0,0,0,0,0,2,0,0
5502237,0,0,0,0,0,0,0,0,0,0,0,0,0,0,0,2,0,0
5502247,0,0,0,0,0,0,0,0,0,0,0,0,0,0,0,2,0,0
5502257,0,0,0,0,0,0,0,0,0,0,0,0,0,0,0,2,0,0
5502267,0,0,0,0,0,0,0,0,0,0,0,0,0,0,0,2,0,0
5502277,0,0,0,0,0,0,0,0,0,0,0,0,0,0,0,2,0,0
5502287,0,0,0,0,0,0,0,0,0,0,0,0,0,0,0,2,0,0
5502297,0,0,0,0,0,0,0,0,0,0,0,0,0,0,0,2,0,0
5502307,0,0,0,0,0,0,0,0,0,0,0,0,0,0,0,2,0,0
5502317,0,0,0,0,0,0,0,0,0,0,0,0,0,0,0,2,0,0
5502327,0,0,0,0,0,0,0,0,0,0,0,0,0,0,0,2,0,0
5502337,0,0,0,0,0,0,0,0,0,0,0,0,0,0,0,2,0,0
5502347,0,0,0,0,0,0,0,0,0,0,0,0,0,0,0,2,0,0
5502357,0,0,0,0,0,0,0,0,0,0,0,0,0,0,0,2,0,0
5502367,0,0,0,0,0,0,0,0,0,0,0,0,0,0,0,2,0,0
5502377,0,0,0,0,0,0,0,0,0,0,0,0,0,0,0,2,0,0
5502387,0,0,0,0,0,0,0,0,0,0,0,0,0,0,0,2,0,0
5502397,0,0,0,0,0,0,0,0,0,0,0,0,0,0,0,2,0,0
5502407,0,0,0,0,0,0,0,0,0,0,0,0,0,0,0,2,0,0
5502417,0,0,0,0,0,0,0,0,0,0,0,0,0,0,0,2,0,0
5502427,0,0,0,0,0,0,0,0,0,0,0,0,0,0,0,2,0,0
5502437,0,0,0,0,0,0,0,0,0,0,0,0,0,0,0,2,0,0
5502447,0,0,0,0,0,0,0,0,0,0,0,0,0,0,0,2,0,0
5502457,0,0,0,0,0,0,0,0,0,0,0,0,0,0,0,2,0,0
5502467,0,0,0,0,0,0,0,0,0,0,0,0,0,0,0,2,0,0
5502477,0,0,0,0,0,0,0,0,0,0,0,0,0,0,0,2,0,0
5502487,0,0,0,0,0,0,0,0,0,0,0,0,0,0,0,2,0,0
5502497,0,0,0,0,0,0,0,0,0,0,0,0,0,0,0,2,0,0
5502507,0,0,0,0,0,0,0,0,0,0,0,0,0,0,0,2,0,0
5502517,0,0,0,0,0,0,0,0,0,0,0,0,0,0,0,2,0,0
5502527,0,0,0,0,0,0,0,0,0,0,0,0,0,0,0,2,0,0
5502537,0,0,0,0,0,0,0,0,0,0,0,0,0,0,0,2,0,0
5502547,0,0,0,0,0,0,0,0,0,0,0,0,0,0,0,2,0,0
5502557,0,0,0,0,0,0,0,0,0,0,0,0,0,0,0,2,0,0
5502567,0,0,0,0,0,0,0,0,0,0,0,0,0,0,0,2,0,0
5502577,0,0,0,0,0,0,0,0,0,0,0,0,0,0,0,2,0,0
5502587,0,0,0,0,0,0,0,0,0,0,0,0,0,0,0,2,0,0
5502597,0,0,0,0,0,0,0,0,0,0,0,0,0,0,0,2,0,0
5502607,0,0,0,0,0,0,0,0,0,0,0,0,0,0,0,2,0,0
5502617,0,0,0,0,0,0,0,0,0,0,0,0,0,0,0,2,0,0
5502627,0,0,0,0,0,0,0,0,0,0,0,0,0,0,0,2,0,0
5502637,0,0,0,0,0,0,0,0,0,0,0,0,0,0,0,2,0,0
5502647,0,0,0,0,0,0,0,0,0,0,0,0,0,0,0,2,0,0
5502657,0,0,0,0,0,0,0,0,0,0,0,0,0,0,0,2,0,0
5502667,0,0,0,0,0,0,0,0,0,0,0,0,0,0,0,2,0,0
5502677,0,0,0,0,0,0,0,0,0,0,0,0,0,0,0,2,0,0
5502687,0,0,0,0,0,0,0,0,0,0,0,0,0,0,0,2,0,0
5502697,0,0,0,0,0,0,0,0,0,0,0,0,0,0,0,2,0,0
5502707,0,0,0,0,0,0,0,0,0,0,0,0,0,0,0,2,0,0
5502717,0,0,0,0,0,0,0,0,0,0,0,0,0,0,0,2,0,0
5502727,0,0,0,0,0,0,0,0,0,0,0,0,0,0,0,2,0,0
5502737,0,0,0,0,0,0,0,0,0,0,0,0,0,0,0,2,0,0
5502747,0,0,0,0,0,0,0,0,0,0,0,0,0,0,0,2,0,0
5502757,0,0,0,0,0,0,0,0,0,0,0,0,0,0,0,2,0,0
5502767,0,0,0,0,0,0,0,0,0,0,0,0,0,0,0,2,0,0
5502777,0,0,0,0,0,0,0,0,0,0,0,0,0,0,0,2,0,0
5502788,0,0,0,0,0,0,0,0,0,0,0,0,0,0,0,2,0,0
5502798,0,0,0,0,0,0,0,0,0,0,0,0,0,0,0,2,0,0
5502808,0,0,0,0,0,0,0,0,0,0,0,0,0,0,0,2,0,0
5502818,0,0,0,0,0,0,0,0,0,0,0,0,0,0,0,2,0,0
5502828,0,0,0,0,0,0,0,0,0,0,0,0,0,0,0,2,0,0
5502838,0,0,0,0,0,0,0,0,0,0,0,0,0,0,0,2,0,0
5502848,0,0,0,0,0,0,0,0,0,0,0,0,0,0,0,2,0,0
5502858,0,0,0,0,0,0,0,0,0,0,0,0,0,0,0,2,0,0
5502868,0,0,0,0,0,0,0,0,0,0,0,0,0,0,0,2,0,0
5502878,0,0,0,0,0,0,0,0,0,0,0,0,0,0,0,2,0,0
5502888,0,0,0,0,0,0,0,0,0,0,0,0,0,0,0,2,0,0
5502898,0,0,0,0,0,0,0,0,0,0,0,0,0,0,0,2,0,0
5502908,0,0,0,0,0,0,0,0,0,0,0,0,0,0,0,2,0,0
5502918,0,0,0,0,0,0,0,0,0,0,0,0,0,0,0,2,0,0
5502928,0,0,0,0,0,0,0,0,0,0,0,0,0,0,0,2,0,0
5502938,0,0,0,0,0,0,0,0,0,0,0,0,0,0,0,2,0,0
5502948,0,0,0,0,0,0,0,0,0,0,0,0,0,0,0,2,0,0
5502958,0,0,0,0,0,0,0,0,0,0,0,0,0,0,0,2,0,0
5502968,0,0,0,0,0,0,0,0,0,0,0,0,0,0,0,2,0,0
5502978,0,0,0,0,0,0,0,0,0,0,0,0,0,0,0,2,0,0
5502988,0,0,0,0,0,0,0,0,0,0,0,0,0,0,0,2,0,0
5502998,0,0,0,0,0,0,0,0,0,0,0,0,0,0,0,2,0,0
5503008,0,0,0,0,0,0,0,0,0,0,0,0,0,0,0,2,0,0
5503018,0,0,0,0,0,0,0,0,0,0,0,0,0,0,0,2,0,0
5503028,0,0,0,0,0,0,0,0,0,0,0,0,0,0,0,2,0,0
5503038,0,0,0,0,0,0,0,0,0,0,0,0,0,0,0,2,0,0
5503048,0,0,0,0,0,0,0,0,0,0,0,0,0,0,0,2,0,0
5503058,0,0,0,0,0,0,0,0,0,0,0,0,0,0,0,2,0,0
5503068,0,0,0,0,0,0,0,0,0,0,0,0,0,0,0,2,0,0
5503078,0,0,0,0,0,0,0,0,0,0,0,0,0,0,0,2,0,0
5503088,0,0,0,0,0,0,0,0,0,0,0,0,0,0,0,2,0,0
5503098,0,0,0,0,0,0,0,0,0,0,0,0,0,0,0,2,0,0
5503108,0,0,0,0,0,0,0,0,0,0,0,0,0,0,0,2,0,0
5503118,0,0,0,0,0,0,0,0,0,0,0,0,0,0,0,2,0,0
5503128,0,0,0,0,0,0,0,0,0,0,0,0,0,0,0,2,0,0
5503138,0,0,0,0,0,0,0,0,0,0,0,0,0,0,0,2,0,0
5503148,0,0,0,0,0,0,0,0,0,0,0,0,0,0,0,2,0,0
5503158,-0.2,0,0,0,0,0,0,0,0,0,0,0,0,0,0,2,0,0
5503168,-0.2,0,0,0,0,0,0,0,0,0,0,0,0,0,0,2,0,0
5503178,-0.2,0,0,0,0,0,0,0,0,0,0,0,0,0,0,2,0,0
5503188,-0.2,0,0,-0.076,0,0,0,0,0,0,0,0,0,0,0,2,0,0
5503198,-0.2,0,0,-0.146,0,0,0,0,0,0,0,0,0,0,0,2,0,0
5503208,-0.2,0,0,-0.146,0,0,0,0,0,-0.001,0.001,0,0,0,0,2,0,0
5503218,-0.2,0,0,-0.146,0,0,0,0,0,-0.003,0,0,0,0,0,2,0,0
5503228,-0.2,0,0,-0.146,0,0,0,0,0,-0.004,0,0,0,0,0,2,0,0
5503238,-0.2,0,0,-0.146,0,0,0,0,0,-0.005,0,0,0,0,0,2,0,0
5503248,-0.2,0,0,-0.146,0,0,0,0,0,-0.006,0,0,0,0,0,2,0,0
5503258,-0.2,0,0,-0.146,0,0,0,0,0,-0.006,0,0,0,0,0,2,0,0
5503268,-0.2,0,0,-0.146,0,0,0,0,0,-0.007,0.001,0,0,0,0,2,0,0
5503278,-0.2,0,0,-0.146,0,0,0,0,0,-0.009,0.001,0,0,0,0,2,0,0
5503289,-0.2,0,0,-0.146,0,0,0,0,0,-0.01,0.002,0,0,0,0,2,0,0
5503298,-0.2,0,0,-0.146,0,0,0,0,0,-0.013,0.003,0,0,0,0,2,0,0
5503308,-0.2,0,0,-0.146,0,0,0,0,0,-0.014,0.003,0,0,0,0,2,0,0
5503318,-0.2,0,0,-0.146,0,0,0,0,0,-0.017,0.003,0,0,0,0,2,0,0
5503328,-0.2,0,0,-0.146,0,0,0,0,0,-0.02,0.003,0,0,0,0,2,0,0
5503338,-0.2,0,0,-0.146,0,0,0,0,0,-0.023,0.003,0,0,0,0,2,0,0
5503348,-0.2,0,0,-0.146,0,0,0,0,0,-0.025,0.002,0,0,0,0,2,0,0
5503358,-0.2,0,0,-0.146,0,0,0,0,0,-0.028,0.002,-0.001,0,0,0,2,-0.001,0
5503368,-0.2,0,0,-0.146,0,0,0,0.001,0,-0.032,0.002,-0.001,0,0,0,2,-0.001,0
5503378,-0.2,0,0,-0.146,0,-0.012,0,-0.007,0,-0.035,0.001,-0.002,0,0,0,2,-0.002,0
5503390,-0.2,0,0,-0.146,0,-0.021,0,-0.017,0,-0.038,0,-0.01,0,0,0,2,-0.01,0
5503398,-0.4,0,0,-0.146,0,-0.029,0,-0.025,0,-0.043,-0.001,-0.018,0,0,0,2,-0.018,0
5503408,-0.4,0,0,-0.146,0,-0.034,0,-0.03,0,-0.047,-0.002,-0.023,0,0,0,2,-0.023,0
5503418,-0.4,0,0,-0.146,0,-0.042,0,-0.037,0,-0.053,-0.002,-0.029,0,0,0,2,-0.029,0
5503428,-0.4,0,0,-0.216,0,-0.05,0,-0.046,0,-0.06,-0.004,-0.035,0,0,0,2,-0.035,0
5503438,-0.4,0,0,-0.286,0,-0.055,0,-0.05,0,-0.073,-0.008,-0.041,0,0,0,2,-0.041,0
5503448,-0.4,0,0,-0.314,0,-0.063,0,-0.054,-0.002,-0.09,-0.016,-0.048,-0.001,0,0,2,-0.048,-0.001
5503458,-0.4,0,0,-0.314,0,-0.073,0,-0.062,0.001,-0.111,-0.029,-0.057,-0.001,0,0,2,-0.057,-0.001
5503468,-0.4,0,0,-0.314,0,-0.071,0,-0.065,-0.001,-0.121,-0.025,-0.064,-0.001,0,0,2,-0.064,-0.001
5503478,-0.4,0,0,-0.314,0,-0.055,0,-0.055,-0.001,-0.131,-0.016,-0.065,-0.002,0,0,2,-0.065,-0.002
5503488,-0.4,0,0,-0.314,0,-0.04,0,-0.037,0,-0.148,-0.015,-0.055,-0.002,0,0,2,-0.055,-0.002
5503498,-0.4,0,0,-0.314,0,-0.027,0,-0.023,0,-0.164,-0.008,-0.047,-0.001,0,0,2,-0.047,-0.001
5503508,-0.4,0,0,-0.314,0,-0.018,0,-0.014,-0.002,-0.177,0,-0.043,-0.001,0,0,2,-0.043,-0.001
5503518,-0.4,0,0,-0.314,0,-0.011,0,-0.009,0,-0.191,-0.001,-0.04,-0.001,0,0,2,-0.04,-0.001
5503528,-0.4,0,0,-0.314,0,-0.034,0,-0.02,0.003,-0.218,-0.001,-0.03,0.001,0,0,2,-0.03,0.001
5503538,-0.4,0,0,-0.314,0,-0.077,0,-0.054,0.002,-0.249,0.002,-0.041,0.001,0,0,2,-0.041,0.001
5503548,-0.4,0,0,-0.314,0,-0.088,0,-0.077,0.001,-0.27,0.005,-0.063,0.002,0,0,2,-0.063,0.002
5503558,-0.4,0,0,-0.314,0,-0.073,0,-0.072,-0.004,-0.29,-0.004,-0.082,0,0,0,2,-0.082,0
5503568,-0.4,0,0,-0.314,0,-0.057,0,-0.058,-0.002,-0.309,-0.006,-0.088,-0.002,0,0,2,-0.088,-0.002
5503578,-0.4,0,0,-0.314,0,-0.082,0,-0.07,0.002,-0.333,-0.01,-0.095,-0.001,0,0,2,-0.095,-0.001
5503588,-0.4,0,0,-0.314,0,-0.127,0,-0.108,-0.003,-0.352,-0.017,-0.112,-0.002,0,0,2,-0.112,-0.002
5503598,-0.4,0,0,-0.314,0,-0.173,0,-0.148,0.001,-0.377,-0.031,-0.137,-0.004,0,0,2,-0.137,-0.004
5503608,-0.4,0,0,-0.314,0,-0.211,0,-0.188,0.005,-0.385,-0.026,-0.161,-0.002,0,0,2,-0.161,-0.002
5503618,-0.6,0,0,-0.314,0,-0.242,0,-0.232,-0.009,-0.377,-0.007,-0.188,-0.003,0,0,2,-0.188,-0.003
5503628,-0.6,0,0,-0.314,0,-0.265,0,-0.264,0.001,-0.384,-0.006,-0.22,-0.004,0,0,2,-0.22,-0.004
5503638,-0.6,0,0,-0.314,0,-0.286,0,-0.275,0.007,-0.4,-0.011,-0.248,-0.002,0,0,2,-0.248,-0.002
5503648,-0.6,0,0,-0.384,0,-0.307,0,-0.294,-0.005,-0.403,-0.003,-0.261,-0.002,0,0,2,-0.261,-0.002
5503658,-0.6,0,0,-0.454,0,-0.322,0,-0.307,-0.004,-0.401,0.001,-0.291,-0.004,0,0,2,-0.291,-0.004
5503668,-0.6,0,0,-0.51,0,-0.327,0,-0.326,-0.002,-0.397,0.003,-0.298,-0.003,0,0,2,-0.298,-0.003
5503678,-0.6,0,0,-0.51,0,-0.308,0,-0.33,0.005,-0.405,0.001,-0.322,0,0,0,2,-0.322,0
5503693,-0.6,0,0,-0.51,0,-0.253,0,-0.267,0.003,-0.416,0.001,-0.327,0.001,0,0,2,-0.327,0.001
5503698,-0.6,0,0,-0.51,0,-0.25,0,-0.238,-0.004,-0.418,0.017,-0.293,-0.001,0,0,2,-0.293,-0.001
5503708,-0.6,0,0,-0.51,0,-0.259,0,-0.247,-0.004,-0.419,0.018,-0.284,-0.001,0,0,2,-0.284,-0.001
5503718,-0.6,0,0,-0.51,0,-0.282,0,-0.274,-0.002,-0.418,0.016,-0.288,0,0,0,2,-0.288,0
5503728,-0.6,0,0,-0.51,0,-0.304,0,-0.301,0.004,-0.414,0.011,-0.298,0.001,0,0,2,-0.298,0.001
5503738,-0.6,0,0,-0.51,0,-0.323,0,-0.318,-0.001,-0.421,0.016,-0.309,0.003,0,0,2,-0.309,0.003
5503748,-0.6,0,0,-0.51,0,-0.338,0,-0.327,-0.005,-0.429,0.017,-0.322,0.001,0,0,2,-0.322,0.001
5503758,-0.6,0,0,-0.51,0,-0.348,0,-0.34,-0.004,-0.428,0.017,-0.333,0,0,0,2,-0.333,0
5503768,-0.6,0,0,-0.51,0,-0.361,0,-0.362,0.007,-0.425,0.016,-0.345,0.002,0,0,2,-0.345,0.002
5503778,-0.6,0,0,-0.51,0,-0.367,0.003,-0.367,0.006,-0.435,0.015,-0.359,0.006,0,0,2,-0.359,0.006
5503788,-0.6,0,0,-0.51,0,-0.375,0.014,-0.368,0.004,-0.441,0.026,-0.368,0.007,0,0,2,-0.368,0.007
5503798,-0.6,0,0,-0.511,0,-0.378,0.019,-0.37,0.014,-0.442,0.028,-0.374,0.009,0,0,2,-0.374,0.009
5503808,-0.6,0,0,-0.511,0,-0.369,0.018,-0.371,0.025,-0.438,0.027,-0.379,0.013,0,0,2,-0.379,0.013
5503818,-0.6,0,0,-0.511,0,-0.366,0.015,-0.373,0.023,-0.436,0.025,-0.382,0.018,0,0,2,-0.382,0.018
5503828,-0.6,0,0,-0.511,0,-0.356,0.015,-0.365,0.012,-0.445,0.027,-0.385,0.019,0,0,2,-0.385,0.019
5503838,-0.8,0,0,-0.511,0,-0.317,0.018,-0.324,0.013,-0.455,0.027,-0.382,0.017,0,0,2,-0.382,0.017
5503848,-0.8,0,0,-0.511,0,-0.324,0.02,-0.31,0.022,-0.457,0.022,-0.365,0.018,0,0,2,-0.365,0.018
5503858,-0.8,0,0,-0.511,0,-0.339,0.02,-0.335,0.024,-0.453,0.019,-0.359,0.02,0,0,2,-0.359,0.02
5503868,-0.8,0,0,-0.581,0,-0.345,0.017,-0.348,0.015,-0.458,0.019,-0.352,0.019,0,0,2,-0.352,0.019
5503878,-0.8,0,0,-0.651,0,-0.358,0.014,-0.35,0.018,-0.474,0.014,-0.353,0.018,0,0,2,-0.353,0.018
5503888,-0.8,0,0,-0.706,0,-0.368,0.013,-0.361,0.01,-0.495,0.004,-0.36,0.017,0,0,2,-0.36,0.017
5503897,-0.8,0,0,-0.706,0,-0.345,0.011,-0.34,0.009,-0.515,-0.012,-0.369,0.011,0,0,2,-0.369,0.011
5503907,-0.8,0,0,-0.707,0,-0.342,0.005,-0.34,0.013,-0.546,-0.028,-0.371,0.009,0,0,2,-0.371,0.009
5503917,-0.8,0,0,-0.707,0,-0.355,0.006,-0.346,0.007,-0.577,-0.027,-0.375,0.008,0,0,2,-0.375,0.008
5503927,-0.8,0,0,-0.707,0,-0.379,0.009,-0.363,0.004,-0.588,-0.018,-0.377,0.003,0,0,2,-0.377,0.003
5503937,-0.8,0,0,-0.707,0,-0.408,0.01,-0.394,0.01,-0.592,-0.011,-0.389,0.008,0,0,2,-0.389,0.008
5503947,-0.8,0,0,-0.707,0,-0.435,0.009,-0.422,0.012,-0.615,-0.013,-0.405,0.007,0,0,2,-0.405,0.007
5503957,-0.8,0,0,-0.707,0,-0.458,0.008,-0.445,0.01,-0.647,-0.017,-0.428,0.007,0,0,2,-0.428,0.007
5503967,-0.8,0,0,-0.707,0,-0.476,0.008,-0.464,0.017,-0.674,-0.009,-0.453,0.007,0,0,2,-0.453,0.007
5503977,-0.8,0,0,-0.707,0,-0.502,0.014,-0.478,-0.002,-0.689,-0.006,-0.479,0.007,0,0,2,-0.479,0.007
5503987,-0.8,0,0,-0.707,0,-0.531,0.013,-0.519,0.005,-0.681,-0.021,-0.505,0.002,0,0,2,-0.505,0.002
5503997,-0.8,0,0,-0.707,0,-0.473,0.006,-0.506,0.024,-0.693,-0.032,-0.531,0.003,0,0,2,-0.531,0.003
5504007,-0.8,0,0,-0.707,0,-0.369,0.003,-0.41,0.009,-0.75,-0.037,-0.533,0.005,0,0,2,-0.533,0.005
5504017,-0.8,0,0,-0.707,0,-0.269,0.002,-0.292,0.004,-0.767,-0.044,-0.533,0,0,0,2,-0.533,0
5504027,-0.8,0,0,-0.707,0,-0.269,0.006,-0.263,-0.01,-0.735,-0.025,-0.467,-0.006,0,0,2,-0.467,-0.006
5504037,-0.8,0,0,-0.707,0,-0.315,0.007,-0.304,0.007,-0.711,-0.024,-0.403,-0.001,0,0,2,-0.403,-0.001
5504047,-0.8,0,0,-0.707,0,-0.368,0.006,-0.346,0.008,-0.709,-0.013,-0.394,0.002,0,0,2,-0.394,0.002
5504057,-0.8,0,0,-0.707,0,-0.322,0.005,-0.34,0.004,-0.71,0.001,-0.387,0.002,0,0,2,-0.387,0.002
5504067,-0.8,0,0,-0.707,0,-0.257,0.005,-0.269,0.005,-0.723,0.006,-0.356,0.005,0,0,2,-0.356,0.005
5504077,-0.8,0,0,-0.707,0,-0.213,0.007,-0.226,0.008,-0.745,0.006,-0.326,0.004,0,0,2,-0.326,0.004
5504087,-0.8,0,0,-0.707,0,-0.248,0.015,-0.217,0.013,-0.777,0.004,-0.328,0.006,0,0,2,-0.328,0.006
5504097,-0.8,0,0,-0.707,0,-0.303,0.019,-0.286,0.016,-0.793,0.009,-0.351,0.007,0,0,2,-0.351,0.007
5504107,-0.8,0,0,-0.707,0,-0.264,0.017,-0.286,0.02,-0.826,0.003,-0.362,0.014,0,0,2,-0.362,0.014
5504117,0,0,0,-0.707,0,-0.226,0.016,-0.236,0.011,-0.879,-0.012,-0.396,0.012,0,0,2,-0.396,0.012
5504127,0,0,0,-0.707,0,-0.226,0.015,-0.204,0.016,-0.895,-0.02,-0.405,0.01,0,0,2,-0.405,0.01
5504137,0,0,0,-0.707,0,-0.301,0.019,-0.26,0.01,-0.892,-0.019,-0.372,0.01,0,0,2,-0.372,0.01
5504147,0,0,0,-0.607,0,-0.41,0.021,-0.377,0.027,-0.892,-0.018,-0.372,0.008,0,0,2,-0.372,0.008
5504157,0,0,0,-0.507,0,-0.49,0.022,-0.472,0.026,-0.905,-0.016,-0.422,0.015,0,0,2,-0.422,0.015
5504167,0,0,0,-0.407,0,-0.552,0.025,-0.528,0.031,-0.896,-0.006,-0.444,0.016,0,0,2,-0.444,0.016
5504177,0,0,0,-0.307,0,-0.609,0.029,-0.589,0.02,-0.864,0.008,-0.499,0.017,0,0,2,-0.499,0.017
5504187,0,0,0,-0.207,0,-0.672,0.031,-0.653,0.038,-0.817,0.015,-0.536,0.019,0,0,2,-0.536,0.019
5504197,0,0,0,-0.107,0,-0.693,0.03,-0.696,0.027,-0.753,0.022,-0.575,0.023,0,0,2,-0.575,0.023
5504207,0,0,0,-0.007,0,-0.678,0.029,-0.695,0.032,-0.684,0.041,-0.616,0.025,0,0,2,-0.616,0.025
5504217,0,0,0,-0.007,0,-0.659,0.029,-0.684,0.03,-0.61,0.058,-0.642,0.03,0,0,2,-0.642,0.03
5504227,0,0,0,-0.007,0,-0.643,0.031,-0.665,0.032,-0.545,0.053,-0.648,0.032,0,0,2,-0.648,0.032
5504237,0,0,0,-0.007,0,-0.618,0.03,-0.649,0.024,-0.495,0.038,-0.647,0.03,0,0,2,-0.647,0.03
5504247,0,0,0,-0.007,0,-0.587,0.026,-0.616,0.029,-0.396,0.018,-0.629,0.029,0,0,2,-0.629,0.029
5504257,0,0,0,-0.007,0,-0.545,0.022,-0.579,0.03,-0.309,0.052,-0.596,0.031,0,0,2,-0.596,0.031
5504267,0,0,0,-0.007,0,-0.494,0.018,-0.538,0.018,-0.251,0.088,-0.561,0.029,0,0,2,-0.561,0.029
5504277,0,0,0,-0.007,0,-0.448,0.013,-0.486,0.016,-0.223,0.055,-0.524,0.028,0,0,2,-0.524,0.028
5504287,0,0,0,-0.007,0,-0.405,0.009,-0.437,0.01,-0.199,0.034,-0.468,0.019,0,0,2,-0.468,0.019
5504297,0,0,0,-0.007,0,-0.357,0.006,-0.394,0.009,-0.166,0.026,-0.437,0.017,0,0,2,-0.437,0.017
5504307,0,0,0,-0.007,0,-0.271,0.003,-0.324,0.007,-0.122,0.033,-0.384,0.014,0,0,2,-0.384,0.014
5504317,0,0,0,-0.007,0,-0.192,0.002,-0.24,0.004,-0.073,0.024,-0.333,0.012,0,0,2,-0.333,0.012
5504327,0,0,0,-0.007,0,-0.137,0.001,-0.175,0.002,-0.049,0.006,-0.273,0.009,0,0,2,-0.273,0.009
5504337,0,0,0,-0.007,0,-0.093,0,-0.123,0.001,-0.029,-0.002,-0.208,0.005,0,0,2,-0.208,0.005
5504347,0,0,0,-0.007,0,-0.054,0,-0.075,0.001,-0.006,-0.007,-0.156,0.003,0,0,2,-0.156,0.003
5504357,0,0,0,-0.007,0,-0.021,0,-0.037,0.001,0.017,-0.009,-0.108,0.002,0,0,2,-0.108,0.002
5504367,0,0,0,-0.007,0,0.006,0,-0.008,0.001,0.039,-0.012,-0.065,0,0,0,2,-0.065,0
5504377,0,0,0,-0.007,0,0.03,0,0.021,0.002,0.057,-0.016,-0.027,0,0,0,2,-0.027,0
5504387,0,0,0,-0.007,0,0.052,0,0.045,0.001,0.072,-0.018,0.008,0,0,0,2,0.008,0
5504397,0,0,0,-0.007,0,0.069,0,0.065,0.001,0.083,-0.019,0.037,0,0,0,2,0.037,0
5504407,0,0,0,-0.007,0,0.077,0,0.077,0.001,0.089,-0.021,0.06,0,0,0,2,0.06,0
5504417,0,0,0,-0.007,0,0.083,0,0.084,0.001,0.091,-0.024,0.075,0,0,0,2,0.075,0
5504427,0,0,0,-0.007,0,0.084,-0.009,0.089,-0.007,0.086,-0.027,0.084,-0.003,0,0,2,0.084,-0.003
5504437,0,0,0,-0.007,0,0.079,-0.015,0.086,-0.014,0.079,-0.029,0.087,-0.009,0,0,2,0.087,-0.009
5504447,0,0,0,-0.007,0,0.072,-0.02,0.08,-0.018,0.069,-0.03,0.084,-0.015,0,0,2,0.084,-0.015
5504457,0,0,0,-0.007,0,0.064,-0.025,0.072,-0.024,0.057,-0.03,0.076,-0.021,0,0,2,0.076,-0.021
5504467,0,0,0,-0.007,0,0.05,-0.025,0.06,-0.027,0.043,-0.028,0.069,-0.025,0,0,2,0.069,-0.025
5504477,0,0,0,-0.006,0,0.037,-0.023,0.046,-0.026,0.03,-0.026,0.056,-0.026,0,0,2,0.056,-0.026
5504487,0,0,0,-0.006,0,0.025,-0.021,0.034,-0.025,0.017,-0.021,0.041,-0.025,0,0,2,0.041,-0.025
5504497,0,0,0,-0.006,0,0.014,-0.018,0.02,-0.021,0.006,-0.015,0.026,-0.023,0,0,2,0.026,-0.023
5504507,0,0,0,-0.006,0,0.003,-0.012,0.008,-0.016,-0.003,-0.01,0.014,-0.019,0,0,2,0.014,-0.019
5504517,0,0,0,-0.006,0,-0.002,-0.008,0,-0.011,-0.009,-0.004,0.003,-0.013,0,0,2,0.003,-0.013
5504527,0,0,0,-0.006,0,-0.008,-0.003,-0.001,-0.001,-0.013,0.001,-0.002,-0.007,0,0,2,-0.002,-0.007
5504537,0,0,0,-0.006,0,-0.012,0,-0.009,0,-0.015,0.003,-0.005,-0.001,0,0,2,-0.005,-0.001
5504547,0,0,0,-0.006,0,-0.013,0,-0.014,0,-0.015,0.005,-0.011,0,0,0,2,-0.011,0
5504557,0,0,0,-0.006,0,-0.014,0,-0.015,0,-0.013,0.006,-0.014,0,0,0,2,-0.014,0
5504567,0,0,0,-0.006,0,-0.013,0,-0.015,0.001,-0.012,0.006,-0.014,0.001,0,0,2,-0.014,0.001
5504577,0,0,0,-0.006,0,-0.012,0,-0.013,0.001,-0.009,0.006,-0.014,0.001,0,0,2,-0.014,0.001
5504587,0,0,0,-0.006,0,-0.01,0,-0.011,0.001,-0.007,0.005,-0.013,0.001,0,0,2,-0.013,0.001
5504597,0,0,0,-0.006,0,-0.008,0,-0.002,0,-0.005,0.003,-0.011,0.001,0,0,2,-0.011,0.001
5504607,0,0,0,-0.006,0,-0.006,0,0,0,-0.003,0.002,-0.003,0,0,0,2,-0.003,0
5504617,0.2,0,0,-0.006,0,-0.003,0,0,0,-0.001,0.001,-0.001,0,0,0,2,-0.001,0
5504627,0.2,0,0,-0.006,0,-0.002,0,0,0,0,0,0,0,0,0,2,0,0
5504637,0.2,0,0,-0.006,0,0,0,0,0,0,0,0,0,0,0,2,0,0
5504647,0.2,0,0,0.07,0,0,0,0,0,0,0,0,0,0,0,2,0,0
5504657,0.2,0,0,0.14,0,0,0,-0.001,0,0,0,0,0,0,0,2,0,0
5504667,0.2,0,0,0.14,0,0,0,-0.001,0,0.001,0.001,0,0,0,0,2,0,0
5504677,0.2,0,0,0.14,0,0,0,0,0,0.002,0,0,0,0,0,2,0,0
5504687,0.2,0,0,0.14,0,0,0,0,0,0.004,0,0,0,0,0,2,0,0
5504697,0.2,0,0,0.14,0,0,0,0,0,0.005,0,0,0,0,0,2,0,0
5504707,0.2,0,0,0.14,0,0,0,0,0,0.005,-0.001,0,0,0,0,2,0,0
5504717,0.2,0,0,0.14,0,0,0,0,0,0.006,-0.001,0,0,0,0,2,0,0
5504727,0.2,0,0,0.14,0,0,0,0,0,0.007,-0.001,0,0,0,0,2,0,0
5504737,0.2,0,0,0.14,0,0,0,0,0,0.007,-0.002,0,0,0,0,2,0,0
5504747,0.2,0,0,0.14,0,0,0,0,0,0.008,-0.002,0,0,0,0,2,0,0
5504757,0.2,0,0,0.14,0,0,0,0,0,0.01,-0.002,0,0,0,0,2,0,0
5504767,0.2,0,0,0.14,0,0,0,0,0,0.012,-0.003,0,0,0,0,2,0,0
5504777,0.2,0,0,0.14,0,0,0,0,0,0.014,-0.003,0,0,0,0,2,0,0
5504787,0.2,0,0,0.14,0,0,0,0,0,0.015,-0.003,0,0,0,0,2,0,0
5504797,0.2,0,0,0.14,0,0,0,0,0,0.017,-0.002,0,0,0,0,2,0,0
5504807,0.2,0,0,0.14,0,0,0,0,0,0.019,-0.003,0,0,0,0,2,0,0
5504817,0.2,0,0,0.14,0,0,0,0,0,0.021,-0.003,0,0,0,0,2,0,0
5504827,0.2,0,0,0.14,0,0,0,-0.001,0,0.023,-0.002,0,0,0,0,2,0,0
5504837,0.2,0,0,0.14,0,0,0,-0.001,0,0.024,-0.002,0,0,0,0,2,0,0
5504847,0.2,0,0,0.14,0,0,0,-0.001,0,0.026,-0.003,0,0,0,0,2,0,0
5504857,0.4,0,0,0.14,0,0,0,0,0,0.029,-0.003,-0.001,0,0,0,2,-0.001,0
5504867,0.4,0,0,0.14,0,0,0,-0.002,0,0.032,-0.003,-0.001,0,0,0,2,-0.001,0
5504877,0.4,0,0,0.14,0,0.01,0,0.005,0,0.035,-0.002,0.001,0,0,0,2,0.001,0
5504887,0.4,0,0,0.21,0,0.019,0,0.014,0,0.04,-0.003,0.01,0,0,0,2,0.01,0
5504897,0.4,0,0,0.28,0,0.028,0,0.022,0.001,0.046,-0.003,0.015,0,0,0,2,0.015,0
5504907,0.4,0,0,0.322,0,0.037,0,0.03,0,0.057,-0.003,0.022,0,0,0,2,0.022,0
5504917,0.4,0,0,0.322,0,0.051,0,0.04,0,0.068,-0.004,0.031,0,0,0,2,0.031,0
5504927,0.4,0,0,0.322,0,0.063,0,0.053,0.001,0.081,-0.005,0.043,0,0,0,2,0.043,0
5504937,0.4,0,0,0.322,0,0.07,0,0.062,0,0.097,-0.005,0.056,0,0,0,2,0.056,0
5504947,0.4,0,0,0.322,0,0.081,0,0.073,0,0.114,-0.005,0.063,0,0,0,2,0.063,0
5504957,0.4,0,0,0.322,0,0.093,0,0.082,0,0.134,-0.005,0.071,0,0,0,2,0.071,0
5504967,0.4,0,0,0.322,0,0.104,0,0.091,0.001,0.154,-0.005,0.084,0,0,0,2,0.084,0
5504977,0.4,0,0,0.322,0,0.113,0,0.102,0.002,0.174,-0.005,0.092,0,0,0,2,0.092,0
5504987,0.4,0,0,0.322,0,0.125,0,0.118,-0.003,0.189,-0.012,0.103,-0.001,0,0,2,0.103,-0.001
5504997,0.4,0,0,0.322,0,0.136,0,0.129,-0.001,0.208,-0.02,0.117,-0.003,0,0,2,0.117,-0.003
5505007,0.4,0,0,0.322,0,0.155,0,0.144,0,0.223,-0.016,0.131,-0.003,0,0,2,0.131,-0.003
5505017,0.4,0,0,0.322,0,0.16,0,0.158,0,0.242,-0.01,0.147,-0.002,0,0,2,0.147,-0.002
5505027,0.4,0,0,0.322,0,0.127,0,0.131,0.002,0.264,-0.01,0.155,-0.002,0,0,2,0.155,-0.002
5505037,0.4,0,0,0.322,0,0.091,0,0.094,0,0.282,-0.011,0.125,0,0,0,2,0.125,0
5505047,0.4,0,0,0.322,0,0.065,0,0.074,0.003,0.295,-0.007,0.11,0,0,0,2,0.11,0
5505057,0.4,0,0,0.322,0,0.072,0,0.062,0,0.315,0.003,0.101,0.001,0,0,2,0.101,0.001
5505067,0.4,0,0,0.322,0,0.101,0,0.083,-0.004,0.343,-0.002,0.098,-0.001,0,0,2,0.098,-0.001
5505077,0.4,0,0,0.322,0,0.138,0,0.12,0.006,0.367,-0.013,0.114,-0.001,0,0,2,0.114,-0.001
5505087,0.4,0,0,0.322,0,0.172,0,0.152,0.004,0.371,-0.007,0.139,0.001,0,0,2,0.139,0.001
5505097,0.6,0,0,0.322,0,0.212,0,0.198,-0.002,0.375,-0.007,0.171,-0.001,0,0,2,0.171,-0.001
5505107,0.6,0,0,0.322,0,0.258,0,0.237,-0.001,0.39,-0.006,0.207,-0.001,0,0,2,0.207,-0.001
5505117,0.6,0,0,0.322,0,0.283,0,0.273,-0.003,0.405,-0.015,0.24,-0.003,0,0,2,0.24,-0.003
5505127,0.6,0,0,0.392,0,0.299,0,0.289,0.003,0.409,-0.017,0.26,-0.002,0,0,2,0.26,-0.002
5505137,0.6,0,0,0.462,0,0.336,0,0.323,0.001,0.409,-0.01,0.277,-0.001,0,0,2,0.277,-0.001
5505147,0.6,0,0,0.504,0,0.346,0,0.341,-0.002,0.416,-0.009,0.301,-0.002,0,0,2,0.301,-0.002
5505157,0.6,0,0,0.504,0,0.346,0,0.349,0.005,0.423,-0.001,0.327,-0.001,0,0,2,0.327,-0.001
5505167,0.6,0,0,0.504,0,0.354,0,0.355,0.003,0.431,0.004,0.344,0.002,0,0,2,0.344,0.002
5505177,0.6,0,0,0.504,0,0.361,0,0.353,-0.002,0.436,0.009,0.353,0.002,0,0,2,0.353,0.002
5505187,0.6,0,0,0.504,0,0.373,0,0.367,-0.002,0.434,0.002,0.36,0,0,0,2,0.36,0
5505197,0.6,0,0,0.504,0,0.38,0,0.382,0.005,0.429,-0.002,0.37,0,0,0,2,0.37,0
5505207,0.6,0,0,0.504,0,0.374,0,0.379,0.002,0.429,-0.01,0.38,0.002,0,0,2,0.38,0.002
5505217,0.6,0,0,0.504,0,0.37,0,0.374,0.006,0.428,-0.019,0.382,0.001,0,0,2,0.382,0.001
5505227,0.6,0,0,0.504,0,0.371,0,0.365,-0.005,0.429,-0.024,0.383,0,0,0,2,0.383,0
5505237,0.6,0,0,0.504,0,0.372,0,0.371,-0.007,0.43,-0.027,0.382,-0.005,0,0,2,0.382,-0.005
5505247,0.6,0,0,0.504,0,0.369,-0.007,0.377,-0.001,0.427,-0.026,0.384,-0.006,0,0,2,0.384,-0.006
5505257,0.6,0,0,0.504,0,0.323,-0.008,0.343,-0.006,0.419,-0.027,0.368,-0.004,0,0,2,0.368,-0.004
5505267,0.6,0,0,0.504,0,0.31,-0.011,0.313,-0.011,0.425,-0.023,0.365,-0.006,0,0,2,0.365,-0.006
5505277,0.6,0,0,0.504,0,0.315,-0.013,0.301,-0.016,0.438,-0.025,0.355,-0.01,0,0,2,0.355,-0.01
5505287,0.6,0,0,0.504,0,0.332,-0.019,0.321,-0.015,0.439,-0.033,0.352,-0.013,0,0,2,0.352,-0.013
5505297,0.6,0,0,0.504,0,0.335,-0.022,0.337,-0.014,0.431,-0.028,0.357,-0.015,0,0,2,0.357,-0.015
5505307,0.6,0,0,0.504,0,0.34,-0.021,0.347,-0.021,0.432,-0.017,0.36,-0.016,0,0,2,0.36,-0.016
5505317,0.6,0,0,0.504,0,0.354,-0.02,0.348,-0.027,0.44,-0.016,0.363,-0.019,0,0,2,0.363,-0.019
5505327,0.6,0,0,0.504,0,0.363,-0.021,0.36,-0.025,0.449,-0.022,0.366,-0.021,0,0,2,0.366,-0.021
5505337,0.8,0,0,0.504,0,0.375,-0.024,0.361,-0.018,0.458,-0.024,0.373,-0.021,0,0,2,0.373,-0.021
5505347,0.8,0,0,0.504,0,0.385,-0.025,0.375,-0.021,0.465,-0.027,0.377,-0.021,0,0,2,0.377,-0.021
5505357,0.8,0,0,0.504,0,0.389,-0.024,0.384,-0.024,0.466,-0.02,0.386,-0.022,0,0,2,0.386,-0.022
5505367,0.8,0,0,0.574,0,0.392,-0.021,0.394,-0.023,0.471,-0.015,0.388,-0.022,0,0,2,0.388,-0.022
5505377,0.8,0,0,0.644,0,0.397,-0.02,0.397,-0.023,0.486,-0.013,0.394,-0.022,0,0,2,0.394,-0.022
5505387,0.8,0,0,0.7,0,0.408,-0.021,0.399,-0.018,0.503,-0.017,0.397,-0.02,0,0,2,0.397,-0.02
5505397,0.8,0,0,0.7,0,0.415,-0.023,0.407,-0.024,0.522,-0.012,0.409,-0.02,0,0,2,0.409,-0.02
5505407,0.8,0,0,0.7,0,0.417,-0.023,0.403,-0.023,0.538,-0.017,0.416,-0.023,0,0,2,0.416,-0.023
5505417,0.8,0,0,0.7,0,0.417,-0.022,0.414,-0.013,0.556,0.002,0.427,-0.02,0,0,2,0.427,-0.02
5505427,0.8,0,0,0.7,0,0.449,-0.015,0.447,-0.024,0.568,-0.002,0.442,-0.02,0,0,2,0.442,-0.02
5505437,0.8,0,0,0.7,0,0.463,-0.016,0.444,-0.013,0.589,-0.015,0.456,-0.02,0,0,2,0.456,-0.02
5505447,0.8,0,0,0.7,0,0.399,-0.015,0.42,-0.014,0.599,-0.022,0.459,-0.017,0,0,2,0.459,-0.017
5505457,0.8,0,0,0.7,0,0.317,-0.01,0.338,-0.008,0.617,-0.018,0.432,-0.015,0,0,2,0.432,-0.015
5505467,0.8,0,0,0.7,0,0.228,-0.006,0.245,-0.003,0.627,-0.026,0.387,-0.012,0,0,2,0.387,-0.012
5505477,0.8,0,0,0.7,0,0.183,-0.006,0.189,-0.01,0.639,-0.017,0.38,-0.011,0,0,2,0.38,-0.011
5505487,0.8,0,0,0.7,0,0.216,-0.009,0.198,-0.022,0.666,-0.015,0.326,-0.014,0,0,2,0.326,-0.014
5505497,0.8,0,0,0.7,0,0.303,-0.015,0.268,-0.009,0.69,-0.011,0.342,-0.014,0,0,2,0.342,-0.014
5505507,0.8,0,0,0.7,0,0.388,-0.019,0.352,-0.019,0.719,-0.012,0.366,-0.013,0,0,2,0.366,-0.013
5505517,0.8,0,0,0.7,0,0.452,-0.021,0.424,-0.014,0.76,-0.002,0.402,-0.014,0,0,2,0.402,-0.014
5505527,0.8,0,0,0.7,0,0.399,-0.019,0.414,-0.019,0.78,0.02,0.432,-0.012,0,0,2,0.432,-0.012
5505537,0,0,0,0.7,0,0.35,-0.014,0.357,-0.021,0.785,0.005,0.449,-0.012,0,0,2,0.449,-0.012
5505547,0,0,0,0.7,0,0.377,-0.008,0.376,-0.009,0.792,-0.002,0.451,-0.014,0,0,2,0.451,-0.014
5505557,0,0,0,0.7,0,0.434,-0.009,0.41,-0.006,0.804,-0.001,0.457,-0.011,0,0,2,0.457,-0.011
5505567,0,0,0,0.6,0,0.506,-0.008,0.467,-0.002,0.826,0.004,0.453,-0.007,0,0,2,0.453,-0.007
5505577,0,0,0,0.5,0,0.489,-0.004,0.495,-0.01,0.82,0.014,0.465,-0.005,0,0,2,0.465,-0.005
5505587,0,0,0,0.4,0,0.447,-0.003,0.462,-0.001,0.799,0.02,0.472,-0.003,0,0,2,0.472,-0.003
5505597,0,0,0,0.3,0,0.469,-0.003,0.477,0.001,0.775,0.028,0.473,-0.001,0,0,2,0.473,-0.001
5505607,0,0,0,0.2,0,0.518,-0.002,0.507,-0.005,0.755,0.028,0.48,0.002,0,0,2,0.48,0.002
5505617,0,0,0,0.1,0,0.56,-0.003,0.547,-0.005,0.72,0.021,0.495,0.002,0,0,2,0.495,0.002
5505627,0,0,0,0,0,0.591,-0.006,0.577,0.004,0.667,0.009,0.517,0.003,0,0,2,0.517,0.003
5505637,0,0,0,0,0,0.587,-0.007,0.602,-0.002,0.589,-0.007,0.54,0.002,0,0,2,0.54,0.002
5505647,0,0,0,0,0,0.573,-0.005,0.603,-0.01,0.519,-0.023,0.556,-0.002,0,0,2,0.556,-0.002
5505657,0,0,0,0,0,0.555,-0.005,0.578,-0.016,0.439,-0.041,0.574,-0.011,0,0,2,0.574,-0.011
5505667,0,0,0,0,0,0.509,-0.009,0.544,-0.004,0.342,-0.047,0.556,-0.014,0,0,2,0.556,-0.014
5505677,0,0,0,0,0,0.404,-0.009,0.461,0.002,0.281,-0.05,0.513,-0.01,0,0,2,0.513,-0.01
5505687,0,0,0,0,0,0.287,-0.007,0.347,-0.014,0.273,-0.035,0.472,-0.011,0,0,2,0.472,-0.011
5505697,0,0,0,0,0,0.194,-0.005,0.233,-0.011,0.272,-0.022,0.394,-0.014,0,0,2,0.394,-0.014
5505707,0,0,0,0,0,0.122,-0.003,0.16,0,0.249,-0.009,0.326,-0.011,0,0,2,0.326,-0.011
5505717,0,0,0,0,0,0.079,-0.002,0.112,-0.001,0.205,-0.005,0.274,-0.008,0,0,2,0.274,-0.008
5505727,0,0,0,0,0,0.058,0,0.087,0.001,0.163,0.002,0.212,-0.005,0,0,2,0.212,-0.005
5505737,0,0,0,0,0,0.065,0,0.085,-0.004,0.131,0.008,0.153,-0.003,0,0,2,0.153,-0.003
5505747,0,0,0,0,0,0.074,0,0.089,-0.001,0.107,0.003,0.131,-0.002,0,0,2,0.131,-0.002
5505757,0,0,0,0,0,0.07,0,0.086,0.002,0.087,0.003,0.116,-0.001,0,0,2,0.116,-0.001
5505767,0,0,0,0,0,0.056,0,0.071,0.001,0.062,0.006,0.091,0.001,0,0,2,0.091,0.001
5505777,0,0,0,0,0,0.04,0,0.055,0.002,0.032,0.007,0.064,0.002,0,0,2,0.064,0.002
5505787,0,0,0,0,0,0.027,0,0.039,0.001,0.006,0.006,0.055,0.002,0,0,2,0.055,0.002
5505797,0,0,0,0,0,0.012,0,0.021,0,-0.015,0.005,0.043,0.002,0,0,2,0.043,0.002
5505807,0,0,0,0,0,-0.005,0,0,0,-0.032,0.003,0.022,0.001,0,0,2,0.022,0.001
5505817,0,0,0,0,0,-0.023,0,-0.017,0.001,-0.046,0.002,-0.006,0.001,0,0,2,-0.006,0.001
5505827,0,0,0,0,0,-0.039,0,-0.033,0,-0.055,0.001,-0.02,0.001,0,0,2,-0.02,0.001
5505837,0,0,0,0,0,-0.051,0,-0.048,-0.001,-0.059,0.002,-0.035,0,0,0,2,-0.035,0
5505847,0,0,0,0,0,-0.058,0,-0.058,-0.001,-0.06,0.001,-0.048,0,0,0,2,-0.048,0
5505857,0,0,0,0,0,-0.061,0,-0.063,0,-0.06,0.001,-0.057,-0.001,0,0,2,-0.057,-0.001
5505867,0,0,0,0,0,-0.061,0,-0.065,-0.001,-0.056,0.001,-0.062,0,0,0,2,-0.062,0
5505877,0,0,0,0,0,-0.057,0,-0.063,-0.001,-0.05,0.002,-0.063,-0.001,0,0,2,-0.063,-0.001
5505887,0,0,0,0,0,-0.051,0,-0.058,0,-0.042,0.003,-0.06,0,0,0,2,-0.06,0
5505897,0,0,0,0,0,-0.043,0,-0.051,0,-0.033,0.003,-0.054,0,0,0,2,-0.054,0
5505907,0,0,0,0,0,-0.033,0,-0.041,0,-0.022,0.003,-0.048,0,0,0,2,-0.048,0
5505917,0,0,0,0,0,-0.023,0,-0.029,0.001,-0.013,0.004,-0.039,0,0,0,2,-0.039,0
5505927,0,0,0,0,0,-0.013,0,-0.017,0.001,-0.004,0.003,-0.028,0.001,0,0,2,-0.028,0.001
5505937,0,0,0,0,0,-0.004,0,-0.006,0,0.002,0.003,-0.017,0.001,0,0,2,-0.017,0.001
5505947,0,0,0,0,0,0,0,0,0,0.006,0.002,-0.005,0,0,0,2,-0.005,0
5505957,0,0,0,0,0,0,0,0,0,0.007,0.002,-0.001,0,0,0,2,-0.001,0
5505967,0,0,0,0,0,0,0,0,0,0.007,0.001,0,0,0,0,2,0,0
5505977,0,0,0,0,0,0,0,0,0,0.005,0.001,0,0,0,0,2,0,0
5505987,0,0,0,0,0,0,0,0,0,0.002,0,0,0,0,0,2,0,0
5505997,0,0,0,0,0,0,0,0,0,0.001,0,0,0,0,0,2,0,0
5506007,0,0,0,0,0,0,0,0,0,0,0,0,0,0,0,2,0,0
5506017,0,0,0,0,0,0,0,0,0,0,0,0,0,0,0,2,0,0
5506027,0,0,0,0,0,0,0,0,0,0,0,0,0,0,0,2,0,0
5506037,0,0,0,0,0,0,0,0,0,0,0,0,0,0,0,2,0,0
5506047,0,0,0,0,0,0,0,0,0,0,0,0,0,0,0,2,0,0
5506057,0,0,0,0,0,0,0,0,0,0,0,0,0,0,0,2,0,0
5506067,0,0,0,0,0,0,0,0,0,0,0,0,0,0,0,2,0,0
5506077,0,0,0,0,0,0,0,0,0,0,0,0,0,0,0,2,0,0
5506087,0,0,0,0,0,0,0,0,0,0,0,0,0,0,0,2,0,0
5506097,0,0,0,0,0,0,0,0,0,0,0,0,0,0,0,2,0,0
5506107,0,0,0,0,0,0,0,0,0,0,0,0,0,0,0,2,0,0
5506117,0,0,0,0,0,0,0,0,0,0,0,0,0,0,0,2,0,0
5506127,0,0,0,0,0,0,0,0,0,0,0,0,0,0,0,2,0,0
5506137,0,0,0,0,0,0,0,0,0,0,0,0,0,0,0,2,0,0
5506147,0,0,0,0,0,0,0,0,0,0,0,0,0,0,0,2,0,0
5506157,0,0,0,0,0,0,0,0,0,0,0,0,0,0,0,2,0,0
5506167,0,0,0,0,0,0,0,0,0,0,0,0,0,0,0,2,0,0
5506177,0,0,0,0,0,0,0,0,0,0,0,0,0,0,0,2,0,0
5506187,0,0,0,0,0,0,0,0,0,0,0,0,0,0,0,2,0,0
5506197,0,0,0,0,0,0,0,0,0,0,0,0,0,0,0,2,0,0
5506207,0,0,0,0,0,0,0,0,0,0,0,0,0,0,0,2,0,0
5506217,0,0,0,0,0,0,0,0,0,0,0,0,0,0,0,2,0,0
5506227,0,0,0,0,0,0,0,0,0,0,0,0,0,0,0,2,0,0
5506237,0,0,0,0,0,0,0,0,0,0,0,0,0,0,0,2,0,0
5506247,0,0,0,0,0,0,0,0,0,0,0,0,0,0,0,2,0,0
5506257,0,0,0,0,0,0,0,0,0,0,0,0,0,0,0,2,0,0
5506267,0,0,0,0,0,0,0,0,0,0,0,0,0,0,0,2,0,0
5506277,0,0,0,0,0,0,0,0,0,0,0,0,0,0,0,2,0,0
5506287,0,0,0,0,0,0,0,0,0,0,0,0,0,0,0,2,0,0
5506297,0,0,0,0,0,0,0,0,0,0,0,0,0,0,0,2,0,0
5506307,0,0,0,0,0,0,0,0,0,0,0,0,0,0,0,2,0,0
5506317,0,0,0,0,0,0,0,0,0,0,0,0,0,0,0,2,0,0
5506327,0,0,0,0,0,0,0,0,0,0,0,0,0,0,0,2,0,0
5506337,0,0,0,0,0,0,0,0,0,0,0,0,0,0,0,2,0,0
5506347,0,0,0,0,0,0,0,0,0,0,0,0,0,0,0,2,0,0
5506357,0,0,0,0,0,0,0,0,0,0,0,0,0,0,0,2,0,0
5506367,0,0,0,0,0,0,0,0,0,0,0,0,0,0,0,2,0,0
5506377,0,0,0,0,0,0,0,0,0,0,0,0,0,0,0,2,0,0
5506387,0,0,0,0,0,0,0,0,0,0,0,0,0,0,0,2,0,0
5506397,0,0,0,0,0,0,0,0,0,0,0,0,0,0,0,2,0,0
5506407,0,0,0,0,0,0,0,0,0,0,0,0,0,0,0,2,0,0
5506417,0,0,0,0,0,0,0,0,0,0,0,0,0,0,0,2,0,0
5506427,0,0,0,0,0,0,0,0,0,0,0,0,0,0,0,2,0,0
5506437,0,0,0,0,0,0,0,0,0,0,0,0,0,0,0,2,0,0
5506447,0,0,0,0,0,0,0,0,0,0,0,0,0,0,0,2,0,0
5506457,0,0,0,0,0,0,0,0,0,0,0,0,0,0,0,2,0,0
5506467,0,0,0,0,0,0,0,0,0,0,0,0,0,0,0,2,0,0
5506477,0,0,0,0,0,0,0,0,0,0,0,0,0,0,0,2,0,0
5506487,0,0,0,0,0,0,0,0,0,0,0,0,0,0,0,2,0,0
5506497,0,0,0,0,0,0,0,0,0,0,0,0,0,0,0,2,0,0
5506507,0,0,0,0,0,0,0,0,0,0,0,0,0,0,0,2,0,0
5506517,0,0,0,0,0,0,0,0,0,0,0,0,0,0,0,2,0,0
5506527,0,0,0,0,0,0,0,0,0,0,0,0,0,0,0,2,0,0
5506537,0,0,0,0,0,0,0,0,0,0,0,0,0,0,0,2,0,0
5506547,0,0,0,0,0,0,0,0,0,0,0,0,0,0,0,2,0,0
5506557,0,0,0,0,0,0,0,0,0,0,0,0,0,0,0,2,0,0
5506567,0,0,0,0,0,0,0,0,0,0,0,0,0,0,0,2,0,0
5506577,0,0,0,0,0,0,0,0,0,0,0,0,0,0,0,2,0,0
5506587,0,0,0,0,0,0,0,0,0,0,0,0,0,0,0,2,0,0
5506597,0,0,0,0,0,0,0,0,0,0,0,0,0,0,0,2,0,0
5506607,0,0,0,0,0,0,0,0,0,0,0,0,0,0,0,2,0,0
5506617,0,0,0,0,0,0,0,0,0,0,0,0,0,0,0,2,0,0
5506627,0,0,0,0,0,0,0,0,0,0,0,0,0,0,0,2,0,0
5506637,0,0,0,0,0,0,0,0,0,0,0,0,0,0,0,2,0,0
5506647,0,0,0,0,0,0,0,0,0,0,0,0,0,0,0,2,0,0
5506657,0,0,0,0,0,0,0,0,0,0,0,0,0,0,0,2,0,0
5506667,0,0,0,0,0,0,0,0,0,0,0,0,0,0,0,2,0,0
5506677,0,0,0,0,0,0,0,0,0,0,0,0,0,0,0,2,0,0
5506687,0,0,0,0,0,0,0,0,0,0,0,0,0,0,0,2,0,0
5506697,0,0,0,0,0,0,0,0,0,0,0,0,0,0,0,2,0,0
5506707,0,0,0,0,0,0,0,0,0,0,0,0,0,0,0,2,0,0
5506717,0,0,0,0,0,0,0,0,0,0,0,0,0,0,0,2,0,0
5506727,0,0,0,0,0,0,0,0,0,0,0,0,0,0,0,2,0,0
5506737,0,0,0,0,0,0,0,0,0,0,0,0,0,0,0,2,0,0
5506747,0,0,0,0,0,0,0,0,0,0,0,0,0,0,0,2,0,0
5506757,0,0,0,0,0,0,0,0,0,0,0,0,0,0,0,2,0,0
5506767,0,0,0,0,0,0,0,0,0,0,0,0,0,0,0,2,0,0
5506777,0,0,0,0,0,0,0,0,0,0,0,0,0,0,0,2,0,0
5506787,0,0,0,0,0,0,0,0,0,0,0,0,0,0,0,2,0,0
5506797,0,0,0,0,0,0,0,0,0,0,0,0,0,0,0,2,0,0
5506807,0,0,0,0,0,0,0,0,0,0,0,0,0,0,0,2,0,0
5506817,0,0,0,0,0,0,0,0,0,0,0,0,0,0,0,2,0,0
5506827,0,0,0,0,0,0,0,0,0,0,0,0,0,0,0,2,0,0
5506837,0,0,0,0,0,0,0,0,0,0,0,0,0,0,0,2,0,0
5506847,0,0,0,0,0,0,0,0,0,0,0,0,0,0,0,2,0,0
5506857,0,0,0,0,0,0,0,0,0,0,0,0,0,0,0,2,0,0
5506867,0,0,0,0,0,0,0,0,0,0,0,0,0,0,0,2,0,0
5506877,0,0,0,0,0,0,0,0,0,0,0,0,0,0,0,2,0,0
5506887,0,0,0,0,0,0,0,0,0,0,0,0,0,0,0,2,0,0
5506897,0,0,0,0,0,0,0,0,0,0,0,0,0,0,0,2,0,0
5506907,0,0,0,0,0,0,0,0,0,0,0,0,0,0,0,2,0,0
5506917,0,0,0,0,0,0,0,0,0,0,0,0,0,0,0,2,0,0
5506927,0,0,0,0,0,0,0,0,0,0,0,0,0,0,0,2,0,0
5506937,0,0,0,0,0,0,0,0,0,0,0,0,0,0,0,2,0,0
5506947,0,0,0,0,0,0,0,0,0,0,0,0,0,0,0,2,0,0
5506957,0,0,0,0,0,0,0,0,0,0,0,0,0,0,0,2,0,0
5506967,0,0,0,0,0,0,0,0,0,0,0,0,0,0,0,2,0,0
5506977,0,0,0,0,0,0,0,0,0,0,0,0,0,0,0,2,0,0
5506987,0,0,0,0,0,0,0,0,0,0,0,0,0,0,0,2,0,0
5506997,0,0,0,0,0,0,0,0,0,0,0,0,0,0,0,2,0,0
5507007,0,0,0,0,0,0,0,0,0,0,0,0,0,0,0,2,0,0
5507017,0,0,0,0,0,0,0,0,0,0,0,0,0,0,0,2,0,0
5507027,0,0,0,0,0,0,0,0,0,0,0,0,0,0,0,2,0,0
5507037,0,0,0,0,0,0,0,0,0,0,0,0,0,0,0,2,0,0
5507047,0,0,0,0,0,0,0,0,0,0,0,0,0,0,0,2,0,0
5507057,0,0,0,0,0,0,0,0,0,0,0,0,0,0,0,2,0,0
5507067,0,0,0,0,0,0,0,0,0,0,0,0,0,0,0,2,0,0
5507077,0,0,0,0,0,0,0,0,0,0,0,0,0,0,0,2,0,0
5507087,0,0,0,0,0,0,0,0,0,0,0,0,0,0,0,2,0,0
5507097,0,0,0,0,0,0,0,0,0,0,0,0,0,0,0,2,0,0
5507107,0,0,0,0,0,0,0,0,0,0,0,0,0,0,0,2,0,0
5507117,0,0,0,0,0,0,0,0,0,0,0,0,0,0,0,2,0,0
5507127,0,0,0,0,0,0,0,0,0,0,0,0,0,0,0,2,0,0
5507137,0,0,0,0,0,0,0,0,0,0,0,0,0,0,0,2,0,0
5507147,0,0,0,0,0,0,0,0,0,0,0,0,0,0,0,2,0,0
5507157,0,0,0,0,0,0,0,0,0,0,0,0,0,0,0,2,0,0
5507167,0,0,0,0,0,0,0,0,0,0,0,0,0,0,0,2,0,0
5507177,0,0,0,0,0,0,0,0,0,0,0,0,0,0,0,2,0,0
5507187,0,0,0,0,0,0,0,0,0,0,0,0,0,0,0,2,0,0
5507197,0,0,0,0,0,0,0,0,0,0,0,0,0,0,0,2,0,0
5507207,0,0,0,0,0,0,0,0,0,0,0,0,0,0,0,2,0,0
5507217,0,0,0,0,0,0,0,0,0,0,0,0,0,0,0,2,0,0
5507227,0,0,0,0,0,0,0,0,0,0,0,0,0,0,0,2,0,0
5507237,0,0,0,0,0,0,0,0,0,0,0,0,0,0,0,2,0,0
5507247,0,0,0,0,0,0,0,0,0,0,0,0,0,0,0,2,0,0
5507257,0,0,0,0,0,0,0,0,0,0,0,0,0,0,0,2,0,0
5507267,0,0,0,0,0,0,0,0,0,0,0,0,0,0,0,2,0,0
5507277,0,0,0,0,0,0,0,0,0,0,0,0,0,0,0,2,0,0
5507287,0,0,0,0,0,0,0,0,0,0,0,0,0,0,0,2,0,0
5507297,0,0,0,0,0,0,0,0,0,0,0,0,0,0,0,2,0,0
5507307,0,0,0,0,0,0,0,0,0,0,0,0,0,0,0,2,0,0
5507317,0,0,0,0,0,0,0,0,0,0,0,0,0,0,0,2,0,0
5507327,0,0,0,0,0,0,0,0,0,0,0,0,0,0,0,2,0,0
5507337,0,0,0,0,0,0,0,0,0,0,0,0,0,0,0,2,0,0
5507347,0,0,0,0,0,0,0,0,0,0,0,0,0,0,0,2,0,0
5507357,0,0,0,0,0,0,0,0,0,0,0,0,0,0,0,2,0,0
5507367,0,0,0,0,0,0,0,0,0,0,0,0,0,0,0,2,0,0
5507377,0,0,0,0,0,0,0,0,0,0,0,0,0,0,0,2,0,0
5507387,0,0,0,0,0,0,0,0,0,0,0,0,0,0,0,2,0,0
5507397,0,0,0,0,0,0,0,0,0,0,0,0,0,0,0,2,0,0
5507407,0,0,0,0,0,0,0,0,0,0,0,0,0,0,0,2,0,0
5507417,0,0,0,0,0,0,0,0,0,0,0,0,0,0,0,2,0,0
5507427,0,0,0,0,0,0,0,0,0,0,0,0,0,0,0,2,0,0
5507437,0,0,0,0,0,0,0,0,0,0,0,0,0,0,0,2,0,0
5507447,0,0,0,0,0,0,0,0,0,0,0,0,0,0,0,2,0,0
5507457,0,0,0,0,0,0,0,0,0,0,0,0,0,0,0,2,0,0
5507467,0,0,0,0,0,0,0,0,0,0,0,0,0,0,0,2,0,0
5507477,0,0,0,0,0,0,0,0,0,0,0,0,0,0,0,2,0,0
5507487,0,0,0,0,0,0,0,0,0,0,0,0,0,0,0,2,0,0
5507497,0,0,0,0,0,0,0,0,0,0,0,0,0,0,0,2,0,0
5507507,0,0,0,0,0,0,0,0,0,0,0,0,0,0,0,2,0,0
5507517,0,0,0,0,0,0,0,0,0,0,0,0,0,0,0,2,0,0
5507527,0,0,0,0,0,0,0,0,0,0,0,0,0,0,0,2,0,0
5507537,0,0,0,0,0,0,0,0,0,0,0,0,0,0,0,2,0,0
5507547,0,0,0,0,0,0,0,0,0,0,0,0,0,0,0,2,0,0
5507557,0,0,0,0,0,0,0,0,0,0,0,0,0,0,0,2,0,0
5507567,0,0,0,0,0,0,0,0,0,0,0,0,0,0,0,2,0,0
5507577,0,0,0,0,0,0,0,0,0,0,0,0,0,0,0,2,0,0
5507587,0,0,0,0,0,0,0,0,0,0,0,0,0,0,0,2,0,0
5507597,0,0,0,0,0,0,0,0,0,0,0,0,0,0,0,2,0,0
5507607,0,0,0,0,0,0,0,0,0,0,0,0,0,0,0,2,0,0
5507617,0,0,0,0,0,0,0,0,0,0,0,0,0,0,0,2,0,0
5507627,0,0,0,0,0,0,0,0,0,0,0,0,0,0,0,2,0,0
5507637,0,0,0,0,0,0,0,0,0,0,0,0,0,0,0,2,0,0
5507647,0,0,0,0,0,0,0,0,0,0,0,0,0,0,0,2,0,0
5507657,0,0,0,0,0,0,0,0,0,0,0,0,0,0,0,2,0,0
5507667,0,0,0,0,0,0,0,0,0,0,0,0,0,0,0,2,0,0
5507677,0,0,0,0,0,0,0,0,0,0,0,0,0,0,0,2,0,0
5507687,0,0,0,0,0,0,0,0,0,0,0,0,0,0,0,2,0,0
5507697,0,0,0,0,0,0,0,0,0,0,0,0,0,0,0,2,0,0
5507707,0,0,0,0,0,0,0,0,0,0,0,0,0,0,0,2,0,0
5507717,0,0,0,0,0,0,0,0,0,0,0,0,0,0,0,2,0,0
5507727,0,0,0,0,0,0,0,0,0,0,0,0,0,0,0,2,0,0
5507737,0,0,0,0,0,0,0,0,0,0,0,0,0,0,0,2,0,0
5507748,0,0,0,0,0,0,0,0,0,0,0,0,0,0,0,2,0,0
5507757,0,0,0,0,0,0,0,0,0,0,0,0,0,0,0,2,0,0
5507767,0,0,0,0,0,0,0,0,0,0,0,0,0,0,0,2,0,0
5507777,0,0,0,0,0,0,0,0,0,0,0,0,0,0,0,2,0,0
5507787,0,0,0,0,0,0,0,0,0,0,0,0,0,0,0,2,0,0
5507797,0,0,0,0,0,0,0,0,0,0,0,0,0,0,0,2,0,0
5507807,0,0,0,0,0,0,0,0,0,0,0,0,0,0,0,2,0,0
5507817,0,0,0,0,0,0,0,0,0,0,0,0,0,0,0,2,0,0
5507827,0,0,0,0,0,0,0,0,0,0,0,0,0,0,0,2,0,0
5507837,0,0,0,0,0,0,0,0,0,0,0,0,0,0,0,2,0,0
5507847,0,0,0,0,0,0,0,0,0,0,0,0,0,0,0,2,0,0
5507857,0,0,0,0,0,0,0,0,0,0,0,0,0,0,0,2,0,0
5507868,0,0,0,0,0,0,0,0,0,0,0,0,0,0,0,2,0,0
5507877,0,0,0,0,0,0,0,0,0,0,0,0,0,0,0,2,0,0
5507887,0,0,0,0,0,0,0,0,0,0,0,0,0,0,0,2,0,0
5507897,0,0,0,0,0,0,0,0,0,0,0,0,0,0,0,2,0,0
5507907,0,0,0,0,0,0,0,0,0,0,0,0,0,0,0,2,0,0
5507917,0,0,0,0,0,0,0,0,0,0,0,0,0,0,0,2,0,0
5507927,0,0,0,0,0,0,0,0,0,0,0,0,0,0,0,2,0,0
5507937,0,0,0,0,0,0,0,0,0,0,0,0,0,0,0,2,0,0
5507947,0,0,0,0,0,0,0,0,0,0,0,0,0,0,0,2,0,0
5507957,0,0,0,0,0,0,0,0,0,0,0,0,0,0,0,2,0,0
5507967,0,0,0,0,0,0,0,0,0,0,0,0,0,0,0,2,0,0
5507977,0,0,0,0,0,0,0,0,0,0,0,0,0,0,0,2,0,0
5507987,0,0,0,0,0,0,0,0,0,0,0,0,0,0,0,2,0,0
5507997,0,0,0,0,0,0,0,0,0,0,0,0,0,0,0,2,0,0
5508007,0,0,0,0,0,0,0,0,0,0,0,0,0,0,0,2,0,0
5508017,0,0,0,0,0,0,0,0,0,0,0,0,0,0,0,2,0,0
5508027,0,0,0,0,0,0,0,0,0,0,0,0,0,0,0,2,0,0
5508037,0,0,0,0,0,0,0,0,0,0,0,0,0,0,0,2,0,0
5508047,0,0,0,0,0,0,0,0,0,0,0,0,0,0,0,2,0,0
5508057,0,0,0,0,0,0,0,0,0,0,0,0,0,0,0,2,0,0
5508067,0,0,0,0,0,0,0,0,0,0,0,0,0,0,0,2,0,0
5508077,0,0,0,0,0,0,0,0,0,0,0,0,0,0,0,2,0,0
5508087,0,0,0,0,0,0,0,0,0,0,0,0,0,0,0,2,0,0
5508097,0,0,0,0,0,0,0,0,0,0,0,0,0,0,0,2,0,0
5508107,0,0,0,0,0,0,0,0,0,0,0,0,0,0,0,2,0,0
5508117,0,0,0,0,0,0,0,0,0,0,0,0,0,0,0,2,0,0
5508127,0,0,0,0,0,0,0,0,0,0,0,0,0,0,0,2,0,0
5508137,0,0,0,0,0,0,0,0,0,0,0,0,0,0,0,2,0,0
5508147,0,0,0,0,0,0,0,0,0,0,0,0,0,0,0,2,0,0
5508157,0,0,0,0,0,0,0,0,0,0,0,0,0,0,0,2,0,0
5508167,0,0,0,0,0,0,0,0,0,0,0,0,0,0,0,2,0,0
5508177,0,0,0,0,0,0,0,0,0,0,0,0,0,0,0,2,0,0
5508187,0,0,0,0,0,0,0,0,0,0,0,0,0,0,0,2,0,0
5508197,0,0,0,0,0,0,0,0,0,0,0,0,0,0,0,2,0,0
5508207,0,0,0,0,0,0,0,0,0,0,0,0,0,0,0,2,0,0
5508217,0,0,0,0,0,0,0,0,0,0,0,0,0,0,0,2,0,0
5508227,0,0,0,0,0,0,0,0,0,0,0,0,0,0,0,2,0,0
5508237,0,0,0,0,0,0,0,0,0,0,0,0,0,0,0,2,0,0
5508247,0,0,0,0,0,0,0,0,0,0,0,0,0,0,0,2,0,0
5508257,0,0,0,0,0,0,0,0,0,0,0,0,0,0,0,2,0,0
5508267,0,0,0,0,0,0,0,0,0,0,0,0,0,0,0,2,0,0
5508277,0,0,0,0,0,0,0,0,0,0,0,0,0,0,0,2,0,0
5508287,0,0,0,0,0,0,0,0,0,0,0,0,0,0,0,2,0,0
5508297,0,0,0,0,0,0,0,0,0,0,0,0,0,0,0,2,0,0
5508307,0,0,0,0,0,0,0,0,0,0,0,0,0,0,0,2,0,0
5508317,0,0,0,0,0,0,0,0,0,0,0,0,0,0,0,2,0,0
5508327,0,0,0,0,0,0,0,0,0,0,0,0,0,0,0,2,0,0
5508337,0,0,0,0,0,0,0,0,0,0,0,0,0,0,0,2,0,0
5508347,0,0,0,0,0,0,0,0,0,0,0,0,0,0,0,2,0,0
5508357,0,0,0,0,0,0,0,0,0,0,0,0,0,0,0,2,0,0
5508367,0,0,0,0,0,0,0,0,0,0,0,0,0,0,0,2,0,0
5508377,0,0,0,0,0,0,0,0,0,0,0,0,0,0,0,2,0,0
5508387,0,0,0,0,0,0,0,0,0,0,0,0,0,0,0,2,0,0
5508397,0,0,0,0,0,0,0,0,0,0,0,0,0,0,0,2,0,0
5508407,0,0,0,0,0,0,0,0,0,0,0,0,0,0,0,2,0,0
5508417,0,0,0,0,0,0,0,0,0,0,0,0,0,0,0,2,0,0
5508427,0,0,0,0,0,0,0,0,0,0,0,0,0,0,0,2,0,0
5508437,0,0,0,0,0,0,0,0,0,0,0,0,0,0,0,2,0,0
5508447,0,0,0,0,0,0,0,0,0,0,0,0,0,0,0,2,0,0
5508457,0,0,0,0,0,0,0,0,0,0,0,0,0,0,0,2,0,0
5508467,0,0,0,0,0,0,0,0,0,0,0,0,0,0,0,2,0,0
5508477,0,0,0,0,0,0,0,0,0,0,0,0,0,0,0,2,0,0
5508487,0,0,0,0,0,0,0,0,0,0,0,0,0,0,0,2,0,0
5508497,0,0,0,0,0,0,0,0,0,0,0,0,0,0,0,2,0,0
5508507,0,0,0,0,0,0,0,0,0,0,0,0,0,0,0,2,0,0
5508517,0,0,0,0,0,0,0,0,0,0,0,0,0,0,0,2,0,0
5508527,0,0,0,0,0,0,0,0,0,0,0,0,0,0,0,2,0,0
5508537,0,0,0,0,0,0,0,0,0,0,0,0,0,0,0,2,0,0
5508547,0,0,0,0,0,0,0,0,0,0,0,0,0,0,0,2,0,0
5508557,0,0,0,0,0,0,0,0,0,0,0,0,0,0,0,2,0,0
5508567,0,0,0,0,0,0,0,0,0,0,0,0,0,0,0,2,0,0
5508577,0,0,0,0,0,0,0,0,0,0,0,0,0,0,0,2,0,0
5508587,0,0,0,0,0,0,0,0,0,0,0,0,0,0,0,2,0,0
5508597,0,0,0,0,0,0,0,0,0,0,0,0,0,0,0,2,0,0
5508607,0,0,0,0,0,0,0,0,0,0,0,0,0,0,0,2,0,0
5508617,0,0,0,0,0,0,0,0,0,0,0,0,0,0,0,2,0,0
5508627,0,0,0,0,0,0,0,0,0,0,0,0,0,0,0,2,0,0
5508637,0,0,0,0,0,0,0,0,0,0,0,0,0,0,0,2,0,0
5508647,0,0,0,0,0,0,0,0,0,0,0,0,0,0,0,2,0,0
5508657,0,0,0,0,0,0,0,0,0,0,0,0,0,0,0,2,0,0
5508667,0,0,0,0,0,0,0,0,0,0,0,0,0,0,0,2,0,0
5508677,0,0,0,0,0,0,0,0,0,0,0,0,0,0,0,2,0,0
5508687,0,0,0,0,0,0,0,0,0,0,0,0,0,0,0,2,0,0
5508697,0,0,0,0,0,0,0,0,0,0,0,0,0,0,0,2,0,0
5508707,0,0,0,0,0,0,0,0,0,0,0,0,0,0,0,2,0,0
5508717,0,0,0,0,0,0,0,0,0,0,0,0,0,0,0,2,0,0
5508727,0,0,0,0,0,0,0,0,0,0,0,0,0,0,0,2,0,0
5508737,0,0,0,0,0,0,0,0,0,0,0,0,0,0,0,2,0,0
5508747,0,0,0,0,0,0,0,0,0,0,0,0,0,0,0,2,0,0
5508757,0,0,0,0,0,0,0,0,0,0,0,0,0,0,0,2,0,0
5508767,0,0,0,0,0,0,0,0,0,0,0,0,0,0,0,2,0,0
5508777,0,0,0,0,0,0,0,0,0,0,0,0,0,0,0,2,0,0
5508787,0,0,0,0,0,0,0,0,0,0,0,0,0,0,0,2,0,0
5508797,0,0,0,0,0,0,0,0,0,0,0,0,0,0,0,2,0,0
5508807,0,0,0,0,0,0,0,0,0,0,0,0,0,0,0,2,0,0
5508817,0,0,0,0,0,0,0,0,0,0,0,0,0,0,0,2,0,0
5508827,0,0,0,0,0,0,0,0,0,0,0,0,0,0,0,2,0,0
5508837,0,0,0,0,0,0,0,0,0,0,0,0,0,0,0,2,0,0
5508847,0,0,0,0,0,0,0,0,0,0,0,0,0,0,0,2,0,0
5508857,0,0,0,0,0,0,0,0,0,0,0,0,0,0,0,2,0,0
5508867,0,0,0,0,0,0,0,0,0,0,0,0,0,0,0,2,0,0
5508877,0,0,0,0,0,0,0,0,0,0,0,0,0,0,0,2,0,0
5508887,0,0,0,0,0,0,0,0,0,0,0,0,0,0,0,2,0,0
5508898,0,0,0,0,0,0,0,0,0,0,0,0,0,0,0,2,0,0
5508908,0,0,0,0,0,0,0,0,0,0,0,0,0,0,0,2,0,0
5508918,0,0,0,0,0,0,0,0,0,0,0,0,0,0,0,2,0,0
5508928,0,0,0,0,0,0,0,0,0,0,0,0,0,0,0,2,0,0
5508938,0,0,0,0,0,0,0,0,0,0,0,0,0,0,0,2,0,0
5508948,0,0,0,0,0,0,0,0,0,0,0,0,0,0,0,2,0,0
5508958,0,0,0,0,0,0,0,0,0,0,0,0,0,0,0,2,0,0
5508968,0,0,0,0,0,0,0,0,0,0,0,0,0,0,0,2,0,0
5508978,0,0,0,0,0,0,0,0,0,0,0,0,0,0,0,2,0,0
5508988,0,0,0,0,0,0,0,0,0,0,0,0,0,0,0,2,0,0
5508998,0,0,0,0,0,0,0,0,0,0,0,0,0,0,0,2,0,0
5509008,0,0,0,0,0,0,0,0,0,0,0,0,0,0,0,2,0,0
5509018,0,0,0,0,0,0,0,0,0,0,0,0,0,0,0,2,0,0
5509028,0,0,0,0,0,0,0,0,0,0,0,0,0,0,0,2,0,0
5509038,0,0,0,0,0,0,0,0,0,0,0,0,0,0,0,2,0,0
5509048,0,0,0,0,0,0,0,0,0,0,0,0,0,0,0,2,0,0
5509058,0,0,0,0,0,0,0,0,0,0,0,0,0,0,0,2,0,0
5509068,0,0,0,0,0,0,0,0,0,0,0,0,0,0,0,2,0,0
5509078,0,0,0,0,0,0,0,0,0,0,0,0,0,0,0,2,0,0
5509088,0,0,0,0,0,0,0,0,0,0,0,0,0,0,0,2,0,0
5509098,0,0,0,0,0,0,0,0,0,0,0,0,0,0,0,2,0,0
5509108,0,0,0,0,0,0,0,0,0,0,0,0,0,0,0,2,0,0
5509118,0,0,0,0,0,0,0,0,0,0,0,0,0,0,0,2,0,0
5509128,0,0,0,0,0,0,0,0,0,0,0,0,0,0,0,2,0,0
5509138,0,0,0,0,0,0,0,0,0,0,0,0,0,0,0,2,0,0
5509148,0,0,0,0,0,0,0,0,0,0,0,0,0,0,0,2,0,0
5509158,0,0,0,0,0,0,0,0,0,0,0,0,0,0,0,2,0,0
5509168,0,0,0,0,0,0,0,0,0,0,0,0,0,0,0,2,0,0
5509178,0,0,0,0,0,0,0,0,0,0,0,0,0,0,0,2,0,0
5509188,0,0,0,0,0,0,0,0,0,0,0,0,0,0,0,2,0,0
5509198,0,0,0,0,0,0,0,0,0,0,0,0,0,0,0,2,0,0
5509208,0,0,0,0,0,0,0,0,0,0,0,0,0,0,0,2,0,0
5509218,0,0,0,0,0,0,0,0,0,0,0,0,0,0,0,2,0,0
5509228,0,0,0,0,0,0,0,0,0,0,0,0,0,0,0,2,0,0
5509238,0,0,0,0,0,0,0,0,0,0,0,0,0,0,0,2,0,0
5509248,0,0,0,0,0,0,0,0,0,0,0,0,0,0,0,2,0,0
5509258,0,0,0,0,0,0,0,0,0,0,0,0,0,0,0,2,0,0
5509268,0,0,0,0,0,0,0,0,0,0,0,0,0,0,0,2,0,0
5509278,0,0,0,0,0,0,0,0,0,0,0,0,0,0,0,2,0,0
5509288,0,0,0,0,0,0,0,0,0,0,0,0,0,0,0,2,0,0
5509298,0,0,0,0,0,0,0,0,0,0,0,0,0,0,0,2,0,0
5509308,0,0,0,0,0,0,0,0,0,0,0,0,0,0,0,2,0,0
5509318,0,0,0,0,0,0,0,0,0,0,0,0,0,0,0,2,0,0
5509328,0,0,0,0,0,0,0,0,0,0,0,0,0,0,0,2,0,0
5509338,0,0,0,0,0,0,0,0,0,0,0,0,0,0,0,2,0,0
5509348,0,0,0,0,0,0,0,0,0,0,0,0,0,0,0,2,0,0
5509358,0,0,0,0,0,0,0,0,0,0,0,0,0,0,0,2,0,0
5509368,0,0,0,0,0,0,0,0,0,0,0,0,0,0,0,2,0,0
5509378,0,0,0,0,0,0,0,0,0,0,0,0,0,0,0,2,0,0
5509388,0,0,0,0,0,0,0,0,0,0,0,0,0,0,0,2,0,0
5509398,0,0,0,0,0,0,0,0,0,0,0,0,0,0,0,2,0,0
5509408,0,0,0,0,0,0,0,0,0,0,0,0,0,0,0,2,0,0
5509418,0,0,0,0,0,0,0,0,0,0,0,0,0,0,0,2,0,0
5509428,0,0,0,0,0,0,0,0,0,0,0,0,0,0,0,2,0,0
5509438,0,0,0,0,0,0,0,0,0,0,0,0,0,0,0,2,0,0
5509448,0,0,0,0,0,0,0,0,0,0,0,0,0,0,0,2,0,0
5509458,0,0,0,0,0,0,0,0,0,0,0,0,0,0,0,2,0,0
5509468,0,0,0,0,0,0,0,0,0,0,0,0,0,0,0,2,0,0
5509478,0,0,0,0,0,0,0,0,0,0,0,0,0,0,0,2,0,0
5509488,0,0,0,0,0,0,0,0,0,0,0,0,0,0,0,2,0,0
5509498,0,0,0,0,0,0,0,0,0,0,0,0,0,0,0,2,0,0
5509508,0,0,0,0,0,0,0,0,0,0,0,0,0,0,0,2,0,0
5509518,0,0,0,0,0,0,0,0,0,0,0,0,0,0,0,2,0,0
5509528,0,0,0,0,0,0,0,0,0,0,0,0,0,0,0,2,0,0
5509538,0,0,0,0,0,0,0,0,0,0,0,0,0,0,0,2,0,0
5509548,0,0,0,0,0,0,0,0,0,0,0,0,0,0,0,2,0,0
5509558,0,0,0,0,0,0,0,0,0,0,0,0,0,0,0,2,0,0
5509568,0,0,0,0,0,0,0,0,0,0,0,0,0,0,0,2,0,0
5509578,0,0,0,0,0,0,0,0,0,0,0,0,0,0,0,2,0,0
5509588,0,0,0,0,0,0,0,0,0,0,0,0,0,0,0,2,0,0
5509598,0,0,0,0,0,0,0,0,0,0,0,0,0,0,0,2,0,0
5509608,0,0,0,0,0,0,0,0,0,0,0,0,0,0,0,2,0,0
5509618,0,0,0,0,0,0,0,0,0,0,0,0,0,0,0,2,0,0
5509628,0,0,0,0,0,0,0,0,0,0,0,0,0,0,0,2,0,0
5509638,0,0,0,0,0,0,0,0,0,0,0,0,0,0,0,2,0,0
5509648,0,0,0,0,0,0,0,0,0,0,0,0,0,0,0,2,0,0
5509658,0,0,0,0,0,0,0,0,0,0,0,0,0,0,0,2,0,0
5509668,0,0,0,0,0,0,0,0,0,0,0,0,0,0,0,2,0,0
5509678,0,0,0,0,0,0,0,0,0,0,0,0,0,0,0,2,0,0
5509688,0,0,0,0,0,0,0,0,0,0,0,0,0,0,0,2,0,0
5509698,0,0,0,0,0,0,0,0,0,0,0,0,0,0,0,2,0,0
5509708,0,0,0,0,0,0,0,0,0,0,0,0,0,0,0,2,0,0
5509718,0,0,0,0,0,0,0,0,0,0,0,0,0,0,0,2,0,0
5509728,0,0,0,0,0,0,0,0,0,0,0,0,0,0,0,2,0,0
5509738,0,0,0,0,0,0,0,0,0,0,0,0,0,0,0,2,0,0
5509748,0,0,0,0,0,0,0,0,0,0,0,0,0,0,0,2,0,0
5509758,0,0,0,0,0,0,0,0,0,0,0,0,0,0,0,2,0,0
5509768,0,0,0,0,0,0,0,0,0,0,0,0,0,0,0,2,0,0
5509778,0,0,0,0,0,0,0,0,0,0,0,0,0,0,0,2,0,0
5509788,0,0,0,0,0,0,0,0,0,0,0,0,0,0,0,2,0,0
5509798,0,0,0,0,0,0,0,0,0,0,0,0,0,0,0,2,0,0
5509808,0,0,0,0,0,0,0,0,0,0,0,0,0,0,0,2,0,0
5509818,0,0,0,0,0,0,0,0,0,0,0,0,0,0,0,2,0,0
5509828,0,0,0,0,0,0,0,0,0,0,0,0,0,0,0,2,0,0
5509838,0,0,0,0,0,0,0,0,0,0,0,0,0,0,0,2,0,0
5509848,0,0,0,0,0,0,0,0,0,0,0,0,0,0,0,2,0,0
5509858,0,0,0,0,0,0,0,0,0,0,0,0,0,0,0,2,0,0
5509868,0,0,0,0,0,0,0,0,0,0,0,0,0,0,0,2,0,0
5509878,0,0,0,0,0,0,0,0,0,0,0,0,0,0,0,2,0,0
5509888,0,0,0,0,0,0,0,0,0,0,0,0,0,0,0,2,0,0
5509898,0,0,0,0,0,0,0,0,0,0,0,0,0,0,0,2,0,0
5509908,0,0,0,0,0,0,0,0,0,0,0,0,0,0,0,2,0,0
5509918,0,0,0,0,0,0,0,0,0,0,0,0,0,0,0,2,0,0
5509928,0,0,0,0,0,0,0,0,0,0,0,0,0,0,0,2,0,0
5509938,0,0,0,0,0,0,0,0,0,0,0,0,0,0,0,2,0,0
5509948,0,0,0,0,0,0,0,0,0,0,0,0,0,0,0,2,0,0
5509958,0,0,0,0,0,0,0,0,0,0,0,0,0,0,0,2,0,0
5509968,0,0,0,0,0,0,0,0,0,0,0,0,0,0,0,2,0,0
5509978,0,0,0,0,0,0,0,0,0,0,0,0,0,0,0,2,0,0
5509988,0,0,0,0,0,0,0,0,0,0,0,0,0,0,0,2,0,0
5509998,0,0,0,0,0,0,0,0,0,0,0,0,0,0,0,2,0,0
5510008,0,0,0,0,0,0,0,0,0,0,0,0,0,0,0,2,0,0
5510018,0,0,0,0,0,0,0,0,0,0,0,0,0,0,0,2,0,0
5510028,0,0,0,0,0,0,0,0,0,0,0,0,0,0,0,2,0,0
5510038,0,0,0,0,0,0,0,0,0,0,0,0,0,0,0,2,0,0
5510048,0,0,0,0,0,0,0,0,0,0,0,0,0,0,0,2,0,0
5510058,0,0,0,0,0,0,0,0,0,0,0,0,0,0,0,2,0,0
5510068,0,0,0,0,0,0,0,0,0,0,0,0,0,0,0,2,0,0
5510078,0,0,0,0,0,0,0,0,0,0,0,0,0,0,0,2,0,0
5510088,0,0,0,0,0,0,0,0,0,0,0,0,0,0,0,2,0,0
5510098,0,0,0,0,0,0,0,0,0,0,0,0,0,0,0,2,0,0
5510108,0,0,0,0,0,0,0,0,0,0,0,0,0,0,0,2,0,0
5510118,0,0,0,0,0,0,0,0,0,0,0,0,0,0,0,2,0,0
5510128,0,0,0,0,0,0,0,0,0,0,0,0,0,0,0,2,0,0
5510138,0,0,0,0,0,0,0,0,0,0,0,0,0,0,0,2,0,0
5510148,0,0,0,0,0,0,0,0,0,0,0,0,0,0,0,2,0,0
5510158,0,0,0,0,0,0,0,0,0,0,0,0,0,0,0,2,0,0
5510168,0,0,0,0,0,0,0,0,0,0,0,0,0,0,0,2,0,0
5510178,0,0,0,0,0,0,0,0,0,0,0,0,0,0,0,2,0,0
5510188,0,0,0,0,0,0,0,0,0,0,0,0,0,0,0,2,0,0
5510198,0,0,0,0,0,0,0,0,0,0,0,0,0,0,0,2,0,0
5510208,0,0,0,0,0,0,0,0,0,0,0,0,0,0,0,2,0,0
5510218,0,0,0,0,0,0,0,0,0,0,0,0,0,0,0,2,0,0
5510228,0,0,0,0,0,0,0,0,0,0,0,0,0,0,0,2,0,0
5510238,0,0,0,0,0,0,0,0,0,0,0,0,0,0,0,2,0,0
5510248,0,0,0,0,0,0,0,0,0,0,0,0,0,0,0,2,0,0
5510258,0,0,0,0,0,0,0,0,0,0,0,0,0,0,0,2,0,0
5510268,0,0,0,0,0,0,0,0,0,0,0,0,0,0,0,2,0,0
5510278,0,0,0,0,0,0,0,0,0,0,0,0,0,0,0,2,0,0
5510288,0,0,0,0,0,0,0,0,0,0,0,0,0,0,0,2,0,0
5510298,0,0,0,0,0,0,0,0,0,0,0,0,0,0,0,2,0,0
5510308,0,0,0,0,0,0,0,0,0,0,0,0,0,0,0,2,0,0
5510318,0,0,0,0,0,0,0,0,0,0,0,0,0,0,0,2,0,0
5510328,0,0,0,0,0,0,0,0,0,0,0,0,0,0,0,2,0,0
5510338,0,0,0,0,0,0,0,0,0,0,0,0,0,0,0,2,0,0
5510348,0,0,0,0,0,0,0,0,0,0,0,0,0,0,0,2,0,0
5510358,0,0,0,0,0,0,0,0,0,0,0,0,0,0,0,2,0,0
5510368,0,0,0,0,0,0,0,0,0,0,0,0,0,0,0,2,0,0
5510378,0,0,0,0,0,0,0,0,0,0,0,0,0,0,0,2,0,0
5510388,0,0,0,0,0,0,0,0,0,0,0,0,0,0,0,2,0,0
5510398,0,0,0,0,0,0,0,0,0,0,0,0,0,0,0,2,0,0
5510408,0,0,0,0,0,0,0,0,0,0,0,0,0,0,0,2,0,0
5510418,0,0,0,0,0,0,0,0,0,0,0,0,0,0,0,2,0,0
5510428,0,0,0,0,0,0,0,0,0,0,0,0,0,0,0,2,0,0
5510438,0,0,0,0,0,0,0,0,0,0,0,0,0,0,0,2,0,0
5510448,0,0,0,0,0,0,0,0,0,0,0,0,0,0,0,2,0,0
5510458,0,0,0,0,0,0,0,0,0,0,0,0,0,0,0,2,0,0
5510468,0,0,0,0,0,0,0,0,0,0,0,0,0,0,0,2,0,0
5510478,0,0,0,0,0,0,0,0,0,0,0,0,0,0,0,2,0,0
5510488,0,0,0,0,0,0,0,0,0,0,0,0,0,0,0,2,0,0
5510498,0,0,0,0,0,0,0,0,0,0,0,0,0,0,0,2,0,0
5510508,0,0,0,0,0,0,0,0,0,0,0,0,0,0,0,2,0,0
5510518,0,0,0,0,0,0,0,0,0,0,0,0,0,0,0,2,0,0
5510528,0,0,0,0,0,0,0,0,0,0,0,0,0,0,0,2,0,0
5510538,0,0,0,0,0,0,0,0,0,0,0,0,0,0,0,2,0,0
5510548,0,0,0,0,0,0,0,0,0,0,0,0,0,0,0,2,0,0
5510558,0,0,0,0,0,0,0,0,0,0,0,0,0,0,0,2,0,0
5510568,0,0,0,0,0,0,0,0,0,0,0,0,0,0,0,2,0,0
5510578,0,0,0,0,0,0,0,0,0,0,0,0,0,0,0,2,0,0
5510588,0,0,0,0,0,0,0,0,0,0,0,0,0,0,0,2,0,0
5510598,0,0,0,0,0,0,0,0,0,0,0,0,0,0,0,2,0,0
5510608,0,0,0,0,0,0,0,0,0,0,0,0,0,0,0,2,0,0
5510618,0,0,0,0,0,0,0,0,0,0,0,0,0,0,0,2,0,0
5510628,0,0,0,0,0,0,0,0,0,0,0,0,0,0,0,2,0,0
5510638,0,0,0,0,0,0,0,0,0,0,0,0,0,0,0,2,0,0
5510648,0,0,0,0,0,0,0,0,0,0,0,0,0,0,0,2,0,0
5510658,0,0,0,0,0,0,0,0,0,0,0,0,0,0,0,2,0,0
5510668,0,0,0,0,0,0,0,0,0,0,0,0,0,0,0,2,0,0
5510678,0,0,0,0,0,0,0,0,0,0,0,0,0,0,0,2,0,0
5510688,0,0,0,0,0,0,0,0,0,0,0,0,0,0,0,2,0,0
5510698,0,0,0,0,0,0,0,0,0,0,0,0,0,0,0,2,0,0
5510708,0,0,0,0,0,0,0,0,0,0,0,0,0,0,0,2,0,0
5510718,0,0,0,0,0,0,0,0,0,0,0,0,0,0,0,2,0,0
5510728,0,0,0,0,0,0,0,0,0,0,0,0,0,0,0,2,0,0
5510738,0,0,0,0,0,0,0,0,0,0,0,0,0,0,0,2,0,0
5510748,0,0,0,0,0,0,0,0,0,0,0,0,0,0,0,2,0,0
5510758,0,0,0,0,0,0,0,0,0,0,0,0,0,0,0,2,0,0
5510768,0,0,0,0,0,0,0,0,0,0,0,0,0,0,0,2,0,0
5510778,0,0,0,0,0,0,0,0,0,0,0,0,0,0,0,2,0,0
5510788,0,0,0,0,0,0,0,0,0,0,0,0,0,0,0,2,0,0
5510798,0,0,0,0,0,0,0,0,0,0,0,0,0,0,0,2,0,0
5510808,0,0,0,0,0,0,0,0,0,0,0,0,0,0,0,2,0,0
5510818,0,0,0,0,0,0,0,0,0,0,0,0,0,0,0,2,0,0
5510828,0,0,0,0,0,0,0,0,0,0,0,0,0,0,0,2,0,0
5510838,0,0,0,0,0,0,0,0,0,0,0,0,0,0,0,2,0,0
5510848,0,0,0,0,0,0,0,0,0,0,0,0,0,0,0,2,0,0
5510858,0,0,0,0,0,0,0,0,0,0,0,0,0,0,0,2,0,0
5510868,0,0,0,0,0,0,0,0,0,0,0,0,0,0,0,2,0,0
5510879,0,0,0,0,0,0,0,0,0,0,0,0,0,0,0,2,0,0
5510888,0,0,0,0,0,0,0,0,0,0,0,0,0,0,0,2,0,0
5510898,0,0,0,0,0,0,0,0,0,0,0,0,0,0,0,2,0,0
5510908,0,0,0,0,0,0,0,0,0,0,0,0,0,0,0,2,0,0
5510918,0,0,0,0,0,0,0,0,0,0,0,0,0,0,0,2,0,0
5510928,0,0,0,0,0,0,0,0,0,0,0,0,0,0,0,2,0,0
5510938,0,0,0,0,0,0,0,0,0,0,0,0,0,0,0,2,0,0
5510948,0,0,0,0,0,0,0,0,0,0,0,0,0,0,0,2,0,0
5510958,0,0,0,0,0,0,0,0,0,0,0,0,0,0,0,2,0,0
5510968,0,0,0,0,0,0,0,0,0,0,0,0,0,0,0,2,0,0
5510978,0,0,0,0,0,0,0,0,0,0,0,0,0,0,0,2,0,0
5510988,0,0,0,0,0,0,0,0,0,0,0,0,0,0,0,2,0,0
5510998,0,0,0,0,0,0,0,0,0,0,0,0,0,0,0,2,0,0
5511008,0,0,0,0,0,0,0,0,0,0,0,0,0,0,0,2,0,0
5511018,0,0,0,0,0,0,0,0,0,0,0,0,0,0,0,2,0,0
5511028,0,0,0,0,0,0,0,0,0,0,0,0,0,0,0,2,0,0
5511038,0,0,0,0,0,0,0,0,0,0,0,0,0,0,0,2,0,0
5511048,0,0,0,0,0,0,0,0,0,0,0,0,0,0,0,2,0,0
5511058,0,0,0,0,0,0,0,0,0,0,0,0,0,0,0,2,0,0
5511068,0,0,0,0,0,0,0,0,0,0,0,0,0,0,0,2,0,0
5511078,0,0,0,0,0,0,0,0,0,0,0,0,0,0,0,2,0,0
5511088,0,0,0,0,0,0,0,0,0,0,0,0,0,0,0,2,0,0
5511098,0,0,0,0,0,0,0,0,0,0,0,0,0,0,0,2,0,0
5511108,0,0,0,0,0,0,0,0,0,0,0,0,0,0,0,2,0,0
5511118,0,0,0,0,0,0,0,0,0,0,0,0,0,0,0,2,0,0
5511128,0,0,0,0,0,0,0,0,0,0,0,0,0,0,0,2,0,0
5511138,0,0,0,0,0,0,0,0,0,0,0,0,0,0,0,2,0,0
5511148,0,0,0,0,0,0,0,0,0,0,0,0,0,0,0,2,0,0
5511158,0,0,0,0,0,0,0,0,0,0,0,0,0,0,0,2,0,0
5511168,0,0,0,0,0,0,0,0,0,0,0,0,0,0,0,2,0,0
5511178,0,0,0,0,0,0,0,0,0,0,0,0,0,0,0,2,0,0
5511188,0,0,0,0,0,0,0,0,0,0,0,0,0,0,0,2,0,0
5511198,0,0,0,0,0,0,0,0,0,0,0,0,0,0,0,2,0,0
5511208,0,0,0,0,0,0,0,0,0,0,0,0,0,0,0,2,0,0
5511218,0,0,0,0,0,0,0,0,0,0,0,0,0,0,0,2,0,0
5511228,0,0,0,0,0,0,0,0,0,0,0,0,0,0,0,2,0,0
5511238,0,0,0,0,0,0,0,0,0,0,0,0,0,0,0,2,0,0
5511248,0,0,0,0,0,0,0,0,0,0,0,0,0,0,0,2,0,0
5511258,0,0,0,0,0,0,0,0,0,0,0,0,0,0,0,2,0,0
5511268,0,0,0,0,0,0,0,0,0,0,0,0,0,0,0,2,0,0
5511278,0,0,0,0,0,0,0,0,0,0,0,0,0,0,0,2,0,0
5511288,0,0,0,0,0,0,0,0,0,0,0,0,0,0,0,2,0,0
5511298,0,0,0,0,0,0,0,0,0,0,0,0,0,0,0,2,0,0
5511308,0,0,0,0,0,0,0,0,0,0,0,0,0,0,0,2,0,0
5511318,0,0,0,0,0,0,0,0,0,0,0,0,0,0,0,2,0,0
5511328,0,0,0,0,0,0,0,0,0,0,0,0,0,0,0,2,0,0
5511338,0,0,0,0,0,0,0,0,0,0,0,0,0,0,0,2,0,0
5511348,0,0,0,0,0,0,0,0,0,0,0,0,0,0,0,2,0,0
5511358,0,0,0,0,0,0,0,0,0,0,0,0,0,0,0,2,0,0
5511368,0,0,0,0,0,0,0,0,0,0,0,0,0,0,0,2,0,0
5511378,0,0,0,0,0,0,0,0,0,0,0,0,0,0,0,2,0,0
5511388,0,0,0,0,0,0,0,0,0,0,0,0,0,0,0,2,0,0
5511398,0,0,0,0,0,0,0,0,0,0,0,0,0,0,0,2,0,0
5511408,0,0,0,0,0,0,0,0,0,0,0,0,0,0,0,2,0,0
5511418,0,0,0,0,0,0,0,0,0,0,0,0,0,0,0,2,0,0
5511428,0,0,0,0,0,0,0,0,0,0,0,0,0,0,0,2,0,0
5511438,0,0,0,0,0,0,0,0,0,0,0,0,0,0,0,2,0,0
5511448,0,0,0,0,0,0,0,0,0,0,0,0,0,0,0,2,0,0
5511458,0,0,0,0,0,0,0,0,0,0,0,0,0,0,0,2,0,0
5511468,0,0,0,0,0,0,0,0,0,0,0,0,0,0,0,2,0,0
5511478,0,0,0,0,0,0,0,0,0,0,0,0,0,0,0,2,0,0
5511488,0,0,0,0,0,0,0,0,0,0,0,0,0,0,0,2,0,0
5511498,0,0,0,0,0,0,0,0,0,0,0,0,0,0,0,2,0,0
5511508,0,0,0,0,0,0,0,0,0,0,0,0,0,0,0,2,0,0
5511518,0,0,0,0,0,0,0,0,0,0,0,0,0,0,0,2,0,0
5511528,0,0,0,0,0,0,0,0,0,0,0,0,0,0,0,2,0,0
5511538,0,0,0,0,0,0,0,0,0,0,0,0,0,0,0,2,0,0
5511548,0,0,0,0,0,0,0,0,0,0,0,0,0,0,0,2,0,0
5511558,0,0,0,0,0,0,0,0,0,0,0,0,0,0,0,2,0,0
5511568,0,0,0,0,0,0,0,0,0,0,0,0,0,0,0,2,0,0
5511578,0,0,0,0,0,0,0,0,0,0,0,0,0,0,0,2,0,0
5511588,0,0,0,0,0,0,0,0,0,0,0,0,0,0,0,2,0,0
5511598,0,0,0,0,0,0,0,0,0,0,0,0,0,0,0,2,0,0
5511608,0,0,0,0,0,0,0,0,0,0,0,0,0,0,0,2,0,0
5511618,0,0,0,0,0,0,0,0,0,0,0,0,0,0,0,2,0,0
5511628,0,0,0,0,0,0,0,0,0,0,0,0,0,0,0,2,0,0
5511638,0,0,0,0,0,0,0,0,0,0,0,0,0,0,0,2,0,0
5511648,0,0,0,0,0,0,0,0,0,0,0,0,0,0,0,2,0,0
5511658,0,0,0,0,0,0,0,0,0,0,0,0,0,0,0,2,0,0
5511669,0,0,0,0,0,0,0,0,0,0,0,0,0,0,0,2,0,0
5511678,0,0,0,0,0,0,0,0,0,0,0,0,0,0,0,2,0,0
5511688,0,0,0,0,0,0,0,0,0,0,0,0,0,0,0,2,0,0
5511701,0,0,0,0,0,0,0,0,0,0,0,0,0,0,0,2,0,0
5511708,0,0,0,0,0,0,0,0,0,0,0,0,0,0,0,2,0,0
5511718,0,0,0,0,0,0,0,0,0,0,0,0,0,0,0,2,0,0
5511728,0,0,0,0,0,0,0,0,0,0,0,0,0,0,0,2,0,0
5511738,0,0,0,0,0,0,0,0,0,0,0,0,0,0,0,2,0,0
5511748,0,0,0,0,0,0,0,0,0,0,0,0,0,0,0,2,0,0
5511758,0,0,0,0,0,0,0,0,0,0,0,0,0,0,0,2,0,0
5511768,0,0,0,0,0,0,0,0,0,0,0,0,0,0,0,2,0,0
5511778,0,0,0,0,0,0,0,0,0,0,0,0,0,0,0,2,0,0
5511788,0,0,0,0,0,0,0,0,0,0,0,0,0,0,0,2,0,0
5511798,0,0,0,0,0,0,0,0,0,0,0,0,0,0,0,2,0,0
5511807,0,0,0,0,0,0,0,0,0,0,0,0,0,0,0,2,0,0
5511817,0,0,0,0,0,0,0,0,0,0,0,0,0,0,0,2,0,0
5511827,0,0,0,0,0,0,0,0,0,0,0,0,0,0,0,2,0,0
5511837,0,0,0,0,0,0,0,0,0,0,0,0,0,0,0,2,0,0
5511847,0,0,0,0,0,0,0,0,0,0,0,0,0,0,0,2,0,0
5511857,0,0,0,0,0,0,0,0,0,0,0,0,0,0,0,2,0,0
5511867,0,0,0,0,0,0,0,0,0,0,0,0,0,0,0,2,0,0
5511877,0,0,0,0,0,0,0,0,0,0,0,0,0,0,0,2,0,0
5511887,0,0,0,0,0,0,0,0,0,0,0,0,0,0,0,2,0,0
5511897,0,0,0,0,0,0,0,0,0,0,0,0,0,0,0,2,0,0
5511907,0,0,0,0,0,0,0,0,0,0,0,0,0,0,0,2,0,0
5511917,0,0,0,0,0,0,0,0,0,0,0,0,0,0,0,2,0,0
5511927,0,0,0,0,0,0,0,0,0,0,0,0,0,0,0,2,0,0
5511937,0,0,0,0,0,0,0,0,0,0,0,0,0,0,0,2,0,0
5511947,0,0,0,0,0,0,0,0,0,0,0,0,0,0,0,2,0,0
5511957,0,0,0,0,0,0,0,0,0,0,0,0,0,0,0,2,0,0
5511967,0,0,0,0,0,0,0,0,0,0,0,0,0,0,0,2,0,0
5511977,0,0,0,0,0,0,0,0,0,0,0,0,0,0,0,2,0,0
5511987,0,0,0,0,0,0,0,0,0,0,0,0,0,0,0,2,0,0
5511997,0,0,0,0,0,0,0,0,0,0,0,0,0,0,0,2,0,0
5512007,0,0,0,0,0,0,0,0,0,0,0,0,0,0,0,2,0,0
5512017,0,0,0,0,0,0,0,0,0,0,0,0,0,0,0,2,0,0
5512027,0,0,0,0,0,0,0,0,0,0,0,0,0,0,0,2,0,0
5512037,0,0,0,0,0,0,0,0,0,0,0,0,0,0,0,2,0,0
5512047,0,0,0,0,0,0,0,0,0,0,0,0,0,0,0,2,0,0
5512057,0,0,0,0,0,0,0,0,0,0,0,0,0,0,0,2,0,0
5512067,0,0,0,0,0,0,0,0,0,0,0,0,0,0,0,2,0,0
5512077,0,0,0,0,0,0,0,0,0,0,0,0,0,0,0,2,0,0
5512087,0,0,0,0,0,0,0,0,0,0,0,0,0,0,0,2,0,0
5512097,0,0,0,0,0,0,0,0,0,0,0,0,0,0,0,2,0,0
5512107,0,0,0,0,0,0,0,0,0,0,0,0,0,0,0,2,0,0
5512117,0,0,0,0,0,0,0,0,0,0,0,0,0,0,0,2,0,0
5512127,0,0,0,0,0,0,0,0,0,0,0,0,0,0,0,2,0,0
5512137,0,0,0,0,0,0,0,0,0,0,0,0,0,0,0,2,0,0
5512147,0,0,0,0,0,0,0,0,0,0,0,0,0,0,0,2,0,0
5512157,0,0,0,0,0,0,0,0,0,0,0,0,0,0,0,2,0,0
5512167,0,0,0,0,0,0,0,0,0,0,0,0,0,0,0,2,0,0
5512177,0,0,0,0,0,0,0,0,0,0,0,0,0,0,0,2,0,0
5512187,0,0,0,0,0,0,0,0,0,0,0,0,0,0,0,2,0,0
5512197,0,0,0,0,0,0,0,0,0,0,0,0,0,0,0,2,0,0
5512207,0,0,0,0,0,0,0,0,0,0,0,0,0,0,0,2,0,0
5512217,0,0,0,0,0,0,0,0,0,0,0,0,0,0,0,2,0,0
5512227,0,0,0,0,0,0,0,0,0,0,0,0,0,0,0,2,0,0
5512237,0,0,0,0,0,0,0,0,0,0,0,0,0,0,0,2,0,0
5512247,0,0,0,0,0,0,0,0,0,0,0,0,0,0,0,2,0,0
5512257,0,0,0,0,0,0,0,0,0,0,0,0,0,0,0,2,0,0
5512267,0,0,0,0,0,0,0,0,0,0,0,0,0,0,0,2,0,0
5512277,0,0,0,0,0,0,0,0,0,0,0,0,0,0,0,2,0,0
5512287,0,0,0,0,0,0,0,0,0,0,0,0,0,0,0,2,0,0
5512297,0,0,0,0,0,0,0,0,0,0,0,0,0,0,0,2,0,0
5512307,0,0,0,0,0,0,0,0,0,0,0,0,0,0,0,2,0,0
5512317,0,0,0,0,0,0,0,0,0,0,0,0,0,0,0,2,0,0
5512327,0,0,0,0,0,0,0,0,0,0,0,0,0,0,0,2,0,0
5512337,0,0,0,0,0,0,0,0,0,0,0,0,0,0,0,2,0,0
5512347,0,0,0,0,0,0,0,0,0,0,0,0,0,0,0,2,0,0
5512357,0,0,0,0,0,0,0,0,0,0,0,0,0,0,0,2,0,0
5512367,0,0,0,0,0,0,0,0,0,0,0,0,0,0,0,2,0,0
5512377,0,0,0,0,0,0,0,0,0,0,0,0,0,0,0,2,0,0
5512387,0,0,0,0,0,0,0,0,0,0,0,0,0,0,0,2,0,0
5512397,0,0,0,0,0,0,0,0,0,0,0,0,0,0,0,2,0,0
5512407,0,0,0,0,0,0,0,0,0,0,0,0,0,0,0,2,0,0
5512417,0,0,0,0,0,0,0,0,0,0,0,0,0,0,0,2,0,0
5512427,0,0,0,0,0,0,0,0,0,0,0,0,0,0,0,2,0,0
5512437,0,0,0,0,0,0,0,0,0,0,0,0,0,0,0,2,0,0
5512447,0,0,0,0,0,0,0,0,0,0,0,0,0,0,0,2,0,0
5512457,0,0,0,0,0,0,0,0,0,0,0,0,0,0,0,2,0,0
5512467,0,0,0,0,0,0,0,0,0,0,0,0,0,0,0,2,0,0
5512477,0,0,0,0,0,0,0,0,0,0,0,0,0,0,0,2,0,0
5512487,0,0,0,0,0,0,0,0,0,0,0,0,0,0,0,2,0,0
5512497,0,0,0,0,0,0,0,0,0,0,0,0,0,0,0,2,0,0
5512507,0,0,0,0,0,0,0,0,0,0,0,0,0,0,0,2,0,0
5512517,0,0,0,0,0,0,0,0,0,0,0,0,0,0,0,2,0,0
5512527,0,0,0,0,0,0,0,0,0,0,0,0,0,0,0,2,0,0
5512537,0,0,0,0,0,0,0,0,0,0,0,0,0,0,0,2,0,0
5512547,0,0,0,0,0,0,0,0,0,0,0,0,0,0,0,2,0,0
5512557,0,0,0,0,0,0,0,0,0,0,0,0,0,0,0,2,0,0
5512567,0,0,0,0,0,0,0,0,0,0,0,0,0,0,0,2,0,0
5512577,0,0,0,0,0,0,0,0,0,0,0,0,0,0,0,2,0,0
5512587,0,0,0,0,0,0,0,0,0,0,0,0,0,0,0,2,0,0
5512597,0,0,0,0,0,0,0,0,0,0,0,0,0,0,0,2,0,0
5512607,0,0,0,0,0,0,0,0,0,0,0,0,0,0,0,2,0,0
5512617,0,0,0,0,0,0,0,0,0,0,0,0,0,0,0,2,0,0
5512627,0,0,0,0,0,0,0,0,0,0,0,0,0,0,0,2,0,0
5512637,0,0,0,0,0,0,0,0,0,0,0,0,0,0,0,2,0,0
5512647,0,0,0,0,0,0,0,0,0,0,0,0,0,0,0,2,0,0
5512657,0,0,0,0,0,0,0,0,0,0,0,0,0,0,0,2,0,0
5512667,0,0,0,0,0,0,0,0,0,0,0,0,0,0,0,2,0,0
5512677,0,0,0,0,0,0,0,0,0,0,0,0,0,0,0,2,0,0
5512687,0,0,0,0,0,0,0,0,0,0,0,0,0,0,0,2,0,0
5512697,0,0,0,0,0,0,0,0,0,0,0,0,0,0,0,2,0,0
5512707,0,0,0,0,0,0,0,0,0,0,0,0,0,0,0,2,0,0
5512717,0,0,0,0,0,0,0,0,0,0,0,0,0,0,0,2,0,0
5512727,0,0,0,0,0,0,0,0,0,0,0,0,0,0,0,2,0,0
5512737,0,0,0,0,0,0,0,0,0,0,0,0,0,0,0,2,0,0
5512747,0,0,0,0,0,0,0,0,0,0,0,0,0,0,0,2,0,0
5512757,0,0,0,0,0,0,0,0,0,0,0,0,0,0,0,2,0,0
5512767,0,0,0,0,0,0,0,0,0,0,0,0,0,0,0,2,0,0
5512777,0,0,0,0,0,0,0,0,0,0,0,0,0,0,0,2,0,0
5512787,0,0,0,0,0,0,0,0,0,0,0,0,0,0,0,2,0,0
5512797,0,0,0,0,0,0,0,0,0,0,0,0,0,0,0,2,0,0
5512807,0,0,0,0,0,0,0,0,0,0,0,0,0,0,0,2,0,0
5512817,0,0,0,0,0,0,0,0,0,0,0,0,0,0,0,2,0,0
5512827,0,0,0,0,0,0,0,0,0,0,0,0,0,0,0,2,0,0
5512837,0,0,0,0,0,0,0,0,0,0,0,0,0,0,0,2,0,0
5512847,0,0,0,0,0,0,0,0,0,0,0,0,0,0,0,2,0,0
5512857,0,0,0,0,0,0,0,0,0,0,0,0,0,0,0,2,0,0
5512867,0,0,0,0,0,0,0,0,0,0,0,0,0,0,0,2,0,0
5512877,0,0,0,0,0,0,0,0,0,0,0,0,0,0,0,2,0,0
5512887,0,0,0,0,0,0,0,0,0,0,0,0,0,0,0,2,0,0
5512897,0,0,0,0,0,0,0,0,0,0,0,0,0,0,0,2,0,0
5512907,0,0,0,0,0,0,0,0,0,0,0,0,0,0,0,2,0,0
5512917,0,0,0,0,0,0,0,0,0,0,0,0,0,0,0,2,0,0
5512927,0,0,0,0,0,0,0,0,0,0,0,0,0,0,0,2,0,0
5512937,0,0,0,0,0,0,0,0,0,0,0,0,0,0,0,2,0,0
5512947,0,0,0,0,0,0,0,0,0,0,0,0,0,0,0,2,0,0
5512957,0,0,0,0,0,0,0,0,0,0,0,0,0,0,0,2,0,0
5512967,0,0,0,0,0,0,0,0,0,0,0,0,0,0,0,2,0,0
5512977,0,0,0,0,0,0,0,0,0,0,0,0,0,0,0,2,0,0
5512987,0,0,0,0,0,0,0,0,0,0,0,0,0,0,0,2,0,0
5512997,0,0,0,0,0,0,0,0,0,0,0,0,0,0,0,2,0,0
5513007,0,0,0,0,0,0,0,0,0,0,0,0,0,0,0,2,0,0
5513017,0,0,0,0,0,0,0,0,0,0,0,0,0,0,0,2,0,0
5513027,0,0,0,0,0,0,0,0,0,0,0,0,0,0,0,2,0,0
5513037,0,0,0,0,0,0,0,0,0,0,0,0,0,0,0,2,0,0
5513047,0,0,0,0,0,0,0,0,0,0,0,0,0,0,0,2,0,0
5513057,0,0,0,0,0,0,0,0,0,0,0,0,0,0,0,2,0,0
5513067,0,0,0,0,0,0,0,0,0,0,0,0,0,0,0,2,0,0
5513077,0,0,0,0,0,0,0,0,0,0,0,0,0,0,0,2,0,0
5513087,0,0,0,0,0,0,0,0,0,0,0,0,0,0,0,2,0,0
5513097,0,0,0,0,0,0,0,0,0,0,0,0,0,0,0,2,0,0
5513107,0,0,0,0,0,0,0,0,0,0,0,0,0,0,0,2,0,0
5513117,0,0,0,0,0,0,0,0,0,0,0,0,0,0,0,2,0,0
5513127,0,0,0,0,0,0,0,0,0,0,0,0,0,0,0,2,0,0
5513137,0,0,0,0,0,0,0,0,0,0,0,0,0,0,0,2,0,0
5513147,0,0,0,0,0,0,0,0,0,0,0,0,0,0,0,2,0,0
5513157,0,0,0,0,0,0,0,0,0,0,0,0,0,0,0,2,0,0
5513167,0,0,0,0,0,0,0,0,0,0,0,0,0,0,0,2,0,0
5513177,0,0,0,0,0,0,0,0,0,0,0,0,0,0,0,2,0,0
5513187,0,0,0,0,0,0,0,0,0,0,0,0,0,0,0,2,0,0
5513197,0,0,0,0,0,0,0,0,0,0,0,0,0,0,0,2,0,0
5513207,0,0,0,0,0,0,0,0,0,0,0,0,0,0,0,2,0,0
5513217,0,0,0,0,0,0,0,0,0,0,0,0,0,0,0,2,0,0
5513227,0,0,0,0,0,0,0,0,0,0,0,0,0,0,0,2,0,0
5513237,0,0,0,0,0,0,0,0,0,0,0,0,0,0,0,2,0,0
5513247,0,0,0,0,0,0,0,0,0,0,0,0,0,0,0,2,0,0
5513257,0,0,0,0,0,0,0,0,0,0,0,0,0,0,0,2,0,0
5513267,0,0,0,0,0,0,0,0,0,0,0,0,0,0,0,2,0,0
5513277,0,0,0,0,0,0,0,0,0,0,0,0,0,0,0,2,0,0
5513287,0,0,0,0,0,0,0,0,0,0,0,0,0,0,0,2,0,0
5513297,0,0,0,0,0,0,0,0,0,0,0,0,0,0,0,2,0,0
5513307,0,0,0,0,0,0,0,0,0,0,0,0,0,0,0,2,0,0
5513317,0,0,0,0,0,0,0,0,0,0,0,0,0,0,0,2,0,0
5513327,0,0,0,0,0,0,0,0,0,0,0,0,0,0,0,2,0,0
5513337,0,0,0,0,0,0,0,0,0,0,0,0,0,0,0,2,0,0
5513347,0,0,0,0,0,0,0,0,0,0,0,0,0,0,0,2,0,0
5513357,0,0,0,0,0,0,0,0,0,0,0,0,0,0,0,2,0,0
5513367,0,0,0,0,0,0,0,0,0,0,0,0,0,0,0,2,0,0
5513377,0,0,0,0,0,0,0,0,0,0,0,0,0,0,0,2,0,0
5513387,0,0,0,0,0,0,0,0,0,0,0,0,0,0,0,2,0,0
5513397,0,0,0,0,0,0,0,0,0,0,0,0,0,0,0,2,0,0
5513407,0,0,0,0,0,0,0,0,0,0,0,0,0,0,0,2,0,0
5513417,0,0,0,0,0,0,0,0,0,0,0,0,0,0,0,2,0,0
5513427,0,0,0,0,0,0,0,0,0,0,0,0,0,0,0,2,0,0
5513437,0,0,0,0,0,0,0,0,0,0,0,0,0,0,0,2,0,0
5513447,0,0,0,0,0,0,0,0,0,0,0,0,0,0,0,2,0,0
5513457,0,0,0,0,0,0,0,0,0,0,0,0,0,0,0,2,0,0
5513467,0,0,0,0,0,0,0,0,0,0,0,0,0,0,0,2,0,0
5513477,0,0,0,0,0,0,0,0,0,0,0,0,0,0,0,2,0,0
5513487,0,0,0,0,0,0,0,0,0,0,0,0,0,0,0,2,0,0
5513497,0,0,0,0,0,0,0,0,0,0,0,0,0,0,0,2,0,0
5513507,0,0,0,0,0,0,0,0,0,0,0,0,0,0,0,2,0,0
5513517,0,0,0,0,0,0,0,0,0,0,0,0,0,0,0,2,0,0
5513527,0,0,0,0,0,0,0,0,0,0,0,0,0,0,0,2,0,0
5513537,0,0,0,0,0,0,0,0,0,0,0,0,0,0,0,2,0,0
5513547,0,0,0,0,0,0,0,0,0,0,0,0,0,0,0,2,0,0
5513557,0,0,0,0,0,0,0,0,0,0,0,0,0,0,0,2,0,0
5513567,0,0,0,0,0,0,0,0,0,0,0,0,0,0,0,2,0,0
5513577,0,0,0,0,0,0,0,0,0,0,0,0,0,0,0,2,0,0
5513587,0,0,0,0,0,0,0,0,0,0,0,0,0,0,0,2,0,0
5513597,0,0,0,0,0,0,0,0,0,0,0,0,0,0,0,2,0,0
5513607,0,0,0,0,0,0,0,0,0,0,0,0,0,0,0,2,0,0
5513617,0,0,0,0,0,0,0,0,0,0,0,0,0,0,0,2,0,0
5513627,0,0,0,0,0,0,0,0,0,0,0,0,0,0,0,2,0,0
5513637,0,0,0,0,0,0,0,0,0,0,0,0,0,0,0,2,0,0
5513647,0,0,0,0,0,0,0,0,0,0,0,0,0,0,0,2,0,0
5513657,0,0,0,0,0,0,0,0,0,0,0,0,0,0,0,2,0,0
5513667,0,0,0,0,0,0,0,0,0,0,0,0,0,0,0,2,0,0
5513677,0,0,0,0,0,0,0,0,0,0,0,0,0,0,0,2,0,0
5513687,0,0,0,0,0,0,0,0,0,0,0,0,0,0,0,2,0,0
5513697,0,0,0,0,0,0,0,0,0,0,0,0,0,0,0,2,0,0
5513707,0,0,0,0,0,0,0,0,0,0,0,0,0,0,0,2,0,0
5513717,0,0,0,0,0,0,0,0,0,0,0,0,0,0,0,2,0,0
5513727,0,0,0,0,0,0,0,0,0,0,0,0,0,0,0,2,0,0
5513737,0,0,0,0,0,0,0,0,0,0,0,0,0,0,0,2,0,0
5513747,0,0,0,0,0,0,0,0,0,0,0,0,0,0,0,2,0,0
5513757,0,0,0,0,0,0,0,0,0,0,0,0,0,0,0,2,0,0
5513767,0,0,0,0,0,0,0,0,0,0,0,0,0,0,0,2,0,0
5513777,0,0,0,0,0,0,0,0,0,0,0,0,0,0,0,2,0,0
5513787,0,0,0,0,0,0,0,0,0,0,0,0,0,0,0,2,0,0
5513797,0,0,0,0,0,0,0,0,0,0,0,0,0,0,0,2,0,0
5513807,0,0,0,0,0,0,0,0,0,0,0,0,0,0,0,2,0,0
5513817,0,0,0,0,0,0,0,0,0,0,0,0,0,0,0,2,0,0
5513827,0,0,0,0,0,0,0,0,0,0,0,0,0,0,0,2,0,0
5513837,0,0,0,0,0,0,0,0,0,0,0,0,0,0,0,2,0,0
5513847,0,0,0,0,0,0,0,0,0,0,0,0,0,0,0,2,0,0
5513857,0,0,0,0,0,0,0,0,0,0,0,0,0,0,0,2,0,0
5513867,0,0,0,0,0,0,0,0,0,0,0,0,0,0,0,2,0,0
5513877,0,0,0,0,0,0,0,0,0,0,0,0,0,0,0,2,0,0
5513887,0,0,0,0,0,0,0,0,0,0,0,0,0,0,0,2,0,0
5513898,0,0,0,0,0,0,0,0,0,0,0,0,0,0,0,2,0,0
5513907,0,0,0,0,0,0,0,0,0,0,0,0,0,0,0,2,0,0
5513917,0,0,0,0,0,0,0,0,0,0,0,0,0,0,0,2,0,0
5513928,0,0,0,0,0,0,0,0,0,0,0,0,0,0,0,2,0,0
5513937,0,0,0,0,0,0,0,0,0,0,0,0,0,0,0,2,0,0
5513947,0,0,0,0,0,0,0,0,0,0,0,0,0,0,0,2,0,0
5513957,0,0,0,0,0,0,0,0,0,0,0,0,0,0,0,2,0,0
5513967,0,0,0,0,0,0,0,0,0,0,0,0,0,0,0,2,0,0
5513977,0,0,0,0,0,0,0,0,0,0,0,0,0,0,0,2,0,0
5513987,0,0,0,0,0,0,0,0,0,0,0,0,0,0,0,2,0,0
5513997,0,0,0,0,0,0,0,0,0,0,0,0,0,0,0,2,0,0
5514007,0,0,0,0,0,0,0,0,0,0,0,0,0,0,0,2,0,0
5514017,0,0,0,0,0,0,0,0,0,0,0,0,0,0,0,2,0,0
5514027,0,0,0,0,0,0,0,0,0,0,0,0,0,0,0,2,0,0
5514037,0,0,0,0,0,0,0,0,0,0,0,0,0,0,0,2,0,0
5514047,0,0,0,0,0,0,0,0,0,0,0,0,0,0,0,2,0,0
5514057,0,0,0,0,0,0,0,0,0,0,0,0,0,0,0,2,0,0
5514067,0,0,0,0,0,0,0,0,0,0,0,0,0,0,0,2,0,0
5514077,0,0,0,0,0,0,0,0,0,0,0,0,0,0,0,2,0,0
5514087,0,0,0,0,0,0,0,0,0,0,0,0,0,0,0,2,0,0
5514097,0,0,0,0,0,0,0,0,0,0,0,0,0,0,0,2,0,0
5514107,0,0,0,0,0,0,0,0,0,0,0,0,0,0,0,2,0,0
5514117,0,0,0,0,0,0,0,0,0,0,0,0,0,0,0,2,0,0
5514127,0,0,0,0,0,0,0,0,0,0,0,0,0,0,0,2,0,0
5514137,0,0,0,0,0,0,0,0,0,0,0,0,0,0,0,2,0,0
5514147,0,0,0,0,0,0,0,0,0,0,0,0,0,0,0,2,0,0
5514157,0,0,0,0,0,0,0,0,0,0,0,0,0,0,0,2,0,0
5514167,0,0,0,0,0,0,0,0,0,0,0,0,0,0,0,2,0,0
5514177,0,0,0,0,0,0,0,0,0,0,0,0,0,0,0,2,0,0
5514187,0,0,0,0,0,0,0,0,0,0,0,0,0,0,0,2,0,0
5514197,0,0,0,0,0,0,0,0,0,0,0,0,0,0,0,2,0,0
5514207,0,0,0,0,0,0,0,0,0,0,0,0,0,0,0,2,0,0
5514217,0,0,0,0,0,0,0,0,0,0,0,0,0,0,0,2,0,0
5514227,0,0,0,0,0,0,0,0,0,0,0,0,0,0,0,2,0,0
5514237,0,0,0,0,0,0,0,0,0,0,0,0,0,0,0,2,0,0
5514247,0,0,0,0,0,0,0,0,0,0,0,0,0,0,0,2,0,0
5514257,0,0,0,0,0,0,0,0,0,0,0,0,0,0,0,2,0,0
5514267,0,0,0,0,0,0,0,0,0,0,0,0,0,0,0,2,0,0
5514277,0,0,0,0,0,0,0,0,0,0,0,0,0,0,0,2,0,0
5514287,0,0,0,0,0,0,0,0,0,0,0,0,0,0,0,2,0,0
5514297,0,0,0,0,0,0,0,0,0,0,0,0,0,0,0,2,0,0
5514307,0,0,0,0,0,0,0,0,0,0,0,0,0,0,0,2,0,0
5514317,0,0,0,0,0,0,0,0,0,0,0,0,0,0,0,2,0,0
5514327,0,0,0,0,0,0,0,0,0,0,0,0,0,0,0,2,0,0
5514337,0,0,0,0,0,0,0,0,0,0,0,0,0,0,0,2,0,0
5514347,0,0,0,0,0,0,0,0,0,0,0,0,0,0,0,2,0,0
5514357,0,0,0,0,0,0,0,0,0,0,0,0,0,0,0,2,0,0
5514367,0,0,0,0,0,0,0,0,0,0,0,0,0,0,0,2,0,0
5514377,0,0,0,0,0,0,0,0,0,0,0,0,0,0,0,2,0,0
5514387,0,0,0,0,0,0,0,0,0,0,0,0,0,0,0,2,0,0
5514397,0,0,0,0,0,0,0,0,0,0,0,0,0,0,0,2,0,0
5514407,0,0,0,0,0,0,0,0,0,0,0,0,0,0,0,2,0,0
5514417,0,0,0,0,0,0,0,0,0,0,0,0,0,0,0,2,0,0
5514427,0,0,0,0,0,0,0,0,0,0,0,0,0,0,0,2,0,0
5514437,0,0,0,0,0,0,0,0,0,0,0,0,0,0,0,2,0,0
5514447,0,0,0,0,0,0,0,0,0,0,0,0,0,0,0,2,0,0
5514457,0,0,0,0,0,0,0,0,0,0,0,0,0,0,0,2,0,0
5514467,0,0,0,0,0,0,0,0,0,0,0,0,0,0,0,2,0,0
5514477,0,0,0,0,0,0,0,0,0,0,0,0,0,0,0,2,0,0
5514487,0,0,0,0,0,0,0,0,0,0,0,0,0,0,0,2,0,0
5514497,0,0,0,0,0,0,0,0,0,0,0,0,0,0,0,2,0,0
5514507,0,0,0,0,0,0,0,0,0,0,0,0,0,0,0,2,0,0
5514517,0,0,0,0,0,0,0,0,0,0,0,0,0,0,0,2,0,0
5514527,0,0,0,0,0,0,0,0,0,0,0,0,0,0,0,2,0,0
5514537,0,0,0,0,0,0,0,0,0,0,0,0,0,0,0,2,0,0
5514547,0,0,0,0,0,0,0,0,0,0,0,0,0,0,0,2,0,0
5514557,0,0,0,0,0,0,0,0,0,0,0,0,0,0,0,2,0,0
5514567,0,0,0,0,0,0,0,0,0,0,0,0,0,0,0,2,0,0
5514577,0,0,0,0,0,0,0,0,0,0,0,0,0,0,0,2,0,0
5514587,0,0,0,0,0,0,0,0,0,0,0,0,0,0,0,2,0,0
5514597,0,0,0,0,0,0,0,0,0,0,0,0,0,0,0,2,0,0
5514607,0,0,0,0,0,0,0,0,0,0,0,0,0,0,0,2,0,0
5514617,0,0,0,0,0,0,0,0,0,0,0,0,0,0,0,2,0,0
5514627,0,0,0,0,0,0,0,0,0,0,0,0,0,0,0,2,0,0
5514637,0,0,0,0,0,0,0,0,0,0,0,0,0,0,0,2,0,0
5514647,0,0,0,0,0,0,0,0,0,0,0,0,0,0,0,2,0,0
5514657,0,0,0,0,0,0,0,0,0,0,0,0,0,0,0,2,0,0
5514667,0,0,0,0,0,0,0,0,0,0,0,0,0,0,0,2,0,0
5514677,0,0,0,0,0,0,0,0,0,0,0,0,0,0,0,2,0,0
5514687,0,0,0,0,0,0,0,0,0,0,0,0,0,0,0,2,0,0
5514697,0,0,0,0,0,0,0,0,0,0,0,0,0,0,0,2,0,0
5514707,0,0,0,0,0,0,0,0,0,0,0,0,0,0,0,2,0,0
5514717,0,0,0,0,0,0,0,0,0,0,0,0,0,0,0,2,0,0
5514727,0,0,0,0,0,0,0,0,0,0,0,0,0,0,0,2,0,0
5514737,0,0,0,0,0,0,0,0,0,0,0,0,0,0,0,2,0,0
5514747,0,0,0,0,0,0,0,0,0,0,0,0,0,0,0,2,0,0
5514757,0,0,0,0,0,0,0,0,0,0,0,0,0,0,0,2,0,0
5514767,0,0,0,0,0,0,0,0,0,0,0,0,0,0,0,2,0,0
5514777,0,0,0,0,0,0,0,0,0,0,0,0,0,0,0,2,0,0
5514787,0,0,0,0,0,0,0,0,0,0,0,0,0,0,0,2,0,0
5514797,0,0,0,0,0,0,0,0,0,0,0,0,0,0,0,2,0,0
5514807,0,0,0,0,0,0,0,0,0,0,0,0,0,0,0,2,0,0
5514817,0,0,0,0,0,0,0,0,0,0,0,0,0,0,0,2,0,0
5514827,0,0,0,0,0,0,0,0,0,0,0,0,0,0,0,2,0,0
5514837,0,0,0,0,0,0,0,0,0,0,0,0,0,0,0,2,0,0
5514847,0,0,0,0,0,0,0,0,0,0,0,0,0,0,0,2,0,0
5514857,0,0,0,0,0,0,0,0,0,0,0,0,0,0,0,2,0,0
5514867,0,0,0,0,0,0,0,0,0,0,0,0,0,0,0,2,0,0
5514877,0,0,0,0,0,0,0,0,0,0,0,0,0,0,0,2,0,0
5514887,0,0,0,0,0,0,0,0,0,0,0,0,0,0,0,2,0,0
5514897,0,0,0,0,0,0,0,0,0,0,0,0,0,0,0,2,0,0
5514907,0,0,0,0,0,0,0,0,0,0,0,0,0,0,0,2,0,0
5514917,0,0,0,0,0,0,0,0,0,0,0,0,0,0,0,2,0,0
5514927,0,0,0,0,0,0,0,0,0,0,0,0,0,0,0,2,0,0
5514937,0,0,0,0,0,0,0,0,0,0,0,0,0,0,0,2,0,0
5514947,0,0,0,0,0,0,0,0,0,0,0,0,0,0,0,2,0,0
5514957,0,0,0,0,0,0,0,0,0,0,0,0,0,0,0,2,0,0
5514967,0,0,0,0,0,0,0,0,0,0,0,0,0,0,0,2,0,0
5514977,0,0,0,0,0,0,0,0,0,0,0,0,0,0,0,2,0,0
5514987,0,0,0,0,0,0,0,0,0,0,0,0,0,0,0,2,0,0
5514997,0,0,0,0,0,0,0,0,0,0,0,0,0,0,0,2,0,0
5515007,0,0,0,0,0,0,0,0,0,0,0,0,0,0,0,2,0,0
5515017,0,0,0,0,0,0,0,0,0,0,0,0,0,0,0,2,0,0
5515027,0,0,0,0,0,0,0,0,0,0,0,0,0,0,0,2,0,0
5515037,0,0,0,0,0,0,0,0,0,0,0,0,0,0,0,2,0,0
5515047,0,0,0,0,0,0,0,0,0,0,0,0,0,0,0,2,0,0
5515057,0,0,0,0,0,0,0,0,0,0,0,0,0,0,0,2,0,0
5515067,0,0,0,0,0,0,0,0,0,0,0,0,0,0,0,2,0,0
5515077,0,0,0,0,0,0,0,0,0,0,0,0,0,0,0,2,0,0
5515087,0,0,0,0,0,0,0,0,0,0,0,0,0,0,0,2,0,0
5515097,0,0,0,0,0,0,0,0,0,0,0,0,0,0,0,2,0,0
5515107,0,0,0,0,0,0,0,0,0,0,0,0,0,0,0,2,0,0
5515117,0,0,0,0,0,0,0,0,0,0,0,0,0,0,0,2,0,0
5515127,0,0,0,0,0,0,0,0,0,0,0,0,0,0,0,2,0,0
5515137,0,0,0,0,0,0,0,0,0,0,0,0,0,0,0,2,0,0
5515147,0,0,0,0,0,0,0,0,0,0,0,0,0,0,0,2,0,0
5515157,0,0,0,0,0,0,0,0,0,0,0,0,0,0,0,2,0,0
5515167,0,0,0,0,0,0,0,0,0,0,0,0,0,0,0,2,0,0
5515177,0,0,0,0,0,0,0,0,0,0,0,0,0,0,0,2,0,0
5515187,0,0,0,0,0,0,0,0,0,0,0,0,0,0,0,2,0,0
5515197,0,0,0,0,0,0,0,0,0,0,0,0,0,0,0,2,0,0
5515207,0,0,0,0,0,0,0,0,0,0,0,0,0,0,0,2,0,0
5515217,0,0,0,0,0,0,0,0,0,0,0,0,0,0,0,2,0,0
5515227,0,0,0,0,0,0,0,0,0,0,0,0,0,0,0,2,0,0
5515237,0,0,0,0,0,0,0,0,0,0,0,0,0,0,0,2,0,0
5515247,0,0,0,0,0,0,0,0,0,0,0,0,0,0,0,2,0,0
5515257,0,0,0,0,0,0,0,0,0,0,0,0,0,0,0,2,0,0
5515267,0,0,0,0,0,0,0,0,0,0,0,0,0,0,0,2,0,0
5515277,0,0,0,0,0,0,0,0,0,0,0,0,0,0,0,2,0,0
5515287,0,0,0,0,0,0,0,0,0,0,0,0,0,0,0,2,0,0
5515297,0,0,0,0,0,0,0,0,0,0,0,0,0,0,0,2,0,0
5515307,0,0,0,0,0,0,0,0,0,0,0,0,0,0,0,2,0,0
5515317,0,0,0,0,0,0,0,0,0,0,0,0,0,0,0,2,0,0
5515327,0,0,0,0,0,0,0,0,0,0,0,0,0,0,0,2,0,0
5515337,0,0,0,0,0,0,0,0,0,0,0,0,0,0,0,2,0,0
5515347,0,0,0,0,0,0,0,0,0,0,0,0,0,0,0,2,0,0
5515357,0,0,0,0,0,0,0,0,0,0,0,0,0,0,0,2,0,0
5515367,0,0,0,0,0,0,0,0,0,0,0,0,0,0,0,2,0,0
5515377,0,0,0,0,0,0,0,0,0,0,0,0,0,0,0,2,0,0
5515387,0,0,0,0,0,0,0,0,0,0,0,0,0,0,0,2,0,0
5515397,0,0,0,0,0,0,0,0,0,0,0,0,0,0,0,2,0,0
5515407,0,0,0,0,0,0,0,0,0,0,0,0,0,0,0,2,0,0
5515417,0,0,0,0,0,0,0,0,0,0,0,0,0,0,0,2,0,0
5515427,0,0,0,0,0,0,0,0,0,0,0,0,0,0,0,2,0,0
5515437,0,0,0,0,0,0,0,0,0,0,0,0,0,0,0,2,0,0
5515447,0,0,0,0,0,0,0,0,0,0,0,0,0,0,0,2,0,0
5515457,0,0,0,0,0,0,0,0,0,0,0,0,0,0,0,2,0,0
5515467,0,0,0,0,0,0,0,0,0,0,0,0,0,0,0,2,0,0
5515477,0,0,0,0,0,0,0,0,0,0,0,0,0,0,0,2,0,0
5515487,0,0,0,0,0,0,0,0,0,0,0,0,0,0,0,2,0,0
5515497,0,0,0,0,0,0,0,0,0,0,0,0,0,0,0,2,0,0
5515507,0,0,0,0,0,0,0,0,0,0,0,0,0,0,0,2,0,0
5515517,0,0,0,0,0,0,0,0,0,0,0,0,0,0,0,2,0,0
5515527,0,0,0,0,0,0,0,0,0,0,0,0,0,0,0,2,0,0
5515537,0,0,0,0,0,0,0,0,0,0,0,0,0,0,0,2,0,0
5515547,0,0,0,0,0,0,0,0,0,0,0,0,0,0,0,2,0,0
5515557,0,0,0,0,0,0,0,0,0,0,0,0,0,0,0,2,0,0
5515567,0,0,0,0,0,0,0,0,0,0,0,0,0,0,0,2,0,0
5515577,0,0,0,0,0,0,0,0,0,0,0,0,0,0,0,2,0,0
5515587,0,0,0,0,0,0,0,0,0,0,0,0,0,0,0,2,0,0
5515597,0,0,0,0,0,0,0,0,0,0,0,0,0,0,0,2,0,0
5515607,0,0,0,0,0,0,0,0,0,0,0,0,0,0,0,2,0,0
5515617,0,0,0,0,0,0,0,0,0,0,0,0,0,0,0,2,0,0
5515628,0,0,0,0,0,0,0,0,0,0,0,0,0,0,0,2,0,0
5515637,0,0,0,0,0,0,0,0,0,0,0,0,0,0,0,2,0,0
5515647,0,0,0,0,0,0,0,0,0,0,0,0,0,0,0,2,0,0
5515657,0,0,0,0,0,0,0,0,0,0,0,0,0,0,0,2,0,0
5515667,0,0,0,0,0,0,0,0,0,0,0,0,0,0,0,2,0,0
5515677,0,0,0,0,0,0,0,0,0,0,0,0,0,0,0,2,0,0
5515687,0,0,0,0,0,0,0,0,0,0,0,0,0,0,0,2,0,0
5515697,0,0,0,0,0,0,0,0,0,0,0,0,0,0,0,2,0,0
5515708,0,0,0,0,0,0,0,0,0,0,0,0,0,0,0,2,0,0
5515717,0,0,0,0,0,0,0,0,0,0,0,0,0,0,0,2,0,0
5515728,0,0,0,0,0,0,0,0,0,0,0,0,0,0,0,2,0,0
5515737,0,0,0,0,0,0,0,0,0,0,0,0,0,0,0,2,0,0
5515747,0,0,0,0,0,0,0,0,0,0,0,0,0,0,0,2,0,0
5515757,0,0,0,0,0,0,0,0,0,0,0,0,0,0,0,2,0,0
5515767,0,0,0,0,0,0,0,0,0,0,0,0,0,0,0,2,0,0
5515777,0,0,0,0,0,0,0,0,0,0,0,0,0,0,0,2,0,0
5515787,0,0,0,0,0,0,0,0,0,0,0,0,0,0,0,2,0,0
5515797,0,0,0,0,0,0,0,0,0,0,0,0,0,0,0,2,0,0
5515807,0,0,0,0,0,0,0,0,0,0,0,0,0,0,0,2,0,0
5515817,0,0,0,0,0,0,0,0,0,0,0,0,0,0,0,2,0,0
5515827,0,0,0,0,0,0,0,0,0,0,0,0,0,0,0,2,0,0
5515837,0,0,0,0,0,0,0,0,0,0,0,0,0,0,0,2,0,0
5515847,0,0,0,0,0,0,0,0,0,0,0,0,0,0,0,2,0,0
5515857,0,0,0,0,0,0,0,0,0,0,0,0,0,0,0,2,0,0
5515867,0,0,0,0,0,0,0,0,0,0,0,0,0,0,0,2,0,0
5515877,0,0,0,0,0,0,0,0,0,0,0,0,0,0,0,2,0,0
5515887,0,0,0,0,0,0,0,0,0,0,0,0,0,0,0,2,0,0
5515897,0,0,0,0,0,0,0,0,0,0,0,0,0,0,0,2,0,0
5515907,0,0,0,0,0,0,0,0,0,0,0,0,0,0,0,2,0,0
5515917,0,0,0,0,0,0,0,0,0,0,0,0,0,0,0,2,0,0
5515927,0,0,0,0,0,0,0,0,0,0,0,0,0,0,0,2,0,0
5515937,0,0,0,0,0,0,0,0,0,0,0,0,0,0,0,2,0,0
5515947,0,0,0,0,0,0,0,0,0,0,0,0,0,0,0,2,0,0
5515957,0,0,0,0,0,0,0,0,0,0,0,0,0,0,0,2,0,0
5515967,0,0,0,0,0,0,0,0,0,0,0,0,0,0,0,2,0,0
5515977,0,0,0,0,0,0,0,0,0,0,0,0,0,0,0,2,0,0
5515987,0,0,0,0,0,0,0,0,0,0,0,0,0,0,0,2,0,0
5515997,0,0,0,0,0,0,0,0,0,0,0,0,0,0,0,2,0,0
5516007,0,0,0,0,0,0,0,0,0,0,0,0,0,0,0,2,0,0
5516017,0,0,0,0,0,0,0,0,0,0,0,0,0,0,0,2,0,0
5516027,0,0,0,0,0,0,0,0,0,0,0,0,0,0,0,2,0,0
5516037,0,0,0,0,0,0,0,0,0,0,0,0,0,0,0,2,0,0
5516047,0,0,0,0,0,0,0,0,0,0,0,0,0,0,0,2,0,0
5516057,0,0,0,0,0,0,0,0,0,0,0,0,0,0,0,2,0,0
5516067,0,0,0,0,0,0,0,0,0,0,0,0,0,0,0,2,0,0
5516077,0,0,0,0,0,0,0,0,0,0,0,0,0,0,0,2,0,0
5516087,0,0,0,0,0,0,0,0,0,0,0,0,0,0,0,2,0,0
5516097,0,0,0,0,0,0,0,0,0,0,0,0,0,0,0,2,0,0
5516107,0,0,0,0,0,0,0,0,0,0,0,0,0,0,0,2,0,0
5516117,0,0,0,0,0,0,0,0,0,0,0,0,0,0,0,2,0,0
5516127,0,0,0,0,0,0,0,0,0,0,0,0,0,0,0,2,0,0
5516137,0,0,0,0,0,0,0,0,0,0,0,0,0,0,0,2,0,0
5516147,0,0,0,0,0,0,0,0,0,0,0,0,0,0,0,2,0,0
5516157,0,0,0,0,0,0,0,0,0,0,0,0,0,0,0,2,0,0
5516167,0,0,0,0,0,0,0,0,0,0,0,0,0,0,0,2,0,0
5516177,0,0,0,0,0,0,0,0,0,0,0,0,0,0,0,2,0,0
5516187,0,0,0,0,0,0,0,0,0,0,0,0,0,0,0,2,0,0
5516197,0,0,0,0,0,0,0,0,0,0,0,0,0,0,0,2,0,0
5516207,0,0,0,0,0,0,0,0,0,0,0,0,0,0,0,2,0,0
5516217,0,0,0,0,0,0,0,0,0,0,0,0,0,0,0,2,0,0
5516227,0,0,0,0,0,0,0,0,0,0,0,0,0,0,0,2,0,0
5516237,0,0,0,0,0,0,0,0,0,0,0,0,0,0,0,2,0,0
5516247,0,0,0,0,0,0,0,0,0,0,0,0,0,0,0,2,0,0
5516257,0,0,0,0,0,0,0,0,0,0,0,0,0,0,0,2,0,0
5516267,0,0,0,0,0,0,0,0,0,0,0,0,0,0,0,2,0,0
5516277,0,0,0,0,0,0,0,0,0,0,0,0,0,0,0,2,0,0
5516287,0,0,0,0,0,0,0,0,0,0,0,0,0,0,0,2,0,0
5516297,0,0,0,0,0,0,0,0,0,0,0,0,0,0,0,2,0,0
5516307,0,0,0,0,0,0,0,0,0,0,0,0,0,0,0,2,0,0
5516317,0,0,0,0,0,0,0,0,0,0,0,0,0,0,0,2,0,0
5516327,0,0,0,0,0,0,0,0,0,0,0,0,0,0,0,2,0,0
5516337,0,0,0,0,0,0,0,0,0,0,0,0,0,0,0,2,0,0
5516347,0,0,0,0,0,0,0,0,0,0,0,0,0,0,0,2,0,0
5516357,0,0,0,0,0,0,0,0,0,0,0,0,0,0,0,2,0,0
5516367,0,0,0,0,0,0,0,0,0,0,0,0,0,0,0,2,0,0
5516377,0,0,0,0,0,0,0,0,0,0,0,0,0,0,0,2,0,0
5516387,0,0,0,0,0,0,0,0,0,0,0,0,0,0,0,2,0,0
5516397,0,0,0,0,0,0,0,0,0,0,0,0,0,0,0,2,0,0
5516407,0,0,0,0,0,0,0,0,0,0,0,0,0,0,0,2,0,0
5516417,0,0,0,0,0,0,0,0,0,0,0,0,0,0,0,2,0,0
5516427,0,0,0,0,0,0,0,0,0,0,0,0,0,0,0,2,0,0
5516437,0,0,0,0,0,0,0,0,0,0,0,0,0,0,0,2,0,0
5516447,0,0,0,0,0,0,0,0,0,0,0,0,0,0,0,2,0,0
5516457,0,0,0,0,0,0,0,0,0,0,0,0,0,0,0,2,0,0
5516467,0,0,0,0,0,0,0,0,0,0,0,0,0,0,0,2,0,0
5516477,0,0,0,0,0,0,0,0,0,0,0,0,0,0,0,2,0,0
5516487,0,0,0,0,0,0,0,0,0,0,0,0,0,0,0,2,0,0
5516497,0,0,0,0,0,0,0,0,0,0,0,0,0,0,0,2,0,0
5516507,0,0,0,0,0,0,0,0,0,0,0,0,0,0,0,2,0,0
5516517,0,0,0,0,0,0,0,0,0,0,0,0,0,0,0,2,0,0
5516527,0,0,0,0,0,0,0,0,0,0,0,0,0,0,0,2,0,0
5516537,0,0,0,0,0,0,0,0,0,0,0,0,0,0,0,2,0,0
5516547,0,0,0,0,0,0,0,0,0,0,0,0,0,0,0,2,0,0
5516557,0,0,0,0,0,0,0,0,0,0,0,0,0,0,0,2,0,0
5516567,0,0,0,0,0,0,0,0,0,0,0,0,0,0,0,2,0,0
5516577,0,0,0,0,0,0,0,0,0,0,0,0,0,0,0,2,0,0
5516587,0,0,0,0,0,0,0,0,0,0,0,0,0,0,0,2,0,0
5516597,0,0,0,0,0,0,0,0,0,0,0,0,0,0,0,2,0,0
5516607,0,0,0,0,0,0,0,0,0,0,0,0,0,0,0,2,0,0
5516617,0,0,0,0,0,0,0,0,0,0,0,0,0,0,0,2,0,0
5516627,0,0,0,0,0,0,0,0,0,0,0,0,0,0,0,2,0,0
5516637,0,0,0,0,0,0,0,0,0,0,0,0,0,0,0,2,0,0
5516647,0,0,0,0,0,0,0,0,0,0,0,0,0,0,0,2,0,0
5516657,0,0,0,0,0,0,0,0,0,0,0,0,0,0,0,2,0,0
5516667,0,0,0,0,0,0,0,0,0,0,0,0,0,0,0,2,0,0
5516677,0,0,0,0,0,0,0,0,0,0,0,0,0,0,0,2,0,0
5516687,0,0,0,0,0,0,0,0,0,0,0,0,0,0,0,2,0,0
5516697,0,0,0,0,0,0,0,0,0,0,0,0,0,0,0,2,0,0
5516707,0,0,0,0,0,0,0,0,0,0,0,0,0,0,0,2,0,0
5516717,0,0,0,0,0,0,0,0,0,0,0,0,0,0,0,2,0,0
5516727,0,0,0,0,0,0,0,0,0,0,0,0,0,0,0,2,0,0
5516737,0,0,0,0,0,0,0,0,0,0,0,0,0,0,0,2,0,0
5516747,0,0,0,0,0,0,0,0,0,0,0,0,0,0,0,2,0,0
5516757,0,0,0,0,0,0,0,0,0,0,0,0,0,0,0,2,0,0
5516767,0,0,0,0,0,0,0,0,0,0,0,0,0,0,0,2,0,0
5516777,0,0,0,0,0,0,0,0,0,0,0,0,0,0,0,2,0,0
5516787,0,0,0,0,0,0,0,0,0,0,0,0,0,0,0,2,0,0
5516797,0,0,0,0,0,0,0,0,0,0,0,0,0,0,0,2,0,0
5516808,0,0,0,0,0,0,0,0,0,0,0,0,0,0,0,2,0,0
5516818,0,0,0,0,0,0,0,0,0,0,0,0,0,0,0,2,0,0
5516828,0,0,0,0,0,0,0,0,0,0,0,0,0,0,0,2,0,0
5516838,0,0,0,0,0,0,0,0,0,0,0,0,0,0,0,2,0,0
5516848,0,0,0,0,0,0,0,0,0,0,0,0,0,0,0,2,0,0
5516858,0,0,0,0,0,0,0,0,0,0,0,0,0,0,0,2,0,0
5516868,0,0,0,0,0,0,0,0,0,0,0,0,0,0,0,2,0,0
5516878,0,0,0,0,0,0,0,0,0,0,0,0,0,0,0,2,0,0
5516888,0,0,0,0,0,0,0,0,0,0,0,0,0,0,0,2,0,0
5516898,0,0,0,0,0,0,0,0,0,0,0,0,0,0,0,2,0,0
5516908,0,0,0,0,0,0,0,0,0,0,0,0,0,0,0,2,0,0
5516918,0,0,0,0,0,0,0,0,0,0,0,0,0,0,0,2,0,0
5516928,0,0,0,0,0,0,0,0,0,0,0,0,0,0,0,2,0,0
5516938,0,0,0,0,0,0,0,0,0,0,0,0,0,0,0,2,0,0
5516948,0,0,0,0,0,0,0,0,0,0,0,0,0,0,0,2,0,0
5516958,0,0,0,0,0,0,0,0,0,0,0,0,0,0,0,2,0,0
5516968,0,0,0,0,0,0,0,0,0,0,0,0,0,0,0,2,0,0
5516978,0,0,0,0,0,0,0,0,0,0,0,0,0,0,0,2,0,0
5516988,0,0,0,0,0,0,0,0,0,0,0,0,0,0,0,2,0,0
5516998,0,0,0,0,0,0,0,0,0,0,0,0,0,0,0,2,0,0
5517008,0,0,0,0,0,0,0,0,0,0,0,0,0,0,0,2,0,0
5517018,0,0,0,0,0,0,0,0,0,0,0,0,0,0,0,2,0,0
5517028,0,0,0,0,0,0,0,0,0,0,0,0,0,0,0,2,0,0
5517038,0,0,0,0,0,0,0,0,0,0,0,0,0,0,0,2,0,0
5517048,0,0,0,0,0,0,0,0,0,0,0,0,0,0,0,2,0,0
5517058,0,0,0,0,0,0,0,0,0,0,0,0,0,0,0,2,0,0
5517068,0,0,0,0,0,0,0,0,0,0,0,0,0,0,0,2,0,0
5517078,0,0,0,0,0,0,0,0,0,0,0,0,0,0,0,2,0,0
5517088,0,0,0,0,0,0,0,0,0,0,0,0,0,0,0,2,0,0
5517098,0,0,0,0,0,0,0,0,0,0,0,0,0,0,0,2,0,0
5517108,0,0,0,0,0,0,0,0,0,0,0,0,0,0,0,2,0,0
5517118,0,0,0,0,0,0,0,0,0,0,0,0,0,0,0,2,0,0
5517128,0,0,0,0,0,0,0,0,0,0,0,0,0,0,0,2,0,0
5517138,0,0,0,0,0,0,0,0,0,0,0,0,0,0,0,2,0,0
5517148,0,0,0,0,0,0,0,0,0,0,0,0,0,0,0,2,0,0
5517158,0,0,0,0,0,0,0,0,0,0,0,0,0,0,0,2,0,0
5517168,0,0,0,0,0,0,0,0,0,0,0,0,0,0,0,2,0,0
5517178,0,0,0,0,0,0,0,0,0,0,0,0,0,0,0,2,0,0
5517188,0,0,0,0,0,0,0,0,0,0,0,0,0,0,0,2,0,0
5517198,0,0,0,0,0,0,0,0,0,0,0,0,0,0,0,2,0,0
5517208,0,0,0,0,0,0,0,0,0,0,0,0,0,0,0,2,0,0
5517218,0,0,0,0,0,0,0,0,0,0,0,0,0,0,0,2,0,0
5517228,0,0,0,0,0,0,0,0,0,0,0,0,0,0,0,2,0,0
5517238,0,0,0,0,0,0,0,0,0,0,0,0,0,0,0,2,0,0
5517248,0,0,0,0,0,0,0,0,0,0,0,0,0,0,0,2,0,0
5517258,0,0,0,0,0,0,0,0,0,0,0,0,0,0,0,2,0,0
5517268,0,0,0,0,0,0,0,0,0,0,0,0,0,0,0,2,0,0
5517278,0,0,0,0,0,0,0,0,0,0,0,0,0,0,0,2,0,0
5517288,0,0,0,0,0,0,0,0,0,0,0,0,0,0,0,2,0,0
5517298,0,0,0,0,0,0,0,0,0,0,0,0,0,0,0,2,0,0
5517308,0,0,0,0,0,0,0,0,0,0,0,0,0,0,0,2,0,0
5517318,0,0,0,0,0,0,0,0,0,0,0,0,0,0,0,2,0,0
5517328,0,0,0,0,0,0,0,0,0,0,0,0,0,0,0,2,0,0
5517338,0,0,0,0,0,0,0,0,0,0,0,0,0,0,0,2,0,0
5517348,0,0,0,0,0,0,0,0,0,0,0,0,0,0,0,2,0,0
5517358,0,0,0,0,0,0,0,0,0,0,0,0,0,0,0,2,0,0
5517368,0,0,0,0,0,0,0,0,0,0,0,0,0,0,0,2,0,0
5517378,0,0,0,0,0,0,0,0,0,0,0,0,0,0,0,2,0,0
5517388,0,0,0,0,0,0,0,0,0,0,0,0,0,0,0,2,0,0
5517398,0,0,0,0,0,0,0,0,0,0,0,0,0,0,0,2,0,0
5517408,0,0,0,0,0,0,0,0,0,0,0,0,0,0,0,2,0,0
5517418,0,0,0,0,0,0,0,0,0,0,0,0,0,0,0,2,0,0
5517428,0,0,0,0,0,0,0,0,0,0,0,0,0,0,0,2,0,0
5517438,0,0,0,0,0,0,0,0,0,0,0,0,0,0,0,2,0,0
5517448,0,0,0,0,0,0,0,0,0,0,0,0,0,0,0,2,0,0
5517458,0,0,0,0,0,0,0,0,0,0,0,0,0,0,0,2,0,0
5517468,0,0,0,0,0,0,0,0,0,0,0,0,0,0,0,2,0,0
5517478,0,0,0,0,0,0,0,0,0,0,0,0,0,0,0,2,0,0
5517488,0,0,0,0,0,0,0,0,0,0,0,0,0,0,0,2,0,0
5517498,0,0,0,0,0,0,0,0,0,0,0,0,0,0,0,2,0,0
5517508,0,0,0,0,0,0,0,0,0,0,0,0,0,0,0,2,0,0
5517518,0,0,0,0,0,0,0,0,0,0,0,0,0,0,0,2,0,0
5517528,0,0,0,0,0,0,0,0,0,0,0,0,0,0,0,2,0,0
5517538,0,0,0,0,0,0,0,0,0,0,0,0,0,0,0,2,0,0
5517548,0,0,0,0,0,0,0,0,0,0,0,0,0,0,0,2,0,0
5517558,0,0,0,0,0,0,0,0,0,0,0,0,0,0,0,2,0,0
5517568,0,0,0,0,0,0,0,0,0,0,0,0,0,0,0,2,0,0
5517578,0,0,0,0,0,0,0,0,0,0,0,0,0,0,0,2,0,0
5517588,0,0,0,0,0,0,0,0,0,0,0,0,0,0,0,2,0,0
5517598,0,0,0,0,0,0,0,0,0,0,0,0,0,0,0,2,0,0
5517608,0,0,0,0,0,0,0,0,0,0,0,0,0,0,0,2,0,0
5517618,0,0,0,0,0,0,0,0,0,0,0,0,0,0,0,2,0,0
5517628,0,0,0,0,0,0,0,0,0,0,0,0,0,0,0,2,0,0
5517638,0,0,0,0,0,0,0,0,0,0,0,0,0,0,0,2,0,0
5517648,0,0,0,0,0,0,0,0,0,0,0,0,0,0,0,2,0,0
5517658,0,0,0,0,0,0,0,0,0,0,0,0,0,0,0,2,0,0
5517668,0,0,0,0,0,0,0,0,0,0,0,0,0,0,0,2,0,0
5517678,0,0,0,0,0,0,0,0,0,0,0,0,0,0,0,2,0,0
5517688,0,0,0,0,0,0,0,0,0,0,0,0,0,0,0,2,0,0
5517698,0,0,0,0,0,0,0,0,0,0,0,0,0,0,0,2,0,0
5517708,0,0,0,0,0,0,0,0,0,0,0,0,0,0,0,2,0,0
5517718,0,0,0,0,0,0,0,0,0,0,0,0,0,0,0,2,0,0
5517728,0,0,0,0,0,0,0,0,0,0,0,0,0,0,0,2,0,0
5517738,0,0,0,0,0,0,0,0,0,0,0,0,0,0,0,2,0,0
5517748,0,0,0,0,0,0,0,0,0,0,0,0,0,0,0,2,0,0
5517758,0,0,0,0,0,0,0,0,0,0,0,0,0,0,0,2,0,0
5517768,0,0,0,0,0,0,0,0,0,0,0,0,0,0,0,2,0,0
5517778,0,0,0,0,0,0,0,0,0,0,0,0,0,0,0,2,0,0
5517788,0,0,0,0,0,0,0,0,0,0,0,0,0,0,0,2,0,0
5517798,0,0,0,0,0,0,0,0,0,0,0,0,0,0,0,2,0,0
5517808,0,0,0,0,0,0,0,0,0,0,0,0,0,0,0,2,0,0
5517818,0,0,0,0,0,0,0,0,0,0,0,0,0,0,0,2,0,0
5517828,0,0,0,0,0,0,0,0,0,0,0,0,0,0,0,2,0,0
5517838,0,0,0,0,0,0,0,0,0,0,0,0,0,0,0,2,0,0
5517848,0,0,0,0,0,0,0,0,0,0,0,0,0,0,0,2,0,0
5517858,0,0,0,0,0,0,0,0,0,0,0,0,0,0,0,2,0,0
5517868,0,0,0,0,0,0,0,0,0,0,0,0,0,0,0,2,0,0
5517878,0,0,0,0,0,0,0,0,0,0,0,0,0,0,0,2,0,0
5517888,0,0,0,0,0,0,0,0,0,0,0,0,0,0,0,2,0,0
5517898,0,0,0,0,0,0,0,0,0,0,0,0,0,0,0,2,0,0
5517908,0,0,0,0,0,0,0,0,0,0,0,0,0,0,0,2,0,0
5517918,0,0,0,0,0,0,0,0,0,0,0,0,0,0,0,2,0,0
5517928,0,0,0,0,0,0,0,0,0,0,0,0,0,0,0,2,0,0
5517938,0,0,0,0,0,0,0,0,0,0,0,0,0,0,0,2,0,0
5517948,0,0,0,0,0,0,0,0,0,0,0,0,0,0,0,2,0,0
5517958,0,0,0,0,0,0,0,0,0,0,0,0,0,0,0,2,0,0
5517968,0,0,0,0,0,0,0,0,0,0,0,0,0,0,0,2,0,0
5517978,0,0,0,0,0,0,0,0,0,0,0,0,0,0,0,2,0,0
5517988,0,0,0,0,0,0,0,0,0,0,0,0,0,0,0,2,0,0
5517998,0,0,0,0,0,0,0,0,0,0,0,0,0,0,0,2,0,0
5518008,0,0,0,0,0,0,0,0,0,0,0,0,0,0,0,2,0,0
5518018,0,0,0,0,0,0,0,0,0,0,0,0,0,0,0,2,0,0
5518028,0,0,0,0,0,0,0,0,0,0,0,0,0,0,0,2,0,0
5518038,0,0,0,0,0,0,0,0,0,0,0,0,0,0,0,2,0,0
5518048,0,0,0,0,0,0,0,0,0,0,0,0,0,0,0,2,0,0
5518058,0,0,0,0,0,0,0,0,0,0,0,0,0,0,0,2,0,0
5518068,0,0,0,0,0,0,0,0,0,0,0,0,0,0,0,2,0,0
5518078,0,0,0,0,0,0,0,0,0,0,0,0,0,0,0,2,0,0
5518088,0,0,0,0,0,0,0,0,0,0,0,0,0,0,0,2,0,0
5518098,0,0,0,0,0,0,0,0,0,0,0,0,0,0,0,2,0,0
5518108,0,0,0,0,0,0,0,0,0,0,0,0,0,0,0,2,0,0
5518118,0,0,0,0,0,0,0,0,0,0,0,0,0,0,0,2,0,0
5518128,0,0,0,0,0,0,0,0,0,0,0,0,0,0,0,2,0,0
5518138,0,0,0,0,0,0,0,0,0,0,0,0,0,0,0,2,0,0
5518148,0,0,0,0,0,0,0,0,0,0,0,0,0,0,0,2,0,0
5518158,0,0,0,0,0,0,0,0,0,0,0,0,0,0,0,2,0,0
5518168,0,0,0,0,0,0,0,0,0,0,0,0,0,0,0,2,0,0
5518178,0,0,0,0,0,0,0,0,0,0,0,0,0,0,0,2,0,0
5518188,0,0,0,0,0,0,0,0,0,0,0,0,0,0,0,2,0,0
5518198,0,0,0,0,0,0,0,0,0,0,0,0,0,0,0,2,0,0
5518208,0,0,0,0,0,0,0,0,0,0,0,0,0,0,0,2,0,0
5518218,0,0,0,0,0,0,0,0,0,0,0,0,0,0,0,2,0,0
5518228,0,0,0,0,0,0,0,0,0,0,0,0,0,0,0,2,0,0
5518238,0,0,0,0,0,0,0,0,0,0,0,0,0,0,0,2,0,0
5518248,0,0,0,0,0,0,0,0,0,0,0,0,0,0,0,2,0,0
5518258,0,0,0,0,0,0,0,0,0,0,0,0,0,0,0,2,0,0
5518268,0,0,0,0,0,0,0,0,0,0,0,0,0,0,0,2,0,0
5518278,0,0,0,0,0,0,0,0,0,0,0,0,0,0,0,2,0,0
5518288,0,0,0,0,0,0,0,0,0,0,0,0,0,0,0,2,0,0
5518298,0,0,0,0,0,0,0,0,0,0,0,0,0,0,0,2,0,0
5518308,0,0,0,0,0,0,0,0,0,0,0,0,0,0,0,2,0,0
5518318,0,0,0,0,0,0,0,0,0,0,0,0,0,0,0,2,0,0
5518328,0,0,0,0,0,0,0,0,0,0,0,0,0,0,0,2,0,0
5518338,0,0,0,0,0,0,0,0,0,0,0,0,0,0,0,2,0,0
5518348,0,0,0,0,0,0,0,0,0,0,0,0,0,0,0,2,0,0
5518358,0,0,0,0,0,0,0,0,0,0,0,0,0,0,0,2,0,0
5518368,0,0,0,0,0,0,0,0,0,0,0,0,0,0,0,2,0,0
5518378,0,0,0,0,0,0,0,0,0,0,0,0,0,0,0,2,0,0
5518388,0,0,0,0,0,0,0,0,0,0,0,0,0,0,0,2,0,0
5518400,0,0,0,0,0,0,0,0,0,0,0,0,0,0,0,2,0,0
5518408,0,0,0,0,0,0,0,0,0,0,0,0,0,0,0,2,0,0
5518418,0,0,0,0,0,0,0,0,0,0,0,0,0,0,0,2,0,0
5518428,0,0,0,0,0,0,0,0,0,0,0,0,0,0,0,2,0,0
5518438,0,0,0,0,0,0,0,0,0,0,0,0,0,0,0,2,0,0
5518448,0,0,0,0,0,0,0,0,0,0,0,0,0,0,0,2,0,0
5518458,0,0,0,0,0,0,0,0,0,0,0,0,0,0,0,2,0,0
5518468,0,0,0,0,0,0,0,0,0,0,0,0,0,0,0,2,0,0
5518478,0,0,0,0,0,0,0,0,0,0,0,0,0,0,0,2,0,0
5518488,0,0,0,0,0,0,0,0,0,0,0,0,0,0,0,2,0,0
5518498,0,0,0,0,0,0,0,0,0,0,0,0,0,0,0,2,0,0
5518508,0,0,0,0,0,0,0,0,0,0,0,0,0,0,0,2,0,0
5518518,0,0,0,0,0,0,0,0,0,0,0,0,0,0,0,2,0,0
5518528,0,0,0,0,0,0,0,0,0,0,0,0,0,0,0,2,0,0
5518538,0,0,0,0,0,0,0,0,0,0,0,0,0,0,0,2,0,0
5518548,0,0,0,0,0,0,0,0,0,0,0,0,0,0,0,2,0,0
5518558,0,0,0,0,0,0,0,0,0,0,0,0,0,0,0,2,0,0
5518568,0,0,0,0,0,0,0,0,0,0,0,0,0,0,0,2,0,0
5518578,0,0,0,0,0,0,0,0,0,0,0,0,0,0,0,2,0,0
5518588,0,0,0,0,0,0,0,0,0,0,0,0,0,0,0,2,0,0
5518598,0,0,0,0,0,0,0,0,0,0,0,0,0,0,0,2,0,0
5518608,0,0,0,0,0,0,0,0,0,0,0,0,0,0,0,2,0,0
5518618,0,0,0,0,0,0,0,0,0,0,0,0,0,0,0,2,0,0
5518628,0,0,0,0,0,0,0,0,0,0,0,0,0,0,0,2,0,0
5518638,0,0,0,0,0,0,0,0,0,0,0,0,0,0,0,2,0,0
5518648,0,0,0,0,0,0,0,0,0,0,0,0,0,0,0,2,0,0
5518658,0,0,0,0,0,0,0,0,0,0,0,0,0,0,0,2,0,0
5518668,0,0,0,0,0,0,0,0,0,0,0,0,0,0,0,2,0,0
5518678,0,0,0,0,0,0,0,0,0,0,0,0,0,0,0,2,0,0
5518688,0,0,0,0,0,0,0,0,0,0,0,0,0,0,0,2,0,0
5518698,0,0,0,0,0,0,0,0,0,0,0,0,0,0,0,2,0,0
5518708,0,0,0,0,0,0,0,0,0,0,0,0,0,0,0,2,0,0
5518718,0,0,0,0,0,0,0,0,0,0,0,0,0,0,0,2,0,0
5518728,0,0,0,0,0,0,0,0,0,0,0,0,0,0,0,2,0,0
5518738,0,0,0,0,0,0,0,0,0,0,0,0,0,0,0,2,0,0
5518748,0,0,0,0,0,0,0,0,0,0,0,0,0,0,0,2,0,0
5518758,0,0,0,0,0,0,0,0,0,0,0,0,0,0,0,2,0,0
5518768,0,0,0,0,0,0,0,0,0,0,0,0,0,0,0,2,0,0
5518778,0,0,0,0,0,0,0,0,0,0,0,0,0,0,0,2,0,0
5518788,0,0,0,0,0,0,0,0,0,0,0,0,0,0,0,2,0,0
5518798,0,0,0,0,0,0,0,0,0,0,0,0,0,0,0,2,0,0
5518808,0,0,0,0,0,0,0,0,0,0,0,0,0,0,0,2,0,0
5518818,0,0,0,0,0,0,0,0,0,0,0,0,0,0,0,2,0,0
5518828,0,0,0,0,0,0,0,0,0,0,0,0,0,0,0,2,0,0
5518838,0,0,0,0,0,0,0,0,0,0,0,0,0,0,0,2,0,0
5518848,0,0,0,0,0,0,0,0,0,0,0,0,0,0,0,2,0,0
5518858,0,0,0,0,0,0,0,0,0,0,0,0,0,0,0,2,0,0
5518868,0,0,0,0,0,0,0,0,0,0,0,0,0,0,0,2,0,0
5518878,0,0,0,0,0,0,0,0,0,0,0,0,0,0,0,2,0,0
5518888,0,0,0,0,0,0,0,0,0,0,0,0,0,0,0,2,0,0
5518898,0,0,0,0,0,0,0,0,0,0,0,0,0,0,0,2,0,0
5518908,0,0,0,0,0,0,0,0,0,0,0,0,0,0,0,2,0,0
5518919,0,0,0,0,0,0,0,0,0,0,0,0,0,0,0,2,0,0
5518928,0,0,0,0,0,0,0,0,0,0,0,0,0,0,0,2,0,0
5518938,0,0,0,0,0,0,0,0,0,0,0,0,0,0,0,2,0,0
5518948,0,0,0,0,0,0,0,0,0,0,0,0,0,0,0,2,0,0
5518958,0,0,0,0,0,0,0,0,0,0,0,0,0,0,0,2,0,0
5518968,0,0,0,0,0,0,0,0,0,0,0,0,0,0,0,2,0,0
5518978,0,0,0,0,0,0,0,0,0,0,0,0,0,0,0,2,0,0
5518988,0,0,0,0,0,0,0,0,0,0,0,0,0,0,0,2,0,0
5518998,0,0,0,0,0,0,0,0,0,0,0,0,0,0,0,2,0,0
5519008,0,0,0,0,0,0,0,0,0,0,0,0,0,0,0,2,0,0
5519018,0,0,0,0,0,0,0,0,0,0,0,0,0,0,0,2,0,0
5519028,0,0,0,0,0,0,0,0,0,0,0,0,0,0,0,2,0,0
5519038,0,0,0,0,0,0,0,0,0,0,0,0,0,0,0,2,0,0
5519048,0,0,0,0,0,0,0,0,0,0,0,0,0,0,0,2,0,0
5519058,0,0,0,0,0,0,0,0,0,0,0,0,0,0,0,2,0,0
5519068,0,0,0,0,0,0,0,0,0,0,0,0,0,0,0,2,0,0
5519078,0,0,0,0,0,0,0,0,0,0,0,0,0,0,0,2,0,0
5519088,0,0,0,0,0,0,0,0,0,0,0,0,0,0,0,2,0,0
5519098,0,0,0,0,0,0,0,0,0,0,0,0,0,0,0,2,0,0
5519108,0,0,0,0,0,0,0,0,0,0,0,0,0,0,0,2,0,0
5519118,0,0,0,0,0,0,0,0,0,0,0,0,0,0,0,2,0,0
5519128,0,0,0,0,0,0,0,0,0,0,0,0,0,0,0,2,0,0
5519138,0,0,0,0,0,0,0,0,0,0,0,0,0,0,0,2,0,0
5519148,0,0,0,0,0,0,0,0,0,0,0,0,0,0,0,2,0,0
5519158,0,0,0,0,0,0,0,0,0,0,0,0,0,0,0,2,0,0
5519168,0,0,0,0,0,0,0,0,0,0,0,0,0,0,0,2,0,0
5519178,0,0,0,0,0,0,0,0,0,0,0,0,0,0,0,2,0,0
5519188,0,0,0,0,0,0,0,0,0,0,0,0,0,0,0,2,0,0
5519198,0,0,0,0,0,0,0,0,0,0,0,0,0,0,0,2,0,0
5519208,0,0,0,0,0,0,0,0,0,0,0,0,0,0,0,2,0,0
5519218,0,0,0,0,0,0,0,0,0,0,0,0,0,0,0,2,0,0
5519228,0,0,0,0,0,0,0,0,0,0,0,0,0,0,0,2,0,0
5519238,0,0,0,0,0,0,0,0,0,0,0,0,0,0,0,2,0,0
5519248,0,0,0,0,0,0,0,0,0,0,0,0,0,0,0,2,0,0
5519258,0,0,0,0,0,0,0,0,0,0,0,0,0,0,0,2,0,0
5519268,0,0,0,0,0,0,0,0,0,0,0,0,0,0,0,2,0,0
5519278,0,0,0,0,0,0,0,0,0,0,0,0,0,0,0,2,0,0
5519288,0,0,0,0,0,0,0,0,0,0,0,0,0,0,0,2,0,0
5519298,0,0,0,0,0,0,0,0,0,0,0,0,0,0,0,2,0,0
5519308,0,0,0,0,0,0,0,0,0,0,0,0,0,0,0,2,0,0
5519318,0,0,0,0,0,0,0,0,0,0,0,0,0,0,0,2,0,0
5519328,0,0,0,0,0,0,0,0,0,0,0,0,0,0,0,2,0,0
5519338,0,0,0,0,0,0,0,0,0,0,0,0,0,0,0,2,0,0
5519348,0,0,0,0,0,0,0,0,0,0,0,0,0,0,0,2,0,0
5519358,0,0,0,0,0,0,0,0,0,0,0,0,0,0,0,2,0,0
5519368,0,0,0,0,0,0,0,0,0,0,0,0,0,0,0,2,0,0
5519378,0,0,0,0,0,0,0,0,0,0,0,0,0,0,0,2,0,0
5519388,0,0,0,0,0,0,0,0,0,0,0,0,0,0,0,2,0,0
5519398,0,0,0,0,0,0,0,0,0,0,0,0,0,0,0,2,0,0
5519408,0,0,0,0,0,0,0,0,0,0,0,0,0,0,0,2,0,0
5519418,0,0,0,0,0,0,0,0,0,0,0,0,0,0,0,2,0,0
5519428,0,0,0,0,0,0,0,0,0,0,0,0,0,0,0,2,0,0
5519438,0,0,0,0,0,0,0,0,0,0,0,0,0,0,0,2,0,0
5519448,0,0,0,0,0,0,0,0,0,0,0,0,0,0,0,2,0,0
5519458,0,0,0,0,0,0,0,0,0,0,0,0,0,0,0,2,0,0
5519468,0,0,0,0,0,0,0,0,0,0,0,0,0,0,0,2,0,0
5519478,0,0,0,0,0,0,0,0,0,0,0,0,0,0,0,2,0,0
5519488,0,0,0,0,0,0,0,0,0,0,0,0,0,0,0,2,0,0
5519498,0,0,0,0,0,0,0,0,0,0,0,0,0,0,0,2,0,0
5519508,0,0,0,0,0,0,0,0,0,0,0,0,0,0,0,2,0,0
5519519,0,0,0,0,0,0,0,0,0,0,0,0,0,0,0,2,0,0
5519532,0,0,0,0,0,0,0,0,0,0,0,0,0,0,0,2,0,0
5519538,0,0,0,0,0,0,0,0,0,0,0,0,0,0,0,2,0,0
5519548,0,0,0,0,0,0,0,0,0,0,0,0,0,0,0,2,0,0
5519558,0,0,0,0,0,0,0,0,0,0,0,0,0,0,0,2,0,0
5519568,0,0,0,0,0,0,0,0,0,0,0,0,0,0,0,2,0,0
5519578,0,0,0,0,0,0,0,0,0,0,0,0,0,0,0,2,0,0
5519588,0,0,0,0,0,0,0,0,0,0,0,0,0,0,0,2,0,0
5519599,0,0,0,0,0,0,0,0,0,0,0,0,0,0,0,2,0,0
5519611,0,0,0,0,0,0,0,0,0,0,0,0,0,0,0,2,0,0
5519617,0,0,0,0,0,0,0,0,0,0,0,0,0,0,0,2,0,0
5519627,0,0,0,0,0,0,0,0,0,0,0,0,0,0,0,2,0,0
5519637,0,0,0,0,0,0,0,0,0,0,0,0,0,0,0,2,0,0
5519647,0,0,0,0,0,0,0,0,0,0,0,0,0,0,0,2,0,0
5519657,0,0,0,0,0,0,0,0,0,0,0,0,0,0,0,2,0,0
5519667,0,0,0,0,0,0,0,0,0,0,0,0,0,0,0,2,0,0
5519678,0,0,0,0,0,0,0,0,0,0,0,0,0,0,0,2,0,0
5519687,0,0,0,0,0,0,0,0,0,0,0,0,0,0,0,2,0,0
5519697,0,0,0,0,0,0,0,0,0,0,0,0,0,0,0,2,0,0
5519707,0,0,0,0,0,0,0,0,0,0,0,0,0,0,0,2,0,0
5519717,0,0,0,0,0,0,0,0,0,0,0,0,0,0,0,2,0,0
5519727,0,0,0,0,0,0,0,0,0,0,0,0,0,0,0,2,0,0
5519737,0,0,0,0,0,0,0,0,0,0,0,0,0,0,0,2,0,0
5519747,0,0,0,0,0,0,0,0,0,0,0,0,0,0,0,2,0,0
5519757,0,0,0,0,0,0,0,0,0,0,0,0,0,0,0,2,0,0
5519767,0,0,0,0,0,0,0,0,0,0,0,0,0,0,0,2,0,0
5519777,0,0,0,0,0,0,0,0,0,0,0,0,0,0,0,2,0,0
5519787,0,0,0,0,0,0,0,0,0,0,0,0,0,0,0,2,0,0
5519797,0,0,0,0,0,0,0,0,0,0,0,0,0,0,0,2,0,0
5519807,0,0,0,0,0,0,0,0,0,0,0,0,0,0,0,2,0,0
5519817,0,0,0,0,0,0,0,0,0,0,0,0,0,0,0,2,0,0
5519827,0,0,0,0,0,0,0,0,0,0,0,0,0,0,0,2,0,0
5519837,0,0,0,0,0,0,0,0,0,0,0,0,0,0,0,2,0,0
5519847,0,0,0,0,0,0,0,0,0,0,0,0,0,0,0,2,0,0
5519857,0,0,0,0,0,0,0,0,0,0,0,0,0,0,0,2,0,0
5519867,0,0,0,0,0,0,0,0,0,0,0,0,0,0,0,2,0,0
5519877,0,0,0,0,0,0,0,0,0,0,0,0,0,0,0,2,0,0
5519887,0,0,0,0,0,0,0,0,0,0,0,0,0,0,0,2,0,0
5519897,0,0,0,0,0,0,0,0,0,0,0,0,0,0,0,2,0,0
5519907,0,0,0,0,0,0,0,0,0,0,0,0,0,0,0,2,0,0
5519917,0,0,0,0,0,0,0,0,0,0,0,0,0,0,0,2,0,0
5519927,0,0,0,0,0,0,0,0,0,0,0,0,0,0,0,2,0,0
5519937,0,0,0,0,0,0,0,0,0,0,0,0,0,0,0,2,0,0
5519947,0,0,0,0,0,0,0,0,0,0,0,0,0,0,0,2,0,0
5519957,0,0,0,0,0,0,0,0,0,0,0,0,0,0,0,2,0,0
5519967,0,0,0,0,0,0,0,0,0,0,0,0,0,0,0,2,0,0
5519977,0,0,0,0,0,0,0,0,0,0,0,0,0,0,0,2,0,0
5519987,0,0,0,0,0,0,0,0,0,0,0,0,0,0,0,2,0,0
5519997,0,0,0,0,0,0,0,0,0,0,0,0,0,0,0,2,0,0
5520007,0,0,0,0,0,0,0,0,0,0,0,0,0,0,0,2,0,0
5520017,0,0,0,0,0,0,0,0,0,0,0,0,0,0,0,2,0,0
5520027,0,0,0,0,0,0,0,0,0,0,0,0,0,0,0,2,0,0
5520037,0,0,0,0,0,0,0,0,0,0,0,0,0,0,0,2,0,0
5520047,0,0,0,0,0,0,0,0,0,0,0,0,0,0,0,2,0,0
5520057,0,0,0,0,0,0,0,0,0,0,0,0,0,0,0,2,0,0
5520067,0,0,0,0,0,0,0,0,0,0,0,0,0,0,0,2,0,0
5520077,0,0,0,0,0,0,0,0,0,0,0,0,0,0,0,2,0,0
5520087,0,0,0,0,0,0,0,0,0,0,0,0,0,0,0,2,0,0
5520097,0,0,0,0,0,0,0,0,0,0,0,0,0,0,0,2,0,0
5520107,0,0,0,0,0,0,0,0,0,0,0,0,0,0,0,2,0,0
5520117,0,0,0,0,0,0,0,0,0,0,0,0,0,0,0,2,0,0
5520127,0,0,0,0,0,0,0,0,0,0,0,0,0,0,0,2,0,0
5520137,0,0,0,0,0,0,0,0,0,0,0,0,0,0,0,2,0,0
5520147,0,0,0,0,0,0,0,0,0,0,0,0,0,0,0,2,0,0
5520157,0,0,0,0,0,0,0,0,0,0,0,0,0,0,0,2,0,0
5520167,0,0,0,0,0,0,0,0,0,0,0,0,0,0,0,2,0,0
5520177,0,0,0,0,0,0,0,0,0,0,0,0,0,0,0,2,0,0
5520187,0,0,0,0,0,0,0,0,0,0,0,0,0,0,0,2,0,0
5520197,0,0,0,0,0,0,0,0,0,0,0,0,0,0,0,2,0,0
5520207,0,0,0,0,0,0,0,0,0,0,0,0,0,0,0,2,0,0
5520217,0,0,0,0,0,0,0,0,0,0,0,0,0,0,0,2,0,0
5520227,0,0,0,0,0,0,0,0,0,0,0,0,0,0,0,2,0,0
5520237,0,0,0,0,0,0,0,0,0,0,0,0,0,0,0,2,0,0
5520247,0,0,0,0,0,0,0,0,0,0,0,0,0,0,0,2,0,0
5520257,0,0,0,0,0,0,0,0,0,0,0,0,0,0,0,2,0,0
5520267,0,0,0,0,0,0,0,0,0,0,0,0,0,0,0,2,0,0
5520277,0,0,0,0,0,0,0,0,0,0,0,0,0,0,0,2,0,0
5520287,0,0,0,0,0,0,0,0,0,0,0,0,0,0,0,2,0,0
5520297,0,0,0,0,0,0,0,0,0,0,0,0,0,0,0,2,0,0
5520307,0,0,0,0,0,0,0,0,0,0,0,0,0,0,0,2,0,0
5520317,0,0,0,0,0,0,0,0,0,0,0,0,0,0,0,2,0,0
5520327,0,0,0,0,0,0,0,0,0,0,0,0,0,0,0,2,0,0
5520337,0,0,0,0,0,0,0,0,0,0,0,0,0,0,0,2,0,0
5520347,0,0,0,0,0,0,0,0,0,0,0,0,0,0,0,2,0,0
5520357,0,0,0,0,0,0,0,0,0,0,0,0,0,0,0,2,0,0
5520367,0,0,0,0,0,0,0,0,0,0,0,0,0,0,0,2,0,0
5520377,0,0,0,0,0,0,0,0,0,0,0,0,0,0,0,2,0,0
5520387,0,0,0,0,0,0,0,0,0,0,0,0,0,0,0,2,0,0
5520397,0,0,0,0,0,0,0,0,0,0,0,0,0,0,0,2,0,0
5520407,0,0,0,0,0,0,0,0,0,0,0,0,0,0,0,2,0,0
5520417,0,0,0,0,0,0,0,0,0,0,0,0,0,0,0,2,0,0
5520427,0,0,0,0,0,0,0,0,0,0,0,0,0,0,0,2,0,0
5520437,0,0,0,0,0,0,0,0,0,0,0,0,0,0,0,2,0,0
5520447,0,0,0,0,0,0,0,0,0,0,0,0,0,0,0,2,0,0
5520457,0,0,0,0,0,0,0,0,0,0,0,0,0,0,0,2,0,0
5520467,0,0,0,0,0,0,0,0,0,0,0,0,0,0,0,2,0,0
5520477,0,0,0,0,0,0,0,0,0,0,0,0,0,0,0,2,0,0
5520487,0,0,0,0,0,0,0,0,0,0,0,0,0,0,0,2,0,0
5520497,0,0,0,0,0,0,0,0,0,0,0,0,0,0,0,2,0,0
5520507,0,0,0,0,0,0,0,0,0,0,0,0,0,0,0,2,0,0
5520517,0,0,0,0,0,0,0,0,0,0,0,0,0,0,0,2,0,0
5520527,0,0,0,0,0,0,0,0,0,0,0,0,0,0,0,2,0,0
5520537,0,0,0,0,0,0,0,0,0,0,0,0,0,0,0,2,0,0
5520547,0,0,0,0,0,0,0,0,0,0,0,0,0,0,0,2,0,0
5520557,0,0,0,0,0,0,0,0,0,0,0,0,0,0,0,2,0,0
5520567,0,0,0,0,0,0,0,0,0,0,0,0,0,0,0,2,0,0
5520577,0,0,0,0,0,0,0,0,0,0,0,0,0,0,0,2,0,0
5520587,0,0,0,0,0,0,0,0,0,0,0,0,0,0,0,2,0,0
5520597,0,0,0,0,0,0,0,0,0,0,0,0,0,0,0,2,0,0
5520607,0,0,0,0,0,0,0,0,0,0,0,0,0,0,0,2,0,0
5520617,0,0,0,0,0,0,0,0,0,0,0,0,0,0,0,2,0,0
5520627,0,0,0,0,0,0,0,0,0,0,0,0,0,0,0,2,0,0
5520637,0,0,0,0,0,0,0,0,0,0,0,0,0,0,0,2,0,0
5520647,0,0,0,0,0,0,0,0,0,0,0,0,0,0,0,2,0,0
5520657,0,0,0,0,0,0,0,0,0,0,0,0,0,0,0,2,0,0
5520667,0,0,0,0,0,0,0,0,0,0,0,0,0,0,0,2,0,0
5520677,0,0,0,0,0,0,0,0,0,0,0,0,0,0,0,2,0,0
5520687,0,0,0,0,0,0,0,0,0,0,0,0,0,0,0,2,0,0
5520697,0,0,0,0,0,0,0,0,0,0,0,0,0,0,0,2,0,0
5520707,0,0,0,0,0,0,0,0,0,0,0,0,0,0,0,2,0,0
5520717,0,0,0,0,0,0,0,0,0,0,0,0,0,0,0,2,0,0
5520727,0,0,0,0,0,0,0,0,0,0,0,0,0,0,0,2,0,0
5520737,0,0,0,0,0,0,0,0,0,0,0,0,0,0,0,2,0,0
5520747,0,0,0,0,0,0,0,0,0,0,0,0,0,0,0,2,0,0
5520757,0,0,0,0,0,0,0,0,0,0,0,0,0,0,0,2,0,0
5520767,0,0,0,0,0,0,0,0,0,0,0,0,0,0,0,2,0,0
5520777,0,0,0,0,0,0,0,0,0,0,0,0,0,0,0,2,0,0
5520787,0,0,0,0,0,0,0,0,0,0,0,0,0,0,0,2,0,0
5520797,0,0,0,0,0,0,0,0,0,0,0,0,0,0,0,2,0,0
5520807,0,0,0,0,0,0,0,0,0,0,0,0,0,0,0,2,0,0
5520817,0,0,0,0,0,0,0,0,0,0,0,0,0,0,0,2,0,0
5520827,0,0,0,0,0,0,0,0,0,0,0,0,0,0,0,2,0,0
5520837,0,0,0,0,0,0,0,0,0,0,0,0,0,0,0,2,0,0
5520847,0,0,0,0,0,0,0,0,0,0,0,0,0,0,0,2,0,0
5520857,0,0,0,0,0,0,0,0,0,0,0,0,0,0,0,2,0,0
5520867,0,0,0,0,0,0,0,0,0,0,0,0,0,0,0,2,0,0
5520877,0,0,0,0,0,0,0,0,0,0,0,0,0,0,0,2,0,0
5520887,0,0,0,0,0,0,0,0,0,0,0,0,0,0,0,2,0,0
5520897,0,0,0,0,0,0,0,0,0,0,0,0,0,0,0,2,0,0
5520907,0,0,0,0,0,0,0,0,0,0,0,0,0,0,0,2,0,0
5520917,0,0,0,0,0,0,0,0,0,0,0,0,0,0,0,2,0,0
5520927,0,0,0,0,0,0,0,0,0,0,0,0,0,0,0,2,0,0
5520937,0,0,0,0,0,0,0,0,0,0,0,0,0,0,0,2,0,0
5520947,0,0,0,0,0,0,0,0,0,0,0,0,0,0,0,2,0,0
5520957,0,0,0,0,0,0,0,0,0,0,0,0,0,0,0,2,0,0
5520967,0,0,0,0,0,0,0,0,0,0,0,0,0,0,0,2,0,0
5520977,0,0,0,0,0,0,0,0,0,0,0,0,0,0,0,2,0,0
5520987,0,0,0,0,0,0,0,0,0,0,0,0,0,0,0,2,0,0
5520997,0,0,0,0,0,0,0,0,0,0,0,0,0,0,0,2,0,0
5521007,0,0,0,0,0,0,0,0,0,0,0,0,0,0,0,2,0,0
5521017,0,0,0,0,0,0,0,0,0,0,0,0,0,0,0,2,0,0
5521027,0,0,0,0,0,0,0,0,0,0,0,0,0,0,0,2,0,0
5521037,0,0,0,0,0,0,0,0,0,0,0,0,0,0,0,2,0,0
5521047,0,0,0,0,0,0,0,0,0,0,0,0,0,0,0,2,0,0
5521057,0,0,0,0,0,0,0,0,0,0,0,0,0,0,0,2,0,0
5521067,0,0,0,0,0,0,0,0,0,0,0,0,0,0,0,2,0,0
5521077,0,0,0,0,0,0,0,0,0,0,0,0,0,0,0,2,0,0
5521087,0,0,0,0,0,0,0,0,0,0,0,0,0,0,0,2,0,0
5521097,0,0,0,0,0,0,0,0,0,0,0,0,0,0,0,2,0,0
5521107,0,0,0,0,0,0,0,0,0,0,0,0,0,0,0,2,0,0
5521117,0,0,0,0,0,0,0,0,0,0,0,0,0,0,0,2,0,0
5521127,0,0,0,0,0,0,0,0,0,0,0,0,0,0,0,2,0,0
5521137,0,0,0,0,0,0,0,0,0,0,0,0,0,0,0,2,0,0
5521147,0,0,0,0,0,0,0,0,0,0,0,0,0,0,0,2,0,0
5521157,0,0,0,0,0,0,0,0,0,0,0,0,0,0,0,2,0,0
5521167,0,0,0,0,0,0,0,0,0,0,0,0,0,0,0,2,0,0
5521177,0,0,0,0,0,0,0,0,0,0,0,0,0,0,0,2,0,0
5521187,0,0,0,0,0,0,0,0,0,0,0,0,0,0,0,2,0,0
5521197,0,0,0,0,0,0,0,0,0,0,0,0,0,0,0,2,0,0
5521207,0,0,0,0,0,0,0,0,0,0,0,0,0,0,0,2,0,0
5521217,0,0,0,0,0,0,0,0,0,0,0,0,0,0,0,2,0,0
5521227,0,0,0,0,0,0,0,0,0,0,0,0,0,0,0,2,0,0
5521237,0,0,0,0,0,0,0,0,0,0,0,0,0,0,0,2,0,0
5521247,0,0,0,0,0,0,0,0,0,0,0,0,0,0,0,2,0,0
5521257,0,0,0,0,0,0,0,0,0,0,0,0,0,0,0,2,0,0
5521267,0,0,0,0,0,0,0,0,0,0,0,0,0,0,0,2,0,0
5521277,0,0,0,0,0,0,0,0,0,0,0,0,0,0,0,2,0,0
5521287,0,0,0,0,0,0,0,0,0,0,0,0,0,0,0,2,0,0
5521297,0,0,0,0,0,0,0,0,0,0,0,0,0,0,0,2,0,0
5521307,0,0,0,0,0,0,0,0,0,0,0,0,0,0,0,2,0,0
5521317,0,0,0,0,0,0,0,0,0,0,0,0,0,0,0,2,0,0
5521327,0,0,0,0,0,0,0,0,0,0,0,0,0,0,0,2,0,0
5521337,0,0,0,0,0,0,0,0,0,0,0,0,0,0,0,2,0,0
5521347,0,0,0,0,0,0,0,0,0,0,0,0,0,0,0,2,0,0
5521357,0,0,0,0,0,0,0,0,0,0,0,0,0,0,0,2,0,0
5521367,0,0,0,0,0,0,0,0,0,0,0,0,0,0,0,2,0,0
5521377,0,0,0,0,0,0,0,0,0,0,0,0,0,0,0,2,0,0
5521387,0,0,0,0,0,0,0,0,0,0,0,0,0,0,0,2,0,0
5521397,0,0,0,0,0,0,0,0,0,0,0,0,0,0,0,2,0,0
5521407,0,0,0,0,0,0,0,0,0,0,0,0,0,0,0,2,0,0
5521417,0,0,0,0,0,0,0,0,0,0,0,0,0,0,0,2,0,0
5521427,0,0,0,0,0,0,0,0,0,0,0,0,0,0,0,2,0,0
5521437,0,0,0,0,0,0,0,0,0,0,0,0,0,0,0,2,0,0
5521447,0,0,0,0,0,0,0,0,0,0,0,0,0,0,0,2,0,0
5521457,0,0,0,0,0,0,0,0,0,0,0,0,0,0,0,2,0,0
5521467,0,0,0,0,0,0,0,0,0,0,0,0,0,0,0,2,0,0
5521477,0,0,0,0,0,0,0,0,0,0,0,0,0,0,0,2,0,0
5521487,0,0,0,0,0,0,0,0,0,0,0,0,0,0,0,2,0,0
5521497,0,0,0,0,0,0,0,0,0,0,0,0,0,0,0,2,0,0
5521507,0,0,0,0,0,0,0,0,0,0,0,0,0,0,0,2,0,0
5521517,0,0,0,0,0,0,0,0,0,0,0,0,0,0,0,2,0,0
5521527,0,0,0,0,0,0,0,0,0,0,0,0,0,0,0,2,0,0
5521537,0,0,0,0,0,0,0,0,0,0,0,0,0,0,0,2,0,0
5521547,0,0,0,0,0,0,0,0,0,0,0,0,0,0,0,2,0,0
5521557,0,0,0,0,0,0,0,0,0,0,0,0,0,0,0,2,0,0
5521567,0,0,0,0,0,0,0,0,0,0,0,0,0,0,0,2,0,0
5521577,0,0,0,0,0,0,0,0,0,0,0,0,0,0,0,2,0,0
5521587,0,0,0,0,0,0,0,0,0,0,0,0,0,0,0,2,0,0
5521597,0,0,0,0,0,0,0,0,0,0,0,0,0,0,0,2,0,0
5521607,0,0,0,0,0,0,0,0,0,0,0,0,0,0,0,2,0,0
5521617,0,0,0,0,0,0,0,0,0,0,0,0,0,0,0,2,0,0
5521627,0,0,0,0,0,0,0,0,0,0,0,0,0,0,0,2,0,0
5521637,0,0,0,0,0,0,0,0,0,0,0,0,0,0,0,2,0,0
5521647,0,0,0,0,0,0,0,0,0,0,0,0,0,0,0,2,0,0
5521657,0,0,0,0,0,0,0,0,0,0,0,0,0,0,0,2,0,0
5521667,0,0,0,0,0,0,0,0,0,0,0,0,0,0,0,2,0,0
5521677,0,0,0,0,0,0,0,0,0,0,0,0,0,0,0,2,0,0
5521687,0,0,0,0,0,0,0,0,0,0,0,0,0,0,0,2,0,0
5521697,0,0,0,0,0,0,0,0,0,0,0,0,0,0,0,2,0,0
5521707,0,0,0,0,0,0,0,0,0,0,0,0,0,0,0,2,0,0
5521717,0,0,0,0,0,0,0,0,0,0,0,0,0,0,0,2,0,0
5521727,0,0,0,0,0,0,0,0,0,0,0,0,0,0,0,2,0,0
5521737,0,0,0,0,0,0,0,0,0,0,0,0,0,0,0,2,0,0
5521747,0,0,0,0,0,0,0,0,0,0,0,0,0,0,0,2,0,0
5521757,0,0,0,0,0,0,0,0,0,0,0,0,0,0,0,2,0,0
5521767,0,0,0,0,0,0,0,0,0,0,0,0,0,0,0,2,0,0
5521777,0,0,0,0,0,0,0,0,0,0,0,0,0,0,0,2,0,0
5521787,0,0,0,0,0,0,0,0,0,0,0,0,0,0,0,2,0,0
5521797,0,0,0,0,0,0,0,0,0,0,0,0,0,0,0,2,0,0
5521807,0,0,0,0,0,0,0,0,0,0,0,0,0,0,0,2,0,0
5521817,0,0,0,0,0,0,0,0,0,0,0,0,0,0,0,2,0,0
5521827,0,0,0,0,0,0,0,0,0,0,0,0,0,0,0,2,0,0
5521837,0,0,0,0,0,0,0,0,0,0,0,0,0,0,0,2,0,0
5521847,0,0,0,0,0,0,0,0,0,0,0,0,0,0,0,2,0,0
5521857,0,0,0,0,0,0,0,0,0,0,0,0,0,0,0,2,0,0
5521867,0,0,0,0,0,0,0,0,0,0,0,0,0,0,0,2,0,0
5521877,0,0,0,0,0,0,0,0,0,0,0,0,0,0,0,2,0,0
5521887,0,0,0,0,0,0,0,0,0,0,0,0,0,0,0,2,0,0
5521897,0,0,0,0,0,0,0,0,0,0,0,0,0,0,0,2,0,0
5521907,0,0,0,0,0,0,0,0,0,0,0,0,0,0,0,2,0,0
5521917,0,0,0,0,0,0,0,0,0,0,0,0,0,0,0,2,0,0
5521927,0,0,0,0,0,0,0,0,0,0,0,0,0,0,0,2,0,0
5521937,0,0,0,0,0,0,0,0,0,0,0,0,0,0,0,2,0,0
5521947,0,0,0,0,0,0,0,0,0,0,0,0,0,0,0,2,0,0
5521957,0,0,0,0,0,0,0,0,0,0,0,0,0,0,0,2,0,0
5521967,0,0,0,0,0,0,0,0,0,0,0,0,0,0,0,2,0,0
5521977,0,0,0,0,0,0,0,0,0,0,0,0,0,0,0,2,0,0
5521987,0,0,0,0,0,0,0,0,0,0,0,0,0,0,0,2,0,0
5521997,0,0,0,0,0,0,0,0,0,0,0,0,0,0,0,2,0,0
5522007,0,0,0,0,0,0,0,0,0,0,0,0,0,0,0,2,0,0
5522017,0,0,0,0,0,0,0,0,0,0,0,0,0,0,0,2,0,0
5522027,0,0,0,0,0,0,0,0,0,0,0,0,0,0,0,2,0,0
5522037,0,0,0,0,0,0,0,0,0,0,0,0,0,0,0,2,0,0
5522047,0,0,0,0,0,0,0,0,0,0,0,0,0,0,0,2,0,0
5522057,0,0,0,0,0,0,0,0,0,0,0,0,0,0,0,2,0,0
5522067,0,0,0,0,0,0,0,0,0,0,0,0,0,0,0,2,0,0
5522077,0,0,0,0,0,0,0,0,0,0,0,0,0,0,0,2,0,0
5522087,0,0,0,0,0,0,0,0,0,0,0,0,0,0,0,2,0,0
5522097,0,0,0,0,0,0,0,0,0,0,0,0,0,0,0,2,0,0
5522107,0,0,0,0,0,0,0,0,0,0,0,0,0,0,0,2,0,0
5522117,0,0,0,0,0,0,0,0,0,0,0,0,0,0,0,2,0,0
5522127,0,0,0,0,0,0,0,0,0,0,0,0,0,0,0,2,0,0
5522137,0,0,0,0,0,0,0,0,0,0,0,0,0,0,0,2,0,0
5522147,0,0,0,0,0,0,0,0,0,0,0,0,0,0,0,2,0,0
5522157,0,0,0,0,0,0,0,0,0,0,0,0,0,0,0,2,0,0
5522167,0,0,0,0,0,0,0,0,0,0,0,0,0,0,0,2,0,0
5522177,0,0,0,0,0,0,0,0,0,0,0,0,0,0,0,2,0,0
5522187,0,0,0,0,0,0,0,0,0,0,0,0,0,0,0,2,0,0
5522197,0,0,0,0,0,0,0,0,0,0,0,0,0,0,0,2,0,0
5522207,0,0,0,0,0,0,0,0,0,0,0,0,0,0,0,2,0,0
5522217,0,0,0,0,0,0,0,0,0,0,0,0,0,0,0,2,0,0
5522227,0,0,0,0,0,0,0,0,0,0,0,0,0,0,0,2,0,0
5522237,0,0,0,0,0,0,0,0,0,0,0,0,0,0,0,2,0,0
5522247,0,0,0,0,0,0,0,0,0,0,0,0,0,0,0,2,0,0
5522257,0,0,0,0,0,0,0,0,0,0,0,0,0,0,0,2,0,0
5522267,0,0,0,0,0,0,0,0,0,0,0,0,0,0,0,2,0,0
5522277,0,0,0,0,0,0,0,0,0,0,0,0,0,0,0,2,0,0
5522287,0,0,0,0,0,0,0,0,0,0,0,0,0,0,0,2,0,0
5522297,0,0,0,0,0,0,0,0,0,0,0,0,0,0,0,2,0,0
5522307,0,0,0,0,0,0,0,0,0,0,0,0,0,0,0,2,0,0
5522317,0,0,0,0,0,0,0,0,0,0,0,0,0,0,0,2,0,0
5522327,0,0,0,0,0,0,0,0,0,0,0,0,0,0,0,2,0,0
5522337,0,0,0,0,0,0,0,0,0,0,0,0,0,0,0,2,0,0
5522347,0,0,0,0,0,0,0,0,0,0,0,0,0,0,0,2,0,0
5522357,0,0,0,0,0,0,0,0,0,0,0,0,0,0,0,2,0,0
5522367,0,0,0,0,0,0,0,0,0,0,0,0,0,0,0,2,0,0
5522377,0,0,0,0,0,0,0,0,0,0,0,0,0,0,0,2,0,0
5522387,0,0,0,0,0,0,0,0,0,0,0,0,0,0,0,2,0,0
5522397,0,0,0,0,0,0,0,0,0,0,0,0,0,0,0,2,0,0
5522407,0,0,0,0,0,0,0,0,0,0,0,0,0,0,0,2,0,0
5522417,0,0,0,0,0,0,0,0,0,0,0,0,0,0,0,2,0,0
5522427,0,0,0,0,0,0,0,0,0,0,0,0,0,0,0,2,0,0
5522437,0,0,0,0,0,0,0,0,0,0,0,0,0,0,0,2,0,0
5522447,0,0,0,0,0,0,0,0,0,0,0,0,0,0,0,2,0,0
5522457,0,0,0,0,0,0,0,0,0,0,0,0,0,0,0,2,0,0
5522467,0,0,0,0,0,0,0,0,0,0,0,0,0,0,0,2,0,0
5522477,0,0,0,0,0,0,0,0,0,0,0,0,0,0,0,2,0,0
5522487,0,0,0,0,0,0,0,0,0,0,0,0,0,0,0,2,0,0
5522497,0,0,0,0,0,0,0,0,0,0,0,0,0,0,0,2,0,0
5522507,0,0,0,0,0,0,0,0,0,0,0,0,0,0,0,2,0,0
5522517,0,0,0,0,0,0,0,0,0,0,0,0,0,0,0,2,0,0
5522527,0,0,0,0,0,0,0,0,0,0,0,0,0,0,0,2,0,0
5522537,0,0,0,0,0,0,0,0,0,0,0,0,0,0,0,2,0,0
5522547,0,0,0,0,0,0,0,0,0,0,0,0,0,0,0,2,0,0
5522557,0,0,0,0,0,0,0,0,0,0,0,0,0,0,0,2,0,0
5522567,0,0,0,0,0,0,0,0,0,0,0,0,0,0,0,2,0,0
5522577,0,0,0,0,0,0,0,0,0,0,0,0,0,0,0,2,0,0
5522587,0,0,0,0,0,0,0,0,0,0,0,0,0,0,0,2,0,0
5522597,0,0,0,0,0,0,0,0,0,0,0,0,0,0,0,2,0,0
5522607,0,0,0,0,0,0,0,0,0,0,0,0,0,0,0,2,0,0
5522617,0,0,0,0,0,0,0,0,0,0,0,0,0,0,0,2,0,0
5522627,0,0,0,0,0,0,0,0,0,0,0,0,0,0,0,2,0,0
5522637,0,0,0,0,0,0,0,0,0,0,0,0,0,0,0,2,0,0
5522647,0,0,0,0,0,0,0,0,0,0,0,0,0,0,0,2,0,0
5522657,0,0,0,0,0,0,0,0,0,0,0,0,0,0,0,2,0,0
5522667,0,0,0,0,0,0,0,0,0,0,0,0,0,0,0,2,0,0
5522677,0,0,0,0,0,0,0,0,0,0,0,0,0,0,0,2,0,0
5522687,0,0,0,0,0,0,0,0,0,0,0,0,0,0,0,2,0,0
5522697,0,0,0,0,0,0,0,0,0,0,0,0,0,0,0,2,0,0
5522707,0,0,0,0,0,0,0,0,0,0,0,0,0,0,0,2,0,0
5522717,0,0,0,0,0,0,0,0,0,0,0,0,0,0,0,2,0,0
5522727,0,0,0,0,0,0,0,0,0,0,0,0,0,0,0,2,0,0
5522737,0,0,0,0,0,0,0,0,0,0,0,0,0,0,0,2,0,0
5522747,0,0,0,0,0,0,0,0,0,0,0,0,0,0,0,2,0,0
5522757,0,0,0,0,0,0,0,0,0,0,0,0,0,0,0,2,0,0
5522767,0,0,0,0,0,0,0,0,0,0,0,0,0,0,0,2,0,0
5522777,0,0,0,0,0,0,0,0,0,0,0,0,0,0,0,2,0,0
5522787,0,0,0,0,0,0,0,0,0,0,0,0,0,0,0,2,0,0
5522797,0,0,0,0,0,0,0,0,0,0,0,0,0,0,0,2,0,0
5522807,0,0,0,0,0,0,0,0,0,0,0,0,0,0,0,2,0,0
5522817,0,0,0,0,0,0,0,0,0,0,0,0,0,0,0,2,0,0
5522827,0,0,0,0,0,0,0,0,0,0,0,0,0,0,0,2,0,0
5522837,0,0,0,0,0,0,0,0,0,0,0,0,0,0,0,2,0,0
5522847,0,0,0,0,0,0,0,0,0,0,0,0,0,0,0,2,0,0
5522857,0,0,0,0,0,0,0,0,0,0,0,0,0,0,0,2,0,0
5522867,0,0,0,0,0,0,0,0,0,0,0,0,0,0,0,2,0,0
5522877,0,0,0,0,0,0,0,0,0,0,0,0,0,0,0,2,0,0
5522887,0,0,0,0,0,0,0,0,0,0,0,0,0,0,0,2,0,0
5522897,0,0,0,0,0,0,0,0,0,0,0,0,0,0,0,2,0,0
5522907,0,0,0,0,0,0,0,0,0,0,0,0,0,0,0,2,0,0
5522917,0,0,0,0,0,0,0,0,0,0,0,0,0,0,0,2,0,0
5522927,0,0,0,0,0,0,0,0,0,0,0,0,0,0,0,2,0,0
5522937,0,0,0,0,0,0,0,0,0,0,0,0,0,0,0,2,0,0
5522947,0,0,0,0,0,0,0,0,0,0,0,0,0,0,0,2,0,0
5522957,0,0,0,0,0,0,0,0,0,0,0,0,0,0,0,2,0,0
5522967,0,0,0,0,0,0,0,0,0,0,0,0,0,0,0,2,0,0
5522977,0,0,0,0,0,0,0,0,0,0,0,0,0,0,0,2,0,0
5522987,0,0,0,0,0,0,0,0,0,0,0,0,0,0,0,2,0,0
5522997,0,0,0,0,0,0,0,0,0,0,0,0,0,0,0,2,0,0
5523007,0,0,0,0,0,0,0,0,0,0,0,0,0,0,0,2,0,0
5523017,0,0,0,0,0,0,0,0,0,0,0,0,0,0,0,2,0,0
5523027,0,0,0,0,0,0,0,0,0,0,0,0,0,0,0,2,0,0
5523037,0,0,0,0,0,0,0,0,0,0,0,0,0,0,0,2,0,0
5523047,0,0,0,0,0,0,0,0,0,0,0,0,0,0,0,2,0,0
5523057,0,0,0,0,0,0,0,0,0,0,0,0,0,0,0,2,0,0
5523067,0,0,0,0,0,0,0,0,0,0,0,0,0,0,0,2,0,0
5523077,0,0,0,0,0,0,0,0,0,0,0,0,0,0,0,2,0,0
5523087,0,0,0,0,0,0,0,0,0,0,0,0,0,0,0,2,0,0
5523097,0,0,0,0,0,0,0,0,0,0,0,0,0,0,0,2,0,0
5523107,0,0,0,0,0,0,0,0,0,0,0,0,0,0,0,2,0,0
5523117,0,0,0,0,0,0,0,0,0,0,0,0,0,0,0,2,0,0
5523127,0,0,0,0,0,0,0,0,0,0,0,0,0,0,0,2,0,0
5523137,0,0,0,0,0,0,0,0,0,0,0,0,0,0,0,2,0,0
5523147,0,0,0,0,0,0,0,0,0,0,0,0,0,0,0,2,0,0
5523157,0,0,0,0,0,0,0,0,0,0,0,0,0,0,0,2,0,0
5523167,0,0,0,0,0,0,0,0,0,0,0,0,0,0,0,2,0,0
5523177,0,0,0,0,0,0,0,0,0,0,0,0,0,0,0,2,0,0
5523187,0,0,0,0,0,0,0,0,0,0,0,0,0,0,0,2,0,0
5523197,0,0,0,0,0,0,0,0,0,0,0,0,0,0,0,2,0,0
5523207,0,0,0,0,0,0,0,0,0,0,0,0,0,0,0,2,0,0
5523217,0,0,0,0,0,0,0,0,0,0,0,0,0,0,0,2,0,0
5523227,0,0,0,0,0,0,0,0,0,0,0,0,0,0,0,2,0,0
5523237,0,0,0,0,0,0,0,0,0,0,0,0,0,0,0,2,0,0
5523247,0,0,0,0,0,0,0,0,0,0,0,0,0,0,0,2,0,0
5523257,0,0,0,0,0,0,0,0,0,0,0,0,0,0,0,2,0,0
5523267,0,0,0,0,0,0,0,0,0,0,0,0,0,0,0,2,0,0
5523277,0,0,0,0,0,0,0,0,0,0,0,0,0,0,0,2,0,0
5523287,0,0,0,0,0,0,0,0,0,0,0,0,0,0,0,2,0,0
5523297,0,0,0,0,0,0,0,0,0,0,0,0,0,0,0,2,0,0
5523307,0,0,0,0,0,0,0,0,0,0,0,0,0,0,0,2,0,0
5523317,0,0,0,0,0,0,0,0,0,0,0,0,0,0,0,2,0,0
5523327,0,0,0,0,0,0,0,0,0,0,0,0,0,0,0,2,0,0
5523337,0,0,0,0,0,0,0,0,0,0,0,0,0,0,0,2,0,0
5523347,0,0,0,0,0,0,0,0,0,0,0,0,0,0,0,2,0,0
5523357,0,0,0,0,0,0,0,0,0,0,0,0,0,0,0,2,0,0
5523367,0,0,0,0,0,0,0,0,0,0,0,0,0,0,0,2,0,0
5523377,0,0,0,0,0,0,0,0,0,0,0,0,0,0,0,2,0,0
5523387,0,0,0,0,0,0,0,0,0,0,0,0,0,0,0,2,0,0
5523397,0,0,0,0,0,0,0,0,0,0,0,0,0,0,0,2,0,0
5523407,0,0,0,0,0,0,0,0,0,0,0,0,0,0,0,2,0,0
5523417,0,0,0,0,0,0,0,0,0,0,0,0,0,0,0,2,0,0
5523427,0,0,0,0,0,0,0,0,0,0,0,0,0,0,0,2,0,0
5523437,0,0,0,0,0,0,0,0,0,0,0,0,0,0,0,2,0,0
5523447,0,0,0,0,0,0,0,0,0,0,0,0,0,0,0,2,0,0
5523457,0,0,0,0,0,0,0,0,0,0,0,0,0,0,0,2,0,0
5523467,0,0,0,0,0,0,0,0,0,0,0,0,0,0,0,2,0,0
5523477,0,0,0,0,0,0,0,0,0,0,0,0,0,0,0,2,0,0
5523487,0,0,0,0,0,0,0,0,0,0,0,0,0,0,0,2,0,0
5523500,0,0,0,0,0,0,0,0,0,0,0,0,0,0,0,2,0,0
5523508,0,0,0,0,0,0,0,0,0,0,0,0,0,0,0,2,0,0
5523518,0,0,0,0,0,0,0,0,0,0,0,0,0,0,0,2,0,0
5523527,0,0,0,0,0,0,0,0,0,0,0,0,0,0,0,2,0,0
5523537,0,0,0,0,0,0,0,0,0,0,0,0,0,0,0,2,0,0
5523547,0,0,0,0,0,0,0,0,0,0,0,0,0,0,0,2,0,0
5523557,0,0,0,0,0,0,0,0,0,0,0,0,0,0,0,2,0,0
5523567,0,0,0,0,0,0,0,0,0,0,0,0,0,0,0,2,0,0
5523577,0,0,0,0,0,0,0,0,0,0,0,0,0,0,0,2,0,0
5523588,0,0,0,0,0,0,0,0,0,0,0,0,0,0,0,2,0,0
5523597,0,0,0,0,0,0,0,0,0,0,0,0,0,0,0,2,0,0
5523608,0,0,0,0,0,0,0,0,0,0,0,0,0,0,0,2,0,0
5523617,0,0,0,0,0,0,0,0,0,0,0,0,0,0,0,2,0,0
5523627,0,0,0,0,0,0,0,0,0,0,0,0,0,0,0,2,0,0
5523638,0,0,0,0,0,0,0,0,0,0,0,0,0,0,0,2,0,0
5523647,0,0,0,0,0,0,0,0,0,0,0,0,0,0,0,2,0,0
5523657,0,0,0,0,0,0,0,0,0,0,0,0,0,0,0,2,0,0
5523667,0,0,0,0,0,0,0,0,0,0,0,0,0,0,0,2,0,0
5523677,0,0,0,0,0,0,0,0,0,0,0,0,0,0,0,2,0,0
5523687,0,0,0,0,0,0,0,0,0,0,0,0,0,0,0,2,0,0
5523697,0,0,0,0,0,0,0,0,0,0,0,0,0,0,0,2,0,0
5523707,0,0,0,0,0,0,0,0,0,0,0,0,0,0,0,2,0,0
5523717,0,0,0,0,0,0,0,0,0,0,0,0,0,0,0,2,0,0
5523727,0,0,0,0,0,0,0,0,0,0,0,0,0,0,0,2,0,0
5523737,0,0,0,0,0,0,0,0,0,0,0,0,0,0,0,2,0,0
5523747,0,0,0,0,0,0,0,0,0,0,0,0,0,0,0,2,0,0
5523757,0,0,0,0,0,0,0,0,0,0,0,0,0,0,0,2,0,0
5523767,0,0,0,0,0,0,0,0,0,0,0,0,0,0,0,2,0,0
5523777,0,0,0,0,0,0,0,0,0,0,0,0,0,0,0,2,0,0
5523787,0,0,0,0,0,0,0,0,0,0,0,0,0,0,0,2,0,0
5523797,0,0,0,0,0,0,0,0,0,0,0,0,0,0,0,2,0,0
5523807,0,0,0,0,0,0,0,0,0,0,0,0,0,0,0,2,0,0
5523817,0,0,0,0,0,0,0,0,0,0,0,0,0,0,0,2,0,0
5523827,0,0,0,0,0,0,0,0,0,0,0,0,0,0,0,2,0,0
5523837,0,0,0,0,0,0,0,0,0,0,0,0,0,0,0,2,0,0
5523847,0,0,0,0,0,0,0,0,0,0,0,0,0,0,0,2,0,0
5523857,0,0,0,0,0,0,0,0,0,0,0,0,0,0,0,2,0,0
5523867,0,0,0,0,0,0,0,0,0,0,0,0,0,0,0,2,0,0
5523877,0,0,0,0,0,0,0,0,0,0,0,0,0,0,0,2,0,0
5523887,0,0,0,0,0,0,0,0,0,0,0,0,0,0,0,2,0,0
5523897,0,0,0,0,0,0,0,0,0,0,0,0,0,0,0,2,0,0
5523907,0,0,0,0,0,0,0,0,0,0,0,0,0,0,0,2,0,0
5523917,0,0,0,0,0,0,0,0,0,0,0,0,0,0,0,2,0,0
5523927,0,0,0,0,0,0,0,0,0,0,0,0,0,0,0,2,0,0
5523937,0,0,0,0,0,0,0,0,0,0,0,0,0,0,0,2,0,0
5523947,0,0,0,0,0,0,0,0,0,0,0,0,0,0,0,2,0,0
5523957,0,0,0,0,0,0,0,0,0,0,0,0,0,0,0,2,0,0
5523967,0,0,0,0,0,0,0,0,0,0,0,0,0,0,0,2,0,0
5523977,0,0,0,0,0,0,0,0,0,0,0,0,0,0,0,2,0,0
5523987,0,0,0,0,0,0,0,0,0,0,0,0,0,0,0,2,0,0
5523997,0,0,0,0,0,0,0,0,0,0,0,0,0,0,0,2,0,0
5524007,0,0,0,0,0,0,0,0,0,0,0,0,0,0,0,2,0,0
5524017,0,0,0,0,0,0,0,0,0,0,0,0,0,0,0,2,0,0
5524027,0,0,0,0,0,0,0,0,0,0,0,0,0,0,0,2,0,0
5524037,0,0,0,0,0,0,0,0,0,0,0,0,0,0,0,2,0,0
5524047,0,0,0,0,0,0,0,0,0,0,0,0,0,0,0,2,0,0
5524057,0,0,0,0,0,0,0,0,0,0,0,0,0,0,0,2,0,0
5524067,0,0,0,0,0,0,0,0,0,0,0,0,0,0,0,2,0,0
5524077,0,0,0,0,0,0,0,0,0,0,0,0,0,0,0,2,0,0
5524087,0,0,0,0,0,0,0,0,0,0,0,0,0,0,0,2,0,0
5524097,0,0,0,0,0,0,0,0,0,0,0,0,0,0,0,2,0,0
5524107,0,0,0,0,0,0,0,0,0,0,0,0,0,0,0,2,0,0
5524117,0,0,0,0,0,0,0,0,0,0,0,0,0,0,0,2,0,0
5524127,0,0,0,0,0,0,0,0,0,0,0,0,0,0,0,2,0,0
5524137,0,0,0,0,0,0,0,0,0,0,0,0,0,0,0,2,0,0
5524147,0,0,0,0,0,0,0,0,0,0,0,0,0,0,0,2,0,0
5524157,0,0,0,0,0,0,0,0,0,0,0,0,0,0,0,2,0,0
5524167,0,0,0,0,0,0,0,0,0,0,0,0,0,0,0,2,0,0
5524177,0,0,0,0,0,0,0,0,0,0,0,0,0,0,0,2,0,0
5524187,0,0,0,0,0,0,0,0,0,0,0,0,0,0,0,2,0,0
5524197,0,0,0,0,0,0,0,0,0,0,0,0,0,0,0,2,0,0
5524207,0,0,0,0,0,0,0,0,0,0,0,0,0,0,0,2,0,0
5524217,0,0,0,0,0,0,0,0,0,0,0,0,0,0,0,2,0,0
5524227,0,0,0,0,0,0,0,0,0,0,0,0,0,0,0,2,0,0
5524237,0,0,0,0,0,0,0,0,0,0,0,0,0,0,0,2,0,0
5524247,0,0,0,0,0,0,0,0,0,0,0,0,0,0,0,2,0,0
5524257,0,0,0,0,0,0,0,0,0,0,0,0,0,0,0,2,0,0
5524267,0,0,0,0,0,0,0,0,0,0,0,0,0,0,0,2,0,0
5524277,0,0,0,0,0,0,0,0,0,0,0,0,0,0,0,2,0,0
5524287,0,0,0,0,0,0,0,0,0,0,0,0,0,0,0,2,0,0
5524297,0,0,0,0,0,0,0,0,0,0,0,0,0,0,0,2,0,0
5524307,0,0,0,0,0,0,0,0,0,0,0,0,0,0,0,2,0,0
5524317,0,0,0,0,0,0,0,0,0,0,0,0,0,0,0,2,0,0
5524327,0,0,0,0,0,0,0,0,0,0,0,0,0,0,0,2,0,0
5524337,0,0,0,0,0,0,0,0,0,0,0,0,0,0,0,2,0,0
5524347,0,0,0,0,0,0,0,0,0,0,0,0,0,0,0,2,0,0
5524357,0,0,0,0,0,0,0,0,0,0,0,0,0,0,0,2,0,0
5524367,0,0,0,0,0,0,0,0,0,0,0,0,0,0,0,2,0,0
5524377,0,0,0,0,0,0,0,0,0,0,0,0,0,0,0,2,0,0
5524387,0,0,0,0,0,0,0,0,0,0,0,0,0,0,0,2,0,0
5524397,0,0,0,0,0,0,0,0,0,0,0,0,0,0,0,2,0,0
5524407,0,0,0,0,0,0,0,0,0,0,0,0,0,0,0,2,0,0
5524417,0,0,0,0,0,0,0,0,0,0,0,0,0,0,0,2,0,0
5524427,0,0,0,0,0,0,0,0,0,0,0,0,0,0,0,2,0,0
5524437,0,0,0,0,0,0,0,0,0,0,0,0,0,0,0,2,0,0
5524447,0,0,0,0,0,0,0,0,0,0,0,0,0,0,0,2,0,0
5524457,0,0,0,0,0,0,0,0,0,0,0,0,0,0,0,2,0,0
5524467,0,0,0,0,0,0,0,0,0,0,0,0,0,0,0,2,0,0
5524477,0,0,0,0,0,0,0,0,0,0,0,0,0,0,0,2,0,0
5524487,0,0,0,0,0,0,0,0,0,0,0,0,0,0,0,2,0,0
5524497,0,0,0,0,0,0,0,0,0,0,0,0,0,0,0,2,0,0
5524507,0,0,0,0,0,0,0,0,0,0,0,0,0,0,0,2,0,0
5524517,0,0,0,0,0,0,0,0,0,0,0,0,0,0,0,2,0,0
5524527,0,0,0,0,0,0,0,0,0,0,0,0,0,0,0,2,0,0
5524537,0,0,0,0,0,0,0,0,0,0,0,0,0,0,0,2,0,0
5524547,0,0,0,0,0,0,0,0,0,0,0,0,0,0,0,2,0,0
5524557,0,0,0,0,0,0,0,0,0,0,0,0,0,0,0,2,0,0
5524567,0,0,0,0,0,0,0,0,0,0,0,0,0,0,0,2,0,0
5524577,0,0,0,0,0,0,0,0,0,0,0,0,0,0,0,2,0,0
5524587,0,0,0,0,0,0,0,0,0,0,0,0,0,0,0,2,0,0
5524597,0,0,0,0,0,0,0,0,0,0,0,0,0,0,0,2,0,0
5524607,0,0,0,0,0,0,0,0,0,0,0,0,0,0,0,2,0,0
5524618,0,0,0,0,0,0,0,0,0,0,0,0,0,0,0,2,0,0
5524628,0,0,0,0,0,0,0,0,0,0,0,0,0,0,0,2,0,0
5524638,0,0,0,0,0,0,0,0,0,0,0,0,0,0,0,2,0,0
5524648,0,0,0,0,0,0,0,0,0,0,0,0,0,0,0,2,0,0
5524658,0,0,0,0,0,0,0,0,0,0,0,0,0,0,0,2,0,0
5524668,0,0,0,0,0,0,0,0,0,0,0,0,0,0,0,2,0,0
5524678,0,0,0,0,0,0,0,0,0,0,0,0,0,0,0,2,0,0
5524688,0,0,0,0,0,0,0,0,0,0,0,0,0,0,0,2,0,0
5524698,0,0,0,0,0,0,0,0,0,0,0,0,0,0,0,2,0,0
5524708,0,0,0,0,0,0,0,0,0,0,0,0,0,0,0,2,0,0
5524718,0,0,0,0,0,0,0,0,0,0,0,0,0,0,0,2,0,0
5524728,0,0,0,0,0,0,0,0,0,0,0,0,0,0,0,2,0,0
5524738,0,0,0,0,0,0,0,0,0,0,0,0,0,0,0,2,0,0
5524748,0,0,0,0,0,0,0,0,0,0,0,0,0,0,0,2,0,0
5524758,0,0,0,0,0,0,0,0,0,0,0,0,0,0,0,2,0,0
5524768,0,0,0,0,0,0,0,0,0,0,0,0,0,0,0,2,0,0
5524778,0,0,0,0,0,0,0,0,0,0,0,0,0,0,0,2,0,0
5524788,0,0,0,0,0,0,0,0,0,0,0,0,0,0,0,2,0,0
5524798,0,0,0,0,0,0,0,0,0,0,0,0,0,0,0,2,0,0
5524808,0,0,0,0,0,0,0,0,0,0,0,0,0,0,0,2,0,0
5524818,0,0,0,0,0,0,0,0,0,0,0,0,0,0,0,2,0,0
5524828,0,0,0,0,0,0,0,0,0,0,0,0,0,0,0,2,0,0
5524838,0,0,0,0,0,0,0,0,0,0,0,0,0,0,0,2,0,0
5524848,0,0,0,0,0,0,0,0,0,0,0,0,0,0,0,2,0,0
5524858,0,0,0,0,0,0,0,0,0,0,0,0,0,0,0,2,0,0
5524868,0,0,0,0,0,0,0,0,0,0,0,0,0,0,0,2,0,0
5524878,0,0,0,0,0,0,0,0,0,0,0,0,0,0,0,2,0,0
5524888,0,0,0,0,0,0,0,0,0,0,0,0,0,0,0,2,0,0
5524898,0,0,0,0,0,0,0,0,0,0,0,0,0,0,0,2,0,0
5524908,0,0,0,0,0,0,0,0,0,0,0,0,0,0,0,2,0,0
5524918,0,0,0,0,0,0,0,0,0,0,0,0,0,0,0,2,0,0
5524928,0,0,0,0,0,0,0,0,0,0,0,0,0,0,0,2,0,0
5524938,0,0,0,0,0,0,0,0,0,0,0,0,0,0,0,2,0,0
5524948,0,0,0,0,0,0,0,0,0,0,0,0,0,0,0,2,0,0
5524958,0,0,0,0,0,0,0,0,0,0,0,0,0,0,0,2,0,0
5524968,0,0,0,0,0,0,0,0,0,0,0,0,0,0,0,2,0,0
5524978,0,0,0,0,0,0,0,0,0,0,0,0,0,0,0,2,0,0
5524988,0,0,0,0,0,0,0,0,0,0,0,0,0,0,0,2,0,0
5524998,0,0,0,0,0,0,0,0,0,0,0,0,0,0,0,2,0,0
5525008,0,0,0,0,0,0,0,0,0,0,0,0,0,0,0,2,0,0
5525018,0,0,0,0,0,0,0,0,0,0,0,0,0,0,0,2,0,0
5525028,0,0,0,0,0,0,0,0,0,0,0,0,0,0,0,2,0,0
5525038,0,0,0,0,0,0,0,0,0,0,0,0,0,0,0,2,0,0
5525048,0,0,0,0,0,0,0,0,0,0,0,0,0,0,0,2,0,0
5525058,0,0,0,0,0,0,0,0,0,0,0,0,0,0,0,2,0,0
5525068,0,0,0,0,0,0,0,0,0,0,0,0,0,0,0,2,0,0
5525078,0,0,0,0,0,0,0,0,0,0,0,0,0,0,0,2,0,0
5525088,0,0,0,0,0,0,0,0,0,0,0,0,0,0,0,2,0,0
5525098,0,0,0,0,0,0,0,0,0,0,0,0,0,0,0,2,0,0
5525108,0,0,0,0,0,0,0,0,0,0,0,0,0,0,0,2,0,0
5525118,0,0,0,0,0,0,0,0,0,0,0,0,0,0,0,2,0,0
5525128,0,0,0,0,0,0,0,0,0,0,0,0,0,0,0,2,0,0
5525138,0,0,0,0,0,0,0,0,0,0,0,0,0,0,0,2,0,0
5525148,0,0,0,0,0,0,0,0,0,0,0,0,0,0,0,2,0,0
5525158,0,0,0,0,0,0,0,0,0,0,0,0,0,0,0,2,0,0
5525168,0,0,0,0,0,0,0,0,0,0,0,0,0,0,0,2,0,0
5525178,0,0,0,0,0,0,0,0,0,0,0,0,0,0,0,2,0,0
5525188,0,0,0,0,0,0,0,0,0,0,0,0,0,0,0,2,0,0
5525198,0,0,0,0,0,0,0,0,0,0,0,0,0,0,0,2,0,0
5525208,0,0,0,0,0,0,0,0,0,0,0,0,0,0,0,2,0,0
5525218,0,0,0,0,0,0,0,0,0,0,0,0,0,0,0,2,0,0
5525228,0,0,0,0,0,0,0,0,0,0,0,0,0,0,0,2,0,0
5525238,0,0,0,0,0,0,0,0,0,0,0,0,0,0,0,2,0,0
5525248,0,0,0,0,0,0,0,0,0,0,0,0,0,0,0,2,0,0
5525258,0,0,0,0,0,0,0,0,0,0,0,0,0,0,0,2,0,0
5525268,0,0,0,0,0,0,0,0,0,0,0,0,0,0,0,2,0,0
5525278,0,0,0,0,0,0,0,0,0,0,0,0,0,0,0,2,0,0
5525288,0,0,0,0,0,0,0,0,0,0,0,0,0,0,0,2,0,0
5525298,0,0,0,0,0,0,0,0,0,0,0,0,0,0,0,2,0,0
5525308,0,0,0,0,0,0,0,0,0,0,0,0,0,0,0,2,0,0
5525318,0,0,0,0,0,0,0,0,0,0,0,0,0,0,0,2,0,0
5525328,0,0,0,0,0,0,0,0,0,0,0,0,0,0,0,2,0,0
5525338,0,0,0,0,0,0,0,0,0,0,0,0,0,0,0,2,0,0
5525348,0,0,0,0,0,0,0,0,0,0,0,0,0,0,0,2,0,0
5525358,0,0,0,0,0,0,0,0,0,0,0,0,0,0,0,2,0,0
5525368,0,0,0,0,0,0,0,0,0,0,0,0,0,0,0,2,0,0
5525378,0,0,0,0,0,0,0,0,0,0,0,0,0,0,0,2,0,0
5525388,0,0,0,0,0,0,0,0,0,0,0,0,0,0,0,2,0,0
5525398,0,0,0,0,0,0,0,0,0,0,0,0,0,0,0,2,0,0
5525408,0,0,0,0,0,0,0,0,0,0,0,0,0,0,0,2,0,0
5525418,0,0,0,0,0,0,0,0,0,0,0,0,0,0,0,2,0,0
5525428,0,0,0,0,0,0,0,0,0,0,0,0,0,0,0,2,0,0
5525438,0,0,0,0,0,0,0,0,0,0,0,0,0,0,0,2,0,0
5525448,0,0,0,0,0,0,0,0,0,0,0,0,0,0,0,2,0,0
5525458,0,0,0,0,0,0,0,0,0,0,0,0,0,0,0,2,0,0
5525468,0,0,0,0,0,0,0,0,0,0,0,0,0,0,0,2,0,0
5525478,0,0,0,0,0,0,0,0,0,0,0,0,0,0,0,2,0,0
5525488,0,0,0,0,0,0,0,0,0,0,0,0,0,0,0,2,0,0
5525498,0,0,0,0,0,0,0,0,0,0,0,0,0,0,0,2,0,0
5525508,0,0,0,0,0,0,0,0,0,0,0,0,0,0,0,2,0,0
5525518,0,0,0,0,0,0,0,0,0,0,0,0,0,0,0,2,0,0
5525528,0,0,0,0,0,0,0,0,0,0,0,0,0,0,0,2,0,0
5525538,0,0,0,0,0,0,0,0,0,0,0,0,0,0,0,2,0,0
5525548,0,0,0,0,0,0,0,0,0,0,0,0,0,0,0,2,0,0
5525558,0,0,0,0,0,0,0,0,0,0,0,0,0,0,0,2,0,0
5525568,0,0,0,0,0,0,0,0,0,0,0,0,0,0,0,2,0,0
5525578,0,0,0,0,0,0,0,0,0,0,0,0,0,0,0,2,0,0
5525588,0,0,0,0,0,0,0,0,0,0,0,0,0,0,0,2,0,0
5525598,0,0,0,0,0,0,0,0,0,0,0,0,0,0,0,2,0,0
5525608,0,0,0,0,0,0,0,0,0,0,0,0,0,0,0,2,0,0
5525618,0,0,0,0,0,0,0,0,0,0,0,0,0,0,0,2,0,0
5525628,0,0,0,0,0,0,0,0,0,0,0,0,0,0,0,2,0,0
5525638,0,0,0,0,0,0,0,0,0,0,0,0,0,0,0,2,0,0
5525648,0,0,0,0,0,0,0,0,0,0,0,0,0,0,0,2,0,0
5525658,0,0,0,0,0,0,0,0,0,0,0,0,0,0,0,2,0,0
5525668,0,0,0,0,0,0,0,0,0,0,0,0,0,0,0,2,0,0
5525678,0,0,0,0,0,0,0,0,0,0,0,0,0,0,0,2,0,0
5525688,0,0,0,0,0,0,0,0,0,0,0,0,0,0,0,2,0,0
5525698,0,0,0,0,0,0,0,0,0,0,0,0,0,0,0,2,0,0
5525708,0,0,0,0,0,0,0,0,0,0,0,0,0,0,0,2,0,0
5525718,0,0,0,0,0,0,0,0,0,0,0,0,0,0,0,2,0,0
5525728,0,0,0,0,0,0,0,0,0,0,0,0,0,0,0,2,0,0
5525738,0,0,0,0,0,0,0,0,0,0,0,0,0,0,0,2,0,0
5525748,0,0,0,0,0,0,0,0,0,0,0,0,0,0,0,2,0,0
5525758,0,0,0,0,0,0,0,0,0,0,0,0,0,0,0,2,0,0
5525768,0,0,0,0,0,0,0,0,0,0,0,0,0,0,0,2,0,0
5525778,0,0,0,0,0,0,0,0,0,0,0,0,0,0,0,2,0,0
5525788,0,0,0,0,0,0,0,0,0,0,0,0,0,0,0,2,0,0
5525798,0,0,0,0,0,0,0,0,0,0,0,0,0,0,0,2,0,0
5525808,0,0,0,0,0,0,0,0,0,0,0,0,0,0,0,2,0,0
5525818,0,0,0,0,0,0,0,0,0,0,0,0,0,0,0,2,0,0
5525828,0,0,0,0,0,0,0,0,0,0,0,0,0,0,0,2,0,0
5525838,0,0,0,0,0,0,0,0,0,0,0,0,0,0,0,2,0,0
5525848,0,0,0,0,0,0,0,0,0,0,0,0,0,0,0,2,0,0
5525858,0,0,0,0,0,0,0,0,0,0,0,0,0,0,0,2,0,0
5525868,0,0,0,0,0,0,0,0,0,0,0,0,0,0,0,2,0,0
5525878,0,0,0,0,0,0,0,0,0,0,0,0,0,0,0,2,0,0
5525888,0,0,0,0,0,0,0,0,0,0,0,0,0,0,0,2,0,0
5525898,0,0,0,0,0,0,0,0,0,0,0,0,0,0,0,2,0,0
5525908,0,0,0,0,0,0,0,0,0,0,0,0,0,0,0,2,0,0
5525918,0,0,0,0,0,0,0,0,0,0,0,0,0,0,0,2,0,0
5525928,0,0,0,0,0,0,0,0,0,0,0,0,0,0,0,2,0,0
5525938,0,0,0,0,0,0,0,0,0,0,0,0,0,0,0,2,0,0
5525948,0,0,0,0,0,0,0,0,0,0,0,0,0,0,0,2,0,0
5525958,0,0,0,0,0,0,0,0,0,0,0,0,0,0,0,2,0,0
5525968,0,0,0,0,0,0,0,0,0,0,0,0,0,0,0,2,0,0
5525978,0,0,0,0,0,0,0,0,0,0,0,0,0,0,0,2,0,0
5525988,0,0,0,0,0,0,0,0,0,0,0,0,0,0,0,2,0,0
5525998,0,0,0,0,0,0,0,0,0,0,0,0,0,0,0,2,0,0
5526008,0,0,0,0,0,0,0,0,0,0,0,0,0,0,0,2,0,0
5526018,0,0,0,0,0,0,0,0,0,0,0,0,0,0,0,2,0,0
5526028,0,0,0,0,0,0,0,0,0,0,0,0,0,0,0,2,0,0
5526038,0,0,0,0,0,0,0,0,0,0,0,0,0,0,0,2,0,0
5526048,0,0,0,0,0,0,0,0,0,0,0,0,0,0,0,2,0,0
5526058,0,0,0,0,0,0,0,0,0,0,0,0,0,0,0,2,0,0
5526068,0,0,0,0,0,0,0,0,0,0,0,0,0,0,0,2,0,0
5526078,0,0,0,0,0,0,0,0,0,0,0,0,0,0,0,2,0,0
5526088,0,0,0,0,0,0,0,0,0,0,0,0,0,0,0,2,0,0
5526098,0,0,0,0,0,0,0,0,0,0,0,0,0,0,0,2,0,0
5526108,0,0,0,0,0,0,0,0,0,0,0,0,0,0,0,2,0,0
5526118,0,0,0,0,0,0,0,0,0,0,0,0,0,0,0,2,0,0
5526128,0,0,0,0,0,0,0,0,0,0,0,0,0,0,0,2,0,0
5526138,0,0,0,0,0,0,0,0,0,0,0,0,0,0,0,2,0,0
5526148,0,0,0,0,0,0,0,0,0,0,0,0,0,0,0,2,0,0
5526158,0,0,0,0,0,0,0,0,0,0,0,0,0,0,0,2,0,0
5526168,0,0,0,0,0,0,0,0,0,0,0,0,0,0,0,2,0,0
5526178,0,0,0,0,0,0,0,0,0,0,0,0,0,0,0,2,0,0
5526188,0,0,0,0,0,0,0,0,0,0,0,0,0,0,0,2,0,0
5526198,0,0,0,0,0,0,0,0,0,0,0,0,0,0,0,2,0,0
5526208,0,0,0,0,0,0,0,0,0,0,0,0,0,0,0,2,0,0
5526218,0,0,0,0,0,0,0,0,0,0,0,0,0,0,0,2,0,0
5526228,0,0,0,0,0,0,0,0,0,0,0,0,0,0,0,2,0,0
5526238,0,0,0,0,0,0,0,0,0,0,0,0,0,0,0,2,0,0
5526248,0,0,0,0,0,0,0,0,0,0,0,0,0,0,0,2,0,0
5526258,0,0,0,0,0,0,0,0,0,0,0,0,0,0,0,2,0,0
5526268,0,0,0,0,0,0,0,0,0,0,0,0,0,0,0,2,0,0
5526278,0,0,0,0,0,0,0,0,0,0,0,0,0,0,0,2,0,0
5526288,0,0,0,0,0,0,0,0,0,0,0,0,0,0,0,2,0,0
5526298,0,0,0,0,0,0,0,0,0,0,0,0,0,0,0,2,0,0
5526308,0,0,0,0,0,0,0,0,0,0,0,0,0,0,0,2,0,0
5526318,0,0,0,0,0,0,0,0,0,0,0,0,0,0,0,2,0,0
5526328,0,0,0,0,0,0,0,0,0,0,0,0,0,0,0,2,0,0
5526338,0,0,0,0,0,0,0,0,0,0,0,0,0,0,0,2,0,0
5526348,0,0,0,0,0,0,0,0,0,0,0,0,0,0,0,2,0,0
5526358,0,0,0,0,0,0,0,0,0,0,0,0,0,0,0,2,0,0
5526368,0,0,0,0,0,0,0,0,0,0,0,0,0,0,0,2,0,0
5526378,0,0,0,0,0,0,0,0,0,0,0,0,0,0,0,2,0,0
5526388,0,0,0,0,0,0,0,0,0,0,0,0,0,0,0,2,0,0
5526398,0,0,0,0,0,0,0,0,0,0,0,0,0,0,0,2,0,0
5526408,0,0,0,0,0,0,0,0,0,0,0,0,0,0,0,2,0,0
5526418,0,0,0,0,0,0,0,0,0,0,0,0,0,0,0,2,0,0
5526428,0,0,0,0,0,0,0,0,0,0,0,0,0,0,0,2,0,0
5526438,0,0,0,0,0,0,0,0,0,0,0,0,0,0,0,2,0,0
5526448,0,0,0,0,0,0,0,0,0,0,0,0,0,0,0,2,0,0
5526458,0,0,0,0,0,0,0,0,0,0,0,0,0,0,0,2,0,0
5526468,0,0,0,0,0,0,0,0,0,0,0,0,0,0,0,2,0,0
5526478,0,0,0,0,0,0,0,0,0,0,0,0,0,0,0,2,0,0
5526488,0,0,0,0,0,0,0,0,0,0,0,0,0,0,0,2,0,0
5526498,0,0,0,0,0,0,0,0,0,0,0,0,0,0,0,2,0,0
5526508,0,0,0,0,0,0,0,0,0,0,0,0,0,0,0,2,0,0
5526518,0,0,0,0,0,0,0,0,0,0,0,0,0,0,0,2,0,0
5526528,0,0,0,0,0,0,0,0,0,0,0,0,0,0,0,2,0,0
5526538,0,0,0,0,0,0,0,0,0,0,0,0,0,0,0,2,0,0
5526548,0,0,0,0,0,0,0,0,0,0,0,0,0,0,0,2,0,0
5526558,0,0,0,0,0,0,0,0,0,0,0,0,0,0,0,2,0,0
5526568,0,0,0,0,0,0,0,0,0,0,0,0,0,0,0,2,0,0
5526578,0,0,0,0,0,0,0,0,0,0,0,0,0,0,0,2,0,0
5526588,0,0,0,0,0,0,0,0,0,0,0,0,0,0,0,2,0,0
5526598,0,0,0,0,0,0,0,0,0,0,0,0,0,0,0,2,0,0
5526608,0,0,0,0,0,0,0,0,0,0,0,0,0,0,0,2,0,0
5526618,0,0,0,0,0,0,0,0,0,0,0,0,0,0,0,2,0,0
5526628,0,0,0,0,0,0,0,0,0,0,0,0,0,0,0,2,0,0
5526638,0,0,0,0,0,0,0,0,0,0,0,0,0,0,0,2,0,0
5526648,0,0,0,0,0,0,0,0,0,0,0,0,0,0,0,2,0,0
5526658,0,0,0,0,0,0,0,0,0,0,0,0,0,0,0,2,0,0
5526668,0,0,0,0,0,0,0,0,0,0,0,0,0,0,0,2,0,0
5526678,0,0,0,0,0,0,0,0,0,0,0,0,0,0,0,2,0,0
5526688,0,0,0,0,0,0,0,0,0,0,0,0,0,0,0,2,0,0
5526698,0,0,0,0,0,0,0,0,0,0,0,0,0,0,0,2,0,0
5526708,0,0,0,0,0,0,0,0,0,0,0,0,0,0,0,2,0,0
5526718,0,0,0,0,0,0,0,0,0,0,0,0,0,0,0,2,0,0
5526728,0,0,0,0,0,0,0,0,0,0,0,0,0,0,0,2,0,0
5526738,0,0,0,0,0,0,0,0,0,0,0,0,0,0,0,2,0,0
5526748,0,0,0,0,0,0,0,0,0,0,0,0,0,0,0,2,0,0
5526758,0,0,0,0,0,0,0,0,0,0,0,0,0,0,0,2,0,0
5526768,0,0,0,0,0,0,0,0,0,0,0,0,0,0,0,2,0,0
5526778,0,0,0,0,0,0,0,0,0,0,0,0,0,0,0,2,0,0
5526788,0,0,0,0,0,0,0,0,0,0,0,0,0,0,0,2,0,0
5526798,0,0,0,0,0,0,0,0,0,0,0,0,0,0,0,2,0,0
5526808,0,0,0,0,0,0,0,0,0,0,0,0,0,0,0,2,0,0
5526818,0,0,0,0,0,0,0,0,0,0,0,0,0,0,0,2,0,0
5526828,0,0,0,0,0,0,0,0,0,0,0,0,0,0,0,2,0,0
5526838,0,0,0,0,0,0,0,0,0,0,0,0,0,0,0,2,0,0
5526848,0,0,0,0,0,0,0,0,0,0,0,0,0,0,0,2,0,0
5526858,0,0,0,0,0,0,0,0,0,0,0,0,0,0,0,2,0,0
5526868,0,0,0,0,0,0,0,0,0,0,0,0,0,0,0,2,0,0
5526878,0,0,0,0,0,0,0,0,0,0,0,0,0,0,0,2,0,0
5526888,0,0,0,0,0,0,0,0,0,0,0,0,0,0,0,2,0,0
5526898,0,0,0,0,0,0,0,0,0,0,0,0,0,0,0,2,0,0
5526908,0,0,0,0,0,0,0,0,0,0,0,0,0,0,0,2,0,0
5526918,0,0,0,0,0,0,0,0,0,0,0,0,0,0,0,2,0,0
5526928,0,0,0,0,0,0,0,0,0,0,0,0,0,0,0,2,0,0
5526938,0,0,0,0,0,0,0,0,0,0,0,0,0,0,0,2,0,0
5526948,0,0,0,0,0,0,0,0,0,0,0,0,0,0,0,2,0,0
5526958,0,0,0,0,0,0,0,0,0,0,0,0,0,0,0,2,0,0
5526968,0,0,0,0,0,0,0,0,0,0,0,0,0,0,0,2,0,0
5526978,0,0,0,0,0,0,0,0,0,0,0,0,0,0,0,2,0,0
5526988,0,0,0,0,0,0,0,0,0,0,0,0,0,0,0,2,0,0
5526998,0,0,0,0,0,0,0,0,0,0,0,0,0,0,0,2,0,0
5527008,0,0,0,0,0,0,0,0,0,0,0,0,0,0,0,2,0,0
5527018,0,0,0,0,0,0,0,0,0,0,0,0,0,0,0,2,0,0
5527028,0,0,0,0,0,0,0,0,0,0,0,0,0,0,0,2,0,0
5527038,0,0,0,0,0,0,0,0,0,0,0,0,0,0,0,2,0,0
5527048,0,0,0,0,0,0,0,0,0,0,0,0,0,0,0,2,0,0
5527058,0,0,0,0,0,0,0,0,0,0,0,0,0,0,0,2,0,0
5527068,0,0,0,0,0,0,0,0,0,0,0,0,0,0,0,2,0,0
5527078,0,0,0,0,0,0,0,0,0,0,0,0,0,0,0,2,0,0
5527088,0,0,0,0,0,0,0,0,0,0,0,0,0,0,0,2,0,0
5527098,0,0,0,0,0,0,0,0,0,0,0,0,0,0,0,2,0,0
5527108,0,0,0,0,0,0,0,0,0,0,0,0,0,0,0,2,0,0
5527118,0,0,0,0,0,0,0,0,0,0,0,0,0,0,0,2,0,0
5527128,0,0,0,0,0,0,0,0,0,0,0,0,0,0,0,2,0,0
5527138,0,0,0,0,0,0,0,0,0,0,0,0,0,0,0,2,0,0
5527148,0,0,0,0,0,0,0,0,0,0,0,0,0,0,0,2,0,0
5527158,0,0,0,0,0,0,0,0,0,0,0,0,0,0,0,2,0,0
5527168,0,0,0,0,0,0,0,0,0,0,0,0,0,0,0,2,0,0
5527178,0,0,0,0,0,0,0,0,0,0,0,0,0,0,0,2,0,0
5527188,0,0,0,0,0,0,0,0,0,0,0,0,0,0,0,2,0,0
5527198,0,0,0,0,0,0,0,0,0,0,0,0,0,0,0,2,0,0
5527208,0,0,0,0,0,0,0,0,0,0,0,0,0,0,0,2,0,0
5527218,0,0,0,0,0,0,0,0,0,0,0,0,0,0,0,2,0,0
5527228,0,0,0,0,0,0,0,0,0,0,0,0,0,0,0,2,0,0
5527238,0,0,0,0,0,0,0,0,0,0,0,0,0,0,0,2,0,0
5527248,0,0,0,0,0,0,0,0,0,0,0,0,0,0,0,2,0,0
5527258,0,0,0,0,0,0,0,0,0,0,0,0,0,0,0,2,0,0
5527268,0,0,0,0,0,0,0,0,0,0,0,0,0,0,0,2,0,0
5527278,0,0,0,0,0,0,0,0,0,0,0,0,0,0,0,2,0,0
5527288,0,0,0,0,0,0,0,0,0,0,0,0,0,0,0,2,0,0
5527298,0,0,0,0,0,0,0,0,0,0,0,0,0,0,0,2,0,0
5527308,0,0,0,0,0,0,0,0,0,0,0,0,0,0,0,2,0,0
5527318,0,0,0,0,0,0,0,0,0,0,0,0,0,0,0,2,0,0
5527328,0,0,0,0,0,0,0,0,0,0,0,0,0,0,0,2,0,0
5527338,0,0,0,0,0,0,0,0,0,0,0,0,0,0,0,2,0,0
5527348,0,0,0,0,0,0,0,0,0,0,0,0,0,0,0,2,0,0
5527358,0,0,0,0,0,0,0,0,0,0,0,0,0,0,0,2,0,0
5527368,0,0,0,0,0,0,0,0,0,0,0,0,0,0,0,2,0,0
5527378,0,0,0,0,0,0,0,0,0,0,0,0,0,0,0,2,0,0
5527388,0,0,0,0,0,0,0,0,0,0,0,0,0,0,0,2,0,0
5527398,0,0,0,0,0,0,0,0,0,0,0,0,0,0,0,2,0,0
5527408,0,0,0,0,0,0,0,0,0,0,0,0,0,0,0,2,0,0
5527418,0,0,0,0,0,0,0,0,0,0,0,0,0,0,0,2,0,0
5527428,0,0,0,0,0,0,0,0,0,0,0,0,0,0,0,2,0,0
5527438,0,0,0,0,0,0,0,0,0,0,0,0,0,0,0,2,0,0
5527448,0,0,0,0,0,0,0,0,0,0,0,0,0,0,0,2,0,0
5527458,0,0,0,0,0,0,0,0,0,0,0,0,0,0,0,2,0,0
5527468,0,0,0,0,0,0,0,0,0,0,0,0,0,0,0,2,0,0
5527478,0,0,0,0,0,0,0,0,0,0,0,0,0,0,0,2,0,0
5527489,0,0,0,0,0,0,0,0,0,0,0,0,0,0,0,2,0,0
5527498,0,0,0,0,0,0,0,0,0,0,0,0,0,0,0,2,0,0
5527508,0,0,0,0,0,0,0,0,0,0,0,0,0,0,0,2,0,0
5527518,0,0,0,0,0,0,0,0,0,0,0,0,0,0,0,2,0,0
5527527,0,0,0,0,0,0,0,0,0,0,0,0,0,0,0,2,0,0
5527537,0,0,0,0,0,0,0,0,0,0,0,0,0,0,0,2,0,0
5527547,0,0,0,0,0,0,0,0,0,0,0,0,0,0,0,2,0,0
5527557,0,0,0,0,0,0,0,0,0,0,0,0,0,0,0,2,0,0
5527567,0,0,0,0,0,0,0,0,0,0,0,0,0,0,0,2,0,0
5527577,0,0,0,0,0,0,0,0,0,0,0,0,0,0,0,2,0,0
5527587,0,0,0,0,0,0,0,0,0,0,0,0,0,0,0,2,0,0
5527597,0,0,0,0,0,0,0,0,0,0,0,0,0,0,0,2,0,0
5527607,0,0,0,0,0,0,0,0,0,0,0,0,0,0,0,2,0,0
5527617,0,0,0,0,0,0,0,0,0,0,0,0,0,0,0,2,0,0
5527627,0,0,0,0,0,0,0,0,0,0,0,0,0,0,0,2,0,0
5527637,0,0,0,0,0,0,0,0,0,0,0,0,0,0,0,2,0,0
5527647,0,0,0,0,0,0,0,0,0,0,0,0,0,0,0,2,0,0
5527657,0,0,0,0,0,0,0,0,0,0,0,0,0,0,0,2,0,0
5527667,0,0,0,0,0,0,0,0,0,0,0,0,0,0,0,2,0,0
5527677,0,0,0,0,0,0,0,0,0,0,0,0,0,0,0,2,0,0
5527687,0,0,0,0,0,0,0,0,0,0,0,0,0,0,0,2,0,0
5527697,0,0,0,0,0,0,0,0,0,0,0,0,0,0,0,2,0,0
5527707,0,0,0,0,0,0,0,0,0,0,0,0,0,0,0,2,0,0
5527717,0,0,0,0,0,0,0,0,0,0,0,0,0,0,0,2,0,0
5527727,0,0,0,0,0,0,0,0,0,0,0,0,0,0,0,2,0,0
5527737,0,0,0,0,0,0,0,0,0,0,0,0,0,0,0,2,0,0
5527747,0,0,0,0,0,0,0,0,0,0,0,0,0,0,0,2,0,0
5527757,0,0,0,0,0,0,0,0,0,0,0,0,0,0,0,2,0,0
5527767,0,0,0,0,0,0,0,0,0,0,0,0,0,0,0,2,0,0
5527777,0,0,0,0,0,0,0,0,0,0,0,0,0,0,0,2,0,0
5527787,0,0,0,0,0,0,0,0,0,0,0,0,0,0,0,2,0,0
5527797,0,0,0,0,0,0,0,0,0,0,0,0,0,0,0,2,0,0
5527807,0,0,0,0,0,0,0,0,0,0,0,0,0,0,0,2,0,0
5527817,0,0,0,0,0,0,0,0,0,0,0,0,0,0,0,2,0,0
5527827,0,0,0,0,0,0,0,0,0,0,0,0,0,0,0,2,0,0
5527837,0,0,0,0,0,0,0,0,0,0,0,0,0,0,0,2,0,0
5527847,0,0,0,0,0,0,0,0,0,0,0,0,0,0,0,2,0,0
5527857,0,0,0,0,0,0,0,0,0,0,0,0,0,0,0,2,0,0
5527867,0,0,0,0,0,0,0,0,0,0,0,0,0,0,0,2,0,0
5527877,0,0,0,0,0,0,0,0,0,0,0,0,0,0,0,2,0,0
5527887,0,0,0,0,0,0,0,0,0,0,0,0,0,0,0,2,0,0
5527897,0,0,0,0,0,0,0,0,0,0,0,0,0,0,0,2,0,0
5527907,0,0,0,0,0,0,0,0,0,0,0,0,0,0,0,2,0,0
5527917,0,0,0,0,0,0,0,0,0,0,0,0,0,0,0,2,0,0
5527927,0,0,0,0,0,0,0,0,0,0,0,0,0,0,0,2,0,0
5527937,0,0,0,0,0,0,0,0,0,0,0,0,0,0,0,2,0,0
5527947,0,0,0,0,0,0,0,0,0,0,0,0,0,0,0,2,0,0
5527957,0,0,0,0,0,0,0,0,0,0,0,0,0,0,0,2,0,0
5527967,0,0,0,0,0,0,0,0,0,0,0,0,0,0,0,2,0,0
5527977,0,0,0,0,0,0,0,0,0,0,0,0,0,0,0,2,0,0
5527987,0,0,0,0,0,0,0,0,0,0,0,0,0,0,0,2,0,0
5527997,0,0,0,0,0,0,0,0,0,0,0,0,0,0,0,2,0,0
5528007,0,0,0,0,0,0,0,0,0,0,0,0,0,0,0,2,0,0
5528017,0,0,0,0,0,0,0,0,0,0,0,0,0,0,0,2,0,0
5528027,0,0,0,0,0,0,0,0,0,0,0,0,0,0,0,2,0,0
5528037,0,0,0,0,0,0,0,0,0,0,0,0,0,0,0,2,0,0
5528047,0,0,0,0,0,0,0,0,0,0,0,0,0,0,0,2,0,0
5528057,0,0,0,0,0,0,0,0,0,0,0,0,0,0,0,2,0,0
5528067,0,0,0,0,0,0,0,0,0,0,0,0,0,0,0,2,0,0
5528077,0,0,0,0,0,0,0,0,0,0,0,0,0,0,0,2,0,0
5528087,0,0,0,0,0,0,0,0,0,0,0,0,0,0,0,2,0,0
5528097,0,0,0,0,0,0,0,0,0,0,0,0,0,0,0,2,0,0
5528107,0,0,0,0,0,0,0,0,0,0,0,0,0,0,0,2,0,0
5528117,0,0,0,0,0,0,0,0,0,0,0,0,0,0,0,2,0,0
5528127,0,0,0,0,0,0,0,0,0,0,0,0,0,0,0,2,0,0
5528137,0,0,0,0,0,0,0,0,0,0,0,0,0,0,0,2,0,0
5528147,0,0,0,0,0,0,0,0,0,0,0,0,0,0,0,2,0,0
5528157,0,0,0,0,0,0,0,0,0,0,0,0,0,0,0,2,0,0
5528167,0,0,0,0,0,0,0,0,0,0,0,0,0,0,0,2,0,0
5528177,0,0,0,0,0,0,0,0,0,0,0,0,0,0,0,2,0,0
5528187,0,0,0,0,0,0,0,0,0,0,0,0,0,0,0,2,0,0
5528197,0,0,0,0,0,0,0,0,0,0,0,0,0,0,0,2,0,0
5528207,0,0,0,0,0,0,0,0,0,0,0,0,0,0,0,2,0,0
5528217,0,0,0,0,0,0,0,0,0,0,0,0,0,0,0,2,0,0
5528227,0,0,0,0,0,0,0,0,0,0,0,0,0,0,0,2,0,0
5528237,0,0,0,0,0,0,0,0,0,0,0,0,0,0,0,2,0,0
5528247,0,0,0,0,0,0,0,0,0,0,0,0,0,0,0,2,0,0
5528257,0,0,0,0,0,0,0,0,0,0,0,0,0,0,0,2,0,0
5528267,0,0,0,0,0,0,0,0,0,0,0,0,0,0,0,2,0,0
5528277,0,0,0,0,0,0,0,0,0,0,0,0,0,0,0,2,0,0
5528287,0,0,0,0,0,0,0,0,0,0,0,0,0,0,0,2,0,0
5528297,0,0,0,0,0,0,0,0,0,0,0,0,0,0,0,2,0,0
5528307,0,0,0,0,0,0,0,0,0,0,0,0,0,0,0,2,0,0
5528317,0,0,0,0,0,0,0,0,0,0,0,0,0,0,0,2,0,0
5528327,0,0,0,0,0,0,0,0,0,0,0,0,0,0,0,2,0,0
5528337,0,0,0,0,0,0,0,0,0,0,0,0,0,0,0,2,0,0
5528347,0,0,0,0,0,0,0,0,0,0,0,0,0,0,0,2,0,0
5528357,0,0,0,0,0,0,0,0,0,0,0,0,0,0,0,2,0,0
5528367,0,0,0,0,0,0,0,0,0,0,0,0,0,0,0,2,0,0
5528377,0,0,0,0,0,0,0,0,0,0,0,0,0,0,0,2,0,0
5528387,0,0,0,0,0,0,0,0,0,0,0,0,0,0,0,2,0,0
5528397,0,0,0,0,0,0,0,0,0,0,0,0,0,0,0,2,0,0
5528407,0,0,0,0,0,0,0,0,0,0,0,0,0,0,0,2,0,0
5528417,0,0,0,0,0,0,0,0,0,0,0,0,0,0,0,2,0,0
5528427,0,0,0,0,0,0,0,0,0,0,0,0,0,0,0,2,0,0
5528437,0,0,0,0,0,0,0,0,0,0,0,0,0,0,0,2,0,0
5528447,0,0,0,0,0,0,0,0,0,0,0,0,0,0,0,2,0,0
5528457,0,0,0,0,0,0,0,0,0,0,0,0,0,0,0,2,0,0
5528467,0,0,0,0,0,0,0,0,0,0,0,0,0,0,0,2,0,0
5528477,0,0,0,0,0,0,0,0,0,0,0,0,0,0,0,2,0,0
5528487,0,0,0,0,0,0,0,0,0,0,0,0,0,0,0,2,0,0
5528497,0,0,0,0,0,0,0,0,0,0,0,0,0,0,0,2,0,0
5528507,0,0,0,0,0,0,0,0,0,0,0,0,0,0,0,2,0,0
5528517,0,0,0,0,0,0,0,0,0,0,0,0,0,0,0,2,0,0
5528527,0,0,0,0,0,0,0,0,0,0,0,0,0,0,0,2,0,0
5528537,0,0,0,0,0,0,0,0,0,0,0,0,0,0,0,2,0,0
5528547,0,0,0,0,0,0,0,0,0,0,0,0,0,0,0,2,0,0
5528557,0,0,0,0,0,0,0,0,0,0,0,0,0,0,0,2,0,0
5528567,0,0,0,0,0,0,0,0,0,0,0,0,0,0,0,2,0,0
5528577,0,0,0,0,0,0,0,0,0,0,0,0,0,0,0,2,0,0
5528587,0,0,0,0,0,0,0,0,0,0,0,0,0,0,0,2,0,0
5528597,0,0,0,0,0,0,0,0,0,0,0,0,0,0,0,2,0,0
5528607,0,0,0,0,0,0,0,0,0,0,0,0,0,0,0,2,0,0
5528617,0,0,0,0,0,0,0,0,0,0,0,0,0,0,0,2,0,0
5528627,0,0,0,0,0,0,0,0,0,0,0,0,0,0,0,2,0,0
5528637,0,0,0,0,0,0,0,0,0,0,0,0,0,0,0,2,0,0
5528647,0,0,0,0,0,0,0,0,0,0,0,0,0,0,0,2,0,0
5528657,0,0,0,0,0,0,0,0,0,0,0,0,0,0,0,2,0,0
5528667,0,0,0,0,0,0,0,0,0,0,0,0,0,0,0,2,0,0
5528677,0,0,0,0,0,0,0,0,0,0,0,0,0,0,0,2,0,0
5528687,0,0,0,0,0,0,0,0,0,0,0,0,0,0,0,2,0,0
5528697,0,0,0,0,0,0,0,0,0,0,0,0,0,0,0,2,0,0
5528707,0,0,0,0,0,0,0,0,0,0,0,0,0,0,0,2,0,0
5528717,0,0,0,0,0,0,0,0,0,0,0,0,0,0,0,2,0,0
5528727,0,0,0,0,0,0,0,0,0,0,0,0,0,0,0,2,0,0
5528737,0,0,0,0,0,0,0,0,0,0,0,0,0,0,0,2,0,0
5528747,0,0,0,0,0,0,0,0,0,0,0,0,0,0,0,2,0,0
5528757,0,0,0,0,0,0,0,0,0,0,0,0,0,0,0,2,0,0
5528767,0,0,0,0,0,0,0,0,0,0,0,0,0,0,0,2,0,0
5528777,0,0,0,0,0,0,0,0,0,0,0,0,0,0,0,2,0,0
5528787,0,0,0,0,0,0,0,0,0,0,0,0,0,0,0,2,0,0
5528797,0,0,0,0,0,0,0,0,0,0,0,0,0,0,0,2,0,0
5528807,0,0,0,0,0,0,0,0,0,0,0,0,0,0,0,2,0,0
5528817,0,0,0,0,0,0,0,0,0,0,0,0,0,0,0,2,0,0
5528827,0,0,0,0,0,0,0,0,0,0,0,0,0,0,0,2,0,0
5528837,0,0,0,0,0,0,0,0,0,0,0,0,0,0,0,2,0,0
5528847,0,0,0,0,0,0,0,0,0,0,0,0,0,0,0,2,0,0
5528857,0,0,0,0,0,0,0,0,0,0,0,0,0,0,0,2,0,0
5528867,0,0,0,0,0,0,0,0,0,0,0,0,0,0,0,2,0,0
5528877,0,0,0,0,0,0,0,0,0,0,0,0,0,0,0,2,0,0
5528887,0,0,0,0,0,0,0,0,0,0,0,0,0,0,0,2,0,0
5528897,0,0,0,0,0,0,0,0,0,0,0,0,0,0,0,2,0,0
5528907,0,0,0,0,0,0,0,0,0,0,0,0,0,0,0,2,0,0
5528917,0,0,0,0,0,0,0,0,0,0,0,0,0,0,0,2,0,0
5528927,0,0,0,0,0,0,0,0,0,0,0,0,0,0,0,2,0,0
5528937,0,0,0,0,0,0,0,0,0,0,0,0,0,0,0,2,0,0
5528947,0,0,0,0,0,0,0,0,0,0,0,0,0,0,0,2,0,0
5528957,0,0,0,0,0,0,0,0,0,0,0,0,0,0,0,2,0,0
5528967,0,0,0,0,0,0,0,0,0,0,0,0,0,0,0,2,0,0
5528977,0,0,0,0,0,0,0,0,0,0,0,0,0,0,0,2,0,0
5528987,0,0,0,0,0,0,0,0,0,0,0,0,0,0,0,2,0,0
5528997,0,0,0,0,0,0,0,0,0,0,0,0,0,0,0,2,0,0
5529007,0,0,0,0,0,0,0,0,0,0,0,0,0,0,0,2,0,0
5529017,0,0,0,0,0,0,0,0,0,0,0,0,0,0,0,2,0,0
5529027,0,0,0,0,0,0,0,0,0,0,0,0,0,0,0,2,0,0
5529037,0,0,0,0,0,0,0,0,0,0,0,0,0,0,0,2,0,0
5529047,0,0,0,0,0,0,0,0,0,0,0,0,0,0,0,2,0,0
5529057,0,0,0,0,0,0,0,0,0,0,0,0,0,0,0,2,0,0
5529067,0,0,0,0,0,0,0,0,0,0,0,0,0,0,0,2,0,0
5529077,0,0,0,0,0,0,0,0,0,0,0,0,0,0,0,2,0,0
5529087,0,0,0,0,0,0,0,0,0,0,0,0,0,0,0,2,0,0
5529097,0,0,0,0,0,0,0,0,0,0,0,0,0,0,0,2,0,0
5529107,0,0,0,0,0,0,0,0,0,0,0,0,0,0,0,2,0,0
5529117,0,0,0,0,0,0,0,0,0,0,0,0,0,0,0,2,0,0
5529127,0,0,0,0,0,0,0,0,0,0,0,0,0,0,0,2,0,0
5529137,0,0,0,0,0,0,0,0,0,0,0,0,0,0,0,2,0,0
5529147,0,0,0,0,0,0,0,0,0,0,0,0,0,0,0,2,0,0
5529157,0,0,0,0,0,0,0,0,0,0,0,0,0,0,0,2,0,0
5529167,0,0,0,0,0,0,0,0,0,0,0,0,0,0,0,2,0,0
5529177,0,0,0,0,0,0,0,0,0,0,0,0,0,0,0,2,0,0
5529187,0,0,0,0,0,0,0,0,0,0,0,0,0,0,0,2,0,0
5529197,0,0,0,0,0,0,0,0,0,0,0,0,0,0,0,2,0,0
5529207,0,0,0,0,0,0,0,0,0,0,0,0,0,0,0,2,0,0
5529217,0,0,0,0,0,0,0,0,0,0,0,0,0,0,0,2,0,0
5529227,0,0,0,0,0,0,0,0,0,0,0,0,0,0,0,2,0,0
5529237,0,0,0,0,0,0,0,0,0,0,0,0,0,0,0,2,0,0
5529247,0,0,0,0,0,0,0,0,0,0,0,0,0,0,0,2,0,0
5529257,0,0,0,0,0,0,0,0,0,0,0,0,0,0,0,2,0,0
5529267,0,0,0,0,0,0,0,0,0,0,0,0,0,0,0,2,0,0
5529277,0,0,0,0,0,0,0,0,0,0,0,0,0,0,0,2,0,0
5529287,0,0,0,0,0,0,0,0,0,0,0,0,0,0,0,2,0,0
5529297,0,0,0,0,0,0,0,0,0,0,0,0,0,0,0,2,0,0
5529307,0,0,0,0,0,0,0,0,0,0,0,0,0,0,0,2,0,0
5529317,0,0,0,0,0,0,0,0,0,0,0,0,0,0,0,2,0,0
5529327,0,0,0,0,0,0,0,0,0,0,0,0,0,0,0,2,0,0
5529337,0,0,0,0,0,0,0,0,0,0,0,0,0,0,0,2,0,0
5529347,0,0,0,0,0,0,0,0,0,0,0,0,0,0,0,2,0,0
5529357,0,0,0,0,0,0,0,0,0,0,0,0,0,0,0,2,0,0
5529367,0,0,0,0,0,0,0,0,0,0,0,0,0,0,0,2,0,0
5529377,0,0,0,0,0,0,0,0,0,0,0,0,0,0,0,2,0,0
5529387,0,0,0,0,0,0,0,0,0,0,0,0,0,0,0,2,0,0
5529397,0,0,0,0,0,0,0,0,0,0,0,0,0,0,0,2,0,0
5529407,0,0,0,0,0,0,0,0,0,0,0,0,0,0,0,2,0,0
5529417,0,0,0,0,0,0,0,0,0,0,0,0,0,0,0,2,0,0
5529427,0,0,0,0,0,0,0,0,0,0,0,0,0,0,0,2,0,0
5529437,0,0,0,0,0,0,0,0,0,0,0,0,0,0,0,2,0,0
5529447,0,0,0,0,0,0,0,0,0,0,0,0,0,0,0,2,0,0
5529457,0,0,0,0,0,0,0,0,0,0,0,0,0,0,0,2,0,0
5529467,0,0,0,0,0,0,0,0,0,0,0,0,0,0,0,2,0,0
5529477,0,0,0,0,0,0,0,0,0,0,0,0,0,0,0,2,0,0
5529487,0,0,0,0,0,0,0,0,0,0,0,0,0,0,0,2,0,0
5529497,0,0,0,0,0,0,0,0,0,0,0,0,0,0,0,2,0,0
5529507,0,0,0,0,0,0,0,0,0,0,0,0,0,0,0,2,0,0
5529517,0,0,0,0,0,0,0,0,0,0,0,0,0,0,0,2,0,0
5529527,0,0,0,0,0,0,0,0,0,0,0,0,0,0,0,2,0,0
5529537,0,0,0,0,0,0,0,0,0,0,0,0,0,0,0,2,0,0
5529547,0,0,0,0,0,0,0,0,0,0,0,0,0,0,0,2,0,0
5529557,0,0,0,0,0,0,0,0,0,0,0,0,0,0,0,2,0,0
5529567,0,0,0,0,0,0,0,0,0,0,0,0,0,0,0,2,0,0
5529577,0,0,0,0,0,0,0,0,0,0,0,0,0,0,0,2,0,0
5529587,0,0,0,0,0,0,0,0,0,0,0,0,0,0,0,2,0,0
5529597,0,0,0,0,0,0,0,0,0,0,0,0,0,0,0,2,0,0
5529607,0,0,0,0,0,0,0,0,0,0,0,0,0,0,0,2,0,0
5529617,0,0,0,0,0,0,0,0,0,0,0,0,0,0,0,2,0,0
5529627,0,0,0,0,0,0,0,0,0,0,0,0,0,0,0,2,0,0
5529637,0,0,0,0,0,0,0,0,0,0,0,0,0,0,0,2,0,0
5529647,0,0,0,0,0,0,0,0,0,0,0,0,0,0,0,2,0,0
5529657,0,0,0,0,0,0,0,0,0,0,0,0,0,0,0,2,0,0
5529667,0,0,0,0,0,0,0,0,0,0,0,0,0,0,0,2,0,0
5529677,0,0,0,0,0,0,0,0,0,0,0,0,0,0,0,2,0,0
5529687,0,0,0,0,0,0,0,0,0,0,0,0,0,0,0,2,0,0
5529697,0,0,0,0,0,0,0,0,0,0,0,0,0,0,0,2,0,0
5529707,0,0,0,0,0,0,0,0,0,0,0,0,0,0,0,2,0,0
5529717,0,0,0,0,0,0,0,0,0,0,0,0,0,0,0,2,0,0
5529727,0,0,0,0,0,0,0,0,0,0,0,0,0,0,0,2,0,0
5529737,0,0,0,0,0,0,0,0,0,0,0,0,0,0,0,2,0,0
5529747,0,0,0,0,0,0,0,0,0,0,0,0,0,0,0,2,0,0
5529757,0,0,0,0,0,0,0,0,0,0,0,0,0,0,0,2,0,0
5529767,0,0,0,0,0,0,0,0,0,0,0,0,0,0,0,2,0,0
5529777,0,0,0,0,0,0,0,0,0,0,0,0,0,0,0,2,0,0
5529787,0,0,0,0,0,0,0,0,0,0,0,0,0,0,0,2,0,0
5529797,0,0,0,0,0,0,0,0,0,0,0,0,0,0,0,2,0,0
5529807,0,0,0,0,0,0,0,0,0,0,0,0,0,0,0,2,0,0
5529817,0,0,0,0,0,0,0,0,0,0,0,0,0,0,0,2,0,0
5529827,0,0,0,0,0,0,0,0,0,0,0,0,0,0,0,2,0,0
5529837,0,0,0,0,0,0,0,0,0,0,0,0,0,0,0,2,0,0
5529847,0,0,0,0,0,0,0,0,0,0,0,0,0,0,0,2,0,0
5529857,0,0,0,0,0,0,0,0,0,0,0,0,0,0,0,2,0,0
5529867,0,0,0,0,0,0,0,0,0,0,0,0,0,0,0,2,0,0
5529877,0,0,0,0,0,0,0,0,0,0,0,0,0,0,0,2,0,0
5529887,0,0,0,0,0,0,0,0,0,0,0,0,0,0,0,2,0,0
5529897,0,0,0,0,0,0,0,0,0,0,0,0,0,0,0,2,0,0
5529907,0,0,0,0,0,0,0,0,0,0,0,0,0,0,0,2,0,0
5529917,0,0,0,0,0,0,0,0,0,0,0,0,0,0,0,2,0,0
5529927,0,0,0,0,0,0,0,0,0,0,0,0,0,0,0,2,0,0
5529937,0,0,0,0,0,0,0,0,0,0,0,0,0,0,0,2,0,0
5529947,0,0,0,0,0,0,0,0,0,0,0,0,0,0,0,2,0,0
5529957,0,0,0,0,0,0,0,0,0,0,0,0,0,0,0,2,0,0
5529967,0,0,0,0,0,0,0,0,0,0,0,0,0,0,0,2,0,0
5529977,0,0,0,0,0,0,0,0,0,0,0,0,0,0,0,2,0,0
5529987,0,0,0,0,0,0,0,0,0,0,0,0,0,0,0,2,0,0
5529997,0,0,0,0,0,0,0,0,0,0,0,0,0,0,0,2,0,0
5530007,0,0,0,0,0,0,0,0,0,0,0,0,0,0,0,2,0,0
5530017,0,0,0,0,0,0,0,0,0,0,0,0,0,0,0,2,0,0
5530027,0,0,0,0,0,0,0,0,0,0,0,0,0,0,0,2,0,0
5530037,0,0,0,0,0,0,0,0,0,0,0,0,0,0,0,2,0,0
5530047,0,0,0,0,0,0,0,0,0,0,0,0,0,0,0,2,0,0
5530057,0,0,0,0,0,0,0,0,0,0,0,0,0,0,0,2,0,0
5530067,0,0,0,0,0,0,0,0,0,0,0,0,0,0,0,2,0,0
5530077,0,0,0,0,0,0,0,0,0,0,0,0,0,0,0,2,0,0
5530087,0,0,0,0,0,0,0,0,0,0,0,0,0,0,0,2,0,0
5530097,0,0,0,0,0,0,0,0,0,0,0,0,0,0,0,2,0,0
5530107,0,0,0,0,0,0,0,0,0,0,0,0,0,0,0,2,0,0
5530117,0,0,0,0,0,0,0,0,0,0,0,0,0,0,0,2,0,0
5530127,0,0,0,0,0,0,0,0,0,0,0,0,0,0,0,2,0,0
5530137,0,0,0,0,0,0,0,0,0,0,0,0,0,0,0,2,0,0
5530147,0,0,0,0,0,0,0,0,0,0,0,0,0,0,0,2,0,0
5530157,0,0,0,0,0,0,0,0,0,0,0,0,0,0,0,2,0,0
5530167,0,0,0,0,0,0,0,0,0,0,0,0,0,0,0,2,0,0
5530177,0,0,0,0,0,0,0,0,0,0,0,0,0,0,0,2,0,0
5530187,0,0,0,0,0,0,0,0,0,0,0,0,0,0,0,2,0,0
5530197,0,0,0,0,0,0,0,0,0,0,0,0,0,0,0,2,0,0
5530207,0,0,0,0,0,0,0,0,0,0,0,0,0,0,0,2,0,0
5530217,0,0,0,0,0,0,0,0,0,0,0,0,0,0,0,2,0,0
5530227,0,0,0,0,0,0,0,0,0,0,0,0,0,0,0,2,0,0
5530237,0,0,0,0,0,0,0,0,0,0,0,0,0,0,0,2,0,0
5530247,0,0,0,0,0,0,0,0,0,0,0,0,0,0,0,2,0,0
5530257,0,0,0,0,0,0,0,0,0,0,0,0,0,0,0,2,0,0
5530267,0,0,0,0,0,0,0,0,0,0,0,0,0,0,0,2,0,0
5530277,0,0,0,0,0,0,0,0,0,0,0,0,0,0,0,2,0,0
5530287,0,0,0,0,0,0,0,0,0,0,0,0,0,0,0,2,0,0
5530297,0,0,0,0,0,0,0,0,0,0,0,0,0,0,0,2,0,0
5530307,0,0,0,0,0,0,0,0,0,0,0,0,0,0,0,2,0,0
5530317,0,0,0,0,0,0,0,0,0,0,0,0,0,0,0,2,0,0
5530327,0,0,0,0,0,0,0,0,0,0,0,0,0,0,0,2,0,0
5530337,0,0,0,0,0,0,0,0,0,0,0,0,0,0,0,2,0,0
5530347,0,0,0,0,0,0,0,0,0,0,0,0,0,0,0,2,0,0
5530357,0,0,0,0,0,0,0,0,0,0,0,0,0,0,0,2,0,0
5530367,0,0,0,0,0,0,0,0,0,0,0,0,0,0,0,2,0,0
5530377,0,0,0,0,0,0,0,0,0,0,0,0,0,0,0,2,0,0
5530387,0,0,0,0,0,0,0,0,0,0,0,0,0,0,0,2,0,0
5530397,0,0,0,0,0,0,0,0,0,0,0,0,0,0,0,2,0,0
5530407,0,0,0,0,0,0,0,0,0,0,0,0,0,0,0,2,0,0
5530417,0,0,0,0,0,0,0,0,0,0,0,0,0,0,0,2,0,0
5530427,0,0,0,0,0,0,0,0,0,0,0,0,0,0,0,2,0,0
5530437,0,0,0,0,0,0,0,0,0,0,0,0,0,0,0,2,0,0
5530447,0,0,0,0,0,0,0,0,0,0,0,0,0,0,0,2,0,0
5530457,0,0,0,0,0,0,0,0,0,0,0,0,0,0,0,2,0,0
5530467,0,0,0,0,0,0,0,0,0,0,0,0,0,0,0,2,0,0
5530477,0,0,0,0,0,0,0,0,0,0,0,0,0,0,0,2,0,0
5530487,0,0,0,0,0,0,0,0,0,0,0,0,0,0,0,2,0,0
5530497,0,0,0,0,0,0,0,0,0,0,0,0,0,0,0,2,0,0
5530507,0,0,0,0,0,0,0,0,0,0,0,0,0,0,0,2,0,0
5530517,0,0,0,0,0,0,0,0,0,0,0,0,0,0,0,2,0,0
5530527,0,0,0,0,0,0,0,0,0,0,0,0,0,0,0,2,0,0
5530537,0,0,0,0,0,0,0,0,0,0,0,0,0,0,0,2,0,0
5530547,0,0,0,0,0,0,0,0,0,0,0,0,0,0,0,2,0,0
5530557,0,0,0,0,0,0,0,0,0,0,0,0,0,0,0,2,0,0
5530567,0,0,0,0,0,0,0,0,0,0,0,0,0,0,0,2,0,0
5530577,0,0,0,0,0,0,0,0,0,0,0,0,0,0,0,2,0,0
5530587,0,0,0,0,0,0,0,0,0,0,0,0,0,0,0,2,0,0
5530597,0,0,0,0,0,0,0,0,0,0,0,0,0,0,0,2,0,0
5530607,0,0,0,0,0,0,0,0,0,0,0,0,0,0,0,2,0,0
5530617,0,0,0,0,0,0,0,0,0,0,0,0,0,0,0,2,0,0
5530627,0,0,0,0,0,0,0,0,0,0,0,0,0,0,0,2,0,0
5530637,0,0,0,0,0,0,0,0,0,0,0,0,0,0,0,2,0,0
5530647,0,0,0,0,0,0,0,0,0,0,0,0,0,0,0,2,0,0
5530657,0,0,0,0,0,0,0,0,0,0,0,0,0,0,0,2,0,0
5530667,0,0,0,0,0,0,0,0,0,0,0,0,0,0,0,2,0,0
5530677,0,0,0,0,0,0,0,0,0,0,0,0,0,0,0,2,0,0
5530687,0,0,0,0,0,0,0,0,0,0,0,0,0,0,0,2,0,0
5530697,0,0,0,0,0,0,0,0,0,0,0,0,0,0,0,2,0,0
5530707,0,0,0,0,0,0,0,0,0,0,0,0,0,0,0,2,0,0
5530717,0,0,0,0,0,0,0,0,0,0,0,0,0,0,0,2,0,0
5530727,0,0,0,0,0,0,0,0,0,0,0,0,0,0,0,2,0,0
5530737,0,0,0,0,0,0,0,0,0,0,0,0,0,0,0,2,0,0
5530747,0,0,0,0,0,0,0,0,0,0,0,0,0,0,0,2,0,0
5530757,0,0,0,0,0,0,0,0,0,0,0,0,0,0,0,2,0,0
5530767,0,0,0,0,0,0,0,0,0,0,0,0,0,0,0,2,0,0
5530777,0,0,0,0,0,0,0,0,0,0,0,0,0,0,0,2,0,0
5530787,0,0,0,0,0,0,0,0,0,0,0,0,0,0,0,2,0,0
5530797,0,0,0,0,0,0,0,0,0,0,0,0,0,0,0,2,0,0
5530807,0,0,0,0,0,0,0,0,0,0,0,0,0,0,0,2,0,0
5530817,0,0,0,0,0,0,0,0,0,0,0,0,0,0,0,2,0,0
5530827,0,0,0,0,0,0,0,0,0,0,0,0,0,0,0,2,0,0
5530837,0,0,0,0,0,0,0,0,0,0,0,0,0,0,0,2,0,0
5530847,0,0,0,0,0,0,0,0,0,0,0,0,0,0,0,2,0,0
5530857,0,0,0,0,0,0,0,0,0,0,0,0,0,0,0,2,0,0
5530867,0,0,0,0,0,0,0,0,0,0,0,0,0,0,0,2,0,0
5530877,0,0,0,0,0,0,0,0,0,0,0,0,0,0,0,2,0,0
5530887,0,0,0,0,0,0,0,0,0,0,0,0,0,0,0,2,0,0
5530897,0,0,0,0,0,0,0,0,0,0,0,0,0,0,0,2,0,0
5530907,0,0,0,0,0,0,0,0,0,0,0,0,0,0,0,2,0,0
5530917,0,0,0,0,0,0,0,0,0,0,0,0,0,0,0,2,0,0
5530927,0,0,0,0,0,0,0,0,0,0,0,0,0,0,0,2,0,0
5530937,0,0,0,0,0,0,0,0,0,0,0,0,0,0,0,2,0,0
5530947,0,0,0,0,0,0,0,0,0,0,0,0,0,0,0,2,0,0
5530957,0,0,0,0,0,0,0,0,0,0,0,0,0,0,0,2,0,0
5530967,0,0,0,0,0,0,0,0,0,0,0,0,0,0,0,2,0,0
5530977,0,0,0,0,0,0,0,0,0,0,0,0,0,0,0,2,0,0
5530987,0,0,0,0,0,0,0,0,0,0,0,0,0,0,0,2,0,0
5530997,0,0,0,0,0,0,0,0,0,0,0,0,0,0,0,2,0,0
5531007,0,0,0,0,0,0,0,0,0,0,0,0,0,0,0,2,0,0
5531017,0,0,0,0,0,0,0,0,0,0,0,0,0,0,0,2,0,0
5531027,0,0,0,0,0,0,0,0,0,0,0,0,0,0,0,2,0,0
5531037,0,0,0,0,0,0,0,0,0,0,0,0,0,0,0,2,0,0
5531047,0,0,0,0,0,0,0,0,0,0,0,0,0,0,0,2,0,0
5531057,0,0,0,0,0,0,0,0,0,0,0,0,0,0,0,2,0,0
5531067,0,0,0,0,0,0,0,0,0,0,0,0,0,0,0,2,0,0
5531077,0,0,0,0,0,0,0,0,0,0,0,0,0,0,0,2,0,0
5531087,0,0,0,0,0,0,0,0,0,0,0,0,0,0,0,2,0,0
5531097,0,0,0,0,0,0,0,0,0,0,0,0,0,0,0,2,0,0
5531107,0,0,0,0,0,0,0,0,0,0,0,0,0,0,0,2,0,0
5531117,0,0,0,0,0,0,0,0,0,0,0,0,0,0,0,2,0,0
5531127,0,0,0,0,0,0,0,0,0,0,0,0,0,0,0,2,0,0
5531137,0,0,0,0,0,0,0,0,0,0,0,0,0,0,0,2,0,0
5531147,0,0,0,0,0,0,0,0,0,0,0,0,0,0,0,2,0,0
5531157,0,0,0,0,0,0,0,0,0,0,0,0,0,0,0,2,0,0
5531167,0,0,0,0,0,0,0,0,0,0,0,0,0,0,0,2,0,0
5531177,0,0,0,0,0,0,0,0,0,0,0,0,0,0,0,2,0,0
5531187,0,0,0,0,0,0,0,0,0,0,0,0,0,0,0,2,0,0
5531197,0,0,0,0,0,0,0,0,0,0,0,0,0,0,0,2,0,0
5531207,0,0,0,0,0,0,0,0,0,0,0,0,0,0,0,2,0,0
5531217,0,0,0,0,0,0,0,0,0,0,0,0,0,0,0,2,0,0
5531227,0,0,0,0,0,0,0,0,0,0,0,0,0,0,0,2,0,0
5531237,0,0,0,0,0,0,0,0,0,0,0,0,0,0,0,2,0,0
5531247,0,0,0,0,0,0,0,0,0,0,0,0,0,0,0,2,0,0
5531257,0,0,0,0,0,0,0,0,0,0,0,0,0,0,0,2,0,0
5531267,0,0,0,0,0,0,0,0,0,0,0,0,0,0,0,2,0,0
5531277,0,0,0,0,0,0,0,0,0,0,0,0,0,0,0,2,0,0
5531287,0,0,0,0,0,0,0,0,0,0,0,0,0,0,0,2,0,0
5531297,0,0,0,0,0,0,0,0,0,0,0,0,0,0,0,2,0,0
5531307,0,0,0,0,0,0,0,0,0,0,0,0,0,0,0,2,0,0
5531317,0,0,0,0,0,0,0,0,0,0,0,0,0,0,0,2,0,0
5531327,0,0,0,0,0,0,0,0,0,0,0,0,0,0,0,2,0,0
5531337,0,0,0,0,0,0,0,0,0,0,0,0,0,0,0,2,0,0
5531347,0,0,0,0,0,0,0,0,0,0,0,0,0,0,0,2,0,0
5531357,0,0,0,0,0,0,0,0,0,0,0,0,0,0,0,2,0,0
5531367,0,0,0,0,0,0,0,0,0,0,0,0,0,0,0,2,0,0
5531377,0,0,0,0,0,0,0,0,0,0,0,0,0,0,0,2,0,0
5531388,0,0,0,0,0,0,0,0,0,0,0,0,0,0,0,2,0,0
5531397,0,0,0,0,0,0,0,0,0,0,0,0,0,0,0,2,0,0
5531407,0,0,0,0,0,0,0,0,0,0,0,0,0,0,0,2,0,0
5531417,0,0,0,0,0,0,0,0,0,0,0,0,0,0,0,2,0,0
5531427,0,0,0,0,0,0,0,0,0,0,0,0,0,0,0,2,0,0
5531437,0,0,0,0,0,0,0,0,0,0,0,0,0,0,0,2,0,0
5531447,0,0,0,0,0,0,0,0,0,0,0,0,0,0,0,2,0,0
5531457,0,0,0,0,0,0,0,0,0,0,0,0,0,0,0,2,0,0
5531468,0,0,0,0,0,0,0,0,0,0,0,0,0,0,0,2,0,0
5531477,0,0,0,0,0,0,0,0,0,0,0,0,0,0,0,2,0,0
5531488,0,0,0,0,0,0,0,0,0,0,0,0,0,0,0,2,0,0
5531497,0,0,0,0,0,0,0,0,0,0,0,0,0,0,0,2,0,0
5531508,0,0,0,0,0,0,0,0,0,0,0,0,0,0,0,2,0,0
5531517,0,0,0,0,0,0,0,0,0,0,0,0,0,0,0,2,0,0
5531527,0,0,0,0,0,0,0,0,0,0,0,0,0,0,0,2,0,0
5531537,0,0,0,0,0,0,0,0,0,0,0,0,0,0,0,2,0,0
5531547,0,0,0,0,0,0,0,0,0,0,0,0,0,0,0,2,0,0
5531557,0,0,0,0,0,0,0,0,0,0,0,0,0,0,0,2,0,0
5531567,0,0,0,0,0,0,0,0,0,0,0,0,0,0,0,2,0,0
5531577,0,0,0,0,0,0,0,0,0,0,0,0,0,0,0,2,0,0
5531587,0,0,0,0,0,0,0,0,0,0,0,0,0,0,0,2,0,0
5531597,0,0,0,0,0,0,0,0,0,0,0,0,0,0,0,2,0,0
5531607,0,0,0,0,0,0,0,0,0,0,0,0,0,0,0,2,0,0
5531617,0,0,0,0,0,0,0,0,0,0,0,0,0,0,0,2,0,0
5531627,0,0,0,0,0,0,0,0,0,0,0,0,0,0,0,2,0,0
5531637,0,0,0,0,0,0,0,0,0,0,0,0,0,0,0,2,0,0
5531647,0,0,0,0,0,0,0,0,0,0,0,0,0,0,0,2,0,0
5531657,0,0,0,0,0,0,0,0,0,0,0,0,0,0,0,2,0,0
5531667,0,0,0,0,0,0,0,0,0,0,0,0,0,0,0,2,0,0
5531677,0,0,0,0,0,0,0,0,0,0,0,0,0,0,0,2,0,0
5531687,0,0,0,0,0,0,0,0,0,0,0,0,0,0,0,2,0,0
5531697,0,0,0,0,0,0,0,0,0,0,0,0,0,0,0,2,0,0
5531707,0,0,0,0,0,0,0,0,0,0,0,0,0,0,0,2,0,0
5531717,0,0,0,0,0,0,0,0,0,0,0,0,0,0,0,2,0,0
5531727,0,0,0,0,0,0,0,0,0,0,0,0,0,0,0,2,0,0
5531737,0,0,0,0,0,0,0,0,0,0,0,0,0,0,0,2,0,0
5531747,0,0,0,0,0,0,0,0,0,0,0,0,0,0,0,2,0,0
5531757,0,0,0,0,0,0,0,0,0,0,0,0,0,0,0,2,0,0
5531767,0,0,0,0,0,0,0,0,0,0,0,0,0,0,0,2,0,0
5531777,0,0,0,0,0,0,0,0,0,0,0,0,0,0,0,2,0,0
5531787,0,0,0,0,0,0,0,0,0,0,0,0,0,0,0,2,0,0
5531797,0,0,0,0,0,0,0,0,0,0,0,0,0,0,0,2,0,0
5531807,0,0,0,0,0,0,0,0,0,0,0,0,0,0,0,2,0,0
5531817,0,0,0,0,0,0,0,0,0,0,0,0,0,0,0,2,0,0
5531827,0,0,0,0,0,0,0,0,0,0,0,0,0,0,0,2,0,0
5531837,0,0,0,0,0,0,0,0,0,0,0,0,0,0,0,2,0,0
5531847,0,0,0,0,0,0,0,0,0,0,0,0,0,0,0,2,0,0
5531857,0,0,0,0,0,0,0,0,0,0,0,0,0,0,0,2,0,0
5531867,0,0,0,0,0,0,0,0,0,0,0,0,0,0,0,2,0,0
5531877,0,0,0,0,0,0,0,0,0,0,0,0,0,0,0,2,0,0
5531887,0,0,0,0,0,0,0,0,0,0,0,0,0,0,0,2,0,0
5531897,0,0,0,0,0,0,0,0,0,0,0,0,0,0,0,2,0,0
5531907,0,0,0,0,0,0,0,0,0,0,0,0,0,0,0,2,0,0
5531917,0,0,0,0,0,0,0,0,0,0,0,0,0,0,0,2,0,0
5531927,0,0,0,0,0,0,0,0,0,0,0,0,0,0,0,2,0,0
5531937,0,0,0,0,0,0,0,0,0,0,0,0,0,0,0,2,0,0
5531947,0,0,0,0,0,0,0,0,0,0,0,0,0,0,0,2,0,0
5531957,0,0,0,0,0,0,0,0,0,0,0,0,0,0,0,2,0,0
5531967,0,0,0,0,0,0,0,0,0,0,0,0,0,0,0,2,0,0
5531977,0,0,0,0,0,0,0,0,0,0,0,0,0,0,0,2,0,0
5531987,0,0,0,0,0,0,0,0,0,0,0,0,0,0,0,2,0,0
5531997,0,0,0,0,0,0,0,0,0,0,0,0,0,0,0,2,0,0
5532007,0,0,0,0,0,0,0,0,0,0,0,0,0,0,0,2,0,0
5532017,0,0,0,0,0,0,0,0,0,0,0,0,0,0,0,2,0,0
5532027,0,0,0,0,0,0,0,0,0,0,0,0,0,0,0,2,0,0
5532037,0,0,0,0,0,0,0,0,0,0,0,0,0,0,0,2,0,0
5532047,0,0,0,0,0,0,0,0,0,0,0,0,0,0,0,2,0,0
5532057,0,0,0,0,0,0,0,0,0,0,0,0,0,0,0,2,0,0
5532067,0,0,0,0,0,0,0,0,0,0,0,0,0,0,0,2,0,0
5532077,0,0,0,0,0,0,0,0,0,0,0,0,0,0,0,2,0,0
5532087,0,0,0,0,0,0,0,0,0,0,0,0,0,0,0,2,0,0
5532097,0,0,0,0,0,0,0,0,0,0,0,0,0,0,0,2,0,0
5532107,0,0,0,0,0,0,0,0,0,0,0,0,0,0,0,2,0,0
5532117,0,0,0,0,0,0,0,0,0,0,0,0,0,0,0,2,0,0
5532127,0,0,0,0,0,0,0,0,0,0,0,0,0,0,0,2,0,0
5532137,0,0,0,0,0,0,0,0,0,0,0,0,0,0,0,2,0,0
5532147,0,0,0,0,0,0,0,0,0,0,0,0,0,0,0,2,0,0
5532157,0,0,0,0,0,0,0,0,0,0,0,0,0,0,0,2,0,0
5532167,0,0,0,0,0,0,0,0,0,0,0,0,0,0,0,2,0,0
5532177,0,0,0,0,0,0,0,0,0,0,0,0,0,0,0,2,0,0
5532187,0,0,0,0,0,0,0,0,0,0,0,0,0,0,0,2,0,0
5532197,0,0,0,0,0,0,0,0,0,0,0,0,0,0,0,2,0,0
5532207,0,0,0,0,0,0,0,0,0,0,0,0,0,0,0,2,0,0
5532217,0,0,0,0,0,0,0,0,0,0,0,0,0,0,0,2,0,0
5532227,0,0,0,0,0,0,0,0,0,0,0,0,0,0,0,2,0,0
5532237,0,0,0,0,0,0,0,0,0,0,0,0,0,0,0,2,0,0
5532247,0,0,0,0,0,0,0,0,0,0,0,0,0,0,0,2,0,0
5532257,0,0,0,0,0,0,0,0,0,0,0,0,0,0,0,2,0,0
5532267,0,0,0,0,0,0,0,0,0,0,0,0,0,0,0,2,0,0
5532277,0,0,0,0,0,0,0,0,0,0,0,0,0,0,0,2,0,0
5532287,0,0,0,0,0,0,0,0,0,0,0,0,0,0,0,2,0,0
5532297,0,0,0,0,0,0,0,0,0,0,0,0,0,0,0,2,0,0
5532307,0,0,0,0,0,0,0,0,0,0,0,0,0,0,0,2,0,0
5532317,0,0,0,0,0,0,0,0,0,0,0,0,0,0,0,2,0,0
5532327,0,0,0,0,0,0,0,0,0,0,0,0,0,0,0,2,0,0
5532337,0,0,0,0,0,0,0,0,0,0,0,0,0,0,0,2,0,0
5532347,0,0,0,0,0,0,0,0,0,0,0,0,0,0,0,2,0,0
5532357,0,0,0,0,0,0,0,0,0,0,0,0,0,0,0,2,0,0
5532367,0,0,0,0,0,0,0,0,0,0,0,0,0,0,0,2,0,0
5532377,0,0,0,0,0,0,0,0,0,0,0,0,0,0,0,2,0,0
5532387,0,0,0,0,0,0,0,0,0,0,0,0,0,0,0,2,0,0
5532397,0,0,0,0,0,0,0,0,0,0,0,0,0,0,0,2,0,0
5532407,0,0,0,0,0,0,0,0,0,0,0,0,0,0,0,2,0,0
5532417,0,0,0,0,0,0,0,0,0,0,0,0,0,0,0,2,0,0
5532427,0,0,0,0,0,0,0,0,0,0,0,0,0,0,0,2,0,0
5532437,0,0,0,0,0,0,0,0,0,0,0,0,0,0,0,2,0,0
5532447,0,0,0,0,0,0,0,0,0,0,0,0,0,0,0,2,0,0
5532457,0,0,0,0,0,0,0,0,0,0,0,0,0,0,0,2,0,0
5532467,0,0,0,0,0,0,0,0,0,0,0,0,0,0,0,2,0,0
5532477,0,0,0,0,0,0,0,0,0,0,0,0,0,0,0,2,0,0
5532487,0,0,0,0,0,0,0,0,0,0,0,0,0,0,0,2,0,0
5532497,0,0,0,0,0,0,0,0,0,0,0,0,0,0,0,2,0,0
5532507,0,0,0,0,0,0,0,0,0,0,0,0,0,0,0,2,0,0
5532517,0,0,0,0,0,0,0,0,0,0,0,0,0,0,0,2,0,0
5532528,0,0,0,0,0,0,0,0,0,0,0,0,0,0,0,2,0,0
5532538,0,0,0,0,0,0,0,0,0,0,0,0,0,0,0,2,0,0
5532548,0,0,0,0,0,0,0,0,0,0,0,0,0,0,0,2,0,0
5532558,0,0,0,0,0,0,0,0,0,0,0,0,0,0,0,2,0,0
5532568,0,0,0,0,0,0,0,0,0,0,0,0,0,0,0,2,0,0
5532578,0,0,0,0,0,0,0,0,0,0,0,0,0,0,0,2,0,0
5532588,0,0,0,0,0,0,0,0,0,0,0,0,0,0,0,2,0,0
5532598,0,0,0,0,0,0,0,0,0,0,0,0,0,0,0,2,0,0
5532608,0,0,0,0,0,0,0,0,0,0,0,0,0,0,0,2,0,0
5532618,0,0,0,0,0,0,0,0,0,0,0,0,0,0,0,2,0,0
5532628,0,0,0,0,0,0,0,0,0,0,0,0,0,0,0,2,0,0
5532638,0,0,0,0,0,0,0,0,0,0,0,0,0,0,0,2,0,0
5532648,0,0,0,0,0,0,0,0,0,0,0,0,0,0,0,2,0,0
5532658,0,0,0,0,0,0,0,0,0,0,0,0,0,0,0,2,0,0
5532668,0,0,0,0,0,0,0,0,0,0,0,0,0,0,0,2,0,0
5532678,0,0,0,0,0,0,0,0,0,0,0,0,0,0,0,2,0,0
5532688,0,0,0,0,0,0,0,0,0,0,0,0,0,0,0,2,0,0
5532698,0,0,0,0,0,0,0,0,0,0,0,0,0,0,0,2,0,0
5532708,0,0,0,0,0,0,0,0,0,0,0,0,0,0,0,2,0,0
5532718,0,0,0,0,0,0,0,0,0,0,0,0,0,0,0,2,0,0
5532728,0,0,0,0,0,0,0,0,0,0,0,0,0,0,0,2,0,0
5532738,0,0,0,0,0,0,0,0,0,0,0,0,0,0,0,2,0,0
5532748,0,0,0,0,0,0,0,0,0,0,0,0,0,0,0,2,0,0
5532758,0,0,0,0,0,0,0,0,0,0,0,0,0,0,0,2,0,0
5532768,0,0,0,0,0,0,0,0,0,0,0,0,0,0,0,2,0,0
5532778,0,0,0,0,0,0,0,0,0,0,0,0,0,0,0,2,0,0
5532788,0,0,0,0,0,0,0,0,0,0,0,0,0,0,0,2,0,0
5532798,0,0,0,0,0,0,0,0,0,0,0,0,0,0,0,2,0,0
5532808,0,0,0,0,0,0,0,0,0,0,0,0,0,0,0,2,0,0
5532818,0,0,0,0,0,0,0,0,0,0,0,0,0,0,0,2,0,0
5532828,0,0,0,0,0,0,0,0,0,0,0,0,0,0,0,2,0,0
5532838,0,0,0,0,0,0,0,0,0,0,0,0,0,0,0,2,0,0
5532848,0,0,0,0,0,0,0,0,0,0,0,0,0,0,0,2,0,0
5532858,0,0,0,0,0,0,0,0,0,0,0,0,0,0,0,2,0,0
5532868,0,0,0,0,0,0,0,0,0,0,0,0,0,0,0,2,0,0
5532878,0,0,0,0,0,0,0,0,0,0,0,0,0,0,0,2,0,0
5532888,0,0,0,0,0,0,0,0,0,0,0,0,0,0,0,2,0,0
5532898,0,0,0,0,0,0,0,0,0,0,0,0,0,0,0,2,0,0
5532908,0,0,0,0,0,0,0,0,0,0,0,0,0,0,0,2,0,0
5532918,0,0,0,0,0,0,0,0,0,0,0,0,0,0,0,2,0,0
5532928,0,0,0,0,0,0,0,0,0,0,0,0,0,0,0,2,0,0
5532938,0,0,0,0,0,0,0,0,0,0,0,0,0,0,0,2,0,0
5532948,0,0,0,0,0,0,0,0,0,0,0,0,0,0,0,2,0,0
5532958,0,0,0,0,0,0,0,0,0,0,0,0,0,0,0,2,0,0
5532968,0,0,0,0,0,0,0,0,0,0,0,0,0,0,0,2,0,0
5532978,0,0,0,0,0,0,0,0,0,0,0,0,0,0,0,2,0,0
5532988,0,0,0,0,0,0,0,0,0,0,0,0,0,0,0,2,0,0
5532998,0,0,0,0,0,0,0,0,0,0,0,0,0,0,0,2,0,0
5533008,0,0,0,0,0,0,0,0,0,0,0,0,0,0,0,2,0,0
5533018,0,0,0,0,0,0,0,0,0,0,0,0,0,0,0,2,0,0
5533028,0,0,0,0,0,0,0,0,0,0,0,0,0,0,0,2,0,0
5533038,0,0,0,0,0,0,0,0,0,0,0,0,0,0,0,2,0,0
5533048,0,0,0,0,0,0,0,0,0,0,0,0,0,0,0,2,0,0
5533058,0,0,0,0,0,0,0,0,0,0,0,0,0,0,0,2,0,0
5533068,0,0,0,0,0,0,0,0,0,0,0,0,0,0,0,2,0,0
5533078,0,0,0,0,0,0,0,0,0,0,0,0,0,0,0,2,0,0
5533088,0,0,0,0,0,0,0,0,0,0,0,0,0,0,0,2,0,0
5533098,0,0,0,0,0,0,0,0,0,0,0,0,0,0,0,2,0,0
5533108,0,0,0,0,0,0,0,0,0,0,0,0,0,0,0,2,0,0
5533118,0,0,0,0,0,0,0,0,0,0,0,0,0,0,0,2,0,0
5533128,0,0,0,0,0,0,0,0,0,0,0,0,0,0,0,2,0,0
5533138,0,0,0,0,0,0,0,0,0,0,0,0,0,0,0,2,0,0
5533148,0,0,0,0,0,0,0,0,0,0,0,0,0,0,0,2,0,0
5533158,0,0,0,0,0,0,0,0,0,0,0,0,0,0,0,2,0,0
5533168,0,0,0,0,0,0,0,0,0,0,0,0,0,0,0,2,0,0
5533178,0,0,0,0,0,0,0,0,0,0,0,0,0,0,0,2,0,0
5533188,0,0,0,0,0,0,0,0,0,0,0,0,0,0,0,2,0,0
5533198,0,0,0,0,0,0,0,0,0,0,0,0,0,0,0,2,0,0
5533208,0,0,0,0,0,0,0,0,0,0,0,0,0,0,0,2,0,0
5533218,0,0,0,0,0,0,0,0,0,0,0,0,0,0,0,2,0,0
5533228,0,0,0,0,0,0,0,0,0,0,0,0,0,0,0,2,0,0
5533238,0,0,0,0,0,0,0,0,0,0,0,0,0,0,0,2,0,0
5533248,0,0,0,0,0,0,0,0,0,0,0,0,0,0,0,2,0,0
5533258,0,0,0,0,0,0,0,0,0,0,0,0,0,0,0,2,0,0
5533268,0,0,0,0,0,0,0,0,0,0,0,0,0,0,0,2,0,0
5533278,0,0,0,0,0,0,0,0,0,0,0,0,0,0,0,2,0,0
5533288,0,0,0,0,0,0,0,0,0,0,0,0,0,0,0,2,0,0
5533298,0,0,0,0,0,0,0,0,0,0,0,0,0,0,0,2,0,0
5533308,0,0,0,0,0,0,0,0,0,0,0,0,0,0,0,2,0,0
5533318,0,0,0,0,0,0,0,0,0,0,0,0,0,0,0,2,0,0
5533328,0,0,0,0,0,0,0,0,0,0,0,0,0,0,0,2,0,0
5533338,0,0,0,0,0,0,0,0,0,0,0,0,0,0,0,2,0,0
5533348,0,0,0,0,0,0,0,0,0,0,0,0,0,0,0,2,0,0
5533358,0,0,0,0,0,0,0,0,0,0,0,0,0,0,0,2,0,0
5533368,0,0,0,0,0,0,0,0,0,0,0,0,0,0,0,2,0,0
5533378,0,0,0,0,0,0,0,0,0,0,0,0,0,0,0,2,0,0
5533388,0,0,0,0,0,0,0,0,0,0,0,0,0,0,0,2,0,0
5533398,0,0,0,0,0,0,0,0,0,0,0,0,0,0,0,2,0,0
5533408,0,0,0,0,0,0,0,0,0,0,0,0,0,0,0,2,0,0
5533418,0,0,0,0,0,0,0,0,0,0,0,0,0,0,0,2,0,0
5533428,0,0,0,0,0,0,0,0,0,0,0,0,0,0,0,2,0,0
5533438,0,0,0,0,0,0,0,0,0,0,0,0,0,0,0,2,0,0
5533448,0,0,0,0,0,0,0,0,0,0,0,0,0,0,0,2,0,0
5533458,0,0,0,0,0,0,0,0,0,0,0,0,0,0,0,2,0,0
5533468,0,0,0,0,0,0,0,0,0,0,0,0,0,0,0,2,0,0
5533478,0,0,0,0,0,0,0,0,0,0,0,0,0,0,0,2,0,0
5533488,0,0,0,0,0,0,0,0,0,0,0,0,0,0,0,2,0,0
5533498,0,0,0,0,0,0,0,0,0,0,0,0,0,0,0,2,0,0
5533508,0,0,0,0,0,0,0,0,0,0,0,0,0,0,0,2,0,0
5533518,0,0,0,0,0,0,0,0,0,0,0,0,0,0,0,2,0,0
5533528,0,0,0,0,0,0,0,0,0,0,0,0,0,0,0,2,0,0
5533538,0,0,0,0,0,0,0,0,0,0,0,0,0,0,0,2,0,0
5533548,0,0,0,0,0,0,0,0,0,0,0,0,0,0,0,2,0,0
5533558,0,0,0,0,0,0,0,0,0,0,0,0,0,0,0,2,0,0
5533568,0,0,0,0,0,0,0,0,0,0,0,0,0,0,0,2,0,0
5533578,0,0,0,0,0,0,0,0,0,0,0,0,0,0,0,2,0,0
5533588,0,0,0,0,0,0,0,0,0,0,0,0,0,0,0,2,0,0
5533598,0,0,0,0,0,0,0,0,0,0,0,0,0,0,0,2,0,0
5533608,0,0,0,0,0,0,0,0,0,0,0,0,0,0,0,2,0,0
5533618,0,0,0,0,0,0,0,0,0,0,0,0,0,0,0,2,0,0
5533628,0,0,0,0,0,0,0,0,0,0,0,0,0,0,0,2,0,0
5533638,0,0,0,0,0,0,0,0,0,0,0,0,0,0,0,2,0,0
5533648,0,0,0,0,0,0,0,0,0,0,0,0,0,0,0,2,0,0
5533658,0,0,0,0,0,0,0,0,0,0,0,0,0,0,0,2,0,0
5533668,0,0,0,0,0,0,0,0,0,0,0,0,0,0,0,2,0,0
5533678,0,0,0,0,0,0,0,0,0,0,0,0,0,0,0,2,0,0
5533688,0,0,0,0,0,0,0,0,0,0,0,0,0,0,0,2,0,0
5533698,0,0,0,0,0,0,0,0,0,0,0,0,0,0,0,2,0,0
5533708,0,0,0,0,0,0,0,0,0,0,0,0,0,0,0,2,0,0
5533718,0,0,0,0,0,0,0,0,0,0,0,0,0,0,0,2,0,0
5533728,0,0,0,0,0,0,0,0,0,0,0,0,0,0,0,2,0,0
5533738,0,0,0,0,0,0,0,0,0,0,0,0,0,0,0,2,0,0
5533748,0,0,0,0,0,0,0,0,0,0,0,0,0,0,0,2,0,0
5533758,0,0,0,0,0,0,0,0,0,0,0,0,0,0,0,2,0,0
5533768,0,0,0,0,0,0,0,0,0,0,0,0,0,0,0,2,0,0
5533778,0,0,0,0,0,0,0,0,0,0,0,0,0,0,0,2,0,0
5533788,0,0,0,0,0,0,0,0,0,0,0,0,0,0,0,2,0,0
5533798,0,0,0,0,0,0,0,0,0,0,0,0,0,0,0,2,0,0
5533808,0,0,0,0,0,0,0,0,0,0,0,0,0,0,0,2,0,0
5533818,0,0,0,0,0,0,0,0,0,0,0,0,0,0,0,2,0,0
5533828,0,0,0,0,0,0,0,0,0,0,0,0,0,0,0,2,0,0
5533838,0,0,0,0,0,0,0,0,0,0,0,0,0,0,0,2,0,0
5533848,0,0,0,0,0,0,0,0,0,0,0,0,0,0,0,2,0,0
5533858,0,0,0,0,0,0,0,0,0,0,0,0,0,0,0,2,0,0
5533868,0,0,0,0,0,0,0,0,0,0,0,0,0,0,0,2,0,0
5533878,0,0,0,0,0,0,0,0,0,0,0,0,0,0,0,2,0,0
5533888,0,0,0,0,0,0,0,0,0,0,0,0,0,0,0,2,0,0
5533898,0,0,0,0,0,0,0,0,0,0,0,0,0,0,0,2,0,0
5533908,0,0,0,0,0,0,0,0,0,0,0,0,0,0,0,2,0,0
5533918,0,0,0,0,0,0,0,0,0,0,0,0,0,0,0,2,0,0
5533928,0,0,0,0,0,0,0,0,0,0,0,0,0,0,0,2,0,0
5533938,0,0,0,0,0,0,0,0,0,0,0,0,0,0,0,2,0,0
5533948,0,0,0,0,0,0,0,0,0,0,0,0,0,0,0,2,0,0
5533958,0,0,0,0,0,0,0,0,0,0,0,0,0,0,0,2,0,0
5533968,0,0,0,0,0,0,0,0,0,0,0,0,0,0,0,2,0,0
5533978,0,0,0,0,0,0,0,0,0,0,0,0,0,0,0,2,0,0
5533988,0,0,0,0,0,0,0,0,0,0,0,0,0,0,0,2,0,0
5533998,0,0,0,0,0,0,0,0,0,0,0,0,0,0,0,2,0,0
5534008,0,0,0,0,0,0,0,0,0,0,0,0,0,0,0,2,0,0
5534018,0,0,0,0,0,0,0,0,0,0,0,0,0,0,0,2,0,0
5534028,0,0,0,0,0,0,0,0,0,0,0,0,0,0,0,2,0,0
5534038,0,0,0,0,0,0,0,0,0,0,0,0,0,0,0,2,0,0
5534048,0,0,0,0,0,0,0,0,0,0,0,0,0,0,0,2,0,0
5534058,0,0,0,0,0,0,0,0,0,0,0,0,0,0,0,2,0,0
5534069,0,0,0,0,0,0,0,0,0,0,0,0,0,0,0,2,0,0
5534078,0,0,0,0,0,0,0,0,0,0,0,0,0,0,0,2,0,0
5534088,0,0,0,0,0,0,0,0,0,0,0,0,0,0,0,2,0,0
5534098,0,0,0,0,0,0,0,0,0,0,0,0,0,0,0,2,0,0
5534108,0,0,0,0,0,0,0,0,0,0,0,0,0,0,0,2,0,0
5534118,0,0,0,0,0,0,0,0,0,0,0,0,0,0,0,2,0,0
5534128,0,0,0,0,0,0,0,0,0,0,0,0,0,0,0,2,0,0
5534138,0,0,0,0,0,0,0,0,0,0,0,0,0,0,0,2,0,0
5534148,0,0,0,0,0,0,0,0,0,0,0,0,0,0,0,2,0,0
5534158,0,0,0,0,0,0,0,0,0,0,0,0,0,0,0,2,0,0
5534168,0,0,0,0,0,0,0,0,0,0,0,0,0,0,0,2,0,0
5534178,0,0,0,0,0,0,0,0,0,0,0,0,0,0,0,2,0,0
5534188,0,0,0,0,0,0,0,0,0,0,0,0,0,0,0,2,0,0
5534198,0,0,0,0,0,0,0,0,0,0,0,0,0,0,0,2,0,0
5534208,0,0,0,0,0,0,0,0,0,0,0,0,0,0,0,2,0,0
5534218,0,0,0,0,0,0,0,0,0,0,0,0,0,0,0,2,0,0
5534228,0,0,0,0,0,0,0,0,0,0,0,0,0,0,0,2,0,0
5534238,0,0,0,0,0,0,0,0,0,0,0,0,0,0,0,2,0,0
5534248,0,0,0,0,0,0,0,0,0,0,0,0,0,0,0,2,0,0
5534258,0,0,0,0,0,0,0,0,0,0,0,0,0,0,0,2,0,0
5534268,0,0,0,0,0,0,0,0,0,0,0,0,0,0,0,2,0,0
5534278,0,0,0,0,0,0,0,0,0,0,0,0,0,0,0,2,0,0
5534288,0,0,0,0,0,0,0,0,0,0,0,0,0,0,0,2,0,0
5534298,0,0,0,0,0,0,0,0,0,0,0,0,0,0,0,2,0,0
5534308,0,0,0,0,0,0,0,0,0,0,0,0,0,0,0,2,0,0
5534318,0,0,0,0,0,0,0,0,0,0,0,0,0,0,0,2,0,0
5534328,0,0,0,0,0,0,0,0,0,0,0,0,0,0,0,2,0,0
5534338,0,0,0,0,0,0,0,0,0,0,0,0,0,0,0,2,0,0
5534348,0,0,0,0,0,0,0,0,0,0,0,0,0,0,0,2,0,0
5534358,0,0,0,0,0,0,0,0,0,0,0,0,0,0,0,2,0,0
5534368,0,0,0,0,0,0,0,0,0,0,0,0,0,0,0,2,0,0
5534378,0,0,0,0,0,0,0,0,0,0,0,0,0,0,0,2,0,0
5534388,0,0,0,0,0,0,0,0,0,0,0,0,0,0,0,2,0,0
5534398,0,0,0,0,0,0,0,0,0,0,0,0,0,0,0,2,0,0
5534408,0,0,0,0,0,0,0,0,0,0,0,0,0,0,0,2,0,0
5534418,0,0,0,0,0,0,0,0,0,0,0,0,0,0,0,2,0,0
5534428,0,0,0,0,0,0,0,0,0,0,0,0,0,0,0,2,0,0
5534438,0,0,0,0,0,0,0,0,0,0,0,0,0,0,0,2,0,0
5534448,0,0,0,0,0,0,0,0,0,0,0,0,0,0,0,2,0,0
5534458,0,0,0,0,0,0,0,0,0,0,0,0,0,0,0,2,0,0
5534468,0,0,0,0,0,0,0,0,0,0,0,0,0,0,0,2,0,0
5534478,0,0,0,0,0,0,0,0,0,0,0,0,0,0,0,2,0,0
5534488,0,0,0,0,0,0,0,0,0,0,0,0,0,0,0,2,0,0
5534498,0,0,0,0,0,0,0,0,0,0,0,0,0,0,0,2,0,0
5534508,0,0,0,0,0,0,0,0,0,0,0,0,0,0,0,2,0,0
5534518,0,0,0,0,0,0,0,0,0,0,0,0,0,0,0,2,0,0
5534528,0,0,0,0,0,0,0,0,0,0,0,0,0,0,0,2,0,0
5534538,0,0,0,0,0,0,0,0,0,0,0,0,0,0,0,2,0,0
5534548,0,0,0,0,0,0,0,0,0,0,0,0,0,0,0,2,0,0
5534558,0,0,0,0,0,0,0,0,0,0,0,0,0,0,0,2,0,0
5534568,0,0,0,0,0,0,0,0,0,0,0,0,0,0,0,2,0,0
5534578,0,0,0,0,0,0,0,0,0,0,0,0,0,0,0,2,0,0
5534588,0,0,0,0,0,0,0,0,0,0,0,0,0,0,0,2,0,0
5534598,0,0,0,0,0,0,0,0,0,0,0,0,0,0,0,2,0,0
5534608,0,0,0,0,0,0,0,0,0,0,0,0,0,0,0,2,0,0
5534618,0,0,0,0,0,0,0,0,0,0,0,0,0,0,0,2,0,0
5534628,0,0,0,0,0,0,0,0,0,0,0,0,0,0,0,2,0,0
5534638,0,0,0,0,0,0,0,0,0,0,0,0,0,0,0,2,0,0
5534648,0,0,0,0,0,0,0,0,0,0,0,0,0,0,0,2,0,0
5534658,0,0,0,0,0,0,0,0,0,0,0,0,0,0,0,2,0,0
5534668,0,0,0,0,0,0,0,0,0,0,0,0,0,0,0,2,0,0
5534678,0,0,0,0,0,0,0,0,0,0,0,0,0,0,0,2,0,0
5534688,0,0,0,0,0,0,0,0,0,0,0,0,0,0,0,2,0,0
5534698,0,0,0,0,0,0,0,0,0,0,0,0,0,0,0,2,0,0
5534708,0,0,0,0,0,0,0,0,0,0,0,0,0,0,0,2,0,0
5534718,0,0,0,0,0,0,0,0,0,0,0,0,0,0,0,2,0,0
5534728,0,0,0,0,0,0,0,0,0,0,0,0,0,0,0,2,0,0
5534738,0,0,0,0,0,0,0,0,0,0,0,0,0,0,0,2,0,0
5534748,0,0,0,0,0,0,0,0,0,0,0,0,0,0,0,2,0,0
5534758,0,0,0,0,0,0,0,0,0,0,0,0,0,0,0,2,0,0
5534768,0,0,0,0,0,0,0,0,0,0,0,0,0,0,0,2,0,0
5534778,0,0,0,0,0,0,0,0,0,0,0,0,0,0,0,2,0,0
5534788,0,0,0,0,0,0,0,0,0,0,0,0,0,0,0,2,0,0
5534798,0,0,0,0,0,0,0,0,0,0,0,0,0,0,0,2,0,0
5534808,0,0,0,0,0,0,0,0,0,0,0,0,0,0,0,2,0,0
5534818,0,0,0,0,0,0,0,0,0,0,0,0,0,0,0,2,0,0
5534828,0,0,0,0,0,0,0,0,0,0,0,0,0,0,0,2,0,0
5534838,0,0,0,0,0,0,0,0,0,0,0,0,0,0,0,2,0,0
5534848,0,0,0,0,0,0,0,0,0,0,0,0,0,0,0,2,0,0
5534858,0,0,0,0,0,0,0,0,0,0,0,0,0,0,0,2,0,0
5534868,0,0,0,0,0,0,0,0,0,0,0,0,0,0,0,2,0,0
5534878,0,0,0,0,0,0,0,0,0,0,0,0,0,0,0,2,0,0
5534888,0,0,0,0,0,0,0,0,0,0,0,0,0,0,0,2,0,0
5534898,0,0,0,0,0,0,0,0,0,0,0,0,0,0,0,2,0,0
5534908,0,0,0,0,0,0,0,0,0,0,0,0,0,0,0,2,0,0
5534918,0,0,0,0,0,0,0,0,0,0,0,0,0,0,0,2,0,0
5534928,0,0,0,0,0,0,0,0,0,0,0,0,0,0,0,2,0,0
5534938,0,0,0,0,0,0,0,0,0,0,0,0,0,0,0,2,0,0
5534948,0,0,0,0,0,0,0,0,0,0,0,0,0,0,0,2,0,0
5534958,0,0,0,0,0,0,0,0,0,0,0,0,0,0,0,2,0,0
5534968,0,0,0,0,0,0,0,0,0,0,0,0,0,0,0,2,0,0
5534978,0,0,0,0,0,0,0,0,0,0,0,0,0,0,0,2,0,0
5534988,0,0,0,0,0,0,0,0,0,0,0,0,0,0,0,2,0,0
5534998,0,0,0,0,0,0,0,0,0,0,0,0,0,0,0,2,0,0
5535008,0,0,0,0,0,0,0,0,0,0,0,0,0,0,0,2,0,0
5535018,0,0,0,0,0,0,0,0,0,0,0,0,0,0,0,2,0,0
5535028,0,0,0,0,0,0,0,0,0,0,0,0,0,0,0,2,0,0
5535038,0,0,0,0,0,0,0,0,0,0,0,0,0,0,0,2,0,0
5535048,0,0,0,0,0,0,0,0,0,0,0,0,0,0,0,2,0,0
5535058,0,0,0,0,0,0,0,0,0,0,0,0,0,0,0,2,0,0
5535068,0,0,0,0,0,0,0,0,0,0,0,0,0,0,0,2,0,0
5535078,0,0,0,0,0,0,0,0,0,0,0,0,0,0,0,2,0,0
5535088,0,0,0,0,0,0,0,0,0,0,0,0,0,0,0,2,0,0
5535098,0,0,0,0,0,0,0,0,0,0,0,0,0,0,0,2,0,0
5535108,0,0,0,0,0,0,0,0,0,0,0,0,0,0,0,2,0,0
5535118,0,0,0,0,0,0,0,0,0,0,0,0,0,0,0,2,0,0
5535128,0,0,0,0,0,0,0,0,0,0,0,0,0,0,0,2,0,0
5535138,0,0,0,0,0,0,0,0,0,0,0,0,0,0,0,2,0,0
5535148,0,0,0,0,0,0,0,0,0,0,0,0,0,0,0,2,0,0
5535158,0,0,0,0,0,0,0,0,0,0,0,0,0,0,0,2,0,0
5535168,0,0,0,0,0,0,0,0,0,0,0,0,0,0,0,2,0,0
5535178,0,0,0,0,0,0,0,0,0,0,0,0,0,0,0,2,0,0
5535188,0,0,0,0,0,0,0,0,0,0,0,0,0,0,0,2,0,0
5535198,0,0,0,0,0,0,0,0,0,0,0,0,0,0,0,2,0,0
5535208,0,0,0,0,0,0,0,0,0,0,0,0,0,0,0,2,0,0
5535218,0,0,0,0,0,0,0,0,0,0,0,0,0,0,0,2,0,0
5535228,0,0,0,0,0,0,0,0,0,0,0,0,0,0,0,2,0,0
5535238,0,0,0,0,0,0,0,0,0,0,0,0,0,0,0,2,0,0
5535248,0,0,0,0,0,0,0,0,0,0,0,0,0,0,0,2,0,0
5535258,0,0,0,0,0,0,0,0,0,0,0,0,0,0,0,2,0,0
5535268,0,0,0,0,0,0,0,0,0,0,0,0,0,0,0,2,0,0
5535278,0,0,0,0,0,0,0,0,0,0,0,0,0,0,0,2,0,0
5535288,0,0,0,0,0,0,0,0,0,0,0,0,0,0,0,2,0,0
5535298,0,0,0,0,0,0,0,0,0,0,0,0,0,0,0,2,0,0
5535309,0,0,0,0,0,0,0,0,0,0,0,0,0,0,0,2,0,0
5535318,0,0,0,0,0,0,0,0,0,0,0,0,0,0,0,2,0,0
5535328,0,0,0,0,0,0,0,0,0,0,0,0,0,0,0,2,0,0
5535338,0,0,0,0,0,0,0,0,0,0,0,0,0,0,0,2,0,0
5535348,0,0,0,0,0,0,0,0,0,0,0,0,0,0,0,2,0,0
5535358,0,0,0,0,0,0,0,0,0,0,0,0,0,0,0,2,0,0
5535368,0,0,0,0,0,0,0,0,0,0,0,0,0,0,0,2,0,0
5535378,0,0,0,0,0,0,0,0,0,0,0,0,0,0,0,2,0,0
5535388,0,0,0,0,0,0,0,0,0,0,0,0,0,0,0,2,0,0
5535398,0,0,0,0,0,0,0,0,0,0,0,0,0,0,0,2,0,0
5535408,0,0,0,0,0,0,0,0,0,0,0,0,0,0,0,2,0,0
5535418,0,0,0,0,0,0,0,0,0,0,0,0,0,0,0,2,0,0
5535428,0,0,0,0,0,0,0,0,0,0,0,0,0,0,0,2,0,0
5535437,0,0,0,0,0,0,0,0,0,0,0,0,0,0,0,2,0,0
5535447,0,0,0,0,0,0,0,0,0,0,0,0,0,0,0,2,0,0
5535457,0,0,0,0,0,0,0,0,0,0,0,0,0,0,0,2,0,0
5535468,0,0,0,0,0,0,0,0,0,0,0,0,0,0,0,2,0,0
5535477,0,0,0,0,0,0,0,0,0,0,0,0,0,0,0,2,0,0
5535487,0,0,0,0,0,0,0,0,0,0,0,0,0,0,0,2,0,0
5535497,0,0,0,0,0,0,0,0,0,0,0,0,0,0,0,2,0,0
5535507,0,0,0,0,0,0,0,0,0,0,0,0,0,0,0,2,0,0
5535517,0,0,0,0,0,0,0,0,0,0,0,0,0,0,0,2,0,0
5535527,0,0,0,0,0,0,0,0,0,0,0,0,0,0,0,2,0,0
5535537,0,0,0,0,0,0,0,0,0,0,0,0,0,0,0,2,0,0
5535547,0,0,0,0,0,0,0,0,0,0,0,0,0,0,0,2,0,0
5535557,0,0,0,0,0,0,0,0,0,0,0,0,0,0,0,2,0,0
5535567,0,0,0,0,0,0,0,0,0,0,0,0,0,0,0,2,0,0
5535577,0,0,0,0,0,0,0,0,0,0,0,0,0,0,0,2,0,0
5535587,0,0,0,0,0,0,0,0,0,0,0,0,0,0,0,2,0,0
5535597,0,0,0,0,0,0,0,0,0,0,0,0,0,0,0,2,0,0
5535607,0,0,0,0,0,0,0,0,0,0,0,0,0,0,0,2,0,0
5535617,0,0,0,0,0,0,0,0,0,0,0,0,0,0,0,2,0,0
5535627,0,0,0,0,0,0,0,0,0,0,0,0,0,0,0,2,0,0
5535637,0,0,0,0,0,0,0,0,0,0,0,0,0,0,0,2,0,0
5535647,0,0,0,0,0,0,0,0,0,0,0,0,0,0,0,2,0,0
5535657,0,0,0,0,0,0,0,0,0,0,0,0,0,0,0,2,0,0
5535667,0,0,0,0,0,0,0,0,0,0,0,0,0,0,0,2,0,0
5535677,0,0,0,0,0,0,0,0,0,0,0,0,0,0,0,2,0,0
5535687,0,0,0,0,0,0,0,0,0,0,0,0,0,0,0,2,0,0
5535697,0,0,0,0,0,0,0,0,0,0,0,0,0,0,0,2,0,0
5535707,0,0,0,0,0,0,0,0,0,0,0,0,0,0,0,2,0,0
5535717,0,0,0,0,0,0,0,0,0,0,0,0,0,0,0,2,0,0
5535727,0,0,0,0,0,0,0,0,0,0,0,0,0,0,0,2,0,0
5535737,0,0,0,0,0,0,0,0,0,0,0,0,0,0,0,2,0,0
5535747,0,0,0,0,0,0,0,0,0,0,0,0,0,0,0,2,0,0
5535757,0,0,0,0,0,0,0,0,0,0,0,0,0,0,0,2,0,0
5535767,0,0,0,0,0,0,0,0,0,0,0,0,0,0,0,2,0,0
5535777,0,0,0,0,0,0,0,0,0,0,0,0,0,0,0,2,0,0
5535787,0,0,0,0,0,0,0,0,0,0,0,0,0,0,0,2,0,0
5535797,0,0,0,0,0,0,0,0,0,0,0,0,0,0,0,2,0,0
5535807,0,0,0,0,0,0,0,0,0,0,0,0,0,0,0,2,0,0
5535817,0,0,0,0,0,0,0,0,0,0,0,0,0,0,0,2,0,0
5535827,0,0,0,0,0,0,0,0,0,0,0,0,0,0,0,2,0,0
5535837,0,0,0,0,0,0,0,0,0,0,0,0,0,0,0,2,0,0
5535847,0,0,0,0,0,0,0,0,0,0,0,0,0,0,0,2,0,0
5535857,0,0,0,0,0,0,0,0,0,0,0,0,0,0,0,2,0,0
5535867,0,0,0,0,0,0,0,0,0,0,0,0,0,0,0,2,0,0
5535877,0,0,0,0,0,0,0,0,0,0,0,0,0,0,0,2,0,0
5535887,0,0,0,0,0,0,0,0,0,0,0,0,0,0,0,2,0,0
5535897,0,0,0,0,0,0,0,0,0,0,0,0,0,0,0,2,0,0
5535907,0,0,0,0,0,0,0,0,0,0,0,0,0,0,0,2,0,0
5535917,0,0,0,0,0,0,0,0,0,0,0,0,0,0,0,2,0,0
5535927,0,0,0,0,0,0,0,0,0,0,0,0,0,0,0,2,0,0
5535937,0,0,0,0,0,0,0,0,0,0,0,0,0,0,0,2,0,0
5535947,0,0,0,0,0,0,0,0,0,0,0,0,0,0,0,2,0,0
5535957,0,0,0,0,0,0,0,0,0,0,0,0,0,0,0,2,0,0
5535967,0,0,0,0,0,0,0,0,0,0,0,0,0,0,0,2,0,0
5535977,0,0,0,0,0,0,0,0,0,0,0,0,0,0,0,2,0,0
5535987,0,0,0,0,0,0,0,0,0,0,0,0,0,0,0,2,0,0
5535997,0,0,0,0,0,0,0,0,0,0,0,0,0,0,0,2,0,0
5536007,0,0,0,0,0,0,0,0,0,0,0,0,0,0,0,2,0,0
5536017,0,0,0,0,0,0,0,0,0,0,0,0,0,0,0,2,0,0
5536027,0,0,0,0,0,0,0,0,0,0,0,0,0,0,0,2,0,0
5536037,0,0,0,0,0,0,0,0,0,0,0,0,0,0,0,2,0,0
5536047,0,0,0,0,0,0,0,0,0,0,0,0,0,0,0,2,0,0
5536057,0,0,0,0,0,0,0,0,0,0,0,0,0,0,0,2,0,0
5536067,0,0,0,0,0,0,0,0,0,0,0,0,0,0,0,2,0,0
5536077,0,0,0,0,0,0,0,0,0,0,0,0,0,0,0,2,0,0
5536087,0,0,0,0,0,0,0,0,0,0,0,0,0,0,0,2,0,0
5536097,0,0,0,0,0,0,0,0,0,0,0,0,0,0,0,2,0,0
5536107,0,0,0,0,0,0,0,0,0,0,0,0,0,0,0,2,0,0
5536117,0,0,0,0,0,0,0,0,0,0,0,0,0,0,0,2,0,0
5536127,0,0,0,0,0,0,0,0,0,0,0,0,0,0,0,2,0,0
5536137,0,0,0,0,0,0,0,0,0,0,0,0,0,0,0,2,0,0
5536147,0,0,0,0,0,0,0,0,0,0,0,0,0,0,0,2,0,0
5536157,0,0,0,0,0,0,0,0,0,0,0,0,0,0,0,2,0,0
5536167,0,0,0,0,0,0,0,0,0,0,0,0,0,0,0,2,0,0
5536177,0,0,0,0,0,0,0,0,0,0,0,0,0,0,0,2,0,0
5536187,0,0,0,0,0,0,0,0,0,0,0,0,0,0,0,2,0,0
5536197,0,0,0,0,0,0,0,0,0,0,0,0,0,0,0,2,0,0
5536207,0,0,0,0,0,0,0,0,0,0,0,0,0,0,0,2,0,0
5536217,0,0,0,0,0,0,0,0,0,0,0,0,0,0,0,2,0,0
5536227,0,0,0,0,0,0,0,0,0,0,0,0,0,0,0,2,0,0
5536237,0,0,0,0,0,0,0,0,0,0,0,0,0,0,0,2,0,0
5536247,0,0,0,0,0,0,0,0,0,0,0,0,0,0,0,2,0,0
5536257,0,0,0,0,0,0,0,0,0,0,0,0,0,0,0,2,0,0
5536267,0,0,0,0,0,0,0,0,0,0,0,0,0,0,0,2,0,0
5536277,0,0,0,0,0,0,0,0,0,0,0,0,0,0,0,2,0,0
5536287,0,0,0,0,0,0,0,0,0,0,0,0,0,0,0,2,0,0
5536297,0,0,0,0,0,0,0,0,0,0,0,0,0,0,0,2,0,0
5536307,0,0,0,0,0,0,0,0,0,0,0,0,0,0,0,2,0,0
5536317,0,0,0,0,0,0,0,0,0,0,0,0,0,0,0,2,0,0
5536327,0,0,0,0,0,0,0,0,0,0,0,0,0,0,0,2,0,0
5536337,0,0,0,0,0,0,0,0,0,0,0,0,0,0,0,2,0,0
5536347,0,0,0,0,0,0,0,0,0,0,0,0,0,0,0,2,0,0
5536357,0,0,0,0,0,0,0,0,0,0,0,0,0,0,0,2,0,0
5536367,0,0,0,0,0,0,0,0,0,0,0,0,0,0,0,2,0,0
5536377,0,0,0,0,0,0,0,0,0,0,0,0,0,0,0,2,0,0
5536387,0,0,0,0,0,0,0,0,0,0,0,0,0,0,0,2,0,0
5536397,0,0,0,0,0,0,0,0,0,0,0,0,0,0,0,2,0,0
5536407,0,0,0,0,0,0,0,0,0,0,0,0,0,0,0,2,0,0
5536417,0,0,0,0,0,0,0,0,0,0,0,0,0,0,0,2,0,0
5536427,0,0,0,0,0,0,0,0,0,0,0,0,0,0,0,2,0,0
5536437,0,0,0,0,0,0,0,0,0,0,0,0,0,0,0,2,0,0
5536447,0,0,0,0,0,0,0,0,0,0,0,0,0,0,0,2,0,0
5536457,0,0,0,0,0,0,0,0,0,0,0,0,0,0,0,2,0,0
5536467,0,0,0,0,0,0,0,0,0,0,0,0,0,0,0,2,0,0
5536477,0,0,0,0,0,0,0,0,0,0,0,0,0,0,0,2,0,0
5536487,0,0,0,0,0,0,0,0,0,0,0,0,0,0,0,2,0,0
5536497,0,0,0,0,0,0,0,0,0,0,0,0,0,0,0,2,0,0
5536507,0,0,0,0,0,0,0,0,0,0,0,0,0,0,0,2,0,0
5536517,0,0,0,0,0,0,0,0,0,0,0,0,0,0,0,2,0,0
5536527,0,0,0,0,0,0,0,0,0,0,0,0,0,0,0,2,0,0
5536537,0,0,0,0,0,0,0,0,0,0,0,0,0,0,0,2,0,0
5536547,0,0,0,0,0,0,0,0,0,0,0,0,0,0,0,2,0,0
5536557,0,0,0,0,0,0,0,0,0,0,0,0,0,0,0,2,0,0
5536567,0,0,0,0,0,0,0,0,0,0,0,0,0,0,0,2,0,0
5536577,0,0,0,0,0,0,0,0,0,0,0,0,0,0,0,2,0,0
5536587,0,0,0,0,0,0,0,0,0,0,0,0,0,0,0,2,0,0
5536597,0,0,0,0,0,0,0,0,0,0,0,0,0,0,0,2,0,0
5536607,0,0,0,0,0,0,0,0,0,0,0,0,0,0,0,2,0,0
5536617,0,0,0,0,0,0,0,0,0,0,0,0,0,0,0,2,0,0
5536627,0,0,0,0,0,0,0,0,0,0,0,0,0,0,0,2,0,0
5536637,0,0,0,0,0,0,0,0,0,0,0,0,0,0,0,2,0,0
5536647,0,0,0,0,0,0,0,0,0,0,0,0,0,0,0,2,0,0
5536657,0,0,0,0,0,0,0,0,0,0,0,0,0,0,0,2,0,0
5536667,0,0,0,0,0,0,0,0,0,0,0,0,0,0,0,2,0,0
5536677,0,0,0,0,0,0,0,0,0,0,0,0,0,0,0,2,0,0
5536687,0,0,0,0,0,0,0,0,0,0,0,0,0,0,0,2,0,0
5536697,0,0,0,0,0,0,0,0,0,0,0,0,0,0,0,2,0,0
5536707,0,0,0,0,0,0,0,0,0,0,0,0,0,0,0,2,0,0
5536717,0,0,0,0,0,0,0,0,0,0,0,0,0,0,0,2,0,0
5536727,0,0,0,0,0,0,0,0,0,0,0,0,0,0,0,2,0,0
5536737,0,0,0,0,0,0,0,0,0,0,0,0,0,0,0,2,0,0
5536747,0,0,0,0,0,0,0,0,0,0,0,0,0,0,0,2,0,0
5536757,0,0,0,0,0,0,0,0,0,0,0,0,0,0,0,2,0,0
5536767,0,0,0,0,0,0,0,0,0,0,0,0,0,0,0,2,0,0
5536777,0,0,0,0,0,0,0,0,0,0,0,0,0,0,0,2,0,0
5536787,0,0,0,0,0,0,0,0,0,0,0,0,0,0,0,2,0,0
5536797,0,0,0,0,0,0,0,0,0,0,0,0,0,0,0,2,0,0
5536807,0,0,0,0,0,0,0,0,0,0,0,0,0,0,0,2,0,0
5536817,0,0,0,0,0,0,0,0,0,0,0,0,0,0,0,2,0,0
5536827,0,0,0,0,0,0,0,0,0,0,0,0,0,0,0,2,0,0
5536837,0,0,0,0,0,0,0,0,0,0,0,0,0,0,0,2,0,0
5536847,0,0,0,0,0,0,0,0,0,0,0,0,0,0,0,2,0,0
5536857,0,0,0,0,0,0,0,0,0,0,0,0,0,0,0,2,0,0
5536867,0,0,0,0,0,0,0,0,0,0,0,0,0,0,0,2,0,0
5536877,0,0,0,0,0,0,0,0,0,0,0,0,0,0,0,2,0,0
5536887,0,0,0,0,0,0,0,0,0,0,0,0,0,0,0,2,0,0
5536897,0,0,0,0,0,0,0,0,0,0,0,0,0,0,0,2,0,0
5536907,0,0,0,0,0,0,0,0,0,0,0,0,0,0,0,2,0,0
5536917,0,0,0,0,0,0,0,0,0,0,0,0,0,0,0,2,0,0
5536927,0,0,0,0,0,0,0,0,0,0,0,0,0,0,0,2,0,0
5536937,0,0,0,0,0,0,0,0,0,0,0,0,0,0,0,2,0,0
5536947,0,0,0,0,0,0,0,0,0,0,0,0,0,0,0,2,0,0
5536957,0,0,0,0,0,0,0,0,0,0,0,0,0,0,0,2,0,0
5536967,0,0,0,0,0,0,0,0,0,0,0,0,0,0,0,2,0,0
5536977,0,0,0,0,0,0,0,0,0,0,0,0,0,0,0,2,0,0
5536987,0,0,0,0,0,0,0,0,0,0,0,0,0,0,0,2,0,0
5536997,0,0,0,0,0,0,0,0,0,0,0,0,0,0,0,2,0,0
5537007,0,0,0,0,0,0,0,0,0,0,0,0,0,0,0,2,0,0
5537017,0,0,0,0,0,0,0,0,0,0,0,0,0,0,0,2,0,0
5537027,0,0,0,0,0,0,0,0,0,0,0,0,0,0,0,2,0,0
5537037,0,0,0,0,0,0,0,0,0,0,0,0,0,0,0,2,0,0
5537047,0,0,0,0,0,0,0,0,0,0,0,0,0,0,0,2,0,0
5537057,0,0,0,0,0,0,0,0,0,0,0,0,0,0,0,2,0,0
5537067,0,0,0,0,0,0,0,0,0,0,0,0,0,0,0,2,0,0
5537077,0,0,0,0,0,0,0,0,0,0,0,0,0,0,0,2,0,0
5537087,0,0,0,0,0,0,0,0,0,0,0,0,0,0,0,2,0,0
5537097,0,0,0,0,0,0,0,0,0,0,0,0,0,0,0,2,0,0
5537107,0,0,0,0,0,0,0,0,0,0,0,0,0,0,0,2,0,0
5537117,0,0,0,0,0,0,0,0,0,0,0,0,0,0,0,2,0,0
5537127,0,0,0,0,0,0,0,0,0,0,0,0,0,0,0,2,0,0
5537137,0,0,0,0,0,0,0,0,0,0,0,0,0,0,0,2,0,0
5537147,0,0,0,0,0,0,0,0,0,0,0,0,0,0,0,2,0,0
5537157,0,0,0,0,0,0,0,0,0,0,0,0,0,0,0,2,0,0
5537167,0,0,0,0,0,0,0,0,0,0,0,0,0,0,0,2,0,0
5537177,0,0,0,0,0,0,0,0,0,0,0,0,0,0,0,2,0,0
5537187,0,0,0,0,0,0,0,0,0,0,0,0,0,0,0,2,0,0
5537197,0,0,0,0,0,0,0,0,0,0,0,0,0,0,0,2,0,0
5537207,0,0,0,0,0,0,0,0,0,0,0,0,0,0,0,2,0,0
5537217,0,0,0,0,0,0,0,0,0,0,0,0,0,0,0,2,0,0
5537227,0,0,0,0,0,0,0,0,0,0,0,0,0,0,0,2,0,0
5537237,0,0,0,0,0,0,0,0,0,0,0,0,0,0,0,2,0,0
5537247,0,0,0,0,0,0,0,0,0,0,0,0,0,0,0,2,0,0
5537257,0,0,0,0,0,0,0,0,0,0,0,0,0,0,0,2,0,0
5537267,0,0,0,0,0,0,0,0,0,0,0,0,0,0,0,2,0,0
5537277,0,0,0,0,0,0,0,0,0,0,0,0,0,0,0,2,0,0
5537287,0,0,0,0,0,0,0,0,0,0,0,0,0,0,0,2,0,0
5537297,0,0,0,0,0,0,0,0,0,0,0,0,0,0,0,2,0,0
5537307,0,0,0,0,0,0,0,0,0,0,0,0,0,0,0,2,0,0
5537317,0,0,0,0,0,0,0,0,0,0,0,0,0,0,0,2,0,0
5537327,0,0,0,0,0,0,0,0,0,0,0,0,0,0,0,2,0,0
5537337,0,0,0,0,0,0,0,0,0,0,0,0,0,0,0,2,0,0
5537347,0,0,0,0,0,0,0,0,0,0,0,0,0,0,0,2,0,0
5537357,0,0,0,0,0,0,0,0,0,0,0,0,0,0,0,2,0,0
5537367,0,0,0,0,0,0,0,0,0,0,0,0,0,0,0,2,0,0
5537377,0,0,0,0,0,0,0,0,0,0,0,0,0,0,0,2,0,0
5537387,0,0,0,0,0,0,0,0,0,0,0,0,0,0,0,2,0,0
5537397,0,0,0,0,0,0,0,0,0,0,0,0,0,0,0,2,0,0
5537407,0,0,0,0,0,0,0,0,0,0,0,0,0,0,0,2,0,0
5537417,0,0,0,0,0,0,0,0,0,0,0,0,0,0,0,2,0,0
5537427,0,0,0,0,0,0,0,0,0,0,0,0,0,0,0,2,0,0
5537437,0,0,0,0,0,0,0,0,0,0,0,0,0,0,0,2,0,0
5537447,0,0,0,0,0,0,0,0,0,0,0,0,0,0,0,2,0,0
5537457,0,0,0,0,0,0,0,0,0,0,0,0,0,0,0,2,0,0
5537467,0,0,0,0,0,0,0,0,0,0,0,0,0,0,0,2,0,0
5537477,0,0,0,0,0,0,0,0,0,0,0,0,0,0,0,2,0,0
5537487,0,0,0,0,0,0,0,0,0,0,0,0,0,0,0,2,0,0
5537497,0,0,0,0,0,0,0,0,0,0,0,0,0,0,0,2,0,0
5537507,0,0,0,0,0,0,0,0,0,0,0,0,0,0,0,2,0,0
5537517,0,0,0,0,0,0,0,0,0,0,0,0,0,0,0,2,0,0
5537527,0,0,0,0,0,0,0,0,0,0,0,0,0,0,0,2,0,0
5537537,0,0,0,0,0,0,0,0,0,0,0,0,0,0,0,2,0,0
5537547,0,0,0,0,0,0,0,0,0,0,0,0,0,0,0,2,0,0
5537557,0,0,0,0,0,0,0,0,0,0,0,0,0,0,0,2,0,0
5537567,0,0,0,0,0,0,0,0,0,0,0,0,0,0,0,2,0,0
5537577,0,0,0,0,0,0,0,0,0,0,0,0,0,0,0,2,0,0
5537587,0,0,0,0,0,0,0,0,0,0,0,0,0,0,0,2,0,0
5537597,0,0,0,0,0,0,0,0,0,0,0,0,0,0,0,2,0,0
5537607,0,0,0,0,0,0,0,0,0,0,0,0,0,0,0,2,0,0
5537617,0,0,0,0,0,0,0,0,0,0,0,0,0,0,0,2,0,0
5537627,0,0,0,0,0,0,0,0,0,0,0,0,0,0,0,2,0,0
5537637,0,0,0,0,0,0,0,0,0,0,0,0,0,0,0,2,0,0
5537647,0,0,0,0,0,0,0,0,0,0,0,0,0,0,0,2,0,0
5537657,0,0,0,0,0,0,0,0,0,0,0,0,0,0,0,2,0,0
5537667,0,0,0,0,0,0,0,0,0,0,0,0,0,0,0,2,0,0
5537677,0,0,0,0,0,0,0,0,0,0,0,0,0,0,0,2,0,0
5537687,0,0,0,0,0,0,0,0,0,0,0,0,0,0,0,2,0,0
5537697,0,0,0,0,0,0,0,0,0,0,0,0,0,0,0,2,0,0
5537707,0,0,0,0,0,0,0,0,0,0,0,0,0,0,0,2,0,0
5537717,0,0,0,0,0,0,0,0,0,0,0,0,0,0,0,2,0,0
5537727,0,0,0,0,0,0,0,0,0,0,0,0,0,0,0,2,0,0
5537737,0,0,0,0,0,0,0,0,0,0,0,0,0,0,0,2,0,0
5537747,0,0,0,0,0,0,0,0,0,0,0,0,0,0,0,2,0,0
5537757,0,0,0,0,0,0,0,0,0,0,0,0,0,0,0,2,0,0
5537767,0,0,0,0,0,0,0,0,0,0,0,0,0,0,0,2,0,0
5537777,0,0,0,0,0,0,0,0,0,0,0,0,0,0,0,2,0,0
5537787,0,0,0,0,0,0,0,0,0,0,0,0,0,0,0,2,0,0
5537797,0,0,0,0,0,0,0,0,0,0,0,0,0,0,0,2,0,0
5537807,0,0,0,0,0,0,0,0,0,0,0,0,0,0,0,2,0,0
5537817,0,0,0,0,0,0,0,0,0,0,0,0,0,0,0,2,0,0
5537827,0,0,0,0,0,0,0,0,0,0,0,0,0,0,0,2,0,0
5537837,0,0,0,0,0,0,0,0,0,0,0,0,0,0,0,2,0,0
5537847,0,0,0,0,0,0,0,0,0,0,0,0,0,0,0,2,0,0
5537857,0,0,0,0,0,0,0,0,0,0,0,0,0,0,0,2,0,0
5537867,0,0,0,0,0,0,0,0,0,0,0,0,0,0,0,2,0,0
5537877,0,0,0,0,0,0,0,0,0,0,0,0,0,0,0,2,0,0
5537887,0,0,0,0,0,0,0,0,0,0,0,0,0,0,0,2,0,0
5537897,0,0,0,0,0,0,0,0,0,0,0,0,0,0,0,2,0,0
5537907,0,0,0,0,0,0,0,0,0,0,0,0,0,0,0,2,0,0
5537917,0,0,0,0,0,0,0,0,0,0,0,0,0,0,0,2,0,0
5537927,0,0,0,0,0,0,0,0,0,0,0,0,0,0,0,2,0,0
5537937,0,0,0,0,0,0,0,0,0,0,0,0,0,0,0,2,0,0
5537947,0,0,0,0,0,0,0,0,0,0,0,0,0,0,0,2,0,0
5537957,0,0,0,0,0,0,0,0,0,0,0,0,0,0,0,2,0,0
5537967,0,0,0,0,0,0,0,0,0,0,0,0,0,0,0,2,0,0
5537977,0,0,0,0,0,0,0,0,0,0,0,0,0,0,0,2,0,0
5537987,0,0,0,0,0,0,0,0,0,0,0,0,0,0,0,2,0,0
5537997,0,0,0,0,0,0,0,0,0,0,0,0,0,0,0,2,0,0
5538007,0,0,0,0,0,0,0,0,0,0,0,0,0,0,0,2,0,0
5538017,0,0,0,0,0,0,0,0,0,0,0,0,0,0,0,2,0,0
5538027,0,0,0,0,0,0,0,0,0,0,0,0,0,0,0,2,0,0
5538037,0,0,0,0,0,0,0,0,0,0,0,0,0,0,0,2,0,0
5538047,0,0,0,0,0,0,0,0,0,0,0,0,0,0,0,2,0,0
5538057,0,0,0,0,0,0,0,0,0,0,0,0,0,0,0,2,0,0
5538067,0,0,0,0,0,0,0,0,0,0,0,0,0,0,0,2,0,0
5538077,0,0,0,0,0,0,0,0,0,0,0,0,0,0,0,2,0,0
5538087,0,0,0,0,0,0,0,0,0,0,0,0,0,0,0,2,0,0
5538097,0,0,0,0,0,0,0,0,0,0,0,0,0,0,0,2,0,0
5538107,0,0,0,0,0,0,0,0,0,0,0,0,0,0,0,2,0,0
5538117,0,0,0,0,0,0,0,0,0,0,0,0,0,0,0,2,0,0
5538127,0,0,0,0,0,0,0,0,0,0,0,0,0,0,0,2,0,0
5538137,0,0,0,0,0,0,0,0,0,0,0,0,0,0,0,2,0,0
5538147,0,0,0,0,0,0,0,0,0,0,0,0,0,0,0,2,0,0
5538157,0,0,0,0,0,0,0,0,0,0,0,0,0,0,0,2,0,0
5538167,0,0,0,0,0,0,0,0,0,0,0,0,0,0,0,2,0,0
5538177,0,0,0,0,0,0,0,0,0,0,0,0,0,0,0,2,0,0
5538187,0,0,0,0,0,0,0,0,0,0,0,0,0,0,0,2,0,0
5538197,0,0,0,0,0,0,0,0,0,0,0,0,0,0,0,2,0,0
5538207,0,0,0,0,0,0,0,0,0,0,0,0,0,0,0,2,0,0
5538217,0,0,0,0,0,0,0,0,0,0,0,0,0,0,0,2,0,0
5538227,0,0,0,0,0,0,0,0,0,0,0,0,0,0,0,2,0,0
5538237,0,0,0,0,0,0,0,0,0,0,0,0,0,0,0,2,0,0
5538247,0,0,0,0,0,0,0,0,0,0,0,0,0,0,0,2,0,0
5538257,0,0,0,0,0,0,0,0,0,0,0,0,0,0,0,2,0,0
5538267,0,0,0,0,0,0,0,0,0,0,0,0,0,0,0,2,0,0
5538277,0,0,0,0,0,0,0,0,0,0,0,0,0,0,0,2,0,0
5538287,0,0,0,0,0,0,0,0,0,0,0,0,0,0,0,2,0,0
5538297,0,0,0,0,0,0,0,0,0,0,0,0,0,0,0,2,0,0
5538307,0,0,0,0,0,0,0,0,0,0,0,0,0,0,0,2,0,0
5538317,0,0,0,0,0,0,0,0,0,0,0,0,0,0,0,2,0,0
5538327,0,0,0,0,0,0,0,0,0,0,0,0,0,0,0,2,0,0
5538337,0,0,0,0,0,0,0,0,0,0,0,0,0,0,0,2,0,0
5538347,0,0,0,0,0,0,0,0,0,0,0,0,0,0,0,2,0,0
5538357,0,0,0,0,0,0,0,0,0,0,0,0,0,0,0,2,0,0
5538367,0,0,0,0,0,0,0,0,0,0,0,0,0,0,0,2,0,0
5538377,0,0,0,0,0,0,0,0,0,0,0,0,0,0,0,2,0,0
5538387,0,0,0,0,0,0,0,0,0,0,0,0,0,0,0,2,0,0
5538397,0,0,0,0,0,0,0,0,0,0,0,0,0,0,0,2,0,0
5538407,0,0,0,0,0,0,0,0,0,0,0,0,0,0,0,2,0,0
5538417,0,0,0,0,0,0,0,0,0,0,0,0,0,0,0,2,0,0
5538427,0,0,0,0,0,0,0,0,0,0,0,0,0,0,0,2,0,0
5538437,0,0,0,0,0,0,0,0,0,0,0,0,0,0,0,2,0,0
5538447,0,0,0,0,0,0,0,0,0,0,0,0,0,0,0,2,0,0
5538457,0,0,0,0,0,0,0,0,0,0,0,0,0,0,0,2,0,0
5538467,0,0,0,0,0,0,0,0,0,0,0,0,0,0,0,2,0,0
5538477,0,0,0,0,0,0,0,0,0,0,0,0,0,0,0,2,0,0
5538487,0,0,0,0,0,0,0,0,0,0,0,0,0,0,0,2,0,0
5538497,0,0,0,0,0,0,0,0,0,0,0,0,0,0,0,2,0,0
5538507,0,0,0,0,0,0,0,0,0,0,0,0,0,0,0,2,0,0
5538517,0,0,0,0,0,0,0,0,0,0,0,0,0,0,0,2,0,0
5538527,0,0,0,0,0,0,0,0,0,0,0,0,0,0,0,2,0,0
5538537,0,0,0,0,0,0,0,0,0,0,0,0,0,0,0,2,0,0
5538547,0,0,0,0,0,0,0,0,0,0,0,0,0,0,0,2,0,0
5538557,0,0,0,0,0,0,0,0,0,0,0,0,0,0,0,2,0,0
5538567,0,0,0,0,0,0,0,0,0,0,0,0,0,0,0,2,0,0
5538577,0,0,0,0,0,0,0,0,0,0,0,0,0,0,0,2,0,0
5538587,0,0,0,0,0,0,0,0,0,0,0,0,0,0,0,2,0,0
5538597,0,0,0,0,0,0,0,0,0,0,0,0,0,0,0,2,0,0
5538607,0,0,0,0,0,0,0,0,0,0,0,0,0,0,0,2,0,0
5538617,0,0,0,0,0,0,0,0,0,0,0,0,0,0,0,2,0,0
5538627,0,0,0,0,0,0,0,0,0,0,0,0,0,0,0,2,0,0
5538637,0,0,0,0,0,0,0,0,0,0,0,0,0,0,0,2,0,0
5538647,0,0,0,0,0,0,0,0,0,0,0,0,0,0,0,2,0,0
5538657,0,0,0,0,0,0,0,0,0,0,0,0,0,0,0,2,0,0
5538667,0,0,0,0,0,0,0,0,0,0,0,0,0,0,0,2,0,0
5538677,0,0,0,0,0,0,0,0,0,0,0,0,0,0,0,2,0,0
5538687,0,0,0,0,0,0,0,0,0,0,0,0,0,0,0,2,0,0
5538697,0,0,0,0,0,0,0,0,0,0,0,0,0,0,0,2,0,0
5538707,0,0,0,0,0,0,0,0,0,0,0,0,0,0,0,2,0,0
5538717,0,0,0,0,0,0,0,0,0,0,0,0,0,0,0,2,0,0
5538727,0,0,0,0,0,0,0,0,0,0,0,0,0,0,0,2,0,0
5538737,0,0,0,0,0,0,0,0,0,0,0,0,0,0,0,2,0,0
5538747,0,0,0,0,0,0,0,0,0,0,0,0,0,0,0,2,0,0
5538757,0,0,0,0,0,0,0,0,0,0,0,0,0,0,0,2,0,0
5538767,0,0,0,0,0,0,0,0,0,0,0,0,0,0,0,2,0,0
5538777,0,0,0,0,0,0,0,0,0,0,0,0,0,0,0,2,0,0
5538787,0,0,0,0,0,0,0,0,0,0,0,0,0,0,0,2,0,0
5538797,0,0,0,0,0,0,0,0,0,0,0,0,0,0,0,2,0,0
5538807,0,0,0,0,0,0,0,0,0,0,0,0,0,0,0,2,0,0
5538817,0,0,0,0,0,0,0,0,0,0,0,0,0,0,0,2,0,0
5538827,0,0,0,0,0,0,0,0,0,0,0,0,0,0,0,2,0,0
5538837,0,0,0,0,0,0,0,0,0,0,0,0,0,0,0,2,0,0
5538847,0,0,0,0,0,0,0,0,0,0,0,0,0,0,0,2,0,0
5538857,0,0,0,0,0,0,0,0,0,0,0,0,0,0,0,2,0,0
5538867,0,0,0,0,0,0,0,0,0,0,0,0,0,0,0,2,0,0
5538877,0,0,0,0,0,0,0,0,0,0,0,0,0,0,0,2,0,0
5538887,0,0,0,0,0,0,0,0,0,0,0,0,0,0,0,2,0,0
5538897,0,0,0,0,0,0,0,0,0,0,0,0,0,0,0,2,0,0
5538907,0,0,0,0,0,0,0,0,0,0,0,0,0,0,0,2,0,0
5538917,0,0,0,0,0,0,0,0,0,0,0,0,0,0,0,2,0,0
5538927,0,0,0,0,0,0,0,0,0,0,0,0,0,0,0,2,0,0
5538937,0,0,0,0,0,0,0,0,0,0,0,0,0,0,0,2,0,0
5538947,0,0,0,0,0,0,0,0,0,0,0,0,0,0,0,2,0,0
5538957,0,0,0,0,0,0,0,0,0,0,0,0,0,0,0,2,0,0
5538967,0,0,0,0,0,0,0,0,0,0,0,0,0,0,0,2,0,0
5538977,0,0,0,0,0,0,0,0,0,0,0,0,0,0,0,2,0,0
5538987,0,0,0,0,0,0,0,0,0,0,0,0,0,0,0,2,0,0
5538997,0,0,0,0,0,0,0,0,0,0,0,0,0,0,0,2,0,0
5539007,0,0,0,0,0,0,0,0,0,0,0,0,0,0,0,2,0,0
5539017,0,0,0,0,0,0,0,0,0,0,0,0,0,0,0,2,0,0
5539027,0,0,0,0,0,0,0,0,0,0,0,0,0,0,0,2,0,0
5539037,0,0,0,0,0,0,0,0,0,0,0,0,0,0,0,2,0,0
5539047,0,0,0,0,0,0,0,0,0,0,0,0,0,0,0,2,0,0
5539057,0,0,0,0,0,0,0,0,0,0,0,0,0,0,0,2,0,0
5539067,0,0,0,0,0,0,0,0,0,0,0,0,0,0,0,2,0,0
5539077,0,0,0,0,0,0,0,0,0,0,0,0,0,0,0,2,0,0
5539087,0,0,0,0,0,0,0,0,0,0,0,0,0,0,0,2,0,0
5539097,0,0,0,0,0,0,0,0,0,0,0,0,0,0,0,2,0,0
5539107,0,0,0,0,0,0,0,0,0,0,0,0,0,0,0,2,0,0
5539117,0,0,0,0,0,0,0,0,0,0,0,0,0,0,0,2,0,0
5539127,0,0,0,0,0,0,0,0,0,0,0,0,0,0,0,2,0,0
5539137,0,0,0,0,0,0,0,0,0,0,0,0,0,0,0,2,0,0
5539147,0,0,0,0,0,0,0,0,0,0,0,0,0,0,0,2,0,0
5539157,0,0,0,0,0,0,0,0,0,0,0,0,0,0,0,2,0,0
5539167,0,0,0,0,0,0,0,0,0,0,0,0,0,0,0,2,0,0
5539177,0,0,0,0,0,0,0,0,0,0,0,0,0,0,0,2,0,0
5539187,0,0,0,0,0,0,0,0,0,0,0,0,0,0,0,2,0,0
5539197,0,0,0,0,0,0,0,0,0,0,0,0,0,0,0,2,0,0
5539207,0,0,0,0,0,0,0,0,0,0,0,0,0,0,0,2,0,0
5539217,0,0,0,0,0,0,0,0,0,0,0,0,0,0,0,2,0,0
5539227,0,0,0,0,0,0,0,0,0,0,0,0,0,0,0,2,0,0
5539237,0,0,0,0,0,0,0,0,0,0,0,0,0,0,0,2,0,0
5539247,0,0,0,0,0,0,0,0,0,0,0,0,0,0,0,2,0,0
5539257,0,0,0,0,0,0,0,0,0,0,0,0,0,0,0,2,0,0
5539268,0,0,0,0,0,0,0,0,0,0,0,0,0,0,0,2,0,0
5539277,0,0,0,0,0,0,0,0,0,0,0,0,0,0,0,2,0,0
5539287,0,0,0,0,0,0,0,0,0,0,0,0,0,0,0,2,0,0
5539297,0,0,0,0,0,0,0,0,0,0,0,0,0,0,0,2,0,0
5539307,0.199,-0.016,-1.73,0,0,0,0,0,0,0,0,0,0,14,2,3,0,0
5539317,0.299,-0.024,-1.73,0,0,0,0,0,0,0,0,0,0,38,27,3,0,0
5539327,0.299,-0.024,-1.73,0,0,0,0,0,0,0,0,0,0,38,27,3,0,0
5539337,0.398,-0.032,-1.716,0.07,-0.014,0,0,0,0,0,0,0.013,0.002,-25,-7,3,0.013,0.002
5539347,0.398,-0.032,-1.716,0.14,-0.014,0,0,0,0,0.001,0,0.035,0.025,-25,-7,3,0.035,0.025
5539357,0.498,-0.041,-1.688,0.21,-0.014,0,0,-0.001,0.001,0.003,-0.001,0.034,0.025,6,-47,3,0.034,0.025
5539367,0.598,-0.048,-1.688,0.28,-0.028,0,0,-0.002,0.001,0.007,-0.003,-0.023,-0.006,-19,31,3,-0.023,-0.006
5539377,0.697,-0.056,-1.688,0.35,-0.028,0,0,-0.003,0.002,0.013,-0.001,-0.023,-0.006,1,18,3,-0.023,-0.006
5539387,0.697,-0.056,-1.688,0.42,-0.028,0,0,-0.003,0.001,0.023,-0.004,0.005,-0.043,1,18,3,0.005,-0.043
5539397,0.797,-0.063,-1.66,0.49,-0.042,0,0,-0.004,0,0.033,-0.003,-0.018,0.028,8,3,3,-0.018,0.028
5539407,0.897,-0.069,-1.647,0.56,-0.056,0,0,-0.003,0,0.047,-0.004,0.001,0.016,4,-16,3,0.001,0.016
5539417,0.997,-0.076,-1.647,0.63,-0.056,0,0,-0.003,0.001,0.069,-0.002,0.001,0.016,0,0,3,0.001,0.016
5539427,0.997,-0.076,-1.647,0.7,-0.056,0,0,-0.006,0.001,0.086,-0.002,0.007,0.003,0,0,3,0.007,0.003
5539437,1.097,-0.08,-1.647,0.77,-0.056,0,0,-0.008,0,0.108,0.004,0.003,-0.015,47,-8,3,0.003,-0.015
5539447,1.197,-0.084,-1.647,0.84,-0.069,0,0,-0.012,-0.001,0.145,-0.017,-0.001,0,43,-41,3,-0.001,0
5539457,1.297,-0.084,-1.647,0.91,-0.069,0.004,0,-0.007,0.004,0.173,-0.032,-0.001,0,41,-16,3,-0.001,0
5539467,1.297,-0.084,-1.647,0.98,-0.069,0.021,0,0.005,0.002,0.197,-0.024,0.043,-0.007,41,-16,3,0.043,-0.007
5539477,1.498,-0.058,-1.647,1.05,-0.083,0.023,0,0.016,0.001,0.272,-0.017,0.04,-0.037,98,47,3,0.04,-0.037
5539487,1.599,-0.035,-1.647,1.12,-0.083,0.019,0,0.005,0,0.35,-0.019,0.038,-0.015,191,-40,3,0.038,-0.015
5539497,1.599,-0.035,-1.647,1.19,-0.083,0.043,0,0.015,-0.005,0.416,-0.049,0.038,-0.015,191,-40,3,0.038,-0.015
5539507,1.699,-0.002,-1.647,1.26,-0.073,0.05,0,0.038,0.001,0.575,-0.096,0.092,0.042,173,-16,3,0.092,0.042
5539517,1.799,0.047,-1.647,1.33,-0.054,0.041,0,0.027,0.005,0.853,-0.119,0.176,-0.036,209,-12,3,0.176,-0.036
5539527,1.799,0.047,-1.647,1.4,-0.054,0.03,0,0.016,0.007,1.082,-0.12,0.175,-0.036,209,-12,3,0.175,-0.036
5539537,1.725,0.101,-1.647,1.47,-0.024,0.023,0,0,0.009,1.136,-0.055,0.157,-0.015,277,0,3,0.157,-0.015
5539547,1.649,0.156,-1.647,1.54,0.034,0.074,0,0.048,-0.036,1.138,0.036,0.194,-0.013,340,22,3,0.194,-0.013
5539557,1.739,0.245,-1.647,1.61,0.034,0.116,0,0.082,0.014,1.144,-0.056,0.197,-0.01,434,-29,3,0.197,-0.01
5539567,1.739,0.245,-1.647,1.68,0.09,0.124,0,0.112,0.006,1.218,-0.196,0.262,0.001,434,-29,3,0.262,0.001
5539577,1.655,0.319,-1.647,1.66,0.146,0.105,0,0.083,-0.014,1.373,-0.245,0.317,0.019,472,18,3,0.317,0.019
5539587,1.564,0.398,-1.647,1.73,0.216,0.093,0.002,0.073,-0.003,1.555,-0.272,0.402,-0.027,547,20,3,0.402,-0.027
5539597,1.564,0.398,-1.647,1.73,0.244,0.092,0.009,0.084,0.012,1.765,-0.308,0.402,-0.025,547,20,3,0.402,-0.025
5539607,1.632,0.522,-1.647,1.68,0.314,0.107,0.023,0.088,0.013,1.902,-0.369,0.437,0.018,568,97,3,0.437,0.018
5539617,1.632,0.522,-1.647,1.63,0.384,0.113,0.039,0.087,0.026,1.874,-0.4,0.505,0.02,568,97,3,0.505,0.02
5539627,1.414,0.684,-1.647,1.6,0.384,0.182,0.087,0.154,0.058,1.758,-0.304,0.51,0.023,709,225,3,0.51,0.023
5539637,1.449,0.831,-1.647,1.628,0.454,0.271,0.147,0.22,0.129,1.641,-0.133,0.535,0.099,789,250,3,0.535,0.099
5539647,1.449,0.831,-1.647,1.628,0.51,0.37,0.223,0.336,0.185,1.563,0.008,0.546,0.104,789,250,3,0.546,0.104
5539657,1.321,0.901,-1.647,1.578,0.58,0.365,0.233,0.343,0.228,1.553,0.128,0.676,0.226,822,269,3,0.676,0.226
5539667,1.321,0.901,-1.647,1.528,0.65,0.375,0.268,0.344,0.254,1.561,0.186,0.749,0.25,822,269,3,0.749,0.25
5539677,1.201,0.945,-1.647,1.488,0.72,0.36,0.286,0.361,0.271,1.579,0.304,0.751,0.253,1,0,3,0.751,0.253
5539687,1.201,0.945,-1.647,1.438,0.79,0.33,0.287,0.323,0.295,1.548,0.425,0.777,0.272,1,0,3,0.777,0.272
5539697,1.044,1.154,-1.647,1.388,0.86,0.281,0.263,0.283,0.284,1.437,0.526,0.773,0.27,1,1,3,0.773,0.27
5539707,0.88,1.196,-1.647,1.338,0.93,0.316,0.335,0.302,0.315,1.347,0.624,0.028,0.028,1629,1257,3,0.028,0.028
5539717,0.826,1.353,-1.647,1.288,0.944,0.285,0.318,0.291,0.324,1.319,0.704,0.028,0.03,0,1,3,0.028,0.03
5539727,0.826,1.353,-1.647,1.238,1.014,0.219,0.25,0.224,0.272,1.326,0.754,0.022,0.026,0,1,3,0.022,0.026
5539737,0.656,1.364,-1.647,1.188,1.084,0.241,0.283,0.208,0.283,1.357,0.817,1.5,1.167,1663,1593,3,1.5,1.167
5539747,0.656,1.364,-1.647,1.138,1.154,0.327,0.396,0.281,0.362,1.354,0.868,0.024,0.032,1663,1593,3,0.024,0.032
5539757,0.494,1.354,-1.647,1.088,1.224,0.333,0.412,0.329,0.426,1.316,0.847,0.03,0.04,803,816,3,0.03,0.04
5539767,0.347,1.325,-1.647,1.038,1.294,0.265,0.33,0.298,0.365,1.268,0.766,1.539,1.482,745,917,3,1.539,1.482
5539777,0.219,1.28,-1.647,0.988,1.364,0.234,0.296,0.232,0.314,1.123,0.618,1.533,1.477,778,951,3,1.533,1.477
5539787,0.219,1.28,-1.647,0.938,1.364,0.295,0.375,0.278,0.367,0.954,0.478,0.755,0.774,778,951,3,0.755,0.774
5539797,0.126,1.392,-1.647,0.888,1.344,0.355,0.45,0.352,0.446,0.808,0.286,0.709,0.873,806,925,3,0.709,0.873
5539807,0.032,1.325,-1.647,0.838,1.304,0.307,0.388,0.338,0.428,0.681,-0.019,0.739,0.904,700,987,3,0.739,0.904
5539817,0.032,1.325,-1.647,0.788,1.304,0.23,0.29,0.261,0.351,0.676,-0.25,0.732,0.898,700,987,3,0.732,0.898
5539827,-0.107,1.248,-1.647,0.738,1.374,0.16,0.202,0.191,0.24,0.775,-0.328,0.751,0.864,671,876,3,0.751,0.864
5539837,-0.168,1.169,-1.647,0.688,1.344,0.127,0.155,0.149,0.153,0.824,-0.251,0.651,0.912,641,898,3,0.651,0.912
5539847,-0.216,1.087,-1.647,0.638,1.344,0.185,0.209,0.167,0.201,0.744,0.017,0.651,0.914,559,845,3,0.651,0.914
5539857,-0.358,1.152,-1.647,0.588,1.294,0.275,0.305,0.244,0.302,0.66,0.242,0.631,0.823,477,748,3,0.631,0.823
5539867,-0.358,1.152,-1.647,0.538,1.244,0.339,0.384,0.314,0.359,0.614,0.39,0.611,0.848,477,748,3,0.611,0.848
5539877,-0.379,1.069,-1.647,0.488,1.194,0.378,0.438,0.361,0.422,0.58,0.499,0.54,0.806,454,685,3,0.54,0.806
5539887,-0.443,0.964,-1.647,0.438,1.171,0.426,0.496,0.418,0.481,0.553,0.563,0.471,0.723,367,772,3,0.471,0.723
5539897,-0.443,0.964,-1.647,0.388,1.171,0.447,0.508,0.453,0.504,0.544,0.601,0.475,0.726,367,772,3,0.475,0.726
5539907,-0.506,1.045,-1.647,0.338,1.121,0.377,0.423,0.405,0.458,0.541,0.635,0.451,0.665,407,658,3,0.451,0.665
5539917,-0.492,0.971,-1.647,0.288,1.071,0.278,0.31,0.307,0.35,0.54,0.692,0.363,0.735,473,574,3,0.363,0.735
5539927,-0.519,0.873,-1.647,0.238,1.021,0.21,0.225,0.222,0.245,0.538,0.737,0.355,0.725,416,658,3,0.355,0.725
5539937,-0.485,0.81,-1.647,0.188,1.035,0.197,0.208,0.204,0.199,0.526,0.739,0.388,0.616,397,650,3,0.388,0.616
5539947,-0.485,0.81,-1.647,0.138,0.995,0.242,0.263,0.245,0.247,0.516,0.763,0.451,0.543,397,650,3,0.451,0.543
5539957,-0.447,0.748,-1.647,0.088,0.945,0.307,0.34,0.296,0.307,0.513,0.834,0.404,0.625,427,561,3,0.404,0.625
5539967,-0.447,0.748,-1.647,0.038,0.895,0.363,0.413,0.345,0.389,0.51,0.925,0.392,0.626,427,561,3,0.392,0.626
5539977,-0.554,0.798,-1.647,-0.016,0.855,0.329,0.388,0.337,0.377,0.483,0.977,0.392,0.626,436,576,3,0.392,0.626
5539987,-0.554,0.798,-1.647,-0.086,0.805,0.313,0.387,0.325,0.381,0.442,0.942,0.418,0.544,436,576,3,0.418,0.544
5539997,-0.554,0.798,-1.647,-0.156,0.785,0.325,0.421,0.324,0.425,0.413,0.924,0.417,0.548,436,576,3,0.417,0.548
5540007,-0.554,0.798,-1.647,-0.226,0.785,0.348,0.482,0.371,0.449,0.363,0.958,0.429,0.564,436,576,3,0.429,0.564
5540017,-0.554,0.798,-1.647,-0.296,0.785,0.352,0.511,0.353,0.494,0.282,1.035,0.429,0.568,436,576,3,0.429,0.568
5540027,-0.554,0.798,-1.647,-0.366,0.785,0.345,0.528,0.352,0.519,0.19,1.063,0.428,0.57,436,576,3,0.428,0.57
5540037,-0.48,0.62,-1.647,-0.436,0.785,0.319,0.518,0.346,0.534,0.107,1.05,0.428,0.572,422,622,3,0.428,0.572
5540047,-0.48,0.62,-1.647,-0.506,0.785,0.246,0.409,0.289,0.452,0.055,1.011,0.423,0.566,422,622,3,0.423,0.566
5540057,-0.548,0.6,-1.647,-0.548,0.785,0.175,0.307,0.224,0.335,-0.028,0.999,0.417,0.555,360,640,3,0.417,0.555
5540067,-0.548,0.6,-1.647,-0.508,0.735,0.142,0.309,0.168,0.301,-0.172,1.073,0.4,0.593,360,640,3,0.4,0.593
5540077,-0.632,0.658,-1.647,-0.508,0.685,0.113,0.283,0.141,0.299,-0.322,1.165,0.397,0.593,282,633,3,0.397,0.593
5540087,-0.632,0.658,-1.647,-0.536,0.635,0.081,0.216,0.106,0.244,-0.464,1.248,0.337,0.605,282,633,3,0.337,0.605
5540097,-0.636,0.549,-1.647,-0.536,0.625,0.055,0.152,0.089,0.181,-0.579,1.293,0.335,0.599,253,684,3,0.335,0.599
5540107,-0.576,0.509,-1.647,-0.606,0.653,0.039,0.113,0.069,0.121,-0.618,1.298,0.263,0.587,186,630,3,0.263,0.587
5540117,-0.667,0.557,-1.647,-0.62,0.653,0.023,0.148,0.05,0.147,-0.541,1.131,0.261,0.588,107,665,3,0.261,0.588
5540127,-0.621,0.499,-1.647,-0.634,0.603,0.013,0.136,0.026,0.154,-0.486,0.935,0.232,0.636,23,609,3,0.232,0.636
5540137,-0.621,0.499,-1.647,-0.594,0.553,0.008,0.104,0.026,0.122,-0.488,0.826,0.172,0.584,23,609,3,0.172,0.584
5540147,-0.748,0.494,-1.647,-0.664,0.553,0.002,0.078,0.02,0.095,-0.542,0.833,0.099,0.613,-57,630,3,0.099,0.613
5540157,-0.678,0.469,-1.647,-0.634,0.523,-0.013,0.082,0.002,0.078,-0.597,0.831,0.022,0.561,-102,621,3,0.022,0.561
5540167,-0.678,0.469,-1.647,-0.634,0.523,-0.015,0.066,-0.001,0.08,-0.582,0.713,0.021,0.561,-102,621,3,0.021,0.561
5540177,-0.628,0.415,-1.647,-0.704,0.503,-0.03,0.07,-0.006,0.079,-0.559,0.588,-0.052,0.58,-142,569,3,-0.052,0.58
5540187,-0.723,0.451,-1.647,-0.694,0.483,-0.094,0.14,-0.057,0.119,-0.578,0.572,-0.097,0.575,-209,521,3,-0.097,0.575
5540197,-0.723,0.451,-1.647,-0.694,0.483,-0.153,0.2,-0.126,0.183,-0.582,0.546,-0.104,0.58,-209,521,3,-0.104,0.58
5540207,-0.622,0.339,-1.647,-0.654,0.443,-0.141,0.178,-0.14,0.197,-0.579,0.501,-0.142,0.535,-329,491,3,-0.142,0.535
5540217,-0.622,0.339,-1.647,-0.71,0.443,-0.109,0.136,-0.112,0.152,-0.594,0.483,-0.201,0.488,-329,491,3,-0.201,0.488
5540227,-0.569,0.286,-1.647,-0.71,0.443,-0.091,0.11,-0.095,0.123,-0.605,0.468,-0.199,0.485,-417,455,3,-0.199,0.485
5540237,-0.668,0.31,-1.647,-0.66,0.393,-0.067,0.079,-0.074,0.092,-0.625,0.468,-0.306,0.455,-417,517,3,-0.306,0.455
5540247,-0.668,0.31,-1.647,-0.65,0.373,-0.05,0.055,-0.05,0.057,-0.632,0.482,-0.304,0.452,-417,517,3,-0.304,0.452
5540257,-0.612,0.26,-1.647,-0.6,0.323,-0.062,0.053,-0.063,0.042,-0.627,0.475,-0.384,0.418,-460,405,3,-0.384,0.418
5540267,-0.554,0.213,-1.634,-0.656,0.323,-0.064,0.048,-0.064,0.062,-0.628,0.476,-0.385,0.476,-538,495,3,-0.385,0.476
5540277,-0.493,0.172,-1.634,-0.656,0.323,-0.079,0.057,-0.071,0.045,-0.619,0.475,-0.385,0.475,-490,420,3,-0.385,0.475
5540287,-0.593,0.187,-1.607,-0.626,0.283,-0.098,0.072,-0.087,0.073,-0.62,0.474,-0.426,0.375,-590,461,3,-0.426,0.375
5540297,-0.593,0.187,-1.607,-0.576,0.233,-0.126,0.091,-0.103,0.087,-0.622,0.476,-0.498,0.458,-590,461,3,-0.498,0.458
5540307,-0.529,0.149,-1.607,-0.526,0.193,-0.202,0.15,-0.17,0.124,-0.605,0.474,-0.46,0.393,-552,456,3,-0.46,0.393
5540317,-0.529,0.149,-1.607,-0.582,0.193,-0.291,0.217,-0.258,0.201,-0.583,0.466,-0.559,0.436,-552,456,3,-0.559,0.436
5540327,-0.427,0.104,-1.607,-0.582,0.193,-0.368,0.271,-0.349,0.256,-0.558,0.462,-0.567,0.442,-536,408,3,-0.567,0.442
5540337,-0.346,0.069,-1.607,-0.552,0.163,-0.403,0.298,-0.402,0.301,-0.529,0.457,-0.538,0.441,-541,427,3,-0.538,0.441
5540347,-0.201,0.03,-1.607,-0.552,0.163,-0.355,0.266,-0.386,0.288,-0.499,0.45,-0.537,0.441,-563,389,3,-0.537,0.441
5540357,-0.089,0.007,-1.607,-0.502,0.123,-0.278,0.214,-0.315,0.232,-0.481,0.442,-0.517,0.393,-560,450,3,-0.517,0.393
5540367,-0.089,0.007,-1.607,-0.452,0.094,-0.25,0.191,-0.257,0.196,-0.467,0.418,-0.516,0.406,-560,450,3,-0.516,0.406
5540377,-0.035,0,-1.594,-0.402,0.054,-0.223,0.172,-0.238,0.189,-0.449,0.383,-0.534,0.371,-544,415,3,-0.534,0.371
5540387,-0.015,-0.001,-1.581,-0.352,0.024,-0.198,0.155,-0.215,0.177,-0.436,0.353,-0.529,0.426,-441,342,3,-0.529,0.426
5540397,-0.015,-0.001,-1.581,-0.302,0.024,-0.16,0.121,-0.18,0.139,-0.417,0.329,-0.526,0.422,-441,342,3,-0.526,0.422
5540407,-0.007,-0.001,-1.568,-0.252,0.014,-0.118,0.087,-0.139,0.104,-0.392,0.299,-0.508,0.387,-490,402,3,-0.508,0.387
5540417,-0.004,-0.002,-1.543,-0.202,0.004,-0.082,0.059,-0.107,0.077,-0.361,0.267,-0.411,0.318,-391,397,3,-0.411,0.318
5540427,-0.002,-0.002,-1.543,-0.152,0.004,-0.054,0.039,-0.076,0.059,-0.343,0.256,-0.408,0.317,-439,280,3,-0.408,0.317
5540438,-0.001,-0.002,-1.543,-0.102,0.004,-0.059,0.049,-0.065,0.047,-0.319,0.24,-0.451,0.37,-389,333,3,-0.451,0.37
5540448,-0.001,-0.002,-1.543,-0.052,0.004,-0.105,0.086,-0.091,0.08,-0.292,0.215,-0.363,0.368,-389,333,3,-0.363,0.368
5540458,-0.001,-0.002,-1.543,-0.022,0.004,-0.139,0.112,-0.141,0.114,-0.258,0.195,-0.411,0.264,-337,231,3,-0.411,0.264
5540468,-0.001,-0.002,-1.543,-0.012,0.004,-0.159,0.128,-0.167,0.132,-0.219,0.181,-0.369,0.314,-337,231,3,-0.369,0.314
5540478,0,-0.003,-1.543,-0.012,0.004,-0.167,0.134,-0.178,0.14,-0.176,0.157,-0.37,0.315,-282,259,3,-0.37,0.315
5540488,0,-0.003,-1.543,-0.012,0.004,-0.162,0.131,-0.178,0.143,-0.147,0.131,-0.323,0.223,-282,259,3,-0.323,0.223
5540498,0,-0.003,-1.543,-0.012,0.004,-0.15,0.128,-0.167,0.141,-0.128,0.12,-0.322,0.223,-282,259,3,-0.322,0.223
5540508,0,-0.003,-1.543,-0.012,0.004,-0.123,0.115,-0.145,0.127,-0.11,0.101,-0.27,0.247,-282,259,3,-0.27,0.247
5540518,0,-0.003,-1.543,-0.012,0.004,-0.092,0.098,-0.11,0.111,-0.087,0.078,-0.267,0.246,-282,259,3,-0.267,0.246
5540528,0,-0.003,-1.543,-0.012,0.004,-0.06,0.078,-0.078,0.093,-0.062,0.054,-0.264,0.244,-282,259,3,-0.264,0.244
5540538,0,-0.003,-1.543,-0.012,0.004,-0.029,0.057,-0.046,0.072,-0.037,0.031,-0.261,0.242,-282,259,3,-0.261,0.242
5540549,0.002,-0.011,-1.543,-0.012,0.004,-0.007,0.036,-0.02,0.047,-0.016,0.012,-0.259,0.24,-83,80,3,-0.259,0.24
5540558,0.002,-0.012,-1.543,-0.012,0.004,0.009,0.017,0.002,0.026,0.005,-0.008,-0.256,0.238,-11,57,3,-0.256,0.238
5540568,0.002,-0.012,-1.543,-0.012,0.004,0.019,0.002,0.013,0.009,0.016,-0.02,-0.255,0.237,-11,57,3,-0.255,0.237
5540578,0.002,-0.012,-1.543,-0.002,-0.006,0.025,-0.013,0.022,-0.006,0.025,-0.031,-0.074,0.072,32,-66,3,-0.074,0.072
5540588,0.002,-0.012,-1.543,-0.002,-0.006,0.029,-0.024,0.028,-0.019,0.031,-0.039,-0.008,0.05,32,-66,3,-0.008,0.05
5540598,0.002,-0.012,-1.543,-0.002,-0.006,0.03,-0.033,0.032,-0.03,0.034,-0.044,-0.007,0.049,15,-60,3,-0.007,0.049
5540608,0.001,-0.011,-1.543,-0.002,-0.006,0.032,-0.04,0.033,-0.039,0.036,-0.047,0.032,-0.063,50,-19,3,0.032,-0.063
5540618,0.001,-0.011,-1.543,-0.002,-0.006,0.031,-0.044,0.033,-0.044,0.035,-0.049,0.032,-0.064,50,-19,3,0.032,-0.064
5540628,0,-0.009,-1.543,-0.002,-0.006,0.029,-0.044,0.032,-0.047,0.032,-0.046,0.017,-0.059,87,-69,3,0.017,-0.059
5540638,0,-0.009,-1.543,-0.002,-0.006,0.025,-0.042,0.03,-0.046,0.027,-0.042,0.048,-0.021,87,-69,3,0.048,-0.021
5540648,0,-0.008,-1.543,-0.002,-0.006,0.022,-0.039,0.026,-0.043,0.022,-0.037,0.048,-0.021,51,-23,3,0.048,-0.021
5540658,0,-0.007,-1.543,-0.002,-0.006,0.018,-0.035,0.022,-0.04,0.016,-0.031,0.081,-0.066,42,-60,3,0.081,-0.066
5540668,0,-0.007,-1.543,-0.002,-0.006,0.013,-0.029,0.018,-0.035,0.009,-0.022,0.081,-0.066,42,-60,3,0.081,-0.066
5540678,0,-0.006,-1.543,-0.002,-0.006,0.009,-0.022,0.012,-0.028,0.003,-0.014,0.048,-0.024,10,-71,3,0.048,-0.024
5540688,0,-0.005,-1.543,-0.002,-0.006,0.004,-0.015,0.006,-0.019,-0.003,-0.006,0.039,-0.056,0,-22,3,0.039,-0.056
5540698,0,-0.005,-1.543,-0.002,-0.006,0,-0.008,0.001,-0.011,-0.007,0.001,0.038,-0.056,0,-22,3,0.038,-0.056
5540708,0,-0.004,-1.543,-0.002,-0.006,0,-0.002,-0.001,-0.004,-0.009,0.006,0.009,-0.065,-33,4,3,0.009,-0.065
5540718,0,-0.004,-1.518,-0.002,-0.006,0,0,0,0,-0.011,0.008,0,-0.02,-50,65,3,0,-0.02
5540728,0,-0.004,-1.518,-0.002,-0.006,0,0,0,0,-0.012,0.01,0,-0.02,-50,65,3,0,-0.02
5540738,0,-0.004,-1.518,-0.002,-0.006,0,0,0,0,-0.011,0.01,-0.03,0.004,-3,-45,3,-0.03,0.004
5540748,0,-0.004,-1.518,-0.002,-0.006,0,0,0,0,-0.01,0.009,-0.03,0.004,-3,-45,3,-0.03,0.004
5540758,0,-0.004,-1.494,-0.002,-0.006,0,0,0,0,-0.008,0.008,-0.045,0.059,19,-5,3,-0.045,0.059
5540768,0,-0.004,-1.482,-0.002,-0.006,0,0,-0.001,0,-0.007,0.006,-0.003,-0.041,7,46,3,-0.003,-0.041
5540778,0,-0.004,-1.482,-0.002,-0.006,0,0,0,0,-0.007,0.005,-0.003,-0.041,-33,21,3,-0.003,-0.041
5540788,0,-0.004,-1.482,-0.002,-0.006,0,0,0.001,0,-0.006,0.004,0.017,-0.005,-33,21,3,0.017,-0.005
5540798,0,-0.004,-1.459,-0.002,-0.006,0,0,0.002,-0.001,-0.006,0.004,0.006,0.042,10,-15,3,0.006,0.042
5540808,0,-0.004,-1.447,-0.002,-0.006,0,0,0.001,-0.001,-0.005,0.004,-0.03,0.019,-34,15,3,-0.03,0.019
5540818,0,-0.004,-1.447,-0.002,-0.006,0,0,0,0,-0.005,0.004,-0.03,0.019,-34,15,3,-0.03,0.019
5540828,0,-0.004,-1.436,-0.002,-0.006,0,0,0,0,-0.007,0.005,0.009,-0.014,-14,-4,3,0.009,-0.014
5540838,0,-0.004,-1.424,-0.002,-0.006,0,0,0.002,-0.001,-0.007,0.005,-0.031,0.014,44,-18,3,-0.031,0.014
5540848,0,-0.004,-1.424,-0.002,-0.006,0,0,0,0,-0.007,0.005,-0.031,0.014,44,-18,3,-0.031,0.014
5540858,0,-0.004,-1.413,-0.002,-0.006,0,0,0,0.001,-0.007,0.006,-0.013,-0.004,-9,11,3,-0.013,-0.004
5540868,0,-0.004,-1.391,-0.002,-0.006,0,0,0.001,-0.001,-0.006,0.006,0.04,-0.017,29,38,3,0.04,-0.017
5540878,0,-0.004,-1.391,-0.002,-0.006,0,0,0,0,-0.006,0.005,0.04,-0.016,29,38,3,0.04,-0.016
5540888,0,-0.004,-1.391,-0.002,-0.006,0,0,0,0.001,-0.005,0.005,-0.008,0.01,-11,-7,3,-0.008,0.01
5540898,0,-0.004,-1.391,-0.002,-0.006,0.003,0,0.002,-0.001,-0.005,0.004,0.026,0.034,-11,-7,3,0.026,0.034
5540908,0,-0.004,-1.391,-0.002,-0.006,0.012,0,0.011,-0.001,-0.005,0.003,0.027,0.035,-33,-17,3,0.027,0.035
5540918,0,-0.004,-1.391,-0.002,-0.006,0.02,0,0.019,0,-0.007,0.001,-0.009,-0.006,16,1,3,-0.009,-0.006
5540928,0,-0.004,-1.391,-0.002,-0.006,0.027,0,0.025,-0.001,-0.01,0,-0.008,-0.006,-23,16,3,-0.008,-0.006
5540938,0,-0.004,-1.391,-0.002,-0.006,0.031,0,0.03,0,-0.013,0.001,-0.027,-0.015,6,-9,3,-0.027,-0.015
5540948,0,-0.004,-1.391,-0.002,-0.006,0.032,0,0.032,0,-0.016,0.003,0.017,0.001,6,-9,3,0.017,0.001
5540958,0,-0.004,-1.391,-0.002,-0.006,0.031,0,0.031,0,-0.018,0.004,-0.018,0.015,7,-10,3,-0.018,0.015
5540968,0,-0.004,-1.391,-0.002,-0.006,0.028,0,0.028,-0.001,-0.019,0.007,0.008,-0.008,7,-10,3,0.008,-0.008
5540978,0,-0.004,-1.391,-0.002,-0.006,0.023,0,0.025,0,-0.019,0.008,0.008,-0.008,-54,1,3,0.008,-0.008
5540988,-0.001,-0.004,-1.391,-0.002,-0.006,0.017,0,0.02,0,-0.019,0.009,0.008,-0.009,-31,35,3,0.008,-0.009
5540998,-0.001,-0.004,-1.391,-0.002,-0.006,0.01,0,0.012,0.001,-0.018,0.009,0.008,-0.009,15,1,3,0.008,-0.009
5541008,-0.001,-0.004,-1.391,-0.002,-0.006,0.002,0,0.003,0.001,-0.017,0.008,-0.049,0.001,15,1,3,-0.049,0.001
5541018,-0.001,-0.004,-1.391,-0.002,-0.006,0,0,-0.001,0.001,-0.016,0.007,-0.028,0.032,15,1,3,-0.028,0.032
5541028,-0.001,-0.004,-1.391,-0.002,-0.006,0,0,-0.001,0.001,-0.014,0.005,0.014,0.001,15,1,3,0.014,0.001
5541038,-0.001,-0.004,-1.391,-0.002,-0.006,0,0,0,0.001,-0.013,0.004,0.014,0.001,15,1,3,0.014,0.001
5541048,-0.001,-0.004,-1.391,-0.002,-0.006,0,0,-0.001,0.001,-0.012,0.002,0.014,0.001,-26,-34,3,0.014,0.001
5541058,-0.001,-0.004,-1.391,-0.002,-0.006,0,0,-0.001,0.001,-0.01,0,0.014,0.001,-28,-3,3,0.014,0.001
5541068,-0.001,-0.004,-1.391,-0.002,-0.006,0,0,-0.001,0,-0.009,-0.002,0.014,0.001,-28,-3,3,0.014,0.001
5541078,-0.001,-0.004,-1.391,-0.002,-0.006,0,0,-0.001,0,-0.008,-0.003,-0.024,-0.031,-33,2,3,-0.024,-0.031
5541088,-0.001,-0.004,-1.391,-0.002,-0.006,0,0,-0.001,0,-0.006,-0.004,-0.026,-0.003,14,-1,3,-0.026,-0.003
5541098,-0.001,-0.004,-1.391,-0.002,-0.006,0,0,-0.001,-0.001,-0.004,-0.004,-0.026,-0.003,14,-1,3,-0.026,-0.003
5541108,-0.001,-0.004,-1.391,-0.002,-0.006,0,0,0,0,-0.003,-0.003,-0.03,0.002,-15,-3,3,-0.03,0.002
5541118,-0.001,-0.004,-1.391,-0.002,-0.006,0,0,0,0,-0.001,-0.002,0.013,-0.001,-15,-3,3,0.013,-0.001
5541128,0,-0.004,-1.391,-0.002,-0.006,0,0,0,0,-0.001,0,0.013,-0.001,6,15,3,0.013,-0.001
5541138,0,-0.004,-1.391,-0.002,-0.006,0,0,0,0,0,0,-0.014,-0.003,6,15,3,-0.014,-0.003
5541148,0,-0.004,-1.391,-0.002,-0.006,0,0,0,0,0,0.001,-0.014,-0.003,9,-9,3,-0.014,-0.003
5541158,0,-0.004,-1.391,-0.002,-0.006,0,0,0,0,0,0,0.005,0.014,9,-9,3,0.005,0.014
5541168,0,-0.004,-1.38,-0.002,-0.006,0,0,0,0,0,0,0.005,0.014,-9,17,3,0.005,0.014
5541178,0,-0.004,-1.369,-0.002,-0.006,0,0,0,0,0,0,0.008,-0.008,-12,-29,3,0.008,-0.008
5541188,0,-0.004,-1.358,-0.002,-0.006,0,0,0,0,0,0,0.008,-0.008,23,17,3,0.008,-0.008
5541198,0,-0.004,-1.358,-0.002,-0.006,0,0,0,0,0,0,-0.008,0.015,23,17,3,-0.008,0.015
5541208,0,-0.004,-1.358,-0.002,-0.006,0,0,0,0,0,0,-0.011,-0.026,11,-17,3,-0.011,-0.026
5541218,0,-0.004,-1.358,-0.002,-0.006,0,0,0,0,0,0,0.021,0.015,11,-17,3,0.021,0.015
5541228,0,-0.004,-1.358,-0.002,-0.006,0,0,0,-0.001,0,0,0.021,0.015,7,25,3,0.021,0.015
5541239,0,-0.004,-1.358,-0.002,-0.006,0,0,0,0,0,0.001,0.01,-0.015,-46,-28,3,0.01,-0.015
5541248,0,-0.004,-1.358,-0.002,-0.006,0,0,0,0,0,0.002,0.01,-0.015,-46,-28,3,0.01,-0.015
5541258,0,-0.004,-1.347,-0.002,-0.006,0,0,0,-0.001,-0.001,0.002,0.006,0.023,55,33,3,0.006,0.023
5541268,0,-0.004,-1.337,-0.002,-0.006,0,0,0.001,-0.001,-0.002,0.003,-0.042,-0.025,-28,-6,3,-0.042,-0.025
5541278,0,-0.004,-1.327,-0.002,-0.006,0,0,0,0,-0.003,0.002,-0.042,-0.025,8,-13,3,-0.042,-0.025
5541288,0,-0.004,-1.316,-0.002,-0.006,0,0,0,0,-0.004,0.003,0.05,0.03,14,4,3,0.05,0.03
5541298,0,-0.004,-1.316,-0.002,-0.006,0,0,0.001,0.001,-0.005,0.003,-0.025,-0.005,14,4,3,-0.025,-0.005
5541308,0,-0.004,-1.306,-0.002,-0.006,0,0,-0.001,0.001,-0.005,0.005,0.007,-0.012,1,9,3,0.007,-0.012
5541318,0,-0.004,-1.296,-0.002,-0.006,0.003,0,-0.002,0.002,-0.004,0.006,0.013,0.004,-19,11,3,0.013,0.004
5541328,0,-0.004,-1.296,-0.002,-0.006,0.013,0,0.007,0.002,-0.005,0.007,0.013,0.004,-19,11,3,0.013,0.004
5541339,0,-0.004,-1.296,-0.002,-0.006,0.021,0,0.017,0.001,-0.004,0.008,0.002,0.008,-14,8,3,0.002,0.008
5541348,0,-0.004,-1.296,-0.002,-0.006,0.027,0,0.024,-0.001,-0.004,0.008,-0.015,0.01,-14,8,3,-0.015,0.01
5541358,-0.001,-0.004,-1.296,-0.002,-0.006,0.03,0,0.029,0,-0.004,0.007,-0.015,0.01,18,12,3,-0.015,0.01
5541368,-0.001,-0.004,-1.296,-0.002,-0.006,0.032,0,0.033,-0.001,-0.004,0.005,-0.01,0.007,18,12,3,-0.01,0.007
5541378,-0.001,-0.004,-1.296,-0.002,-0.006,0.031,0,0.033,0,-0.005,0.002,-0.01,0.007,-29,-13,3,-0.01,0.007
5541388,-0.001,-0.004,-1.296,-0.002,-0.006,0.027,0,0.03,0,-0.006,0.001,0.019,0.011,41,-35,3,0.019,0.011
5541398,-0.001,-0.004,-1.296,-0.002,-0.006,0.021,0,0.024,0,-0.006,0,0.019,0.011,41,-35,3,0.019,0.011
5541408,-0.001,-0.004,-1.296,-0.002,-0.006,0.013,0,0.016,-0.001,-0.006,0.001,-0.025,-0.012,15,15,3,-0.025,-0.012
5541418,-0.001,-0.004,-1.296,-0.002,-0.006,0.005,0,0.008,0,-0.006,0,0.038,-0.032,15,15,3,0.038,-0.032
5541428,-0.001,-0.004,-1.296,-0.002,-0.006,0,0,0.001,0,-0.005,-0.001,0.037,-0.032,0,11,3,0.037,-0.032
5541438,-0.001,-0.004,-1.296,-0.002,-0.006,0,0,-0.001,0.001,-0.004,-0.002,-0.015,-0.005,-73,25,3,-0.015,-0.005
5541448,-0.001,-0.004,-1.296,-0.002,-0.006,0,0,-0.002,0.001,-0.001,-0.003,0.013,0.014,-73,25,3,0.013,0.014
5541458,-0.001,-0.004,-1.296,-0.002,-0.006,0,0,-0.001,0.001,0.001,-0.004,0,0.01,48,-5,3,0,0.01
5541468,-0.001,-0.004,-1.296,-0.002,-0.006,0,0,-0.001,0.001,0.002,-0.004,-0.066,0.023,-7,-13,3,-0.066,0.023
5541478,-0.001,-0.004,-1.296,-0.002,-0.006,0,0,-0.001,0.001,0.004,-0.005,-0.066,0.023,-7,-13,3,-0.066,0.023
5541488,-0.001,-0.004,-1.296,-0.002,-0.006,0,0,-0.001,0,0.005,-0.005,0.044,-0.005,15,3,3,0.044,-0.005
5541498,-0.001,-0.004,-1.296,-0.002,-0.006,0,0,0,0,0.005,-0.005,-0.006,-0.012,4,10,3,-0.006,-0.012
5541508,-0.099,0.063,-1.296,-0.002,-0.006,0,0,0,0,0.005,-0.004,-0.006,-0.012,-29,1,3,-0.006,-0.012
5541518,-0.099,0.063,-1.296,-0.002,-0.006,0,0,0.001,-0.001,0.004,-0.003,0.014,0.003,-29,1,3,0.014,0.003
5541528,-0.099,0.063,-1.296,-0.002,-0.006,0,0,0,0,0.003,-0.001,0.004,0.009,-29,1,3,0.004,0.009
5541538,-0.099,0.063,-1.296,-0.072,0.046,0,0,0,0,0.002,0,-0.026,0.001,-29,1,3,-0.026,0.001
5541548,-0.099,0.063,-1.296,-0.086,0.046,0,0,0,0,0,0.001,-0.026,0.001,-29,1,3,-0.026,0.001
5541558,-0.519,0.297,-1.256,-0.086,0.046,0,0,0,0,-0.001,0.001,-0.026,0.001,17,2,3,-0.026,0.001
5541568,-0.519,0.297,-1.256,-0.086,0.046,0,0,0,0,-0.002,0.001,-0.026,0.001,17,2,3,-0.026,0.001
5541578,-0.626,0.352,-1.246,-0.086,0.046,0,0,0,0,-0.003,0.001,-0.026,0.001,-14,11,3,-0.026,0.001
5541588,-0.732,0.408,-1.246,-0.156,0.116,0,0,0,0,-0.003,0.001,0.015,0.002,-20,-7,3,0.015,0.002
5541598,-0.732,0.408,-1.246,-0.226,0.186,0,0,0.001,0,-0.004,0.002,0.015,0.002,-20,-7,3,0.015,0.002
5541608,-0.838,0.463,-1.246,-0.296,0.256,0,0,0.002,-0.001,-0.007,0.004,-0.013,0.01,6,0,3,-0.013,0.01
5541618,-0.944,0.52,-1.246,-0.366,0.326,0,0,0.002,-0.001,-0.011,0.005,-0.018,-0.007,27,-2,3,-0.018,-0.007
5541628,-1.049,0.578,-1.246,-0.436,0.396,0,0,0.004,-0.001,-0.018,0.01,-0.018,-0.006,-37,31,3,-0.018,-0.006
5541641,-1.155,0.635,-1.246,-0.506,0.452,0,0,0.004,-0.002,-0.028,0.015,0.006,0,-13,-5,3,0.006,0
5541648,-1.155,0.635,-1.246,-0.604,0.508,0,0,0.005,-0.004,-0.054,0.023,0.025,-0.002,-13,-5,3,0.025,-0.002
5541658,-1.26,0.692,-1.246,-0.646,0.55,-0.004,0.002,0.006,-0.004,-0.069,0.026,-0.033,0.028,-9,-3,3,-0.033,0.028
5541668,-1.26,0.692,-1.246,-0.716,0.62,-0.017,0.014,-0.003,0.005,-0.099,0.036,-0.012,-0.004,-9,-3,3,-0.012,-0.004
5541678,-1.364,0.753,-1.246,-0.786,0.633,-0.033,0.025,-0.017,0.016,-0.128,0.057,-0.013,-0.003,-25,27,3,-0.013,-0.003
5541688,-1.466,0.816,-1.246,-0.856,0.689,-0.037,0.028,-0.025,0.02,-0.161,0.094,-0.01,-0.001,-48,10,3,-0.01,-0.001
5541698,-1.466,0.816,-1.246,-0.926,0.689,-0.051,0.028,-0.031,0.029,-0.219,0.153,-0.011,-0.001,-48,10,3,-0.011,-0.001
5541708,-1.656,0.968,-1.246,-0.996,0.745,-0.066,0.033,-0.047,0.033,-0.352,0.306,-0.026,0.028,-103,83,3,-0.026,0.028
5541718,-1.743,1.056,-1.246,-1.066,0.815,-0.096,0.046,-0.074,0.04,-0.496,0.48,-0.05,0.012,-120,91,3,-0.05,0.012
5541728,-1.743,1.056,-1.246,-1.136,0.815,-0.111,0.053,-0.091,0.049,-0.602,0.584,-0.051,0.014,-120,91,3,-0.051,0.014
5541738,-1.83,1.143,-1.246,-1.206,0.885,-0.148,0.064,-0.128,0.052,-0.649,0.562,-0.104,0.08,-216,115,3,-0.104,0.08
5541748,-1.83,1.143,-1.246,-1.276,0.955,-0.194,0.078,-0.168,0.069,-0.674,0.49,-0.122,0.089,-216,115,3,-0.122,0.089
5541758,-1.915,1.234,-1.246,-1.346,1.025,-0.245,0.097,-0.205,0.073,-0.767,0.507,-0.127,0.089,-271,115,3,-0.127,0.089
5541768,-2,1.323,-1.246,-1.416,1.095,-0.296,0.113,-0.265,0.1,-0.882,0.59,-0.219,0.113,-319,78,3,-0.219,0.113
5541778,-2.089,1.405,-1.246,-1.486,1.137,-0.356,0.127,-0.312,0.116,-1.076,0.806,-0.224,0.115,-303,142,3,-0.224,0.115
5541788,-2.184,1.479,-1.246,-1.556,1.207,-0.347,0.12,-0.34,0.128,-1.293,1.064,-0.277,0.117,-375,146,3,-0.277,0.117
5541798,-2.184,1.479,-1.246,-1.626,1.277,-0.284,0.101,-0.296,0.102,-1.54,1.335,-0.318,0.081,-375,146,3,-0.318,0.081
5541808,-2.282,1.549,-1.246,-1.696,1.347,-0.22,0.078,-0.194,0.096,-1.702,1.563,-0.294,0.138,-470,153,3,-0.294,0.138
5541818,-2.282,1.549,-1.246,-1.766,1.417,-0.167,0.055,-0.188,0.029,-1.64,1.471,-0.359,0.137,-470,153,3,-0.359,0.137
5541828,-2.382,1.615,-1.246,-1.836,1.473,-0.165,0.054,-0.14,0.059,-1.478,1.181,-0.354,0.137,-565,323,3,-0.354,0.137
5541841,-2.563,1.775,-1.246,-1.906,1.543,-0.27,0.092,-0.215,0.065,-1.378,0.963,-0.445,0.145,-768,248,3,-0.445,0.145
5541848,-2.563,1.775,-1.246,-2.004,1.543,-0.464,0.162,-0.415,0.142,-1.442,0.953,-0.464,0.152,-768,248,3,-0.464,0.152
5541858,-2.654,1.855,-1.246,-2.046,1.585,-0.452,0.158,-0.421,0.146,-1.518,1.049,-0.552,0.307,-801,297,3,-0.552,0.307
5541868,-2.654,1.855,-1.246,-2.116,1.655,-0.361,0.127,-0.371,0.124,-1.669,1.32,-0.734,0.238,-786,299,3,-0.734,0.238
5541878,-2.742,1.939,-1.246,-2.186,1.725,-0.26,0.091,-0.277,0.106,-1.857,1.619,-0.725,0.235,-786,299,3,-0.725,0.235
5541888,-2.829,2.023,-1.246,-2.256,1.795,-0.177,0.062,-0.184,0.079,-2.058,1.86,-0.747,0.277,-757,297,3,-0.747,0.277
5541898,-2.829,2.023,-1.246,-2.326,1.851,-0.117,0.041,-0.116,0.05,-2.2,2.041,-0.739,0.275,-757,297,3,-0.739,0.275
5541908,-2.921,2.101,-1.246,-2.396,1.921,-0.076,0.026,-0.056,0.026,-2.304,2.244,-0.721,0.275,-912,386,3,-0.721,0.275
5541918,-3.007,2.186,-1.246,-2.466,1.991,-0.052,0.017,-0.041,0.008,-2.328,2.325,-0.692,0.272,-982,387,3,-0.692,0.272
5541928,-3.085,2.283,-1.246,-2.536,2.019,-0.047,0.011,-0.047,0.01,-2.323,2.171,-0.694,0.271,-1117,430,3,-0.694,0.271
5541941,-3.161,2.381,-1.246,-2.606,2.089,-0.036,0.007,-0.031,0.011,-2.22,1.781,-0.832,0.351,-1153,421,3,-0.832,0.351
5541948,-3.161,2.381,-1.246,-2.703,2.173,-0.023,0.004,0.006,-0.017,-2.179,1.552,-0.893,0.351,-1153,421,3,-0.893,0.351
5541958,-3.224,2.497,-1.246,-2.746,2.215,-0.017,0.003,-0.004,-0.006,-2.189,1.598,-1.014,0.39,-1281,423,3,-1.014,0.39
5541968,-3.29,2.607,-1.246,-2.815,2.285,-0.011,0.002,0.003,-0.001,-2.26,1.748,-1.048,0.383,-1233,562,3,-1.048,0.383
5541978,-3.29,2.607,-1.246,-2.885,2.355,-0.007,0.001,0.005,-0.003,-2.335,1.883,-1.047,0.383,-1233,562,3,-1.047,0.383
5541988,-3.368,2.702,-1.246,-2.955,2.425,-0.017,0.004,0.008,-0.002,-2.436,2.042,-1.163,0.384,-1272,475,3,-1.163,0.384
5541998,-3.465,2.773,-1.246,-3.025,2.495,-0.02,0.005,-0.022,-0.014,-2.483,2.09,-1.122,0.511,-1267,555,3,-1.122,0.511
5542008,-3.524,2.797,-1.246,-3.095,2.565,-0.036,0.009,-0.02,0.01,-2.393,1.878,-1.122,0.512,-1421,591,3,-1.122,0.512
5542018,-3.524,2.797,-1.246,-3.165,2.635,-0.226,0.071,-0.131,0.025,-2.298,1.652,-1.163,0.434,-1421,591,3,-1.163,0.434
5542028,-3.524,2.797,-1.246,-3.235,2.704,-0.499,0.157,-0.398,0.125,-2.291,1.585,-1.183,0.512,-1421,591,3,-1.183,0.512
5542038,-3.524,2.797,-1.246,-3.305,2.774,-0.491,0.155,-0.483,0.155,-2.347,1.628,-1.337,0.552,-1421,591,3,-1.337,0.552
5542048,-3.524,2.797,-1.246,-3.375,2.788,-0.395,0.121,-0.405,0.134,-2.431,1.762,-1.331,0.55,-1421,591,3,-1.331,0.55
5542058,-3.524,2.797,-1.246,-3.445,2.788,-0.29,0.09,-0.337,0.06,-2.46,1.85,-1.324,0.544,-1421,591,3,-1.324,0.544
5542068,-3.524,2.797,-1.246,-3.515,2.788,-0.201,0.064,-0.226,0.077,-2.413,1.776,-1.314,0.545,-1421,591,3,-1.314,0.545
5542078,-3.524,2.797,-1.246,-3.515,2.788,-0.133,0.043,-0.136,0.043,-2.39,1.688,-1.306,0.541,-1421,591,3,-1.306,0.541
5542088,-3.524,2.797,-1.246,-3.515,2.788,-0.223,0.072,-0.165,0.039,-2.423,1.665,-1.305,0.54,-1421,591,3,-1.305,0.54
5542098,-3.694,2.569,-1.246,-3.515,2.788,-0.577,0.209,-0.457,0.158,-2.516,1.735,-1.327,0.55,-1694,604,3,-1.327,0.55
5542108,-3.694,2.569,-1.246,-3.515,2.788,-0.805,0.294,-0.741,0.255,-2.636,1.911,-1.353,0.559,-1694,604,3,-1.353,0.559
5542118,-3.748,2.489,-1.246,-3.515,2.788,-0.866,0.331,-0.807,0.319,-2.587,1.865,-1.364,0.565,-1816,675,3,-1.364,0.565
5542128,-3.774,2.45,-1.246,-3.585,2.738,-1.097,0.437,-1.026,0.39,-2.495,1.763,-1.628,0.584,-1799,769,3,-1.628,0.584
5542138,-3.796,2.415,-1.246,-3.655,2.688,-1.328,0.532,-1.24,0.485,-2.489,1.77,-1.648,0.591,-1849,716,3,-1.648,0.591
5542148,-3.796,2.415,-1.246,-3.725,2.638,-1.528,0.61,-1.45,0.553,-2.601,1.945,-1.78,0.664,-1849,716,3,-1.78,0.664
5542158,-3.812,2.39,-1.246,-3.767,2.588,-1.621,0.626,-1.602,0.623,-2.762,2.148,-1.778,0.754,-1930,796,3,-1.778,0.754
5542168,-3.812,2.39,-1.246,-3.795,2.538,-1.358,0.516,-1.433,0.576,-2.846,2.232,-1.816,0.706,-1930,796,3,-1.816,0.706
5542178,-3.831,2.36,-1.246,-3.795,2.488,-1.102,0.418,-1.182,0.434,-2.8,2.092,-1.795,0.692,-2031,685,3,-1.795,0.692
5542188,-3.85,2.329,-1.246,-3.809,2.438,-1.178,0.461,-1.148,0.413,-2.721,1.878,-1.858,0.761,-1938,789,3,-1.858,0.761
5542198,-3.85,2.329,-1.246,-3.809,2.418,-1.396,0.556,-1.31,0.52,-2.702,1.756,-1.869,0.768,-1938,789,3,-1.869,0.768
5542208,-3.88,2.278,-1.246,-3.823,2.379,-1.31,0.513,-1.352,0.538,-2.759,1.76,-1.972,0.672,-2099,794,3,-1.972,0.672
5542218,-3.895,2.252,-1.246,-3.837,2.349,-0.734,0.133,-0.897,0.245,-2.84,1.833,-1.854,0.746,-2031,798,3,-1.854,0.746
5542228,-3.895,2.252,-1.246,-3.837,2.349,-0.639,0.086,-0.631,0.083,-2.926,1.955,-1.82,0.726,-2031,798,3,-1.82,0.726
5542238,-3.907,2.231,-1.246,-3.879,2.299,-0.872,0.229,-0.811,0.166,-2.942,1.965,-1.976,0.734,-2070,877,3,-1.976,0.734
5542248,-3.907,2.231,-1.246,-3.893,2.269,-1.176,0.407,-1.07,0.339,-2.869,1.795,-1.936,0.752,-2070,877,3,-1.936,0.752
5542258,-3.913,2.221,-1.246,-3.893,2.269,-1.46,0.569,-1.357,0.504,-2.821,1.642,-1.963,0.769,-2138,892,3,-1.963,0.769
5542268,-3.913,2.221,-1.246,-3.907,2.249,-1.52,0.626,-1.516,0.613,-2.859,1.591,-2.019,0.853,-2138,892,3,-2.019,0.853
5542278,-3.898,2.247,-1.246,-3.907,2.249,-1.228,0.515,-1.315,0.551,-2.966,1.635,-2.008,0.849,-2231,931,3,-2.008,0.849
5542288,-3.881,2.276,-1.246,-3.907,2.239,-0.886,0.381,-0.986,0.432,-3.086,1.707,-2.041,0.852,-2148,964,3,-2.041,0.852
5542298,-3.881,2.276,-1.246,-3.907,2.239,-0.602,0.266,-0.688,0.286,-3.157,1.677,-2.013,0.84,-2148,964,3,-2.013,0.84
5542308,-3.868,2.298,-1.246,-3.906,2.239,-0.545,0.233,-0.54,0.237,-3.122,1.595,-2.077,0.867,-2289,977,3,-2.077,0.867
5542318,-3.868,2.298,-1.246,-3.897,2.267,-0.871,0.376,-0.752,0.329,-3.112,1.555,-2.014,0.903,-2289,977,3,-2.014,0.903
5542328,-3.856,2.318,-1.246,-3.897,2.267,-1.265,0.545,-1.118,0.48,-3.156,1.549,-2.047,0.916,-2291,1097,3,-2.047,0.916
5542338,-3.844,2.338,-1.246,-3.877,2.295,-1.601,0.676,-1.48,0.625,-3.215,1.557,-2.209,0.942,-2371,1070,3,-2.209,0.942
5542348,-3.844,2.338,-1.246,-3.877,2.295,-1.854,0.775,-1.776,0.741,-3.25,1.564,-2.236,0.953,-2371,1070,3,-2.236,0.953
5542358,-3.834,2.354,-1.246,-3.867,2.308,-2.047,0.861,-1.97,0.815,-3.252,1.54,-2.256,1.069,-2407,1083,3,-2.256,1.069
5542368,-3.834,2.354,-1.246,-3.857,2.336,-2.21,0.933,-2.14,0.903,-3.245,1.524,-2.346,1.053,-2477,1123,3,-2.346,1.053
5542378,-3.837,2.349,-1.246,-3.857,2.336,-2.318,0.968,-2.272,0.955,-3.247,1.529,-2.36,1.059,-2477,1123,3,-2.36,1.059
5542388,-3.838,2.349,-1.246,-3.847,2.35,-2.378,0.998,-2.346,0.988,-3.265,1.584,-2.401,1.074,-2458,1149,3,-2.401,1.074
5542398,-3.838,2.349,-1.246,-3.847,2.35,-2.422,1.03,-2.419,1.013,-3.28,1.641,-2.406,1.076,-2458,1149,3,-2.406,1.076
5542408,-3.849,2.329,-1.246,-3.847,2.35,-2.462,1.056,-2.432,1.018,-3.266,1.659,-2.472,1.113,-2488,1141,3,-2.472,1.113
5542418,-3.849,2.329,-1.246,-3.847,2.35,-2.504,1.066,-2.5,1.066,-3.231,1.651,-2.46,1.141,-2488,1141,3,-2.46,1.141
5542428,-3.862,2.309,-1.246,-3.847,2.35,-2.517,1.06,-2.505,1.069,-3.253,1.721,-2.462,1.142,-2582,1202,3,-2.462,1.142
5542438,-3.875,2.287,-1.246,-3.847,2.34,-2.51,1.053,-2.499,1.045,-3.267,1.773,-2.489,1.133,-2527,1097,3,-2.489,1.133
5542448,-3.89,2.261,-1.246,-3.847,2.34,-2.535,1.08,-2.51,1.059,-3.272,1.794,-2.491,1.133,-2638,1171,3,-2.491,1.133
5542458,-3.9,2.244,-1.246,-3.861,2.32,-2.547,1.102,-2.54,1.087,-3.246,1.778,-2.578,1.191,-2679,1221,3,-2.578,1.191
5542468,-3.9,2.244,-1.246,-3.875,2.3,-2.557,1.122,-2.554,1.116,-3.24,1.788,-2.53,1.099,-2679,1221,3,-2.53,1.099
5542478,-3.904,2.237,-1.246,-3.888,2.28,-2.576,1.147,-2.571,1.13,-3.269,1.824,-2.631,1.166,-2629,1204,3,-2.631,1.166
5542488,-3.911,2.223,-1.246,-3.888,2.261,-2.602,1.171,-2.584,1.161,-3.296,1.856,-2.669,1.214,-2624,1167,3,-2.669,1.214
5542498,-3.915,2.218,-1.246,-3.888,2.261,-2.625,1.196,-2.606,1.185,-3.278,1.848,-2.672,1.217,-2690,1241,3,-2.672,1.217
5542508,-3.917,2.214,-1.246,-3.902,2.251,-2.636,1.231,-2.629,1.212,-3.268,1.867,-2.628,1.205,-2695,1221,3,-2.628,1.205
5542518,-3.838,2.179,-1.246,-3.902,2.241,-2.642,1.26,-2.641,1.242,-3.292,1.89,-2.625,1.174,-2679,1235,3,-2.625,1.174
5542528,-3.838,2.179,-1.246,-3.902,2.231,-2.64,1.28,-2.628,1.241,-3.323,1.896,-2.684,1.241,-2679,1235,3,-2.684,1.241
5542538,-3.754,2.154,-1.246,-3.916,2.221,-2.636,1.275,-2.627,1.286,-3.334,1.871,-2.69,1.227,-2794,1355,3,-2.69,1.227
5542548,-3.754,2.154,-1.246,-3.866,2.201,-2.618,1.287,-2.615,1.292,-3.359,1.869,-2.675,1.24,-2794,1355,3,-2.675,1.24
5542558,-3.76,2.211,-1.246,-3.866,2.201,-2.612,1.32,-2.599,1.301,-3.403,1.902,-2.672,1.24,-5511,2661,3,-2.672,1.24
5542568,-3.76,2.211,-1.246,-3.816,2.171,-2.625,1.345,-2.621,1.318,-3.444,1.962,-2.777,1.351,-5511,2661,3,-2.777,1.351
5542578,-3.669,2.198,-1.246,-3.786,2.171,-2.643,1.364,-2.646,1.355,-3.467,1.955,-2.78,1.356,-2779,1452,3,-2.78,1.356
5542588,-3.755,2.287,-1.246,-3.776,2.199,-2.661,1.383,-2.659,1.38,-3.478,1.917,-5.251,2.544,-2751,1399,3,-5.251,2.544
5542598,-3.755,2.287,-1.246,-3.776,2.199,-2.695,1.418,-2.678,1.404,-3.436,1.961,-5.251,2.546,-2751,1399,3,-5.251,2.546
5542608,-3.668,2.264,-1.246,-3.726,2.199,-2.733,1.459,-2.712,1.427,-3.298,2.062,-2.772,1.449,-2849,1520,3,-2.772,1.449
5542618,-3.579,2.246,-1.246,-3.754,2.269,-2.744,1.482,-2.759,1.475,-3.168,2.088,-2.751,1.406,-2768,1457,3,-2.751,1.406
5542628,-3.579,2.246,-1.246,-3.754,2.283,-2.751,1.508,-2.748,1.493,-3.197,2.092,-2.752,1.408,-2768,1457,3,-2.752,1.408
5542638,-3.583,2.303,-1.246,-3.704,2.273,-2.763,1.532,-2.744,1.485,-3.333,2.09,-2.839,1.517,-2849,1527,3,-2.839,1.517
5542648,-3.583,2.303,-1.246,-3.654,2.263,-2.773,1.547,-2.747,1.573,-3.432,2.071,-2.764,1.467,-2849,1527,3,-2.764,1.467
5542658,-3.491,2.287,-1.246,-3.624,2.263,-2.764,1.552,-2.756,1.55,-3.551,2.058,-2.768,1.465,-2758,1582,3,-2.768,1.465
5542668,-3.404,2.263,-1.246,-3.574,2.243,-2.71,1.524,-2.715,1.515,-3.716,2.161,-2.765,1.478,-2670,1548,3,-2.765,1.478
5542678,-3.404,2.263,-1.246,-3.574,2.299,-2.229,1.251,-2.398,1.349,-3.858,2.289,-2.819,1.517,-2670,1548,3,-2.819,1.517
5542688,-3.493,2.347,-1.246,-3.524,2.299,-1.627,0.912,-1.861,1.076,-3.938,2.315,-2.687,1.543,-2699,1614,3,-2.687,1.543
5542698,-3.493,2.347,-1.246,-3.474,2.279,-1.118,0.627,-1.301,0.706,-3.957,2.218,-2.557,1.479,-2699,1614,3,-2.557,1.479
5542708,-3.317,2.301,-1.246,-3.444,2.279,-0.741,0.415,-0.844,0.455,-3.866,2.152,-2.512,1.452,-2862,1705,3,-2.512,1.452
5542718,-3.387,2.409,-1.246,-3.486,2.335,-0.468,0.269,-0.548,0.328,-3.759,2.14,-2.509,1.499,-2771,1571,3,-2.509,1.499
5542728,-3.387,2.409,-1.246,-3.486,2.335,-0.287,0.149,-0.327,0.206,-3.744,2.089,-2.488,1.489,-2771,1571,3,-2.488,1.489
5542738,-3.301,2.382,-1.246,-3.436,2.315,-0.238,0.111,-0.211,0.101,-3.781,2.041,-2.622,1.56,-2637,1522,3,-2.622,1.56
5542748,-3.301,2.382,-1.246,-3.406,2.385,-0.699,0.368,-0.535,0.281,-3.785,2.056,-2.557,1.447,-2637,1522,3,-2.557,1.447
5542758,-3.231,2.333,-1.246,-3.406,2.399,-1.308,0.717,-1.123,0.609,-3.72,2.058,-2.608,1.476,-2770,1652,3,-2.608,1.476
5542768,-3.147,2.303,-1.246,-3.356,2.389,-1.826,1.01,-1.64,0.907,-3.652,2.088,-2.536,1.459,-2884,1760,3,-2.536,1.459
5542778,-3.237,2.382,-1.246,-3.336,2.389,-2.208,1.204,-2.07,1.136,-3.606,2.133,-2.579,1.483,-2850,1642,3,-2.579,1.483
5542788,-3.162,2.34,-1.246,-3.286,2.359,-2.462,1.33,-2.371,1.285,-3.591,2.21,-2.729,1.616,-2831,1629,3,-2.729,1.616
5542798,-3.162,2.34,-1.246,-3.236,2.329,-2.644,1.427,-2.582,1.39,-3.571,2.269,-2.852,1.725,-2831,1629,3,-2.852,1.725
5542808,-3.098,2.282,-1.246,-3.236,2.371,-2.756,1.483,-2.731,1.47,-3.539,2.299,-2.835,1.624,-2788,1641,3,-2.835,1.624
5542818,-3.204,2.341,-1.246,-3.186,2.351,-2.838,1.52,-2.811,1.523,-3.475,2.294,-2.827,1.618,-2923,1720,3,-2.827,1.618
5542828,-3.204,2.341,-1.246,-3.186,2.351,-2.889,1.543,-2.875,1.529,-3.42,2.354,-2.835,1.619,-2923,1720,3,-2.835,1.619
5542838,-3.15,2.269,-1.246,-3.136,2.311,-2.935,1.568,-2.898,1.531,-3.385,2.426,-2.798,1.63,-2866,1595,3,-2.798,1.63
5542848,-3.15,2.269,-1.246,-3.192,2.339,-2.946,1.565,-2.941,1.579,-3.382,2.487,-2.924,1.706,-2866,1595,3,-2.924,1.706
5542858,-3.036,2.134,-1.246,-3.192,2.339,-2.957,1.581,-2.96,1.586,-3.373,2.542,-2.926,1.708,-2878,1642,3,-2.926,1.708
5542868,-3.151,2.179,-1.246,-3.162,2.299,-2.964,1.609,-2.969,1.58,-3.348,2.574,-2.875,1.594,-2839,1550,3,-2.875,1.594
5542878,-3.151,2.179,-1.246,-3.162,2.299,-2.982,1.641,-2.977,1.625,-3.343,2.565,-2.877,1.595,-2839,1550,3,-2.877,1.595
5542888,-3.089,2.118,-1.246,-3.112,2.249,-2.989,1.663,-2.987,1.653,-3.318,2.598,-2.888,1.643,-2985,1748,3,-2.888,1.643
5542898,-3.089,2.118,-1.246,-3.14,2.209,-2.983,1.674,-2.979,1.664,-3.287,2.668,-2.852,1.56,-2985,1748,3,-2.852,1.56
5542908,-3.019,2.068,-1.246,-3.14,2.209,-2.962,1.695,-2.968,1.684,-3.237,2.718,-2.851,1.561,-3010,1560,3,-2.851,1.561
5542918,-2.953,2.013,-1.246,-3.11,2.159,-2.944,1.716,-2.937,1.701,-3.175,2.746,-2.981,1.742,-2874,1651,3,-2.981,1.742
5542928,-3.054,2.077,-1.246,-3.11,2.149,-2.937,1.738,-2.929,1.728,-3.162,2.784,-2.981,1.746,-2902,1620,3,-2.981,1.746
5542938,-2.973,2.043,-1.246,-3.06,2.099,-2.925,1.756,-2.942,1.765,-3.186,2.757,-3.004,1.578,-3004,1771,3,-3.004,1.578
5542948,-2.973,2.043,-1.246,-3.01,2.049,-2.914,1.784,-2.917,1.782,-3.243,2.718,-2.878,1.662,-3004,1771,3,-2.878,1.662
5542958,-2.892,2.01,-1.246,-3.052,2.077,-2.902,1.817,-2.894,1.787,-3.287,2.692,-2.902,1.635,-2885,1618,3,-2.902,1.635
5542968,-2.968,2.11,-1.246,-3.002,2.057,-2.891,1.838,-2.887,1.834,-3.315,2.682,-2.994,1.776,-4525,2158,3,-2.994,1.776
5542978,-2.968,2.11,-1.246,-3.002,2.057,-2.903,1.866,-2.879,1.853,-3.319,2.671,-2.993,1.777,-4525,2158,3,-2.993,1.777
5542988,-2.788,2.067,-1.246,-2.952,2.027,-2.906,1.876,-2.909,1.882,-3.333,2.68,-2.887,1.642,-4568,2177,3,-2.887,1.642
5542998,-2.788,2.067,-1.246,-2.966,2.097,-2.879,1.857,-2.878,1.866,-3.386,2.698,-4.376,2.132,-4568,2177,3,-4.376,2.132
5543008,-2.692,2.051,-1.246,-2.966,2.097,-2.87,1.877,-2.878,1.861,-3.366,2.726,-4.375,2.131,-2990,2018,3,-4.375,2.131
5543018,-2.766,2.152,-1.246,-2.916,2.097,-2.902,1.915,-2.904,1.884,-3.188,2.698,-1.44,1.468,-2971,1969,3,-1.44,1.468
5543028,-2.766,2.152,-1.246,-2.866,2.077,-2.925,1.936,-2.923,1.937,-3.125,2.658,-4.418,2.155,-2971,1969,3,-4.418,2.155
5543038,-2.675,2.13,-1.246,-2.816,2.067,-2.954,1.958,-2.941,1.964,-3.139,2.604,-2.985,2.013,-2937,1897,3,-2.985,2.013
5543048,-2.675,2.13,-1.246,-2.786,2.137,-2.979,1.977,-2.962,1.972,-3.102,2.58,-2.97,1.969,-2937,1897,3,-2.97,1.969
5543058,-2.675,2.13,-1.246,-2.786,2.151,-2.999,1.985,-2.995,1.974,-3.092,2.539,-2.973,1.969,-2937,1897,3,-2.973,1.969
5543068,-2.675,2.13,-1.246,-2.736,2.141,-3.012,1.972,-3.018,1.981,-3.123,2.455,-2.945,1.905,-2937,1897,3,-2.945,1.905
5543078,-2.675,2.13,-1.246,-2.716,2.141,-3.018,1.951,-3.018,1.964,-3.174,2.392,-2.944,1.903,-2937,1897,3,-2.944,1.903
5543088,-2.675,2.13,-1.246,-2.716,2.141,-3,1.911,-2.995,1.922,-3.229,2.408,-2.943,1.9,-2937,1897,3,-2.943,1.9
5543098,-2.675,2.13,-1.246,-2.716,2.141,-2.983,1.891,-2.982,1.894,-3.243,2.412,-2.942,1.897,-2937,1897,3,-2.942,1.897
5543108,-2.675,2.13,-1.246,-2.716,2.141,-2.991,1.892,-2.998,1.884,-3.222,2.397,-2.941,1.895,-2937,1897,3,-2.941,1.895
5543118,-2.413,1.962,-1.246,-2.716,2.141,-2.995,1.884,-2.998,1.894,-3.188,2.36,-2.943,1.897,-2860,1994,3,-2.943,1.897
5543128,-2.413,1.962,-1.246,-2.716,2.141,-2.977,1.859,-2.982,1.866,-3.182,2.384,-2.942,1.895,-2860,1994,3,-2.942,1.895
5543138,-2.433,1.993,-1.246,-2.716,2.141,-2.968,1.843,-2.97,1.841,-3.163,2.441,-2.94,1.892,-2963,2085,3,-2.94,1.892
5543148,-2.433,1.993,-1.246,-2.666,2.091,-2.971,1.843,-2.985,1.838,-3.131,2.466,-2.871,1.98,-2963,2085,3,-2.871,1.98
5543158,-2.367,1.938,-1.246,-2.616,2.041,-2.97,1.848,-2.974,1.851,-3.093,2.388,-2.871,1.981,-2934,1962,3,-2.871,1.981
5543168,-2.296,1.89,-1.246,-2.566,2.011,-2.963,1.849,-2.965,1.847,-3.065,2.282,-2.963,2.064,-2854,1992,3,-2.963,2.064
5543178,-2.296,1.89,-1.246,-2.516,2.011,-2.954,1.848,-2.957,1.849,-3.012,2.197,-2.963,2.064,-2854,1992,3,-2.963,2.064
5543188,-2.234,1.83,-1.246,-2.466,1.961,-2.922,1.832,-2.943,1.849,-2.926,2.153,-2.935,1.952,-2974,2052,3,-2.935,1.952
5543198,-2.234,1.83,-1.246,-2.406,1.911,-2.916,1.842,-2.933,1.834,-2.839,2.125,-2.861,1.977,-2974,2052,3,-2.861,1.977
5543208,-2.261,1.851,-1.246,-2.366,1.911,-2.909,1.84,-2.924,1.859,-2.809,2.091,-2.862,1.979,-2872,1917,3,-2.862,1.979
5543218,-2.194,1.797,-1.246,-2.316,1.861,-2.906,1.839,-2.907,1.849,-2.753,2.028,-2.968,2.033,-2904,2031,3,-2.968,2.033
5543228,-2.194,1.797,-1.246,-2.276,1.861,-2.88,1.822,-2.893,1.832,-2.656,1.974,-2.967,2.032,-2904,2031,3,-2.967,2.032
5543238,-2.125,1.747,-1.246,-2.266,1.861,-2.864,1.821,-2.892,1.841,-2.559,1.948,-2.874,1.909,-2816,1909,3,-2.874,1.909
5543248,-2.125,1.747,-1.246,-2.216,1.821,-2.833,1.801,-2.875,1.813,-2.496,1.961,-2.903,2.012,-2816,1909,3,-2.903,2.012
5543258,-2.216,1.825,-1.246,-2.216,1.821,-2.811,1.778,-2.823,1.793,-2.415,1.966,-2.897,2.009,-2842,1859,3,-2.897,2.009
5543268,-2.148,1.772,-1.246,-2.166,1.771,-2.778,1.771,-2.795,1.779,-2.325,1.975,-2.815,1.897,-2841,1935,3,-2.815,1.897
5543278,-2.082,1.717,-1.246,-2.156,1.771,-2.708,1.739,-2.731,1.754,-2.266,1.966,-2.81,1.895,-2669,1837,3,-2.81,1.895
5543288,-2.008,1.673,-1.246,-2.212,1.813,-2.654,1.723,-2.689,1.738,-2.27,1.936,-2.83,1.849,-2640,1823,3,-2.83,1.849
5543298,-2.008,1.673,-1.246,-2.172,1.793,-2.652,1.734,-2.667,1.732,-2.276,1.914,-2.826,1.917,-2640,1823,3,-2.826,1.917
5543308,-2.1,1.75,-1.246,-2.122,1.743,-2.614,1.709,-2.631,1.718,-2.224,1.911,-2.667,1.827,-2720,1872,3,-2.667,1.827
5543318,-2.031,1.698,-1.246,-2.072,1.695,-2.567,1.682,-2.6,1.69,-2.156,1.908,-2.637,1.811,-2609,1768,3,-2.637,1.811
5543328,-2.031,1.698,-1.246,-2.042,1.695,-2.537,1.67,-2.561,1.689,-2.163,1.92,-2.633,1.811,-2609,1768,3,-2.633,1.811
5543338,-1.965,1.643,-1.246,-2.098,1.737,-2.499,1.658,-2.521,1.667,-2.183,1.898,-2.702,1.854,-2575,1746,3,-2.702,1.854
5543348,-1.965,1.643,-1.246,-2.058,1.717,-2.489,1.66,-2.497,1.658,-2.176,1.881,-2.599,1.758,-2575,1746,3,-2.599,1.758
5543357,-1.835,1.532,-1.246,-2.058,1.717,-2.449,1.656,-2.474,1.662,-2.148,1.874,-2.597,1.759,-2490,1727,3,-2.597,1.759
5543367,-1.835,1.532,-1.246,-2.008,1.667,-2.422,1.655,-2.45,1.666,-2.144,1.874,-2.564,1.738,-2490,1727,3,-2.564,1.738
5543377,-1.925,1.611,-1.246,-1.998,1.667,-2.398,1.647,-2.425,1.665,-2.146,1.877,-2.562,1.739,-2440,1698,3,-2.562,1.739
5543387,-1.853,1.564,-1.246,-1.948,1.617,-2.386,1.651,-2.393,1.637,-2.13,1.908,-2.481,1.719,-2439,1735,3,-2.481,1.719
5543397,-1.853,1.564,-1.246,-1.898,1.577,-2.359,1.644,-2.372,1.659,-2.101,1.911,-2.48,1.72,-2439,1735,3,-2.48,1.72
5543407,-1.779,1.519,-1.246,-1.912,1.605,-2.311,1.622,-2.349,1.656,-2.081,1.881,-2.432,1.694,-2343,1621,3,-2.432,1.694
5543417,-1.709,1.469,-1.246,-1.872,1.585,-2.281,1.614,-2.311,1.61,-2.065,1.855,-2.427,1.724,-2406,1733,3,-2.427,1.724
5543427,-1.793,1.555,-1.246,-1.872,1.585,-2.249,1.611,-2.261,1.612,-2.06,1.841,-2.423,1.724,-2347,1704,3,-2.423,1.724
5543437,-1.724,1.504,-1.246,-1.822,1.545,-2.211,1.599,-2.224,1.606,-2.039,1.815,-2.333,1.62,-2225,1701,3,-2.333,1.62
5543447,-1.724,1.504,-1.246,-1.772,1.495,-2.209,1.597,-2.215,1.596,-2.035,1.8,-2.388,1.721,-2225,1701,3,-2.388,1.721
5543457,-1.656,1.451,-1.246,-1.786,1.551,-2.195,1.585,-2.21,1.606,-2.024,1.768,-2.335,1.695,-2237,1562,3,-2.335,1.695
5543467,-1.656,1.451,-1.246,-1.746,1.521,-2.166,1.574,-2.186,1.583,-1.987,1.749,-2.222,1.69,-2237,1562,3,-2.222,1.69
5543477,-1.586,1.401,-1.246,-1.746,1.521,-2.131,1.553,-2.147,1.56,-1.938,1.741,-2.219,1.688,-2244,1715,3,-2.219,1.688
5543487,-1.603,1.433,-1.246,-1.696,1.481,-2.1,1.546,-2.111,1.553,-1.917,1.737,-2.227,1.561,-2171,1601,3,-2.227,1.561
5543497,-1.603,1.433,-1.246,-1.686,1.481,-2.066,1.542,-2.084,1.551,-1.918,1.722,-2.224,1.561,-2171,1601,3,-2.224,1.561
5543507,-1.537,1.379,-1.246,-1.636,1.431,-2.046,1.531,-2.047,1.538,-1.924,1.725,-2.226,1.699,-2088,1593,3,-2.226,1.699
5543517,-1.537,1.379,-1.246,-1.616,1.431,-2.034,1.516,-2.043,1.521,-1.889,1.702,-2.16,1.594,-2088,1593,3,-2.16,1.594
5543527,-1.47,1.325,-1.246,-1.616,1.431,-1.921,1.438,-1.989,1.487,-1.838,1.666,-2.156,1.592,-2135,1552,3,-2.156,1.592
5543537,-1.403,1.272,-1.246,-1.566,1.401,-1.512,1.134,-1.671,1.248,-1.804,1.64,-2.055,1.565,-2036,1622,3,-2.055,1.565
5543547,-1.403,1.272,-1.246,-1.566,1.401,-1.081,0.811,-1.24,0.926,-1.791,1.629,-2.016,1.536,-2036,1622,3,-2.016,1.536
5543557,-1.488,1.356,-1.246,-1.516,1.351,-0.738,0.556,-0.858,0.641,-1.791,1.619,-2.023,1.473,-2089,1507,3,-2.023,1.473
5543567,-1.488,1.356,-1.246,-1.466,1.301,-0.762,0.585,-0.738,0.572,-1.791,1.619,-1.917,1.526,-2089,1507,3,-1.917,1.526
5543577,-1.488,1.356,-1.246,-1.436,1.301,-0.986,0.76,-0.912,0.705,-1.765,1.607,-1.931,1.536,-2089,1507,3,-1.931,1.536
5543587,-1.488,1.356,-1.246,-1.478,1.343,-1.228,0.949,-1.158,0.895,-1.741,1.6,-2.001,1.449,-2089,1507,3,-2.001,1.449
5543597,-1.488,1.356,-1.246,-1.478,1.343,-1.403,1.083,-1.358,1.045,-1.724,1.596,-2.02,1.463,-2089,1507,3,-2.02,1.463
5543607,-1.488,1.356,-1.246,-1.478,1.343,-1.317,1.021,-1.37,1.054,-1.699,1.588,-2.025,1.467,-2089,1507,3,-2.025,1.467
5543617,-1.488,1.356,-1.246,-1.478,1.343,-1.078,0.835,-1.144,0.883,-1.67,1.573,-2.006,1.452,-2089,1507,3,-2.006,1.452
5543627,-1.282,1.2,-1.246,-1.478,1.343,-1.108,0.862,-1.097,0.87,-1.654,1.552,-1.998,1.448,-1910,1487,3,-1.998,1.448
5543637,-1.292,1.231,-1.246,-1.478,1.343,-1.251,0.982,-1.201,0.95,-1.624,1.538,-2.006,1.455,-1922,1463,3,-2.006,1.455
5543647,-1.18,1.141,-1.246,-1.478,1.343,-1.39,1.104,-1.362,1.065,-1.573,1.54,-2.021,1.465,-1774,1469,3,-2.021,1.465
5543657,-1.124,1.097,-1.246,-1.428,1.293,-1.489,1.2,-1.472,1.176,-1.514,1.533,-1.869,1.458,-1767,1497,3,-1.869,1.458
5543667,-1.124,1.097,-1.246,-1.378,1.253,-1.379,1.121,-1.447,1.168,-1.484,1.515,-1.88,1.437,-1767,1497,3,-1.88,1.437
5543677,-1.069,1.051,-1.246,-1.328,1.203,-1.256,1.025,-1.299,1.048,-1.482,1.477,-1.732,1.432,-1812,1398,3,-1.732,1.432
5543687,-1.012,1.007,-1.246,-1.278,1.153,-1.292,1.053,-1.266,1.042,-1.494,1.442,-1.721,1.455,-1684,1291,3,-1.721,1.455
5543697,-1.012,1.007,-1.246,-1.228,1.133,-1.379,1.119,-1.359,1.11,-1.485,1.393,-1.729,1.461,-1684,1291,3,-1.729,1.461
5543707,-1.019,1.04,-1.246,-1.178,1.083,-1.228,0.992,-1.288,1.046,-1.454,1.33,-1.766,1.368,-1566,1358,3,-1.766,1.368
5543717,-1.019,1.04,-1.246,-1.128,1.033,-1.139,0.914,-1.19,0.947,-1.415,1.289,-1.64,1.261,-1566,1358,3,-1.64,1.261
5543727,-0.962,0.995,-1.246,-1.078,1.033,-0.926,0.741,-1.029,0.804,-1.398,1.288,-1.627,1.249,-1650,1349,3,-1.627,1.249
5543737,-0.908,0.948,-1.246,-1.038,1.033,-0.695,0.554,-0.757,0.612,-1.397,1.289,-1.495,1.292,-1669,1342,3,-1.495,1.292
5543747,-0.908,0.948,-1.246,-1.038,1.033,-0.7,0.562,-0.702,0.558,-1.402,1.281,-1.487,1.285,-1669,1342,3,-1.487,1.285
5543757,-0.855,0.901,-1.246,-0.988,1.013,-0.845,0.687,-0.798,0.661,-1.389,1.27,-1.571,1.285,-1493,1277,3,-1.571,1.285
5543767,-0.8,0.853,-1.246,-0.938,0.973,-1.006,0.83,-0.962,0.785,-1.356,1.265,-1.603,1.29,-1445,1216,3,-1.603,1.29
5543777,-0.861,0.933,-1.246,-0.938,0.973,-1.123,0.933,-1.1,0.9,-1.302,1.246,-1.616,1.3,-1478,1299,3,-1.616,1.3
5543787,-0.861,0.933,-1.246,-0.888,0.923,-1.196,0.992,-1.193,0.978,-1.252,1.218,-1.465,1.249,-1478,1299,3,-1.465,1.249
5543797,-0.806,0.887,-1.246,-0.838,0.873,-1.248,1.034,-1.24,1.028,-1.228,1.202,-1.426,1.198,-1489,1216,3,-1.426,1.198
5543807,-0.749,0.842,-1.246,-0.852,0.929,-1.275,1.06,-1.265,1.062,-1.207,1.187,-1.458,1.277,-1408,1131,3,-1.458,1.277
5543817,-0.749,0.842,-1.246,-0.852,0.929,-1.13,0.939,-1.19,0.984,-1.158,1.166,-1.453,1.272,-1408,1131,3,-1.453,1.272
5543827,-0.694,0.796,-1.246,-0.822,0.899,-1.037,0.866,-1.08,0.881,-1.128,1.147,-1.452,1.186,-1402,1222,3,-1.452,1.186
5543837,-0.638,0.749,-1.246,-0.772,0.859,-0.975,0.819,-1.009,0.842,-1.102,1.115,-1.372,1.105,-1220,1174,3,-1.372,1.105
5543847,-0.638,0.749,-1.246,-0.772,0.859,-0.993,0.839,-0.995,0.833,-1.06,1.111,-1.37,1.104,-1220,1174,3,-1.37,1.104
5543857,-0.638,0.749,-1.246,-0.722,0.819,-1.021,0.867,-1.02,0.864,-0.986,1.102,-1.367,1.189,-1220,1174,3,-1.367,1.189
5543867,-0.638,0.749,-1.246,-0.672,0.769,-0.984,0.841,-1.019,0.875,-0.953,1.098,-1.202,1.147,-1220,1174,3,-1.202,1.147
5543877,-0.638,0.749,-1.246,-0.662,0.769,-0.872,0.754,-0.909,0.77,-0.963,1.083,-1.192,1.138,-1220,1174,3,-1.192,1.138
5543887,-0.638,0.749,-1.246,-0.662,0.769,-0.856,0.749,-0.876,0.758,-0.963,1.046,-1.189,1.137,-1220,1174,3,-1.189,1.137
5543897,-0.638,0.749,-1.246,-0.662,0.769,-0.724,0.64,-0.763,0.685,-0.944,1.016,-1.18,1.131,-1220,1174,3,-1.18,1.131
5543907,-0.638,0.749,-1.246,-0.662,0.769,-0.701,0.627,-0.72,0.638,-0.908,1.001,-1.175,1.126,-1220,1174,3,-1.175,1.126
5543917,-0.398,0.607,-1.246,-0.662,0.769,-0.734,0.659,-0.736,0.662,-0.879,0.988,-1.176,1.127,-1068,1044,3,-1.176,1.127
5543927,-0.341,0.558,-1.199,-0.662,0.769,-0.784,0.707,-0.783,0.699,-0.861,0.953,-1.179,1.13,-1061,1044,3,-1.179,1.13
5543937,-0.341,0.558,-1.199,-0.662,0.769,-0.827,0.751,-0.823,0.732,-0.846,0.911,-1.183,1.134,-1061,1044,3,-1.183,1.134
5543947,-0.341,0.558,-1.199,-0.612,0.719,-0.883,0.796,-0.875,0.8,-0.832,0.881,-1.05,1.021,-1061,1044,3,-1.05,1.021
5543957,-0.341,0.558,-1.199,-0.562,0.669,-0.893,0.803,-0.895,0.819,-0.804,0.868,-1.046,1.023,-1061,1044,3,-1.046,1.023
5543967,-0.341,0.558,-1.199,-0.512,0.619,-0.876,0.79,-0.889,0.802,-0.762,0.85,-1.046,1.022,-1061,1044,3,-1.046,1.022
5543977,-0.341,0.558,-1.199,-0.462,0.609,-0.858,0.78,-0.875,0.782,-0.729,0.837,-1.044,1.02,-1061,1044,3,-1.044,1.02
5543987,-0.023,0.091,-1.181,-0.422,0.609,-0.842,0.775,-0.866,0.795,-0.699,0.814,-1.043,1.021,-915,884,3,-1.043,1.021
5543997,-0.001,0.027,-1.181,-0.422,0.609,-0.84,0.786,-0.863,0.792,-0.682,0.805,-1.043,1.021,-855,770,3,-1.043,1.021
5544007,0.001,0.009,-1.145,-0.422,0.609,-0.76,0.722,-0.799,0.753,-0.631,0.759,-1.038,1.019,-818,796,3,-1.038,1.019
5544017,0.001,0.009,-1.145,-0.372,0.559,-0.631,0.609,-0.667,0.644,-0.547,0.673,-0.894,0.864,-818,796,3,-0.894,0.864
5544027,0.001,0.009,-1.145,-0.322,0.509,-0.557,0.556,-0.59,0.583,-0.5,0.634,-0.831,0.753,-818,796,3,-0.831,0.753
5544037,0.001,0.009,-1.145,-0.272,0.459,-0.527,0.557,-0.547,0.566,-0.495,0.669,-0.795,0.776,-818,796,3,-0.795,0.776
5544047,0.001,0.009,-1.145,-0.222,0.409,-0.521,0.583,-0.508,0.55,-0.486,0.674,-0.79,0.773,-818,796,3,-0.79,0.773
5544057,0.006,0.001,-1.137,-0.172,0.359,-0.467,0.543,-0.503,0.572,-0.447,0.663,-0.79,0.776,-732,703,3,-0.79,0.776
5544067,0.006,0.001,-1.137,-0.122,0.309,-0.355,0.42,-0.4,0.489,-0.422,0.684,-0.782,0.769,-732,703,3,-0.782,0.769
5544077,0.006,0.001,-1.137,-0.092,0.259,-0.268,0.323,-0.308,0.349,-0.401,0.701,-0.773,0.757,-732,703,3,-0.773,0.757
5544087,0.006,0.001,-1.137,-0.042,0.209,-0.261,0.344,-0.271,0.328,-0.37,0.692,-0.69,0.669,-732,703,3,-0.69,0.669
5544097,0.021,-0.004,-1.137,-0.022,0.159,-0.255,0.36,-0.262,0.374,-0.319,0.681,-0.69,0.673,-590,603,3,-0.69,0.673
5544107,0.06,-0.029,-1.137,-0.022,0.109,-0.2,0.29,-0.222,0.336,-0.266,0.68,-0.686,0.671,-506,689,3,-0.686,0.671
5544117,0.099,-0.057,-1.137,-0.022,0.079,-0.143,0.21,-0.176,0.249,-0.242,0.645,-0.682,0.663,-457,625,3,-0.682,0.663
5544127,0.099,-0.057,-1.137,0.007,0.029,-0.097,0.143,-0.125,0.183,-0.243,0.562,-0.549,0.566,-457,625,3,-0.549,0.566
5544137,0.099,-0.057,-1.137,0.049,-0.015,-0.064,0.095,-0.082,0.127,-0.244,0.477,-0.468,0.639,-457,625,3,-0.468,0.639
5544147,0.099,-0.057,-1.137,0.091,-0.056,-0.041,0.061,-0.061,0.088,-0.236,0.407,-0.421,0.576,-457,625,3,-0.421,0.576
5544157,0.099,-0.057,-1.137,0.091,-0.056,-0.026,0.039,-0.053,0.063,-0.22,0.336,-0.421,0.574,-457,625,3,-0.421,0.574
5544167,0.099,-0.057,-1.137,0.091,-0.056,-0.017,0.025,-0.036,0.049,-0.216,0.278,-0.419,0.573,-457,625,3,-0.419,0.573
5544177,0.099,-0.057,-1.137,0.091,-0.056,-0.01,0.016,-0.026,0.034,-0.214,0.234,-0.418,0.571,-457,625,3,-0.418,0.571
5544187,0.099,-0.057,-1.137,0.091,-0.056,-0.007,0.01,-0.025,0.032,-0.182,0.191,-0.418,0.571,-457,625,3,-0.418,0.571
5544197,0.426,-0.421,-1.137,0.091,-0.056,-0.004,0.006,-0.017,0.023,-0.147,0.188,-0.417,0.57,-201,396,3,-0.417,0.57
5544207,0.426,-0.46,-1.137,0.091,-0.056,-0.003,0.004,-0.007,0.018,-0.106,0.196,-0.416,0.57,-13,316,3,-0.416,0.57
5544217,0.426,-0.46,-1.137,0.091,-0.056,-0.002,0.002,-0.008,0.014,-0.066,0.176,-0.416,0.569,-13,316,3,-0.416,0.569
5544227,0.488,-0.539,-1.137,0.161,-0.126,0,0.003,-0.01,0.017,-0.018,0.132,-0.184,0.361,-42,221,3,-0.184,0.361
5544237,0.488,-0.539,-1.137,0.231,-0.196,0,0.015,-0.012,0.029,0.022,0.096,-0.013,0.29,-42,221,3,-0.013,0.29
5544247,0.488,-0.539,-1.137,0.301,-0.266,0,0.026,-0.011,0.037,0.046,0.077,-0.013,0.291,-42,221,3,-0.013,0.291
5544257,0.488,-0.539,-1.137,0.371,-0.336,0.007,0.032,-0.005,0.042,0.06,0.062,-0.039,0.205,-42,221,3,-0.039,0.205
5544267,0.488,-0.539,-1.137,0.441,-0.406,0.023,0.031,0.014,0.041,0.065,0.042,-0.037,0.205,-42,221,3,-0.037,0.205
5544277,0.488,-0.539,-1.137,0.483,-0.476,0.037,0.024,0.033,0.032,0.071,0.017,-0.035,0.204,-42,221,3,-0.035,0.204
5544287,0.417,-0.449,-1.137,0.483,-0.532,0.053,0.01,0.046,0.019,0.087,-0.009,-0.034,0.203,51,13,3,-0.034,0.203
5544297,0.487,-0.52,-1.094,0.483,-0.532,0.078,-0.013,0.065,0.001,0.105,-0.04,-0.033,0.201,85,-44,3,-0.033,0.201
5544307,0.44,-0.466,-1.086,0.483,-0.532,0.097,-0.036,0.085,-0.021,0.123,-0.067,-0.031,0.199,100,-9,3,-0.031,0.199
5544317,0.44,-0.466,-1.086,0.443,-0.482,0.112,-0.056,0.1,-0.042,0.139,-0.089,0.055,0.008,100,-9,3,0.055,0.008
5544327,0.44,-0.466,-1.086,0.485,-0.51,0.13,-0.078,0.118,-0.067,0.156,-0.1,0.088,-0.046,100,-9,3,0.088,-0.046
5544337,0.44,-0.466,-1.086,0.455,-0.48,0.141,-0.096,0.131,-0.083,0.189,-0.099,0.103,-0.016,100,-9,3,0.103,-0.016
5544347,0.44,-0.466,-1.086,0.455,-0.48,0.135,-0.092,0.131,-0.089,0.222,-0.093,0.103,-0.016,100,-9,3,0.103,-0.016
5544357,0.44,-0.466,-1.086,0.455,-0.48,0.135,-0.09,0.127,-0.084,0.235,-0.104,0.102,-0.016,100,-9,3,0.102,-0.016
5544367,0.479,-0.508,-1.086,0.455,-0.48,0.143,-0.098,0.133,-0.089,0.239,-0.123,0.103,-0.016,178,-165,3,0.103,-0.016
5544377,0.427,-0.458,-1.086,0.455,-0.48,0.158,-0.117,0.147,-0.107,0.256,-0.132,0.104,-0.018,154,-70,3,0.104,-0.018
5544387,0.377,-0.408,-1.086,0.455,-0.48,0.176,-0.133,0.165,-0.122,0.281,-0.139,0.106,-0.019,261,-199,3,0.106,-0.019
5544397,0.377,-0.408,-1.086,0.469,-0.494,0.197,-0.147,0.188,-0.137,0.295,-0.151,0.179,-0.162,261,-199,3,0.179,-0.162
5544407,0.377,-0.408,-1.086,0.439,-0.474,0.194,-0.139,0.193,-0.138,0.307,-0.165,0.157,-0.076,261,-199,3,0.157,-0.076
5544417,0.377,-0.408,-1.086,0.399,-0.434,0.198,-0.135,0.191,-0.138,0.323,-0.172,0.255,-0.193,261,-199,3,0.255,-0.193
5544427,0.377,-0.408,-1.086,0.399,-0.434,0.17,-0.114,0.171,-0.121,0.341,-0.175,0.253,-0.192,261,-199,3,0.253,-0.192
5544437,0.377,-0.408,-1.086,0.399,-0.434,0.174,-0.117,0.163,-0.113,0.351,-0.183,0.252,-0.191,261,-199,3,0.252,-0.191
5544447,0.377,-0.408,-1.086,0.399,-0.434,0.197,-0.134,0.182,-0.122,0.341,-0.205,0.254,-0.192,261,-199,3,0.254,-0.192
5544457,0.377,-0.408,-1.086,0.399,-0.434,0.226,-0.156,0.21,-0.148,0.324,-0.235,0.256,-0.194,261,-199,3,0.256,-0.194
5544467,0.339,-0.399,-1.07,0.399,-0.434,0.248,-0.176,0.241,-0.17,0.313,-0.258,0.259,-0.196,257,-220,3,0.259,-0.196
5544477,0.229,-0.279,-1.07,0.399,-0.434,0.209,-0.151,0.227,-0.155,0.315,-0.268,0.258,-0.195,344,-263,3,0.258,-0.195
5544487,0.185,-0.235,-1.07,0.399,-0.434,0.154,-0.112,0.178,-0.123,0.326,-0.281,0.254,-0.192,335,-209,3,0.254,-0.192
5544497,0.185,-0.235,-1.07,0.359,-0.414,0.138,-0.103,0.14,-0.107,0.337,-0.294,0.246,-0.21,335,-209,3,0.246,-0.21
5544507,0.185,-0.235,-1.07,0.309,-0.364,0.166,-0.126,0.156,-0.115,0.345,-0.307,0.327,-0.249,335,-209,3,0.327,-0.249
5544517,0.185,-0.235,-1.07,0.259,-0.314,0.205,-0.156,0.181,-0.141,0.349,-0.311,0.321,-0.203,335,-209,3,0.321,-0.203
5544527,0.185,-0.235,-1.07,0.229,-0.274,0.237,-0.181,0.223,-0.173,0.343,-0.306,0.324,-0.205,335,-209,3,0.324,-0.205
5544537,0.185,-0.235,-1.07,0.229,-0.274,0.22,-0.17,0.241,-0.194,0.333,-0.3,0.327,-0.208,335,-209,3,0.327,-0.208
5544547,0.019,-0.032,-1.07,0.229,-0.274,0.2,-0.159,0.216,-0.165,0.329,-0.307,0.324,-0.205,336,-246,3,0.324,-0.205
5544557,0.01,-0.018,-1.07,0.229,-0.274,0.181,-0.151,0.186,-0.148,0.327,-0.308,0.322,-0.204,346,-312,3,0.322,-0.204
5544567,0.01,-0.018,-1.07,0.229,-0.274,0.143,-0.122,0.163,-0.137,0.32,-0.296,0.32,-0.203,346,-312,3,0.32,-0.203
5544577,0.002,-0.007,-1.07,0.179,-0.224,0.136,-0.116,0.14,-0.12,0.311,-0.288,0.319,-0.235,281,-234,3,0.319,-0.235
5544587,0.002,-0.007,-1.07,0.129,-0.174,0.157,-0.13,0.151,-0.121,0.297,-0.27,0.328,-0.294,281,-234,3,0.328,-0.294
5544597,0.002,-0.007,-1.07,0.079,-0.124,0.18,-0.147,0.185,-0.156,0.27,-0.242,0.331,-0.298,281,-234,3,0.331,-0.298
5544607,0.002,-0.007,-1.07,0.029,-0.074,0.17,-0.137,0.178,-0.14,0.237,-0.216,0.272,-0.226,281,-234,3,0.272,-0.226
5544617,0.002,-0.007,-1.07,0.029,-0.044,0.161,-0.129,0.178,-0.134,0.21,-0.193,0.272,-0.225,281,-234,3,0.272,-0.225
5544627,0.002,-0.007,-1.07,0.029,-0.044,0.155,-0.124,0.165,-0.133,0.202,-0.182,0.271,-0.225,281,-234,3,0.271,-0.225
5544637,0.002,-0.007,-1.07,0.029,-0.044,0.156,-0.125,0.158,-0.129,0.191,-0.171,0.27,-0.224,281,-234,3,0.27,-0.224
5544647,0,-0.002,-1.07,0.029,-0.044,0.16,-0.132,0.17,-0.14,0.171,-0.158,0.271,-0.225,326,-254,3,0.271,-0.225
5544657,0,-0.002,-1.07,0.029,-0.044,0.151,-0.129,0.165,-0.137,0.147,-0.145,0.27,-0.225,326,-254,3,0.27,-0.225
5544667,0,-0.002,-1.07,0.029,-0.044,0.139,-0.122,0.156,-0.133,0.126,-0.127,0.27,-0.225,326,-254,3,0.27,-0.225
5544677,0,-0.002,-1.07,0.009,-0.015,0.114,-0.101,0.129,-0.111,0.107,-0.109,0.308,-0.241,326,-254,3,0.308,-0.241
5544687,0,-0.002,-1.07,0.009,-0.015,0.093,-0.084,0.107,-0.098,0.084,-0.088,0.306,-0.24,326,-254,3,0.306,-0.24
5544697,0,-0.002,-1.07,0.009,-0.015,0.074,-0.073,0.089,-0.085,0.06,-0.068,0.305,-0.239,326,-254,3,0.305,-0.239
5544707,0,-0.002,-1.07,0.009,-0.015,0.054,-0.058,0.07,-0.07,0.038,-0.05,0.303,-0.237,326,-254,3,0.303,-0.237
5544717,0,-0.002,-1.07,0.009,-0.015,0.037,-0.042,0.05,-0.052,0.019,-0.033,0.301,-0.236,326,-254,3,0.301,-0.236
5544727,0,-0.002,-1.07,0.009,-0.015,0.025,-0.028,0.032,-0.036,0.003,-0.019,0.299,-0.234,326,-254,3,0.299,-0.234
5544737,0,-0.002,-1.07,0.009,-0.015,0.015,-0.018,0.02,-0.023,-0.01,-0.006,0.298,-0.233,326,-254,3,0.298,-0.233
5544747,0,-0.002,-1.07,0.009,-0.015,0.004,-0.009,0.009,-0.013,-0.021,0.005,0.297,-0.232,326,-254,3,0.297,-0.232
5544757,0,-0.002,-1.07,0.009,-0.015,-0.008,0,-0.003,-0.003,-0.029,0.012,0.296,-0.231,326,-254,3,0.296,-0.231
5544767,-0.001,0,-1.07,0.009,-0.015,-0.018,0,-0.014,0,-0.035,0.017,0.295,-0.231,-32,0,3,0.295,-0.231
5544777,-0.001,0,-1.07,0.009,-0.015,-0.025,0,-0.024,0,-0.04,0.021,0.294,-0.231,-32,0,3,0.294,-0.231
5544787,-0.001,0,-1.07,0.009,-0.015,-0.031,0,-0.029,-0.001,-0.043,0.024,0.294,-0.231,-32,0,3,0.294,-0.231
5544797,-0.001,0,-1.07,0.009,-0.005,-0.038,0.008,-0.035,0.005,-0.045,0.023,-0.032,0,-32,0,3,-0.032,0
5544807,-0.001,0,-1.07,0.009,-0.005,-0.04,0.013,-0.039,0.012,-0.046,0.023,-0.033,0.001,-32,0,3,-0.033,0.001
5544817,-0.001,0,-1.07,0.009,-0.005,-0.039,0.017,-0.042,0.017,-0.044,0.023,-0.033,0.001,-32,0,3,-0.033,0.001
5544827,-0.001,0,-1.07,0.009,-0.005,-0.038,0.019,-0.041,0.02,-0.04,0.023,-0.033,0.002,-32,0,3,-0.033,0.002
5544837,-0.001,0,-1.07,0.009,-0.005,-0.036,0.019,-0.04,0.022,-0.036,0.022,-0.033,0.002,-32,0,3,-0.033,0.002
5544847,-0.001,0,-1.07,0.009,-0.005,-0.032,0.018,-0.037,0.021,-0.03,0.019,-0.033,0.002,-32,0,3,-0.033,0.002
5544857,-0.001,0,-1.07,0.009,-0.005,-0.028,0.015,-0.033,0.019,-0.022,0.014,-0.032,0.002,-32,0,3,-0.032,0.002
5544867,-0.001,0,-1.07,0.009,-0.005,-0.022,0.012,-0.027,0.015,-0.014,0.008,-0.032,0.001,-32,0,3,-0.032,0.001
5544877,-0.001,0,-1.07,0.009,-0.005,-0.015,0.008,-0.019,0.01,-0.006,0.002,-0.031,0.001,-32,0,3,-0.031,0.001
5544887,0,0,-1.07,0.009,-0.005,-0.008,0.004,-0.011,0.005,0.001,-0.002,-0.03,0,0,0,2,-0.03,0
5544897,0,0,-1.07,0.009,-0.005,-0.002,0,0,0,0.005,-0.005,-0.029,0,0,0,2,-0.029,0
5544907,0,0,-0.959,0.009,-0.005,0,0,0,0,0.008,-0.005,-0.029,0,32,23,3,-0.029,0
5544917,0,0,-0.959,0.009,-0.005,0,0,0,0,0.008,-0.005,0,0,32,23,3,0,0
5544927,0,0,-0.892,0.009,-0.005,0,0,0,0,0.007,-0.003,0,0,-10,0,3,0,0
5544937,0,0,-0.892,0.009,-0.005,0,0,0,0,0.006,-0.003,0.029,0.021,-10,0,3,0.029,0.021
5544947,0,0,-0.892,0.009,-0.005,0,0,0,0,0.004,-0.002,0.029,0.021,-10,0,3,0.029,0.021
5544957,0,0,-0.892,0.009,-0.005,0,0,0,0,0.003,-0.002,-0.009,0,-10,0,3,-0.009,0
5544967,0,0,-0.892,0.009,-0.005,0,0,0,0,0.002,-0.001,-0.009,0,-10,0,3,-0.009,0
5544977,0,0,-0.892,0.009,-0.005,0,0,0,0,0.001,-0.001,-0.009,0,-10,0,3,-0.009,0
5544987,0,0,-0.892,0.009,-0.005,0,0,0,0,0.001,-0.001,-0.009,0,-10,0,3,-0.009,0
5544997,0,0,-0.892,0.009,-0.005,0,0,0,0,0.001,-0.001,-0.009,0,-10,0,3,-0.009,0
5545007,0,0,-0.892,0.009,-0.005,0,0,0,0,0.001,-0.001,-0.009,0,-10,0,3,-0.009,0
5545017,0,0,-0.892,0.009,-0.005,0,0,0,0,0.003,-0.001,-0.009,0,-10,0,3,-0.009,0
5545027,0,0,-0.892,0.009,-0.005,0,0,0,0,0.004,-0.002,-0.009,0,-10,0,3,-0.009,0
5545037,0,0,-0.892,0.009,-0.005,0,0,0,0,0.005,-0.002,-0.009,0,-10,0,3,-0.009,0
5545047,0,0,-0.886,0.009,-0.005,0,0,0,0,0.007,-0.003,-0.009,0,21,45,3,-0.009,0
5545057,0,0,-0.886,0.009,-0.005,0,0,-0.001,0,0.01,-0.003,-0.009,0,8,-38,3,-0.009,0
5545067,0,0,-0.833,0.009,-0.005,0.011,0,0.007,-0.001,0.012,-0.002,-0.009,0,4,-6,3,-0.009,0
5545077,0,0,-0.833,0.009,-0.005,0.025,0,0.02,0.001,0.012,-0.004,0.021,0.041,-12,12,3,0.021,0.041
5545087,0,0,-0.821,0.009,-0.005,0.038,0,0.035,-0.002,0.014,-0.007,0.01,-0.035,19,25,3,0.01,-0.035
5545097,0,0,-0.821,0.009,-0.005,0.046,0,0.044,0.001,0.014,-0.006,0.007,-0.005,19,25,3,0.007,-0.005
5545107,0,0,-0.821,0.009,-0.005,0.051,0,0.05,0.001,0.014,-0.006,-0.006,0.011,19,25,3,-0.006,0.011
5545117,0,0,-0.821,0.009,-0.005,0.053,0,0.053,0,0.014,-0.006,0.022,0.023,19,25,3,0.022,0.023
5545127,0,0,-0.821,0.009,-0.005,0.053,0,0.052,0.001,0.012,-0.005,0.022,0.023,19,25,3,0.022,0.023
5545137,0,0,-0.821,0.009,-0.005,0.052,0,0.052,-0.001,0.01,-0.003,0.022,0.023,19,25,3,0.022,0.023
5545147,0,0,-0.821,0.009,-0.005,0.05,0,0.05,0.001,0.007,-0.002,0.022,0.023,19,25,3,0.022,0.023
5545157,0,0,-0.821,0.009,-0.005,0.047,0,0.048,0.001,0.006,-0.002,0.022,0.023,19,25,3,0.022,0.023
5545167,0,0,-0.821,0.009,-0.005,0.043,0,0.044,0.001,0.005,-0.001,0.021,0.023,19,25,3,0.021,0.023
5545177,0,0,-0.821,0.009,-0.005,0.039,0,0.041,0.001,0.006,-0.002,0.021,0.023,19,25,3,0.021,0.023
5545187,0,0,-0.821,0.009,-0.005,0.035,0,0.036,0.001,0.008,-0.004,0.021,0.023,0,0,2,0.021,0.023
5545197,0,0,-0.821,0.009,-0.005,0.033,0,0.034,0.001,0.01,-0.007,0.02,0.023,0,0,2,0.02,0.023
5545207,0,0,-0.821,0.009,-0.005,0.033,0,0.032,0.001,0.012,-0.012,0.02,0.023,0,0,2,0.02,0.023
5545217,0,0,-0.821,0.009,-0.005,0.036,0,0.035,0,0.013,-0.013,0.02,0,0,0,2,0.02,0
5545227,0,0,-0.821,0.009,-0.005,0.042,0,0.04,0.001,0.013,-0.013,0.033,0.001,0,0,2,0.033,0.001
5545237,0.358,-0.481,-0.821,0.009,-0.005,0.048,0,0.045,0,0.013,-0.012,0.039,0,1,-26,3,0.039,0
5545247,0.421,-0.583,-0.821,0.009,-0.005,0.055,0,0.051,0,0.013,-0.012,0.042,0,44,45,3,0.042,0
5545257,0.421,-0.583,-0.821,0.009,-0.005,0.06,0,0.058,0.001,0.013,-0.012,0.047,0,44,45,3,0.047,0
5545267,0.421,-0.583,-0.821,0.079,-0.075,0.063,0,0.063,0,0.015,-0.016,0.007,-0.024,44,45,3,0.007,-0.024
5545277,0.421,-0.583,-0.821,0.149,-0.145,0.063,0,0.064,0.001,0.018,-0.02,0.046,0.041,44,45,3,0.046,0.041
5545287,0.421,-0.583,-0.821,0.219,-0.215,0.059,0,0.06,0.002,0.023,-0.025,0.045,0.041,44,45,3,0.045,0.041
5545297,0.421,-0.583,-0.821,0.289,-0.285,0.054,0,0.054,0.001,0.028,-0.028,0.045,0.041,44,45,3,0.045,0.041
5545307,0.421,-0.583,-0.821,0.359,-0.355,0.046,0,0.046,0.001,0.032,-0.031,0.044,0.041,44,45,3,0.044,0.041
5545317,0.421,-0.583,-0.821,0.415,-0.425,0.038,0,0.037,0.002,0.038,-0.034,0.044,0.041,44,45,3,0.044,0.041
5545327,0.421,-0.583,-0.821,0.415,-0.495,0.033,-0.004,0.03,0.001,0.046,-0.04,0.043,0.041,44,45,3,0.043,0.041
5545337,0.421,-0.583,-0.821,0.415,-0.565,0.031,-0.014,0.027,-0.007,0.059,-0.053,0.043,0.04,44,45,3,0.043,0.04
5545347,0.421,-0.583,-0.821,0.415,-0.579,0.032,-0.023,0.026,-0.014,0.069,-0.065,0.042,0.04,44,45,3,0.042,0.04
5545357,0.421,-0.583,-0.821,0.415,-0.579,0.039,-0.033,0.032,-0.024,0.08,-0.079,0.043,0.039,44,45,3,0.043,0.039
5545367,0.421,-0.583,-0.821,0.415,-0.579,0.053,-0.047,0.044,-0.035,0.096,-0.101,0.044,0.038,44,45,3,0.044,0.038
5545377,0.945,-1.671,-0.821,0.415,-0.579,0.07,-0.063,0.058,-0.05,0.108,-0.115,0.045,0.037,99,-24,3,0.045,0.037
5545387,1.016,-1.769,-0.821,0.415,-0.579,0.084,-0.075,0.071,-0.064,0.127,-0.132,0.046,0.035,54,-17,3,0.046,0.035
5545397,1.016,-1.769,-0.821,0.415,-0.579,0.098,-0.086,0.083,-0.075,0.148,-0.157,0.047,0.034,54,-17,3,0.047,0.034
5545407,1.016,-1.769,-0.821,0.485,-0.649,0.117,-0.101,0.103,-0.088,0.177,-0.193,0.099,-0.03,54,-17,3,0.099,-0.03
5545417,1.016,-1.769,-0.821,0.555,-0.719,0.137,-0.119,0.126,-0.108,0.209,-0.227,0.06,-0.025,54,-17,3,0.06,-0.025
5545427,1.016,-1.769,-0.821,0.625,-0.789,0.149,-0.131,0.134,-0.121,0.281,-0.308,0.061,-0.027,54,-17,3,0.061,-0.027
5545437,1.016,-1.769,-0.821,0.695,-0.859,0.121,-0.107,0.118,-0.105,0.322,-0.356,0.06,-0.025,54,-17,3,0.06,-0.025
5545447,1.016,-1.769,-0.821,0.765,-0.929,0.088,-0.078,0.081,-0.08,0.351,-0.376,0.057,-0.023,54,-17,3,0.057,-0.023
5545457,1.016,-1.769,-0.821,0.835,-0.999,0.06,-0.055,0.056,-0.051,0.398,-0.418,0.055,-0.021,54,-17,3,0.055,-0.021
5545467,1.016,-1.769,-0.821,0.905,-1.069,0.054,-0.053,0.047,-0.029,0.463,-0.487,0.053,-0.019,54,-17,3,0.053,-0.019
5545477,1.016,-1.769,-0.821,0.975,-1.139,0.076,-0.066,0.06,-0.051,0.498,-0.508,0.054,-0.02,54,-17,3,0.054,-0.02
5545487,0,0,-0.821,1.003,-1.209,0.133,-0.113,0.086,-0.082,0.625,-0.625,0.056,-0.023,0,0,2,0.056,-0.023
5545497,0,0,-0.821,1.003,-1.279,0.191,-0.163,0.169,-0.128,0.741,-0.735,0.064,-0.026,0,0,2,0.064,-0.026
5545507,0,0,-0.821,1.003,-1.349,0.171,-0.147,0.173,-0.148,0.857,-0.894,0.065,-0.029,0,0,2,0.065,-0.029
5545517,1.652,-2.646,-0.821,0.953,-1.299,0.13,-0.111,0.11,-0.126,1.024,-1.135,0.086,-0.048,386,-318,3,0.086,-0.048
5545527,1.708,-2.753,-0.821,0.903,-1.249,0.091,-0.078,0.105,-0.068,1.061,-1.228,0.115,-0.081,474,-460,3,0.115,-0.081
5545537,1.772,-2.854,-0.821,0.853,-1.199,0.061,-0.052,0.074,-0.061,1.045,-1.252,0.123,-0.103,525,-474,3,0.123,-0.103
5545547,1.772,-2.854,-0.821,0.923,-1.269,0.04,-0.034,0.039,0.006,1.037,-1.26,0.354,-0.289,525,-474,3,0.354,-0.289
5545557,1.827,-2.961,-0.821,0.993,-1.339,0.026,-0.022,0.011,-0.019,0.995,-1.242,0.432,-0.42,647,-463,3,0.432,-0.42
5545567,1.827,-2.961,-0.821,1.063,-1.409,0.039,-0.042,0.012,-0.036,1,-1.253,0.479,-0.434,647,-463,3,0.479,-0.434
5545577,1.934,-3.177,-0.821,1.133,-1.479,0.068,-0.073,0.069,-0.061,1.001,-1.209,0.483,-0.435,660,-591,3,0.483,-0.435
5545587,1.981,-3.289,-0.821,1.203,-1.549,0.18,-0.177,0.12,-0.13,1.009,-1.187,0.598,-0.431,748,-585,3,0.598,-0.431
5545597,1.981,-3.289,-0.821,1.273,-1.619,0.221,-0.212,0.214,-0.178,0.971,-1.146,0.607,-0.437,748,-585,3,0.607,-0.437
5545607,2.042,-3.392,-0.821,1.343,-1.689,0.221,-0.21,0.215,-0.207,0.966,-1.199,0.62,-0.556,785,-689,3,0.62,-0.556
5545617,2.042,-3.392,-0.821,1.413,-1.759,0.182,-0.176,0.17,-0.171,0.976,-1.27,0.696,-0.548,785,-689,3,0.696,-0.548
5545627,2.042,-3.392,-0.821,1.483,-1.829,0.135,-0.132,0.139,-0.141,0.983,-1.301,0.693,-0.546,785,-689,3,0.693,-0.546
5545637,2.042,-3.392,-0.821,1.553,-1.898,0.135,-0.125,0.109,-0.121,1.017,-1.373,0.724,-0.637,785,-689,3,0.724,-0.637
5545647,2.042,-3.392,-0.821,1.623,-1.968,0.284,-0.25,0.242,-0.188,1.034,-1.394,0.734,-0.641,785,-689,3,0.734,-0.641
5545657,2.042,-3.392,-0.821,1.693,-2.038,0.462,-0.4,0.408,-0.337,1.109,-1.433,0.748,-0.655,785,-689,3,0.748,-0.655
5545667,2.042,-3.392,-0.821,1.763,-2.108,0.55,-0.475,0.525,-0.449,1.227,-1.528,0.76,-0.667,785,-689,3,0.76,-0.667
5545677,2.042,-3.392,-0.821,1.833,-2.178,0.461,-0.398,0.488,-0.42,1.338,-1.672,0.759,-0.665,785,-689,3,0.759,-0.665
5545687,2.042,-3.392,-0.821,1.903,-2.248,0.339,-0.293,0.364,-0.32,1.456,-1.879,0.748,-0.657,785,-689,3,0.748,-0.657
5545697,2.042,-3.392,-0.821,1.973,-2.318,0.234,-0.202,0.257,-0.21,1.509,-1.987,0.738,-0.646,785,-689,3,0.738,-0.646
5545707,2.042,-3.392,-0.821,2.029,-2.388,0.162,-0.141,0.176,-0.132,1.503,-2.004,0.729,-0.64,785,-689,3,0.729,-0.64
5545717,2.042,-3.392,-0.821,2.029,-2.458,0.116,-0.102,0.119,-0.119,1.514,-2.024,0.725,-0.638,785,-689,3,0.725,-0.638
5545727,2.042,-3.392,-0.821,2.029,-2.528,0.094,-0.08,0.094,-0.078,1.55,-2.08,0.722,-0.634,785,-689,3,0.722,-0.634
5545737,2.346,-3.839,-0.821,2.029,-2.598,0.086,-0.07,0.069,-0.038,1.559,-2.142,0.719,-0.631,1213,-990,3,0.719,-0.631
5545747,2.346,-3.839,-0.821,2.029,-2.668,0.098,-0.08,0.076,-0.077,1.547,-2.214,0.721,-0.634,1213,-990,3,0.721,-0.634
5545757,2.346,-3.839,-0.821,2.029,-2.738,0.141,-0.12,0.11,-0.084,1.51,-2.248,0.723,-0.633,1213,-990,3,0.723,-0.633
5545767,2.33,-3.849,-0.821,2.099,-2.808,0.26,-0.236,0.221,-0.199,1.522,-2.342,1.122,-0.917,1140,-1120,3,1.122,-0.917
5545777,2.33,-3.849,-0.821,2.169,-2.878,0.294,-0.277,0.271,-0.261,1.541,-2.416,1.127,-0.923,1140,-1120,3,1.127,-0.923
5545787,2.33,-3.849,-0.821,2.239,-2.948,0.26,-0.246,0.274,-0.249,1.527,-2.444,1.128,-0.923,1140,-1120,3,1.128,-0.923
5545797,2.33,-3.849,-0.821,2.309,-3.018,0.215,-0.206,0.222,-0.205,1.509,-2.479,1.057,-1.037,1140,-1120,3,1.057,-1.037
5545807,2.33,-3.849,-0.821,2.323,-3.088,0.183,-0.181,0.177,-0.16,1.524,-2.506,1.052,-1.033,1140,-1120,3,1.052,-1.033
5545817,2.33,-3.849,-0.821,2.323,-3.158,0.211,-0.213,0.198,-0.2,1.597,-2.563,1.054,-1.036,1140,-1120,3,1.054,-1.036
5545827,2.33,-3.849,-0.821,2.323,-3.228,0.174,-0.177,0.179,-0.173,1.659,-2.628,1.052,-1.035,1140,-1120,3,1.052,-1.035
5545837,2.33,-3.849,-0.821,2.323,-3.298,0.148,-0.154,0.146,-0.161,1.652,-2.63,1.051,-1.033,1140,-1120,3,1.051,-1.033
5545847,2.33,-3.849,-0.821,2.323,-3.368,0.169,-0.169,0.137,-0.136,1.644,-2.597,1.049,-1.03,1140,-1120,3,1.049,-1.03
5545857,2.33,-3.849,-0.821,2.323,-3.438,0.326,-0.32,0.279,-0.271,1.637,-2.571,1.06,-1.041,1140,-1120,3,1.06,-1.041
5545867,2.33,-3.849,-0.821,2.323,-3.508,0.341,-0.339,0.335,-0.329,1.66,-2.64,1.066,-1.048,1140,-1120,3,1.066,-1.048
5545877,2.33,-3.849,-0.821,2.323,-3.578,0.336,-0.329,0.325,-0.316,1.664,-2.723,1.066,-1.047,1140,-1120,3,1.066,-1.047
5545887,2.171,-3.941,-0.821,2.323,-3.648,0.418,-0.407,0.389,-0.374,1.692,-2.847,1.071,-1.052,1490,-1465,3,1.071,-1.052
5545897,2.171,-3.941,-0.821,2.323,-3.718,0.368,-0.36,0.38,-0.363,1.684,-2.87,1.071,-1.052,1490,-1465,3,1.071,-1.052
5545907,2.162,-3.946,-0.821,2.323,-3.788,0.276,-0.276,0.302,-0.307,1.65,-2.888,1.065,-1.047,1449,-1605,3,1.065,-1.047
5545917,2.162,-3.946,-0.821,2.273,-3.858,0.233,-0.229,0.239,-0.228,1.6,-2.96,1.376,-1.353,1449,-1605,3,1.376,-1.353
5545927,2.162,-3.946,-0.821,2.223,-3.928,0.468,-0.464,0.377,-0.376,1.553,-3.006,1.386,-1.363,1449,-1605,3,1.386,-1.363
5545937,2.162,-3.946,-0.821,2.183,-3.942,0.773,-0.794,0.665,-0.674,1.523,-2.999,1.374,-1.516,1449,-1605,3,1.374,-1.516
5545947,2.162,-3.946,-0.821,2.183,-3.942,1.027,-1.091,0.943,-0.982,1.528,-3.031,1.4,-1.545,1449,-1605,3,1.4,-1.545
5545957,2.162,-3.946,-0.821,2.183,-3.942,1.219,-1.324,1.143,-1.226,1.571,-3.126,1.419,-1.568,1449,-1605,3,1.419,-1.568
5545967,2.162,-3.946,-0.821,2.183,-3.942,1.335,-1.466,1.286,-1.406,1.597,-3.218,1.433,-1.585,1449,-1605,3,1.433,-1.585
5545977,2.162,-3.946,-0.821,2.183,-3.942,1.362,-1.519,1.353,-1.515,1.6,-3.276,1.441,-1.596,1449,-1605,3,1.441,-1.596
5545987,2.162,-3.946,-0.821,2.183,-3.942,1.121,-1.26,1.21,-1.356,1.584,-3.274,1.43,-1.585,1449,-1605,3,1.43,-1.585
5545997,2.162,-3.946,-0.821,2.183,-3.942,0.923,-1.042,0.977,-1.089,1.592,-3.23,1.408,-1.56,1449,-1605,3,1.408,-1.56
5546007,2.162,-3.946,-0.821,2.183,-3.942,0.813,-0.933,0.861,-0.971,1.613,-3.231,1.397,-1.549,1449,-1605,3,1.397,-1.549
5546017,2.162,-3.946,-0.821,2.183,-3.942,0.622,-0.714,0.674,-0.781,1.619,-3.335,1.381,-1.532,1449,-1605,3,1.381,-1.532
5546027,1.936,-4.061,-0.821,2.183,-3.942,0.448,-0.513,0.496,-0.57,1.6,-3.478,1.364,-1.513,1610,-1862,3,1.364,-1.513
5546037,1.879,-4.088,-0.821,2.183,-3.942,0.314,-0.351,0.35,-0.4,1.546,-3.574,1.351,-1.497,1523,-1995,3,1.351,-1.497
5546047,1.879,-4.088,-0.821,2.183,-3.942,0.227,-0.247,0.27,-0.271,1.491,-3.618,1.343,-1.485,1523,-1995,3,1.343,-1.485
5546057,1.823,-4.114,-0.821,2.133,-4.012,0.221,-0.25,0.221,-0.243,1.424,-3.643,1.484,-1.715,1589,-1955,3,1.484,-1.715
5546067,1.752,-4.144,-0.821,2.083,-4.082,0.187,-0.213,0.194,-0.223,1.376,-3.699,1.403,-1.834,1601,-2146,3,1.403,-1.834
5546077,1.698,-4.166,-0.821,2.033,-4.082,0.211,-0.247,0.175,-0.205,1.397,-3.719,1.4,-1.832,1622,-2011,3,1.4,-1.832
5546087,1.65,-4.186,-0.821,1.983,-4.11,0.479,-0.606,0.378,-0.477,1.493,-3.705,1.475,-1.816,1480,-2172,3,1.475,-1.816
5546097,1.65,-4.186,-0.821,1.933,-4.138,0.782,-1.018,0.683,-0.877,1.542,-3.701,1.514,-2.026,1480,-2172,3,1.514,-2.026
5546107,1.609,-4.202,-0.821,1.883,-4.166,1.043,-1.361,0.956,-1.233,1.527,-3.739,1.558,-1.936,1563,-2096,3,1.558,-1.936
5546117,1.609,-4.202,-0.821,1.833,-4.18,1.228,-1.609,1.173,-1.528,1.498,-3.783,1.45,-2.11,1563,-2096,3,1.45,-2.11
5546127,1.609,-4.202,-0.821,1.783,-4.18,1.358,-1.777,1.312,-1.703,1.515,-3.807,1.463,-2.127,1563,-2096,3,1.463,-2.127
5546137,1.609,-4.202,-0.821,1.733,-4.194,1.402,-1.818,1.392,-1.817,1.556,-3.823,1.547,-2.07,1563,-2096,3,1.547,-2.07
5546147,1.609,-4.202,-0.821,1.683,-4.194,1.2,-1.544,1.264,-1.623,1.583,-3.894,1.538,-2.056,1563,-2096,3,1.538,-2.056
5546157,1.609,-4.202,-0.821,1.663,-4.194,1.206,-1.539,1.205,-1.522,1.56,-3.91,1.53,-2.044,1563,-2096,3,1.53,-2.044
5546167,1.609,-4.202,-0.821,1.663,-4.194,1.343,-1.692,1.292,-1.616,1.535,-3.918,1.536,-2.051,1563,-2096,3,1.536,-2.051
5546177,1.609,-4.202,-0.821,1.663,-4.194,1.44,-1.8,1.391,-1.749,1.539,-4.071,1.546,-2.063,1563,-2096,3,1.546,-2.063
5546187,1.609,-4.202,-0.821,1.663,-4.194,1.545,-1.916,1.512,-1.861,1.5,-4.2,1.558,-2.074,1563,-2096,3,1.558,-2.074
5546197,1.609,-4.202,-0.821,1.663,-4.194,1.611,-1.997,1.592,-1.964,1.487,-4.25,1.565,-2.083,1563,-2096,3,1.565,-2.083
5546207,1.609,-4.202,-0.821,1.663,-4.194,1.662,-2.044,1.653,-2.025,1.487,-4.285,1.571,-2.088,1563,-2096,3,1.571,-2.088
5546217,1.609,-4.202,-0.821,1.663,-4.194,1.698,-2.07,1.694,-2.045,1.456,-4.265,1.575,-2.091,1563,-2096,3,1.575,-2.091
5546227,1.609,-4.202,-0.821,1.663,-4.194,1.741,-2.109,1.731,-2.093,1.437,-4.29,1.577,-2.095,1563,-2096,3,1.577,-2.095
5546237,1.609,-4.202,-0.821,1.663,-4.194,1.759,-2.139,1.767,-2.121,1.41,-4.334,1.581,-2.098,1563,-2096,3,1.581,-2.098
5546247,1.609,-4.202,-0.821,1.663,-4.194,1.762,-2.157,1.769,-2.136,1.4,-4.433,1.581,-2.099,1563,-2096,3,1.581,-2.099
5546257,1.948,-3.96,-0.821,1.663,-4.194,1.758,-2.157,1.771,-2.156,1.385,-4.545,1.582,-2.101,1776,-2289,3,1.582,-2.101
5546267,1.966,-3.855,-0.821,1.663,-4.194,1.779,-2.168,1.77,-2.156,1.38,-4.6,1.581,-2.101,1908,-2246,3,1.581,-2.101
5546277,2.08,-3.932,-0.821,1.663,-4.194,1.799,-2.175,1.798,-2.152,1.356,-4.554,1.584,-2.101,1856,-2273,3,1.584,-2.101
5546287,2.08,-3.932,-0.821,1.733,-4.144,1.819,-2.184,1.827,-2.167,1.363,-4.487,1.78,-2.277,1856,-2273,3,1.78,-2.277
5546297,2.08,-3.932,-0.821,1.803,-4.094,1.827,-2.204,1.834,-2.199,1.39,-4.474,1.901,-2.242,1856,-2273,3,1.901,-2.242
5546307,2.08,-3.932,-0.821,1.873,-4.044,1.826,-2.216,1.822,-2.193,1.446,-4.484,1.852,-2.265,1856,-2273,3,1.852,-2.265
5546317,2.08,-3.932,-0.821,1.943,-3.994,1.842,-2.235,1.839,-2.231,1.497,-4.461,1.854,-2.269,1856,-2273,3,1.854,-2.269
5546327,2.08,-3.932,-0.821,2.013,-3.984,1.841,-2.238,1.84,-2.229,1.53,-4.451,1.855,-2.269,1856,-2273,3,1.855,-2.269
5546337,2.08,-3.932,-0.821,2.069,-3.984,1.843,-2.245,1.85,-2.24,1.535,-4.392,1.856,-2.27,1856,-2273,3,1.856,-2.27
5546347,2.08,-3.932,-0.821,2.069,-3.984,1.841,-2.248,1.846,-2.242,1.568,-4.33,1.855,-2.27,1856,-2273,3,1.855,-2.27
5546357,2.08,-3.932,-0.821,2.069,-3.984,1.841,-2.261,1.835,-2.254,1.592,-4.294,1.854,-2.271,1856,-2273,3,1.854,-2.271
5546367,2.08,-3.932,-0.821,2.069,-3.984,1.838,-2.279,1.834,-2.269,1.592,-4.292,1.854,-2.273,1856,-2273,3,1.854,-2.273
5546377,2.08,-3.932,-0.821,2.069,-3.984,1.834,-2.305,1.839,-2.285,1.588,-4.283,1.854,-2.274,1856,-2273,3,1.854,-2.274
5546387,0,0,-0.821,2.069,-3.984,1.824,-2.332,1.832,-2.314,1.591,-4.277,1.853,-2.277,0,0,2,1.853,-2.277
5546397,2.127,-3.59,-0.821,2.069,-3.984,1.824,-2.355,1.817,-2.338,1.61,-4.28,1.852,-2.279,1971,-2330,3,1.852,-2.279
5546407,2.065,-3.528,-0.821,2.069,-3.984,1.805,-2.356,1.804,-2.357,1.661,-4.272,1.852,-2.28,1877,-2392,3,1.852,-2.28
5546417,2.065,-3.528,-0.821,2.019,-3.934,1.802,-2.388,1.804,-2.377,1.671,-4.247,0.804,-1.069,1877,-2392,3,0.804,-1.069
5546427,2.096,-3.648,-0.821,2.089,-3.884,1.796,-2.425,1.796,-2.403,1.618,-4.291,1.955,-2.337,1888,-2447,3,1.955,-2.337
5546437,2.096,-3.648,-0.821,2.079,-3.834,1.768,-2.441,1.783,-2.43,1.561,-4.354,1.869,-2.395,1888,-2447,3,1.869,-2.395
5546447,2.096,-3.648,-0.821,2.079,-3.784,1.739,-2.443,1.749,-2.435,1.576,-4.393,1.866,-2.395,1888,-2447,3,1.866,-2.395
5546457,2.096,-3.648,-0.821,2.093,-3.734,1.716,-2.453,1.714,-2.446,1.64,-4.336,1.872,-2.446,1888,-2447,3,1.872,-2.446
5546467,2.096,-3.648,-0.821,2.093,-3.694,1.722,-2.513,1.717,-2.507,1.743,-4.164,1.873,-2.452,1888,-2447,3,1.873,-2.452
5546477,2.096,-3.648,-0.821,2.093,-3.694,1.724,-2.569,1.72,-2.539,1.838,-3.995,1.873,-2.455,1888,-2447,3,1.873,-2.455
5546487,2.096,-3.648,-0.821,2.093,-3.694,1.713,-2.59,1.708,-2.576,1.912,-3.949,1.872,-2.459,1888,-2447,3,1.872,-2.459
5546497,2.096,-3.648,-0.821,2.093,-3.694,1.709,-2.608,1.69,-2.596,1.957,-3.97,1.87,-2.46,1888,-2447,3,1.87,-2.46
5546507,2.096,-3.648,-0.821,2.093,-3.694,1.696,-2.607,1.692,-2.621,1.996,-3.965,1.87,-2.462,1888,-2447,3,1.87,-2.462
5546517,2.096,-3.648,-0.821,2.093,-3.694,1.702,-2.645,1.697,-2.636,2.043,-3.895,1.871,-2.464,1888,-2447,3,1.871,-2.464
5546527,2.096,-3.648,-0.821,2.093,-3.694,1.697,-2.659,1.701,-2.637,2.06,-3.8,1.871,-2.464,1888,-2447,3,1.871,-2.464
5546537,2.096,-3.648,-0.821,2.093,-3.694,1.681,-2.65,1.675,-2.642,2.064,-3.783,1.869,-2.465,1888,-2447,3,1.869,-2.465
5546547,1.451,-3.563,-0.821,2.093,-3.694,1.675,-2.649,1.659,-2.648,2.085,-3.846,1.868,-2.465,1700,-2817,3,1.868,-2.465
5546557,1.466,-3.687,-0.821,2.093,-3.694,1.678,-2.66,1.662,-2.662,2.099,-3.876,1.867,-2.466,1551,-2576,3,1.867,-2.466
5546567,1.396,-3.622,-0.821,2.093,-3.694,1.694,-2.694,1.689,-2.691,2.141,-3.85,1.87,-2.469,1578,-2772,3,1.87,-2.469
5546577,1.396,-3.622,-0.821,2.043,-3.644,1.696,-2.694,1.696,-2.678,2.146,-3.789,1.699,-2.805,1578,-2772,3,1.699,-2.805
5546587,1.396,-3.622,-0.821,1.993,-3.686,1.705,-2.69,1.687,-2.69,2.159,-3.761,1.564,-2.586,1578,-2772,3,1.564,-2.586
5546597,1.338,-3.681,-0.821,1.943,-3.646,1.713,-2.675,1.694,-2.676,2.189,-3.742,1.588,-2.763,1621,-2625,3,1.588,-2.763
5546607,1.284,-3.609,-0.821,1.893,-3.646,1.73,-2.668,1.711,-2.674,2.245,-3.746,1.59,-2.763,1650,-2634,3,1.59,-2.763
5546617,1.284,-3.609,-0.821,1.843,-3.646,1.755,-2.673,1.745,-2.674,2.3,-3.696,1.593,-2.763,1650,-2634,3,1.593,-2.763
5546627,1.237,-3.535,-0.821,1.793,-3.674,1.798,-2.698,1.78,-2.685,2.327,-3.597,1.635,-2.63,1686,-2908,3,1.635,-2.63
5546637,1.237,-3.535,-0.821,1.743,-3.634,1.838,-2.705,1.811,-2.711,2.31,-3.542,1.664,-2.641,1686,-2908,3,1.664,-2.641
5546647,1.237,-3.535,-0.821,1.693,-3.634,1.842,-2.678,1.826,-2.683,2.284,-3.605,1.666,-2.639,1686,-2908,3,1.666,-2.639
5546657,1.237,-3.535,-0.821,1.643,-3.584,1.864,-2.663,1.85,-2.669,2.253,-3.736,1.701,-2.886,1686,-2908,3,1.701,-2.886
5546667,1.237,-3.535,-0.821,1.593,-3.564,1.896,-2.653,1.883,-2.646,2.232,-3.877,1.704,-2.884,1686,-2908,3,1.704,-2.884
5546677,1.237,-3.535,-0.821,1.543,-3.564,1.926,-2.639,1.921,-2.637,2.188,-3.898,1.707,-2.883,1686,-2908,3,1.707,-2.883
5546687,1.237,-3.535,-0.821,1.493,-3.564,1.955,-2.616,1.93,-2.633,2.185,-3.853,1.708,-2.883,1686,-2908,3,1.708,-2.883
5546697,1.3,-3.494,-0.821,1.443,-3.564,1.99,-2.612,1.969,-2.62,2.202,-3.796,1.711,-2.882,1976,-2598,3,1.711,-2.882
5546707,1.3,-3.494,-0.821,1.393,-3.564,2.027,-2.628,2.014,-2.624,2.234,-3.886,1.715,-2.882,1976,-2598,3,1.715,-2.882
5546717,1.3,-3.494,-0.821,1.373,-3.564,2.047,-2.617,2.051,-2.6,2.206,-4.05,1.719,-2.88,1976,-2598,3,1.719,-2.88
5546727,1.305,-3.216,-0.821,1.323,-3.524,2.079,-2.598,2.052,-2.6,2.147,-4.117,1.983,-2.598,2032,-2571,3,1.983,-2.598
5546737,1.386,-3.312,-0.821,1.323,-3.524,2.131,-2.62,2.1,-2.621,2.072,-4.097,1.987,-2.6,2077,-2560,3,1.987,-2.6
5546747,1.386,-3.312,-0.821,1.323,-3.524,2.166,-2.639,2.151,-2.636,1.968,-4.221,1.991,-2.601,2077,-2560,3,1.991,-2.601
5546757,1.389,-3.218,-0.821,1.313,-3.474,2.179,-2.64,2.181,-2.631,1.801,-4.505,2.045,-2.577,2062,-2465,3,2.045,-2.577
5546767,1.389,-3.218,-0.821,1.383,-3.424,2.19,-2.633,2.204,-2.624,1.635,-4.745,2.088,-2.566,2062,-2465,3,2.088,-2.566
5546777,1.39,-3.124,-0.821,1.383,-3.374,2.184,-2.602,2.207,-2.619,1.536,-4.849,2.089,-2.566,2206,-2549,3,2.089,-2.566
5546787,1.465,-3.221,-0.821,1.383,-3.324,2.188,-2.587,2.189,-2.598,1.489,-4.875,2.074,-2.477,2291,-2447,3,2.074,-2.477
5546797,1.465,-3.221,-0.821,1.383,-3.274,2.191,-2.588,2.194,-2.588,1.412,-4.893,2.073,-2.476,2291,-2447,3,2.073,-2.476
5546807,1.436,-3.046,-0.821,1.383,-3.224,2.179,-2.586,2.193,-2.568,1.355,-4.926,2.205,-2.551,2204,-2480,3,2.205,-2.551
5546817,1.42,-2.959,-0.821,1.453,-3.224,2.16,-2.577,2.179,-2.582,1.328,-4.909,2.281,-2.459,2264,-2473,3,2.281,-2.459
5546827,1.42,-2.959,-0.821,1.453,-3.224,2.137,-2.561,2.161,-2.566,1.297,-4.852,2.279,-2.458,2264,-2473,3,2.279,-2.458
5546837,1.481,-3.062,-0.821,1.443,-3.174,2.12,-2.564,2.141,-2.56,1.255,-4.724,2.199,-2.488,2332,-2480,3,2.199,-2.488
5546847,1.481,-3.062,-0.821,1.433,-3.124,2.1,-2.568,2.12,-2.557,1.225,-4.564,2.251,-2.481,2332,-2480,3,2.251,-2.481
5546857,1.443,-2.985,-0.821,1.433,-3.074,2.085,-2.579,2.096,-2.575,1.17,-4.424,2.249,-2.482,2171,-2470,3,2.249,-2.482
5546867,1.404,-2.909,-0.821,1.475,-3.074,2.052,-2.575,2.085,-2.583,1.126,-4.31,2.311,-2.49,2172,-2524,3,2.311,-2.49
5546877,1.347,-2.841,-0.821,1.475,-3.074,2.018,-2.583,2.039,-2.578,1.126,-4.153,2.306,-2.489,2162,-2443,3,2.306,-2.489
5546887,1.383,-2.957,-0.821,1.455,-3.024,1.998,-2.602,2.015,-2.589,1.121,-4.035,2.157,-2.481,2102,-2513,3,2.157,-2.481
5546897,1.383,-2.957,-0.821,1.425,-2.974,1.979,-2.612,2.002,-2.617,1.117,-3.93,2.157,-2.532,2102,-2513,3,2.157,-2.532
5546907,1.323,-2.89,-0.821,1.375,-2.924,1.962,-2.639,1.982,-2.632,1.161,-3.789,2.146,-2.461,2031,-2530,3,2.146,-2.461
5546917,1.323,-2.89,-0.821,1.375,-2.952,1.93,-2.645,1.942,-2.639,1.185,-3.671,2.088,-2.524,2031,-2530,3,2.088,-2.524
5546927,1.265,-2.822,-0.821,1.375,-2.952,1.897,-2.64,1.908,-2.648,1.163,-3.593,2.085,-2.525,2082,-2512,3,2.085,-2.525
5546937,1.195,-2.76,-0.821,1.345,-2.912,1.861,-2.629,1.876,-2.63,1.105,-3.565,2.017,-2.54,1968,-2565,3,2.017,-2.54
5546947,1.195,-2.76,-0.821,1.345,-2.912,1.81,-2.603,1.846,-2.618,1.091,-3.531,2.014,-2.538,1968,-2565,3,2.014,-2.538
5546957,1.214,-2.882,-0.821,1.295,-2.862,1.772,-2.6,1.805,-2.628,1.15,-3.41,2.058,-2.522,1893,-2466,3,2.058,-2.522
5546967,1.214,-2.882,-0.821,1.245,-2.812,1.728,-2.571,1.745,-2.59,1.197,-3.284,1.948,-2.568,1893,-2466,3,1.948,-2.568
5546977,1.068,-2.756,-0.821,1.225,-2.792,1.703,-2.575,1.714,-2.576,1.193,-3.179,1.945,-2.566,3778,-5217,3,1.945,-2.566
5546987,0.998,-2.691,-0.821,1.225,-2.862,1.675,-2.56,1.679,-2.546,1.234,-3.121,1.875,-2.473,1692,-2566,3,1.875,-2.473
5546997,0.998,-2.691,-0.821,1.225,-2.876,1.651,-2.548,1.657,-2.58,1.29,-3.058,1.872,-2.476,1692,-2566,3,1.872,-2.476
5547007,1.006,-2.816,-0.821,1.175,-2.826,1.628,-2.542,1.638,-2.548,1.309,-3.007,3.584,-4.974,1,-2,3,3.584,-4.974
5547017,0.932,-2.75,-0.821,1.125,-2.776,1.601,-2.525,1.619,-2.532,1.156,-2.648,1.685,-2.563,3311,-5025,3,1.685,-2.563
5547027,0.932,-2.75,-0.821,1.075,-2.736,1.577,-2.493,1.617,-2.548,0.897,-1.997,1.685,-2.564,3311,-5025,3,1.685,-2.564
5547037,0.874,-2.679,-0.821,1.035,-2.806,1.551,-2.446,1.566,-2.471,0.679,-1.511,0.144,-0.227,1672,-2573,3,0.144,-0.227
5547047,0.821,-2.606,-0.821,0.985,-2.776,1.527,-2.41,1.549,-2.424,0.706,-1.716,3.151,-4.789,1681,-2476,3,3.151,-4.789
5547057,0.827,-2.73,-0.821,0.965,-2.776,1.517,-2.4,1.481,-2.356,0.829,-2.163,3.146,-4.782,1591,-2508,3,3.146,-4.782
5547067,0.827,-2.73,-0.821,0.915,-2.726,1.48,-2.361,1.497,-2.405,0.899,-2.091,1.656,-2.558,1591,-2508,3,1.656,-2.558
5547077,0.767,-2.658,-0.821,0.865,-2.676,1.464,-2.368,1.483,-2.399,0.765,-1.654,1.663,-2.47,1386,-2404,3,1.663,-2.47
5547087,0.767,-2.658,-0.821,0.845,-2.718,1.295,-2.114,1.37,-2.245,0.501,-1.246,1.573,-2.488,1386,-2404,3,1.573,-2.488
5547097,0.698,-2.588,-0.821,0.845,-2.718,0.977,-1.601,1.096,-1.79,0.384,-1.305,1.55,-2.449,1396,-2436,3,1.55,-2.449
5547107,0.642,-2.514,-0.821,0.795,-2.678,0.684,-1.122,0.821,-1.249,0.515,-1.842,1.338,-2.306,1553,-2544,3,1.338,-2.306
5547117,0.642,-2.514,-0.821,0.795,-2.678,0.458,-0.753,0.523,-0.858,0.716,-2.46,1.312,-2.268,1553,-2544,3,1.312,-2.268
5547127,0.65,-2.636,-0.821,0.745,-2.628,0.311,-0.513,0.305,-0.608,0.951,-2.868,1.297,-2.272,1479,-2381,3,1.297,-2.272
5547137,0.6,-2.56,-0.821,0.695,-2.578,0.43,-0.712,0.375,-0.631,1.194,-3.168,1.444,-2.368,1376,-2216,3,1.444,-2.368
5547147,0.6,-2.56,-0.821,0.675,-2.548,0.654,-1.091,0.583,-0.972,1.397,-3.563,1.462,-2.397,1376,-2216,3,1.462,-2.397
5547157,0.6,-2.56,-0.821,0.665,-2.618,0.869,-1.439,0.825,-1.299,1.459,-3.909,1.416,-2.278,1376,-2216,3,1.416,-2.278
5547167,0.6,-2.56,-0.821,0.625,-2.578,1.05,-1.707,1.008,-1.62,1.426,-4.029,1.341,-2.159,1376,-2216,3,1.341,-2.159
5547177,0.538,-2.521,-0.821,0.625,-2.578,1.199,-1.908,1.111,-1.849,1.386,-3.918,1.351,-2.181,1527,-2398,3,1.351,-2.181
5547188,0.503,-2.441,-0.821,0.625,-2.578,1.318,-2.079,1.262,-2.01,1.36,-3.725,1.365,-2.195,1495,-2317,3,1.365,-2.195
5547197,0.503,-2.441,-0.821,0.625,-2.578,1.377,-2.159,1.362,-2.128,1.288,-3.682,1.374,-2.207,1495,-2317,3,1.374,-2.207
5547207,0.478,-2.358,-0.821,0.575,-2.538,1.401,-2.193,1.423,-2.196,1.177,-3.754,1.517,-2.379,1445,-2354,3,1.517,-2.379
5547217,0.463,-2.274,-0.821,0.525,-2.488,1.424,-2.228,1.432,-2.215,1.093,-3.743,1.489,-2.307,1408,-2506,3,1.489,-2.307
5547227,0.463,-2.274,-0.821,0.525,-2.478,1.451,-2.26,1.455,-2.245,1.034,-3.658,1.491,-2.31,1408,-2506,3,1.491,-2.31
5547237,0.485,-2.392,-0.821,0.496,-2.428,1.465,-2.286,1.469,-2.297,0.956,-3.509,1.447,-2.348,1494,-2303,3,1.447,-2.348
5547247,0.469,-2.308,-0.821,0.476,-2.378,1.467,-2.318,1.474,-2.311,0.896,-3.331,1.413,-2.488,1578,-2399,3,1.413,-2.488
5547257,0.447,-2.224,-0.821,0.476,-2.328,1.446,-2.317,1.46,-2.3,0.811,-3.159,1.413,-2.488,1492,-2398,3,1.413,-2.488
5547268,0.447,-2.224,-0.821,0.476,-2.384,1.411,-2.277,1.444,-2.309,0.716,-2.963,1.49,-2.304,1492,-2398,3,1.49,-2.304
5547277,0.421,-2.142,-0.821,0.476,-2.334,1.379,-2.242,1.405,-2.284,0.642,-2.765,1.563,-2.389,1475,-2396,3,1.563,-2.389
5547288,0.423,-2.264,-0.821,0.456,-2.284,1.358,-2.229,1.382,-2.237,0.583,-2.691,1.483,-2.384,1481,-2269,3,1.483,-2.384
5547297,0.423,-2.264,-0.821,0.456,-2.264,1.332,-2.205,1.345,-2.21,0.518,-2.697,1.479,-2.381,1481,-2269,3,1.479,-2.381
5547307,0.383,-2.184,-0.821,0.436,-2.214,1.31,-2.208,1.335,-2.231,0.5,-2.682,1.463,-2.381,1447,-2296,3,1.463,-2.381
5547317,0.346,-2.103,-0.821,0.436,-2.256,1.269,-2.196,1.292,-2.198,0.484,-2.579,1.465,-2.263,1405,-2374,3,1.465,-2.263
5547327,0.306,-2.023,-0.821,0.436,-2.256,1.196,-2.116,1.231,-2.155,0.403,-2.482,1.46,-2.26,1272,-2238,3,1.46,-2.26
5547337,0.289,-2.146,-0.821,0.406,-2.206,1.14,-2.068,1.194,-2.099,0.341,-2.455,1.425,-2.278,1252,-2222,3,1.425,-2.278
5547347,0.289,-2.146,-0.821,0.366,-2.156,1.043,-1.939,1.099,-2.012,0.317,-2.43,1.379,-2.344,1252,-2222,3,1.379,-2.344
5547357,0.206,-1.983,-0.821,0.326,-2.106,0.804,-1.511,0.897,-1.659,0.252,-2.403,1.241,-2.191,1170,-2162,3,1.241,-2.191
5547367,0.206,-1.983,-0.821,0.306,-2.134,0.6,-1.139,0.671,-1.254,0.172,-2.384,1.201,-2.138,1170,-2162,3,1.201,-2.138
5547377,0.168,-1.901,-0.821,0.306,-2.134,0.463,-0.88,0.518,-0.981,0.197,-2.393,1.188,-2.113,1097,-2182,3,1.188,-2.113
5547387,0.15,-2.022,-0.821,0.266,-2.094,0.362,-0.695,0.388,-0.742,0.281,-2.379,1.165,-2.058,971,-2006,3,1.165,-2.058
5547397,0.15,-2.022,-0.821,0.226,-2.044,0.397,-0.818,0.394,-0.798,0.306,-2.366,1.099,-2.037,971,-2006,3,1.099,-2.037
5547407,0.111,-1.939,-0.821,0.186,-1.994,0.368,-0.79,0.386,-0.797,0.281,-2.364,1.033,-2.056,957,-2085,3,1.033,-2.056
5547417,0.077,-1.855,-0.821,0.166,-2.022,0.44,-0.992,0.432,-0.93,0.251,-2.365,0.921,-1.906,924,-2033,3,0.921,-1.906
5547427,0.077,-1.855,-0.821,0.166,-2.022,0.534,-1.236,0.523,-1.146,0.24,-2.404,0.929,-1.925,924,-2033,3,0.929,-1.925
5547437,0.048,-1.77,-0.821,0.136,-1.972,0.613,-1.445,0.604,-1.4,0.256,-2.446,0.924,-2.02,914,-2009,3,0.924,-2.02
5547447,0.027,-1.89,-0.821,0.096,-1.922,0.664,-1.621,0.636,-1.567,0.28,-2.404,0.897,-1.989,819,-1954,3,0.897,-1.989
5547457,0.004,-1.804,-0.821,0.096,-1.892,0.675,-1.717,0.681,-1.682,0.284,-2.33,0.902,-2,751,-1934,3,0.902,-2
5547467,0.004,-1.804,-0.821,0.066,-1.842,0.675,-1.78,0.685,-1.754,0.273,-2.289,0.893,-1.985,751,-1934,3,0.893,-1.985
5547477,-0.018,-1.733,-0.821,0.046,-1.884,0.672,-1.819,0.707,-1.829,0.258,-2.251,0.809,-1.942,701,-1962,3,0.809,-1.942
5547487,-0.037,-1.661,-0.821,0.016,-1.834,0.641,-1.768,0.655,-1.789,0.235,-2.24,0.743,-1.922,0,-1,3,0.743,-1.922
5547497,-0.037,-1.661,-0.821,0.016,-1.834,0.623,-1.742,0.635,-1.739,0.204,-2.225,0.741,-1.917,0,-1,3,0.741,-1.917
5547507,-0.091,-1.687,-0.821,-0.004,-1.784,0.612,-1.76,0.618,-1.771,0.208,-2.18,0.693,-1.944,640,-1918,3,0.693,-1.944
5547517,-0.114,-1.614,-0.821,-0.031,-1.734,0.584,-1.749,0.6,-1.768,0.223,-2.111,0.055,-0.162,513,-1822,3,0.055,-0.162
5547527,-0.114,-1.614,-0.821,-0.031,-1.704,0.519,-1.61,0.561,-1.665,0.259,-2.237,0.052,-0.154,513,-1822,3,0.052,-0.154
5547537,-0.142,-1.54,-0.821,-0.087,-1.694,0.41,-1.294,0.457,-1.394,0.332,-2.664,0.625,-1.874,526,-1807,3,0.625,-1.874
5547547,-0.142,-1.54,-0.821,-0.101,-1.644,0.295,-0.942,0.331,-1.04,0.425,-3.133,0.498,-1.755,526,-1807,3,0.498,-1.755
5547557,-0.16,-1.466,-0.821,-0.101,-1.644,0.221,-0.735,0.21,-0.791,0.395,-3.148,0.486,-1.73,581,-1852,3,0.486,-1.73
5547567,-0.201,-1.562,-0.821,-0.129,-1.594,0.218,-0.79,0.224,-0.782,0.294,-2.771,0.498,-1.712,487,-1805,3,0.498,-1.712
5547577,-0.218,-1.487,-0.821,-0.129,-1.574,0.263,-0.994,0.262,-0.929,0.26,-2.421,0.502,-1.725,407,-1790,3,0.502,-1.725
5547587,-0.232,-1.412,-0.821,-0.157,-1.524,0.324,-1.245,0.312,-1.163,0.227,-2.171,0.556,-1.787,441,-1870,3,0.556,-1.787
5547597,-0.232,-1.412,-0.821,-0.199,-1.552,0.357,-1.367,0.367,-1.339,0.152,-1.964,0.476,-1.761,441,-1870,3,0.476,-1.761
5547607,-0.243,-1.337,-0.821,-0.213,-1.512,0.305,-1.163,0.327,-1.251,0.088,-1.79,0.4,-1.743,627,-1916,3,0.4,-1.743
5547617,-0.243,-1.337,-0.821,-0.227,-1.462,0.24,-0.916,0.259,-1.022,0.094,-1.693,0.425,-1.796,627,-1916,3,0.425,-1.796
5547627,-0.253,-1.262,-0.821,-0.227,-1.442,0.176,-0.674,0.199,-0.767,0.086,-1.6,0.42,-1.773,379,-1769,3,0.42,-1.773
5547637,-0.253,-1.262,-0.821,-0.241,-1.392,0.12,-0.473,0.149,-0.543,0.014,-1.442,0.584,-1.793,379,-1769,3,0.584,-1.793
5547647,-0.253,-1.262,-0.821,-0.241,-1.372,0.085,-0.36,0.109,-0.411,-0.096,-1.235,0.58,-1.78,379,-1769,3,0.58,-1.78
5547657,-0.366,-1.264,-0.821,-0.241,-1.322,0.086,-0.411,0.115,-0.411,-0.169,-1.137,0.355,-1.646,353,-1797,3,0.355,-1.646
5547667,-0.366,-1.264,-0.821,-0.241,-1.302,0.081,-0.385,0.112,-0.394,-0.195,-1.127,0.354,-1.644,353,-1797,3,0.354,-1.644
5547677,-0.366,-1.264,-0.821,-0.241,-1.302,0.104,-0.565,0.108,-0.519,-0.187,-1.154,0.355,-1.653,353,-1797,3,0.355,-1.653
5547687,-0.366,-1.264,-0.821,-0.311,-1.282,0.125,-0.791,0.115,-0.726,-0.175,-1.212,0.331,-1.697,353,-1797,3,0.331,-1.697
5547697,-0.366,-1.264,-0.821,-0.353,-1.282,0.131,-1,0.134,-0.946,-0.206,-1.219,0.333,-1.717,353,-1797,3,0.333,-1.717
5547707,-0.366,-1.264,-0.821,-0.353,-1.282,0.121,-1.107,0.131,-1.072,-0.227,-1.229,0.332,-1.729,353,-1797,3,0.332,-1.729
5547717,-0.366,-1.264,-0.821,-0.353,-1.282,0.107,-1.177,0.147,-1.187,-0.231,-1.216,0.335,-1.741,353,-1797,3,0.335,-1.741
5547727,-0.366,-1.264,-0.821,-0.353,-1.282,0.097,-1.229,0.106,-1.206,-0.282,-1.138,0.331,-1.743,353,-1797,3,0.331,-1.743
5547737,-0.366,-1.264,-0.821,-0.353,-1.282,0.08,-1.084,0.098,-1.145,-0.396,-1.018,0.33,-1.739,353,-1797,3,0.33,-1.739
5547747,-0.441,-0.882,-0.821,-0.353,-1.282,0.06,-0.844,0.086,-0.953,-0.428,-0.975,0.329,-1.723,134,-1456,3,0.329,-1.723
5547757,-0.441,-0.882,-0.821,-0.353,-1.282,0.043,-0.71,0.047,-0.748,-0.378,-1.027,0.325,-1.703,134,-1456,3,0.325,-1.703
5547767,-0.441,-0.882,-0.821,-0.353,-1.282,0.019,-0.752,0.042,-0.749,-0.35,-1.053,0.325,-1.701,134,-1456,3,0.325,-1.701
5547777,-0.584,-1.031,-0.821,-0.422,-1.232,-0.009,-0.864,0.018,-0.837,-0.363,-1.05,0.124,-1.398,-50,-1274,3,0.124,-1.398
5547787,-0.584,-1.031,-0.821,-0.436,-1.182,-0.033,-0.954,-0.02,-0.928,-0.428,-1.04,0.12,-1.407,-50,-1274,3,0.12,-1.407
5547797,-0.584,-1.031,-0.821,-0.436,-1.132,-0.05,-0.945,-0.023,-0.964,-0.484,-1.076,0.12,-1.412,-50,-1274,3,0.12,-1.412
5547807,-0.594,-0.854,-0.821,-0.506,-1.082,-0.046,-0.772,-0.036,-0.831,-0.462,-1.126,-0.048,-1.235,-81,-1280,3,-0.048,-1.235
5547817,-0.594,-0.854,-0.821,-0.576,-1.062,-0.06,-0.726,-0.061,-0.754,-0.445,-1.168,-0.052,-1.227,-81,-1280,3,-0.052,-1.227
5547827,-0.594,-0.854,-0.821,-0.576,-1.062,-0.092,-0.776,-0.074,-0.757,-0.457,-1.229,-0.052,-1.226,-81,-1280,3,-0.052,-1.226
5547837,-0.547,-0.709,-0.821,-0.59,-1.012,-0.121,-0.816,-0.108,-0.813,-0.483,-1.29,-0.083,-1.238,-168,-1157,3,-0.083,-1.238
5547847,-0.547,-0.709,-0.821,-0.59,-0.962,-0.108,-0.68,-0.093,-0.726,-0.509,-1.324,-0.083,-1.231,-168,-1157,3,-0.083,-1.231
5547857,-0.678,-0.726,-0.821,-0.59,-0.922,-0.118,-0.655,-0.097,-0.664,-0.508,-1.309,-0.082,-1.224,-182,-1131,3,-0.082,-1.224
5547867,-0.607,-0.594,-0.821,-0.56,-0.872,-0.148,-0.716,-0.137,-0.705,-0.5,-1.271,-0.165,-1.115,-190,-1064,3,-0.165,-1.115
5547877,-0.607,-0.594,-0.821,-0.56,-0.822,-0.188,-0.8,-0.169,-0.771,-0.508,-1.252,-0.167,-1.121,-190,-1064,3,-0.167,-1.121
5547887,-0.561,-0.426,-0.821,-0.63,-0.772,-0.226,-0.87,-0.213,-0.841,-0.52,-1.225,-0.184,-1.104,-358,-1085,3,-0.184,-1.104
5547897,-0.561,-0.426,-0.821,-0.62,-0.722,-0.27,-0.937,-0.234,-0.928,-0.551,-1.196,-0.194,-1.051,-358,-1085,3,-0.194,-1.051
5547907,-0.561,-0.426,-0.821,-0.62,-0.672,-0.292,-0.947,-0.282,-0.952,-0.557,-1.163,-0.198,-1.054,-358,-1085,3,-0.198,-1.054
5547917,-0.659,-0.46,-0.821,-0.58,-0.622,-0.318,-0.961,-0.314,-0.96,-0.572,-1.137,-0.354,-1.074,-325,-1077,3,-0.354,-1.074
5547927,-0.659,-0.46,-0.821,-0.58,-0.572,-0.351,-0.976,-0.325,-0.986,-0.582,-1.113,-0.355,-1.076,-325,-1077,3,-0.355,-1.076
5547937,-0.659,-0.46,-0.821,-0.58,-0.522,-0.383,-0.987,-0.377,-0.992,-0.569,-1.062,-0.36,-1.076,-325,-1077,3,-0.36,-1.076
5547947,-0.546,-0.191,-0.816,-0.65,-0.482,-0.377,-0.926,-0.38,-0.968,-0.559,-1.012,-0.331,-1.068,-442,-989,3,-0.331,-1.068
5547957,-0.546,-0.191,-0.816,-0.65,-0.482,-0.326,-0.772,-0.346,-0.826,-0.556,-0.96,-0.327,-1.056,-442,-989,3,-0.327,-1.056
5547967,-0.4,-0.074,-0.795,-0.65,-0.482,-0.253,-0.586,-0.278,-0.649,-0.567,-0.906,-0.322,-1.04,-441,-1016,3,-0.322,-1.04
5547977,-0.3,-0.035,-0.78,-0.6,-0.432,-0.206,-0.465,-0.214,-0.529,-0.581,-0.853,-0.422,-0.948,-488,-965,3,-0.422,-0.948
5547987,-0.3,-0.035,-0.78,-0.58,-0.382,-0.192,-0.412,-0.197,-0.434,-0.59,-0.805,-0.42,-0.94,-488,-965,3,-0.42,-0.94
5547997,-0.179,0.026,-0.775,-0.53,-0.332,-0.179,-0.352,-0.17,-0.364,-0.594,-0.756,-0.417,-0.957,-441,-968,3,-0.417,-0.957
5548007,-0.101,0.028,-0.775,-0.48,-0.282,-0.19,-0.346,-0.18,-0.356,-0.577,-0.732,-0.459,-0.91,-521,-915,3,-0.459,-0.91
5548017,-0.101,0.028,-0.775,-0.43,-0.232,-0.254,-0.435,-0.235,-0.414,-0.557,-0.715,-0.464,-0.914,-521,-915,3,-0.464,-0.914
5548027,-0.059,0.034,-0.765,-0.38,-0.182,-0.321,-0.526,-0.299,-0.514,-0.536,-0.646,-0.428,-0.926,-943,-1739,3,-0.428,-0.926
5548037,-0.059,0.034,-0.765,-0.33,-0.132,-0.374,-0.598,-0.351,-0.584,-0.526,-0.582,-0.505,-0.884,-943,-1739,3,-0.505,-0.884
5548047,-0.039,0.059,-0.765,-0.28,-0.082,-0.383,-0.606,-0.375,-0.627,-0.517,-0.553,-0.507,-0.889,-489,-799,3,-0.507,-0.889
5548057,-0.039,0.059,-0.765,-0.23,-0.032,-0.333,-0.522,-0.358,-0.553,-0.481,-0.519,-0.89,-1.632,-489,-799,3,-0.89,-1.632
5548067,-0.04,0.092,-0.765,-0.18,-0.002,-0.283,-0.437,-0.316,-0.502,-0.458,-0.441,-0.887,-1.627,-486,-729,3,-0.887,-1.627
5548077,-0.043,0.152,-0.765,-0.13,0.05,-0.214,-0.329,-0.256,-0.385,-0.458,-0.288,-0.468,-0.762,-472,-685,3,-0.468,-0.762
5548087,-0.043,0.152,-0.765,-0.08,0.05,-0.15,-0.23,-0.173,-0.284,-0.465,-0.112,-0.461,-0.754,-472,-685,3,-0.461,-0.754
5548097,-0.046,0.253,-0.765,-0.061,0.092,-0.101,-0.154,-0.124,-0.198,-0.373,0.112,-0.454,-0.681,-504,-671,3,-0.454,-0.681
5548107,-0.034,0.354,-0.765,-0.051,0.148,-0.066,-0.101,-0.088,-0.129,-0.207,0.297,-0.437,-0.635,-460,-624,3,-0.437,-0.635
5548117,-0.034,0.354,-0.765,-0.051,0.148,-0.042,-0.065,-0.071,-0.086,-0.075,0.345,-0.436,-0.631,-460,-624,3,-0.436,-0.631
5548127,-0.015,0.455,-0.765,-0.051,0.218,-0.027,-0.041,-0.036,-0.047,-0.085,0.206,-0.462,-0.615,-375,-479,3,-0.462,-0.615
5548137,0.01,0.554,-0.765,-0.041,0.288,-0.017,-0.026,-0.023,-0.032,-0.145,0.043,-0.421,-0.57,-367,-488,3,-0.421,-0.57
5548147,0.04,0.652,-0.765,-0.041,0.343,-0.018,-0.024,-0.016,-0.044,-0.155,-0.013,-0.419,-0.572,-302,-304,3,-0.419,-0.572
5548157,0.057,0.579,-0.765,-0.031,0.413,-0.027,-0.038,-0.041,-0.058,-0.17,-0.043,-0.344,-0.441,-231,-334,3,-0.344,-0.441
5548167,0.057,0.579,-0.765,-0.011,0.483,-0.024,-0.034,-0.04,-0.049,-0.169,-0.06,-0.337,-0.448,-231,-334,3,-0.337,-0.448
5548177,0.057,0.579,-0.765,0.023,0.553,-0.024,-0.03,-0.038,-0.045,-0.151,-0.081,-0.278,-0.281,-231,-334,3,-0.278,-0.281
5548187,0.057,0.579,-0.765,0.051,0.567,-0.036,-0.039,-0.041,-0.048,-0.132,-0.094,-0.214,-0.308,-231,-334,3,-0.214,-0.308
5548197,0.143,0.695,-0.76,0.051,0.567,-0.044,-0.036,-0.047,-0.049,-0.122,-0.077,-0.214,-0.308,-172,-179,3,-0.214,-0.308
5548207,0.149,0.621,-0.76,0.051,0.567,-0.047,-0.031,-0.055,-0.04,-0.103,-0.052,-0.215,-0.307,-151,-143,3,-0.215,-0.307
5548217,0.149,0.621,-0.76,0.051,0.567,-0.044,-0.022,-0.056,-0.034,-0.079,-0.026,-0.215,-0.307,-151,-143,3,-0.215,-0.307
5548227,0.194,0.712,-0.76,0.121,0.637,-0.038,-0.01,-0.051,-0.023,-0.059,0.004,-0.161,-0.165,-69,-26,3,-0.161,-0.165
5548237,0.193,0.638,-0.76,0.135,0.627,-0.029,0.005,-0.041,-0.005,-0.037,0.024,-0.141,-0.131,-91,4,3,-0.141,-0.131
5548247,0.193,0.638,-0.76,0.135,0.627,-0.02,0.014,-0.03,0.009,-0.017,0.04,-0.14,-0.129,-91,4,3,-0.14,-0.129
5548257,0.238,0.729,-0.76,0.191,0.697,-0.014,0.013,-0.019,0.011,0,0.056,-0.065,-0.023,-25,-1,3,-0.065,-0.023
5548267,0.238,0.729,-0.76,0.191,0.657,-0.002,0.017,-0.01,0.014,0.018,0.069,-0.084,0.005,-25,-1,3,-0.084,0.005
5548277,0.225,0.658,-0.76,0.191,0.657,0.014,0.031,0.004,0.024,0.032,0.082,-0.083,0.006,39,69,3,-0.083,0.006
5548287,0.209,0.588,-0.76,0.233,0.727,0.027,0.043,0.018,0.036,0.045,0.092,-0.021,0.002,0,0,3,-0.021,0.002
5548297,0.243,0.682,-0.76,0.233,0.727,0.04,0.056,0.033,0.048,0.054,0.103,-0.02,0.003,83,121,3,-0.02,0.003
5548307,0.217,0.615,-0.76,0.233,0.687,0.047,0.06,0.046,0.06,0.065,0.111,0.04,0.068,63,88,3,0.04,0.068
5548317,0.217,0.615,-0.76,0.223,0.637,0.04,0.049,0.042,0.054,0.075,0.118,0.004,0.005,63,88,3,0.004,0.005
5548327,0.189,0.549,-0.76,0.237,0.679,0.029,0.036,0.03,0.039,0.084,0.13,0.078,0.114,77,42,3,0.078,0.114
5548337,0.189,0.549,-0.76,0.227,0.639,0.02,0.024,0.02,0.025,0.089,0.144,0.059,0.082,77,42,3,0.059,0.082
5548348,0.215,0.646,-0.76,0.227,0.639,0.023,0.024,0.026,0.024,0.089,0.147,0.06,0.082,81,146,3,0.06,0.082
5548358,0.207,0.679,-0.76,0.207,0.589,0.019,0.02,0.023,0.022,0.092,0.156,0.072,0.04,0,0,3,0.072,0.04
5548368,0.207,0.679,-0.76,0.207,0.579,0.015,0.015,0.017,0.015,0.094,0.159,0.072,0.04,0,0,3,0.072,0.04
5548378,0.179,0.612,-0.76,0.207,0.635,0.01,0.01,0.012,0.012,0.093,0.16,0.075,0.134,207,216,3,0.075,0.134
5548388,0.152,0.546,-0.76,0.207,0.677,0.007,0.007,0.009,0.007,0.09,0.163,0.001,0.001,61,133,3,0.001,0.001
5548398,0.152,0.546,-0.76,0.207,0.677,0.004,0.005,0.007,0.002,0.087,0.169,0.001,0,61,133,3,0.001,0
5548408,0.17,0.644,-0.76,0.197,0.637,0.003,0.003,0.006,0.003,0.086,0.175,0.189,0.197,117,113,3,0.189,0.197
5548418,0.17,0.644,-0.76,0.167,0.587,0.002,0.002,0.004,0.003,0.082,0.182,0.056,0.121,117,113,3,0.056,0.121
5548428,0.142,0.578,-0.76,0.167,0.577,0.001,0.001,0.001,-0.001,0.078,0.189,0.056,0.121,93,141,3,0.056,0.121
5548438,0.132,0.609,-0.755,0.167,0.633,0,0,-0.001,-0.006,0.071,0.2,0.106,0.102,108,156,3,0.106,0.102
5548448,0.132,0.609,-0.755,0.167,0.633,0,0,0.002,-0.003,0.066,0.208,0.106,0.102,108,156,3,0.106,0.102
5548458,0.109,0.541,-0.75,0.157,0.603,0,0,0.001,-0.001,0.068,0.221,0.085,0.128,56,126,3,0.085,0.128
5548468,0.089,0.472,-0.745,0.147,0.603,0,0,0,-0.003,0.071,0.236,0.098,0.142,44,137,3,0.098,0.142
5548478,0.089,0.472,-0.745,0.147,0.603,0,0,-0.001,-0.003,0.067,0.252,0.098,0.141,44,137,3,0.098,0.141
5548488,0.101,0.572,-0.736,0.127,0.563,0.001,0.01,0.001,0.001,0.063,0.26,0.051,0.114,55,177,3,0.051,0.114
5548498,0.101,0.572,-0.736,0.107,0.513,0.012,0.037,0.009,0.028,0.062,0.265,0.041,0.127,55,177,3,0.041,0.127
5548508,0.095,0.602,-0.731,0.107,0.503,0.021,0.06,0.012,0.047,0.059,0.281,0.041,0.129,17,155,3,0.041,0.129
5548518,0.079,0.532,-0.722,0.107,0.559,0.029,0.081,0.024,0.073,0.058,0.317,0.052,0.167,105,187,3,0.052,0.167
5548528,0.079,0.532,-0.722,0.107,0.559,0.035,0.109,0.04,0.093,0.072,0.354,0.053,0.169,105,187,3,0.053,0.169
5548538,0.064,0.439,-0.722,0.107,0.601,0.044,0.14,0.045,0.123,0.08,0.362,0.019,0.151,38,232,3,0.019,0.151
5548548,0.064,0.439,-0.722,0.087,0.561,0.056,0.168,0.054,0.155,0.078,0.371,0.1,0.183,38,232,3,0.1,0.183
5548558,0.067,0.467,-0.713,0.087,0.561,0.069,0.197,0.061,0.184,0.075,0.393,0.101,0.186,49,214,3,0.101,0.186
5548568,0.067,0.467,-0.713,0.077,0.511,0.076,0.217,0.064,0.204,0.077,0.415,0.04,0.229,49,214,3,0.04,0.229
5548578,0.054,0.379,-0.704,0.077,0.481,0.08,0.235,0.077,0.227,0.073,0.425,0.041,0.231,65,230,3,0.041,0.231
5548588,0.043,0.295,-0.7,0.077,0.471,0.081,0.246,0.085,0.243,0.07,0.439,0.052,0.216,33,312,3,0.052,0.216
5548598,0.043,0.295,-0.7,0.077,0.471,0.084,0.256,0.088,0.254,0.073,0.445,0.053,0.218,33,312,3,0.053,0.218
5548608,0.031,0.211,-0.7,0.067,0.421,0.087,0.271,0.085,0.259,0.088,0.47,0.067,0.233,128,255,3,0.067,0.233
5548618,0.031,0.211,-0.7,0.057,0.371,0.091,0.279,0.089,0.271,0.09,0.476,0.038,0.308,128,255,3,0.038,0.308
5548628,0.021,0.141,-0.7,0.057,0.331,0.088,0.263,0.092,0.27,0.081,0.458,0.038,0.308,93,337,3,0.038,0.308
5548638,0.021,0.141,-0.7,0.047,0.281,0.068,0.204,0.078,0.23,0.081,0.455,0.124,0.253,93,337,3,0.124,0.253
5548648,0.009,0.06,-0.7,0.047,0.251,0.049,0.144,0.05,0.164,0.079,0.443,0.121,0.248,54,298,3,0.121,0.248
5548658,0.006,0.04,-0.7,0.037,0.201,0.033,0.098,0.04,0.115,0.077,0.442,0.088,0.318,74,360,3,0.088,0.318
5548668,0.006,0.04,-0.7,0.037,0.181,0.022,0.064,0.033,0.071,0.071,0.434,0.088,0.313,74,360,3,0.088,0.313
5548678,0.004,0.027,-0.7,0.017,0.131,0.022,0.071,0.026,0.072,0.066,0.416,0.052,0.277,80,320,3,0.052,0.277
5548688,0.003,0.018,-0.7,0.017,0.081,0.027,0.113,0.026,0.104,0.062,0.396,0.07,0.336,119,324,3,0.07,0.336
5548698,0.003,0.018,-0.7,0.017,0.071,0.03,0.157,0.023,0.147,0.053,0.374,0.069,0.34,119,324,3,0.069,0.34
5548708,0.001,0.008,-0.7,0.017,0.041,0.028,0.192,0.031,0.183,0.04,0.355,0.075,0.307,60,333,3,0.075,0.307
5548718,0.001,0.008,-0.7,0.007,0.032,0.024,0.214,0.033,0.212,0.032,0.33,0.111,0.314,60,333,3,0.111,0.314
5548728,0.001,0.005,-0.7,0.007,0.032,0.022,0.228,0.027,0.233,0.024,0.301,0.111,0.315,65,316,3,0.111,0.315
5548738,0,0.003,-0.7,0.007,0.022,0.02,0.234,0.023,0.243,0.019,0.273,0.057,0.325,71,278,3,0.057,0.325
5548748,0,0.003,-0.7,0.007,0.022,0.016,0.232,0.019,0.238,0.012,0.243,0.056,0.325,71,278,3,0.056,0.325
5548758,0,0.002,-0.7,0.007,0.012,0.011,0.226,0.014,0.236,0.005,0.216,0.06,0.309,3,308,3,0.06,0.309
5548768,0,0.002,-0.7,0.007,0.012,0.006,0.211,0.01,0.228,0.001,0.191,0.066,0.274,3,308,3,0.066,0.274
5548778,0,0.001,-0.7,0.007,0.012,0.004,0.164,0.005,0.192,-0.004,0.165,0.065,0.271,40,241,3,0.065,0.271
5548788,0,0,-0.7,0.007,0.012,0.004,0.123,0.004,0.144,-0.011,0.141,0.003,0.294,-11,197,3,0.003,0.294
5548798,0,0,-0.7,0.007,0.012,0.002,0.091,0.004,0.11,-0.015,0.12,0.003,0.29,-11,197,3,0.003,0.29
5548808,0,0,-0.691,0.007,0.012,0,0.07,0.002,0.085,-0.02,0.101,0.037,0.227,-18,129,3,0.037,0.227
5548818,0,0,-0.687,0.007,0.012,0,0.059,0,0.07,-0.023,0.081,-0.01,0.186,-10,122,3,-0.01,0.186
5548828,0,0,-0.687,0.007,0.012,0,0.049,-0.001,0.06,-0.024,0.06,-0.01,0.185,-10,122,3,-0.01,0.185
5548838,0,0,-0.683,0.007,0.012,0,0.037,-0.002,0.047,-0.023,0.042,-0.017,0.122,-10,89,3,-0.017,0.122
5548848,0,0,-0.683,0.007,0.012,0,0.026,-0.004,0.033,-0.02,0.028,-0.009,0.114,-10,89,3,-0.009,0.114
5548858,0,0,-0.675,0.007,0.012,0,0.016,-0.003,0.02,-0.015,0.016,-0.009,0.113,-32,61,3,-0.009,0.113
5548868,0,0,-0.675,0.007,0.012,0,0.007,-0.002,0.009,-0.01,0.007,-0.009,0.082,-32,61,3,-0.009,0.082
5548878,0,0,-0.671,0.007,0.012,0,0.001,-0.001,0.001,-0.006,0.001,-0.009,0.081,-2,-24,3,-0.009,0.081
5548888,0,0,-0.667,0.007,0.012,0,0,-0.001,-0.002,-0.002,0,-0.029,0.055,-20,-29,3,-0.029,0.055
5548898,0,0,-0.667,0.007,0.012,0,0,0,-0.002,0.002,0.002,-0.029,0.055,-20,-29,3,-0.029,0.055
5548908,0,0,-0.663,0.007,0.012,0,0,0,0,0.004,0.005,-0.002,-0.022,9,-28,3,-0.002,-0.022
5548918,0,0,-0.663,0.007,0.012,0,0,-0.001,0.001,0.005,0.008,-0.018,-0.026,9,-28,3,-0.018,-0.026
5548928,0,0,-0.659,0.007,0.012,0,0,0,-0.001,0.007,0.012,-0.018,-0.027,8,6,3,-0.018,-0.027
5548938,0,0,-0.655,0.007,0.012,0,0,0,-0.001,0.007,0.014,0.008,-0.025,1,1,3,0.008,-0.025
5548948,0,0,-0.655,0.007,0.012,0,0,-0.001,0.001,0.009,0.014,0.008,-0.025,31,7,3,0.008,-0.025
5548958,0,0,-0.647,0.007,0.012,0,0,0,0,0.008,0.016,0.007,0.005,-11,7,3,0.007,0.005
5548968,0,0,-0.644,0.007,0.012,0,0,0,0,0.008,0.018,0.001,0.001,-12,-15,3,0.001,0.001
5548978,0,0,-0.644,0.007,0.012,0.004,0,0.001,0,0.01,0.021,0.028,0.006,-12,-15,3,0.028,0.006
5548988,0,0,-0.64,0.007,0.012,0.013,0,0.01,-0.001,0.01,0.023,-0.009,0.006,4,2,3,-0.009,0.006
5548998,0,0,-0.64,0.007,0.012,0.018,0,0.016,0.001,0.01,0.025,-0.01,-0.014,4,2,3,-0.01,-0.014
5549008,0,0,-0.64,0.007,0.012,0.022,0,0.021,0,0.009,0.026,-0.009,-0.014,11,-43,3,-0.009,-0.014
5549018,0,0,-0.64,0.007,0.012,0.023,0,0.025,0,0.008,0.026,0.006,0.002,2,-26,3,0.006,0.002
5549028,0,0,-0.64,0.007,0.012,0.022,0,0.024,0.001,0.006,0.024,0.006,0.002,2,-26,3,0.006,0.002
5549038,0,0,-0.64,0.007,0.012,0.017,0,0.019,0.002,0.004,0.02,0.012,-0.039,-2,47,3,0.012,-0.039
5549048,0,0,-0.64,0.007,0.012,0.009,0,0.012,0.001,0.001,0.017,0.003,-0.024,-2,47,3,0.003,-0.024
5549058,0,0,-0.64,0.007,0.012,0.001,0,0.004,0,-0.001,0.012,0.002,-0.024,32,-13,3,0.002,-0.024
5549068,0,0,-0.64,0.007,0.012,0,0,-0.001,0,-0.002,0.009,-0.002,0.043,32,-13,3,-0.002,0.043
5549078,0,0,-0.64,0.007,0.012,0,0,-0.001,0,-0.002,0.009,-0.002,0.043,5,25,3,-0.002,0.043
5549088,0,0,-0.64,0.007,0.012,0,0,-0.001,0,-0.002,0.007,0.029,-0.012,1,-20,3,0.029,-0.012
5549098,0,0,-0.64,0.007,0.012,0,0,-0.001,0.001,-0.001,0.006,0.029,-0.012,1,-20,3,0.029,-0.012
5549108,0,0,-0.64,0.007,0.012,0,0,-0.001,0.001,0,0.005,0.004,0.023,-22,-3,3,0.004,0.023
5549118,0,0,-0.64,0.007,0.012,0,0,0,0,0.001,0.004,0.001,-0.018,-2,23,3,0.001,-0.018
5549128,0,0,-0.64,0.007,0.012,0,0,0,0,0.002,0.003,0.001,-0.018,-2,23,3,0.001,-0.018
5549138,0,0,-0.64,0.007,0.012,0,0,0,0,0.002,0.003,-0.02,-0.003,31,14,3,-0.02,-0.003
5549148,0,0,-0.64,0.007,0.012,0,0,0,0,0.002,0.002,-0.002,0.021,-2,16,3,-0.002,0.021
5549158,0,0,-0.64,0.007,0.012,0,0,0,0,0.002,0.002,-0.002,0.021,-12,-52,3,-0.002,0.021
5549168,0,0,-0.64,0.007,0.012,0,0,0,0,0.002,0.002,0.028,0.013,-12,-52,3,0.028,0.013
5549178,0,0,-0.64,0.007,0.012,0,0,0,0,0.001,0.002,-0.002,0.015,-37,27,3,-0.002,0.015
5549188,0,0,-0.636,0.007,0.012,0,0,0,0,0.001,0.002,-0.011,-0.047,41,24,3,-0.011,-0.047
5549198,0,0,-0.636,0.007,0.012,0,0,0,0,0.002,0.002,-0.011,-0.047,41,24,3,-0.011,-0.047
5549208,0,0,-0.636,0.007,0.012,0,0,0,0,0.002,0.003,-0.034,0.025,41,24,3,-0.034,0.025
5549218,0,0,-0.636,0.007,0.012,0,0,0,0,0.002,0.003,0.037,0.022,41,24,3,0.037,0.022
5549228,0,0,-0.636,0.007,0.012,0,0,0,0,0.003,0.003,0.037,0.022,41,24,3,0.037,0.022
5549238,0,0,-0.636,0.007,0.012,0,0,0,0,0.003,0.004,0.037,0.022,41,24,3,0.037,0.022
5549248,-0.178,0.445,-0.632,0.007,0.012,0,0,0,0,0.002,0.004,0.037,0.022,-17,-31,3,0.037,0.022
5549258,-0.224,0.556,-0.632,0.007,0.012,0,0,0,0,0.002,0.004,0.037,0.022,5,-10,3,0.037,0.022
5549268,-0.224,0.556,-0.632,0.007,0.012,0,0,0,0,0.002,0.003,0.037,0.022,5,-10,3,0.037,0.022
5549278,-0.269,0.667,-0.615,-0.045,0.068,0,0,0,0,0.001,0.002,-0.015,-0.028,-11,19,3,-0.015,-0.028
5549288,-0.361,0.889,-0.604,-0.115,0.138,0,0,0,0,0,0.002,0.005,-0.009,3,2,3,0.005,-0.009
5549298,-0.361,0.889,-0.604,-0.185,0.208,0,0,0,0,-0.002,0.004,0.005,-0.009,3,2,3,0.005,-0.009
5549308,-0.408,0.999,-0.604,-0.255,0.278,0,0,0,0,-0.006,0.007,-0.01,0.017,-6,9,3,-0.01,0.017
5549318,-0.452,1.111,-0.604,-0.325,0.348,0,0,0.002,-0.002,-0.011,0.012,0.003,0.002,6,2,3,0.003,0.002
5549328,-0.452,1.111,-0.604,-0.352,0.418,0,0,0.001,-0.001,-0.018,0.02,0.003,0.002,6,2,3,0.003,0.002
5549338,-0.5,1.221,-0.604,-0.394,0.487,0,0,0.002,-0.003,-0.026,0.032,-0.005,0.008,-32,-4,3,-0.005,0.008
5549348,-0.5,1.221,-0.604,-0.45,0.557,0,0,0.004,-0.004,-0.038,0.049,0.006,0.001,-32,-4,3,0.006,0.001
5549358,-0.547,1.332,-0.604,-0.45,0.627,0,0,0.005,-0.004,-0.052,0.068,0.006,0.001,12,15,3,0.006,0.001
5549368,-0.547,1.332,-0.604,-0.492,0.697,0,0,0.005,-0.007,-0.065,0.093,-0.029,-0.004,12,15,3,-0.029,-0.004
5549378,-0.635,1.555,-0.604,-0.492,0.767,-0.001,0.004,0.008,-0.006,-0.077,0.129,-0.028,-0.004,-47,77,3,-0.028,-0.004
5549388,-0.675,1.668,-0.604,-0.534,0.837,-0.021,0.025,-0.001,0.012,-0.096,0.183,0.011,0.014,-33,14,3,0.011,0.014
5549398,-0.675,1.668,-0.604,-0.534,0.907,-0.046,0.052,-0.028,0.037,-0.122,0.248,0.009,0.017,-33,14,3,0.009,0.017
5549408,-0.709,1.784,-0.604,-0.604,0.977,-0.052,0.057,-0.042,0.049,-0.14,0.268,-0.047,0.074,-66,95,3,-0.047,0.074
5549418,-0.709,1.784,-0.604,-0.674,1.047,-0.043,0.047,-0.04,0.041,-0.175,0.304,-0.034,0.017,-66,95,3,-0.034,0.017
5549428,-0.743,1.899,-0.604,-0.674,1.117,-0.052,0.055,-0.029,0.045,-0.202,0.395,-0.033,0.016,-55,27,3,-0.033,0.016
5549438,-0.772,2.017,-0.604,-0.702,1.187,-0.077,0.079,-0.06,0.064,-0.27,0.616,-0.065,0.092,-141,170,3,-0.065,0.092
5549448,-0.798,2.135,-0.604,-0.702,1.257,-0.086,0.087,-0.074,0.076,-0.388,0.913,-0.067,0.093,-197,108,3,-0.067,0.093
5549458,-0.82,2.255,-0.604,-0.73,1.327,-0.109,0.107,-0.099,0.085,-0.466,1.062,-0.059,0.032,-152,227,3,-0.059,0.032
5549468,-0.836,2.377,-0.604,-0.772,1.397,-0.115,0.106,-0.101,0.112,-0.498,1.063,-0.137,0.165,-261,213,3,-0.137,0.165
5549478,-0.836,2.377,-0.604,-0.786,1.467,-0.115,0.103,-0.105,0.094,-0.561,1.124,-0.188,0.107,-261,213,3,-0.188,0.107
5549488,-0.856,2.497,-0.604,-0.814,1.537,-0.104,0.096,-0.09,0.089,-0.633,1.292,-0.147,0.214,-278,234,3,-0.147,0.214
5549498,-0.856,2.497,-0.604,-0.827,1.607,-0.094,0.084,-0.098,0.059,-0.605,1.432,-0.246,0.199,-278,234,3,-0.246,0.199
5549508,-0.882,2.741,-0.604,-0.827,1.677,-0.097,0.083,-0.093,0.076,-0.53,1.516,-0.246,0.201,-367,290,3,-0.246,0.201
5549518,-0.882,2.741,-0.604,-0.855,1.747,-0.091,0.074,-0.062,0.077,-0.541,1.692,-0.259,0.22,-367,290,3,-0.259,0.22
5549528,-0.892,2.864,-0.604,-0.855,1.817,-0.095,0.083,-0.082,0.068,-0.627,1.904,-0.26,0.219,-367,398,3,-0.26,0.219
5549538,-0.894,2.989,-0.604,-0.869,1.887,-0.153,0.151,-0.139,0.098,-0.714,2.017,-0.345,0.272,-363,422,3,-0.345,0.272
5549548,-0.894,2.989,-0.604,-0.869,1.957,-0.229,0.222,-0.208,0.193,-0.751,1.864,-0.351,0.28,-363,422,3,-0.351,0.28
5549558,-0.891,3.115,-0.604,-0.883,2.027,-0.314,0.298,-0.272,0.268,-0.751,1.64,-0.357,0.386,-413,416,3,-0.357,0.386
5549568,-0.891,3.115,-0.604,-0.883,2.097,-0.39,0.37,-0.349,0.333,-0.798,1.704,-0.361,0.413,-413,416,3,-0.361,0.413
5549578,-0.866,3.37,-0.604,-0.883,2.167,-0.447,0.431,-0.416,0.401,-0.807,1.979,-0.367,0.419,-512,507,3,-0.367,0.419
5549588,-0.866,3.37,-0.604,-0.883,2.237,-0.397,0.387,-0.431,0.393,-0.72,2.186,-0.415,0.414,-512,507,3,-0.415,0.414
5549598,-0.858,3.496,-0.604,-0.883,2.307,-0.326,0.316,-0.334,0.346,-0.726,2.214,-0.407,0.411,-442,547,3,-0.407,0.411
5549608,-0.865,3.618,-0.604,-0.873,2.377,-0.282,0.273,-0.286,0.268,-0.854,2.161,-0.492,0.486,-584,520,3,-0.492,0.486
5549618,-0.865,3.618,-0.604,-0.873,2.447,-0.233,0.228,-0.248,0.218,-0.939,2.153,-0.489,0.481,-584,520,3,-0.489,0.481
5549628,-0.881,3.737,-0.604,-0.863,2.517,-0.183,0.176,-0.194,0.182,-0.941,2.282,-0.42,0.515,-615,674,3,-0.42,0.515
5549638,-0.914,3.853,-0.604,-0.863,2.587,-0.134,0.128,-0.142,0.133,-0.876,2.501,-0.545,0.485,-553,678,3,-0.545,0.485
5549648,-0.947,3.968,-0.604,-0.863,2.657,-0.178,0.173,-0.163,0.14,-0.754,2.627,-0.544,0.485,-649,566,3,-0.544,0.485
5549658,-1.001,4.078,-0.604,-0.877,2.727,-0.307,0.309,-0.252,0.242,-0.651,2.622,-0.58,0.634,-684,725,3,-0.58,0.634
5549668,-1.001,4.078,-0.604,-0.905,2.797,-0.351,0.354,-0.34,0.333,-0.619,2.566,-0.533,0.646,-684,725,3,-0.533,0.646
5549678,-1.062,4.187,-0.604,-0.933,2.867,-0.317,0.313,-0.329,0.321,-0.633,2.537,-0.62,0.544,-741,828,3,-0.62,0.544
5549688,-1.115,4.297,-0.604,-0.989,2.937,-0.265,0.266,-0.264,0.263,-0.729,2.699,-0.646,0.684,-700,777,3,-0.646,0.684
5549698,-1.115,4.297,-0.604,-0.989,3.007,-0.333,0.368,-0.313,0.308,-0.767,2.889,-0.649,0.687,-700,777,3,-0.649,0.687
5549708,-1.15,4.35,-0.604,-1.059,3.077,-0.437,0.505,-0.391,0.446,-0.676,2.849,-0.708,0.792,-766,879,3,-0.708,0.792
5549718,-1.161,4.347,-0.604,-1.115,3.147,-0.55,0.637,-0.507,0.586,-0.612,2.832,-0.681,0.758,-776,876,3,-0.681,0.758
5549728,-1.162,4.347,-0.604,-1.115,3.217,-0.566,0.666,-0.563,0.666,-0.623,2.863,-0.688,0.767,-859,941,3,-0.688,0.767
5549738,-1.152,4.349,-0.604,-1.143,3.287,-0.455,0.54,-0.495,0.573,-0.636,2.937,-0.743,0.853,-767,941,3,-0.743,0.853
5549748,-1.152,4.349,-0.604,-1.157,3.357,-0.345,0.416,-0.381,0.447,-0.62,3.009,-0.742,0.838,-767,941,3,-0.742,0.838
5549758,-1.135,4.354,-0.604,-1.157,3.427,-0.331,0.397,-0.311,0.396,-0.561,3.088,-0.809,0.891,-839,1061,3,-0.809,0.891
5549768,-1.101,4.363,-0.604,-1.157,3.497,-0.413,0.5,-0.377,0.461,-0.546,3.267,-0.731,0.896,-904,1012,3,-0.731,0.896
5549778,-1.101,4.363,-0.604,-1.157,3.567,-0.367,0.447,-0.384,0.453,-0.51,3.43,-0.733,0.897,-904,1012,3,-0.733,0.897
5549788,-1.074,4.369,-0.604,-1.147,3.637,-0.301,0.362,-0.324,0.372,-0.436,3.495,-0.792,1,-849,1123,3,-0.792,1
5549798,-1.074,4.369,-0.604,-1.117,3.707,-0.251,0.296,-0.251,0.305,-0.374,3.534,-0.845,0.949,-849,1123,3,-0.845,0.949
5549808,-1.01,4.384,-0.604,-1.117,3.777,-0.332,0.399,-0.292,0.352,-0.342,3.636,-0.848,0.951,-980,1124,3,-0.848,0.951
5549818,-0.967,4.394,-0.604,-1.087,3.847,-0.416,0.51,-0.399,0.463,-0.333,3.786,-0.807,1.063,-945,1232,3,-0.807,1.063
5549828,-0.967,4.394,-0.604,-1.087,3.917,-0.375,0.46,-0.361,0.466,-0.304,3.893,-0.805,1.064,-945,1232,3,-0.805,1.064
5549838,-0.926,4.403,-0.604,-1.037,3.987,-0.439,0.551,-0.404,0.511,-0.283,4.036,-0.926,1.067,-948,1248,3,-0.926,1.067
5549848,-0.926,4.403,-0.604,-0.988,4.057,-0.558,0.719,-0.501,0.656,-0.288,4.158,-0.903,1.178,-948,1248,3,-0.903,1.178
5549858,-0.837,4.421,-0.604,-0.988,4.127,-0.667,0.876,-0.639,0.817,-0.251,4.106,-0.916,1.192,-1003,1320,3,-0.916,1.192
5549868,-0.837,4.421,-0.604,-0.948,4.197,-0.598,0.794,-0.63,0.824,-0.227,4.001,-0.92,1.211,-1003,1320,3,-0.92,1.211
5549878,-0.785,4.43,-0.604,-0.948,4.267,-0.468,0.627,-0.502,0.68,-0.244,3.976,-0.909,1.198,-1004,1335,3,-0.909,1.198
5549888,-0.729,4.44,-0.604,-0.898,4.337,-0.338,0.458,-0.38,0.497,-0.259,3.937,-0.947,1.248,-1074,1380,3,-0.947,1.248
5549898,-0.729,4.44,-0.604,-0.878,4.407,-0.235,0.322,-0.264,0.363,-0.272,3.97,-0.937,1.235,-1074,1380,3,-0.937,1.235
5549908,-0.68,4.448,-0.604,-0.828,4.421,-0.157,0.217,-0.179,0.231,-0.333,4.166,-0.93,1.236,-1003,1429,3,-0.93,1.236
5549918,-0.652,4.452,-0.604,-0.778,4.434,-0.101,0.149,-0.11,0.157,-0.377,4.358,-0.987,1.27,-1052,1366,3,-0.987,1.27
5549928,-0.624,4.456,-0.604,-0.758,4.434,-0.064,0.099,-0.071,0.11,-0.323,4.367,-0.983,1.265,-1125,1466,3,-0.983,1.265
5549938,-0.624,4.456,-0.604,-0.708,4.434,-0.04,0.064,-0.058,0.068,-0.249,4.221,-0.916,1.306,-1125,1466,3,-0.916,1.306
5549948,-0.62,4.456,-0.604,-0.668,4.448,-0.049,0.067,-0.033,0.052,-0.256,4.093,-0.959,1.247,-1103,1459,3,-0.959,1.247
5549958,-0.613,4.457,-0.604,-0.638,4.448,-0.236,0.293,-0.166,0.193,-0.313,4.153,-1.036,1.348,-1123,1578,3,-1.036,1.348
5549968,-0.604,4.459,-0.604,-0.638,4.448,-0.282,0.344,-0.279,0.334,-0.419,4.356,-1.047,1.362,-1206,1612,3,-1.047,1.362
5549978,-0.604,4.459,-0.604,-0.628,4.448,-0.24,0.295,-0.267,0.311,-0.496,4.585,-1.026,1.355,-1206,1612,3,-1.026,1.355
5549988,-0.609,4.458,-0.604,-0.618,4.448,-0.23,0.283,-0.236,0.263,-0.546,4.455,-1.043,1.46,-1191,1523,3,-1.043,1.46
5549998,-0.609,4.458,-0.604,-0.608,4.448,-0.176,0.222,-0.214,0.24,-0.605,4.183,-1.116,1.488,-1191,1523,3,-1.116,1.488
5550008,-0.644,4.453,-0.604,-0.608,4.448,-0.144,0.183,-0.156,0.166,-0.682,4.032,-1.11,1.48,-1220,1687,3,-1.11,1.48
5550018,-0.644,4.453,-0.604,-0.608,4.448,-0.291,0.385,-0.246,0.314,-0.705,4.065,-1.103,1.41,-1220,1687,3,-1.103,1.41
5550028,-0.676,4.448,-0.604,-0.608,4.448,-0.348,0.466,-0.323,0.412,-0.729,4.145,-1.112,1.421,-1130,1639,3,-1.112,1.421
5550038,-0.729,4.44,-0.604,-0.636,4.448,-0.506,0.688,-0.467,0.587,-0.751,4.225,-1.15,1.584,-1196,1660,3,-1.15,1.584
5550050,-0.729,4.44,-0.604,-0.636,4.448,-0.562,0.776,-0.565,0.764,-0.782,4.378,-1.161,1.602,-1196,1660,3,-1.161,1.602
5550058,-0.793,4.429,-0.604,-0.664,4.448,-0.435,0.603,-0.475,0.635,-0.725,4.616,-1.072,1.549,-1164,1797,3,-1.072,1.549
5550068,-0.793,4.429,-0.604,-0.72,4.448,-0.335,0.466,-0.384,0.502,-0.69,4.674,-1.124,1.557,-1164,1797,3,-1.124,1.557
5550078,-0.939,4.4,-0.604,-0.72,4.448,-0.23,0.32,-0.264,0.348,-0.617,4.634,-1.113,1.543,-2399,3505,3,-1.113,1.543
5550088,-1.046,4.376,-0.604,-0.79,4.438,-0.152,0.212,-0.184,0.248,-0.531,4.709,-1.075,1.658,-1189,1773,3,-1.075,1.658
5550098,-1.046,4.376,-0.604,-0.79,4.438,-0.149,0.201,-0.147,0.218,-0.452,4.87,-1.072,1.654,-1189,1773,3,-1.072,1.654
5550108,-1.159,4.347,-0.604,-0.86,4.418,-0.119,0.159,-0.145,0.166,-0.508,4.866,-2.194,3.201,-1212,1839,3,-2.194,3.201
5550118,-1.268,4.317,-0.604,-0.93,4.388,-0.093,0.124,-0.092,0.11,-0.584,4.749,-1.09,1.623,-1236,1822,3,-1.09,1.623
5550128,-1.268,4.317,-0.604,-1,4.388,-0.272,0.385,-0.227,0.27,-0.615,4.663,-1.099,1.633,-1236,1822,3,-1.099,1.633
5550138,-1.376,4.284,-0.604,-1.07,4.369,-0.537,0.777,-0.465,0.635,-0.682,4.682,-1.141,1.725,-1292,1884,3,-1.141,1.725
5550150,-1.482,4.248,-0.604,-1.14,4.339,-0.77,1.115,-0.702,0.994,-0.805,4.751,-1.185,1.742,-1285,1870,3,-1.185,1.742
5550158,-1.582,4.212,-0.604,-1.224,4.339,-0.946,1.358,-0.922,1.284,-0.866,4.945,-1.206,1.772,-1301,1879,3,-1.206,1.772
5550168,-1.676,4.175,-0.604,-1.28,4.309,-0.945,1.352,-0.951,1.339,-0.907,5.007,-1.261,1.834,-1288,1914,3,-1.261,1.834
5550178,-1.676,4.175,-0.604,-1.35,4.269,-1.011,1.457,-0.979,1.411,-0.933,5.026,-1.256,1.827,-1288,1914,3,-1.256,1.827
5550188,-1.775,4.134,-0.604,-1.42,4.229,-1.11,1.609,-1.079,1.543,-0.958,5.041,-1.28,1.846,-1262,1956,3,-1.28,1.846
5550198,-1.775,4.134,-0.604,-1.49,4.199,-1.192,1.739,-1.182,1.686,-0.976,5.054,-1.278,1.891,-1262,1956,3,-1.278,1.891
5550208,-1.98,4.04,-0.604,-1.56,4.199,-1.256,1.836,-1.243,1.763,-1.014,5.026,-1.283,1.9,-1320,1986,3,-1.283,1.9
5550218,-1.98,4.04,-0.604,-1.63,4.159,-1.289,1.904,-1.299,1.887,-1.06,4.907,-1.265,1.949,-1320,1986,3,-1.265,1.949
5550229,-1.98,4.04,-0.604,-1.7,4.159,-1.301,1.936,-1.293,1.91,-1.088,4.837,-1.265,1.951,-1320,1986,3,-1.265,1.951
5550238,-1.98,4.04,-0.604,-1.784,4.099,-1.314,1.953,-1.32,1.933,-1.127,4.745,-1.32,1.981,-1320,1986,3,-1.32,1.981
5550248,-1.98,4.04,-0.604,-1.84,4.079,-1.162,1.726,-1.229,1.809,-1.17,4.696,-1.314,1.973,-1320,1986,3,-1.314,1.973
5550258,-1.98,4.04,-0.604,-1.91,4.079,-0.876,1.3,-0.985,1.439,-1.133,4.627,-1.293,1.942,-1320,1986,3,-1.293,1.942
5550268,-1.98,4.04,-0.604,-1.977,4.079,-0.691,1.033,-0.735,1.088,-1.047,4.489,-1.268,1.907,-1320,1986,3,-1.268,1.907
5550278,-2.086,3.986,-0.604,-1.977,4.079,-0.618,0.948,-0.655,0.989,-0.997,4.313,-1.26,1.897,-1329,1953,3,-1.26,1.897
5550288,-2.086,3.986,-0.604,-1.977,4.079,-0.555,0.889,-0.553,0.879,-0.956,4.256,-1.251,1.885,-1329,1953,3,-1.251,1.885
5550299,-2.547,3.709,-0.604,-1.977,4.079,-0.663,1.135,-0.628,1.042,-0.889,4.341,-1.256,1.898,-1450,2042,3,-1.256,1.898
5550308,-2.573,3.691,-0.604,-2.047,4.029,-0.776,1.422,-0.733,1.327,-0.855,4.409,-1.273,1.892,-1448,1981,3,-1.273,1.892
5550318,-2.554,3.704,-0.604,-2.074,4.019,-0.848,1.673,-0.832,1.586,-0.844,4.405,-1.283,1.917,-1441,2132,3,-1.283,1.917
5550328,-2.554,3.704,-0.604,-2.144,3.969,-0.874,1.849,-0.866,1.785,-0.875,4.323,-1.397,2.016,-1441,2132,3,-1.397,2.016
5550338,-2.493,3.745,-0.604,-2.214,3.919,-0.874,2.01,-0.856,1.949,-0.98,4.243,-1.395,1.976,-1443,2163,3,-1.395,1.976
5550348,-2.493,3.745,-0.604,-2.284,3.869,-0.856,2.132,-0.842,2.084,-1.059,4.246,-1.387,2.126,-1443,2163,3,-1.387,2.126
5550358,-2.217,3.915,-0.604,-2.354,3.819,-0.821,2.209,-0.817,2.18,-1.083,4.341,-1.385,2.135,-1294,2329,3,-1.385,2.135
5550368,-2.217,3.915,-0.604,-2.424,3.769,-0.781,2.267,-0.789,2.262,-1.137,4.434,-1.384,2.171,-1294,2329,3,-1.384,2.171
5550378,-2.015,4.023,-0.604,-2.48,3.769,-0.723,2.326,-0.727,2.307,-1.208,4.435,-1.379,2.176,-1100,2352,3,-1.379,2.176
5550388,-1.735,4.058,-0.604,-2.43,3.839,-0.675,2.361,-0.675,2.348,-1.267,4.348,-1.239,2.33,-1074,2490,3,-1.239,2.33
5550398,-1.735,4.058,-0.604,-2.38,3.909,-0.64,2.384,-0.632,2.375,-1.326,4.234,-1.235,2.333,-1074,2490,3,-1.235,2.333
5550408,-1.436,4.083,-0.604,-2.33,3.979,-0.626,2.423,-0.613,2.418,-1.427,4.11,-1.056,2.358,-958,2553,3,-1.056,2.358
5550418,-1.187,4.286,-0.604,-2.28,4.049,-0.619,2.442,-0.605,2.45,-1.56,3.962,-1.031,2.486,-830,2496,3,-1.031,2.486
5550428,-1.187,4.286,-0.604,-2.23,4.049,-0.615,2.467,-0.587,2.468,-1.752,3.872,-1.03,2.488,-830,2496,3,-1.03,2.488
5550438,-0.887,4.271,-0.604,-2.18,4.077,-0.625,2.473,-0.596,2.48,-1.904,3.821,-0.926,2.546,-687,2627,3,-0.926,2.546
5550448,-0.625,4.23,-0.604,-2.13,4.147,-0.636,2.475,-0.621,2.48,-2.047,3.728,-0.811,2.495,-577,2650,3,-0.811,2.495
5550458,-0.433,4.375,-0.604,-2.08,4.217,-0.662,2.485,-0.632,2.49,-2.165,3.571,-0.812,2.495,-554,2652,3,-0.812,2.495
5550468,-0.256,4.303,-0.604,-2.03,4.259,-0.712,2.474,-0.684,2.491,-2.242,3.43,-0.685,2.615,-503,2700,3,-0.685,2.615
5550478,-0.256,4.303,-0.604,-1.98,4.239,-0.762,2.439,-0.727,2.449,-2.292,3.288,-0.589,2.632,-503,2700,3,-0.589,2.632
5550488,-0.123,4.223,-0.604,-1.93,4.309,-0.833,2.422,-0.802,2.432,-2.39,3.143,-0.575,2.632,-519,2566,3,-0.575,2.632
5550498,-0.123,4.223,-0.604,-1.88,4.309,-0.908,2.409,-0.853,2.436,-2.503,2.989,-0.533,2.676,-519,2566,3,-0.533,2.676
5550508,-0.007,4.259,-0.604,-1.83,4.309,-0.965,2.358,-0.879,2.406,-2.554,2.888,-0.537,2.676,-538,2599,3,-0.537,2.676
5550518,-0.007,4.259,-0.604,-1.78,4.259,-0.974,2.213,-0.964,2.287,-2.601,2.915,-0.56,2.543,-538,2599,3,-0.56,2.543
5550528,-0.016,4.174,-0.604,-1.73,4.249,-0.815,1.771,-0.876,1.928,-2.669,3.07,-0.553,2.513,-655,2572,3,-0.553,2.513
5550538,-0.066,4.087,-0.604,-1.68,4.249,-0.604,1.282,-0.685,1.412,-2.696,3.227,-0.554,2.497,-747,2551,3,-0.554,2.497
5550548,-0.066,4.087,-0.604,-1.63,4.249,-0.419,0.877,-0.462,0.974,-2.685,3.396,-0.534,2.457,-747,2551,3,-0.534,2.457
5550558,-0.168,4.204,-0.604,-1.58,4.199,-0.279,0.58,-0.326,0.69,-2.679,3.607,-0.626,2.402,-944,2361,3,-0.626,2.402
5550568,-0.3,4.111,-0.604,-1.53,4.149,-0.183,0.377,-0.269,0.541,-2.451,3.729,-0.702,2.371,-1116,2381,3,-0.702,2.371
5550578,-0.48,4.008,-0.604,-1.48,4.129,-0.122,0.245,-0.133,0.276,-2.175,3.977,-0.691,2.347,-1091,2439,3,-0.691,2.347
5550588,-0.718,4.094,-0.604,-1.43,4.199,-0.081,0.159,-0.105,0.18,-1.923,4.31,-0.869,2.164,-1287,2482,3,-0.869,2.164
5550598,-0.718,4.094,-0.604,-1.38,4.149,-0.294,0.387,-0.218,0.246,-1.78,4.479,-1.031,2.182,-1287,2482,3,-1.031,2.182
5550608,-0.892,3.972,-0.604,-1.33,4.099,-0.652,0.793,-0.537,0.656,-1.754,4.607,-1.036,2.271,-1613,2364,3,-1.036,2.271
5550618,-1.068,3.839,-0.604,-1.28,4.099,-0.983,1.158,-0.879,1.009,-1.629,4.82,-1.246,2.344,-1523,1928,3,-1.246,2.344
5550628,-1.068,3.839,-0.604,-1.23,4.099,-1.231,1.433,-1.166,1.36,-1.462,4.714,-1.272,2.377,-1523,1928,3,-1.272,2.377
5550638,-1.269,3.904,-0.604,-1.18,4.049,-1.391,1.619,-1.338,1.558,-1.303,4.576,-1.586,2.288,-1,3,3,-1.586,2.288
5550648,-1.411,3.763,-0.604,-1.13,3.999,-1.236,1.438,-1.301,1.495,-1.15,4.685,-1.505,1.892,-3400,4152,3,-1.505,1.892
5550658,-1.526,3.625,-0.604,-1.1,3.949,-0.933,1.085,-1.041,1.186,-1.017,4.924,-1.483,1.864,-1,3,3,-1.483,1.864
5550668,-1.677,3.69,-0.604,-1.17,3.919,-0.65,0.758,-0.76,0.843,-0.909,5.205,-0.073,0.084,-3731,4001,3,-0.073,0.084
5550678,-1.677,3.69,-0.604,-1.24,3.869,-0.434,0.507,-0.54,0.592,-0.875,5.303,-3.142,3.832,-3731,4001,3,-3.142,3.832
5550688,-1.718,3.576,-0.604,-1.31,3.819,-0.282,0.33,-0.335,0.37,-0.924,5.19,-0.033,0.039,-1837,1960,3,-0.033,0.039
5550698,-1.718,3.576,-0.604,-1.38,3.769,-0.181,0.212,-0.212,0.23,-0.97,5.012,-3.412,3.659,-1837,1960,3,-3.412,3.659
5550708,-1.733,3.474,-0.604,-1.45,3.729,-0.19,0.254,-0.17,0.187,-0.927,4.818,-3.407,3.654,-1888,2057,3,-3.407,3.654
5550718,-1.8,3.574,-0.604,-1.52,3.679,-0.43,0.656,-0.383,0.53,-0.707,4.39,-1.702,1.825,-1837,2006,3,-1.702,1.825
5550728,-1.755,3.501,-0.604,-1.59,3.629,-0.682,1.094,-0.637,0.974,-0.337,4.019,-1.724,1.865,-1796,1997,3,-1.724,1.865
5550738,-1.755,3.501,-0.604,-1.66,3.579,-0.883,1.466,-0.827,1.344,-0.019,4.091,-1.789,1.988,-1796,1997,3,-1.789,1.988
5550748,-1.755,3.501,-0.604,-1.73,3.579,-1.025,1.742,-0.993,1.639,0.086,4.628,-1.758,1.97,-1796,1997,3,-1.758,1.97
5550758,-1.755,3.501,-0.604,-1.744,3.529,-1.104,1.926,-1.072,1.832,-0.024,5.074,-1.73,1.979,-1796,1997,3,-1.73,1.979
5550768,-1.523,3.552,-0.604,-1.744,3.529,-1.139,2.077,-1.13,2.037,-0.238,5.176,-1.736,1.998,-1599,2107,3,-1.736,1.998
5550779,-1.523,3.552,-0.604,-1.744,3.529,-1.135,2.187,-1.13,2.153,-0.447,4.987,-1.736,2.01,-1599,2107,3,-1.736,2.01
5550788,-1.387,3.515,-0.604,-1.744,3.529,-1.109,2.269,-1.111,2.237,-0.643,4.765,-1.734,2.018,-1421,2165,3,-1.734,2.018
5550798,-1.387,3.515,-0.604,-1.694,3.543,-1.07,2.321,-1.084,2.297,-0.735,4.696,-1.553,2.124,-1421,2165,3,-1.553,2.124
5550808,-1.146,3.637,-0.604,-1.644,3.543,-1.031,2.384,-1.038,2.342,-0.799,4.716,-1.548,2.127,-1338,2529,3,-1.548,2.127
5550818,-0.971,3.599,-0.604,-1.594,3.533,-1.002,2.438,-1.009,2.42,-0.859,4.687,-1.384,2.187,-1168,2383,3,-1.384,2.187
5550828,-0.971,3.599,-0.604,-1.544,3.533,-0.98,2.472,-0.98,2.479,-0.959,4.48,-1.382,2.193,-1168,2383,3,-1.382,2.193
5550838,-0.793,3.554,-0.604,-1.494,3.603,-0.972,2.507,-0.971,2.481,-1.115,4.236,-1.305,2.524,-1118,2452,3,-1.305,2.524
5550848,-0.793,3.554,-0.604,-1.444,3.603,-0.97,2.513,-0.955,2.504,-1.299,4.105,-1.149,2.394,-1118,2452,3,-1.149,2.394
5550858,-0.474,3.645,-0.604,-1.394,3.603,-0.97,2.518,-0.957,2.513,-1.475,4,-1.149,2.395,184,1580,3,-1.149,2.395
5550868,-0.474,3.645,-0.604,-1.344,3.573,-0.981,2.534,-0.953,2.538,-1.589,3.853,-1.103,2.459,184,1580,3,-1.103,2.459
5550878,-0.35,3.573,-0.604,-1.294,3.573,-1.006,2.531,-0.987,2.546,-1.646,3.694,-1.106,2.46,-865,2577,3,-1.106,2.46
5550888,-0.35,3.573,-0.604,-1.244,3.643,-1.035,2.5,-1.024,2.511,-1.752,3.588,0.075,1.665,-865,2577,3,0.075,1.665
5550898,-0.276,3.7,-0.604,-1.194,3.643,-1.079,2.498,-1.058,2.498,-1.874,3.55,0.072,1.664,-1918,3726,3,0.072,1.664
5550908,-0.209,3.619,-0.604,-1.144,3.603,-1.132,2.496,-1.102,2.479,-1.92,3.613,-0.886,2.568,-1012,2705,3,-0.886,2.568
5550918,-0.175,3.534,-0.604,-1.094,3.603,-1.189,2.518,-1.153,2.524,-1.883,3.648,-0.891,2.571,-979,2674,3,-0.891,2.571
5550928,-0.175,3.534,-0.604,-1.044,3.673,-1.24,2.529,-1.227,2.526,-1.862,3.625,-1.854,3.617,-979,2674,3,-1.854,3.617
5550938,-0.171,3.449,-0.604,-0.994,3.643,-1.278,2.501,-1.264,2.508,-1.848,3.525,-1.034,2.688,-1025,2674,3,-1.034,2.688
5550948,-0.199,3.567,-0.604,-0.944,3.593,-1.328,2.489,-1.304,2.499,-1.823,3.404,-1.008,2.658,-1105,2715,3,-1.008,2.658
5550958,-0.229,3.48,-0.604,-0.894,3.573,-1.376,2.476,-1.358,2.488,-1.785,3.36,-1.013,2.657,-1195,2596,3,-1.013,2.657
5550968,-0.263,3.391,-0.604,-0.844,3.523,-1.418,2.468,-1.404,2.467,-1.74,3.393,-1.059,2.655,-1225,2598,3,-1.059,2.655
5550978,-0.263,3.391,-0.604,-0.794,3.565,-1.461,2.47,-1.441,2.468,-1.664,3.484,-1.135,2.693,-1225,2598,3,-1.135,2.693
5550988,-0.327,3.506,-0.604,-0.744,3.515,-1.482,2.461,-1.475,2.472,-1.559,3.569,-1.22,2.585,-1394,2750,3,-1.22,2.585
5550998,-0.327,3.506,-0.604,-0.694,3.465,-1.487,2.453,-1.483,2.46,-1.434,3.635,-1.248,2.586,-1394,2750,3,-1.248,2.586
5551008,-0.41,3.325,-0.604,-0.644,3.435,-1.497,2.473,-1.502,2.466,-1.301,3.679,-1.251,2.586,-1486,2605,3,-1.251,2.586
5551018,-0.41,3.325,-0.604,-0.594,3.505,-1.503,2.475,-1.507,2.478,-1.142,3.745,-1.404,2.725,-1486,2605,3,-1.404,2.725
5551028,-0.44,3.234,-0.604,-0.544,3.505,-1.499,2.469,-1.505,2.464,-0.965,3.845,-1.404,2.725,-1571,2474,3,-1.404,2.725
5551038,-0.487,3.349,-0.604,-0.494,3.455,-1.5,2.496,-1.516,2.502,-0.819,3.852,-1.489,2.595,-1448,2556,3,-1.489,2.595
5551048,-0.487,3.349,-0.604,-0.454,3.405,-1.478,2.502,-1.499,2.502,-0.673,3.823,-1.488,2.595,-1448,2556,3,-1.488,2.595
5551058,-0.479,3.263,-0.604,-0.444,3.355,-1.437,2.473,-1.458,2.495,-0.474,3.847,-1.561,2.476,-1545,2562,3,-1.561,2.476
5551068,-0.457,3.18,-0.604,-0.486,3.355,-1.396,2.44,-1.417,2.458,-0.265,3.962,-1.446,2.547,-1515,2424,3,-1.446,2.547
5551078,-0.459,3.301,-0.604,-0.486,3.355,-1.366,2.431,-1.394,2.432,-0.122,4.087,-1.444,2.544,-1362,2644,3,-1.444,2.544
5551088,-0.427,3.219,-0.604,-0.486,3.305,-1.329,2.428,-1.358,2.43,-0.027,4.196,-1.529,2.55,-1399,2557,3,-1.529,2.55
5551098,-0.427,3.219,-0.604,-0.466,3.255,-1.297,2.44,-1.323,2.435,0.076,4.269,-1.498,2.425,-1399,2557,3,-1.498,2.425
5551108,-0.395,3.136,-0.604,-0.466,3.297,-1.256,2.44,-1.288,2.427,0.144,4.298,-1.355,2.624,-1278,2412,3,-1.355,2.624
5551118,-0.367,3.053,-0.604,-0.446,3.247,-1.209,2.432,-1.247,2.425,0.184,4.3,-1.386,2.546,-1242,2646,3,-1.386,2.546
5551128,-0.367,3.053,-0.604,-0.446,3.247,-1.184,2.449,-1.204,2.45,0.154,4.213,-1.382,2.547,-1242,2646,3,-1.382,2.547
5551138,-0.357,3.175,-0.604,-0.416,3.187,-1.153,2.444,-1.157,2.451,0.063,4.063,-1.267,2.416,-1194,2541,3,-1.267,2.416
5551148,-0.327,3.092,-0.604,-0.386,3.147,-1.124,2.464,-1.133,2.465,-0.034,3.943,-1.232,2.629,-1075,2499,3,-1.232,2.629
5551159,-0.295,3.009,-0.604,-0.386,3.097,-1.084,2.461,-1.11,2.463,-0.144,3.812,-1.231,2.629,-1089,2716,3,-1.231,2.629
5551168,-0.286,3.131,-0.604,-0.366,3.167,-1.052,2.472,-1.085,2.471,-0.194,3.734,-1.185,2.534,-995,2510,3,-1.185,2.534
5551178,-0.286,3.131,-0.604,-0.346,3.117,-1.016,2.444,-1.05,2.449,-0.181,3.734,-1.073,2.495,-995,2510,3,-1.073,2.495
5551188,-0.261,3.047,-0.604,-0.316,3.067,-0.988,2.402,-1.008,2.425,-0.185,3.757,-1.082,2.69,-1108,2538,3,-1.082,2.69
5551198,-0.261,3.047,-0.604,-0.296,3.123,-0.962,2.392,-0.959,2.402,-0.24,3.663,-0.993,2.501,-1108,2538,3,-0.993,2.501
5551208,-0.23,2.963,-0.604,-0.296,3.123,-0.926,2.393,-0.941,2.385,-0.325,3.511,-0.99,2.498,-970,2646,3,-0.99,2.498
5551218,-0.213,2.879,-0.604,-0.277,3.073,-0.893,2.41,-0.921,2.418,-0.371,3.431,-1.091,2.527,-803,2675,3,-1.091,2.527
5551228,-0.193,3,-0.604,-0.277,3.073,-0.874,2.424,-0.889,2.426,-0.385,3.432,-1.088,2.528,-931,2470,3,-1.088,2.528
5551238,-0.193,3,-0.604,-0.247,3.023,-0.864,2.446,-0.877,2.43,-0.326,3.51,-0.962,2.626,-931,2470,3,-0.962,2.626
5551248,-0.193,3,-0.604,-0.227,2.973,-0.848,2.455,-0.862,2.447,-0.289,3.518,-0.809,2.654,-931,2470,3,-0.809,2.654
5551257,-0.193,3,-0.604,-0.207,2.986,-0.825,2.456,-0.834,2.466,-0.319,3.391,-0.923,2.47,-931,2470,3,-0.923,2.47
5551267,-0.193,3,-0.604,-0.207,2.986,-0.803,2.464,-0.811,2.472,-0.37,3.27,-0.92,2.47,-931,2470,3,-0.92,2.47
5551277,-0.193,3,-0.604,-0.207,2.986,-0.773,2.457,-0.786,2.465,-0.364,3.248,-0.918,2.469,-931,2470,3,-0.918,2.469
5551287,-0.193,3,-0.604,-0.207,2.986,-0.736,2.389,-0.777,2.434,-0.313,3.326,-0.918,2.468,-931,2470,3,-0.918,2.468
5551297,-0.193,3,-0.604,-0.207,2.986,-0.59,1.931,-0.659,2.089,-0.257,3.41,-0.909,2.441,-931,2470,3,-0.909,2.441
5551307,-0.028,2.698,-0.604,-0.207,2.986,-0.426,1.399,-0.473,1.576,-0.243,3.44,-0.891,2.395,-731,2581,3,-0.891,2.395
5551317,-0.028,2.698,-0.604,-0.207,2.986,-0.291,0.957,-0.329,1.12,-0.25,3.417,-0.877,2.353,-731,2581,3,-0.877,2.353
5551327,-0.015,2.818,-0.604,-0.207,2.986,-0.192,0.633,-0.228,0.739,-0.255,3.389,-0.869,2.317,-645,2545,3,-0.869,2.317
5551337,0.008,2.732,-0.604,-0.157,2.936,-0.124,0.41,-0.149,0.464,-0.225,3.397,-0.679,2.391,-540,2588,3,-0.679,2.391
5551347,0.008,2.732,-0.604,-0.107,2.886,-0.08,0.261,-0.115,0.312,-0.213,3.435,-0.676,2.377,-540,2588,3,-0.676,2.377
5551357,0.039,2.56,-0.604,-0.057,2.846,-0.267,0.167,-0.158,0.203,-0.22,3.457,-0.597,2.333,-576,2515,3,-0.597,2.333
5551367,0.039,2.56,-0.604,-0.017,2.796,-0.71,0.518,-0.592,0.398,-0.224,3.47,-0.54,2.384,-576,2515,3,-0.54,2.384
5551377,0.055,2.68,-0.604,-0.017,2.766,-0.814,1.017,-0.779,0.834,-0.237,3.422,-0.561,2.422,-552,2592,3,-0.561,2.422
5551387,0.061,2.594,-0.604,0.017,2.716,-0.793,1.468,-0.806,1.315,-0.268,3.34,-0.597,2.401,-450,2626,3,-0.597,2.401
5551397,0.061,2.594,-0.604,0.017,2.666,-0.733,1.772,-0.758,1.679,-0.282,3.251,-0.593,2.435,-450,2626,3,-0.593,2.435
5551407,0.07,2.508,-0.604,0.045,2.667,-0.675,2.002,-0.707,1.935,-0.272,3.187,-0.566,2.529,-584,2422,3,-0.566,2.529
5551417,0.085,2.628,-0.604,0.059,2.617,-0.626,2.153,-0.656,2.106,-0.225,3.136,-0.469,2.577,-518,2619,3,-0.469,2.577
5551427,0.098,2.542,-0.604,0.059,2.616,-0.591,2.26,-0.613,2.231,-0.199,3.051,-0.465,2.589,-524,2559,3,-0.465,2.589
5551437,0.108,2.455,-0.604,0.059,2.566,-0.557,2.331,-0.56,2.304,-0.208,2.915,-0.582,2.41,-463,2518,3,-0.582,2.41
5551447,0.108,2.455,-0.604,0.073,2.622,-0.521,2.36,-0.541,2.365,-0.209,2.803,-0.52,2.596,-463,2518,3,-0.52,2.596
5551457,0.118,2.369,-0.604,0.087,2.572,-0.486,2.332,-0.5,2.361,-0.17,2.723,-0.522,2.542,-400,2515,3,-0.522,2.542
5551467,0.141,2.488,-0.604,0.101,2.522,-0.459,2.311,-0.484,2.31,-0.108,2.689,-0.465,2.5,-499,2550,3,-0.465,2.5
5551477,0.141,2.488,-0.604,0.101,2.492,-0.444,2.309,-0.465,2.297,-0.047,2.674,-0.464,2.498,-499,2550,3,-0.464,2.498
5551487,0.152,2.401,-0.604,0.115,2.442,-0.426,2.289,-0.424,2.32,-0.023,2.646,-0.403,2.498,-444,2495,3,-0.403,2.498
5551497,0.152,2.401,-0.604,0.128,2.484,-0.404,2.273,-0.406,2.296,-0.017,2.613,-0.491,2.527,-444,2495,3,-0.491,2.527
5551507,0.171,2.228,-0.604,0.128,2.484,-0.337,1.959,-0.37,2.071,-0.002,2.572,-0.488,2.511,-244,2506,3,-0.488,2.511
5551517,0.188,2.347,-0.604,0.142,2.434,-0.291,1.74,-0.332,1.832,0.028,2.529,-0.434,2.437,-409,2429,3,-0.434,2.437
5551527,0.188,2.347,-0.604,0.142,2.434,-0.226,1.369,-0.248,1.508,0.07,2.515,-0.427,2.41,-409,2429,3,-0.427,2.41
5551537,0.195,2.261,-0.604,0.17,2.384,-0.161,0.985,-0.175,1.119,0.11,2.535,-0.239,2.385,-399,2298,3,-0.239,2.385
5551547,0.195,2.261,-0.604,0.184,2.364,-0.142,0.984,-0.161,0.957,0.101,2.539,-0.386,2.296,-399,2298,3,-0.386,2.296
5551557,0.2,2.174,-0.604,0.184,2.364,-0.158,1.204,-0.158,1.14,0.075,2.53,-0.386,2.309,-264,2353,3,-0.386,2.309
5551567,0.203,2.088,-0.604,0.184,2.314,-0.172,1.356,-0.177,1.334,0.096,2.559,-0.379,2.209,-307,2381,3,-0.379,2.209
5551577,0.203,2.088,-0.604,0.184,2.294,-0.142,1.14,-0.152,1.234,0.148,2.613,-0.377,2.204,-307,2381,3,-0.377,2.204
5551587,0.225,2.12,-0.604,0.198,2.244,-0.111,0.966,-0.128,0.99,0.169,2.655,-0.252,2.231,-272,2265,3,-0.252,2.231
5551597,0.225,2.12,-0.604,0.198,2.194,-0.11,0.975,-0.116,0.984,0.161,2.661,-0.29,2.254,-272,2265,3,-0.29,2.254
5551607,0.229,2.033,-0.604,0.198,2.144,-0.098,0.869,-0.098,0.923,0.163,2.646,-0.288,2.25,-204,2293,3,-0.288,2.25
5551617,0.229,2.033,-0.604,0.212,2.135,-0.089,0.91,-0.089,0.884,0.177,2.616,-0.255,2.138,-204,2293,3,-0.255,2.138
5551627,0.232,1.946,-0.604,0.212,2.135,-0.104,1.165,-0.101,1.086,0.168,2.577,-0.256,2.155,-193,2219,3,-0.256,2.155
5551637,0.262,2.064,-0.604,0.226,2.084,-0.122,1.424,-0.125,1.344,0.161,2.557,-0.196,2.204,-191,2249,3,-0.196,2.204
5551647,0.262,2.064,-0.604,0.226,2.065,-0.11,1.301,-0.12,1.361,0.18,2.559,-0.196,2.21,-191,2249,3,-0.196,2.21
5551657,0.262,1.891,-0.604,0.226,2.015,-0.095,1.111,-0.104,1.165,0.203,2.534,-0.185,2.125,-146,2187,3,-0.185,2.125
5551667,0.262,1.891,-0.604,0.254,2.056,-0.098,1.238,-0.106,1.203,0.188,2.487,-0.183,2.152,-146,2187,3,-0.183,2.152
5551677,0.26,1.804,-0.604,0.254,2.056,-0.102,1.459,-0.112,1.377,0.158,2.434,-0.183,2.166,-114,2185,3,-0.183,2.166
5551687,0.288,1.921,-0.604,0.254,2.006,-0.103,1.659,-0.112,1.609,0.136,2.371,-0.143,2.132,-167,2161,3,-0.143,2.132
5551697,0.288,1.921,-0.604,0.254,1.956,-0.1,1.786,-0.102,1.753,0.165,2.336,-0.142,2.146,-167,2161,3,-0.142,2.146
5551707,0.291,1.834,-0.604,0.254,1.906,-0.092,1.841,-0.102,1.824,0.224,2.332,-0.113,2.151,-40,2140,3,-0.113,2.151
5551717,0.291,1.834,-0.604,0.282,1.92,-0.081,1.764,-0.102,1.822,0.242,2.284,-0.161,2.132,-40,2140,3,-0.161,2.132
5551727,0.293,1.674,-0.604,0.282,1.92,-0.061,1.54,-0.072,1.605,0.203,2.207,-0.158,2.113,-42,2051,3,-0.158,2.113
5551737,0.293,1.674,-0.604,0.282,1.87,-0.054,1.513,-0.056,1.54,0.195,2.148,-0.042,2.086,-42,2051,3,-0.042,2.086
5551747,0.321,1.771,-0.604,0.282,1.86,-0.043,1.251,-0.047,1.352,0.233,2.121,-0.041,2.072,-30,2103,3,-0.041,2.072
5551757,0.321,1.771,-0.604,0.282,1.81,-0.027,0.971,-0.039,1.054,0.284,2.116,-0.042,1.964,-30,2103,3,-0.042,1.964
5551767,0.321,1.771,-0.604,0.282,1.76,-0.013,1.065,-0.026,1.028,0.269,2.107,-0.041,1.956,-30,2103,3,-0.041,1.956
5551777,0.321,1.771,-0.604,0.31,1.76,-0.006,1.242,-0.015,1.186,0.232,2.09,-0.029,2.018,-30,2103,3,-0.029,2.018
5551787,0.322,1.552,-0.604,0.31,1.76,0,1.421,-0.011,1.361,0.222,2.065,-0.028,2.033,-25,1931,3,-0.028,2.033
5551797,0.319,1.48,-0.604,0.31,1.76,0.002,1.559,-0.001,1.519,0.247,2.046,-0.027,2.048,115,1963,3,-0.027,2.048
5551807,0.355,1.574,-0.604,0.31,1.76,0.01,1.655,0.011,1.639,0.268,2.034,-0.026,2.059,-30,2008,3,-0.026,2.059
5551817,0.352,1.502,-0.604,0.31,1.71,0.02,1.724,0.008,1.705,0.267,2.008,-0.022,1.91,139,1920,3,-0.022,1.91
5551827,0.352,1.502,-0.604,0.31,1.66,0.03,1.731,0.02,1.733,0.251,1.97,0.106,1.942,139,1920,3,0.106,1.942
5551837,0.352,1.428,-0.604,0.351,1.61,0.043,1.745,0.047,1.751,0.244,1.923,-0.022,1.984,49,1870,3,-0.022,1.984
5551847,0.352,1.428,-0.604,0.351,1.56,0.055,1.759,0.048,1.768,0.24,1.872,0.131,1.906,49,1870,3,0.131,1.906
5551857,0.344,1.356,-0.604,0.351,1.541,0.062,1.743,0.051,1.762,0.244,1.831,0.131,1.906,152,1806,3,0.131,1.906
5551867,0.344,1.356,-0.604,0.351,1.49,0.065,1.733,0.056,1.739,0.235,1.806,0.05,1.858,152,1806,3,0.05,1.858
5551877,0.378,1.377,-0.604,0.351,1.461,0.069,1.713,0.07,1.726,0.221,1.767,0.05,1.857,16,1877,3,0.05,1.857
5551887,0.374,1.304,-0.604,0.351,1.411,0.074,1.671,0.082,1.698,0.223,1.73,0.146,1.797,237,1744,3,0.146,1.797
5551897,0.374,1.304,-0.604,0.351,1.391,0.084,1.652,0.069,1.652,0.231,1.703,0.144,1.793,237,1744,3,0.144,1.793
5551907,0.37,1.23,-0.604,0.365,1.391,0.083,1.459,0.076,1.545,0.229,1.688,0.022,1.849,91,1702,3,0.022,1.849
5551917,0.37,1.23,-0.604,0.365,1.341,0.065,1.099,0.062,1.227,0.229,1.668,0.221,1.701,91,1702,3,0.221,1.701
5551927,0.363,1.158,-0.604,0.365,1.331,0.048,0.765,0.055,0.889,0.217,1.644,0.221,1.671,196,1773,3,0.221,1.671
5551937,0.355,1.085,-0.604,0.365,1.281,0.035,0.587,0.045,0.627,0.203,1.631,0.087,1.606,56,1639,3,0.087,1.606
5551947,0.349,1.012,-0.604,0.365,1.261,0.049,0.706,0.057,0.651,0.204,1.622,0.088,1.605,170,1684,3,0.088,1.605
5551957,0.398,1.1,-0.604,0.365,1.211,0.062,0.761,0.05,0.786,0.235,1.619,0.183,1.683,267,1635,3,0.183,1.683
5551967,0.398,1.1,-0.604,0.365,1.161,0.06,0.712,0.046,0.748,0.271,1.616,0.056,1.559,267,1635,3,0.056,1.559
5551977,0.391,1.027,-0.604,0.355,1.111,0.057,0.611,0.044,0.628,0.305,1.61,0.158,1.589,165,1561,3,0.158,1.589
5551987,0.384,0.952,-0.604,0.397,1.111,0.063,0.707,0.058,0.663,0.321,1.585,0.248,1.545,58,1663,3,0.248,1.545
5551997,0.384,0.952,-0.604,0.397,1.111,0.064,0.722,0.074,0.745,0.312,1.553,0.249,1.554,58,1663,3,0.249,1.554
5552007,0.366,0.804,-0.604,0.397,1.061,0.081,0.77,0.077,0.753,0.295,1.52,0.158,1.486,197,1498,3,0.158,1.486
5552017,0.366,0.804,-0.604,0.397,1.011,0.083,0.724,0.079,0.75,0.305,1.484,0.06,1.581,197,1498,3,0.06,1.581
5552027,0.353,0.731,-0.604,0.397,0.991,0.068,0.578,0.058,0.629,0.342,1.44,0.058,1.571,275,1545,3,0.058,1.571
5552037,0.421,0.808,-0.604,0.377,0.941,0.05,0.416,0.024,0.483,0.364,1.391,0.182,1.408,121,1546,3,0.182,1.408
5552047,0.421,0.808,-0.604,0.377,0.881,0.044,0.334,0.06,0.359,0.352,1.345,0.184,1.395,121,1546,3,0.184,1.395
5552057,0.406,0.735,-0.604,0.367,0.841,0.05,0.375,0.074,0.373,0.337,1.31,0.256,1.438,173,1358,3,0.256,1.438
5552067,0.406,0.735,-0.604,0.409,0.821,0.056,0.403,0.055,0.383,0.351,1.245,0.115,1.44,173,1358,3,0.115,1.44
5552077,0.44,0.629,-0.604,0.409,0.821,0.091,0.552,0.062,0.515,0.367,1.198,0.115,1.451,202,1420,3,0.115,1.451
5552087,0.368,0.505,-0.604,0.409,0.771,0.093,0.536,0.077,0.561,0.386,1.163,0.164,1.286,181,1324,3,0.164,1.286
5552097,0.368,0.505,-0.604,0.409,0.761,0.074,0.419,0.071,0.466,0.421,1.113,0.164,1.278,181,1324,3,0.164,1.278
5552107,0.498,0.523,-0.597,0.437,0.711,0.055,0.311,0.065,0.358,0.459,1.06,0.189,1.325,204,1299,3,0.189,1.325
5552117,0.498,0.523,-0.597,0.397,0.661,0.077,0.387,0.072,0.352,0.462,1.044,0.171,1.235,204,1299,3,0.171,1.235
5552127,0.463,0.456,-0.594,0.397,0.611,0.129,0.569,0.1,0.511,0.445,1.037,0.173,1.248,257,1284,3,0.173,1.248
5552137,0.427,0.321,-0.591,0.467,0.561,0.179,0.737,0.148,0.7,0.444,1.004,0.199,1.242,313,1195,3,0.199,1.242
5552147,0.427,0.321,-0.591,0.495,0.551,0.212,0.838,0.195,0.822,0.47,0.937,0.203,1.254,313,1195,3,0.203,1.254
5552157,0.142,0.057,-0.584,0.475,0.501,0.236,0.896,0.239,0.886,0.508,0.862,0.255,1.247,276,1117,3,0.255,1.247
5552167,0.142,0.057,-0.584,0.445,0.451,0.263,0.934,0.256,0.929,0.527,0.804,0.308,1.17,276,1117,3,0.308,1.17
5552177,0.068,0.013,-0.581,0.445,0.401,0.292,0.945,0.272,0.946,0.515,0.787,0.309,1.172,359,1160,3,0.309,1.172
5552187,0.036,-0.002,-0.578,0.395,0.351,0.315,0.939,0.291,0.967,0.503,0.742,0.277,1.104,344,956,3,0.277,1.104
5552197,0.036,-0.002,-0.578,0.345,0.301,0.29,0.831,0.295,0.889,0.489,0.69,0.278,1.098,344,956,3,0.278,1.098
5552207,0.025,-0.009,-0.575,0.295,0.251,0.24,0.676,0.26,0.736,0.475,0.622,0.35,1.123,259,1069,3,0.35,1.123
5552217,0.023,-0.015,-0.575,0.245,0.201,0.24,0.639,0.243,0.628,0.454,0.58,0.335,0.927,342,949,3,0.335,0.927
5552227,0.024,-0.025,-0.565,0.195,0.151,0.264,0.647,0.252,0.674,0.437,0.591,0.336,0.93,443,825,3,0.336,0.93
5552237,0.024,-0.025,-0.565,0.145,0.101,0.304,0.687,0.29,0.697,0.407,0.575,0.262,1.035,443,825,3,0.262,1.035
5552247,0.026,-0.04,-0.562,0.095,0.051,0.317,0.679,0.313,0.694,0.362,0.509,0.339,0.926,400,900,3,0.339,0.926
5552257,0.03,-0.066,-0.562,0.045,0.001,0.323,0.663,0.322,0.685,0.312,0.422,0.432,0.813,316,822,3,0.432,0.813
5552267,0.03,-0.066,-0.562,0.045,0.001,0.318,0.638,0.332,0.657,0.282,0.38,0.433,0.811,316,822,3,0.433,0.811
5552277,0.03,-0.066,-0.562,0.035,-0.023,0.308,0.606,0.335,0.648,0.274,0.385,0.394,0.878,316,822,3,0.394,0.878
5552287,0.03,-0.066,-0.562,0.035,-0.065,0.303,0.58,0.314,0.609,0.25,0.367,0.316,0.803,316,822,3,0.316,0.803
5552297,0.03,-0.066,-0.562,0.035,-0.065,0.296,0.55,0.312,0.575,0.198,0.299,0.315,0.8,316,822,3,0.315,0.8
5552307,0.024,-0.391,-0.562,0.035,-0.065,0.281,0.512,0.294,0.544,0.164,0.246,0.314,0.797,368,523,3,0.314,0.797
5552317,0.024,-0.391,-0.562,0.035,-0.065,0.262,0.468,0.293,0.507,0.099,0.14,0.314,0.794,368,523,3,0.314,0.794
5552327,0.002,-0.491,-0.562,0.035,-0.065,0.244,0.424,0.254,0.46,0.07,0.073,0.311,0.79,276,519,3,0.311,0.79
5552337,-0.025,-0.59,-0.562,0.035,-0.135,0.225,0.382,0.23,0.413,0.087,0.088,0.356,0.514,297,388,3,0.356,0.514
5552347,-0.025,-0.59,-0.562,0.035,-0.205,0.202,0.34,0.213,0.373,0.06,0.059,0.354,0.51,297,388,3,0.354,0.51
5552357,-0.054,-0.688,-0.562,0.015,-0.275,0.177,0.298,0.205,0.33,0.027,0.015,0.27,0.502,186,331,3,0.27,0.502
5552367,-0.064,-0.615,-0.562,-0.004,-0.345,0.148,0.248,0.165,0.285,0.019,-0.009,0.285,0.379,90,317,3,0.285,0.379
5552377,-0.089,-0.713,-0.562,-0.004,-0.415,0.119,0.2,0.137,0.231,0.007,-0.037,0.283,0.374,231,140,3,0.283,0.374
5552387,-0.087,-0.641,-0.562,-0.046,-0.485,0.092,0.155,0.109,0.185,0.014,-0.024,0.179,0.318,68,163,3,0.179,0.318
5552397,-0.087,-0.641,-0.562,-0.06,-0.555,0.067,0.114,0.085,0.14,0.017,-0.015,0.09,0.302,68,163,3,0.09,0.302
5552407,-0.081,-0.57,-0.562,-0.088,-0.625,0.043,0.076,0.057,0.097,0.013,-0.015,0.216,0.137,90,55,3,0.216,0.137
5552417,-0.081,-0.57,-0.562,-0.088,-0.639,0.024,0.043,0.034,0.056,0.004,-0.019,0.065,0.154,90,55,3,0.065,0.154
5552427,-0.094,-0.669,-0.562,-0.088,-0.639,0.008,0.017,0.016,0.026,-0.005,-0.025,0.063,0.151,77,5,3,0.063,0.151
5552437,-0.08,-0.599,-0.562,-0.088,-0.599,-0.004,-0.004,0.002,0.004,-0.014,-0.032,0.082,0.051,-76,31,3,0.082,0.051
5552447,-0.087,-0.699,-0.562,-0.088,-0.599,-0.013,-0.017,-0.011,-0.012,-0.019,-0.033,0.081,0.049,-29,-82,3,0.081,0.049
5552457,-0.072,-0.629,-0.553,-0.088,-0.669,-0.019,-0.025,-0.019,-0.024,-0.023,-0.034,0.068,0.002,-9,-36,3,0.068,0.002
5552467,-0.072,-0.629,-0.553,-0.088,-0.629,-0.024,-0.03,-0.023,-0.029,-0.025,-0.033,-0.071,0.026,-9,-36,3,-0.071,0.026
5552477,-0.059,-0.558,-0.553,-0.088,-0.699,-0.026,-0.032,-0.026,-0.033,-0.025,-0.032,-0.029,-0.077,-24,-36,3,-0.029,-0.077
5552487,-0.063,-0.658,-0.553,-0.078,-0.659,-0.025,-0.033,-0.028,-0.033,-0.023,-0.034,-0.011,-0.036,-67,-100,3,-0.011,-0.036
5552497,-0.063,-0.658,-0.553,-0.078,-0.659,-0.022,-0.032,-0.028,-0.032,-0.018,-0.031,-0.011,-0.036,-67,-100,3,-0.011,-0.036
5552507,-0.049,-0.588,-0.553,-0.068,-0.609,-0.018,-0.03,-0.023,-0.032,-0.014,-0.03,-0.024,-0.036,0,-5,3,-0.024,-0.036
5552517,-0.041,-0.617,-0.553,-0.068,-0.651,-0.014,-0.029,-0.018,-0.031,-0.009,-0.028,-0.063,-0.094,-11,18,3,-0.063,-0.094
5552527,-0.041,-0.617,-0.553,-0.068,-0.651,-0.007,-0.028,-0.012,-0.028,-0.002,-0.028,-0.062,-0.094,-11,18,3,-0.062,-0.094
5552537,-0.033,-0.546,-0.553,-0.058,-0.611,0,-0.027,-0.005,-0.027,0.005,-0.027,-0.001,-0.007,-12,-53,3,-0.001,-0.007
5552547,-0.033,-0.546,-0.553,-0.048,-0.611,0,-0.025,-0.003,-0.025,0.012,-0.025,-0.01,0.014,-12,-53,3,-0.01,0.014
5552557,-0.035,-0.646,-0.55,-0.048,-0.611,0.002,-0.024,-0.001,-0.023,0.017,-0.025,-0.01,0.014,55,-29,3,-0.01,0.014
5552567,-0.035,-0.646,-0.55,-0.038,-0.571,0.012,-0.023,0.008,-0.021,0.022,-0.026,-0.01,-0.05,55,-29,3,-0.01,-0.05
5552577,-0.036,-0.675,-0.542,-0.038,-0.571,0.02,-0.024,0.018,-0.022,0.025,-0.03,-0.009,-0.05,8,-45,3,-0.009,-0.05
5552587,-0.034,-0.603,-0.539,-0.038,-0.641,0.027,-0.026,0.025,-0.023,0.028,-0.035,0.052,-0.028,47,-65,3,0.052,-0.028
5552597,-0.034,-0.603,-0.539,-0.038,-0.641,0.032,-0.03,0.031,-0.027,0.025,-0.043,0.053,-0.029,47,-65,3,0.053,-0.029
5552607,-0.033,-0.532,-0.536,-0.038,-0.669,0.033,-0.032,0.033,-0.03,0.023,-0.053,0.01,-0.044,48,-54,3,0.01,-0.044
5552617,-0.033,-0.532,-0.536,-0.038,-0.629,0.033,-0.034,0.032,-0.032,0.022,-0.058,0.046,-0.062,48,-54,3,0.046,-0.062
5552627,-0.041,-0.631,-0.533,-0.038,-0.629,0.034,-0.036,0.034,-0.035,0.018,-0.065,0.046,-0.062,5,18,3,0.046,-0.062
5552637,-0.039,-0.56,-0.531,-0.038,-0.579,0.036,-0.039,0.036,-0.036,0.016,-0.072,0.047,-0.052,38,-42,3,0.047,-0.052
5552647,-0.039,-0.56,-0.531,-0.038,-0.569,0.038,-0.042,0.038,-0.039,0.016,-0.075,0.047,-0.053,38,-42,3,0.047,-0.053
5552657,-0.048,-0.588,-0.528,-0.038,-0.625,0.042,-0.044,0.042,-0.041,0.017,-0.078,0.008,0.013,33,-33,3,0.008,0.013
5552667,-0.048,-0.588,-0.528,-0.038,-0.585,0.044,-0.046,0.043,-0.042,0.02,-0.084,0.038,-0.042,33,-33,3,0.038,-0.042
5552677,-0.045,-0.516,-0.528,-0.038,-0.585,0.044,-0.05,0.043,-0.045,0.017,-0.095,0.038,-0.042,-6,-35,3,0.038,-0.042
5552687,-0.059,-0.616,-0.528,-0.038,-0.585,0.042,-0.056,0.042,-0.05,0.018,-0.1,0.034,-0.034,78,-60,3,0.034,-0.034
5552697,-0.059,-0.616,-0.528,-0.038,-0.585,0.041,-0.063,0.043,-0.057,0.016,-0.11,0.034,-0.035,78,-60,3,0.034,-0.035
5552707,-0.056,-0.544,-0.528,-0.038,-0.545,0.038,-0.067,0.04,-0.063,0.015,-0.121,-0.002,-0.037,-22,-33,3,-0.002,-0.037
5552717,-0.056,-0.544,-0.528,-0.052,-0.615,0.036,-0.074,0.035,-0.067,0.008,-0.14,0.074,-0.061,-22,-33,3,0.074,-0.061
5552727,-0.072,-0.643,-0.528,-0.052,-0.615,0.034,-0.083,0.034,-0.074,-0.005,-0.17,0.074,-0.061,67,-133,3,0.074,-0.061
5552737,-0.068,-0.571,-0.528,-0.052,-0.565,0.03,-0.094,0.032,-0.083,-0.006,-0.179,-0.017,-0.037,-9,-46,3,-0.017,-0.037
5552747,-0.064,-0.5,-0.528,-0.052,-0.565,0.027,-0.103,0.03,-0.095,-0.01,-0.196,-0.017,-0.039,57,-91,3,-0.017,-0.039
5552757,-0.082,-0.598,-0.528,-0.066,-0.635,0.024,-0.114,0.031,-0.105,-0.011,-0.224,0.064,-0.13,20,-116,3,0.064,-0.13
5552767,-0.082,-0.598,-0.528,-0.066,-0.595,0.023,-0.126,0.024,-0.116,-0.002,-0.238,-0.006,-0.052,20,-116,3,-0.006,-0.052
5552777,-0.075,-0.527,-0.528,-0.066,-0.545,0.023,-0.146,0.02,-0.138,-0.004,-0.257,0.054,-0.095,6,-189,3,0.054,-0.095
5552787,-0.075,-0.527,-0.528,-0.08,-0.587,0.019,-0.129,0.02,-0.128,-0.014,-0.287,0.02,-0.117,6,-189,3,0.02,-0.117
5552797,-0.069,-0.456,-0.528,-0.08,-0.587,0.008,-0.108,0.015,-0.108,-0.012,-0.317,0.02,-0.116,62,-86,3,0.02,-0.116
5552807,-0.077,-0.484,-0.528,-0.08,-0.547,0.003,-0.126,0.003,-0.112,-0.022,-0.345,0.006,-0.182,-19,-150,3,0.006,-0.182
5552817,-0.077,-0.484,-0.528,-0.08,-0.547,0,-0.132,0.002,-0.133,-0.027,-0.342,0.006,-0.184,-19,-150,3,0.006,-0.184
5552827,-0.096,-0.582,-0.525,-0.08,-0.497,0,-0.116,0.003,-0.118,-0.033,-0.352,0.057,-0.089,39,-211,3,0.057,-0.089
5552837,-0.086,-0.507,-0.52,-0.08,-0.497,0,-0.123,0.008,-0.115,-0.026,-0.374,-0.016,-0.147,-25,-230,3,-0.016,-0.147
5552847,-0.086,-0.507,-0.52,-0.08,-0.497,0,-0.145,-0.004,-0.133,-0.033,-0.415,-0.018,-0.148,-25,-230,3,-0.018,-0.148
5552857,-0.073,-0.397,-0.517,-0.094,-0.566,0,-0.169,-0.002,-0.158,-0.048,-0.423,0.035,-0.206,-103,-222,3,0.035,-0.206
5552867,-0.073,-0.397,-0.517,-0.094,-0.527,0,-0.182,-0.006,-0.169,-0.066,-0.432,-0.023,-0.224,-103,-222,3,-0.023,-0.224
5552877,-0.066,-0.353,-0.513,-0.094,-0.527,-0.003,-0.2,0,-0.193,-0.104,-0.473,-0.023,-0.226,-32,-303,3,-0.023,-0.226
5552887,-0.054,-0.281,-0.51,-0.084,-0.477,-0.014,-0.22,-0.013,-0.207,-0.1,-0.483,-0.095,-0.221,-24,-270,3,-0.095,-0.221
5552897,-0.054,-0.281,-0.51,-0.084,-0.437,-0.025,-0.234,-0.017,-0.223,-0.082,-0.485,-0.095,-0.222,-24,-270,3,-0.095,-0.222
5552907,-0.039,-0.202,-0.508,-0.074,-0.387,-0.03,-0.248,-0.026,-0.24,-0.079,-0.484,-0.031,-0.297,-91,-322,3,-0.031,-0.297
5552917,-0.026,-0.134,-0.505,-0.064,-0.337,-0.03,-0.263,-0.031,-0.257,-0.067,-0.465,-0.025,-0.268,1,-295,3,-0.025,-0.268
5552927,-0.026,-0.134,-0.505,-0.064,-0.317,-0.025,-0.253,-0.029,-0.258,-0.062,-0.461,-0.025,-0.27,1,-295,3,-0.025,-0.27
5552937,-0.016,-0.086,-0.503,-0.054,-0.267,-0.019,-0.202,-0.025,-0.211,-0.068,-0.481,-0.085,-0.312,-89,-334,3,-0.085,-0.312
5552947,-0.011,-0.055,-0.503,-0.034,-0.217,-0.01,-0.159,-0.022,-0.177,-0.062,-0.464,-0.001,-0.285,-59,-214,3,-0.001,-0.285
5552957,-0.007,-0.037,-0.498,-0.034,-0.177,-0.008,-0.15,-0.014,-0.162,-0.062,-0.438,-0.001,-0.283,-85,-405,3,-0.001,-0.283
5552967,-0.005,-0.024,-0.495,-0.024,-0.127,-0.013,-0.179,-0.007,-0.173,-0.057,-0.423,-0.081,-0.319,-13,-384,3,-0.081,-0.319
5552977,-0.005,-0.024,-0.495,-0.024,-0.077,-0.02,-0.218,-0.021,-0.199,-0.047,-0.407,-0.055,-0.212,-13,-384,3,-0.055,-0.212
5552987,-0.003,-0.016,-0.493,-0.014,-0.057,-0.027,-0.239,-0.019,-0.238,-0.038,-0.386,-0.079,-0.389,19,-369,3,-0.079,-0.389
5552997,-0.003,-0.016,-0.493,-0.014,-0.037,-0.032,-0.251,-0.024,-0.258,-0.038,-0.366,-0.014,-0.372,19,-369,3,-0.014,-0.372
5553007,-0.001,-0.007,-0.491,-0.014,-0.037,-0.034,-0.253,-0.03,-0.256,-0.038,-0.341,-0.015,-0.372,-23,-301,3,-0.015,-0.372
5553017,-0.001,-0.007,-0.491,-0.014,-0.027,-0.031,-0.251,-0.026,-0.255,-0.037,-0.312,0.015,-0.359,-23,-301,3,0.015,-0.359
5553027,-0.001,-0.005,-0.491,-0.014,-0.027,-0.028,-0.248,-0.041,-0.253,-0.03,-0.285,0.014,-0.358,38,-306,3,0.014,-0.358
5553037,0,-0.003,-0.491,-0.014,-0.017,-0.027,-0.244,-0.035,-0.255,-0.03,-0.258,-0.024,-0.297,-174,-270,3,-0.024,-0.297
5553047,0,-0.003,-0.491,-0.014,-0.017,-0.029,-0.237,-0.029,-0.248,-0.029,-0.229,-0.024,-0.296,-174,-270,3,-0.024,-0.296
5553057,0,-0.002,-0.491,-0.014,-0.017,-0.029,-0.227,-0.03,-0.237,-0.027,-0.206,0.032,-0.3,1,-267,3,0.032,-0.3
5553067,0,-0.002,-0.491,-0.004,-0.017,-0.026,-0.216,-0.029,-0.223,-0.025,-0.192,-0.161,-0.266,1,-267,3,-0.161,-0.266
5553077,0,-0.001,-0.491,-0.004,-0.017,-0.022,-0.2,-0.027,-0.215,-0.018,-0.172,-0.161,-0.265,-100,-220,3,-0.161,-0.265
5553087,0,0,-0.491,-0.004,-0.007,-0.018,-0.179,-0.023,-0.195,-0.008,-0.149,-0.001,-0.261,-17,-237,3,-0.001,-0.261
5553097,0,0,-0.491,-0.004,-0.007,-0.013,-0.163,-0.016,-0.179,-0.001,-0.128,-0.001,-0.259,-35,-91,3,-0.001,-0.259
5553107,0,0,-0.491,-0.004,-0.007,-0.008,-0.141,-0.01,-0.156,0.005,-0.107,-0.092,-0.215,58,-257,3,-0.092,-0.215
5553117,0,0,-0.488,-0.004,-0.007,-0.002,-0.116,-0.006,-0.134,0.011,-0.086,-0.016,-0.228,17,-44,3,-0.016,-0.228
5553127,0,0,-0.488,-0.004,-0.007,0,-0.087,-0.003,-0.105,0.017,-0.067,-0.032,-0.093,17,-44,3,-0.032,-0.093
5553137,0,0,-0.486,-0.004,-0.007,0,-0.063,0,-0.077,0.019,-0.048,0.053,-0.241,-12,-65,3,0.053,-0.241
5553147,0,0,-0.486,-0.004,-0.007,0,-0.044,0.002,-0.055,0.02,-0.03,0.016,-0.046,-12,-65,3,0.016,-0.046
5553157,0,0,-0.481,-0.004,-0.007,0,-0.029,0.003,-0.037,0.02,-0.015,0.016,-0.044,17,39,3,0.016,-0.044
5553167,0,0,-0.477,-0.004,-0.007,0,-0.016,0.001,-0.021,0.019,-0.004,-0.011,-0.061,17,-9,3,-0.011,-0.061
5553177,0,0,-0.477,-0.004,-0.007,0,-0.004,0,-0.007,0.018,0.003,-0.011,-0.06,17,-9,3,-0.011,-0.06
5553187,0,0,-0.477,-0.004,-0.007,0,0,0,0.001,0.016,0.008,0.015,0.035,43,-38,3,0.015,0.035
5553197,0,0,-0.477,-0.004,-0.007,0,0,0,0.001,0.014,0.01,0.015,-0.008,43,-38,3,0.015,-0.008
5553207,0,0,-0.475,-0.004,-0.007,0,0,0,0.003,0.013,0.008,0.015,-0.008,8,54,3,0.015,-0.008
5553217,0,0,-0.475,-0.004,-0.007,0,0,0,0.002,0.012,0.006,0.039,-0.034,52,-2,3,0.039,-0.034
5553227,0,0,-0.468,-0.004,-0.007,0,0,0,0.001,0.01,0.004,0.039,-0.034,-36,27,3,0.039,-0.034
5553237,0,0,-0.466,-0.004,-0.007,0,0,0.001,0.001,0.009,0.002,0.007,0.049,-23,15,3,0.007,0.049
5553247,0,0,-0.466,-0.004,-0.007,0,0,0.001,0.001,0.007,-0.001,0.047,-0.002,-23,15,3,0.047,-0.002
5553257,0,0,-0.466,-0.004,-0.007,0,0,0,0,0.005,-0.003,-0.033,0.025,3,-9,3,-0.033,0.025
5553267,0,0,-0.466,-0.004,-0.007,0,0,0,0.001,0.003,-0.004,-0.021,0.014,36,-19,3,-0.021,0.014
5553277,0,0,-0.466,-0.004,-0.007,0,0,0,-0.001,0.002,-0.004,-0.021,0.014,36,-19,3,-0.021,0.014
5553287,0,0,-0.466,-0.004,-0.007,0,0,0,0,0.001,-0.003,0.003,-0.008,36,-19,3,0.003,-0.008
5553297,0,0,-0.466,-0.004,-0.007,0,0,0,0,0.001,-0.003,0.033,-0.017,36,-19,3,0.033,-0.017
5553307,0,0,-0.466,-0.004,-0.007,0,0,0,0,0.001,-0.002,0.033,-0.017,1,-41,3,0.033,-0.017
5553317,0,0,-0.466,-0.004,-0.007,0,0,0,0,0,-0.002,0.033,-0.017,1,-41,3,0.033,-0.017
5553327,0,0,-0.466,-0.004,-0.007,0,0,0,0,0,-0.002,0.033,-0.017,-11,4,3,0.033,-0.017
5553337,0,0,-0.466,-0.004,-0.007,0,0,0,0,0,-0.002,0.001,-0.037,-11,4,3,0.001,-0.037
5553347,0.024,-0.117,-0.466,-0.004,-0.007,0,0,0,0,0,-0.002,0.001,-0.037,19,-16,3,0.001,-0.037
5553357,0.048,-0.235,-0.466,-0.004,-0.007,0,0,0,0,0,-0.002,-0.01,0.004,5,-2,3,-0.01,0.004
5553367,0.073,-0.352,-0.466,-0.004,-0.007,0,0,0,0,0,-0.002,-0.01,0.004,7,-8,3,-0.01,0.004
5553377,0.097,-0.47,-0.466,0.02,-0.077,0,0,0,0,0,-0.002,0.017,-0.015,-40,22,3,0.017,-0.015
5553387,0.121,-0.587,-0.466,0.048,-0.147,0,0,0,0,0.001,-0.003,0.005,-0.002,8,15,3,0.005,-0.002
5553397,0.121,-0.587,-0.466,0.061,-0.217,0,0,0,0,0.002,-0.007,0.006,-0.007,8,15,3,0.006,-0.007
5553407,0.121,-0.587,-0.466,0.089,-0.287,0,0,-0.001,0.001,0.003,-0.011,-0.036,0.02,8,15,3,-0.036,0.02
5553417,0.146,-0.705,-0.466,0.117,-0.357,0,0,-0.002,0.002,0.007,-0.019,0.007,0.014,32,20,3,0.007,0.014
5553427,0.17,-0.822,-0.464,0.117,-0.427,0,0,-0.002,0.003,0.011,-0.026,0.007,0.014,-38,-10,3,0.007,0.014
5553437,0.17,-0.822,-0.464,0.117,-0.497,0,0,-0.001,0.003,0.013,-0.035,0.007,0.014,-38,-10,3,0.007,0.014
5553447,0.22,-1.057,-0.462,0.145,-0.567,0,0,-0.001,0.003,0.016,-0.045,0.029,0.018,28,-31,3,0.029,0.018
5553457,0.246,-1.174,-0.462,0.159,-0.637,0.006,-0.01,0,-0.001,0.027,-0.064,-0.035,-0.009,49,-25,3,-0.035,-0.009
5553467,0.269,-1.292,-0.462,0.159,-0.707,0.018,-0.023,0.009,-0.011,0.032,-0.087,-0.034,-0.01,-42,-45,3,-0.034,-0.01
5553477,0.269,-1.292,-0.462,0.215,-0.777,0.027,-0.035,0.022,-0.025,0.036,-0.1,0.027,-0.03,-42,-45,3,0.027,-0.03
5553487,0.292,-1.41,-0.462,0.243,-0.847,0.035,-0.047,0.029,-0.039,0.048,-0.114,0.047,-0.026,46,-14,3,0.047,-0.026
5553497,0.292,-1.41,-0.462,0.257,-0.917,0.046,-0.062,0.038,-0.05,0.067,-0.147,-0.035,-0.045,46,-14,3,-0.035,-0.045
5553507,0.333,-1.646,-0.462,0.257,-0.987,0.051,-0.071,0.042,-0.061,0.081,-0.193,-0.034,-0.046,81,-35,3,-0.034,-0.046
5553517,0.333,-1.646,-0.462,0.285,-1.057,0.047,-0.073,0.042,-0.064,0.087,-0.245,0.046,-0.019,81,-35,3,0.046,-0.019
5553527,0.351,-1.765,-0.462,0.285,-1.127,0.048,-0.077,0.04,-0.065,0.094,-0.272,0.045,-0.019,25,-125,3,0.045,-0.019
5553537,0.368,-1.884,-0.462,0.327,-1.197,0.065,-0.11,0.052,-0.09,0.116,-0.32,0.078,-0.039,146,-158,3,0.078,-0.039
5553547,0.368,-1.884,-0.462,0.327,-1.267,0.078,-0.131,0.074,-0.111,0.132,-0.399,0.08,-0.042,146,-158,3,0.08,-0.042
5553557,0.39,-2.002,-0.462,0.341,-1.337,0.088,-0.14,0.081,-0.125,0.145,-0.473,0.03,-0.125,203,-81,3,0.03,-0.125
5553567,0.39,-2.002,-0.462,0.354,-1.407,0.105,-0.162,0.087,-0.142,0.198,-0.571,0.141,-0.156,203,-81,3,0.141,-0.156
5553577,0.411,-2.12,-0.462,0.354,-1.477,0.135,-0.204,0.115,-0.178,0.216,-0.668,0.143,-0.159,93,-309,3,0.143,-0.159
5553587,0.442,-2.236,-0.462,0.382,-1.547,0.17,-0.258,0.14,-0.225,0.213,-0.778,0.197,-0.093,200,-218,3,0.197,-0.093
5553597,0.463,-2.354,-0.462,0.382,-1.617,0.19,-0.292,0.187,-0.27,0.197,-0.896,0.201,-0.097,131,-317,3,0.201,-0.097
5553607,0.489,-2.472,-0.462,0.41,-1.687,0.165,-0.256,0.161,-0.266,0.22,-1.117,0.1,-0.305,204,-345,3,0.1,-0.305
5553617,0.506,-2.591,-0.462,0.438,-1.756,0.14,-0.223,0.156,-0.216,0.293,-1.365,0.196,-0.218,289,-344,3,0.196,-0.218
5553627,0.506,-2.591,-0.462,0.452,-1.826,0.147,-0.247,0.132,-0.233,0.346,-1.477,0.131,-0.308,289,-344,3,0.131,-0.308
5553637,0.506,-2.591,-0.462,0.48,-1.896,0.132,-0.226,0.125,-0.215,0.335,-1.513,0.198,-0.334,289,-344,3,0.198,-0.334
5553647,0.525,-2.709,-0.462,0.494,-1.966,0.104,-0.178,0.109,-0.183,0.327,-1.61,0.274,-0.33,210,-490,3,0.274,-0.33
5553657,0.553,-2.948,-0.462,0.494,-2.036,0.093,-0.161,0.074,-0.153,0.349,-1.723,0.269,-0.327,334,-542,3,0.269,-0.327
5553667,0.553,-2.948,-0.462,0.494,-2.106,0.137,-0.252,0.116,-0.187,0.37,-1.873,0.272,-0.328,334,-542,3,0.272,-0.328
5553677,0.566,-3.068,-0.462,0.522,-2.176,0.205,-0.383,0.173,-0.316,0.36,-2.118,0.205,-0.472,286,-653,3,0.205,-0.472
5553687,0.573,-3.189,-0.462,0.55,-2.246,0.26,-0.487,0.229,-0.422,0.323,-2.323,0.323,-0.53,329,-722,3,0.323,-0.53
5553697,0.573,-3.189,-0.462,0.55,-2.316,0.291,-0.549,0.29,-0.515,0.32,-2.393,0.33,-0.54,329,-722,3,0.33,-0.54
5553707,0.583,-3.309,-0.462,0.564,-2.386,0.244,-0.464,0.263,-0.486,0.35,-2.412,0.284,-0.64,481,-700,3,0.284,-0.64
5553717,0.584,-3.43,-0.462,0.564,-2.456,0.197,-0.386,0.199,-0.384,0.374,-2.4,0.318,-0.693,360,-893,3,0.318,-0.693
5553727,0.584,-3.552,-0.462,0.564,-2.526,0.22,-0.424,0.193,-0.4,0.34,-2.371,0.316,-0.692,419,-880,3,0.316,-0.692
5553737,0.588,-3.673,-0.462,0.577,-2.596,0.282,-0.541,0.257,-0.504,0.345,-2.399,0.46,-0.679,461,-940,3,0.46,-0.679
5553747,0.588,-3.673,-0.462,0.577,-2.666,0.304,-0.573,0.296,-0.578,0.379,-2.443,0.355,-0.863,461,-940,3,0.355,-0.863
5553757,0.585,-3.795,-0.462,0.577,-2.736,0.247,-0.464,0.273,-0.481,0.41,-2.538,0.406,-0.845,506,-1017,3,0.406,-0.845
5553767,0.58,-3.917,-0.462,0.577,-2.806,0.201,-0.378,0.21,-0.402,0.438,-2.637,0.439,-0.892,519,-1023,3,0.439,-0.892
5553777,0.58,-3.917,-0.462,0.577,-2.876,0.205,-0.393,0.188,-0.386,0.459,-2.66,0.437,-0.889,519,-1023,3,0.437,-0.889
5553787,0.567,-4.04,-0.462,0.577,-2.946,0.262,-0.511,0.236,-0.455,0.462,-2.651,0.481,-0.962,567,-1035,3,0.481,-0.962
5553797,0.567,-4.04,-0.462,0.577,-3.016,0.275,-0.537,0.282,-0.527,0.437,-2.732,0.497,-0.978,567,-1035,3,0.497,-0.978
5553807,0.559,-4.283,-0.462,0.577,-3.086,0.229,-0.452,0.23,-0.486,0.433,-2.877,0.494,-0.975,608,-1131,3,0.494,-0.975
5553817,0.561,-4.404,-0.462,0.577,-3.156,0.175,-0.347,0.181,-0.372,0.448,-3.042,0.533,-0.977,519,-1338,3,0.533,-0.977
5553827,0.561,-4.404,-0.462,0.577,-3.226,0.126,-0.252,0.136,-0.27,0.448,-3.21,0.529,-0.966,519,-1338,3,0.529,-0.966
5553837,0.577,-4.462,-0.462,0.568,-3.296,0.089,-0.18,0.096,-0.197,0.462,-3.404,0.563,-1.048,648,-1282,3,0.563,-1.048
5553847,0.577,-4.462,-0.462,0.568,-3.366,0.062,-0.127,0.069,-0.131,0.504,-3.553,0.48,-1.229,648,-1282,3,0.48,-1.229
5553857,0.579,-4.462,-0.462,0.568,-3.436,0.041,-0.083,0.052,-0.086,0.535,-3.518,0.476,-1.225,629,-1336,3,0.476,-1.225
5553867,0.579,-4.462,-0.462,0.568,-3.506,0.112,-0.236,0.088,-0.158,0.532,-3.43,0.595,-1.176,629,-1336,3,0.595,-1.176
5553877,0.61,-4.458,-0.462,0.568,-3.576,0.248,-0.525,0.198,-0.42,0.513,-3.477,0.605,-1.198,715,-1493,3,0.605,-1.198
5553887,0.61,-4.458,-0.462,0.568,-3.646,0.36,-0.772,0.327,-0.689,0.465,-3.591,0.6,-1.271,715,-1493,3,0.6,-1.271
5553897,0.624,-4.456,-0.462,0.568,-3.716,0.413,-0.887,0.405,-0.865,0.418,-3.703,0.608,-1.292,615,-1497,3,0.608,-1.292
5553907,0.655,-4.452,-0.462,0.609,-3.786,0.337,-0.724,0.359,-0.762,0.427,-3.853,0.684,-1.43,688,-1541,3,0.684,-1.43
5553917,0.689,-4.446,-0.462,0.609,-3.856,0.318,-0.688,0.321,-0.667,0.472,-3.969,0.679,-1.418,685,-1593,3,0.679,-1.418
5553927,0.689,-4.446,-0.462,0.623,-3.926,0.385,-0.844,0.348,-0.774,0.513,-3.949,0.59,-1.429,685,-1593,3,0.59,-1.429
5553937,0.718,-4.442,-0.462,0.651,-3.996,0.425,-0.935,0.413,-0.916,0.512,-3.911,0.664,-1.484,692,-1665,3,0.664,-1.484
5553947,0.751,-4.436,-0.462,0.651,-4.066,0.341,-0.762,0.365,-0.806,0.486,-4.034,0.66,-1.478,701,-1687,3,0.66,-1.478
5553957,0.781,-4.431,-0.462,0.679,-4.136,0.267,-0.594,0.285,-0.621,0.465,-4.196,0.65,-1.508,735,-1749,3,0.65,-1.508
5553967,0.802,-4.427,-0.462,0.707,-4.206,0.315,-0.715,0.299,-0.647,0.48,-4.288,0.656,-1.571,747,-1793,3,0.656,-1.571
5553977,0.802,-4.427,-0.462,0.749,-4.276,0.432,-1.01,0.395,-0.934,0.542,-4.226,0.671,-1.613,747,-1793,3,0.671,-1.613
5553987,0.829,-4.422,-0.462,0.777,-4.346,0.543,-1.291,0.497,-1.184,0.583,-4.115,0.711,-1.693,791,-1834,3,0.711,-1.693
5553997,0.829,-4.422,-0.462,0.791,-4.416,0.62,-1.484,0.588,-1.399,0.538,-4.138,0.731,-1.754,791,-1834,3,0.731,-1.754
5554007,0.866,-4.415,-0.462,0.791,-4.416,0.636,-1.525,0.637,-1.519,0.445,-4.289,0.737,-1.767,690,-1910,3,0.737,-1.767
5554017,0.866,-4.415,-0.462,0.819,-4.416,0.518,-1.245,0.556,-1.321,0.389,-4.4,0.772,-1.792,690,-1910,3,0.772,-1.792
5554027,0.871,-4.414,-0.462,0.819,-4.416,0.462,-1.134,0.488,-1.172,0.408,-4.429,0.765,-1.777,816,-1918,3,0.765,-1.777
5554037,0.86,-4.416,-0.462,0.861,-4.416,0.355,-0.881,0.391,-0.957,0.459,-4.416,0.664,-1.828,817,-2021,3,0.664,-1.828
5554047,0.86,-4.416,-0.462,0.861,-4.416,0.27,-0.685,0.302,-0.733,0.516,-4.405,0.656,-1.806,817,-2021,3,0.656,-1.806
5554057,0.831,-4.422,-0.462,0.861,-4.416,0.322,-0.876,0.317,-0.791,0.5,-4.408,0.768,-1.811,800,-2017,3,0.768,-1.811
5554067,0.831,-4.422,-0.462,0.861,-4.416,0.382,-1.083,0.363,-1.032,0.466,-4.499,0.774,-1.928,800,-2017,3,0.774,-1.928
5554077,0.797,-4.428,-0.462,0.861,-4.416,0.333,-0.958,0.341,-0.979,0.42,-4.608,0.775,-1.928,807,-2105,3,0.775,-1.928
5554087,0.756,-4.435,-0.462,0.841,-4.416,0.351,-1.051,0.341,-0.993,0.387,-4.657,0.758,-1.923,798,-2188,3,0.758,-1.923
5554097,0.722,-4.441,-0.462,0.841,-4.416,0.388,-1.204,0.392,-1.183,0.376,-4.725,0.763,-1.938,742,-2150,3,0.763,-1.938
5554107,0.671,-4.449,-0.462,0.811,-4.416,0.374,-1.169,0.376,-1.158,0.397,-4.8,0.769,-2.019,725,-2198,3,0.769,-2.019
5554117,0.629,-4.455,-0.462,0.781,-4.43,0.443,-1.391,0.423,-1.305,0.439,-4.744,0.762,-2.103,677,-2361,3,0.762,-2.103
5554127,0.629,-4.455,-0.462,0.741,-4.43,0.51,-1.61,0.493,-1.513,0.451,-4.692,0.718,-2.089,677,-2361,3,0.718,-2.089
5554137,0.629,-4.455,-0.462,0.701,-4.444,0.567,-1.81,0.555,-1.758,0.407,-4.751,0.708,-2.153,677,-2361,3,0.708,-2.153
5554147,0.596,-4.46,-0.462,0.651,-4.444,0.595,-1.917,0.581,-1.872,0.384,-4.908,0.668,-2.315,702,-2329,3,0.668,-2.315
5554157,0.535,-4.467,-0.462,0.651,-4.444,0.624,-2.028,0.6,-1.987,0.366,-4.976,0.67,-2.325,692,-2436,3,0.67,-2.325
5554167,0.516,-4.47,-0.462,0.651,-4.444,0.645,-2.115,0.623,-2.086,0.396,-4.867,0.672,-2.334,678,-2456,3,0.672,-2.334
5554177,0.516,-4.47,-0.462,0.621,-4.458,0.661,-2.191,0.656,-2.167,0.429,-4.737,0.698,-2.312,678,-2456,3,0.698,-2.312
5554187,0.494,-4.472,-0.462,0.571,-4.458,0.685,-2.267,0.676,-2.24,0.458,-4.744,0.69,-2.417,681,-2492,3,0.69,-2.417
5554197,0.494,-4.472,-0.462,0.541,-4.458,0.702,-2.32,0.696,-2.292,0.48,-4.756,0.679,-2.44,681,-2492,3,0.679,-2.44
5554207,0.476,-4.474,-0.462,0.541,-4.458,0.726,-2.354,0.703,-2.338,0.52,-4.742,0.68,-2.445,687,-2490,3,0.68,-2.445
5554217,0.476,-4.474,-0.462,0.511,-4.472,0.745,-2.391,0.739,-2.367,0.54,-4.714,0.685,-2.479,687,-2490,3,0.685,-2.479
5554227,0.443,-4.478,-0.462,0.511,-4.472,0.759,-2.424,0.743,-2.402,0.548,-4.727,0.687,-2.484,684,-2584,3,0.687,-2.484
5554237,0.425,-4.479,-0.462,0.491,-4.472,0.758,-2.452,0.757,-2.444,0.522,-4.792,0.694,-2.486,698,-2603,3,0.694,-2.486
5554247,0.425,-4.479,-0.462,0.491,-4.472,0.762,-2.475,0.758,-2.46,0.504,-4.865,0.694,-2.487,698,-2603,3,0.694,-2.487
5554257,0.403,-4.481,-0.462,0.461,-4.472,0.776,-2.502,0.773,-2.49,0.494,-4.849,0.692,-2.574,746,-2646,3,0.692,-2.574
5554267,0.403,-4.481,-0.462,0.441,-4.472,0.785,-2.503,0.77,-2.502,0.5,-4.885,0.705,-2.594,746,-2646,3,0.705,-2.594
5554277,0.385,-4.483,-0.462,0.441,-4.472,0.794,-2.514,0.774,-2.499,0.493,-4.941,0.705,-2.594,691,-2633,3,0.705,-2.594
5554287,0.375,-4.484,-0.462,0.421,-4.472,0.798,-2.545,0.787,-2.517,0.497,-4.952,0.75,-2.634,715,-2700,3,0.75,-2.634
5554297,0.375,-4.484,-0.462,0.421,-4.472,0.809,-2.558,0.809,-2.556,0.49,-4.953,0.752,-2.637,715,-2700,3,0.752,-2.637
5554307,0.365,-4.485,-0.462,0.401,-4.472,0.812,-2.55,0.807,-2.543,0.498,-5.048,0.702,-2.625,723,-2709,3,0.702,-2.625
5554317,0.365,-4.485,-0.462,0.391,-4.472,0.822,-2.558,0.821,-2.545,0.489,-5.13,0.725,-2.686,723,-2709,3,0.725,-2.686
5554327,0.365,-4.485,-0.462,0.391,-4.472,0.832,-2.568,0.837,-2.558,0.512,-5.128,0.726,-2.687,723,-2709,3,0.726,-2.687
5554337,0.365,-4.485,-0.462,0.381,-4.472,0.846,-2.601,0.839,-2.591,0.543,-5.089,0.734,-2.698,723,-2709,3,0.734,-2.698
5554347,0.365,-4.485,-0.462,0.381,-4.472,0.864,-2.63,0.851,-2.615,0.569,-5.085,0.734,-2.7,723,-2709,3,0.734,-2.7
5554357,0.365,-4.485,-0.462,0.381,-4.472,0.888,-2.644,0.882,-2.633,0.528,-5.137,0.737,-2.701,723,-2709,3,0.737,-2.701
5554367,0.365,-4.485,-0.462,0.381,-4.472,0.902,-2.657,0.895,-2.647,0.515,-5.173,0.738,-2.703,723,-2709,3,0.738,-2.703
5554377,0.407,-4.395,-0.462,0.381,-4.472,0.916,-2.673,0.911,-2.659,0.549,-5.175,0.74,-2.704,840,-2871,3,0.74,-2.704
5554387,0.419,-4.308,-0.462,0.381,-4.472,0.919,-2.665,0.913,-2.657,0.584,-5.203,0.74,-2.704,839,-2830,3,0.74,-2.704
5554397,0.419,-4.308,-0.462,0.381,-4.472,0.927,-2.672,0.922,-2.658,0.58,-5.225,0.741,-2.705,839,-2830,3,0.741,-2.705
5554407,0.46,-4.424,-0.462,0.395,-4.422,0.942,-2.7,0.941,-2.687,0.561,-5.268,0.849,-2.854,815,-2891,3,0.849,-2.854
5554417,0.477,-4.336,-0.462,0.409,-4.372,0.959,-2.706,0.962,-2.701,0.547,-5.322,0.849,-2.818,961,-2869,3,0.849,-2.818
5554427,0.477,-4.336,-0.462,0.409,-4.342,0.974,-2.725,0.975,-2.707,0.555,-5.294,0.85,-2.818,961,-2869,3,0.85,-2.818
5554437,0.495,-4.248,-0.462,0.451,-4.412,0.995,-2.775,0.986,-2.754,0.573,-5.212,0.83,-2.877,878,-2928,3,0.83,-2.877
5554447,0.524,-4.365,-0.462,0.465,-4.362,1.005,-2.8,0.989,-2.789,0.581,-5.155,0.964,-2.861,963,-2916,3,0.964,-2.861
5554457,0.534,-4.278,-0.462,0.465,-4.362,1.005,-2.815,1.008,-2.808,0.562,-5.142,0.965,-2.863,915,-2933,3,0.965,-2.863
5554467,0.525,-4.192,-0.462,0.493,-4.312,1.012,-2.818,1.008,-2.803,0.531,-5.164,0.89,-2.916,967,-2960,3,0.89,-2.916
5554477,0.525,-4.192,-0.462,0.521,-4.353,1.012,-2.811,1.017,-2.802,0.495,-5.208,0.968,-2.906,967,-2960,3,0.968,-2.906
5554487,0.515,-4.107,-0.462,0.521,-4.303,1.009,-2.802,1.012,-2.797,0.479,-5.248,0.924,-2.921,1024,-2987,3,0.924,-2.921
5554497,0.515,-4.107,-0.462,0.521,-4.253,1.001,-2.832,0.996,-2.815,0.486,-5.216,0.97,-2.946,1024,-2987,3,0.97,-2.946
5554507,0.501,-4.143,-0.462,0.521,-4.233,0.993,-2.858,0.98,-2.838,0.532,-5.099,0.969,-2.949,850,-3067,3,0.969,-2.949
5554517,0.501,-4.143,-0.462,0.521,-4.183,0.981,-2.864,0.98,-2.857,0.506,-5.005,1.021,-2.975,850,-3067,3,1.021,-2.975
5554527,0.47,-4.061,-0.462,0.521,-4.144,0.972,-2.845,0.981,-2.86,0.444,-5.029,1.02,-2.976,978,-3012,3,1.02,-2.976
5554537,0.458,-4.183,-0.462,0.511,-4.144,0.96,-2.831,0.964,-2.824,0.369,-5.063,0.861,-3.044,889,-2997,3,0.861,-3.044
5554547,0.458,-4.183,-0.462,0.511,-4.144,0.948,-2.862,0.973,-2.852,0.366,-4.951,0.861,-3.047,889,-2997,3,0.861,-3.047
5554557,0.427,-4.1,-0.462,0.491,-4.094,0.937,-2.88,0.943,-2.87,0.432,-4.734,0.975,-2.999,0,-4,3,0.975,-2.999
5554567,0.386,-4.018,-0.462,0.471,-4.164,0.925,-2.899,0.927,-2.889,0.484,-4.603,0.892,-2.987,1656,-6037,3,0.892,-2.987
5554577,0.386,-4.018,-0.462,0.471,-4.177,0.911,-2.905,0.915,-2.901,0.482,-4.609,0.892,-2.989,1656,-6037,3,0.892,-2.989
5554587,0.328,-4.057,-0.462,0.441,-4.127,0.902,-2.935,0.908,-2.928,0.459,-4.686,0.083,-0.27,791,-3117,3,0.083,-0.27
5554597,0.328,-4.057,-0.462,0.411,-4.077,0.896,-2.967,0.913,-2.959,0.419,-4.897,1.588,-5.756,791,-3117,3,1.588,-5.756
5554607,0.307,-3.973,-0.462,0.411,-4.057,0.891,-2.995,0.896,-2.964,0.391,-4.848,1.587,-5.757,746,-2921,3,1.587,-5.757
5554617,0.286,-3.889,-0.462,0.361,-4.057,0.887,-2.99,0.895,-3.036,0.361,-4.022,0.801,-3.108,787,-3200,3,0.801,-3.108
5554627,0.286,-3.889,-0.462,0.361,-4.057,0.892,-2.977,0.89,-2.997,0.31,-2.983,0.8,-3.108,787,-3200,3,0.8,-3.108
5554637,0.316,-4.007,-0.462,0.331,-4.007,0.895,-2.94,0.901,-2.968,0.15,-2.253,0.759,-2.927,787,-3065,3,0.759,-2.927
5554647,0.316,-4.007,-0.462,0.301,-3.957,0.888,-2.876,0.92,-2.899,0.044,-2.296,0.798,-3.174,787,-3065,3,0.798,-3.174
5554657,0.378,-3.829,-0.462,0.301,-3.928,0.889,-2.821,0.905,-2.812,0.119,-2.916,0.797,-3.167,905,-2923,3,0.797,-3.167
5554667,0.392,-3.948,-0.462,0.315,-3.998,0.889,-2.806,0.882,-2.82,0.222,-3.438,0.795,-3.042,803,-2834,3,0.795,-3.042
5554677,0.392,-3.948,-0.462,0.315,-3.998,0.887,-2.831,0.877,-2.851,0.344,-3.723,0.796,-3.046,803,-2834,3,0.796,-3.046
5554687,0.416,-3.86,-0.462,0.371,-3.948,0.875,-2.841,0.873,-2.832,0.408,-3.993,0.902,-2.915,804,-2789,3,0.902,-2.915
5554697,0.416,-3.86,-0.462,0.385,-3.948,0.851,-2.827,0.869,-2.813,0.349,-4.32,0.809,-2.832,804,-2789,3,0.809,-2.832
5554707,0.408,-3.774,-0.462,0.385,-3.948,0.843,-2.811,0.855,-2.812,0.283,-4.677,0.808,-2.833,679,-2961,3,0.808,-2.833
5554717,0.421,-3.687,-0.462,0.413,-3.898,0.834,-2.792,0.821,-2.796,0.252,-4.915,0.807,-2.791,920,-2800,3,0.807,-2.791
5554727,0.431,-3.806,-0.462,0.413,-3.888,0.826,-2.796,0.83,-2.79,0.261,-4.937,0.807,-2.789,764,-2789,3,0.807,-2.789
5554737,0.4,-3.724,-0.462,0.413,-3.838,0.817,-2.818,0.826,-2.807,0.279,-4.879,0.692,-2.946,773,-2930,3,0.692,-2.946
5554747,0.4,-3.724,-0.462,0.413,-3.788,0.808,-2.828,0.82,-2.816,0.315,-4.9,0.91,-2.801,773,-2930,3,0.91,-2.801
5554757,0.394,-3.638,-0.462,0.427,-3.801,0.799,-2.818,0.804,-2.809,0.324,-4.968,0.767,-2.791,729,-2873,3,0.767,-2.791
5554767,0.391,-3.759,-0.462,0.417,-3.751,0.796,-2.843,0.813,-2.846,0.332,-4.973,0.777,-2.921,816,-2908,3,0.777,-2.921
5554777,0.391,-3.759,-0.462,0.417,-3.751,0.787,-2.836,0.789,-2.846,0.355,-4.844,0.775,-2.923,816,-2908,3,0.775,-2.923
5554787,0.38,-3.674,-0.462,0.407,-3.701,0.785,-2.847,0.788,-2.841,0.378,-4.717,0.735,-2.87,733,-2929,3,0.735,-2.87
5554797,0.38,-3.674,-0.462,0.397,-3.757,0.79,-2.839,0.779,-2.833,0.356,-4.662,0.813,-2.901,733,-2929,3,0.813,-2.901
5554807,0.381,-3.708,-0.462,0.397,-3.757,0.78,-2.812,0.783,-2.812,0.313,-4.652,0.813,-2.9,650,-2972,3,0.813,-2.9
5554817,0.374,-3.623,-0.462,0.387,-3.707,0.764,-2.809,0.792,-2.832,0.314,-4.535,0.738,-2.919,705,-2891,3,0.738,-2.919
5554827,0.374,-3.623,-0.462,0.387,-3.707,0.75,-2.826,0.753,-2.835,0.374,-4.347,0.735,-2.92,705,-2891,3,0.735,-2.92
5554837,0.374,-3.623,-0.462,0.387,-3.707,0.74,-2.845,0.751,-2.855,0.395,-4.26,0.659,-2.961,705,-2891,3,0.659,-2.961
5554847,0.374,-3.623,-0.462,0.387,-3.657,0.734,-2.846,0.741,-2.836,0.389,-4.292,0.708,-2.886,705,-2891,3,0.708,-2.886
5554857,0.374,-3.623,-0.462,0.387,-3.647,0.719,-2.833,0.727,-2.815,0.371,-4.303,0.707,-2.884,705,-2891,3,0.707,-2.884
5554867,0.374,-3.623,-0.462,0.387,-3.647,0.719,-2.845,0.717,-2.852,0.371,-4.216,0.706,-2.887,705,-2891,3,0.706,-2.887
5554877,0.374,-3.623,-0.462,0.387,-3.647,0.714,-2.87,0.721,-2.857,0.411,-4.093,0.706,-2.89,705,-2891,3,0.706,-2.89
5554887,0.326,-3.49,-0.462,0.387,-3.647,0.7,-2.871,0.707,-2.873,0.43,-4.049,0.705,-2.889,696,-2783,3,0.705,-2.889
5554897,0.301,-3.406,-0.462,0.387,-3.647,0.686,-2.858,0.701,-2.86,0.404,-4.107,0.705,-2.888,645,-2897,3,0.705,-2.888
5554907,0.289,-3.527,-0.462,0.387,-3.647,0.677,-2.829,0.688,-2.825,0.38,-4.188,0.703,-2.886,628,-2978,3,0.703,-2.886
5554917,0.289,-3.527,-0.462,0.347,-3.597,0.677,-2.857,0.69,-2.879,0.376,-4.149,0.695,-2.79,628,-2978,3,0.695,-2.79
5554927,0.268,-3.443,-0.462,0.317,-3.547,0.676,-2.878,0.665,-2.877,0.406,-4.037,0.647,-2.895,703,-2737,3,0.647,-2.895
5554937,0.25,-3.358,-0.462,0.297,-3.537,0.663,-2.885,0.663,-2.874,0.389,-4.006,0.631,-2.968,0,-3,3,0.631,-2.968
5554947,0.244,-3.479,-0.462,0.297,-3.537,0.647,-2.909,0.654,-2.903,0.338,-4.039,0.631,-2.971,1248,-5840,3,0.631,-2.971
5554957,0.241,-3.393,-0.462,0.277,-3.487,0.631,-2.917,0.645,-2.905,0.296,-4.022,0.698,-2.753,638,-2886,3,0.698,-2.753
5554967,0.219,-3.309,-0.462,0.267,-3.437,0.627,-2.948,0.63,-2.952,0.307,-3.938,0.058,-0.271,627,-2788,3,0.058,-0.271
5554977,0.219,-3.309,-0.462,0.257,-3.465,0.62,-2.949,0.622,-2.957,0.296,-4.141,1.19,-5.578,627,-2788,3,1.19,-5.578
5554987,0.205,-3.224,-0.462,0.247,-3.415,0.624,-2.922,0.618,-2.909,0.207,-4.325,0.636,-2.889,606,-2888,3,0.636,-2.889
5554997,0.205,-3.224,-0.462,0.227,-3.365,0.614,-2.854,0.63,-2.89,0.112,-3.934,0.627,-2.797,606,-2888,3,0.627,-2.797
5555007,0.18,-3.26,-0.462,0.227,-3.345,0.601,-2.818,0.622,-2.865,0.14,-3.545,0.627,-2.796,537,-2729,3,0.627,-2.796
5555017,0.18,-3.26,-0.462,0.217,-3.295,0.594,-2.839,0.587,-2.827,0.199,-3.418,0.605,-2.883,537,-2729,3,0.605,-2.883
5555027,0.156,-3.175,-0.462,0.217,-3.265,0.587,-2.848,0.597,-2.844,0.224,-3.442,0.605,-2.883,599,-2960,3,0.605,-2.883
5555037,0.141,-3.09,-0.462,0.197,-3.265,0.575,-2.837,0.585,-2.847,0.198,-3.49,0.541,-2.74,573,-2904,3,0.541,-2.74
5555047,0.141,-3.09,-0.462,0.197,-3.265,0.562,-2.834,0.569,-2.84,0.182,-3.525,0.54,-2.739,573,-2904,3,0.54,-2.739
5555057,0.13,-3.211,-0.462,0.177,-3.215,0.538,-2.807,0.547,-2.835,0.164,-3.563,0.594,-2.949,501,-2751,3,0.594,-2.949
5555067,0.13,-3.211,-0.462,0.157,-3.165,0.517,-2.805,0.551,-2.822,0.181,-3.562,0.571,-2.897,501,-2751,3,0.571,-2.897
5555077,0.092,-3.041,-0.462,0.157,-3.136,0.504,-2.79,0.496,-2.796,0.19,-3.52,0.566,-2.894,530,-2914,3,0.566,-2.894
5555087,0.092,-3.041,-0.462,0.147,-3.205,0.496,-2.758,0.49,-2.761,0.167,-3.471,0.5,-2.752,530,-2914,3,0.5,-2.752
5555097,0.085,-3.161,-0.462,0.147,-3.205,0.48,-2.756,0.475,-2.749,0.112,-3.483,0.499,-2.751,434,-2786,3,0.499,-2.751
5555107,0.068,-3.075,-0.462,0.118,-3.155,0.466,-2.766,0.494,-2.753,0.067,-3.569,0.527,-2.899,388,-2763,3,0.527,-2.899
5555117,0.059,-2.99,-0.462,0.118,-3.105,0.464,-2.785,0.482,-2.818,0.101,-3.554,0.527,-2.906,500,-2785,3,0.527,-2.906
5555127,0.059,-2.99,-0.462,0.098,-3.147,0.467,-2.8,0.43,-2.783,0.168,-3.444,0.434,-2.786,500,-2785,3,0.434,-2.786
5555137,0.047,-2.904,-0.462,0.078,-3.097,0.453,-2.767,0.448,-2.791,0.188,-3.343,0.394,-2.766,460,-2829,3,0.394,-2.766
5555147,0.047,-2.904,-0.462,0.068,-3.047,0.432,-2.713,0.443,-2.738,0.161,-3.375,0.495,-2.781,460,-2829,3,0.495,-2.781
5555157,0.045,-2.939,-0.462,0.068,-3.027,0.42,-2.693,0.444,-2.692,0.124,-3.459,0.494,-2.778,383,-2698,3,0.494,-2.778
5555168,0.037,-2.853,-0.462,0.058,-2.977,0.422,-2.686,0.419,-2.691,0.137,-3.427,0.458,-2.816,385,-2699,3,0.458,-2.816
5555177,0.037,-2.853,-0.462,0.058,-2.947,0.415,-2.688,0.406,-2.704,0.158,-3.305,0.455,-2.817,385,-2699,3,0.455,-2.817
5555187,0.032,-2.767,-0.462,0.058,-2.947,0.41,-2.688,0.419,-2.701,0.134,-3.253,0.386,-2.699,479,-2764,3,0.386,-2.699
5555197,0.032,-2.767,-0.462,0.048,-2.897,0.403,-2.677,0.406,-2.689,0.083,-3.252,0.387,-2.698,479,-2764,3,0.387,-2.698
5555207,0.033,-2.887,-0.462,0.048,-2.888,0.399,-2.662,0.414,-2.656,0.076,-3.276,0.388,-2.696,328,-2778,3,0.388,-2.696
5555217,0.03,-2.802,-0.462,0.038,-2.838,0.394,-2.641,0.396,-2.646,0.1,-3.263,0.472,-2.755,381,-2671,3,0.472,-2.755
5555227,0.028,-2.716,-0.462,0.038,-2.808,0.385,-2.638,0.378,-2.641,0.118,-3.212,0.469,-2.753,409,-2730,3,0.469,-2.753
5555237,0.023,-2.63,-0.462,0.038,-2.878,0.372,-2.615,0.378,-2.621,0.097,-3.155,0.333,-2.765,402,-2687,3,0.333,-2.765
5555247,0.023,-2.63,-0.462,0.038,-2.828,0.363,-2.614,0.388,-2.623,0.072,-3.121,0.381,-2.666,402,-2687,3,0.381,-2.666
5555257,0.021,-2.75,-0.462,0.038,-2.778,0.361,-2.612,0.359,-2.617,0.086,-3.098,0.406,-2.72,0,-2,3,0.406,-2.72
5555267,0.017,-2.665,-0.462,0.028,-2.728,0.36,-2.593,0.354,-2.593,0.096,-3.092,0.398,-2.679,720,-5347,3,0.398,-2.679
5555277,0.017,-2.665,-0.462,0.028,-2.678,0.354,-2.548,0.351,-2.556,0.074,-3.069,0.398,-2.677,720,-5347,3,0.398,-2.677
5555287,0.016,-2.579,-0.462,0.028,-2.748,0.341,-2.544,0.347,-2.561,0.05,-3.051,0.031,-0.235,379,-2628,3,0.031,-0.235
5555297,0.016,-2.579,-0.462,0.028,-2.698,0.325,-2.567,0.344,-2.547,0.035,-3.317,0.686,-5.092,379,-2628,3,0.686,-5.092
5555307,0.006,-2.613,-0.462,0.028,-2.698,0.312,-2.567,0.316,-2.543,-0.011,-3.468,0.684,-5.093,604,-5234,3,0.684,-5.093
5555317,-0.004,-2.528,-0.462,0.028,-2.648,0.303,-2.557,0.298,-2.61,-0.034,-2.804,0.372,-2.627,359,-2662,3,0.372,-2.627
5555327,-0.004,-2.528,-0.462,0.028,-2.618,0.3,-2.562,0.308,-2.599,-0.072,-1.876,0.372,-2.625,359,-2662,3,0.372,-2.625
5555337,-0.004,-2.528,-0.462,0.018,-2.618,0.297,-2.532,0.295,-2.55,-0.254,-1.193,0.576,-4.991,359,-2662,3,0.576,-4.991
5555347,-0.004,-2.528,-0.462,0.008,-2.568,0.294,-2.484,0.305,-2.498,-0.53,-0.565,0.354,-2.648,359,-2662,3,0.354,-2.648
5555357,-0.004,-2.528,-0.462,0.008,-2.558,0.299,-2.428,0.322,-2.473,-0.707,-0.031,0.357,-2.645,359,-2662,3,0.357,-2.645
5555367,-0.004,-2.528,-0.462,0.008,-2.558,0.297,-2.374,0.288,-2.443,-0.601,-0.244,0.352,-2.644,359,-2662,3,0.352,-2.644
5555377,-0.014,-2.442,-0.462,0.008,-2.558,0.278,-2.348,0.277,-2.352,-0.356,-1.017,0.352,-2.635,0,-2,3,0.352,-2.635
5555387,-0.019,-2.39,-0.462,0.008,-2.558,0.253,-2.323,0.253,-2.314,-0.224,-1.73,0.35,-2.631,262,-2277,3,0.35,-2.631
5555397,-0.032,-2.304,-0.462,0.008,-2.558,0.223,-2.312,0.239,-2.328,-0.199,-2.181,0.348,-2.632,269,-2347,3,0.348,-2.632
5555407,-0.056,-2.424,-0.462,-0.002,-2.508,0.196,-2.316,0.206,-2.326,-0.176,-2.477,0.019,-0.213,202,-2256,3,0.019,-0.213
5555417,-0.056,-2.424,-0.462,-0.016,-2.458,0.175,-2.322,0.185,-2.328,-0.156,-2.899,0.257,-2.28,202,-2256,3,0.257,-2.28
5555427,-0.091,-2.337,-0.462,-0.03,-2.408,0.166,-2.31,0.17,-2.303,-0.135,-3.497,0.26,-2.344,189,-2180,3,0.26,-2.344
5555437,-0.122,-2.25,-0.462,-0.044,-2.422,0.164,-2.294,0.158,-2.286,-0.141,-4.064,0.198,-2.259,160,-2286,3,0.198,-2.259
5555447,-0.146,-2.163,-0.462,-0.044,-2.422,0.16,-2.276,0.155,-2.267,-0.12,-4.383,0.198,-2.257,196,-2289,3,0.198,-2.257
5555457,-0.173,-2.281,-0.462,-0.086,-2.372,0.156,-2.265,0.151,-2.258,-0.088,-4.368,0.186,-2.186,76,-2193,3,0.186,-2.186
5555467,-0.173,-2.281,-0.462,-0.113,-2.322,0.16,-2.272,0.17,-2.292,-0.049,-4.057,0.161,-2.286,76,-2193,3,0.161,-2.286
5555477,-0.179,-2.194,-0.462,-0.141,-2.272,0.168,-2.286,0.173,-2.275,-0.014,-3.701,0.194,-2.288,75,-2200,3,0.194,-2.288
5555487,-0.184,-2.108,-0.462,-0.169,-2.272,0.176,-2.294,0.174,-2.285,0.01,-3.448,0.085,-2.201,175,-2343,3,0.085,-2.201
5555497,-0.184,-2.108,-0.462,-0.169,-2.272,0.181,-2.299,0.171,-2.297,0.005,-3.314,0.085,-2.203,175,-2343,3,0.085,-2.203
5555507,-0.193,-2.142,-0.462,-0.169,-2.222,0.18,-2.284,0.165,-2.287,-0.006,-3.22,0.083,-2.207,137,-2271,3,0.083,-2.207
5555517,-0.193,-2.142,-0.462,-0.183,-2.172,0.175,-2.289,0.191,-2.312,0.011,-3.061,0.177,-2.339,137,-2271,3,0.177,-2.339
5555527,-0.191,-2.056,-0.462,-0.183,-2.142,0.171,-2.283,0.178,-2.282,0.035,-2.882,0.176,-2.337,38,-2337,3,0.176,-2.337
5555537,-0.185,-1.97,-0.462,-0.183,-2.142,0.173,-2.276,0.176,-2.277,0.012,-2.736,0.14,-2.272,183,-2304,3,0.14,-2.272
5555547,-0.185,-1.97,-0.462,-0.183,-2.142,0.174,-2.227,0.177,-2.232,-0.023,-2.628,0.14,-2.269,183,-2304,3,0.14,-2.269
5555557,-0.179,-1.885,-0.462,-0.183,-2.092,0.171,-2.198,0.177,-2.234,-0.026,-2.532,0.051,-2.327,203,-2331,3,0.051,-2.327
5555567,-0.179,-1.885,-0.462,-0.183,-2.042,0.165,-2.203,0.165,-2.212,-0.008,-2.441,0.181,-2.296,203,-2331,3,0.181,-2.296
5555577,-0.192,-2.004,-0.462,-0.183,-2.012,0.155,-2.194,0.167,-2.2,-0.028,-2.35,0.182,-2.296,91,-2242,3,0.182,-2.296
5555587,-0.186,-1.918,-0.462,-0.183,-1.962,0.133,-1.957,0.149,-2.057,-0.075,-2.263,0.199,-2.312,169,-2257,3,0.199,-2.312
5555597,-0.182,-1.833,-0.462,-0.183,-1.922,0.1,-1.489,0.131,-1.666,-0.123,-2.187,0.197,-2.279,134,-2350,3,0.197,-2.279
5555607,-0.175,-1.747,-0.462,-0.183,-1.992,0.079,-1.25,0.076,-1.349,-0.124,-2.149,0.09,-2.165,198,-2143,3,0.09,-2.165
5555617,-0.192,-1.866,-0.462,-0.183,-1.942,0.081,-1.372,0.076,-1.324,-0.144,-2.122,0.16,-2.17,118,-2213,3,0.16,-2.17
5555627,-0.192,-1.866,-0.462,-0.183,-1.892,0.079,-1.422,0.081,-1.432,-0.203,-2.081,0.129,-2.266,118,-2213,3,0.129,-2.266
5555637,-0.187,-1.78,-0.462,-0.183,-1.842,0.06,-1.159,0.099,-1.258,-0.251,-2.034,0.188,-2.068,65,-2236,3,0.188,-2.068
5555647,-0.187,-1.78,-0.462,-0.183,-1.856,0.042,-0.972,0.049,-1.04,-0.221,-2.029,0.112,-2.108,65,-2236,3,0.112,-2.108
5555657,-0.193,-1.636,-0.462,-0.183,-1.856,0.042,-1.123,0.026,-1.094,-0.187,-2.052,0.11,-2.107,113,-2027,3,0.11,-2.107
5555667,-0.193,-1.636,-0.462,-0.183,-1.806,0.043,-1.169,0.034,-1.173,-0.189,-2.06,0.063,-2.14,113,-2027,3,0.063,-2.14
5555677,-0.196,-1.563,-0.462,-0.183,-1.806,0.034,-0.939,0.035,-1.016,-0.221,-2.051,0.063,-2.13,67,-2120,3,0.063,-2.13
5555687,-0.223,-1.661,-0.462,-0.183,-1.756,0.032,-0.821,0.047,-0.866,-0.222,-2.021,0.106,-1.922,19,-2117,3,0.106,-1.922
5555697,-0.223,-1.661,-0.462,-0.183,-1.706,0.034,-1.027,0.052,-0.965,-0.197,-2.002,0.108,-1.928,19,-2117,3,0.108,-1.928
5555707,-0.226,-1.588,-0.462,-0.183,-1.656,0.035,-1.272,0.036,-1.198,-0.197,-2.005,0.064,-2.031,20,-1902,3,0.064,-2.031
5555717,-0.226,-1.588,-0.462,-0.211,-1.656,0.031,-1.465,0.021,-1.404,-0.228,-1.989,0.02,-2.047,20,-1902,3,0.02,-2.047
5555727,-0.229,-1.443,-0.462,-0.211,-1.656,0.02,-1.6,0.035,-1.566,-0.25,-1.947,0.02,-2.065,33,-1954,3,0.02,-2.065
5555737,-0.226,-1.371,-0.462,-0.225,-1.616,0.003,-1.469,0.022,-1.524,-0.249,-1.904,0.02,-1.871,-132,-1918,3,0.02,-1.871
5555747,-0.226,-1.371,-0.462,-0.225,-1.616,-0.009,-1.205,0.01,-1.308,-0.236,-1.875,0.019,-1.852,-132,-1918,3,0.019,-1.852
5555757,-0.254,-1.468,-0.462,-0.225,-1.566,-0.015,-1.032,-0.009,-1.082,-0.236,-1.873,0.029,-1.878,-28,-1906,3,0.029,-1.878
5555767,-0.254,-1.468,-0.462,-0.225,-1.516,-0.017,-0.935,-0.027,-0.975,-0.242,-1.885,-0.122,-1.834,-28,-1906,3,-0.122,-1.834
5555777,-0.253,-1.395,-0.462,-0.225,-1.466,-0.025,-0.903,-0.021,-0.9,-0.235,-1.895,-0.122,-1.824,-68,-1854,3,-0.122,-1.824
5555787,-0.249,-1.323,-0.462,-0.253,-1.466,-0.036,-1.072,-0.03,-1.027,-0.217,-1.879,-0.027,-1.823,-71,-1929,3,-0.027,-1.823
5555797,-0.249,-1.323,-0.462,-0.253,-1.466,-0.041,-1.134,-0.035,-1.143,-0.204,-1.852,-0.028,-1.836,-71,-1929,3,-0.028,-1.836
5555807,-0.236,-1.181,-0.462,-0.253,-1.416,-0.034,-1.041,-0.031,-1.06,-0.191,-1.825,-0.065,-1.783,0,-1,3,-0.065,-1.783
5555817,-0.263,-1.277,-0.462,-0.253,-1.366,-0.03,-1.043,-0.031,-1.056,-0.181,-1.796,-0.068,-1.85,-171,-3683,3,-0.068,-1.85
5555827,-0.263,-1.277,-0.462,-0.253,-1.356,-0.039,-1.055,-0.045,-1.067,-0.169,-1.756,-0.069,-1.848,-171,-3683,3,-0.069,-1.848
5555837,-0.26,-1.205,-0.462,-0.243,-1.306,-0.054,-1.197,-0.058,-1.151,-0.176,-1.719,-0.005,-0.103,-102,-1677,3,-0.005,-0.103
5555847,-0.26,-1.205,-0.462,-0.257,-1.286,-0.056,-1.164,-0.04,-1.185,-0.185,-1.786,-0.159,-3.457,-102,-1677,3,-0.159,-3.457
5555857,-0.26,-1.205,-0.462,-0.257,-1.286,-0.055,-1.039,-0.047,-1.046,-0.172,-1.64,-0.16,-3.444,-102,-1677,3,-0.16,-3.444
5555867,-0.26,-1.205,-0.462,-0.257,-1.236,-0.062,-1.065,-0.056,-1.089,-0.167,-1.178,-0.098,-1.626,-102,-1677,3,-0.098,-1.626
5555877,-0.26,-1.205,-0.462,-0.257,-1.236,-0.07,-1.163,-0.072,-1.157,-0.146,-0.624,-0.099,-1.628,-102,-1677,3,-0.099,-1.628
5555887,-0.24,-0.915,-0.462,-0.257,-1.236,-0.065,-1.063,-0.064,-1.128,-0.114,-0.183,-0.099,-1.628,-99,-1624,3,-0.099,-1.628
5555897,-0.24,-0.915,-0.462,-0.257,-1.236,-0.05,-0.792,-0.051,-0.897,-0.093,-0.094,-0.098,-1.612,-99,-1624,3,-0.098,-1.612
5555907,-0.232,-0.844,-0.462,-0.257,-1.236,-0.034,-0.586,-0.039,-0.631,-0.117,-0.395,-0.096,-1.587,-139,-1754,3,-0.096,-1.587
5555917,-0.232,-0.844,-0.462,-0.247,-1.186,-0.028,-0.502,-0.026,-0.538,-0.148,-0.749,-0.093,-1.525,-139,-1754,3,-0.093,-1.525
5555927,-0.276,-0.935,-0.462,-0.247,-1.136,-0.031,-0.434,-0.027,-0.483,-0.172,-1.004,-0.092,-1.521,-138,-1470,3,-0.092,-1.521
5555937,-0.275,-0.86,-0.462,-0.237,-1.086,-0.03,-0.325,-0.04,-0.366,-0.196,-1.179,-0.13,-1.63,-172,-1327,3,-0.13,-1.63
5555947,-0.272,-0.786,-0.462,-0.237,-1.036,-0.025,-0.245,-0.027,-0.271,-0.212,-1.285,-0.129,-1.621,-213,-1357,3,-0.129,-1.621
5555957,-0.268,-0.711,-0.462,-0.265,-0.986,-0.02,-0.194,-0.005,-0.215,-0.225,-1.315,-0.127,-1.357,-160,-1503,3,-0.127,-1.357
5555967,-0.268,-0.711,-0.462,-0.265,-0.936,-0.027,-0.239,-0.032,-0.23,-0.229,-1.321,-0.159,-1.227,-160,-1503,3,-0.159,-1.227
5555977,-0.263,-0.636,-0.462,-0.265,-0.886,-0.034,-0.291,-0.023,-0.278,-0.233,-1.347,-0.195,-1.258,-180,-1290,3,-0.195,-1.258
5555987,-0.254,-0.562,-0.462,-0.265,-0.836,-0.055,-0.462,-0.052,-0.414,-0.237,-1.392,-0.149,-1.401,-202,-1298,3,-0.149,-1.401
5555997,-0.254,-0.562,-0.462,-0.265,-0.786,-0.078,-0.617,-0.079,-0.569,-0.246,-1.397,-0.152,-1.414,-202,-1298,3,-0.152,-1.414
5556007,-0.23,-0.413,-0.462,-0.265,-0.736,-0.08,-0.605,-0.08,-0.595,-0.258,-1.361,-0.171,-1.227,-176,-1310,3,-0.171,-1.227
5556017,-0.23,-0.413,-0.462,-0.265,-0.686,-0.096,-0.686,-0.078,-0.693,-0.263,-1.315,-0.189,-1.242,-176,-1310,3,-0.189,-1.242
5556027,-0.249,-0.395,-0.46,-0.265,-0.636,-0.115,-0.819,-0.116,-0.782,-0.266,-1.28,-0.194,-1.248,-287,-1223,3,-0.194,-1.248
5556037,-0.127,-0.134,-0.46,-0.245,-0.586,-0.115,-0.815,-0.12,-0.821,-0.284,-1.233,-0.171,-1.266,-212,-1253,3,-0.171,-1.266
5556047,-0.127,-0.134,-0.46,-0.245,-0.536,-0.094,-0.663,-0.094,-0.725,-0.292,-1.167,-0.169,-1.259,-212,-1253,3,-0.169,-1.259
5556057,-0.049,-0.049,-0.458,-0.245,-0.486,-0.085,-0.558,-0.09,-0.596,-0.287,-1.118,-0.269,-1.168,-181,-1262,3,-0.269,-1.168
5556067,-0.049,-0.049,-0.458,-0.195,-0.436,-0.107,-0.619,-0.093,-0.619,-0.276,-1.076,-0.201,-1.195,-181,-1262,3,-0.201,-1.195
5556077,-0.017,-0.011,-0.457,-0.165,-0.386,-0.097,-0.55,-0.102,-0.578,-0.266,-1.007,-0.202,-1.193,-262,-1107,3,-0.202,-1.193
5556087,-0.006,-0.002,-0.453,-0.115,-0.336,-0.079,-0.465,-0.083,-0.509,-0.262,-0.916,-0.172,-1.195,-253,-1195,3,-0.172,-1.195
5556097,-0.004,0,-0.453,-0.085,-0.286,-0.056,-0.361,-0.056,-0.396,-0.248,-0.845,-0.17,-1.185,-220,-1186,3,-0.17,-1.185
5556107,-0.004,0.002,-0.449,-0.045,-0.236,-0.043,-0.298,-0.042,-0.345,-0.232,-0.811,-0.243,-1.039,-235,-1035,3,-0.243,-1.039
5556117,-0.004,0.002,-0.449,-0.025,-0.186,-0.031,-0.241,-0.036,-0.267,-0.215,-0.773,-0.234,-1.112,-235,-1035,3,-0.234,-1.112
5556127,-0.005,0.007,-0.449,-0.015,-0.136,-0.025,-0.194,-0.038,-0.228,-0.211,-0.681,-0.204,-1.099,-220,-1048,3,-0.204,-1.099
5556137,-0.007,0.016,-0.447,-0.015,-0.086,-0.025,-0.173,-0.034,-0.193,-0.209,-0.586,-0.217,-0.959,-275,-1023,3,-0.217,-0.959
5556147,-0.007,0.016,-0.447,-0.015,-0.046,-0.03,-0.16,-0.03,-0.185,-0.19,-0.53,-0.216,-0.958,-275,-1023,3,-0.216,-0.958
5556157,-0.014,0.063,-0.444,-0.015,-0.016,-0.029,-0.135,-0.037,-0.166,-0.168,-0.494,-0.203,-0.968,-254,-851,3,-0.203,-0.968
5556167,-0.014,0.063,-0.444,-0.015,0.004,-0.03,-0.142,-0.034,-0.155,-0.159,-0.472,-0.253,-0.944,-254,-851,3,-0.253,-0.944
5556177,-0.018,0.119,-0.44,-0.015,0.004,-0.025,-0.119,-0.031,-0.144,-0.13,-0.406,-0.253,-0.943,-146,-837,3,-0.253,-0.943
5556187,-0.023,0.219,-0.44,-0.015,0.06,-0.03,-0.144,-0.039,-0.154,-0.114,-0.356,-0.235,-0.787,-182,-781,3,-0.235,-0.787
5556197,-0.023,0.219,-0.44,-0.015,0.06,-0.043,-0.213,-0.049,-0.209,-0.084,-0.293,-0.235,-0.792,-182,-781,3,-0.235,-0.792
5556207,-0.022,0.32,-0.439,-0.015,0.116,-0.04,-0.2,-0.043,-0.222,-0.06,-0.236,-0.137,-0.782,-124,-674,3,-0.137,-0.782
5556217,-0.022,0.32,-0.439,-0.015,0.186,-0.03,-0.15,-0.039,-0.182,-0.042,-0.198,-0.169,-0.727,-124,-674,3,-0.169,-0.727
5556227,-0.007,0.52,-0.434,-0.015,0.214,-0.022,-0.109,-0.028,-0.143,-0.044,-0.192,-0.168,-0.724,-140,-560,3,-0.168,-0.724
5556237,0.001,0.62,-0.432,-0.015,0.284,-0.021,-0.112,-0.027,-0.136,-0.032,-0.165,-0.115,-0.625,-76,-474,3,-0.115,-0.625
5556247,0.001,0.62,-0.432,-0.015,0.312,-0.017,-0.097,-0.023,-0.123,-0.025,-0.121,-0.115,-0.624,-76,-474,3,-0.115,-0.624
5556258,0.009,0.72,-0.432,-0.015,0.382,-0.012,-0.072,-0.018,-0.098,-0.034,-0.064,-0.129,-0.518,-35,-409,3,-0.129,-0.518
5556268,0.009,0.72,-0.432,-0.005,0.452,-0.008,-0.048,-0.015,-0.076,-0.027,-0.032,-0.07,-0.438,-35,-409,3,-0.07,-0.438
5556278,0.014,0.649,-0.431,-0.005,0.522,-0.005,-0.032,-0.015,-0.057,-0.01,-0.021,-0.07,-0.437,-44,-307,3,-0.07,-0.437
5556288,0.014,0.649,-0.431,0.005,0.592,-0.003,-0.021,-0.008,-0.042,0.012,-0.005,-0.033,-0.376,-44,-307,3,-0.033,-0.376
5556298,0.02,0.749,-0.427,0.005,0.662,-0.002,-0.013,-0.005,-0.031,0.024,0.01,-0.032,-0.375,-43,-236,3,-0.032,-0.375
5556308,0.025,0.777,-0.426,0.005,0.662,-0.001,-0.008,-0.001,-0.02,0.025,0.026,-0.04,-0.281,-29,-74,3,-0.04,-0.281
5556318,0.025,0.706,-0.422,0.005,0.662,0,-0.005,-0.001,-0.011,0.026,0.047,-0.04,-0.28,39,-44,3,-0.04,-0.28
5556328,0.025,0.706,-0.422,0.018,0.732,0,-0.004,-0.002,-0.011,0.028,0.075,-0.039,-0.216,39,-44,3,-0.039,-0.216
5556338,0.024,0.634,-0.422,0.018,0.774,0,0.009,-0.002,-0.004,0.033,0.104,-0.027,-0.068,4,82,3,-0.027,-0.068
5556348,0.024,0.634,-0.422,0.018,0.734,0,0.021,-0.001,0.015,0.035,0.133,0.035,-0.039,4,82,3,0.035,-0.039
5556358,0.03,0.734,-0.422,0.018,0.734,0,0.02,-0.003,0.017,0.035,0.164,0.035,-0.038,74,58,3,0.035,-0.038
5556368,0.03,0.734,-0.422,0.018,0.684,0,0.015,-0.002,0.01,0.035,0.189,0.003,0.076,74,58,3,0.003,0.076
5556378,0.03,0.734,-0.422,0.018,0.664,0,0.015,0.004,0.01,0.036,0.209,0.004,0.075,74,58,3,0.004,0.075
5556388,0.03,0.734,-0.422,0.018,0.734,0,0.022,0.003,0.021,0.037,0.221,0.068,0.055,74,58,3,0.068,0.055
5556398,0.03,0.734,-0.422,0.018,0.734,0,0.032,0.002,0.029,0.036,0.232,0.067,0.055,74,58,3,0.067,0.055
5556408,0.03,0.734,-0.422,0.018,0.734,0,0.03,0.004,0.03,0.031,0.242,0.068,0.056,74,58,3,0.068,0.056
5556418,0.03,0.734,-0.422,0.018,0.734,0,0.029,0.004,0.025,0.024,0.252,0.068,0.055,74,58,3,0.068,0.055
5556428,0.019,0.72,-0.422,0.018,0.734,0,0.054,0.005,0.042,0.02,0.254,0.068,0.056,40,188,3,0.068,0.056
5556438,0.012,0.649,-0.422,0.018,0.734,0,0.091,0.002,0.083,0.012,0.252,0.068,0.06,49,176,3,0.068,0.06
5556448,0.006,0.577,-0.422,0.018,0.734,0,0.116,-0.001,0.109,-0.002,0.263,0.067,0.062,52,162,3,0.067,0.062
5556458,0,0.677,-0.422,0.018,0.734,0,0.134,-0.001,0.126,-0.012,0.272,0.036,0.182,-22,216,3,0.036,0.182
5556468,-0.004,0.606,-0.422,0.018,0.684,0,0.151,0.003,0.143,-0.02,0.267,0.045,0.173,8,165,3,0.045,0.173
5556478,-0.004,0.606,-0.422,0.018,0.634,0,0.154,0.004,0.157,-0.025,0.263,0.048,0.161,8,165,3,0.048,0.161
5556488,-0.008,0.534,-0.421,0.008,0.676,0,0.126,0.001,0.136,-0.03,0.264,-0.02,0.209,-12,188,3,-0.02,0.209
5556498,-0.008,0.534,-0.421,0.008,0.636,0,0.091,0,0.102,-0.033,0.267,0.007,0.16,-12,188,3,0.007,0.16
5556508,-0.011,0.634,-0.418,0.008,0.636,0,0.063,0,0.073,-0.035,0.267,0.007,0.157,-7,219,3,0.007,0.157
5556518,-0.012,0.563,-0.417,-0.001,0.586,0,0.043,0.001,0.048,-0.038,0.277,-0.011,0.176,-10,193,3,-0.011,0.176
5556528,-0.011,0.491,-0.417,-0.001,0.566,-0.005,0.064,0,0.051,-0.038,0.289,-0.011,0.175,-26,191,3,-0.011,0.175
5556538,-0.013,0.591,-0.415,-0.001,0.617,-0.009,0.076,-0.007,0.069,-0.036,0.296,-0.007,0.205,-36,213,3,-0.007,0.205
5556548,-0.013,0.591,-0.415,-0.001,0.587,-0.016,0.08,-0.016,0.078,-0.037,0.305,-0.01,0.182,-36,213,3,-0.01,0.182
5556558,-0.013,0.591,-0.415,-0.001,0.537,-0.012,0.075,-0.013,0.074,-0.041,0.316,-0.025,0.18,-36,213,3,-0.025,0.18
5556568,-0.013,0.591,-0.415,-0.001,0.579,-0.016,0.113,-0.014,0.097,-0.04,0.326,-0.034,0.202,-36,213,3,-0.034,0.202
5556578,-0.007,0.446,-0.412,-0.001,0.579,-0.017,0.124,-0.017,0.117,-0.039,0.352,-0.034,0.204,-38,235,3,-0.034,0.204
5556588,-0.004,0.491,-0.409,-0.001,0.579,-0.023,0.133,-0.021,0.123,-0.039,0.366,-0.034,0.205,-64,187,3,-0.034,0.205
5556598,0,0.338,-0.409,-0.001,0.579,-0.029,0.166,-0.026,0.147,-0.041,0.37,-0.035,0.206,-23,250,3,-0.035,0.206
5556608,0.003,0.315,-0.407,-0.001,0.529,-0.034,0.194,-0.028,0.179,-0.043,0.39,-0.037,0.229,-63,251,3,-0.037,0.229
5556618,0.003,0.315,-0.407,-0.001,0.509,-0.038,0.211,-0.033,0.203,-0.052,0.412,-0.061,0.188,-63,251,3,-0.061,0.188
5556628,0.006,0.265,-0.407,-0.001,0.459,-0.037,0.227,-0.04,0.207,-0.061,0.437,-0.024,0.246,-58,230,3,-0.024,0.246
5556638,0.006,0.265,-0.407,-0.001,0.409,-0.035,0.255,-0.045,0.243,-0.052,0.435,-0.061,0.25,-58,230,3,-0.061,0.25
5556648,0.008,0.206,-0.404,-0.001,0.359,-0.031,0.264,-0.043,0.258,-0.041,0.435,-0.061,0.252,-27,246,3,-0.061,0.252
5556658,0.008,0.15,-0.404,-0.001,0.309,-0.03,0.265,-0.034,0.263,-0.036,0.439,-0.056,0.233,-75,289,3,-0.056,0.233
5556668,0.008,0.106,-0.404,-0.001,0.299,-0.028,0.267,-0.028,0.26,-0.03,0.447,-0.055,0.233,-68,311,3,-0.055,0.233
5556678,0.007,0.074,-0.404,-0.001,0.249,-0.025,0.277,-0.028,0.272,-0.021,0.449,-0.027,0.248,-22,276,3,-0.027,0.248
5556688,0.007,0.074,-0.404,-0.001,0.199,-0.02,0.298,-0.023,0.294,-0.005,0.446,-0.07,0.289,-22,276,3,-0.07,0.289
5556698,0.007,0.074,-0.404,-0.001,0.149,-0.013,0.307,-0.016,0.306,0.002,0.439,-0.063,0.31,-22,276,3,-0.063,0.31
5556708,0.005,0.037,-0.404,-0.001,0.099,-0.007,0.309,-0.013,0.309,0.008,0.433,-0.021,0.279,16,357,3,-0.021,0.279
5556718,0.005,0.037,-0.404,-0.001,0.099,0,0.306,-0.004,0.309,0.011,0.407,-0.02,0.279,16,357,3,-0.02,0.279
5556728,0.004,0.026,-0.404,-0.001,0.099,0,0.298,-0.001,0.307,0.014,0.394,-0.02,0.279,3,354,3,-0.02,0.279
5556738,0.003,0.018,-0.404,-0.001,0.06,0,0.29,-0.004,0.3,0.021,0.372,0.014,0.352,0,308,3,0.014,0.352
5556748,0.002,0.013,-0.404,-0.001,0.06,0,0.286,-0.006,0.291,0.024,0.35,0.014,0.351,1,332,3,0.014,0.351
5556758,0.002,0.009,-0.404,-0.001,0.04,0,0.283,-0.001,0.293,0.024,0.329,0.003,0.348,34,327,3,0.003,0.348
5556768,0.002,0.009,-0.404,-0.001,0.03,0,0.277,0.001,0.283,0.023,0.308,0,0.306,34,327,3,0,0.306
5556778,0.001,0.006,-0.404,-0.001,0.02,0,0.268,-0.001,0.277,0.025,0.283,0.001,0.327,-3,316,3,0.001,0.327
5556788,0.001,0.004,-0.403,-0.001,0.02,0,0.257,0,0.272,0.028,0.257,0.031,0.322,29,301,3,0.031,0.322
5556798,0.001,0.004,-0.403,-0.001,0.02,0,0.246,0.001,0.261,0.029,0.231,0.031,0.321,29,301,3,0.031,0.321
5556808,0,0.001,-0.401,-0.001,0.02,0.002,0.223,0.001,0.248,0.026,0.198,-0.003,0.311,0,0,3,-0.003,0.311
5556818,0,0.001,-0.398,-0.001,0.01,0.006,0.185,0.004,0.207,0.021,0.166,0.027,0.293,63,479,3,0.027,0.293
5556828,0,0.001,-0.398,-0.001,0.01,0.005,0.139,0.007,0.164,0.018,0.141,0.027,0.289,63,479,3,0.027,0.289
5556838,0,0,-0.397,-0.001,0.01,0.004,0.113,0.007,0.131,0.015,0.122,0.001,0.013,42,153,3,0.001,0.013
5556848,0,0,-0.397,-0.001,0.01,0.004,0.093,0.006,0.11,0.013,0.096,0.058,0.446,42,153,3,0.058,0.446
5556858,0,0,-0.396,-0.001,0.01,0.004,0.075,0.005,0.093,0.01,0.066,0.058,0.444,19,139,3,0.058,0.444
5556868,0,0,-0.395,-0.001,0.01,0.003,0.057,0.005,0.074,0.006,0.04,0.039,0.146,4,143,3,0.039,0.146
5556878,0,0,-0.395,-0.001,0.01,0.002,0.038,0.003,0.049,0.003,0.021,0.038,0.144,4,143,3,0.038,0.144
5556888,0,0,-0.395,-0.001,0.01,0,0.021,0.001,0.028,0,0.006,0.017,0.129,4,143,3,0.017,0.129
5556898,0,0,-0.395,-0.001,0.01,0,0.005,0.001,0.011,-0.003,-0.006,0.004,0.131,4,143,3,0.004,0.131
5556908,0,0,-0.395,-0.001,0.01,0,-0.007,0,0,-0.006,-0.015,0.004,0.13,4,143,3,0.004,0.13
5556918,0,0,-0.395,-0.001,0.01,0,-0.015,0,-0.012,-0.008,-0.02,0.004,0.129,4,143,3,0.004,0.129
5556928,0,0,-0.395,-0.001,0.01,0,-0.02,0,-0.02,-0.01,-0.021,0.004,0.128,4,143,3,0.004,0.128
5556938,0,0,-0.393,-0.001,0.01,0,-0.022,0,-0.023,-0.011,-0.02,0.004,0.128,-31,-29,3,0.004,0.128
5556948,0,0,-0.393,-0.001,0.01,0,-0.021,-0.001,-0.024,-0.012,-0.017,0.004,0.128,-31,-29,3,0.004,0.128
5556958,0,0,-0.393,-0.001,0.01,0,-0.018,-0.001,-0.021,-0.011,-0.014,0.004,0.128,-31,-29,3,0.004,0.128
5556968,0,0,-0.393,-0.001,0.01,0,-0.014,-0.002,-0.017,-0.01,-0.009,-0.028,-0.028,-31,-29,3,-0.028,-0.028
5556978,0,0,-0.393,-0.001,0.01,0,-0.01,-0.002,-0.012,-0.007,-0.004,-0.028,-0.028,-31,-29,3,-0.028,-0.028
5556988,0,0,-0.393,-0.001,0.01,0,-0.006,0,-0.001,-0.004,0,-0.028,-0.027,-31,-29,3,-0.028,-0.027
5556998,0,0,-0.393,-0.001,0.01,0,-0.002,0,0,-0.001,0.002,-0.028,-0.026,-31,-29,3,-0.028,-0.026
5557008,0,0,-0.393,-0.001,0.01,0,0,0,0,0,0.003,-0.028,-0.026,-31,-29,3,-0.028,-0.026
5557018,0,0,-0.393,-0.001,0.01,0,0,0,0,0.001,0.003,-0.028,-0.026,-31,-29,3,-0.028,-0.026
5557028,0,0,-0.393,-0.001,0.01,0,0,0,0,0.001,0.002,-0.028,-0.026,-31,-29,3,-0.028,-0.026
5557038,0,0,-0.393,-0.001,0.01,0,0,0,0,0.001,0.002,-0.028,-0.026,-31,-29,3,-0.028,-0.026
5557048,0,0,-0.393,-0.001,0.01,0,0,0,0,0,0.002,-0.028,-0.026,-31,-29,3,-0.028,-0.026
5557058,0,0,-0.393,-0.001,0.01,0,0,0,0,0,0.002,-0.028,-0.026,-31,-29,3,-0.028,-0.026
5557068,0,0,-0.393,-0.001,0.01,0,0,0,0,0,0.002,-0.028,-0.026,-31,-29,3,-0.028,-0.026
5557078,0,0,-0.393,-0.001,0.01,0,0,0,0,0,0.002,-0.028,-0.026,-31,-29,3,-0.028,-0.026
5557088,0,0,-0.393,-0.001,0.01,0,0,0,0,0,0.002,-0.028,-0.026,0,0,2,-0.028,-0.026
5557098,0,0,-0.393,-0.001,0.01,0,0,0,0,0,0.002,-0.028,-0.026,0,0,2,-0.028,-0.026
5557108,0,0,-0.393,-0.001,0.01,0,0,0,0,0,0.002,-0.028,-0.026,0,0,2,-0.028,-0.026
5557118,0,0,-0.393,-0.001,0.01,0,0,0,0,0,0.004,0.074,-0.098,0,0,2,0.074,-0.098
5557128,0,0,-0.393,-0.001,0.01,0,0,0.001,0,-0.002,0.006,0.026,-0.035,0,0,2,0.026,-0.035
5557138,0,0,-0.393,-0.001,0.01,0,0,0.001,0,-0.003,0.007,0.004,-0.006,0,0,2,0.004,-0.006
5557148,0,0,-0.393,-0.001,0.01,0,0,0.001,-0.001,-0.004,0.009,0.001,-0.001,0,0,2,0.001,-0.001
5557158,0,0,-0.393,-0.001,0.01,0,0,0.001,-0.001,-0.005,0.01,0,0,0,0,2,0,0
5557168,0,0,-0.393,-0.001,0.01,0,0,0,0.001,-0.005,0.011,0,0,0,0,2,0,0
5557178,0,0,-0.393,-0.001,0.01,0,0,0,0.001,-0.006,0.012,0,0,0,0,2,0,0
5557188,0,0,-0.393,-0.001,0.01,0,0,0,0,-0.007,0.013,0,0.001,0,0,2,0,0.001
5557198,0,0,-0.393,-0.001,0.01,0,0,0,0.001,-0.007,0.013,0,0.001,0,0,2,0,0.001
5557208,0,0,-0.393,-0.001,0.01,0,0,0,0,-0.007,0.011,-0.001,0.001,0,0,2,-0.001,0.001
5557218,0,0,-0.393,-0.001,0.01,0,0,0,0,-0.007,0.009,0,0,0,0,2,0,0
5557228,0,0,-0.393,-0.001,0.01,0,0,0,0,-0.006,0.008,0,0,0,0,2,0,0
5557238,0,0,-0.393,-0.001,0.01,0,0,0,0,-0.005,0.006,0,0,0,0,2,0,0
5557248,0,0,-0.393,-0.001,0.01,0,0,0,0,-0.004,0.005,0,0,0,0,2,0,0
5557258,0,0,-0.393,-0.001,0.01,0,0,0,0,-0.004,0.004,0,0,0,0,2,0,0
5557268,0,0,-0.393,-0.001,0.01,0,0,0,0,-0.003,0.003,0,0,0,0,2,0,0
5557278,0,0,-0.393,-0.001,0.01,0,0,0,0,-0.002,0.003,0,0,0,0,2,0,0
5557288,0,0,-0.393,-0.001,0.01,0,0,0,0,-0.002,0.003,0,0,0,0,2,0,0
5557298,0,0,-0.393,-0.001,0.01,0,0,0,0,-0.002,0.002,0,0,0,0,2,0,0
5557308,0,0,-0.393,-0.001,0.01,0,0,0,0,-0.002,0.002,0,0,0,0,2,0,0
5557318,0,0,-0.393,-0.001,0.01,0,0,0,0,-0.002,0.002,0,0,0,0,2,0,0
5557328,0,0,-0.393,-0.001,0.01,0,0,0,0,-0.002,0.002,0,0,0,0,2,0,0
5557338,0,0,-0.393,-0.001,0.01,0,0,0,0,-0.002,0.002,0,0,0,0,2,0,0
5557348,0,0,-0.393,-0.001,0.01,0,0,0,0,-0.002,0.002,0,0,0,0,2,0,0
5557358,0,0,-0.393,-0.001,0.01,0,0,0,0,-0.002,0.002,0,0,0,0,2,0,0
5557368,0,0,-0.393,-0.001,0.01,0,0,0,0,-0.002,0.002,0,0,0,0,2,0,0
5557378,0,0,-0.393,-0.001,0.01,0,0,0,0,-0.002,0.002,0,0,0,0,2,0,0
5557388,0,0,-0.393,-0.001,0.01,0,0,0,0,-0.002,0.002,0,0,0,0,2,0,0
5557398,0,0,-0.393,-0.001,0.01,0,0,0,0,-0.002,0.002,0,0,0,0,2,0,0
5557408,0,0,-0.393,-0.001,0.01,0,0,0,0,-0.002,0.001,0,0,0,0,2,0,0
5557418,0,0,-0.393,-0.001,0.01,0,0,0,0,-0.002,0.001,0,0,0,0,2,0,0
5557428,0,0,-0.393,-0.001,0.01,0,0,0,0,-0.002,0.001,0,0,0,0,2,0,0
5557438,0,0,-0.393,-0.001,0.01,0,0,0,0,-0.001,0.001,0,0,0,0,2,0,0
5557448,0,0,-0.393,-0.001,0.01,0,0,0,0,-0.001,0.001,0,0,0,0,2,0,0
5557458,0,0,-0.393,-0.001,0.01,0,0,0,0,-0.001,0.001,0,0,0,0,2,0,0
5557468,0,0,-0.393,-0.001,0.01,0,0,0,0,-0.001,0.001,0,0,0,0,2,0,0
5557478,0,0,-0.393,-0.001,0.01,0,0,0,0,-0.001,0.001,0,0,0,0,2,0,0
5557488,0,0,-0.393,-0.001,0.01,0,0,0,0,-0.001,0.001,0,0,0,0,2,0,0
5557498,0,0,-0.393,-0.001,0.01,0,0,0,0,-0.001,0.001,0,0,0,0,2,0,0
5557508,0,0,-0.393,-0.001,0.01,0,0,0,0,-0.001,0.001,0,0,0,0,2,0,0
5557518,0,0,-0.393,-0.001,0.01,0,0,0,0,-0.001,0.001,0,0,0,0,2,0,0
5557528,0,0,-0.393,-0.001,0.01,0,0,0,0,-0.001,0.001,0,0,0,0,2,0,0
5557538,0,0,-0.393,-0.001,0.01,0,0,0,0,-0.001,0.001,0,0,0,0,2,0,0
5557548,0,0,-0.393,-0.001,0.01,0,0,0,0,-0.001,0.001,0,0,0,0,2,0,0
5557558,0,0,-0.393,-0.001,0.01,0,0,0,0,-0.001,0.001,0,0,0,0,2,0,0
5557568,0,0,-0.393,-0.001,0.01,0,0,0,0,-0.001,0.001,0,0,0,0,2,0,0
5557578,0,0,-0.393,-0.001,0.01,0,0,0,0,-0.001,0.001,0,0,0,0,2,0,0
5557588,0,0,-0.393,-0.001,0.01,0,0,0,0,-0.001,0.001,0,0,0,0,2,0,0
5557598,0,0,-0.393,-0.001,0.01,0,0,0,0,-0.001,0.001,0,0,0,0,2,0,0
5557608,0,0,-0.393,-0.001,0.01,0,0,0,0,-0.001,0.001,0,0,0,0,2,0,0
5557618,0,0,-0.393,-0.001,0.01,0,0,0,0,-0.001,0.001,0,0,0,0,2,0,0
5557628,0,0,-0.393,-0.001,0.01,0,0,0,0,0,0.001,0,0,0,0,2,0,0
5557638,0,0,-0.393,-0.001,0.01,0,0,0,0,-0.001,0.001,0,0,0,0,2,0,0
5557648,0,0,-0.393,-0.001,0.01,0,0,0,0,-0.001,0.001,0,0,0,0,2,0,0
5557658,0,0,-0.393,-0.001,0.01,0,0,0,0,-0.001,0.001,0,0,0,0,2,0,0
5557668,0,0,-0.393,-0.001,0.01,0,0,0,0,-0.001,0.001,0,0,0,0,2,0,0
5557678,0,0,-0.393,-0.001,0.01,0,0,0,0,-0.001,0,0,0,0,0,2,0,0
5557688,0,0,-0.393,-0.001,0.01,0,0,0,0,0,0.001,0,0,0,0,2,0,0
5557698,0,0,-0.393,-0.001,0.01,0,0,0,0,0,0.001,0,0,0,0,2,0,0
5557708,0,0,-0.393,-0.001,0.01,0,0,0,0,-0.001,0.001,0,0,0,0,2,0,0
5557718,0,0,-0.393,-0.001,0.01,0,0,0,0,-0.001,0.001,0,0,0,0,2,0,0
5557728,0,0,-0.393,-0.001,0.01,0,0,0,0,0,0.001,0,0,0,0,2,0,0
5557738,0,0,-0.393,-0.001,0.01,0,0,0,0,0,0.001,0,0,0,0,2,0,0
5557748,0,0,-0.393,-0.001,0.01,0,0,0,0,0,0,0,0,0,0,2,0,0
5557758,0,0,-0.393,-0.001,0.01,0,0,0,0,0,0,0,0,0,0,2,0,0
5557768,0,0,-0.393,-0.001,0.01,0,0,0,0,0,0,0,0,0,0,2,0,0
5557778,0,0,-0.393,-0.001,0.01,0,0,0,0,0,0,0,0,0,0,2,0,0
5557788,0,0,-0.393,-0.001,0.01,0,0,0,0,0,0.001,0,0,0,0,2,0,0
5557798,0,0,-0.393,-0.001,0.01,0,0,0,0,0,0,0,0,0,0,2,0,0
5557808,0,0,-0.393,-0.001,0.01,0,0,0,0,0,0,0,0,0,0,2,0,0
5557818,0,0,-0.393,-0.001,0.01,0,0,0,0,0,0,0,0,0,0,2,0,0
5557828,0,0,-0.393,-0.001,0.01,0,0,0,0,0,0,0,0,0,0,2,0,0
5557838,0,0,-0.393,-0.001,0.01,0,0,0,0,0,0.001,0,0,0,0,2,0,0
5557848,0,0,-0.393,-0.001,0.01,0,0,0,0,0,0,0,0,0,0,2,0,0
5557858,0,0,-0.393,-0.001,0.01,0,0,0,0,0,0,0,0,0,0,2,0,0
5557868,0,0,-0.393,-0.001,0.01,0,0,0,0,0,0.001,0,0,0,0,2,0,0
5557878,0,0,-0.393,-0.001,0.01,0,0,0,0,0,0.001,0,0,0,0,2,0,0
5557888,0,0,-0.393,-0.001,0.01,0,0,0,0,0,0.001,0,0,0,0,2,0,0
5557898,0,0,-0.393,-0.001,0.01,0,0,0,0,0,0.001,0,0,0,0,2,0,0
5557908,0,0,-0.393,-0.001,0.01,0,0,0,0,0,0.001,0,0,0,0,2,0,0
5557918,0,0,-0.393,-0.001,0.01,0,0,0,0,0,0,0,0,0,0,2,0,0
5557928,0,0,-0.393,-0.001,0.01,0,0,0,0,0,0,0,0,0,0,2,0,0
5557938,0,0,-0.393,-0.001,0.01,0,0,0,0,0,0,0,0,0,0,2,0,0
5557948,0,0,-0.393,-0.001,0.01,0,0,0,0,0,0,0,0,0,0,2,0,0
5557958,0,0,-0.393,-0.001,0.01,0,0,0,0,0,0.001,0,0,0,0,2,0,0
5557968,0,0,-0.393,-0.001,0.01,0,0,0,0,0,0.001,0,0,0,0,2,0,0
5557978,0,0,-0.393,-0.001,0.01,0,0,0,0,0,0,0,0,0,0,2,0,0
5557988,0,0,-0.393,-0.001,0.01,0,0,0,0,0,0,0,0,0,0,2,0,0
5557998,0,0,-0.393,-0.001,0.01,0,0,0,0,0,0,0,0,0,0,2,0,0
5558008,0,0,-0.393,-0.001,0.01,0,0,0,0,0,0.001,0,0,0,0,2,0,0
5558018,0,0,-0.393,-0.001,0.01,0,0,0,0,0,0.001,0,0,0,0,2,0,0
5558028,0,0,-0.393,-0.001,0.01,0,0,0,0,0,0.001,0,0,0,0,2,0,0
5558038,0,0,-0.393,-0.001,0.01,0,0,0,0,0,0.001,0,0,0,0,2,0,0
5558048,0,0,-0.393,-0.001,0.01,0,0,0,0,-0.001,0.001,0,0,0,0,2,0,0
5558058,0,0,-0.393,-0.001,0.01,0,0,0,0,-0.001,0.001,0,0,0,0,2,0,0
5558068,0,0,-0.393,-0.001,0.01,0,0,0,0,-0.001,0.001,0,0,0,0,2,0,0
5558078,0,0,-0.393,-0.001,0.01,0,0,0,0,-0.001,0.001,0,0,0,0,2,0,0
5558088,0,0,-0.393,-0.001,0.01,0,0,0,0,-0.001,0.001,0,0,0,0,2,0,0
5558098,0,0,-0.393,-0.001,0.01,0,0,0,0,-0.001,0.001,0,0,0,0,2,0,0
5558108,0,0,-0.393,-0.001,0.01,0,0,0,0,-0.001,0.001,0,0,0,0,2,0,0
5558118,0,0,-0.393,-0.001,0.01,0,0,0,0,-0.001,0.001,0,0,0,0,2,0,0
5558128,0,0,-0.393,-0.001,0.01,0,0,0,0,-0.001,0.002,0,0,0,0,2,0,0
5558138,0,0,-0.393,-0.001,0.01,0,0,0,0,-0.001,0.001,0,0,0,0,2,0,0
5558148,0,0,-0.393,-0.001,0.01,0,0,0,0,-0.001,0.002,0,0,0,0,2,0,0
5558158,0,0,-0.393,-0.001,0.01,0,0,0,0,-0.001,0.001,0,0,0,0,2,0,0
5558168,0,0,-0.393,-0.001,0.01,0,0,0,0,-0.001,0.001,0,0,0,0,2,0,0
5558178,0,0,-0.393,-0.001,0.01,0,0,0,0,-0.001,0.002,0,0,0,0,2,0,0
5558188,0,0,-0.393,-0.001,0.01,0,0,0,0,-0.001,0.002,0,0,0,0,2,0,0
5558198,0,0,-0.393,-0.001,0.01,0,0,0,0,-0.001,0.002,0,0,0,0,2,0,0
5558208,0,0,-0.393,-0.001,0.01,0,0,0,0,-0.001,0.002,0,0,0,0,2,0,0
5558218,0,0,-0.393,-0.001,0.01,0,0,0,0,-0.002,0.002,0,0,0,0,2,0,0
5558228,0,0,-0.393,-0.001,0.01,0,0,0,0,-0.002,0.002,0,0,0,0,2,0,0
5558238,0,0,-0.393,-0.001,0.01,0,0,0,0,-0.002,0.002,0,0,0,0,2,0,0
5558248,0,0,-0.393,-0.001,0.01,0,0,0,0,-0.002,0.002,0,0,0,0,2,0,0
5558258,0,0,-0.393,-0.001,0.01,0,0,0,0,-0.002,0.002,0,0,0,0,2,0,0
5558268,0,0,-0.393,-0.001,0.01,0,0,0,0,-0.002,0.003,0,0,0,0,2,0,0
5558278,0,0,-0.393,-0.001,0.01,0,0,0,0,-0.002,0.003,0,0,0,0,2,0,0
5558288,0,0,-0.393,-0.001,0.01,0,0,0,0,-0.002,0.002,0,0,0,0,2,0,0
5558298,0,0,-0.393,-0.001,0.01,0,0,0,0,-0.002,0.003,0,0,0,0,2,0,0
5558308,0,0,-0.393,-0.001,0.01,0,0,0,0,-0.002,0.003,0,0,0,0,2,0,0
5558318,0,0,-0.393,-0.001,0.01,0,0,0,0,-0.002,0.003,0,0,0,0,2,0,0
5558328,0,0,-0.393,-0.001,0.01,0,0,0,0,-0.002,0.003,0,0,0,0,2,0,0
5558338,0,0,-0.393,-0.001,0.01,0,0,0,0,-0.002,0.003,0,0,0,0,2,0,0
5558348,0,0,-0.393,-0.001,0.01,0,0,0,0,-0.003,0.003,0,0,0,0,2,0,0
5558358,0,0,-0.393,-0.001,0.01,0,0,0,0,-0.003,0.003,0,0,0,0,2,0,0
5558368,0,0,-0.393,-0.001,0.01,0,0,0,0,-0.003,0.003,0,0,0,0,2,0,0
5558378,0,0,-0.393,-0.001,0.01,0,0,0,0,-0.002,0.003,0,0,0,0,2,0,0
5558388,0,0,-0.393,-0.001,0.01,0,0,0,0,-0.002,0.003,0,0,0,0,2,0,0
5558398,0,0,-0.393,-0.001,0.01,0,0,0,0,-0.002,0.003,0,0,0,0,2,0,0
5558408,0,0,-0.393,-0.001,0.01,0,0,0,0,-0.002,0.003,0,0,0,0,2,0,0
5558418,0,0,-0.393,-0.001,0.01,0,0,0,0,-0.002,0.002,0,0,0,0,2,0,0
5558428,0,0,-0.393,-0.001,0.01,0,0,0,0,-0.002,0.002,0,0,0,0,2,0,0
5558438,0,0,-0.393,-0.001,0.01,0,0,0,0,-0.002,0.002,0,0,0,0,2,0,0
5558448,0,0,-0.393,-0.001,0.01,0,0,0,0,-0.002,0.002,0,0,0,0,2,0,0
5558458,0,0,-0.393,-0.001,0.01,0,0,0,0,-0.002,0.002,0,0,0,0,2,0,0
5558468,0,0,-0.393,-0.001,0.01,0,0,0,0,-0.001,0.002,0,0,0,0,2,0,0
5558478,0,0,-0.393,-0.001,0.01,0,0,0,0,-0.002,0.002,0,0,0,0,2,0,0
5558488,0,0,-0.393,-0.001,0.01,0,0,0,0,-0.001,0.002,0,0,0,0,2,0,0
5558498,0,0,-0.393,-0.001,0.01,0,0,0,0,-0.002,0.002,0,0,0,0,2,0,0
5558508,0,0,-0.393,-0.001,0.01,0,0,0,0,-0.002,0.002,0,0,0,0,2,0,0
5558518,0,0,-0.393,-0.001,0.01,0,0,0,0,-0.002,0.003,0,0,0,0,2,0,0
5558528,0,0,-0.393,-0.001,0.01,0,0,0,0,-0.002,0.003,0,0,0,0,2,0,0
5558538,0,0,-0.393,-0.001,0.01,0,0,0,0,-0.002,0.003,0,0,0,0,2,0,0
5558548,0,0,-0.393,-0.001,0.01,0,0,0,0,-0.003,0.004,0,0,0,0,2,0,0
5558558,0,0,-0.393,-0.001,0.01,0,0,0,0,-0.003,0.004,0,0,0,0,2,0,0
5558568,0,0,-0.393,-0.001,0.01,0,0,0,0,-0.003,0.005,0,0,0,0,2,0,0
5558578,0,0,-0.393,-0.001,0.01,0,0,0,0,-0.004,0.005,0,0,0,0,2,0,0
5558588,0,0,-0.393,-0.001,0.01,0,0,0,0,-0.004,0.005,0,0,0,0,2,0,0
5558598,0,0,-0.393,-0.001,0.01,0,0,0,0,-0.005,0.006,0,0,0,0,2,0,0
5558608,0,0,-0.393,-0.001,0.01,0,0,0,0,-0.005,0.006,0,0,0,0,2,0,0
5558618,0,0,-0.393,-0.001,0.01,0,0,0,0,-0.006,0.006,0,0,0,0,2,0,0
5558628,0,0,-0.393,-0.001,0.01,0,0,0,0,-0.005,0.006,0,0,0,0,2,0,0
5558638,0,0,-0.393,-0.001,0.01,0,0,0,0,-0.005,0.006,0,0,0,0,2,0,0
5558648,0,0,-0.393,-0.001,0.01,0,0,0,0,-0.005,0.007,0,0,0,0,2,0,0
5558658,0,0,-0.393,-0.001,0.01,0,0,0,0,-0.005,0.007,0,0,0,0,2,0,0
5558668,0,0,-0.393,-0.001,0.01,0,0,0,0,-0.005,0.007,0,0,0,0,2,0,0
5558678,0,0,-0.393,-0.001,0.01,0,0,0,0,-0.005,0.007,0,0,0,0,2,0,0
5558688,0,0,-0.393,-0.001,0.01,0,0,0,0,-0.005,0.006,0,0,0,0,2,0,0
5558698,0,0,-0.393,-0.001,0.01,0,0,0,0,-0.005,0.006,0,0,0,0,2,0,0
5558708,0,0,-0.393,-0.001,0.01,0,0,0,0,-0.004,0.005,0,0,0,0,2,0,0
5558718,0,0,-0.393,-0.001,0.01,0,0,0,0,-0.004,0.005,0,0,0,0,2,0,0
5558728,0,0,-0.393,-0.001,0.01,0,0,0,0,-0.004,0.005,0,0,0,0,2,0,0
5558738,0,0,-0.393,-0.001,0.01,0,0,0,0,-0.004,0.005,0,0,0,0,2,0,0
5558748,0,0,-0.393,-0.001,0.01,0,0,0,0,-0.003,0.004,0,0,0,0,2,0,0
5558758,0,0,-0.393,-0.001,0.01,0,0,0,0,-0.004,0.005,0,0,0,0,2,0,0
5558768,0,0,-0.393,-0.001,0.01,0,0,0,0,-0.004,0.005,0,0,0,0,2,0,0
5558778,0,0,-0.393,-0.001,0.01,0,0,0,0,-0.004,0.006,0,0,0,0,2,0,0
5558788,0,0,-0.393,-0.001,0.01,0,0,0,0,-0.005,0.006,0,0,0,0,2,0,0
5558798,0,0,-0.393,-0.001,0.01,0,0,0,0,-0.005,0.007,0,0,0,0,2,0,0
5558808,0,0,-0.393,-0.001,0.01,0,0,0,0,-0.006,0.007,0,0,0,0,2,0,0
5558818,0,0,-0.393,-0.001,0.01,0,0,0,0,-0.005,0.007,0,0,0,0,2,0,0
5558828,0,0,-0.393,-0.001,0.01,0,0,0,0,-0.005,0.007,0,0,0,0,2,0,0
5558838,0,0,-0.393,-0.001,0.01,0,0,0,0,-0.004,0.006,0,0,0,0,2,0,0
5558848,0,0,-0.393,-0.001,0.01,0,0,0,0,-0.003,0.006,0,0,0,0,2,0,0
5558858,0,0,-0.393,-0.001,0.01,0,0,0,0,-0.003,0.005,0,0,0,0,2,0,0
5558868,0,0,-0.393,-0.001,0.01,0,0,0,0,-0.002,0.005,0,0,0,0,2,0,0
5558878,0,0,-0.393,-0.001,0.01,0,0,0,0,-0.002,0.005,0,0,0,0,2,0,0
5558888,0,0,-0.393,-0.001,0.01,0,0,0,0,-0.002,0.005,0,0,0,0,2,0,0
5558898,0,0,-0.393,-0.001,0.01,0,0,0,0,-0.002,0.005,0,0,0,0,2,0,0
5558908,0,0,-0.393,-0.001,0.01,0,0,0,0,-0.002,0.005,0,0,0,0,2,0,0
5558918,0,0,-0.393,-0.001,0.01,0,0,0,0,-0.002,0.006,0,0,0,0,2,0,0
5558928,0,0,-0.393,-0.001,0.01,0,0,0,0,-0.002,0.006,0,0,0,0,2,0,0
5558938,0,0,-0.393,-0.001,0.01,0,0,0,0,-0.003,0.006,0,0,0,0,2,0,0
5558948,0,0,-0.393,-0.001,0.01,0,0,0,0,-0.003,0.006,0,0,0,0,2,0,0
5558958,0,0,-0.393,-0.001,0.01,0,0,0,0,-0.004,0.007,0,0,0,0,2,0,0
5558968,0,0,-0.393,-0.001,0.01,0,0,0,0,-0.004,0.007,0,0,0,0,2,0,0
5558978,0,0,-0.393,-0.001,0.01,0,0,0,0,-0.004,0.008,0,0,0,0,2,0,0
5558988,0,0,-0.393,-0.001,0.01,0,0,0,0,-0.005,0.008,0,0,0,0,2,0,0
5558998,0,0,-0.393,-0.001,0.01,0,0,0,0,-0.005,0.008,0,0,0,0,2,0,0
5559008,0,0,-0.393,-0.001,0.01,0,0,0,0,-0.006,0.008,0,0,0,0,2,0,0
5559018,0,0,-0.393,-0.001,0.01,0,0,0,0,-0.006,0.009,0,0,0,0,2,0,0
5559028,0,0,-0.393,-0.001,0.01,0,0,0,0,-0.007,0.01,0,0,0,0,2,0,0
5559038,0,0,-0.393,-0.001,0.01,0,0,0,0,-0.008,0.01,0,0,0,0,2,0,0
5559048,0,0,-0.393,-0.001,0.01,0,0,0,0,-0.008,0.01,0,0,0,0,2,0,0
5559058,0,0,-0.393,-0.001,0.01,0,0,0,0,-0.008,0.011,0,0,0,0,2,0,0
5559068,0,0,-0.393,-0.001,0.01,0,0,0,0,-0.009,0.012,0,0,0,0,2,0,0
5559078,0,0,-0.393,-0.001,0.01,0,0,0,0,-0.01,0.013,0,0,0,0,2,0,0
5559088,0,0,-0.393,-0.001,0.01,0,0,0,0,-0.011,0.015,0,0,0,0,2,0,0
5559098,0,0,-0.393,-0.001,0.01,0,0,0,0,-0.01,0.014,0,0,0,0,2,0,0
5559108,0,0,-0.393,-0.001,0.01,0,0,0,0,-0.01,0.015,0,0,0,0,2,0,0
5559118,0,0,-0.393,-0.001,0.01,0,0,0,0,-0.011,0.016,0,0,0,0,2,0,0
5559128,0,0,-0.393,-0.001,0.01,0,0,0,0,-0.012,0.017,0,0,0,0,2,0,0
5559138,0,0,-0.393,-0.001,0.01,0,0,0,0,-0.012,0.018,0,0,0,0,2,0,0
5559148,0,0,-0.393,-0.001,0.01,0,0,0,0,-0.012,0.018,0,0,0,0,2,0,0
5559158,0,0,-0.393,-0.001,0.01,0,0,0,0,-0.012,0.019,0,0,0,0,2,0,0
5559167,0,0,-0.393,-0.001,0.01,0,0,0,0,-0.012,0.019,0,0,0,0,2,0,0
5559177,0,0,-0.393,-0.001,0.01,0,0,0,0,-0.013,0.018,0,0,0,0,2,0,0
5559187,0,0,-0.393,-0.001,0.01,0,0,0,0,-0.013,0.019,0,0.001,0,0,2,0,0.001
5559197,0,0,-0.393,-0.001,0.01,0,0,0,0,-0.014,0.021,0,0,0,0,2,0,0
5559207,0,0,-0.393,-0.001,0.01,0,0,0,0,-0.014,0.02,0,0,0,0,2,0,0
5559217,0,0,-0.393,-0.001,0.01,0,0,0,0,-0.014,0.02,0,0,0,0,2,0,0
5559227,0,0,-0.393,-0.001,0.01,0,0,0,0,-0.015,0.022,0,0.001,0,0,2,0,0.001
5559237,0,0,-0.393,-0.001,0.01,0,0,0,0,-0.015,0.022,0,0.001,0,0,2,0,0.001
5559247,0,0,-0.393,-0.001,0.01,0,0,0,0,-0.015,0.022,0,0.001,0,0,2,0,0.001
5559257,0,0,-0.393,-0.001,0.01,0,0,0,0,-0.015,0.023,0,0,0,0,2,0,0
5559267,0,0,-0.393,-0.001,0.01,0,0,0,0,-0.015,0.024,0,0.001,0,0,2,0,0.001
5559277,0,0,-0.393,-0.001,0.01,0,0,0,0,-0.015,0.023,-0.001,0.001,0,0,2,-0.001,0.001
5559287,0,0,-0.393,-0.001,0.01,0,0,0,0,-0.015,0.023,0,0.001,0,0,2,0,0.001
5559297,0,0,-0.393,-0.001,0.01,0,0,0,0,-0.015,0.023,0,0.001,0,0,2,0,0.001
5559307,0,0,-0.393,-0.001,0.01,0,0,0,0,-0.014,0.022,0,0.001,0,0,2,0,0.001
5559317,0,0,-0.393,-0.001,0.01,0,0,0,0,-0.012,0.021,-0.001,0.001,0,0,2,-0.001,0.001
5559327,0,0,-0.393,-0.001,0.01,0,0,0,0,-0.01,0.019,0,0.001,0,0,2,0,0.001
5559337,0,0,-0.393,-0.001,0.01,0,0,0,0,-0.009,0.017,0,0.001,0,0,2,0,0.001
5559347,0,0,-0.393,-0.001,0.01,0,0,0,0,-0.008,0.015,0,0.001,0,0,2,0,0.001
5559357,0,0,-0.393,-0.001,0.01,0,0,0,0,-0.007,0.014,0,0.001,0,0,2,0,0.001
5559367,0,0,-0.393,-0.001,0.01,0,0,0,0,-0.006,0.012,0,0,0,0,2,0,0
5559377,0,0,-0.393,-0.001,0.01,0,0,0,0,-0.005,0.01,0,0,0,0,2,0,0
5559387,0,0,-0.393,-0.001,0.01,0,0,0,0,-0.004,0.007,0,0,0,0,2,0,0
5559397,0,0,-0.393,-0.001,0.01,0,0,0,0,-0.003,0.006,0,0,0,0,2,0,0
5559407,0,0,-0.393,-0.001,0.01,0,0,0,0,-0.003,0.004,0,0,0,0,2,0,0
5559417,0,0,-0.393,-0.001,0.01,0,0,0,0,-0.002,0.003,0,0,0,0,2,0,0
5559427,0,0,-0.393,-0.001,0.01,0,0,0,0,-0.002,0.003,0,0,0,0,2,0,0
5559437,0,0,-0.393,-0.001,0.01,0,0,0,0,-0.001,0.002,0,0,0,0,2,0,0
5559447,0,0,-0.393,-0.001,0.01,0,0,0,0,-0.001,0.002,0,0,0,0,2,0,0
5559457,0,0,-0.393,-0.001,0.01,0,0,0,0,-0.001,0.002,0,0,0,0,2,0,0
5559467,0,0,-0.393,-0.001,0.01,0,0,0,0,-0.001,0.002,0,0,0,0,2,0,0
5559477,0,0,-0.393,-0.001,0.01,0,0,0,0,-0.001,0.002,0,0,0,0,2,0,0
5559487,0,0,-0.393,-0.001,0.01,0,0,0,0,-0.001,0.002,0,0,0,0,2,0,0
5559497,0,0,-0.393,-0.001,0.01,0,0,0,0,-0.001,0.002,0,0,0,0,2,0,0
5559507,0,0,-0.393,-0.001,0.01,0,0,0,0,-0.001,0.002,0,0,0,0,2,0,0
5559517,0,0,-0.393,-0.001,0.01,0,0,0,0,-0.001,0.002,0,0,0,0,2,0,0
5559527,0,0,-0.393,-0.001,0.01,0,0,0,0,-0.001,0.002,0,0,0,0,2,0,0
5559537,0,0,-0.393,-0.001,0.01,0,0,0,0,-0.001,0.002,0,0,0,0,2,0,0
5559547,0,0,-0.393,-0.001,0.01,0,0,0,0,-0.001,0.002,0,0,0,0,2,0,0
5559557,0,0,-0.393,-0.001,0.01,0,0,0,0,-0.001,0.002,0,0,0,0,2,0,0
5559567,0,0,-0.393,-0.001,0.01,0,0,0,0,-0.001,0.002,0,0,0,0,2,0,0
5559577,0,0,-0.393,-0.001,0.01,0,0,0,0,-0.001,0.002,0,0,0,0,2,0,0
5559587,0,0,-0.393,-0.001,0.01,0,0,0,0,-0.001,0.003,0,0,0,0,2,0,0
5559597,0,0,-0.393,-0.001,0.01,0,0,0,0,-0.001,0.002,0,0,0,0,2,0,0
5559607,0,0,-0.393,-0.001,0.01,0,0,0,0,-0.001,0.003,0,0,0,0,2,0,0
5559617,0,0,-0.393,-0.001,0.01,0,0,0,0,-0.001,0.003,0,0,0,0,2,0,0
5559627,0,0,-0.393,-0.001,0.01,0,0,0,0,-0.001,0.003,0,0,0,0,2,0,0
5559637,0,0,-0.393,-0.001,0.01,0,0,0,0,-0.001,0.003,0,0,0,0,2,0,0
5559647,0,0,-0.393,-0.001,0.01,0,0,0,0,-0.002,0.003,0,0,0,0,2,0,0
5559657,0,0,-0.393,-0.001,0.01,0,0,0,0,-0.002,0.003,0,0,0,0,2,0,0
5559667,0,0,-0.393,-0.001,0.01,0,0,0,0,-0.002,0.003,0,0,0,0,2,0,0
5559677,0,0,-0.393,-0.001,0.01,0,0,0,0,-0.002,0.003,0,0,0,0,2,0,0
5559687,0,0,-0.393,-0.001,0.01,0,0,0,0,-0.002,0.003,0,0,0,0,2,0,0
5559697,0,0,-0.393,-0.001,0.01,0,0,0,0,-0.002,0.004,0,0,0,0,2,0,0
5559707,0,0,-0.393,-0.001,0.01,0,0,0,0,-0.002,0.003,0,0,0,0,2,0,0
5559717,0,0,-0.393,-0.001,0.01,0,0,0,0,-0.002,0.003,0,0,0,0,2,0,0
5559727,0,0,-0.393,-0.001,0.01,0,0,0,0,-0.002,0.003,0,0,0,0,2,0,0
5559737,0,0,-0.393,-0.001,0.01,0,0,0,0,-0.002,0.003,0,0,0,0,2,0,0
5559747,0,0,-0.393,-0.001,0.01,0,0,0,0,-0.002,0.003,0,0,0,0,2,0,0
5559757,0,0,-0.393,-0.001,0.01,0,0,0,0,-0.002,0.003,0,0,0,0,2,0,0
5559767,0,0,-0.393,-0.001,0.01,0,0,0,0,-0.002,0.003,0,0,0,0,2,0,0
5559777,0,0,-0.393,-0.001,0.01,0,0,0,0,-0.002,0.003,0,0,0,0,2,0,0
5559787,0,0,-0.393,-0.001,0.01,0,0,0,0,-0.002,0.003,0,0,0,0,2,0,0
5559797,0,0,-0.393,-0.001,0.01,0,0,0,0,-0.002,0.003,0,0,0,0,2,0,0
5559807,0,0,-0.393,-0.001,0.01,0,0,0,0,-0.002,0.004,0,0,0,0,2,0,0
5559817,0,0,-0.393,-0.001,0.01,0,0,0,0,-0.002,0.004,0,0,0,0,2,0,0
5559827,0,0,-0.393,-0.001,0.01,0,0,0,0,-0.002,0.004,0,0,0,0,2,0,0
5559837,0,0,-0.393,-0.001,0.01,0,0,0,0,-0.003,0.004,0,0,0,0,2,0,0
5559847,0,0,-0.393,-0.001,0.01,0,0,0,0,-0.003,0.005,0,0,0,0,2,0,0
5559857,0,0,-0.393,-0.001,0.01,0,0,0,0,-0.004,0.006,0,0,0,0,2,0,0
5559867,0,0,-0.393,-0.001,0.01,0,0,0,0,-0.004,0.006,0,0,0,0,2,0,0
5559877,0,0,-0.393,-0.001,0.01,0,0,0,0,-0.005,0.007,0,0,0,0,2,0,0
5559887,0,0,-0.393,-0.001,0.01,0,0,0,0,-0.005,0.008,0,0,0,0,2,0,0
5559897,0,0,-0.393,-0.001,0.01,0,0,0,0,-0.005,0.008,0,0,0,0,2,0,0
5559907,0,0,-0.393,-0.001,0.01,0,0,0,0,-0.005,0.008,0,0,0,0,2,0,0
5559917,0,0,-0.393,-0.001,0.01,0,0,0,0,-0.005,0.009,0,0,0,0,2,0,0
5559927,0,0,-0.393,-0.001,0.01,0,0,0,0,-0.005,0.01,0,0,0,0,2,0,0
5559937,0,0,-0.393,-0.001,0.01,0,0,0,0,-0.005,0.011,0,0,0,0,2,0,0
5559947,0,0,-0.393,-0.001,0.01,0,0,0,0,-0.005,0.011,0,0,0,0,2,0,0
5559957,0,0,-0.393,-0.001,0.01,0,0,0,0,-0.006,0.012,0,0,0,0,2,0,0
5559967,0,0,-0.393,-0.001,0.01,0,0,0,0,-0.006,0.012,0,0,0,0,2,0,0
5559977,0,0,-0.393,-0.001,0.01,0,0,0,0,-0.006,0.012,0,0,0,0,2,0,0
5559987,0,0,-0.393,-0.001,0.01,0,0,0,0,-0.007,0.012,0,0,0,0,2,0,0
5559997,0,0,-0.393,-0.001,0.01,0,0,0,0,-0.007,0.012,0,0,0,0,2,0,0
5560007,0,0,-0.393,-0.001,0.01,0,0,0,0,-0.008,0.013,0,0,0,0,2,0,0
5560017,0,0,-0.393,-0.001,0.01,0,0,0,0,-0.008,0.014,0,0,0,0,2,0,0
5560027,0,0,-0.393,-0.001,0.01,0,0,0,0,-0.008,0.014,0,0,0,0,2,0,0
5560037,0,0,-0.393,-0.001,0.01,0,0,0,0,-0.008,0.013,0,0,0,0,2,0,0
5560047,0,0,-0.393,-0.001,0.01,0,0,0,0,-0.007,0.013,0,0,0,0,2,0,0
5560057,0,0,-0.393,-0.001,0.01,0,0,0,0,-0.008,0.013,0,0,0,0,2,0,0
5560067,0,0,-0.393,-0.001,0.01,0,0,0,0,-0.008,0.014,0,0,0,0,2,0,0
5560077,0,0,-0.393,-0.001,0.01,0,0,0,0,-0.008,0.014,0,0,0,0,2,0,0
5560087,0,0,-0.393,-0.001,0.01,0,0,0,0,-0.008,0.013,0,0,0,0,2,0,0
5560097,0,0,-0.393,-0.001,0.01,0,0,0,0,-0.008,0.013,0,0,0,0,2,0,0
5560107,0,0,-0.393,-0.001,0.01,0,0,0,0,-0.007,0.013,0,0,0,0,2,0,0
5560117,0,0,-0.393,-0.001,0.01,0,0,0,0,-0.008,0.012,0,0,0,0,2,0,0
5560127,0,0,-0.393,-0.001,0.01,0,0,0,0,-0.008,0.013,0,0,0,0,2,0,0
5560137,0,0,-0.393,-0.001,0.01,0,0,0,0,-0.008,0.012,0,0,0,0,2,0,0
5560147,0,0,-0.393,-0.001,0.01,0,0,0,0,-0.007,0.012,0,0,0,0,2,0,0
5560157,0,0,-0.393,-0.001,0.01,0,0,0,0,-0.006,0.011,0,0,0,0,2,0,0
5560167,0,0,-0.393,-0.001,0.01,0,0,0,0,-0.005,0.01,0,0,0,0,2,0,0
5560177,0,0,-0.393,-0.001,0.01,0,0,0,0,-0.005,0.009,0,0,0,0,2,0,0
5560187,0,0,-0.393,-0.001,0.01,0,0,0,0,-0.004,0.008,0,0,0,0,2,0,0
5560197,0,0,-0.393,-0.001,0.01,0,0,0,0,-0.004,0.008,0,0,0,0,2,0,0
5560207,0,0,-0.393,-0.001,0.01,0,0,0,0,-0.004,0.008,0,0,0,0,2,0,0
5560217,0,0,-0.393,-0.001,0.01,0,0,0,0,-0.004,0.008,0,0,0,0,2,0,0
5560227,0,0,-0.393,-0.001,0.01,0,0,0,0,-0.003,0.008,0,0,0,0,2,0,0
5560237,0,0,-0.393,-0.001,0.01,0,0,0,0,-0.003,0.007,0,0,0,0,2,0,0
5560247,0,0,-0.393,-0.001,0.01,0,0,0,0,-0.003,0.007,0,0,0,0,2,0,0
5560257,0,0,-0.393,-0.001,0.01,0,0,0,0,-0.002,0.007,0,0,0,0,2,0,0
5560267,0,0,-0.393,-0.001,0.01,0,0,0,0,-0.002,0.007,0,0,0,0,2,0,0
5560277,0,0,-0.393,-0.001,0.01,0,0,0,0,-0.002,0.006,0,0,0,0,2,0,0
5560287,0,0,-0.393,-0.001,0.01,0,0,0,0,-0.002,0.006,0,0,0,0,2,0,0
5560297,0,0,-0.393,-0.001,0.01,0,0,0,0,-0.002,0.006,0,0,0,0,2,0,0
5560307,0,0,-0.393,-0.001,0.01,0,0,0,0,-0.002,0.006,0,0,0,0,2,0,0
5560317,0,0,-0.393,-0.001,0.01,0,0,0,0,-0.002,0.006,0,0,0,0,2,0,0
5560327,0,0,-0.393,-0.001,0.01,0,0,0,0,-0.002,0.006,0,0,0,0,2,0,0
5560337,0,0,-0.393,-0.001,0.01,0,0,0,0,-0.002,0.006,0,0,0,0,2,0,0
5560347,0,0,-0.393,-0.001,0.01,0,0,0,0,-0.002,0.007,0,0,0,0,2,0,0
5560357,0,0,-0.393,-0.001,0.01,0,0,0,0,-0.002,0.007,0,0,0,0,2,0,0
5560367,0,0,-0.393,-0.001,0.01,0,0,0,0,-0.002,0.008,0,0,0,0,2,0,0
5560377,0,0,-0.393,-0.001,0.01,0,0,0,0,-0.002,0.008,0,0,0,0,2,0,0
5560387,0,0,-0.393,-0.001,0.01,0,0,0,0,-0.002,0.008,0,0,0,0,2,0,0
5560397,0,0,-0.393,-0.001,0.01,0,0,0,0,-0.002,0.008,0,0,0,0,2,0,0
5560407,0,0,-0.393,-0.001,0.01,0,0,0,0,-0.001,0.009,0,0,0,0,2,0,0
5560417,0,0,-0.393,-0.001,0.01,0,0,0,0,-0.001,0.009,0,0,0,0,2,0,0
5560427,0,0,-0.393,-0.001,0.01,0,0,0,0,-0.001,0.009,0,0,0,0,2,0,0
5560437,0,0,-0.393,-0.001,0.01,0,0,0,0,-0.001,0.009,0,0,0,0,2,0,0
5560447,0,0,-0.393,-0.001,0.01,0,0,0,0,-0.001,0.01,0,0,0,0,2,0,0
5560457,0,0,-0.393,-0.001,0.01,0,0,0,0,-0.001,0.01,0,0,0,0,2,0,0
5560467,0,0,-0.393,-0.001,0.01,0,0,0,0,-0.001,0.009,0,0,0,0,2,0,0
5560477,0,0,-0.393,-0.001,0.009,0,0,0,0,-0.001,0.009,0,0,0,0,2,0,0
5560487,0,0,-0.393,-0.001,0.009,0,0,0,0,0,0.009,0,0,0,0,2,0,0
5560497,0,0,-0.393,-0.001,0.009,0,0,0,0,0,0.008,0,0,0,0,2,0,0
5560507,0,0,-0.393,-0.001,0.009,0,0,0,0,-0.001,0.008,0,0,0,0,2,0,0
5560517,0,0,-0.393,-0.001,0.009,0,0,0,0,-0.001,0.007,0,0,0,0,2,0,0
5560527,0,0,-0.393,-0.001,0.009,0,0,0,0,0,0.006,0,0,0,0,2,0,0
5560537,0,0,-0.393,-0.001,0.009,0,0,0,0,0,0.006,0,0,0,0,2,0,0
5560547,0,0,-0.393,-0.001,0.009,0,0,0,0,-0.001,0.006,0,0,0,0,2,0,0
5560557,0,0,-0.393,-0.001,0.009,0,0,0,0,-0.001,0.005,0,0,0,0,2,0,0
5560567,0,0,-0.393,-0.001,0.009,0,0,0,0,-0.001,0.005,0,0,0,0,2,0,0
5560577,0,0,-0.393,-0.001,0.009,0,0,0,0,-0.001,0.005,0,0,0,0,2,0,0
5560587,0,0,-0.393,-0.001,0.009,0,0,0,0,-0.001,0.005,0,0,0,0,2,0,0
5560597,0,0,-0.393,-0.001,0.009,0,0,0,0,-0.001,0.005,0,0,0,0,2,0,0
5560607,0,0,-0.393,-0.001,0.009,0,0,0,0,-0.001,0.004,0,0,0,0,2,0,0
5560617,0,0,-0.393,-0.001,0.009,0,0,0,0,-0.001,0.005,0,0,0,0,2,0,0
5560627,0,0,-0.393,-0.001,0.009,0,0,0,0,-0.001,0.005,0,0,0,0,2,0,0
5560637,0,0,-0.393,-0.001,0.009,0,0,0,0,-0.001,0.005,0,0,0,0,2,0,0
5560647,0,0,-0.393,-0.001,0.009,0,0,0,0,-0.001,0.006,0,0,0,0,2,0,0
5560657,0,0,-0.393,-0.001,0.009,0,0,0,0,-0.001,0.006,0,0,0,0,2,0,0
5560667,0,0,-0.393,-0.001,0.009,0,0,0,0,-0.001,0.006,0,0,0,0,2,0,0
5560677,0,0,-0.393,-0.001,0.009,0,0,0,0,-0.001,0.006,0,0,0,0,2,0,0
5560687,0,0,-0.393,-0.001,0.009,0,0,0,0,-0.001,0.006,0,0,0,0,2,0,0
5560697,0,0,-0.393,-0.001,0.009,0,0,0,0,-0.001,0.006,0,0,0,0,2,0,0
5560707,0,0,-0.393,-0.001,0.009,0,0,0,0,-0.001,0.006,0,0,0,0,2,0,0
5560717,0,0,-0.393,-0.001,0.009,0,0,0,0,-0.001,0.006,0,0,0,0,2,0,0
5560727,0,0,-0.393,-0.001,0.009,0,0,0,0,-0.001,0.006,0,0,0,0,2,0,0
5560737,0,0,-0.393,-0.001,0.009,0,0,0,0,0,0.006,0,0,0,0,2,0,0
5560747,0,0,-0.393,-0.001,0.009,0,0,0,0,0,0.006,0,0,0,0,2,0,0
5560757,0,0,-0.393,-0.001,0.009,0,0,0,0,0,0.005,0,0,0,0,2,0,0
5560767,0,0,-0.393,-0.001,0.009,0,0,0,0,0,0.005,0,0,0,0,2,0,0
5560777,0,0,-0.393,-0.001,0.009,0,0,0,0,0,0.005,0,0,0,0,2,0,0
5560787,0,0,-0.393,-0.001,0.009,0,0,0,0,0,0.005,0,0,0,0,2,0,0
5560797,0,0,-0.393,-0.001,0.009,0,0,0,0,0,0.005,0,0,0,0,2,0,0
5560807,0,0,-0.393,-0.001,0.009,0,0,0,0,0,0.005,0,0,0,0,2,0,0
5560817,0,0,-0.393,-0.001,0.009,0,0,0,0,0,0.004,0,0,0,0,2,0,0
5560827,0,0,-0.393,-0.001,0.009,0,0,0,0,0,0.004,0,0,0,0,2,0,0
5560837,0,0,-0.393,-0.001,0.009,0,0,0,0,0,0.004,0,0,0,0,2,0,0
5560847,0,0,-0.393,-0.001,0.009,0,0,0,0,0,0.004,0,0,0,0,2,0,0
5560857,0,0,-0.393,-0.001,0.009,0,0,0,0,0,0.004,0,0,0,0,2,0,0
5560867,0,0,-0.393,-0.001,0.009,0,0,0,0,0,0.004,0,0,0,0,2,0,0
5560877,0,0,-0.393,-0.001,0.009,0,0,0,0,-0.001,0.004,0,0,0,0,2,0,0
5560887,0,0,-0.393,-0.001,0.009,0,0,0,0,-0.001,0.004,0,0,0,0,2,0,0
5560897,0,0,-0.393,-0.001,0.009,0,0,0,0,-0.001,0.004,0,0,0,0,2,0,0
5560907,0,0,-0.393,-0.001,0.009,0,0,0,0,-0.001,0.004,0,0,0,0,2,0,0
5560917,0,0,-0.393,-0.001,0.009,0,0,0,0,-0.001,0.004,0,0,0,0,2,0,0
5560927,0,0,-0.393,-0.001,0.009,0,0,0,0,-0.002,0.004,0,0,0,0,2,0,0
5560937,0,0,-0.393,-0.001,0.009,0,0,0,0,-0.002,0.004,0,0,0,0,2,0,0
5560947,0,0,-0.393,-0.001,0.009,0,0,0,0,-0.002,0.005,0,0,0,0,2,0,0
5560957,0,0,-0.393,-0.001,0.009,0,0,0,0,-0.002,0.005,0,0,0,0,2,0,0
5560967,0,0,-0.393,-0.001,0.009,0,0,0,0,-0.003,0.005,0,0,0,0,2,0,0
5560977,0,0,-0.393,-0.001,0.009,0,0,0,0,-0.003,0.005,0,0,0,0,2,0,0
5560987,0,0,-0.393,-0.001,0.009,0,0,0,0,-0.003,0.006,0,0,0,0,2,0,0
5560997,0,0,-0.393,-0.001,0.009,0,0,0,0,-0.003,0.006,0,0,0,0,2,0,0
5561007,0,0,-0.393,-0.001,0.009,0,0,0,0,-0.003,0.007,0,0,0,0,2,0,0
5561017,0,0,-0.393,-0.001,0.009,0,0,0,0,-0.003,0.007,0,0,0,0,2,0,0
5561027,0,0,-0.393,-0.001,0.009,0,0,0,0,-0.003,0.008,0,0,0,0,2,0,0
5561037,0,0,-0.393,-0.001,0.009,0,0,0,0,-0.003,0.008,0,0,0,0,2,0,0
5561047,0,0,-0.393,-0.001,0.009,0,0,0,0,-0.003,0.008,0,0,0,0,2,0,0
5561057,0,0,-0.393,-0.001,0.009,0,0,0,0,-0.003,0.007,0,0,0,0,2,0,0
5561067,0,0,-0.393,-0.001,0.009,0,0,0,0,-0.003,0.007,0,0,0,0,2,0,0
5561077,0,0,-0.393,-0.001,0.009,0,0,0,0,-0.003,0.007,0,0,0,0,2,0,0
5561087,0,0,-0.393,-0.001,0.009,0,0,0,0,-0.002,0.006,0,0,0,0,2,0,0
5561097,0,0,-0.393,-0.001,0.009,0,0,0,0,-0.002,0.005,0,0,0,0,2,0,0
5561107,0,0,-0.393,-0.001,0.009,0,0,0,0,-0.002,0.005,0,0,0,0,2,0,0
5561117,0,0,-0.393,-0.001,0.009,0,0,0,0,-0.001,0.005,0,0,0,0,2,0,0
5561127,0,0,-0.393,-0.001,0.009,0,0,0,0,-0.001,0.005,0,0,0,0,2,0,0
5561137,0,0,-0.393,-0.001,0.009,0,0,0,0,-0.001,0.004,0,0,0,0,2,0,0
5561147,0,0,-0.393,-0.001,0.009,0,0,0,0,-0.001,0.004,0,0,0,0,2,0,0
5561157,0,0,-0.393,-0.001,0.009,0,0,0,0,-0.002,0.004,0,0,0,0,2,0,0
5561167,0,0,-0.393,-0.001,0.009,0,0,0,0,-0.002,0.004,0,0,0,0,2,0,0
5561177,0,0,-0.393,-0.001,0.009,0,0,0,0,-0.002,0.005,0,0,0,0,2,0,0
5561187,0,0,-0.393,-0.001,0.009,0,0,0,0,-0.002,0.005,0,0,0,0,2,0,0
5561197,0,0,-0.393,-0.001,0.009,0,0,0,0,-0.003,0.005,0,0,0,0,2,0,0
5561207,0,0,-0.393,-0.001,0.009,0,0,0,0,-0.003,0.006,0,0,0,0,2,0,0
5561217,0,0,-0.393,-0.001,0.009,0,0,0,0,-0.003,0.006,0,0,0,0,2,0,0
5561227,0,0,-0.393,-0.001,0.009,0,0,0,0,-0.004,0.006,0,0,0,0,2,0,0
5561237,0,0,-0.393,-0.001,0.009,0,0,0,0,-0.003,0.006,0,0,0,0,2,0,0
5561247,0,0,-0.393,-0.001,0.009,0,0,0,0,-0.003,0.006,0,0,0,0,2,0,0
5561257,0,0,-0.393,-0.001,0.009,0,0,0,0,-0.004,0.006,0,0,0,0,2,0,0
5561267,0,0,-0.393,-0.001,0.009,0,0,0,0,-0.004,0.006,0,0,0,0,2,0,0
5561277,0,0,-0.393,-0.001,0.009,0,0,0,0,-0.004,0.006,0,0,0,0,2,0,0
5561287,0,0,-0.393,-0.001,0.009,0,0,0,0,-0.003,0.005,0,0,0,0,2,0,0
5561297,0,0,-0.393,-0.001,0.009,0,0,0,0,-0.003,0.005,0,0,0,0,2,0,0
5561307,0,0,-0.393,-0.001,0.009,0,0,0,0,-0.003,0.005,0,0,0,0,2,0,0
5561317,0,0,-0.393,-0.001,0.009,0,0,0,0,-0.002,0.005,0,0,0,0,2,0,0
5561327,0,0,-0.393,-0.001,0.009,0,0,0,0,-0.002,0.004,0,0,0,0,2,0,0
5561337,0,0,-0.393,-0.001,0.009,0,0,0,0,-0.002,0.004,0,0,0,0,2,0,0
5561347,0,0,-0.393,-0.001,0.009,0,0,0,0,-0.002,0.004,0,0,0,0,2,0,0
5561357,0,0,-0.393,-0.001,0.009,0,0,0,0,-0.002,0.004,0,0,0,0,2,0,0
5561367,0,0,-0.393,-0.001,0.009,0,0,0,0,-0.002,0.004,0,0,0,0,2,0,0
5561377,0,0,-0.393,-0.001,0.009,0,0,0,0,-0.001,0.004,0,0,0,0,2,0,0
5561387,0,0,-0.393,-0.001,0.009,0,0,0,0,-0.002,0.004,0,0,0,0,2,0,0
5561397,0,0,-0.393,-0.001,0.009,0,0,0,0,-0.002,0.004,0,0,0,0,2,0,0
5561407,0,0,-0.393,-0.001,0.009,0,0,0,0,-0.002,0.004,0,0,0,0,2,0,0
5561417,0,0,-0.393,-0.001,0.009,0,0,0,0,-0.002,0.004,0,0,0,0,2,0,0
5561427,0,0,-0.393,-0.001,0.009,0,0,0,0,-0.003,0.004,0,0,0,0,2,0,0
5561437,0,0,-0.393,-0.001,0.009,0,0,0,0,-0.003,0.005,0,0,0,0,2,0,0
5561447,0,0,-0.393,-0.001,0.009,0,0,0,0,-0.004,0.005,0,0,0,0,2,0,0
5561457,0,0,-0.393,-0.001,0.009,0,0,0,0,-0.004,0.007,0,0,0,0,2,0,0
5561467,0,0,-0.393,-0.001,0.009,0,0,0,0,-0.005,0.007,0,0,0,0,2,0,0
5561477,0,0,-0.393,-0.001,0.009,0,0,0,0,-0.005,0.008,0,0,0,0,2,0,0
5561487,0,0,-0.393,-0.001,0.009,0,0,0,0,-0.005,0.008,0,0,0,0,2,0,0
5561497,0,0,-0.393,-0.001,0.009,0,0,0,0,-0.005,0.009,0,0,0,0,2,0,0
5561507,0,0,-0.393,-0.001,0.009,0,0,0,0,-0.005,0.009,0,0,0,0,2,0,0
5561517,0,0,-0.393,-0.001,0.009,0,0,0,0,-0.005,0.009,0,0,0,0,2,0,0
5561527,0,0,-0.393,-0.001,0.009,0,0,0,0,-0.005,0.009,0,0,0,0,2,0,0
5561537,0,0,-0.393,-0.001,0.009,0,0,0,0,-0.005,0.009,0,0,0,0,2,0,0
5561547,0,0,-0.393,-0.001,0.009,0,0,0,0,-0.005,0.009,0,0,0,0,2,0,0
5561557,0,0,-0.393,-0.001,0.009,0,0,0,0,-0.005,0.009,0,0,0,0,2,0,0
5561567,0,0,-0.393,-0.001,0.009,0,0,0,0,-0.005,0.009,0,0,0,0,2,0,0
5561577,0,0,-0.393,-0.001,0.009,0,0,0,0,-0.006,0.009,0,0,0,0,2,0,0
5561587,0,0,-0.393,-0.001,0.009,0,0,0,0,-0.005,0.009,0,0,0,0,2,0,0
5561597,0,0,-0.393,-0.001,0.009,0,0,0,0,-0.005,0.009,0,0,0,0,2,0,0
5561607,0,0,-0.393,-0.001,0.009,0,0,0,0,-0.005,0.009,0,0,0,0,2,0,0
5561617,0,0,-0.393,-0.002,0.009,0,0,0,0,-0.005,0.01,0,0,0,0,2,0,0
5561627,0,0,-0.393,-0.002,0.009,0,0,0,0,-0.006,0.01,0,0,0,0,2,0,0
5561637,0,0,-0.393,-0.002,0.009,0,0,0,0,-0.005,0.01,0,0,0,0,2,0,0
5561647,0,0,-0.393,-0.002,0.009,0,0,0,0,-0.005,0.01,0,0,0,0,2,0,0
5561657,0,0,-0.393,-0.002,0.009,0,0,0,0,-0.005,0.01,0,0,0,0,2,0,0
5561667,0,0,-0.393,-0.002,0.009,0,0,0,0,-0.005,0.01,0,0,0,0,2,0,0
5561677,0,0,-0.393,-0.002,0.009,0,0,0,0,-0.004,0.009,0,0,0,0,2,0,0
5561687,0,0,-0.393,-0.002,0.009,0,0,0,0,-0.004,0.009,0,0,0,0,2,0,0
5561697,0,0,-0.393,-0.002,0.009,0,0,0,0,-0.004,0.008,0,0,0,0,2,0,0
5561707,0,0,-0.393,-0.002,0.009,0,0,0,0,-0.004,0.009,0,0,0,0,2,0,0
5561717,0,0,-0.393,-0.002,0.009,0,0,0,0,-0.004,0.009,0,0,0,0,2,0,0
5561727,0,0,-0.393,-0.002,0.009,0,0,0,0,-0.004,0.009,0,0,0,0,2,0,0
5561737,0,0,-0.393,-0.002,0.009,0,0,0,0,-0.005,0.01,0,0,0,0,2,0,0
5561747,0,0,-0.393,-0.002,0.009,0,0,0,0,-0.005,0.01,0,0,0,0,2,0,0
5561757,0,0,-0.393,-0.002,0.009,0,0,0,0,-0.005,0.01,0,0,0,0,2,0,0
5561767,0,0,-0.393,-0.002,0.009,0,0,0,0,-0.005,0.01,0,0,0,0,2,0,0
5561777,0,0,-0.393,-0.002,0.009,0,0,0,0,-0.005,0.01,0,0,0,0,2,0,0
5561787,0,0,-0.393,-0.002,0.009,0,0,0,0,-0.004,0.009,0,0,0,0,2,0,0
5561797,0,0,-0.393,-0.002,0.009,0,0,0,0,-0.004,0.009,0,0,0,0,2,0,0
5561807,0,0,-0.393,-0.002,0.009,0,0,0,0,-0.003,0.009,0,0,0,0,2,0,0
5561817,0,0,-0.393,-0.002,0.009,0,0,0,0,-0.003,0.009,0,0,0,0,2,0,0
5561827,0,0,-0.393,-0.002,0.009,0,0,0,0,-0.003,0.009,0,0,0,0,2,0,0
5561837,0,0,-0.393,-0.002,0.009,0,0,0,0,-0.003,0.009,0,0,0,0,2,0,0
5561847,0,0,-0.393,-0.002,0.009,0,0,0,0,-0.003,0.009,0,0,0,0,2,0,0
5561857,0,0,-0.393,-0.002,0.009,0,0,0,0,-0.003,0.008,0,0,0,0,2,0,0
5561867,0,0,-0.393,-0.002,0.009,0,0,0,0,-0.004,0.009,0,0,0,0,2,0,0
5561877,0,0,-0.393,-0.002,0.009,0,0,0,0,-0.003,0.009,0,0,0,0,2,0,0
5561887,0,0,-0.393,-0.002,0.009,0,0,0,0,-0.004,0.009,0,0,0,0,2,0,0
5561897,0,0,-0.393,-0.002,0.009,0,0,0,0,-0.003,0.009,0,0,0,0,2,0,0
5561907,0,0,-0.393,-0.002,0.009,0,0,0,0,-0.003,0.009,0,0,0,0,2,0,0
5561917,0,0,-0.393,-0.002,0.009,0,0,0,0,-0.003,0.009,0,0,0,0,2,0,0
5561927,0,0,-0.393,-0.002,0.009,0,0,0,0,-0.003,0.009,0,0,0,0,2,0,0
5561937,0,0,-0.393,-0.002,0.009,0,0,0,0,-0.003,0.009,0,0,0,0,2,0,0
5561947,0,0,-0.393,-0.002,0.009,0,0,0,0,-0.002,0.009,0,0,0,0,2,0,0
5561957,0,0,-0.393,-0.002,0.009,0,0,0,0,-0.002,0.009,0,0,0,0,2,0,0
5561967,0,0,-0.393,-0.002,0.009,0,0,0,0,-0.001,0.009,0,0,0,0,2,0,0
5561977,0,0,-0.393,-0.002,0.009,0,0,0,0,-0.001,0.009,0,0,0,0,2,0,0
5561987,0,0,-0.393,-0.002,0.009,0,0,0,0,-0.001,0.008,0,0,0,0,2,0,0
5561997,0,0,-0.393,-0.002,0.009,0,0,0,0,-0.001,0.008,0,0,0,0,2,0,0
5562007,0,0,-0.393,-0.002,0.009,0,0,0,0,0,0.008,0,0,0,0,2,0,0
5562017,0,0,-0.393,-0.002,0.009,0,0,0,0,0,0.008,0,0,0,0,2,0,0
5562027,0,0,-0.393,-0.002,0.009,0,0,0,0,0,0.009,0,0,0,0,2,0,0
5562037,0,0,-0.393,-0.002,0.009,0,0,0,0,-0.001,0.009,0,0,0,0,2,0,0
5562047,0,0,-0.393,-0.002,0.009,0,0,0,0,-0.001,0.009,0,0,0,0,2,0,0
5562057,0,0,-0.393,-0.002,0.009,0,0,0,0,-0.001,0.01,0,0,0,0,2,0,0
5562067,0,0,-0.393,-0.002,0.009,0,0,0,0,-0.002,0.01,0,0,0,0,2,0,0
5562077,0,0,-0.393,-0.002,0.009,0,0,0,0,-0.002,0.01,0,0,0,0,2,0,0
5562087,0,0,-0.393,-0.002,0.009,0,0,0,0,-0.002,0.01,0,0,0,0,2,0,0
5562097,0,0,-0.393,-0.002,0.009,0,0,0,0,-0.002,0.009,0,0,0,0,2,0,0
5562107,0,0,-0.393,-0.002,0.009,0,0,0,0,-0.002,0.009,0,0,0,0,2,0,0
5562117,0,0,-0.393,-0.002,0.009,0,0,0,0,-0.002,0.008,0,0,0,0,2,0,0
5562127,0,0,-0.393,-0.002,0.009,0,0,0,0,-0.002,0.007,0,0,0,0,2,0,0
5562137,0,0,-0.393,-0.002,0.009,0,0,0,0,-0.002,0.006,0,0,0,0,2,0,0
5562147,0,0,-0.393,-0.002,0.009,0,0,0,0,-0.001,0.005,0,0,0,0,2,0,0
5562157,0,0,-0.393,-0.002,0.009,0,0,0,0,-0.001,0.004,0,0,0,0,2,0,0
5562167,0,0,-0.393,-0.002,0.009,0,0,0,0,-0.001,0.004,0,0,0,0,2,0,0
5562177,0,0,-0.393,-0.002,0.009,0,0,0,0,-0.001,0.003,0,0,0,0,2,0,0
5562187,0,0,-0.393,-0.002,0.009,0,0,0,0,-0.001,0.002,0,0,0,0,2,0,0
5562197,0,0,-0.393,-0.002,0.009,0,0,0,0,0,0.002,0,0,0,0,2,0,0
5562207,0,0,-0.393,-0.002,0.009,0,0,0,0,0,0.002,0,0,0,0,2,0,0
5562217,0,0,-0.393,-0.002,0.009,0,0,0,0,-0.001,0.002,0,0,0,0,2,0,0
5562227,0,0,-0.393,-0.002,0.009,0,0,0,0,-0.001,0.002,0,0,0,0,2,0,0
5562237,0,0,-0.393,-0.002,0.009,0,0,0,0,-0.001,0.002,0,0,0,0,2,0,0
5562247,0,0,-0.393,-0.002,0.009,0,0,0,0,-0.001,0.002,0,0,0,0,2,0,0
5562257,0,0,-0.393,-0.002,0.009,0,0,0,0,-0.001,0.002,0,0,0,0,2,0,0
5562267,0,0,-0.393,-0.002,0.009,0,0,0,0,-0.001,0.002,0,0,0,0,2,0,0
5562277,0,0,-0.393,-0.002,0.009,0,0,0,0,-0.001,0.002,0,0,0,0,2,0,0
5562287,0,0,-0.393,-0.002,0.009,0,0,0,0,-0.001,0.002,0,0,0,0,2,0,0
5562297,0,0,-0.393,-0.002,0.009,0,0,0,0,-0.001,0.002,0,0,0,0,2,0,0
5562307,0,0,-0.393,-0.002,0.009,0,0,0,0,-0.001,0.003,0,0,0,0,2,0,0
5562317,0,0,-0.393,-0.002,0.009,0,0,0,0,-0.001,0.003,0,0,0,0,2,0,0
5562327,0,0,-0.393,-0.002,0.009,0,0,0,0,-0.001,0.003,0,0,0,0,2,0,0
5562337,0,0,-0.393,-0.002,0.009,0,0,0,0,0,0.003,0,0,0,0,2,0,0
5562347,0,0,-0.393,-0.002,0.009,0,0,0,0,0,0.003,0,0,0,0,2,0,0
5562357,0,0,-0.393,-0.002,0.009,0,0,0,0,0,0.003,0,0,0,0,2,0,0
5562367,0,0,-0.393,-0.002,0.009,0,0,0,0,0,0.003,0,0,0,0,2,0,0
5562377,0,0,-0.393,-0.002,0.009,0,0,0,0,0,0.003,0,0,0,0,2,0,0
5562387,0,0,-0.393,-0.002,0.009,0,0,0,0,0,0.003,0,0,0,0,2,0,0
5562397,0,0,-0.393,-0.002,0.009,0,0,0,0,-0.001,0.003,0,0,0,0,2,0,0
5562407,0,0,-0.393,-0.002,0.009,0,0,0,0,0,0.003,0,0,0,0,2,0,0
5562417,0,0,-0.393,-0.002,0.009,0,0,0,0,0,0.003,0,0,0,0,2,0,0
5562427,0,0,-0.393,-0.002,0.009,0,0,0,0,0,0.003,0,0,0,0,2,0,0
5562437,0,0,-0.393,-0.002,0.009,0,0,0,0,0,0.003,0,0,0,0,2,0,0
5562447,0,0,-0.393,-0.002,0.009,0,0,0,0,0,0.003,0,0,0,0,2,0,0
5562457,0,0,-0.393,-0.002,0.009,0,0,0,0,0,0.004,0,0,0,0,2,0,0
5562467,0,0,-0.393,-0.002,0.009,0,0,0,0,0,0.004,0,0,0,0,2,0,0
5562477,0,0,-0.393,-0.002,0.009,0,0,0,0,0,0.004,0,0,0,0,2,0,0
5562487,0,0,-0.393,-0.002,0.009,0,0,0,0,0,0.004,0,0,0,0,2,0,0
5562497,0,0,-0.393,-0.002,0.009,0,0,0,0,0,0.004,0,0,0,0,2,0,0
5562507,0,0,-0.393,-0.002,0.009,0,0,0,0,0,0.004,0,0,0,0,2,0,0
5562517,0,0,-0.393,-0.002,0.009,0,0,0,0,0,0.004,0,0,0,0,2,0,0
5562527,0,0,-0.393,-0.002,0.009,0,0,0,0,0,0.004,0,0,0,0,2,0,0
5562537,0,0,-0.393,-0.002,0.009,0,0,0,0,0,0.004,0,0,0,0,2,0,0
5562547,0,0,-0.393,-0.002,0.009,0,0,0,0,0,0.004,0,0,0,0,2,0,0
5562557,0,0,-0.393,-0.002,0.009,0,0,0,0,0,0.004,0,0,0,0,2,0,0
5562567,0,0,-0.393,-0.002,0.009,0,0,0,0,0.001,0.004,0,0,0,0,2,0,0
5562577,0,0,-0.393,-0.002,0.009,0,0,0,0,0.001,0.003,0,0,0,0,2,0,0
5562587,0,0,-0.393,-0.002,0.009,0,0,0,0,0.001,0.003,0,0,0,0,2,0,0
5562597,0,0,-0.393,-0.002,0.009,0,0,0,0,0.001,0.003,0,0,0,0,2,0,0
5562607,0,0,-0.393,-0.002,0.009,0,0,0,0,0.001,0.003,0,0,0,0,2,0,0
5562617,0,0,-0.393,-0.002,0.009,0,0,0,0,0.001,0.003,0,0,0,0,2,0,0
5562627,0,0,-0.393,-0.002,0.009,0,0,0,0,0,0.003,0,0,0,0,2,0,0
5562637,0,0,-0.393,-0.002,0.009,0,0,0,0,0,0.003,0,0,0,0,2,0,0
5562647,0,0,-0.393,-0.002,0.009,0,0,0,0,0,0.003,0,0,0,0,2,0,0
5562657,0,0,-0.393,-0.002,0.009,0,0,0,0,0,0.002,0,0,0,0,2,0,0
5562667,0,0,-0.393,-0.002,0.009,0,0,0,0,0,0.002,0,0,0,0,2,0,0
5562677,0,0,-0.393,-0.002,0.009,0,0,0,0,0,0.002,0,0,0,0,2,0,0
5562687,0,0,-0.393,-0.002,0.009,0,0,0,0,0,0.002,0,0,0,0,2,0,0
5562697,0,0,-0.393,-0.002,0.009,0,0,0,0,0,0.002,0,0,0,0,2,0,0
5562707,0,0,-0.393,-0.002,0.009,0,0,0,0,0,0.002,0,0,0,0,2,0,0
5562717,0,0,-0.393,-0.002,0.009,0,0,0,0,0,0.002,0,0,0,0,2,0,0
5562727,0,0,-0.393,-0.002,0.009,0,0,0,0,0,0.002,0,0,0,0,2,0,0
5562737,0,0,-0.393,-0.002,0.009,0,0,0,0,0,0.002,0,0,0,0,2,0,0
5562747,0,0,-0.393,-0.002,0.009,0,0,0,0,0,0.002,0,0,0,0,2,0,0
5562757,0,0,-0.393,-0.002,0.009,0,0,0,0,0,0.002,0,0,0,0,2,0,0
5562767,0,0,-0.393,-0.002,0.009,0,0,0,0,0,0.002,0,0,0,0,2,0,0
5562777,0,0,-0.393,-0.002,0.009,0,0,0,0,0,0.002,0,0,0,0,2,0,0
5562787,0,0,-0.393,-0.002,0.009,0,0,0,0,0,0.002,0,0,0,0,2,0,0
5562797,0,0,-0.393,-0.002,0.009,0,0,0,0,0,0.002,0,0,0,0,2,0,0
5562807,0,0,-0.393,-0.002,0.009,0,0,0,0,0,0.002,0,0,0,0,2,0,0
5562817,0,0,-0.393,-0.002,0.009,0,0,0,0,0,0.002,0,0,0,0,2,0,0
5562827,0,0,-0.393,-0.002,0.009,0,0,0,0,-0.001,0.002,0,0,0,0,2,0,0
5562837,0,0,-0.393,-0.002,0.009,0,0,0,0,0,0.002,0,0,0,0,2,0,0
5562847,0,0,-0.393,-0.002,0.009,0,0,0,0,0,0.002,0,0,0,0,2,0,0
5562857,0,0,-0.393,-0.002,0.009,0,0,0,0,0,0.002,0,0,0,0,2,0,0
5562867,0,0,-0.393,-0.002,0.009,0,0,0,0,-0.001,0.002,0,0,0,0,2,0,0
5562877,0,0,-0.393,-0.002,0.009,0,0,0,0,0,0.002,0,0,0,0,2,0,0
5562887,0,0,-0.393,-0.002,0.009,0,0,0,0,0,0.002,0,0,0,0,2,0,0
5562897,0,0,-0.393,-0.002,0.009,0,0,0,0,0,0.002,0,0,0,0,2,0,0
5562907,0,0,-0.393,-0.002,0.009,0,0,0,0,-0.001,0.002,0,0,0,0,2,0,0
5562917,0,0,-0.393,-0.002,0.009,0,0,0,0,-0.001,0.002,0,0,0,0,2,0,0
5562927,0,0,-0.393,-0.002,0.009,0,0,0,0,-0.001,0.002,0,0,0,0,2,0,0
5562937,0,0,-0.393,-0.002,0.009,0,0,0,0,-0.001,0.002,0,0,0,0,2,0,0
5562947,0,0,-0.393,-0.002,0.009,0,0,0,0,-0.001,0.002,0,0,0,0,2,0,0
5562957,0,0,-0.393,-0.002,0.009,0,0,0,0,-0.001,0.002,0,0,0,0,2,0,0
5562967,0,0,-0.393,-0.002,0.009,0,0,0,0,-0.001,0.002,0,0,0,0,2,0,0
5562977,0,0,-0.393,-0.002,0.009,0,0,0,0,-0.001,0.002,0,0,0,0,2,0,0
5562987,0,0,-0.393,-0.002,0.009,0,0,0,0,-0.001,0.002,0,0,0,0,2,0,0
5562997,0,0,-0.393,-0.002,0.009,0,0,0,0,-0.001,0.003,0,0,0,0,2,0,0
5563007,0,0,-0.393,-0.002,0.009,0,0,0,0,-0.001,0.003,0,0,0,0,2,0,0
5563017,0,0,-0.393,-0.002,0.009,0,0,0,0,-0.001,0.003,0,0,0,0,2,0,0
5563027,0,0,-0.393,-0.002,0.009,0,0,0,0,-0.001,0.003,0,0,0,0,2,0,0
5563037,0,0,-0.393,-0.002,0.009,0,0,0,0,-0.001,0.003,0,0,0,0,2,0,0
5563047,0,0,-0.393,-0.002,0.009,0,0,0,0,-0.001,0.003,0,0,0,0,2,0,0
5563057,0,0,-0.393,-0.002,0.009,0,0,0,0,-0.001,0.004,0,0,0,0,2,0,0
5563068,0,0,-0.393,-0.002,0.009,0,0,0,0,-0.001,0.004,0,0,0,0,2,0,0
5563077,0,0,-0.393,-0.002,0.009,0,0,0,0,-0.001,0.004,0,0,0,0,2,0,0
5563087,0,0,-0.393,-0.002,0.009,0,0,0,0,-0.001,0.004,0,0,0,0,2,0,0
5563097,0,0,-0.393,-0.002,0.009,0,0,0,0,-0.001,0.004,0,0,0,0,2,0,0
5563107,0,0,-0.393,-0.002,0.009,0,0,0,0,-0.001,0.004,0,0,0,0,2,0,0
5563117,0,0,-0.393,-0.002,0.009,0,0,0,0,-0.001,0.005,0,0,0,0,2,0,0
5563127,0,0,-0.393,-0.002,0.009,0,0,0,0,-0.002,0.004,0,0,0,0,2,0,0
5563137,0,0,-0.393,-0.002,0.009,0,0,0,0,-0.002,0.005,0,0,0,0,2,0,0
5563147,0,0,-0.393,-0.002,0.009,0,0,0,0,-0.003,0.006,0,0,0,0,2,0,0
5563157,0,0,-0.393,-0.002,0.009,0,0,0,0,-0.003,0.007,0,0,0,0,2,0,0
5563167,0,0,-0.393,-0.002,0.009,0,0,0,0,-0.003,0.007,0,0,0,0,2,0,0
5563177,0,0,-0.393,-0.002,0.009,0,0,0,0,-0.003,0.007,0,0,0,0,2,0,0
5563187,0,0,-0.393,-0.002,0.009,0,0,0,0,-0.004,0.007,0,0,0,0,2,0,0
5563197,0,0,-0.393,-0.002,0.009,0,0,0,0,-0.004,0.007,0,0,0,0,2,0,0
5563207,0,0,-0.393,-0.002,0.009,0,0,0,0,-0.003,0.008,0,0,0,0,2,0,0
5563217,0,0,-0.393,-0.002,0.009,0,0,0,0,-0.003,0.008,0,0,0,0,2,0,0
5563227,0,0,-0.393,-0.002,0.009,0,0,0,0,-0.003,0.009,0,0,0,0,2,0,0
5563237,0,0,-0.393,-0.002,0.009,0,0,0,0,-0.003,0.009,0,0,0,0,2,0,0
5563247,0,0,-0.393,-0.002,0.009,0,0,0,0,-0.003,0.01,0,0,0,0,2,0,0
5563257,0,0,-0.393,-0.002,0.009,0,0,0,0,-0.003,0.011,0,0,0,0,2,0,0
5563267,0,0,-0.393,-0.002,0.009,0,0,0,0,-0.004,0.011,0,0,0,0,2,0,0
5563277,0,0,-0.393,-0.002,0.009,0,0,0,0,-0.004,0.013,0,0,0,0,2,0,0
5563287,0,0,-0.393,-0.002,0.009,0,0,0,0,-0.004,0.014,0,0,0,0,2,0,0
5563297,0,0,-0.393,-0.002,0.009,0,0,0,0,-0.005,0.015,0,0,0,0,2,0,0
5563307,0,0,-0.393,-0.002,0.009,0,0,0,0,-0.005,0.016,0,0,0,0,2,0,0
5563317,0,0,-0.393,-0.002,0.009,0,0,0,0,-0.005,0.018,0,0,0,0,2,0,0
5563327,0,0,-0.393,-0.002,0.009,0,0,0,0,-0.006,0.019,0,0,0,0,2,0,0
5563337,0,0,-0.393,-0.002,0.009,0,0,0,0,-0.007,0.021,0,0,0,0,2,0,0
5563347,0,0,-0.393,-0.002,0.009,0,0,0,0,-0.007,0.022,0,0,0,0,2,0,0
5563357,0,0,-0.393,-0.002,0.009,0,0,0,0,-0.008,0.023,0,0,0,0,2,0,0
5563367,0,0,-0.393,-0.002,0.009,0,0,0,0,-0.008,0.024,0,0,0,0,2,0,0
5563377,0,0,-0.393,-0.002,0.009,0,0,0,0,-0.009,0.025,0,0,0,0,2,0,0
5563387,0,0,-0.393,-0.002,0.009,0,0,0,0,-0.009,0.026,0,0,0,0,2,0,0
5563397,0,0,-0.393,-0.002,0.009,0,0,0,0,-0.01,0.028,0,0,0,0,2,0,0
5563407,0,0,-0.393,-0.002,0.009,0,0,0,0,-0.01,0.03,0,0,0,0,2,0,0
5563417,0,0,-0.393,-0.002,0.009,0,0,0,0,-0.011,0.032,0,0,0,0,2,0,0
5563427,0,0,-0.393,-0.002,0.009,0,0,0,0,-0.012,0.034,0,0,0,0,2,0,0
5563437,0,0,-0.393,-0.002,0.009,0,0,0,0,-0.013,0.036,0,0,0,0,2,0,0
5563447,0,0,-0.393,-0.002,0.009,0,0.001,0,0,-0.012,0.038,0,0,0,0,2,0,0
5563457,0,0,-0.393,-0.002,0.009,0,0.013,0,0.004,-0.012,0.04,0,0.001,0,0,2,0,0.001
5563467,0,0,-0.393,-0.002,0.009,0,0.02,-0.001,0.017,-0.011,0.041,-0.001,0.012,0,0,2,-0.001,0.012
5563477,0,0,-0.393,-0.002,0.009,0,0.025,-0.001,0.023,-0.01,0.042,-0.001,0.02,0,0,2,-0.001,0.02
5563487,0,0,-0.393,-0.002,0.009,0,0.029,-0.001,0.027,-0.008,0.043,-0.001,0.024,0,0,2,-0.001,0.024
5563497,0,0,-0.393,-0.002,0.009,0,0.031,0,0.03,-0.008,0.044,-0.001,0.028,0,0,2,-0.001,0.028
5563507,0,0,-0.393,-0.002,0.009,0,0.033,0,0.033,-0.006,0.043,0,0.032,0,0,2,0,0.032
5563517,0,0,-0.393,-0.002,0.009,0,0.034,-0.001,0.035,-0.004,0.043,0,0.034,0,0,2,0,0.034
5563527,0,0,-0.393,-0.002,0.009,0,0.034,-0.001,0.035,-0.003,0.042,-0.001,0.035,0,0,2,-0.001,0.035
5563537,0,0,-0.393,-0.002,0.009,0,0.034,0,0.035,-0.002,0.04,-0.001,0.035,0,0,2,-0.001,0.035
5563547,0,0,-0.393,-0.002,0.009,0,0.034,0,0.035,-0.001,0.038,0,0.035,0,0,2,0,0.035
5563557,0,0,-0.393,-0.002,0.009,0,0.032,0,0.034,0,0.035,0,0.035,0,0,2,0,0.035
5563567,0,0,-0.393,-0.002,0.009,0,0.029,0,0.031,0.001,0.032,0,0.032,0,0,2,0,0.032
5563577,0,0,-0.393,-0.002,0.009,0,0.026,0,0.028,0.001,0.029,0,0.03,0,0,2,0,0.03
5563587,0,0,-0.393,-0.002,0.009,0,0.023,0,0.026,0.002,0.026,0,0.028,0,0,2,0,0.028
5563597,0,0,-0.393,-0.002,0.009,0,0.021,0,0.023,0.002,0.022,0,0.024,0,0,2,0,0.024
5563607,0,0,-0.393,-0.002,0.009,0,0.018,0,0.02,0.001,0.018,0,0.021,0,0,2,0,0.021
5563617,0,0,-0.393,-0.002,0.009,0,0.015,0,0.017,0.001,0.015,0,0.018,0,0,2,0,0.018
5563627,0,0,-0.393,-0.002,0.009,0,0.012,0,0.014,0.001,0.012,0,0.015,0,0,2,0,0.015
5563637,0,0,-0.393,-0.002,0.009,0,0.009,0,0.011,0.001,0.009,0,0.012,0,0,2,0,0.012
5563647,0,0,-0.393,-0.002,0.009,0,0.007,0,0,0.001,0.007,0,0.008,0,0,2,0,0.008
5563657,0,0,-0.393,-0.002,0.009,0,0.006,0,0,0.001,0.006,0,0.002,0,0,2,0,0.002
5563667,0,0,-0.393,-0.002,0.009,0,0.004,0,0,0,0.004,0,0,0,0,2,0,0
5563677,0,0,-0.393,-0.002,0.009,0,0.003,0,0,0,0.003,0,0,0,0,2,0,0
5563687,0,0,-0.393,-0.002,0.009,0,0.003,0,0,0,0.003,0,0,0,0,2,0,0
5563697,0,0,-0.393,-0.002,0.009,0,0.002,0,0,0,0.003,0,0,0,0,2,0,0
5563707,0,0,-0.393,-0.002,0.009,0,0.002,0,0,0,0.003,0,0,0,0,2,0,0
5563717,0,0,-0.393,-0.002,0.009,0,0.002,0,0,0.001,0.003,0,0,0,0,2,0,0
5563727,0,0,-0.393,-0.002,0.009,0,0.002,0,0,0.001,0.004,0,0,0,0,2,0,0
5563737,0,0,-0.393,-0.002,0.009,0,0.003,0,0,0.001,0.004,0,0,0,0,2,0,0
5563747,0,0,-0.393,-0.002,0.009,0,0.003,0,0,0.001,0.004,0,0,0,0,2,0,0
5563757,0,0,-0.393,-0.002,0.009,0,0.003,0,0,0.001,0.004,0,0,0,0,2,0,0
5563767,0,0,-0.393,-0.002,0.009,0,0.003,0,0,0.001,0.005,0,0,0,0,2,0,0
5563777,0,0,-0.393,-0.002,0.009,0,0.003,0,0,0.001,0.005,0,0,0,0,2,0,0
5563787,0,0,-0.393,-0.002,0.009,0,0.004,0,0,0.002,0.006,0,0,0,0,2,0,0
5563797,0,0,-0.393,-0.002,0.009,0,0.004,0,0,0.002,0.006,0,0,0,0,2,0,0
5563807,0,0,-0.393,-0.002,0.009,0,0.004,0,0,0.002,0.006,0,0,0,0,2,0,0
5563817,0,0,-0.393,-0.002,0.009,0,0.005,0,0,0.001,0.006,0,0,0,0,2,0,0
5563827,0,0,-0.393,-0.002,0.009,0,0.005,0,0,0.001,0.007,0,0,0,0,2,0,0
5563837,0,0,-0.393,-0.002,0.009,0,0.005,0,0,0.001,0.007,0,0,0,0,2,0,0
5563847,0,0,-0.393,-0.002,0.009,0,0.004,0,0,0.001,0.007,0,0,0,0,2,0,0
5563857,0,0,-0.393,-0.002,0.009,0,0.003,0,0,0.001,0.007,0,0,0,0,2,0,0
5563868,0,0,-0.393,-0.002,0.009,0,0.002,0,0,0,0.007,0,0,0,0,2,0,0
5563877,0,0,-0.393,-0.002,0.009,0,0,0,0,0,0.007,0,0,0,0,2,0,0
5563887,0,0,-0.393,-0.002,0.009,0,0,0,0,0,0.007,0,0,0,0,2,0,0
5563897,0,0,-0.393,-0.002,0.009,0,0,0,0,-0.001,0.007,0,0,0,0,2,0,0
5563907,0,0,-0.393,-0.002,0.009,0,0,0,0,-0.001,0.007,0,0,0,0,2,0,0
5563917,0,0,-0.393,-0.002,0.009,0,0,0,0,-0.001,0.008,0,0,0,0,2,0,0
5563927,0,0,-0.393,-0.002,0.009,0,0,0,0,-0.001,0.008,0,0,0,0,2,0,0
5563937,0,0,-0.393,-0.002,0.009,0,0,0,0,-0.001,0.008,0,0,0,0,2,0,0
5563947,0,0,-0.393,-0.002,0.009,0,0,0,0,-0.002,0.008,0,0,0,0,2,0,0
5563957,0,0,-0.393,-0.002,0.009,0,0,0,0,-0.002,0.009,0,0,0,0,2,0,0
5563967,0,0,-0.393,-0.002,0.009,0,0,0,0,-0.002,0.009,0,0,0,0,2,0,0
5563977,0,0,-0.393,-0.002,0.009,0,0,0,0,-0.001,0.01,0,0,0,0,2,0,0
5563987,0,0,-0.393,-0.002,0.009,0,0,0,0,-0.001,0.01,0,0,0,0,2,0,0
5563997,0,0,-0.393,-0.002,0.009,0,0,0,0,0,0.01,0,0,0,0,2,0,0
5564007,0,0,-0.393,-0.002,0.009,0,0,0,0,0,0.01,0,0,0,0,2,0,0
5564017,0,0,-0.393,-0.002,0.009,0,0,0,0,0.001,0.01,0,0,0,0,2,0,0
5564027,0,0,-0.393,-0.002,0.009,0,0,0,0,0.001,0.01,0,0,0,0,2,0,0
5564037,0,0,-0.393,-0.002,0.009,0,0,0,0,0.002,0.011,0,0,0,0,2,0,0
5564047,0,0,-0.393,-0.002,0.009,0,0,0,0,0.002,0.011,0,0,0,0,2,0,0
5564057,0,0,-0.393,-0.002,0.009,0,0,0,0,0.002,0.011,0,0,0,0,2,0,0
5564067,0,0,-0.393,-0.002,0.009,0,0,0,0,0.002,0.011,0,0,0,0,2,0,0
5564077,0,0,-0.393,-0.002,0.009,0,0,0,0,0.002,0.011,0,0,0,0,2,0,0
5564087,0,0,-0.393,-0.002,0.009,0,0,0,0,0.001,0.011,0,0,0,0,2,0,0
5564097,0,0,-0.393,-0.002,0.009,0,0,0,0,0,0.011,0,0,0,0,2,0,0
5564107,0,0,-0.393,-0.002,0.009,0,0,0,0,0,0.011,0,0,0,0,2,0,0
5564117,0,0,-0.393,-0.002,0.009,0,0,0,0,0,0.011,0,0,0,0,2,0,0
5564127,0,0,-0.393,-0.002,0.009,0,0,0,0,0,0.01,0,0,0,0,2,0,0
5564137,0,0,-0.393,-0.002,0.009,0,0,0,0,0,0.01,0,0,0,0,2,0,0
5564147,0,0,-0.393,-0.002,0.009,0,0,0,0,0,0.009,0,0,0,0,2,0,0
5564157,0,0,-0.393,-0.002,0.009,0,0,0,0,-0.001,0.009,0,0,0,0,2,0,0
5564168,0,0,-0.393,-0.002,0.009,0,0,0,0,-0.001,0.009,0,0,0,0,2,0,0
5564178,0,0,-0.393,-0.002,0.009,0,0,0,0,-0.001,0.009,0,0,0,0,2,0,0
5564188,0,0,-0.393,-0.002,0.009,0,0,0,0,-0.001,0.009,0,0,0,0,2,0,0
5564198,0,0,-0.393,-0.002,0.009,0,0,0,0,-0.001,0.009,0,0,0,0,2,0,0
5564208,0,0,-0.393,-0.002,0.009,0,0,0,0,0,0.009,0,0,0,0,2,0,0
5564218,0,0,-0.393,-0.002,0.009,0,0,0,0,0,0.009,0,0,0,0,2,0,0
5564228,0,0,-0.393,-0.002,0.009,0,0,0,0,0,0.009,0,0,0,0,2,0,0
5564238,0,0,-0.393,-0.002,0.009,0,0,0,0,0.001,0.009,0,0,0,0,2,0,0
5564248,0,0,-0.393,-0.002,0.009,0,0,0,0,0.001,0.009,0,0,0,0,2,0,0
5564258,0,0,-0.393,-0.002,0.009,0,0,0,0,0.001,0.009,0,0,0,0,2,0,0
5564268,0,0,-0.393,-0.002,0.009,0,0,0,0,0.001,0.009,0,0,0,0,2,0,0
5564278,0,0,-0.393,-0.002,0.009,0,0,0,0,0.001,0.009,0,0,0,0,2,0,0
5564288,0,0,-0.393,-0.002,0.009,0,0,0,0,0.001,0.009,0,0,0,0,2,0,0
5564298,0,0,-0.393,-0.002,0.009,0,0,0,0,0.001,0.009,0,0,0,0,2,0,0
5564308,0,0,-0.393,-0.002,0.009,0,0,0,0,0.001,0.009,0,0,0,0,2,0,0
5564318,0,0,-0.393,-0.002,0.009,0,0,0,0,0.001,0.008,0,0,0,0,2,0,0
5564328,0,0,-0.393,-0.002,0.009,0,0,0,0,0.001,0.008,0,0,0,0,2,0,0
5564338,0,0,-0.393,-0.002,0.009,0,0,0,0,0.001,0.007,0,0,0,0,2,0,0
5564348,0,0,-0.393,-0.002,0.009,0,0,0,0,0.001,0.007,0,0,0,0,2,0,0
5564358,0,0,-0.393,-0.002,0.009,0,0,0,0,0,0.007,0,0,0,0,2,0,0
5564368,0,0,-0.393,-0.002,0.009,0,0,0,0,0,0.007,0,0,0,0,2,0,0
5564378,0,0,-0.393,-0.002,0.009,0,0,0,0,0,0.006,0,0,0,0,2,0,0
5564388,0,0,-0.393,-0.002,0.009,0,0,0,0,0,0.006,0,0,0,0,2,0,0
5564398,0,0,-0.393,-0.002,0.009,0,0,0,0,0,0.006,0,0,0,0,2,0,0
5564408,0,0,-0.393,-0.002,0.009,0,0,0,0,0.001,0.006,0,0,0,0,2,0,0
5564418,0,0,-0.393,-0.002,0.009,0,0,0,0,0.001,0.006,0,0,0,0,2,0,0
5564428,0,0,-0.393,-0.002,0.009,0,0,0,0,0.001,0.006,0,0,0,0,2,0,0
5564438,0,0,-0.393,-0.002,0.009,0,0,0,0,0.001,0.007,0,0,0,0,2,0,0
5564448,0,0,-0.393,-0.002,0.009,0,0,0,0,0.001,0.006,0,0,0,0,2,0,0
5564458,0,0,-0.393,-0.002,0.009,0,0,0,0,0.001,0.007,0,0,0,0,2,0,0
5564468,0,0,-0.393,-0.002,0.009,0,0,0,0,0.001,0.007,0,0,0,0,2,0,0
5564478,0,0,-0.393,-0.002,0.009,0,0,0,0,0,0.007,0,0,0,0,2,0,0
5564488,0,0,-0.393,-0.002,0.009,0,0,0,0,0.001,0.008,0,0,0,0,2,0,0
5564498,0,0,-0.393,-0.002,0.009,0,0,0,0,0,0.008,0,0,0,0,2,0,0
5564508,0,0,-0.393,-0.002,0.009,0,0,0,0,0,0.009,0,0,0,0,2,0,0
5564518,0,0,-0.393,-0.002,0.009,0,0,0,0,-0.001,0.009,0,0,0,0,2,0,0
5564528,0,0,-0.393,-0.002,0.009,0,0,0,0,-0.001,0.01,0,0,0,0,2,0,0
5564538,0,0,-0.393,-0.002,0.009,0,0,0,0,-0.002,0.011,0,0,0,0,2,0,0
5564548,0,0,-0.393,-0.002,0.009,0,0,0,0,-0.002,0.011,0,0,0,0,2,0,0
5564558,0,0,-0.393,-0.002,0.009,0,0,0,0,-0.002,0.011,0,0,0,0,2,0,0
5564568,0,0,-0.393,-0.002,0.009,0,0,0,0,-0.003,0.011,0,0,0,0,2,0,0
5564578,0,0,-0.393,-0.002,0.009,0,0,0,0,-0.003,0.011,0,0,0,0,2,0,0
5564588,0,0,-0.393,-0.002,0.009,0,0,0,0,-0.003,0.012,0,0,0,0,2,0,0
5564598,0,0,-0.393,-0.002,0.009,0,0,0,0,-0.002,0.012,0,0,0,0,2,0,0
5564608,0,0,-0.393,-0.002,0.009,0,0,0,0,-0.002,0.012,0,0,0,0,2,0,0
5564618,0,0,-0.393,-0.002,0.009,0,0,0,0,-0.002,0.012,0,0,0,0,2,0,0
5564628,0,0,-0.393,-0.002,0.009,0,0,0,0,-0.002,0.013,0,0,0,0,2,0,0
5564638,0,0,-0.393,-0.002,0.009,0,0,0,0,-0.003,0.013,0,0,0,0,2,0,0
5564648,0,0,-0.393,-0.002,0.009,0,0,0,0,-0.003,0.014,0,0,0,0,2,0,0
5564658,0,0,-0.393,-0.002,0.009,0,0,0,0,-0.004,0.015,0,0,0,0,2,0,0
5564668,0,0,-0.393,-0.002,0.009,0,0,0,0,-0.004,0.016,0,0,0,0,2,0,0
5564678,0,0,-0.393,-0.002,0.009,0,0,0,0,-0.005,0.017,0,0,0,0,2,0,0
5564688,0,0,-0.393,-0.002,0.009,0,0,0,0,-0.005,0.018,0,0,0,0,2,0,0
5564698,0,0,-0.393,-0.002,0.009,0,0.001,0,0,-0.006,0.019,0,0,0,0,2,0,0
5564708,0,0,-0.393,-0.002,0.009,0,0.004,0,0,-0.007,0.02,0,0,0,0,2,0,0
5564718,0,0,-0.393,-0.002,0.009,0,0.006,0,0,-0.008,0.022,0,0,0,0,2,0,0
5564728,0,0,-0.393,-0.002,0.009,0,0.005,0,0,-0.008,0.023,0,0.001,0,0,2,0,0.001
5564738,0,0,-0.393,-0.002,0.009,0,0.004,0,0,-0.007,0.024,0,0,0,0,2,0,0
5564748,0,0,-0.393,-0.002,0.009,0,0.003,0,0,-0.007,0.024,0,0,0,0,2,0,0
5564758,0,0,-0.393,-0.002,0.009,0,0.002,0,0,-0.007,0.024,0,0,0,0,2,0,0
5564768,0,0,-0.393,-0.002,0.009,0,0.003,0,0,-0.006,0.024,0,0.001,0,0,2,0,0.001
5564778,0,0,-0.393,-0.002,0.009,0,0.006,0,0,-0.005,0.022,0,0.001,0,0,2,0,0.001
5564788,0,0,-0.393,-0.002,0.009,0,0.008,0,0,-0.004,0.02,0,0.001,0,0,2,0,0.001
5564798,0,0,-0.393,-0.002,0.009,0,0.009,0,0,-0.003,0.019,0,0.001,0,0,2,0,0.001
5564808,0,0,-0.393,-0.002,0.009,0,0.01,0,0.003,-0.003,0.017,0,0,0,0,2,0,0
5564818,0,0,-0.393,-0.002,0.009,0,0.01,0,0.01,-0.003,0.015,0,0.007,0,0,2,0,0.007
5564828,0,0,-0.393,-0.002,0.009,0,0.009,0,0.01,-0.003,0.013,0,0.01,0,0,2,0,0.01
5564838,0,0,-0.393,-0.002,0.009,0,0.008,0,0,-0.003,0.012,0,0.003,0,0,2,0,0.003
5564848,0,0,-0.393,-0.002,0.009,0,0.007,0,0,-0.002,0.009,0,0.001,0,0,2,0,0.001
5564858,0,0,-0.393,-0.002,0.009,0,0.006,0,0,-0.002,0.008,0,0,0,0,2,0,0
5564868,0,0,-0.393,-0.002,0.009,0,0.005,0,0,-0.002,0.006,0,0,0,0,2,0,0
5564878,0,0,-0.393,-0.002,0.009,0,0.005,0,0,-0.001,0.005,0,0,0,0,2,0,0
5564888,0,0,-0.393,-0.002,0.009,0,0.004,0,0,-0.001,0.004,0,0,0,0,2,0,0
5564898,0,0,-0.393,-0.002,0.009,0,0.003,0,0,-0.001,0.004,0,0,0,0,2,0,0
5564908,0,0,-0.393,-0.002,0.009,0,0.003,0,0,-0.001,0.003,0,0,0,0,2,0,0
5564918,0,0,-0.393,-0.002,0.009,0,0.002,0,0,0,0.003,0,0,0,0,2,0,0
5564928,0,0,-0.393,-0.002,0.009,0,0.002,0,0,0,0.003,0,0,0,0,2,0,0
5564938,0,0,-0.393,-0.002,0.009,0,0.003,0,0,0,0.003,0,0,0,0,2,0,0
5564948,0,0,-0.393,-0.002,0.009,0,0.003,0,0,0,0.003,0,0,0,0,2,0,0
5564958,0,0,-0.393,-0.002,0.009,0,0.003,0,0,0,0.004,0,0,0,0,2,0,0
5564968,0,0,-0.393,-0.002,0.009,0,0.003,0,0,0,0.004,0,0,0,0,2,0,0
5564978,0,0,-0.393,-0.002,0.009,0,0.003,0,0,0,0.004,0,0,0,0,2,0,0
5564988,0,0,-0.393,-0.002,0.009,0,0.003,0,0,-0.001,0.004,0,0,0,0,2,0,0
5564998,0,0,-0.393,-0.002,0.009,0,0.004,0,0,-0.001,0.005,0,0,0,0,2,0,0
5565008,0,0,-0.393,-0.002,0.009,0,0.004,0,0,-0.001,0.005,0,0,0,0,2,0,0
5565018,0,0,-0.393,-0.002,0.009,0,0.004,0,0,-0.001,0.005,0,0,0,0,2,0,0
5565028,0,0,-0.393,-0.002,0.009,0,0.004,0,0,-0.001,0.005,0,0,0,0,2,0,0
5565038,0,0,-0.393,-0.002,0.009,0,0.004,0,0,-0.001,0.005,0,0,0,0,2,0,0
5565048,0,0,-0.393,-0.002,0.009,0,0.005,0,0,-0.001,0.006,0,0,0,0,2,0,0
5565058,0,0,-0.393,-0.002,0.009,0,0.004,0,0,0,0.005,0,0,0,0,2,0,0
5565068,0,0,-0.393,-0.002,0.009,0,0.004,0,0,0,0.005,0,0,0,0,2,0,0
5565078,0,0,-0.393,-0.002,0.009,0,0.004,0,0,0,0.005,0,0,0,0,2,0,0
5565088,0,0,-0.393,-0.002,0.009,0,0.004,0,0,0,0.005,0,0,0,0,2,0,0
5565098,0,0,-0.393,-0.002,0.009,0,0.004,0,0,0.001,0.005,0,0,0,0,2,0,0
5565108,0,0,-0.393,-0.002,0.009,0,0.004,0,0,0.001,0.005,0,0,0,0,2,0,0
5565118,0,0,-0.393,-0.002,0.009,0,0.004,0,0,0.001,0.005,0,0,0,0,2,0,0
5565128,0,0,-0.393,-0.002,0.009,0,0.004,0,0,0.001,0.005,0,0,0,0,2,0,0
5565138,0,0,-0.393,-0.002,0.009,0,0.004,0,0,0.001,0.005,0,0,0,0,2,0,0
5565148,0,0,-0.393,-0.002,0.009,0,0.004,0,0,0.001,0.005,0,0,0,0,2,0,0
5565158,0,0,-0.393,-0.002,0.009,0,0.004,0,0,0.001,0.005,0,0,0,0,2,0,0
5565168,0,0,-0.393,-0.002,0.009,0,0.004,0,0,0.001,0.005,0,0,0,0,2,0,0
5565178,0,0,-0.393,-0.002,0.009,0,0.004,0,0,0.001,0.005,0,0,0,0,2,0,0
5565188,0,0,-0.393,-0.002,0.009,0,0.004,0,0,0.001,0.005,0,0,0,0,2,0,0
5565198,0,0,-0.393,-0.002,0.009,0,0.005,0,0,0.001,0.005,0,0,0,0,2,0,0
5565208,0,0,-0.393,-0.002,0.009,0,0.005,0,0,0.001,0.005,0,0,0,0,2,0,0
5565218,0,0,-0.393,-0.002,0.009,0,0.005,0,0,0.002,0.005,0,0,0,0,2,0,0
5565228,0,0,-0.393,-0.002,0.009,0,0.004,0,0,0.001,0.005,0,0,0,0,2,0,0
5565238,0,0,-0.393,-0.002,0.009,0,0.004,0,0,0.001,0.005,0,0,0,0,2,0,0
5565248,0,0,-0.393,-0.002,0.009,0,0.004,0,0,0.001,0.005,0,0,0,0,2,0,0
5565258,0,0,-0.393,-0.002,0.009,0,0.004,0,0,0.001,0.005,0,0,0,0,2,0,0
5565268,0,0,-0.393,-0.002,0.009,0,0.003,0,0,0.001,0.004,0,0,0,0,2,0,0
5565278,0,0,-0.393,-0.002,0.009,0,0.002,0,0,0.001,0.004,0,0,0,0,2,0,0
5565288,0,0,-0.393,-0.002,0.009,0,0.001,0,0,0.001,0.004,0,0,0,0,2,0,0
5565298,0,0,-0.393,-0.002,0.009,0,0,0,0,0.001,0.004,0,0,0,0,2,0,0
5565308,0,0,-0.393,-0.002,0.009,0,0,0,0,0,0.004,0,0,0,0,2,0,0
5565318,0,0,-0.393,-0.002,0.009,0,0,0,0,0.001,0.004,0,0,0,0,2,0,0
5565328,0,0,-0.393,-0.002,0.009,0,0,0,0,0.001,0.004,0,0,0,0,2,0,0
5565338,0,0,-0.393,-0.002,0.009,0,0,0,0,0.001,0.004,0,0,0,0,2,0,0
5565348,0,0,-0.393,-0.002,0.009,0,0,0,0,0.001,0.004,0,0,0,0,2,0,0
5565358,0,0,-0.393,-0.002,0.009,0,0,0,0,0.001,0.005,0,0,0,0,2,0,0
5565368,0,0,-0.393,-0.002,0.009,0,0,0,0,0.001,0.005,0,0,0,0,2,0,0
5565378,0,0,-0.393,-0.002,0.009,0,0,0,0,0.001,0.005,0,0,0,0,2,0,0
5565388,0,0,-0.393,-0.002,0.009,0,0,0,0,0.001,0.005,0,0,0,0,2,0,0
5565398,0,0,-0.393,-0.002,0.009,0,0,0,0,0.001,0.006,0,0,0,0,2,0,0
5565408,0,0,-0.393,-0.002,0.009,0,0,0,0,0.001,0.006,0,0,0,0,2,0,0
5565418,0,0,-0.393,-0.002,0.009,0,0,0,0,0.001,0.006,0,0,0,0,2,0,0
5565428,0,0,-0.393,-0.002,0.009,0,0,0,0,0.001,0.006,0,0,0,0,2,0,0
5565438,0,0,-0.393,-0.002,0.009,0,0,0,0,0.001,0.007,0,0,0,0,2,0,0
5565448,0,0,-0.393,-0.002,0.009,0,0,0,0,0.001,0.007,0,0,0,0,2,0,0
5565458,0,0,-0.393,-0.002,0.009,0,0,0,0,0.001,0.007,0,0,0,0,2,0,0
5565468,0,0,-0.393,-0.002,0.009,0,0,0,0,0.002,0.007,0,0,0,0,2,0,0
5565478,0,0,-0.393,-0.002,0.009,0,0,0,0,0.002,0.007,0,0,0,0,2,0,0
5565488,0,0,-0.393,-0.002,0.009,0,0,0,0,0.002,0.007,0,0,0,0,2,0,0
5565498,0,0,-0.393,-0.002,0.009,0,0,0,0,0.002,0.007,0,0,0,0,2,0,0
5565508,0,0,-0.393,-0.002,0.009,0,0,0,0,0.002,0.006,0,0,0,0,2,0,0
5565518,0,0,-0.393,-0.002,0.009,0,0,0,0,0.002,0.006,0,0,0,0,2,0,0
5565528,0,0,-0.393,-0.002,0.009,0,0,0,0,0.002,0.005,0,0,0,0,2,0,0
5565538,0,0,-0.393,-0.002,0.009,0,0,0,0,0.002,0.005,0,0,0,0,2,0,0
5565548,0,0,-0.393,-0.002,0.009,0,0,0,0,0.001,0.005,0,0,0,0,2,0,0
5565558,0,0,-0.393,-0.002,0.009,0,0,0,0,0.001,0.004,0,0,0,0,2,0,0
5565568,0,0,-0.393,-0.002,0.009,0,0,0,0,0.001,0.004,0,0,0,0,2,0,0
5565578,0,0,-0.393,-0.002,0.009,0,0,0,0,0.001,0.004,0,0,0,0,2,0,0
5565588,0,0,-0.393,-0.002,0.009,0,0,0,0,0.001,0.004,0,0,0,0,2,0,0
5565598,0,0,-0.393,-0.002,0.009,0,0,0,0,0.001,0.003,0,0,0,0,2,0,0
5565608,0,0,-0.393,-0.002,0.009,0,0,0,0,0.001,0.003,0,0,0,0,2,0,0
5565618,0,0,-0.393,-0.002,0.009,0,0,0,0,0.001,0.004,0,0,0,0,2,0,0
5565628,0,0,-0.393,-0.002,0.009,0,0,0,0,0.001,0.004,0,0,0,0,2,0,0
5565638,0,0,-0.393,-0.002,0.009,0,0,0,0,0,0.004,0,0,0,0,2,0,0
5565648,0,0,-0.393,-0.002,0.009,0,0,0,0,0,0.003,0,0,0,0,2,0,0
5565658,0,0,-0.393,-0.002,0.009,0,0,0,0,0.001,0.004,0,0,0,0,2,0,0
5565668,0,0,-0.393,-0.002,0.009,0,0,0,0,0.001,0.003,0,0,0,0,2,0,0
5565678,0,0,-0.393,-0.002,0.009,0,0,0,0,0,0.003,0,0,0,0,2,0,0
5565688,0,0,-0.393,-0.002,0.009,0,0,0,0,0.001,0.003,0,0,0,0,2,0,0
5565698,0,0,-0.393,-0.002,0.009,0,0,0,0,0,0.003,0,0,0,0,2,0,0
5565708,0,0,-0.393,-0.002,0.009,0,0,0,0,0,0.003,0,0,0,0,2,0,0
5565718,0,0,-0.393,-0.002,0.009,0,0,0,0,0,0.003,0,0,0,0,2,0,0
5565728,0,0,-0.393,-0.002,0.009,0,0,0,0,0,0.003,0,0,0,0,2,0,0
5565738,0,0,-0.393,-0.002,0.009,0,0,0,0,0,0.003,0,0,0,0,2,0,0
5565748,0,0,-0.393,-0.002,0.009,0,0,0,0,0,0.003,0,0,0,0,2,0,0
5565758,0,0,-0.393,-0.002,0.009,0,0,0,0,0,0.003,0,0,0,0,2,0,0
5565768,0,0,-0.393,-0.002,0.009,0,0,0,0,0,0.003,0,0,0,0,2,0,0
5565778,0,0,-0.393,-0.002,0.009,0,0,0,0,0,0.003,0,0,0,0,2,0,0
5565788,0,0,-0.393,-0.002,0.009,0,0,0,0,0,0.003,0,0,0,0,2,0,0
5565798,0,0,-0.393,-0.002,0.009,0,0,0,0,0,0.003,0,0,0,0,2,0,0
5565808,0,0,-0.393,-0.002,0.009,0,0,0,0,0,0.003,0,0,0,0,2,0,0
5565818,0,0,-0.393,-0.002,0.009,0,0,0,0,0,0.004,0,0,0,0,2,0,0
5565828,0,0,-0.393,-0.002,0.009,0,0,0,0,0,0.004,0,0,0,0,2,0,0
5565838,0,0,-0.393,-0.002,0.009,0,0,0,0,-0.001,0.004,0,0,0,0,2,0,0
5565848,0,0,-0.393,-0.002,0.009,0,0,0,0,-0.001,0.005,0,0,0,0,2,0,0
5565858,0,0,-0.393,-0.002,0.009,0,0,0,0,-0.002,0.006,0,0,0,0,2,0,0
5565868,0,0,-0.393,-0.002,0.009,0,0,0,0,-0.002,0.006,0,0,0,0,2,0,0
5565878,0,0,-0.393,-0.002,0.009,0,0,0,0,-0.002,0.007,0,0,0,0,2,0,0
5565888,0,0,-0.393,-0.002,0.009,0,0,0,0,-0.003,0.008,0,0,0,0,2,0,0
5565898,0,0,-0.393,-0.002,0.009,0,0,0,0,-0.003,0.009,0,0,0,0,2,0,0
5565908,0,0,-0.393,-0.002,0.009,0,0,0,0,-0.003,0.009,0,0,0,0,2,0,0
5565918,0,0,-0.393,-0.002,0.009,0,0,0,0,-0.003,0.009,0,0,0,0,2,0,0
5565928,0,0,-0.393,-0.002,0.009,0,0,0,0,-0.003,0.01,0,0,0,0,2,0,0
5565938,0,0,-0.393,-0.002,0.009,0,0,0,0,-0.003,0.01,0,0,0,0,2,0,0
5565948,0,0,-0.393,-0.002,0.009,0,0,0,0,-0.003,0.01,0,0,0,0,2,0,0
5565958,0,0,-0.393,-0.002,0.009,0,0,0,0,-0.003,0.01,0,0,0,0,2,0,0
5565970,0,0,-0.393,-0.002,0.009,0,0,0,0,-0.003,0.01,0,0,0,0,2,0,0
5565978,0,0,-0.393,-0.002,0.009,0,0,0,0,-0.003,0.01,0,0,0,0,2,0,0
5565988,0,0,-0.393,-0.002,0.009,0,0,0,0,-0.003,0.01,0,0,0,0,2,0,0
5565998,0,0,-0.393,-0.002,0.009,0,0,0,0,-0.002,0.01,0,0,0,0,2,0,0
5566008,0,0,-0.393,-0.002,0.009,0,0,0,0,-0.002,0.01,0,0,0,0,2,0,0
5566018,0,0,-0.393,-0.002,0.009,0,0,0,0,-0.003,0.011,0,0,0,0,2,0,0
5566028,0,0,-0.393,-0.002,0.009,0,0,0,0,-0.003,0.011,0,0,0,0,2,0,0
5566038,0,0,-0.393,-0.002,0.009,0,0,0,0,-0.003,0.012,0,0,0,0,2,0,0
5566048,0,0,-0.393,-0.002,0.009,0,0,0,0,-0.003,0.012,0,0,0,0,2,0,0
5566058,0,0,-0.393,-0.002,0.009,0,0,0,0,-0.004,0.012,0,0,0,0,2,0,0
5566070,0,0,-0.393,-0.002,0.009,0,0,0,0,-0.004,0.013,0,0,0,0,2,0,0
5566078,0,0,-0.393,-0.002,0.009,0,0,0,0,-0.004,0.013,0,0,0,0,2,0,0
5566088,0,0,-0.393,-0.002,0.009,0,0,0,0,-0.004,0.013,0,0,0,0,2,0,0
5566098,0,0,-0.393,-0.002,0.009,0,0,0,0,-0.004,0.013,0,0,0,0,2,0,0
5566108,0,0,-0.393,-0.002,0.009,0,0,0,0,-0.004,0.013,0,0,0,0,2,0,0
5566118,0,0,-0.393,-0.002,0.009,0,0,0,0,-0.005,0.013,0,0,0,0,2,0,0
5566128,0,0,-0.393,-0.002,0.009,0,0,0,0,-0.006,0.014,0,0,0,0,2,0,0
5566138,0,0,-0.393,-0.002,0.009,0,0,0,0,-0.007,0.015,0,0,0,0,2,0,0
5566148,0,0,-0.393,-0.002,0.009,0,0,0,0,-0.007,0.016,0,0,0,0,2,0,0
5566158,0,0,-0.393,-0.002,0.009,0,0,0,0,-0.008,0.016,0,0,0,0,2,0,0
5566168,0,0,-0.393,-0.002,0.009,0,0,0,0,-0.008,0.017,0,0,0,0,2,0,0
5566178,0,0,-0.393,-0.002,0.009,0,0,0,0,-0.009,0.019,0,0,0,0,2,0,0
5566188,0,0,-0.393,-0.002,0.009,0,0,0,0,-0.01,0.021,0,0,0,0,2,0,0
5566198,0,0,-0.393,-0.002,0.009,0,0,0,0,-0.01,0.022,0,0,0,0,2,0,0
5566208,0,0,-0.393,-0.002,0.009,0,0,0,0,-0.011,0.024,0,0,0,0,2,0,0
5566218,0,0,-0.393,-0.002,0.009,0,0,0,0,-0.011,0.025,0,0,0,0,2,0,0
5566228,0,0,-0.393,-0.002,0.009,0,0,0,0,-0.011,0.026,0,0.001,0,0,2,0,0.001
5566238,0,0,-0.393,-0.002,0.009,0,0,0,0,-0.011,0.027,0,0.001,0,0,2,0,0.001
5566248,0,0,-0.393,-0.002,0.009,0,0,0,0,-0.011,0.029,0,0.001,0,0,2,0,0.001
5566258,0,0,-0.393,-0.002,0.009,0,0,0,0,-0.012,0.029,0,0.001,0,0,2,0,0.001
5566268,0,0,-0.393,-0.002,0.009,0,0,0,0,-0.012,0.028,0,0.001,0,0,2,0,0.001
5566278,0,0,-0.393,-0.002,0.009,0,0,0,0,-0.013,0.027,0,0.001,0,0,2,0,0.001
5566288,0,0,-0.393,-0.002,0.009,0,0,0,0,-0.013,0.028,0,0.001,0,0,2,0,0.001
5566298,0,0,-0.393,-0.002,0.009,0,0,0,0,-0.013,0.027,0,0,0,0,2,0,0
5566308,0,0,-0.393,-0.002,0.009,0,0,0,0,-0.012,0.027,0,0.001,0,0,2,0,0.001
5566318,0,0,-0.393,-0.002,0.009,0,0,0,0,-0.012,0.026,0,0.001,0,0,2,0,0.001
5566328,0,0,-0.393,-0.002,0.009,0,0,0,0,-0.01,0.025,0,0.001,0,0,2,0,0.001
5566338,0,0,-0.393,-0.002,0.009,0,0,0,0,-0.009,0.024,0,0.001,0,0,2,0,0.001
5566348,0,0,-0.393,-0.002,0.009,0,0,0,0,-0.008,0.024,0,0.001,0,0,2,0,0.001
5566358,0,0,-0.393,-0.002,0.009,0,0,0,0,-0.007,0.023,0,0.001,0,0,2,0,0.001
5566368,0,0,-0.393,-0.002,0.009,0,0,0,0,-0.006,0.021,0,0.001,0,0,2,0,0.001
5566378,0,0,-0.393,-0.002,0.009,0,0,0,0,-0.005,0.019,0,0.001,0,0,2,0,0.001
5566388,0,0,-0.393,-0.002,0.009,0,0,0,0,-0.003,0.017,0,0.001,0,0,2,0,0.001
5566398,0,0,-0.393,-0.002,0.009,0,0,0,0,-0.002,0.016,0,0.001,0,0,2,0,0.001
5566408,0,0,-0.393,-0.002,0.009,0,0,0,0,-0.002,0.015,0,0.001,0,0,2,0,0.001
5566418,0,0,-0.393,-0.002,0.009,0,0,0,0,-0.001,0.013,0,0,0,0,2,0,0
5566428,0,0,-0.393,-0.002,0.009,0,0,0,0,0,0.012,0,0,0,0,2,0,0
5566438,0,0,-0.393,-0.002,0.009,0,0,0,0,0,0.011,0,0,0,0,2,0,0
5566448,0,0,-0.393,-0.002,0.009,0,0,0,0,0,0.01,0,0,0,0,2,0,0
5566458,0,0,-0.393,-0.002,0.009,0,0,0,0,0,0.01,0,0,0,0,2,0,0
5566468,0,0,-0.393,-0.002,0.009,0,0,0,0,0,0.009,0,0,0,0,2,0,0
5566478,0,0,-0.393,-0.002,0.009,0,0,0,0,0,0.008,0,0,0,0,2,0,0
5566488,0,0,-0.393,-0.002,0.009,0,0,0,0,0,0.009,0,0,0,0,2,0,0
5566498,0,0,-0.393,-0.002,0.009,0,0,0,0,0,0.008,0,0,0,0,2,0,0
5566508,0,0,-0.393,-0.002,0.009,0,0,0,0,0.001,0.008,0,0,0,0,2,0,0
5566518,0,0,-0.393,-0.002,0.009,0,0,0,0,0.001,0.008,0,0,0,0,2,0,0
5566528,0,0,-0.393,-0.002,0.009,0,0,0,0,0.001,0.008,0,0,0,0,2,0,0
5566538,0,0,-0.393,-0.002,0.009,0,0,0,0,0.001,0.009,0,0,0,0,2,0,0
5566548,0,0,-0.393,-0.002,0.009,0,0,0,0,0.001,0.009,0,0,0,0,2,0,0
5566558,0,0,-0.393,-0.002,0.009,0,0,0,0,0.002,0.01,0,0,0,0,2,0,0
5566568,0,0,-0.393,-0.002,0.009,0,0,0,0,0.002,0.01,0,0,0,0,2,0,0
5566578,0,0,-0.393,-0.002,0.009,0,0,0,0,0.001,0.011,0,0,0,0,2,0,0
5566588,0,0,-0.393,-0.002,0.009,0,0,0,0,0.001,0.011,0,0,0,0,2,0,0
5566598,0,0,-0.393,-0.002,0.009,0,0,0,0,0,0.011,0,0,0,0,2,0,0
5566608,0,0,-0.393,-0.002,0.009,0,0,0,0,0,0.011,0,0,0,0,2,0,0
5566618,0,0,-0.393,-0.002,0.009,0,0,0,0,-0.001,0.01,0,0,0,0,2,0,0
5566628,0,0,-0.393,-0.002,0.009,0,0,0,0,-0.001,0.01,0,0,0,0,2,0,0
5566638,0,0,-0.393,-0.002,0.009,0,0,0,0,-0.002,0.01,0,0,0,0,2,0,0
5566648,0,0,-0.393,-0.002,0.009,0,0,0,0,-0.002,0.009,0,0,0,0,2,0,0
5566658,0,0,-0.393,-0.002,0.009,0,0,0,0,-0.002,0.009,0,0,0,0,2,0,0
5566668,0,0,-0.393,-0.002,0.009,0,0,0,0,-0.003,0.01,0,0,0,0,2,0,0
5566678,0,0,-0.393,-0.002,0.009,0,0,0,0,-0.003,0.01,0,0,0,0,2,0,0
5566688,0,0,-0.393,-0.002,0.009,0,0,0,0,-0.003,0.011,0,0,0,0,2,0,0
5566698,0,0,-0.393,-0.002,0.009,0,0,0,0,-0.004,0.013,0,0,0,0,2,0,0
5566708,0,0,-0.393,-0.002,0.009,0,0,0,0,-0.004,0.014,0,0,0,0,2,0,0
5566718,0,0,-0.393,-0.002,0.009,0,0,0,0,-0.004,0.015,0,0,0,0,2,0,0
5566728,0,0,-0.393,-0.002,0.009,0,0,0,0,-0.004,0.016,0,0,0,0,2,0,0
5566738,0,0,-0.393,-0.002,0.009,0,0,0,0,-0.004,0.017,0,0,0,0,2,0,0
5566748,0,0,-0.393,-0.002,0.009,0,0,0,0,-0.004,0.019,0,0,0,0,2,0,0
5566758,0,0,-0.393,-0.002,0.009,0,0,0,0,-0.005,0.02,0,0,0,0,2,0,0
5566768,0,0,-0.393,-0.002,0.009,0,0,0,0,-0.005,0.021,0,0.001,0,0,2,0,0.001
5566778,0,0,-0.393,-0.002,0.009,0,0,0,0,-0.004,0.021,0,0,0,0,2,0,0
5566788,0,0,-0.393,-0.002,0.009,0,0,0,0,-0.005,0.022,0,0,0,0,2,0,0
5566798,0,0,-0.393,-0.002,0.009,0,0,0,0,-0.006,0.022,0,0.001,0,0,2,0,0.001
5566808,0,0,-0.393,-0.002,0.009,0,0,0,0,-0.006,0.022,0,0.001,0,0,2,0,0.001
5566818,0,0,-0.393,-0.002,0.009,0,0,0,0,-0.006,0.021,0,0.001,0,0,2,0,0.001
5566828,0,0,-0.393,-0.002,0.009,0,0,0,0,-0.005,0.021,0,0.001,0,0,2,0,0.001
5566838,0,0,-0.393,-0.002,0.009,0,0,0,0,-0.005,0.021,0,0,0,0,2,0,0
5566848,0,0,-0.393,-0.002,0.009,0,0,0,0,-0.005,0.02,0,0,0,0,2,0,0
5566858,0,0,-0.393,-0.002,0.009,0,0,0,0,-0.006,0.02,0,0,0,0,2,0,0
5566868,0,0,-0.393,-0.002,0.009,0,0,0,0,-0.006,0.019,0,0.001,0,0,2,0,0.001
5566878,0,0,-0.393,-0.002,0.009,0,0,0,0,-0.006,0.018,0,0.001,0,0,2,0,0.001
5566888,0,0,-0.393,-0.002,0.009,0,0,0,0,-0.006,0.017,0,0,0,0,2,0,0
5566898,0,0,-0.393,-0.002,0.009,0,0,0,0,-0.006,0.017,0,0,0,0,2,0,0
5566909,0,0,-0.393,-0.002,0.009,0,0,0,0,-0.006,0.017,0,0,0,0,2,0,0
5566918,0,0,-0.393,-0.002,0.009,0,0,0,0,-0.006,0.016,0,0,0,0,2,0,0
5566928,0,0,-0.393,-0.002,0.009,0,0,0,0,-0.006,0.015,0,0,0,0,2,0,0
5566938,0,0,-0.393,-0.002,0.009,0,0,0,0,-0.006,0.014,0,0,0,0,2,0,0
5566948,0,0,-0.393,-0.002,0.009,0,0,0,0,-0.005,0.013,0,0,0,0,2,0,0
5566958,0,0,-0.393,-0.002,0.009,0,0,0,0,-0.005,0.012,0,0,0,0,2,0,0
5566968,0,0,-0.393,-0.002,0.009,0,0,0,0,-0.004,0.012,0,0,0,0,2,0,0
5566977,0,0,-0.393,-0.002,0.009,0,0,0,0,-0.004,0.011,0,0,0,0,2,0,0
5566987,0,0,-0.393,-0.002,0.009,0,0,0,0,-0.004,0.011,0,0,0,0,2,0,0
5566997,0,0,-0.393,-0.002,0.009,0,0,0,0,-0.003,0.01,0,0,0,0,2,0,0
5567007,0,0,-0.393,-0.002,0.009,0,0,0,0,-0.003,0.01,0,0,0,0,2,0,0
5567017,0,0,-0.393,-0.002,0.009,0,0,0,0,-0.003,0.009,0,0,0,0,2,0,0
5567027,0,0,-0.393,-0.002,0.009,0,0,0,0,-0.003,0.008,0,0,0,0,2,0,0
5567037,0,0,-0.393,-0.002,0.009,0,0,0,0,-0.002,0.008,0,0,0,0,2,0,0
5567047,0,0,-0.393,-0.002,0.009,0,0,0,0,-0.002,0.007,0,0,0,0,2,0,0
5567057,0,0,-0.393,-0.002,0.009,0,0,0,0,-0.001,0.006,0,0,0,0,2,0,0
5567067,0,0,-0.393,-0.002,0.009,0,0,0,0,-0.001,0.005,0,0,0,0,2,0,0
5567077,0,0,-0.393,-0.002,0.009,0,0,0,0,0,0.005,0,0,0,0,2,0,0
5567087,0,0,-0.393,-0.002,0.009,0,0,0,0,0,0.004,0,0,0,0,2,0,0
5567097,0,0,-0.393,-0.002,0.009,0,0,0,0,0,0.003,0,0,0,0,2,0,0
5567107,0,0,-0.393,-0.002,0.009,0,0,0,0,0,0.003,0,0,0,0,2,0,0
5567117,0,0,-0.393,-0.002,0.009,0,0,0,0,0,0.002,0,0,0,0,2,0,0
5567127,0,0,-0.393,-0.002,0.009,0,0,0,0,0,0.002,0,0,0,0,2,0,0
5567137,0,0,-0.393,-0.002,0.009,0,0,0,0,0,0.002,0,0,0,0,2,0,0
5567147,0,0,-0.393,-0.002,0.009,0,0,0,0,0,0.002,0,0,0,0,2,0,0
5567157,0,0,-0.393,-0.002,0.009,0,0,0,0,0,0.002,0,0,0,0,2,0,0
5567167,0,0,-0.393,-0.002,0.009,0,0,0,0,0,0.002,0,0,0,0,2,0,0
5567177,0,0,-0.393,-0.002,0.009,0,0,0,0,0,0.001,0,0,0,0,2,0,0
5567187,0,0,-0.393,-0.002,0.009,0,0,0,0,0,0.001,0,0,0,0,2,0,0
5567197,0,0,-0.393,-0.002,0.009,0,0,0,0,0,0.002,0,0,0,0,2,0,0
5567207,0,0,-0.393,-0.002,0.009,0,0,0,0,0,0.002,0,0,0,0,2,0,0
5567217,0,0,-0.393,-0.002,0.009,0,0,0,0,0,0.002,0,0,0,0,2,0,0
5567227,0,0,-0.393,-0.002,0.009,0,0,0,0,0,0.002,0,0,0,0,2,0,0
5567237,0,0,-0.393,-0.002,0.009,0,0,0,0,0,0.002,0,0,0,0,2,0,0
5567247,0,0,-0.393,-0.002,0.009,0,0,0,0,0,0.002,0,0,0,0,2,0,0
5567257,0,0,-0.393,-0.002,0.009,0,0,0,0,0,0.002,0,0,0,0,2,0,0
5567267,0,0,-0.393,-0.002,0.009,0,0,0,0,0,0.002,0,0,0,0,2,0,0
5567277,0,0,-0.393,-0.002,0.009,0,0,0,0,0,0.002,0,0,0,0,2,0,0
5567287,0,0,-0.393,-0.002,0.009,0,0,0,0,0,0.002,0,0,0,0,2,0,0
5567297,0,0,-0.393,-0.002,0.009,0,0,0,0,0,0.002,0,0,0,0,2,0,0
5567307,0,0,-0.393,-0.002,0.009,0,0,0,0,0,0.002,0,0,0,0,2,0,0
5567317,0,0,-0.393,-0.002,0.009,0,0,0,0,0,0.002,0,0,0,0,2,0,0
5567327,0,0,-0.393,-0.002,0.009,0,0,0,0,0,0.002,0,0,0,0,2,0,0
5567337,0,0,-0.393,-0.002,0.009,0,0,0,0,0,0.002,0,0,0,0,2,0,0
5567347,0,0,-0.393,-0.002,0.009,0,0,0,0,0,0.002,0,0,0,0,2,0,0
5567357,0,0,-0.393,-0.002,0.009,0,0,0,0,0,0.002,0,0,0,0,2,0,0
5567367,0,0,-0.393,-0.002,0.009,0,0,0,0,0,0.002,0,0,0,0,2,0,0
5567377,0,0,-0.393,-0.002,0.009,0,0,0,0,0,0.002,0,0,0,0,2,0,0
5567387,0,0,-0.393,-0.002,0.009,0,0,0,0,0,0.002,0,0,0,0,2,0,0
5567397,0,0,-0.393,-0.002,0.009,0,0,0,0,0,0.002,0,0,0,0,2,0,0
5567407,0,0,-0.393,-0.002,0.009,0,0,0,0,0,0.002,0,0,0,0,2,0,0
5567417,0,0,-0.393,-0.002,0.009,0,0,0,0,0,0.002,0,0,0,0,2,0,0
5567427,0,0,-0.393,-0.002,0.009,0,0,0,0,-0.001,0.002,0,0,0,0,2,0,0
5567437,0,0,-0.393,-0.002,0.009,0,0,0,0,0,0.002,0,0,0,0,2,0,0
5567447,0,0,-0.393,-0.002,0.009,0,0,0,0,0,0.002,0,0,0,0,2,0,0
5567457,0,0,-0.393,-0.002,0.009,0,0,0,0,-0.001,0.002,0,0,0,0,2,0,0
5567467,0,0,-0.393,-0.002,0.009,0,0,0,0,0,0.002,0,0,0,0,2,0,0
5567477,0,0,-0.393,-0.002,0.009,0,0,0,0,0,0.002,0,0,0,0,2,0,0
5567487,0,0,-0.393,-0.002,0.009,0,0,0,0,0,0.002,0,0,0,0,2,0,0
5567497,0,0,-0.393,-0.002,0.009,0,0,0,0,0,0.003,0,0,0,0,2,0,0
5567507,0,0,-0.393,-0.002,0.009,0,0,0,0,-0.001,0.002,0,0,0,0,2,0,0
5567517,0,0,-0.393,-0.002,0.009,0,0,0,0,0,0.003,0,0,0,0,2,0,0
5567527,0,0,-0.393,-0.002,0.009,0,0,0,0,0,0.003,0,0,0,0,2,0,0
5567537,0,0,-0.393,-0.002,0.009,0,0,0,0,0,0.003,0,0,0,0,2,0,0
5567547,0,0,-0.393,-0.002,0.009,0,0,0,0,-0.001,0.004,0,0,0,0,2,0,0
5567557,0,0,-0.393,-0.002,0.009,0,0,0,0,-0.001,0.003,0,0,0,0,2,0,0
5567567,0,0,-0.393,-0.002,0.009,0,0,0,0,0,0.004,0,0,0,0,2,0,0
5567577,0,0,-0.393,-0.002,0.009,0,0,0,0,-0.001,0.004,0,0,0,0,2,0,0
5567587,0,0,-0.393,-0.002,0.009,0,0,0,0,-0.001,0.004,0,0,0,0,2,0,0
5567597,0,0,-0.393,-0.002,0.009,0,0,0,0,-0.001,0.005,0,0,0,0,2,0,0
5567607,0,0,-0.393,-0.002,0.009,0,0,0,0,-0.001,0.006,0,0,0,0,2,0,0
5567617,0,0,-0.393,-0.002,0.009,0,0,0,0,-0.001,0.006,0,0,0,0,2,0,0
5567627,0,0,-0.393,-0.002,0.009,0,0,0,0,-0.001,0.007,0,0,0,0,2,0,0
5567637,0,0,-0.393,-0.002,0.009,0,0,0,0,0,0.007,0,0,0,0,2,0,0
5567647,0,0,-0.393,-0.002,0.009,0,0,0,0,0,0.008,0,0,0,0,2,0,0
5567657,0,0,-0.393,-0.002,0.009,0,0,0,0,0,0.008,0,0,0,0,2,0,0
5567667,0,0,-0.393,-0.002,0.009,0,0,0,0,-0.001,0.008,0,0,0,0,2,0,0
5567677,0,0,-0.393,-0.002,0.009,0,0,0,0,0,0.008,0,0,0,0,2,0,0
5567687,0,0,-0.393,-0.002,0.009,0,0,0,0,0,0.009,0,0,0,0,2,0,0
5567697,0,0,-0.393,-0.002,0.009,0,0,0,0,-0.001,0.008,0,0,0,0,2,0,0
5567707,0,0,-0.393,-0.002,0.009,0,0,0,0,-0.001,0.008,0,0,0,0,2,0,0
5567717,0,0,-0.393,-0.002,0.009,0,0,0,0,-0.001,0.008,0,0,0,0,2,0,0
5567727,0,0,-0.393,-0.002,0.009,0,0,0,0,-0.001,0.008,0,0,0,0,2,0,0
5567737,0,0,-0.393,-0.002,0.009,0,0,0,0,-0.001,0.008,0,0,0,0,2,0,0
5567747,0,0,-0.393,-0.002,0.009,0,0,0,0,-0.001,0.008,0,0,0,0,2,0,0
5567757,0,0,-0.393,-0.002,0.009,0,0,0,0,-0.001,0.008,0,0,0,0,2,0,0
5567767,0,0,-0.393,-0.002,0.009,0,0,0,0,-0.001,0.009,0,0,0,0,2,0,0
5567777,0,0,-0.393,-0.002,0.009,0,0,0,0,-0.002,0.01,0,0,0,0,2,0,0
5567787,0,0,-0.393,-0.002,0.009,0,0,0,0,-0.002,0.012,0,0,0,0,2,0,0
5567797,0,0,-0.393,-0.002,0.009,0,0,0,0,-0.003,0.014,0,0,0,0,2,0,0
5567807,0,0,-0.393,-0.002,0.009,0,0,0,0,-0.003,0.016,0,0,0,0,2,0,0
5567817,0,0,-0.393,-0.002,0.009,0,0,0,0,-0.003,0.017,0,0,0,0,2,0,0
5567827,0,0,-0.393,-0.002,0.009,0,0,0,0,-0.003,0.018,0,0,0,0,2,0,0
5567837,0,0,-0.393,-0.002,0.009,0,0,0,0,-0.002,0.019,0,0,0,0,2,0,0
5567847,0,0,-0.393,-0.002,0.009,0,0,0,0,-0.003,0.021,0,0,0,0,2,0,0
5567857,0,0,-0.393,-0.002,0.009,0,0,0,0,-0.003,0.022,0,0.001,0,0,2,0,0.001
5567867,0,0,-0.393,-0.002,0.009,0,0,0,0,-0.004,0.024,0,0.001,0,0,2,0,0.001
5567877,0,0,-0.393,-0.002,0.009,0,0,0,0,-0.005,0.024,0,0.001,0,0,2,0,0.001
5567887,0,0,-0.393,-0.002,0.009,0,0,0,0,-0.006,0.026,0,0.001,0,0,2,0,0.001
5567897,0,0,-0.393,-0.002,0.009,0,0,0,0,-0.007,0.026,0,0.001,0,0,2,0,0.001
5567907,0,0,-0.393,-0.002,0.009,0,0,0,0,-0.007,0.025,0,0.001,0,0,2,0,0.001
5567917,0,0,-0.393,-0.002,0.009,0,0,0,0,-0.008,0.025,0,0.001,0,0,2,0,0.001
5567927,0,0,-0.393,-0.002,0.009,0,0,0,0,-0.009,0.026,0,0.001,0,0,2,0,0.001
5567937,0,0,-0.393,-0.002,0.009,0,0,0,0,-0.009,0.025,0,0.001,0,0,2,0,0.001
5567947,0,0,-0.393,-0.002,0.009,0,0,0,0,-0.009,0.024,0,0,0,0,2,0,0
5567957,0,0,-0.393,-0.002,0.009,0,0,0,0,-0.01,0.023,0,0,0,0,2,0,0
5567967,0,0,-0.393,-0.002,0.009,0,0,0,0,-0.01,0.022,0,0,0,0,2,0,0
5567977,0,0,-0.393,-0.002,0.009,0,0,0,0,-0.01,0.021,0,0.001,0,0,2,0,0.001
5567987,0,0,-0.393,-0.002,0.009,0,0,0,0,-0.01,0.02,0,0,0,0,2,0,0
5567997,0,0,-0.393,-0.002,0.009,0,0,0,0,-0.01,0.018,0,0,0,0,2,0,0
5568008,0,0,-0.393,-0.002,0.009,0,0,0,0,-0.01,0.017,0,0,0,0,2,0,0
5568017,0,0,-0.393,-0.002,0.009,0,0,0,0,-0.009,0.016,0,0,0,0,2,0,0
5568027,0,0,-0.393,-0.002,0.009,0,0,0,0,-0.008,0.015,0,0,0,0,2,0,0
5568037,0,0,-0.393,-0.002,0.009,0,0,0,0,-0.007,0.014,0,0,0,0,2,0,0
5568047,0,0,-0.393,-0.002,0.009,0,0,0,0,-0.006,0.012,0,0,0,0,2,0,0
5568057,0,0,-0.393,-0.002,0.009,0,0,0,0,-0.006,0.011,0,0,0,0,2,0,0
5568067,0,0,-0.393,-0.002,0.009,0,0,0,0,-0.005,0.011,0,0,0,0,2,0,0
5568077,0,0,-0.393,-0.002,0.009,0,0,0,0,-0.005,0.01,0,0,0,0,2,0,0
5568087,0,0,-0.393,-0.002,0.009,0,0,0,0,-0.004,0.009,0,0,0,0,2,0,0
5568097,0,0,-0.393,-0.002,0.009,0,0,0,0,-0.003,0.008,0,0,0,0,2,0,0
5568107,0,0,-0.393,-0.002,0.009,0,0,0,0,-0.003,0.007,0,0,0,0,2,0,0
5568117,0,0,-0.393,-0.002,0.009,0,0,0,0,-0.002,0.007,0,0,0,0,2,0,0
5568127,0,0,-0.393,-0.002,0.009,0,0,0,0,-0.002,0.007,0,0,0,0,2,0,0
5568137,0,0,-0.393,-0.002,0.009,0,0,0,0,-0.002,0.006,0,0,0,0,2,0,0
5568147,0,0,-0.393,-0.002,0.009,0,0,0,0,-0.001,0.006,0,0,0,0,2,0,0
5568157,0,0,-0.393,-0.002,0.009,0,0,0,0,-0.001,0.006,0,0,0,0,2,0,0
5568167,0,0,-0.393,-0.002,0.009,0,0,0,0,-0.001,0.005,0,0,0,0,2,0,0
5568177,0,0,-0.393,-0.002,0.009,0,0,0,0,-0.001,0.005,0,0,0,0,2,0,0
5568187,0,0,-0.393,-0.002,0.009,0,0,0,0,-0.001,0.005,0,0,0,0,2,0,0
5568197,0,0,-0.393,-0.002,0.009,0,0,0,0,-0.001,0.004,0,0,0,0,2,0,0
5568207,0,0,-0.393,-0.002,0.009,0,0,0,0,-0.001,0.004,0,0,0,0,2,0,0
5568217,0,0,-0.393,-0.002,0.009,0,0,0,0,-0.001,0.003,0,0,0,0,2,0,0
5568227,0,0,-0.393,-0.002,0.009,0,0,0,0,-0.001,0.003,0,0,0,0,2,0,0
5568237,0,0,-0.393,-0.002,0.009,0,0,0,0,-0.001,0.003,0,0,0,0,2,0,0
5568247,0,0,-0.393,-0.002,0.009,0,0,0,0,-0.001,0.003,0,0,0,0,2,0,0
5568257,0,0,-0.393,-0.002,0.009,0,0,0,0,-0.001,0.003,0,0,0,0,2,0,0
5568267,0,0,-0.393,-0.002,0.009,0,0,0,0,-0.001,0.003,0,0,0,0,2,0,0
5568277,0,0,-0.393,-0.002,0.009,0,0,0,0,0,0.003,0,0,0,0,2,0,0
5568287,0,0,-0.393,-0.002,0.009,0,0,0,0,0,0.003,0,0,0,0,2,0,0
5568297,0,0,-0.393,-0.002,0.009,0,0,0,0,0,0.003,0,0,0,0,2,0,0
5568307,0,0,-0.393,-0.002,0.009,0,0,0,0,0,0.003,0,0,0,0,2,0,0
5568317,0,0,-0.393,-0.002,0.009,0,0,0,0,-0.001,0.003,0,0,0,0,2,0,0
5568327,0,0,-0.393,-0.002,0.009,0,0,0,0,-0.001,0.003,0,0,0,0,2,0,0
5568337,0,0,-0.393,-0.002,0.009,0,0,0,0,-0.001,0.003,0,0,0,0,2,0,0
5568347,0,0,-0.393,-0.002,0.009,0,0,0,0,-0.001,0.003,0,0,0,0,2,0,0
5568357,0,0,-0.393,-0.002,0.009,0,0,0,0,-0.001,0.003,0,0,0,0,2,0,0
5568367,0,0,-0.393,-0.002,0.009,0,0,0,0,-0.001,0.003,0,0,0,0,2,0,0
5568377,0,0,-0.393,-0.002,0.009,0,0,0,0,-0.001,0.003,0,0,0,0,2,0,0
5568387,0,0,-0.393,-0.002,0.009,0,0,0,0,-0.001,0.003,0,0,0,0,2,0,0
5568397,0,0,-0.393,-0.002,0.009,0,0,0,0,-0.001,0.004,0,0,0,0,2,0,0
5568407,0,0,-0.393,-0.002,0.009,0,0,0,0,-0.001,0.004,0,0,0,0,2,0,0
5568417,0,0,-0.393,-0.002,0.009,0,0,0,0,-0.002,0.004,0,0,0,0,2,0,0
5568427,0,0,-0.393,-0.002,0.009,0,0,0,0,-0.002,0.004,0,0,0,0,2,0,0
5568437,0,0,-0.393,-0.002,0.009,0,0,0,0,-0.002,0.004,0,0,0,0,2,0,0
5568447,0,0,-0.393,-0.002,0.009,0,0,0,0,-0.002,0.005,0,0,0,0,2,0,0
5568457,0,0,-0.393,-0.002,0.009,0,0,0,0,-0.002,0.005,0,0,0,0,2,0,0
5568467,0,0,-0.393,-0.002,0.009,0,0,0,0,-0.002,0.005,0,0,0,0,2,0,0
5568477,0,0,-0.393,-0.002,0.009,0,0,0,0,-0.002,0.005,0,0,0,0,2,0,0
5568487,0,0,-0.393,-0.002,0.009,0,0,0,0,-0.003,0.005,0,0,0,0,2,0,0
5568497,0,0,-0.393,-0.002,0.009,0,0,0,0,-0.003,0.006,0,0,0,0,2,0,0
5568507,0,0,-0.393,-0.002,0.009,0,0,0,0,-0.003,0.007,0,0,0,0,2,0,0
5568517,0,0,-0.393,-0.002,0.009,0,0,0,0,-0.003,0.007,0,0,0,0,2,0,0
5568527,0,0,-0.393,-0.002,0.009,0,0,0,0,-0.004,0.007,0,0,0,0,2,0,0
5568537,0,0,-0.393,-0.002,0.009,0,0,0,0,-0.003,0.007,0,0,0,0,2,0,0
5568547,0,0,-0.393,-0.002,0.009,0,0,0,0,-0.003,0.006,0,0,0,0,2,0,0
5568557,0,0,-0.393,-0.002,0.009,0,0,0,0,-0.003,0.006,0,0,0,0,2,0,0
5568567,0,0,-0.393,-0.002,0.009,0,0,0,0,-0.002,0.006,0,0,0,0,2,0,0
5568577,0,0,-0.393,-0.002,0.009,0,0,0,0,-0.002,0.005,0,0,0,0,2,0,0
5568587,0,0,-0.393,-0.002,0.009,0,0,0,0,-0.002,0.005,0,0,0,0,2,0,0
5568597,0,0,-0.393,-0.002,0.009,0,0,0,0,-0.002,0.004,0,0,0,0,2,0,0
5568607,0,0,-0.393,-0.002,0.009,0,0,0,0,-0.001,0.004,0,0,0,0,2,0,0
5568617,0,0,-0.393,-0.002,0.009,0,0,0,0,-0.002,0.003,0,0,0,0,2,0,0
5568627,0,0,-0.393,-0.002,0.009,0,0,0,0,-0.001,0.003,0,0,0,0,2,0,0
5568637,0,0,-0.393,-0.002,0.009,0,0,0,0,-0.001,0.003,0,0,0,0,2,0,0
5568647,0,0,-0.393,-0.002,0.009,0,0,0,0,-0.001,0.003,0,0,0,0,2,0,0
5568657,0,0,-0.393,-0.002,0.009,0,0,0,0,-0.001,0.003,0,0,0,0,2,0,0
5568667,0,0,-0.393,-0.002,0.009,0,0,0,0,-0.001,0.003,0,0,0,0,2,0,0
5568677,0,0,-0.393,-0.002,0.009,0,0,0,0,-0.001,0.003,0,0,0,0,2,0,0
5568687,0,0,-0.393,-0.002,0.009,0,0,0,0,-0.002,0.003,0,0,0,0,2,0,0
5568697,0,0,-0.393,-0.002,0.009,0,0,0,0,-0.002,0.004,0,0,0,0,2,0,0
5568707,0,0,-0.393,-0.002,0.009,0,0,0,0,-0.002,0.004,0,0,0,0,2,0,0
5568717,0,0,-0.393,-0.002,0.009,0,0,0,0,-0.002,0.005,0,0,0,0,2,0,0
5568727,0,0,-0.393,-0.002,0.009,0,0,0,0,-0.003,0.005,0,0,0,0,2,0,0
5568737,0,0,-0.393,-0.002,0.009,0,0,0,0,-0.003,0.005,0,0,0,0,2,0,0
5568747,0,0,-0.393,-0.002,0.009,0,0,0,0,-0.003,0.006,0,0,0,0,2,0,0
5568757,0,0,-0.393,-0.002,0.009,0,0,0,0,-0.004,0.006,0,0,0,0,2,0,0
5568767,0,0,-0.393,-0.002,0.009,0,0,0,0,-0.004,0.006,0,0,0,0,2,0,0
5568777,0,0,-0.393,-0.002,0.009,0,0,0,0,-0.004,0.006,0,0,0,0,2,0,0
5568787,0,0,-0.393,-0.002,0.009,0,0,0,0,-0.004,0.007,0,0,0,0,2,0,0
5568797,0,0,-0.393,-0.002,0.009,0,0,0,0,-0.004,0.007,0,0,0,0,2,0,0
5568807,0,0,-0.393,-0.002,0.009,0,0,0,0,-0.004,0.007,0,0,0,0,2,0,0
5568817,0,0,-0.393,-0.002,0.009,0,0,0,0,-0.003,0.007,0,0,0,0,2,0,0
5568827,0,0,-0.393,-0.002,0.009,0,0,0,0,-0.003,0.007,0,0,0,0,2,0,0
5568837,0,0,-0.393,-0.002,0.009,0,0,0,0,-0.003,0.007,0,0,0,0,2,0,0
5568848,0,0,-0.393,-0.002,0.009,0,0,0,0,-0.003,0.007,0,0,0,0,2,0,0
5568857,0,0,-0.393,-0.002,0.009,0,0,0,0,-0.003,0.007,0,0,0,0,2,0,0
5568868,0,0,-0.393,-0.002,0.009,0,0,0,0,-0.003,0.007,0,0,0,0,2,0,0
5568877,0,0,-0.393,-0.002,0.009,0,0,0,0,-0.003,0.007,0,0,0,0,2,0,0
5568887,0,0,-0.393,-0.002,0.009,0,0,0,0,-0.003,0.007,0,0,0,0,2,0,0
5568897,0,0,-0.393,-0.002,0.009,0,0,0,0,-0.003,0.007,0,0,0,0,2,0,0
5568907,0,0,-0.393,-0.002,0.009,0,0,0,0,-0.004,0.008,0,0,0,0,2,0,0
5568917,0,0,-0.393,-0.002,0.009,0,0,0,0,-0.004,0.008,0,0,0,0,2,0,0
5568927,0,0,-0.393,-0.002,0.009,0,0,0,0,-0.005,0.008,0,0,0,0,2,0,0
5568937,0,0,-0.393,-0.002,0.009,0,0,0,0,-0.005,0.008,0,0,0,0,2,0,0
5568947,0,0,-0.393,-0.002,0.009,0,0,0,0,-0.006,0.009,0,0,0,0,2,0,0
5568957,0,0,-0.393,-0.002,0.009,0,0,0,0,-0.005,0.009,0,0,0,0,2,0,0
5568967,0,0,-0.393,-0.002,0.009,0,0,0,0,-0.005,0.008,0,0,0,0,2,0,0
5568977,0,0,-0.393,-0.002,0.009,0,0,0,0,-0.005,0.008,0,0,0,0,2,0,0
5568987,0,0,-0.393,-0.002,0.009,0,0,0,0,-0.004,0.007,0,0,0,0,2,0,0
5568997,0,0,-0.393,-0.002,0.009,0,0,0,0,-0.003,0.007,0,0,0,0,2,0,0
5569007,0,0,-0.393,-0.002,0.009,0,0,0,0,-0.003,0.007,0,0,0,0,2,0,0
5569017,0,0,-0.393,-0.002,0.009,0,0,0,0,-0.003,0.006,0,0,0,0,2,0,0
5569027,0,0,-0.393,-0.002,0.009,0,0,0,0,-0.003,0.006,0,0,0,0,2,0,0
5569037,0,0,-0.393,-0.002,0.009,0,0,0,0,-0.003,0.006,0,0,0,0,2,0,0
5569047,0,0,-0.393,-0.002,0.009,0,0,0,0,-0.003,0.005,0,0,0,0,2,0,0
5569057,0,0,-0.393,-0.002,0.009,0,0,0,0,-0.002,0.005,0,0,0,0,2,0,0
5569067,0,0,-0.393,-0.002,0.009,0,0,0,0,-0.003,0.004,0,0,0,0,2,0,0
5569077,0,0,-0.393,-0.002,0.009,0,0,0,0,-0.003,0.005,0,0,0,0,2,0,0
5569087,0,0,-0.393,-0.002,0.009,0,0,0,0,-0.003,0.005,0,0,0,0,2,0,0
5569097,0,0,-0.393,-0.002,0.009,0,0,0,0,-0.003,0.005,0,0,0,0,2,0,0
5569107,0,0,-0.393,-0.002,0.009,0,0,0,0,-0.003,0.005,0,0,0,0,2,0,0
5569117,0,0,-0.393,-0.002,0.009,0,0,0,0,-0.003,0.005,0,0,0,0,2,0,0
5569127,0,0,-0.393,-0.002,0.009,0,0,0,0,-0.003,0.005,0,0,0,0,2,0,0
5569137,0,0,-0.393,-0.002,0.009,0,0,0,0,-0.003,0.005,0,0,0,0,2,0,0
5569147,0,0,-0.393,-0.002,0.009,0,0,0,0,-0.004,0.006,0,0,0,0,2,0,0
5569157,0,0,-0.393,-0.002,0.009,0,0,0,0,-0.004,0.006,0,0,0,0,2,0,0
5569167,0,0,-0.393,-0.002,0.009,0,0,0,0,-0.004,0.006,0,0,0,0,2,0,0
5569177,0,0,-0.393,-0.002,0.009,0,0,0,0,-0.004,0.006,0,0,0,0,2,0,0
5569187,0,0,-0.393,-0.002,0.009,0,0,0,0,-0.004,0.007,0,0,0,0,2,0,0
5569197,0,0,-0.393,-0.002,0.009,0,0,0,0,-0.004,0.007,0,0,0,0,2,0,0
5569207,0,0,-0.393,-0.002,0.009,0,0,0,0,-0.003,0.007,0,0,0,0,2,0,0
5569217,0,0,-0.393,-0.002,0.009,0,0,0,0,-0.003,0.006,0,0,0,0,2,0,0
5569227,0,0,-0.393,-0.002,0.009,0,0,0,0,-0.002,0.006,0,0,0,0,2,0,0
5569237,0,0,-0.393,-0.002,0.009,0,0,0,0,-0.002,0.005,0,0,0,0,2,0,0
5569247,0,0,-0.393,-0.002,0.009,0,0,0,0,-0.002,0.005,0,0,0,0,2,0,0
5569257,0,0,-0.393,-0.002,0.009,0,0,0,0,-0.002,0.005,0,0,0,0,2,0,0
5569267,0,0,-0.393,-0.002,0.009,0,0,0,0,-0.002,0.005,0,0,0,0,2,0,0
5569277,0,0,-0.393,-0.002,0.009,0,0,0,0,-0.002,0.006,0,0,0,0,2,0,0
5569287,0,0,-0.393,-0.002,0.009,0,0,0,0,-0.003,0.007,0,0,0,0,2,0,0
5569297,0,0,-0.393,-0.002,0.009,0,0,0,0,-0.003,0.007,0,0,0,0,2,0,0
5569307,0,0,-0.393,-0.002,0.009,0,0,0,0,-0.004,0.009,0,0,0,0,2,0,0
5569317,0,0,-0.393,-0.002,0.009,0,0,0,0,-0.004,0.01,0,0,0,0,2,0,0
5569327,0,0,-0.393,-0.002,0.009,0,0,0,0,-0.005,0.011,0,0,0,0,2,0,0
5569337,0,0,-0.393,-0.002,0.009,0,0,0,0,-0.004,0.011,0,0,0,0,2,0,0
5569347,0,0,-0.393,-0.002,0.009,0,0,0,0,-0.004,0.012,0,0,0,0,2,0,0
5569357,0,0,-0.393,-0.002,0.009,0,0,0,0,-0.003,0.012,0,0,0,0,2,0,0
5569367,0,0,-0.393,-0.002,0.009,0,0,0,0,-0.004,0.012,0,0,0,0,2,0,0
5569377,0,0,-0.393,-0.002,0.009,0,0,0,0,-0.004,0.013,0,0,0,0,2,0,0
5569387,0,0,-0.393,-0.002,0.009,0,0,0,0,-0.004,0.014,0,0,0,0,2,0,0
5569397,0,0,-0.393,-0.002,0.009,0,0,0,0,-0.004,0.014,0,0,0,0,2,0,0
5569407,0,0,-0.393,-0.002,0.009,0,0,0,0,-0.004,0.014,0,0,0,0,2,0,0
5569417,0,0,-0.393,-0.002,0.009,0,0,0,0,-0.004,0.015,0,0,0,0,2,0,0
5569427,0,0,-0.393,-0.002,0.009,0,0,0,0,-0.004,0.015,0,0,0,0,2,0,0
5569437,0,0,-0.393,-0.002,0.009,0,0,0,0,-0.004,0.015,0,0,0,0,2,0,0
5569447,0,0,-0.393,-0.002,0.009,0,0,0,0,-0.005,0.015,0,0,0,0,2,0,0
5569457,0,0,-0.393,-0.002,0.009,0,0,0,0,-0.005,0.015,0,0,0,0,2,0,0
5569467,0,0,-0.393,-0.002,0.009,0,0,0,0,-0.005,0.014,0,0,0,0,2,0,0
5569477,0,0,-0.393,-0.002,0.009,0,0,0,0,-0.005,0.013,0,0,0,0,2,0,0
5569487,0,0,-0.393,-0.002,0.009,0,0,0,0,-0.005,0.013,0,0,0,0,2,0,0
5569497,0,0,-0.393,-0.002,0.009,0,0,0,0,-0.005,0.012,0,0,0,0,2,0,0
5569507,0,0,-0.393,-0.002,0.009,0,0,0,0,-0.005,0.012,0,0,0,0,2,0,0
5569517,0,0,-0.393,-0.002,0.009,0,0,0,0,-0.005,0.013,0,0,0,0,2,0,0
5569527,0,0,-0.393,-0.002,0.009,0,0,0,0,-0.006,0.013,0,0,0,0,2,0,0
5569537,0,0,-0.393,-0.002,0.009,0,0,0,0,-0.005,0.013,0,0,0,0,2,0,0
5569547,0,0,-0.393,-0.002,0.009,0,0,0,0,-0.005,0.013,0,0,0,0,2,0,0
5569557,0,0,-0.393,-0.002,0.009,0,0,0,0,-0.005,0.014,0,0,0,0,2,0,0
5569567,0,0,-0.393,-0.002,0.009,0,0,0,0,-0.005,0.015,0,0,0,0,2,0,0
5569577,0,0,-0.393,-0.002,0.009,0,0,0,0,-0.005,0.015,0,0,0,0,2,0,0
5569587,0,0,-0.393,-0.002,0.009,0,0,0,0,-0.006,0.015,0,0,0,0,2,0,0
5569597,0,0,-0.393,-0.002,0.009,0,0,0,0,-0.006,0.016,0,0,0,0,2,0,0
5569607,0,0,-0.393,-0.002,0.009,0,0,0,0,-0.007,0.018,0,0,0,0,2,0,0
5569617,0,0,-0.393,-0.002,0.009,0,0,0,0,-0.008,0.019,0,0,0,0,2,0,0
5569627,0,0,-0.393,-0.002,0.009,0,0,0,0,-0.008,0.02,0,0,0,0,2,0,0
5569637,0,0,-0.393,-0.002,0.009,0,0,0,0,-0.008,0.022,0,0,0,0,2,0,0
5569647,0,0,-0.393,-0.002,0.009,0,0,0,0,-0.009,0.024,0,0,0,0,2,0,0
5569657,0,0,-0.393,-0.002,0.009,0,0,0,0,-0.009,0.025,0,0,0,0,2,0,0
5569667,0,0,-0.393,-0.002,0.009,0,0,0,0,-0.009,0.026,0,0,0,0,2,0,0
5569677,0,0,-0.393,-0.002,0.009,0,0.004,0,0,-0.009,0.029,0,0,0,0,2,0,0
5569687,0,0,-0.393,-0.002,0.009,0,0.011,0,0.002,-0.01,0.031,0,0,0,0,2,0,0
5569697,0,0,-0.393,-0.002,0.009,0,0.016,0,0.013,-0.008,0.033,0,0.008,0,0,2,0,0.008
5569707,0,0,-0.393,-0.002,0.009,0,0.017,0,0.017,-0.007,0.036,0,0.014,0,0,2,0,0.014
5569717,0,0,-0.393,-0.002,0.009,0,0.013,-0.001,0.015,-0.006,0.037,-0.001,0.016,0,0,2,-0.001,0.016
5569727,0,0,-0.393,-0.002,0.009,0,0.01,0,0.011,-0.006,0.037,-0.001,0.014,0,0,2,-0.001,0.014
5569737,0,0,-0.393,-0.002,0.009,0,0.007,0,0.002,-0.005,0.037,0,0.011,0,0,2,0,0.011
5569747,0,0,-0.393,-0.002,0.009,0,0.004,0,0,-0.003,0.036,0,0.004,0,0,2,0,0.004
5569757,0,0,-0.393,-0.002,0.009,0,0.003,0,0,-0.001,0.035,0,0.002,0,0,2,0,0.002
5569767,0,0,-0.393,-0.002,0.009,0,0.002,0,0,0,0.032,0,0.001,0,0,2,0,0.001
5569777,0,0,-0.393,-0.002,0.009,0,0.001,0,0,0.001,0.029,0,0,0,0,2,0,0
5569787,0,0,-0.393,-0.002,0.009,0,0,0,0,0.003,0.026,0,0,0,0,2,0,0
5569797,0,0,-0.393,-0.002,0.009,0,0,0,0,0.004,0.024,0,0,0,0,2,0,0
5569807,0,0,-0.393,-0.002,0.009,0,0,0,0,0.005,0.021,0,0,0,0,2,0,0
5569817,0,0,-0.393,-0.002,0.009,0,0,0,0,0.006,0.019,0,0,0,0,2,0,0
5569827,0,0,-0.393,-0.002,0.009,0,0,0,0,0.007,0.018,0,0,0,0,2,0,0
5569837,0,0,-0.393,-0.002,0.009,0,0,0,0,0.008,0.017,0,0,0,0,2,0,0
5569847,0,0,-0.393,-0.002,0.009,0,0,0,0,0.008,0.017,0,0,0,0,2,0,0
5569857,0,0,-0.393,-0.002,0.009,0,0,0,0,0.008,0.016,0,0,0,0,2,0,0
5569867,0,0,-0.393,-0.002,0.009,0,0,0,0,0.008,0.015,0,0,0,0,2,0,0
5569877,0,0,-0.393,-0.002,0.009,0,0,0,0,0.008,0.015,0,0,0,0,2,0,0
5569887,0,0,-0.393,-0.002,0.009,0,0,0,0,0.008,0.015,0,0,0,0,2,0,0
5569897,0,0,-0.393,-0.002,0.009,0,0,0,0,0.007,0.015,0,0,0,0,2,0,0
5569907,0,0,-0.393,-0.002,0.009,0,0,0,0,0.008,0.015,0,0,0,0,2,0,0
5569917,0,0,-0.393,-0.002,0.009,0,0,0,0,0.007,0.015,0,0,0,0,2,0,0
5569927,0,0,-0.393,-0.002,0.009,0,0,0,0,0.006,0.014,0,0,0,0,2,0,0
5569937,0,0,-0.393,-0.002,0.009,0,0,0,0,0.006,0.014,0,0,0,0,2,0,0
5569947,0,0,-0.393,-0.002,0.009,0,0,0,0,0.005,0.014,0,0,0,0,2,0,0
5569957,0,0,-0.393,-0.002,0.009,0,0,0,0,0.005,0.013,0,0,0,0,2,0,0
5569967,0,0,-0.393,-0.002,0.009,0,0,0,0,0.005,0.013,0,0,0,0,2,0,0
5569977,0,0,-0.393,-0.002,0.009,0,0,0,0,0.005,0.012,0,0,0,0,2,0,0
5569987,0,0,-0.393,-0.002,0.009,0,0,0,0,0.005,0.01,0,0,0,0,2,0,0
5569997,0,0,-0.393,-0.002,0.009,0,0,0,0,0.005,0.009,0,0,0,0,2,0,0
5570007,0,0,-0.393,-0.002,0.009,0,0,0,0,0.004,0.009,0,0,0,0,2,0,0
5570017,0,0,-0.393,-0.002,0.009,0,0,0,0,0.004,0.008,0,0,0,0,2,0,0
5570027,0,0,-0.393,-0.002,0.009,0,0,0,0,0.004,0.008,0,0,0,0,2,0,0
5570037,0,0,-0.393,-0.002,0.009,0,0,0,0,0.004,0.008,0,0,0,0,2,0,0
5570047,0,0,-0.393,-0.002,0.009,0,0,0,0,0.004,0.008,0,0,0,0,2,0,0
5570057,0,0,-0.393,-0.002,0.009,0,0,0,0,0.004,0.008,0,0,0,0,2,0,0
5570067,0,0,-0.393,-0.002,0.009,0,0,0,0,0.004,0.007,0,0,0,0,2,0,0
5570077,0,0,-0.393,-0.002,0.009,0,0,0,0,0.003,0.007,0,0,0,0,2,0,0
5570087,0,0,-0.393,-0.002,0.009,0,0,0,0,0.003,0.006,0,0,0,0,2,0,0
5570097,0,0,-0.393,-0.002,0.009,0,0,0,0,0.002,0.006,0,0,0,0,2,0,0
5570107,0,0,-0.393,-0.002,0.009,0,0,0,0,0.002,0.005,0,0,0,0,2,0,0
5570117,0,0,-0.393,-0.002,0.009,0,0,0,0,0.001,0.005,0,0,0,0,2,0,0
5570127,0,0,-0.393,-0.002,0.009,0,0,0,0,0.001,0.005,0,0,0,0,2,0,0
5570137,0,0,-0.393,-0.002,0.009,0,0,0,0,0,0.004,0,0,0,0,2,0,0
5570147,0,0,-0.393,-0.002,0.009,0,0,0,0,0,0.004,0,0,0,0,2,0,0
5570157,0,0,-0.393,-0.002,0.009,0,0,0,0,0,0.004,0,0,0,0,2,0,0
5570167,0,0,-0.393,-0.002,0.009,0,0,0,0,0,0.004,0,0,0,0,2,0,0
5570177,0,0,-0.393,-0.002,0.009,0,0,0,0,0,0.004,0,0,0,0,2,0,0
5570187,0,0,-0.393,-0.002,0.009,0,0,0,0,0,0.003,0,0,0,0,2,0,0
5570197,0,0,-0.393,-0.002,0.009,0,0,0,0,0,0.003,0,0,0,0,2,0,0
5570207,0,0,-0.393,-0.002,0.009,0,0,0,0,0,0.003,0,0,0,0,2,0,0
5570217,0,0,-0.393,-0.002,0.009,0,0,0,0,0.001,0.003,0,0,0,0,2,0,0
5570227,0,0,-0.393,-0.002,0.009,0,0,0,0,0.001,0.004,0,0,0,0,2,0,0
5570237,0,0,-0.393,-0.002,0.009,0,0,0,0,0.001,0.004,0,0,0,0,2,0,0
5570247,0,0,-0.393,-0.002,0.009,0,0,0,0,0.002,0.004,0,0,0,0,2,0,0
5570257,0,0,-0.393,-0.002,0.009,0,0,0,0,0.002,0.004,0,0,0,0,2,0,0
5570267,0,0,-0.393,-0.002,0.009,0,0,0,0,0.002,0.005,0,0,0,0,2,0,0
5570277,0,0,-0.393,-0.002,0.009,0,0,0,0,0.003,0.005,0,0,0,0,2,0,0
5570287,0,0,-0.393,-0.002,0.009,0,0,0,0,0.003,0.005,0,0,0,0,2,0,0
5570297,0,0,-0.393,-0.002,0.009,0,0,0,0,0.003,0.005,0,0,0,0,2,0,0
5570307,0,0,-0.393,-0.002,0.009,0,0,0,0,0.003,0.005,0,0,0,0,2,0,0
5570317,0,0,-0.393,-0.002,0.009,0,0,0,0,0.003,0.005,0,0,0,0,2,0,0
5570327,0,0,-0.393,-0.002,0.009,0,0,0,0,0.003,0.005,0,0,0,0,2,0,0
5570337,0,0,-0.393,-0.002,0.009,0,0,0,0,0.003,0.005,0,0,0,0,2,0,0
5570347,0,0,-0.393,-0.002,0.009,0,0,0,0,0.003,0.005,0,0,0,0,2,0,0
5570357,0,0,-0.393,-0.002,0.009,0,0,0,0,0.003,0.005,0,0,0,0,2,0,0
5570367,0,0,-0.393,-0.002,0.009,0,0,0,0,0.003,0.006,0,0,0,0,2,0,0
5570377,0,0,-0.393,-0.002,0.009,0,0,0,0,0.003,0.006,0,0,0,0,2,0,0
5570387,0,0,-0.393,-0.002,0.009,0,0,0,0,0.003,0.005,0,0,0,0,2,0,0
5570397,0,0,-0.393,-0.002,0.009,0,0,0,0,0.002,0.005,0,0,0,0,2,0,0
5570407,0,0,-0.393,-0.002,0.009,0,0,0,0,0.002,0.005,0,0,0,0,2,0,0
5570417,0,0,-0.393,-0.002,0.009,0,0,0,0,0.002,0.005,0,0,0,0,2,0,0
5570427,0,0,-0.393,-0.002,0.009,0,0,0,0,0.002,0.004,0,0,0,0,2,0,0
5570437,0,0,-0.393,-0.002,0.009,0,0,0,0,0.001,0.004,0,0,0,0,2,0,0
5570447,0,0,-0.393,-0.002,0.009,0,0,0,0,0.001,0.004,0,0,0,0,2,0,0
5570457,0,0,-0.393,-0.002,0.009,0,0,0,0,0.001,0.004,0,0,0,0,2,0,0
5570467,0,0,-0.393,-0.002,0.009,0,0,0,0,0.001,0.003,0,0,0,0,2,0,0
5570477,0,0,-0.393,-0.002,0.009,0,0,0,0,0.001,0.003,0,0,0,0,2,0,0
5570487,0,0,-0.393,-0.002,0.009,0,0,0,0,0.001,0.003,0,0,0,0,2,0,0
5570497,0,0,-0.393,-0.002,0.009,0,0,0,0,0.001,0.003,0,0,0,0,2,0,0
5570507,0,0,-0.393,-0.002,0.009,0,0,0,0,0.001,0.003,0,0,0,0,2,0,0
5570517,0,0,-0.393,-0.002,0.009,0,0,0,0,0.001,0.003,0,0,0,0,2,0,0
5570527,0,0,-0.393,-0.002,0.009,0,0,0,0,0.001,0.003,0,0,0,0,2,0,0
5570537,0,0,-0.393,-0.002,0.009,0,0,0,0,0.001,0.003,0,0,0,0,2,0,0
5570547,0,0,-0.393,-0.002,0.009,0,0,0,0,0.001,0.003,0,0,0,0,2,0,0
5570557,0,0,-0.393,-0.002,0.009,0,0,0,0,0.001,0.003,0,0,0,0,2,0,0
5570567,0,0,-0.393,-0.002,0.009,0,0,0,0,0.001,0.003,0,0,0,0,2,0,0
5570577,0,0,-0.393,-0.002,0.009,0,0,0,0,0.001,0.003,0,0,0,0,2,0,0
5570587,0,0,-0.393,-0.002,0.009,0,0,0,0,0.001,0.003,0,0,0,0,2,0,0
5570597,0,0,-0.393,-0.002,0.009,0,0,0,0,0.001,0.003,0,0,0,0,2,0,0
5570607,0,0,-0.393,-0.002,0.009,0,0,0,0,0,0.003,0,0,0,0,2,0,0
5570617,0,0,-0.393,-0.002,0.009,0,0,0,0,0,0.003,0,0,0,0,2,0,0
5570627,0,0,-0.393,-0.002,0.009,0,0,0,0,0,0.003,0,0,0,0,2,0,0
5570637,0,0,-0.393,-0.002,0.009,0,0,0,0,0,0.003,0,0,0,0,2,0,0
5570647,0,0,-0.393,-0.002,0.009,0,0,0,0,0,0.003,0,0,0,0,2,0,0
5570657,0,0,-0.393,-0.002,0.009,0,0,0,0,0,0.003,0,0,0,0,2,0,0
5570667,0,0,-0.393,-0.002,0.009,0,0,0,0,0,0.003,0,0,0,0,2,0,0
5570677,0,0,-0.393,-0.002,0.009,0,0,0,0,0,0.003,0,0,0,0,2,0,0
5570687,0,0,-0.393,-0.002,0.009,0,0,0,0,0,0.003,0,0,0,0,2,0,0
5570697,0,0,-0.393,-0.002,0.009,0,0,0,0,0,0.003,0,0,0,0,2,0,0
5570707,0,0,-0.393,-0.002,0.009,0,0,0,0,0,0.003,0,0,0,0,2,0,0
5570717,0,0,-0.393,-0.002,0.009,0,0,0,0,0,0.004,0,0,0,0,2,0,0
5570727,0,0,-0.393,-0.002,0.009,0,0,0,0,0,0.003,0,0,0,0,2,0,0
5570737,0,0,-0.393,-0.002,0.009,0,0,0,0,0,0.003,0,0,0,0,2,0,0
5570747,0,0,-0.393,-0.002,0.009,0,0,0,0,0,0.004,0,0,0,0,2,0,0
5570757,0,0,-0.393,-0.002,0.009,0,0,0,0,0,0.004,0,0,0,0,2,0,0
5570767,0,0,-0.393,-0.002,0.009,0,0,0,0,0,0.004,0,0,0,0,2,0,0
5570777,0,0,-0.393,-0.002,0.009,0,0,0,0,0,0.004,0,0,0,0,2,0,0
5570787,0,0,-0.393,-0.002,0.009,0,0,0,0,0,0.004,0,0,0,0,2,0,0
5570797,0,0,-0.393,-0.002,0.009,0,0,0,0,0,0.004,0,0,0,0,2,0,0
5570807,0,0,-0.393,-0.002,0.009,0,0,0,0,0,0.004,0,0,0,0,2,0,0
5570817,0,0,-0.393,-0.002,0.009,0,0,0,0,0,0.004,0,0,0,0,2,0,0
5570827,0,0,-0.393,-0.002,0.009,0,0,0,0,0,0.004,0,0,0,0,2,0,0
5570837,0,0,-0.393,-0.002,0.009,0,0,0,0,-0.001,0.005,0,0,0,0,2,0,0
5570847,0,0,-0.393,-0.002,0.009,0,0,0,0,0,0.005,0,0,0,0,2,0,0
5570857,0,0,-0.393,-0.002,0.009,0,0,0,0,-0.001,0.005,0,0,0,0,2,0,0
5570867,0,0,-0.393,-0.002,0.009,0,0,0,0,0,0.005,0,0,0,0,2,0,0
5570877,0,0,-0.393,-0.002,0.009,0,0,0,0,0,0.005,0,0,0,0,2,0,0
5570887,0,0,-0.393,-0.002,0.009,0,0,0,0,0,0.004,0,0,0,0,2,0,0
5570897,0,0,-0.393,-0.002,0.009,0,0,0,0,0,0.004,0,0,0,0,2,0,0
5570907,0,0,-0.393,-0.002,0.009,0,0,0,0,0,0.004,0,0,0,0,2,0,0
5570917,0,0,-0.393,-0.002,0.009,0,0,0,0,0,0.004,0,0,0,0,2,0,0
5570927,0,0,-0.393,-0.002,0.009,0,0,0,0,0,0.004,0,0,0,0,2,0,0
5570940,0,0,-0.393,-0.002,0.009,0,0,0,0,0,0.004,0,0,0,0,2,0,0
5570947,0,0,-0.393,-0.002,0.009,0,0,0,0,0,0.004,0,0,0,0,2,0,0
5570958,0,0,-0.393,-0.002,0.009,0,0,0,0,0,0.004,0,0,0,0,2,0,0
5570967,0,0,-0.393,-0.002,0.009,0,0,0,0,0.001,0.004,0,0,0,0,2,0,0
5570977,0,0,-0.393,-0.002,0.009,0,0,0,0,0.001,0.004,0,0,0,0,2,0,0
5570987,0,0,-0.393,-0.002,0.009,0,0,0,0,0.001,0.004,0,0,0,0,2,0,0
5570998,0,0,-0.393,-0.002,0.009,0,0,0,0,0.001,0.004,0,0,0,0,2,0,0
5571007,0,0,-0.393,-0.002,0.009,0,0,0,0,0.001,0.005,0,0,0,0,2,0,0
5571017,0,0,-0.393,-0.002,0.009,0,0,0,0,0.001,0.005,0,0,0,0,2,0,0
5571027,0,0,-0.393,-0.002,0.009,0,0,0,0,0.001,0.005,0,0,0,0,2,0,0
5571037,0,0,-0.393,-0.002,0.009,0,0,0,0,0.001,0.005,0,0,0,0,2,0,0
5571047,0,0,-0.393,-0.002,0.009,0,0,0,0,0.001,0.006,0,0,0,0,2,0,0
5571057,0,0,-0.393,-0.002,0.009,0,0,0,0,0.001,0.006,0,0,0,0,2,0,0
5571067,0,0,-0.393,-0.002,0.009,0,0,0,0,0.001,0.006,0,0,0,0,2,0,0
5571077,0,0,-0.393,-0.002,0.009,0,0,0,0,0.001,0.007,0,0,0,0,2,0,0
5571087,0,0,-0.393,-0.002,0.009,0,0,0,0,0.001,0.007,0,0,0,0,2,0,0
5571097,0,0,-0.393,-0.002,0.009,0,0,0,0,0.001,0.007,0,0,0,0,2,0,0
5571107,0,0,-0.393,-0.002,0.009,0,0,0,0,0.001,0.008,0,0,0,0,2,0,0
5571117,0,0,-0.393,-0.002,0.009,0,0,0,0,0,0.008,0,0,0,0,2,0,0
5571127,0,0,-0.393,-0.002,0.009,0,0,0,0,0.001,0.009,0,0,0,0,2,0,0
5571137,0,0,-0.393,-0.002,0.009,0,0,0,0,0.001,0.01,0,0,0,0,2,0,0
5571147,0,0,-0.393,-0.002,0.009,0,0,0,0,0.001,0.01,0,0,0,0,2,0,0
5571157,0,0,-0.393,-0.002,0.009,0,0,0,0,0.001,0.011,0,0,0,0,2,0,0
5571167,0,0,-0.393,-0.002,0.009,0,0,0,0,0.001,0.012,0,0,0,0,2,0,0
5571177,0,0,-0.393,-0.002,0.009,0,0,0,0,0,0.014,0,0,0,0,2,0,0
5571187,0,0,-0.393,-0.002,0.009,0,0,0,0,0,0.015,0,0,0,0,2,0,0
5571197,0,0,-0.393,-0.002,0.009,0,0,0,0,0,0.016,0,0,0,0,2,0,0
5571207,0,0,-0.393,-0.002,0.009,0,0,0,0,0,0.016,0,0,0,0,2,0,0
5571217,0,0,-0.393,-0.002,0.009,0,0,0,0,0,0.017,0,0,0,0,2,0,0
5571227,0,0,-0.393,-0.002,0.009,0,0,0,0,0,0.018,0,0,0,0,2,0,0
5571237,0,0,-0.393,-0.002,0.009,0,0,0,0,0,0.019,0,0,0,0,2,0,0
5571247,0,0,-0.393,-0.002,0.009,0,0,0,0,0,0.02,0,0,0,0,2,0,0
5571257,0,0,-0.393,-0.002,0.009,0,0,0,0,-0.001,0.021,0,0,0,0,2,0,0
5571267,0,0,-0.393,-0.002,0.009,0,0,0,0,-0.002,0.021,0,0,0,0,2,0,0
5571277,0,0,-0.393,-0.002,0.009,0,0,0,0,-0.003,0.022,0,0,0,0,2,0,0
5571287,0,0,-0.393,-0.002,0.009,0,0,0,0,-0.002,0.022,0,0,0,0,2,0,0
5571297,0,0,-0.393,-0.002,0.009,0,0,0,0,-0.003,0.023,0,0,0,0,2,0,0
5571307,0,0,-0.393,-0.002,0.009,0,0,0,0,-0.004,0.025,0,0,0,0,2,0,0
5571317,0,0,-0.393,-0.002,0.009,0,0,0,0,-0.005,0.026,0,0,0,0,2,0,0
5571327,0,0,-0.393,-0.002,0.009,0,0,0,0,-0.005,0.026,0,0,0,0,2,0,0
5571337,0,0,-0.393,-0.002,0.009,0,0,0,0,-0.006,0.026,0,0,0,0,2,0,0
5571347,0,0,-0.393,-0.002,0.009,0,0,0,0,-0.007,0.027,0,0,0,0,2,0,0
5571357,0,0,-0.393,-0.002,0.009,0,0,0,0,-0.007,0.028,0,0,0,0,2,0,0
5571367,0,0,-0.393,-0.002,0.009,0,0,0,0,-0.007,0.028,0,0,0,0,2,0,0
5571377,0,0,-0.393,-0.002,0.009,0,0,0,0,-0.007,0.028,0,0,0,0,2,0,0
5571387,0,0,-0.393,-0.002,0.009,0,0,0,0,-0.007,0.028,0,0,0,0,2,0,0
5571397,0,0,-0.393,-0.002,0.009,0,0,0,0,-0.006,0.027,0,0,0,0,2,0,0
5571407,0,0,-0.393,-0.002,0.009,0,0,0,0,-0.005,0.027,0,0,0,0,2,0,0
5571417,0,0,-0.393,-0.002,0.009,0,0,0,0,-0.004,0.027,0,0.001,0,0,2,0,0.001
5571427,0,0,-0.393,-0.002,0.009,0,0,0,0,-0.003,0.027,0,0.001,0,0,2,0,0.001
5571437,0,0,-0.393,-0.002,0.009,0,0,0,0,-0.003,0.026,0,0.001,0,0,2,0,0.001
5571447,0,0,-0.393,-0.002,0.009,0,0,0,0,-0.002,0.025,0,0.001,0,0,2,0,0.001
5571457,0,0,-0.393,-0.002,0.009,0,0,0,0,-0.001,0.024,0,0.001,0,0,2,0,0.001
5571467,0,0,-0.393,-0.002,0.009,0,0,0,0,0,0.023,0,0.001,0,0,2,0,0.001
5571477,0,0,-0.393,-0.002,0.009,0,0,0,0,0,0.022,0,0.001,0,0,2,0,0.001
5571487,0,0,-0.393,-0.002,0.009,0,0,0,0,0,0.021,0,0.001,0,0,2,0,0.001
5571497,0,0,-0.393,-0.002,0.009,0,0,0,0,-0.001,0.021,0,0.001,0,0,2,0,0.001
5571507,0,0,-0.393,-0.002,0.009,0,0,0,0,-0.001,0.02,0,0.001,0,0,2,0,0.001
5571517,0,0,-0.393,-0.002,0.009,0,0,0,0,-0.002,0.02,0,0.001,0,0,2,0,0.001
5571527,0,0,-0.393,-0.002,0.009,0,0,0,0,-0.003,0.019,0,0,0,0,2,0,0
5571537,0,0,-0.393,-0.002,0.009,0,0,0,0,-0.003,0.018,0,0,0,0,2,0,0
5571547,0,0,-0.393,-0.002,0.009,0,0,0,0,-0.003,0.017,0,0,0,0,2,0,0
5571557,0,0,-0.393,-0.002,0.009,0,0,0,0,-0.003,0.017,0,0,0,0,2,0,0
5571567,0,0,-0.393,-0.002,0.009,0,0,0,0,-0.003,0.016,0,0,0,0,2,0,0
5571577,0,0,-0.393,-0.002,0.009,0,0,0,0,-0.003,0.016,0,0,0,0,2,0,0
5571587,0,0,-0.393,-0.002,0.009,0,0,0,0,-0.003,0.016,0,0,0,0,2,0,0
5571597,0,0,-0.393,-0.002,0.009,0,0,0,0,-0.002,0.016,0,0,0,0,2,0,0
5571607,0,0,-0.393,-0.002,0.009,0,0,0,0,-0.001,0.015,0,0,0,0,2,0,0
5571617,0,0,-0.393,-0.002,0.009,0,0,0,0,0,0.014,0,0,0,0,2,0,0
5571627,0,0,-0.393,-0.002,0.009,0,0,0,0,0,0.014,0,0,0,0,2,0,0
5571637,0,0,-0.393,-0.002,0.009,0,0,0,0,0.001,0.012,0,0,0,0,2,0,0
5571647,0,0,-0.393,-0.002,0.009,0,0,0,0,0.001,0.012,0,0,0,0,2,0,0
5571657,0,0,-0.393,-0.002,0.009,0,0,0,0,0.001,0.011,0,0,0,0,2,0,0
5571667,0,0,-0.393,-0.002,0.009,0,0,0,0,0.001,0.011,0,0,0,0,2,0,0
5571677,0,0,-0.393,-0.002,0.009,0,0,0,0,0.001,0.01,0,0,0,0,2,0,0
5571687,0,0,-0.393,-0.002,0.009,0,0,0,0,0.001,0.01,0,0,0,0,2,0,0
5571697,0,0,-0.393,-0.002,0.009,0,0,0,0,0.001,0.011,0,0,0,0,2,0,0
5571707,0,0,-0.393,-0.002,0.009,0,0,0,0,0,0.011,0,0,0,0,2,0,0
5571717,0,0,-0.393,-0.002,0.009,0,0,0,0,0,0.012,0,0,0,0,2,0,0
5571727,0,0,-0.393,-0.002,0.009,0,0,0,0,0,0.013,0,0,0,0,2,0,0
5571737,0,0,-0.393,-0.002,0.009,0,0,0,0,0,0.014,0,0,0,0,2,0,0
5571747,0,0,-0.393,-0.002,0.009,0,0,0,0,-0.001,0.014,0,0,0,0,2,0,0
5571757,0,0,-0.393,-0.002,0.009,0,0,0,0,-0.001,0.015,0,0,0,0,2,0,0
5571767,0,0,-0.393,-0.002,0.009,0,0,0,0,-0.001,0.015,0,0,0,0,2,0,0
5571777,0,0,-0.393,-0.002,0.009,0,0,0,0,0,0.016,0,0,0,0,2,0,0
5571787,0,0,-0.393,-0.002,0.009,0,0,0,0,0,0.015,0,0,0,0,2,0,0
5571797,0,0,-0.393,-0.002,0.009,0,0,0,0,-0.001,0.015,0,0,0,0,2,0,0
5571807,0,0,-0.393,-0.002,0.009,0,0,0,0,-0.001,0.015,0,0,0,0,2,0,0
5571817,0,0,-0.393,-0.002,0.009,0,0,0,0,-0.002,0.014,0,0,0,0,2,0,0
5571827,0,0,-0.393,-0.002,0.009,0,0,0,0,-0.003,0.014,0,0,0,0,2,0,0
5571837,0,0,-0.393,-0.002,0.009,0,0,0,0,-0.004,0.013,0,0,0,0,2,0,0
5571847,0,0,-0.393,-0.002,0.009,0,0,0,0,-0.005,0.013,0,0,0,0,2,0,0
5571857,0,0,-0.393,-0.002,0.009,0,0,0,0,-0.005,0.012,0,0,0,0,2,0,0
5571867,0,0,-0.393,-0.002,0.009,0,0,0,0,-0.006,0.012,0,0,0,0,2,0,0
5571877,0,0,-0.393,-0.002,0.009,0,0,0,0,-0.006,0.012,0,0,0,0,2,0,0
5571887,0,0,-0.393,-0.002,0.009,0,0,0,0,-0.006,0.012,0,0,0,0,2,0,0
5571897,0,0,-0.393,-0.002,0.009,0,0,0,0,-0.006,0.012,0,0,0,0,2,0,0
5571907,0,0,-0.393,-0.002,0.009,0,0,0,0,-0.006,0.013,0,0,0,0,2,0,0
5571917,0,0,-0.393,-0.002,0.009,0,0,0,0,-0.006,0.013,0,0,0,0,2,0,0
5571927,0,0,-0.393,-0.002,0.009,0,0,0,0,-0.005,0.013,0,0,0,0,2,0,0
5571937,0,0,-0.393,-0.002,0.009,0,0,0,0,-0.005,0.014,0,0,0,0,2,0,0
5571947,0,0,-0.393,-0.002,0.009,0,0,0,0,-0.006,0.014,0,0,0,0,2,0,0
5571957,0,0,-0.393,-0.002,0.009,0,0,0,0,-0.007,0.014,0,0,0,0,2,0,0
5571967,0,0,-0.393,-0.002,0.009,0,0,0,0,-0.007,0.015,0,0,0,0,2,0,0
5571978,0,0,-0.393,-0.002,0.009,0,0,0,0,-0.007,0.015,0,0,0,0,2,0,0
5571988,0,0,-0.393,-0.002,0.009,0,0,0,0,-0.006,0.015,0,0,0,0,2,0,0
5571998,0,0,-0.393,-0.002,0.009,0,0,0,0,-0.007,0.015,0,0,0,0,2,0,0
5572008,0,0,-0.393,-0.002,0.009,0,0,0,0,-0.007,0.016,0,0,0,0,2,0,0
5572018,0,0,-0.393,-0.002,0.009,0,0,0,0,-0.008,0.016,0,0,0,0,2,0,0
5572028,0,0,-0.393,-0.002,0.009,0,0,0,0,-0.007,0.016,0,0,0,0,2,0,0
5572038,0,0,-0.393,-0.002,0.009,0,0,0,0,-0.007,0.016,0,0,0,0,2,0,0
5572048,0,0,-0.393,-0.002,0.009,0,0,0,0,-0.007,0.016,0,0,0,0,2,0,0
5572058,0,0,-0.393,-0.002,0.009,0,0,0,0,-0.006,0.016,0,0,0,0,2,0,0
5572068,0,0,-0.393,-0.002,0.009,0,0,0,0,-0.006,0.016,0,0,0,0,2,0,0
5572078,0,0,-0.393,-0.002,0.009,0,0,0,0,-0.005,0.016,0,0,0,0,2,0,0
5572088,0,0,-0.393,-0.002,0.009,0,0,0,0,-0.004,0.015,0,0,0,0,2,0,0
5572098,0,0,-0.393,-0.002,0.009,0,0,0,0,-0.004,0.015,0,0,0,0,2,0,0
5572108,0,0,-0.393,-0.002,0.009,0,0,0,0,-0.003,0.014,0,0,0,0,2,0,0
5572118,0,0,-0.393,-0.002,0.009,0,0,0,0,-0.003,0.014,0,0,0,0,2,0,0
5572128,0,0,-0.393,-0.002,0.009,0,0,0,0,-0.003,0.013,0,0,0,0,2,0,0
5572138,0,0,-0.393,-0.002,0.009,0,0,0,0,-0.002,0.013,0,0,0,0,2,0,0
5572148,0,0,-0.393,-0.002,0.009,0,0,0,0,-0.002,0.012,0,0,0,0,2,0,0
5572158,0,0,-0.393,-0.002,0.009,0,0,0,0,-0.002,0.011,0,0,0,0,2,0,0
5572168,0,0,-0.393,-0.002,0.009,0,0,0,0,-0.002,0.011,0,0,0,0,2,0,0
5572178,0,0,-0.393,-0.002,0.009,0,0,0,0,-0.002,0.01,0,0,0,0,2,0,0
5572188,0,0,-0.393,-0.002,0.009,0,0,0,0,-0.002,0.009,0,0,0,0,2,0,0
5572198,0,0,-0.393,-0.002,0.009,0,0,0,0,-0.002,0.007,0,0,0,0,2,0,0
5572208,0,0,-0.393,-0.002,0.009,0,0,0,0,-0.002,0.007,0,0,0,0,2,0,0
5572218,0,0,-0.393,-0.002,0.009,0,0,0,0,-0.001,0.006,0,0,0,0,2,0,0
5572228,0,0,-0.393,-0.002,0.009,0,0,0,0,-0.001,0.005,0,0,0,0,2,0,0
5572238,0,0,-0.393,-0.002,0.009,0,0,0,0,-0.001,0.004,0,0,0,0,2,0,0
5572248,0,0,-0.393,-0.002,0.009,0,0,0,0,-0.001,0.004,0,0,0,0,2,0,0
5572258,0,0,-0.393,-0.002,0.009,0,0,0,0,-0.001,0.003,0,0,0,0,2,0,0
5572268,0,0,-0.393,-0.002,0.009,0,0,0,0,-0.001,0.003,0,0,0,0,2,0,0
5572278,0,0,-0.393,-0.002,0.009,0,0,0,0,-0.001,0.003,0,0,0,0,2,0,0
5572288,0,0,-0.393,-0.002,0.009,0,0,0,0,-0.001,0.002,0,0,0,0,2,0,0
5572298,0,0,-0.393,-0.002,0.009,0,0,0,0,-0.001,0.002,0,0,0,0,2,0,0
5572308,0,0,-0.393,-0.002,0.009,0,0,0,0,-0.001,0.002,0,0,0,0,2,0,0
5572318,0,0,-0.393,-0.002,0.009,0,0,0,0,-0.001,0.002,0,0,0,0,2,0,0
5572328,0,0,-0.393,-0.002,0.009,0,0,0,0,-0.001,0.002,0,0,0,0,2,0,0
5572338,0,0,-0.393,-0.002,0.009,0,0,0,0,-0.001,0.002,0,0,0,0,2,0,0
5572348,0,0,-0.393,-0.002,0.009,0,0,0,0,-0.001,0.002,0,0,0,0,2,0,0
5572358,0,0,-0.393,-0.002,0.009,0,0,0,0,-0.001,0.002,0,0,0,0,2,0,0
5572368,0,0,-0.393,-0.002,0.009,0,0,0,0,-0.001,0.002,0,0,0,0,2,0,0
5572378,0,0,-0.393,-0.002,0.009,0,0,0,0,-0.001,0.002,0,0,0,0,2,0,0
5572388,0,0,-0.393,-0.002,0.009,0,0,0,0,-0.001,0.002,0,0,0,0,2,0,0
5572398,0,0,-0.393,-0.002,0.009,0,0,0,0,-0.001,0.002,0,0,0,0,2,0,0
5572408,0,0,-0.393,-0.002,0.009,0,0,0,0,-0.001,0.002,0,0,0,0,2,0,0
5572418,0,0,-0.393,-0.002,0.009,0,0,0,0,-0.001,0.002,0,0,0,0,2,0,0
5572428,0,0,-0.393,-0.002,0.009,0,0,0,0,-0.001,0.002,0,0,0,0,2,0,0
5572438,0,0,-0.393,-0.002,0.009,0,0,0,0,-0.001,0.002,0,0,0,0,2,0,0
5572448,0,0,-0.393,-0.002,0.009,0,0,0,0,-0.001,0.002,0,0,0,0,2,0,0
5572458,0,0,-0.393,-0.002,0.009,0,0,0,0,-0.001,0.003,0,0,0,0,2,0,0
5572468,0,0,-0.393,-0.002,0.009,0,0,0,0,-0.001,0.002,0,0,0,0,2,0,0
5572478,0,0,-0.393,-0.002,0.009,0,0,0,0,-0.001,0.002,0,0,0,0,2,0,0
5572488,0,0,-0.393,-0.002,0.009,0,0,0,0,-0.001,0.003,0,0,0,0,2,0,0
5572498,0,0,-0.393,-0.002,0.009,0,0,0,0,-0.001,0.003,0,0,0,0,2,0,0
5572508,0,0,-0.393,-0.002,0.009,0,0,0,0,-0.001,0.003,0,0,0,0,2,0,0
5572518,0,0,-0.393,-0.002,0.009,0,0,0,0,-0.001,0.003,0,0,0,0,2,0,0
5572528,0,0,-0.393,-0.002,0.009,0,0,0,0,-0.001,0.003,0,0,0,0,2,0,0
5572538,0,0,-0.393,-0.002,0.009,0,0,0,0,-0.001,0.003,0,0,0,0,2,0,0
5572548,0,0,-0.393,-0.002,0.009,0,0,0,0,-0.001,0.003,0,0,0,0,2,0,0
5572558,0,0,-0.393,-0.002,0.009,0,0,0,0,-0.001,0.003,0,0,0,0,2,0,0
5572568,0,0,-0.393,-0.002,0.009,0,0,0,0,-0.001,0.002,0,0,0,0,2,0,0
5572578,0,0,-0.393,-0.002,0.009,0,0,0,0,-0.001,0.002,0,0,0,0,2,0,0
5572588,0,0,-0.393,-0.002,0.009,0,0,0,0,-0.001,0.003,0,0,0,0,2,0,0
5572598,0,0,-0.393,-0.002,0.009,0,0,0,0,-0.001,0.002,0,0,0,0,2,0,0
5572608,0,0,-0.393,-0.002,0.009,0,0,0,0,-0.001,0.002,0,0,0,0,2,0,0
5572618,0,0,-0.393,-0.002,0.009,0,0,0,0,-0.001,0.002,0,0,0,0,2,0,0
5572628,0,0,-0.393,-0.002,0.009,0,0,0,0,-0.001,0.002,0,0,0,0,2,0,0
5572638,0,0,-0.393,-0.002,0.009,0,0,0,0,-0.001,0.002,0,0,0,0,2,0,0
5572648,0,0,-0.393,-0.002,0.009,0,0,0,0,-0.001,0.002,0,0,0,0,2,0,0
5572658,0,0,-0.393,-0.002,0.009,0,0,0,0,-0.001,0.002,0,0,0,0,2,0,0
5572668,0,0,-0.393,-0.002,0.009,0,0,0,0,-0.001,0.002,0,0,0,0,2,0,0
5572678,0,0,-0.393,-0.002,0.009,0,0,0,0,-0.001,0.002,0,0,0,0,2,0,0
5572688,0,0,-0.393,-0.002,0.009,0,0,0,0,-0.001,0.002,0,0,0,0,2,0,0
5572698,0,0,-0.393,-0.002,0.009,0,0,0,0,-0.001,0.002,0,0,0,0,2,0,0
5572708,0,0,-0.393,-0.002,0.009,0,0,0,0,0,0.002,0,0,0,0,2,0,0
5572718,0,0,-0.393,-0.002,0.009,0,0,0,0,0,0.002,0,0,0,0,2,0,0
5572728,0,0,-0.393,-0.002,0.009,0,0,0,0,0,0.003,0,0,0,0,2,0,0
5572738,0,0,-0.393,-0.002,0.009,0,0,0,0,0,0.002,0,0,0,0,2,0,0
5572748,0,0,-0.393,-0.002,0.009,0,0,0,0,0,0.003,0,0,0,0,2,0,0
5572758,0,0,-0.393,-0.002,0.009,0,0,0,0,0,0.003,0,0,0,0,2,0,0
5572768,0,0,-0.393,-0.002,0.009,0,0,0,0,0,0.003,0,0,0,0,2,0,0
5572778,0,0,-0.393,-0.002,0.009,0,0,0,0,0,0.003,0,0,0,0,2,0,0
5572788,0,0,-0.393,-0.002,0.009,0,0,0,0,0,0.003,0,0,0,0,2,0,0
5572798,0,0,-0.393,-0.002,0.009,0,0,0,0,0,0.003,0,0,0,0,2,0,0
5572808,0,0,-0.393,-0.002,0.009,0,0,0,0,0,0.003,0,0,0,0,2,0,0
5572818,0,0,-0.393,-0.002,0.009,0,0,0,0,0,0.003,0,0,0,0,2,0,0
5572828,0,0,-0.393,-0.002,0.009,0,0,0,0,0,0.003,0,0,0,0,2,0,0
5572838,0,0,-0.393,-0.002,0.009,0,0,0,0,0,0.003,0,0,0,0,2,0,0
5572848,0,0,-0.393,-0.002,0.009,0,0,0,0,0,0.003,0,0,0,0,2,0,0
5572858,0,0,-0.393,-0.002,0.009,0,0,0,0,0,0.004,0,0,0,0,2,0,0
5572868,0,0,-0.393,-0.002,0.009,0,0,0,0,0,0.004,0,0,0,0,2,0,0
5572878,0,0,-0.393,-0.002,0.009,0,0,0,0,0,0.004,0,0,0,0,2,0,0
5572888,0,0,-0.393,-0.002,0.009,0,0,0,0,0,0.004,0,0,0,0,2,0,0
5572898,0,0,-0.393,-0.002,0.009,0,0,0,0,0,0.004,0,0,0,0,2,0,0
5572908,0,0,-0.393,-0.002,0.009,0,0,0,0,0,0.004,0,0,0,0,2,0,0
5572918,0,0,-0.393,-0.002,0.009,0,0,0,0,0,0.004,0,0,0,0,2,0,0
5572928,0,0,-0.393,-0.002,0.009,0,0,0,0,-0.001,0.004,0,0,0,0,2,0,0
5572938,0,0,-0.393,-0.002,0.009,0,0,0,0,0,0.005,0,0,0,0,2,0,0
5572948,0,0,-0.393,-0.002,0.009,0,0,0,0,-0.001,0.005,0,0,0,0,2,0,0
5572958,0,0,-0.393,-0.002,0.009,0,0,0,0,-0.001,0.005,0,0,0,0,2,0,0
5572968,0,0,-0.393,-0.002,0.009,0,0,0,0,-0.001,0.005,0,0,0,0,2,0,0
5572978,0,0,-0.393,-0.002,0.009,0,0,0,0,-0.001,0.005,0,0,0,0,2,0,0
5572989,0,0,-0.393,-0.002,0.009,0,0,0,0,-0.001,0.005,0,0,0,0,2,0,0
5572998,0,0,-0.393,-0.002,0.009,0,0,0,0,-0.001,0.005,0,0,0,0,2,0,0
5573008,0,0,-0.393,-0.002,0.009,0,0,0,0,-0.001,0.005,0,0,0,0,2,0,0
5573018,0,0,-0.393,-0.002,0.009,0,0,0,0,0,0.005,0,0,0,0,2,0,0
5573028,0,0,-0.393,-0.002,0.009,0,0,0,0,-0.001,0.006,0,0,0,0,2,0,0
5573038,0,0,-0.393,-0.002,0.009,0,0,0,0,-0.001,0.006,0,0,0,0,2,0,0
5573048,0,0,-0.393,-0.002,0.009,0,0,0,0,-0.001,0.006,0,0,0,0,2,0,0
5573058,0,0,-0.393,-0.002,0.009,0,0,0,0,-0.001,0.006,0,0,0,0,2,0,0
5573068,0,0,-0.393,-0.002,0.009,0,0,0,0,-0.001,0.007,0,0,0,0,2,0,0
5573078,0,0,-0.393,-0.002,0.009,0,0,0,0,-0.001,0.007,0,0,0,0,2,0,0
5573088,0,0,-0.393,-0.002,0.009,0,0,0,0,-0.001,0.007,0,0,0,0,2,0,0
5573098,0,0,-0.393,-0.002,0.009,0,0,0,0,-0.001,0.008,0,0,0,0,2,0,0
5573108,0,0,-0.393,-0.002,0.009,0,0,0,0,-0.001,0.008,0,0,0,0,2,0,0
5573118,0,0,-0.393,-0.002,0.009,0,0,0,0,-0.001,0.008,0,0,0,0,2,0,0
5573128,0,0,-0.393,-0.002,0.009,0,0,0,0,-0.001,0.009,0,0,0,0,2,0,0
5573138,0,0,-0.393,-0.002,0.009,0,0,0,0,-0.001,0.009,0,0,0,0,2,0,0
5573148,0,0,-0.393,-0.002,0.009,0,0,0,0,-0.001,0.009,0,0,0,0,2,0,0
5573158,0,0,-0.393,-0.002,0.009,0,0,0,0,-0.001,0.01,0,0,0,0,2,0,0
5573168,0,0,-0.393,-0.002,0.009,0,0,0,0,-0.001,0.01,0,0,0,0,2,0,0
5573178,0,0,-0.393,-0.002,0.009,0,0,0,0,-0.001,0.01,0,0,0,0,2,0,0
5573188,0,0,-0.393,-0.002,0.009,0,0,0,0,-0.001,0.01,0,0,0,0,2,0,0
5573198,0,0,-0.393,-0.002,0.009,0,0,0,0,0,0.01,0,0,0,0,2,0,0
5573208,0,0,-0.393,-0.002,0.009,0,0,0,0,0,0.011,0,0,0,0,2,0,0
5573218,0,0,-0.393,-0.002,0.009,0,0,0,0,0,0.011,0,0,0,0,2,0,0
5573228,0,0,-0.393,-0.002,0.009,0,0,0,0,0,0.01,0,0,0,0,2,0,0
5573238,0,0,-0.393,-0.002,0.009,0,0,0,0,0,0.01,0,0,0,0,2,0,0
5573248,0,0,-0.393,-0.002,0.009,0,0,0,0,0,0.01,0,0,0,0,2,0,0
5573258,0,0,-0.393,-0.002,0.009,0,0,0,0,0,0.009,0,0,0,0,2,0,0
5573268,0,0,-0.393,-0.002,0.009,0,0,0,0,-0.001,0.009,0,0,0,0,2,0,0
5573278,0,0,-0.393,-0.002,0.009,0,0,0,0,-0.001,0.009,0,0,0,0,2,0,0
5573288,0,0,-0.393,-0.002,0.009,0,0,0,0,-0.001,0.009,0,0,0,0,2,0,0
5573298,0,0,-0.393,-0.002,0.009,0,0,0,0,-0.001,0.009,0,0,0,0,2,0,0
5573308,0,0,-0.393,-0.002,0.009,0,0,0,0,-0.002,0.009,0,0,0,0,2,0,0
5573318,0,0,-0.393,-0.002,0.009,0,0,0,0,-0.002,0.009,0,0,0,0,2,0,0
5573328,0,0,-0.393,-0.002,0.009,0,0,0,0,-0.003,0.009,0,0,0,0,2,0,0
5573338,0,0,-0.393,-0.002,0.009,0,0,0,0,-0.003,0.009,0,0,0,0,2,0,0
5573348,0,0,-0.393,-0.002,0.009,0,0,0,0,-0.003,0.009,0,0,0,0,2,0,0
5573358,0,0,-0.393,-0.002,0.009,0,0,0,0,-0.003,0.01,0,0,0,0,2,0,0
5573368,0,0,-0.393,-0.002,0.009,0,0,0,0,-0.004,0.01,0,0,0,0,2,0,0
5573378,0,0,-0.393,-0.002,0.009,0,0,0,0,-0.003,0.01,0,0,0,0,2,0,0
5573388,0,0,-0.393,-0.002,0.009,0,0,0,0,-0.003,0.011,0,0,0,0,2,0,0
5573398,0,0,-0.393,-0.002,0.009,0,0,0,0,-0.003,0.01,0,0,0,0,2,0,0
5573408,0,0,-0.393,-0.002,0.009,0,0,0,0,-0.003,0.01,0,0,0,0,2,0,0
5573418,0,0,-0.393,-0.002,0.009,0,0,0,0,-0.002,0.01,0,0,0,0,2,0,0
5573428,0,0,-0.393,-0.002,0.009,0,0,0,0,-0.002,0.01,0,0,0,0,2,0,0
5573438,0,0,-0.393,-0.002,0.009,0,0,0,0,-0.002,0.01,0,0,0,0,2,0,0
5573448,0,0,-0.393,-0.002,0.009,0,0,0,0,-0.003,0.01,0,0,0,0,2,0,0
5573458,0,0,-0.393,-0.002,0.009,0,0,0,0,-0.004,0.01,0,0,0,0,2,0,0
5573468,0,0,-0.393,-0.002,0.009,0,0,0,0,-0.004,0.01,0,0,0,0,2,0,0
5573478,0,0,-0.393,-0.002,0.009,0,0,0,0,-0.004,0.01,0,0,0,0,2,0,0
5573488,0,0,-0.393,-0.002,0.009,0,0,0,0,-0.005,0.009,0,0,0,0,2,0,0
5573498,0,0,-0.393,-0.002,0.009,0,0,0,0,-0.005,0.009,0,0,0,0,2,0,0
5573508,0,0,-0.393,-0.002,0.009,0,0,0,0,-0.005,0.009,0,0,0,0,2,0,0
5573518,0,0,-0.393,-0.002,0.009,0,0,0,0,-0.005,0.009,0,0,0,0,2,0,0
5573528,0,0,-0.393,-0.002,0.009,0,0,0,0,-0.006,0.009,0,0,0,0,2,0,0
5573538,0,0,-0.393,-0.002,0.009,0,0,0,0,-0.006,0.009,0,0,0,0,2,0,0
5573548,0,0,-0.393,-0.002,0.009,0,0,0,0,-0.006,0.009,0,0,0,0,2,0,0
5573558,0,0,-0.393,-0.002,0.009,0,0,0,0,-0.006,0.01,0,0,0,0,2,0,0
5573568,0,0,-0.393,-0.002,0.009,0,0,0,0,-0.006,0.01,0,0,0,0,2,0,0
5573578,0,0,-0.393,-0.002,0.009,0,0,0,0,-0.006,0.01,0,0,0,0,2,0,0
5573588,0,0,-0.393,-0.002,0.009,0,0,0,0,-0.006,0.011,0,0,0,0,2,0,0
5573598,0,0,-0.393,-0.002,0.009,0,0,0,0,-0.007,0.012,0,0,0,0,2,0,0
5573608,0,0,-0.393,-0.002,0.009,0,0,0,0,-0.008,0.013,0,0,0,0,2,0,0
5573618,0,0,-0.393,-0.002,0.009,0,0,0,0,-0.008,0.014,0,0,0,0,2,0,0
5573628,0,0,-0.393,-0.002,0.009,0,0,0,0,-0.007,0.015,0,0,0,0,2,0,0
5573638,0,0,-0.393,-0.002,0.009,0,0,0,0,-0.007,0.017,0,0,0,0,2,0,0
5573648,0,0,-0.393,-0.002,0.009,0,0,0,0,-0.007,0.019,0,0,0,0,2,0,0
5573658,0,0,-0.393,-0.002,0.009,0,0,0,0,-0.008,0.021,0,0,0,0,2,0,0
5573668,0,0,-0.393,-0.002,0.009,0,0,0,0,-0.007,0.022,0,0,0,0,2,0,0
5573678,0,0,-0.393,-0.002,0.009,0,0,0,0,-0.007,0.023,0,0,0,0,2,0,0
5573688,0,0,-0.393,-0.002,0.009,0,0,0,0,-0.006,0.024,0,0,0,0,2,0,0
5573698,0,0,-0.393,-0.002,0.009,0,0,0,0,-0.004,0.025,0,0,0,0,2,0,0
5573708,0,0,-0.393,-0.002,0.009,0,0,0,0,-0.004,0.026,0,0,0,0,2,0,0
5573718,0,0,-0.393,-0.002,0.009,0,0,0,0,-0.003,0.026,0,0.001,0,0,2,0,0.001
5573728,0,0,-0.393,-0.002,0.009,0,0,0,0,-0.002,0.025,0,0,0,0,2,0,0
5573738,0,0,-0.393,-0.002,0.009,0,0,0,0,0.001,0.024,0,0,0,0,2,0,0
5573748,0,0,-0.393,-0.002,0.009,0,0,0,0,0.002,0.022,0,0,0,0,2,0,0
5573758,0,0,-0.393,-0.002,0.009,0,0,0,0,0.003,0.02,0,0,0,0,2,0,0
5573768,0,0,-0.393,-0.002,0.009,0,0,0,0,0.004,0.018,0,0.001,0,0,2,0,0.001
5573778,0,0,-0.393,-0.002,0.009,0,0,0,0,0.004,0.017,0,0,0,0,2,0,0
5573788,0,0,-0.393,-0.002,0.009,0,0,0,0,0.005,0.015,0,0,0,0,2,0,0
5573798,0,0,-0.393,-0.002,0.009,0,0,0,0,0.005,0.014,0,0,0,0,2,0,0
5573808,0,0,-0.393,-0.002,0.009,0,0,0,0,0.005,0.012,0,0,0,0,2,0,0
5573818,0,0,-0.393,-0.002,0.009,0,0,0,0,0.004,0.011,0,0,0,0,2,0,0
5573828,0,0,-0.393,-0.002,0.009,0,0,0,0,0.004,0.009,0,0,0,0,2,0,0
5573838,0,0,-0.393,-0.002,0.009,0,0,0,0,0.004,0.009,0,0,0,0,2,0,0
5573848,0,0,-0.393,-0.002,0.009,0,0,0,0,0.003,0.008,0,0,0,0,2,0,0
5573858,0,0,-0.393,-0.002,0.009,0,0,0,0,0.003,0.008,0,0,0,0,2,0,0
5573868,0,0,-0.393,-0.002,0.009,0,0,0,0,0.002,0.007,0,0,0,0,2,0,0
5573878,0,0,-0.393,-0.002,0.009,0,0,0,0,0.002,0.007,0,0,0,0,2,0,0
5573888,0,0,-0.393,-0.002,0.009,0,0,0,0,0.001,0.007,0,0,0,0,2,0,0
5573898,0,0,-0.393,-0.002,0.009,0,0,0,0,0.001,0.007,0,0,0,0,2,0,0
5573908,0,0,-0.393,-0.002,0.009,0,0,0,0,0.001,0.006,0,0,0,0,2,0,0
5573918,0,0,-0.393,-0.002,0.009,0,0,0,0,0,0.006,0,0,0,0,2,0,0
5573928,0,0,-0.393,-0.002,0.009,0,0,0,0,0,0.006,0,0,0,0,2,0,0
5573938,0,0,-0.393,-0.002,0.009,0,0,0,0,0,0.006,0,0,0,0,2,0,0
5573948,0,0,-0.393,-0.002,0.009,0,0,0,0,0,0.006,0,0,0,0,2,0,0
5573958,0,0,-0.393,-0.002,0.009,0,0,0,0,0,0.006,0,0,0,0,2,0,0
5573968,0,0,-0.393,-0.002,0.009,0,0,0,0,0,0.005,0,0,0,0,2,0,0
5573978,0,0,-0.393,-0.002,0.009,0,0,0,0,0.001,0.005,0,0,0,0,2,0,0
5573988,0,0,-0.393,-0.002,0.009,0,0,0,0,0,0.005,0,0,0,0,2,0,0
5573998,0,0,-0.393,-0.002,0.009,0,0,0,0,0.001,0.005,0,0,0,0,2,0,0
5574008,0,0,-0.393,-0.002,0.009,0,0,0,0,0.001,0.005,0,0,0,0,2,0,0
5574021,0,0,-0.393,-0.002,0.009,0,0,0,0,0.001,0.005,0,0,0,0,2,0,0
5574028,0,0,-0.393,-0.002,0.009,0,0,0,0,0.001,0.005,0,0,0,0,2,0,0
5574038,0,0,-0.393,-0.002,0.009,0,0,0,0,0.002,0.005,0,0,0,0,2,0,0
5574048,0,0,-0.393,-0.002,0.009,0,0,0,0,0.002,0.006,0,0,0,0,2,0,0
5574058,0,0,-0.393,-0.002,0.009,0,0,0,0,0.002,0.006,0,0,0,0,2,0,0
5574068,0,0,-0.393,-0.002,0.009,0,0,0,0,0.002,0.006,0,0,0,0,2,0,0
5574080,0,0,-0.393,-0.002,0.009,0,0,0,0,0.003,0.006,0,0,0,0,2,0,0
5574088,0,0,-0.393,-0.002,0.009,0,0,0,0,0.003,0.007,0,0,0,0,2,0,0
5574098,0,0,-0.393,-0.002,0.009,0,0,0,0,0.003,0.008,0,0,0,0,2,0,0
5574108,0,0,-0.393,-0.002,0.009,0,0,0,0,0.003,0.008,0,0,0,0,2,0,0
5574118,0,0,-0.393,-0.002,0.009,0,0,0,0,0.003,0.008,0,0,0,0,2,0,0
5574128,0,0,-0.393,-0.002,0.009,0,0,0,0,0.002,0.008,0,0,0,0,2,0,0
5574138,0,0,-0.393,-0.002,0.009,0,0,0,0,0.002,0.009,0,0,0,0,2,0,0
5574148,0,0,-0.393,-0.002,0.009,0,0,0,0,0.002,0.008,0,0,0,0,2,0,0
5574158,0,0,-0.393,-0.002,0.009,0,0,0,0,0.001,0.009,0,0,0,0,2,0,0
5574168,0,0,-0.393,-0.002,0.009,0,0,0,0,0.001,0.009,0,0,0,0,2,0,0
5574180,0,0,-0.393,-0.002,0.009,0,0,0,0,0.001,0.009,0,0,0,0,2,0,0
5574188,0,0,-0.393,-0.002,0.009,0,0,0,0,-0.001,0.009,0,0,0,0,2,0,0
5574198,0,0,-0.393,-0.002,0.009,0,0,0,0,-0.001,0.009,0,0,0,0,2,0,0
5574208,0,0,-0.393,-0.002,0.009,0,0,0,0,-0.001,0.009,0,0,0,0,2,0,0
5574218,0,0,-0.393,-0.002,0.009,0,0,0,0,-0.002,0.01,0,0,0,0,2,0,0
5574228,0,0,-0.393,-0.002,0.009,0,0,0,0,-0.002,0.01,0,0,0,0,2,0,0
5574238,0,0,-0.393,-0.002,0.009,0,0,0,0,-0.002,0.011,0,0,0,0,2,0,0
5574248,0,0,-0.393,-0.002,0.009,0,0,0,0,-0.002,0.012,0,0,0,0,2,0,0
5574258,0,0,-0.393,-0.002,0.009,0,0,0,0,-0.001,0.012,0,0,0,0,2,0,0
5574268,0,0,-0.393,-0.002,0.009,0,0,0,0,-0.001,0.012,0,0,0,0,2,0,0
5574278,0,0,-0.393,-0.002,0.009,0,0,0,0,0,0.012,0,0,0,0,2,0,0
5574288,0,0,-0.393,-0.002,0.009,0,0,0,0,0,0.013,0,0,0,0,2,0,0
5574298,0,0,-0.393,-0.002,0.009,0,0,0,0,0,0.013,0,0,0,0,2,0,0
5574308,0,0,-0.393,-0.002,0.009,0,0,0,0,0.001,0.014,0,0,0,0,2,0,0
5574318,0,0,-0.393,-0.002,0.009,0,0,0,0,0.002,0.015,0,0,0,0,2,0,0
5574328,0,0,-0.393,-0.002,0.009,0,0,0,0,0.002,0.016,0,0,0,0,2,0,0
5574338,0,0,-0.393,-0.002,0.009,0,0,0,0,0.002,0.017,0,0,0,0,2,0,0
5574348,0,0,-0.393,-0.002,0.009,0,0,0,0,0.002,0.018,0,0,0,0,2,0,0
5574358,0,0,-0.393,-0.002,0.009,0,0,0,0,0.002,0.018,0,0,0,0,2,0,0
5574368,0,0,-0.393,-0.002,0.009,0,0,0,0,0.002,0.019,0,0,0,0,2,0,0
5574378,0,0,-0.393,-0.002,0.009,0,0,0,0,0.002,0.02,0,0,0,0,2,0,0
5574388,0,0,-0.393,-0.002,0.009,0,0,0,0,0.002,0.022,0,0,0,0,2,0,0
5574398,0,0,-0.393,-0.002,0.009,0,0,0,0,0.002,0.023,0,0,0,0,2,0,0
5574408,0,0,-0.393,-0.002,0.009,0,0,0,0,0.001,0.023,0,0,0,0,2,0,0
5574418,0,0,-0.393,-0.002,0.009,0,0,0,0,0.001,0.025,0,0.001,0,0,2,0,0.001
5574428,0,0,-0.393,-0.002,0.009,0,0,0,0,0,0.027,0,0.001,0,0,2,0,0.001
5574438,0,0,-0.393,-0.002,0.009,0,0,0,0,0.001,0.027,0,0.001,0,0,2,0,0.001
5574448,0,0,-0.393,-0.002,0.009,0,0,0,0,0.001,0.027,0,0.001,0,0,2,0,0.001
5574458,0,0,-0.393,-0.002,0.009,0,0,0,0,0.001,0.027,0,0.001,0,0,2,0,0.001
5574468,0,0,-0.393,-0.002,0.009,0,0,0,0,0.001,0.027,0,0.001,0,0,2,0,0.001
5574478,0,0,-0.393,-0.002,0.009,0,0,0,0,0,0.027,0,0.001,0,0,2,0,0.001
5574488,0,0,-0.393,-0.002,0.009,0,0,0,0,-0.001,0.028,0,0.001,0,0,2,0,0.001
5574498,0,0,-0.393,-0.002,0.009,0,0,0,0,-0.001,0.027,0,0.001,0,0,2,0,0.001
5574508,0,0,-0.393,-0.002,0.009,0,0,0,0,-0.001,0.026,0,0.001,0,0,2,0,0.001
5574518,0,0,-0.393,-0.002,0.009,0,0,0,0,-0.001,0.024,0,0.001,0,0,2,0,0.001
5574528,0,0,-0.393,-0.002,0.009,0,0,0,0,-0.001,0.023,0,0.001,0,0,2,0,0.001
5574538,0,0,-0.393,-0.002,0.009,0,0,0,0,0,0.021,0,0.001,0,0,2,0,0.001
5574548,0,0,-0.393,-0.002,0.009,0,0,0,0,0,0.019,0,0.001,0,0,2,0,0.001
5574558,0,0,-0.393,-0.002,0.009,0,0,0,0,-0.001,0.018,0,0.001,0,0,2,0,0.001
5574568,0,0,-0.393,-0.002,0.009,0,0,0,0,0,0.016,0,0.001,0,0,2,0,0.001
5574578,0,0,-0.393,-0.002,0.009,0,0,0,0,-0.001,0.015,0,0,0,0,2,0,0
5574588,0,0,-0.393,-0.002,0.009,0,0,0,0,-0.001,0.014,0,0,0,0,2,0,0
5574598,0,0,-0.393,-0.002,0.009,0,0,0,0,-0.002,0.013,0,0,0,0,2,0,0
5574608,0,0,-0.393,-0.002,0.009,0,0,0,0,-0.002,0.012,0,0,0,0,2,0,0
5574618,0,0,-0.393,-0.002,0.009,0,0,0,0,-0.002,0.012,0,0,0,0,2,0,0
5574628,0,0,-0.393,-0.002,0.009,0,0,0,0,-0.003,0.012,0,0,0,0,2,0,0
5574638,0,0,-0.393,-0.002,0.009,0,0,0,0,-0.003,0.012,0,0,0,0,2,0,0
5574648,0,0,-0.393,-0.002,0.009,0,0,0,0,-0.003,0.011,0,0,0,0,2,0,0
5574658,0,0,-0.393,-0.002,0.009,0,0,0,0,-0.003,0.011,0,0,0,0,2,0,0
5574668,0,0,-0.393,-0.002,0.009,0,0,0,0,-0.002,0.01,0,0,0,0,2,0,0
5574678,0,0,-0.393,-0.002,0.009,0,0,0,0,-0.002,0.01,0,0,0,0,2,0,0
5574688,0,0,-0.393,-0.002,0.009,0,0,0,0,-0.002,0.009,0,0,0,0,2,0,0
5574698,0,0,-0.393,-0.002,0.009,0,0,0,0,-0.001,0.009,0,0,0,0,2,0,0
5574708,0,0,-0.393,-0.002,0.009,0,0,0,0,-0.001,0.009,0,0,0,0,2,0,0
5574718,0,0,-0.393,-0.002,0.009,0,0,0,0,-0.001,0.009,0,0,0,0,2,0,0
5574728,0,0,-0.393,-0.002,0.009,0,0,0,0,-0.001,0.009,0,0,0,0,2,0,0
5574738,0,0,-0.393,-0.002,0.009,0,0,0,0,-0.001,0.009,0,0,0,0,2,0,0
5574748,0,0,-0.393,-0.002,0.009,0,0,0,0,-0.001,0.009,0,0,0,0,2,0,0
5574758,0,0,-0.393,-0.002,0.009,0,0,0,0,-0.001,0.008,0,0,0,0,2,0,0
5574769,0,0,-0.393,-0.002,0.009,0,0,0,0,-0.002,0.009,0,0,0,0,2,0,0
5574782,0,0,-0.393,-0.002,0.009,0,0,0,0,-0.002,0.008,0,0,0,0,2,0,0
5574788,0,0,-0.393,-0.002,0.009,0,0,0,0,-0.003,0.008,0,0,0,0,2,0,0
5574798,0,0,-0.393,-0.002,0.009,0,0,0,0,-0.003,0.008,0,0,0,0,2,0,0
5574808,0,0,-0.393,-0.002,0.009,0,0,0,0,-0.003,0.007,0,0,0,0,2,0,0
5574818,0,0,-0.393,-0.002,0.009,0,0,0,0,-0.003,0.006,0,0,0,0,2,0,0
5574828,0,0,-0.393,-0.002,0.009,0,0,0,0,-0.002,0.006,0,0,0,0,2,0,0
5574838,0,0,-0.393,-0.002,0.009,0,0,0,0,-0.002,0.006,0,0,0,0,2,0,0
5574848,0,0,-0.393,-0.002,0.009,0,0,0,0,-0.002,0.005,0,0,0,0,2,0,0
5574858,0,0,-0.393,-0.002,0.009,0,0,0,0,-0.002,0.004,0,0,0,0,2,0,0
5574868,0,0,-0.393,-0.002,0.009,0,0,0,0,-0.002,0.004,0,0,0,0,2,0,0
5574878,0,0,-0.393,-0.002,0.009,0,0,0,0,-0.002,0.004,0,0,0,0,2,0,0
5574887,0,0,-0.393,-0.002,0.009,0,0,0,0,-0.001,0.004,0,0,0,0,2,0,0
5574897,0,0,-0.393,-0.002,0.009,0,0,0,0,-0.001,0.004,0,0,0,0,2,0,0
5574907,0,0,-0.393,-0.002,0.009,0,0,0,0,-0.001,0.003,0,0,0,0,2,0,0
5574917,0,0,-0.393,-0.002,0.009,0,0,0,0,-0.002,0.003,0,0,0,0,2,0,0
5574927,0,0,-0.393,-0.002,0.009,0,0,0,0,-0.002,0.004,0,0,0,0,2,0,0
5574937,0,0,-0.393,-0.002,0.009,0,0,0,0,-0.001,0.003,0,0,0,0,2,0,0
5574947,0,0,-0.393,-0.002,0.009,0,0,0,0,-0.002,0.004,0,0,0,0,2,0,0
5574958,0,0,-0.393,-0.002,0.009,0,0,0,0,-0.002,0.004,0,0,0,0,2,0,0
5574967,0,0,-0.393,-0.002,0.009,0,0,0,0,-0.002,0.004,0,0,0,0,2,0,0
5574977,0,0,-0.393,-0.002,0.009,0,0,0,0,-0.002,0.004,0,0,0,0,2,0,0
5574987,0,0,-0.393,-0.002,0.009,0,0,0,0,-0.002,0.005,0,0,0,0,2,0,0
5574997,0,0,-0.393,-0.002,0.009,0,0,0,0,-0.003,0.005,0,0,0,0,2,0,0
5575007,0,0,-0.393,-0.002,0.009,0,0,0,0,-0.003,0.005,0,0,0,0,2,0,0
5575017,0,0,-0.393,-0.002,0.009,0,0,0,0,-0.003,0.005,0,0,0,0,2,0,0
5575027,0,0,-0.393,-0.002,0.009,0,0,0,0,-0.003,0.005,0,0,0,0,2,0,0
5575037,0,0,-0.393,-0.002,0.009,0,0,0,0,-0.003,0.005,0,0,0,0,2,0,0
5575047,0,0,-0.393,-0.002,0.009,0,0,0,0,-0.003,0.006,0,0,0,0,2,0,0
5575057,0,0,-0.393,-0.002,0.009,0,0,0,0,-0.003,0.006,0,0,0,0,2,0,0
5575067,0,0,-0.393,-0.002,0.009,0,0,0,0,-0.003,0.006,0,0,0,0,2,0,0
5575077,0,0,-0.393,-0.002,0.009,0,0,0,0,-0.003,0.006,0,0,0,0,2,0,0
5575087,0,0,-0.393,-0.002,0.009,0,0,0,0,-0.003,0.006,0,0,0,0,2,0,0
5575097,0,0,-0.393,-0.002,0.009,0,0,0,0,-0.003,0.006,0,0,0,0,2,0,0
5575107,0,0,-0.393,-0.002,0.009,0,0,0,0,-0.003,0.006,0,0,0,0,2,0,0
5575117,0,0,-0.393,-0.002,0.009,0,0,0,0,-0.003,0.006,0,0,0,0,2,0,0
5575127,0,0,-0.393,-0.002,0.009,0,0,0,0,-0.002,0.005,0,0,0,0,2,0,0
5575137,0,0,-0.393,-0.002,0.009,0,0,0,0,-0.002,0.005,0,0,0,0,2,0,0
5575147,0,0,-0.393,-0.002,0.009,0,0,0,0,-0.002,0.005,0,0,0,0,2,0,0
5575157,0,0,-0.393,-0.002,0.009,0,0,0,0,-0.001,0.005,0,0,0,0,2,0,0
5575167,0,0,-0.393,-0.002,0.009,0,0,0,0,-0.001,0.005,0,0,0,0,2,0,0
5575177,0,0,-0.393,-0.002,0.009,0,0,0,0,-0.001,0.005,0,0,0,0,2,0,0
5575187,0,0,-0.393,-0.002,0.009,0,0,0,0,-0.001,0.005,0,0,0,0,2,0,0
5575197,0,0,-0.393,-0.002,0.009,0,0,0,0,-0.001,0.005,0,0,0,0,2,0,0
5575207,0,0,-0.393,-0.002,0.009,0,0,0,0,-0.001,0.004,0,0,0,0,2,0,0
5575217,0,0,-0.393,-0.002,0.009,0,0,0,0,-0.001,0.005,0,0,0,0,2,0,0
5575227,0,0,-0.393,-0.002,0.009,0,0,0,0,-0.002,0.005,0,0,0,0,2,0,0
5575237,0,0,-0.393,-0.002,0.009,0,0,0,0,-0.002,0.004,0,0,0,0,2,0,0
5575247,0,0,-0.393,-0.002,0.009,0,0,0,0,-0.002,0.004,0,0,0,0,2,0,0
5575257,0,0,-0.393,-0.002,0.009,0,0,0,0,-0.002,0.004,0,0,0,0,2,0,0
5575267,0,0,-0.393,-0.002,0.009,0,0,0,0,-0.001,0.005,0,0,0,0,2,0,0
5575277,0,0,-0.393,-0.002,0.009,0,0,0,0,-0.001,0.005,0,0,0,0,2,0,0
5575287,0,0,-0.393,-0.002,0.009,0,0,0,0,-0.001,0.005,0,0,0,0,2,0,0
5575297,0,0,-0.393,-0.002,0.009,0,0,0,0,-0.001,0.005,0,0,0,0,2,0,0
5575307,0,0,-0.393,-0.002,0.009,0,0,0,0,-0.001,0.005,0,0,0,0,2,0,0
5575317,0,0,-0.393,-0.002,0.009,0,0,0,0,-0.001,0.005,0,0,0,0,2,0,0
5575327,0,0,-0.393,-0.002,0.009,0,0,0,0,-0.001,0.005,0,0,0,0,2,0,0
5575337,0,0,-0.393,-0.002,0.009,0,0,0,0,-0.001,0.005,0,0,0,0,2,0,0
5575347,0,0,-0.393,-0.002,0.009,0,0,0,0,-0.001,0.005,0,0,0,0,2,0,0
5575357,0,0,-0.393,-0.002,0.009,0,0,0,0,-0.001,0.005,0,0,0,0,2,0,0
5575367,0,0,-0.393,-0.002,0.009,0,0,0,0,-0.001,0.004,0,0,0,0,2,0,0
5575377,0,0,-0.393,-0.002,0.009,0,0,0,0,-0.001,0.004,0,0,0,0,2,0,0
5575387,0,0,-0.393,-0.002,0.009,0,0,0,0,-0.001,0.005,0,0,0,0,2,0,0
5575397,0,0,-0.393,-0.002,0.009,0,0,0,0,-0.001,0.004,0,0,0,0,2,0,0
5575407,0,0,-0.393,-0.002,0.009,0,0,0,0,0,0.003,0,0,0,0,2,0,0
5575417,0,0,-0.393,-0.002,0.009,0,0,0,0,0,0.004,0,0,0,0,2,0,0
5575427,0,0,-0.393,-0.002,0.009,0,0,0,0,0,0.003,0,0,0,0,2,0,0
5575437,0,0,-0.393,-0.002,0.009,0,0,0,0,0,0.003,0,0,0,0,2,0,0
5575447,0,0,-0.393,-0.002,0.009,0,0,0,0,0,0.003,0,0,0,0,2,0,0
5575457,0,0,-0.393,-0.002,0.009,0,0,0,0,0,0.003,0,0,0,0,2,0,0
5575467,0,0,-0.393,-0.002,0.009,0,0,0,0,0,0.003,0,0,0,0,2,0,0
5575477,0,0,-0.393,-0.002,0.009,0,0,0,0,0,0.003,0,0,0,0,2,0,0
5575487,0,0,-0.393,-0.002,0.009,0,0,0,0,0,0.003,0,0,0,0,2,0,0
5575497,0,0,-0.393,-0.002,0.009,0,0,0,0,0,0.003,0,0,0,0,2,0,0
5575507,0,0,-0.393,-0.002,0.009,0,0,0,0,0,0.003,0,0,0,0,2,0,0
5575517,0,0,-0.393,-0.002,0.009,0,0,0,0,0,0.003,0,0,0,0,2,0,0
5575527,0,0,-0.393,-0.002,0.009,0,0,0,0,0,0.003,0,0,0,0,2,0,0
5575537,0,0,-0.393,-0.002,0.009,0,0,0,0,-0.001,0.003,0,0,0,0,2,0,0
5575547,0,0,-0.393,-0.002,0.009,0,0,0,0,-0.001,0.003,0,0,0,0,2,0,0
5575557,0,0,-0.393,-0.002,0.009,0,0,0,0,-0.001,0.003,0,0,0,0,2,0,0
5575567,0,0,-0.393,-0.002,0.009,0,0,0,0,-0.001,0.003,0,0,0,0,2,0,0
5575577,0,0,-0.393,-0.002,0.009,0,0,0,0,0,0.003,0,0,0,0,2,0,0
5575587,0,0,-0.393,-0.002,0.009,0,0,0,0,0,0.004,0,0,0,0,2,0,0
5575597,0,0,-0.393,-0.002,0.009,0,0,0,0,0,0.004,0,0,0,0,2,0,0
5575607,0,0,-0.393,-0.002,0.009,0,0,0,0,0,0.004,0,0,0,0,2,0,0
5575617,0,0,-0.393,-0.002,0.009,0,0,0,0,-0.001,0.004,0,0,0,0,2,0,0
5575627,0,0,-0.393,-0.002,0.009,0,0,0,0,0,0.005,0,0,0,0,2,0,0
5575637,0,0,-0.393,-0.002,0.009,0,0,0,0,0,0.005,0,0,0,0,2,0,0
5575647,0,0,-0.393,-0.002,0.009,0,0,0,0,0,0.005,0,0,0,0,2,0,0
5575657,0,0,-0.393,-0.002,0.009,0,0,0,0,-0.001,0.005,0,0,0,0,2,0,0
5575667,0,0,-0.393,-0.002,0.009,0,0,0,0,0,0.006,0,0,0,0,2,0,0
5575677,0,0,-0.393,-0.002,0.009,0,0,0,0,0,0.006,0,0,0,0,2,0,0
5575687,0,0,-0.393,-0.002,0.009,0,0,0,0,0,0.006,0,0,0,0,2,0,0
5575697,0,0,-0.393,-0.002,0.009,0,0,0,0,0,0.007,0,0,0,0,2,0,0
5575707,0,0,-0.393,-0.002,0.009,0,0,0,0,0,0.007,0,0,0,0,2,0,0
5575717,0,0,-0.393,-0.002,0.009,0,0,0,0,0,0.008,0,0,0,0,2,0,0
5575727,0,0,-0.393,-0.002,0.009,0,0,0,0,0.001,0.008,0,0,0,0,2,0,0
5575737,0,0,-0.393,-0.002,0.009,0,0,0,0,0.001,0.009,0,0,0,0,2,0,0
5575747,0,0,-0.393,-0.002,0.009,0,0,0,0,0.001,0.01,0,0,0,0,2,0,0
5575757,0,0,-0.393,-0.002,0.009,0,0,0,0,0.001,0.01,0,0,0,0,2,0,0
5575767,0,0,-0.393,-0.002,0.009,0,0,0,0,0.001,0.011,0,0,0,0,2,0,0
5575777,0,0,-0.393,-0.002,0.009,0,0,0,0,0.001,0.012,0,0,0,0,2,0,0
5575787,0,0,-0.393,-0.002,0.009,0,0,0,0,0.001,0.012,0,0,0,0,2,0,0
5575797,0,0,-0.393,-0.002,0.009,0,0,0,0,0,0.013,0,0,0,0,2,0,0
5575807,0,0,-0.393,-0.002,0.009,0,0,0,0,0,0.013,0,0,0,0,2,0,0
5575817,0,0,-0.393,-0.002,0.009,0,0,0,0,-0.001,0.013,0,0,0,0,2,0,0
5575827,0,0,-0.393,-0.002,0.009,0,0,0,0,-0.002,0.012,0,0,0,0,2,0,0
5575837,0,0,-0.393,-0.002,0.009,0,0,0,0,-0.002,0.012,0,0,0,0,2,0,0
5575847,0,0,-0.393,-0.002,0.009,0,0,0,0,-0.003,0.011,0,0,0,0,2,0,0
5575857,0,0,-0.393,-0.002,0.009,0,0,0,0,-0.004,0.01,0,0,0,0,2,0,0
5575867,0,0,-0.393,-0.002,0.009,0,0,0,0,-0.003,0.01,0,0,0,0,2,0,0
5575877,0,0,-0.393,-0.002,0.009,0,0,0,0,-0.003,0.01,0,0,0,0,2,0,0
5575887,0,0,-0.393,-0.002,0.009,0,0,0,0,-0.003,0.01,0,0,0,0,2,0,0
5575897,0,0,-0.393,-0.002,0.009,0,0,0,0,-0.003,0.009,0,0,0,0,2,0,0
5575907,0,0,-0.393,-0.002,0.009,0,0,0,0,-0.003,0.009,0,0,0,0,2,0,0
5575917,0,0,-0.393,-0.002,0.009,0,0,0,0,-0.003,0.009,0,0,0,0,2,0,0
5575927,0,0,-0.393,-0.002,0.009,0,0,0,0,-0.003,0.008,0,0,0,0,2,0,0
5575937,0,0,-0.393,-0.002,0.009,0,0,0,0,-0.002,0.008,0,0,0,0,2,0,0
5575947,0,0,-0.393,-0.002,0.009,0,0,0,0,-0.002,0.007,0,0,0,0,2,0,0
5575957,0,0,-0.393,-0.002,0.009,0,0,0,0,-0.002,0.007,0,0,0,0,2,0,0
5575967,0,0,-0.393,-0.002,0.009,0,0,0,0,-0.002,0.007,0,0,0,0,2,0,0
5575977,0,0,-0.393,-0.002,0.009,0,0,0,0,-0.002,0.007,0,0,0,0,2,0,0
5575987,0,0,-0.393,-0.002,0.009,0,0,0,0,-0.002,0.006,0,0,0,0,2,0,0
5575997,0,0,-0.393,-0.002,0.009,0,0,0,0,-0.002,0.006,0,0,0,0,2,0,0
5576007,0,0,-0.393,-0.002,0.009,0,0,0,0,-0.002,0.006,0,0,0,0,2,0,0
5576017,0,0,-0.393,-0.002,0.009,0,0,0,0,-0.002,0.006,0,0,0,0,2,0,0
5576027,0,0,-0.393,-0.002,0.009,0,0,0,0,-0.002,0.006,0,0,0,0,2,0,0
5576037,0,0,-0.393,-0.002,0.009,0,0,0,0,-0.002,0.005,0,0,0,0,2,0,0
5576047,0,0,-0.393,-0.002,0.009,0,0,0,0,-0.002,0.005,0,0,0,0,2,0,0
5576057,0,0,-0.393,-0.002,0.009,0,0,0,0,-0.001,0.005,0,0,0,0,2,0,0
5576067,0,0,-0.393,-0.002,0.009,0,0,0,0,-0.001,0.005,0,0,0,0,2,0,0
5576077,0,0,-0.393,-0.002,0.009,0,0,0,0,-0.001,0.005,0,0,0,0,2,0,0
5576087,0,0,-0.393,-0.002,0.009,0,0,0,0,-0.001,0.005,0,0,0,0,2,0,0
5576097,0,0,-0.393,-0.002,0.009,0,0,0,0,0,0.004,0,0,0,0,2,0,0
5576107,0,0,-0.393,-0.002,0.009,0,0,0,0,0,0.004,0,0,0,0,2,0,0
5576117,0,0,-0.393,-0.002,0.009,0,0,0,0,0,0.004,0,0,0,0,2,0,0
5576127,0,0,-0.393,-0.002,0.009,0,0,0,0,-0.001,0.003,0,0,0,0,2,0,0
5576137,0,0,-0.393,-0.002,0.009,0,0,0,0,-0.001,0.004,0,0,0,0,2,0,0
5576147,0,0,-0.393,-0.002,0.009,0,0,0,0,0,0.003,0,0,0,0,2,0,0
5576157,0,0,-0.393,-0.002,0.009,0,0,0,0,-0.001,0.003,0,0,0,0,2,0,0
5576167,0,0,-0.393,-0.002,0.009,0,0,0,0,-0.001,0.003,0,0,0,0,2,0,0
5576177,0,0,-0.393,-0.002,0.009,0,0,0,0,-0.001,0.004,0,0,0,0,2,0,0
5576187,0,0,-0.393,-0.002,0.009,0,0,0,0,-0.001,0.003,0,0,0,0,2,0,0
5576197,0,0,-0.393,-0.002,0.009,0,0,0,0,-0.001,0.003,0,0,0,0,2,0,0
5576207,0,0,-0.393,-0.002,0.009,0,0,0,0,-0.001,0.004,0,0,0,0,2,0,0
5576217,0,0,-0.393,-0.002,0.009,0,0,0,0,-0.001,0.004,0,0,0,0,2,0,0
5576227,0,0,-0.393,-0.002,0.009,0,0,0,0,-0.001,0.004,0,0,0,0,2,0,0
5576237,0,0,-0.393,-0.002,0.009,0,0,0,0,-0.002,0.004,0,0,0,0,2,0,0
5576247,0,0,-0.393,-0.002,0.009,0,0,0,0,-0.001,0.004,0,0,0,0,2,0,0
5576257,0,0,-0.393,-0.002,0.009,0,0,0,0,-0.002,0.004,0,0,0,0,2,0,0
5576267,0,0,-0.393,-0.002,0.009,0,0,0,0,-0.002,0.004,0,0,0,0,2,0,0
5576277,0,0,-0.393,-0.002,0.009,0,0,0,0,-0.002,0.005,0,0,0,0,2,0,0
5576287,0,0,-0.393,-0.002,0.009,0,0,0,0,-0.003,0.005,0,0,0,0,2,0,0
5576297,0,0,-0.393,-0.002,0.008,0,0,0,0,-0.003,0.005,0,0,0,0,2,0,0
5576307,0,0,-0.393,-0.002,0.008,0,0,0,0,-0.003,0.006,0,0,0,0,2,0,0
5576317,0,0,-0.393,-0.002,0.008,0,0,0,0,-0.004,0.007,0,0,0,0,2,0,0
5576327,0,0,-0.393,-0.002,0.008,0,0,0,0,-0.004,0.007,0,0,0,0,2,0,0
5576337,0,0,-0.393,-0.002,0.008,0,0,0,0,-0.004,0.007,0,0,0,0,2,0,0
5576347,0,0,-0.393,-0.002,0.008,0,0,0,0,-0.003,0.007,0,0,0,0,2,0,0
5576357,0,0,-0.393,-0.002,0.008,0,0,0,0,-0.003,0.007,0,0,0,0,2,0,0
5576367,0,0,-0.393,-0.002,0.008,0,0,0,0,-0.003,0.007,0,0,0,0,2,0,0
5576377,0,0,-0.393,-0.002,0.008,0,0,0,0,-0.003,0.007,0,0,0,0,2,0,0
5576387,0,0,-0.393,-0.002,0.008,0,0,0,0,-0.003,0.007,0,0,0,0,2,0,0
5576397,0,0,-0.393,-0.002,0.008,0,0,0,0,-0.002,0.007,0,0,0,0,2,0,0
5576407,0,0,-0.393,-0.002,0.008,0,0,0,0,-0.003,0.007,0,0,0,0,2,0,0
5576417,0,0,-0.393,-0.002,0.008,0,0,0,0,-0.003,0.007,0,0,0,0,2,0,0
5576427,0,0,-0.393,-0.002,0.008,0,0,0,0,-0.003,0.007,0,0,0,0,2,0,0
5576437,0,0,-0.393,-0.002,0.008,0,0,0,0,-0.004,0.007,0,0,0,0,2,0,0
5576447,0,0,-0.393,-0.002,0.008,0,0,0,0,-0.004,0.008,0,0,0,0,2,0,0
5576457,0,0,-0.393,-0.002,0.008,0,0,0,0,-0.004,0.009,0,0,0,0,2,0,0
5576467,0,0,-0.393,-0.002,0.008,0,0,0,0,-0.005,0.009,0,0,0,0,2,0,0
5576477,0,0,-0.393,-0.002,0.008,0,0,0,0,-0.005,0.01,0,0,0,0,2,0,0
5576487,0,0,-0.393,-0.002,0.008,0,0,0,0,-0.005,0.011,0,0,0,0,2,0,0
5576497,0,0,-0.393,-0.002,0.008,0,0,0,0,-0.006,0.011,0,0,0,0,2,0,0
5576507,0,0,-0.393,-0.002,0.008,0,0,0,0,-0.006,0.012,0,0,0,0,2,0,0
5576517,0,0,-0.393,-0.002,0.008,0,0,0,0,-0.006,0.013,0,0,0,0,2,0,0
5576527,0,0,-0.393,-0.002,0.008,0,0,0,0,-0.006,0.013,0,0,0,0,2,0,0
5576537,0,0,-0.393,-0.002,0.008,0,0,0,0,-0.006,0.014,0,0,0,0,2,0,0
5576547,0,0,-0.393,-0.002,0.008,0,0,0,0,-0.006,0.015,0,0,0,0,2,0,0
5576557,0,0,-0.393,-0.002,0.008,0,0,0,0,-0.006,0.015,0,0,0,0,2,0,0
5576567,0,0,-0.393,-0.002,0.008,0,0,0,0,-0.007,0.016,0,0,0,0,2,0,0
5576577,0,0,-0.393,-0.002,0.008,0,0,0,0,-0.007,0.017,0,0,0,0,2,0,0
5576587,0,0,-0.393,-0.002,0.008,0,0,0,0,-0.007,0.017,0,0,0,0,2,0,0
5576597,0,0,-0.393,-0.002,0.008,0,0,0,0,-0.007,0.018,0,0,0,0,2,0,0
5576607,0,0,-0.393,-0.002,0.008,0,0,0,0,-0.007,0.018,0,0,0,0,2,0,0
5576617,0,0,-0.393,-0.002,0.008,0,0,0,0,-0.008,0.019,0,0,0,0,2,0,0
5576627,0,0,-0.393,-0.002,0.008,0,0,0,0,-0.008,0.02,0,0,0,0,2,0,0
5576637,0,0,-0.393,-0.002,0.008,0,0,0,0,-0.009,0.02,0,0,0,0,2,0,0
5576647,0,0,-0.393,-0.002,0.008,0,0,0,0,-0.008,0.021,0,0,0,0,2,0,0
5576657,0,0,-0.393,-0.002,0.008,0,0,0,0,-0.008,0.021,0,0,0,0,2,0,0
5576667,0,0,-0.393,-0.002,0.008,0,0,0,0,-0.008,0.022,0,0,0,0,2,0,0
5576677,0,0,-0.393,-0.002,0.008,0,0,0,0,-0.007,0.022,0,0.001,0,0,2,0,0.001
5576687,0,0,-0.393,-0.002,0.008,0,0,0,0,-0.007,0.023,0,0.001,0,0,2,0,0.001
5576697,0,0,-0.393,-0.002,0.008,0,0,0,0,-0.006,0.023,0,0.001,0,0,2,0,0.001
5576707,0,0,-0.393,-0.002,0.008,0,0,0,0,-0.006,0.023,0,0.001,0,0,2,0,0.001
5576717,0,0,-0.393,-0.002,0.008,0,0,0,0,-0.005,0.023,0,0.001,0,0,2,0,0.001
5576727,0,0,-0.393,-0.002,0.008,0,0,0,0,-0.005,0.023,0,0.001,0,0,2,0,0.001
5576737,0,0,-0.393,-0.002,0.008,0,0,0,0,-0.005,0.022,0,0.001,0,0,2,0,0.001
5576747,0,0,-0.393,-0.002,0.008,0,0,0,0,-0.005,0.021,0,0.001,0,0,2,0,0.001
5576757,0,0,-0.393,-0.002,0.008,0,0,0,0,-0.004,0.019,0,0.001,0,0,2,0,0.001
5576767,0,0,-0.393,-0.002,0.008,0,0,0,0,-0.005,0.018,0,0.001,0,0,2,0,0.001
5576777,0,0,-0.393,-0.002,0.008,0,0,0,0,-0.005,0.016,0,0,0,0,2,0,0
5576787,0,0,-0.393,-0.002,0.008,0,0,0,0,-0.005,0.015,0,0,0,0,2,0,0
5576797,0,0,-0.393,-0.002,0.008,0,0,0,0,-0.005,0.013,0,0,0,0,2,0,0
5576807,0,0,-0.393,-0.002,0.008,0,0,0,0,-0.005,0.012,0,0,0,0,2,0,0
5576817,0,0,-0.393,-0.002,0.008,0,0,0,0,-0.004,0.011,0,0,0,0,2,0,0
5576827,0,0,-0.393,-0.002,0.008,0,0,0,0,-0.003,0.009,0,0,0,0,2,0,0
5576837,0,0,-0.393,-0.002,0.008,0,0,0,0,-0.003,0.008,0,0,0,0,2,0,0
5576847,0,0,-0.393,-0.002,0.008,0,0,0,0,-0.002,0.007,0,0,0,0,2,0,0
5576857,0,0,-0.393,-0.002,0.008,0,0,0,0,-0.002,0.006,0,0,0,0,2,0,0
5576867,0,0,-0.393,-0.002,0.008,0,0,0,0,-0.001,0.005,0,0,0,0,2,0,0
5576877,0,0,-0.393,-0.002,0.008,0,0,0,0,-0.001,0.004,0,0,0,0,2,0,0
5576887,0,0,-0.393,-0.002,0.008,0,0,0,0,-0.001,0.004,0,0,0,0,2,0,0
5576897,0,0,-0.393,-0.002,0.008,0,0,0,0,-0.001,0.003,0,0,0,0,2,0,0
5576907,0,0,-0.393,-0.002,0.008,0,0,0,0,-0.001,0.003,0,0,0,0,2,0,0
5576917,0,0,-0.393,-0.002,0.008,0,0,0,0,-0.001,0.003,0,0,0,0,2,0,0
5576927,0,0,-0.393,-0.002,0.008,0,0,0,0,-0.001,0.003,0,0,0,0,2,0,0
5576937,0,0,-0.393,-0.002,0.008,0,0,0,0,-0.001,0.003,0,0,0,0,2,0,0
5576947,0,0,-0.393,-0.002,0.008,0,0,0,0,-0.001,0.003,0,0,0,0,2,0,0
5576957,0,0,-0.393,-0.002,0.008,0,0,0,0,-0.001,0.003,0,0,0,0,2,0,0
5576967,0,0,-0.393,-0.002,0.008,0,0,0,0,-0.001,0.003,0,0,0,0,2,0,0
5576977,0,0,-0.393,-0.002,0.008,0,0,0,0,-0.001,0.003,0,0,0,0,2,0,0
5576987,0,0,-0.393,-0.002,0.008,0,0,0,0,-0.002,0.003,0,0,0,0,2,0,0
5576997,0,0,-0.393,-0.002,0.008,0,0,0,0,-0.002,0.003,0,0,0,0,2,0,0
5577007,0,0,-0.393,-0.002,0.008,0,0,0,0,-0.002,0.004,0,0,0,0,2,0,0
5577017,0,0,-0.393,-0.002,0.008,0,0,0,0,-0.002,0.004,0,0,0,0,2,0,0
5577027,0,0,-0.393,-0.002,0.008,0,0,0,0,-0.002,0.004,0,0,0,0,2,0,0
5577037,0,0,-0.393,-0.002,0.008,0,0,0,0,-0.002,0.004,0,0,0,0,2,0,0
5577047,0,0,-0.393,-0.002,0.008,0,0,0,0,-0.002,0.004,0,0,0,0,2,0,0
5577057,0,0,-0.393,-0.002,0.008,0,0,0,0,-0.003,0.005,0,0,0,0,2,0,0
5577067,0,0,-0.393,-0.002,0.008,0,0,0,0,-0.003,0.005,0,0,0,0,2,0,0
5577077,0,0,-0.393,-0.002,0.008,0,0,0,0,-0.003,0.004,0,0,0,0,2,0,0
5577087,0,0,-0.393,-0.002,0.008,0,0,0,0,-0.003,0.005,0,0,0,0,2,0,0
5577097,0,0,-0.393,-0.002,0.008,0,0,0,0,-0.003,0.004,0,0,0,0,2,0,0
5577107,0,0,-0.393,-0.002,0.008,0,0,0,0,-0.002,0.004,0,0,0,0,2,0,0
5577117,0,0,-0.393,-0.002,0.008,0,0,0,0,-0.003,0.004,0,0,0,0,2,0,0
5577127,0,0,-0.393,-0.002,0.008,0,0,0,0,-0.002,0.004,0,0,0,0,2,0,0
5577137,0,0,-0.393,-0.002,0.008,0,0,0,0,-0.002,0.004,0,0,0,0,2,0,0
5577147,0,0,-0.393,-0.002,0.008,0,0,0,0,-0.001,0.003,0,0,0,0,2,0,0
5577157,0,0,-0.393,-0.002,0.008,0,0,0,0,-0.001,0.003,0,0,0,0,2,0,0
5577167,0,0,-0.393,-0.002,0.008,0,0,0,0,-0.001,0.003,0,0,0,0,2,0,0
5577177,0,0,-0.393,-0.002,0.008,0,0,0,0,-0.001,0.003,0,0,0,0,2,0,0
5577187,0,0,-0.393,-0.002,0.008,0,0,0,0,-0.001,0.002,0,0,0,0,2,0,0
5577197,0,0,-0.393,-0.002,0.008,0,0,0,0,-0.001,0.002,0,0,0,0,2,0,0
5577207,0,0,-0.393,-0.002,0.008,0,0,0,0,-0.001,0.002,0,0,0,0,2,0,0
5577217,0,0,-0.393,-0.002,0.008,0,0,0,0,-0.001,0.002,0,0,0,0,2,0,0
5577227,0,0,-0.393,-0.002,0.008,0,0,0,0,-0.001,0.002,0,0,0,0,2,0,0
5577237,0,0,-0.393,-0.002,0.008,0,0,0,0,-0.001,0.002,0,0,0,0,2,0,0
5577247,0,0,-0.393,-0.002,0.008,0,0,0,0,-0.001,0.002,0,0,0,0,2,0,0
5577257,0,0,-0.393,-0.002,0.008,0,0,0,0,-0.001,0.002,0,0,0,0,2,0,0
5577267,0,0,-0.393,-0.002,0.008,0,0,0,0,-0.001,0.002,0,0,0,0,2,0,0
5577277,0,0,-0.393,-0.002,0.008,0,0,0,0,-0.001,0.002,0,0,0,0,2,0,0
5577287,0,0,-0.393,-0.002,0.008,0,0,0,0,-0.001,0.002,0,0,0,0,2,0,0
5577297,0,0,-0.393,-0.002,0.008,0,0,0,0,-0.001,0.002,0,0,0,0,2,0,0
5577307,0,0,-0.393,-0.002,0.008,0,0,0,0,-0.001,0.002,0,0,0,0,2,0,0
5577317,0,0,-0.393,-0.002,0.008,0,0,0,0,-0.001,0.002,0,0,0,0,2,0,0
5577327,0,0,-0.393,-0.002,0.008,0,0,0,0,-0.001,0.002,0,0,0,0,2,0,0
5577337,0,0,-0.393,-0.002,0.008,0,0,0,0,-0.001,0.002,0,0,0,0,2,0,0
5577347,0,0,-0.393,-0.002,0.008,0,0,0,0,-0.001,0.002,0,0,0,0,2,0,0
5577357,0,0,-0.393,-0.002,0.008,0,0,0,0,-0.001,0.002,0,0,0,0,2,0,0
5577367,0,0,-0.393,-0.002,0.008,0,0,0,0,-0.001,0.002,0,0,0,0,2,0,0
5577377,0,0,-0.393,-0.002,0.008,0,0,0,0,-0.001,0.002,0,0,0,0,2,0,0
5577387,0,0,-0.393,-0.002,0.008,0,0,0,0,-0.001,0.002,0,0,0,0,2,0,0
5577397,0,0,-0.393,-0.002,0.008,0,0,0,0,-0.001,0.002,0,0,0,0,2,0,0
5577407,0,0,-0.393,-0.002,0.008,0,0,0,0,-0.001,0.002,0,0,0,0,2,0,0
5577417,0,0,-0.393,-0.002,0.008,0,0,0,0,-0.001,0.003,0,0,0,0,2,0,0
5577427,0,0,-0.393,-0.002,0.008,0,0,0,0,-0.002,0.003,0,0,0,0,2,0,0
5577437,0,0,-0.393,-0.002,0.008,0,0,0,0,-0.002,0.003,0,0,0,0,2,0,0
5577447,0,0,-0.393,-0.002,0.008,0,0,0,0,-0.002,0.003,0,0,0,0,2,0,0
5577457,0,0,-0.393,-0.002,0.008,0,0,0,0,-0.002,0.004,0,0,0,0,2,0,0
5577467,0,0,-0.393,-0.002,0.008,0,0,0,0,-0.002,0.004,0,0,0,0,2,0,0
5577477,0,0,-0.393,-0.002,0.008,0,0,0,0,-0.003,0.005,0,0,0,0,2,0,0
5577487,0,0,-0.393,-0.002,0.008,0,0,0,0,-0.003,0.005,0,0,0,0,2,0,0
5577497,0,0,-0.393,-0.002,0.008,0,0,0,0,-0.003,0.005,0,0,0,0,2,0,0
5577507,0,0,-0.393,-0.002,0.008,0,0,0,0,-0.003,0.006,0,0,0,0,2,0,0
5577517,0,0,-0.393,-0.002,0.008,0,0,0,0,-0.004,0.006,0,0,0,0,2,0,0
5577527,0,0,-0.393,-0.002,0.008,0,0,0,0,-0.004,0.006,0,0,0,0,2,0,0
5577537,0,0,-0.393,-0.002,0.008,0,0,0,0,-0.004,0.006,0,0,0,0,2,0,0
5577547,0,0,-0.393,-0.002,0.008,0,0,0,0,-0.004,0.006,0,0,0,0,2,0,0
5577557,0,0,-0.393,-0.002,0.008,0,0,0,0,-0.003,0.006,0,0,0,0,2,0,0
5577567,0,0,-0.393,-0.002,0.008,0,0,0,0,-0.003,0.006,0,0,0,0,2,0,0
5577577,0,0,-0.393,-0.002,0.008,0,0,0,0,-0.003,0.005,0,0,0,0,2,0,0
5577587,0,0,-0.393,-0.002,0.008,0,0,0,0,-0.002,0.005,0,0,0,0,2,0,0
5577597,0,0,-0.393,-0.002,0.008,0,0,0,0,-0.002,0.004,0,0,0,0,2,0,0
5577607,0,0,-0.393,-0.002,0.008,0,0,0,0,-0.002,0.004,0,0,0,0,2,0,0
5577617,0,0,-0.393,-0.002,0.008,0,0,0,0,-0.002,0.003,0,0,0,0,2,0,0
5577627,0,0,-0.393,-0.002,0.008,0,0,0,0,-0.001,0.004,0,0,0,0,2,0,0
5577637,0,0,-0.393,-0.002,0.008,0,0,0,0,-0.001,0.004,0,0,0,0,2,0,0
5577647,0,0,-0.393,-0.002,0.008,0,0,0,0,-0.001,0.004,0,0,0,0,2,0,0
5577657,0,0,-0.393,-0.002,0.008,0,0,0,0,-0.001,0.004,0,0,0,0,2,0,0
5577667,0,0,-0.393,-0.002,0.008,0,0,0,0,-0.001,0.004,0,0,0,0,2,0,0
5577677,0,0,-0.393,-0.002,0.008,0,0,0,0,-0.001,0.004,0,0,0,0,2,0,0
5577687,0,0,-0.393,-0.002,0.008,0,0,0,0,-0.001,0.005,0,0,0,0,2,0,0
5577697,0,0,-0.393,-0.002,0.008,0,0,0,0,-0.002,0.005,0,0,0,0,2,0,0
5577707,0,0,-0.393,-0.002,0.008,0,0,0,0,-0.002,0.005,0,0,0,0,2,0,0
5577717,0,0,-0.393,-0.002,0.008,0,0,0,0,-0.002,0.005,0,0,0,0,2,0,0
5577727,0,0,-0.393,-0.002,0.008,0,0,0,0,-0.002,0.006,0,0,0,0,2,0,0
5577737,0,0,-0.393,-0.002,0.008,0,0,0,0,-0.002,0.006,0,0,0,0,2,0,0
5577747,0,0,-0.393,-0.002,0.008,0,0,0,0,-0.003,0.006,0,0,0,0,2,0,0
5577757,0,0,-0.393,-0.002,0.008,0,0,0,0,-0.003,0.006,0,0,0,0,2,0,0
5577767,0,0,-0.393,-0.002,0.008,0,0,0,0,-0.003,0.006,0,0,0,0,2,0,0
5577777,0,0,-0.393,-0.002,0.008,0,0,0,0,-0.002,0.006,0,0,0,0,2,0,0
5577787,0,0,-0.393,-0.002,0.008,0,0,0,0,-0.002,0.007,0,0,0,0,2,0,0
5577797,0,0,-0.393,-0.002,0.008,0,0,0,0,-0.002,0.006,0,0,0,0,2,0,0
5577807,0,0,-0.393,-0.002,0.008,0,0,0,0,-0.002,0.006,0,0,0,0,2,0,0
5577817,0,0,-0.393,-0.002,0.008,0,0,0,0,-0.002,0.006,0,0,0,0,2,0,0
5577827,0,0,-0.393,-0.002,0.008,0,0,0,0,-0.001,0.006,0,0,0,0,2,0,0
5577837,0,0,-0.393,-0.002,0.008,0,0,0,0,-0.001,0.005,0,0,0,0,2,0,0
5577847,0,0,-0.393,-0.002,0.008,0,0,0,0,-0.001,0.005,0,0,0,0,2,0,0
5577857,0,0,-0.393,-0.002,0.008,0,0,0,0,-0.001,0.004,0,0,0,0,2,0,0
5577867,0,0,-0.393,-0.002,0.008,0,0,0,0,-0.001,0.004,0,0,0,0,2,0,0
5577877,0,0,-0.393,-0.002,0.008,0,0,0,0,-0.001,0.004,0,0,0,0,2,0,0
5577887,0,0,-0.393,-0.002,0.008,0,0,0,0,-0.001,0.003,0,0,0,0,2,0,0
5577897,0,0,-0.393,-0.002,0.008,0,0,0,0,-0.001,0.003,0,0,0,0,2,0,0
5577907,0,0,-0.393,-0.002,0.008,0,0,0,0,-0.001,0.003,0,0,0,0,2,0,0
5577917,0,0,-0.393,-0.002,0.008,0,0,0,0,-0.001,0.003,0,0,0,0,2,0,0
5577927,0,0,-0.393,-0.002,0.008,0,0,0,0,-0.001,0.003,0,0,0,0,2,0,0
5577937,0,0,-0.393,-0.002,0.008,0,0,0,0,-0.001,0.003,0,0,0,0,2,0,0
5577947,0,0,-0.393,-0.002,0.008,0,0,0,0,-0.001,0.003,0,0,0,0,2,0,0
5577957,0,0,-0.393,-0.002,0.008,0,0,0,0,-0.001,0.003,0,0,0,0,2,0,0
5577967,0,0,-0.393,-0.002,0.008,0,0,0,0,-0.001,0.003,0,0,0,0,2,0,0
5577977,0,0,-0.393,-0.002,0.008,0,0,0,0,-0.002,0.003,0,0,0,0,2,0,0
5577987,0,0,-0.393,-0.002,0.008,0,0,0,0,-0.002,0.003,0,0,0,0,2,0,0
5577997,0,0,-0.393,-0.002,0.008,0,0,0,0,-0.001,0.004,0,0,0,0,2,0,0
5578007,0,0,-0.393,-0.002,0.008,0,0,0,0,-0.002,0.004,0,0,0,0,2,0,0
5578017,0,0,-0.393,-0.002,0.008,0,0,0,0,-0.002,0.004,0,0,0,0,2,0,0
5578027,0,0,-0.393,-0.002,0.008,0,0,0,0,-0.002,0.004,0,0,0,0,2,0,0
5578037,0,0,-0.393,-0.002,0.008,0,0,0,0,-0.002,0.005,0,0,0,0,2,0,0
5578047,0,0,-0.393,-0.002,0.008,0,0,0,0,-0.003,0.005,0,0,0,0,2,0,0
5578057,0,0,-0.393,-0.002,0.008,0,0,0,0,-0.003,0.006,0,0,0,0,2,0,0
5578067,0,0,-0.393,-0.002,0.008,0,0,0,0,-0.003,0.006,0,0,0,0,2,0,0
5578077,0,0,-0.393,-0.002,0.008,0,0,0,0,-0.003,0.006,0,0,0,0,2,0,0
5578087,0,0,-0.393,-0.002,0.008,0,0,0,0,-0.003,0.007,0,0,0,0,2,0,0
5578097,0,0,-0.393,-0.002,0.008,0,0,0,0,-0.004,0.008,0,0,0,0,2,0,0
5578107,0,0,-0.393,-0.002,0.008,0,0,0,0,-0.004,0.008,0,0,0,0,2,0,0
5578117,0,0,-0.393,-0.002,0.008,0,0,0,0,-0.004,0.008,0,0,0,0,2,0,0
5578127,0,0,-0.393,-0.002,0.008,0,0,0,0,-0.004,0.008,0,0,0,0,2,0,0
5578137,0,0,-0.393,-0.002,0.008,0,0,0,0,-0.004,0.008,0,0,0,0,2,0,0
5578147,0,0,-0.393,-0.002,0.008,0,0,0,0,-0.004,0.008,0,0,0,0,2,0,0
5578157,0,0,-0.393,-0.002,0.008,0,0,0,0,-0.004,0.009,0,0,0,0,2,0,0
5578167,0,0,-0.393,-0.002,0.008,0,0,0,0,-0.004,0.01,0,0,0,0,2,0,0
5578177,0,0,-0.393,-0.002,0.008,0,0,0,0,-0.005,0.011,0,0,0,0,2,0,0
5578187,0,0,-0.393,-0.002,0.008,0,0,0,0,-0.006,0.013,0,0,0,0,2,0,0
5578197,0,0,-0.393,-0.002,0.008,0,0,0,0,-0.006,0.013,0,0,0,0,2,0,0
5578207,0,0,-0.393,-0.002,0.008,0,0,0,0,-0.006,0.014,0,0,0,0,2,0,0
5578217,0,0,-0.393,-0.002,0.008,0,0,0,0,-0.007,0.015,0,0,0,0,2,0,0
5578227,0,0,-0.393,-0.002,0.008,0,0,0,0,-0.008,0.016,0,0,0,0,2,0,0
5578237,0,0,-0.393,-0.002,0.008,0,0,0,0,-0.009,0.018,0,0,0,0,2,0,0
5578247,0,0,-0.393,-0.002,0.008,0,0,0,0,-0.009,0.019,0,0,0,0,2,0,0
5578257,0,0,-0.393,-0.002,0.008,0,0,0,0,-0.01,0.02,0,0,0,0,2,0,0
5578267,0,0,-0.393,-0.002,0.008,0,0,0,0,-0.012,0.021,0,0,0,0,2,0,0
5578277,0,0,-0.393,-0.002,0.008,0,0,0,0,-0.012,0.022,0,0,0,0,2,0,0
5578287,0,0,-0.393,-0.002,0.008,0,0,0,0,-0.012,0.022,0,0,0,0,2,0,0
5578297,0,0,-0.393,-0.002,0.008,0,0,0,0,-0.013,0.024,0,0,0,0,2,0,0
5578307,0,0,-0.393,-0.002,0.008,0,0,0,0,-0.013,0.025,0,0,0,0,2,0,0
5578317,0,0,-0.393,-0.002,0.008,0,0,0,0,-0.013,0.026,0,0,0,0,2,0,0
5578327,0,0,-0.393,-0.002,0.008,0,0,0,0,-0.013,0.027,0,0,0,0,2,0,0
5578337,0,0,-0.393,-0.002,0.008,0,0,0,0,-0.013,0.027,0,0.001,0,0,2,0,0.001
5578347,0,0,-0.393,-0.002,0.008,0,0,0,0,-0.012,0.027,0,0.001,0,0,2,0,0.001
5578357,0,0,-0.393,-0.002,0.008,0,0,0,0,-0.012,0.028,0,0.001,0,0,2,0,0.001
5578367,0,0,-0.393,-0.002,0.008,0,0,0,0,-0.011,0.027,0,0.001,0,0,2,0,0.001
5578377,0,0,-0.393,-0.002,0.008,0,0,0,0,-0.01,0.025,0,0.001,0,0,2,0,0.001
5578387,0,0,-0.393,-0.002,0.008,0,0,0,0,-0.008,0.023,0,0.001,0,0,2,0,0.001
5578397,0,0,-0.393,-0.002,0.008,0,0,0,0,-0.008,0.022,0,0.001,0,0,2,0,0.001
5578407,0,0,-0.393,-0.002,0.008,0,0,0,0,-0.008,0.021,0,0.001,0,0,2,0,0.001
5578417,0,0,-0.393,-0.002,0.008,0,0,0,0,-0.007,0.019,0,0.001,0,0,2,0,0.001
5578427,0,0,-0.393,-0.002,0.008,0,0,0,0,-0.007,0.017,0,0.001,0,0,2,0,0.001
5578437,0,0,-0.393,-0.002,0.008,0,0,0,0,-0.006,0.015,0,0,0,0,2,0,0
5578447,0,0,-0.393,-0.002,0.008,0,0,0,0,-0.006,0.013,0,0,0,0,2,0,0
5578457,0,0,-0.393,-0.002,0.008,0,0,0,0,-0.006,0.011,0,0,0,0,2,0,0
5578467,0,0,-0.393,-0.002,0.008,0,0,0,0,-0.005,0.01,0,0,0,0,2,0,0
5578477,0,0,-0.393,-0.002,0.008,0,0,0,0,-0.005,0.009,0,0,0,0,2,0,0
5578487,0,0,-0.393,-0.002,0.008,0,0,0,0,-0.005,0.008,0,0,0,0,2,0,0
5578497,0,0,-0.393,-0.002,0.008,0,0,0,0,-0.004,0.007,0,0,0,0,2,0,0
5578507,0,0,-0.393,-0.002,0.008,0,0,0,0,-0.004,0.006,0,0,0,0,2,0,0
5578517,0,0,-0.393,-0.002,0.008,0,0,0,0,-0.003,0.005,0,0,0,0,2,0,0
5578527,0,0,-0.393,-0.002,0.008,0,0,0,0,-0.003,0.005,0,0,0,0,2,0,0
5578537,0,0,-0.393,-0.002,0.008,0,0,0,0,-0.002,0.004,0,0,0,0,2,0,0
5578547,0,0,-0.393,-0.002,0.008,0,0,0,0,-0.002,0.004,0,0,0,0,2,0,0
5578557,0,0,-0.393,-0.002,0.008,0,0,0,0,-0.002,0.003,0,0,0,0,2,0,0
5578567,0,0,-0.393,-0.002,0.008,0,0,0,0,-0.002,0.003,0,0,0,0,2,0,0
5578577,0,0,-0.393,-0.002,0.008,0,0,0,0,-0.002,0.003,0,0,0,0,2,0,0
5578587,0,0,-0.393,-0.002,0.008,0,0,0,0,-0.002,0.004,0,0,0,0,2,0,0
5578597,0,0,-0.393,-0.002,0.008,0,0,0,0,-0.003,0.004,0,0,0,0,2,0,0
5578607,0,0,-0.393,-0.002,0.008,0,0,0,0,-0.003,0.005,0,0,0,0,2,0,0
5578617,0,0,-0.393,-0.002,0.008,0,0,0,0,-0.003,0.005,0,0,0,0,2,0,0
5578627,0,0,-0.393,-0.002,0.008,0,0,0,0,-0.004,0.006,0,0,0,0,2,0,0
5578637,0,0,-0.393,-0.002,0.008,0,0,0,0,-0.004,0.007,0,0,0,0,2,0,0
5578647,0,0,-0.393,-0.002,0.008,0,0,0,0,-0.005,0.007,0,0,0,0,2,0,0
5578657,0,0,-0.393,-0.002,0.008,0,0,0,0,-0.005,0.007,0,0,0,0,2,0,0
5578667,0,0,-0.393,-0.002,0.008,0,0,0,0,-0.004,0.007,0,0,0,0,2,0,0
5578677,0,0,-0.393,-0.002,0.008,0,0,0,0,-0.004,0.007,0,0,0,0,2,0,0
5578687,0,0,-0.393,-0.002,0.008,0,0,0,0,-0.004,0.006,0,0,0,0,2,0,0
5578697,0,0,-0.393,-0.002,0.008,0,0,0,0,-0.004,0.006,0,0,0,0,2,0,0
5578707,0,0,-0.393,-0.002,0.008,0,0,0,0,-0.003,0.006,0,0,0,0,2,0,0
5578717,0,0,-0.393,-0.002,0.008,0,0,0,0,-0.003,0.005,0,0,0,0,2,0,0
5578727,0,0,-0.393,-0.002,0.008,0,0,0,0,-0.003,0.005,0,0,0,0,2,0,0
5578737,0,0,-0.393,-0.002,0.008,0,0,0,0,-0.003,0.005,0,0,0,0,2,0,0
5578748,0,0,-0.393,-0.002,0.008,0,0,0,0,-0.003,0.005,0,0,0,0,2,0,0
5578757,0,0,-0.393,-0.002,0.008,0,0,0,0,-0.003,0.005,0,0,0,0,2,0,0
5578767,0,0,-0.393,-0.002,0.008,0,0,0,0,-0.003,0.005,0,0,0,0,2,0,0
5578777,0,0,-0.393,-0.002,0.008,0,0,0,0,-0.003,0.005,0,0,0,0,2,0,0
5578787,0,0,-0.393,-0.002,0.008,0,0,0,0,-0.004,0.005,0,0,0,0,2,0,0
5578797,0,0,-0.393,-0.002,0.008,0,0,0,0,-0.004,0.006,0,0,0,0,2,0,0
5578807,0,0,-0.393,-0.002,0.008,0,0,0,0,-0.004,0.006,0,0,0,0,2,0,0
5578817,0,0,-0.393,-0.002,0.008,0,0,0,0,-0.004,0.007,0,0,0,0,2,0,0
5578827,0,0,-0.393,-0.002,0.008,0,0,0,0,-0.005,0.007,0,0,0,0,2,0,0
5578837,0,0,-0.393,-0.002,0.008,0,0,0,0,-0.005,0.008,0,0,0,0,2,0,0
5578847,0,0,-0.393,-0.002,0.008,0,0,0,0,-0.005,0.008,0,0,0,0,2,0,0
5578857,0,0,-0.393,-0.002,0.008,0,0,0,0,-0.004,0.009,0,0,0,0,2,0,0
5578867,0,0,-0.393,-0.002,0.008,0,0,0,0,-0.004,0.009,0,0,0,0,2,0,0
5578877,0,0,-0.393,-0.002,0.008,0,0,0,0,-0.004,0.009,0,0,0,0,2,0,0
5578887,0,0,-0.393,-0.002,0.008,0,0,0,0,-0.004,0.009,0,0,0,0,2,0,0
5578897,0,0,-0.393,-0.002,0.008,0,0,0,0,-0.004,0.008,0,0,0,0,2,0,0
5578907,0,0,-0.393,-0.002,0.008,0,0,0,0,-0.003,0.008,0,0,0,0,2,0,0
5578917,0,0,-0.393,-0.002,0.008,0,0,0,0,-0.003,0.007,0,0,0,0,2,0,0
5578927,0,0,-0.393,-0.002,0.008,0,0,0,0,-0.003,0.007,0,0,0,0,2,0,0
5578937,0,0,-0.393,-0.002,0.008,0,0,0,0,-0.003,0.007,0,0,0,0,2,0,0
5578947,0,0,-0.393,-0.002,0.008,0,0,0,0,-0.003,0.006,0,0,0,0,2,0,0
5578957,0,0,-0.393,-0.002,0.008,0,0,0,0,-0.004,0.006,0,0,0,0,2,0,0
5578967,0,0,-0.393,-0.002,0.008,0,0,0,0,-0.003,0.006,0,0,0,0,2,0,0
5578977,0,0,-0.393,-0.002,0.008,0,0,0,0,-0.004,0.006,0,0,0,0,2,0,0
5578987,0,0,-0.393,-0.002,0.008,0,0,0,0,-0.004,0.007,0,0,0,0,2,0,0
5578997,0,0,-0.393,-0.002,0.008,0,0,0,0,-0.004,0.007,0,0,0,0,2,0,0
5579007,0,0,-0.393,-0.002,0.008,0,0,0,0,-0.004,0.007,0,0,0,0,2,0,0
5579017,0,0,-0.393,-0.002,0.008,0,0,0,0,-0.003,0.007,0,0,0,0,2,0,0
5579027,0,0,-0.393,-0.002,0.008,0,0,0,0,-0.003,0.006,0,0,0,0,2,0,0
5579037,0,0,-0.393,-0.002,0.008,0,0,0,0,-0.002,0.005,0,0,0,0,2,0,0
5579047,0,0,-0.393,-0.002,0.008,0,0,0,0,-0.002,0.005,0,0,0,0,2,0,0
5579057,0,0,-0.393,-0.002,0.008,0,0,0,0,-0.002,0.004,0,0,0,0,2,0,0
5579067,0,0,-0.393,-0.002,0.008,0,0,0,0,-0.001,0.004,0,0,0,0,2,0,0
5579077,0,0,-0.393,-0.002,0.008,0,0,0,0,-0.001,0.003,0,0,0,0,2,0,0
5579087,0,0,-0.393,-0.002,0.008,0,0,0,0,-0.001,0.003,0,0,0,0,2,0,0
5579097,0,0,-0.393,-0.002,0.008,0,0,0,0,0,0.002,0,0,0,0,2,0,0
5579107,0,0,-0.393,-0.002,0.008,0,0,0,0,0,0.002,0,0,0,0,2,0,0
5579117,0,0,-0.393,-0.002,0.008,0,0,0,0,0,0.002,0,0,0,0,2,0,0
5579127,0,0,-0.393,-0.002,0.008,0,0,0,0,0,0.002,0,0,0,0,2,0,0
5579137,0,0,-0.393,-0.002,0.008,0,0,0,0,0,0.002,0,0,0,0,2,0,0
5579147,0,0,-0.393,-0.002,0.008,0,0,0,0,-0.001,0.001,0,0,0,0,2,0,0
5579157,0,0,-0.393,-0.002,0.008,0,0,0,0,-0.001,0.002,0,0,0,0,2,0,0
5579167,0,0,-0.393,-0.002,0.008,0,0,0,0,0,0.001,0,0,0,0,2,0,0
5579177,0,0,-0.393,-0.002,0.008,0,0,0,0,0,0.002,0,0,0,0,2,0,0
5579187,0,0,-0.393,-0.002,0.008,0,0,0,0,0,0.002,0,0,0,0,2,0,0
5579197,0,0,-0.393,-0.002,0.008,0,0,0,0,-0.001,0.002,0,0,0,0,2,0,0
5579207,0,0,-0.393,-0.002,0.008,0,0,0,0,-0.001,0.002,0,0,0,0,2,0,0
5579217,0,0,-0.393,-0.002,0.008,0,0,0,0,-0.001,0.002,0,0,0,0,2,0,0
5579227,0,0,-0.393,-0.002,0.008,0,0,0,0,-0.001,0.002,0,0,0,0,2,0,0
5579237,0,0,-0.393,-0.002,0.008,0,0,0,0,-0.001,0.002,0,0,0,0,2,0,0
5579247,0,0,-0.393,-0.002,0.008,0,0,0,0,-0.001,0.002,0,0,0,0,2,0,0
5579257,0,0,-0.393,-0.002,0.008,0,0,0,0,-0.001,0.002,0,0,0,0,2,0,0
5579267,0,0,-0.393,-0.002,0.008,0,0,0,0,-0.001,0.002,0,0,0,0,2,0,0
5579277,0,0,-0.393,-0.002,0.008,0,0,0,0,-0.001,0.002,0,0,0,0,2,0,0
5579287,0,0,-0.393,-0.002,0.008,0,0,0,0,-0.001,0.002,0,0,0,0,2,0,0
5579297,0,0,-0.393,-0.002,0.008,0,0,0,0,-0.001,0.002,0,0,0,0,2,0,0
5579307,0,0,-0.393,-0.002,0.008,0,0,0,0,-0.001,0.002,0,0,0,0,2,0,0
5579317,0,0,-0.393,-0.002,0.008,0,0,0,0,-0.001,0.002,0,0,0,0,2,0,0
5579327,0,0,-0.393,-0.002,0.008,0,0,0,0,-0.001,0.002,0,0,0,0,2,0,0
5579337,0,0,-0.393,-0.002,0.008,0,0,0,0,-0.001,0.002,0,0,0,0,2,0,0
5579347,0,0,-0.393,-0.002,0.008,0,0,0,0,-0.001,0.002,0,0,0,0,2,0,0
5579357,0,0,-0.393,-0.002,0.008,0,0,0,0,-0.001,0.002,0,0,0,0,2,0,0
5579367,0,0,-0.393,-0.002,0.008,0,0,0,0,-0.001,0.002,0,0,0,0,2,0,0
5579377,0,0,-0.393,-0.002,0.008,0,0,0,0,-0.001,0.002,0,0,0,0,2,0,0
5579387,0,0,-0.393,-0.002,0.008,0,0,0,0,-0.001,0.002,0,0,0,0,2,0,0
5579397,0,0,-0.393,-0.002,0.008,0,0,0,0,-0.001,0.002,0,0,0,0,2,0,0
5579407,0,0,-0.393,-0.002,0.008,0,0,0,0,-0.001,0.002,0,0,0,0,2,0,0
5579417,0,0,-0.393,-0.002,0.008,0,0,0,0,-0.001,0.002,0,0,0,0,2,0,0
5579427,0,0,-0.393,-0.002,0.008,0,0,0,0,-0.001,0.002,0,0,0,0,2,0,0
5579437,0,0,-0.393,-0.002,0.008,0,0,0,0,-0.001,0.002,0,0,0,0,2,0,0
5579447,0,0,-0.393,-0.002,0.008,0,0,0,0,-0.001,0.002,0,0,0,0,2,0,0
5579457,0,0,-0.393,-0.002,0.008,0,0,0,0,-0.001,0.002,0,0,0,0,2,0,0
5579467,0,0,-0.393,-0.002,0.008,0,0,0,0,-0.001,0.002,0,0,0,0,2,0,0
5579477,0,0,-0.393,-0.002,0.008,0,0,0,0,-0.001,0.002,0,0,0,0,2,0,0
5579487,0,0,-0.393,-0.002,0.008,0,0,0,0,-0.001,0.002,0,0,0,0,2,0,0
5579497,0,0,-0.393,-0.002,0.008,0,0,0,0,-0.001,0.002,0,0,0,0,2,0,0
5579507,0,0,-0.393,-0.002,0.008,0,0,0,0,-0.001,0.002,0,0,0,0,2,0,0
5579517,0,0,-0.393,-0.002,0.008,0,0,0,0,-0.001,0.002,0,0,0,0,2,0,0
5579527,0,0,-0.393,-0.002,0.008,0,0,0,0,-0.001,0.002,0,0,0,0,2,0,0
5579537,0,0,-0.393,-0.002,0.008,0,0,0,0,-0.001,0.002,0,0,0,0,2,0,0
5579547,0,0,-0.393,-0.002,0.008,0,0,0,0,-0.001,0.003,0,0,0,0,2,0,0
5579557,0,0,-0.393,-0.002,0.008,0,0,0,0,-0.001,0.002,0,0,0,0,2,0,0
5579567,0,0,-0.393,-0.002,0.008,0,0,0,0,-0.001,0.002,0,0,0,0,2,0,0
5579577,0,0,-0.393,-0.002,0.008,0,0,0,0,-0.001,0.002,0,0,0,0,2,0,0
5579587,0,0,-0.393,-0.002,0.008,0,0,0,0,-0.001,0.002,0,0,0,0,2,0,0
5579597,0,0,-0.393,-0.002,0.008,0,0,0,0,-0.001,0.002,0,0,0,0,2,0,0
5579607,0,0,-0.393,-0.002,0.008,0,0,0,0,-0.001,0.002,0,0,0,0,2,0,0
5579617,0,0,-0.393,-0.002,0.008,0,0,0,0,-0.001,0.002,0,0,0,0,2,0,0
5579627,0,0,-0.393,-0.002,0.008,0,0,0,0,-0.001,0.002,0,0,0,0,2,0,0
5579637,0,0,-0.393,-0.002,0.008,0,0,0,0,-0.001,0.002,0,0,0,0,2,0,0
5579647,0,0,-0.393,-0.002,0.008,0,0,0,0,-0.001,0.002,0,0,0,0,2,0,0
5579657,0,0,-0.393,-0.002,0.008,0,0,0,0,-0.001,0.002,0,0,0,0,2,0,0
5579667,0,0,-0.393,-0.002,0.008,0,0,0,0,-0.001,0.002,0,0,0,0,2,0,0
5579677,0,0,-0.393,-0.002,0.008,0,0,0,0,-0.001,0.002,0,0,0,0,2,0,0
5579687,0,0,-0.393,-0.002,0.008,0,0,0,0,-0.001,0.002,0,0,0,0,2,0,0
5579697,0,0,-0.393,-0.002,0.008,0,0,0,0,-0.001,0.002,0,0,0,0,2,0,0
5579707,0,0,-0.393,-0.002,0.008,0,0,0,0,-0.001,0.002,0,0,0,0,2,0,0
5579717,0,0,-0.393,-0.002,0.008,0,0,0,0,-0.001,0.002,0,0,0,0,2,0,0
5579727,0,0,-0.393,-0.002,0.008,0,0,0,0,-0.001,0.002,0,0,0,0,2,0,0
5579737,0,0,-0.393,-0.002,0.008,0,0,0,0,0,0.002,0,0,0,0,2,0,0
5579747,0,0,-0.393,-0.002,0.008,0,0,0,0,0,0.002,0,0,0,0,2,0,0
5579757,0,0,-0.393,-0.002,0.008,0,0,0,0,0,0.002,0,0,0,0,2,0,0
5579767,0,0,-0.393,-0.002,0.008,0,0,0,0,0,0.002,0,0,0,0,2,0,0
5579777,0,0,-0.393,-0.002,0.008,0,0,0,0,0,0.002,0,0,0,0,2,0,0
5579787,0,0,-0.393,-0.002,0.008,0,0,0,0,0,0.002,0,0,0,0,2,0,0
5579797,0,0,-0.393,-0.002,0.008,0,0,0,0,0,0.002,0,0,0,0,2,0,0
5579807,0,0,-0.393,-0.002,0.008,0,0,0,0,0,0.001,0,0,0,0,2,0,0
5579817,0,0,-0.393,-0.002,0.008,0,0,0,0,0,0.002,0,0,0,0,2,0,0
5579827,0,0,-0.393,-0.002,0.008,0,0,0,0,0,0.001,0,0,0,0,2,0,0
5579837,0,0,-0.393,-0.002,0.008,0,0,0,0,0,0.002,0,0,0,0,2,0,0
5579847,0,0,-0.393,-0.002,0.008,0,0,0,0,0,0.002,0,0,0,0,2,0,0
5579857,0,0,-0.393,-0.002,0.008,0,0,0,0,0,0.002,0,0,0,0,2,0,0
5579867,0,0,-0.393,-0.002,0.008,0,0,0,0,0,0.002,0,0,0,0,2,0,0
5579877,0,0,-0.393,-0.002,0.008,0,0,0,0,0,0.002,0,0,0,0,2,0,0
5579888,0,0,-0.393,-0.002,0.008,0,0,0,0,0,0.002,0,0,0,0,2,0,0
5579898,0,0,-0.393,-0.002,0.008,0,0,0,0,0,0.002,0,0,0,0,2,0,0
5579908,0,0,-0.393,-0.002,0.008,0,0,0,0,-0.001,0.002,0,0,0,0,2,0,0
5579918,0,0,-0.393,-0.002,0.008,0,0,0,0,0,0.002,0,0,0,0,2,0,0
5579928,0,0,-0.393,-0.002,0.008,0,0,0,0,-0.001,0.002,0,0,0,0,2,0,0
5579938,0,0,-0.393,-0.002,0.008,0,0,0,0,-0.001,0.002,0,0,0,0,2,0,0
5579948,0,0,-0.393,-0.002,0.008,0,0,0,0,-0.001,0.002,0,0,0,0,2,0,0
5579958,0,0,-0.393,-0.002,0.008,0,0,0,0,-0.001,0.002,0,0,0,0,2,0,0
5579968,0,0,-0.393,-0.002,0.008,0,0,0,0,-0.001,0.002,0,0,0,0,2,0,0
5579978,0,0,-0.393,-0.002,0.008,0,0,0,0,-0.001,0.002,0,0,0,0,2,0,0
5579988,0,0,-0.393,-0.002,0.008,0,0,0,0,-0.001,0.002,0,0,0,0,2,0,0
5579998,0,0,-0.393,-0.002,0.008,0,0,0,0,-0.001,0.002,0,0,0,0,2,0,0
5580008,0,0,-0.393,-0.002,0.008,0,0,0,0,-0.001,0.002,0,0,0,0,2,0,0
5580018,0,0,-0.393,-0.002,0.008,0,0,0,0,-0.001,0.002,0,0,0,0,2,0,0
5580028,0,0,-0.393,-0.002,0.008,0,0,0,0,-0.001,0.002,0,0,0,0,2,0,0
5580038,0,0,-0.393,-0.002,0.008,0,0,0,0,-0.001,0.002,0,0,0,0,2,0,0
5580048,0,0,-0.393,-0.002,0.008,0,0,0,0,-0.001,0.002,0,0,0,0,2,0,0
5580058,0,0,-0.393,-0.002,0.008,0,0,0,0,-0.001,0.002,0,0,0,0,2,0,0
5580068,0,0,-0.393,-0.002,0.008,0,0,0,0,-0.001,0.002,0,0,0,0,2,0,0
5580078,0,0,-0.393,-0.002,0.008,0,0,0,0,-0.001,0.002,0,0,0,0,2,0,0
5580088,0,0,-0.393,-0.002,0.008,0,0,0,0,-0.001,0.001,0,0,0,0,2,0,0
5580098,0,0,-0.393,-0.002,0.008,0,0,0,0,-0.001,0.001,0,0,0,0,2,0,0
5580108,0,0,-0.393,-0.002,0.008,0,0,0,0,-0.001,0.001,0,0,0,0,2,0,0
5580118,0,0,-0.393,-0.002,0.008,0,0,0,0,-0.001,0.001,0,0,0,0,2,0,0
5580128,0,0,-0.393,-0.002,0.008,0,0,0,0,-0.001,0.001,0,0,0,0,2,0,0
5580138,0,0,-0.393,-0.002,0.008,0,0,0,0,-0.001,0.001,0,0,0,0,2,0,0
5580148,0,0,-0.393,-0.002,0.008,0,0,0,0,-0.001,0.001,0,0,0,0,2,0,0
5580158,0,0,-0.393,-0.002,0.008,0,0,0,0,-0.001,0.001,0,0,0,0,2,0,0
5580168,0,0,-0.393,-0.002,0.008,0,0,0,0,-0.001,0.001,0,0,0,0,2,0,0
5580178,0,0,-0.393,-0.002,0.008,0,0,0,0,-0.001,0.001,0,0,0,0,2,0,0
5580188,0,0,-0.393,-0.002,0.008,0,0,0,0,-0.001,0.001,0,0,0,0,2,0,0
5580198,0,0,-0.393,-0.002,0.008,0,0,0,0,-0.001,0.001,0,0,0,0,2,0,0
5580208,0,0,-0.393,-0.002,0.008,0,0,0,0,-0.001,0.001,0,0,0,0,2,0,0
5580218,0,0,-0.393,-0.002,0.008,0,0,0,0,-0.001,0.001,0,0,0,0,2,0,0
5580228,0,0,-0.393,-0.002,0.008,0,0,0,0,-0.001,0.002,0,0,0,0,2,0,0
5580238,0,0,-0.393,-0.002,0.008,0,0,0,0,-0.001,0.002,0,0,0,0,2,0,0
5580248,0,0,-0.393,-0.002,0.008,0,0,0,0,-0.001,0.002,0,0,0,0,2,0,0
5580258,0,0,-0.393,-0.002,0.008,0,0,0,0,-0.001,0.002,0,0,0,0,2,0,0
5580268,0,0,-0.393,-0.002,0.008,0,0,0,0,-0.001,0.002,0,0,0,0,2,0,0
5580278,0,0,-0.393,-0.002,0.008,0,0,0,0,-0.001,0.002,0,0,0,0,2,0,0
5580288,0,0,-0.393,-0.002,0.008,0,0,0,0,-0.001,0.002,0,0,0,0,2,0,0
5580298,0,0,-0.393,-0.002,0.008,0,0,0,0,-0.001,0.002,0,0,0,0,2,0,0
5580308,0,0,-0.393,-0.002,0.008,0,0,0,0,-0.001,0.002,0,0,0,0,2,0,0
5580318,0,0,-0.393,-0.002,0.008,0,0,0,0,-0.001,0.003,0,0,0,0,2,0,0
5580328,0,0,-0.393,-0.002,0.008,0,0,0,0,-0.001,0.003,0,0,0,0,2,0,0
5580338,0,0,-0.393,-0.002,0.008,0,0,0,0,-0.002,0.003,0,0,0,0,2,0,0
5580348,0,0,-0.393,-0.002,0.008,0,0,0,0,-0.002,0.003,0,0,0,0,2,0,0
5580358,0,0,-0.393,-0.002,0.008,0,0,0,0,-0.002,0.003,0,0,0,0,2,0,0
5580368,0,0,-0.393,-0.002,0.008,0,0,0,0,-0.002,0.003,0,0,0,0,2,0,0
5580378,0,0,-0.393,-0.002,0.008,0,0,0,0,-0.002,0.003,0,0,0,0,2,0,0
5580388,0,0,-0.393,-0.002,0.008,0,0,0,0,-0.002,0.003,0,0,0,0,2,0,0
5580398,0,0,-0.393,-0.002,0.008,0,0,0,0,-0.002,0.003,0,0,0,0,2,0,0
5580408,0,0,-0.393,-0.002,0.008,0,0,0,0,-0.002,0.003,0,0,0,0,2,0,0
5580418,0,0,-0.393,-0.002,0.008,0,0,0,0,-0.002,0.004,0,0,0,0,2,0,0
5580428,0,0,-0.393,-0.002,0.008,0,0,0,0,-0.002,0.004,0,0,0,0,2,0,0
5580438,0,0,-0.393,-0.002,0.008,0,0,0,0,-0.002,0.004,0,0,0,0,2,0,0
5580448,0,0,-0.393,-0.002,0.008,0,0,0,0,-0.002,0.004,0,0,0,0,2,0,0
5580458,0,0,-0.393,-0.002,0.008,0,0,0,0,-0.002,0.004,0,0,0,0,2,0,0
5580468,0,0,-0.393,-0.002,0.008,0,0,0,0,-0.002,0.004,0,0,0,0,2,0,0
5580478,0,0,-0.393,-0.002,0.008,0,0,0,0,-0.002,0.004,0,0,0,0,2,0,0
5580488,0,0,-0.393,-0.002,0.008,0,0,0,0,-0.002,0.004,0,0,0,0,2,0,0
5580498,0,0,-0.393,-0.002,0.008,0,0,0,0,-0.002,0.004,0,0,0,0,2,0,0
5580508,0,0,-0.393,-0.002,0.008,0,0,0,0,-0.002,0.004,0,0,0,0,2,0,0
5580518,0,0,-0.393,-0.002,0.008,0,0,0,0,-0.002,0.004,0,0,0,0,2,0,0
5580528,0,0,-0.393,-0.002,0.008,0,0,0,0,-0.002,0.004,0,0,0,0,2,0,0
5580538,0,0,-0.393,-0.002,0.008,0,0,0,0,-0.002,0.004,0,0,0,0,2,0,0
5580548,0,0,-0.393,-0.002,0.008,0,0,0,0,-0.002,0.003,0,0,0,0,2,0,0
5580558,0,0,-0.393,-0.002,0.008,0,0,0,0,-0.002,0.003,0,0,0,0,2,0,0
5580568,0,0,-0.393,-0.002,0.008,0,0,0,0,-0.002,0.003,0,0,0,0,2,0,0
5580578,0,0,-0.393,-0.002,0.008,0,0,0,0,-0.002,0.003,0,0,0,0,2,0,0
5580588,0,0,-0.393,-0.002,0.008,0,0,0,0,-0.001,0.003,0,0,0,0,2,0,0
5580598,0,0,-0.393,-0.002,0.008,0,0,0,0,-0.001,0.003,0,0,0,0,2,0,0
5580608,0,0,-0.393,-0.002,0.008,0,0,0,0,-0.001,0.003,0,0,0,0,2,0,0
5580618,0,0,-0.393,-0.002,0.008,0,0,0,0,-0.001,0.003,0,0,0,0,2,0,0
5580628,0,0,-0.393,-0.002,0.008,0,0,0,0,-0.001,0.003,0,0,0,0,2,0,0
5580638,0,0,-0.393,-0.002,0.008,0,0,0,0,-0.001,0.003,0,0,0,0,2,0,0
5580648,0,0,-0.393,-0.002,0.008,0,0,0,0,-0.001,0.003,0,0,0,0,2,0,0
5580658,0,0,-0.393,-0.002,0.008,0,0,0,0,-0.001,0.003,0,0,0,0,2,0,0
5580668,0,0,-0.393,-0.002,0.008,0,0,0,0,-0.001,0.003,0,0,0,0,2,0,0
5580678,0,0,-0.393,-0.002,0.008,0,0,0,0,-0.001,0.003,0,0,0,0,2,0,0
5580688,0,0,-0.393,-0.002,0.008,0,0,0,0,-0.001,0.004,0,0,0,0,2,0,0
5580698,0,0,-0.393,-0.002,0.008,0,0,0,0,-0.001,0.004,0,0,0,0,2,0,0
5580708,0,0,-0.393,-0.002,0.008,0,0,0,0,-0.001,0.004,0,0,0,0,2,0,0
5580718,0,0,-0.393,-0.002,0.008,0,0,0,0,-0.001,0.004,0,0,0,0,2,0,0
5580728,0,0,-0.393,-0.002,0.008,0,0,0,0,-0.001,0.005,0,0,0,0,2,0,0
5580738,0,0,-0.393,-0.002,0.008,0,0,0,0,0,0.005,0,0,0,0,2,0,0
5580748,0,0,-0.393,-0.002,0.008,0,0,0,0,0,0.005,0,0,0,0,2,0,0
5580758,0,0,-0.393,-0.002,0.008,0,0,0,0,0,0.006,0,0,0,0,2,0,0
5580768,0,0,-0.393,-0.002,0.008,0,0,0,0,0,0.006,0,0,0,0,2,0,0
5580778,0,0,-0.393,-0.002,0.008,0,0,0,0,0,0.006,0,0,0,0,2,0,0
5580788,0,0,-0.393,-0.002,0.008,0,0,0,0,0,0.006,0,0,0,0,2,0,0
5580798,0,0,-0.393,-0.002,0.008,0,0,0,0,0,0.007,0,0,0,0,2,0,0
5580808,0,0,-0.393,-0.002,0.008,0,0,0,0,0,0.007,0,0,0,0,2,0,0
5580818,0,0,-0.393,-0.002,0.008,0,0,0,0,0,0.007,0,0,0,0,2,0,0
5580828,0,0,-0.393,-0.002,0.008,0,0,0,0,0,0.008,0,0,0,0,2,0,0
5580838,0,0,-0.393,-0.002,0.008,0,0,0,0,0,0.008,0,0,0,0,2,0,0
5580848,0,0,-0.393,-0.002,0.008,0,0,0,0,0,0.009,0,0,0,0,2,0,0
5580858,0,0,-0.393,-0.002,0.008,0,0,0,0,0,0.009,0,0,0,0,2,0,0
5580868,0,0,-0.393,-0.002,0.008,0,0,0,0,-0.001,0.009,0,0,0,0,2,0,0
5580878,0,0,-0.393,-0.002,0.008,0,0,0,0,0,0.01,0,0,0,0,2,0,0
5580888,0,0,-0.393,-0.002,0.008,0,0,0,0,0,0.01,0,0,0,0,2,0,0
5580898,0,0,-0.393,-0.002,0.008,0,0,0,0,0,0.01,0,0,0,0,2,0,0
5580908,0,0,-0.393,-0.002,0.008,0,0,0,0,0,0.01,0,0,0,0,2,0,0
5580918,0,0,-0.393,-0.002,0.008,0,0,0,0,0,0.01,0,0,0,0,2,0,0
5580928,0,0,-0.393,-0.002,0.008,0,0,0,0,-0.001,0.01,0,0,0,0,2,0,0
5580938,0,0,-0.393,-0.002,0.008,0,0,0,0,-0.001,0.011,0,0,0,0,2,0,0
5580948,0,0,-0.393,-0.002,0.008,0,0,0,0,-0.002,0.013,0,0,0,0,2,0,0
5580958,0,0,-0.393,-0.002,0.008,0,0,0,0,-0.002,0.014,0,0,0,0,2,0,0
5580968,0,0,-0.393,-0.002,0.008,0,0,0,0,-0.001,0.014,0,0,0,0,2,0,0
5580978,0,0,-0.393,-0.002,0.008,0,0,0,0,-0.001,0.015,0,0,0,0,2,0,0
5580988,0,0,-0.393,-0.002,0.008,0,0,0,0,-0.001,0.016,0,0,0,0,2,0,0
5580998,0,0,-0.393,-0.002,0.008,0,0,0,0,-0.002,0.018,0,0,0,0,2,0,0
5581008,0,0,-0.393,-0.002,0.008,0,0,0,0,-0.001,0.019,0,0,0,0,2,0,0
5581018,0,0,-0.393,-0.002,0.008,0,0,0,0,-0.001,0.021,0,0,0,0,2,0,0
5581028,0,0,-0.393,-0.002,0.008,0,0,0,0,-0.001,0.022,0,0,0,0,2,0,0
5581038,0,0,-0.393,-0.002,0.008,0,0,0,0,-0.002,0.024,0,0,0,0,2,0,0
5581048,0,0,-0.393,-0.002,0.008,0,0,0,0,-0.003,0.024,0,0,0,0,2,0,0
5581058,0,0,-0.393,-0.002,0.008,0,0,0,0,-0.003,0.024,0,0,0,0,2,0,0
5581069,0,0,-0.393,-0.002,0.008,0,0,0,0,-0.004,0.025,0,0,0,0,2,0,0
5581078,0,0,-0.393,-0.002,0.008,0,0,0,0,-0.005,0.027,0,0,0,0,2,0,0
5581088,0,0,-0.393,-0.002,0.008,0,0.007,0,0,-0.006,0.028,0,0,0,0,2,0,0
5581098,0,0,-0.393,-0.002,0.008,0,0.012,0.001,0.008,-0.008,0.029,0,0.003,0,0,2,0,0.003
5581108,0,0,-0.393,-0.002,0.008,0,0.016,0,0.014,-0.009,0.029,0,0.011,0,0,2,0,0.011
5581118,0,0,-0.393,-0.002,0.008,0,0.019,0,0.018,-0.011,0.031,0,0.016,0,0,2,0,0.016
5581128,0,0,-0.393,-0.002,0.008,0,0.022,0.001,0.02,-0.012,0.033,0,0.019,0,0,2,0,0.019
5581138,0,0,-0.393,-0.002,0.008,0,0.024,0.001,0.023,-0.014,0.034,0.001,0.022,0,0,2,0.001,0.022
5581148,0,0,-0.393,-0.002,0.008,0,0.026,0,0.025,-0.015,0.034,0,0.024,0,0,2,0,0.024
5581158,0,0,-0.393,-0.002,0.008,0,0.027,-0.001,0.027,-0.016,0.035,-0.001,0.026,0,0,2,-0.001,0.026
5581168,0,0,-0.393,-0.002,0.008,0,0.028,0,0.027,-0.016,0.036,-0.001,0.027,0,0,2,-0.001,0.027
5581178,0,0,-0.393,-0.002,0.008,0,0.029,0,0.029,-0.015,0.036,0,0.028,0,0,2,0,0.028
5581188,0,0,-0.393,-0.002,0.008,0,0.029,-0.001,0.029,-0.014,0.036,-0.001,0.029,0,0,2,-0.001,0.029
5581198,0,0,-0.393,-0.002,0.008,0,0.029,-0.001,0.029,-0.013,0.036,-0.001,0.029,0,0,2,-0.001,0.029
5581208,0,0,-0.393,-0.002,0.008,0,0.027,0,0.028,-0.012,0.036,-0.001,0.029,0,0,2,-0.001,0.029
5581218,0,0,-0.393,-0.002,0.008,0,0.021,0,0.024,-0.01,0.036,0,0.026,0,0,2,0,0.026
5581228,0,0,-0.393,-0.002,0.008,0,0.015,-0.001,0.018,-0.009,0.035,-0.001,0.02,0,0,2,-0.001,0.02
5581238,0,0,-0.393,-0.002,0.008,0,0.01,-0.001,0.013,-0.007,0.033,-0.001,0.017,0,0,2,-0.001,0.017
5581248,0,0,-0.393,-0.002,0.008,0,0.007,0,0.009,-0.007,0.031,-0.001,0.013,0,0,2,-0.001,0.013
5581258,0,0,-0.393,-0.002,0.008,0,0.004,0,0,-0.007,0.029,0,0.004,0,0,2,0,0.004
5581268,0,0,-0.393,-0.002,0.008,0,0.003,0,0,-0.006,0.025,0,0.001,0,0,2,0,0.001
5581278,0,0,-0.393,-0.002,0.008,0,0.002,0,0,-0.004,0.021,0,0.001,0,0,2,0,0.001
5581288,0,0,-0.393,-0.002,0.008,0,0.001,0,0,-0.003,0.018,0,0.001,0,0,2,0,0.001
5581298,0,0,-0.393,-0.002,0.008,0,0,0,0,-0.002,0.014,0,0.001,0,0,2,0,0.001
5581308,0,0,-0.393,-0.002,0.008,0,0,0,0,-0.001,0.012,0,0,0,0,2,0,0
5581318,0,0,-0.393,-0.002,0.008,0,0,0,0,-0.001,0.009,0,0,0,0,2,0,0
5581328,0,0,-0.393,-0.002,0.008,0,0,0,0,0,0.006,0,0,0,0,2,0,0
5581338,0,0,-0.393,-0.002,0.008,0,0,0,0,0,0.005,0,0,0,0,2,0,0
5581348,0,0,-0.393,-0.002,0.008,0,0,0,0,0,0.003,0,0,0,0,2,0,0
5581358,0,0,-0.393,-0.002,0.008,0,0,0,0,0,0.003,0,0,0,0,2,0,0
5581368,0,0,-0.393,-0.002,0.008,0,0,0,0,0.001,0.003,0,0,0,0,2,0,0
5581378,0,0,-0.393,-0.002,0.008,0,0,0,0,0,0.002,0,0,0,0,2,0,0
5581388,0,0,-0.393,-0.002,0.008,0,0,0,0,0,0.003,0,0,0,0,2,0,0
5581398,0,0,-0.393,-0.002,0.008,0,0,0,0,0,0.003,0,0,0,0,2,0,0
5581408,0,0,-0.393,-0.002,0.008,0,0,0,0,0,0.003,0,0,0,0,2,0,0
5581418,0,0,-0.393,-0.002,0.008,0,0,0,0,0,0.003,0,0,0,0,2,0,0
5581428,0,0,-0.393,-0.002,0.008,0,0,0,0,0,0.003,0,0,0,0,2,0,0
5581438,0,0,-0.393,-0.002,0.008,0,0,0,0,0,0.003,0,0,0,0,2,0,0
5581448,0,0,-0.393,-0.002,0.008,0,0,0,0,0,0.004,0,0,0,0,2,0,0
5581458,0,0,-0.393,-0.002,0.008,0,0,0,0,0,0.004,0,0,0,0,2,0,0
5581468,0,0,-0.393,-0.002,0.008,0,0,0,0,0,0.003,0,0,0,0,2,0,0
5581478,0,0,-0.393,-0.002,0.008,0,0,0,0,0,0.004,0,0,0,0,2,0,0
5581488,0,0,-0.393,-0.002,0.008,0,0,0,0,0,0.004,0,0,0,0,2,0,0
5581498,0,0,-0.393,-0.002,0.008,0,0,0,0,0,0.004,0,0,0,0,2,0,0
5581508,0,0,-0.393,-0.002,0.008,0,0,0,0,0,0.004,0,0,0,0,2,0,0
5581518,0,0,-0.393,-0.002,0.008,0,0,0,0,0,0.004,0,0,0,0,2,0,0
5581528,0,0,-0.393,-0.002,0.008,0,0,0,0,0,0.004,0,0,0,0,2,0,0
5581538,0,0,-0.393,-0.002,0.008,0,0,0,0,0,0.004,0,0,0,0,2,0,0
5581548,0,0,-0.393,-0.002,0.008,0,0,0,0,0,0.004,0,0,0,0,2,0,0
5581558,0,0,-0.393,-0.002,0.008,0,0,0,0,0,0.005,0,0,0,0,2,0,0
5581568,0,0,-0.393,-0.002,0.008,0,0,0,0,0,0.004,0,0,0,0,2,0,0
5581578,0,0,-0.393,-0.002,0.008,0,0,0,0,0,0.004,0,0,0,0,2,0,0
5581588,0,0,-0.393,-0.002,0.008,0,0,0,0,0,0.004,0,0,0,0,2,0,0
5581598,0,0,-0.393,-0.002,0.008,0,0,0,0,0,0.004,0,0,0,0,2,0,0
5581608,0,0,-0.393,-0.002,0.008,0,0,0,0,-0.001,0.004,0,0,0,0,2,0,0
5581618,0,0,-0.393,-0.002,0.008,0,0,0,0,0,0.004,0,0,0,0,2,0,0
5581628,0,0,-0.393,-0.002,0.008,0,0,0,0,-0.001,0.004,0,0,0,0,2,0,0
5581638,0,0,-0.393,-0.002,0.008,0,0,0,0,-0.001,0.004,0,0,0,0,2,0,0
5581648,0,0,-0.393,-0.002,0.008,0,0,0,0,-0.001,0.005,0,0,0,0,2,0,0
5581658,0,0,-0.393,-0.002,0.008,0,0,0,0,-0.001,0.005,0,0,0,0,2,0,0
5581668,0,0,-0.393,-0.002,0.008,0,0,0,0,-0.001,0.005,0,0,0,0,2,0,0
5581678,0,0,-0.393,-0.002,0.008,0,0,0,0,-0.001,0.006,0,0,0,0,2,0,0
5581689,0,0,-0.393,-0.002,0.008,0,0,0,0,-0.002,0.006,0,0,0,0,2,0,0
5581698,0,0,-0.393,-0.002,0.008,0,0,0,0,-0.002,0.006,0,0,0,0,2,0,0
5581708,0,0,-0.393,-0.002,0.008,0,0,0,0,-0.001,0.006,0,0,0,0,2,0,0
5581718,0,0,-0.393,-0.002,0.008,0,0,0,0,-0.001,0.006,0,0,0,0,2,0,0
5581728,0,0,-0.393,-0.002,0.008,0,0,0,0,-0.001,0.005,0,0,0,0,2,0,0
5581738,0,0,-0.393,-0.002,0.008,0,0,0,0,-0.001,0.005,0,0,0,0,2,0,0
5581748,0,0,-0.393,-0.002,0.008,0,0,0,0,-0.001,0.005,0,0,0,0,2,0,0
5581758,0,0,-0.393,-0.002,0.008,0,0,0,0,-0.001,0.005,0,0,0,0,2,0,0
5581768,0,0,-0.393,-0.002,0.008,0,0,0,0,-0.001,0.005,0,0,0,0,2,0,0
5581778,0,0,-0.393,-0.002,0.008,0,0,0,0,-0.001,0.006,0,0,0,0,2,0,0
5581788,0,0,-0.393,-0.002,0.008,0,0,0,0,-0.001,0.006,0,0,0,0,2,0,0
5581798,0,0,-0.393,-0.002,0.008,0,0,0,0,0,0.008,0,0,0,0,2,0,0
5581808,0,0,-0.393,-0.002,0.008,0,0,0,0,-0.001,0.008,0,0,0,0,2,0,0
5581818,0,0,-0.393,-0.002,0.008,0,0,0,0,-0.001,0.009,0,0,0,0,2,0,0
5581828,0,0,-0.393,-0.002,0.008,0,0,0,0,-0.001,0.01,0,0,0,0,2,0,0
5581838,0,0,-0.393,-0.002,0.008,0,0,0,0,-0.001,0.01,0,0,0,0,2,0,0
5581848,0,0,-0.393,-0.002,0.008,0,0,0,0,0,0.01,0,0,0,0,2,0,0
5581858,0,0,-0.393,-0.002,0.008,0,0,0,0,0,0.011,0,0,0,0,2,0,0
5581868,0,0,-0.393,-0.002,0.008,0,0,0,0,0.001,0.011,0,0,0,0,2,0,0
5581878,0,0,-0.393,-0.002,0.008,0,0,0,0,0.001,0.012,0,0,0,0,2,0,0
5581888,0,0,-0.393,-0.002,0.008,0,0,0,0,0,0.012,0,0,0,0,2,0,0
5581898,0,0,-0.393,-0.002,0.008,0,0,0,0,0.001,0.013,0,0,0,0,2,0,0
5581908,0,0,-0.393,-0.002,0.008,0,0,0,0,0.001,0.014,0,0,0,0,2,0,0
5581918,0,0,-0.393,-0.002,0.008,0,0,0,0,0.001,0.015,0,0,0,0,2,0,0
5581928,0,0,-0.393,-0.002,0.008,0,0,0,0,0.002,0.015,0,0,0,0,2,0,0
5581938,0,0,-0.393,-0.002,0.008,0,0,0,0,0.001,0.015,0,0,0,0,2,0,0
5581948,0,0,-0.393,-0.002,0.008,0,0,0,0,0.001,0.016,0,0,0,0,2,0,0
5581958,0,0,-0.393,-0.002,0.008,0,0,0,0,0.001,0.016,0,0,0,0,2,0,0
5581968,0,0,-0.393,-0.002,0.008,0,0,0,0,0.001,0.016,0,0,0,0,2,0,0
5581978,0,0,-0.393,-0.002,0.008,0,0,0,0,0.002,0.016,0,0,0,0,2,0,0
5581988,0,0,-0.393,-0.002,0.008,0,0,0,0,0.002,0.016,0,0,0,0,2,0,0
5581998,0,0,-0.393,-0.002,0.008,0,0,0,0,0.002,0.016,0,0,0,0,2,0,0
5582008,0,0,-0.393,-0.002,0.008,0,0,0,0,0.002,0.017,0,0,0,0,2,0,0
5582018,0,0,-0.393,-0.002,0.008,0,0,0,0,0.003,0.017,0,0,0,0,2,0,0
5582028,0,0,-0.393,-0.002,0.008,0,0,0,0,0.003,0.017,0,0,0,0,2,0,0
5582038,0,0,-0.393,-0.002,0.008,0,0,0,0,0.004,0.018,0,0,0,0,2,0,0
5582048,0,0,-0.393,-0.002,0.008,0,0,0,0,0.003,0.018,0,0,0,0,2,0,0
5582058,0,0,-0.393,-0.002,0.008,0,0,0,0,0.003,0.017,0,0,0,0,2,0,0
5582068,0,0,-0.393,-0.002,0.008,0,0,0,0,0.003,0.017,0,0,0,0,2,0,0
5582078,0,0,-0.393,-0.002,0.008,0,0,0,0,0.002,0.018,0,0,0,0,2,0,0
5582088,0,0,-0.393,-0.002,0.008,0,0,0,0,0.001,0.018,0,0,0,0,2,0,0
5582098,0,0,-0.393,-0.002,0.008,0,0,0,0,0,0.017,0,0,0,0,2,0,0
5582108,0,0,-0.393,-0.002,0.008,0,0,0,0,0,0.017,0,0,0,0,2,0,0
5582118,0,0,-0.393,-0.002,0.008,0,0,0,0,-0.001,0.016,0,0,0,0,2,0,0
5582128,0,0,-0.393,-0.002,0.008,0,0,0,0,-0.001,0.015,0,0,0,0,2,0,0
5582138,0,0,-0.393,-0.002,0.008,0,0,0,0,-0.001,0.015,0,0,0,0,2,0,0
5582148,0,0,-0.393,-0.002,0.008,0,0,0,0,-0.001,0.014,0,0,0,0,2,0,0
5582158,0,0,-0.393,-0.002,0.008,0,0,0,0,-0.001,0.014,0,0,0,0,2,0,0
5582168,0,0,-0.393,-0.002,0.008,0,0,0,0,-0.001,0.014,0,0,0,0,2,0,0
5582178,0,0,-0.393,-0.002,0.008,0,0,0,0,-0.001,0.014,0,0,0,0,2,0,0
5582188,0,0,-0.393,-0.002,0.008,0,0,0,0,-0.002,0.015,0,0,0,0,2,0,0
5582198,0,0,-0.393,-0.002,0.008,0,0,0,0,-0.002,0.015,0,0,0,0,2,0,0
5582208,0,0,-0.393,-0.002,0.008,0,0,0,0,-0.002,0.015,0,0,0,0,2,0,0
5582218,0,0,-0.393,-0.002,0.008,0,0,0,0,-0.002,0.014,0,0,0,0,2,0,0
5582228,0,0,-0.393,-0.002,0.008,0,0,0,0,-0.002,0.014,0,0,0,0,2,0,0
5582238,0,0,-0.393,-0.002,0.008,0,0,0,0,-0.002,0.014,0,0,0,0,2,0,0
5582248,0,0,-0.393,-0.002,0.008,0,0,0,0,-0.002,0.014,0,0,0,0,2,0,0
5582258,0,0,-0.393,-0.002,0.008,0,0,0,0,-0.002,0.014,0,0,0,0,2,0,0
5582268,0,0,-0.393,-0.002,0.008,0,0,0,0,-0.002,0.014,0,0,0,0,2,0,0
5582278,0,0,-0.393,-0.002,0.008,0,0,0,0,-0.002,0.013,0,0,0,0,2,0,0
5582288,0,0,-0.393,-0.002,0.008,0,0,0,0,-0.001,0.013,0,0,0,0,2,0,0
5582298,0,0,-0.393,-0.002,0.008,0,0,0,0,-0.001,0.013,0,0,0,0,2,0,0
5582308,0,0,-0.393,-0.002,0.008,0,0,0,0,-0.001,0.014,0,0,0,0,2,0,0
5582318,0,0,-0.393,-0.002,0.008,0,0,0,0,-0.001,0.016,0,0,0,0,2,0,0
5582328,0,0,-0.393,-0.002,0.008,0,0,0,0,-0.001,0.017,0,0,0,0,2,0,0
5582338,0,0,-0.393,-0.002,0.008,0,0,0,0,-0.001,0.017,0,0,0,0,2,0,0
5582348,0,0,-0.393,-0.002,0.008,0,0,0,0,-0.001,0.017,0,0,0,0,2,0,0
5582358,0,0,-0.393,-0.002,0.008,0,0,0,0,0,0.018,0,0,0,0,2,0,0
5582368,0,0,-0.393,-0.002,0.008,0,0,0,0,0,0.018,0,0,0,0,2,0,0
5582378,0,0,-0.393,-0.002,0.008,0,0,0,0,-0.001,0.019,0,0,0,0,2,0,0
5582388,0,0,-0.393,-0.002,0.008,0,0,0,0,-0.001,0.02,0,0,0,0,2,0,0
5582398,0,0,-0.393,-0.002,0.008,0,0,0,0,-0.001,0.019,0,0,0,0,2,0,0
5582408,0,0,-0.393,-0.002,0.008,0,0,0,0,-0.001,0.018,0,0,0,0,2,0,0
5582418,0,0,-0.393,-0.002,0.008,0,0,0,0,-0.001,0.018,0,0,0,0,2,0,0
5582428,0,0,-0.393,-0.002,0.008,0,0,0,0,-0.001,0.018,0,0,0,0,2,0,0
5582438,0,0,-0.393,-0.002,0.008,0,0,0,0,-0.001,0.018,0,0,0,0,2,0,0
5582448,0,0,-0.393,-0.002,0.008,0,0,0,0,-0.001,0.018,0,0,0,0,2,0,0
5582458,0,0,-0.393,-0.002,0.008,0,0,0,0,-0.001,0.018,0,0,0,0,2,0,0
5582468,0,0,-0.393,-0.002,0.008,0,0,0,0,-0.001,0.018,0,0,0,0,2,0,0
5582478,0,0,-0.393,-0.002,0.008,0,0,0,0,-0.001,0.018,0,0,0,0,2,0,0
5582488,0,0,-0.393,-0.002,0.008,0,0,0,0,-0.001,0.018,0,0,0,0,2,0,0
5582498,0,0,-0.393,-0.002,0.008,0,0,0,0,-0.002,0.018,0,0,0,0,2,0,0
5582508,0,0,-0.393,-0.002,0.008,0,0,0,0,-0.003,0.019,0,0,0,0,2,0,0
5582518,0,0,-0.393,-0.002,0.008,0,0,0,0,-0.004,0.02,0,0,0,0,2,0,0
5582528,0,0,-0.393,-0.002,0.008,0,0,0,0,-0.004,0.02,0,0,0,0,2,0,0
5582538,0,0,-0.393,-0.002,0.008,0,0,0,0,-0.004,0.02,0,0,0,0,2,0,0
5582548,0,0,-0.393,-0.002,0.008,0,0,0,0,-0.005,0.021,0,0,0,0,2,0,0
5582558,0,0,-0.393,-0.002,0.008,0,0,0,0,-0.006,0.021,0,0,0,0,2,0,0
5582568,0,0,-0.393,-0.002,0.008,0,0,0,0,-0.006,0.021,0,0,0,0,2,0,0
5582578,0,0,-0.393,-0.002,0.008,0,0,0,0,-0.005,0.02,0,0,0,0,2,0,0
5582592,0,0,-0.393,-0.002,0.008,0,0,0,0,-0.005,0.02,0,0,0,0,2,0,0
5582598,0,0,-0.393,-0.002,0.008,0,0,0,0,-0.004,0.019,0,0,0,0,2,0,0
5582608,0,0,-0.393,-0.002,0.008,0,0,0,0,-0.004,0.019,0,0,0,0,2,0,0
5582618,0,0,-0.393,-0.002,0.008,0,0,0,0,-0.003,0.018,0,0.001,0,0,2,0,0.001
5582628,0,0,-0.393,-0.002,0.008,0,0,0,0,-0.003,0.017,0,0,0,0,2,0,0
5582638,0,0,-0.393,-0.002,0.008,0,0,0,0,-0.003,0.015,0,0,0,0,2,0,0
5582648,0,0,-0.393,-0.002,0.008,0,0,0,0,-0.002,0.014,0,0,0,0,2,0,0
5582658,0,0,-0.393,-0.002,0.008,0,0,0,0,-0.002,0.013,0,0,0,0,2,0,0
5582669,0,0,-0.393,-0.002,0.008,0,0,0,0,-0.002,0.011,0,0,0,0,2,0,0
5582678,0,0,-0.393,-0.002,0.008,0,0,0,0,-0.001,0.01,0,0,0,0,2,0,0
5582688,0,0,-0.393,-0.002,0.008,0,0,0,0,-0.001,0.01,0,0,0,0,2,0,0
5582698,0,0,-0.393,-0.002,0.008,0,0,0,0,-0.001,0.009,0,0,0,0,2,0,0
5582709,0,0,-0.393,-0.002,0.008,0,0,0,0,-0.002,0.009,0,0,0,0,2,0,0
5582718,0,0,-0.393,-0.002,0.008,0,0,0,0,-0.002,0.01,0,0,0,0,2,0,0
5582728,0,0,-0.393,-0.002,0.008,0,0,0,0,-0.002,0.01,0,0,0,0,2,0,0
5582738,0,0,-0.393,-0.002,0.008,0,0,0,0,-0.002,0.01,0,0,0,0,2,0,0
5582748,0,0,-0.393,-0.002,0.008,0,0,0,0,-0.003,0.009,0,0,0,0,2,0,0
5582758,0,0,-0.393,-0.002,0.008,0,0,0,0,-0.003,0.009,0,0,0,0,2,0,0
5582768,0,0,-0.393,-0.002,0.008,0,0,0,0,-0.004,0.009,0,0,0,0,2,0,0
5582778,0,0,-0.393,-0.002,0.008,0,0,0,0,-0.004,0.009,0,0,0,0,2,0,0
5582788,0,0,-0.393,-0.002,0.008,0,0,0,0,-0.004,0.009,0,0,0,0,2,0,0
5582797,0,0,-0.393,-0.002,0.008,0,0,0,0,-0.005,0.01,0,0,0,0,2,0,0
5582807,0,0,-0.393,-0.002,0.008,0,0,0,0,-0.005,0.01,0,0,0,0,2,0,0
5582817,0,0,-0.393,-0.002,0.008,0,0,0,0,-0.006,0.011,0,0,0,0,2,0,0
5582827,0,0,-0.393,-0.002,0.008,0,0,0,0,-0.006,0.011,0,0,0,0,2,0,0
5582837,0,0,-0.393,-0.002,0.008,0,0,0,0,-0.007,0.011,0,0,0,0,2,0,0
5582847,0,0,-0.393,-0.002,0.008,0,0,0,0,-0.006,0.01,0,0,0,0,2,0,0
5582857,0,0,-0.393,-0.002,0.008,0,0,0,0,-0.006,0.011,0,0,0,0,2,0,0
5582867,0,0,-0.393,-0.002,0.008,0,0,0,0,-0.006,0.011,0,0,0,0,2,0,0
5582877,0,0,-0.393,-0.002,0.008,0,0,0,0,-0.006,0.012,0,0,0,0,2,0,0
5582887,0,0,-0.393,-0.002,0.008,0,0,0,0,-0.007,0.013,0,0,0,0,2,0,0
5582897,0,0,-0.393,-0.002,0.008,0,0,0,0,-0.006,0.013,0,0,0,0,2,0,0
5582907,0,0,-0.393,-0.002,0.008,0,0,0,0,-0.005,0.012,0,0,0,0,2,0,0
5582917,0,0,-0.393,-0.002,0.008,0,0,0,0,-0.005,0.012,0,0,0,0,2,0,0
5582927,0,0,-0.393,-0.002,0.008,0,0,0,0,-0.004,0.011,0,0,0,0,2,0,0
5582937,0,0,-0.393,-0.002,0.008,0,0,0,0,-0.003,0.011,0,0,0,0,2,0,0
5582947,0,0,-0.393,-0.002,0.008,0,0,0,0,-0.003,0.012,0,0,0,0,2,0,0
5582957,0,0,-0.393,-0.002,0.008,0,0,0,0,-0.002,0.012,0,0,0,0,2,0,0
5582967,0,0,-0.393,-0.002,0.008,0,0,0,0,-0.002,0.013,0,0,0,0,2,0,0
5582977,0,0,-0.393,-0.002,0.008,0,0,0,0,-0.001,0.012,0,0,0,0,2,0,0
5582987,0,0,-0.393,-0.002,0.008,0,0,0,0,-0.001,0.012,0,0,0,0,2,0,0
5582997,0,0,-0.393,-0.002,0.008,0,0,0,0,0,0.012,0,0,0,0,2,0,0
5583007,0,0,-0.393,-0.002,0.008,0,0,0,0,0.001,0.012,0,0,0,0,2,0,0
5583017,0,0,-0.393,-0.002,0.008,0,0,0,0,0.001,0.013,0,0,0,0,2,0,0
5583027,0,0,-0.393,-0.002,0.008,0,0,0,0,0.002,0.014,0,0,0,0,2,0,0
5583037,0,0,-0.393,-0.002,0.008,0,0,0,0,0.002,0.014,0,0,0,0,2,0,0
5583047,0,0,-0.393,-0.002,0.008,0,0,0,0,0.002,0.015,0,0,0,0,2,0,0
5583057,0,0,-0.393,-0.002,0.008,0,0,0,0,0.001,0.015,0,0,0,0,2,0,0
5583067,0,0,-0.393,-0.002,0.008,0,0,0,0,0,0.015,0,0,0,0,2,0,0
5583077,0,0,-0.393,-0.002,0.008,0,0,0,0,0,0.015,0,0,0,0,2,0,0
5583087,0,0,-0.393,-0.002,0.008,0,0,0,0,0,0.015,0,0,0,0,2,0,0
5583097,0,0,-0.393,-0.002,0.008,0,0,0,0,0,0.015,0,0,0,0,2,0,0
5583107,0,0,-0.393,-0.002,0.008,0,0,0,0,0.001,0.015,0,0,0,0,2,0,0
5583117,0,0,-0.393,-0.002,0.008,0,0,0,0,0,0.016,0,0,0,0,2,0,0
5583127,0,0,-0.393,-0.002,0.008,0,0,0,0,0,0.016,0,0,0,0,2,0,0
5583137,0,0,-0.393,-0.002,0.008,0,0,0,0,0,0.016,0,0,0,0,2,0,0
5583147,0,0,-0.393,-0.002,0.008,0,0,0,0,0.001,0.016,0,0,0,0,2,0,0
5583157,0,0,-0.393,-0.002,0.008,0,0,0,0,0.001,0.016,0,0,0,0,2,0,0
5583167,0,0,-0.393,-0.002,0.008,0,0,0,0,0.002,0.016,0,0,0,0,2,0,0
5583177,0,0,-0.393,-0.002,0.008,0,0,0,0,0.002,0.016,0,0,0,0,2,0,0
5583187,0,0,-0.393,-0.002,0.008,0,0,0,0,0.002,0.017,0,0,0,0,2,0,0
5583197,0,0,-0.393,-0.002,0.008,0,0,0,0,0.002,0.017,0,0,0,0,2,0,0
5583207,0,0,-0.393,-0.002,0.008,0,0,0,0,0.001,0.017,0,0,0,0,2,0,0
5583217,0,0,-0.393,-0.002,0.008,0,0,0,0,0.001,0.017,0,0,0,0,2,0,0
5583227,0,0,-0.393,-0.002,0.008,0,0,0,0,0.001,0.017,0,0,0,0,2,0,0
5583237,0,0,-0.393,-0.002,0.008,0,0,0,0,0.001,0.017,0,0,0,0,2,0,0
5583247,0,0,-0.393,-0.002,0.008,0,0,0,0,0.001,0.016,0,0,0,0,2,0,0
5583257,0,0,-0.393,-0.002,0.008,0,0,0,0,0.001,0.016,0,0,0,0,2,0,0
5583267,0,0,-0.393,-0.002,0.008,0,0,0,0,0.001,0.015,0,0,0,0,2,0,0
5583277,0,0,-0.393,-0.002,0.008,0,0,0,0,0.002,0.015,0,0,0,0,2,0,0
5583287,0,0,-0.393,-0.002,0.008,0,0,0,0,0.002,0.014,0,0,0,0,2,0,0
5583297,0,0,-0.393,-0.002,0.008,0,0,0,0,0.002,0.014,0,0,0,0,2,0,0
5583307,0,0,-0.393,-0.002,0.008,0,0,0,0,0.002,0.013,0,0,0,0,2,0,0
5583317,0,0,-0.393,-0.002,0.008,0,0,0,0,0.002,0.012,0,0,0,0,2,0,0
5583327,0,0,-0.393,-0.002,0.008,0,0,0,0,0.003,0.012,0,0,0,0,2,0,0
5583337,0,0,-0.393,-0.002,0.008,0,0,0,0,0.003,0.012,0,0,0,0,2,0,0
5583347,0,0,-0.393,-0.002,0.008,0,0,0,0,0.003,0.011,0,0,0,0,2,0,0
5583357,0,0,-0.393,-0.002,0.008,0,0,0,0,0.002,0.01,0,0,0,0,2,0,0
5583367,0,0,-0.393,-0.002,0.008,0,0,0,0,0.002,0.01,0,0,0,0,2,0,0
5583377,0,0,-0.393,-0.002,0.008,0,0,0,0,0.001,0.01,0,0,0,0,2,0,0
5583387,0,0,-0.393,-0.002,0.008,0,0,0,0,0.001,0.01,0,0,0,0,2,0,0
5583397,0,0,-0.393,-0.002,0.008,0,0,0,0,0.001,0.01,0,0,0,0,2,0,0
5583407,0,0,-0.393,-0.002,0.008,0,0,0,0,0,0.01,0,0,0,0,2,0,0
5583417,0,0,-0.393,-0.002,0.008,0,0,0,0,0.001,0.01,0,0,0,0,2,0,0
5583427,0,0,-0.393,-0.002,0.008,0,0,0,0,0,0.01,0,0,0,0,2,0,0
5583437,0,0,-0.393,-0.002,0.008,0,0,0,0,0,0.01,0,0,0,0,2,0,0
5583447,0,0,-0.393,-0.002,0.008,0,0,0,0,0,0.01,0,0,0,0,2,0,0
5583457,0,0,-0.393,-0.002,0.008,0,0,0,0,0,0.01,0,0,0,0,2,0,0
5583467,0,0,-0.393,-0.002,0.008,0,0,0,0,0,0.01,0,0,0,0,2,0,0
5583477,0,0,-0.393,-0.002,0.008,0,0,0,0,0,0.01,0,0,0,0,2,0,0
5583487,0,0,-0.393,-0.002,0.008,0,0,0,0,0,0.01,0,0,0,0,2,0,0
5583497,0,0,-0.393,-0.002,0.008,0,0,0,0,0,0.009,0,0,0,0,2,0,0
5583507,0,0,-0.393,-0.002,0.008,0,0,0,0,-0.001,0.009,0,0,0,0,2,0,0
5583517,0,0,-0.393,-0.002,0.008,0,0,0,0,-0.001,0.008,0,0,0,0,2,0,0
5583527,0,0,-0.393,-0.002,0.008,0,0,0,0,-0.001,0.008,0,0,0,0,2,0,0
5583537,0,0,-0.393,-0.002,0.008,0,0,0,0,-0.001,0.008,0,0,0,0,2,0,0
5583547,0,0,-0.393,-0.002,0.008,0,0,0,0,-0.001,0.009,0,0,0,0,2,0,0
5583557,0,0,-0.393,-0.002,0.008,0,0,0,0,-0.001,0.009,0,0,0,0,2,0,0
5583567,0,0,-0.393,-0.002,0.008,0,0,0,0,-0.001,0.008,0,0,0,0,2,0,0
5583577,0,0,-0.393,-0.002,0.008,0,0,0,0,-0.001,0.009,0,0,0,0,2,0,0
5583587,0,0,-0.393,-0.002,0.008,0,0,0,0,-0.001,0.008,0,0,0,0,2,0,0
5583597,0,0,-0.393,-0.002,0.008,0,0,0,0,-0.001,0.008,0,0,0,0,2,0,0
5583607,0,0,-0.393,-0.002,0.008,0,0,0,0,-0.001,0.007,0,0,0,0,2,0,0
5583617,0,0,-0.393,-0.002,0.008,0,0,0,0,-0.001,0.007,0,0,0,0,2,0,0
5583627,0,0,-0.393,-0.002,0.008,0,0,0,0,-0.001,0.006,0,0,0,0,2,0,0
5583637,0,0,-0.393,-0.002,0.008,0,0,0,0,-0.001,0.006,0,0,0,0,2,0,0
5583647,0,0,-0.393,-0.002,0.008,0,0,0,0,-0.001,0.006,0,0,0,0,2,0,0
5583657,0,0,-0.393,-0.002,0.008,0,0,0,0,-0.001,0.006,0,0,0,0,2,0,0
5583667,0,0,-0.393,-0.002,0.008,0,0,0,0,-0.001,0.006,0,0,0,0,2,0,0
5583677,0,0,-0.393,-0.002,0.008,0,0,0,0,-0.001,0.006,0,0,0,0,2,0,0
5583687,0,0,-0.393,-0.002,0.008,0,0,0,0,0,0.006,0,0,0,0,2,0,0
5583697,0,0,-0.393,-0.002,0.008,0,0,0,0,0,0.006,0,0,0,0,2,0,0
5583707,0,0,-0.393,-0.002,0.008,0,0,0,0,0,0.006,0,0,0,0,2,0,0
5583717,0,0,-0.393,-0.002,0.008,0,0,0,0,0,0.006,0,0,0,0,2,0,0
5583727,0,0,-0.393,-0.002,0.008,0,0,0,0,0,0.006,0,0,0,0,2,0,0
5583737,0,0,-0.393,-0.002,0.008,0,0,0,0,0,0.005,0,0,0,0,2,0,0
5583747,0,0,-0.393,-0.002,0.008,0,0,0,0,0,0.005,0,0,0,0,2,0,0
5583757,0,0,-0.393,-0.002,0.008,0,0,0,0,0,0.005,0,0,0,0,2,0,0
5583767,0,0,-0.393,-0.002,0.008,0,0,0,0,0,0.004,0,0,0,0,2,0,0
5583777,0,0,-0.393,-0.002,0.008,0,0,0,0,0,0.004,0,0,0,0,2,0,0
5583787,0,0,-0.393,-0.002,0.008,0,0,0,0,0,0.003,0,0,0,0,2,0,0
5583797,0,0,-0.393,-0.002,0.008,0,0,0,0,0,0.003,0,0,0,0,2,0,0
5583807,0,0,-0.393,-0.002,0.008,0,0,0,0,0,0.003,0,0,0,0,2,0,0
5583817,0,0,-0.393,-0.002,0.008,0,0,0,0,0,0.002,0,0,0,0,2,0,0
5583827,0,0,-0.393,-0.002,0.008,0,0,0,0,0,0.002,0,0,0,0,2,0,0
5583837,0,0,-0.393,-0.002,0.008,0,0,0,0,0,0.002,0,0,0,0,2,0,0
5583847,0,0,-0.393,-0.002,0.008,0,0,0,0,0,0.002,0,0,0,0,2,0,0
5583857,0,0,-0.393,-0.002,0.008,0,0,0,0,0,0.002,0,0,0,0,2,0,0
5583867,0,0,-0.393,-0.002,0.008,0,0,0,0,-0.001,0.002,0,0,0,0,2,0,0
5583877,0,0,-0.393,-0.002,0.008,0,0,0,0,-0.001,0.002,0,0,0,0,2,0,0
5583887,0,0,-0.393,-0.002,0.008,0,0,0,0,-0.001,0.002,0,0,0,0,2,0,0
5583897,0,0,-0.393,-0.002,0.008,0,0,0,0,-0.001,0.002,0,0,0,0,2,0,0
5583907,0,0,-0.393,-0.002,0.008,0,0,0,0,-0.001,0.002,0,0,0,0,2,0,0
5583917,0,0,-0.393,-0.002,0.008,0,0,0,0,-0.001,0.002,0,0,0,0,2,0,0
5583927,0,0,-0.393,-0.002,0.008,0,0,0,0,-0.001,0.002,0,0,0,0,2,0,0
5583937,0,0,-0.393,-0.002,0.008,0,0,0,0,-0.001,0.002,0,0,0,0,2,0,0
5583947,0,0,-0.393,-0.002,0.008,0,0,0,0,-0.001,0.003,0,0,0,0,2,0,0
5583957,0,0,-0.393,-0.002,0.008,0,0,0,0,-0.001,0.002,0,0,0,0,2,0,0
5583967,0,0,-0.393,-0.002,0.008,0,0,0,0,-0.001,0.002,0,0,0,0,2,0,0
5583977,0,0,-0.393,-0.002,0.008,0,0,0,0,-0.001,0.003,0,0,0,0,2,0,0
5583987,0,0,-0.393,-0.002,0.008,0,0,0,0,0,0.003,0,0,0,0,2,0,0
5583997,0,0,-0.393,-0.002,0.008,0,0,0,0,-0.001,0.003,0,0,0,0,2,0,0
5584007,0,0,-0.393,-0.002,0.008,0,0,0,0,0,0.003,0,0,0,0,2,0,0
5584017,0,0,-0.393,-0.002,0.008,0,0,0,0,0,0.003,0,0,0,0,2,0,0
5584027,0,0,-0.393,-0.002,0.008,0,0,0,0,-0.001,0.003,0,0,0,0,2,0,0
5584037,0,0,-0.393,-0.002,0.008,0,0,0,0,0,0.003,0,0,0,0,2,0,0
5584047,0,0,-0.393,-0.002,0.008,0,0,0,0,0,0.003,0,0,0,0,2,0,0
5584057,0,0,-0.393,-0.002,0.008,0,0,0,0,0,0.003,0,0,0,0,2,0,0
5584067,0,0,-0.393,-0.002,0.008,0,0,0,0,0,0.002,0,0,0,0,2,0,0
5584077,0,0,-0.393,-0.002,0.008,0,0,0,0,0,0.002,0,0,0,0,2,0,0
5584087,0,0,-0.393,-0.002,0.008,0,0,0,0,0,0.002,0,0,0,0,2,0,0
5584097,0,0,-0.393,-0.002,0.008,0,0,0,0,0,0.003,0,0,0,0,2,0,0
5584107,0,0,-0.393,-0.002,0.008,0,0,0,0,0,0.002,0,0,0,0,2,0,0
5584117,0,0,-0.393,-0.002,0.008,0,0,0,0,0,0.003,0,0,0,0,2,0,0
5584127,0,0,-0.393,-0.002,0.008,0,0,0,0,-0.001,0.002,0,0,0,0,2,0,0
5584137,0,0,-0.393,-0.002,0.008,0,0,0,0,0,0.002,0,0,0,0,2,0,0
5584147,0,0,-0.393,-0.002,0.008,0,0,0,0,0,0.002,0,0,0,0,2,0,0
5584157,0,0,-0.393,-0.002,0.008,0,0,0,0,0,0.003,0,0,0,0,2,0,0
5584167,0,0,-0.393,-0.002,0.008,0,0,0,0,0,0.003,0,0,0,0,2,0,0
5584177,0,0,-0.393,-0.002,0.008,0,0,0,0,0,0.003,0,0,0,0,2,0,0
5584187,0,0,-0.393,-0.002,0.008,0,0,0,0,0,0.002,0,0,0,0,2,0,0
5584197,0,0,-0.393,-0.002,0.008,0,0,0,0,-0.001,0.003,0,0,0,0,2,0,0
5584207,0,0,-0.393,-0.002,0.008,0,0,0,0,-0.001,0.003,0,0,0,0,2,0,0
5584217,0,0,-0.393,-0.002,0.008,0,0,0,0,-0.001,0.003,0,0,0,0,2,0,0
5584227,0,0,-0.393,-0.002,0.008,0,0,0,0,-0.001,0.003,0,0,0,0,2,0,0
5584237,0,0,-0.393,-0.002,0.008,0,0,0,0,0,0.003,0,0,0,0,2,0,0
5584247,0,0,-0.393,-0.002,0.008,0,0,0,0,-0.001,0.003,0,0,0,0,2,0,0
5584257,0,0,-0.393,-0.002,0.008,0,0,0,0,-0.001,0.003,0,0,0,0,2,0,0
5584267,0,0,-0.393,-0.002,0.008,0,0,0,0,-0.001,0.003,0,0,0,0,2,0,0
5584277,0,0,-0.393,-0.002,0.008,0,0,0,0,-0.001,0.004,0,0,0,0,2,0,0
5584287,0,0,-0.393,-0.002,0.008,0,0,0,0,-0.001,0.004,0,0,0,0,2,0,0
5584297,0,0,-0.393,-0.002,0.008,0,0,0,0,-0.001,0.004,0,0,0,0,2,0,0
5584307,0,0,-0.393,-0.002,0.008,0,0,0,0,-0.001,0.004,0,0,0,0,2,0,0
5584317,0,0,-0.393,-0.002,0.008,0,0,0,0,-0.001,0.004,0,0,0,0,2,0,0
5584327,0,0,-0.393,-0.002,0.008,0,0,0,0,-0.001,0.004,0,0,0,0,2,0,0
5584337,0,0,-0.393,-0.002,0.008,0,0,0,0,-0.001,0.003,0,0,0,0,2,0,0
5584347,0,0,-0.393,-0.002,0.008,0,0,0,0,-0.001,0.003,0,0,0,0,2,0,0
5584357,0,0,-0.393,-0.002,0.008,0,0,0,0,-0.001,0.004,0,0,0,0,2,0,0
5584367,0,0,-0.393,-0.002,0.008,0,0,0,0,-0.001,0.003,0,0,0,0,2,0,0
5584377,0,0,-0.393,-0.002,0.008,0,0,0,0,-0.001,0.003,0,0,0,0,2,0,0
5584387,0,0,-0.393,-0.002,0.008,0,0,0,0,0,0.003,0,0,0,0,2,0,0
5584397,0,0,-0.393,-0.002,0.008,0,0,0,0,0,0.003,0,0,0,0,2,0,0
5584407,0,0,-0.393,-0.002,0.008,0,0,0,0,0,0.003,0,0,0,0,2,0,0
5584417,0,0,-0.393,-0.002,0.008,0,0,0,0,-0.001,0.003,0,0,0,0,2,0,0
5584427,0,0,-0.393,-0.002,0.008,0,0,0,0,-0.001,0.003,0,0,0,0,2,0,0
5584437,0,0,-0.393,-0.002,0.008,0,0,0,0,-0.001,0.003,0,0,0,0,2,0,0
5584447,0,0,-0.393,-0.002,0.008,0,0,0,0,-0.001,0.003,0,0,0,0,2,0,0
5584457,0,0,-0.393,-0.002,0.008,0,0,0,0,-0.001,0.004,0,0,0,0,2,0,0
5584467,0,0,-0.393,-0.002,0.008,0,0,0,0,-0.001,0.004,0,0,0,0,2,0,0
5584477,0,0,-0.393,-0.002,0.008,0,0,0,0,-0.001,0.004,0,0,0,0,2,0,0
5584487,0,0,-0.393,-0.002,0.008,0,0,0,0,-0.001,0.004,0,0,0,0,2,0,0
5584497,0,0,-0.393,-0.002,0.008,0,0,0,0,-0.001,0.004,0,0,0,0,2,0,0
5584507,0,0,-0.393,-0.002,0.008,0,0,0,0,-0.001,0.004,0,0,0,0,2,0,0
5584517,0,0,-0.393,-0.002,0.008,0,0,0,0,-0.001,0.004,0,0,0,0,2,0,0
5584527,0,0,-0.393,-0.002,0.008,0,0,0,0,0,0.003,0,0,0,0,2,0,0
5584537,0,0,-0.393,-0.002,0.008,0,0,0,0,0,0.003,0,0,0,0,2,0,0
5584547,0,0,-0.393,-0.002,0.008,0,0,0,0,0,0.003,0,0,0,0,2,0,0
5584557,0,0,-0.393,-0.002,0.008,0,0,0,0,0,0.003,0,0,0,0,2,0,0
5584567,0,0,-0.393,-0.002,0.008,0,0,0,0,0,0.003,0,0,0,0,2,0,0
5584577,0,0,-0.393,-0.002,0.008,0,0,0,0,0,0.003,0,0,0,0,2,0,0
5584587,0,0,-0.393,-0.002,0.008,0,0,0,0,0,0.002,0,0,0,0,2,0,0
5584597,0,0,-0.393,-0.002,0.008,0,0,0,0,0,0.002,0,0,0,0,2,0,0
5584607,0,0,-0.393,-0.002,0.008,0,0,0,0,0,0.002,0,0,0,0,2,0,0
5584617,0,0,-0.393,-0.002,0.008,0,0,0,0,0,0.002,0,0,0,0,2,0,0
5584627,0,0,-0.393,-0.002,0.008,0,0,0,0,0,0.002,0,0,0,0,2,0,0
5584637,0,0,-0.393,-0.002,0.008,0,0,0,0,0,0.002,0,0,0,0,2,0,0
5584647,0,0,-0.393,-0.002,0.008,0,0,0,0,0,0.003,0,0,0,0,2,0,0
5584657,0,0,-0.393,-0.002,0.008,0,0,0,0,0,0.002,0,0,0,0,2,0,0
5584667,0,0,-0.393,-0.002,0.008,0,0,0,0,0,0.002,0,0,0,0,2,0,0
5584677,0,0,-0.393,-0.002,0.008,0,0,0,0,0,0.002,0,0,0,0,2,0,0
5584687,0,0,-0.393,-0.002,0.008,0,0,0,0,0,0.002,0,0,0,0,2,0,0
5584697,0,0,-0.393,-0.002,0.008,0,0,0,0,0,0.003,0,0,0,0,2,0,0
5584707,0,0,-0.393,-0.002,0.008,0,0,0,0,0,0.002,0,0,0,0,2,0,0
5584717,0,0,-0.393,-0.002,0.008,0,0,0,0,0,0.002,0,0,0,0,2,0,0
5584727,0,0,-0.393,-0.002,0.008,0,0,0,0,0,0.003,0,0,0,0,2,0,0
5584737,0,0,-0.393,-0.002,0.008,0,0,0,0,-0.001,0.003,0,0,0,0,2,0,0
5584747,0,0,-0.393,-0.002,0.008,0,0,0,0,-0.001,0.003,0,0,0,0,2,0,0
5584757,0,0,-0.393,-0.002,0.008,0,0,0,0,0,0.003,0,0,0,0,2,0,0
5584767,0,0,-0.393,-0.002,0.008,0,0,0,0,-0.001,0.003,0,0,0,0,2,0,0
5584777,0,0,-0.393,-0.002,0.008,0,0,0,0,-0.001,0.003,0,0,0,0,2,0,0
5584787,0,0,-0.393,-0.002,0.008,0,0,0,0,-0.001,0.003,0,0,0,0,2,0,0
5584797,0,0,-0.393,-0.002,0.008,0,0,0,0,-0.001,0.003,0,0,0,0,2,0,0
5584807,0,0,-0.393,-0.002,0.008,0,0,0,0,-0.001,0.003,0,0,0,0,2,0,0
5584817,0,0,-0.393,-0.002,0.008,0,0,0,0,0,0.003,0,0,0,0,2,0,0
5584827,0,0,-0.393,-0.002,0.008,0,0,0,0,-0.001,0.003,0,0,0,0,2,0,0
5584837,0,0,-0.393,-0.002,0.008,0,0,0,0,0,0.004,0,0,0,0,2,0,0
5584847,0,0,-0.393,-0.002,0.008,0,0,0,0,-0.001,0.003,0,0,0,0,2,0,0
5584857,0,0,-0.393,-0.002,0.008,0,0,0,0,-0.001,0.004,0,0,0,0,2,0,0
5584867,0,0,-0.393,-0.002,0.008,0,0,0,0,0,0.004,0,0,0,0,2,0,0
5584877,0,0,-0.393,-0.002,0.008,0,0,0,0,0,0.004,0,0,0,0,2,0,0
5584887,0,0,-0.393,-0.002,0.008,0,0,0,0,0,0.004,0,0,0,0,2,0,0
5584897,0,0,-0.393,-0.002,0.008,0,0,0,0,0,0.004,0,0,0,0,2,0,0
5584907,0,0,-0.393,-0.002,0.008,0,0,0,0,0,0.004,0,0,0,0,2,0,0
5584917,0,0,-0.393,-0.002,0.008,0,0,0,0,0,0.004,0,0,0,0,2,0,0
5584927,0,0,-0.393,-0.002,0.008,0,0,0,0,0,0.005,0,0,0,0,2,0,0
5584937,0,0,-0.393,-0.002,0.008,0,0,0,0,0,0.005,0,0,0,0,2,0,0
5584947,0,0,-0.393,-0.002,0.008,0,0,0,0,0.001,0.005,0,0,0,0,2,0,0
5584957,0,0,-0.393,-0.002,0.008,0,0,0,0,0.001,0.005,0,0,0,0,2,0,0
5584967,0,0,-0.393,-0.002,0.008,0,0,0,0,0.001,0.006,0,0,0,0,2,0,0
5584977,0,0,-0.393,-0.002,0.008,0,0,0,0,0.001,0.006,0,0,0,0,2,0,0
5584987,0,0,-0.393,-0.002,0.008,0,0,0,0,0.001,0.007,0,0,0,0,2,0,0
5584997,0,0,-0.393,-0.002,0.008,0,0,0,0,0.001,0.007,0,0,0,0,2,0,0
5585007,0,0,-0.393,-0.002,0.008,0,0,0,0,0.001,0.008,0,0,0,0,2,0,0
5585017,0,0,-0.393,-0.002,0.008,0,0,0,0,0.002,0.008,0,0,0,0,2,0,0
5585027,0,0,-0.393,-0.002,0.008,0,0,0,0,0.002,0.009,0,0,0,0,2,0,0
5585037,0,0,-0.393,-0.002,0.008,0,0,0,0,0.002,0.009,0,0,0,0,2,0,0
5585047,0,0,-0.393,-0.002,0.008,0,0,0,0,0.002,0.009,0,0,0,0,2,0,0
5585057,0,0,-0.393,-0.002,0.008,0,0,0,0,0.002,0.009,0,0,0,0,2,0,0
5585067,0,0,-0.393,-0.002,0.008,0,0,0,0,0.002,0.008,0,0,0,0,2,0,0
5585077,0,0,-0.393,-0.002,0.008,0,0,0,0,0.001,0.008,0,0,0,0,2,0,0
5585087,0,0,-0.393,-0.002,0.008,0,0,0,0,0.001,0.007,0,0,0,0,2,0,0
5585097,0,0,-0.393,-0.002,0.008,0,0,0,0,0.001,0.006,0,0,0,0,2,0,0
5585107,0,0,-0.393,-0.002,0.008,0,0,0,0,0.001,0.006,0,0,0,0,2,0,0
5585117,0,0,-0.393,-0.002,0.008,0,0,0,0,0,0.005,0,0,0,0,2,0,0
5585127,0,0,-0.393,-0.002,0.008,0,0,0,0,0,0.005,0,0,0,0,2,0,0
5585137,0,0,-0.393,-0.002,0.008,0,0,0,0,0,0.005,0,0,0,0,2,0,0
5585147,0,0,-0.393,-0.002,0.008,0,0,0,0,0,0.005,0,0,0,0,2,0,0
5585157,0,0,-0.393,-0.002,0.008,0,0,0,0,0,0.005,0,0,0,0,2,0,0
5585167,0,0,-0.393,-0.002,0.008,0,0,0,0,0,0.005,0,0,0,0,2,0,0
5585177,0,0,-0.393,-0.002,0.008,0,0,0,0,0,0.005,0,0,0,0,2,0,0
5585187,0,0,-0.393,-0.002,0.008,0,0,0,0,0,0.005,0,0,0,0,2,0,0
5585197,0,0,-0.393,-0.002,0.008,0,0,0,0,0,0.006,0,0,0,0,2,0,0
5585207,0,0,-0.393,-0.002,0.008,0,0,0,0,0,0.006,0,0,0,0,2,0,0
5585217,0,0,-0.393,-0.002,0.008,0,0,0,0,0,0.007,0,0,0,0,2,0,0
5585227,0,0,-0.393,-0.002,0.008,0,0,0,0,0,0.007,0,0,0,0,2,0,0
5585237,0,0,-0.393,-0.002,0.008,0,0,0,0,0,0.008,0,0,0,0,2,0,0
5585247,0,0,-0.393,-0.002,0.008,0,0,0,0,0,0.009,0,0,0,0,2,0,0
5585257,0,0,-0.393,-0.002,0.008,0,0,0,0,0,0.009,0,0,0,0,2,0,0
5585267,0,0,-0.393,-0.002,0.008,0,0,0,0,0,0.01,0,0,0,0,2,0,0
5585277,0,0,-0.393,-0.002,0.008,0,0,0,0,-0.001,0.01,0,0,0,0,2,0,0
5585287,0,0,-0.393,-0.002,0.008,0,0,0,0,-0.001,0.011,0,0,0,0,2,0,0
5585297,0,0,-0.393,-0.002,0.008,0,0,0,0,-0.001,0.011,0,0,0,0,2,0,0
5585307,0,0,-0.393,-0.002,0.008,0,0,0,0,-0.001,0.01,0,0,0,0,2,0,0
5585317,0,0,-0.393,-0.002,0.008,0,0,0,0,-0.001,0.01,0,0,0,0,2,0,0
5585327,0,0,-0.393,-0.002,0.008,0,0,0,0,-0.001,0.01,0,0,0,0,2,0,0
5585337,0,0,-0.393,-0.002,0.008,0,0,0,0,-0.001,0.009,0,0,0,0,2,0,0
5585347,0,0,-0.393,-0.002,0.008,0,0,0,0,-0.001,0.008,0,0,0,0,2,0,0
5585357,0,0,-0.393,-0.002,0.008,0,0,0,0,-0.001,0.008,0,0,0,0,2,0,0
5585367,0,0,-0.393,-0.002,0.008,0,0,0,0,-0.001,0.007,0,0,0,0,2,0,0
5585377,0,0,-0.393,-0.002,0.008,0,0,0,0,-0.001,0.006,0,0,0,0,2,0,0
5585387,0,0,-0.393,-0.002,0.008,0,0,0,0,-0.001,0.005,0,0,0,0,2,0,0
5585397,0,0,-0.393,-0.002,0.008,0,0,0,0,-0.001,0.005,0,0,0,0,2,0,0
5585407,0,0,-0.393,-0.002,0.008,0,0,0,0,-0.001,0.004,0,0,0,0,2,0,0
5585417,0,0,-0.393,-0.002,0.008,0,0,0,0,-0.001,0.004,0,0,0,0,2,0,0
5585427,0,0,-0.393,-0.002,0.008,0,0,0,0,-0.001,0.003,0,0,0,0,2,0,0
5585437,0,0,-0.393,-0.002,0.008,0,0,0,0,0,0.003,0,0,0,0,2,0,0
5585447,0,0,-0.393,-0.002,0.008,0,0,0,0,-0.001,0.003,0,0,0,0,2,0,0
5585457,0,0,-0.393,-0.002,0.008,0,0,0,0,-0.001,0.003,0,0,0,0,2,0,0
5585467,0,0,-0.393,-0.002,0.008,0,0,0,0,-0.001,0.003,0,0,0,0,2,0,0
5585477,0,0,-0.393,-0.002,0.008,0,0,0,0,-0.001,0.003,0,0,0,0,2,0,0
5585487,0,0,-0.393,-0.002,0.008,0,0,0,0,-0.001,0.003,0,0,0,0,2,0,0
5585497,0,0,-0.393,-0.002,0.008,0,0,0,0,-0.001,0.003,0,0,0,0,2,0,0
5585507,0,0,-0.393,-0.002,0.008,0,0,0,0,-0.001,0.003,0,0,0,0,2,0,0
5585517,0,0,-0.393,-0.002,0.008,0,0,0,0,0,0.003,0,0,0,0,2,0,0
5585527,0,0,-0.393,-0.002,0.008,0,0,0,0,-0.001,0.004,0,0,0,0,2,0,0
5585537,0,0,-0.393,-0.002,0.008,0,0,0,0,0,0.004,0,0,0,0,2,0,0
5585547,0,0,-0.393,-0.002,0.008,0,0,0,0,-0.001,0.004,0,0,0,0,2,0,0
5585557,0,0,-0.393,-0.002,0.008,0,0,0,0,-0.001,0.004,0,0,0,0,2,0,0
5585567,0,0,-0.393,-0.002,0.008,0,0,0,0,0,0.004,0,0,0,0,2,0,0
5585577,0,0,-0.393,-0.002,0.008,0,0,0,0,0,0.004,0,0,0,0,2,0,0
5585587,0,0,-0.393,-0.002,0.008,0,0,0,0,0,0.004,0,0,0,0,2,0,0
5585597,0,0,-0.393,-0.002,0.008,0,0,0,0,0,0.004,0,0,0,0,2,0,0
5585607,0,0,-0.393,-0.002,0.008,0,0,0,0,0,0.004,0,0,0,0,2,0,0
5585617,0,0,-0.393,-0.002,0.008,0,0,0,0,0,0.004,0,0,0,0,2,0,0
5585627,0,0,-0.393,-0.002,0.008,0,0,0,0,0,0.005,0,0,0,0,2,0,0
5585637,0,0,-0.393,-0.002,0.008,0,0,0,0,0,0.005,0,0,0,0,2,0,0
5585647,0,0,-0.393,-0.002,0.008,0,0,0,0,0,0.005,0,0,0,0,2,0,0
5585657,0,0,-0.393,-0.002,0.008,0,0,0,0,0,0.005,0,0,0,0,2,0,0
5585667,0,0,-0.393,-0.002,0.008,0,0,0,0,0,0.005,0,0,0,0,2,0,0
5585677,0,0,-0.393,-0.002,0.008,0,0,0,0,0,0.005,0,0,0,0,2,0,0
5585687,0,0,-0.393,-0.002,0.008,0,0,0,0,0,0.006,0,0,0,0,2,0,0
5585697,0,0,-0.393,-0.002,0.008,0,0,0,0,0.001,0.006,0,0,0,0,2,0,0
5585707,0,0,-0.393,-0.002,0.008,0,0,0,0,0.001,0.006,0,0,0,0,2,0,0
5585717,0,0,-0.393,-0.002,0.008,0,0,0,0,0.001,0.006,0,0,0,0,2,0,0
5585727,0,0,-0.393,-0.002,0.008,0,0,0,0,0.001,0.006,0,0,0,0,2,0,0
5585737,0,0,-0.393,-0.002,0.008,0,0,0,0,0.001,0.006,0,0,0,0,2,0,0
5585747,0,0,-0.393,-0.002,0.008,0,0,0,0,0.001,0.006,0,0,0,0,2,0,0
5585757,0,0,-0.393,-0.002,0.008,0,0,0,0,0.001,0.006,0,0,0,0,2,0,0
5585767,0,0,-0.393,-0.002,0.008,0,0,0,0,0.001,0.006,0,0,0,0,2,0,0
5585777,0,0,-0.393,-0.002,0.008,0,0,0,0,0.001,0.005,0,0,0,0,2,0,0
5585787,0,0,-0.393,-0.002,0.008,0,0,0,0,0.001,0.005,0,0,0,0,2,0,0
5585797,0,0,-0.393,-0.002,0.008,0,0,0,0,0,0.004,0,0,0,0,2,0,0
5585807,0,0,-0.393,-0.002,0.008,0,0,0,0,0,0.004,0,0,0,0,2,0,0
5585817,0,0,-0.393,-0.002,0.008,0,0,0,0,0,0.003,0,0,0,0,2,0,0
5585827,0,0,-0.393,-0.002,0.008,0,0,0,0,0,0.003,0,0,0,0,2,0,0
5585837,0,0,-0.393,-0.002,0.008,0,0,0,0,0,0.003,0,0,0,0,2,0,0
5585847,0,0,-0.393,-0.002,0.008,0,0,0,0,0,0.003,0,0,0,0,2,0,0
5585857,0,0,-0.393,-0.002,0.008,0,0,0,0,0,0.003,0,0,0,0,2,0,0
5585867,0,0,-0.393,-0.002,0.008,0,0,0,0,0,0.003,0,0,0,0,2,0,0
5585877,0,0,-0.393,-0.002,0.008,0,0,0,0,0,0.003,0,0,0,0,2,0,0
5585887,0,0,-0.393,-0.002,0.008,0,0,0,0,0,0.003,0,0,0,0,2,0,0
5585897,0,0,-0.393,-0.002,0.008,0,0,0,0,-0.001,0.003,0,0,0,0,2,0,0
5585907,0,0,-0.393,-0.002,0.008,0,0,0,0,-0.001,0.003,0,0,0,0,2,0,0
5585917,0,0,-0.393,-0.002,0.008,0,0,0,0,-0.001,0.003,0,0,0,0,2,0,0
5585927,0,0,-0.393,-0.002,0.008,0,0,0,0,-0.001,0.003,0,0,0,0,2,0,0
5585937,0,0,-0.393,-0.002,0.008,0,0,0,0,-0.001,0.003,0,0,0,0,2,0,0
5585947,0,0,-0.393,-0.002,0.008,0,0,0,0,-0.001,0.003,0,0,0,0,2,0,0
5585957,0,0,-0.393,-0.002,0.008,0,0,0,0,-0.001,0.004,0,0,0,0,2,0,0
5585967,0,0,-0.393,-0.002,0.008,0,0,0,0,-0.002,0.004,0,0,0,0,2,0,0
5585977,0,0,-0.393,-0.002,0.008,0,0,0,0,-0.002,0.004,0,0,0,0,2,0,0
5585987,0,0,-0.393,-0.002,0.008,0,0,0,0,-0.002,0.004,0,0,0,0,2,0,0
5585997,0,0,-0.393,-0.002,0.008,0,0,0,0,-0.002,0.005,0,0,0,0,2,0,0
5586007,0,0,-0.393,-0.002,0.008,0,0,0,0,-0.002,0.005,0,0,0,0,2,0,0
5586017,0,0,-0.393,-0.002,0.008,0,0,0,0,-0.002,0.005,0,0,0,0,2,0,0
5586027,0,0,-0.393,-0.002,0.008,0,0,0,0,-0.002,0.006,0,0,0,0,2,0,0
5586037,0,0,-0.393,-0.002,0.008,0,0,0,0,-0.002,0.006,0,0,0,0,2,0,0
5586047,0,0,-0.393,-0.002,0.008,0,0,0,0,-0.002,0.007,0,0,0,0,2,0,0
5586057,0,0,-0.393,-0.002,0.008,0,0,0,0,-0.002,0.008,0,0,0,0,2,0,0
5586067,0,0,-0.393,-0.002,0.008,0,0,0,0,-0.002,0.009,0,0,0,0,2,0,0
5586077,0,0,-0.393,-0.002,0.008,0,0,0,0,-0.002,0.01,0,0,0,0,2,0,0
5586087,0,0,-0.393,-0.002,0.008,0,0,0,0,-0.002,0.011,0,0,0,0,2,0,0
5586097,0,0,-0.393,-0.002,0.008,0,0,0,0,-0.001,0.011,0,0,0,0,2,0,0
5586107,0,0,-0.393,-0.002,0.008,0,0,0,0,-0.001,0.012,0,0,0,0,2,0,0
5586117,0,0,-0.393,-0.002,0.008,0,0,0,0,0,0.013,0,0,0,0,2,0,0
5586127,0,0,-0.393,-0.002,0.008,0,0,0,0,0,0.014,0,0,0,0,2,0,0
5586137,0,0,-0.393,-0.002,0.008,0,0,0,0,0,0.014,0,0,0,0,2,0,0
5586147,0,0,-0.393,-0.002,0.008,0,0,0,0,0,0.015,0,0,0,0,2,0,0
5586157,0,0,-0.393,-0.002,0.008,0,0,0,0,0,0.016,0,0,0,0,2,0,0
5586167,0,0,-0.393,-0.002,0.008,0,0,0,0,0,0.017,0,0,0,0,2,0,0
5586177,0,0,-0.393,-0.002,0.008,0,0,0,0,-0.001,0.018,0,0,0,0,2,0,0
5586187,0,0,-0.393,-0.002,0.008,0,0,0,0,-0.001,0.019,0,0,0,0,2,0,0
5586197,0,0,-0.393,-0.002,0.008,0,0,0,0,-0.002,0.019,0,0,0,0,2,0,0
5586207,0,0,-0.393,-0.002,0.008,0,0,0,0,-0.002,0.02,0,0,0,0,2,0,0
5586217,0,0,-0.393,-0.002,0.008,0,0,0,0,-0.003,0.02,0,0,0,0,2,0,0
5586227,0,0,-0.393,-0.002,0.008,0,0,0,0,-0.003,0.021,0,0,0,0,2,0,0
5586237,0,0,-0.393,-0.002,0.008,0,0,0,0,-0.003,0.021,0,0,0,0,2,0,0
5586247,0,0,-0.393,-0.002,0.008,0,0,0,0,-0.003,0.022,0,0,0,0,2,0,0
5586257,0,0,-0.393,-0.002,0.008,0,0,0,0,-0.003,0.024,0,0.001,0,0,2,0,0.001
5586267,0,0,-0.393,-0.002,0.008,0,0,0,0,-0.003,0.025,0,0,0,0,2,0,0
5586277,0,0,-0.393,-0.002,0.008,0,0,0,0,-0.004,0.024,0,0,0,0,2,0,0
5586287,0,0,-0.393,-0.002,0.008,0,0,0,0,-0.004,0.023,0,0,0,0,2,0,0
5586297,0,0,-0.393,-0.002,0.008,0,0,0,0,-0.004,0.023,0,0.001,0,0,2,0,0.001
5586307,0,0,-0.393,-0.002,0.008,0,0,0,0,-0.004,0.024,0,0.001,0,0,2,0,0.001
5586317,0,0,-0.393,-0.002,0.008,0,0,0,0,-0.004,0.024,0,0.001,0,0,2,0,0.001
5586327,0,0,-0.393,-0.002,0.008,0,0,0,0,-0.005,0.023,0,0,0,0,2,0,0
5586337,0,0,-0.393,-0.002,0.008,0,0,0,0,-0.006,0.022,0,0,0,0,2,0,0
5586347,0,0,-0.393,-0.002,0.008,0,0,0,0,-0.006,0.02,0,0.001,0,0,2,0,0.001
5586357,0,0,-0.393,-0.002,0.008,0,0,0,0,-0.007,0.019,0,0.001,0,0,2,0,0.001
5586367,0,0,-0.393,-0.002,0.008,0,0,0,0,-0.008,0.019,0,0,0,0,2,0,0
5586377,0,0,-0.393,-0.002,0.008,0,0,0,0,-0.009,0.018,0,0,0,0,2,0,0
5586387,0,0,-0.393,-0.002,0.008,0,0,0,0,-0.01,0.018,0,0,0,0,2,0,0
5586397,0,0,-0.393,-0.002,0.008,0,0,0,0,-0.011,0.019,0,0,0,0,2,0,0
5586407,0,0,-0.393,-0.002,0.008,0,0,0,0,-0.011,0.019,0,0,0,0,2,0,0
5586417,0,0,-0.393,-0.002,0.008,0,0,0,0,-0.011,0.018,0,0,0,0,2,0,0
5586427,0,0,-0.393,-0.002,0.008,0,0,0,0,-0.011,0.018,0,0,0,0,2,0,0
5586437,0,0,-0.393,-0.002,0.008,0,0,0,0,-0.012,0.019,0,0,0,0,2,0,0
5586447,0,0,-0.393,-0.002,0.008,0,0,0,0,-0.011,0.019,0,0.001,0,0,2,0,0.001
5586457,0,0,-0.393,-0.002,0.008,0,0,0,0,-0.011,0.019,0,0,0,0,2,0,0
5586467,0,0,-0.393,-0.002,0.008,0,0,0,0,-0.01,0.018,0,0,0,0,2,0,0
5586477,0,0,-0.393,-0.002,0.008,0,0,0,0,-0.009,0.018,0,0,0,0,2,0,0
5586487,0,0,-0.393,-0.002,0.008,0,0,0,0,-0.007,0.017,0,0,0,0,2,0,0
5586497,0,0,-0.393,-0.002,0.008,0,0,0,0,-0.006,0.015,0,0,0,0,2,0,0
5586507,0,0,-0.393,-0.002,0.008,0,0,0,0,-0.004,0.013,0,0,0,0,2,0,0
5586517,0,0,-0.393,-0.002,0.008,0,0,0,0,-0.003,0.012,0,0,0,0,2,0,0
5586527,0,0,-0.393,-0.002,0.008,0,0,0,0,-0.002,0.01,0,0,0,0,2,0,0
5586537,0,0,-0.393,-0.002,0.008,0,0,0,0,-0.001,0.009,0,0,0,0,2,0,0
5586547,0,0,-0.393,-0.002,0.008,0,0,0,0,0,0.007,0,0,0,0,2,0,0
5586557,0,0,-0.393,-0.002,0.008,0,0,0,0,0,0.006,0,0,0,0,2,0,0
5586567,0,0,-0.393,-0.002,0.008,0,0,0,0,0,0.005,0,0,0,0,2,0,0
5586577,0,0,-0.393,-0.002,0.008,0,0,0,0,0,0.005,0,0,0,0,2,0,0
5586587,0,0,-0.393,-0.002,0.008,0,0,0,0,0,0.005,0,0,0,0,2,0,0
5586597,0,0,-0.393,-0.002,0.008,0,0,0,0,0,0.005,0,0,0,0,2,0,0
5586607,0,0,-0.393,-0.002,0.008,0,0,0,0,0,0.005,0,0,0,0,2,0,0
5586617,0,0,-0.393,-0.002,0.008,0,0,0,0,-0.001,0.006,0,0,0,0,2,0,0
5586628,0,0,-0.393,-0.002,0.008,0,0,0,0,-0.001,0.006,0,0,0,0,2,0,0
5586637,0,0,-0.393,-0.002,0.008,0,0,0,0,-0.001,0.006,0,0,0,0,2,0,0
5586647,0,0,-0.393,-0.002,0.008,0,0,0,0,-0.002,0.006,0,0,0,0,2,0,0
5586657,0,0,-0.393,-0.002,0.008,0,0,0,0,-0.002,0.006,0,0,0,0,2,0,0
5586667,0,0,-0.393,-0.002,0.008,0,0,0,0,-0.002,0.006,0,0,0,0,2,0,0
5586677,0,0,-0.393,-0.002,0.008,0,0,0,0,-0.002,0.006,0,0,0,0,2,0,0
5586687,0,0,-0.393,-0.002,0.008,0,0,0,0,-0.002,0.006,0,0,0,0,2,0,0
5586697,0,0,-0.393,-0.002,0.008,0,0,0,0,-0.002,0.006,0,0,0,0,2,0,0
5586707,0,0,-0.393,-0.002,0.008,0,0,0,0,-0.002,0.006,0,0,0,0,2,0,0
5586717,0,0,-0.393,-0.002,0.008,0,0,0,0,-0.001,0.006,0,0,0,0,2,0,0
5586727,0,0,-0.393,-0.002,0.008,0,0,0,0,-0.001,0.005,0,0,0,0,2,0,0
5586737,0,0,-0.393,-0.002,0.008,0,0,0,0,-0.001,0.005,0,0,0,0,2,0,0
5586747,0,0,-0.393,-0.002,0.008,0,0,0,0,-0.001,0.005,0,0,0,0,2,0,0
5586757,0,0,-0.393,-0.002,0.008,0,0,0,0,-0.001,0.004,0,0,0,0,2,0,0
5586767,0,0,-0.393,-0.002,0.008,0,0,0,0,-0.001,0.004,0,0,0,0,2,0,0
5586777,0,0,-0.393,-0.002,0.008,0,0,0,0,-0.001,0.004,0,0,0,0,2,0,0
5586787,0,0,-0.393,-0.002,0.008,0,0,0,0,-0.001,0.004,0,0,0,0,2,0,0
5586797,0,0,-0.393,-0.002,0.008,0,0,0,0,0,0.004,0,0,0,0,2,0,0
5586807,0,0,-0.393,-0.002,0.008,0,0,0,0,-0.001,0.003,0,0,0,0,2,0,0
5586817,0,0,-0.393,-0.002,0.008,0,0,0,0,-0.001,0.003,0,0,0,0,2,0,0
5586827,0,0,-0.393,-0.002,0.008,0,0,0,0,-0.001,0.003,0,0,0,0,2,0,0
5586837,0,0,-0.393,-0.002,0.008,0,0,0,0,0,0.003,0,0,0,0,2,0,0
5586847,0,0,-0.393,-0.002,0.008,0,0,0,0,-0.001,0.003,0,0,0,0,2,0,0
5586857,0,0,-0.393,-0.002,0.008,0,0,0,0,-0.001,0.003,0,0,0,0,2,0,0
5586867,0,0,-0.393,-0.002,0.008,0,0,0,0,-0.001,0.003,0,0,0,0,2,0,0
5586877,0,0,-0.393,-0.002,0.008,0,0,0,0,-0.001,0.003,0,0,0,0,2,0,0
5586887,0,0,-0.393,-0.002,0.008,0,0,0,0,-0.001,0.003,0,0,0,0,2,0,0
5586897,0,0,-0.393,-0.002,0.008,0,0,0,0,-0.001,0.003,0,0,0,0,2,0,0
5586907,0,0,-0.393,-0.002,0.008,0,0,0,0,-0.001,0.003,0,0,0,0,2,0,0
5586917,0,0,-0.393,-0.002,0.008,0,0,0,0,-0.001,0.003,0,0,0,0,2,0,0
5586927,0,0,-0.393,-0.002,0.008,0,0,0,0,-0.001,0.004,0,0,0,0,2,0,0
5586937,0,0,-0.393,-0.002,0.008,0,0,0,0,-0.001,0.003,0,0,0,0,2,0,0
5586947,0,0,-0.393,-0.002,0.008,0,0,0,0,-0.001,0.004,0,0,0,0,2,0,0
5586957,0,0,-0.393,-0.002,0.008,0,0,0,0,-0.001,0.004,0,0,0,0,2,0,0
5586967,0,0,-0.393,-0.002,0.008,0,0,0,0,-0.001,0.004,0,0,0,0,2,0,0
5586977,0,0,-0.393,-0.002,0.008,0,0,0,0,-0.001,0.004,0,0,0,0,2,0,0
5586987,0,0,-0.393,-0.002,0.008,0,0,0,0,-0.001,0.005,0,0,0,0,2,0,0
5586997,0,0,-0.393,-0.002,0.008,0,0,0,0,-0.001,0.005,0,0,0,0,2,0,0
5587007,0,0,-0.393,-0.002,0.008,0,0,0,0,-0.001,0.005,0,0,0,0,2,0,0
5587017,0,0,-0.393,-0.002,0.008,0,0,0,0,-0.001,0.006,0,0,0,0,2,0,0
5587028,0,0,-0.393,-0.002,0.008,0,0,0,0,-0.001,0.006,0,0,0,0,2,0,0
5587037,0,0,-0.393,-0.002,0.008,0,0,0,0,-0.001,0.006,0,0,0,0,2,0,0
5587047,0,0,-0.393,-0.002,0.008,0,0,0,0,-0.001,0.007,0,0,0,0,2,0,0
5587057,0,0,-0.393,-0.002,0.008,0,0,0,0,0,0.007,0,0,0,0,2,0,0
5587067,0,0,-0.393,-0.002,0.008,0,0,0,0,-0.001,0.007,0,0,0,0,2,0,0
5587077,0,0,-0.393,-0.002,0.008,0,0,0,0,0,0.007,0,0,0,0,2,0,0
5587087,0,0,-0.393,-0.002,0.008,0,0,0,0,0,0.007,0,0,0,0,2,0,0
5587097,0,0,-0.393,-0.002,0.008,0,0,0,0,0,0.007,0,0,0,0,2,0,0
5587107,0,0,-0.393,-0.002,0.008,0,0,0,0,0.001,0.007,0,0,0,0,2,0,0
5587117,0,0,-0.393,-0.002,0.008,0,0,0,0,0.001,0.006,0,0,0,0,2,0,0
5587127,0,0,-0.393,-0.002,0.008,0,0,0,0,0.001,0.006,0,0,0,0,2,0,0
5587137,0,0,-0.393,-0.002,0.008,0,0,0,0,0.001,0.005,0,0,0,0,2,0,0
5587147,0,0,-0.393,-0.002,0.008,0,0,0,0,0,0.005,0,0,0,0,2,0,0
5587157,0,0,-0.393,-0.002,0.008,0,0,0,0,0,0.004,0,0,0,0,2,0,0
5587167,0,0,-0.393,-0.002,0.008,0,0,0,0,0,0.004,0,0,0,0,2,0,0
5587177,0,0,-0.393,-0.002,0.008,0,0,0,0,0,0.004,0,0,0,0,2,0,0
5587187,0,0,-0.393,-0.002,0.008,0,0,0,0,0,0.003,0,0,0,0,2,0,0
5587197,0,0,-0.393,-0.002,0.008,0,0,0,0,-0.001,0.003,0,0,0,0,2,0,0
5587207,0,0,-0.393,-0.002,0.008,0,0,0,0,-0.001,0.003,0,0,0,0,2,0,0
5587217,0,0,-0.393,-0.002,0.008,0,0,0,0,-0.001,0.003,0,0,0,0,2,0,0
5587227,0,0,-0.393,-0.002,0.008,0,0,0,0,-0.001,0.003,0,0,0,0,2,0,0
5587237,0,0,-0.393,-0.002,0.008,0,0,0,0,-0.001,0.003,0,0,0,0,2,0,0
5587247,0,0,-0.393,-0.002,0.008,0,0,0,0,-0.001,0.003,0,0,0,0,2,0,0
5587257,0,0,-0.393,-0.002,0.008,0,0,0,0,-0.001,0.003,0,0,0,0,2,0,0
5587267,0,0,-0.393,-0.002,0.008,0,0,0,0,-0.001,0.003,0,0,0,0,2,0,0
5587277,0,0,-0.393,-0.002,0.008,0,0,0,0,-0.001,0.003,0,0,0,0,2,0,0
5587287,0,0,-0.393,-0.002,0.008,0,0,0,0,-0.002,0.004,0,0,0,0,2,0,0
5587297,0,0,-0.393,-0.002,0.008,0,0,0,0,-0.002,0.004,0,0,0,0,2,0,0
5587307,0,0,-0.393,-0.002,0.008,0,0,0,0,-0.002,0.004,0,0,0,0,2,0,0
5587317,0,0,-0.393,-0.002,0.008,0,0,0,0,-0.002,0.004,0,0,0,0,2,0,0
5587327,0,0,-0.393,-0.002,0.008,0,0,0,0,-0.002,0.005,0,0,0,0,2,0,0
5587337,0,0,-0.393,-0.002,0.008,0,0,0,0,-0.002,0.005,0,0,0,0,2,0,0
5587347,0,0,-0.393,-0.002,0.008,0,0,0,0,-0.003,0.005,0,0,0,0,2,0,0
5587357,0,0,-0.393,-0.002,0.008,0,0,0,0,-0.003,0.005,0,0,0,0,2,0,0
5587367,0,0,-0.393,-0.002,0.008,0,0,0,0,-0.003,0.006,0,0,0,0,2,0,0
5587377,0,0,-0.393,-0.002,0.008,0,0,0,0,-0.003,0.006,0,0,0,0,2,0,0
5587387,0,0,-0.393,-0.002,0.008,0,0,0,0,-0.003,0.006,0,0,0,0,2,0,0
5587397,0,0,-0.393,-0.002,0.008,0,0,0,0,-0.003,0.006,0,0,0,0,2,0,0
5587407,0,0,-0.393,-0.002,0.008,0,0,0,0,-0.003,0.006,0,0,0,0,2,0,0
5587417,0,0,-0.393,-0.002,0.008,0,0,0,0,-0.003,0.005,0,0,0,0,2,0,0
5587427,0,0,-0.393,-0.002,0.008,0,0,0,0,-0.003,0.005,0,0,0,0,2,0,0
5587437,0,0,-0.393,-0.002,0.008,0,0,0,0,-0.003,0.005,0,0,0,0,2,0,0
5587447,0,0,-0.393,-0.002,0.008,0,0,0,0,-0.003,0.005,0,0,0,0,2,0,0
5587457,0,0,-0.393,-0.002,0.008,0,0,0,0,-0.003,0.004,0,0,0,0,2,0,0
5587467,0,0,-0.393,-0.002,0.008,0,0,0,0,-0.003,0.004,0,0,0,0,2,0,0
5587477,0,0,-0.393,-0.002,0.008,0,0,0,0,-0.002,0.004,0,0,0,0,2,0,0
5587487,0,0,-0.393,-0.002,0.008,0,0,0,0,-0.002,0.004,0,0,0,0,2,0,0
5587497,0,0,-0.393,-0.002,0.008,0,0,0,0,-0.002,0.003,0,0,0,0,2,0,0
5587507,0,0,-0.393,-0.002,0.008,0,0,0,0,-0.002,0.003,0,0,0,0,2,0,0
5587517,0,0,-0.393,-0.002,0.008,0,0,0,0,-0.001,0.003,0,0,0,0,2,0,0
5587527,0,0,-0.393,-0.002,0.008,0,0,0,0,-0.002,0.003,0,0,0,0,2,0,0
5587537,0,0,-0.393,-0.002,0.008,0,0,0,0,-0.002,0.003,0,0,0,0,2,0,0
5587547,0,0,-0.393,-0.002,0.008,0,0,0,0,-0.002,0.003,0,0,0,0,2,0,0
5587557,0,0,-0.393,-0.002,0.008,0,0,0,0,-0.001,0.003,0,0,0,0,2,0,0
5587567,0,0,-0.393,-0.002,0.008,0,0,0,0,-0.001,0.003,0,0,0,0,2,0,0
5587577,0,0,-0.393,-0.002,0.008,0,0,0,0,-0.001,0.003,0,0,0,0,2,0,0
5587587,0,0,-0.393,-0.002,0.008,0,0,0,0,-0.002,0.003,0,0,0,0,2,0,0
5587597,0,0,-0.393,-0.002,0.008,0,0,0,0,-0.002,0.003,0,0,0,0,2,0,0
5587607,0,0,-0.393,-0.002,0.008,0,0,0,0,-0.002,0.003,0,0,0,0,2,0,0
5587617,0,0,-0.393,-0.002,0.008,0,0,0,0,-0.002,0.004,0,0,0,0,2,0,0
5587627,0,0,-0.393,-0.002,0.008,0,0,0,0,-0.002,0.004,0,0,0,0,2,0,0
5587637,0,0,-0.393,-0.002,0.008,0,0,0,0,-0.002,0.004,0,0,0,0,2,0,0
5587647,0,0,-0.393,-0.002,0.008,0,0,0,0,-0.003,0.004,0,0,0,0,2,0,0
5587657,0,0,-0.393,-0.002,0.008,0,0,0,0,-0.003,0.005,0,0,0,0,2,0,0
5587667,0,0,-0.393,-0.002,0.008,0,0,0,0,-0.003,0.005,0,0,0,0,2,0,0
5587677,0,0,-0.393,-0.002,0.008,0,0,0,0,-0.004,0.006,0,0,0,0,2,0,0
5587687,0,0,-0.393,-0.002,0.008,0,0,0,0,-0.004,0.007,0,0,0,0,2,0,0
5587697,0,0,-0.393,-0.002,0.008,0,0,0,0,-0.004,0.007,0,0,0,0,2,0,0
5587707,0,0,-0.393,-0.002,0.008,0,0,0,0,-0.004,0.007,0,0,0,0,2,0,0
5587717,0,0,-0.393,-0.002,0.008,0,0,0,0,-0.004,0.008,0,0,0,0,2,0,0
5587727,0,0,-0.393,-0.002,0.008,0,0,0,0,-0.003,0.008,0,0,0,0,2,0,0
5587737,0,0,-0.393,-0.002,0.008,0,0,0,0,-0.002,0.008,0,0,0,0,2,0,0
5587747,0,0,-0.393,-0.002,0.008,0,0,0,0,-0.002,0.008,0,0,0,0,2,0,0
5587757,0,0,-0.393,-0.002,0.008,0,0,0,0,-0.002,0.008,0,0,0,0,2,0,0
5587767,0,0,-0.393,-0.002,0.008,0,0,0,0,-0.002,0.009,0,0,0,0,2,0,0
5587777,0,0,-0.393,-0.002,0.008,0,0,0,0,-0.002,0.01,0,0,0,0,2,0,0
5587787,0,0,-0.393,-0.002,0.008,0,0,0,0,-0.002,0.011,0,0,0,0,2,0,0
5587798,0,0,-0.393,-0.002,0.008,0,0,0,0,-0.002,0.012,0,0,0,0,2,0,0
5587808,0,0,-0.393,-0.002,0.008,0,0,0,0,-0.002,0.013,0,0,0,0,2,0,0
5587818,0,0,-0.393,-0.002,0.008,0,0,0,0,-0.003,0.014,0,0,0,0,2,0,0
5587828,0,0,-0.393,-0.002,0.008,0,0,0,0,-0.003,0.015,0,0,0,0,2,0,0
5587838,0,0,-0.393,-0.002,0.008,0,0,0,0,-0.004,0.016,0,0,0,0,2,0,0
5587848,0,0,-0.393,-0.002,0.008,0,0,0,0,-0.004,0.017,0,0,0,0,2,0,0
5587858,0,0,-0.393,-0.002,0.008,0,0,0,0,-0.005,0.018,0,0,0,0,2,0,0
5587868,0,0,-0.393,-0.002,0.008,0,0,0,0,-0.005,0.019,0,0,0,0,2,0,0
5587878,0,0,-0.393,-0.002,0.008,0,0,0,0,-0.005,0.019,0,0,0,0,2,0,0
5587888,0,0,-0.393,-0.002,0.008,0,0,0,0,-0.006,0.019,0,0,0,0,2,0,0
5587898,0,0,-0.393,-0.002,0.008,0,0,0,0,-0.006,0.02,0,0,0,0,2,0,0
5587908,0,0,-0.393,-0.002,0.008,0,0,0,0,-0.007,0.021,0,0,0,0,2,0,0
5587918,0,0,-0.393,-0.002,0.008,0,0,0,0,-0.007,0.021,0,0,0,0,2,0,0
5587928,0,0,-0.393,-0.002,0.008,0,0,0,0,-0.006,0.021,0,0,0,0,2,0,0
5587938,0,0,-0.393,-0.002,0.008,0,0,0,0,-0.006,0.021,0,0,0,0,2,0,0
5587948,0,0,-0.393,-0.002,0.008,0,0,0,0,-0.006,0.023,0,0.001,0,0,2,0,0.001
5587958,0,0,-0.393,-0.002,0.008,0,0,0,0,-0.006,0.023,0,0,0,0,2,0,0
5587968,0,0,-0.393,-0.002,0.008,0,0,0,0,-0.005,0.022,0,0,0,0,2,0,0
5587978,0,0,-0.393,-0.002,0.008,0,0,0,0,-0.005,0.022,0,0,0,0,2,0,0
5587988,0,0,-0.393,-0.002,0.008,0,0,0,0,-0.004,0.021,0,0,0,0,2,0,0
5587998,0,0,-0.393,-0.002,0.008,0,0,0,0,-0.004,0.02,0,0.001,0,0,2,0,0.001
5588009,0,0,-0.393,-0.002,0.008,0,0,0,0,-0.003,0.019,0,0.001,0,0,2,0,0.001
5588018,0,0,-0.393,-0.002,0.008,0,0,0,0,-0.003,0.018,0,0.001,0,0,2,0,0.001
5588028,0,0,-0.393,-0.002,0.008,0,0,0,0,-0.002,0.017,0,0,0,0,2,0,0
5588038,0,0,-0.393,-0.002,0.008,0,0,0,0,-0.002,0.016,0,0,0,0,2,0,0
5588048,0,0,-0.393,-0.002,0.008,0,0,0,0,-0.002,0.014,0,0,0,0,2,0,0
5588058,0,0,-0.393,-0.002,0.008,0,0,0,0,-0.001,0.014,0,0,0,0,2,0,0
5588068,0,0,-0.393,-0.002,0.008,0,0,0,0,-0.001,0.013,0,0,0,0,2,0,0
5588078,0,0,-0.393,-0.002,0.008,0,0,0,0,-0.001,0.011,0,0,0,0,2,0,0
5588088,0,0,-0.393,-0.002,0.008,0,0,0,0,0,0.011,0,0,0,0,2,0,0
5588098,0,0,-0.393,-0.002,0.008,0,0,0,0,0,0.01,0,0,0,0,2,0,0
5588108,0,0,-0.393,-0.002,0.008,0,0,0,0,0,0.009,0,0,0,0,2,0,0
5588118,0,0,-0.393,-0.002,0.008,0,0,0,0,0,0.009,0,0,0,0,2,0,0
5588128,0,0,-0.393,-0.002,0.008,0,0,0,0,0,0.008,0,0,0,0,2,0,0
5588138,0,0,-0.393,-0.002,0.008,0,0,0,0,0,0.008,0,0,0,0,2,0,0
5588148,0,0,-0.393,-0.002,0.008,0,0,0,0,0,0.008,0,0,0,0,2,0,0
5588158,0,0,-0.393,-0.002,0.008,0,0,0,0,0,0.008,0,0,0,0,2,0,0
5588168,0,0,-0.393,-0.002,0.008,0,0,0,0,-0.001,0.007,0,0,0,0,2,0,0
5588178,0,0,-0.393,-0.002,0.008,0,0,0,0,-0.001,0.007,0,0,0,0,2,0,0
5588188,0,0,-0.393,-0.002,0.008,0,0,0,0,-0.001,0.007,0,0,0,0,2,0,0
5588198,0,0,-0.393,-0.002,0.008,0,0,0,0,-0.001,0.006,0,0,0,0,2,0,0
5588208,0,0,-0.393,-0.002,0.008,0,0,0,0,-0.001,0.006,0,0,0,0,2,0,0
5588218,0,0,-0.393,-0.002,0.008,0,0,0,0,-0.001,0.006,0,0,0,0,2,0,0
5588228,0,0,-0.393,-0.002,0.008,0,0,0,0,-0.001,0.006,0,0,0,0,2,0,0
5588238,0,0,-0.393,-0.002,0.008,0,0,0,0,-0.002,0.006,0,0,0,0,2,0,0
5588248,0,0,-0.393,-0.002,0.008,0,0,0,0,-0.002,0.005,0,0,0,0,2,0,0
5588258,0,0,-0.393,-0.002,0.008,0,0,0,0,-0.002,0.005,0,0,0,0,2,0,0
5588268,0,0,-0.393,-0.002,0.008,0,0,0,0,-0.002,0.005,0,0,0,0,2,0,0
5588278,0,0,-0.393,-0.002,0.008,0,0,0,0,-0.002,0.005,0,0,0,0,2,0,0
5588288,0,0,-0.393,-0.002,0.008,0,0,0,0,-0.002,0.005,0,0,0,0,2,0,0
5588298,0,0,-0.393,-0.002,0.008,0,0,0,0,-0.001,0.005,0,0,0,0,2,0,0
5588308,0,0,-0.393,-0.002,0.008,0,0,0,0,-0.001,0.005,0,0,0,0,2,0,0
5588318,0,0,-0.393,-0.002,0.008,0,0,0,0,-0.001,0.005,0,0,0,0,2,0,0
5588328,0,0,-0.393,-0.002,0.008,0,0,0,0,-0.001,0.005,0,0,0,0,2,0,0
5588338,0,0,-0.393,-0.002,0.008,0,0,0,0,-0.001,0.004,0,0,0,0,2,0,0
5588348,0,0,-0.393,-0.002,0.008,0,0,0,0,-0.001,0.004,0,0,0,0,2,0,0
5588358,0,0,-0.393,-0.002,0.008,0,0,0,0,-0.001,0.004,0,0,0,0,2,0,0
5588368,0,0,-0.393,-0.002,0.008,0,0,0,0,-0.001,0.004,0,0,0,0,2,0,0
5588378,0,0,-0.393,-0.002,0.008,0,0,0,0,-0.001,0.004,0,0,0,0,2,0,0
5588388,0,0,-0.393,-0.002,0.008,0,0,0,0,-0.002,0.004,0,0,0,0,2,0,0
5588398,0,0,-0.393,-0.002,0.008,0,0,0,0,-0.002,0.004,0,0,0,0,2,0,0
5588408,0,0,-0.393,-0.002,0.008,0,0,0,0,-0.002,0.005,0,0,0,0,2,0,0
5588418,0,0,-0.393,-0.002,0.008,0,0,0,0,-0.002,0.004,0,0,0,0,2,0,0
5588428,0,0,-0.393,-0.002,0.008,0,0,0,0,-0.002,0.004,0,0,0,0,2,0,0
5588438,0,0,-0.393,-0.002,0.008,0,0,0,0,-0.002,0.005,0,0,0,0,2,0,0
5588448,0,0,-0.393,-0.002,0.008,0,0,0,0,-0.002,0.004,0,0,0,0,2,0,0
5588458,0,0,-0.393,-0.002,0.008,0,0,0,0,-0.002,0.004,0,0,0,0,2,0,0
5588468,0,0,-0.393,-0.002,0.008,0,0,0,0,-0.002,0.004,0,0,0,0,2,0,0
5588478,0,0,-0.393,-0.002,0.008,0,0,0,0,-0.002,0.004,0,0,0,0,2,0,0
5588488,0,0,-0.393,-0.002,0.008,0,0,0,0,-0.002,0.004,0,0,0,0,2,0,0
5588498,0,0,-0.393,-0.002,0.008,0,0,0,0,-0.002,0.004,0,0,0,0,2,0,0
